id,path,question,a,b,c,d,answer
dev_0002.jpg,train2/dev_0002.jpg,사진에 보이는 재활용 가능한 유리병은 몇 개입니까?,2개,3개,4개,5개,c
dev_0002.jpg,train2/dev_0002.jpg,사진 속 재활용 가능한 유리병은 몇 개인가요?,3개,5개,4개,2개,c
dev_0004.jpg,train2/dev_0004.jpg,사진에 보이는 이클립스 껌 상자의 재활용 분류는 무엇인가요?,종이류,플라스틱류,유리병류,금속류,d
dev_0004.jpg,train2/dev_0004.jpg,사진 속 이클립스 껌 상자의 재활용 분류는 무엇입니까?,유리병류,플라스틱류,종이류,금속류,d
dev_0009.jpg,train2/dev_0009.jpg,사진에 보이는 재활용품 중 골판지 상자 안에 들어있는 재활용품은 무엇인가요?,플라스틱 병,유리병,종이 상자,금속 캔,c
dev_0009.jpg,train2/dev_0009.jpg,사진 속 재활용품 중 골판지 상자 안에 들어있는 재활용품은 무엇입니까?,금속 캔,플라스틱 병,유리병,종이 상자,d
dev_0024.jpg,train2/dev_0024.jpg,사진 속 재활용품 중 알루미늄 캔의 개수는 몇 개인가요?,5개,10개,15개,20개,d
dev_0024.jpg,train2/dev_0024.jpg,사진에 보이는 재활용품 중 알루미늄 캔의 개수는 몇 개입니까?,10개,20개,5개,15개,b
dev_0029.jpg,train2/dev_0029.jpg,사진에 보이는 재활용품 중 종이 재질의 상자는 몇 개입니까?,2개,3개,4개,5개,d
dev_0029.jpg,train2/dev_0029.jpg,사진 속 재활용품 중 종이 재질의 상자는 몇 개인가요?,5개,3개,4개,2개,a
dev_0033.jpg,train2/dev_0033.jpg,사진에 보이는 재활용품 중 골판지 상자의 개수는 몇 개인가요?,1개,2개,3개,4개,d
dev_0033.jpg,train2/dev_0033.jpg,사진 속 재활용품 중 골판지 상자의 개수는 몇 개입니까?,4개,2개,1개,3개,a
dev_0038.jpg,train2/dev_0038.jpg,사진 속 책상 위에 놓인 재활용 가능한 플라스틱 병의 개수는 몇 개인가요?,1개,2개,3개,4개,c
dev_0038.jpg,train2/dev_0038.jpg,사진에 보이는 책상 위에 놓인 재활용 가능한 플라스틱 병의 개수는 몇 개입니까?,4개,2개,3개,1개,c
dev_0041.jpg,train2/dev_0041.jpg,사진 속 선반에 있는 재활용 가능한 플라스틱 컵은 몇 개입니까?,3개,4개,5개,6개,d
dev_0041.jpg,train2/dev_0041.jpg,사진에 보이는 선반에 있는 재활용 가능한 플라스틱 컵은 몇 개인가요?,5개,4개,6개,3개,c
dev_0042.jpg,train2/dev_0042.jpg,사진에 보이는 페트병의 개수는 몇 개인가요?,5개,6개,7개,8개,b
dev_0042.jpg,train2/dev_0042.jpg,사진 속 페트병의 개수는 몇 개입니까?,7개,8개,6개,5개,c
dev_0043.jpg,train2/dev_0043.jpg,사진에 보이는 재활용 가능한 플라스틱 포장지는 몇 개입니까?,1개,2개,3개,4개,d
dev_0043.jpg,train2/dev_0043.jpg,사진 속 재활용 가능한 플라스틱 포장지는 몇 개인가요?,1개,3개,2개,4개,d
dev_0049.jpg,train2/dev_0049.jpg,사진 속 책상 위에 있는 재활용 가능한 플라스틱 컵은 몇 개입니까?,1개,2개,3개,4개,b
dev_0049.jpg,train2/dev_0049.jpg,사진에 보이는 책상 위에 있는 재활용 가능한 플라스틱 컵은 몇 개인가요?,4개,2개,1개,3개,b
dev_0055.jpg,train2/dev_0055.jpg,책상 위에 있는 재활용 가능한 비닐 포장지는 몇 개입니까?,1개,2개,3개,4개,d
dev_0055.jpg,train2/dev_0055.jpg,책상 위에 있는 재활용 가능한 비닐 포장지는 몇 개인가요?,2개,3개,1개,4개,d
dev_0058.jpg,train2/dev_0058.jpg,사진에 보이는 플라스틱 용기의 개수는 몇 개인가요?,3개,4개,5개,6개,b
dev_0058.jpg,train2/dev_0058.jpg,사진 속 플라스틱 용기의 개수는 몇 개입니까?,4개,6개,3개,5개,a
dev_0059.jpg,train2/dev_0059.jpg,사진에 보이는 재활용 가능한 플라스틱 용기는 몇 개인가요?,1개,2개,3개,4개,b
dev_0059.jpg,train2/dev_0059.jpg,사진 속 재활용 가능한 플라스틱 용기는 몇 개입니까?,1개,4개,3개,2개,d
dev_0066.jpg,train2/dev_0066.jpg,사진에 보이는 재활용 가능한 플라스틱 포장지의 개수는 몇 개인가요?,2개,3개,4개,5개,d
dev_0066.jpg,train2/dev_0066.jpg,사진 속 재활용 가능한 플라스틱 포장지의 개수는 몇 개입니까?,4개,3개,5개,2개,c
dev_0067.jpg,train2/dev_0067.jpg,책상 위에 있는 재활용 가능한 플라스틱 컵에는 무엇이 들어 있나요?,커피,아이스티,물,주스,a
dev_0067.jpg,train2/dev_0067.jpg,책상 위에 있는 재활용 가능한 플라스틱 컵에는 무엇이 들어 있습니까?,물,아이스티,주스,커피,d
dev_0068.jpg,train2/dev_0068.jpg,사진에 보이는 재활용품 중 캔은 몇 개 있나요?,1개,2개,3개,없다,b
dev_0068.jpg,train2/dev_0068.jpg,사진 속 재활용품 중 캔은 몇 개 있습니까?,3개,2개,없다,1개,b
dev_0095.jpg,train2/dev_0095.jpg,사진 속 비닐봉지 안에 들어있는 재활용품 중에서 몇 개의 플라스틱 컵이 보이나요?,1개,2개,3개,4개,a
dev_0095.jpg,train2/dev_0095.jpg,사진에 보이는 비닐봉지 안에 들어있는 재활용품 중에서 몇 개의 플라스틱 컵이 보입니까?,2개,3개,1개,4개,c
dev_0102.jpg,train2/dev_0102.jpg,사진에 보이는 재활용 가능한 플라스틱 용기의 개수는 몇 개인가요?,7개,8개,9개,10개,b
dev_0102.jpg,train2/dev_0102.jpg,사진 속 재활용 가능한 플라스틱 용기의 개수는 몇 개입니까?,9개,10개,8개,7개,c
dev_0106.jpg,train2/dev_0106.jpg,사진에 보이는 재활용 가능한 플라스틱 용기는 몇 개입니까?,1개,2개,3개,4개,d
dev_0106.jpg,train2/dev_0106.jpg,사진 속 재활용 가능한 플라스틱 용기는 몇 개인가요?,1개,3개,2개,4개,d
dev_0120.jpg,train2/dev_0120.jpg,서랍 안에 있는 재활용 가능한 종이류는 몇 개입니까?,3개,5개,7개,9개,d
dev_0120.jpg,train2/dev_0120.jpg,서랍 안에 있는 재활용 가능한 종이류는 몇 개인가요?,3개,9개,7개,5개,b
dev_0140.jpg,train2/dev_0140.jpg,사진에 보이는 유리잔은 총 몇 개입니까?,3개,4개,5개,6개,d
dev_0140.jpg,train2/dev_0140.jpg,사진 속 유리잔은 총 몇 개인가요?,6개,3개,5개,4개,a
dev_0146.jpg,train2/dev_0146.jpg,사진 속 재활용품 중 플라스틱 컵은 몇 개 있나요?,2개,3개,4개,5개,c
dev_0146.jpg,train2/dev_0146.jpg,사진에 보이는 재활용품 중 플라스틱 컵은 몇 개 있습니까?,5개,2개,4개,3개,c
dev_0148.jpg,train2/dev_0148.jpg,사진에 보이는 재활용 가능한 플라스틱 병은 몇 개입니까?,1개,2개,3개,4개 이상,d
dev_0148.jpg,train2/dev_0148.jpg,사진 속 재활용 가능한 플라스틱 병은 몇 개인가요?,3개,4개 이상,2개,1개,b
dev_0160.jpg,train2/dev_0160.jpg,사진에 보이는 재활용품 중 종이상자가 몇 개 있나요?,2개,3개,4개,5개,d
dev_0160.jpg,train2/dev_0160.jpg,사진 속 재활용품 중 종이상자가 몇 개 있습니까?,3개,5개,4개,2개,b
dev_0164.jpg,train2/dev_0164.jpg,책상 위에 보이는 재활용 가능한 플라스틱 포장지는 몇 개입니까?,3개,4개,5개,6개,a
dev_0164.jpg,train2/dev_0164.jpg,책상 위에 보이는 재활용 가능한 플라스틱 포장지는 몇 개인가요?,4개,6개,5개,3개,d
dev_0166.jpg,train2/dev_0166.jpg,사진에 보이는 재활용 가능한 플라스틱 의자의 개수는 몇 개인가요?,2개,3개,4개,5개,d
dev_0166.jpg,train2/dev_0166.jpg,사진 속 재활용 가능한 플라스틱 의자의 개수는 몇 개입니까?,3개,2개,4개,5개,d
dev_0170.jpg,train2/dev_0170.jpg,사진에 보이는 재활용 캔은 몇 개입니까?,1개,2개,3개,4개,b
dev_0170.jpg,train2/dev_0170.jpg,사진 속 재활용 캔은 몇 개인가요?,2개,3개,4개,1개,a
dev_0174.jpg,train2/dev_0174.jpg,사진에 보이는 재활용 봉투는 주로 어떤 재질의 재활용품을 담고 있습니까?,종이류,플라스틱류,유리병,금속캔,a
dev_0174.jpg,train2/dev_0174.jpg,사진 속 재활용 봉투는 주로 어떤 재질의 재활용품을 담고 있나요?,유리병,종이류,금속캔,플라스틱류,b
dev_0180.jpg,train2/dev_0180.jpg,책상 위에 있는 '하루견과 Prime' 봉지의 개수는 몇 개인가요?,1개,2개,3개,4개,b
dev_0180.jpg,train2/dev_0180.jpg,책상 위에 있는 '하루견과 Prime' 봉지의 개수는 몇 개입니까?,1개,4개,2개,3개,c
dev_0184.jpg,train2/dev_0184.jpg,사진에 보이는 투명 플라스틱 컵은 몇 개입니까?,1개,2개,3개,4개,b
dev_0184.jpg,train2/dev_0184.jpg,사진 속 투명 플라스틱 컵은 몇 개인가요?,2개,3개,4개,1개,a
dev_0185.jpg,train2/dev_0185.jpg,사진에 보이는 재활용 가능한 플라스틱 컵은 몇 개입니까?,1개,2개,3개,4개,a
dev_0185.jpg,train2/dev_0185.jpg,사진 속 재활용 가능한 플라스틱 컵은 몇 개인가요?,4개,2개,1개,3개,c
dev_0192.jpg,train2/dev_0192.jpg,사진에 보이는 재활용 가능한 플라스틱 병 중에서 간장 용기로 사용된 병은 어느 것인가요?,빨간 뚜껑이 있는 투명 병,금색 뚜껑이 있는 투명 병,주황색 뚜껑이 있는 검은색 병,흰색 스프레이 뚜껑이 있는 파란색 병,b
dev_0192.jpg,train2/dev_0192.jpg,사진 속 재활용 가능한 플라스틱 병 중에서 간장 용기로 사용된 병은 어느 것입니까?,흰색 스프레이 뚜껑이 있는 파란색 병,주황색 뚜껑이 있는 검은색 병,빨간 뚜껑이 있는 투명 병,금색 뚜껑이 있는 투명 병,d
dev_0198.jpg,train2/dev_0198.jpg,사진에서 재활용 가능한 플라스틱 병은 몇 개 보이나요?,1개,2개,3개,4개,a
dev_0198.jpg,train2/dev_0198.jpg,사진에서 재활용 가능한 플라스틱 병은 몇 개 보입니까?,3개,2개,4개,1개,d
dev_0210.jpg,train2/dev_0210.jpg,사진에 보이는 재활용 가능한 종이 상자의 개수는 몇 개인가요?,2개,3개,4개,5개,a
dev_0210.jpg,train2/dev_0210.jpg,사진 속 재활용 가능한 종이 상자의 개수는 몇 개입니까?,2개,5개,3개,4개,a
dev_0212.jpg,train2/dev_0212.jpg,사진에 보이는 재활용 가능한 플라스틱 컵의 위치는 어디인가요?,바닥 중앙 근처,돌 조형물 위,철제 난간 옆,도로 가장자리,c
dev_0212.jpg,train2/dev_0212.jpg,사진 속 재활용 가능한 플라스틱 컵의 위치는 어디입니까?,철제 난간 옆,돌 조형물 위,바닥 중앙 근처,도로 가장자리,a
dev_0213.jpg,train2/dev_0213.jpg,사진 속 재활용품 중 캔의 개수는 몇 개인가요?,7개,9개,11개,13개,d
dev_0213.jpg,train2/dev_0213.jpg,사진에 보이는 재활용품 중 캔의 개수는 몇 개입니까?,7개,11개,13개,9개,c
dev_0216.jpg,train2/dev_0216.jpg,사진 속 재활용 봉투 중 투명한 플라스틱 병이 보이는 봉투는 어느 색인가요?,흰색 봉투,초록색 봉투,노란색 봉투,검은색 봉투,a
dev_0216.jpg,train2/dev_0216.jpg,사진에 보이는 재활용 봉투 중 투명한 플라스틱 병이 보이는 봉투는 어느 색인가요?,노란색 봉투,초록색 봉투,흰색 봉투,검은색 봉투,c
dev_0230.jpg,train2/dev_0230.jpg,사진 속 선반 위에 놓인 재활용 가능한 플라스틱 병은 몇 개입니까?,1개,2개,3개,4개,a
dev_0230.jpg,train2/dev_0230.jpg,사진에 보이는 선반 위에 놓인 재활용 가능한 플라스틱 병은 몇 개인가요?,3개,1개,2개,4개,b
dev_0232.jpg,train2/dev_0232.jpg,사진에 보이는 재활용 가능한 플라스틱 컵은 몇 개인가요?,3개,5개,7개,9개,d
dev_0232.jpg,train2/dev_0232.jpg,사진 속 재활용 가능한 플라스틱 컵은 몇 개입니까?,3개,9개,5개,7개,b
dev_0233.jpg,train2/dev_0233.jpg,사진에 보이는 투명 플라스틱 컵은 총 몇 개입니까?,5개,7개,9개,11개,d
dev_0233.jpg,train2/dev_0233.jpg,사진 속 투명 플라스틱 컵은 총 몇 개인가요?,11개,7개,9개,5개,a
dev_0234.jpg,train2/dev_0234.jpg,사진 속 재활용 가능한 플라스틱 컵은 몇 개 있나요?,1개,2개,3개,4개,b
dev_0234.jpg,train2/dev_0234.jpg,사진에 보이는 재활용 가능한 플라스틱 컵은 몇 개 있습니까?,4개,2개,1개,3개,b
dev_0249.jpg,train2/dev_0249.jpg,사진 속 재활용 가능한 컵은 무엇인가요?,플라스틱 일회용 컵,종이컵,스테인리스 텀블러,유리병,a
dev_0249.jpg,train2/dev_0249.jpg,사진에 보이는 재활용 가능한 컵은 무엇입니까?,플라스틱 일회용 컵,유리병,스테인리스 텀블러,종이컵,a
dev_0251.jpg,train2/dev_0251.jpg,사진에 보이는 재활용 가능한 플라스틱 용기의 개수는 몇 개인가요?,1개,2개,3개,4개,d
dev_0251.jpg,train2/dev_0251.jpg,사진 속 재활용 가능한 플라스틱 용기의 개수는 몇 개입니까?,1개,3개,4개,2개,c
dev_0255.jpg,train2/dev_0255.jpg,사진에 보이는 재활용품 중 종이상자의 개수는 몇 개인가요?,5개,7개,10개,12개,d
dev_0255.jpg,train2/dev_0255.jpg,사진 속 재활용품 중 종이상자의 개수는 몇 개입니까?,12개,10개,7개,5개,a
dev_0264.jpg,train2/dev_0264.jpg,사진에 보이는 재활용 가능한 플라스틱 병은 몇 개입니까?,1개,2개,3개,없음,b
dev_0264.jpg,train2/dev_0264.jpg,사진 속 재활용 가능한 플라스틱 병은 몇 개인가요?,1개,3개,2개,없음,c
dev_0266.jpg,train2/dev_0266.jpg,사진에 보이는 재활용품 중 플라스틱 재질인 것은 무엇인가요?,과자 봉지,운동화,슬리퍼,양말,a
dev_0266.jpg,train2/dev_0266.jpg,사진 속 재활용품 중 플라스틱 재질인 것은 무엇입니까?,운동화,슬리퍼,과자 봉지,양말,c
dev_0269.jpg,train2/dev_0269.jpg,사진에 보이는 재활용 가능한 플라스틱 컵은 몇 개입니까?,5개,7개,9개,11개,d
dev_0269.jpg,train2/dev_0269.jpg,사진 속 재활용 가능한 플라스틱 컵은 몇 개인가요?,5개,9개,7개,11개,d
dev_0270.jpg,train2/dev_0270.jpg,사진에 보이는 재활용품 중 발포 스티로폼의 개수는 몇 개인가요?,1개,2개,3개,4개,b
dev_0270.jpg,train2/dev_0270.jpg,사진 속 재활용품 중 발포 스티로폼의 개수는 몇 개입니까?,2개,1개,3개,4개,a
dev_0274.jpg,train2/dev_0274.jpg,사진 속 상자 안에 있는 재활용품 중 종이 재질의 과자 상자는 몇 개입니까?,2개,3개,4개,5개,d
dev_0274.jpg,train2/dev_0274.jpg,사진에 보이는 상자 안에 있는 재활용품 중 종이 재질의 과자 상자는 몇 개인가요?,3개,4개,5개,2개,c
dev_0279.jpg,train2/dev_0279.jpg,사진에 보이는 재활용품 중 플라스틱 재질의 용기는 몇 개인가요?,1개,2개,3개,4개,a
dev_0279.jpg,train2/dev_0279.jpg,사진 속 재활용품 중 플라스틱 재질의 용기는 몇 개입니까?,4개,1개,3개,2개,b
dev_0281.jpg,train2/dev_0281.jpg,사진에 보이는 재활용품 중 골판지 상자의 개수는 몇 개인가요?,1개,2개,3개,4개,a
dev_0281.jpg,train2/dev_0281.jpg,사진 속 재활용품 중 골판지 상자의 개수는 몇 개입니까?,1개,4개,2개,3개,a
dev_0282.jpg,train2/dev_0282.jpg,사진에 보이는 리챔 캔은 총 몇 개입니까?,9개,10개,11개,12개,d
dev_0282.jpg,train2/dev_0282.jpg,사진 속 리챔 캔은 총 몇 개인가요?,9개,12개,11개,10개,b
dev_0286.jpg,train2/dev_0286.jpg,사진에 보이는 재활용품 중 플라스틱 컵은 몇 개입니까?,10개,15개,20개,25개,d
dev_0286.jpg,train2/dev_0286.jpg,사진 속 재활용품 중 플라스틱 컵은 몇 개인가요?,25개,10개,15개,20개,a
dev_0288.jpg,train2/dev_0288.jpg,사진에 보이는 재활용품 중 유리병은 몇 개입니까?,1개,2개,3개,4개,a
dev_0288.jpg,train2/dev_0288.jpg,사진 속 재활용품 중 유리병은 몇 개인가요?,4개,1개,2개,3개,b
dev_0292.jpg,train2/dev_0292.jpg,사진에 보이는 재활용품 중 플라스틱 용기는 몇 개입니까?,1개,2개,3개,4개,d
dev_0292.jpg,train2/dev_0292.jpg,사진 속 재활용품 중 플라스틱 용기는 몇 개인가요?,2개,3개,1개,4개,d
dev_0295.jpg,train2/dev_0295.jpg,사진 속 재활용품 중 병(유리병)의 개수는 몇 개인가요?,4개,5개,6개,7개,d
dev_0295.jpg,train2/dev_0295.jpg,사진에 보이는 재활용품 중 병(유리병)의 개수는 몇 개입니까?,7개,5개,4개,6개,a
dev_0297.jpg,train2/dev_0297.jpg,사진에 보이는 재활용품 중 종이상자의 개수는 몇 개인가요?,1개,2개,3개,4개,d
dev_0297.jpg,train2/dev_0297.jpg,사진 속 재활용품 중 종이상자의 개수는 몇 개입니까?,4개,1개,2개,3개,a
dev_0298.jpg,train2/dev_0298.jpg,사진 속 재활용 쓰레기통 안에 있는 종이 상자의 개수는 몇 개인가요?,3개,4개,5개,6개,d
dev_0298.jpg,train2/dev_0298.jpg,사진에 보이는 재활용 쓰레기통 안에 있는 종이 상자의 개수는 몇 개입니까?,3개,6개,4개,5개,b
dev_0300.jpg,train2/dev_0300.jpg,사진 속 선반 위에 놓인 재활용 가능한 종이 포장지는 몇 개입니까?,1개,2개,3개,4개,b
dev_0300.jpg,train2/dev_0300.jpg,사진에 보이는 선반 위에 놓인 재활용 가능한 종이 포장지는 몇 개인가요?,3개,2개,4개,1개,b
dev_0304.jpg,train2/dev_0304.jpg,사진에 보이는 재활용품 중에서 플라스틱 재질로 추정되는 것은 무엇인가요?,파란색 비닐봉지 안의 플라스틱 병들,노란색 쓰레기통,검은색 의자 등받이,종이 상자,b
dev_0304.jpg,train2/dev_0304.jpg,사진 속 재활용품 중에서 플라스틱 재질로 추정되는 것은 무엇입니까?,검은색 의자 등받이,노란색 쓰레기통,파란색 비닐봉지 안의 플라스틱 병들,종이 상자,b
dev_0306.jpg,train2/dev_0306.jpg,사진에 보이는 재활용품 중 신문지는 어디에 쌓여 있나요?,벽 옆 바닥에 쌓여 있다.,박스 위에 쌓여 있다.,나무판자 위에 쌓여 있다.,벽 위 선반에 쌓여 있다.,b
dev_0306.jpg,train2/dev_0306.jpg,사진 속 재활용품 중 신문지는 어디에 쌓여 있습니까?,박스 위에 쌓여 있다.,벽 옆 바닥에 쌓여 있다.,벽 위 선반에 쌓여 있다.,나무판자 위에 쌓여 있다.,a
dev_0309.jpg,train2/dev_0309.jpg,사진에 보이는 재활용품 중 종이 재질의 포장재는 몇 개입니까?,1개,2개,3개,4개,c
dev_0309.jpg,train2/dev_0309.jpg,사진 속 재활용품 중 종이 재질의 포장재는 몇 개인가요?,1개,2개,4개,3개,d
dev_0310.jpg,train2/dev_0310.jpg,사진 속 하얀 봉투 안에 들어있는 재활용품 중 유리병은 몇 개입니까?,1개,2개,3개,4개,d
dev_0310.jpg,train2/dev_0310.jpg,사진에 보이는 하얀 봉투 안에 들어있는 재활용품 중 유리병은 몇 개인가요?,4개,2개,3개,1개,a
dev_0311.jpg,train2/dev_0311.jpg,이 사진에서 재활용할 수 있는 플라스틱 용기는 몇 개입니까?,1개,2개,3개,4개,a
dev_0311.jpg,train2/dev_0311.jpg,이 사진에서 재활용할 수 있는 플라스틱 용기는 몇 개인가요?,4개,1개,2개,3개,b
dev_0329.jpg,train2/dev_0329.jpg,사진 속에서 재활용 가능한 플라스틱 용기는 몇 개 있나요?,1개,2개,3개,4개,a
dev_0329.jpg,train2/dev_0329.jpg,사진에서 재활용 가능한 플라스틱 용기는 몇 개 있습니까?,1개,3개,4개,2개,a
dev_0339.jpg,train2/dev_0339.jpg,책상 위에 있는 재활용 가능한 플라스틱 빨대는 몇 개입니까?,1개,2개,3개,4개,a
dev_0339.jpg,train2/dev_0339.jpg,책상 위에 있는 재활용 가능한 플라스틱 빨대는 몇 개인가요?,1개,3개,2개,4개,a
dev_0346.jpg,train2/dev_0346.jpg,사진에 보이는 재활용 가능한 플라스틱 아이템은 무엇인가요?,보라색 목걸이 줄,검은색 태블릿 펜,태블릿 화면,하얀색 책상,b
dev_0346.jpg,train2/dev_0346.jpg,사진 속 재활용 가능한 플라스틱 아이템은 무엇입니까?,태블릿 화면,하얀색 책상,검은색 태블릿 펜,보라색 목걸이 줄,c
dev_0347.jpg,train2/dev_0347.jpg,사진에 보이는 재활용 가능한 플라스틱 병은 몇 개입니까?,1개,2개,3개,4개,c
dev_0347.jpg,train2/dev_0347.jpg,사진 속 재활용 가능한 플라스틱 병은 몇 개인가요?,1개,4개,2개,3개,d
dev_0363.jpg,train2/dev_0363.jpg,사진에 보이는 재활용 쓰레기 봉투 중 플라스틱 병이 가장 많이 보이는 봉투는 어느 쪽인가요?,왼쪽 첫 번째 봉투,왼쪽 두 번째 봉투,오른쪽 세 번째 봉투,오른쪽 네 번째 봉투,c
dev_0363.jpg,train2/dev_0363.jpg,사진 속 재활용 쓰레기 봉투 중 플라스틱 병이 가장 많이 보이는 봉투는 어느 쪽인가요?,왼쪽 두 번째 봉투,오른쪽 세 번째 봉투,왼쪽 첫 번째 봉투,오른쪽 네 번째 봉투,b
dev_0368.jpg,train2/dev_0368.jpg,사진에 보이는 재활용품 중 종이 재질이 아닌 것은 무엇인가요?,종이봉투,달걀판,종이상자,플라스틱 봉투,d
dev_0368.jpg,train2/dev_0368.jpg,사진 속 재활용품 중 종이 재질이 아닌 것은 무엇입니까?,종이봉투,달걀판,플라스틱 봉투,종이상자,c
dev_0385.jpg,train2/dev_0385.jpg,사진에 보이는 플라스틱 용기의 뚜껑 색상 중 포함되지 않은 것은 무엇인가요?,파란색,노란색,빨간색,초록색,d
dev_0385.jpg,train2/dev_0385.jpg,사진 속 플라스틱 용기의 뚜껑 색상 중 포함되지 않은 것은 무엇입니까?,빨간색,노란색,초록색,파란색,c
dev_0386.jpg,train2/dev_0386.jpg,사진 속 재활용품 중 종이상자의 개수는 몇 개인가요?,2개,3개,4개,5개,d
dev_0386.jpg,train2/dev_0386.jpg,사진에 보이는 재활용품 중 종이상자의 개수는 몇 개입니까?,3개,4개,5개,2개,c
dev_0388.jpg,train2/dev_0388.jpg,사진에 보이는 재활용 가능한 플라스틱 용기의 개수는 몇 개인가요?,1개,2개,3개,4개,b
dev_0388.jpg,train2/dev_0388.jpg,사진 속 재활용 가능한 플라스틱 용기의 개수는 몇 개입니까?,2개,1개,3개,4개,a
dev_0397.jpg,train2/dev_0397.jpg,전자레인지 위에 놓인 일회용 컵의 재활용 분류는 무엇인가요?,플라스틱,종이컵,유리,금속,a
dev_0397.jpg,train2/dev_0397.jpg,전자레인지 위에 놓인 일회용 컵의 재활용 분류는 무엇입니까?,종이컵,플라스틱,유리,금속,b
dev_0401.jpg,train2/dev_0401.jpg,사진에 보이는 재활용품 중 플라스틱 병은 몇 개입니까?,1개,2개,3개,4개,a
dev_0401.jpg,train2/dev_0401.jpg,사진 속 재활용품 중 플라스틱 병은 몇 개인가요?,4개,2개,3개,1개,d
dev_0407.jpg,train2/dev_0407.jpg,사진에 보이는 재활용품 중 플라스틱 병의 개수는 몇 개인가요?,2개,3개,4개,5개,d
dev_0407.jpg,train2/dev_0407.jpg,사진 속 재활용품 중 플라스틱 병의 개수는 몇 개입니까?,4개,2개,5개,3개,c
dev_0408.jpg,train2/dev_0408.jpg,사진에 보이는 재활용 가능한 유리병은 몇 개입니까?,1개,2개,3개,4개,d
dev_0408.jpg,train2/dev_0408.jpg,사진 속 재활용 가능한 유리병은 몇 개인가요?,2개,3개,4개,1개,c
dev_0410.jpg,train2/dev_0410.jpg,사진에 보이는 재활용품 중 플라스틱 컵은 몇 개입니까?,1개,2개,3개,4개,a
dev_0410.jpg,train2/dev_0410.jpg,사진 속 재활용품 중 플라스틱 컵은 몇 개인가요?,4개,2개,1개,3개,c
dev_0418.jpg,train2/dev_0418.jpg,사진에 보이는 재활용 가능한 종이 상자의 개수는 몇 개인가요?,3개,4개,5개,6개,d
dev_0418.jpg,train2/dev_0418.jpg,사진 속 재활용 가능한 종이 상자의 개수는 몇 개입니까?,5개,3개,4개,6개,d
dev_0419.jpg,train2/dev_0419.jpg,사진에 보이는 재활용품 중 플라스틱 병은 몇 개입니까?,2개,3개,4개,5개,c
dev_0419.jpg,train2/dev_0419.jpg,사진 속 재활용품 중 플라스틱 병은 몇 개인가요?,3개,5개,4개,2개,c
dev_0421.jpg,train2/dev_0421.jpg,사진 속 재활용품 중 알루미늄 캔의 개수는 몇 개인가요?,약 10개,약 20개,약 30개,약 40개,c
dev_0421.jpg,train2/dev_0421.jpg,사진에 보이는 재활용품 중 알루미늄 캔의 개수는 몇 개입니까?,약 20개,약 40개,약 10개,약 30개,d
dev_0423.jpg,train2/dev_0423.jpg,사진에 보이는 재활용품 중 골판지 상자의 개수는 몇 개인가요?,1개,2개,3개,4개,d
dev_0423.jpg,train2/dev_0423.jpg,사진 속 재활용품 중 골판지 상자의 개수는 몇 개입니까?,2개,4개,3개,1개,b
dev_0428.jpg,train2/dev_0428.jpg,사진에 보이는 음료 컵 중 플라스틱 컵은 몇 개인가요?,2개,3개,4개,5개,a
dev_0428.jpg,train2/dev_0428.jpg,사진 속 음료 컵 중 플라스틱 컵은 몇 개입니까?,2개,4개,3개,5개,a
dev_0431.jpg,train2/dev_0431.jpg,사진 속 선반 위에 있는 재활용 가능한 플라스틱 용기는 몇 개입니까?,2개,3개,4개,5개,d
dev_0431.jpg,train2/dev_0431.jpg,사진에 보이는 선반 위에 있는 재활용 가능한 플라스틱 용기는 몇 개인가요?,2개,5개,3개,4개,b
dev_0432.jpg,train2/dev_0432.jpg,사진에 보이는 재활용 가능한 플라스틱 병은 몇 개입니까?,2개,4개,6개,8개,d
dev_0432.jpg,train2/dev_0432.jpg,사진 속 재활용 가능한 플라스틱 병은 몇 개인가요?,2개,4개,8개,6개,c
dev_0437.jpg,train2/dev_0437.jpg,사진 속 상자 안에 들어있는 재활용 가능한 종이 상자의 개수는 몇 개인가요?,2개,3개,4개,5개,d
dev_0437.jpg,train2/dev_0437.jpg,사진에 보이는 상자 안에 들어있는 재활용 가능한 종이 상자의 개수는 몇 개입니까?,3개,4개,5개,2개,c
dev_0443.jpg,train2/dev_0443.jpg,사진 속 쓰레기통 위에 보이는 재활용품 중 알루미늄 캔은 몇 개입니까?,1개,2개,3개,4개,a
dev_0443.jpg,train2/dev_0443.jpg,사진에 보이는 쓰레기통 위에 보이는 재활용품 중 알루미늄 캔은 몇 개인가요?,1개,3개,4개,2개,a
dev_0448.jpg,train2/dev_0448.jpg,사진에 보이는 재활용품 중 발포 스티로폼의 개수는 몇 개인가요?,1개,2개,3개,4개,d
dev_0448.jpg,train2/dev_0448.jpg,사진 속 재활용품 중 발포 스티로폼의 개수는 몇 개입니까?,3개,2개,4개,1개,c
dev_0457.jpg,train2/dev_0457.jpg,사진에 보이는 재활용 가능한 유리병의 개수는 몇 개인가요?,1개,2개,3개,4개,b
dev_0457.jpg,train2/dev_0457.jpg,사진 속 재활용 가능한 유리병의 개수는 몇 개입니까?,3개,1개,2개,4개,c
dev_0463.jpg,train2/dev_0463.jpg,사진에 보이는 투명 플라스틱 컵은 총 몇 개입니까?,3개,4개,5개,6개,d
dev_0463.jpg,train2/dev_0463.jpg,사진 속 투명 플라스틱 컵은 총 몇 개인가요?,5개,4개,6개,3개,c
dev_0469.jpg,train2/dev_0469.jpg,사진에 보이는 재활용품 중 알루미늄 캔은 몇 개입니까?,2개,3개,4개,5개,a
dev_0469.jpg,train2/dev_0469.jpg,사진 속 재활용품 중 알루미늄 캔은 몇 개인가요?,5개,2개,4개,3개,b
dev_0473.jpg,train2/dev_0473.jpg,사진에 보이는 재활용품 중 골판지 상자의 개수는 몇 개인가요?,1개,2개,3개,4개,b
dev_0473.jpg,train2/dev_0473.jpg,사진 속 재활용품 중 골판지 상자의 개수는 몇 개입니까?,3개,1개,2개,4개,c
dev_0474.jpg,train2/dev_0474.jpg,사진 속 재활용품 중 알루미늄 캔은 몇 개 있습니까?,2개,3개,4개,5개,d
dev_0474.jpg,train2/dev_0474.jpg,사진에 보이는 재활용품 중 알루미늄 캔은 몇 개 있나요?,2개,4개,5개,3개,c
dev_0477.jpg,train2/dev_0477.jpg,사진 속 종이봉투 안에 들어있는 재활용 가능한 종이 상자의 개수는 몇 개인가요?,2개,3개,4개,5개,b
dev_0477.jpg,train2/dev_0477.jpg,사진에 보이는 종이봉투 안에 들어있는 재활용 가능한 종이 상자의 개수는 몇 개입니까?,3개,5개,4개,2개,a
dev_0490.jpg,train2/dev_0490.jpg,사진 속 테이블 위에 있는 재활용 가능한 플라스틱 병은 몇 개인가요?,1개,2개,3개,4개,d
dev_0490.jpg,train2/dev_0490.jpg,사진에 보이는 테이블 위에 있는 재활용 가능한 플라스틱 병은 몇 개입니까?,3개,2개,4개,1개,c
dev_0496.jpg,train2/dev_0496.jpg,사진에 보이는 재활용품 중 종이상자의 개수는 몇 개인가요?,2개,3개,4개,5개,d
dev_0496.jpg,train2/dev_0496.jpg,사진 속 재활용품 중 종이상자의 개수는 몇 개입니까?,2개,5개,3개,4개,b
dev_0499.jpg,train2/dev_0499.jpg,사진에 보이는 재활용 가능한 플라스틱 컵은 총 몇 개입니까?,10개,15개,20개,25개,d
dev_0499.jpg,train2/dev_0499.jpg,사진 속 재활용 가능한 플라스틱 컵은 총 몇 개인가요?,20개,25개,10개,15개,b
dev_0500.jpg,train2/dev_0500.jpg,사진 속 재활용 가능한 플라스틱 용기는 몇 개 있나요?,1개,2개,3개,4개 이상,d
dev_0500.jpg,train2/dev_0500.jpg,사진에 보이는 재활용 가능한 플라스틱 용기는 몇 개 있습니까?,2개,3개,1개,4개 이상,d
dev_0501.jpg,train2/dev_0501.jpg,사진 속에서 재활용 가능한 종이 상자의 개수는 몇 개인가요?,5개,10개,15개,20개,d
dev_0501.jpg,train2/dev_0501.jpg,사진에서 재활용 가능한 종이 상자의 개수는 몇 개입니까?,5개,20개,15개,10개,b
dev_0503.jpg,train2/dev_0503.jpg,책상 위에 있는 재활용 가능한 플라스틱 포장재는 무엇입니까?,마스크 포장재,음료수 병,종이 상자,캔,b
dev_0503.jpg,train2/dev_0503.jpg,책상 위에 있는 재활용 가능한 플라스틱 포장재는 무엇인가요?,마스크 포장재,캔,종이 상자,음료수 병,d
dev_0505.jpg,train2/dev_0505.jpg,사진에 보이는 재활용품의 재질은 무엇인가요?,종이,플라스틱,금속,유리,b
dev_0505.jpg,train2/dev_0505.jpg,사진 속 재활용품의 재질은 무엇입니까?,종이,유리,플라스틱,금속,c
dev_0511.jpg,train2/dev_0511.jpg,사진에 보이는 재활용 가능한 유리병의 뚜껑 색깔은 무엇인가요?,검은색,분홍색,투명색,회색,b
dev_0511.jpg,train2/dev_0511.jpg,사진 속 재활용 가능한 유리병의 뚜껑 색깔은 무엇입니까?,회색,투명색,분홍색,검은색,c
dev_0512.jpg,train2/dev_0512.jpg,사진 속 투명 봉지 안에 있는 캔은 몇 개입니까?,3개,4개,5개,6개,d
dev_0512.jpg,train2/dev_0512.jpg,사진에 보이는 투명 봉지 안에 있는 캔은 몇 개인가요?,4개,5개,3개,6개,d
dev_0513.jpg,train2/dev_0513.jpg,사진에 보이는 재활용품 중 종이 재질의 포장재는 몇 개입니까?,3개,5개,7개,9개,d
dev_0513.jpg,train2/dev_0513.jpg,사진 속 재활용품 중 종이 재질의 포장재는 몇 개인가요?,7개,9개,5개,3개,b
dev_0517.jpg,train2/dev_0517.jpg,책상 위에 있는 재활용 가능한 포장재는 몇 개입니까?,1개,2개,3개,4개,c
dev_0517.jpg,train2/dev_0517.jpg,책상 위에 있는 재활용 가능한 포장재는 몇 개인가요?,4개,1개,2개,3개,d
dev_0522.jpg,train2/dev_0522.jpg,사진에 보이는 재활용품 중 종이 상자의 개수는 몇 개인가요?,1개,2개,3개,4개,d
dev_0522.jpg,train2/dev_0522.jpg,사진 속 재활용품 중 종이 상자의 개수는 몇 개입니까?,4개,1개,2개,3개,a
dev_0525.jpg,train2/dev_0525.jpg,사진 속 재활용품 중 플라스틱 병은 몇 개 있나요?,3개,5개,7개,9개,d
dev_0525.jpg,train2/dev_0525.jpg,사진에 보이는 재활용품 중 플라스틱 병은 몇 개 있습니까?,9개,7개,3개,5개,a
dev_0526.jpg,train2/dev_0526.jpg,사진 속 비닐봉지 안에 보이는 재활용품 중 플라스틱 병의 개수는 몇 개입니까?,3개,5개,7개,10개 이상,d
dev_0526.jpg,train2/dev_0526.jpg,사진에 보이는 비닐봉지 안에 보이는 재활용품 중 플라스틱 병의 개수는 몇 개인가요?,3개,7개,5개,10개 이상,d
dev_0532.jpg,train2/dev_0532.jpg,사진 속 재활용품 중 플라스틱 용기의 개수는 몇 개인가요?,1개,2개,3개,4개 이상,d
dev_0532.jpg,train2/dev_0532.jpg,사진에 보이는 재활용품 중 플라스틱 용기의 개수는 몇 개입니까?,3개,2개,4개 이상,1개,c
dev_0536.jpg,train2/dev_0536.jpg,사진에서 보이는 재활용품은 무엇인가요?,플라스틱 병,유리병,종이 상자,금속 캔,b
dev_0536.jpg,train2/dev_0536.jpg,사진 속 재활용품은 무엇입니까?,유리병,종이 상자,플라스틱 병,금속 캔,a
dev_0541.jpg,train2/dev_0541.jpg,사진에 보이는 재활용품 중 골판지 상자는 몇 개입니까?,3개,5개,7개,9개,d
dev_0541.jpg,train2/dev_0541.jpg,사진 속 재활용품 중 골판지 상자는 몇 개인가요?,3개,9개,5개,7개,b
dev_0544.jpg,train2/dev_0544.jpg,사진에 보이는 재활용 가능한 플라스틱 병은 몇 개입니까?,10개,15개,20개,25개,b
dev_0544.jpg,train2/dev_0544.jpg,사진 속 재활용 가능한 플라스틱 병은 몇 개인가요?,25개,20개,10개,15개,d
dev_0550.jpg,train2/dev_0550.jpg,사진 속 재활용품 중 종이 재질로 분류되는 것은 무엇인가요?,커피 종이컵,담배갑 상자,금속 난간,돌,a
dev_0550.jpg,train2/dev_0550.jpg,사진에 보이는 재활용품 중 종이 재질로 분류되는 것은 무엇입니까?,금속 난간,돌,커피 종이컵,담배갑 상자,c
dev_0551.jpg,train2/dev_0551.jpg,사진 속 재활용품 중 종이 재질의 포장재는 어떤 것입니까?,노란색 `Slim` 과자 상자,파란색 과자 봉지,투명 플라스틱 봉지,금속 캔,a
dev_0551.jpg,train2/dev_0551.jpg,사진에 보이는 재활용품 중 종이 재질의 포장재는 어떤 것입니까?,파란색 과자 봉지,노란색 `Slim` 과자 상자,금속 캔,투명 플라스틱 봉지,b
dev_0571.jpg,train2/dev_0571.jpg,사진 속 재활용품 중 플라스틱 용기의 개수는 몇 개인가요?,1개,2개,3개,4개,b
dev_0571.jpg,train2/dev_0571.jpg,사진에 보이는 재활용품 중 플라스틱 용기의 개수는 몇 개입니까?,2개,3개,4개,1개,a
dev_0575.jpg,train2/dev_0575.jpg,사진에 보이는 재활용품은 무엇인가요?,종이컵,유리병,플라스틱 병,금속 캔,c
dev_0575.jpg,train2/dev_0575.jpg,사진 속 재활용품은 무엇입니까?,플라스틱 병,금속 캔,종이컵,유리병,a
dev_0591.jpg,train2/dev_0591.jpg,사진 속 재활용품 중 플라스틱 용기의 개수는 몇 개인가요?,3개,5개,7개,9개,d
dev_0591.jpg,train2/dev_0591.jpg,사진에 보이는 재활용품 중 플라스틱 용기의 개수는 몇 개입니까?,5개,3개,7개,9개,d
dev_0601.jpg,train2/dev_0601.jpg,사진에 보이는 재활용 가능한 포장재는 무엇인가요?,플라스틱 포크,종이 도시락 용기,과자 봉지,파이 조각,b
dev_0601.jpg,train2/dev_0601.jpg,사진 속 재활용 가능한 포장재는 무엇입니까?,종이 도시락 용기,과자 봉지,플라스틱 포크,파이 조각,a
dev_0603.jpg,train2/dev_0603.jpg,사진 속 비닐봉지 안에 보이는 재활용 가능한 플라스틱 지퍼백은 몇 개입니까?,1개,2개,3개,4개,a
dev_0603.jpg,train2/dev_0603.jpg,사진에 보이는 비닐봉지 안에 보이는 재활용 가능한 플라스틱 지퍼백은 몇 개인가요?,2개,1개,4개,3개,b
dev_0605.jpg,train2/dev_0605.jpg,사진에 보이는 플라스틱 컵 중 뚜껑이 있는 컵은 몇 개입니까?,3개,5개,7개,9개,d
dev_0605.jpg,train2/dev_0605.jpg,사진 속 플라스틱 컵 중 뚜껑이 있는 컵은 몇 개인가요?,7개,9개,5개,3개,b
dev_0606.jpg,train2/dev_0606.jpg,사진에 보이는 재활용품 중 종이 재질의 상자는 몇 개입니까?,1개,2개,3개,4개,d
dev_0606.jpg,train2/dev_0606.jpg,사진 속 재활용품 중 종이 재질의 상자는 몇 개인가요?,2개,3개,4개,1개,c
dev_0611.jpg,train2/dev_0611.jpg,사진 속에 보이는 재활용 가능한 플라스틱 생수병은 총 몇 개입니까?,8개,10개,12개,14개,d
dev_0611.jpg,train2/dev_0611.jpg,사진에 보이는 재활용 가능한 플라스틱 생수병은 총 몇 개인가요?,8개,12개,14개,10개,c
dev_0612.jpg,train2/dev_0612.jpg,사진 속 재활용품 중 종이 재질의 쇼핑백은 몇 개 있나요?,1개,2개,3개,4개,a
dev_0612.jpg,train2/dev_0612.jpg,사진에 보이는 재활용품 중 종이 재질의 쇼핑백은 몇 개 있습니까?,4개,2개,3개,1개,d
dev_0613.jpg,train2/dev_0613.jpg,사진 속 재활용 봉투에 담긴 재활용품 종류로 올바른 것은 무엇인가요?,종이류,플라스틱류,유리병,금속캔,a
dev_0613.jpg,train2/dev_0613.jpg,사진에 보이는 재활용 봉투에 담긴 재활용품 종류로 올바른 것은 무엇입니까?,플라스틱류,종이류,유리병,금속캔,b
dev_0619.jpg,train2/dev_0619.jpg,사진 속에서 재활용 가능한 플라스틱 용기는 몇 개 있나요?,1개,2개,3개,4개,a
dev_0619.jpg,train2/dev_0619.jpg,사진에서 재활용 가능한 플라스틱 용기는 몇 개 있습니까?,4개,1개,2개,3개,b
dev_0621.jpg,train2/dev_0621.jpg,사진 속 상자 안에 있는 재활용품 중 종이 재질의 상자는 몇 개입니까?,1개,2개,3개,4개 이상,d
dev_0621.jpg,train2/dev_0621.jpg,사진에 보이는 상자 안에 있는 재활용품 중 종이 재질의 상자는 몇 개인가요?,3개,1개,4개 이상,2개,c
dev_0624.jpg,train2/dev_0624.jpg,사진에 보이는 재활용 가능한 플라스틱 용기의 개수는 몇 개인가요?,1개,2개,3개,4개,a
dev_0624.jpg,train2/dev_0624.jpg,사진 속 재활용 가능한 플라스틱 용기의 개수는 몇 개입니까?,4개,3개,1개,2개,c
dev_0630.jpg,train2/dev_0630.jpg,계단 위에 놓여 있는 재활용 가능한 플라스틱 컵은 몇 개입니까?,7개,9개,11개,13개,d
dev_0630.jpg,train2/dev_0630.jpg,계단 위에 놓여 있는 재활용 가능한 플라스틱 컵은 몇 개인가요?,13개,7개,11개,9개,a
dev_0634.jpg,train2/dev_0634.jpg,사진 속 재활용품 중 투명한 플라스틱 용기는 몇 개입니까?,1개,2개,3개,4개,a
dev_0634.jpg,train2/dev_0634.jpg,사진에 보이는 재활용품 중 투명한 플라스틱 용기는 몇 개인가요?,4개,3개,1개,2개,c
dev_0638.jpg,train2/dev_0638.jpg,사진 속 쓰레기통 안에 있는 재활용 가능한 플라스틱 병의 개수는 몇 개인가요?,1개,2개,3개,4개,b
dev_0638.jpg,train2/dev_0638.jpg,사진에 보이는 쓰레기통 안에 있는 재활용 가능한 플라스틱 병의 개수는 몇 개입니까?,3개,4개,1개,2개,d
dev_0646.jpg,train2/dev_0646.jpg,사진에 보이는 재활용 가능한 플라스틱 병은 몇 개입니까?,5개,7개,9개,11개,d
dev_0646.jpg,train2/dev_0646.jpg,사진 속 재활용 가능한 플라스틱 병은 몇 개인가요?,11개,9개,5개,7개,a
dev_0654.jpg,train2/dev_0654.jpg,사진에 보이는 재활용 가능한 유리병의 개수는 몇 개인가요?,3개,4개,5개,6개,d
dev_0654.jpg,train2/dev_0654.jpg,사진 속 재활용 가능한 유리병의 개수는 몇 개입니까?,5개,4개,3개,6개,d
dev_0658.jpg,train2/dev_0658.jpg,사진에 보이는 스타벅스 텀블러의 재질은 무엇인가요?,플라스틱,유리,종이,금속,d
dev_0658.jpg,train2/dev_0658.jpg,사진 속 스타벅스 텀블러의 재질은 무엇입니까?,유리,플라스틱,금속,종이,c
dev_0660.jpg,train2/dev_0660.jpg,사진에 보이는 투명 플라스틱 컵은 총 몇 개인가요?,3개,4개,5개,6개,d
dev_0660.jpg,train2/dev_0660.jpg,사진 속 투명 플라스틱 컵은 총 몇 개입니까?,5개,3개,6개,4개,c
dev_0673.jpg,train2/dev_0673.jpg,사진에 보이는 재활용 가능한 컵 중 뚜껑 색깔이 다른 컵은 몇 개인가요?,1개,2개,3개,4개,d
dev_0673.jpg,train2/dev_0673.jpg,사진 속 재활용 가능한 컵 중 뚜껑 색깔이 다른 컵은 몇 개입니까?,2개,3개,1개,4개,d
dev_0682.jpg,train2/dev_0682.jpg,사진에 보이는 재활용 가능한 플라스틱 병은 몇 개입니까?,2개,3개,4개,5개,d
dev_0682.jpg,train2/dev_0682.jpg,사진 속 재활용 가능한 플라스틱 병은 몇 개인가요?,4개,5개,3개,2개,b
dev_0698.jpg,train2/dev_0698.jpg,사진에 보이는 재활용품 중 종이 재질의 재활용품은 몇 개입니까?,1개,2개,3개,4개,d
dev_0698.jpg,train2/dev_0698.jpg,사진 속 재활용품 중 종이 재질의 재활용품은 몇 개인가요?,4개,2개,3개,1개,a
dev_0713.jpg,train2/dev_0713.jpg,사진 속 재활용품 중 종이 재질의 상자는 몇 개입니까?,3개,5개,7개,9개,b
dev_0713.jpg,train2/dev_0713.jpg,사진에 보이는 재활용품 중 종이 재질의 상자는 몇 개인가요?,7개,5개,3개,9개,b
dev_0716.jpg,train2/dev_0716.jpg,사진에 보이는 재활용품 중 종이는 몇 장인가요?,2장,3장,4장,5장,c
dev_0716.jpg,train2/dev_0716.jpg,사진 속 재활용품 중 종이는 몇 장인가요?,4장,2장,5장,3장,a
dev_0718.jpg,train2/dev_0718.jpg,사진에 보이는 플라스틱 병의 개수는 몇 개인가요?,1개,2개,3개,4개,b
dev_0718.jpg,train2/dev_0718.jpg,사진 속 플라스틱 병의 개수는 몇 개입니까?,4개,1개,3개,2개,d
dev_0724.jpg,train2/dev_0724.jpg,사진에 보이는 페트병 중에서 뚜껑 색깔이 다른 것은 몇 개인가요?,1개,2개,3개,0개,a
dev_0724.jpg,train2/dev_0724.jpg,사진 속 페트병 중에서 뚜껑 색깔이 다른 것은 몇 개입니까?,0개,3개,1개,2개,c
dev_0727.jpg,train2/dev_0727.jpg,사진에 보이는 재활용품 중 종이 상자의 개수는 몇 개인가요?,3개,5개,7개,9개,d
dev_0727.jpg,train2/dev_0727.jpg,사진 속 재활용품 중 종이 상자의 개수는 몇 개입니까?,5개,7개,9개,3개,c
dev_0728.jpg,train2/dev_0728.jpg,사진에 보이는 재활용 가능한 아이템 중 알약 포장지는 어떤 재질인가요?,플라스틱,종이,금속,유리,a
dev_0728.jpg,train2/dev_0728.jpg,사진 속 재활용 가능한 아이템 중 알약 포장지는 어떤 재질인가요?,종이,금속,플라스틱,유리,c
dev_0732.jpg,train2/dev_0732.jpg,사진에 보이는 재활용품 중 플라스틱 용기는 몇 개입니까?,1개,2개,3개,4개,a
dev_0732.jpg,train2/dev_0732.jpg,사진 속 재활용품 중 플라스틱 용기는 몇 개인가요?,2개,4개,3개,1개,d
dev_0737.jpg,train2/dev_0737.jpg,사진에 보이는 재활용 가능한 플라스틱 빨대는 몇 개입니까?,1개,2개,3개,4개,a
dev_0737.jpg,train2/dev_0737.jpg,사진 속 재활용 가능한 플라스틱 빨대는 몇 개인가요?,1개,4개,3개,2개,a
dev_0744.jpg,train2/dev_0744.jpg,사진에 보이는 재활용 가능한 플라스틱 병은 몇 개입니까?,1개,2개,3개,4개,d
dev_0744.jpg,train2/dev_0744.jpg,사진 속 재활용 가능한 플라스틱 병은 몇 개인가요?,2개,1개,3개,4개,d
dev_0747.jpg,train2/dev_0747.jpg,사진에 보이는 재활용 가능한 금속 캔은 몇 개입니까?,1개,2개,3개,4개,b
dev_0747.jpg,train2/dev_0747.jpg,사진 속 재활용 가능한 금속 캔은 몇 개인가요?,2개,4개,3개,1개,a
dev_0750.jpg,train2/dev_0750.jpg,책상 위에 있는 하프쿠키 프라임 포장지는 몇 개입니까?,1개,2개,3개,4개,b
dev_0750.jpg,train2/dev_0750.jpg,책상 위에 있는 하프쿠키 프라임 포장지는 몇 개인가요?,4개,2개,1개,3개,b
dev_0753.jpg,train2/dev_0753.jpg,사진에 보이는 투명 플라스틱 컵은 총 몇 개입니까?,9개,11개,13개,15개,d
dev_0753.jpg,train2/dev_0753.jpg,사진 속 투명 플라스틱 컵은 총 몇 개인가요?,15개,13개,9개,11개,a
dev_0755.jpg,train2/dev_0755.jpg,사진에 보이는 재활용품 중 종이팩은 몇 개입니까?,1개,2개,3개,4개,b
dev_0755.jpg,train2/dev_0755.jpg,사진 속 재활용품 중 종이팩은 몇 개인가요?,2개,3개,1개,4개,a
dev_0769.jpg,train2/dev_0769.jpg,사진에 보이는 병 중 코르크 마개가 있는 병은 몇 개입니까?,1개,2개,3개,4개,b
dev_0769.jpg,train2/dev_0769.jpg,사진 속 병 중 코르크 마개가 있는 병은 몇 개인가요?,3개,2개,1개,4개,b
dev_0783.jpg,train2/dev_0783.jpg,사진에 보이는 생수병은 몇 개입니까?,3개,4개,5개,6개,b
dev_0783.jpg,train2/dev_0783.jpg,사진 속 생수병은 몇 개인가요?,5개,3개,6개,4개,d
dev_0788.jpg,train2/dev_0788.jpg,사진에 보이는 'eclipse' 껌 포장지는 어떤 재질로 분류해야 할까요?,플라스틱,종이,유리,금속,d
dev_0788.jpg,train2/dev_0788.jpg,사진 속 'eclipse' 껌 포장지는 어떤 재질로 분류해야 합니까?,금속,종이,플라스틱,유리,a
dev_0790.jpg,train2/dev_0790.jpg,사진에 보이는 재활용 가능한 용기의 재질은 무엇인가요?,플라스틱,종이,유리,금속,b
dev_0790.jpg,train2/dev_0790.jpg,사진 속 재활용 가능한 용기의 재질은 무엇입니까?,종이,금속,유리,플라스틱,a
dev_0802.jpg,train2/dev_0802.jpg,사진에 보이는 재활용 가능한 플라스틱 용기의 개수는 몇 개인가요?,3개,4개,5개,6개,d
dev_0802.jpg,train2/dev_0802.jpg,사진 속 재활용 가능한 플라스틱 용기의 개수는 몇 개입니까?,4개,3개,6개,5개,c
dev_0809.jpg,train2/dev_0809.jpg,사진에 보이는 재활용품 중 발포 스티로폼 상자의 개수는 몇 개인가요?,3개,4개,5개,6개,d
dev_0809.jpg,train2/dev_0809.jpg,사진 속 재활용품 중 발포 스티로폼 상자의 개수는 몇 개입니까?,5개,4개,3개,6개,d
dev_0810.jpg,train2/dev_0810.jpg,사진에 보이는 재활용 가능한 플라스틱 병은 몇 개입니까?,1개,2개,3개,4개,d
dev_0810.jpg,train2/dev_0810.jpg,사진 속 재활용 가능한 플라스틱 병은 몇 개인가요?,2개,3개,1개,4개,d
dev_0815.jpg,train2/dev_0815.jpg,사진 속 재활용품 중 플라스틱 병은 몇 개 있나요?,3개,5개,7개,9개,d
dev_0815.jpg,train2/dev_0815.jpg,사진에 보이는 재활용품 중 플라스틱 병은 몇 개 있습니까?,3개,7개,5개,9개,d
dev_0825.jpg,train2/dev_0825.jpg,사진에 보이는 재활용품 중 캔은 몇 개입니까?,1개,2개,3개,4개,a
dev_0825.jpg,train2/dev_0825.jpg,사진 속 재활용품 중 캔은 몇 개인가요?,4개,3개,2개,1개,d
dev_0828.jpg,train2/dev_0828.jpg,사진에서 재활용 가능한 종이류 쓰레기는 몇 개 보이나요?,1개,2개,3개,4개,a
dev_0828.jpg,train2/dev_0828.jpg,사진에서 재활용 가능한 종이류 쓰레기는 몇 개 보입니까?,4개,1개,3개,2개,b
dev_0836.jpg,train2/dev_0836.jpg,사진에 보이는 재활용품 중 플라스틱 병의 개수는 몇 개인가요?,1개,2개,3개,4개,a
dev_0836.jpg,train2/dev_0836.jpg,사진 속 재활용품 중 플라스틱 병의 개수는 몇 개입니까?,4개,1개,2개,3개,b
dev_0837.jpg,train2/dev_0837.jpg,사진에 보이는 재활용품 중 플라스틱 용기는 몇 개인가요?,1개,2개,3개,4개,a
dev_0837.jpg,train2/dev_0837.jpg,사진 속 재활용품 중 플라스틱 용기는 몇 개입니까?,4개,1개,2개,3개,b
dev_0838.jpg,train2/dev_0838.jpg,사진 속 재활용 봉투 안에 있는 플라스틱 용기의 개수는 몇 개인가요?,3개,5개,7개,9개,b
dev_0838.jpg,train2/dev_0838.jpg,사진에 보이는 재활용 봉투 안에 있는 플라스틱 용기의 개수는 몇 개입니까?,5개,7개,9개,3개,a
dev_0841.jpg,train2/dev_0841.jpg,사진 속 녹색 철제 울타리 아래에 놓여 있는 재활용품은 무엇인가요?,플라스틱 병,종이컵,캔,유리병,b
dev_0841.jpg,train2/dev_0841.jpg,사진에 보이는 녹색 철제 울타리 아래에 놓여 있는 재활용품은 무엇입니까?,유리병,플라스틱 병,종이컵,캔,c
dev_0845.jpg,train2/dev_0845.jpg,사진에 보이는 재활용품 중 플라스틱 용기의 개수는 몇 개인가요?,1개,2개,3개,4개,d
dev_0845.jpg,train2/dev_0845.jpg,사진 속 재활용품 중 플라스틱 용기의 개수는 몇 개입니까?,3개,2개,4개,1개,c
dev_0857.jpg,train2/dev_0857.jpg,사진에 보이는 재활용품 중 종이상자의 개수는 몇 개인가요?,3개,5개,7개,9개,d
dev_0857.jpg,train2/dev_0857.jpg,사진 속 재활용품 중 종이상자의 개수는 몇 개입니까?,7개,3개,9개,5개,c
dev_0861.jpg,train2/dev_0861.jpg,사진에 보이는 재활용 가능한 플라스틱 용기의 개수는 몇 개인가요?,1개,2개,3개,4개,d
dev_0861.jpg,train2/dev_0861.jpg,사진 속 재활용 가능한 플라스틱 용기의 개수는 몇 개입니까?,4개,1개,3개,2개,a
dev_0870.jpg,train2/dev_0870.jpg,사진에 보이는 재활용품 중 플라스틱 병의 개수는 몇 개인가요?,3개,4개,5개,6개,a
dev_0870.jpg,train2/dev_0870.jpg,사진 속 재활용품 중 플라스틱 병의 개수는 몇 개입니까?,6개,3개,4개,5개,b
dev_0873.jpg,train2/dev_0873.jpg,사진에 보이는 재활용 가능한 플라스틱 컵은 몇 개입니까?,약 10개,약 15개,약 20개,약 25개,d
dev_0873.jpg,train2/dev_0873.jpg,사진 속 재활용 가능한 플라스틱 컵은 몇 개인가요?,약 10개,약 25개,약 20개,약 15개,b
dev_0882.jpg,train2/dev_0882.jpg,사진에 보이는 재활용품 중 종이상자의 개수는 대략 몇 개입니까?,10개 미만,10개 이상 20개 미만,20개 이상 30개 미만,30개 이상,d
dev_0882.jpg,train2/dev_0882.jpg,사진 속 재활용품 중 종이상자의 개수는 대략 몇 개인가요?,10개 미만,20개 이상 30개 미만,30개 이상,10개 이상 20개 미만,c
dev_0887.jpg,train2/dev_0887.jpg,사진 속 재활용품 중 캔의 개수는 몇 개입니까?,5개,8개,12개,15개,d
dev_0887.jpg,train2/dev_0887.jpg,사진에 보이는 재활용품 중 캔의 개수는 몇 개인가요?,15개,8개,5개,12개,a
dev_0890.jpg,train2/dev_0890.jpg,사진에 보이는 재활용 가능한 옷걸이의 재질은 무엇인가요?,플라스틱,금속,종이,유리,a
dev_0890.jpg,train2/dev_0890.jpg,사진 속 재활용 가능한 옷걸이의 재질은 무엇입니까?,금속,플라스틱,유리,종이,b
dev_0892.jpg,train2/dev_0892.jpg,사진에 보이는 비타민 제품 용기 중 플라스틱 재질인 것은 어느 것인가요?,Vitamin C 500 용기,Multi vitamin + Mineral 용기,작은 갈색 용기,모두 종이 재질,a
dev_0892.jpg,train2/dev_0892.jpg,사진 속 비타민 제품 용기 중 플라스틱 재질인 것은 어느 것입니까?,작은 갈색 용기,Vitamin C 500 용기,모두 종이 재질,Multi vitamin + Mineral 용기,b
dev_0896.jpg,train2/dev_0896.jpg,사진에 보이는 재활용품 중 종이박스는 몇 개입니까?,7개,9개,11개,13개,d
dev_0896.jpg,train2/dev_0896.jpg,사진 속 재활용품 중 종이박스는 몇 개인가요?,13개,7개,9개,11개,a
dev_0898.jpg,train2/dev_0898.jpg,사진에 보이는 재활용 가능한 플라스틱 포장지는 몇 개입니까?,2개,3개,4개,5개,d
dev_0898.jpg,train2/dev_0898.jpg,사진 속 재활용 가능한 플라스틱 포장지는 몇 개인가요?,3개,2개,5개,4개,c
dev_0908.jpg,train2/dev_0908.jpg,사진에 보이는 재활용품 중 종이 재질의 상자는 몇 개입니까?,2개,3개,4개,5개,d
dev_0908.jpg,train2/dev_0908.jpg,사진 속 재활용품 중 종이 재질의 상자는 몇 개인가요?,5개,2개,3개,4개,a
dev_0918.jpg,train2/dev_0918.jpg,사진에 보이는 재활용 가능한 플라스틱 컵은 몇 개입니까?,1개,2개,3개,4개,a
dev_0918.jpg,train2/dev_0918.jpg,사진 속 재활용 가능한 플라스틱 컵은 몇 개인가요?,4개,2개,3개,1개,d
dev_0921.jpg,train2/dev_0921.jpg,사진에 보이는 재활용 가능한 금속 용기는 몇 개입니까?,2개,3개,4개,5개,c
dev_0921.jpg,train2/dev_0921.jpg,사진 속 재활용 가능한 금속 용기는 몇 개인가요?,5개,4개,2개,3개,b
dev_0924.jpg,train2/dev_0924.jpg,사진에 보이는 재활용품 중 플라스틱 병의 뚜껑 색깔은 무엇인가요?,초록색,파란색,빨간색,노란색,a
dev_0924.jpg,train2/dev_0924.jpg,사진 속 재활용품 중 플라스틱 병의 뚜껑 색깔은 무엇입니까?,노란색,파란색,빨간색,초록색,d
dev_0933.jpg,train2/dev_0933.jpg,사진에 보이는 재활용 가능한 플라스틱 컵은 몇 개인가요?,1개,2개,3개,4개,a
dev_0933.jpg,train2/dev_0933.jpg,사진 속 재활용 가능한 플라스틱 컵은 몇 개입니까?,2개,1개,4개,3개,b
dev_0935.jpg,train2/dev_0935.jpg,이 장면에서 재활용 가능한 플라스틱 용기는 몇 개입니까?,1개,2개,3개,4개,a
dev_0935.jpg,train2/dev_0935.jpg,이 장면에서 재활용 가능한 플라스틱 용기는 몇 개인가요?,4개,3개,1개,2개,c
dev_0938.jpg,train2/dev_0938.jpg,사진에 보이는 재활용 가능한 플라스틱 포장지는 몇 개입니까?,1개,2개,3개,4개,b
dev_0938.jpg,train2/dev_0938.jpg,사진 속 재활용 가능한 플라스틱 포장지는 몇 개인가요?,2개,4개,1개,3개,a
dev_0942.jpg,train2/dev_0942.jpg,책상 위에 있는 재활용 가능한 플라스틱 병은 몇 개입니까?,1개,2개,3개,없음,b
dev_0942.jpg,train2/dev_0942.jpg,책상 위에 있는 재활용 가능한 플라스틱 병은 몇 개인가요?,3개,없음,1개,2개,d
dev_0943.jpg,train2/dev_0943.jpg,사진에 보이는 재활용품은 무엇인가요?,플라스틱 컵 뚜껑,종이 조각,유리병,금속 캔,b
dev_0943.jpg,train2/dev_0943.jpg,사진 속 재활용품은 무엇입니까?,유리병,플라스틱 컵 뚜껑,금속 캔,종이 조각,d
dev_0966.jpg,train2/dev_0966.jpg,사진 속 흰색 테이블 위에 놓인 재활용 가능한 플라스틱 컵은 몇 개입니까?,3개,4개,5개,6개,d
dev_0966.jpg,train2/dev_0966.jpg,사진에 보이는 흰색 테이블 위에 놓인 재활용 가능한 플라스틱 컵은 몇 개인가요?,4개,6개,5개,3개,b
dev_0975.jpg,train2/dev_0975.jpg,사진 속 재활용품 중 알루미늄 캔의 개수는 몇 개인가요?,3개,5개,7개,9개,d
dev_0975.jpg,train2/dev_0975.jpg,사진에 보이는 재활용품 중 알루미늄 캔의 개수는 몇 개입니까?,5개,7개,9개,3개,c
dev_0983.jpg,train2/dev_0983.jpg,사진에 보이는 재활용 가능한 포장재는 어떤 재질인가요?,종이,플라스틱,알루미늄 호일,유리,c
dev_0983.jpg,train2/dev_0983.jpg,사진 속 재활용 가능한 포장재는 어떤 재질인가요?,유리,종이,알루미늄 호일,플라스틱,c
dev_0986.jpg,train2/dev_0986.jpg,사진에 보이는 재활용품 중 종이 재질의 상자는 몇 개입니까?,1개,2개,3개,4개,d
dev_0986.jpg,train2/dev_0986.jpg,사진 속 재활용품 중 종이 재질의 상자는 몇 개인가요?,1개,2개,4개,3개,c
dev_0997.jpg,train2/dev_0997.jpg,사진에 보이는 재활용품 중 플라스틱 재질의 물건은 무엇인가요?,선풍기,종이박스,금속문,프린터기,d
dev_0997.jpg,train2/dev_0997.jpg,사진 속 재활용품 중 플라스틱 재질의 물건은 무엇입니까?,금속문,프린터기,종이박스,선풍기,b
dev_0998.jpg,train2/dev_0998.jpg,사진에 보이는 페트병 두 개 중에서 빨간색 뚜껑이 있는 페트병 안에는 무엇이 들어 있나요?,물,음료수 캔,껌 또는 작은 알갱이,종이 조각,a
dev_0998.jpg,train2/dev_0998.jpg,사진 속 페트병 두 개 중에서 빨간색 뚜껑이 있는 페트병 안에는 무엇이 들어 있습니까?,물,종이 조각,껌 또는 작은 알갱이,음료수 캔,a
dev_0999.jpg,train2/dev_0999.jpg,사진 속 나무 벤치 위에 놓인 재활용 가능한 병은 몇 개입니까?,15개,17개,19개,21개,d
dev_0999.jpg,train2/dev_0999.jpg,사진에 보이는 나무 벤치 위에 놓인 재활용 가능한 병은 몇 개인가요?,19개,15개,17개,21개,d
dev_1002.jpg,train2/dev_1002.jpg,사진에 보이는 재활용 가능한 플라스틱 용기는 몇 개입니까?,1개,2개,3개,4개,a
dev_1002.jpg,train2/dev_1002.jpg,사진 속 재활용 가능한 플라스틱 용기는 몇 개인가요?,3개,2개,4개,1개,d
dev_1009.jpg,train2/dev_1009.jpg,사진에 보이는 재활용품 중 플라스틱 재질의 용기는 몇 개입니까?,1개,2개,3개,4개,b
dev_1009.jpg,train2/dev_1009.jpg,사진 속 재활용품 중 플라스틱 재질의 용기는 몇 개인가요?,2개,1개,3개,4개,a
dev_1011.jpg,train2/dev_1011.jpg,사진 속 테이블 위에 있는 재활용 가능한 유리병은 몇 개입니까?,15개,18개,20개,22개,c
dev_1011.jpg,train2/dev_1011.jpg,사진에 보이는 테이블 위에 있는 재활용 가능한 유리병은 몇 개인가요?,22개,20개,15개,18개,b
dev_1018.jpg,train2/dev_1018.jpg,사진에 보이는 재활용품 중 종이 재질의 개수는 몇 개인가요?,1개,2개,3개,4개,d
dev_1018.jpg,train2/dev_1018.jpg,사진 속 재활용품 중 종이 재질의 개수는 몇 개입니까?,1개,3개,4개,2개,c
dev_1019.jpg,train2/dev_1019.jpg,사진 속 재활용품 중 골판지 상자는 몇 개입니까?,5개,7개,10개,12개,d
dev_1019.jpg,train2/dev_1019.jpg,사진에 보이는 재활용품 중 골판지 상자는 몇 개인가요?,12개,10개,5개,7개,a
dev_1020.jpg,train2/dev_1020.jpg,사진 속 재활용품 중에서 플라스틱 병의 개수는 몇 개인가요?,1개,2개,3개,4개,c
dev_1020.jpg,train2/dev_1020.jpg,사진에 보이는 재활용품 중에서 플라스틱 병의 개수는 몇 개입니까?,3개,1개,4개,2개,a
dev_1021.jpg,train2/dev_1021.jpg,사진 속 비닐봉지 안에 보이는 재활용품 중 플라스틱 병은 몇 개입니까?,1개,2개,3개,4개,a
dev_1021.jpg,train2/dev_1021.jpg,사진에 보이는 비닐봉지 안에 보이는 재활용품 중 플라스틱 병은 몇 개인가요?,2개,1개,4개,3개,b
dev_1023.jpg,train2/dev_1023.jpg,사진 속 비닐봉지 안에 보이는 재활용품 중 가장 많은 종류는 무엇인가요?,플라스틱 컵,종이컵,유리병,금속 캔,b
dev_1023.jpg,train2/dev_1023.jpg,사진에 보이는 비닐봉지 안에 보이는 재활용품 중 가장 많은 종류는 무엇입니까?,유리병,플라스틱 컵,종이컵,금속 캔,c
dev_1024.jpg,train2/dev_1024.jpg,사진에 보이는 재활용품 중 플라스틱 병의 개수는 몇 개인가요?,3개,5개,7개,9개,d
dev_1024.jpg,train2/dev_1024.jpg,사진 속 재활용품 중 플라스틱 병의 개수는 몇 개입니까?,5개,9개,7개,3개,b
dev_1030.jpg,train2/dev_1030.jpg,사진 속에서 재활용 가능한 플라스틱 병은 몇 개 있나요?,10개,12개,14개,16개,d
dev_1030.jpg,train2/dev_1030.jpg,사진에서 재활용 가능한 플라스틱 병은 몇 개 있습니까?,16개,14개,10개,12개,a
dev_1036.jpg,train2/dev_1036.jpg,사진 속 재활용품 중 플라스틱 병의 개수는 몇 개인가요?,3개,5개,7개,9개,d
dev_1036.jpg,train2/dev_1036.jpg,사진에 보이는 재활용품 중 플라스틱 병의 개수는 몇 개입니까?,7개,9개,3개,5개,b
dev_1039.jpg,train2/dev_1039.jpg,사진에 보이는 재활용 가능한 용기는 무엇인가요?,종이봉투,플라스틱 뚜껑,종이 케이스,유리병,a
dev_1039.jpg,train2/dev_1039.jpg,사진 속 재활용 가능한 용기는 무엇입니까?,종이 케이스,유리병,플라스틱 뚜껑,종이봉투,d
dev_1044.jpg,train2/dev_1044.jpg,사진에 보이는 재활용품 중 종이상자의 개수는 몇 개인가요?,3개,4개,5개,6개,d
dev_1044.jpg,train2/dev_1044.jpg,사진 속 재활용품 중 종이상자의 개수는 몇 개입니까?,3개,4개,6개,5개,c
dev_1045.jpg,train2/dev_1045.jpg,사진 속 재활용 가능한 플라스틱 컵은 총 몇 개인가요?,1개,2개,3개,4개,d
dev_1045.jpg,train2/dev_1045.jpg,사진에 보이는 재활용 가능한 플라스틱 컵은 총 몇 개입니까?,3개,4개,1개,2개,b
dev_1051.jpg,train2/dev_1051.jpg,사진 속 나무 옆에 놓인 상자 안에 들어있는 재활용품은 무엇인가요?,플라스틱 병,유리병,종이 상자,금속 캔,c
dev_1051.jpg,train2/dev_1051.jpg,사진에 보이는 나무 옆에 놓인 상자 안에 들어있는 재활용품은 무엇입니까?,플라스틱 병,종이 상자,유리병,금속 캔,b
dev_1055.jpg,train2/dev_1055.jpg,사진 속 음료수 냉장고에서 플라스틱 병 음료는 몇 개 있나요?,7개,9개,11개,13개,d
dev_1055.jpg,train2/dev_1055.jpg,사진에 보이는 음료수 냉장고에서 플라스틱 병 음료는 몇 개 있습니까?,9개,11개,13개,7개,c
dev_1058.jpg,train2/dev_1058.jpg,사진 속 재활용 가능한 음료 용기는 무엇인가요?,플라스틱 컵과 빨대,알루미늄 캔,종이 포장지,유리병,a
dev_1058.jpg,train2/dev_1058.jpg,사진에 보이는 재활용 가능한 음료 용기는 무엇입니까?,유리병,종이 포장지,알루미늄 캔,플라스틱 컵과 빨대,d
dev_1060.jpg,train2/dev_1060.jpg,사진에 보이는 재활용품 중 종이 상자의 개수는 몇 개인가요?,3개,5개,7개,9개,c
dev_1060.jpg,train2/dev_1060.jpg,사진 속 재활용품 중 종이 상자의 개수는 몇 개입니까?,9개,7개,3개,5개,b
dev_1063.jpg,train2/dev_1063.jpg,사진 속에서 재활용 가능한 종이 재질의 아이템은 무엇인가요?,종이컵,종이 도시락 용기,종이 음료 팩,초콜릿 포장지,b
dev_1063.jpg,train2/dev_1063.jpg,사진에서 재활용 가능한 종이 재질의 아이템은 무엇입니까?,초콜릿 포장지,종이 도시락 용기,종이 음료 팩,종이컵,b
dev_1069.jpg,train2/dev_1069.jpg,사진에서 보이는 재활용품 중 종이류는 어디에 주로 쌓여 있나요?,바닥 앞쪽에 평평하게 쌓여 있다,벽 쪽에 박스 형태로 쌓여 있다,나무 위에 놓여 있다,바닥 한가운데에 흩어져 있다,b
dev_1069.jpg,train2/dev_1069.jpg,사진 속 재활용품 중 종이류는 어디에 주로 쌓여 있습니까?,나무 위에 놓여 있다,바닥 한가운데에 흩어져 있다,바닥 앞쪽에 평평하게 쌓여 있다,벽 쪽에 박스 형태로 쌓여 있다,d
dev_1074.jpg,train2/dev_1074.jpg,사진 속 상자 안에 있는 재활용품 중 플라스틱 병의 개수는 몇 개인가요?,3개,5개,7개,9개,b
dev_1074.jpg,train2/dev_1074.jpg,사진에 보이는 상자 안에 있는 재활용품 중 플라스틱 병의 개수는 몇 개입니까?,3개,7개,5개,9개,c
dev_1075.jpg,train2/dev_1075.jpg,사진 속 테이블 위에 있는 재활용 가능한 유리병은 몇 개입니까?,5개,7개,9개,11개,d
dev_1075.jpg,train2/dev_1075.jpg,사진에 보이는 테이블 위에 있는 재활용 가능한 유리병은 몇 개인가요?,9개,11개,7개,5개,b
dev_1092.jpg,train2/dev_1092.jpg,사진에 보이는 재활용품 중 상자의 개수는 몇 개인가요?,1개,2개,3개,4개,d
dev_1092.jpg,train2/dev_1092.jpg,사진 속 재활용품 중 상자의 개수는 몇 개입니까?,1개,3개,4개,2개,c
dev_1098.jpg,train2/dev_1098.jpg,사진에 보이는 재활용 가능한 플라스틱 컵은 몇 개입니까?,1개,2개,3개,4개,d
dev_1098.jpg,train2/dev_1098.jpg,사진 속 재활용 가능한 플라스틱 컵은 몇 개인가요?,2개,4개,1개,3개,b
dev_1102.jpg,train2/dev_1102.jpg,사진에 보이는 재활용품 중 플라스틱 재질인 것은 무엇인가요?,흰색 플라스틱 컵 뚜껑,투명 플라스틱 포장재,나무 바닥,종이 라벨,b
dev_1102.jpg,train2/dev_1102.jpg,사진 속 재활용품 중 플라스틱 재질인 것은 무엇입니까?,종이 라벨,흰색 플라스틱 컵 뚜껑,투명 플라스틱 포장재,나무 바닥,c
dev_1104.jpg,train2/dev_1104.jpg,사진 속 재활용 쓰레기통 안에 있는 플라스틱 병은 몇 개입니까?,2개,3개,4개,5개,a
dev_1104.jpg,train2/dev_1104.jpg,사진에 보이는 재활용 쓰레기통 안에 있는 플라스틱 병은 몇 개인가요?,3개,4개,2개,5개,c
dev_1111.jpg,train2/dev_1111.jpg,사진에 보이는 재활용 가능한 플라스틱 용기의 개수는 몇 개인가요?,1개,2개,3개,4개,a
dev_1111.jpg,train2/dev_1111.jpg,사진 속 재활용 가능한 플라스틱 용기의 개수는 몇 개입니까?,2개,3개,1개,4개,c
dev_1115.jpg,train2/dev_1115.jpg,사진에 보이는 투명 플라스틱 컵은 총 몇 개입니까?,3개,4개,5개,6개,d
dev_1115.jpg,train2/dev_1115.jpg,사진 속 투명 플라스틱 컵은 총 몇 개인가요?,5개,4개,3개,6개,d
dev_1119.jpg,train2/dev_1119.jpg,사진에 보이는 재활용 가능한 플라스틱 병은 몇 개입니까?,1개,2개,3개,없음,d
dev_1119.jpg,train2/dev_1119.jpg,사진 속 재활용 가능한 플라스틱 병은 몇 개인가요?,2개,3개,1개,없음,d
dev_1121.jpg,train2/dev_1121.jpg,사진에 보이는 재활용 가능한 플라스틱 병은 몇 개입니까?,1개,2개,3개,4개,c
dev_1121.jpg,train2/dev_1121.jpg,사진 속 재활용 가능한 플라스틱 병은 몇 개인가요?,2개,1개,3개,4개,c
dev_1128.jpg,train2/dev_1128.jpg,사진에 보이는 재활용 가능한 종이 상자의 개수는 몇 개인가요?,5개,7개,9개,11개,d
dev_1128.jpg,train2/dev_1128.jpg,사진 속 재활용 가능한 종이 상자의 개수는 몇 개입니까?,11개,5개,9개,7개,a
dev_1131.jpg,train2/dev_1131.jpg,사진에 보이는 재활용 가능한 병의 재질은 무엇인가요?,플라스틱,유리,금속,종이,a
dev_1131.jpg,train2/dev_1131.jpg,사진 속 재활용 가능한 병의 재질은 무엇입니까?,유리,종이,플라스틱,금속,c
dev_1133.jpg,train2/dev_1133.jpg,사진 속에서 플라스틱 병에 담긴 음료는 몇 개 있나요?,3개,5개,7개,9개,d
dev_1133.jpg,train2/dev_1133.jpg,사진에서 플라스틱 병에 담긴 음료는 몇 개 있습니까?,7개,3개,5개,9개,d
dev_1145.jpg,train2/dev_1145.jpg,사진에 보이는 재활용 가능한 플라스틱 컵의 개수는 몇 개인가요?,2개,3개,4개,5개,d
dev_1145.jpg,train2/dev_1145.jpg,사진 속 재활용 가능한 플라스틱 컵의 개수는 몇 개입니까?,3개,2개,5개,4개,c
dev_1149.jpg,train2/dev_1149.jpg,사진에 보이는 재활용 가능한 유리병은 총 몇 개인가요?,8개,9개,10개,11개,d
dev_1149.jpg,train2/dev_1149.jpg,사진 속 재활용 가능한 유리병은 총 몇 개입니까?,8개,9개,11개,10개,c
dev_1152.jpg,train2/dev_1152.jpg,사진에 보이는 재활용 가능한 플라스틱 포장지는 몇 개입니까?,1개,2개,3개,4개,d
dev_1152.jpg,train2/dev_1152.jpg,사진 속 재활용 가능한 플라스틱 포장지는 몇 개인가요?,2개,4개,3개,1개,b
dev_1154.jpg,train2/dev_1154.jpg,사진 속에서 재활용 가능한 플라스틱 용기는 몇 개 있나요?,1개,2개,3개,4개,a
dev_1154.jpg,train2/dev_1154.jpg,사진에서 재활용 가능한 플라스틱 용기는 몇 개 있습니까?,2개,4개,3개,1개,d
dev_1158.jpg,train2/dev_1158.jpg,사진에서 재활용이 가능한 종이컵은 어디에 놓여 있나요?,나무 벤치 위,콘크리트 벤치 위,쓰레기통 안,도로 위,a
dev_1158.jpg,train2/dev_1158.jpg,사진에서 재활용이 가능한 종이컵은 어디에 놓여 있습니까?,콘크리트 벤치 위,나무 벤치 위,도로 위,쓰레기통 안,b
dev_1164.jpg,train2/dev_1164.jpg,사진에 보이는 재활용품 봉투 중에서 플라스틱 병이 가장 많이 보이는 봉투는 어느 쪽인가요?,왼쪽 봉투,가운데 봉투,오른쪽 봉투,뒤쪽 나무 옆 봉투,c
dev_1164.jpg,train2/dev_1164.jpg,사진 속 재활용품 봉투 중에서 플라스틱 병이 가장 많이 보이는 봉투는 어느 쪽인가요?,왼쪽 봉투,오른쪽 봉투,가운데 봉투,뒤쪽 나무 옆 봉투,b
dev_1165.jpg,train2/dev_1165.jpg,사진에 보이는 재활용품 중 플라스틱 용기의 개수는 몇 개인가요?,1개,2개,3개,4개,b
dev_1165.jpg,train2/dev_1165.jpg,사진 속 재활용품 중 플라스틱 용기의 개수는 몇 개입니까?,3개,4개,1개,2개,d
dev_1168.jpg,train2/dev_1168.jpg,사진에 보이는 재활용 가능한 플라스틱 병의 개수는 몇 개인가요?,1개,2개,3개,4개,a
dev_1168.jpg,train2/dev_1168.jpg,사진 속 재활용 가능한 플라스틱 병의 개수는 몇 개입니까?,2개,4개,3개,1개,d
dev_1172.jpg,train2/dev_1172.jpg,사진에 보이는 재활용 가능한 플라스틱 용기는 무엇인가요?,샌드위치와 포도 담긴 투명 플라스틱 용기,음료수 병,과자 포장지,종이 쪽지,b
dev_1172.jpg,train2/dev_1172.jpg,사진 속 재활용 가능한 플라스틱 용기는 무엇입니까?,음료수 병,종이 쪽지,과자 포장지,샌드위치와 포도 담긴 투명 플라스틱 용기,a
dev_1186.jpg,train2/dev_1186.jpg,사진 속 재활용 가능한 플라스틱 컵과 뚜껑은 어디에 위치해 있나요?,책상 오른쪽 위 모서리 근처,책상 왼쪽 아래 모서리 근처,책상 중앙,책상 왼쪽 위 모서리 근처,d
dev_1186.jpg,train2/dev_1186.jpg,사진에 보이는 재활용 가능한 플라스틱 컵과 뚜껑은 어디에 위치해 있습니까?,책상 왼쪽 아래 모서리 근처,책상 중앙,책상 왼쪽 위 모서리 근처,책상 오른쪽 위 모서리 근처,c
dev_1188.jpg,train2/dev_1188.jpg,사진 속 책상 위에 있는 재활용 가능한 플라스틱 컵은 몇 개입니까?,1개,2개,3개,4개,b
dev_1188.jpg,train2/dev_1188.jpg,사진에 보이는 책상 위에 있는 재활용 가능한 플라스틱 컵은 몇 개인가요?,4개,3개,1개,2개,d
dev_1194.jpg,train2/dev_1194.jpg,사진에 보이는 재활용 가능한 플라스틱 병의 개수는 몇 개인가요?,1개,2개,3개,없음,b
dev_1194.jpg,train2/dev_1194.jpg,사진 속 재활용 가능한 플라스틱 병의 개수는 몇 개입니까?,3개,없음,2개,1개,c
dev_1206.jpg,train2/dev_1206.jpg,사진에 보이는 재활용품 중 계란판은 몇 개나 있나요?,10개,15개,20개,25개,b
dev_1206.jpg,train2/dev_1206.jpg,사진 속 재활용품 중 계란판은 몇 개나 있습니까?,20개,10개,25개,15개,d
dev_1215.jpg,train2/dev_1215.jpg,사진에 보이는 재활용품 중 플라스틱 재질의 포장지는 무엇인가요?,초코파이 포장지,투명 비닐 포장지,종이 상자,유리병,a
dev_1215.jpg,train2/dev_1215.jpg,사진 속 재활용품 중 플라스틱 재질의 포장지는 무엇입니까?,초코파이 포장지,투명 비닐 포장지,유리병,종이 상자,a
dev_1239.jpg,train2/dev_1239.jpg,사진에 보이는 재활용품 중 골판지 상자는 몇 개입니까?,1개,2개,3개,4개,c
dev_1239.jpg,train2/dev_1239.jpg,사진 속 재활용품 중 골판지 상자는 몇 개인가요?,2개,1개,4개,3개,d
dev_1244.jpg,train2/dev_1244.jpg,사진에 보이는 재활용품 중 플라스틱 병은 몇 개입니까?,1개,2개,3개,4개,c
dev_1244.jpg,train2/dev_1244.jpg,사진 속 재활용품 중 플라스틱 병은 몇 개인가요?,1개,4개,2개,3개,d
dev_1249.jpg,train2/dev_1249.jpg,사진에 보이는 재활용품 중 플라스틱 재질인 것은 무엇인가요?,흰색 페인트 통,파란색 플라스틱 통,분홍색 바구니,검은색 플라스틱 상자,a
dev_1249.jpg,train2/dev_1249.jpg,사진 속 재활용품 중 플라스틱 재질인 것은 무엇입니까?,파란색 플라스틱 통,검은색 플라스틱 상자,분홍색 바구니,흰색 페인트 통,d
dev_1251.jpg,train2/dev_1251.jpg,사진에 보이는 재활용 가능한 캔은 총 몇 개입니까?,18개,20개,22개,24개,d
dev_1251.jpg,train2/dev_1251.jpg,사진 속 재활용 가능한 캔은 총 몇 개인가요?,24개,22개,20개,18개,a
dev_1258.jpg,train2/dev_1258.jpg,사진 속 쓰레기통 주변과 안에 보이는 재활용 가능한 병의 개수는 몇 개인가요?,3개,4개,5개,6개,d
dev_1258.jpg,train2/dev_1258.jpg,사진에 보이는 쓰레기통 주변과 안에 보이는 재활용 가능한 병의 개수는 몇 개입니까?,3개,5개,6개,4개,c
dev_1263.jpg,train2/dev_1263.jpg,사진에 보이는 재활용품 중 올바른 분리수거 위치는 어디인가요?,"투명 페트병은 오른쪽 구멍에, 종이 상자는 왼쪽 구멍에 버린다.",투명 페트병과 종이 상자 모두 왼쪽 구멍에 버린다.,투명 페트병과 종이 상자 모두 오른쪽 구멍에 버린다.,"투명 페트병은 왼쪽 구멍에, 종이 상자는 오른쪽 구멍에 버린다.",c
dev_1263.jpg,train2/dev_1263.jpg,사진 속 재활용품 중 올바른 분리수거 위치는 어디입니까?,투명 페트병과 종이 상자 모두 오른쪽 구멍에 버린다.,투명 페트병과 종이 상자 모두 왼쪽 구멍에 버린다.,"투명 페트병은 오른쪽 구멍에, 종이 상자는 왼쪽 구멍에 버린다.","투명 페트병은 왼쪽 구멍에, 종이 상자는 오른쪽 구멍에 버린다.",a
dev_1264.jpg,train2/dev_1264.jpg,사진 속 쓰레기통 안에 보이는 재활용 가능한 플라스틱 용기의 개수는 몇 개인가요?,1개,2개,3개,4개,a
dev_1264.jpg,train2/dev_1264.jpg,사진에 보이는 쓰레기통 안에 보이는 재활용 가능한 플라스틱 용기의 개수는 몇 개입니까?,4개,2개,1개,3개,c
dev_1266.jpg,train2/dev_1266.jpg,사진 속 재활용품 중 알루미늄 캔의 개수는 몇 개인가요?,10개,15개,20개,25개,d
dev_1266.jpg,train2/dev_1266.jpg,사진에 보이는 재활용품 중 알루미늄 캔의 개수는 몇 개입니까?,20개,25개,15개,10개,b
dev_1270.jpg,train2/dev_1270.jpg,사진에 보이는 재활용품 중 어떤 재질의 포장지가 주로 보이나요?,종이 포장지,플라스틱 포장지,금속 포장지,유리병,b
dev_1270.jpg,train2/dev_1270.jpg,사진 속 재활용품 중 어떤 재질의 포장지가 주로 보입니까?,종이 포장지,금속 포장지,유리병,플라스틱 포장지,d
dev_1282.jpg,train2/dev_1282.jpg,사진에 보이는 재활용품은 무엇인가요?,플라스틱 봉지,종이 포장지,유리병,금속 캔,a
dev_1282.jpg,train2/dev_1282.jpg,사진 속 재활용품은 무엇입니까?,종이 포장지,금속 캔,유리병,플라스틱 봉지,d
dev_1288.jpg,train2/dev_1288.jpg,사진에 보이는 재활용품 중 플라스틱 용기의 색상 조합은 무엇인가요?,분홍색과 빨간색,흰색과 파란색,분홍색과 흰색,흰색과 빨간색,c
dev_1288.jpg,train2/dev_1288.jpg,사진 속 재활용품 중 플라스틱 용기의 색상 조합은 무엇입니까?,흰색과 파란색,분홍색과 흰색,흰색과 빨간색,분홍색과 빨간색,b
dev_1293.jpg,train2/dev_1293.jpg,사진 속 재활용품 중 종이컵은 몇 개나 보이나요?,3개,5개,7개,9개,d
dev_1293.jpg,train2/dev_1293.jpg,사진에 보이는 재활용품 중 종이컵은 몇 개나 보입니까?,3개,7개,5개,9개,d
dev_1294.jpg,train2/dev_1294.jpg,사진에 보이는 재활용품 중 골판지 상자의 개수는 몇 개인가요?,1개,2개,3개,4개,c
dev_1294.jpg,train2/dev_1294.jpg,사진 속 재활용품 중 골판지 상자의 개수는 몇 개입니까?,4개,1개,3개,2개,c
dev_1298.jpg,train2/dev_1298.jpg,사진에 보이는 재활용 가능한 유리병은 몇 개입니까?,7개,8개,9개,10개,d
dev_1298.jpg,train2/dev_1298.jpg,사진 속 재활용 가능한 유리병은 몇 개인가요?,10개,9개,7개,8개,a
dev_1300.jpg,train2/dev_1300.jpg,사진 속 재활용 쓰레기통 위에 쌓여 있는 플라스틱 병은 몇 개입니까?,2개,3개,4개,5개,d
dev_1300.jpg,train2/dev_1300.jpg,사진에 보이는 재활용 쓰레기통 위에 쌓여 있는 플라스틱 병은 몇 개인가요?,2개,5개,3개,4개,b
dev_1307.jpg,train2/dev_1307.jpg,사진에 보이는 재활용 가능한 플라스틱 병은 몇 개입니까?,3개,4개,5개,6개,b
dev_1307.jpg,train2/dev_1307.jpg,사진 속 재활용 가능한 플라스틱 병은 몇 개인가요?,4개,5개,3개,6개,a
dev_1313.jpg,train2/dev_1313.jpg,사진에 보이는 피크닉 음료 팩은 몇 개입니까?,1개,2개,3개,4개,d
dev_1313.jpg,train2/dev_1313.jpg,사진 속 피크닉 음료 팩은 몇 개인가요?,4개,1개,2개,3개,a
dev_1316.jpg,train2/dev_1316.jpg,사진에서 보이는 재활용 가능한 플라스틱 병은 몇 개입니까?,1개,2개,3개,4개,d
dev_1316.jpg,train2/dev_1316.jpg,사진 속 재활용 가능한 플라스틱 병은 몇 개인가요?,3개,1개,2개,4개,d
dev_1322.jpg,train2/dev_1322.jpg,사진에서 재활용품으로 분류할 수 있는 종이 상자는 몇 개 있나요?,1개,2개,3개,4개,d
dev_1322.jpg,train2/dev_1322.jpg,사진에서 재활용품으로 분류할 수 있는 종이 상자는 몇 개 있습니까?,3개,1개,2개,4개,d
dev_1333.jpg,train2/dev_1333.jpg,사진에 보이는 재활용품 중 골판지 상자의 색상은 무엇인가요?,회색,보라색,분홍색,검은색,b
dev_1333.jpg,train2/dev_1333.jpg,사진 속 재활용품 중 골판지 상자의 색상은 무엇입니까?,보라색,검은색,분홍색,회색,a
dev_1334.jpg,train2/dev_1334.jpg,사진 속 재활용품 중 알루미늄 캔의 개수는 몇 개인가요?,3개,5개,7개,9개,d
dev_1334.jpg,train2/dev_1334.jpg,사진에 보이는 재활용품 중 알루미늄 캔의 개수는 몇 개입니까?,9개,3개,7개,5개,a
dev_1337.jpg,train2/dev_1337.jpg,사진 속 재활용품 중 종이류 상자의 개수는 몇 개인가요?,2개,3개,4개,5개,d
dev_1337.jpg,train2/dev_1337.jpg,사진에 보이는 재활용품 중 종이류 상자의 개수는 몇 개입니까?,4개,2개,5개,3개,c
dev_1338.jpg,train2/dev_1338.jpg,사진에 보이는 재활용품 중 종이 재질의 상자는 몇 개입니까?,1개,2개,3개,4개,b
dev_1338.jpg,train2/dev_1338.jpg,사진 속 재활용품 중 종이 재질의 상자는 몇 개인가요?,1개,2개,4개,3개,b
dev_1341.jpg,train2/dev_1341.jpg,사진에 보이는 재활용 가능한 유리병은 몇 개입니까?,1개,2개,3개,4개,b
dev_1341.jpg,train2/dev_1341.jpg,사진 속 재활용 가능한 유리병은 몇 개인가요?,1개,3개,4개,2개,d
dev_1342.jpg,train2/dev_1342.jpg,사진에 보이는 재활용 가능한 플라스틱 컵은 몇 개인가요?,1개,2개,3개,4개,d
dev_1342.jpg,train2/dev_1342.jpg,사진 속 재활용 가능한 플라스틱 컵은 몇 개입니까?,2개,4개,3개,1개,b
dev_1344.jpg,train2/dev_1344.jpg,사진에 보이는 재활용품 중 금속 재질의 용기는 몇 개입니까?,1개,2개,3개,4개,b
dev_1344.jpg,train2/dev_1344.jpg,사진 속 재활용품 중 금속 재질의 용기는 몇 개인가요?,3개,1개,2개,4개,c
dev_1351.jpg,train2/dev_1351.jpg,사진 속 비닐봉지 안에 보이는 재활용품은 주로 어떤 재질인가요?,종이,플라스틱,유리,금속,b
dev_1351.jpg,train2/dev_1351.jpg,사진에 보이는 비닐봉지 안에 보이는 재활용품은 주로 어떤 재질인가요?,금속,종이,플라스틱,유리,c
dev_1356.jpg,train2/dev_1356.jpg,사진에 보이는 재활용 가능한 플라스틱 병의 개수는 몇 개인가요?,1개,2개,3개,4개,c
dev_1356.jpg,train2/dev_1356.jpg,사진 속 재활용 가능한 플라스틱 병의 개수는 몇 개입니까?,1개,4개,2개,3개,d
dev_1359.jpg,train2/dev_1359.jpg,사진 속 재활용 쓰레기통 안에 있는 플라스틱 병은 몇 개입니까?,1개,2개,3개,4개,d
dev_1359.jpg,train2/dev_1359.jpg,사진에 보이는 재활용 쓰레기통 안에 있는 플라스틱 병은 몇 개인가요?,3개,2개,1개,4개,d
dev_1367.jpg,train2/dev_1367.jpg,사진에 보이는 투명 플라스틱 컵은 총 몇 개입니까?,3개,4개,5개,6개,d
dev_1367.jpg,train2/dev_1367.jpg,사진 속 투명 플라스틱 컵은 총 몇 개인가요?,4개,6개,5개,3개,b
dev_1370.jpg,train2/dev_1370.jpg,사진 속 재활용품 중 종이컵은 몇 개 보이나요?,5개 미만,5개 이상 10개 미만,10개 이상 15개 미만,15개 이상,d
dev_1370.jpg,train2/dev_1370.jpg,사진에 보이는 재활용품 중 종이컵은 몇 개 보입니까?,10개 이상 15개 미만,15개 이상,5개 이상 10개 미만,5개 미만,b
dev_1374.jpg,train2/dev_1374.jpg,사진에 보이는 재활용품 중 플라스틱 병은 몇 개입니까?,1개,2개,3개,4개,a
dev_1374.jpg,train2/dev_1374.jpg,사진 속 재활용품 중 플라스틱 병은 몇 개인가요?,1개,2개,4개,3개,a
dev_1393.jpg,train2/dev_1393.jpg,사진에 보이는 재활용품 중 플라스틱 병은 몇 개입니까?,1개,2개,3개,4개,c
dev_1393.jpg,train2/dev_1393.jpg,사진 속 재활용품 중 플라스틱 병은 몇 개인가요?,1개,3개,4개,2개,b
dev_1401.jpg,train2/dev_1401.jpg,사진에 보이는 재활용 가능한 플라스틱 컵은 몇 개입니까?,6개,8개,10개,12개,d
dev_1401.jpg,train2/dev_1401.jpg,사진 속 재활용 가능한 플라스틱 컵은 몇 개인가요?,8개,10개,12개,6개,c
dev_1407.jpg,train2/dev_1407.jpg,사진에 보이는 재활용 가능한 종이 상자의 개수는 몇 개인가요?,1개,2개,3개,없음,b
dev_1407.jpg,train2/dev_1407.jpg,사진 속 재활용 가능한 종이 상자의 개수는 몇 개입니까?,2개,없음,1개,3개,a
dev_1417.jpg,train2/dev_1417.jpg,사진에 보이는 재활용 가능한 플라스틱 병의 상태는 무엇인가요?,완전한 상태의 플라스틱 병,찢어진 플라스틱 병,플라스틱 병이 보이지 않음,플라스틱 병이 여러 개 있음,a
dev_1417.jpg,train2/dev_1417.jpg,사진 속 재활용 가능한 플라스틱 병의 상태는 무엇입니까?,플라스틱 병이 보이지 않음,플라스틱 병이 여러 개 있음,완전한 상태의 플라스틱 병,찢어진 플라스틱 병,c
dev_1418.jpg,train2/dev_1418.jpg,사진에 보이는 재활용 가능한 플라스틱 병은 몇 개입니까?,2개,3개,4개,5개,c
dev_1418.jpg,train2/dev_1418.jpg,사진 속 재활용 가능한 플라스틱 병은 몇 개인가요?,2개,4개,3개,5개,b
dev_1421.jpg,train2/dev_1421.jpg,사진 속에서 재활용 가능한 플라스틱 용기는 몇 개 있나요?,1개,2개,3개,4개,a
dev_1421.jpg,train2/dev_1421.jpg,사진에서 재활용 가능한 플라스틱 용기는 몇 개 있습니까?,2개,3개,4개,1개,d
dev_1431.jpg,train2/dev_1431.jpg,사진에 보이는 재활용 상자 중에서 종이 재질의 상자는 몇 개입니까?,2개,3개,4개,5개,d
dev_1431.jpg,train2/dev_1431.jpg,사진 속 재활용 상자 중에서 종이 재질의 상자는 몇 개인가요?,2개,5개,3개,4개,b
dev_1432.jpg,train2/dev_1432.jpg,사진에 보이는 재활용 가능한 플라스틱 병은 몇 개입니까?,1개,2개,3개,4개,d
dev_1432.jpg,train2/dev_1432.jpg,사진 속 재활용 가능한 플라스틱 병은 몇 개인가요?,3개,2개,4개,1개,c
dev_1435.jpg,train2/dev_1435.jpg,사진에 보이는 재활용품 중 종이 재질의 박스는 몇 개입니까?,1개,2개,3개,4개,b
dev_1435.jpg,train2/dev_1435.jpg,사진 속 재활용품 중 종이 재질의 박스는 몇 개인가요?,2개,3개,1개,4개,a
dev_1443.jpg,train2/dev_1443.jpg,사진에 보이는 재활용품 중에서 플라스틱 병이 몇 개 있나요?,3개,6개,12개,24개,a
dev_1443.jpg,train2/dev_1443.jpg,사진 속 재활용품 중에서 플라스틱 병이 몇 개 있습니까?,12개,6개,24개,3개,d
dev_1445.jpg,train2/dev_1445.jpg,사진에 보이는 재활용품 중 플라스틱 병은 몇 개입니까?,1개,2개,3개,4개,d
dev_1445.jpg,train2/dev_1445.jpg,사진 속 재활용품 중 플라스틱 병은 몇 개인가요?,1개,3개,4개,2개,c
dev_1451.jpg,train2/dev_1451.jpg,사진에서 재활용 가능한 종이컵은 몇 개 보이나요?,10개 미만,10개 이상 20개 미만,20개 이상 30개 미만,30개 이상,d
dev_1451.jpg,train2/dev_1451.jpg,사진에서 재활용 가능한 종이컵은 몇 개 보입니까?,10개 미만,30개 이상,10개 이상 20개 미만,20개 이상 30개 미만,b
dev_1458.jpg,train2/dev_1458.jpg,사진에 보이는 재활용 가능한 플라스틱 용기의 개수는 몇 개인가요?,2개,3개,4개,5개,d
dev_1458.jpg,train2/dev_1458.jpg,사진 속 재활용 가능한 플라스틱 용기의 개수는 몇 개입니까?,5개,4개,2개,3개,a
dev_1464.jpg,train2/dev_1464.jpg,사진 속 재활용품 중 플라스틱 병은 몇 개입니까?,3개,5개,7개,9개,b
dev_1464.jpg,train2/dev_1464.jpg,사진에 보이는 재활용품 중 플라스틱 병은 몇 개인가요?,5개,9개,3개,7개,a
dev_1465.jpg,train2/dev_1465.jpg,사진에 보이는 재활용 가능한 플라스틱 컵은 몇 개입니까?,1개,2개,3개,4개,b
dev_1465.jpg,train2/dev_1465.jpg,사진 속 재활용 가능한 플라스틱 컵은 몇 개인가요?,1개,2개,4개,3개,b
dev_1470.jpg,train2/dev_1470.jpg,사진에 보이는 재활용품 중 플라스틱 재질의 상자는 몇 개 있나요?,1개,2개,3개,4개,d
dev_1470.jpg,train2/dev_1470.jpg,사진 속 재활용품 중 플라스틱 재질의 상자는 몇 개 있습니까?,4개,1개,2개,3개,a
dev_1472.jpg,train2/dev_1472.jpg,사진에 보이는 재활용품 중 플라스틱 재질의 개수는 몇 개인가요?,1개,2개,3개,4개,d
dev_1472.jpg,train2/dev_1472.jpg,사진 속 재활용품 중 플라스틱 재질의 개수는 몇 개입니까?,2개,3개,1개,4개,d
dev_1477.jpg,train2/dev_1477.jpg,사진에서 보이는 재활용 가능한 플라스틱 병의 개수는 몇 개인가요?,1개,2개,3개,없음,d
dev_1477.jpg,train2/dev_1477.jpg,사진 속 재활용 가능한 플라스틱 병의 개수는 몇 개입니까?,3개,2개,1개,없음,d
dev_1484.jpg,train2/dev_1484.jpg,사진에 보이는 재활용 가능한 종이 재질의 물건은 무엇인가요?,의자 등받이 부분,파란색 캐리어,검은색 의자 팔걸이,흰색 문,d
dev_1484.jpg,train2/dev_1484.jpg,사진 속 재활용 가능한 종이 재질의 물건은 무엇입니까?,의자 등받이 부분,파란색 캐리어,흰색 문,검은색 의자 팔걸이,c
dev_1485.jpg,train2/dev_1485.jpg,사진 속 재활용 가능한 플라스틱 용기는 몇 개입니까?,1개,2개,3개,4개,a
dev_1485.jpg,train2/dev_1485.jpg,사진에 보이는 재활용 가능한 플라스틱 용기는 몇 개인가요?,4개,3개,2개,1개,d
dev_1486.jpg,train2/dev_1486.jpg,사진에 보이는 재활용품 중 플라스틱 병은 몇 개입니까?,1개,2개,3개,4개 이상,d
dev_1486.jpg,train2/dev_1486.jpg,사진 속 재활용품 중 플라스틱 병은 몇 개인가요?,4개 이상,1개,3개,2개,a
dev_1494.jpg,train2/dev_1494.jpg,사진 속 쓰레기봉투 안에 보이는 재활용품 중 종이류는 몇 개입니까?,1개,2개,3개,4개,a
dev_1494.jpg,train2/dev_1494.jpg,사진에 보이는 쓰레기봉투 안에 보이는 재활용품 중 종이류는 몇 개인가요?,4개,2개,3개,1개,d
dev_1501.jpg,train2/dev_1501.jpg,사진 속 파란색 IKEA 가방 안에 보이는 재활용품 중 플라스틱 병은 몇 개입니까?,1개,2개,3개,4개,a
dev_1501.jpg,train2/dev_1501.jpg,사진에 보이는 파란색 IKEA 가방 안에 보이는 재활용품 중 플라스틱 병은 몇 개인가요?,1개,2개,4개,3개,a
dev_1502.jpg,train2/dev_1502.jpg,사진에 보이는 재활용 가능한 플라스틱 컵은 몇 개입니까?,1개,2개,3개,4개,b
dev_1502.jpg,train2/dev_1502.jpg,사진 속 재활용 가능한 플라스틱 컵은 몇 개인가요?,3개,4개,1개,2개,d
dev_1507.jpg,train2/dev_1507.jpg,사진에 보이는 재활용 가능한 플라스틱 빨대는 몇 개인가요?,3개,4개,5개,6개,b
dev_1507.jpg,train2/dev_1507.jpg,사진 속 재활용 가능한 플라스틱 빨대는 몇 개입니까?,3개,6개,5개,4개,d
dev_1510.jpg,train2/dev_1510.jpg,사진 속 재활용품 중 플라스틱 병의 뚜껑은 어디에 있나요?,병 입구에 끼워져 있다,책상 위에 따로 놓여 있다,책상 아래 바닥에 있다,사진에 뚜껑이 보이지 않는다,d
dev_1510.jpg,train2/dev_1510.jpg,사진에 보이는 재활용품 중 플라스틱 병의 뚜껑은 어디에 있습니까?,책상 위에 따로 놓여 있다,책상 아래 바닥에 있다,사진에 뚜껑이 보이지 않는다,병 입구에 끼워져 있다,c
dev_1511.jpg,train2/dev_1511.jpg,사진에 보이는 재활용품 중 종이 재질의 상자는 몇 개입니까?,1개,2개,3개,4개,d
dev_1511.jpg,train2/dev_1511.jpg,사진 속 재활용품 중 종이 재질의 상자는 몇 개인가요?,2개,3개,1개,4개,d
dev_1517.jpg,train2/dev_1517.jpg,사진에 보이는 재활용 가능한 종이책은 총 몇 권입니까?,3권,4권,5권,6권,b
dev_1517.jpg,train2/dev_1517.jpg,사진 속 재활용 가능한 종이책은 총 몇 권입니까?,5권,3권,4권,6권,c
dev_1526.jpg,train2/dev_1526.jpg,사진 속 재활용 가능한 플라스틱 용기는 몇 개입니까?,2개,3개,4개,5개,d
dev_1526.jpg,train2/dev_1526.jpg,사진에 보이는 재활용 가능한 플라스틱 용기는 몇 개인가요?,5개,3개,2개,4개,a
dev_1532.jpg,train2/dev_1532.jpg,사진에 보이는 재활용품 중 플라스틱 재질인 것은 무엇인가요?,투명한 비닐 포장,노란색 비닐 조각,검은색 전자기기 부품,흰색 책상,a
dev_1532.jpg,train2/dev_1532.jpg,사진 속 재활용품 중 플라스틱 재질인 것은 무엇입니까?,검은색 전자기기 부품,노란색 비닐 조각,투명한 비닐 포장,흰색 책상,c
dev_1535.jpg,train2/dev_1535.jpg,사진에 보이는 재활용품 중 종이 재질의 개수는 몇 개인가요?,1개,2개,3개,4개,d
dev_1535.jpg,train2/dev_1535.jpg,사진 속 재활용품 중 종이 재질의 개수는 몇 개입니까?,3개,1개,2개,4개,d
dev_1551.jpg,train2/dev_1551.jpg,사진 속 노란색 바구니 안에 들어있는 재활용품 중 병의 개수는 몇 개인가요?,3개,4개,5개,6개,a
dev_1551.jpg,train2/dev_1551.jpg,사진에 보이는 노란색 바구니 안에 들어있는 재활용품 중 병의 개수는 몇 개입니까?,3개,4개,6개,5개,a
dev_1552.jpg,train2/dev_1552.jpg,사진에 보이는 재활용 가능한 뚜껑의 개수는 몇 개입니까?,2개,3개,4개,5개,d
dev_1552.jpg,train2/dev_1552.jpg,사진 속 재활용 가능한 뚜껑의 개수는 몇 개인가요?,2개,5개,4개,3개,b
dev_1553.jpg,train2/dev_1553.jpg,사진 속 재활용 봉투 안에 보이는 플라스틱 병의 개수는 몇 개인가요?,1개,2개,3개,4개,a
dev_1553.jpg,train2/dev_1553.jpg,사진에 보이는 재활용 봉투 안에 보이는 플라스틱 병의 개수는 몇 개입니까?,3개,2개,1개,4개,c
dev_1557.jpg,train2/dev_1557.jpg,사진에 보이는 재활용품 중 골판지 상자의 개수는 몇 개인가요?,1개,2개,3개,4개,b
dev_1557.jpg,train2/dev_1557.jpg,사진 속 재활용품 중 골판지 상자의 개수는 몇 개입니까?,3개,1개,4개,2개,d
dev_1560.jpg,train2/dev_1560.jpg,사진에 보이는 재활용 가능한 플라스틱 용기는 몇 개입니까?,3개,4개,5개,6개,a
dev_1560.jpg,train2/dev_1560.jpg,사진 속 재활용 가능한 플라스틱 용기는 몇 개인가요?,5개,3개,6개,4개,b
dev_1566.jpg,train2/dev_1566.jpg,사진에 보이는 재활용품 중 종이 재질의 쓰레기는 몇 개입니까?,1개,2개,3개,4개,d
dev_1566.jpg,train2/dev_1566.jpg,사진 속 재활용품 중 종이 재질의 쓰레기는 몇 개인가요?,1개,2개,4개,3개,c
dev_1568.jpg,train2/dev_1568.jpg,사진에 보이는 재활용품 중 플라스틱 컵 뚜껑은 몇 개입니까?,2개,3개,4개,5개,d
dev_1568.jpg,train2/dev_1568.jpg,사진 속 재활용품 중 플라스틱 컵 뚜껑은 몇 개인가요?,5개,4개,3개,2개,a
dev_1573.jpg,train2/dev_1573.jpg,책상 위에 있는 재활용 가능한 플라스틱 용기는 무엇인가요?,껌 케이스,립밤 용기,과자 봉지,음료 캔,b
dev_1573.jpg,train2/dev_1573.jpg,책상 위에 있는 재활용 가능한 플라스틱 용기는 무엇입니까?,립밤 용기,음료 캔,과자 봉지,껌 케이스,a
dev_1578.jpg,train2/dev_1578.jpg,사진 속 재활용 쓰레기통 안에 보이는 플라스틱 병의 개수는 몇 개인가요?,10개,12개,14개,16개,d
dev_1578.jpg,train2/dev_1578.jpg,사진에 보이는 재활용 쓰레기통 안에 보이는 플라스틱 병의 개수는 몇 개입니까?,12개,10개,16개,14개,c
dev_1581.jpg,train2/dev_1581.jpg,사진에 보이는 재활용품 중 병이 들어있는 파란색 상자에 적힌 브랜드 이름은 무엇인가요?,Cass,Kelly,Jinro Soju,처음처럼,a
dev_1581.jpg,train2/dev_1581.jpg,사진 속 재활용품 중 병이 들어있는 파란색 상자에 적힌 브랜드 이름은 무엇입니까?,처음처럼,Jinro Soju,Cass,Kelly,c
dev_1586.jpg,train2/dev_1586.jpg,사진에 보이는 재활용품 중 종이류 상자의 개수는 몇 개인가요?,3개,5개,7개,9개,d
dev_1586.jpg,train2/dev_1586.jpg,사진 속 재활용품 중 종이류 상자의 개수는 몇 개입니까?,9개,5개,7개,3개,a
dev_1589.jpg,train2/dev_1589.jpg,사진에 보이는 재활용 가능한 플라스틱 컵은 몇 개입니까?,1개,2개,3개,4개,b
dev_1589.jpg,train2/dev_1589.jpg,사진 속 재활용 가능한 플라스틱 컵은 몇 개인가요?,4개,2개,3개,1개,b
dev_1595.jpg,train2/dev_1595.jpg,책상 위에 있는 재활용 가능한 종이 상자는 몇 개입니까?,1개,2개,3개,4개,b
dev_1595.jpg,train2/dev_1595.jpg,책상 위에 있는 재활용 가능한 종이 상자는 몇 개인가요?,3개,1개,4개,2개,d
dev_1598.jpg,train2/dev_1598.jpg,사진에 보이는 재활용 가능한 금속 용기의 개수는 몇 개인가요?,2개,3개,4개,5개,c
dev_1598.jpg,train2/dev_1598.jpg,사진 속 재활용 가능한 금속 용기의 개수는 몇 개입니까?,5개,2개,3개,4개,d
dev_1601.jpg,train2/dev_1601.jpg,사진에 보이는 재활용품 중 플라스틱 용기의 개수는 몇 개인가요?,3개,4개,5개,6개,d
dev_1601.jpg,train2/dev_1601.jpg,사진 속 재활용품 중 플라스틱 용기의 개수는 몇 개입니까?,6개,4개,3개,5개,a
dev_1609.jpg,train2/dev_1609.jpg,사진에 보이는 재활용품 중 종이상자의 개수는 몇 개인가요?,3개,4개,5개,6개,b
dev_1609.jpg,train2/dev_1609.jpg,사진 속 재활용품 중 종이상자의 개수는 몇 개입니까?,5개,6개,3개,4개,d
dev_1610.jpg,train2/dev_1610.jpg,사진에 보이는 재활용품 중 종이 재질의 상자는 몇 개입니까?,1개,2개,3개,4개,b
dev_1610.jpg,train2/dev_1610.jpg,사진 속 재활용품 중 종이 재질의 상자는 몇 개인가요?,4개,2개,1개,3개,b
dev_1625.jpg,train2/dev_1625.jpg,사진에 보이는 투명한 용기는 어떤 재질로 만들어졌나요?,플라스틱,유리,금속,종이,a
dev_1625.jpg,train2/dev_1625.jpg,사진 속 투명한 용기는 어떤 재질로 만들어졌습니까?,유리,종이,금속,플라스틱,d
dev_1631.jpg,train2/dev_1631.jpg,사진 속 재활용품 중에서 종이 상자의 개수는 몇 개인가요?,3개,5개,7개,9개,d
dev_1631.jpg,train2/dev_1631.jpg,사진에 보이는 재활용품 중에서 종이 상자의 개수는 몇 개입니까?,5개,7개,9개,3개,c
dev_1634.jpg,train2/dev_1634.jpg,사진에 보이는 재활용품 중 플라스틱 컵은 몇 개입니까?,10개,13개,15개,17개,d
dev_1634.jpg,train2/dev_1634.jpg,사진 속 재활용품 중 플라스틱 컵은 몇 개인가요?,13개,15개,10개,17개,d
dev_1639.jpg,train2/dev_1639.jpg,사진에 보이는 재활용 가능한 종이컵은 몇 개입니까?,3개,4개,5개,6개,c
dev_1639.jpg,train2/dev_1639.jpg,사진 속 재활용 가능한 종이컵은 몇 개인가요?,6개,4개,3개,5개,d
dev_1644.jpg,train2/dev_1644.jpg,사진에 보이는 재활용품 중 캔은 몇 개입니까?,1개,2개,3개,4개,c
dev_1644.jpg,train2/dev_1644.jpg,사진 속 재활용품 중 캔은 몇 개인가요?,2개,3개,1개,4개,b
dev_1646.jpg,train2/dev_1646.jpg,사진에 보이는 재활용품 중 플라스틱 용기는 몇 개입니까?,1개,2개,3개,4개 이상,d
dev_1646.jpg,train2/dev_1646.jpg,사진 속 재활용품 중 플라스틱 용기는 몇 개인가요?,4개 이상,3개,2개,1개,a
dev_1650.jpg,train2/dev_1650.jpg,사진에 보이는 재활용품 중 종이 재질의 조각은 몇 개입니까?,5개,8개,12개,15개,d
dev_1650.jpg,train2/dev_1650.jpg,사진 속 재활용품 중 종이 재질의 조각은 몇 개인가요?,15개,12개,5개,8개,a
dev_1655.jpg,train2/dev_1655.jpg,사진에 보이는 재활용 가능한 유리병은 어떤 종류인가요?,소주병,와인병,아페롤 병,맥주병,b
dev_1655.jpg,train2/dev_1655.jpg,사진 속 재활용 가능한 유리병은 어떤 종류입니까?,소주병,와인병,맥주병,아페롤 병,b
dev_1667.jpg,train2/dev_1667.jpg,사진에 보이는 재활용품 중 종이 재질의 상자는 몇 개입니까?,3개,5개,7개,9개,d
dev_1667.jpg,train2/dev_1667.jpg,사진 속 재활용품 중 종이 재질의 상자는 몇 개인가요?,9개,3개,5개,7개,a
dev_1673.jpg,train2/dev_1673.jpg,사진 속 재활용 봉투에 들어있는 플라스틱 용기의 개수는 몇 개인가요?,3개,5개,7개,9개,d
dev_1673.jpg,train2/dev_1673.jpg,사진에 보이는 재활용 봉투에 들어있는 플라스틱 용기의 개수는 몇 개입니까?,7개,9개,3개,5개,b
dev_1676.jpg,train2/dev_1676.jpg,사진에 보이는 재활용 가능한 플라스틱 컵의 뚜껑 색깔은 무엇인가요?,투명,분홍색,파란색,초록색,b
dev_1676.jpg,train2/dev_1676.jpg,사진 속 재활용 가능한 플라스틱 컵의 뚜껑 색깔은 무엇입니까?,분홍색,초록색,파란색,투명,a
dev_1683.jpg,train2/dev_1683.jpg,사진에 보이는 과자 봉지는 어떤 재질로 만들어졌나요?,종이,플라스틱,알루미늄 호일,유리,b
dev_1683.jpg,train2/dev_1683.jpg,사진 속 과자 봉지는 어떤 재질로 만들어졌습니까?,유리,종이,플라스틱,알루미늄 호일,c
dev_1692.jpg,train2/dev_1692.jpg,사진 속에 보이는 투명 플라스틱 컵은 몇 개입니까?,1개,2개,3개,4개,a
dev_1692.jpg,train2/dev_1692.jpg,사진에 보이는 투명 플라스틱 컵은 몇 개인가요?,4개,1개,2개,3개,b
dev_1699.jpg,train2/dev_1699.jpg,사진에 보이는 재활용 가능한 종이봉투는 몇 개입니까?,1개,2개,3개,4개,c
dev_1699.jpg,train2/dev_1699.jpg,사진 속 재활용 가능한 종이봉투는 몇 개인가요?,3개,4개,2개,1개,a
dev_1701.jpg,train2/dev_1701.jpg,사진에 보이는 재활용품 중 플라스틱 재질인 것은 무엇인가요?,파란색 이클립스 껌 케이스,노란색 알약 포장지,회색 카펫,검은색 물체,b
dev_1701.jpg,train2/dev_1701.jpg,사진 속 재활용품 중 플라스틱 재질인 것은 무엇입니까?,노란색 알약 포장지,파란색 이클립스 껌 케이스,검은색 물체,회색 카펫,a
dev_1708.jpg,train2/dev_1708.jpg,사진 속 재활용품 중 종이 재질의 상자는 몇 개입니까?,1개,2개,3개,4개,c
dev_1708.jpg,train2/dev_1708.jpg,사진에 보이는 재활용품 중 종이 재질의 상자는 몇 개인가요?,3개,4개,2개,1개,a
dev_1719.jpg,train2/dev_1719.jpg,사진에서 보이는 재활용품은 무엇인가요?,플라스틱 병,종이 상자,유리병,금속 캔,d
dev_1719.jpg,train2/dev_1719.jpg,사진 속 재활용품은 무엇입니까?,종이 상자,금속 캔,유리병,플라스틱 병,b
dev_1724.jpg,train2/dev_1724.jpg,사진에 보이는 재활용 가능한 종이 포장지는 무엇인가요?,Welch`s Original 크림 캔디 상자,음료수 캔,플라스틱 컵 홀더,튜브형 화장품 용기,a
dev_1724.jpg,train2/dev_1724.jpg,사진 속 재활용 가능한 종이 포장지는 무엇입니까?,플라스틱 컵 홀더,튜브형 화장품 용기,음료수 캔,Welch`s Original 크림 캔디 상자,d
dev_1728.jpg,train2/dev_1728.jpg,사진에 보이는 재활용 가능한 플라스틱 병은 몇 개입니까?,1개,2개,3개,4개,a
dev_1728.jpg,train2/dev_1728.jpg,사진 속 재활용 가능한 플라스틱 병은 몇 개인가요?,2개,3개,4개,1개,d
dev_1757.jpg,train2/dev_1757.jpg,사진 속 재활용품 바구니 안에 있는 플라스틱 병은 몇 개입니까?,1개,2개,3개,4개,a
dev_1757.jpg,train2/dev_1757.jpg,사진에 보이는 재활용품 바구니 안에 있는 플라스틱 병은 몇 개인가요?,1개,2개,4개,3개,a
dev_1758.jpg,train2/dev_1758.jpg,사진에 보이는 재활용 가능한 종이 상자는 몇 개입니까?,1개,2개,3개,4개,d
dev_1758.jpg,train2/dev_1758.jpg,사진 속 재활용 가능한 종이 상자는 몇 개인가요?,2개,4개,3개,1개,b
dev_1765.jpg,train2/dev_1765.jpg,사진에 보이는 재활용 가능한 플라스틱 컵은 몇 개인가요?,5개,7개,9개,11개,d
dev_1765.jpg,train2/dev_1765.jpg,사진 속 재활용 가능한 플라스틱 컵은 몇 개입니까?,7개,5개,11개,9개,c
dev_1773.jpg,train2/dev_1773.jpg,사진에 보이는 재활용 가능한 플라스틱 병은 몇 개입니까?,3개,4개,5개,6개,b
dev_1773.jpg,train2/dev_1773.jpg,사진 속 재활용 가능한 플라스틱 병은 몇 개인가요?,5개,4개,3개,6개,b
dev_1774.jpg,train2/dev_1774.jpg,이 서랍 안에 있는 재활용 가능한 포장재의 종류는 무엇인가요?,플라스틱 포장재,종이 포장재,금속 포장재,유리 포장재,b
dev_1774.jpg,train2/dev_1774.jpg,이 서랍 안에 있는 재활용 가능한 포장재의 종류는 무엇입니까?,유리 포장재,플라스틱 포장재,금속 포장재,종이 포장재,d
dev_1784.jpg,train2/dev_1784.jpg,책상 위에 있는 재활용 가능한 플라스틱 병은 몇 개입니까?,1개,2개,3개,4개,c
dev_1784.jpg,train2/dev_1784.jpg,책상 위에 있는 재활용 가능한 플라스틱 병은 몇 개인가요?,2개,3개,1개,4개,b
dev_1788.jpg,train2/dev_1788.jpg,사진 속 재활용 쓰레기 봉투 안에 들어있는 투명 플라스틱 컵은 몇 개입니까?,1개,2개,3개,4개,d
dev_1788.jpg,train2/dev_1788.jpg,사진에 보이는 재활용 쓰레기 봉투 안에 들어있는 투명 플라스틱 컵은 몇 개인가요?,4개,3개,1개,2개,a
dev_1791.jpg,train2/dev_1791.jpg,사진에 보이는 재활용품 중 종이 재질의 상자는 몇 개입니까?,1개,2개,3개,4개,b
dev_1791.jpg,train2/dev_1791.jpg,사진 속 재활용품 중 종이 재질의 상자는 몇 개인가요?,1개,4개,3개,2개,d
dev_1795.jpg,train2/dev_1795.jpg,사진 속 재활용품 중 플라스틱 병의 개수는 몇 개인가요?,3개,5개,7개,9개,d
dev_1795.jpg,train2/dev_1795.jpg,사진에 보이는 재활용품 중 플라스틱 병의 개수는 몇 개입니까?,3개,7개,5개,9개,d
dev_1802.jpg,train2/dev_1802.jpg,사진 속 재활용품 중 플라스틱 병의 개수는 몇 개인가요?,1개,2개,3개,4개,d
dev_1802.jpg,train2/dev_1802.jpg,사진에 보이는 재활용품 중 플라스틱 병의 개수는 몇 개입니까?,2개,1개,4개,3개,c
dev_1806.jpg,train2/dev_1806.jpg,사진에 보이는 재활용품 중 종이 재질의 상자는 몇 개입니까?,1개,2개,3개,4개,d
dev_1806.jpg,train2/dev_1806.jpg,사진 속 재활용품 중 종이 재질의 상자는 몇 개인가요?,1개,2개,4개,3개,c
dev_1807.jpg,train2/dev_1807.jpg,사진 속 재활용품 중 플라스틱 빨대의 개수는 몇 개인가요?,7개,8개,9개,10개,d
dev_1807.jpg,train2/dev_1807.jpg,사진에 보이는 재활용품 중 플라스틱 빨대의 개수는 몇 개입니까?,7개,10개,8개,9개,b
dev_1811.jpg,train2/dev_1811.jpg,사진에 보이는 재활용품 중 종이류의 개수는 대략 몇 개입니까?,약 10개,약 20개,약 30개,약 40개,d
dev_1811.jpg,train2/dev_1811.jpg,사진 속 재활용품 중 종이류의 개수는 대략 몇 개인가요?,약 30개,약 10개,약 20개,약 40개,d
dev_1815.jpg,train2/dev_1815.jpg,사진에 보이는 투명 플라스틱 컵은 총 몇 개입니까?,4개,5개,6개,7개,d
dev_1815.jpg,train2/dev_1815.jpg,사진 속 투명 플라스틱 컵은 총 몇 개인가요?,6개,4개,5개,7개,d
dev_1816.jpg,train2/dev_1816.jpg,사진에 보이는 재활용품 중 플라스틱 재질인 것은 무엇인가요?,휴대폰 케이스,머리끈,립밤 용기,키보드,a
dev_1816.jpg,train2/dev_1816.jpg,사진 속 재활용품 중 플라스틱 재질인 것은 무엇입니까?,키보드,휴대폰 케이스,머리끈,립밤 용기,b
dev_1819.jpg,train2/dev_1819.jpg,사진 속 선반에 보이는 재활용 가능한 플라스틱 포장지는 무엇인가요?,투명한 비닐 포장지,종이 상자,플라스틱 튜브,금속 캔,c
dev_1819.jpg,train2/dev_1819.jpg,사진에 보이는 선반에 보이는 재활용 가능한 플라스틱 포장지는 무엇입니까?,투명한 비닐 포장지,플라스틱 튜브,금속 캔,종이 상자,b
dev_1827.jpg,train2/dev_1827.jpg,사진에 보이는 재활용품은 무엇인가요?,플라스틱 캔 2개,종이 상자 1개,유리병 1개,금속 캔 2개,b
dev_1827.jpg,train2/dev_1827.jpg,사진 속 재활용품은 무엇입니까?,종이 상자 1개,플라스틱 캔 2개,유리병 1개,금속 캔 2개,a
dev_1828.jpg,train2/dev_1828.jpg,사진에 보이는 재활용 가능한 플라스틱 병은 몇 개입니까?,3개,4개,5개,6개,c
dev_1828.jpg,train2/dev_1828.jpg,사진 속 재활용 가능한 플라스틱 병은 몇 개인가요?,4개,5개,6개,3개,b
dev_1834.jpg,train2/dev_1834.jpg,사진 속 흰색 원형 테이블 위에 놓인 재활용 가능한 플라스틱 병은 몇 개입니까?,1개,2개,3개,4개,c
dev_1834.jpg,train2/dev_1834.jpg,사진에 보이는 흰색 원형 테이블 위에 놓인 재활용 가능한 플라스틱 병은 몇 개인가요?,1개,3개,4개,2개,b
dev_1842.jpg,train2/dev_1842.jpg,사진 속 투명 비닐봉지 안에 보이는 재활용품 중 플라스틱 용기의 개수는 몇 개인가요?,3개,5개,7개,9개,d
dev_1842.jpg,train2/dev_1842.jpg,사진에 보이는 투명 비닐봉지 안에 보이는 재활용품 중 플라스틱 용기의 개수는 몇 개입니까?,7개,5개,9개,3개,c
dev_1843.jpg,train2/dev_1843.jpg,사진에 보이는 재활용품 중 플라스틱 병은 몇 개입니까?,8개,10개,12개,14개,d
dev_1843.jpg,train2/dev_1843.jpg,사진 속 재활용품 중 플라스틱 병은 몇 개인가요?,10개,12개,14개,8개,c
dev_1846.jpg,train2/dev_1846.jpg,사진 속 재활용 쓰레기통 안에 있는 플라스틱 컵 뚜껑의 색깔은 무엇인가요?,노란색,분홍색,검은색,투명색,d
dev_1846.jpg,train2/dev_1846.jpg,사진에 보이는 재활용 쓰레기통 안에 있는 플라스틱 컵 뚜껑의 색깔은 무엇입니까?,검은색,투명색,분홍색,노란색,b
dev_1847.jpg,train2/dev_1847.jpg,사진에 보이는 재활용 가능한 종이컵은 몇 개입니까?,1개,2개,3개,4개 이상,d
dev_1847.jpg,train2/dev_1847.jpg,사진 속 재활용 가능한 종이컵은 몇 개인가요?,1개,2개,4개 이상,3개,c
dev_1848.jpg,train2/dev_1848.jpg,사진에 보이는 재활용품 중 비닐봉투의 개수는 몇 개인가요?,1개,2개,3개,4개,d
dev_1848.jpg,train2/dev_1848.jpg,사진 속 재활용품 중 비닐봉투의 개수는 몇 개입니까?,3개,2개,1개,4개,d
dev_1853.jpg,train2/dev_1853.jpg,사진 속에 보이는 재활용품 중 플라스틱 병의 개수는 몇 개인가요?,1개,2개,3개,4개,a
dev_1853.jpg,train2/dev_1853.jpg,사진에 보이는 재활용품 중 플라스틱 병의 개수는 몇 개입니까?,3개,1개,4개,2개,b
dev_1862.jpg,train2/dev_1862.jpg,"사진에 보이는 재활용 분리수거함 중 '캔류, 깡통류'가 적혀 있는 봉투는 몇 번째 위치에 있나요?",첫 번째,세 번째,다섯 번째,여섯 번째,c
dev_1862.jpg,train2/dev_1862.jpg,"사진 속 재활용 분리수거함 중 '캔류, 깡통류'가 적혀 있는 봉투는 몇 번째 위치에 있습니까?",첫 번째,여섯 번째,세 번째,다섯 번째,d
dev_1871.jpg,train2/dev_1871.jpg,사진에 보이는 재활용품 중 플라스틱 재질의 음료 용기는 몇 개인가요?,1개,2개,3개,4개,c
dev_1871.jpg,train2/dev_1871.jpg,사진 속 재활용품 중 플라스틱 재질의 음료 용기는 몇 개입니까?,1개,2개,4개,3개,d
dev_1889.jpg,train2/dev_1889.jpg,"사진 속 선반에 있는 재활용품 중, 플라스틱 용기의 개수는 몇 개인가요?",2개,3개,4개,5개,d
dev_1889.jpg,train2/dev_1889.jpg,"사진에 보이는 선반에 있는 재활용품 중, 플라스틱 용기의 개수는 몇 개입니까?",4개,5개,3개,2개,b
dev_1890.jpg,train2/dev_1890.jpg,사진에 보이는 재활용 가능한 용기 중 플라스틱 재질인 것은 무엇인가요?,투명한 뚜껑과 빨대가 있는 컵,갈색 병,녹차가 담긴 초록색 병,검은색 포장지,c
dev_1890.jpg,train2/dev_1890.jpg,사진 속 재활용 가능한 용기 중 플라스틱 재질인 것은 무엇입니까?,갈색 병,녹차가 담긴 초록색 병,검은색 포장지,투명한 뚜껑과 빨대가 있는 컵,b
dev_1896.jpg,train2/dev_1896.jpg,사진에 보이는 재활용품 중 종이 상자의 개수는 몇 개인가요?,3개,5개,7개,9개,d
dev_1896.jpg,train2/dev_1896.jpg,사진 속 재활용품 중 종이 상자의 개수는 몇 개입니까?,3개,9개,7개,5개,b
dev_1897.jpg,train2/dev_1897.jpg,사진에 보이는 재활용품 중 종이 상자는 몇 개입니까?,1개,2개,3개,4개,b
dev_1897.jpg,train2/dev_1897.jpg,사진 속 재활용품 중 종이 상자는 몇 개인가요?,4개,2개,1개,3개,b
dev_1904.jpg,train2/dev_1904.jpg,사진에 보이는 재활용품 중 알루미늄 포장지는 몇 개입니까?,1개,2개,3개,4개,c
dev_1904.jpg,train2/dev_1904.jpg,사진 속 재활용품 중 알루미늄 포장지는 몇 개인가요?,1개,2개,4개,3개,d
dev_1908.jpg,train2/dev_1908.jpg,사진 속에서 재활용 가능한 플라스틱 용기는 무엇인가요?,하얀색 텀블러,초록색 껌 케이스,립밤 용기,검은색 마우스,c
dev_1908.jpg,train2/dev_1908.jpg,사진에서 재활용 가능한 플라스틱 용기는 무엇입니까?,하얀색 텀블러,검은색 마우스,립밤 용기,초록색 껌 케이스,c
dev_1912.jpg,train2/dev_1912.jpg,사진에서 재활용 가능한 종이 상자의 개수는 몇 개인가요?,3개,5개,7개,9개,d
dev_1912.jpg,train2/dev_1912.jpg,사진에서 재활용 가능한 종이 상자의 개수는 몇 개입니까?,5개,3개,7개,9개,d
dev_1916.jpg,train2/dev_1916.jpg,사진에 보이는 재활용 가능한 유리병의 개수는 몇 개인가요?,1개,2개,3개,4개,d
dev_1916.jpg,train2/dev_1916.jpg,사진 속 재활용 가능한 유리병의 개수는 몇 개입니까?,3개,1개,2개,4개,d
dev_1917.jpg,train2/dev_1917.jpg,사진 속 재활용백 안에 들어있는 병의 재질은 무엇인가요?,유리병,플라스틱 병,금속 캔,종이팩,a
dev_1917.jpg,train2/dev_1917.jpg,사진에 보이는 재활용백 안에 들어있는 병의 재질은 무엇입니까?,종이팩,금속 캔,플라스틱 병,유리병,d
dev_1924.jpg,train2/dev_1924.jpg,사진에 보이는 종이 재질의 커피 컵 홀더는 몇 개입니까?,3개,4개,5개,6개,d
dev_1924.jpg,train2/dev_1924.jpg,사진 속 종이 재질의 커피 컵 홀더는 몇 개인가요?,5개,6개,3개,4개,b
dev_1927.jpg,train2/dev_1927.jpg,사진에 보이는 재활용품 중 종이박스는 몇 개입니까?,2개,3개,4개,5개,d
dev_1927.jpg,train2/dev_1927.jpg,사진 속 재활용품 중 종이박스는 몇 개인가요?,5개,3개,2개,4개,a
dev_1929.jpg,train2/dev_1929.jpg,사진에 보이는 초록색 병은 몇 개입니까?,22개,24개,26개,28개,a
dev_1929.jpg,train2/dev_1929.jpg,사진 속 초록색 병은 몇 개인가요?,28개,26개,24개,22개,d
dev_1930.jpg,train2/dev_1930.jpg,사진에 보이는 재활용품 중 종이팩은 몇 개입니까?,1개,2개,3개,4개,c
dev_1930.jpg,train2/dev_1930.jpg,사진 속 재활용품 중 종이팩은 몇 개인가요?,1개,3개,4개,2개,b
dev_1951.jpg,train2/dev_1951.jpg,사진에 보이는 재활용품 중에서 플라스틱 병은 몇 개입니까?,1개,2개,3개,4개,c
dev_1951.jpg,train2/dev_1951.jpg,사진 속 재활용품 중에서 플라스틱 병은 몇 개인가요?,2개,4개,3개,1개,c
dev_1971.jpg,train2/dev_1971.jpg,사진 속 세면대 주변에 보이는 재활용 가능한 플라스틱 용기는 몇 개인가요?,1개,2개,3개,4개,b
dev_1971.jpg,train2/dev_1971.jpg,사진에 보이는 세면대 주변에 보이는 재활용 가능한 플라스틱 용기는 몇 개입니까?,2개,4개,3개,1개,a
dev_1975.jpg,train2/dev_1975.jpg,사진 속 재활용품 중 종이 재질의 상자는 몇 개입니까?,1개,2개,3개,4개 이상,d
dev_1975.jpg,train2/dev_1975.jpg,사진에 보이는 재활용품 중 종이 재질의 상자는 몇 개인가요?,1개,4개 이상,2개,3개,b
dev_1978.jpg,train2/dev_1978.jpg,사진에 보이는 재활용품 중 발포 스티로폼과 골판지 상자의 개수는 각각 몇 개인가요?,"발포 스티로폼 1개, 골판지 상자 1개","발포 스티로폼 2개, 골판지 상자 1개","발포 스티로폼 1개, 골판지 상자 2개","발포 스티로폼 2개, 골판지 상자 2개",c
dev_1978.jpg,train2/dev_1978.jpg,사진 속 재활용품 중 발포 스티로폼과 골판지 상자의 개수는 각각 몇 개입니까?,"발포 스티로폼 2개, 골판지 상자 1개","발포 스티로폼 1개, 골판지 상자 2개","발포 스티로폼 2개, 골판지 상자 2개","발포 스티로폼 1개, 골판지 상자 1개",b
dev_1979.jpg,train2/dev_1979.jpg,사진에 보이는 재활용품 중 플라스틱 재질의 컵은 몇 개입니까?,1개,2개,3개,4개,c
dev_1979.jpg,train2/dev_1979.jpg,사진 속 재활용품 중 플라스틱 재질의 컵은 몇 개인가요?,4개,1개,2개,3개,d
dev_1981.jpg,train2/dev_1981.jpg,사진에 보이는 재활용품 중 골판지 상자의 개수는 몇 개인가요?,1개,2개,3개,4개,d
dev_1981.jpg,train2/dev_1981.jpg,사진 속 재활용품 중 골판지 상자의 개수는 몇 개입니까?,1개,4개,2개,3개,b
dev_1983.jpg,train2/dev_1983.jpg,이 사진에서 재활용 가능한 초록색 병은 총 몇 개 있습니까?,3개,4개,5개,6개,a
dev_1983.jpg,train2/dev_1983.jpg,이 사진에서 재활용 가능한 초록색 병은 총 몇 개 있나요?,5개,4개,6개,3개,d
dev_1988.jpg,train2/dev_1988.jpg,이 트럭에 실려 있는 재활용품 중 유리병이 담긴 상자는 몇 개입니까?,3개,5개,7개,9개,d
dev_1988.jpg,train2/dev_1988.jpg,이 트럭에 실려 있는 재활용품 중 유리병이 담긴 상자는 몇 개인가요?,9개,3개,5개,7개,a
dev_1991.jpg,train2/dev_1991.jpg,파란색 상자 두 개에 담긴 재활용 가능한 병의 총 개수는 몇 개인가요?,8개,10개,12개,14개,d
dev_1991.jpg,train2/dev_1991.jpg,파란색 상자 두 개에 담긴 재활용 가능한 병의 총 개수는 몇 개입니까?,10개,14개,12개,8개,b
dev_1992.jpg,train2/dev_1992.jpg,이 상자 안에 들어있는 재활용품 중 종이 재질의 포장재는 몇 개입니까?,2개,3개,4개,5개,b
dev_1992.jpg,train2/dev_1992.jpg,이 상자 안에 들어있는 재활용품 중 종이 재질의 포장재는 몇 개인가요?,3개,2개,5개,4개,a
dev_1993.jpg,train2/dev_1993.jpg,사진에 보이는 재활용품 중 플라스틱 재질인 것은 무엇인가요?,컵라면 용기,김밥 포장지,젓가락,테이블,b
dev_1993.jpg,train2/dev_1993.jpg,사진 속 재활용품 중 플라스틱 재질인 것은 무엇입니까?,테이블,컵라면 용기,젓가락,김밥 포장지,d
dev_1996.jpg,train2/dev_1996.jpg,사진에 보이는 재활용 가능한 종이 상자의 개수는 몇 개인가요?,2개,3개,4개,5개,d
dev_1996.jpg,train2/dev_1996.jpg,사진 속 재활용 가능한 종이 상자의 개수는 몇 개입니까?,5개,3개,2개,4개,a
dev_2017.jpg,train2/dev_2017.jpg,사진 속 재활용 가능한 플라스틱 컵은 몇 개 있나요?,2개,3개,4개,5개,d
dev_2017.jpg,train2/dev_2017.jpg,사진에 보이는 재활용 가능한 플라스틱 컵은 몇 개 있습니까?,2개,5개,3개,4개,b
dev_2018.jpg,train2/dev_2018.jpg,사진에 보이는 재활용품 중 플라스틱 병의 뚜껑 색깔은 무엇인가요?,노란색,초록색,파란색,빨간색,b
dev_2018.jpg,train2/dev_2018.jpg,사진 속 재활용품 중 플라스틱 병의 뚜껑 색깔은 무엇입니까?,노란색,파란색,초록색,빨간색,c
dev_2026.jpg,train2/dev_2026.jpg,사진 속 재활용 쓰레기봉투 안에 있는 플라스틱 병은 몇 개입니까?,3개,4개,5개,6개,d
dev_2026.jpg,train2/dev_2026.jpg,사진에 보이는 재활용 쓰레기봉투 안에 있는 플라스틱 병은 몇 개인가요?,6개,5개,4개,3개,a
dev_2034.jpg,train2/dev_2034.jpg,사진 속 재활용품 중 플라스틱 용기의 개수는 몇 개인가요?,3개,5개,7개,9개,d
dev_2034.jpg,train2/dev_2034.jpg,사진에 보이는 재활용품 중 플라스틱 용기의 개수는 몇 개입니까?,9개,7개,5개,3개,a
dev_2041.jpg,train2/dev_2041.jpg,사진에 보이는 재활용품 중 골판지 상자의 개수는 몇 개인가요?,2개,3개,4개,5개,d
dev_2041.jpg,train2/dev_2041.jpg,사진 속 재활용품 중 골판지 상자의 개수는 몇 개입니까?,2개,4개,5개,3개,c
dev_2051.jpg,train2/dev_2051.jpg,사진에 보이는 재활용 가능한 플라스틱 컵 중 투명한 컵은 몇 개입니까?,7개,8개,9개,10개,d
dev_2051.jpg,train2/dev_2051.jpg,사진 속 재활용 가능한 플라스틱 컵 중 투명한 컵은 몇 개인가요?,9개,8개,10개,7개,c
dev_2059.jpg,train2/dev_2059.jpg,사진에 보이는 재활용 가능한 플라스틱 용기는 몇 개입니까?,1개,2개,3개,4개,d
dev_2059.jpg,train2/dev_2059.jpg,사진 속 재활용 가능한 플라스틱 용기는 몇 개인가요?,3개,1개,4개,2개,c
dev_2061.jpg,train2/dev_2061.jpg,책상 위에 보이는 재활용 가능한 플라스틱 병은 몇 개입니까?,0개,1개,2개,3개,a
dev_2061.jpg,train2/dev_2061.jpg,책상 위에 보이는 재활용 가능한 플라스틱 병은 몇 개인가요?,1개,3개,0개,2개,c
dev_2063.jpg,train2/dev_2063.jpg,사진에서 재활용 가능한 플라스틱 용기는 몇 개 있나요?,1개,2개,3개,4개,d
dev_2063.jpg,train2/dev_2063.jpg,사진에서 재활용 가능한 플라스틱 용기는 몇 개 있습니까?,4개,3개,2개,1개,a
dev_2064.jpg,train2/dev_2064.jpg,사진에 보이는 재활용 가능한 플라스틱 병은 몇 개입니까?,1개,2개,3개,4개,c
dev_2064.jpg,train2/dev_2064.jpg,사진 속 재활용 가능한 플라스틱 병은 몇 개인가요?,4개,1개,2개,3개,d
dev_2066.jpg,train2/dev_2066.jpg,사진 속에서 재활용 가능한 플라스틱 병은 몇 개 있나요?,1개,2개,3개,없음,b
dev_2066.jpg,train2/dev_2066.jpg,사진에서 재활용 가능한 플라스틱 병은 몇 개 있습니까?,3개,1개,2개,없음,c
dev_2072.jpg,train2/dev_2072.jpg,사진에 보이는 재활용품 중 골판지 상자는 몇 개입니까?,6개,8개,10개,12개,a
dev_2072.jpg,train2/dev_2072.jpg,사진 속 재활용품 중 골판지 상자는 몇 개인가요?,8개,6개,12개,10개,b
dev_2083.jpg,train2/dev_2083.jpg,사진에 보이는 재활용품 중 종이 재질의 과자 상자는 몇 개입니까?,3개,5개,7개,9개,d
dev_2083.jpg,train2/dev_2083.jpg,사진 속 재활용품 중 종이 재질의 과자 상자는 몇 개인가요?,9개,3개,5개,7개,a
dev_2084.jpg,train2/dev_2084.jpg,사진에 보이는 재활용품 중 종이 재질의 제품은 무엇인가요?,호끌릭 칩스 과자 봉지,종이컵,비타민 보충제 상자,플라스틱 물병,a
dev_2084.jpg,train2/dev_2084.jpg,사진 속 재활용품 중 종이 재질의 제품은 무엇입니까?,비타민 보충제 상자,종이컵,플라스틱 물병,호끌릭 칩스 과자 봉지,d
dev_2088.jpg,train2/dev_2088.jpg,사진에 보이는 재활용품 중 골판지 상자는 몇 개입니까?,1개,3개,5개 이상,없음,c
dev_2088.jpg,train2/dev_2088.jpg,사진 속 재활용품 중 골판지 상자는 몇 개인가요?,없음,1개,5개 이상,3개,c
dev_2089.jpg,train2/dev_2089.jpg,사진에 보이는 재활용 가능한 종이팩은 몇 개입니까?,2개,3개,4개,5개,d
dev_2089.jpg,train2/dev_2089.jpg,사진 속 재활용 가능한 종이팩은 몇 개인가요?,3개,5개,2개,4개,b
dev_2097.jpg,train2/dev_2097.jpg,사진 속 손에 들린 재활용품의 재질은 무엇인가요?,플라스틱,종이,유리,금속,b
dev_2097.jpg,train2/dev_2097.jpg,사진에 보이는 손에 들린 재활용품의 재질은 무엇입니까?,플라스틱,금속,종이,유리,c
dev_2100.jpg,train2/dev_2100.jpg,사진에 보이는 재활용품 중 알루미늄 포장지는 몇 개입니까?,1개,2개,3개,4개,c
dev_2100.jpg,train2/dev_2100.jpg,사진 속 재활용품 중 알루미늄 포장지는 몇 개인가요?,2개,1개,4개,3개,d
dev_2106.jpg,train2/dev_2106.jpg,사진에 보이는 재활용 가능한 병은 몇 개입니까?,13개,14개,15개,16개,b
dev_2106.jpg,train2/dev_2106.jpg,사진 속 재활용 가능한 병은 몇 개인가요?,13개,16개,15개,14개,d
dev_2111.jpg,train2/dev_2111.jpg,사진에 보이는 재활용 가능한 종이 상자의 개수는 몇 개인가요?,3개,5개,7개,9개,d
dev_2111.jpg,train2/dev_2111.jpg,사진 속 재활용 가능한 종이 상자의 개수는 몇 개입니까?,5개,7개,9개,3개,c
dev_2116.jpg,train2/dev_2116.jpg,사진 속 투명 플라스틱 컵과 빨대에 대해 옳은 설명은 무엇인가요?,플라스틱 컵과 빨대 모두 재활용이 가능하다.,플라스틱 컵은 재활용 가능하지만 빨대는 재활용 불가능하다.,빨대는 재활용 가능하지만 플라스틱 컵은 재활용 불가능하다.,플라스틱 컵과 빨대 모두 재활용이 불가능하다.,a
dev_2116.jpg,train2/dev_2116.jpg,사진에 보이는 투명 플라스틱 컵과 빨대에 대해 옳은 설명은 무엇입니까?,플라스틱 컵과 빨대 모두 재활용이 가능하다.,플라스틱 컵과 빨대 모두 재활용이 불가능하다.,빨대는 재활용 가능하지만 플라스틱 컵은 재활용 불가능하다.,플라스틱 컵은 재활용 가능하지만 빨대는 재활용 불가능하다.,a
dev_2120.jpg,train2/dev_2120.jpg,사진 속 재활용품 중 종이 재질로 분류되는 것은 무엇인가요?,종이컵,플라스틱 물티슈 케이스,비누 용기,종이 상자,d
dev_2120.jpg,train2/dev_2120.jpg,사진에 보이는 재활용품 중 종이 재질로 분류되는 것은 무엇입니까?,종이컵,비누 용기,플라스틱 물티슈 케이스,종이 상자,d
dev_2121.jpg,train2/dev_2121.jpg,사진에 보이는 재활용품 중 플라스틱 병의 뚜껑 색깔은 무엇인가요?,노란색,파란색,빨간색,초록색,d
dev_2121.jpg,train2/dev_2121.jpg,사진 속 재활용품 중 플라스틱 병의 뚜껑 색깔은 무엇입니까?,초록색,빨간색,노란색,파란색,a
dev_2135.jpg,train2/dev_2135.jpg,사진에 보이는 재활용 가능한 플라스틱 컵은 몇 개입니까?,1개,2개,3개,4개,a
dev_2135.jpg,train2/dev_2135.jpg,사진 속 재활용 가능한 플라스틱 컵은 몇 개인가요?,3개,1개,2개,4개,b
dev_2139.jpg,train2/dev_2139.jpg,사진에 보이는 재활용품 중 종이상자의 개수는 몇 개인가요?,5개,8개,12개,15개,d
dev_2139.jpg,train2/dev_2139.jpg,사진 속 재활용품 중 종이상자의 개수는 몇 개입니까?,15개,12개,5개,8개,a
dev_2142.jpg,train2/dev_2142.jpg,사진에 보이는 재활용 가능한 플라스틱 용기는 몇 개입니까?,1개,2개,3개,4개,a
dev_2142.jpg,train2/dev_2142.jpg,사진 속 재활용 가능한 플라스틱 용기는 몇 개인가요?,1개,3개,2개,4개,a
dev_2143.jpg,train2/dev_2143.jpg,사진에 보이는 재활용품 중 골판지 상자의 개수는 몇 개인가요?,2개,3개,4개,5개,d
dev_2143.jpg,train2/dev_2143.jpg,사진 속 재활용품 중 골판지 상자의 개수는 몇 개입니까?,5개,2개,4개,3개,a
dev_2158.jpg,train2/dev_2158.jpg,사진 속 재활용품 중 종이상자의 개수는 몇 개인가요?,5개,7개,9개,11개,d
dev_2158.jpg,train2/dev_2158.jpg,사진에 보이는 재활용품 중 종이상자의 개수는 몇 개입니까?,5개,11개,9개,7개,b
dev_2160.jpg,train2/dev_2160.jpg,사진에 보이는 재활용 가능한 플라스틱 빨대는 몇 개입니까?,8개,10개,12개,14개,d
dev_2160.jpg,train2/dev_2160.jpg,사진 속 재활용 가능한 플라스틱 빨대는 몇 개인가요?,8개,12개,14개,10개,c
dev_2163.jpg,train2/dev_2163.jpg,사진 속 재활용 봉투 안에 보이는 플라스틱 병의 개수는 몇 개인가요?,1개,2개,3개,4개,b
dev_2163.jpg,train2/dev_2163.jpg,사진에 보이는 재활용 봉투 안에 보이는 플라스틱 병의 개수는 몇 개입니까?,4개,1개,2개,3개,c
dev_2167.jpg,train2/dev_2167.jpg,사진에 보이는 재활용 가능한 포장재의 재질은 무엇인가요?,플라스틱,알루미늄 호일,종이,유리,b
dev_2167.jpg,train2/dev_2167.jpg,사진 속 재활용 가능한 포장재의 재질은 무엇입니까?,유리,플라스틱,알루미늄 호일,종이,c
dev_2175.jpg,train2/dev_2175.jpg,사진 속 상자 안에 있는 재활용 가능한 종이 포장재는 몇 개입니까?,3개,4개,5개,6개,a
dev_2175.jpg,train2/dev_2175.jpg,사진에 보이는 상자 안에 있는 재활용 가능한 종이 포장재는 몇 개인가요?,6개,5개,4개,3개,d
dev_2176.jpg,train2/dev_2176.jpg,사진에 보이는 재활용품 중 종이 재질인 것은 무엇인가요?,더 아이즈 점안액 상자,알코올 솜 상자,더 아이즈 점안액 포장지,알코올 솜 개별 포장지,b
dev_2176.jpg,train2/dev_2176.jpg,사진 속 재활용품 중 종이 재질인 것은 무엇입니까?,알코올 솜 개별 포장지,더 아이즈 점안액 상자,알코올 솜 상자,더 아이즈 점안액 포장지,c
dev_2180.jpg,train2/dev_2180.jpg,사진 속 재활용품 중에서 종이 재질의 포장재는 몇 개 보이나요?,2개,3개,4개,5개,d
dev_2180.jpg,train2/dev_2180.jpg,사진에 보이는 재활용품 중에서 종이 재질의 포장재는 몇 개 보입니까?,3개,4개,5개,2개,c
dev_2183.jpg,train2/dev_2183.jpg,사진 속 재활용 가능한 컵의 재질은 무엇인가요?,플라스틱,유리,금속,도자기,b
dev_2183.jpg,train2/dev_2183.jpg,사진에 보이는 재활용 가능한 컵의 재질은 무엇입니까?,유리,금속,플라스틱,도자기,a
dev_2186.jpg,train2/dev_2186.jpg,사진에 보이는 재활용품 중 종이 재질의 상자는 몇 개입니까?,1개,2개,3개,4개,d
dev_2186.jpg,train2/dev_2186.jpg,사진 속 재활용품 중 종이 재질의 상자는 몇 개인가요?,3개,1개,4개,2개,c
dev_2190.jpg,train2/dev_2190.jpg,사진 속 테이블 위에 있는 재활용 가능한 플라스틱 병은 몇 개입니까?,1개,2개,3개,4개,c
dev_2190.jpg,train2/dev_2190.jpg,사진에 보이는 테이블 위에 있는 재활용 가능한 플라스틱 병은 몇 개인가요?,3개,4개,1개,2개,a
dev_2193.jpg,train2/dev_2193.jpg,사진에 보이는 재활용품 중 종이상자의 개수는 몇 개인가요?,5개,7개,9개,11개,d
dev_2193.jpg,train2/dev_2193.jpg,사진 속 재활용품 중 종이상자의 개수는 몇 개입니까?,7개,11개,5개,9개,b
dev_2195.jpg,train2/dev_2195.jpg,사진 속 박스 안에 있는 재활용품 중 플라스틱 병은 몇 개입니까?,2개,3개,4개,5개,a
dev_2195.jpg,train2/dev_2195.jpg,사진에 보이는 박스 안에 있는 재활용품 중 플라스틱 병은 몇 개인가요?,2개,5개,4개,3개,a
dev_2196.jpg,train2/dev_2196.jpg,사진에 보이는 재활용품 중 플라스틱 용기의 개수는 몇 개인가요?,1개,2개,3개,4개,d
dev_2196.jpg,train2/dev_2196.jpg,사진 속 재활용품 중 플라스틱 용기의 개수는 몇 개입니까?,4개,1개,3개,2개,a
dev_2199.jpg,train2/dev_2199.jpg,사진 속 재활용품 분리수거함에 들어있는 종이컵은 몇 개입니까?,2개,3개,4개,5개,d
dev_2199.jpg,train2/dev_2199.jpg,사진에 보이는 재활용품 분리수거함에 들어있는 종이컵은 몇 개인가요?,3개,5개,4개,2개,b
dev_2201.jpg,train2/dev_2201.jpg,사진에 보이는 재활용품 중 플라스틱 뚜껑이 있는 용기는 무엇인가요?,하얀색 텀블러,커피 컵 뚜껑,음료 캔,비타민 C 포장 상자,b
dev_2201.jpg,train2/dev_2201.jpg,사진 속 재활용품 중 플라스틱 뚜껑이 있는 용기는 무엇입니까?,하얀색 텀블러,음료 캔,커피 컵 뚜껑,비타민 C 포장 상자,c
dev_2209.jpg,train2/dev_2209.jpg,사진에 보이는 재활용 가능한 용기의 재질은 무엇인가요?,플라스틱 컵,유리병,종이컵,금속 캔,c
dev_2209.jpg,train2/dev_2209.jpg,사진 속 재활용 가능한 용기의 재질은 무엇입니까?,종이컵,유리병,금속 캔,플라스틱 컵,a
dev_2213.jpg,train2/dev_2213.jpg,사진에 보이는 재활용 봉투 중 플라스틱 병이 주로 들어있는 봉투는 어떤 색인가요?,투명한 봉투,파란색 봉투,흰색 봉투,갈색 봉투,c
dev_2213.jpg,train2/dev_2213.jpg,사진 속 재활용 봉투 중 플라스틱 병이 주로 들어있는 봉투는 어떤 색인가요?,투명한 봉투,갈색 봉투,흰색 봉투,파란색 봉투,c
dev_2216.jpg,train2/dev_2216.jpg,사진 속 선반에 있는 재활용 가능한 유리병 중 'Jack Daniel's Tennessee Whiskey' 병은 몇 개 있나요?,10개,12개,15개,18개,d
dev_2216.jpg,train2/dev_2216.jpg,사진에 보이는 선반에 있는 재활용 가능한 유리병 중 'Jack Daniel's Tennessee Whiskey' 병은 몇 개 있습니까?,15개,12개,18개,10개,c
dev_2223.jpg,train2/dev_2223.jpg,사진에 보이는 재활용 가능한 플라스틱 컵은 몇 개인가요?,1개,2개,3개,4개,c
dev_2223.jpg,train2/dev_2223.jpg,사진 속 재활용 가능한 플라스틱 컵은 몇 개입니까?,1개,4개,3개,2개,c
dev_2224.jpg,train2/dev_2224.jpg,사진에 보이는 재활용 가능한 플라스틱 용기의 개수는 몇 개인가요?,1개,2개,3개,4개,d
dev_2224.jpg,train2/dev_2224.jpg,사진 속 재활용 가능한 플라스틱 용기의 개수는 몇 개입니까?,3개,1개,2개,4개,d
dev_2227.jpg,train2/dev_2227.jpg,사진에 보이는 재활용품 중 종이상자의 개수는 몇 개인가요?,3개,5개,7개,9개,d
dev_2227.jpg,train2/dev_2227.jpg,사진 속 재활용품 중 종이상자의 개수는 몇 개입니까?,5개,9개,3개,7개,b
dev_2232.jpg,train2/dev_2232.jpg,사진에 보이는 재활용품 중 종이팩은 몇 개입니까?,1개,2개,3개,4개,d
dev_2232.jpg,train2/dev_2232.jpg,사진 속 재활용품 중 종이팩은 몇 개인가요?,4개,3개,2개,1개,a
dev_2241.jpg,train2/dev_2241.jpg,사진에 보이는 재활용 가능한 플라스틱 포장지의 개수는 몇 개인가요?,5개,6개,7개,8개,b
dev_2241.jpg,train2/dev_2241.jpg,사진 속 재활용 가능한 플라스틱 포장지의 개수는 몇 개입니까?,5개,8개,7개,6개,d
dev_2242.jpg,train2/dev_2242.jpg,사진 속 재활용품 봉투 안에 들어있는 캔은 몇 개입니까?,3개,4개,5개,6개,b
dev_2242.jpg,train2/dev_2242.jpg,사진에 보이는 재활용품 봉투 안에 들어있는 캔은 몇 개인가요?,5개,6개,4개,3개,c
dev_2244.jpg,train2/dev_2244.jpg,사진에서 재활용 가능한 종이 상자는 어디에 가장 많이 쌓여 있나요?,사진 오른쪽 위,사진 왼쪽 위,사진 중앙 아래,사진 오른쪽 아래,a
dev_2244.jpg,train2/dev_2244.jpg,사진에서 재활용 가능한 종이 상자는 어디에 가장 많이 쌓여 있습니까?,사진 오른쪽 아래,사진 왼쪽 위,사진 오른쪽 위,사진 중앙 아래,c
dev_2246.jpg,train2/dev_2246.jpg,사진에 보이는 재활용 가능한 종이 상자는 몇 개입니까?,1개,2개,3개,4개 이상,d
dev_2246.jpg,train2/dev_2246.jpg,사진 속 재활용 가능한 종이 상자는 몇 개인가요?,2개,1개,3개,4개 이상,d
dev_2247.jpg,train2/dev_2247.jpg,책상 위에 놓인 음료 용기 중 재활용 가능한 플라스틱 컵은 몇 개인가요?,0개,1개,2개,3개,c
dev_2247.jpg,train2/dev_2247.jpg,책상 위에 놓인 음료 용기 중 재활용 가능한 플라스틱 컵은 몇 개입니까?,0개,1개,3개,2개,d
dev_2248.jpg,train2/dev_2248.jpg,사진 속 재활용품 중 종이 재질의 상자는 몇 개입니까?,2개,3개,4개,5개,d
dev_2248.jpg,train2/dev_2248.jpg,사진에 보이는 재활용품 중 종이 재질의 상자는 몇 개인가요?,5개,4개,2개,3개,a
dev_2262.jpg,train2/dev_2262.jpg,사진 속 재활용품 중 종이 재질인 것은 무엇인가요?,두유 상자,커피 컵 뚜껑,종이에 그려진 그림,플라스틱 빨대,a
dev_2262.jpg,train2/dev_2262.jpg,사진에 보이는 재활용품 중 종이 재질인 것은 무엇입니까?,두유 상자,종이에 그려진 그림,플라스틱 빨대,커피 컵 뚜껑,a
dev_2264.jpg,train2/dev_2264.jpg,사진에 보이는 재활용 가능한 플라스틱 병은 몇 개입니까?,1개,3개,5개,7개,d
dev_2264.jpg,train2/dev_2264.jpg,사진 속 재활용 가능한 플라스틱 병은 몇 개인가요?,5개,7개,3개,1개,b
dev_2266.jpg,train2/dev_2266.jpg,사진에 보이는 재활용품 중 플라스틱 재질의 바구니는 몇 개입니까?,2개,3개,4개,5개,d
dev_2266.jpg,train2/dev_2266.jpg,사진 속 재활용품 중 플라스틱 재질의 바구니는 몇 개인가요?,3개,2개,5개,4개,c
dev_2271.jpg,train2/dev_2271.jpg,사진에 보이는 재활용품 중 종이팩의 개수는 몇 개인가요?,1개,2개,3개,4개,a
dev_2271.jpg,train2/dev_2271.jpg,사진 속 재활용품 중 종이팩의 개수는 몇 개입니까?,1개,3개,4개,2개,a
dev_2273.jpg,train2/dev_2273.jpg,사진에 보이는 재활용 가능한 종이 상자의 개수는 몇 개인가요?,5개,6개,7개,8개,b
dev_2273.jpg,train2/dev_2273.jpg,사진 속 재활용 가능한 종이 상자의 개수는 몇 개입니까?,8개,6개,7개,5개,b
dev_2286.jpg,train2/dev_2286.jpg,사진에 보이는 재활용 가능한 상자의 개수는 몇 개인가요?,1개,2개,3개,4개,c
dev_2286.jpg,train2/dev_2286.jpg,사진 속 재활용 가능한 상자의 개수는 몇 개입니까?,2개,1개,4개,3개,d
dev_2309.jpg,train2/dev_2309.jpg,사진에 보이는 재활용품 중 플라스틱 컵은 몇 개인가요?,1개,2개,3개,4개,a
dev_2309.jpg,train2/dev_2309.jpg,사진 속 재활용품 중 플라스틱 컵은 몇 개입니까?,4개,2개,1개,3개,c
dev_2318.jpg,train2/dev_2318.jpg,사진에 보이는 투명 플라스틱 컵은 총 몇 개입니까?,5개,7개,9개,11개,d
dev_2318.jpg,train2/dev_2318.jpg,사진 속 투명 플라스틱 컵은 총 몇 개인가요?,9개,7개,5개,11개,d
dev_2320.jpg,train2/dev_2320.jpg,벤치 위에 놓인 재활용품 중 캔의 개수는 몇 개인가요?,2개,3개,4개,5개,c
dev_2320.jpg,train2/dev_2320.jpg,벤치 위에 놓인 재활용품 중 캔의 개수는 몇 개입니까?,2개,5개,4개,3개,c
dev_2328.jpg,train2/dev_2328.jpg,사진에 보이는 재활용품 중 플라스틱 용기에 해당하는 것은 무엇인가요?,감자칩 봉지,빵 포장지,컵라면 용기,키보드,a
dev_2328.jpg,train2/dev_2328.jpg,사진 속 재활용품 중 플라스틱 용기에 해당하는 것은 무엇입니까?,빵 포장지,키보드,감자칩 봉지,컵라면 용기,c
dev_2332.jpg,train2/dev_2332.jpg,사진에 보이는 재활용 가능한 종이 상자는 몇 개입니까?,3개,4개,5개,6개,d
dev_2332.jpg,train2/dev_2332.jpg,사진 속 재활용 가능한 종이 상자는 몇 개인가요?,4개,6개,5개,3개,b
dev_2333.jpg,train2/dev_2333.jpg,사진에 보이는 재활용 가능한 플라스틱 파일 홀더는 몇 개입니까?,1개,2개,3개,4개,a
dev_2333.jpg,train2/dev_2333.jpg,사진 속 재활용 가능한 플라스틱 파일 홀더는 몇 개인가요?,2개,3개,1개,4개,c
dev_2342.jpg,train2/dev_2342.jpg,사진 속 선반 위에 놓인 재활용품 중 종이 재질의 물건은 무엇인가요?,하얀색 `lil HYBRID`상자,노란색 `MAMES COFFEE` 봉지,파란색 작은 상자,투명한 플라스틱 뚜껑,a
dev_2342.jpg,train2/dev_2342.jpg,사진에 보이는 선반 위에 놓인 재활용품 중 종이 재질의 물건은 무엇입니까?,하얀색 `lil HYBRID`상자,파란색 작은 상자,투명한 플라스틱 뚜껑,노란색 `MAMES COFFEE` 봉지,a
dev_2344.jpg,train2/dev_2344.jpg,사진에 보이는 재활용품 중 종이 재질의 포장 상자는 몇 개입니까?,5개,7개,9개,11개,d
dev_2344.jpg,train2/dev_2344.jpg,사진 속 재활용품 중 종이 재질의 포장 상자는 몇 개인가요?,9개,5개,7개,11개,d
dev_2347.jpg,train2/dev_2347.jpg,사진 속 재활용품 중 캔의 개수는 몇 개인가요?,3개,4개,5개,6개,d
dev_2347.jpg,train2/dev_2347.jpg,사진에 보이는 재활용품 중 캔의 개수는 몇 개입니까?,4개,5개,3개,6개,d
dev_2355.jpg,train2/dev_2355.jpg,사진에 보이는 재활용 가능한 플라스틱 컵은 몇 개입니까?,3개,4개,5개,6개,d
dev_2355.jpg,train2/dev_2355.jpg,사진 속 재활용 가능한 플라스틱 컵은 몇 개인가요?,3개,5개,4개,6개,d
dev_2366.jpg,train2/dev_2366.jpg,사진에서 재활용 가능한 플라스틱 용기는 어디에 있나요?,차 옆 바닥에 있는 갈색과 빨간색 포장지,하얀 벽 옆 바닥에 있는 유리병,차 앞 바닥에 있는 금속 캔,사진에 재활용 가능한 플라스틱 용기가 없음,d
dev_2366.jpg,train2/dev_2366.jpg,사진에서 재활용 가능한 플라스틱 용기는 어디에 있습니까?,하얀 벽 옆 바닥에 있는 유리병,사진에 재활용 가능한 플라스틱 용기가 없음,차 앞 바닥에 있는 금속 캔,차 옆 바닥에 있는 갈색과 빨간색 포장지,b
dev_2371.jpg,train2/dev_2371.jpg,사진에 보이는 재활용품 중 어떤 재질의 포장지가 있나요?,종이 포장지,플라스틱 포장지,알루미늄 포장지,유리병,b
dev_2371.jpg,train2/dev_2371.jpg,사진 속 재활용품 중 어떤 재질의 포장지가 있습니까?,플라스틱 포장지,유리병,알루미늄 포장지,종이 포장지,a
dev_2374.jpg,train2/dev_2374.jpg,사진 속 재활용 가능한 용기는 무엇입니까?,종이 재질의 치킨 양동이,유리병,종이팩 주스 용기,모두 해당,a
dev_2374.jpg,train2/dev_2374.jpg,사진에 보이는 재활용 가능한 용기는 무엇인가요?,모두 해당,종이팩 주스 용기,종이 재질의 치킨 양동이,유리병,c
dev_2381.jpg,train2/dev_2381.jpg,사진 속 재활용 쓰레기통 안에 보이는 플라스틱 병은 몇 개입니까?,1개,2개,3개,4개,a
dev_2381.jpg,train2/dev_2381.jpg,사진에 보이는 재활용 쓰레기통 안에 보이는 플라스틱 병은 몇 개인가요?,2개,1개,3개,4개,b
dev_2383.jpg,train2/dev_2383.jpg,사진에 보이는 재활용 가능한 종이컵은 어디에 있나요?,회색 운동화 옆,흰색 운동화 옆,회색 운동화 안쪽,회색 운동화 뒤쪽,a
dev_2383.jpg,train2/dev_2383.jpg,사진 속 재활용 가능한 종이컵은 어디에 있습니까?,회색 운동화 옆,회색 운동화 뒤쪽,회색 운동화 안쪽,흰색 운동화 옆,a
dev_2387.jpg,train2/dev_2387.jpg,사진에 보이는 재활용 가능한 유리병의 뚜껑 재질은 무엇인가요?,플라스틱,금속,종이,유리,a
dev_2387.jpg,train2/dev_2387.jpg,사진 속 재활용 가능한 유리병의 뚜껑 재질은 무엇입니까?,종이,유리,금속,플라스틱,d
dev_2392.jpg,train2/dev_2392.jpg,사진에 보이는 재활용품의 재질은 무엇인가요?,플라스틱,종이,금속,유리,b
dev_2392.jpg,train2/dev_2392.jpg,사진 속 재활용품의 재질은 무엇입니까?,금속,플라스틱,유리,종이,d
dev_2396.jpg,train2/dev_2396.jpg,사진에 보이는 재활용 가능한 캔은 몇 개입니까?,1개,2개,3개,4개,b
dev_2396.jpg,train2/dev_2396.jpg,사진 속 재활용 가능한 캔은 몇 개인가요?,3개,2개,4개,1개,b
dev_2398.jpg,train2/dev_2398.jpg,사진 속 재활용 쓰레기통에 들어있는 재활용품 중 종이 재질의 상자는 몇 개입니까?,1개,2개,3개,4개,d
dev_2398.jpg,train2/dev_2398.jpg,사진에 보이는 재활용 쓰레기통에 들어있는 재활용품 중 종이 재질의 상자는 몇 개인가요?,1개,2개,4개,3개,c
dev_2404.jpg,train2/dev_2404.jpg,사진에 보이는 재활용품 중 종이 재질의 포장지는 몇 개입니까?,1개,2개,3개,4개,b
dev_2404.jpg,train2/dev_2404.jpg,사진 속 재활용품 중 종이 재질의 포장지는 몇 개인가요?,1개,2개,4개,3개,b
dev_2405.jpg,train2/dev_2405.jpg,사진 속 재활용품 중 플라스틱 재질의 용기는 몇 개입니까?,1개,2개,3개,4개,a
dev_2405.jpg,train2/dev_2405.jpg,사진에 보이는 재활용품 중 플라스틱 재질의 용기는 몇 개인가요?,4개,3개,1개,2개,c
dev_2408.jpg,train2/dev_2408.jpg,사진에 보이는 캔은 총 몇 개인가요?,3개,4개,5개,6개,c
dev_2408.jpg,train2/dev_2408.jpg,사진 속 캔은 총 몇 개입니까?,4개,6개,5개,3개,c
dev_2410.jpg,train2/dev_2410.jpg,사진 속 음료가 담긴 용기의 재질은 무엇인가요?,플라스틱 컵,유리병,종이컵,금속 캔,b
dev_2410.jpg,train2/dev_2410.jpg,사진에 보이는 음료가 담긴 용기의 재질은 무엇입니까?,금속 캔,플라스틱 컵,종이컵,유리병,d
dev_2418.jpg,train2/dev_2418.jpg,사진 속 재활용품 중 종이류는 몇 개입니까?,5개,7개,9개,11개,d
dev_2418.jpg,train2/dev_2418.jpg,사진에 보이는 재활용품 중 종이류는 몇 개인가요?,5개,7개,11개,9개,c
dev_2419.jpg,train2/dev_2419.jpg,사진 속 상자 안에 있는 재활용 가능한 종이 포장재는 몇 개입니까?,1개,2개,3개,4개,c
dev_2419.jpg,train2/dev_2419.jpg,사진에 보이는 상자 안에 있는 재활용 가능한 종이 포장재는 몇 개인가요?,1개,4개,2개,3개,d
dev_2421.jpg,train2/dev_2421.jpg,사진에 보이는 재활용품 중 플라스틱 컵은 몇 개입니까?,10개,12개,15개,20개,d
dev_2421.jpg,train2/dev_2421.jpg,사진 속 재활용품 중 플라스틱 컵은 몇 개인가요?,12개,15개,10개,20개,d
dev_2423.jpg,train2/dev_2423.jpg,사진에 보이는 재활용품 중 플라스틱 재질의 품목은 무엇인가요?,플라스틱 병과 플라스틱 컵,플라스틱 병과 알루미늄 캔,종이 상자와 플라스틱 컵,알루미늄 캔과 종이 상자,b
dev_2423.jpg,train2/dev_2423.jpg,사진 속 재활용품 중 플라스틱 재질의 품목은 무엇입니까?,플라스틱 병과 플라스틱 컵,알루미늄 캔과 종이 상자,플라스틱 병과 알루미늄 캔,종이 상자와 플라스틱 컵,c
dev_2431.jpg,train2/dev_2431.jpg,사진 속 재활용품 중 플라스틱 병의 개수는 몇 개인가요?,2개,3개,4개,5개,d
dev_2431.jpg,train2/dev_2431.jpg,사진에 보이는 재활용품 중 플라스틱 병의 개수는 몇 개입니까?,2개,4개,3개,5개,d
dev_2437.jpg,train2/dev_2437.jpg,사진에 보이는 재활용 가능한 플라스틱 컵은 몇 개입니까?,7개,9개,11개,13개,d
dev_2437.jpg,train2/dev_2437.jpg,사진 속 재활용 가능한 플라스틱 컵은 몇 개인가요?,7개,13개,9개,11개,b
dev_2445.jpg,train2/dev_2445.jpg,사진에 보이는 재활용품 중 골판지 상자는 몇 개입니까?,2개,3개,4개,5개,d
dev_2445.jpg,train2/dev_2445.jpg,사진 속 재활용품 중 골판지 상자는 몇 개인가요?,2개,5개,3개,4개,b
dev_2452.jpg,train2/dev_2452.jpg,사진 속 재활용 가능한 페트병의 뚜껑 색깔은 무엇인가요?,노란색,파란색,빨간색,초록색,d
dev_2452.jpg,train2/dev_2452.jpg,사진에 보이는 재활용 가능한 페트병의 뚜껑 색깔은 무엇입니까?,초록색,노란색,빨간색,파란색,a
dev_2454.jpg,train2/dev_2454.jpg,사진 속 재활용품 중 종이 재질의 박스는 몇 개입니까?,2개,3개,4개,5개,d
dev_2454.jpg,train2/dev_2454.jpg,사진에 보이는 재활용품 중 종이 재질의 박스는 몇 개인가요?,5개,2개,4개,3개,a
dev_2456.jpg,train2/dev_2456.jpg,사진에 보이는 재활용 가능한 종이 상자의 개수는 몇 개인가요?,1개,2개,3개,4개,a
dev_2456.jpg,train2/dev_2456.jpg,사진 속 재활용 가능한 종이 상자의 개수는 몇 개입니까?,4개,2개,1개,3개,c
dev_2467.jpg,train2/dev_2467.jpg,사진 속에 보이는 재활용 가능한 플라스틱 컵은 몇 개입니까?,10개,12개,15개,17개,d
dev_2467.jpg,train2/dev_2467.jpg,사진에 보이는 재활용 가능한 플라스틱 컵은 몇 개인가요?,15개,10개,17개,12개,c
dev_2472.jpg,train2/dev_2472.jpg,사진에 보이는 음료 용기 중 알루미늄 캔은 몇 개인가요?,1개,2개,3개,4개,d
dev_2472.jpg,train2/dev_2472.jpg,사진 속 음료 용기 중 알루미늄 캔은 몇 개입니까?,4개,2개,3개,1개,a
dev_2479.jpg,train2/dev_2479.jpg,사진 속 상자 안에 있는 재활용품 중 플라스틱 용기는 몇 개입니까?,1개,2개,3개,4개,a
dev_2479.jpg,train2/dev_2479.jpg,사진에 보이는 상자 안에 있는 재활용품 중 플라스틱 용기는 몇 개인가요?,1개,3개,2개,4개,a
dev_2480.jpg,train2/dev_2480.jpg,사진 속 투명한 비닐봉지 안에 들어있는 재활용 가능한 플라스틱 병은 몇 개입니까?,1개,2개,3개,4개,c
dev_2480.jpg,train2/dev_2480.jpg,사진에 보이는 투명한 비닐봉지 안에 들어있는 재활용 가능한 플라스틱 병은 몇 개인가요?,2개,4개,1개,3개,d
dev_2484.jpg,train2/dev_2484.jpg,사진에 보이는 재활용 가능한 병의 종류는 무엇인가요?,플라스틱 병 2개,유리 병 2개,금속 캔 2개,종이 상자 2개,a
dev_2484.jpg,train2/dev_2484.jpg,사진 속 재활용 가능한 병의 종류는 무엇입니까?,종이 상자 2개,플라스틱 병 2개,금속 캔 2개,유리 병 2개,b
dev_2488.jpg,train2/dev_2488.jpg,사진 속 재활용 봉투 위에 놓여진 투명한 플라스틱 병은 몇 개입니까?,1개,2개,3개,4개,a
dev_2488.jpg,train2/dev_2488.jpg,사진에 보이는 재활용 봉투 위에 놓여진 투명한 플라스틱 병은 몇 개인가요?,3개,4개,2개,1개,d
dev_2489.jpg,train2/dev_2489.jpg,사진 속 노란색 포장재로 된 재활용품은 어떤 재질인가요?,플라스틱,종이,유리,금속,b
dev_2489.jpg,train2/dev_2489.jpg,사진에 보이는 노란색 포장재로 된 재활용품은 어떤 재질인가요?,플라스틱,금속,유리,종이,d
dev_2495.jpg,train2/dev_2495.jpg,사진 속 재활용품 중 플라스틱 용기의 개수는 몇 개인가요?,3개,5개,7개,9개,d
dev_2495.jpg,train2/dev_2495.jpg,사진에 보이는 재활용품 중 플라스틱 용기의 개수는 몇 개입니까?,9개,5개,3개,7개,a
dev_2508.jpg,train2/dev_2508.jpg,사진에 보이는 재활용품 중 종이 상자의 개수는 몇 개인가요?,3개,5개,7개,9개,d
dev_2508.jpg,train2/dev_2508.jpg,사진 속 재활용품 중 종이 상자의 개수는 몇 개입니까?,7개,9개,5개,3개,b
dev_2518.jpg,train2/dev_2518.jpg,사진 속 재활용품 봉투 안에 있는 캔의 개수는 몇 개인가요?,1개,2개,3개,4개,c
dev_2518.jpg,train2/dev_2518.jpg,사진에 보이는 재활용품 봉투 안에 있는 캔의 개수는 몇 개입니까?,1개,2개,4개,3개,d
dev_2522.jpg,train2/dev_2522.jpg,사진 속 쓰레기봉투 안에 보이는 재활용 가능한 컵은 어떤 재질인가요?,종이컵,플라스틱컵,유리컵,금속컵,b
dev_2522.jpg,train2/dev_2522.jpg,사진에 보이는 쓰레기봉투 안에 보이는 재활용 가능한 컵은 어떤 재질인가요?,플라스틱컵,금속컵,유리컵,종이컵,a
dev_2526.jpg,train2/dev_2526.jpg,책상 위에 있는 재활용 가능한 종이컵은 몇 개입니까?,1개,2개,3개,4개,a
dev_2526.jpg,train2/dev_2526.jpg,책상 위에 있는 재활용 가능한 종이컵은 몇 개인가요?,2개,1개,4개,3개,b
dev_2530.jpg,train2/dev_2530.jpg,사진에 보이는 재활용품 중 플라스틱 용기의 개수는 몇 개인가요?,5개,6개,7개,8개,d
dev_2530.jpg,train2/dev_2530.jpg,사진 속 재활용품 중 플라스틱 용기의 개수는 몇 개입니까?,6개,7개,5개,8개,d
dev_2531.jpg,train2/dev_2531.jpg,사진에 보이는 재활용품 중 금속 재질의 용기는 몇 개인가요?,1개,2개,3개,4개,b
dev_2531.jpg,train2/dev_2531.jpg,사진 속 재활용품 중 금속 재질의 용기는 몇 개입니까?,4개,2개,3개,1개,b
dev_2536.jpg,train2/dev_2536.jpg,사진 속 테이블 위에 놓인 재활용 가능한 병은 몇 개입니까?,7개,8개,9개,10개,d
dev_2536.jpg,train2/dev_2536.jpg,사진에 보이는 테이블 위에 놓인 재활용 가능한 병은 몇 개인가요?,7개,10개,8개,9개,b
dev_2541.jpg,train2/dev_2541.jpg,사진에 보이는 재활용품 중 골판지 상자의 개수는 몇 개인가요?,1개,2개,3개,4개,d
dev_2541.jpg,train2/dev_2541.jpg,사진 속 재활용품 중 골판지 상자의 개수는 몇 개입니까?,2개,4개,3개,1개,b
dev_2542.jpg,train2/dev_2542.jpg,사진에 보이는 캔 중에서 금색 캔은 몇 개입니까?,2개,3개,4개,5개,a
dev_2542.jpg,train2/dev_2542.jpg,사진 속 캔 중에서 금색 캔은 몇 개인가요?,3개,2개,4개,5개,b
dev_2552.jpg,train2/dev_2552.jpg,사진에 보이는 재활용품 중 종이상자의 개수는 몇 개인가요?,3개,5개,7개,9개,d
dev_2552.jpg,train2/dev_2552.jpg,사진 속 재활용품 중 종이상자의 개수는 몇 개입니까?,9개,5개,3개,7개,a
dev_2553.jpg,train2/dev_2553.jpg,사진에 보이는 재활용품 중 플라스틱 병과 캔의 개수는 각각 몇 개인가요?,"플라스틱 병 1개, 캔 1개","플라스틱 병 2개, 캔 1개","플라스틱 병 1개, 캔 2개","플라스틱 병 2개, 캔 2개",b
dev_2553.jpg,train2/dev_2553.jpg,사진 속 재활용품 중 플라스틱 병과 캔의 개수는 각각 몇 개입니까?,"플라스틱 병 1개, 캔 2개","플라스틱 병 1개, 캔 1개","플라스틱 병 2개, 캔 2개","플라스틱 병 2개, 캔 1개",d
dev_2555.jpg,train2/dev_2555.jpg,사진 속 재활용품으로 적절한 것은 무엇인가요?,플라스틱 뚜껑이 있는 종이컵,유리병,금속 캔,플라스틱 병,d
dev_2555.jpg,train2/dev_2555.jpg,사진에 보이는 재활용품으로 적절한 것은 무엇입니까?,금속 캔,플라스틱 병,유리병,플라스틱 뚜껑이 있는 종이컵,b
dev_2562.jpg,train2/dev_2562.jpg,사진에 보이는 상자들 중 종이 재질의 재활용품은 몇 개입니까?,5개,7개,9개,11개,d
dev_2562.jpg,train2/dev_2562.jpg,사진 속 상자들 중 종이 재질의 재활용품은 몇 개인가요?,9개,5개,7개,11개,d
dev_2565.jpg,train2/dev_2565.jpg,사진에 보이는 재활용품 중 종이 상자는 몇 개 있습니까?,3개,5개,7개,9개,d
dev_2565.jpg,train2/dev_2565.jpg,사진 속 재활용품 중 종이 상자는 몇 개 있나요?,9개,5개,3개,7개,a
dev_2570.jpg,train2/dev_2570.jpg,사진에 보이는 투명 플라스틱 컵은 총 몇 개입니까?,3개,4개,5개,6개,d
dev_2570.jpg,train2/dev_2570.jpg,사진 속 투명 플라스틱 컵은 총 몇 개인가요?,6개,5개,4개,3개,a
dev_2573.jpg,train2/dev_2573.jpg,사진 속 재활용 가능한 플라스틱 컵은 몇 개인가요?,1개,2개,3개,4개,d
dev_2573.jpg,train2/dev_2573.jpg,사진에 보이는 재활용 가능한 플라스틱 컵은 몇 개입니까?,4개,2개,1개,3개,a
dev_2577.jpg,train2/dev_2577.jpg,사진에 보이는 재활용품 중 플라스틱 컵은 몇 개입니까?,2개,3개,4개,5개,c
dev_2577.jpg,train2/dev_2577.jpg,사진 속 재활용품 중 플라스틱 컵은 몇 개인가요?,3개,2개,4개,5개,c
dev_2580.jpg,train2/dev_2580.jpg,사진에 보이는 재활용 가능한 플라스틱 컵은 몇 개입니까?,2개,3개,4개,5개,b
dev_2580.jpg,train2/dev_2580.jpg,사진 속 재활용 가능한 플라스틱 컵은 몇 개인가요?,2개,4개,3개,5개,c
dev_2585.jpg,train2/dev_2585.jpg,사진에 보이는 재활용품 중 종이 재질인 것은 무엇인가요?,초코비스킷 포장지,검은색 음료 팩,종이 쪽지,은색 비닐 포장지,b
dev_2585.jpg,train2/dev_2585.jpg,사진 속 재활용품 중 종이 재질인 것은 무엇입니까?,은색 비닐 포장지,초코비스킷 포장지,검은색 음료 팩,종이 쪽지,c
dev_2590.jpg,train2/dev_2590.jpg,사진 속에 보이는 재활용품 중 플라스틱 병의 개수는 몇 개인가요?,1개,2개,3개,4개,a
dev_2590.jpg,train2/dev_2590.jpg,사진에 보이는 재활용품 중 플라스틱 병의 개수는 몇 개입니까?,2개,3개,4개,1개,d
dev_2593.jpg,train2/dev_2593.jpg,사진 속 재활용품 중 알루미늄 캔은 몇 개 보이나요?,5개,7개,9개,11개,d
dev_2593.jpg,train2/dev_2593.jpg,사진에 보이는 재활용품 중 알루미늄 캔은 몇 개 보입니까?,9개,5개,7개,11개,d
dev_2594.jpg,train2/dev_2594.jpg,사진에 보이는 재활용품 중 종이 재질의 물건은 몇 개입니까?,1개,2개,3개,4개,a
dev_2594.jpg,train2/dev_2594.jpg,사진 속 재활용품 중 종이 재질의 물건은 몇 개인가요?,4개,2개,1개,3개,c
dev_2598.jpg,train2/dev_2598.jpg,사진에서 재활용 가능한 플라스틱 병은 몇 개 보이나요?,0개,1개,2개,3개,a
dev_2598.jpg,train2/dev_2598.jpg,사진에서 재활용 가능한 플라스틱 병은 몇 개 보입니까?,0개,2개,3개,1개,a
dev_2603.jpg,train2/dev_2603.jpg,사진 속 상자 안에 있는 재활용품 중 캔 음료는 몇 개입니까?,2개,3개,4개,5개,d
dev_2603.jpg,train2/dev_2603.jpg,사진에 보이는 상자 안에 있는 재활용품 중 캔 음료는 몇 개인가요?,5개,3개,2개,4개,a
dev_2609.jpg,train2/dev_2609.jpg,사진에 보이는 재활용품 중 종이 재질의 상자는 몇 개입니까?,1개,2개,3개,4개,d
dev_2609.jpg,train2/dev_2609.jpg,사진 속 재활용품 중 종이 재질의 상자는 몇 개인가요?,3개,1개,2개,4개,d
dev_2610.jpg,train2/dev_2610.jpg,사진에 보이는 재활용 가능한 플라스틱 병의 위치는 어디인가요?,왼쪽 바닥에 있음,오른쪽 바닥에 있음,운동기구 위에 있음,매트 위에 있음,d
dev_2610.jpg,train2/dev_2610.jpg,사진 속 재활용 가능한 플라스틱 병의 위치는 어디입니까?,왼쪽 바닥에 있음,오른쪽 바닥에 있음,매트 위에 있음,운동기구 위에 있음,c
dev_2615.jpg,train2/dev_2615.jpg,사진 속 투명 플라스틱 컵 안에 담긴 재활용품 중에서 몇 개의 플라스틱 빨대가 보이나요?,3개,5개,7개,9개,d
dev_2615.jpg,train2/dev_2615.jpg,사진에 보이는 투명 플라스틱 컵 안에 담긴 재활용품 중에서 몇 개의 플라스틱 빨대가 보입니까?,7개,9개,3개,5개,b
dev_2623.jpg,train2/dev_2623.jpg,사진에 보이는 재활용 가능한 플라스틱 병은 총 몇 개입니까?,5개,6개,7개,8개,b
dev_2623.jpg,train2/dev_2623.jpg,사진 속 재활용 가능한 플라스틱 병은 총 몇 개인가요?,8개,5개,6개,7개,c
dev_2624.jpg,train2/dev_2624.jpg,사진에 보이는 재활용품 상자에는 어떤 종류의 재활용품이 들어있다고 적혀 있나요?,플라스틱 컵,종이 상자,유리병,금속 캔,b
dev_2624.jpg,train2/dev_2624.jpg,사진 속 재활용품 상자에는 어떤 종류의 재활용품이 들어있다고 적혀 있습니까?,유리병,금속 캔,종이 상자,플라스틱 컵,c
dev_2631.jpg,train2/dev_2631.jpg,사진에 보이는 재활용 가능한 플라스틱 병은 몇 개입니까?,1개,2개,3개,4개,a
dev_2631.jpg,train2/dev_2631.jpg,사진 속 재활용 가능한 플라스틱 병은 몇 개인가요?,1개,3개,2개,4개,a
dev_2639.jpg,train2/dev_2639.jpg,사진에 보이는 재활용품 중 골판지 상자의 개수는 몇 개인가요?,1개,2개,3개,4개,d
dev_2639.jpg,train2/dev_2639.jpg,사진 속 재활용품 중 골판지 상자의 개수는 몇 개입니까?,2개,3개,4개,1개,c
dev_2640.jpg,train2/dev_2640.jpg,사진 속 투명 플라스틱 컵 안에 포장된 빨대는 몇 개입니까?,7개,9개,11개,13개,b
dev_2640.jpg,train2/dev_2640.jpg,사진에 보이는 투명 플라스틱 컵 안에 포장된 빨대는 몇 개인가요?,11개,7개,13개,9개,d
dev_2642.jpg,train2/dev_2642.jpg,사진에 보이는 재활용 가능한 플라스틱 빨대의 개수는 몇 개인가요?,5개,7개,9개,11개,b
dev_2642.jpg,train2/dev_2642.jpg,사진 속 재활용 가능한 플라스틱 빨대의 개수는 몇 개입니까?,5개,11개,7개,9개,c
dev_2644.jpg,train2/dev_2644.jpg,사진에 보이는 재활용품 중 종이 상자의 개수는 몇 개인가요?,1개,2개,3개,4개,d
dev_2644.jpg,train2/dev_2644.jpg,사진 속 재활용품 중 종이 상자의 개수는 몇 개입니까?,4개,2개,1개,3개,a
dev_2646.jpg,train2/dev_2646.jpg,사진에 보이는 재활용 가능한 플라스틱 용기의 개수는 몇 개인가요?,4개,6개,8개,10개,d
dev_2646.jpg,train2/dev_2646.jpg,사진 속 재활용 가능한 플라스틱 용기의 개수는 몇 개입니까?,6개,10개,4개,8개,b
dev_2648.jpg,train2/dev_2648.jpg,사진에 보이는 재활용품 중 종이 재질의 상자는 몇 개입니까?,3개,5개,7개,9개,d
dev_2648.jpg,train2/dev_2648.jpg,사진 속 재활용품 중 종이 재질의 상자는 몇 개인가요?,9개,5개,7개,3개,a
dev_2656.jpg,train2/dev_2656.jpg,사진에 보이는 재활용 가능한 플라스틱 상자의 색상 조합은 무엇인가요?,"검은색과 노란색, 파란색과 노란색","검은색과 빨간색, 파란색과 흰색","초록색과 노란색, 파란색과 흰색","검은색과 흰색, 파란색과 빨간색",c
dev_2656.jpg,train2/dev_2656.jpg,사진 속 재활용 가능한 플라스틱 상자의 색상 조합은 무엇입니까?,"검은색과 흰색, 파란색과 빨간색","검은색과 노란색, 파란색과 노란색","초록색과 노란색, 파란색과 흰색","검은색과 빨간색, 파란색과 흰색",c
dev_2657.jpg,train2/dev_2657.jpg,사진 속 재활용품 중 플라스틱 용기의 개수는 몇 개인가요?,3개,5개,7개,9개,d
dev_2657.jpg,train2/dev_2657.jpg,사진에 보이는 재활용품 중 플라스틱 용기의 개수는 몇 개입니까?,3개,9개,5개,7개,b
dev_2662.jpg,train2/dev_2662.jpg,사진 속 재활용 가능한 유리병은 몇 개입니까?,1개,2개,3개,4개,c
dev_2662.jpg,train2/dev_2662.jpg,사진에 보이는 재활용 가능한 유리병은 몇 개인가요?,2개,4개,3개,1개,c
dev_2668.jpg,train2/dev_2668.jpg,사진에 보이는 재활용품 중 플라스틱 용기는 몇 개입니까?,1개,2개,3개,4개,a
dev_2668.jpg,train2/dev_2668.jpg,사진 속 재활용품 중 플라스틱 용기는 몇 개인가요?,1개,4개,3개,2개,a
dev_2672.jpg,train2/dev_2672.jpg,사진 속에서 재활용이 가능한 플라스틱 병의 뚜껑 색깔은 무엇인가요?,파란색,분홍색,보라색,보라빛 분홍색,c
dev_2672.jpg,train2/dev_2672.jpg,사진에서 재활용이 가능한 플라스틱 병의 뚜껑 색깔은 무엇입니까?,분홍색,보라빛 분홍색,파란색,보라색,d
dev_2676.jpg,train2/dev_2676.jpg,사진에 보이는 재활용 가능한 플라스틱 병은 몇 개입니까?,1개,2개,3개,4개,b
dev_2676.jpg,train2/dev_2676.jpg,사진 속 재활용 가능한 플라스틱 병은 몇 개인가요?,1개,3개,4개,2개,d
dev_2679.jpg,train2/dev_2679.jpg,사진에 보이는 재활용 가능한 플라스틱 용기의 개수는 몇 개인가요?,1개,2개,3개,4개,d
dev_2679.jpg,train2/dev_2679.jpg,사진 속 재활용 가능한 플라스틱 용기의 개수는 몇 개입니까?,3개,2개,4개,1개,c
dev_2680.jpg,train2/dev_2680.jpg,사진에 보이는 재활용품은 어떤 재질로 분류해야 할까요?,종이,플라스틱,유리,금속,b
dev_2680.jpg,train2/dev_2680.jpg,사진 속 재활용품은 어떤 재질로 분류해야 합니까?,종이,금속,유리,플라스틱,d
dev_2683.jpg,train2/dev_2683.jpg,사진에 보이는 재활용 가능한 플라스틱 병은 몇 개입니까?,1개,2개,3개,4개,c
dev_2683.jpg,train2/dev_2683.jpg,사진 속 재활용 가능한 플라스틱 병은 몇 개인가요?,3개,4개,2개,1개,a
dev_2686.jpg,train2/dev_2686.jpg,사진 속 재활용품 중 알루미늄 캔의 개수는 몇 개인가요?,5개,7개,9개,11개,d
dev_2686.jpg,train2/dev_2686.jpg,사진에 보이는 재활용품 중 알루미늄 캔의 개수는 몇 개입니까?,11개,7개,5개,9개,a
dev_2690.jpg,train2/dev_2690.jpg,사진에 보이는 재활용품 중 플라스틱 병의 개수는 몇 개인가요?,1개,2개,3개,4개,d
dev_2690.jpg,train2/dev_2690.jpg,사진 속 재활용품 중 플라스틱 병의 개수는 몇 개입니까?,1개,3개,4개,2개,c
dev_2697.jpg,train2/dev_2697.jpg,사진 속 상자 안에 들어있는 재활용 가능한 포장재는 무엇인가요?,종이 포장재,플라스틱 포장재,유리병,금속 캔,b
dev_2697.jpg,train2/dev_2697.jpg,사진에 보이는 상자 안에 들어있는 재활용 가능한 포장재는 무엇입니까?,종이 포장재,금속 캔,유리병,플라스틱 포장재,d
dev_2704.jpg,train2/dev_2704.jpg,사진 속 하얀 원형 테이블 위에 놓인 재활용 가능한 플라스틱 병은 몇 개입니까?,1개,2개,3개,4개,c
dev_2704.jpg,train2/dev_2704.jpg,사진에 보이는 하얀 원형 테이블 위에 놓인 재활용 가능한 플라스틱 병은 몇 개인가요?,4개,2개,3개,1개,c
dev_2712.jpg,train2/dev_2712.jpg,사진에 보이는 재활용 가능한 플라스틱 컵은 몇 개입니까?,1개,2개,3개,4개,b
dev_2712.jpg,train2/dev_2712.jpg,사진 속 재활용 가능한 플라스틱 컵은 몇 개인가요?,3개,4개,2개,1개,c
dev_2714.jpg,train2/dev_2714.jpg,사진에 보이는 재활용품 중 플라스틱 컵은 몇 개 있나요?,5개,6개,7개,8개,d
dev_2714.jpg,train2/dev_2714.jpg,사진 속 재활용품 중 플라스틱 컵은 몇 개 있습니까?,8개,6개,7개,5개,a
dev_2715.jpg,train2/dev_2715.jpg,사진 속 재활용품 중 골판지 재질의 상자는 몇 개 있나요?,1개,2개,3개,4개,a
dev_2715.jpg,train2/dev_2715.jpg,사진에 보이는 재활용품 중 골판지 재질의 상자는 몇 개 있습니까?,2개,1개,3개,4개,b
dev_2716.jpg,train2/dev_2716.jpg,사진에 보이는 재활용 가능한 플라스틱 컵은 몇 개입니까?,1개,2개,3개,4개,d
dev_2716.jpg,train2/dev_2716.jpg,사진 속 재활용 가능한 플라스틱 컵은 몇 개인가요?,2개,3개,1개,4개,d
dev_2726.jpg,train2/dev_2726.jpg,사진 속에 보이는 재활용품 중 플라스틱 용기의 개수는 몇 개인가요?,3개,5개,7개,9개,d
dev_2726.jpg,train2/dev_2726.jpg,사진에 보이는 재활용품 중 플라스틱 용기의 개수는 몇 개입니까?,9개,5개,3개,7개,a
dev_2732.jpg,train2/dev_2732.jpg,사진에서 재활용 가능한 플라스틱 병은 몇 개 보이나요?,1개,2개,3개,4개,a
dev_2732.jpg,train2/dev_2732.jpg,사진에서 재활용 가능한 플라스틱 병은 몇 개 보입니까?,2개,1개,4개,3개,b
dev_2750.jpg,train2/dev_2750.jpg,사진 속 비닐봉지 안에 들어있는 재활용 가능한 플라스틱 빨대는 몇 개입니까?,1개,2개,3개,4개,a
dev_2750.jpg,train2/dev_2750.jpg,사진에 보이는 비닐봉지 안에 들어있는 재활용 가능한 플라스틱 빨대는 몇 개인가요?,2개,3개,4개,1개,d
dev_2752.jpg,train2/dev_2752.jpg,사진 속 재활용품 중 플라스틱 재질로 보이는 것은 무엇인가요?,텀블러 뚜껑과 빨대,홍삼 진액 포장지,알약 용기 뚜껑,컴퓨터 키보드,c
dev_2752.jpg,train2/dev_2752.jpg,사진에 보이는 재활용품 중 플라스틱 재질로 보이는 것은 무엇입니까?,알약 용기 뚜껑,컴퓨터 키보드,홍삼 진액 포장지,텀블러 뚜껑과 빨대,a
dev_2754.jpg,train2/dev_2754.jpg,사진에 보이는 페트병 중에서 뚜껑 색깔이 다른 것은 몇 개입니까?,1개,2개,3개,없음,c
dev_2754.jpg,train2/dev_2754.jpg,사진 속 페트병 중에서 뚜껑 색깔이 다른 것은 몇 개인가요?,2개,없음,1개,3개,d
dev_2757.jpg,train2/dev_2757.jpg,사진에 보이는 재활용품 중 종이 재질의 상자는 몇 개입니까?,3개,5개,7개,9개,d
dev_2757.jpg,train2/dev_2757.jpg,사진 속 재활용품 중 종이 재질의 상자는 몇 개인가요?,3개,9개,5개,7개,b
dev_2765.jpg,train2/dev_2765.jpg,사진 속 책상 위에 있는 재활용 가능한 플라스틱 병은 몇 개입니까?,1개,2개,3개,4개,c
dev_2765.jpg,train2/dev_2765.jpg,사진에 보이는 책상 위에 있는 재활용 가능한 플라스틱 병은 몇 개인가요?,3개,4개,1개,2개,a
dev_2776.jpg,train2/dev_2776.jpg,사진에 보이는 재활용 가능한 플라스틱 컵은 몇 개입니까?,한 개,두 개,세 개,네 개,a
dev_2776.jpg,train2/dev_2776.jpg,사진 속 재활용 가능한 플라스틱 컵은 몇 개인가요?,네 개,두 개,세 개,한 개,d
dev_2777.jpg,train2/dev_2777.jpg,사진 속 재활용품 중 플라스틱 병은 어디에 있나요?,회색 그물망 안,초록색 그물망 안,노란색 봉투 안,검은색 봉투 안,b
dev_2777.jpg,train2/dev_2777.jpg,사진에 보이는 재활용품 중 플라스틱 병은 어디에 있습니까?,회색 그물망 안,노란색 봉투 안,검은색 봉투 안,초록색 그물망 안,d
dev_2779.jpg,train2/dev_2779.jpg,사진 속 쓰레기봉투 안에 보이는 재활용 가능한 플라스틱 병의 개수는 몇 개인가요?,1개,2개,3개,4개,a
dev_2779.jpg,train2/dev_2779.jpg,사진에 보이는 쓰레기봉투 안에 보이는 재활용 가능한 플라스틱 병의 개수는 몇 개입니까?,2개,1개,3개,4개,b
dev_2780.jpg,train2/dev_2780.jpg,사진에 보이는 재활용 가능한 플라스틱 컵은 몇 개입니까?,2개,3개,4개,5개,d
dev_2780.jpg,train2/dev_2780.jpg,사진 속 재활용 가능한 플라스틱 컵은 몇 개인가요?,4개,5개,2개,3개,b
dev_2787.jpg,train2/dev_2787.jpg,사진에 보이는 재활용 가능한 플라스틱 컵은 몇 개입니까?,5개,7개,9개,11개,d
dev_2787.jpg,train2/dev_2787.jpg,사진 속 재활용 가능한 플라스틱 컵은 몇 개인가요?,7개,5개,9개,11개,d
dev_2789.jpg,train2/dev_2789.jpg,사진에 보이는 재활용 가능한 플라스틱 병은 몇 개입니까?,6개,8개,10개,12개,a
dev_2789.jpg,train2/dev_2789.jpg,사진 속 재활용 가능한 플라스틱 병은 몇 개인가요?,10개,12개,8개,6개,d
dev_2791.jpg,train2/dev_2791.jpg,사진에 보이는 재활용 가능한 플라스틱 컵에는 무엇이 들어 있나요?,빨대만 들어 있다,음료와 빨대가 들어 있다,음료만 들어 있다,아무것도 들어 있지 않다,a
dev_2791.jpg,train2/dev_2791.jpg,사진 속 재활용 가능한 플라스틱 컵에는 무엇이 들어 있습니까?,아무것도 들어 있지 않다,빨대만 들어 있다,음료만 들어 있다,음료와 빨대가 들어 있다,b
dev_2803.jpg,train2/dev_2803.jpg,사진에 보이는 두 재활용품 중 플라스틱 재질인 것은 무엇인가요?,왼쪽 손소독제 용기,오른쪽 방향제 용기,두 용기 모두 플라스틱 재질이다,두 용기 모두 플라스틱 재질이 아니다,a
dev_2803.jpg,train2/dev_2803.jpg,사진 속 두 재활용품 중 플라스틱 재질인 것은 무엇입니까?,오른쪽 방향제 용기,두 용기 모두 플라스틱 재질이다,두 용기 모두 플라스틱 재질이 아니다,왼쪽 손소독제 용기,d
dev_2808.jpg,train2/dev_2808.jpg,사진에 보이는 재활용품 중 플라스틱 병은 몇 개입니까?,1개,2개,3개,4개,d
dev_2808.jpg,train2/dev_2808.jpg,사진 속 재활용품 중 플라스틱 병은 몇 개인가요?,1개,2개,4개,3개,c
dev_2809.jpg,train2/dev_2809.jpg,사진 속 재활용 쓰레기통 안에 보이는 캔의 개수는 몇 개인가요?,2개,3개,4개,5개,d
dev_2809.jpg,train2/dev_2809.jpg,사진에 보이는 재활용 쓰레기통 안에 보이는 캔의 개수는 몇 개입니까?,2개,4개,5개,3개,c
dev_2810.jpg,train2/dev_2810.jpg,사진 속 재활용품 중 플라스틱 병의 개수는 몇 개인가요?,2개,3개,4개,5개,d
dev_2810.jpg,train2/dev_2810.jpg,사진에 보이는 재활용품 중 플라스틱 병의 개수는 몇 개입니까?,2개,4개,3개,5개,d
dev_2812.jpg,train2/dev_2812.jpg,사진에 보이는 재활용 가능한 플라스틱 용기의 개수는 몇 개인가요?,1개,2개,3개,4개,d
dev_2812.jpg,train2/dev_2812.jpg,사진 속 재활용 가능한 플라스틱 용기의 개수는 몇 개입니까?,4개,3개,2개,1개,a
dev_2813.jpg,train2/dev_2813.jpg,사진 속 재활용 가능한 플라스틱 용기는 몇 개입니까?,1개,2개,3개,4개,a
dev_2813.jpg,train2/dev_2813.jpg,사진에 보이는 재활용 가능한 플라스틱 용기는 몇 개인가요?,1개,4개,3개,2개,a
dev_2816.jpg,train2/dev_2816.jpg,사진 속 재활용품 중 플라스틱 병의 개수는 몇 개인가요?,5개,7개,10개,12개,d
dev_2816.jpg,train2/dev_2816.jpg,사진에 보이는 재활용품 중 플라스틱 병의 개수는 몇 개입니까?,5개,10개,12개,7개,c
dev_2818.jpg,train2/dev_2818.jpg,사진에 보이는 재활용 가능한 플라스틱 컵 뚜껑은 몇 개입니까?,약 10개,약 15개,약 20개,약 25개,d
dev_2818.jpg,train2/dev_2818.jpg,사진 속 재활용 가능한 플라스틱 컵 뚜껑은 몇 개인가요?,약 20개,약 15개,약 25개,약 10개,c
dev_2819.jpg,train2/dev_2819.jpg,사진에 보이는 재활용 가능한 플라스틱 컵의 뚜껑 색깔은 무엇인가요?,노란색,분홍색,파란색,투명색,b
dev_2819.jpg,train2/dev_2819.jpg,사진 속 재활용 가능한 플라스틱 컵의 뚜껑 색깔은 무엇입니까?,투명색,노란색,분홍색,파란색,c
dev_2820.jpg,train2/dev_2820.jpg,사진에 보이는 재활용 컵 뚜껑과 빨대의 색상 조합으로 맞는 것은 무엇인가요?,노란색 뚜껑과 빨대,투명 뚜껑과 노란색 빨대,투명 뚜껑과 빨간색 빨대,노란색 뚜껑과 빨간색 빨대,b
dev_2820.jpg,train2/dev_2820.jpg,사진 속 재활용 컵 뚜껑과 빨대의 색상 조합으로 맞는 것은 무엇입니까?,투명 뚜껑과 빨간색 빨대,투명 뚜껑과 노란색 빨대,노란색 뚜껑과 빨간색 빨대,노란색 뚜껑과 빨대,b
dev_2843.jpg,train2/dev_2843.jpg,사진에 보이는 재활용품 중 플라스틱 재질인 것은 무엇인가요?,스너글 섬유유연제 용기,빨간색 종이 상자,투명 플라스틱 뚜껑,검은색 병,c
dev_2843.jpg,train2/dev_2843.jpg,사진 속 재활용품 중 플라스틱 재질인 것은 무엇입니까?,투명 플라스틱 뚜껑,스너글 섬유유연제 용기,빨간색 종이 상자,검은색 병,a
dev_2845.jpg,train2/dev_2845.jpg,사진 속 재활용 가능한 스티로폼 박스는 몇 개 있나요?,1개,2개,3개,4개,d
dev_2845.jpg,train2/dev_2845.jpg,사진에 보이는 재활용 가능한 스티로폼 박스는 몇 개 있습니까?,2개,3개,1개,4개,d
dev_2846.jpg,train2/dev_2846.jpg,사진에 보이는 재활용품 중 종이 재질의 상자는 몇 개입니까?,1개,2개,3개,4개,c
dev_2846.jpg,train2/dev_2846.jpg,사진 속 재활용품 중 종이 재질의 상자는 몇 개인가요?,3개,4개,1개,2개,a
dev_2847.jpg,train2/dev_2847.jpg,사진에 보이는 재활용 가능한 플라스틱 병의 개수는 몇 개입니까?,10개,12개,14개,16개,d
dev_2847.jpg,train2/dev_2847.jpg,사진 속 재활용 가능한 플라스틱 병의 개수는 몇 개인가요?,14개,12개,16개,10개,c
dev_2858.jpg,train2/dev_2858.jpg,사진에 보이는 'eclipse' 껌 상자의 재활용 분류는 무엇인가요?,플라스틱,종이,금속,유리,c
dev_2858.jpg,train2/dev_2858.jpg,사진 속 'eclipse' 껌 상자의 재활용 분류는 무엇입니까?,유리,종이,금속,플라스틱,c
dev_2863.jpg,train2/dev_2863.jpg,사진에 보이는 재활용품 중 플라스틱 병의 뚜껑 색깔은 무엇인가요?,초록색,흰색,파란색,노란색,a
dev_2863.jpg,train2/dev_2863.jpg,사진 속 재활용품 중 플라스틱 병의 뚜껑 색깔은 무엇입니까?,초록색,파란색,흰색,노란색,a
dev_2866.jpg,train2/dev_2866.jpg,사진에 보이는 재활용품 중 플라스틱으로 만든 것은 무엇인가요?,컵과 뚜껑,종이 라벨,빨대,모두 플라스틱이다,a
dev_2866.jpg,train2/dev_2866.jpg,사진 속 재활용품 중 플라스틱으로 만든 것은 무엇입니까?,종이 라벨,컵과 뚜껑,모두 플라스틱이다,빨대,b
dev_2867.jpg,train2/dev_2867.jpg,사진 속 재활용품 중 유리병은 몇 개 있나요?,3개,5개,7개,9개,d
dev_2867.jpg,train2/dev_2867.jpg,사진에 보이는 재활용품 중 유리병은 몇 개 있습니까?,7개,5개,9개,3개,c
dev_2873.jpg,train2/dev_2873.jpg,사진 속 재활용 가능한 캔 음료는 몇 개 있나요?,2개,3개,4개,5개,a
dev_2873.jpg,train2/dev_2873.jpg,사진에 보이는 재활용 가능한 캔 음료는 몇 개 있습니까?,3개,2개,4개,5개,b
dev_2874.jpg,train2/dev_2874.jpg,사진에 보이는 종이 재질의 커피 컵 홀더는 몇 개입니까?,2개,3개,4개,5개,d
dev_2874.jpg,train2/dev_2874.jpg,사진 속 종이 재질의 커피 컵 홀더는 몇 개인가요?,3개,4개,5개,2개,c
dev_2889.jpg,train2/dev_2889.jpg,사진 속에 보이는 재활용 가능한 플라스틱 포장지는 몇 개입니까?,1개,2개,3개,4개,c
dev_2889.jpg,train2/dev_2889.jpg,사진에 보이는 재활용 가능한 플라스틱 포장지는 몇 개인가요?,3개,1개,2개,4개,a
dev_2893.jpg,train2/dev_2893.jpg,사진에 보이는 재활용품 중 플라스틱 재질의 컵은 몇 개인가요?,1개,2개,3개,4개,b
dev_2893.jpg,train2/dev_2893.jpg,사진 속 재활용품 중 플라스틱 재질의 컵은 몇 개입니까?,2개,3개,4개,1개,a
dev_2902.jpg,train2/dev_2902.jpg,사진에서 재활용 쓰레기통에 들어있는 플라스틱 컵은 몇 개입니까?,1개,2개,3개,4개,a
dev_2902.jpg,train2/dev_2902.jpg,사진에서 재활용 쓰레기통에 들어있는 플라스틱 컵은 몇 개인가요?,2개,3개,1개,4개,c
dev_2905.jpg,train2/dev_2905.jpg,사진에 보이는 재활용품 중 유리병은 몇 개입니까?,1개,2개,3개,없음,b
dev_2905.jpg,train2/dev_2905.jpg,사진 속 재활용품 중 유리병은 몇 개인가요?,2개,1개,없음,3개,a
dev_2911.jpg,train2/dev_2911.jpg,사진에 보이는 재활용품 중 종이 상자의 개수는 몇 개인가요?,1개,2개,3개,4개,d
dev_2911.jpg,train2/dev_2911.jpg,사진 속 재활용품 중 종이 상자의 개수는 몇 개입니까?,1개,3개,4개,2개,c
dev_2912.jpg,train2/dev_2912.jpg,사진에 보이는 재활용 가능한 포장재의 재질은 무엇인가요?,종이,플라스틱,알루미늄 호일,유리,b
dev_2912.jpg,train2/dev_2912.jpg,사진 속 재활용 가능한 포장재의 재질은 무엇입니까?,알루미늄 호일,유리,종이,플라스틱,d
dev_2922.jpg,train2/dev_2922.jpg,사진에 보이는 재활용 가능한 플라스틱 컵은 몇 개입니까?,15개,20개,25개,30개,b
dev_2922.jpg,train2/dev_2922.jpg,사진 속 재활용 가능한 플라스틱 컵은 몇 개인가요?,15개,25개,30개,20개,d
dev_2930.jpg,train2/dev_2930.jpg,사진에 보이는 재활용 가능한 플라스틱 컵은 몇 개인가요?,1개,2개,3개,4개,b
dev_2930.jpg,train2/dev_2930.jpg,사진 속 재활용 가능한 플라스틱 컵은 몇 개입니까?,2개,1개,4개,3개,a
dev_2934.jpg,train2/dev_2934.jpg,사진에 보이는 재활용품 중 종이 재질의 상자는 몇 개입니까?,1개,2개,3개,4개,d
dev_2934.jpg,train2/dev_2934.jpg,사진 속 재활용품 중 종이 재질의 상자는 몇 개인가요?,2개,3개,4개,1개,c
dev_2940.jpg,train2/dev_2940.jpg,사진 속에 보이는 재활용 가능한 캔은 몇 개입니까?,1개,2개,3개,4개,d
dev_2940.jpg,train2/dev_2940.jpg,사진에 보이는 재활용 가능한 캔은 몇 개인가요?,3개,1개,2개,4개,d
dev_2947.jpg,train2/dev_2947.jpg,사진에 보이는 재활용품 중 골판지 상자의 개수는 몇 개인가요?,1개,2개,3개,4개,b
dev_2947.jpg,train2/dev_2947.jpg,사진 속 재활용품 중 골판지 상자의 개수는 몇 개입니까?,2개,4개,3개,1개,a
dev_2950.jpg,train2/dev_2950.jpg,사진 속 재활용품은 어떤 종류입니까?,플라스틱 계란판,종이 계란판,스티로폼 계란판,유리병,b
dev_2950.jpg,train2/dev_2950.jpg,사진에 보이는 재활용품은 어떤 종류인가요?,종이 계란판,스티로폼 계란판,유리병,플라스틱 계란판,a
dev_2967.jpg,train2/dev_2967.jpg,사진에 보이는 재활용품 중에서 캔은 몇 개입니까?,1개,2개,3개,없음,d
dev_2967.jpg,train2/dev_2967.jpg,사진 속 재활용품 중에서 캔은 몇 개인가요?,2개,1개,없음,3개,c
dev_2969.jpg,train2/dev_2969.jpg,사진에 보이는 재활용품 중 종이 재질의 상자는 몇 개입니까?,1개,2개,3개,4개,d
dev_2969.jpg,train2/dev_2969.jpg,사진 속 재활용품 중 종이 재질의 상자는 몇 개인가요?,2개,3개,4개,1개,c
dev_2977.jpg,train2/dev_2977.jpg,사진에 보이는 재활용품 중 종이 상자의 개수는 몇 개인가요?,3개,5개,7개,9개,d
dev_2977.jpg,train2/dev_2977.jpg,사진 속 재활용품 중 종이 상자의 개수는 몇 개입니까?,9개,5개,3개,7개,a
dev_2986.jpg,train2/dev_2986.jpg,사진에 보이는 흰색 플라스틱 용기의 개수는 몇 개인가요?,10개,12개,14개,16개,b
dev_2986.jpg,train2/dev_2986.jpg,사진 속 흰색 플라스틱 용기의 개수는 몇 개입니까?,16개,12개,14개,10개,b
dev_2989.jpg,train2/dev_2989.jpg,사진에 보이는 재활용 가능한 유리병은 몇 개입니까?,1개,2개,3개,4개,b
dev_2989.jpg,train2/dev_2989.jpg,사진 속 재활용 가능한 유리병은 몇 개인가요?,4개,3개,1개,2개,d
dev_2994.jpg,train2/dev_2994.jpg,사진에 보이는 재활용품 중 종이 재질의 용기는 몇 개입니까?,3개,5개,7개,9개,d
dev_2994.jpg,train2/dev_2994.jpg,사진 속 재활용품 중 종이 재질의 용기는 몇 개인가요?,5개,9개,3개,7개,b
dev_2998.jpg,train2/dev_2998.jpg,사진에 보이는 재활용 가능한 플라스틱 병은 몇 개입니까?,1개,2개,3개,4개,c
dev_2998.jpg,train2/dev_2998.jpg,사진 속 재활용 가능한 플라스틱 병은 몇 개인가요?,1개,2개,4개,3개,d
dev_3007.jpg,train2/dev_3007.jpg,사진에 보이는 재활용 가능한 병의 개수는 몇 개인가요?,3개,4개,5개,6개,b
dev_3007.jpg,train2/dev_3007.jpg,사진 속 재활용 가능한 병의 개수는 몇 개입니까?,4개,6개,3개,5개,a
dev_3010.jpg,train2/dev_3010.jpg,사진 속 재활용품 중 플라스틱 병은 몇 개 있나요?,3개,5개,7개,9개,d
dev_3010.jpg,train2/dev_3010.jpg,사진에 보이는 재활용품 중 플라스틱 병은 몇 개 있습니까?,7개,9개,5개,3개,b
dev_3011.jpg,train2/dev_3011.jpg,책상 오른쪽 바닥에 있는 재활용 가능한 플라스틱 병은 몇 개입니까?,2개,3개,4개,5개,a
dev_3011.jpg,train2/dev_3011.jpg,책상 오른쪽 바닥에 있는 재활용 가능한 플라스틱 병은 몇 개인가요?,2개,5개,3개,4개,a
dev_3017.jpg,train2/dev_3017.jpg,사진에 보이는 재활용품 중에서 종이 상자의 개수는 몇 개인가요?,3개,4개,5개,6개,b
dev_3017.jpg,train2/dev_3017.jpg,사진 속 재활용품 중에서 종이 상자의 개수는 몇 개입니까?,3개,4개,6개,5개,b
dev_3019.jpg,train2/dev_3019.jpg,사진 속 쓰레기통 안에 보이는 재활용 가능한 캔은 몇 개입니까?,3개,5개,7개,9개,d
dev_3019.jpg,train2/dev_3019.jpg,사진에 보이는 쓰레기통 안에 보이는 재활용 가능한 캔은 몇 개인가요?,9개,3개,5개,7개,a
dev_3023.jpg,train2/dev_3023.jpg,사진 속 비닐봉지 안에 들어있는 재활용품 중 알루미늄 캔은 몇 개입니까?,2개,3개,4개,5개,d
dev_3023.jpg,train2/dev_3023.jpg,사진에 보이는 비닐봉지 안에 들어있는 재활용품 중 알루미늄 캔은 몇 개인가요?,4개,2개,3개,5개,d
dev_3025.jpg,train2/dev_3025.jpg,사진에 보이는 재활용 가능한 플라스틱 용기의 개수는 몇 개인가요?,2개,3개,4개,5개,d
dev_3025.jpg,train2/dev_3025.jpg,사진 속 재활용 가능한 플라스틱 용기의 개수는 몇 개입니까?,3개,2개,5개,4개,c
dev_3029.jpg,train2/dev_3029.jpg,사진에 보이는 재활용품 중 종이 상자의 개수는 몇 개인가요?,1개,2개,3개,4개,d
dev_3029.jpg,train2/dev_3029.jpg,사진 속 재활용품 중 종이 상자의 개수는 몇 개입니까?,1개,4개,2개,3개,b
dev_3032.jpg,train2/dev_3032.jpg,이 사진에서 재활용 가능한 플라스틱 병은 몇 개 있나요?,1개,2개,3개,4개,d
dev_3032.jpg,train2/dev_3032.jpg,이 사진에서 재활용 가능한 플라스틱 병은 몇 개 있습니까?,2개,1개,4개,3개,c
dev_3039.jpg,train2/dev_3039.jpg,사진에 보이는 재활용 가능한 플라스틱 용기의 개수는 몇 개인가요?,10개,11개,12개,13개,b
dev_3039.jpg,train2/dev_3039.jpg,사진 속 재활용 가능한 플라스틱 용기의 개수는 몇 개입니까?,11개,10개,13개,12개,a
dev_3041.jpg,train2/dev_3041.jpg,사진에 보이는 재활용 가능한 플라스틱 용기의 개수는 몇 개인가요?,8개,10개,12개,14개,b
dev_3041.jpg,train2/dev_3041.jpg,사진 속 재활용 가능한 플라스틱 용기의 개수는 몇 개입니까?,10개,12개,8개,14개,a
dev_3051.jpg,train2/dev_3051.jpg,사진에 보이는 재활용품 중 종이상자의 개수는 몇 개인가요?,3개,5개,7개,9개,d
dev_3051.jpg,train2/dev_3051.jpg,사진 속 재활용품 중 종이상자의 개수는 몇 개입니까?,9개,3개,7개,5개,a
dev_3053.jpg,train2/dev_3053.jpg,사진에 보이는 재활용 가능한 플라스틱 컵은 몇 개인가요?,1개,2개,3개,4개,c
dev_3053.jpg,train2/dev_3053.jpg,사진 속 재활용 가능한 플라스틱 컵은 몇 개입니까?,2개,4개,1개,3개,d
dev_3055.jpg,train2/dev_3055.jpg,사진에 보이는 재활용품은 무엇인가요?,플라스틱 컵,종이컵,유리병,금속 캔,b
dev_3055.jpg,train2/dev_3055.jpg,사진 속 재활용품은 무엇입니까?,종이컵,유리병,플라스틱 컵,금속 캔,a
dev_3062.jpg,train2/dev_3062.jpg,사진에 보이는 투명 플라스틱 컵은 몇 개입니까?,10개,12개,15개,20개,a
dev_3062.jpg,train2/dev_3062.jpg,사진 속 투명 플라스틱 컵은 몇 개인가요?,10개,12개,20개,15개,a
dev_3064.jpg,train2/dev_3064.jpg,사진 속 재활용 쓰레기 봉투 안에 보이는 플라스틱 병은 몇 개입니까?,1개,2개,3개,4개,b
dev_3064.jpg,train2/dev_3064.jpg,사진에 보이는 재활용 쓰레기 봉투 안에 보이는 플라스틱 병은 몇 개인가요?,4개,1개,2개,3개,c
dev_3065.jpg,train2/dev_3065.jpg,사진에 보이는 재활용품 중 종이상자의 개수는 몇 개인가요?,1개,2개,3개,4개,d
dev_3065.jpg,train2/dev_3065.jpg,사진 속 재활용품 중 종이상자의 개수는 몇 개입니까?,3개,2개,1개,4개,d
dev_3068.jpg,train2/dev_3068.jpg,사진 속 재활용 가능한 용기는 무엇으로 만들어졌나요?,플라스틱,종이,유리,금속,b
dev_3068.jpg,train2/dev_3068.jpg,사진에 보이는 재활용 가능한 용기는 무엇으로 만들어졌습니까?,플라스틱,종이,금속,유리,b
dev_3075.jpg,train2/dev_3075.jpg,사진에 보이는 재활용품 중 종이 재질의 상자는 몇 개입니까?,3개,4개,5개,6개,d
dev_3075.jpg,train2/dev_3075.jpg,사진 속 재활용품 중 종이 재질의 상자는 몇 개인가요?,5개,3개,4개,6개,d
dev_3077.jpg,train2/dev_3077.jpg,사진 속 재활용품 중 캔은 몇 개 있나요?,2개,3개,4개,5개,b
dev_3077.jpg,train2/dev_3077.jpg,사진에 보이는 재활용품 중 캔은 몇 개 있습니까?,4개,3개,2개,5개,b
dev_3078.jpg,train2/dev_3078.jpg,사진에 보이는 재활용품 중 종이 상자의 개수는 몇 개인가요?,3개,5개,7개,9개,d
dev_3078.jpg,train2/dev_3078.jpg,사진 속 재활용품 중 종이 상자의 개수는 몇 개입니까?,3개,5개,9개,7개,c
dev_3083.jpg,train2/dev_3083.jpg,사진에 보이는 재활용품 중 음료수 캔은 몇 개입니까?,1개,2개,3개,4개,a
dev_3083.jpg,train2/dev_3083.jpg,사진 속 재활용품 중 음료수 캔은 몇 개인가요?,2개,1개,4개,3개,b
dev_3085.jpg,train2/dev_3085.jpg,사진에 보이는 재활용품 중 종이팩은 몇 개입니까?,1개,2개,3개,4개,a
dev_3085.jpg,train2/dev_3085.jpg,사진 속 재활용품 중 종이팩은 몇 개인가요?,1개,3개,4개,2개,a
dev_3088.jpg,train2/dev_3088.jpg,사진 속 재활용 쓰레기통 안에 있는 플라스틱 병은 몇 개입니까?,1개,2개,3개,4개,a
dev_3088.jpg,train2/dev_3088.jpg,사진에 보이는 재활용 쓰레기통 안에 있는 플라스틱 병은 몇 개인가요?,2개,4개,3개,1개,d
dev_3098.jpg,train2/dev_3098.jpg,사진에 보이는 재활용품 중 종이상자의 개수는 몇 개인가요?,3개,5개,7개,9개,d
dev_3098.jpg,train2/dev_3098.jpg,사진 속 재활용품 중 종이상자의 개수는 몇 개입니까?,5개,9개,7개,3개,b
dev_3105.jpg,train2/dev_3105.jpg,사진에 보이는 재활용 용기 중 플라스틱 재질인 것은 몇 개입니까?,3개,5개,7개,9개,d
dev_3105.jpg,train2/dev_3105.jpg,사진 속 재활용 용기 중 플라스틱 재질인 것은 몇 개인가요?,3개,7개,9개,5개,c
dev_3117.jpg,train2/dev_3117.jpg,사진에 보이는 재활용 가능한 플라스틱 컵은 몇 개인가요?,1개,2개,3개,4개,d
dev_3117.jpg,train2/dev_3117.jpg,사진 속 재활용 가능한 플라스틱 컵은 몇 개입니까?,4개,3개,1개,2개,a
dev_3136.jpg,train2/dev_3136.jpg,사진 속 쓰레기통 안에 보이는 재활용품 중 종이 재질의 상자는 몇 개입니까?,1개,2개,3개,4개,d
dev_3136.jpg,train2/dev_3136.jpg,사진에 보이는 쓰레기통 안에 보이는 재활용품 중 종이 재질의 상자는 몇 개인가요?,2개,3개,1개,4개,d
dev_3142.jpg,train2/dev_3142.jpg,사진 속 테이블 위에 있는 재활용 가능한 유리병은 몇 개입니까?,10개,12개,14개,16개,b
dev_3142.jpg,train2/dev_3142.jpg,사진에 보이는 테이블 위에 있는 재활용 가능한 유리병은 몇 개인가요?,14개,12개,16개,10개,b
dev_3145.jpg,train2/dev_3145.jpg,사진에 보이는 재활용 가능한 플라스틱 컵은 몇 개입니까?,3개,4개,5개,6개,d
dev_3145.jpg,train2/dev_3145.jpg,사진 속 재활용 가능한 플라스틱 컵은 몇 개인가요?,5개,6개,3개,4개,b
dev_3148.jpg,train2/dev_3148.jpg,사진에 보이는 재활용 가능한 플라스틱 컵은 총 몇 개입니까?,10개,12개,15개,17개,d
dev_3148.jpg,train2/dev_3148.jpg,사진 속 재활용 가능한 플라스틱 컵은 총 몇 개인가요?,15개,17개,10개,12개,b
dev_3152.jpg,train2/dev_3152.jpg,사진 속 종이봉투 안에 들어있는 재활용품 중 플라스틱 병은 몇 개입니까?,2개,3개,4개,5개,d
dev_3152.jpg,train2/dev_3152.jpg,사진에 보이는 종이봉투 안에 들어있는 재활용품 중 플라스틱 병은 몇 개인가요?,4개,2개,5개,3개,c
dev_3153.jpg,train2/dev_3153.jpg,사진에 보이는 재활용 가능한 플라스틱 병은 몇 개입니까?,1개,2개,3개,4개,c
dev_3153.jpg,train2/dev_3153.jpg,사진 속 재활용 가능한 플라스틱 병은 몇 개인가요?,4개,3개,1개,2개,b
dev_3157.jpg,train2/dev_3157.jpg,책상 위에 있는 재활용 가능한 비닐 포장지는 몇 개입니까?,1개,2개,3개,4개,d
dev_3157.jpg,train2/dev_3157.jpg,책상 위에 있는 재활용 가능한 비닐 포장지는 몇 개인가요?,1개,3개,2개,4개,d
dev_3160.jpg,train2/dev_3160.jpg,사진에 보이는 재활용 가능한 플라스틱 병은 몇 개입니까?,1개,2개,3개,4개,c
dev_3160.jpg,train2/dev_3160.jpg,사진 속 재활용 가능한 플라스틱 병은 몇 개인가요?,2개,1개,4개,3개,d
dev_3164.jpg,train2/dev_3164.jpg,사진에 보이는 재활용 가능한 플라스틱 병의 개수는 몇 개인가요?,1개,2개,3개,4개,b
dev_3164.jpg,train2/dev_3164.jpg,사진 속 재활용 가능한 플라스틱 병의 개수는 몇 개입니까?,3개,4개,2개,1개,c
dev_3169.jpg,train2/dev_3169.jpg,사진에 보이는 재활용 가능한 용기는 무엇인가요?,플라스틱 컵 라면 용기,종이 박스,비닐 봉지,유리병,b
dev_3169.jpg,train2/dev_3169.jpg,사진 속 재활용 가능한 용기는 무엇입니까?,유리병,플라스틱 컵 라면 용기,비닐 봉지,종이 박스,d
dev_3170.jpg,train2/dev_3170.jpg,사진에 보이는 재활용품 중 종이상자의 개수는 몇 개인가요?,3개,5개,7개,9개,d
dev_3170.jpg,train2/dev_3170.jpg,사진 속 재활용품 중 종이상자의 개수는 몇 개입니까?,5개,9개,3개,7개,b
dev_3177.jpg,train2/dev_3177.jpg,사진에 보이는 재활용 가능한 플라스틱 병은 몇 개입니까?,3개,4개,5개,6개,d
dev_3177.jpg,train2/dev_3177.jpg,사진 속 재활용 가능한 플라스틱 병은 몇 개인가요?,6개,4개,5개,3개,a
dev_3180.jpg,train2/dev_3180.jpg,사진에 보이는 재활용품 중 종이팩은 몇 개입니까?,1개,2개,3개,4개,b
dev_3180.jpg,train2/dev_3180.jpg,사진 속 재활용품 중 종이팩은 몇 개인가요?,4개,1개,2개,3개,c
dev_3188.jpg,train2/dev_3188.jpg,사진에 보이는 재활용 가능한 플라스틱 병은 몇 개입니까?,1개,2개,3개,4개,b
dev_3188.jpg,train2/dev_3188.jpg,사진 속 재활용 가능한 플라스틱 병은 몇 개인가요?,2개,3개,4개,1개,a
dev_3191.jpg,train2/dev_3191.jpg,사진 속 재활용품 중 종이팩은 몇 개 있나요?,1개,2개,3개,4개,a
dev_3191.jpg,train2/dev_3191.jpg,사진에 보이는 재활용품 중 종이팩은 몇 개 있습니까?,4개,3개,2개,1개,d
dev_3195.jpg,train2/dev_3195.jpg,사진에 보이는 재활용 가능한 플라스틱 병은 몇 개입니까?,1개,2개,3개,4개,c
dev_3195.jpg,train2/dev_3195.jpg,사진 속 재활용 가능한 플라스틱 병은 몇 개인가요?,3개,1개,4개,2개,a
dev_3198.jpg,train2/dev_3198.jpg,사진에 보이는 재활용 가능한 플라스틱 컵의 개수는 몇 개인가요?,4개,6개,8개,10개,d
dev_3198.jpg,train2/dev_3198.jpg,사진 속 재활용 가능한 플라스틱 컵의 개수는 몇 개입니까?,6개,10개,8개,4개,b
dev_3202.jpg,train2/dev_3202.jpg,사진에 보이는 음료 컵 중 플라스틱 재질인 컵은 몇 개인가요?,2개,3개,4개,5개,c
dev_3202.jpg,train2/dev_3202.jpg,사진 속 음료 컵 중 플라스틱 재질인 컵은 몇 개입니까?,5개,2개,3개,4개,d
dev_3213.jpg,train2/dev_3213.jpg,사진에 보이는 생수 페트병은 총 몇 개입니까?,24개,30개,36개,40개,d
dev_3213.jpg,train2/dev_3213.jpg,사진 속 생수 페트병은 총 몇 개인가요?,30개,36개,24개,40개,d
dev_3216.jpg,train2/dev_3216.jpg,사진에 보이는 재활용품 중 종이 재질의 포장지는 몇 개입니까?,1개,2개,3개,4개,b
dev_3216.jpg,train2/dev_3216.jpg,사진 속 재활용품 중 종이 재질의 포장지는 몇 개인가요?,2개,3개,1개,4개,a
dev_3217.jpg,train2/dev_3217.jpg,사진 속 나무 밑에 있는 재활용 가능한 플라스틱 병의 색깔은 무엇인가요?,노란색,파란색,투명,초록색,c
dev_3217.jpg,train2/dev_3217.jpg,사진에 보이는 나무 밑에 있는 재활용 가능한 플라스틱 병의 색깔은 무엇입니까?,초록색,노란색,투명,파란색,c
dev_3219.jpg,train2/dev_3219.jpg,사진에 보이는 재활용품 중 플라스틱으로 만들어진 것은 무엇인가요?,투명한 컵과 노란 빨대,흰색 뚜껑이 있는 용기,노란 빨대와 흰색 용기,투명한 컵과 흰색 용기,d
dev_3219.jpg,train2/dev_3219.jpg,사진 속 재활용품 중 플라스틱으로 만들어진 것은 무엇입니까?,투명한 컵과 흰색 용기,투명한 컵과 노란 빨대,노란 빨대와 흰색 용기,흰색 뚜껑이 있는 용기,a
dev_3225.jpg,train2/dev_3225.jpg,사진에서 보이는 재활용 가능한 플라스틱 병은 몇 개입니까?,2개,3개,4개,5개,d
dev_3225.jpg,train2/dev_3225.jpg,사진 속 재활용 가능한 플라스틱 병은 몇 개인가요?,4개,3개,5개,2개,c
dev_3227.jpg,train2/dev_3227.jpg,사진 속 나무 밑에 놓여 있는 재활용품의 종류는 무엇인가요?,플라스틱 병,유리병,종이 상자,금속 캔,b
dev_3227.jpg,train2/dev_3227.jpg,사진에 보이는 나무 밑에 놓여 있는 재활용품의 종류는 무엇입니까?,플라스틱 병,종이 상자,유리병,금속 캔,c
dev_3230.jpg,train2/dev_3230.jpg,사진 속 쓰레기봉투 안에 보이는 재활용품 중 올바른 분류는 무엇인가요?,종이류 - 신문지와 종이컵,플라스틱류 - 플라스틱 빨대와 포장지,금속류 - 알루미늄 포일과 캔,유리류 - 유리병과 유리조각,a
dev_3230.jpg,train2/dev_3230.jpg,사진에 보이는 쓰레기봉투 안에 보이는 재활용품 중 올바른 분류는 무엇입니까?,금속류 - 알루미늄 포일과 캔,종이류 - 신문지와 종이컵,유리류 - 유리병과 유리조각,플라스틱류 - 플라스틱 빨대와 포장지,b
dev_3237.jpg,train2/dev_3237.jpg,이 상자 안에 들어있는 재활용품 중 종이팩은 몇 개입니까?,1개,2개,3개,4개,d
dev_3237.jpg,train2/dev_3237.jpg,이 상자 안에 들어있는 재활용품 중 종이팩은 몇 개인가요?,2개,3개,1개,4개,d
dev_3244.jpg,train2/dev_3244.jpg,사진에 보이는 재활용품 중 종이상자의 개수는 몇 개인가요?,2개,3개,4개,5개,d
dev_3244.jpg,train2/dev_3244.jpg,사진 속 재활용품 중 종이상자의 개수는 몇 개입니까?,3개,5개,2개,4개,b
dev_3246.jpg,train2/dev_3246.jpg,사진에 보이는 재활용품 중 발포 스티로폼 상자의 개수는 몇 개인가요?,7개,9개,11개,13개,d
dev_3246.jpg,train2/dev_3246.jpg,사진 속 재활용품 중 발포 스티로폼 상자의 개수는 몇 개입니까?,11개,13개,7개,9개,b
dev_3248.jpg,train2/dev_3248.jpg,사진에 보이는 종이컵과 종이컵 홀더의 재활용 분류는 어떻게 해야 할까요?,"종이컵은 플라스틱, 종이컵 홀더는 종이로 분리 배출한다.",종이컵과 종이컵 홀더 모두 종이로 분리 배출한다.,"종이컵은 종이, 종이컵 홀더는 플라스틱으로 분리 배출한다.",종이컵과 종이컵 홀더 모두 일반 쓰레기로 버린다.,b
dev_3248.jpg,train2/dev_3248.jpg,사진 속 종이컵과 종이컵 홀더의 재활용 분류는 어떻게 해야 합니까?,"종이컵은 종이, 종이컵 홀더는 플라스틱으로 분리 배출한다.",종이컵과 종이컵 홀더 모두 일반 쓰레기로 버린다.,"종이컵은 플라스틱, 종이컵 홀더는 종이로 분리 배출한다.",종이컵과 종이컵 홀더 모두 종이로 분리 배출한다.,d
dev_3249.jpg,train2/dev_3249.jpg,사진 속 사람이 들고 있는 재활용품 중 종이 재질의 과자 상자는 몇 개입니까?,3개,5개,7개,9개,d
dev_3249.jpg,train2/dev_3249.jpg,사진에 보이는 사람이 들고 있는 재활용품 중 종이 재질의 과자 상자는 몇 개인가요?,7개,9개,3개,5개,b
dev_3259.jpg,train2/dev_3259.jpg,사진 속 테이블 위에 보이는 재활용 가능한 병 마개는 몇 개입니까?,5개,7개,9개,11개,d
dev_3259.jpg,train2/dev_3259.jpg,사진에 보이는 테이블 위에 보이는 재활용 가능한 병 마개는 몇 개인가요?,11개,9개,5개,7개,a
dev_3273.jpg,train2/dev_3273.jpg,사진 속 트레이 위에 있는 재활용품 중 캔의 개수는 몇 개인가요?,1개,2개,3개,4개,d
dev_3273.jpg,train2/dev_3273.jpg,사진에 보이는 트레이 위에 있는 재활용품 중 캔의 개수는 몇 개입니까?,2개,1개,4개,3개,c
dev_3282.jpg,train2/dev_3282.jpg,사진 속 재활용품 중 캔의 개수는 몇 개인가요?,10개,15개,20개,25개,d
dev_3282.jpg,train2/dev_3282.jpg,사진에 보이는 재활용품 중 캔의 개수는 몇 개입니까?,10개,20개,25개,15개,c
dev_3311.jpg,train2/dev_3311.jpg,사진에 보이는 재활용품 중 몇 개의 플라스틱 포장지가 있나요?,1개,2개,3개,4개,b
dev_3311.jpg,train2/dev_3311.jpg,사진 속 재활용품 중 몇 개의 플라스틱 포장지가 있습니까?,3개,4개,2개,1개,c
dev_3319.jpg,train2/dev_3319.jpg,사진 속 재활용품 중 플라스틱 병의 개수는 몇 개인가요?,1개,2개,3개,4개,a
dev_3319.jpg,train2/dev_3319.jpg,사진에 보이는 재활용품 중 플라스틱 병의 개수는 몇 개입니까?,1개,2개,4개,3개,a
dev_3324.jpg,train2/dev_3324.jpg,사진 속 비닐봉지 안에 들어있는 재활용 가능한 플라스틱 병은 몇 개입니까?,1개,2개,3개,4개 이상,d
dev_3324.jpg,train2/dev_3324.jpg,사진에 보이는 비닐봉지 안에 들어있는 재활용 가능한 플라스틱 병은 몇 개인가요?,1개,3개,2개,4개 이상,d
dev_3325.jpg,train2/dev_3325.jpg,사진 속 재활용품 중 유리병은 몇 개입니까?,1개,2개,3개,4개,d
dev_3325.jpg,train2/dev_3325.jpg,사진에 보이는 재활용품 중 유리병은 몇 개인가요?,3개,1개,4개,2개,c
dev_3326.jpg,train2/dev_3326.jpg,사진에 보이는 재활용 가능한 플라스틱 컵은 총 몇 개입니까?,3개,4개,5개,6개,b
dev_3326.jpg,train2/dev_3326.jpg,사진 속 재활용 가능한 플라스틱 컵은 총 몇 개인가요?,5개,6개,4개,3개,c
dev_3328.jpg,train2/dev_3328.jpg,사진 속 재활용품으로 보이는 녹색 포장지는 어떤 재질로 분류해야 할까요?,종이,플라스틱,유리,금속,a
dev_3328.jpg,train2/dev_3328.jpg,사진에 보이는 재활용품으로 보이는 녹색 포장지는 어떤 재질로 분류해야 합니까?,플라스틱,유리,종이,금속,c
dev_3330.jpg,train2/dev_3330.jpg,사진에 보이는 재활용 가능한 플라스틱 병은 몇 개입니까?,2개,3개,4개,5개,b
dev_3330.jpg,train2/dev_3330.jpg,사진 속 재활용 가능한 플라스틱 병은 몇 개인가요?,3개,2개,5개,4개,a
dev_3331.jpg,train2/dev_3331.jpg,사진에 보이는 껌과 사탕 케이스의 재활용 분류는 무엇인가요?,플라스틱,종이,금속,유리,c
dev_3331.jpg,train2/dev_3331.jpg,사진 속 껌과 사탕 케이스의 재활용 분류는 무엇입니까?,종이,금속,유리,플라스틱,b
dev_3332.jpg,train2/dev_3332.jpg,사진에서 재활용 가능한 종이 상자는 몇 개나 보이나요?,2개,3개,4개,5개,d
dev_3332.jpg,train2/dev_3332.jpg,사진에서 재활용 가능한 종이 상자는 몇 개나 보입니까?,3개,4개,2개,5개,d
dev_3336.jpg,train2/dev_3336.jpg,사진에 보이는 재활용 가능한 음료 용기의 재질은 무엇인가요?,종이컵,플라스틱 컵,유리병,금속 캔,a
dev_3336.jpg,train2/dev_3336.jpg,사진 속 재활용 가능한 음료 용기의 재질은 무엇입니까?,유리병,플라스틱 컵,종이컵,금속 캔,c
dev_3344.jpg,train2/dev_3344.jpg,사진 속 재활용품 분리수거함에 보이는 병은 어떤 재질인가요?,유리병,플라스틱병,금속캔,종이팩,b
dev_3344.jpg,train2/dev_3344.jpg,사진에 보이는 재활용품 분리수거함에 보이는 병은 어떤 재질인가요?,종이팩,금속캔,유리병,플라스틱병,d
dev_3347.jpg,train2/dev_3347.jpg,사진에 보이는 재활용 가능한 플라스틱 용기는 몇 개입니까?,1개,2개,3개,4개,a
dev_3347.jpg,train2/dev_3347.jpg,사진 속 재활용 가능한 플라스틱 용기는 몇 개인가요?,2개,4개,3개,1개,d
dev_3355.jpg,train2/dev_3355.jpg,사진에 보이는 재활용 가능한 병은 몇 개입니까?,30개,35개,40개,45개,d
dev_3355.jpg,train2/dev_3355.jpg,사진 속 재활용 가능한 병은 몇 개인가요?,35개,45개,30개,40개,b
dev_3358.jpg,train2/dev_3358.jpg,사진에 보이는 재활용품 중 알루미늄 재질의 포장지는 몇 개입니까?,1개,2개,3개,4개,b
dev_3358.jpg,train2/dev_3358.jpg,사진 속 재활용품 중 알루미늄 재질의 포장지는 몇 개인가요?,1개,4개,3개,2개,d
dev_3366.jpg,train2/dev_3366.jpg,사진에 보이는 재활용 가능한 상자의 개수는 몇 개인가요?,3개,4개,5개,6개,b
dev_3366.jpg,train2/dev_3366.jpg,사진 속 재활용 가능한 상자의 개수는 몇 개입니까?,4개,3개,6개,5개,a
dev_3370.jpg,train2/dev_3370.jpg,사진에 보이는 재활용품 중 비닐 재질의 포장지는 몇 개입니까?,1개,2개,3개,4개,b
dev_3370.jpg,train2/dev_3370.jpg,사진 속 재활용품 중 비닐 재질의 포장지는 몇 개인가요?,4개,1개,3개,2개,d
dev_3371.jpg,train2/dev_3371.jpg,사진에 보이는 재활용 상자 중에서 종이 재질의 상자는 몇 개입니까?,3개,4개,5개,6개,d
dev_3371.jpg,train2/dev_3371.jpg,사진 속 재활용 상자 중에서 종이 재질의 상자는 몇 개인가요?,6개,5개,3개,4개,a
dev_3373.jpg,train2/dev_3373.jpg,사진에 보이는 재활용 가능한 플라스틱 컵은 몇 개입니까?,5개,7개,9개,11개,d
dev_3373.jpg,train2/dev_3373.jpg,사진 속 재활용 가능한 플라스틱 컵은 몇 개인가요?,9개,11개,5개,7개,b
dev_3378.jpg,train2/dev_3378.jpg,사진 속 재활용품 중 종이 상자의 개수는 몇 개인가요?,5개,7개,9개,11개,d
dev_3378.jpg,train2/dev_3378.jpg,사진에 보이는 재활용품 중 종이 상자의 개수는 몇 개입니까?,7개,9개,11개,5개,c
dev_3381.jpg,train2/dev_3381.jpg,사진에 보이는 재활용품 중 골판지 상자의 개수는 몇 개인가요?,1개,2개,3개,4개,c
dev_3381.jpg,train2/dev_3381.jpg,사진 속 재활용품 중 골판지 상자의 개수는 몇 개입니까?,3개,1개,2개,4개,a
dev_3387.jpg,train2/dev_3387.jpg,사진 속 재활용품 중 종이 재질의 상자는 몇 개 보이나요?,1개,2개,3개,4개,d
dev_3387.jpg,train2/dev_3387.jpg,사진에 보이는 재활용품 중 종이 재질의 상자는 몇 개 보입니까?,2개,1개,4개,3개,c
dev_3388.jpg,train2/dev_3388.jpg,사진 속 재활용품 중 종이류는 어디에 위치해 있나요?,파란색 봉투 안에 있다.,흰색 봉투 안에 있다.,철제 틀 앞쪽에 있다.,철제 틀 뒤쪽에 있다.,d
dev_3388.jpg,train2/dev_3388.jpg,사진에 보이는 재활용품 중 종이류는 어디에 위치해 있습니까?,파란색 봉투 안에 있다.,철제 틀 앞쪽에 있다.,흰색 봉투 안에 있다.,철제 틀 뒤쪽에 있다.,d
dev_3398.jpg,train2/dev_3398.jpg,재활용 쓰레기통 위에 놓인 플라스틱 컵 중 빨대 색깔이 노란색인 컵은 몇 개인가요?,2개,3개,4개,5개,c
dev_3398.jpg,train2/dev_3398.jpg,재활용 쓰레기통 위에 놓인 플라스틱 컵 중 빨대 색깔이 노란색인 컵은 몇 개입니까?,2개,4개,5개,3개,b
dev_3403.jpg,train2/dev_3403.jpg,사진 속 음료 컵 홀더에 담긴 재활용 가능한 플라스틱 컵은 몇 개입니까?,1개,2개,3개,4개,c
dev_3403.jpg,train2/dev_3403.jpg,사진에 보이는 음료 컵 홀더에 담긴 재활용 가능한 플라스틱 컵은 몇 개인가요?,1개,4개,2개,3개,d
dev_3405.jpg,train2/dev_3405.jpg,사진 속 재활용품 중에서 종이상자의 개수는 몇 개인가요?,3개,5개,7개,9개,d
dev_3405.jpg,train2/dev_3405.jpg,사진에 보이는 재활용품 중에서 종이상자의 개수는 몇 개입니까?,7개,9개,3개,5개,b
dev_3411.jpg,train2/dev_3411.jpg,사진에 보이는 재활용 가능한 종이 상자의 위치는 어디인가요?,계단 옆 바닥에 놓여 있음,벽에 붙어 있음,자전거 뒤에 숨겨져 있음,소화전 옆 벽에 걸려 있음,b
dev_3411.jpg,train2/dev_3411.jpg,사진 속 재활용 가능한 종이 상자의 위치는 어디입니까?,벽에 붙어 있음,자전거 뒤에 숨겨져 있음,계단 옆 바닥에 놓여 있음,소화전 옆 벽에 걸려 있음,a
dev_3414.jpg,train2/dev_3414.jpg,사진 속 재활용 가능한 플라스틱 병은 몇 개 있나요?,약 20개,약 30개,약 40개,약 50개,d
dev_3414.jpg,train2/dev_3414.jpg,사진에 보이는 재활용 가능한 플라스틱 병은 몇 개 있습니까?,약 50개,약 20개,약 40개,약 30개,a
dev_3417.jpg,train2/dev_3417.jpg,사진에 보이는 재활용품 중 골판지 상자의 개수는 몇 개인가요?,3개,5개,7개,9개,d
dev_3417.jpg,train2/dev_3417.jpg,사진 속 재활용품 중 골판지 상자의 개수는 몇 개입니까?,7개,5개,3개,9개,d
dev_3420.jpg,train2/dev_3420.jpg,사진 속 재활용품 중 캔 음료는 몇 개 있나요?,2개,3개,4개,5개,d
dev_3420.jpg,train2/dev_3420.jpg,사진에 보이는 재활용품 중 캔 음료는 몇 개 있습니까?,2개,5개,4개,3개,b
dev_3435.jpg,train2/dev_3435.jpg,사진 속 재활용품 중 유리병은 몇 개 있나요?,1개,2개,3개,4개,a
dev_3435.jpg,train2/dev_3435.jpg,사진에 보이는 재활용품 중 유리병은 몇 개 있습니까?,2개,1개,4개,3개,b
dev_3445.jpg,train2/dev_3445.jpg,사진에서 재활용 가능한 플라스틱 용품은 몇 개 보이나요?,1개,2개,3개,4개,a
dev_3445.jpg,train2/dev_3445.jpg,사진에서 재활용 가능한 플라스틱 용품은 몇 개 보입니까?,4개,3개,2개,1개,d
dev_3448.jpg,train2/dev_3448.jpg,사진 속 재활용품 중 플라스틱 재질의 용기는 몇 개 있나요?,1개,2개,3개,4개,d
dev_3448.jpg,train2/dev_3448.jpg,사진에 보이는 재활용품 중 플라스틱 재질의 용기는 몇 개 있습니까?,3개,2개,4개,1개,c
dev_3457.jpg,train2/dev_3457.jpg,사진 속 재활용 쓰레기봉투 안에 보이는 플라스틱 병은 몇 개입니까?,2개,3개,4개,5개,b
dev_3457.jpg,train2/dev_3457.jpg,사진에 보이는 재활용 쓰레기봉투 안에 보이는 플라스틱 병은 몇 개인가요?,2개,4개,3개,5개,c
dev_3461.jpg,train2/dev_3461.jpg,사진 속 재활용품 중 플라스틱 병은 몇 개 있나요?,3개,5개,7개,9개,d
dev_3461.jpg,train2/dev_3461.jpg,사진에 보이는 재활용품 중 플라스틱 병은 몇 개 있습니까?,3개,9개,7개,5개,b
dev_3467.jpg,train2/dev_3467.jpg,사진에 보이는 재활용품 중 플라스틱 재질의 용기는 몇 개인가요?,1개,2개,3개,4개,a
dev_3467.jpg,train2/dev_3467.jpg,사진 속 재활용품 중 플라스틱 재질의 용기는 몇 개입니까?,3개,1개,2개,4개,b
dev_3479.jpg,train2/dev_3479.jpg,사진에 보이는 재활용 가능한 종이 상자의 개수는 몇 개인가요?,3개,5개,7개,9개,d
dev_3479.jpg,train2/dev_3479.jpg,사진 속 재활용 가능한 종이 상자의 개수는 몇 개입니까?,3개,5개,9개,7개,c
dev_3482.jpg,train2/dev_3482.jpg,사진에 보이는 재활용품 중 종이 재질의 계란판은 몇 개입니까?,5개,7개,9개,11개,d
dev_3482.jpg,train2/dev_3482.jpg,사진 속 재활용품 중 종이 재질의 계란판은 몇 개인가요?,11개,5개,9개,7개,a
dev_3483.jpg,train2/dev_3483.jpg,사진 속 재활용 가능한 플라스틱 컵에는 어떤 음료 브랜드가 적혀 있나요?,스타벅스,크리스피 크림,던킨,파리바게뜨,b
dev_3483.jpg,train2/dev_3483.jpg,사진에 보이는 재활용 가능한 플라스틱 컵에는 어떤 음료 브랜드가 적혀 있습니까?,던킨,파리바게뜨,크리스피 크림,스타벅스,c
dev_3486.jpg,train2/dev_3486.jpg,사진에 보이는 재활용품 중 골판지 상자의 개수는 몇 개인가요?,1개,2개,3개,4개,d
dev_3486.jpg,train2/dev_3486.jpg,사진 속 재활용품 중 골판지 상자의 개수는 몇 개입니까?,4개,3개,1개,2개,a
dev_3501.jpg,train2/dev_3501.jpg,사진 속 흰색 용기의 재활용 분류는 무엇인가요?,플라스틱,종이,스티로폼,유리,b
dev_3501.jpg,train2/dev_3501.jpg,사진에 보이는 흰색 용기의 재활용 분류는 무엇입니까?,유리,스티로폼,종이,플라스틱,c
dev_3504.jpg,train2/dev_3504.jpg,사진에 보이는 재활용품 중 종이상자의 개수는 몇 개인가요?,1개,2개,3개,4개,d
dev_3504.jpg,train2/dev_3504.jpg,사진 속 재활용품 중 종이상자의 개수는 몇 개입니까?,3개,4개,2개,1개,b
dev_3505.jpg,train2/dev_3505.jpg,사진 속 재활용품 중 종이상자의 개수는 몇 개인가요?,3개,5개,7개,9개,d
dev_3505.jpg,train2/dev_3505.jpg,사진에 보이는 재활용품 중 종이상자의 개수는 몇 개입니까?,5개,9개,3개,7개,b
dev_3520.jpg,train2/dev_3520.jpg,사진 속 재활용품 분리수거함에 담긴 재활용품의 재질은 무엇인가요?,종이,플라스틱,유리,금속,a
dev_3520.jpg,train2/dev_3520.jpg,사진에 보이는 재활용품 분리수거함에 담긴 재활용품의 재질은 무엇입니까?,유리,종이,금속,플라스틱,b
dev_3530.jpg,train2/dev_3530.jpg,사진에 보이는 재활용 가능한 상자는 몇 개입니까?,3개,4개,5개,6개,d
dev_3530.jpg,train2/dev_3530.jpg,사진 속 재활용 가능한 상자는 몇 개인가요?,6개,3개,5개,4개,a
dev_3536.jpg,train2/dev_3536.jpg,"사진에 보이는 재활용 가능한 유리병 중, 투명한 유리병은 몇 개입니까?",1개,2개,3개,4개,a
dev_3536.jpg,train2/dev_3536.jpg,"사진 속 재활용 가능한 유리병 중, 투명한 유리병은 몇 개인가요?",4개,1개,2개,3개,b
dev_3570.jpg,train2/dev_3570.jpg,사진 속 재활용품 분리함에 들어있는 발포 스티로폼 용기의 개수는 몇 개인가요?,1개,2개,3개,4개,c
dev_3570.jpg,train2/dev_3570.jpg,사진에 보이는 재활용품 분리함에 들어있는 발포 스티로폼 용기의 개수는 몇 개입니까?,4개,2개,1개,3개,d
dev_3576.jpg,train2/dev_3576.jpg,사진 속 재활용품 중 플라스틱 병은 몇 개 있습니까?,1개,2개,3개,4개 이상,d
dev_3576.jpg,train2/dev_3576.jpg,사진에 보이는 재활용품 중 플라스틱 병은 몇 개 있나요?,1개,4개 이상,3개,2개,b
dev_3577.jpg,train2/dev_3577.jpg,사진 속 상자 안에 있는 재활용 가능한 종이 상자의 개수는 몇 개인가요?,1개,2개,3개,4개,c
dev_3577.jpg,train2/dev_3577.jpg,사진에 보이는 상자 안에 있는 재활용 가능한 종이 상자의 개수는 몇 개입니까?,4개,1개,3개,2개,c
dev_3583.jpg,train2/dev_3583.jpg,사진 속 재활용품 중 플라스틱 병은 몇 개 있나요?,2개,3개,4개,5개,d
dev_3583.jpg,train2/dev_3583.jpg,사진에 보이는 재활용품 중 플라스틱 병은 몇 개 있습니까?,3개,2개,5개,4개,c
dev_3586.jpg,train2/dev_3586.jpg,사진 속 책상 위에 보이는 재활용 가능한 플라스틱 음료 용기는 몇 개입니까?,1개,2개,3개,4개,d
dev_3586.jpg,train2/dev_3586.jpg,사진에 보이는 책상 위에 보이는 재활용 가능한 플라스틱 음료 용기는 몇 개인가요?,1개,2개,4개,3개,c
dev_3591.jpg,train2/dev_3591.jpg,냉장고 안에 있는 재활용 가능한 플라스틱 병은 몇 개입니까?,3개,5개,7개,9개,d
dev_3591.jpg,train2/dev_3591.jpg,냉장고 안에 있는 재활용 가능한 플라스틱 병은 몇 개인가요?,3개,9개,7개,5개,b
dev_3599.jpg,train2/dev_3599.jpg,사진 속에서 재활용 가능한 플라스틱 용기는 몇 개 있나요?,1개,2개,3개,4개,a
dev_3599.jpg,train2/dev_3599.jpg,사진에서 재활용 가능한 플라스틱 용기는 몇 개 있습니까?,2개,3개,1개,4개,c
dev_3601.jpg,train2/dev_3601.jpg,사진에 보이는 재활용품 중 종이팩의 용량은 얼마인가요?,250ml,500ml,1L,2L,a
dev_3601.jpg,train2/dev_3601.jpg,사진 속 재활용품 중 종이팩의 용량은 얼마입니까?,2L,500ml,1L,250ml,d
dev_3603.jpg,train2/dev_3603.jpg,사진에 보이는 재활용품 중 플라스틱 병의 개수는 몇 개인가요?,1개,2개,3개,4개,b
dev_3603.jpg,train2/dev_3603.jpg,사진 속 재활용품 중 플라스틱 병의 개수는 몇 개입니까?,3개,1개,4개,2개,d
dev_3610.jpg,train2/dev_3610.jpg,사진 속 원형 테이블 위에 있는 재활용 가능한 플라스틱 병은 몇 개입니까?,1개,2개,3개,4개,c
dev_3610.jpg,train2/dev_3610.jpg,사진에 보이는 원형 테이블 위에 있는 재활용 가능한 플라스틱 병은 몇 개인가요?,1개,3개,2개,4개,b
dev_3618.jpg,train2/dev_3618.jpg,사진 속에 보이는 재활용품 중 플라스틱 컵은 몇 개입니까?,3개,5개,7개,9개,b
dev_3618.jpg,train2/dev_3618.jpg,사진에 보이는 재활용품 중 플라스틱 컵은 몇 개인가요?,3개,9개,5개,7개,c
dev_3621.jpg,train2/dev_3621.jpg,책상 위에 있는 재활용품 중 플라스틱 병은 몇 개입니까?,1개,2개,3개,4개,c
dev_3621.jpg,train2/dev_3621.jpg,책상 위에 있는 재활용품 중 플라스틱 병은 몇 개인가요?,1개,2개,4개,3개,d
dev_3623.jpg,train2/dev_3623.jpg,사진에 보이는 재활용 가능한 플라스틱 컵은 몇 개입니까?,5개,7개,9개,11개,d
dev_3623.jpg,train2/dev_3623.jpg,사진 속 재활용 가능한 플라스틱 컵은 몇 개인가요?,11개,9개,7개,5개,a
dev_3625.jpg,train2/dev_3625.jpg,사진에 보이는 재활용 가능한 플라스틱 컵은 몇 개인가요?,1개,2개,3개,4개,d
dev_3625.jpg,train2/dev_3625.jpg,사진 속 재활용 가능한 플라스틱 컵은 몇 개입니까?,4개,1개,3개,2개,a
dev_3627.jpg,train2/dev_3627.jpg,사진에 보이는 재활용 가능한 플라스틱 컵은 총 몇 개인가요?,"왼쪽에 4개, 오른쪽에 6개","왼쪽에 3개, 오른쪽에 7개","왼쪽에 5개, 오른쪽에 5개","왼쪽에 6개, 오른쪽에 4개",d
dev_3627.jpg,train2/dev_3627.jpg,사진 속 재활용 가능한 플라스틱 컵은 총 몇 개입니까?,"왼쪽에 3개, 오른쪽에 7개","왼쪽에 4개, 오른쪽에 6개","왼쪽에 6개, 오른쪽에 4개","왼쪽에 5개, 오른쪽에 5개",c
dev_3631.jpg,train2/dev_3631.jpg,사진 속에 보이는 재활용 가능한 플라스틱 병의 수는 몇 개인가요?,1개,2개,3개,4개,a
dev_3631.jpg,train2/dev_3631.jpg,사진에 보이는 재활용 가능한 플라스틱 병의 수는 몇 개입니까?,1개,3개,2개,4개,a
dev_3634.jpg,train2/dev_3634.jpg,사진에 보이는 재활용품 중 골판지 상자는 몇 개입니까?,1개,2개,3개,4개,c
dev_3634.jpg,train2/dev_3634.jpg,사진 속 재활용품 중 골판지 상자는 몇 개인가요?,4개,1개,2개,3개,d
dev_3635.jpg,train2/dev_3635.jpg,사진에 보이는 투명 플라스틱 병은 몇 개입니까?,3개,4개,5개,6개,d
dev_3635.jpg,train2/dev_3635.jpg,사진 속 투명 플라스틱 병은 몇 개인가요?,4개,6개,5개,3개,b
dev_3638.jpg,train2/dev_3638.jpg,이 이미지에서 재활용 가능한 포장재는 무엇인가요?,플라스틱 랩,종이 케이크 틀,유리병,금속 캔,b
dev_3638.jpg,train2/dev_3638.jpg,이 이미지에서 재활용 가능한 포장재는 무엇입니까?,종이 케이크 틀,금속 캔,플라스틱 랩,유리병,a
dev_3646.jpg,train2/dev_3646.jpg,사진에 보이는 재활용 상자 중에서 종이 재질의 상자는 몇 개입니까?,5개,8개,12개,15개,d
dev_3646.jpg,train2/dev_3646.jpg,사진 속 재활용 상자 중에서 종이 재질의 상자는 몇 개인가요?,12개,5개,8개,15개,d
dev_3647.jpg,train2/dev_3647.jpg,사진 속 재활용품 중 캔의 개수는 몇 개인가요?,3개,5개,7개,9개,d
dev_3647.jpg,train2/dev_3647.jpg,사진에 보이는 재활용품 중 캔의 개수는 몇 개입니까?,5개,7개,9개,3개,c
dev_3648.jpg,train2/dev_3648.jpg,사진에 보이는 재활용품 중 종이 상자의 개수는 몇 개인가요?,1개,2개,3개,4개,d
dev_3648.jpg,train2/dev_3648.jpg,사진 속 재활용품 중 종이 상자의 개수는 몇 개입니까?,1개,4개,3개,2개,b
dev_3652.jpg,train2/dev_3652.jpg,사진에 보이는 재활용품 중 스티로폼 재질의 개수는 몇 개인가요?,1개,2개,3개,4개,c
dev_3652.jpg,train2/dev_3652.jpg,사진 속 재활용품 중 스티로폼 재질의 개수는 몇 개입니까?,2개,3개,4개,1개,b
dev_3655.jpg,train2/dev_3655.jpg,사진에 보이는 재활용품 중 종이 상자의 개수는 몇 개인가요?,3개,5개,7개,9개,d
dev_3655.jpg,train2/dev_3655.jpg,사진 속 재활용품 중 종이 상자의 개수는 몇 개입니까?,7개,5개,3개,9개,d
dev_3657.jpg,train2/dev_3657.jpg,사진 속 재활용품 중 몇 개의 종이상자가 보이나요?,1개,2개,3개,4개,d
dev_3657.jpg,train2/dev_3657.jpg,사진에 보이는 재활용품 중 몇 개의 종이상자가 보입니까?,1개,4개,2개,3개,b
dev_3664.jpg,train2/dev_3664.jpg,책상 위에 놓인 재활용품은 무엇인가요?,플라스틱 캡,종이 쪽지,유리병 조각,금속 캔,b
dev_3664.jpg,train2/dev_3664.jpg,책상 위에 놓인 재활용품은 무엇입니까?,종이 쪽지,유리병 조각,금속 캔,플라스틱 캡,a
dev_3665.jpg,train2/dev_3665.jpg,사진 속 상자 안에 들어있는 재활용 가능한 플라스틱 병은 몇 개입니까?,3개,4개,5개,6개,d
dev_3665.jpg,train2/dev_3665.jpg,사진에 보이는 상자 안에 들어있는 재활용 가능한 플라스틱 병은 몇 개인가요?,6개,5개,4개,3개,a
dev_3669.jpg,train2/dev_3669.jpg,사진에 보이는 재활용 가능한 유리병은 몇 개입니까?,7개,9개,11개,13개,d
dev_3669.jpg,train2/dev_3669.jpg,사진 속 재활용 가능한 유리병은 몇 개인가요?,9개,7개,13개,11개,c
dev_3672.jpg,train2/dev_3672.jpg,이 선반에서 유리병으로 된 재활용품은 몇 개 있습니까?,30개,40개,50개,60개,d
dev_3672.jpg,train2/dev_3672.jpg,이 선반에서 유리병으로 된 재활용품은 몇 개 있나요?,50개,30개,60개,40개,c
dev_3676.jpg,train2/dev_3676.jpg,사진에 보이는 재활용품 중 종이컵은 몇 개입니까?,1개,2개,3개,4개,c
dev_3676.jpg,train2/dev_3676.jpg,사진 속 재활용품 중 종이컵은 몇 개인가요?,4개,2개,1개,3개,d
dev_3682.jpg,train2/dev_3682.jpg,사진 속 재활용품인 투명 플라스틱 컵의 뚜껑 재질은 무엇인가요?,종이,플라스틱,금속,유리,b
dev_3682.jpg,train2/dev_3682.jpg,사진에 보이는 재활용품인 투명 플라스틱 컵의 뚜껑 재질은 무엇입니까?,금속,플라스틱,유리,종이,b
dev_3686.jpg,train2/dev_3686.jpg,사진 속 재활용품 중에서 몇 개의 비닐 포장재가 보이나요?,3개,5개,7개,9개,d
dev_3686.jpg,train2/dev_3686.jpg,사진에 보이는 재활용품 중에서 몇 개의 비닐 포장재가 보입니까?,7개,3개,9개,5개,c
dev_3688.jpg,train2/dev_3688.jpg,사진 속 책장에 있는 재활용 가능한 플라스틱 용기는 무엇인가요?,WD-40 스프레이 캔,빨간색 접착제 튜브,파란색 라벨 제거제 스프레이 캔,투명 플라스틱 컵,d
dev_3688.jpg,train2/dev_3688.jpg,사진에 보이는 책장에 있는 재활용 가능한 플라스틱 용기는 무엇입니까?,빨간색 접착제 튜브,WD-40 스프레이 캔,파란색 라벨 제거제 스프레이 캔,투명 플라스틱 컵,d
dev_3693.jpg,train2/dev_3693.jpg,사진에서 재활용 가능한 플라스틱 병은 몇 개 보이나요?,1개,3개,5개 이상,보이지 않는다,d
dev_3693.jpg,train2/dev_3693.jpg,사진에서 재활용 가능한 플라스틱 병은 몇 개 보입니까?,5개 이상,1개,보이지 않는다,3개,c
dev_3708.jpg,train2/dev_3708.jpg,사진 속 재활용 가능한 플라스틱 용기는 몇 개 있나요?,1개,2개,3개,4개,a
dev_3708.jpg,train2/dev_3708.jpg,사진에 보이는 재활용 가능한 플라스틱 용기는 몇 개 있습니까?,4개,1개,3개,2개,b
dev_3711.jpg,train2/dev_3711.jpg,사진 속 상자 안에 있는 재활용품 중 종이 재질의 아이템은 무엇인가요?,흰색 용기 뚜껑,갈색 컵 홀더,플라스틱 용기,알루미늄 캔,a
dev_3711.jpg,train2/dev_3711.jpg,사진에 보이는 상자 안에 있는 재활용품 중 종이 재질의 아이템은 무엇입니까?,플라스틱 용기,알루미늄 캔,흰색 용기 뚜껑,갈색 컵 홀더,c
dev_3716.jpg,train2/dev_3716.jpg,사진에 보이는 재활용 가능한 포장재 중 종이 재질의 상자는 몇 개입니까?,2개,3개,4개,5개,b
dev_3716.jpg,train2/dev_3716.jpg,사진 속 재활용 가능한 포장재 중 종이 재질의 상자는 몇 개인가요?,3개,5개,4개,2개,a
dev_3718.jpg,train2/dev_3718.jpg,사진에 보이는 재활용품 중 플라스틱 재질의 용기는 몇 개입니까?,1개,2개,3개,4개,d
dev_3718.jpg,train2/dev_3718.jpg,사진 속 재활용품 중 플라스틱 재질의 용기는 몇 개인가요?,3개,1개,2개,4개,d
dev_3719.jpg,train2/dev_3719.jpg,사진 속 재활용 분리수거함 중 '유리병류'가 분류된 곳은 어디인가요?,사진 오른쪽 벽면에 붙은 `유리병류` 표지판이 있는 상자,사진 왼쪽 첫 번째 분리수거함,사진 중앙에 검은 봉지가 놓인 분리수거함,사진 바닥에 놓인 투명 비닐봉지,a
dev_3719.jpg,train2/dev_3719.jpg,사진에 보이는 재활용 분리수거함 중 '유리병류'가 분류된 곳은 어디입니까?,사진 중앙에 검은 봉지가 놓인 분리수거함,사진 바닥에 놓인 투명 비닐봉지,사진 왼쪽 첫 번째 분리수거함,사진 오른쪽 벽면에 붙은 `유리병류` 표지판이 있는 상자,d
dev_3720.jpg,train2/dev_3720.jpg,책상 위에 있는 재활용 가능한 플라스틱 포장재는 몇 개인가요?,1개,2개,3개,없다,d
dev_3720.jpg,train2/dev_3720.jpg,책상 위에 있는 재활용 가능한 플라스틱 포장재는 몇 개입니까?,1개,2개,없다,3개,c
dev_3722.jpg,train2/dev_3722.jpg,사진에 보이는 재활용품 분리수거함 중 종이류가 주로 담긴 분리수거함은 어느 쪽인가요?,왼쪽 분리수거함,오른쪽 분리수거함,앞에 있는 빈 박스,분리수거함이 보이지 않음,a
dev_3722.jpg,train2/dev_3722.jpg,사진 속 재활용품 분리수거함 중 종이류가 주로 담긴 분리수거함은 어느 쪽인가요?,앞에 있는 빈 박스,왼쪽 분리수거함,오른쪽 분리수거함,분리수거함이 보이지 않음,b
dev_3737.jpg,train2/dev_3737.jpg,상자 안에 있는 사과식초 음료수 병의 개수는 몇 개인가요?,2개,3개,4개,5개,d
dev_3737.jpg,train2/dev_3737.jpg,상자 안에 있는 사과식초 음료수 병의 개수는 몇 개입니까?,5개,2개,4개,3개,a
dev_3739.jpg,train2/dev_3739.jpg,사진 속 투명한 비닐봉지 안에 주로 어떤 재질의 재활용품이 들어 있나요?,종이,플라스틱,유리,금속,d
dev_3739.jpg,train2/dev_3739.jpg,사진에 보이는 투명한 비닐봉지 안에 주로 어떤 재질의 재활용품이 들어 있습니까?,유리,종이,플라스틱,금속,d
dev_3740.jpg,train2/dev_3740.jpg,사진에 보이는 재활용 가능한 플라스틱 병은 총 몇 개입니까?,3개,4개,5개,6개,d
dev_3740.jpg,train2/dev_3740.jpg,사진 속 재활용 가능한 플라스틱 병은 총 몇 개인가요?,6개,4개,5개,3개,a
dev_3755.jpg,train2/dev_3755.jpg,사진 속 재활용 가능한 플라스틱 병은 몇 개입니까?,1개,2개,3개,4개,c
dev_3755.jpg,train2/dev_3755.jpg,사진에 보이는 재활용 가능한 플라스틱 병은 몇 개인가요?,2개,3개,1개,4개,b
dev_3756.jpg,train2/dev_3756.jpg,사진 속 재활용품 중 플라스틱 병은 몇 개 보이나요?,3개,5개,7개,9개,d
dev_3756.jpg,train2/dev_3756.jpg,사진에 보이는 재활용품 중 플라스틱 병은 몇 개 보입니까?,9개,3개,5개,7개,a
dev_3760.jpg,train2/dev_3760.jpg,사진에 보이는 재활용품 중 종이 상자의 개수는 몇 개인가요?,5개,7개,9개,11개,d
dev_3760.jpg,train2/dev_3760.jpg,사진 속 재활용품 중 종이 상자의 개수는 몇 개입니까?,5개,7개,11개,9개,c
dev_3765.jpg,train2/dev_3765.jpg,사진에 보이는 재활용품 중 종이 재질의 상자는 몇 개입니까?,3개,4개,5개,6개,d
dev_3765.jpg,train2/dev_3765.jpg,사진 속 재활용품 중 종이 재질의 상자는 몇 개인가요?,4개,5개,6개,3개,c
dev_3769.jpg,train2/dev_3769.jpg,사진 속 음료 캔 중에서 'pepsi' 캔의 용량은 얼마인가요?,350ml,500ml,150ml,250ml,c
dev_3769.jpg,train2/dev_3769.jpg,사진에 보이는 음료 캔 중에서 'pepsi' 캔의 용량은 얼마입니까?,250ml,500ml,350ml,150ml,d
dev_3771.jpg,train2/dev_3771.jpg,사진에 보이는 투명 플라스틱 컵은 총 몇 개입니까?,5개,7개,9개,11개,d
dev_3771.jpg,train2/dev_3771.jpg,사진 속 투명 플라스틱 컵은 총 몇 개인가요?,7개,9개,5개,11개,d
dev_3772.jpg,train2/dev_3772.jpg,사진에 보이는 재활용 가능한 플라스틱 컵은 몇 개인가요?,1개,2개,3개,4개,c
dev_3772.jpg,train2/dev_3772.jpg,사진 속 재활용 가능한 플라스틱 컵은 몇 개입니까?,3개,2개,4개,1개,a
dev_3776.jpg,train2/dev_3776.jpg,사진에 보이는 재활용 가능한 플라스틱 컵은 몇 개입니까?,7개,8개,9개,10개,d
dev_3776.jpg,train2/dev_3776.jpg,사진 속 재활용 가능한 플라스틱 컵은 몇 개인가요?,8개,7개,9개,10개,d
dev_3780.jpg,train2/dev_3780.jpg,사진에 보이는 재활용 가능한 유리병은 몇 개입니까?,3개,4개,5개,6개,d
dev_3780.jpg,train2/dev_3780.jpg,사진 속 재활용 가능한 유리병은 몇 개인가요?,3개,5개,6개,4개,c
dev_3782.jpg,train2/dev_3782.jpg,사진에 보이는 재활용품 중 종이상자의 개수는 몇 개인가요?,3개,5개,7개,9개,d
dev_3782.jpg,train2/dev_3782.jpg,사진 속 재활용품 중 종이상자의 개수는 몇 개입니까?,3개,7개,9개,5개,c
dev_3788.jpg,train2/dev_3788.jpg,사진에 보이는 재활용 가능한 플라스틱 병은 몇 개입니까?,1개,2개,3개,4개,d
dev_3788.jpg,train2/dev_3788.jpg,사진 속 재활용 가능한 플라스틱 병은 몇 개인가요?,2개,4개,3개,1개,b
dev_3793.jpg,train2/dev_3793.jpg,사진에 보이는 재활용품 상자 중에서 오렌지색 상자는 어떤 종류의 재활용품을 담기 위한 것인가요?,종이팩,플라스틱 병,유리병,캔,c
dev_3793.jpg,train2/dev_3793.jpg,사진 속 재활용품 상자 중에서 오렌지색 상자는 어떤 종류의 재활용품을 담기 위한 것입니까?,유리병,플라스틱 병,종이팩,캔,a
dev_3798.jpg,train2/dev_3798.jpg,사진에 보이는 재활용품 중 골판지 상자의 개수는 몇 개인가요?,1개,2개,3개,4개,d
dev_3798.jpg,train2/dev_3798.jpg,사진 속 재활용품 중 골판지 상자의 개수는 몇 개입니까?,1개,4개,3개,2개,b
dev_3803.jpg,train2/dev_3803.jpg,사진 속 테이블 위에 있는 재활용 가능한 병은 몇 개입니까?,5개,6개,7개,8개,b
dev_3803.jpg,train2/dev_3803.jpg,사진에 보이는 테이블 위에 있는 재활용 가능한 병은 몇 개인가요?,5개,7개,8개,6개,d
dev_3811.jpg,train2/dev_3811.jpg,사진 속 재활용 가능한 플라스틱 컵은 총 몇 개입니까?,3개,4개,5개,6개,c
dev_3811.jpg,train2/dev_3811.jpg,사진에 보이는 재활용 가능한 플라스틱 컵은 총 몇 개인가요?,4개,3개,6개,5개,d
dev_3813.jpg,train2/dev_3813.jpg,사진에 보이는 병들 중에서 유리병의 개수는 몇 개인가요?,8개,10개,12개,14개,d
dev_3813.jpg,train2/dev_3813.jpg,사진 속 병들 중에서 유리병의 개수는 몇 개입니까?,12개,8개,10개,14개,d
dev_3819.jpg,train2/dev_3819.jpg,사진 속 재활용 쓰레기통 안에 있는 종이팩은 어떤 종류입니까?,우유팩,주스팩,두유팩,와인팩,a
dev_3819.jpg,train2/dev_3819.jpg,사진에 보이는 재활용 쓰레기통 안에 있는 종이팩은 어떤 종류인가요?,우유팩,와인팩,두유팩,주스팩,a
dev_3823.jpg,train2/dev_3823.jpg,사진 속 투명 비닐봉지 안에 들어있는 재활용품 중 빨간색 컵받침은 몇 개입니까?,3개,4개,5개,6개,d
dev_3823.jpg,train2/dev_3823.jpg,사진에 보이는 투명 비닐봉지 안에 들어있는 재활용품 중 빨간색 컵받침은 몇 개인가요?,5개,6개,4개,3개,b
dev_3829.jpg,train2/dev_3829.jpg,사진 속 투명 플라스틱 컵에 붙어 있는 노란색 라벨은 어떤 재질로 분류되나요?,플라스틱,종이,유리,금속,b
dev_3829.jpg,train2/dev_3829.jpg,사진에 보이는 투명 플라스틱 컵에 붙어 있는 노란색 라벨은 어떤 재질로 분류되나요?,유리,플라스틱,금속,종이,d
dev_3831.jpg,train2/dev_3831.jpg,사진에 보이는 재활용품 중 종이 상자의 개수는 몇 개인가요?,2개,3개,4개,5개,c
dev_3831.jpg,train2/dev_3831.jpg,사진 속 재활용품 중 종이 상자의 개수는 몇 개입니까?,3개,2개,5개,4개,d
dev_3832.jpg,train2/dev_3832.jpg,사진 속 흰색 용기 안에 들어있는 재활용품 중 병의 개수는 몇 개인가요?,2개,3개,4개,5개,c
dev_3832.jpg,train2/dev_3832.jpg,사진에 보이는 흰색 용기 안에 들어있는 재활용품 중 병의 개수는 몇 개입니까?,5개,3개,2개,4개,d
dev_3838.jpg,train2/dev_3838.jpg,사진 속 재활용품 중 종이로 된 포장지는 무엇인가요?,과자 봉지,치약 튜브,우산 손잡이,책자,d
dev_3838.jpg,train2/dev_3838.jpg,사진에 보이는 재활용품 중 종이로 된 포장지는 무엇입니까?,과자 봉지,치약 튜브,책자,우산 손잡이,c
dev_3839.jpg,train2/dev_3839.jpg,사진 속 재활용 쓰레기 봉투에 들어있는 재활용품 중 가장 많이 보이는 재질은 무엇인가요?,플라스틱,종이,유리,금속,b
dev_3839.jpg,train2/dev_3839.jpg,사진에 보이는 재활용 쓰레기 봉투에 들어있는 재활용품 중 가장 많이 보이는 재질은 무엇입니까?,유리,플라스틱,금속,종이,d
dev_3843.jpg,train2/dev_3843.jpg,사진에 보이는 재활용품 중 종이 재질의 상자는 몇 개입니까?,1개,2개,3개,4개,b
dev_3843.jpg,train2/dev_3843.jpg,사진 속 재활용품 중 종이 재질의 상자는 몇 개인가요?,4개,2개,3개,1개,b
dev_3846.jpg,train2/dev_3846.jpg,사진에 보이는 재활용 가능한 유리병은 몇 개인가요?,1개,2개,3개,4개,a
dev_3846.jpg,train2/dev_3846.jpg,사진 속 재활용 가능한 유리병은 몇 개입니까?,4개,3개,1개,2개,c
dev_3849.jpg,train2/dev_3849.jpg,사진 속 재활용 쓰레기봉투 안에 보이는 플라스틱 봉투는 몇 개입니까?,1개,2개,3개,4개,d
dev_3849.jpg,train2/dev_3849.jpg,사진에 보이는 재활용 쓰레기봉투 안에 보이는 플라스틱 봉투는 몇 개인가요?,2개,4개,1개,3개,b
dev_3855.jpg,train2/dev_3855.jpg,사진에 보이는 재활용품 중 플라스틱 재질은 무엇인가요?,투명한 빨대,은색 과자 봉지,흰색 종이,검은색 플라스틱 뚜껑,b
dev_3855.jpg,train2/dev_3855.jpg,사진 속 재활용품 중 플라스틱 재질은 무엇입니까?,검은색 플라스틱 뚜껑,은색 과자 봉지,흰색 종이,투명한 빨대,b
dev_3864.jpg,train2/dev_3864.jpg,사진에 보이는 재활용품 중 플라스틱 재질로 보이는 것은 무엇인가요?,빨간색과 노란색 호박 모양의 장식품,하얀색과 검은색 상자,노란색 천 조각,투명한 플라스틱 케이스,a
dev_3864.jpg,train2/dev_3864.jpg,사진 속 재활용품 중 플라스틱 재질로 보이는 것은 무엇입니까?,하얀색과 검은색 상자,투명한 플라스틱 케이스,노란색 천 조각,빨간색과 노란색 호박 모양의 장식품,d
dev_3866.jpg,train2/dev_3866.jpg,사진에 보이는 생수 페트병 중 가장 많이 쌓여 있는 색상의 뚜껑은 무엇인가요?,파란색 뚜껑,흰색 뚜껑,초록색 뚜껑,노란색 뚜껑,b
dev_3866.jpg,train2/dev_3866.jpg,사진 속 생수 페트병 중 가장 많이 쌓여 있는 색상의 뚜껑은 무엇입니까?,초록색 뚜껑,흰색 뚜껑,파란색 뚜껑,노란색 뚜껑,b
dev_3876.jpg,train2/dev_3876.jpg,사진에 보이는 재활용 쓰레기 봉투 중에서 플라스틱 병이 들어있는 봉투는 몇 개인가요?,1개,2개,3개,4개,a
dev_3876.jpg,train2/dev_3876.jpg,사진 속 재활용 쓰레기 봉투 중에서 플라스틱 병이 들어있는 봉투는 몇 개입니까?,2개,1개,4개,3개,b
dev_3881.jpg,train2/dev_3881.jpg,사진에 보이는 재활용품 중 종이 재질의 상자는 몇 개입니까?,1개,2개,3개,4개,c
dev_3881.jpg,train2/dev_3881.jpg,사진 속 재활용품 중 종이 재질의 상자는 몇 개인가요?,4개,2개,3개,1개,c
dev_3882.jpg,train2/dev_3882.jpg,사진에 보이는 재활용 가능한 플라스틱 컵은 몇 개입니까?,5개,6개,7개,8개,a
dev_3882.jpg,train2/dev_3882.jpg,사진 속 재활용 가능한 플라스틱 컵은 몇 개인가요?,7개,5개,8개,6개,b
dev_3887.jpg,train2/dev_3887.jpg,사진 속 재활용 가능한 종이 상자의 개수는 몇 개인가요?,3개,4개,5개,6개,d
dev_3887.jpg,train2/dev_3887.jpg,사진에 보이는 재활용 가능한 종이 상자의 개수는 몇 개입니까?,4개,5개,3개,6개,d
dev_3904.jpg,train2/dev_3904.jpg,사진에 보이는 'eclipse' 껌 포장지는 어떤 재질로 분류해야 할까요?,종이,플라스틱,유리,금속,d
dev_3904.jpg,train2/dev_3904.jpg,사진 속 'eclipse' 껌 포장지는 어떤 재질로 분류해야 합니까?,금속,종이,플라스틱,유리,a
dev_3911.jpg,train2/dev_3911.jpg,사진에 보이는 재활용 가능한 포장지는 몇 개입니까?,1개,2개,3개,4개,d
dev_3911.jpg,train2/dev_3911.jpg,사진 속 재활용 가능한 포장지는 몇 개인가요?,1개,3개,2개,4개,d
dev_3914.jpg,train2/dev_3914.jpg,사진에 보이는 재활용 가능한 플라스틱 컵은 몇 개입니까?,2개,3개,4개,5개,d
dev_3914.jpg,train2/dev_3914.jpg,사진 속 재활용 가능한 플라스틱 컵은 몇 개인가요?,2개,4개,3개,5개,d
dev_3917.jpg,train2/dev_3917.jpg,사진에 보이는 재활용품 중 종이류는 몇 개입니까?,2개,3개,4개,5개,b
dev_3917.jpg,train2/dev_3917.jpg,사진 속 재활용품 중 종이류는 몇 개인가요?,5개,4개,2개,3개,d
dev_3920.jpg,train2/dev_3920.jpg,사진에 보이는 재활용 가능한 플라스틱 병은 몇 개입니까?,3개,4개,5개,6개,d
dev_3920.jpg,train2/dev_3920.jpg,사진 속 재활용 가능한 플라스틱 병은 몇 개인가요?,4개,5개,6개,3개,c
dev_3921.jpg,train2/dev_3921.jpg,사진에 보이는 재활용품 보관함에 들어있는 형광등은 어떤 종류인가요?,막대형 형광등,원형 형광등,컴팩트형 형광등,LED 형광등,a
dev_3921.jpg,train2/dev_3921.jpg,사진 속 재활용품 보관함에 들어있는 형광등은 어떤 종류입니까?,컴팩트형 형광등,원형 형광등,LED 형광등,막대형 형광등,d
dev_3922.jpg,train2/dev_3922.jpg,사진에 보이는 재활용품 중 플라스틱 재질은 몇 개입니까?,1개,2개,3개,4개,a
dev_3922.jpg,train2/dev_3922.jpg,사진 속 재활용품 중 플라스틱 재질은 몇 개인가요?,1개,4개,3개,2개,a
dev_3924.jpg,train2/dev_3924.jpg,사진 속 상자 안에 들어있는 재활용품 중 종이 재질의 용기는 몇 개입니까?,1개,2개,3개,4개,d
dev_3924.jpg,train2/dev_3924.jpg,사진에 보이는 상자 안에 들어있는 재활용품 중 종이 재질의 용기는 몇 개인가요?,2개,4개,3개,1개,b
dev_3926.jpg,train2/dev_3926.jpg,사진에 보이는 재활용 가능한 플라스틱 컵은 몇 개입니까?,1개,2개,3개,4개,a
dev_3926.jpg,train2/dev_3926.jpg,사진 속 재활용 가능한 플라스틱 컵은 몇 개인가요?,2개,4개,3개,1개,d
dev_3927.jpg,train2/dev_3927.jpg,사진에 보이는 재활용 가능한 플라스틱 컵 뚜껑은 몇 개입니까?,1개,2개,3개,4개,a
dev_3927.jpg,train2/dev_3927.jpg,사진 속 재활용 가능한 플라스틱 컵 뚜껑은 몇 개인가요?,2개,3개,1개,4개,c
dev_3928.jpg,train2/dev_3928.jpg,사진에 보이는 재활용품 중 종이상자의 개수는 몇 개인가요?,3개,5개,7개,9개,d
dev_3928.jpg,train2/dev_3928.jpg,사진 속 재활용품 중 종이상자의 개수는 몇 개입니까?,5개,9개,7개,3개,b
dev_3935.jpg,train2/dev_3935.jpg,사진에 보이는 재활용 가능한 플라스틱 병은 몇 개입니까?,1개,2개,3개,4개,b
dev_3935.jpg,train2/dev_3935.jpg,사진 속 재활용 가능한 플라스틱 병은 몇 개인가요?,2개,4개,1개,3개,a
dev_3937.jpg,train2/dev_3937.jpg,사진 속에서 재활용 가능한 유리병은 몇 개 있나요?,2개,3개,4개,5개,b
dev_3937.jpg,train2/dev_3937.jpg,사진에서 재활용 가능한 유리병은 몇 개 있습니까?,3개,5개,2개,4개,a
dev_3939.jpg,train2/dev_3939.jpg,사진에 보이는 재활용 가능한 플라스틱 컵은 몇 개입니까?,2개,3개,4개,5개,d
dev_3939.jpg,train2/dev_3939.jpg,사진 속 재활용 가능한 플라스틱 컵은 몇 개인가요?,2개,4개,5개,3개,c
dev_3951.jpg,train2/dev_3951.jpg,사진 속 재활용품 중 플라스틱 병은 몇 개 있습니까?,2개,3개,4개,5개,d
dev_3951.jpg,train2/dev_3951.jpg,사진에 보이는 재활용품 중 플라스틱 병은 몇 개 있나요?,4개,2개,5개,3개,c
dev_3952.jpg,train2/dev_3952.jpg,사진에 보이는 재활용품 중 골판지 상자의 개수는 몇 개인가요?,1개,2개,3개,4개,d
dev_3952.jpg,train2/dev_3952.jpg,사진 속 재활용품 중 골판지 상자의 개수는 몇 개입니까?,2개,1개,4개,3개,c
dev_3953.jpg,train2/dev_3953.jpg,사진에 보이는 재활용 가능한 플라스틱 컵은 몇 개입니까?,1개,2개,3개,4개,d
dev_3953.jpg,train2/dev_3953.jpg,사진 속 재활용 가능한 플라스틱 컵은 몇 개인가요?,2개,3개,4개,1개,c
dev_3956.jpg,train2/dev_3956.jpg,사진에 보이는 재활용품 중 종이 재질의 포장 상자는 몇 개입니까?,1개,2개,3개,4개,d
dev_3956.jpg,train2/dev_3956.jpg,사진 속 재활용품 중 종이 재질의 포장 상자는 몇 개인가요?,1개,3개,4개,2개,c
dev_3961.jpg,train2/dev_3961.jpg,사진 속 재활용품 분리수거대 위에 놓인 플라스틱 컵의 개수는 몇 개인가요?,10개,15개,20개,25개,d
dev_3961.jpg,train2/dev_3961.jpg,사진에 보이는 재활용품 분리수거대 위에 놓인 플라스틱 컵의 개수는 몇 개입니까?,15개,10개,20개,25개,d
dev_3970.jpg,train2/dev_3970.jpg,사진 속 재활용품으로 보이는 초록색 병은 몇 개입니까?,30개,35개,40개,45개,d
dev_3970.jpg,train2/dev_3970.jpg,사진에 보이는 재활용품으로 보이는 초록색 병은 몇 개인가요?,40개,30개,35개,45개,d
dev_3973.jpg,train2/dev_3973.jpg,사진에 보이는 비타민C 알약 포장지는 어떤 재질의 재활용품인가요?,종이,플라스틱,금속,유리,b
dev_3973.jpg,train2/dev_3973.jpg,사진 속 비타민C 알약 포장지는 어떤 재질의 재활용품인가요?,유리,종이,플라스틱,금속,c
dev_3975.jpg,train2/dev_3975.jpg,사진에 보이는 재활용 가능한 플라스틱 병은 몇 개입니까?,3개,5개,7개,9개,b
dev_3975.jpg,train2/dev_3975.jpg,사진 속 재활용 가능한 플라스틱 병은 몇 개인가요?,9개,5개,3개,7개,b
dev_3979.jpg,train2/dev_3979.jpg,서랍 안에 보이는 재활용 가능한 플라스틱 빨대는 몇 개입니까?,5개,7개,9개,11개,b
dev_3979.jpg,train2/dev_3979.jpg,서랍 안에 보이는 재활용 가능한 플라스틱 빨대는 몇 개인가요?,11개,9개,5개,7개,d
dev_3990.jpg,train2/dev_3990.jpg,사진에서 재활용 가능한 종이 상자는 몇 개 있습니까?,1개,2개,3개,4개 이상,d
dev_3990.jpg,train2/dev_3990.jpg,사진에서 재활용 가능한 종이 상자는 몇 개 있나요?,4개 이상,1개,3개,2개,a
dev_3996.jpg,train2/dev_3996.jpg,사진 속 바닥에 놓여 있는 재활용 가능한 음료 용기의 재질은 무엇인가요?,플라스틱,유리,금속,종이,c
dev_3996.jpg,train2/dev_3996.jpg,사진에 보이는 바닥에 놓여 있는 재활용 가능한 음료 용기의 재질은 무엇입니까?,플라스틱,유리,종이,금속,d
dev_3998.jpg,train2/dev_3998.jpg,사진에 보이는 재활용 가능한 비닐 포장재는 몇 개입니까?,1개,2개,3개,4개,c
dev_3998.jpg,train2/dev_3998.jpg,사진 속 재활용 가능한 비닐 포장재는 몇 개인가요?,2개,4개,3개,1개,c
dev_4015.jpg,train2/dev_4015.jpg,사진에 보이는 재활용 가능한 캔의 개수는 몇 개인가요?,1개,2개,3개,4개,a
dev_4015.jpg,train2/dev_4015.jpg,사진 속 재활용 가능한 캔의 개수는 몇 개입니까?,4개,3개,1개,2개,c
dev_4018.jpg,train2/dev_4018.jpg,사진에 보이는 재활용 가능한 컵은 몇 개입니까?,1개,2개,3개,4개,d
dev_4018.jpg,train2/dev_4018.jpg,사진 속 재활용 가능한 컵은 몇 개인가요?,3개,1개,2개,4개,d
dev_4021.jpg,train2/dev_4021.jpg,사진 속 책상 위에 있는 재활용 가능한 플라스틱 병의 색깔은 무엇인가요?,투명한 무색,파란색,녹색,갈색,a
dev_4021.jpg,train2/dev_4021.jpg,사진에 보이는 책상 위에 있는 재활용 가능한 플라스틱 병의 색깔은 무엇입니까?,투명한 무색,녹색,파란색,갈색,a
dev_4047.jpg,train2/dev_4047.jpg,사진에 보이는 재활용 가능한 종이컵은 몇 개입니까?,10개,15개,20개,25개,d
dev_4047.jpg,train2/dev_4047.jpg,사진 속 재활용 가능한 종이컵은 몇 개인가요?,20개,25개,15개,10개,b
dev_4048.jpg,train2/dev_4048.jpg,사진에 보이는 재활용 가능한 플라스틱 빨대는 몇 개입니까?,3개,4개,5개,6개,a
dev_4048.jpg,train2/dev_4048.jpg,사진 속 재활용 가능한 플라스틱 빨대는 몇 개인가요?,6개,3개,4개,5개,b
dev_4049.jpg,train2/dev_4049.jpg,사진 속 재활용 가능한 플라스틱 병은 몇 개입니까?,1개,2개,3개,4개,a
dev_4049.jpg,train2/dev_4049.jpg,사진에 보이는 재활용 가능한 플라스틱 병은 몇 개인가요?,2개,3개,4개,1개,d
dev_4052.jpg,train2/dev_4052.jpg,이 냉장고 진열대에서 캔 음료는 몇 개 보이나요?,5개,7개,9개,11개,d
dev_4052.jpg,train2/dev_4052.jpg,이 냉장고 진열대에서 캔 음료는 몇 개 보입니까?,7개,5개,11개,9개,c
dev_4054.jpg,train2/dev_4054.jpg,사진에 보이는 재활용품 중 발포 스티로폼 상자의 개수는 몇 개인가요?,5개,7개,9개,11개,d
dev_4054.jpg,train2/dev_4054.jpg,사진 속 재활용품 중 발포 스티로폼 상자의 개수는 몇 개입니까?,9개,11개,7개,5개,b
dev_4056.jpg,train2/dev_4056.jpg,사진에 보이는 재활용 가능한 플라스틱 병의 개수는 몇 개인가요?,2개,3개,4개,5개,b
dev_4056.jpg,train2/dev_4056.jpg,사진 속 재활용 가능한 플라스틱 병의 개수는 몇 개입니까?,5개,4개,2개,3개,d
dev_4057.jpg,train2/dev_4057.jpg,사진에 보이는 재활용 가능한 플라스틱 컵은 몇 개입니까?,10개,13개,15개,17개,d
dev_4057.jpg,train2/dev_4057.jpg,사진 속 재활용 가능한 플라스틱 컵은 몇 개인가요?,17개,10개,15개,13개,a
dev_4062.jpg,train2/dev_4062.jpg,사진에 보이는 재활용 가능한 플라스틱 용기의 개수는 몇 개인가요?,1개,2개,3개,4개,a
dev_4062.jpg,train2/dev_4062.jpg,사진 속 재활용 가능한 플라스틱 용기의 개수는 몇 개입니까?,3개,2개,4개,1개,d
dev_4068.jpg,train2/dev_4068.jpg,사진에 보이는 재활용 가능한 플라스틱 병은 몇 개입니까?,12개,15개,20개,24개,d
dev_4068.jpg,train2/dev_4068.jpg,사진 속 재활용 가능한 플라스틱 병은 몇 개인가요?,20개,12개,15개,24개,d
dev_4070.jpg,train2/dev_4070.jpg,사진 속 상자 안에 들어있는 재활용품 중 종이 재질의 과자 상자는 몇 개입니까?,1개,2개,3개,4개,d
dev_4070.jpg,train2/dev_4070.jpg,사진에 보이는 상자 안에 들어있는 재활용품 중 종이 재질의 과자 상자는 몇 개인가요?,3개,1개,2개,4개,d
dev_4072.jpg,train2/dev_4072.jpg,사진에 보이는 재활용 가능한 용기의 재질은 무엇인가요?,플라스틱,유리,금속,종이,a
dev_4072.jpg,train2/dev_4072.jpg,사진 속 재활용 가능한 용기의 재질은 무엇입니까?,플라스틱,금속,유리,종이,a
dev_4082.jpg,train2/dev_4082.jpg,사진에 보이는 재활용품 중 종이 재질의 상자는 몇 개입니까?,1개,2개,3개,4개,c
dev_4082.jpg,train2/dev_4082.jpg,사진 속 재활용품 중 종이 재질의 상자는 몇 개인가요?,4개,3개,2개,1개,b
dev_4085.jpg,train2/dev_4085.jpg,사진 속 재활용품 중 플라스틱 재질의 용기는 몇 개입니까?,1개,2개,3개,4개,a
dev_4085.jpg,train2/dev_4085.jpg,사진에 보이는 재활용품 중 플라스틱 재질의 용기는 몇 개인가요?,1개,3개,4개,2개,a
dev_4087.jpg,train2/dev_4087.jpg,사진 속 재활용 가능한 종이 상자의 개수는 몇 개인가요?,2개,3개,4개,5개,c
dev_4087.jpg,train2/dev_4087.jpg,사진에 보이는 재활용 가능한 종이 상자의 개수는 몇 개입니까?,3개,4개,5개,2개,b
dev_4095.jpg,train2/dev_4095.jpg,이 상자 안에 들어있는 재활용품 중 종이 재질의 포장지는 몇 개입니까?,3개,5개,7개,9개,a
dev_4095.jpg,train2/dev_4095.jpg,이 상자 안에 들어있는 재활용품 중 종이 재질의 포장지는 몇 개인가요?,7개,5개,3개,9개,c
dev_4097.jpg,train2/dev_4097.jpg,사진에 보이는 재활용 가능한 플라스틱 용기의 개수는 몇 개인가요?,1개,2개,3개,4개,c
dev_4097.jpg,train2/dev_4097.jpg,사진 속 재활용 가능한 플라스틱 용기의 개수는 몇 개입니까?,4개,2개,3개,1개,c
dev_4100.jpg,train2/dev_4100.jpg,책상 위에 있는 재활용 가능한 플라스틱 포장지는 몇 개입니까?,1개,2개,3개,4개,a
dev_4100.jpg,train2/dev_4100.jpg,책상 위에 있는 재활용 가능한 플라스틱 포장지는 몇 개인가요?,1개,4개,2개,3개,a
dev_4103.jpg,train2/dev_4103.jpg,사진에 보이는 재활용품 중 종이 재질의 쇼핑백은 몇 개입니까?,2개,3개,4개,5개,b
dev_4103.jpg,train2/dev_4103.jpg,사진 속 재활용품 중 종이 재질의 쇼핑백은 몇 개인가요?,4개,3개,2개,5개,b
dev_4110.jpg,train2/dev_4110.jpg,사진에 보이는 재활용품 중 플라스틱 컵은 몇 개입니까?,1개,2개,3개,4개,c
dev_4110.jpg,train2/dev_4110.jpg,사진 속 재활용품 중 플라스틱 컵은 몇 개인가요?,4개,3개,1개,2개,b
dev_4114.jpg,train2/dev_4114.jpg,사진 속 상자 안에 있는 재활용품 중 플라스틱 재질인 것은 무엇인가요?,포장된 떡국 떡 봉지,검은 뚜껑이 있는 작은 병,뽁뽁이(에어캡),종이 상자,b
dev_4114.jpg,train2/dev_4114.jpg,사진에 보이는 상자 안에 있는 재활용품 중 플라스틱 재질인 것은 무엇입니까?,검은 뚜껑이 있는 작은 병,포장된 떡국 떡 봉지,종이 상자,뽁뽁이(에어캡),a
dev_4115.jpg,train2/dev_4115.jpg,사진에 보이는 재활용 가능한 플라스틱 컵 중 뚜껑이 있는 컵은 몇 개입니까?,2개,3개,4개,5개,a
dev_4115.jpg,train2/dev_4115.jpg,사진 속 재활용 가능한 플라스틱 컵 중 뚜껑이 있는 컵은 몇 개인가요?,4개,5개,3개,2개,d
dev_4122.jpg,train2/dev_4122.jpg,사진에 보이는 재활용품 중 플라스틱 병은 몇 개입니까?,1개,2개,3개,4개,d
dev_4122.jpg,train2/dev_4122.jpg,사진 속 재활용품 중 플라스틱 병은 몇 개인가요?,4개,3개,2개,1개,a
dev_4125.jpg,train2/dev_4125.jpg,사진에 보이는 재활용품 중 발포 스티로폼 상자의 개수는 몇 개인가요?,1개,2개,3개,4개,d
dev_4125.jpg,train2/dev_4125.jpg,사진 속 재활용품 중 발포 스티로폼 상자의 개수는 몇 개입니까?,3개,1개,2개,4개,d
dev_4132.jpg,train2/dev_4132.jpg,사진에 보이는 재활용품 중 종이 상자의 개수는 몇 개인가요?,1개,2개,3개,4개,d
dev_4132.jpg,train2/dev_4132.jpg,사진 속 재활용품 중 종이 상자의 개수는 몇 개입니까?,4개,1개,2개,3개,a
dev_4133.jpg,train2/dev_4133.jpg,사진에 보이는 재활용품 중 플라스틱 컵은 몇 개입니까?,10개,15개,20개,25개,d
dev_4133.jpg,train2/dev_4133.jpg,사진 속 재활용품 중 플라스틱 컵은 몇 개인가요?,20개,25개,15개,10개,b
dev_4146.jpg,train2/dev_4146.jpg,사진에 보이는 재활용 분리수거함 중 병류(Glass) 봉투는 어떤 색인가요?,초록색,분홍색,빨간색,노란색,b
dev_4146.jpg,train2/dev_4146.jpg,사진 속 재활용 분리수거함 중 병류(Glass) 봉투는 어떤 색인가요?,초록색,노란색,분홍색,빨간색,c
dev_4152.jpg,train2/dev_4152.jpg,사진에 보이는 재활용 가능한 플라스틱 병의 개수는 몇 개입니까?,1개,2개,3개,4개,c
dev_4152.jpg,train2/dev_4152.jpg,사진 속 재활용 가능한 플라스틱 병의 개수는 몇 개인가요?,1개,4개,3개,2개,c
dev_4154.jpg,train2/dev_4154.jpg,사진에 보이는 재활용품 중에서 종이 상자의 개수는 몇 개인가요?,5개,7개,9개,11개,d
dev_4154.jpg,train2/dev_4154.jpg,사진 속 재활용품 중에서 종이 상자의 개수는 몇 개입니까?,11개,9개,5개,7개,a
dev_4156.jpg,train2/dev_4156.jpg,사진 속 선반에 보이는 플라스틱 생수병은 총 몇 개입니까?,3개,4개,5개,6개,c
dev_4156.jpg,train2/dev_4156.jpg,사진에 보이는 선반에 보이는 플라스틱 생수병은 총 몇 개인가요?,5개,4개,6개,3개,a
dev_4161.jpg,train2/dev_4161.jpg,사진에 보이는 재활용품 중 종이 재질인 것은 무엇인가요?,컵라면 용기,과일 보호용 흰색 그물망,휴지심,흰색 종이,a
dev_4161.jpg,train2/dev_4161.jpg,사진 속 재활용품 중 종이 재질인 것은 무엇입니까?,흰색 종이,과일 보호용 흰색 그물망,컵라면 용기,휴지심,c
dev_4165.jpg,train2/dev_4165.jpg,사진에 보이는 재활용 가능한 플라스틱 컵은 몇 개입니까?,1개,2개,3개,4개,d
dev_4165.jpg,train2/dev_4165.jpg,사진 속 재활용 가능한 플라스틱 컵은 몇 개인가요?,2개,1개,3개,4개,d
dev_4172.jpg,train2/dev_4172.jpg,사진 속 재활용품 중에서 종이 재질의 물품은 몇 개입니까?,3개,5개,7개,9개,d
dev_4172.jpg,train2/dev_4172.jpg,사진에 보이는 재활용품 중에서 종이 재질의 물품은 몇 개인가요?,7개,9개,5개,3개,b
dev_4175.jpg,train2/dev_4175.jpg,사진에 보이는 재활용 가능한 유리병은 총 몇 개입니까?,14개,16개,18개,20개,c
dev_4175.jpg,train2/dev_4175.jpg,사진 속 재활용 가능한 유리병은 총 몇 개인가요?,20개,18개,16개,14개,b
dev_4190.jpg,train2/dev_4190.jpg,사진 속 재활용 상자에 들어있는 유리병은 몇 개입니까?,15개,18개,20개,22개,c
dev_4190.jpg,train2/dev_4190.jpg,사진에 보이는 재활용 상자에 들어있는 유리병은 몇 개인가요?,22개,15개,18개,20개,d
dev_4194.jpg,train2/dev_4194.jpg,사진에 보이는 재활용 가능한 음료 용기의 재질은 무엇인가요?,플라스틱 컵,유리병,종이컵,금속 캔,c
dev_4194.jpg,train2/dev_4194.jpg,사진 속 재활용 가능한 음료 용기의 재질은 무엇입니까?,금속 캔,유리병,플라스틱 컵,종이컵,d
dev_4195.jpg,train2/dev_4195.jpg,사진 속 재활용 가능한 플라스틱 컵에는 어떤 특징이 있나요?,뚜껑이 없고 갈색 종이 슬리브가 감싸져 있다,뚜껑이 있고 갈색 종이 슬리브가 감싸져 있다,뚜껑이 없고 종이 슬리브가 없다,뚜껑이 있고 종이 슬리브가 없다,b
dev_4195.jpg,train2/dev_4195.jpg,사진에 보이는 재활용 가능한 플라스틱 컵에는 어떤 특징이 있습니까?,뚜껑이 있고 갈색 종이 슬리브가 감싸져 있다,뚜껑이 없고 갈색 종이 슬리브가 감싸져 있다,뚜껑이 있고 종이 슬리브가 없다,뚜껑이 없고 종이 슬리브가 없다,a
dev_4197.jpg,train2/dev_4197.jpg,사진에 보이는 재활용품 중 플라스틱 재질인 것은 무엇인가요?,음료수 병,종이 과자 상자,플라스틱 컵 여러 개,손 세정제 용기,c
dev_4197.jpg,train2/dev_4197.jpg,사진 속 재활용품 중 플라스틱 재질인 것은 무엇입니까?,플라스틱 컵 여러 개,종이 과자 상자,음료수 병,손 세정제 용기,a
dev_4212.jpg,train2/dev_4212.jpg,사진 속 투명한 플라스틱 병은 몇 개입니까?,1개,2개,3개,4개,a
dev_4212.jpg,train2/dev_4212.jpg,사진에 보이는 투명한 플라스틱 병은 몇 개인가요?,4개,3개,2개,1개,d
dev_4213.jpg,train2/dev_4213.jpg,사진에 보이는 재활용품 중 플라스틱 병은 몇 개입니까?,2개,3개,4개,5개,a
dev_4213.jpg,train2/dev_4213.jpg,사진 속 재활용품 중 플라스틱 병은 몇 개인가요?,2개,4개,5개,3개,a
dev_4215.jpg,train2/dev_4215.jpg,"사진에 보이는 재활용품 중, 파란색 비닐봉투 안에 주로 어떤 재질의 재활용품이 들어있나요?",플라스틱 병,종이 상자,유리병,금속 캔,b
dev_4215.jpg,train2/dev_4215.jpg,"사진 속 재활용품 중, 파란색 비닐봉투 안에 주로 어떤 재질의 재활용품이 들어있습니까?",플라스틱 병,유리병,종이 상자,금속 캔,c
dev_4217.jpg,train2/dev_4217.jpg,사진에서 재활용할 수 있는 캔과 컵은 어디에 있나요?,오토바이 옆 바닥에 있다.,오토바이 위에 있다.,자전거 보관대 안에 있다.,화단 안쪽에 있다.,d
dev_4217.jpg,train2/dev_4217.jpg,사진에서 재활용할 수 있는 캔과 컵은 어디에 있습니까?,오토바이 위에 있다.,오토바이 옆 바닥에 있다.,자전거 보관대 안에 있다.,화단 안쪽에 있다.,d
dev_4218.jpg,train2/dev_4218.jpg,사진 속 테이블 위에 놓인 재활용 가능한 병의 개수는 몇 개인가요?,15개,17개,19개,21개,a
dev_4218.jpg,train2/dev_4218.jpg,사진에 보이는 테이블 위에 놓인 재활용 가능한 병의 개수는 몇 개입니까?,15개,19개,21개,17개,a
dev_4226.jpg,train2/dev_4226.jpg,사진에 보이는 재활용 가능한 플라스틱 컵은 몇 개입니까?,10개 이상 15개 미만,15개 이상 20개 미만,20개 이상 25개 미만,25개 이상,d
dev_4226.jpg,train2/dev_4226.jpg,사진 속 재활용 가능한 플라스틱 컵은 몇 개인가요?,20개 이상 25개 미만,10개 이상 15개 미만,15개 이상 20개 미만,25개 이상,d
dev_4232.jpg,train2/dev_4232.jpg,책상 위에 있는 재활용 가능한 플라스틱 병은 몇 개입니까?,1개,2개,3개,없음,b
dev_4232.jpg,train2/dev_4232.jpg,책상 위에 있는 재활용 가능한 플라스틱 병은 몇 개인가요?,3개,1개,없음,2개,d
dev_4242.jpg,train2/dev_4242.jpg,사진에 보이는 재활용 가능한 플라스틱 용기는 몇 개인가요?,1개,2개,3개,4개,a
dev_4242.jpg,train2/dev_4242.jpg,사진 속 재활용 가능한 플라스틱 용기는 몇 개입니까?,4개,2개,1개,3개,c
dev_4250.jpg,train2/dev_4250.jpg,사진 속 재활용 쓰레기통에 있는 플라스틱 병은 몇 개입니까?,3개,4개,5개,6개,d
dev_4250.jpg,train2/dev_4250.jpg,사진에 보이는 재활용 쓰레기통에 있는 플라스틱 병은 몇 개인가요?,6개,5개,4개,3개,a
dev_4257.jpg,train2/dev_4257.jpg,사진에 보이는 재활용 가능한 플라스틱 봉지는 몇 개입니까?,1개,2개,3개,4개,d
dev_4257.jpg,train2/dev_4257.jpg,사진 속 재활용 가능한 플라스틱 봉지는 몇 개인가요?,2개,1개,3개,4개,d
dev_4260.jpg,train2/dev_4260.jpg,사진 속 재활용품 중 종이팩의 개수는 몇 개인가요?,2개,3개,4개,5개,d
dev_4260.jpg,train2/dev_4260.jpg,사진에 보이는 재활용품 중 종이팩의 개수는 몇 개입니까?,3개,5개,2개,4개,b
dev_4264.jpg,train2/dev_4264.jpg,사진 속 재활용품 중 플라스틱 병은 몇 개 있나요?,1개,2개,3개,4개,a
dev_4264.jpg,train2/dev_4264.jpg,사진에 보이는 재활용품 중 플라스틱 병은 몇 개 있습니까?,2개,3개,4개,1개,d
dev_4265.jpg,train2/dev_4265.jpg,사진 속 상자 안에 보이는 재활용품의 종류는 무엇인가요?,플라스틱 봉투,유리병,캔,종이,d
dev_4265.jpg,train2/dev_4265.jpg,사진에 보이는 상자 안에 보이는 재활용품의 종류는 무엇입니까?,캔,플라스틱 봉투,종이,유리병,c
dev_4266.jpg,train2/dev_4266.jpg,사진에 보이는 재활용품 중 발포 스티로폼 상자의 개수는 몇 개인가요?,5개,6개,7개,8개,d
dev_4266.jpg,train2/dev_4266.jpg,사진 속 재활용품 중 발포 스티로폼 상자의 개수는 몇 개입니까?,7개,8개,6개,5개,b
dev_4279.jpg,train2/dev_4279.jpg,사진 속 테이블 위에 보이는 재활용 가능한 병은 몇 개입니까?,2개,3개,4개,5개,b
dev_4279.jpg,train2/dev_4279.jpg,사진에 보이는 테이블 위에 보이는 재활용 가능한 병은 몇 개인가요?,3개,4개,2개,5개,a
dev_4283.jpg,train2/dev_4283.jpg,사진에 보이는 재활용품 중 종이 상자의 개수는 몇 개인가요?,1개,2개,3개,4개,d
dev_4283.jpg,train2/dev_4283.jpg,사진 속 재활용품 중 종이 상자의 개수는 몇 개입니까?,3개,2개,1개,4개,d
dev_4286.jpg,train2/dev_4286.jpg,사진에 보이는 재활용품 중 플라스틱 용기는 몇 개인가요?,1개,2개,3개,4개,a
dev_4286.jpg,train2/dev_4286.jpg,사진 속 재활용품 중 플라스틱 용기는 몇 개입니까?,2개,4개,3개,1개,d
dev_4292.jpg,train2/dev_4292.jpg,사진에 보이는 재활용 가능한 플라스틱 병은 몇 개입니까?,5개,6개,7개,8개,d
dev_4292.jpg,train2/dev_4292.jpg,사진 속 재활용 가능한 플라스틱 병은 몇 개인가요?,5개,8개,7개,6개,b
dev_4295.jpg,train2/dev_4295.jpg,사진에 보이는 재활용품 중 플라스틱 재질의 아이템은 무엇인가요?,계란판,종이상자,비닐봉투,유리병,c
dev_4295.jpg,train2/dev_4295.jpg,사진 속 재활용품 중 플라스틱 재질의 아이템은 무엇입니까?,비닐봉투,계란판,종이상자,유리병,a
dev_4297.jpg,train2/dev_4297.jpg,사진에 보이는 재활용 가능한 플라스틱 포장지는 몇 개입니까?,2개,3개,4개,5개,d
dev_4297.jpg,train2/dev_4297.jpg,사진 속 재활용 가능한 플라스틱 포장지는 몇 개인가요?,5개,2개,3개,4개,a
dev_4301.jpg,train2/dev_4301.jpg,사진에 보이는 재활용품 중 종이상자의 개수는 몇 개인가요?,5개,7개,9개,11개,d
dev_4301.jpg,train2/dev_4301.jpg,사진 속 재활용품 중 종이상자의 개수는 몇 개입니까?,9개,7개,11개,5개,c
dev_4306.jpg,train2/dev_4306.jpg,사진에 보이는 재활용 가능한 플라스틱 컵은 몇 개입니까?,2개,3개,4개,5개,b
dev_4306.jpg,train2/dev_4306.jpg,사진 속 재활용 가능한 플라스틱 컵은 몇 개인가요?,2개,4개,3개,5개,c
dev_4309.jpg,train2/dev_4309.jpg,사진 속 재활용품 중에서 플라스틱 컵은 몇 개 있나요?,7개,10개,13개,15개,d
dev_4309.jpg,train2/dev_4309.jpg,사진에 보이는 재활용품 중에서 플라스틱 컵은 몇 개 있습니까?,13개,7개,15개,10개,c
dev_4317.jpg,train2/dev_4317.jpg,사진에 보이는 재활용 가능한 플라스틱 병의 개수는 몇 개인가요?,3개,4개,5개,6개,b
dev_4317.jpg,train2/dev_4317.jpg,사진 속 재활용 가능한 플라스틱 병의 개수는 몇 개입니까?,3개,5개,6개,4개,d
dev_4323.jpg,train2/dev_4323.jpg,사진에 보이는 용기의 재활용 분류는 무엇인가요?,플라스틱,종이,종이팩(카톤),일반쓰레기,b
dev_4323.jpg,train2/dev_4323.jpg,사진 속 용기의 재활용 분류는 무엇입니까?,일반쓰레기,플라스틱,종이팩(카톤),종이,d
dev_4331.jpg,train2/dev_4331.jpg,사진에 보이는 재활용 가능한 음료수 병은 몇 개입니까?,1개,2개,3개,4개,d
dev_4331.jpg,train2/dev_4331.jpg,사진 속 재활용 가능한 음료수 병은 몇 개인가요?,1개,2개,4개,3개,c
dev_4334.jpg,train2/dev_4334.jpg,사진 속 재활용 가능한 플라스틱 컵은 몇 개인가요?,1개,2개,3개,4개,a
dev_4334.jpg,train2/dev_4334.jpg,사진에 보이는 재활용 가능한 플라스틱 컵은 몇 개입니까?,4개,1개,3개,2개,b
dev_4338.jpg,train2/dev_4338.jpg,사진에 보이는 재활용품 중 골판지 상자의 개수는 몇 개인가요?,2개,3개,4개,5개,d
dev_4338.jpg,train2/dev_4338.jpg,사진 속 재활용품 중 골판지 상자의 개수는 몇 개입니까?,5개,4개,3개,2개,a
dev_4341.jpg,train2/dev_4341.jpg,사진에 보이는 재활용품 중 종이 재질의 상자는 몇 개입니까?,2개,3개,4개,5개,d
dev_4341.jpg,train2/dev_4341.jpg,사진 속 재활용품 중 종이 재질의 상자는 몇 개인가요?,2개,4개,3개,5개,d
dev_4355.jpg,train2/dev_4355.jpg,사진 속 재활용품 건조대에 놓인 재활용 가능한 종이팩의 개수는 몇 개인가요?,2개,3개,4개,5개,b
dev_4355.jpg,train2/dev_4355.jpg,사진에 보이는 재활용품 건조대에 놓인 재활용 가능한 종이팩의 개수는 몇 개입니까?,5개,3개,2개,4개,b
dev_4363.jpg,train2/dev_4363.jpg,사진에 보이는 재활용 가능한 플라스틱 컵은 몇 개입니까?,1개,2개,3개,4개,a
dev_4363.jpg,train2/dev_4363.jpg,사진 속 재활용 가능한 플라스틱 컵은 몇 개인가요?,2개,1개,3개,4개,b
dev_4368.jpg,train2/dev_4368.jpg,사진에 보이는 재활용 가능한 플라스틱 봉투는 몇 개입니까?,1개,2개,3개,4개,d
dev_4368.jpg,train2/dev_4368.jpg,사진 속 재활용 가능한 플라스틱 봉투는 몇 개인가요?,4개,2개,3개,1개,a
dev_4373.jpg,train2/dev_4373.jpg,사진에 보이는 재활용 가능한 플라스틱 병의 개수는 몇 개인가요?,2개,3개,4개,5개,c
dev_4373.jpg,train2/dev_4373.jpg,사진 속 재활용 가능한 플라스틱 병의 개수는 몇 개입니까?,4개,3개,2개,5개,a
dev_4375.jpg,train2/dev_4375.jpg,사진 속 재활용 가능한 종이의 개수는 몇 장인가요?,2장,3장,4장,5장,d
dev_4375.jpg,train2/dev_4375.jpg,사진에 보이는 재활용 가능한 종이의 개수는 몇 장인가요?,2장,4장,5장,3장,c
dev_4377.jpg,train2/dev_4377.jpg,사진에 보이는 재활용품 중 플라스틱 병은 몇 개입니까?,1개,2개,3개,4개 이상,d
dev_4377.jpg,train2/dev_4377.jpg,사진 속 재활용품 중 플라스틱 병은 몇 개인가요?,2개,1개,4개 이상,3개,c
dev_4379.jpg,train2/dev_4379.jpg,사진에 보이는 재활용 가능한 병의 개수는 몇 개인가요?,10개,12개,14개,16개,d
dev_4379.jpg,train2/dev_4379.jpg,사진 속 재활용 가능한 병의 개수는 몇 개입니까?,16개,10개,14개,12개,a
dev_4380.jpg,train2/dev_4380.jpg,사진 속 투명 봉투 안에 보이는 재활용품 중 플라스틱 병은 몇 개입니까?,1개,2개,3개,4개,d
dev_4380.jpg,train2/dev_4380.jpg,사진에 보이는 투명 봉투 안에 보이는 재활용품 중 플라스틱 병은 몇 개인가요?,1개,3개,2개,4개,d
dev_4385.jpg,train2/dev_4385.jpg,사진에 보이는 재활용품 중 종이상자의 개수는 몇 개인가요?,3개,5개,7개,9개,d
dev_4385.jpg,train2/dev_4385.jpg,사진 속 재활용품 중 종이상자의 개수는 몇 개입니까?,3개,9개,7개,5개,b
dev_4388.jpg,train2/dev_4388.jpg,사진에 보이는 재활용품 중 종이 재질의 상자는 몇 개입니까?,1개,2개,3개,4개 이상,d
dev_4388.jpg,train2/dev_4388.jpg,사진 속 재활용품 중 종이 재질의 상자는 몇 개인가요?,3개,4개 이상,1개,2개,b
dev_4393.jpg,train2/dev_4393.jpg,사진에 보이는 재활용 가능한 유리병 중에서 'PEACHTREE'라는 라벨이 붙은 병은 몇 개입니까?,3개,5개,7개,9개,d
dev_4393.jpg,train2/dev_4393.jpg,사진 속 재활용 가능한 유리병 중에서 'PEACHTREE'라는 라벨이 붙은 병은 몇 개인가요?,3개,7개,5개,9개,d
dev_4396.jpg,train2/dev_4396.jpg,사진에 보이는 재활용품 중 골판지 상자의 개수는 몇 개인가요?,1개,2개,3개,4개,d
dev_4396.jpg,train2/dev_4396.jpg,사진 속 재활용품 중 골판지 상자의 개수는 몇 개입니까?,3개,4개,1개,2개,b
dev_4406.jpg,train2/dev_4406.jpg,사진에 보이는 재활용 가능한 종이 포장지의 개수는 몇 개인가요?,2개,3개,4개,5개,a
dev_4406.jpg,train2/dev_4406.jpg,사진 속 재활용 가능한 종이 포장지의 개수는 몇 개입니까?,2개,4개,3개,5개,a
dev_4409.jpg,train2/dev_4409.jpg,사진에 보이는 재활용품 중 종이팩은 몇 개입으로 포장되어 있나요?,2개입,3개입,4개입,6개입,a
dev_4409.jpg,train2/dev_4409.jpg,사진 속 재활용품 중 종이팩은 몇 개입으로 포장되어 있습니까?,3개입,4개입,6개입,2개입,d
dev_4410.jpg,train2/dev_4410.jpg,사진 속 파란색 재활용 봉투 안에 주로 어떤 종류의 재활용품이 들어있나요?,종이류,플라스틱류,유리병,금속 캔,a
dev_4410.jpg,train2/dev_4410.jpg,사진에 보이는 파란색 재활용 봉투 안에 주로 어떤 종류의 재활용품이 들어있습니까?,금속 캔,플라스틱류,종이류,유리병,c
dev_4413.jpg,train2/dev_4413.jpg,사진에 보이는 재활용 가능한 플라스틱 포장된 사탕은 몇 개입니까?,약 20개,약 30개,약 40개,약 50개,d
dev_4413.jpg,train2/dev_4413.jpg,사진 속 재활용 가능한 플라스틱 포장된 사탕은 몇 개인가요?,약 30개,약 20개,약 50개,약 40개,c
