id,p_a,p_b,p_c,p_d,answer
test_0001.jpg,0.0003574840975629651,0.00043373176429594904,7.493273356123574e-05,0.9991338555042266,d
test_0002.jpg,0.1926602088730097,0.8060324699035645,0.0005187400307574109,0.0007885851213037938,b
test_0003.jpg,0.0001233586525593263,0.00013157093255932627,0.9995855115439606,0.00015963415971633583,c
test_0004.jpg,0.9993818967166901,0.0003352552758783841,0.0002496000570342571,3.319476597809769e-05,a
test_0005.jpg,0.0002494826613656679,0.9989233038426208,0.0006677263096747637,0.00015952682662965403,b
test_0006.jpg,0.0003456268589929244,0.9989704774615479,0.0005984951404246575,8.539155166846415e-05,b
test_0007.jpg,0.9998307501713561,7.04422040939103e-05,7.982147514356796e-05,1.892230305190012e-05,a
test_0008.jpg,3.769968115594211e-05,0.9996905103897095,0.00021694669000590206,5.485271233315222e-05,b
test_0009.jpg,0.0007506233595894873,0.007413485858099342,0.04887816485809934,0.9429577589660645,d
test_0010.jpg,5.827714247944346e-05,0.9996994430397034,0.00013979960854795307,0.00010247936376940275,b
test_0011.jpg,0.0011044827109329134,0.0005692978310333631,0.0002199684907151161,0.9981062736171722,d
test_0012.jpg,3.936912408377912e-06,0.9999015346557617,7.542982381566866e-05,1.9071646612111674e-05,b
test_0013.jpg,0.9996562982719421,0.00011611905454951659,0.00010972242187885888,0.00011793515687885888,a
test_0014.jpg,0.0010366552395599873,0.9954806380714416,0.003168396717653155,0.0003143237677267924,b
test_0015.jpg,0.003926529903584003,0.0015554224479387402,0.4689232536968994,0.5255948252191543,d
test_0016.jpg,0.00013969322111832738,0.0004913876437617496,0.0004302853787617496,0.9989386872280122,d
test_0017.jpg,0.9992674178501129,0.0001943623561880259,0.0004439307055226654,9.422266140292548e-05,a
test_0018.jpg,0.00010406053576585292,0.9995092657173157,0.00019441066442598328,0.00019223122992020547,b
test_0019.jpg,8.413008343018488e-05,0.9845341722454071,0.01520493598566246,0.00017678315802737818,b
test_0020.jpg,2.9362962962637233e-05,0.9997723101395417,0.00016897216240902154,2.936299923312355e-05,b
test_0021.jpg,5.278180857633465e-06,0.9999337776319885,4.5751990967360934e-05,1.5201159721785364e-05,b
test_0022.jpg,0.0007907365736067593,0.0003567728130912885,0.9971006685394287,0.0017517640216158927,c
test_0023.jpg,9.534191045848526e-06,0.9999220365855408,5.829011754145911e-05,1.012930298779636e-05,b
test_0024.jpg,0.9988389601351928,0.0002691279509537536,0.0007597113175325915,0.00013222914105491735,a
test_0025.jpg,0.0004231481153801632,0.5080553287322283,0.0008943120462204993,0.4906272726930237,b
test_0026.jpg,0.00011608005324798495,0.00033523392096266897,0.00023040268731009154,0.9993183069198608,d
test_0027.jpg,9.908905484169945e-05,9.184189984169945e-05,0.00021692485418859883,0.9995921260421753,d
test_0028.jpg,0.9672091471195221,0.031509208390571114,0.0009045963401822895,0.0003770918858507952,a
test_0029.jpg,0.00010247459400274023,0.00014909959044260814,0.9996523277397156,9.607823900274024e-05,c
test_0030.jpg,6.552756313398146e-06,0.9999238945617676,5.874615274608936e-05,1.0803668600510256e-05,b
test_0031.jpg,0.9989192469225312,0.00037971813985277685,0.00013122708345744596,0.0005698224580318287,a
test_0032.jpg,5.183152442716247e-05,0.999701896490097,0.0001944508380998142,5.183152442716247e-05,b
test_0033.jpg,0.0007193506740980017,0.167459520045166,0.8290380652763367,0.0027830980495667217,c
test_0034.jpg,7.151567647928429e-05,0.00023223230503897503,0.00024961425003897504,0.9994466022807311,d
test_0035.jpg,4.5744616967201755e-05,4.53897226839678e-05,0.00013365423288661167,0.9997751566532135,d
test_0036.jpg,9.044308432705417e-05,7.981574559393675e-05,0.9997593186051178,7.043714858258367e-05,c
test_0037.jpg,0.000632946261123535,0.008329381345223546,0.00990094484259963,0.9811367136608125,d
test_0038.jpg,0.9995126613739014,0.00029821446533207896,0.00014086722632069244,4.830442600044476e-05,a
test_0039.jpg,1.1567648004870536e-05,0.9999106648880005,5.184260395177216e-05,2.5916309955866783e-05,b
test_0040.jpg,0.999750551002121,0.0001233790183886595,0.0001024845938054233,2.3558791138875898e-05,a
test_0041.jpg,0.9997736786991119,0.00014090335738131346,4.005622573002382e-05,4.538965529945251e-05,a
test_0042.jpg,0.9989794271713257,0.0008039117479571015,0.00014420378259446607,7.251021818271465e-05,a
test_0043.jpg,5.18328969206012e-05,9.185448441129438e-05,0.9997290697151184,0.00012725029977903683,c
test_0044.jpg,0.9996788140419006,0.00014910332644537896,0.00014088983144537896,3.1192863327012766e-05,a
test_0045.jpg,0.999168144757843,0.0005223568053447411,0.00021683552839175553,9.265931972804591e-05,a
test_0046.jpg,0.9984781759919739,0.0007562979335553318,0.00048735247410895525,0.00027822646303712727,a
test_0047.jpg,6.314085531218625e-05,4.272761544844037e-05,0.9998839572380066,1.0128917706011621e-05,c
test_0048.jpg,1.4088915667575915e-05,0.9999029600746154,5.1439870531501424e-05,3.144389846398053e-05,b
test_0049.jpg,0.00010433723714806236,0.0008006651768993527,0.01128897155226946,0.9878060820095063,d
test_0050.jpg,0.060584442673501965,0.0034379933379899024,0.46474013474273684,0.47123740505180356,d
test_0051.jpg,3.770198157785788e-05,0.00010888164283427343,0.00010248462089988336,0.9997508572338104,d
test_0052.jpg,4.272430655675465e-05,4.8412985473208466e-05,0.00010249028760941647,0.9998064019283295,d
test_0053.jpg,0.9955299023609161,0.0007540735291663587,0.0003365806764174536,0.0033794717228182434,a
test_0054.jpg,0.007124804898677468,0.9914461141967774,0.001238105425973916,0.0001909753109658876,b
test_0055.jpg,8.413904627470384e-06,0.9999235920043945,5.486555143624324e-05,1.3108038329448638e-05,b
test_0056.jpg,0.0001355207718295583,0.9993749315010071,0.00019139403897232564,0.0002981724067660913,b
test_0057.jpg,0.0006262481651738778,0.8076742860042572,0.19102310725211383,0.0006763620915423065,b
test_0058.jpg,0.010412578685077787,0.0037454027850777867,0.7805229655780792,0.20531907070536193,c
test_0059.jpg,1.5201067715599376e-05,4.682258622463591e-05,0.9999294183052063,8.545569233393363e-06,c
test_0060.jpg,0.9998026886051178,6.313555809393674e-05,0.00010973868468955441,2.4486011228326004e-05,a
test_0061.jpg,0.9998901493778991,3.770725184126263e-05,5.8288260322714945e-05,1.387172565232981e-05,a
test_0062.jpg,0.00011784479315109059,0.0007684445306251889,0.0001942932008912167,0.9989194552913665,d
test_0063.jpg,2.0498845364475286e-05,5.4863366199472364e-05,4.0373977514775194e-05,0.9998841885636902,d
test_0064.jpg,0.999916256841278,3.1444312462309626e-05,4.272901404143098e-05,9.58997332182676e-06,a
test_0065.jpg,0.5731475337337494,0.4196099549671936,0.0012314853489224374,0.006010986406773877,a
test_0066.jpg,3.948548136764811e-05,0.9998764377494812,4.574928415610129e-05,3.829650050736815e-05,b
test_0067.jpg,1.3107818749197775e-05,0.9999060623306275,5.144002812506303e-05,2.936690926694429e-05,b
test_0068.jpg,7.151231312983978e-05,0.00026109887524049225,0.9993889033948518,0.00027848081783864143,c
test_0069.jpg,7.04443954342518e-05,4.0059754647788856e-05,0.9998617175186157,2.7747995046943087e-05,c
test_0070.jpg,2.1484289321840038e-05,0.9998603476361083,7.542671069510378e-05,4.272660971444672e-05,b
test_0071.jpg,6.811019680534345e-05,0.00014089227494611638,9.1851799289129e-05,0.9996992176761628,d
test_0072.jpg,0.9939370746569824,0.0017442118076396883,0.0034258479792947053,0.0008929145973552107,a
test_0073.jpg,8.478919599290953e-05,0.00019144858329417868,0.9996576855293273,6.603389550271694e-05,c
test_0074.jpg,7.541116304433267e-06,0.999886513795929,8.547187845000449e-05,2.0498879386683887e-05,b
test_0075.jpg,0.9997599122089387,0.00010973396881544859,9.683988916323944e-05,3.346696843231723e-05,a
test_0076.jpg,0.9968188128659057,0.0021805323117111324,0.0003343954432914549,0.0006663222949493289,a
test_0077.jpg,0.0004781230443387121,0.9993338581417084,0.0001595854143221107,2.8379338993029774e-05,b
test_0078.jpg,5.874163260982357e-05,7.982279975709625e-05,0.9998475221702576,1.3871121508018855e-05,c
test_0079.jpg,0.0004301256985194525,0.0007563674772364646,0.00024555753690821096,0.9985679549621582,d
test_0080.jpg,1.0052905497302483e-05,0.9998702897262572,9.911722132840716e-05,2.0498491925273956e-05,b
test_0081.jpg,0.0023766853454766272,0.0008578716316240579,0.0008946064282188863,0.9958708278233337,d
test_0082.jpg,0.00015962628259492368,0.9995351125143432,0.00023045268111463742,7.481704401839464e-05,b
test_0083.jpg,0.9993916137998962,0.00023041959310389102,0.0003352585501833603,4.2706606238261286e-05,a
test_0084.jpg,3.5628194478518025e-05,7.044255097508378e-05,0.9998356409385681,5.828508266672587e-05,c
test_0085.jpg,0.00012597436024451466,0.9926220688976288,0.0002891512125254753,0.006962774547266781,b
test_0086.jpg,3.5351593164164854e-05,0.00010889057509457976,0.9998328695437622,2.2869295003138397e-05,c
test_0087.jpg,5.957368335168887e-06,0.9998804868675232,9.685178182579257e-05,1.669970521484223e-05,b
test_0088.jpg,0.039406396688958165,0.003925555744618452,0.9529441109588623,0.0037238941392305257,c
test_0089.jpg,4.639810940283372e-06,0.9999248363063049,5.8290281990929284e-05,1.2242177890782846e-05,b
test_0090.jpg,1.3108611596772852e-05,1.2242693096772852e-05,0.9999671064666749,7.5417408524567275e-06,c
test_0091.jpg,0.00035708875517339857,0.0014343542169396937,0.00016515940842431413,0.9980434105648041,d
test_0092.jpg,2.5915643135777478e-05,0.9998844179595947,7.48431892695649e-05,1.473749477032088e-05,b
test_0093.jpg,0.0004304603203928208,0.00017944254898010344,4.5370183107854706e-05,0.9993447680699921,d
test_0094.jpg,3.3143556974835056e-06,0.9999610180715943,3.144573117245585e-05,4.2557168371939745e-06,b
test_0095.jpg,0.0023120727175165653,0.9973474794456482,0.00026256052411451904,7.794912275361665e-05,b
test_0096.jpg,0.012321851799430758,0.9866940663276673,0.0008620970954463989,0.00012203411691816412,b
test_0097.jpg,8.546133971553408e-05,0.00010888296005301759,0.9997629422794342,4.27224479076926e-05,c
test_0098.jpg,0.9997697380466462,0.00014911703535234897,5.8281240883597824e-05,2.2867837974002772e-05,a
test_0099.jpg,3.3276623305728874e-05,6.216891237288212e-05,0.9998930544013978,1.1477672474075613e-05,c
test_0100.jpg,0.9993867275585174,0.00035757538193912177,0.00018085285950533196,7.48059318642028e-05,a
test_0101.jpg,8.413593247302485e-06,0.9998870397262574,8.547194382840716e-05,1.9071367925273955e-05,b
test_0102.jpg,4.822125399086079e-06,0.9999139236549377,6.314273180550262e-05,1.8090693867203255e-05,b
test_0103.jpg,0.42359296209411623,0.00434367496251297,0.5668420330876922,0.005221354882476926,c
test_0104.jpg,4.2906690071438304e-05,0.9998110337516785,0.00011230735594384007,3.379417757143831e-05,b
test_0105.jpg,0.00017154864225105403,0.00019139701225105406,0.00024575861464424403,0.9993913245822906,d
test_0106.jpg,0.4970971368222046,0.0018510535180426835,0.0041955290194325215,0.4968563147679329,a
test_0107.jpg,0.00010880341079795301,0.0008102337126123249,0.9990325447093964,4.837584494928494e-05,c
test_0108.jpg,7.042591254998915e-05,0.0002785392428555661,5.3289786832665426e-05,0.9995977584294891,d
test_0109.jpg,0.9997947203247833,9.609192057918094e-05,7.981862598480806e-05,2.9363643882756605e-05,a
test_0110.jpg,0.00010244168849109523,0.0002784653574712932,0.00028281940630372625,0.999336258705902,d
test_0111.jpg,7.043757222056248e-05,7.981622423191556e-05,0.9997649782097626,8.479829796503299e-05,c
test_0112.jpg,7.425267476038081e-06,0.9999263277481079,5.1441073364915886e-05,1.4738112358319816e-05,b
test_0113.jpg,0.009588576701464891,0.08401815177537919,0.0031129552741748215,0.9032803239753724,d
test_0114.jpg,0.004299125517857182,0.013242238719298124,0.9707724086456299,0.011686235015186428,c
test_0115.jpg,0.00010407256638769365,0.00012432609785383752,0.00015963786317876145,0.9996119462039185,d
test_0116.jpg,0.0005525938402251779,0.9991131768119812,0.0002827573338313779,5.149948110061504e-05,b
test_0117.jpg,0.9953267582173158,0.0019810337022597075,0.0025414283069500805,0.0001507334892056197,a
test_0118.jpg,7.541558015700445e-06,0.9999445115371703,4.132145126026066e-05,6.655401391997893e-06,b
test_0119.jpg,0.002670858166931021,0.0010358828006462933,0.0014956177299417137,0.9947976550827027,d
test_0120.jpg,3.770608914305616e-05,5.486201211896686e-05,0.9998589765426635,4.8415555133703075e-05,c
test_0121.jpg,0.0013290471940697788,0.000409295125258536,0.004399400529110765,0.9938622986152649,d
test_0122.jpg,0.9986878909618377,0.0002571341406634073,0.000938503592313844,0.00011648238911864914,a
test_0123.jpg,0.9998601080079651,5.4862057255560255e-05,6.216685516774863e-05,2.2869907130235854e-05,a
test_0124.jpg,0.00013155889634515017,9.606300959312845e-05,0.0002785101668618277,0.9994939336769104,d
test_0125.jpg,5.257428232537541e-06,0.9998932484475709,8.480918047961722e-05,1.6699917808118342e-05,b
test_0126.jpg,0.9996630553883361,0.00013158108938540188,0.0001596464427583848,4.573946811095391e-05,a
test_0127.jpg,5.1436252693687345e-05,7.044236167217467e-05,0.9998326297068787,4.53923348899157e-05,c
test_0128.jpg,6.961763342500993e-06,0.9999222168177795,5.486547383965097e-05,1.5965141022443916e-05,b
test_0129.jpg,2.017826674278996e-05,0.9996462305210114,0.0002982535974467373,3.5344992068487655e-05,b
test_0130.jpg,5.571381624500986e-05,0.00010731832655726097,8.545993855726097e-05,0.999751536998825,d
test_0131.jpg,0.9998068903469086,7.98195504262092e-05,0.00010249033443728931,1.0802401254606086e-05,a
test_0132.jpg,8.545014372841455e-05,0.00013979043531258404,0.0001408834629779057,0.9996338708320618,d
test_0133.jpg,6.313045181088506e-05,0.00014089598630422475,7.153617266289726e-05,0.9997244781171417,d
test_0134.jpg,0.00013154886938806967,0.00021688741134105727,0.9994193336035919,0.0002322270581205237,c
test_0135.jpg,0.0015356683223748445,0.003242130731135392,0.956372291576538,0.0388498743772583,c
test_0136.jpg,0.42242943875712585,0.0011832846812423658,0.0011832846812423658,0.5752039515426636,d
test_0137.jpg,0.9548865992652893,0.009550903537244557,0.0023154739995832085,0.033247018980653284,a
test_0138.jpg,0.9975159756568909,0.00024910555786926625,0.00033721925707675874,0.001897659108400309,a
test_0139.jpg,0.010980943183420182,0.9884729353843689,0.00033159573377786726,0.00021451241145099029,b
test_0140.jpg,0.9705309894504548,0.001523306649113109,0.0009384026353400875,0.027007330658584024,a
test_0141.jpg,4.784843654629416e-06,0.9999427222587585,3.7709232896763074e-05,1.4738354008788328e-05,b
test_0142.jpg,0.00021691248475290775,0.00012431661710160026,0.9995344465923309,0.00012431661710160026,c
test_0143.jpg,4.503717953019819e-06,0.9999412154685974,4.037631128380122e-05,1.3872427339717483e-05,b
test_0144.jpg,1.9071516407507076e-05,0.9998934255404663,6.604946627320789e-05,2.144312388679718e-05,b
test_0145.jpg,0.9987595014648438,0.00033504648097090544,0.0007565113988771588,0.000148965931699394,a
test_0146.jpg,1.892067947586199e-05,0.9997449540502167,0.00010248387081879057,0.0001336501811648533,b
test_0147.jpg,0.9997592538387299,0.0001088825549858629,0.00010248550498586289,2.9362606698904875e-05,a
test_0148.jpg,3.5628448035974876e-05,0.00010409735117480949,0.9998450580300904,1.51997453458157e-05,c
test_0149.jpg,8.54568587914518e-06,0.9999418831420899,4.3398577045010726e-05,6.191908599577367e-06,b
test_0150.jpg,4.1288578668825926e-05,0.00013365691365757823,0.9997989823568725,2.6023892919732333e-05,c
test_0151.jpg,0.998956153534317,0.0005525070312729925,0.00024565204560174527,0.00024565204560174527,a
test_0152.jpg,0.0005731637356817782,0.9720159482754517,0.026674303054816724,0.0007365573076982825,b
test_0153.jpg,9.908222749967888e-05,0.00020975705291937798,0.9995414491012573,0.0001497143892716667,c
test_0154.jpg,3.5627368621224056e-05,6.65606949699048e-05,8.480237011433843e-05,0.9998130178116608,d
test_0155.jpg,0.9997564007007599,9.683953268912419e-05,0.00012434442387077108,2.2391239996865937e-05,a
test_0156.jpg,0.00014088368297790572,0.00014909682031258404,0.9996352508320618,7.482453372841455e-05,c
test_0157.jpg,0.004606884204745173,0.9874467924018859,0.007424549792225599,0.0005218147983438999,b
test_0158.jpg,7.541961519160278e-05,0.00013159490297761576,0.9997670563739777,2.591257202095059e-05,c
test_0159.jpg,0.999912261353302,3.3277263432958824e-05,3.770807735568769e-05,1.670023553048982e-05,a
test_0160.jpg,1.682982133861758e-05,0.9998529108901977,8.546889597306958e-05,4.4741836718370876e-05,b
test_0161.jpg,2.5914922727953686e-05,9.045196748353005e-05,0.999857307913971,2.632033203394493e-05,c
test_0162.jpg,2.5917039046086578e-05,2.4489406122208314e-05,0.9999386064680481,1.0972849999760423e-05,c
test_0163.jpg,0.00034169977324807467,0.49000139432315826,0.5087460173274994,0.000910903065913645,c
test_0164.jpg,0.9992903745670318,0.00029814487671786397,0.0003631285385558489,4.8387710234369387e-05,a
test_0165.jpg,1.3844856213498324e-05,0.99990320298172,5.14398826858617e-05,3.144391672217127e-05,b
test_0166.jpg,0.0002048271717209576,0.9988835828887939,0.0005200036330384136,0.00039161753583542077,b
test_0167.jpg,4.5475095129932246e-05,0.9997034300731659,0.00017950694528406902,7.153501386892937e-05,b
test_0168.jpg,0.00016885046467947454,0.000598555308570896,0.9990611061816406,0.00017148897186697022,c
test_0169.jpg,0.9994737305389405,0.00026112103426003785,0.00014907282998252063,0.00011609803950372324,a
test_0170.jpg,0.00043048456457015275,0.00010244878066045159,6.601694411315605e-05,0.9994010949154664,d
test_0171.jpg,0.00010886460589255392,0.00021692585330990464,7.980255968207337e-05,0.9995944564762116,d
test_0172.jpg,3.829570419172056e-05,0.9998547939369202,7.542622597117097e-05,3.144233143623031e-05,b
test_0173.jpg,0.9984304911010742,0.0005278736911413425,0.0005981592969070005,0.0004435417343248493,a
test_0174.jpg,0.8408599790087891,0.006259464332882881,0.030424587718663215,0.12245596353850365,a
test_0175.jpg,0.0003203497677038267,0.00035741559770382673,0.00037972696770382673,0.9989424930145263,d
test_0176.jpg,0.0059481053459785466,0.0005490197233531762,0.9926509583894347,0.0008519575829511405,c
test_0177.jpg,0.9995044766006469,0.00023767670577731043,0.00020044244374127314,5.742772397550251e-05,a
test_0178.jpg,5.828046789166686e-05,0.9997565075130463,0.00013980758188209772,4.538887507541012e-05,b
test_0179.jpg,5.4849766521417455e-05,0.9996364120899963,0.00015964257868684723,0.00014909738044869067,b
test_0180.jpg,0.9996978530452728,0.0001321441453792128,0.0001321441453792128,3.785993388594128e-05,a
test_0181.jpg,0.1868264092843318,0.002234419648776114,0.8107175642932891,0.0002216187435276042,c
test_0182.jpg,5.485727532475557e-05,0.00014911753349068554,0.9997731397220612,2.2867947294663084e-05,c
test_0183.jpg,9.181743805507041e-05,0.00022025856228294552,0.0003457608516642764,0.999342179120636,d
test_0184.jpg,0.00040442142059302923,0.00117708255098781,0.00091672595098781,0.9975017448982239,d
test_0185.jpg,0.9991795119833373,0.0005699665780470795,0.00015956650241175026,9.091824499889635e-05,a
test_0186.jpg,0.9998189529056549,9.044849737844705e-05,7.044136342066758e-05,2.0181788512307337e-05,a
test_0187.jpg,0.00017151654836158664,0.0002321775678410086,0.0003827961038533363,0.9992134873386382,d
test_0188.jpg,0.0002031961930476983,0.00021672208911310107,0.0009177713961236596,0.9986623243110657,d
test_0189.jpg,5.143444656377757e-05,5.485864306377757e-05,9.609219723631204e-05,0.9997975900455475,d
test_0190.jpg,5.828350200323875e-05,4.272440874362446e-05,0.9998085474176788,9.044757085652395e-05,c
test_0191.jpg,0.9998646947967529,4.574876239375433e-05,5.57204477091485e-05,3.379615932628723e-05,a
test_0192.jpg,9.908659186500795e-05,4.3382038063189427e-05,0.9995745999252319,0.000282886414849913,c
test_0193.jpg,0.04154709091828537,0.8839514836566925,0.07410621629457856,0.0003951850497268695,b
test_0194.jpg,0.00024405096236419232,0.8775393072849274,0.0006232059398978901,0.12159346998979569,b
test_0195.jpg,0.00020336316062496366,0.00021690154950959,0.9994828998546601,9.681310598017134e-05,c
test_0196.jpg,0.00102375900803169,0.0005844932489242941,0.007622924159551096,0.9907688005313873,d
test_0197.jpg,0.00022717312231024594,0.9996729504201507,7.541193533246197e-05,2.448267262115052e-05,b
test_0198.jpg,0.9728136276359558,0.0010052060071245135,0.026116836033601286,6.437314737425806e-05,a
test_0199.jpg,0.985792458241272,0.0007172777104619979,0.00021753634554498553,0.01327270433473134,a
test_0200.jpg,2.018390194138603e-05,4.0062203204674696e-05,0.9999228685623169,1.6831052441386027e-05,c
test_0201.jpg,0.9992167974838257,0.0002610539388600674,0.0002610539388600674,0.0002610539388600674,a
test_0202.jpg,3.14431735250647e-05,7.04456941843735e-05,0.9998802657035828,1.7811460385298477e-05,c
test_0203.jpg,0.7177683057329178,0.27951697353100585,0.0013107522103722692,0.0014040108036636472,a
test_0204.jpg,0.00043803288863636494,0.002471352283776164,0.9472945325348663,0.049796014092173005,c
test_0205.jpg,0.00046395459278108446,0.9703817320388795,0.027599272345852376,0.0015550553078364552,b
test_0206.jpg,7.152063232299142e-05,9.183431773396246e-05,0.00032053322725353393,0.9995160920539856,d
test_0207.jpg,1.3872002357814792e-05,0.999910709236908,5.486483681911328e-05,2.0499404720383852e-05,b
test_0208.jpg,0.0005199527947359419,0.00024560793839164256,0.9987756325417327,0.0004588560838845259,c
test_0209.jpg,0.00014055647555662946,0.9974045760402679,0.001150825655198121,0.0013040564108750849,b
test_0210.jpg,0.9999197746322632,3.327752173547576e-05,3.120038317476808e-05,1.571918928641685e-05,a
test_0211.jpg,0.00011653384921985671,0.0006176296076113224,0.00012730639516105816,0.9991385707141875,d
test_0212.jpg,0.9998563532402038,4.272647308421937e-05,7.982357589053944e-05,2.1036825030818294e-05,a
test_0213.jpg,0.999744819675064,0.00012434306265269183,9.044171244588069e-05,4.036828166669227e-05,a
test_0214.jpg,0.3167102954971924,0.003466196843054056,0.0008700878164405406,0.6789534077304077,d
test_0215.jpg,3.770528266555026e-05,5.8285216794435826e-05,0.9998379297760009,6.604580273188911e-05,c
test_0216.jpg,4.27251866128261e-05,9.04492225160496e-05,0.9998267571716308,4.00583516128261e-05,c
test_0217.jpg,4.272535978910948e-05,8.546713866549105e-05,0.9998314085429383,4.0371816693585986e-05,c
test_0218.jpg,0.9998054473941803,9.044733413525238e-05,7.981950291928216e-05,2.4296102424531353e-05,a
test_0219.jpg,0.9997899473941803,0.00010248858613525239,7.981818991928216e-05,2.7745978424531353e-05,a
test_0220.jpg,0.002076695054742521,0.9933149949386597,0.003114906618085766,0.0014933886355826258,b
test_0221.jpg,0.0002464644575641939,0.00036268604287591156,0.0012658986441945494,0.9981250001678467,d
test_0222.jpg,0.00028152269749652596,0.9950880635032654,0.0005870770561098355,0.00404335159371245,b
test_0223.jpg,0.00020495414225164295,0.00022029445725164294,0.9994937392436981,8.104180747892163e-05,c
test_0224.jpg,0.9997244183963776,0.00011794327098871774,0.00012434031838895948,3.327094073785077e-05,a
test_0225.jpg,0.999698252435608,0.00021694842195423022,5.142933889450544e-05,3.327012097378403e-05,a
test_0226.jpg,0.9998719721702576,4.8416164609823566e-05,6.656463475709625e-05,1.3005632508018856e-05,a
test_0227.jpg,0.00010965050891506635,0.0005985280012786504,0.00027837427165094616,0.9990134414871216,d
test_0228.jpg,0.00010406418197270094,0.00018511104059125395,0.0001715728408815256,0.9995392376926422,d
test_0229.jpg,5.4829414955985025e-05,0.0005030450534185016,0.00016888648794116212,0.99927328454628,d
test_0230.jpg,0.0002493427150369519,0.001168949464911312,0.9983515441672516,0.00023017980073316305,c
test_0231.jpg,0.011058952090088843,0.0005828356233115316,0.9879326537617492,0.0004255446247551754,c
test_0232.jpg,4.958380013408864e-06,0.999930859677887,4.841903574076943e-05,1.5719358658706887e-05,b
test_0233.jpg,6.509524350586497e-05,8.746428589979932e-05,0.9998016730480195,4.574573708268646e-05,c
test_0234.jpg,3.786662530179201e-05,6.812071896793195e-05,0.9998526917030335,4.1290858301792005e-05,c
test_0235.jpg,0.9990842941716767,0.00020486973344466312,0.0006310432274499506,7.97624213771157e-05,a
test_0236.jpg,4.1504686828421876e-05,0.00012433244126687534,0.00017159544918756068,0.9996625198409271,d
test_0237.jpg,0.0005526122133400918,0.00019135048208655477,0.9991463265327454,0.00010966667699444629,c
test_0238.jpg,0.00027945745889390843,0.0009177920723030031,0.00010588183418076437,0.9986968395462037,d
test_0239.jpg,0.00033020089696669786,0.0003153358979505214,0.0006675660542325944,0.9986869403175354,d
test_0240.jpg,0.005547639237131297,0.9755232723022461,0.0014753817960341574,0.01745369458837068,b
test_0241.jpg,5.873111284811325e-05,0.0001097241616770108,0.00015964771721431196,0.9996719082290649,d
test_0242.jpg,5.8739700610048385e-05,9.044812807918094e-05,3.5627428646160046e-05,0.9998151903247834,d
test_0243.jpg,4.5742568871939735e-06,0.9999589330715942,2.6323032129420847e-05,1.0208910313472654e-05,b
test_0244.jpg,0.00021692041103212297,0.00013156887965761513,0.9995705324977875,8.104869976873332e-05,c
test_0245.jpg,0.0003377147075605312,0.0006781412519644219,9.675457397255875e-05,0.9988873579730988,d
test_0246.jpg,0.0011244628097819148,0.23931846646652222,0.004562119000840378,0.7549949585940552,d
test_0247.jpg,0.0007111678406598091,0.005254859117011118,0.9937202466098786,0.00031375591069563775,c
test_0248.jpg,0.9997459669559479,8.479668544425189e-05,0.00011612971048694834,5.309030935572181e-05,a
test_0249.jpg,0.9998927097967529,3.770733889375434e-05,5.1439343273881685e-05,1.80903432993482e-05,a
test_0250.jpg,3.379715036459179e-05,5.1841636603361626e-05,0.9998927098188781,2.1610808564654272e-05,c
test_0251.jpg,2.448975300338179e-05,1.4853785654310096e-05,0.9999526725836181,7.950658479644346e-06,c
test_0252.jpg,1.8422044417653204e-05,0.9998991589355468,5.4864223795804786e-05,2.75336743201746e-05,b
test_0253.jpg,0.9664286881095886,0.02746259530336666,0.0047873852263302565,0.0013213011786378502,a
test_0254.jpg,0.9998636843322755,9.045254895215251e-05,3.5629183872731156e-05,1.0207932224088311e-05,a
test_0255.jpg,0.9991745651075745,0.00020488771561042503,0.0003154906836456582,0.0003050834225389454,a
test_0256.jpg,3.3946372075923916e-06,0.9999481450027465,4.006321398755934e-05,8.414113376947803e-06,b
test_0257.jpg,0.00024438251527326646,0.9995382350688935,0.0001715702364675142,4.5732966270062324e-05,b
test_0258.jpg,8.41414552381005e-06,0.9999520802349853,3.327859292350438e-05,6.143918057621805e-06,b
test_0259.jpg,9.908915670510604e-05,0.00020497523613264798,0.00010246818491667665,0.9995934969490051,d
test_0260.jpg,6.655244043026883e-06,0.9999205465385437,5.874593637518473e-05,1.4089151496834163e-05,b
test_0261.jpg,0.9998361145893859,5.4860718770296476e-05,8.546757732123673e-05,2.3560802296575127e-05,a
test_0262.jpg,0.00963743323301363,0.00623437343914144,0.983044862070465,0.00108337163197639,c
test_0263.jpg,0.9998878863311768,4.006080237875826e-05,5.1841435341014676e-05,2.018318533034304e-05,a
test_0264.jpg,2.9365823138064103e-05,3.5352877543381924e-05,6.60478652279763e-05,0.999869157774353,d
test_0265.jpg,0.00010248639965521923,0.9997688580715179,6.655770701317139e-05,6.216114050320372e-05,b
test_0266.jpg,0.9863682084330749,0.0009593260180860389,0.003428026108608985,0.009244449870316744,a
test_0267.jpg,0.0014029509857347996,0.6109578679766846,0.0016282048836867154,0.3860109975001407,b
test_0268.jpg,2.774784104694309e-05,3.562893088022919e-05,7.98235394511465e-05,0.9998567725186157,d
test_0269.jpg,0.00012333481806219056,0.00014906076744148461,0.0003352588079862958,0.9993923959632873,d
test_0270.jpg,0.9989819822045136,0.00023032514496179298,0.00035743104977249354,0.0004303040337400698,a
test_0271.jpg,0.10040271254415035,0.002517683528586948,0.0007222212148290312,0.8963573587856293,d
test_0272.jpg,0.00019135050224618612,0.0002957930389346832,0.9991497673870087,0.0003630793341689089,c
test_0273.jpg,0.9993035781253052,0.00016889206749087245,0.00041148502860422376,0.000116077709989139,a
test_0274.jpg,0.9998112451381683,0.00011613733971726253,5.485941519564375e-05,1.7810242992756254e-05,a
test_0275.jpg,4.841359636465079e-05,0.9998189529858399,6.216428393714186e-05,7.044136667581766e-05,b
test_0276.jpg,0.00041622607874156314,0.9990132733036804,0.0005025039111933053,6.800650944917981e-05,b
test_0277.jpg,0.0006670970107534289,0.0008031056794716817,0.00055196589729276,0.9979777938270569,d
test_0278.jpg,0.00012160318229983286,0.999719645116043,0.00013364589259547838,2.5056752739308844e-05,b
test_0279.jpg,0.0005855909711161426,0.0005696032033209667,0.00020939363128127158,0.9986354320552826,d
test_0280.jpg,0.00012373553872650967,0.9950518326695251,0.0009826315675217003,0.0038418503059425234,b
test_0281.jpg,0.9973906252590179,0.0005192261317645489,0.00027792170145421653,0.0018122773203554572,a
test_0282.jpg,6.654807071848192e-05,0.0002496612237248628,0.9996289782028198,5.484920635285906e-05,c
test_0283.jpg,0.00020062703044711113,0.9994952673069,0.00025736338044711113,4.676839577485518e-05,b
test_0284.jpg,2.1612157010782633e-05,1.6831564876636645e-05,0.9999539920486451,7.541638883273788e-06,c
test_0285.jpg,4.537411975438934e-05,0.9994314306467438,0.00048781777074998823,3.533739800166057e-05,b
test_0286.jpg,4.134549146587413e-05,0.999715605039978,0.00018091275831231177,6.21577912692201e-05,b
test_0287.jpg,4.5164743814208295e-05,0.9997084968315124,0.00019145802715355188,5.485364507496148e-05,b
test_0288.jpg,0.42413416865725706,0.0024817455739824055,0.0008544535146352947,0.5725296364067078,d
test_0289.jpg,4.037281065609582e-05,0.9998559382858276,5.183971239488632e-05,5.183971239488632e-05,b
test_0290.jpg,4.841179513563779e-05,7.981759407440505e-05,9.044513707440505e-05,0.9997813030231476,d
test_0291.jpg,4.005907088128568e-05,3.535200975161384e-05,7.982261146690517e-05,0.9998446817527771,d
test_0292.jpg,0.003253328616090214,0.005033834123157048,0.9592789716399384,0.032433874052544116,c
test_0293.jpg,5.874273690020625e-05,5.486237940020624e-05,0.9998661840530396,2.018274171180202e-05,c
test_0294.jpg,0.0005664588514517784,0.8265572954269409,0.17140590163498878,0.0014702956992599606,b
test_0295.jpg,2.7529569853265155e-05,0.0002034175283954361,0.9997500888622284,1.8920776855364558e-05,c
test_0296.jpg,0.0005322303682096764,0.0002941870394669087,0.9988600298090362,0.0003135094316266963,c
test_0297.jpg,0.07570040324488908,0.0006871868324629471,0.0005449939501230642,0.9230674244247437,d
test_0298.jpg,8.546548119800746e-05,7.981992744196787e-05,0.9998118502086639,2.2868792371230717e-05,c
test_0299.jpg,0.0001634030059277448,0.9991489894428254,0.0006056498998203329,8.196580957335001e-05,b
test_0300.jpg,2.9824476667155018e-05,0.9998465524024963,0.00010974360636393778,1.387110166154368e-05,b
test_0301.jpg,0.9999344923292541,2.591693841622152e-05,2.287161728956675e-05,1.670060622176926e-05,a
test_0302.jpg,0.0001088425493989192,0.00020334465039970428,0.9993919067070007,0.0002958647391455647,c
test_0303.jpg,0.001794483951217471,0.9953737565254974,0.0026125114201821387,0.00021927336013927414,b
test_0304.jpg,0.00017683714399209662,0.999235568226242,0.00033037528317918967,0.0002572965315722704,b
test_0305.jpg,3.142945756072478e-05,0.9994535150247192,0.00024577350321895464,0.00026931260838877096,b
test_0306.jpg,0.0015518393665706278,0.0032852440269857644,0.9395806050098419,0.055582340787379836,c
test_0307.jpg,7.982131115856402e-05,0.9998285551948547,5.828466787023056e-05,3.327447323532336e-05,b
test_0308.jpg,8.743154069652378e-05,0.9994599055541993,0.00040692532882644387,4.572801462764654e-05,b
test_0309.jpg,0.00011791272123281077,0.00013361261143088817,0.0002785028496213576,0.9994699996597289,d
test_0310.jpg,2.5912156126166457e-05,0.9997492939548492,0.00019146617770819007,3.3271868198069806e-05,b
test_0311.jpg,0.10782280525308609,0.019389196205519675,0.0011564637199256063,0.8716315650769806,d
test_0312.jpg,0.9970527062477113,0.0023113400045877697,0.00014558421972613573,0.0004903802905911938,a
test_0313.jpg,0.9999088063533019,3.770793935568769e-05,3.563080443295882e-05,1.7811969530489816e-05,a
test_0314.jpg,0.8846259439606476,0.0005427375500637203,0.00024469020073615176,0.11458660659491181,a
test_0315.jpg,1.3106009728945588e-05,0.9997726143474579,0.00017161482441282005,4.2722799105899075e-05,b
test_0316.jpg,9.678548390292548e-05,0.0004915172155226654,0.00020489486118802593,0.999206752850113,d
test_0317.jpg,3.120016124167938e-05,4.037517115527686e-05,0.999912692842102,1.5719080662598654e-05,c
test_0318.jpg,0.007896513620926618,0.03538971769325638,0.9561813566654205,0.0005324491205868334,c
test_0319.jpg,0.00010400177398610521,0.00030501012266522225,0.000617051468067708,0.9989739032909393,d
test_0320.jpg,0.9997679021633148,6.216113438082703e-05,0.00015842453843347207,1.1566002788204486e-05,a
test_0321.jpg,2.5906042711127528e-05,0.00037994434976501047,7.979622638318664e-05,0.9995143489326477,d
test_0322.jpg,7.04089826939214e-05,0.00020333876914639996,0.0003631573496767739,0.9993630249721528,d
test_0323.jpg,6.216045252651222e-05,8.479754618353374e-05,9.683977868353374e-05,0.9997560968149566,d
test_0324.jpg,0.9983928252853393,0.0013177774099505854,0.00013345334504844024,0.00015590540046683847,a
test_0325.jpg,0.0006851990749702085,0.9467569181575775,0.002798636928298986,0.049759215221735834,b
test_0326.jpg,0.9998552202404785,4.539335876774735e-05,7.484100325294003e-05,2.4487375432074095e-05,a
test_0327.jpg,8.106498983409077e-05,9.04439538572897e-05,5.873695007127561e-05,0.9997697461154937,d
test_0328.jpg,8.480380594775289e-05,0.9998299182180785,5.486040823948994e-05,3.037068833435627e-05,b
test_0329.jpg,0.998777354957962,0.0009754263155747843,0.00018073504093312143,6.648870862413428e-05,a
test_0330.jpg,0.9906524808021546,0.008441123549178958,0.00035439270180996445,0.0005520187042294725,a
test_0331.jpg,1.2241313979147678e-05,0.9998544453800964,8.480588712819249e-05,4.841533681332826e-05,b
test_0332.jpg,6.215580508881554e-05,0.00016895700615931168,8.545441968228434e-05,0.9996834718412018,d
test_0333.jpg,0.9997349382346343,8.479575103447169e-05,0.00014911185831909923,3.1194615147630974e-05,a
test_0334.jpg,0.9990437949388122,0.000756726018711136,0.0001407995384273307,5.8693978768995196e-05,a
test_0335.jpg,5.182849802948649e-05,0.00012433010497843938,0.00018089923064125164,0.9996429313587188,d
test_0336.jpg,0.00017149495219280242,0.00039170049604386834,0.00033777512104386835,0.9990990753066253,d
test_0337.jpg,0.00023226978918859884,7.980307484169944e-05,0.9996024010421753,8.544728484169946e-05,c
test_0338.jpg,9.813962853388788e-06,0.9998751866325378,9.472022698779583e-05,2.0269065751763475e-05,b
test_0339.jpg,0.9990384600715637,0.0001913294200689563,0.00010241125815500342,0.0006678052590556753,a
test_0340.jpg,0.00016895284846477464,0.00010247509291276384,7.043014114650719e-05,0.9996581719711304,d
test_0341.jpg,0.0037926224269456267,0.001310575272134468,0.0006277298980864465,0.9942691080348969,d
test_0342.jpg,2.9367613692179135e-05,2.7534526692179136e-05,0.9999300857478333,1.3006388600316758e-05,c
test_0343.jpg,0.00039186129268806944,0.0004715413908341342,0.9989631199689484,0.0001734703926759482,c
test_0344.jpg,0.9998787027494812,3.829660250736815e-05,4.917381015610129e-05,3.3796632367648114e-05,a
test_0345.jpg,0.03445382468908119,0.0009143915637796819,0.9641536173268128,0.00047811318595752716,c
test_0346.jpg,0.014721296278428197,0.002974647655123019,0.9527442450659942,0.029559795567970754,c
test_0347.jpg,0.047333359281726835,0.0006296053777722806,0.9515035471714783,0.000533525218509487,c
test_0348.jpg,1.2433814398676468e-05,0.9999348070030212,4.5752043624152744e-05,7.0163034515704885e-06,b
test_0349.jpg,0.9996712694580079,0.00010887297335962255,0.00020499192081104695,1.4849565858406852e-05,a
test_0350.jpg,3.627701461478896e-06,0.9999508872117615,3.3278551328557354e-05,1.2242495190334463e-05,b
test_0351.jpg,0.9994807081253052,0.00029820256360422375,0.00013361356249087244,8.743542998913899e-05,a
test_0352.jpg,0.9997226702114106,0.00011612692335733854,0.00010248165328635506,5.8734237182360703e-05,a
test_0353.jpg,1.3870756593532482e-05,7.48384232923866e-05,9.044869509795695e-05,0.9998208276720428,d
test_0354.jpg,0.9998676767735291,5.874277472196646e-05,5.5720651157233265e-05,1.7811225690962724e-05,a
test_0355.jpg,0.9996493488082886,9.043309530440089e-05,0.00024582263093760536,1.434348628067676e-05,a
test_0356.jpg,1.6830313174538406e-05,5.874356895016506e-05,4.3395879394563266e-05,0.9998810168426513,d
test_0357.jpg,0.9991316509326935,0.0003303377858057827,0.0004806386566982776,5.74041020973063e-05,a
test_0358.jpg,1.2216492898504655e-05,0.000131596256035316,7.981720057616986e-05,0.9997764221633147,d
test_0359.jpg,0.9955070812122345,0.004099765745225715,0.0002560744905387598,0.00013706679949752648,a
test_0360.jpg,8.744398341274052e-05,0.00020976719770291448,0.9995861923416138,0.00011660351528195858,c
test_0361.jpg,2.1609898111083573e-05,0.9998499729388428,0.0001024947679429903,2.591473658060725e-05,b
test_0362.jpg,7.541206115454978e-05,0.0001315818276996641,0.9996686393764496,0.0001243334787066477,c
test_0363.jpg,0.00026234256587728025,0.003171202631435323,0.00020431259194576517,0.9963622129127503,d
test_0364.jpg,0.9981083564801025,0.001492767590079391,0.00033741604413096103,6.146353406916253e-05,a
test_0365.jpg,6.655049013045277e-06,0.9998919391677856,8.547235115905081e-05,1.596463264127044e-05,b
test_0366.jpg,0.10088397399160384,0.0005285660745033539,0.0008186591740308767,0.8977687735946656,d
test_0367.jpg,0.0001164700449165012,0.0020524845255191562,0.0009695250264992983,0.9968614874015045,d
test_0368.jpg,0.0002166851355296695,0.000569568526718764,0.0007146341352045864,0.9984991663349152,d
test_0369.jpg,0.9996842697151185,0.00010247778441129438,0.00015841129177903682,5.48524039206012e-05,a
test_0370.jpg,5.827436523404898e-05,0.00013157982428662628,0.0001584061444536914,0.9996517875531006,d
test_0371.jpg,0.9996139985981751,8.105168502741083e-05,0.00028289817716743276,2.2110142587174374e-05,a
test_0372.jpg,5.182686502948649e-05,0.00021692893064125164,0.0001243261869784394,0.9996069313587188,d
test_0373.jpg,0.998860955298233,0.00019129770048514962,0.00017935567852894797,0.0007684094623391587,a
test_0374.jpg,0.00013154479583892524,0.0003798956044264847,0.00010244719117740423,0.9993860995104218,d
test_0375.jpg,0.0011604754308461725,0.0019233130580989899,0.0006153180129316635,0.996300816411209,d
test_0376.jpg,2.161138783005754e-05,0.9999187487945557,4.575130925797534e-05,1.3872112929717757e-05,b
test_0377.jpg,0.9994891872682953,0.00020495373398074016,0.0002631658101672828,4.271062262407777e-05,a
test_0378.jpg,0.008381198591014221,0.0014014633410142213,0.0010914607167451678,0.9891258825191498,d
test_0379.jpg,0.9992201018451691,0.0002610547801766136,0.0002033096803852135,0.0003155070371009096,a
test_0380.jpg,0.00021000598075411446,0.9994891275157929,0.00022712207150079518,7.373573947111457e-05,b
test_0381.jpg,0.00023047793182774648,4.0051054192046866e-05,0.9996446385539246,8.478809484107666e-05,c
test_0382.jpg,0.00023767796464805587,0.0002049549146480559,0.9994986960103607,5.872056542343978e-05,c
test_0383.jpg,0.000149075720928078,0.0002958946139191449,0.9994929079566955,6.214400310617984e-05,c
test_0384.jpg,0.9998738744953919,6.656481398529485e-05,4.8416304936532695e-05,1.112976201688619e-05,a
test_0385.jpg,2.5041886421910347e-05,0.9997731309150696,0.00012160939300659514,8.015645065758258e-05,b
test_0386.jpg,0.9991417211802673,0.0002957906527807912,0.0003456952665546045,0.0002168265271619013,a
test_0387.jpg,0.00011605302328617648,0.00016885615144810766,0.0006171423283665817,0.9990979794895172,d
test_0388.jpg,6.656118804985575e-05,5.4859859781136326e-05,0.9998202574508668,5.828418554985575e-05,c
test_0389.jpg,3.769221982871901e-05,8.477460349348977e-05,0.0003918593569340223,0.9994856413116455,d
test_0390.jpg,0.99925402022789,0.0002202375089843346,0.00037437675702923687,0.00015136689224311696,a
test_0391.jpg,2.505988855911265e-05,5.8740788369399714e-05,8.107028034541741e-05,0.9998351026817323,d
test_0392.jpg,1.6460740841088476e-05,5.828979187821539e-05,0.9999164318412781,8.810799424920171e-06,c
test_0393.jpg,0.9996125396404266,0.0002203213963270241,0.0001408798469247663,2.6313639616337647e-05,a
test_0394.jpg,0.999676059552002,0.00010887349346736583,0.00017950202827249898,3.562252647941664e-05,a
test_0395.jpg,0.9980806393276977,0.00043324772699187815,0.001418146061080277,6.799113797097389e-05,a
test_0396.jpg,0.9998887843544007,4.84169880739405e-05,4.84169880739405e-05,1.4346941519673106e-05,a
test_0397.jpg,4.9174503372645636e-05,4.272792587264564e-05,0.9998912197027587,1.6830492287252304e-05,c
test_0398.jpg,7.044330392455396e-05,4.841493518284749e-05,0.999845801845398,3.53520495378403e-05,c
test_0399.jpg,8.413843030302507e-06,0.9999160172836303,6.605095764354151e-05,9.534133379524185e-06,b
test_0400.jpg,0.9997934073001862,0.00012434905300020372,6.313495445049268e-05,1.906954345555159e-05,a
test_0401.jpg,0.9995605070098115,0.00024580051089784043,9.682045467816056e-05,9.682045467816056e-05,a
test_0402.jpg,4.272318261982732e-05,9.684200995587077e-05,7.981741880236026e-05,0.999780592884903,d
test_0403.jpg,0.0009154567256762326,0.001895145700153315,0.9962205163005828,0.0009688686756762325,c
test_0404.jpg,0.999939384398651,3.120099426498788e-05,2.2871731872574018e-05,6.552861558039532e-06,a
test_0405.jpg,7.483083013591074e-05,6.603796823115892e-05,0.00013980238936522947,0.9997193108638763,d
test_0406.jpg,0.9973759933110047,0.0011162745336925329,0.00035684405969779433,0.001150856491027732,a
test_0407.jpg,3.075008876025935e-05,8.107052415301925e-05,4.9171756436327456e-05,0.9998390396266937,d
test_0408.jpg,0.00010246712572132538,0.0001808881725142811,0.9995830058624268,0.0001336279707660064,c
test_0409.jpg,2.2391764994157765e-05,0.9997819654395295,0.0001634016656628199,3.220202435414988e-05,b
test_0410.jpg,0.9987039670524598,0.0006455261608136409,0.00032025927204118074,0.0003301909358146031,a
test_0411.jpg,2.1609290580277037e-05,0.9998222855335235,0.0001316022103089896,2.4486535027592118e-05,b
test_0412.jpg,6.716743179179073e-06,0.9998953230743408,8.107530336758391e-05,1.683055027309169e-05,b
test_0413.jpg,0.9997864451381684,5.4857968195643755e-05,0.00014090507471726252,1.7809774492756256e-05,a
test_0414.jpg,0.00011224704591549523,0.0001441280612840055,0.00045908755972191064,0.9992845048822785,d
test_0415.jpg,4.574378554094419e-05,4.5388917197821856e-05,0.00015144730515149324,0.9997574024646759,d
test_0416.jpg,3.5351940487310474e-05,9.045066124978982e-05,0.9998426998451233,3.1441991841568796e-05,c
test_0417.jpg,0.019003569387197494,0.972952147838974,0.007098163908602834,0.0009461320210580766,b
test_0418.jpg,0.999843538961792,6.604616916497781e-05,6.604616916497781e-05,2.4344498493967197e-05,a
test_0419.jpg,6.213700171807934e-05,0.999385504260254,0.0004115184617926389,0.00014084724535020498,b
test_0420.jpg,0.001233251776769972,0.9751051768398284,0.022551071949405133,0.0011104673581339704,b
test_0421.jpg,0.00018500669169268743,0.0006677532834400684,0.0001913141550033283,0.9989560041149139,d
test_0422.jpg,0.948022269826889,0.002673897329546106,0.0014046605900628329,0.0478991626933527,a
test_0423.jpg,0.00010886781909931622,0.9996238973457336,0.00010886781909931622,0.000158401730002349,b
test_0424.jpg,0.9995647955390168,0.00020045424576669722,0.00016965186426133372,6.507796479309649e-05,a
test_0425.jpg,0.9987194831264496,0.0010319744338629425,0.00015825840520517902,9.034906520826464e-05,a
test_0426.jpg,3.327447279048941e-05,7.982131021539807e-05,5.8284667459635955e-05,0.9998285420444488,d
test_0427.jpg,0.00013980309570948377,9.043997839132753e-05,0.9997243878406525,4.5387418331401045e-05,c
test_0428.jpg,0.14938072329850197,0.005322971130743575,0.8413154179203797,0.003980861295963764,c
test_0429.jpg,7.043176981029548e-05,0.00019145338371275814,0.9996832450275421,5.4852313263453666e-05,c
test_0430.jpg,0.0038067284990912797,0.009154800616537093,0.5462327696789551,0.4408056840909429,c
test_0431.jpg,0.9997341628406524,9.608610339132754e-05,0.00012434190270948378,4.538786183140105e-05,a
test_0432.jpg,2.591464056332456e-05,7.542564217329026e-05,5.183924061615789e-05,0.9998467603096008,d
test_0433.jpg,5.485437208547372e-05,0.00012337516599224656,0.00010248142237633147,0.9997193209799957,d
test_0434.jpg,0.007114451588861703,0.0019708950478434977,0.000966801584487781,0.9899478531925965,d
test_0435.jpg,0.0004227526891744542,0.687630578103447,0.00043121403565772235,0.31151548337879026,b
test_0436.jpg,0.9998681072158814,6.216734863616273e-05,5.4862495753344e-05,1.4852522783141016e-05,a
test_0437.jpg,3.119473653573148e-05,6.655546201546402e-05,0.00016339446776893437,0.9997388409067536,d
test_0438.jpg,7.888461184282957e-06,0.9998905679360962,8.480894878833779e-05,1.669987275176139e-05,b
test_0439.jpg,0.998580806703949,0.0003795895013498366,0.0004874025781273404,0.0005522994312282467,a
test_0440.jpg,0.0009957072827227534,0.0007259151307704389,0.15055125214731216,0.8477271341220856,d
test_0441.jpg,0.9953604322044373,0.0024864039068935276,0.0017088786633856117,0.00044431918460910024,a
test_0442.jpg,3.327398173532336e-05,8.546567915856402e-05,6.656074037023056e-05,0.9998146551948548,d
test_0443.jpg,0.9991310475238799,0.00027840970234956444,0.0005201371024631679,7.039299826442716e-05,a
test_0444.jpg,0.9998325427425385,5.87407084789966e-05,7.542455915932663e-05,3.327458054729475e-05,a
test_0445.jpg,1.9071516501181987e-05,4.575018603068702e-05,4.0374399836858464e-05,0.9998947375877381,d
test_0446.jpg,0.0006674370958051562,0.0004911597062910854,0.0003628349229865789,0.9984785186931611,d
test_0447.jpg,6.655016843306126e-05,0.00011611926598018974,0.00015964554413493203,0.9996576924853515,d
test_0448.jpg,0.9994944025226593,0.0002322435828539674,0.0002202945541505833,5.303299818292003e-05,a
test_0449.jpg,0.0012740782177408188,0.0017467531411323339,0.002303454583859718,0.9946756880321503,d
test_0450.jpg,8.47916710123052e-05,0.9996868102832794,0.00019145408967999517,3.691441987224437e-05,b
test_0451.jpg,2.2114164569809507e-05,0.9997851848851775,0.000140904768277483,5.1835970382783426e-05,b
test_0452.jpg,1.6831031781139676e-05,0.9999225739106751,4.037554769521479e-05,2.0183884024393293e-05,b
test_0453.jpg,2.1133871692040838e-05,9.044838091221914e-05,7.044127128103352e-05,0.9998179495437622,d
test_0454.jpg,7.950129694253341e-06,0.9998861597732545,7.044612739203442e-05,3.5353478522273223e-05,b
test_0455.jpg,9.184756513591074e-05,0.00017159383436522946,0.9996554858638764,8.105518823115892e-05,c
test_0456.jpg,0.00019440348363821222,0.00024961903308884966,0.9994685587322235,8.743392789147266e-05,c
test_0457.jpg,1.8090222224232774e-05,5.184137492846366e-05,4.2727763552270835e-05,0.9998872874937439,d
test_0458.jpg,0.9898518040145111,0.00929544301410286,0.00026828863222123266,0.0005845075657825405,a
test_0459.jpg,0.023317547414646148,0.9073500913372039,0.0660625465407486,0.003269856113900995,b
test_0460.jpg,0.0005490655824421525,0.9979257012007904,0.0011514427121293396,0.0003738187253872693,b
test_0461.jpg,0.9998294927757263,8.546700359442353e-05,6.216492345156692e-05,2.286919673744963e-05,a
test_0462.jpg,0.00015138895061042503,0.0002495981886456582,0.9993821701075745,0.00021687884753894538,c
test_0463.jpg,0.9995158895381164,0.00016349212856894195,7.481559822051395e-05,0.00024578998742433934,a
test_0464.jpg,2.3937519693929612e-05,0.9994571509259034,0.00016334058412588074,0.0003555314997301394,b
test_0465.jpg,0.000757827224713327,0.9966302246204376,0.0023342721252569676,0.00027769312027864487,b
test_0466.jpg,0.0016275751373603584,0.00042356898492382407,0.9659689695560456,0.03197989437005139,c
test_0467.jpg,0.003195570315207255,0.0003816564141020662,0.000140403544371209,0.9962824266977692,d
test_0468.jpg,4.574555187712946e-05,4.916965537712947e-05,0.00010973787590591178,0.9997953841373444,d
test_0469.jpg,7.044193886483952e-05,5.1838213814120964e-05,0.9998258645437622,5.1838213814120964e-05,c
test_0470.jpg,0.0003572768559787348,0.00040484772586456746,0.9985675837898255,0.0006702815167809904,c
test_0471.jpg,0.7337056580497742,0.004881332864983464,0.25166238736846924,0.009750625729418278,a
test_0472.jpg,0.9618310637176514,0.0014528620352964937,0.0005319737249014419,0.03618403861365389,a
test_0473.jpg,4.784661185864204e-06,0.9999045677024841,7.982739012628786e-05,1.0803461482661937e-05,b
test_0474.jpg,0.0002031074383108124,0.00015818023000815153,0.9982261050532532,0.0014125917158236386,c
test_0475.jpg,0.9997172933991241,0.00011612641708776459,0.00013980210642798455,2.6799047927058767e-05,a
test_0476.jpg,0.0018070258475360215,0.3180847997780418,0.5668306345639801,0.11327758090136719,c
test_0477.jpg,5.483420953275334e-05,0.999354554083252,0.0004591212212365645,0.00013154042633819506,b
test_0478.jpg,6.656319721463546e-05,0.9998496159385681,5.143712574226075e-05,3.23301036971495e-05,b
test_0479.jpg,0.0008300887822505444,0.1516633020250988,0.004178216926215863,0.8433283925018311,d
test_0480.jpg,4.375842738963823e-06,0.9999507652349853,3.327854542350438e-05,1.1568119832600628e-05,b
test_0481.jpg,3.143942216447102e-05,0.9997618939769746,0.00016897033499092893,3.770237809089754e-05,b
test_0482.jpg,9.055886121394161e-05,0.0003160814998978876,0.0023117904378065525,0.997281589604187,d
test_0483.jpg,0.9995142834142303,0.00028286939288392574,0.00015140906921921687,5.152006635760325e-05,a
test_0484.jpg,0.0004301054144757933,0.0009176420062692761,0.9985208606090545,0.00013143002518714787,c
test_0485.jpg,6.011458412694308e-05,0.9998139222545623,0.00010249118553280734,2.3560294479542135e-05,b
test_0486.jpg,2.429755206332456e-05,4.841586611615789e-05,6.216718967329025e-05,0.9998650603096009,d
test_0487.jpg,0.001898808317821889,0.9977087621192933,0.0003373642253998757,5.505621244814037e-05,b
test_0488.jpg,0.9992805426469422,0.00031552514833073706,0.00026311058996579886,0.00014083294319308518,a
test_0489.jpg,0.007414343076718092,0.0011553409376503288,0.2910919998134804,0.7003383030246735,d
test_0490.jpg,5.1528024602234595e-05,0.9996650279235839,0.0002169410815910402,6.65507396679521e-05,b
test_0491.jpg,4.006221056669589e-05,2.0183902192175927e-05,0.9999230493530273,1.67004152767408e-05,c
test_0492.jpg,0.0001583504030967435,0.00026311636720951874,0.9993000652790069,0.0002784557229506806,c
test_0493.jpg,0.9996638261196136,0.00024966996025281433,5.873051782979395e-05,2.7742332971475963e-05,a
test_0494.jpg,3.120034685577868e-05,3.120034685577868e-05,0.9999185900276184,1.8923965199576766e-05,c
test_0495.jpg,3.534947978136258e-05,0.0001514498449347599,0.9997731354671477,4.0056205813316596e-05,c
test_0496.jpg,0.9996384398491669,0.00012159290438393432,0.00014088323138393432,9.909306772265422e-05,a
test_0497.jpg,9.683642572298033e-05,0.00014910996007590457,3.125521902071766e-05,0.9997228399556732,d
test_0498.jpg,4.686587809631732e-05,0.9996397249847412,0.0002696944950373663,4.373048694511054e-05,b
test_0499.jpg,3.3143487436630177e-06,0.9999584519325256,3.1201588941271255e-05,7.016476028251769e-06,b
test_0500.jpg,0.0005280680924584207,0.0002979873962630326,0.9987690916736602,0.0004049326480122104,c
test_0501.jpg,0.00011611617667731076,0.00015840258180854216,0.9996293154380798,9.607603054634302e-05,c
test_0502.jpg,0.00021682863657347874,0.00023036335837546752,0.9991477131017303,0.00040508923199929296,c
test_0503.jpg,0.0005687731875263459,0.000984920769678104,0.9971816515760803,0.0012646632933209121,c
test_0504.jpg,0.0010875074076039113,0.0028166594562126397,0.9949827780216217,0.0011130066620033145,c
test_0505.jpg,0.03307761646875143,0.20668174146875143,0.004172898269085347,0.7560677237469482,d
test_0506.jpg,0.9994951561748504,0.0003379135427784702,0.00014086330830733238,2.6057093584556708e-05,a
test_0507.jpg,0.9995281400592804,0.00021691149684516817,0.0002304510717108856,2.447932257873184e-05,a
test_0508.jpg,0.0012882501479080856,0.8568688473796844,0.14007772166614532,0.001765220735149175,b
test_0509.jpg,5.142904833509218e-05,0.00011612353061751332,0.00013979864740304725,0.9996926183424377,d
test_0510.jpg,0.6484355044965362,0.015249741713835238,0.3263475666315079,0.009967219795475483,a
test_0511.jpg,8.136474413398145e-06,0.9999197145617675,5.8745875246089364e-05,1.3414778100510257e-05,b
test_0512.jpg,0.9997084523983002,7.981166027804575e-05,0.00019145821470770329,2.0297725520020552e-05,a
test_0513.jpg,6.216637138881185e-05,4.2726279576721336e-05,4.2726279576721336e-05,0.9998523490074158,d
test_0514.jpg,0.002180034723679282,0.00042679919890540317,0.0006764022753274351,0.9967168067787171,d
test_0515.jpg,3.327472062676568e-05,0.9998365882637024,9.684747807766267e-05,3.327472062676568e-05,b
test_0516.jpg,0.00020962052735818058,0.00013776804565897272,0.999553590934372,9.908287581887775e-05,c
test_0517.jpg,2.049920096969115e-05,4.037467809611155e-05,3.770765209611155e-05,0.9999013501907348,d
test_0518.jpg,0.0001122848458630389,0.00018089366426326083,9.184378707943375e-05,0.9996149843846893,d
test_0519.jpg,0.008090575579954743,0.9903806828273773,0.0013237854359562516,0.00020494571869618432,b
test_0520.jpg,6.604832012830204e-05,3.770671533849182e-05,0.9998760839134216,2.0182951763717247e-05,c
test_0521.jpg,6.651441096478425e-05,0.0001715020488646862,0.0006310711337593079,0.999130889749527,d
test_0522.jpg,0.0020145355974894286,0.029896685945925712,0.9656802730370331,0.0024084943763380885,c
test_0523.jpg,3.770538026326809e-05,0.9998411532637024,0.00010249385925179489,1.856462033306914e-05,b
test_0524.jpg,0.9977112093453216,0.0003569776024039737,0.0005977671394422743,0.0013340933951484562,a
test_0525.jpg,0.00014909003385744319,0.0001944289638574432,0.9995860744856262,7.042487582480474e-05,c
test_0526.jpg,0.4392648447871399,0.07449088808976555,0.4775461619721341,0.008698097903509141,c
test_0527.jpg,0.0013052684093236328,0.0002166217180957265,0.0002628446580957265,0.99821521383667,d
test_0528.jpg,0.9997402450496673,0.0001491125880721061,9.044135468782284e-05,2.0180193160026094e-05,a
test_0529.jpg,0.9995666440419007,0.00015141695452150852,9.682050020725407e-05,0.00018511661682065307,a
test_0530.jpg,0.00019594014967153482,0.9993396114028931,0.00040517016262002736,5.928226657852352e-05,b
test_0531.jpg,1.8922976646561634e-05,0.9998663594718933,0.00010249646942000923,1.2241457712278612e-05,b
test_0532.jpg,1.1565644237359469e-05,0.9997386396778107,0.0001088803073229468,0.00014089839382614062,b
test_0533.jpg,0.00026102130990915537,0.0005985788286902815,0.9990919790195465,4.8378753655538744e-05,c
test_0534.jpg,0.0002371433458635627,0.000268923237151005,0.0013174362274857281,0.9981765149982452,d
test_0535.jpg,1.906841767946388e-05,0.9997337348644257,0.00019146299699576556,5.5713125899129867e-05,b
test_0536.jpg,0.0011049804270521343,0.00026903553008645264,0.9985220677394867,0.00010395087206970557,c
test_0537.jpg,1.8923127526349705e-05,4.8416300611430664e-05,5.8287336274141534e-05,0.9998742918205261,d
test_0538.jpg,0.0020843805211020767,0.0004650881037307832,0.0005971849753166512,0.9968533224514007,d
test_0539.jpg,0.0009178839903998316,0.9987834587333679,0.00026094070410932746,3.766524710240185e-05,b
test_0540.jpg,0.00012430721586574443,0.0002784998797081226,0.9994574209342957,0.00013976576270656303,c
test_0541.jpg,1.0803332433264684e-05,0.9998924734710694,7.982643466674044e-05,1.683055064344637e-05,b
test_0542.jpg,0.00011779126852747113,0.00013962854190725893,0.9984761940097808,0.0012663754673609019,c
test_0543.jpg,0.0015862282464407266,0.001311996047530949,0.008244831136898875,0.9888569109214782,d
test_0544.jpg,1.0972411221506893e-05,0.9998996736106873,7.542968418312193e-05,1.3871846024762599e-05,b
test_0545.jpg,9.608210887885888e-05,0.00010887529454951659,0.9996926182719421,0.00010247866187885888,c
test_0546.jpg,3.07521532099428e-05,4.9174995145261436e-05,0.9999028470970154,1.7224584513560478e-05,c
test_0547.jpg,0.11241743455599784,0.001504116273215705,0.8828942544658661,0.0031842139044867632,c
test_0548.jpg,0.9997228250026703,0.0001315891553803471,0.00012337559538034708,2.221728398599201e-05,a
test_0549.jpg,6.216588197508379e-05,5.828556466672587e-05,3.5628525478518024e-05,0.999843895938568,d
test_0550.jpg,2.0184437579079333e-05,2.4489685485614915e-05,0.9999498098396301,5.4643873241179865e-06,c
test_0551.jpg,0.9995179792906952,0.00018087652887309447,0.00019142139234439015,0.00010970716495009481,a
test_0552.jpg,1.2242663534098166e-05,1.670110757017979e-05,0.9999644740019227,6.553025934078586e-06,c
test_0553.jpg,0.00014901510170674996,0.0005201133281003416,0.9990851900494384,0.0002456843482447526,c
test_0554.jpg,0.011278916870383359,0.0013189424006674886,0.0004281979316683933,0.9869738824321748,d
test_0555.jpg,0.9997228739078522,0.0001596557826499863,8.106094892406717e-05,3.64576922269406e-05,a
test_0556.jpg,0.00013978513007949906,0.9995959400565337,0.0001794876421727498,8.478396096911424e-05,b
test_0557.jpg,0.0001315623789580701,0.00016892943885425644,0.9995200141662597,0.00017947401885425642,c
test_0558.jpg,0.0561477080032599,0.0017639977051870585,0.0002638709836324713,0.9418244060812377,d
test_0559.jpg,1.4850148791495557e-05,0.9997088597939301,0.00019145836177045835,8.47935372638123e-05,b
test_0560.jpg,9.009127507784097e-06,0.9999360423292541,4.2729867248267466e-05,1.2242312667085303e-05,b
test_0561.jpg,9.309755277491547e-05,0.9989144490718842,0.00040666041365289155,0.0005857796180567241,b
test_0562.jpg,0.000624931522925815,0.0013229801486976266,0.0009163699868605745,0.9971356961711884,d
test_0563.jpg,1.6831570970807156e-05,2.0184523920374527e-05,0.9999539736770631,8.93936510137002e-06,c
test_0564.jpg,0.0010143406680126071,0.0006152287125981361,0.023609589724794863,0.9747608696323395,d
test_0565.jpg,0.9990665318589782,0.00041138744725266756,0.0004303404381450951,9.17929501539395e-05,a
test_0566.jpg,0.00035756021608631164,0.00010883713521799281,0.9993422011637115,0.00019138843482688518,c
test_0567.jpg,0.06658591977160111,0.9329944530506133,0.00034140464976933064,7.825400835461213e-05,b
test_0568.jpg,0.9956571811222077,0.0006655339952127904,0.0022462292600144386,0.0014310946481023669,a
test_0569.jpg,6.777080431597918e-06,0.9998988563781739,5.8744652182988094e-05,3.5630429979817914e-05,b
test_0570.jpg,5.8285811987100674e-05,6.604647102838443e-05,0.9998481136825561,2.7532269043402587e-05,c
test_0571.jpg,0.00012720574815172734,0.00015960173764934958,0.0003204924427302891,0.9993927082359314,d
test_0572.jpg,7.541709381572753e-05,9.608593511814073e-05,9.608593511814073e-05,0.9997324336078643,d
test_0573.jpg,3.119913996156555e-05,4.03738283576441e-05,4.8416561037021343e-05,0.9998799566339112,d
test_0574.jpg,0.0012330114200219096,0.004544494809036017,0.006703388430006671,0.9875190620674134,d
test_0575.jpg,0.9980307881744385,0.0005440091169837576,0.0012657723022213578,0.00015937812538610027,a
test_0576.jpg,3.646023565334567e-05,0.00011795121117241495,0.9997925478227234,5.304932389766716e-05,c
test_0577.jpg,3.532477243711751e-05,0.0005525723965176105,0.9990743209659576,0.00033777213102334914,c
test_0578.jpg,0.0007958001752764195,0.0035938574931126833,0.23620680502355337,0.7594035409572601,d
test_0579.jpg,4.573949277281222e-05,0.00024582584048169496,0.9996626949003601,4.573949277281222e-05,c
test_0580.jpg,3.3269343412505345e-05,0.0002169433575227435,7.482750165620503e-05,0.9996749163421631,d
test_0581.jpg,0.9997537713532256,5.183419044806592e-05,0.00018515275653385358,9.261791126081724e-06,a
test_0582.jpg,8.727712320552316e-05,0.0020541956633313894,0.997689931167221,0.00016861864301316424,c
test_0583.jpg,4.00567515662091e-05,0.9997868549764252,0.00013981183198087335,3.3273095639561935e-05,b
test_0584.jpg,5.231198992900821e-06,0.999931097909851,4.917645169383485e-05,1.4526731495844345e-05,b
test_0585.jpg,3.218081405941174e-05,2.3229375185966104e-05,0.9999335931655884,1.0972779868444196e-05,c
test_0586.jpg,3.119441141331974e-05,0.0001315898963831179,0.00010887919436956379,0.9997283835373687,d
test_0587.jpg,0.9994656168328094,0.0002785021358078256,0.00021689767998718008,3.898242530776946e-05,a
test_0588.jpg,0.0002046250000851314,0.00023187050352951958,0.9979567504943847,0.0016067409809863925,c
test_0589.jpg,0.9995761581737519,0.00012335749432395725,0.00015963318771861984,0.00014087586112737237,a
test_0590.jpg,0.9998037812786102,8.546483748896115e-05,8.48015880607944e-05,2.5913535106443165e-05,a
test_0591.jpg,4.574506381088506e-05,5.4857812662897256e-05,0.00011613398630422473,0.9997832181171418,d
test_0592.jpg,9.609018944511496e-05,9.609018944511496e-05,0.9997766606980133,3.119591582668516e-05,c
test_0593.jpg,0.00012428456617740423,0.00043379576442648473,0.00015958454083892524,0.9992823595104218,d
test_0594.jpg,0.9995706998090362,0.00012158276946690872,0.00020045610320967643,0.00010729642962669629,a
test_0595.jpg,0.0009176585488337994,0.00040484130752911564,0.00013348634513391338,0.9985440452552796,d
test_0596.jpg,0.0003378226524907371,0.00010243041372737229,0.9992245424976349,0.0003352024775646457,c
test_0597.jpg,0.9996992540737152,0.000131586050636909,0.00013979958087329848,2.9360817195034163e-05,a
test_0598.jpg,0.9993486227340698,0.0003575621060586035,0.00019138919854592057,0.00010244361289875984,a
test_0599.jpg,0.9998453707519531,4.841487993237648e-05,9.045089966511164e-05,1.5718009987150735e-05,a
test_0600.jpg,9.68306923770972e-05,0.0001491013458732985,0.9996665540737152,8.745255417508748e-05,c
test_0601.jpg,0.9997640784420013,0.00013159453576339276,7.981611614862278e-05,2.4485101655013366e-05,a
test_0602.jpg,1.0701631349312531e-05,0.9999011038650513,6.656655775384724e-05,2.161099659130459e-05,b
test_0603.jpg,0.0005200791375192613,0.00035744552890119104,0.99902006986557,0.00010240965320227564,c
test_0604.jpg,2.7529790421276354e-05,4.538894906179946e-05,0.00016896976691154896,0.9997581371868134,d
test_0605.jpg,5.874264721503943e-05,5.143784071503943e-05,0.9998634947746277,2.6320566172568276e-05,c
test_0606.jpg,0.9998692300773621,4.5749033264183846e-05,6.216741072243468e-05,2.287011371324312e-05,a
test_0607.jpg,0.9994141562549591,0.00027848753736887694,0.0002049386325076428,0.00010244984165548113,a
test_0608.jpg,0.0005172450133000494,0.0010947613397654294,0.004924757050571418,0.9934632461554718,d
test_0609.jpg,0.000984554922053322,0.0010379951842880953,0.9967327125866698,0.0012447395042880951,c
test_0610.jpg,1.4852425875867172e-05,0.9998623052391052,9.684998036747433e-05,2.591504759136028e-05,b
test_0611.jpg,0.0006655602757267994,0.002323051803251982,0.0013313725800806523,0.9956800518909454,d
test_0612.jpg,0.02206999140004349,0.0009073903133683681,0.000980705937130574,0.9760418830169677,d
test_0613.jpg,3.8288600913319745e-05,0.00015143433638311788,0.00013364034636956378,0.9996766735373688,d
test_0614.jpg,5.182316140173838e-05,0.9995361880590057,0.0002959074395214215,0.00011610531458081916,b
test_0615.jpg,0.999098064972,0.0005893699699409485,0.00024952690997658223,6.30902849219965e-05,a
test_0616.jpg,9.660673815956902e-05,0.9973719117008208,0.0023269634567788006,0.00020451646442066042,b
test_0617.jpg,0.0002781033546548015,0.0016003744182327448,0.9980406107955933,8.092322259477094e-05,c
test_0618.jpg,0.9998369795437623,4.5392528814120967e-05,7.483963886483952e-05,4.272563881412097e-05,a
test_0619.jpg,7.424957751720719e-06,0.9998854990751648,8.547181403468266e-05,2.161065739114171e-05,b
test_0620.jpg,0.00011145052504133642,0.006454930626315689,0.9932968937449647,0.00013672023198301418,c
test_0621.jpg,3.770501837598199e-05,0.00010409610949298449,0.9998323091705322,2.5914257061939155e-05,c
test_0622.jpg,9.683296698993521e-06,0.9999171990737915,6.217040834406704e-05,1.0972613050290246e-05,b
test_0623.jpg,7.483867001365818e-05,5.828441145963596e-05,4.27250907758164e-05,0.9998241670444489,d
test_0624.jpg,0.00022191129224281877,0.000268977839379192,0.9990592892557526,0.00044979409667511344,c
test_0625.jpg,0.0011780047345757126,0.0002628483910174331,0.998290150585556,0.0002690122141037914,c
test_0626.jpg,2.429854813410657e-05,0.9999060530052185,5.4864598964849976e-05,1.4737814097358267e-05,b
test_0627.jpg,0.00029364996507113785,0.9972823247982026,0.0022476213880185366,0.00017644429084470422,b
test_0628.jpg,3.143401322203353e-05,0.00013157168680859625,0.0002458082535240886,0.9995912018024444,d
test_0629.jpg,0.0012837369195225238,0.14038046640090107,0.07605707387858271,0.7822787186154938,d
test_0630.jpg,0.00010326273792185851,0.9922511095474242,0.007462017206734419,0.0001836610177637355,b
test_0631.jpg,2.0499573961979413e-05,0.9999204270748902,4.682217339655327e-05,1.2242112679860511e-05,b
test_0632.jpg,0.00023040017734139414,0.0001794358322190669,0.00028281247980750353,0.9993074007724763,d
test_0633.jpg,0.9974536321542358,0.000666744166224128,0.0009095600050976455,0.0009701070550976455,a
test_0634.jpg,0.9991463393154144,0.0006678781654248834,0.0001583260517379984,2.7512945090028833e-05,a
test_0635.jpg,0.001140943032982981,0.019367081800889016,0.9744324106587219,0.005059542247777068,c
test_0636.jpg,9.682695228842903e-06,0.9998572976112365,0.00010974479704299196,2.32275787978656e-05,b
test_0637.jpg,0.9998881832623291,6.216859397255637e-05,4.0374152577282314e-05,9.263073502099724e-06,a
test_0638.jpg,0.0029789127698697567,0.0021435268053980354,0.9944207656715394,0.00045683107120544523,c
test_0639.jpg,0.9998250955902099,7.982101752058521e-05,7.982101752058521e-05,1.5211830832240504e-05,a
test_0640.jpg,0.00011651288380698934,0.0003658466657290831,0.000591701252136673,0.9989259330921173,d
test_0641.jpg,0.9997379538829804,0.00016339390439745874,8.106194573026031e-05,1.7640953737948833e-05,a
test_0642.jpg,0.00014904003426941155,0.00021685196293581827,0.0003798454869150081,0.9992542576317596,d
test_0643.jpg,5.486287930828988e-05,6.216776680828988e-05,0.9998743995880127,8.54512239830799e-06,c
test_0644.jpg,0.9939430603172302,0.004944212435229778,0.0008230831100133613,0.00028967418052109424,a
test_0645.jpg,1.3108156965599375e-05,0.9999335433052063,3.379854514303472e-05,1.9518657103735345e-05,b
test_0646.jpg,3.1197169145103556e-05,0.9998167752307892,0.00013981600872985304,1.2240854424461638e-05,b
test_0647.jpg,2.4478930872741836e-05,0.9995112401187134,0.00043053201992432984,3.378429435917649e-05,b
test_0648.jpg,2.506040278898216e-05,0.9998537897276306,8.546902453998089e-05,3.5628788053741754e-05,b
test_0649.jpg,2.9366966154230394e-05,4.841793977053987e-05,0.9999083280052186,1.3871971597358268e-05,c
test_0650.jpg,0.9994336981349945,0.000261110601439017,0.00023042930057739987,7.48094461161967e-05,a
test_0651.jpg,2.1610869307904637e-05,3.770740750508282e-05,4.575020833329495e-05,0.9998949238899231,d
test_0652.jpg,0.00015140949438117074,0.999511296011734,0.00027851454762791903,5.8721588949275696e-05,b
test_0653.jpg,2.1439990658640688e-05,0.999747347864151,0.0001596599100708665,7.15379302418892e-05,b
test_0654.jpg,0.9994311165908814,0.00020494229692345143,0.00031557322296461615,4.8394975371016055e-05,a
test_0655.jpg,7.425279846942713e-06,0.9999281773292541,5.486581191821652e-05,9.534252007784097e-06,b
test_0656.jpg,2.934662206496521e-05,0.9992216628501892,0.0006311297101674407,0.00011788258341791212,b
test_0657.jpg,7.981554516438146e-05,0.9997555532802582,0.00010248512246956547,6.216036440193571e-05,b
test_0658.jpg,0.004898523403693199,0.9761172584785461,0.0018995682675188423,0.017084705201229573,b
test_0659.jpg,9.040912115882278e-05,0.00023041767225108088,0.0002958621645659414,0.99938329895195,d
test_0660.jpg,3.627672683300422e-06,0.9999429471191406,3.770923818160412e-05,1.571954933221945e-05,b
test_0661.jpg,0.9956106191299439,0.001621144492450273,0.0024316820025595664,0.0003365577150836438,a
test_0662.jpg,0.9991659076469421,0.00035749638333073706,0.0002957978299657989,0.0001808128931930852,a
test_0663.jpg,0.0007078456424558371,0.968186515119934,0.001007287379663387,0.030098362736079694,b
test_0664.jpg,9.68310786001638e-06,0.9998988982139587,7.54296074358806e-05,1.596474606853202e-05,b
test_0665.jpg,0.0001336320887664932,0.9996131345699311,0.0002049794194626361,4.830928064812141e-05,b
test_0666.jpg,0.9998374026596069,6.604576685348645e-05,7.982202781708052e-05,1.6698984755103208e-05,a
test_0667.jpg,0.9998011592313385,0.00011613615803965032,4.005732407924876e-05,4.2724126253893306e-05,a
test_0668.jpg,1.0866202060931803e-05,0.9998566363090515,9.684940598630085e-05,3.562890195879474e-05,b
test_0669.jpg,3.5630025893754334e-05,0.999885794796753,5.486349277388169e-05,2.36540507993482e-05,b
test_0670.jpg,4.539073038160326e-05,4.8412574381603264e-05,0.00010888670200134575,0.9997973420223236,d
test_0671.jpg,2.1441933160269488e-05,0.999837923287201,0.00011614039043215043,2.4486929660269487e-05,b
test_0672.jpg,0.00013158457952150852,0.00011793879682065307,6.508794020725406e-05,0.9996853640419006,d
test_0673.jpg,0.00035673299812712014,0.002052856677432704,0.9970389677829743,0.0005514466630498242,c
test_0674.jpg,0.00035759338324245065,0.00014906733695432573,5.8261732427453265e-05,0.9994350866821289,d
test_0675.jpg,0.0010561432232609213,0.9921098670200348,0.0032558773666624425,0.0035781069753947495,b
test_0676.jpg,5.485899137111273e-05,0.00012435052798364415,0.9998030196971893,1.7810105659056286e-05,c
test_0677.jpg,0.0001215563877099499,0.0004115024786283374,0.0001160830104038056,0.999350863993454,d
test_0678.jpg,3.7336218159448726e-06,0.9999163735858154,6.605098295503289e-05,1.3872087217615126e-05,b
test_0679.jpg,6.65561745796045e-05,0.9997469078144073,0.00012434330410354742,6.215974457960449e-05,b
test_0680.jpg,2.505612373238182e-05,0.00026321887809733883,0.9996884751422882,2.3223556232381817e-05,c
test_0681.jpg,0.9998618382167053,5.8286609345780055e-05,6.604738077573531e-05,1.3844283892573564e-05,a
test_0682.jpg,9.53392875365219e-06,0.9998949069587708,7.982661207021641e-05,1.5718791502411248e-05,b
test_0683.jpg,1.0577563319870782e-05,0.999821932333374,0.0001336604274021583,3.379464867388336e-05,b
test_0684.jpg,0.00045989559823558063,0.0009735989050211311,0.012223435848540068,0.9863430948707581,d
test_0685.jpg,0.0008369621066016841,0.7785971477489471,0.21505500545977022,0.005510939047571897,b
test_0686.jpg,0.9998467578213501,6.216599798375885e-05,6.656292298375886e-05,2.4487130998411172e-05,a
test_0687.jpg,0.00011229324110162638,0.00010408050610162638,0.9996928061168671,9.082174682002835e-05,c
test_0688.jpg,0.9991918197660827,0.00012718254086171136,0.0006262201699880152,5.482530127440342e-05,a
test_0689.jpg,0.9997932928130341,9.609178721854515e-05,9.04462043586751e-05,2.0181275292609477e-05,a
test_0690.jpg,0.8013617275093079,0.012369823231606961,0.0012429775177123337,0.1850254833258152,a
test_0691.jpg,1.5785637048595027e-05,0.9998828140502929,8.741541066752382e-05,1.3930776059173684e-05,b
test_0692.jpg,6.0088981759032345e-05,0.0003918293658223164,0.00012720835987902731,0.9994209403606416,d
test_0693.jpg,0.002674523839180696,0.000490035280036015,0.0007074246219740528,0.9961280474632264,d
test_0694.jpg,0.0005129632893805637,0.012208251653464794,0.002170708921876502,0.9851080844127655,d
test_0695.jpg,0.00010886127011773832,0.00016893693001904472,0.0001583922047909437,0.9995638115937042,d
test_0696.jpg,3.827650815057022e-05,0.9993479863959502,0.0003352439073346314,0.00027846978604027393,b
test_0697.jpg,5.828483899516971e-05,5.143619251129134e-05,5.874073008698328e-05,0.9998314629512787,d
test_0698.jpg,0.0003574176623737633,0.000391644563443026,0.9989528275527955,0.00029804238711041956,c
test_0699.jpg,2.2869928217684838e-05,5.82865323102463e-05,5.82865323102463e-05,0.9998605273098755,d
test_0700.jpg,1.3869823705981928e-05,0.9997533690944671,0.00020341818729991808,2.9362420707788313e-05,b
test_0701.jpg,0.9999007682609558,5.828887698261685e-05,2.9366748975920285e-05,1.1567542355094726e-05,a
test_0702.jpg,3.3277236173382676e-05,3.770805061584031e-05,0.9999111867721557,1.781201992221764e-05,c
test_0703.jpg,0.9594806143862915,0.0007752441043999822,0.0011959700048522412,0.038548205145017625,a
test_0704.jpg,0.9326209704818725,0.01025340315963328,0.028162713229620932,0.028962894166574955,a
test_0705.jpg,0.0018922757723222137,0.001147723245336354,0.9948800307395935,0.0020799756881634355,c
test_0706.jpg,3.327554938022919e-05,0.9998609425186158,7.98238894511465e-05,2.591502304694309e-05,b
test_0707.jpg,0.0002495168209197056,0.0002495168209197056,0.00043369930680371824,0.9990672483601379,d
test_0708.jpg,0.0003352636427140826,0.00014906291222474173,0.00010884417134724736,0.9994068064498902,d
test_0709.jpg,1.683073426648806e-05,5.1439926899635245e-05,0.9999041049819946,2.753381069107923e-05,c
test_0710.jpg,0.9995422107089996,0.0004052494026848069,3.7694064284217606e-05,1.4847645037217641e-05,a
test_0711.jpg,7.043849146652796e-05,0.00010248749526622012,0.9997779030231475,4.916899184966475e-05,c
test_0712.jpg,0.00029410481344961377,0.00046832191512591185,0.9750338783627319,0.024203655903411864,c
test_0713.jpg,0.0004296595453186417,0.0011679356656018377,0.9974857264658356,0.0009166916326320499,c
test_0714.jpg,0.000140842799021602,0.00035756180240813283,0.9993502697288513,0.00015138466402160199,c
test_0715.jpg,0.4548607013328314,0.5430398579972839,0.001898786581213075,0.00020068472109097287,b
test_0716.jpg,0.9998295627992249,4.2725299847137335e-05,0.00011613941161650285,1.1566707667707055e-05,a
test_0717.jpg,0.0006829859858109922,0.9785513954021454,0.012646938902340173,0.008118732641042948,b
test_0718.jpg,8.545779934391697e-06,0.9999521371882629,2.7750507436143496e-05,1.1568132341484066e-05,b
test_0719.jpg,0.0037470505219984055,0.4384262615235901,0.0017151083539806307,0.5561115847633362,d
test_0720.jpg,0.004911648130349446,0.15004840727462768,0.010618430878115773,0.8344215192882538,d
test_0721.jpg,2.6320771240864977e-05,2.9365942240864977e-05,7.044523251667239e-05,0.9998738154492188,d
test_0722.jpg,0.0008033293051981211,0.998255701040268,0.000756128080198121,0.00018487351237849922,b
test_0723.jpg,4.841413077581639e-05,9.68468366026488e-05,0.9998288420444488,2.5914217241849848e-05,c
test_0724.jpg,2.018167450027039e-05,5.143520298798284e-05,0.00011613742919811026,0.9998122476499176,d
test_0725.jpg,2.0499192953309676e-05,6.314196283688017e-05,0.9999022340972901,1.4088875467962986e-05,c
test_0726.jpg,0.9997295979526519,0.00012160434387505657,7.153618489052485e-05,7.718097739052485e-05,a
test_0727.jpg,0.0001243280874135784,6.215205561025185e-05,0.9996220391593933,0.00019144199157898335,c
test_0728.jpg,2.5914804493642456e-05,0.9998524203330994,9.045155275394604e-05,3.1198282266129885e-05,b
test_0729.jpg,0.00024956625464176384,0.0003828131886365393,0.9992579573013305,0.00010967781487377539,c
test_0730.jpg,4.840941628030022e-05,0.00010248273432465963,0.00011612815441340998,0.999732960048294,d
test_0731.jpg,6.81015708864364e-05,0.0002916682597553417,0.9995894924922943,5.0684341186986566e-05,c
test_0732.jpg,0.5292051863645935,0.0013266453948590994,0.0014809837948590993,0.4679872174905137,a
test_0733.jpg,0.00027383708699415475,0.9915773933914185,0.0010951476734881193,0.007053629199555516,b
test_0734.jpg,0.9997913765094757,0.00011795133816410251,7.54213322071952e-05,1.5211308882770326e-05,a
test_0735.jpg,2.2871224110554067e-05,4.2729070765473366e-05,0.9999175030273437,1.683095062095227e-05,c
test_0736.jpg,0.9996024331890105,0.00015612055888040364,0.00019224907568629682,4.9159283567351114e-05,a
test_0737.jpg,6.810949141447212e-05,0.00011612236678602763,0.00013158387991840824,0.9996841111431122,d
test_0738.jpg,0.04616161192722559,0.9509345829563141,0.001508479904638052,0.0013952700786976219,b
test_0739.jpg,0.9283881502799225,0.011984371106184007,0.05505912424162674,0.004568445529693961,a
test_0740.jpg,2.9825409046657585e-05,0.9998772787033081,7.542795016937743e-05,1.7440459299192055e-05,b
test_0741.jpg,2.4299513779012402e-05,2.144424694563944e-05,0.9999458279098511,8.414094282000787e-06,c
test_0742.jpg,0.999497406817627,0.00013977134974763842,0.00033529402785865156,2.7522612036030873e-05,a
test_0743.jpg,0.9996974670734405,0.00019145615189873933,7.981079759899157e-05,3.119344730533307e-05,a
test_0744.jpg,0.0003461331778823554,0.9680891655870056,0.031186269598737718,0.00037850506673208417,b
test_0745.jpg,4.0040383977056344e-05,0.9993782936643982,0.0002610961084144166,0.00032049085636455326,b
test_0746.jpg,0.00012723223491276385,0.00018088940846477464,0.9995928419711304,9.90885661465072e-05,c
test_0747.jpg,5.1437273133703076e-05,5.8286065618966855e-05,0.9998524765426635,3.770582914305616e-05,c
test_0748.jpg,0.00015959283450887857,0.00010404314396798297,0.999331201632309,0.0004051629824826473,c
test_0749.jpg,0.9981377734049988,0.00036538684624658885,0.0003449449227410701,0.0011518993172036243,a
test_0750.jpg,7.49551917689237e-05,0.9994415069255066,0.0003049542435862744,0.00017856773319540508,b
test_0751.jpg,0.002075315847008592,0.1809082322584915,0.8129484635616302,0.004067971418222547,c
test_0752.jpg,0.00010242200841539413,0.00045902443397982,0.000298103577901898,0.9991404797328949,d
test_0753.jpg,9.607673582230064e-05,0.00015840373908449976,0.00010886920031528957,0.9996366500427246,d
test_0754.jpg,0.9997141652584076,0.00019145930133622767,4.98721274439615e-05,4.452848954912245e-05,a
test_0755.jpg,2.2220338842429474e-05,0.999858845891571,7.044420254666452e-05,4.841554889189381e-05,b
test_0756.jpg,5.183309676846825e-06,0.9999575152114868,3.120155986409111e-05,6.192012121592429e-06,b
test_0757.jpg,0.9999217270500182,4.339768185984391e-05,2.7749642988344227e-05,7.084476080453325e-06,a
test_0758.jpg,0.9996199367305756,0.0001088673817739708,0.0001914412944746661,7.98046056453976e-05,a
test_0759.jpg,0.999736905001297,7.256516976549766e-05,0.00012434214554054896,6.6168063321976e-05,a
test_0760.jpg,6.29706846623259e-05,0.002362957502509236,0.0002975299949669331,0.9972765169742583,d
test_0761.jpg,3.327562816220844e-05,8.480659399714071e-05,0.9998627892631531,1.9070938059096545e-05,c
test_0762.jpg,1.7812416347808313e-05,4.037600945617633e-05,0.9999338457008362,7.950507543499328e-06,c
test_0763.jpg,0.330863563527359,0.6683115674760437,0.00047469126137734887,0.00035021150150031687,b
test_0764.jpg,0.9992835509010315,0.00043043392155274127,0.00019137658730403631,9.46641119485873e-05,a
test_0765.jpg,0.0003455461606631565,0.00020972394696895273,0.99940138842659,4.3373580972836835e-05,c
test_0766.jpg,0.0006037568854376257,0.9633496748550415,0.034260101402459144,0.0017864864204609097,b
test_0767.jpg,0.9994724600177765,0.0003352856712397501,0.00011609785856569156,7.613096037207033e-05,a
test_0768.jpg,0.9992174515866852,0.00027843303443463594,0.00037983151329659345,0.00012427737188384815,a
test_0769.jpg,0.9998955640281677,4.917472635626417e-05,4.841730156032984e-05,6.777057921700977e-06,a
test_0770.jpg,9.044067904669695e-05,0.00013980415758674443,3.7701299362461006e-05,0.9997320178862763,d
test_0771.jpg,3.4841733367888905e-05,0.999769540497589,0.00016339908525026887,3.21751853678889e-05,b
test_0772.jpg,0.9980487232203674,0.0015474730047355533,0.00016965966033108905,0.00023414749320602044,a
test_0773.jpg,7.982054976100907e-05,5.485980893688201e-05,0.9998194919158936,4.574673932798505e-05,c
test_0774.jpg,0.0004050851722124955,0.0004050851722124955,0.9991384297992707,5.1400539029479285e-05,c
test_0775.jpg,4.339540824641697e-05,7.98245384246878e-05,0.9998692852169799,7.424849731458006e-06,c
test_0776.jpg,6.3127465056044e-05,0.0001336408301089503,0.9996788820664978,0.0001243344655908257,c
test_0777.jpg,0.00011611186737804465,0.00014909059107444422,0.9995938739036561,0.00014087773022615523,c
test_0778.jpg,0.9995872302196502,0.00010886381873012461,0.00026115068867225196,4.271496534143653e-05,a
test_0779.jpg,0.0005524964852166027,0.00027835464803364576,0.00023211513495610925,0.9989370681873322,d
test_0780.jpg,5.1514902350324915e-05,0.9994090791012573,0.00043048801275613396,0.00010884441898245536,b
test_0781.jpg,0.99966912341156,9.043485269804302e-05,0.00011612065087600402,0.00012433361087600404,a
test_0782.jpg,0.9993368168701171,0.0004591128229572797,0.00012429195834284774,7.97818432306236e-05,a
test_0783.jpg,0.9995539553813935,0.0001243188710199363,0.00014087172062485218,0.00018088287312508836,a
test_0784.jpg,0.9998742795410156,4.037358502088782e-05,7.044526494117883e-05,1.485261139807577e-05,a
test_0785.jpg,0.00109604593323102,0.20988569014270783,0.018129566088204385,0.7708887075641633,d
test_0786.jpg,0.7152811898666382,0.034402011406621934,0.24860271251106264,0.0017141036866167901,a
test_0787.jpg,0.8865038468032074,0.00931927673476839,0.0009430240329210877,0.10323380170972823,a
test_0788.jpg,0.9998049069988251,7.483723155726098e-05,8.48016860854883e-05,3.535060393319544e-05,a
test_0789.jpg,7.950568233393363e-06,0.9999412183052063,3.770917122463591e-05,1.3108270715599376e-05,b
test_0790.jpg,0.0010336229135495037,0.00019302765471148578,0.9929059353897094,0.005867442948643684,c
test_0791.jpg,3.119898426001726e-05,4.5394253739140626e-05,4.8416333648128133e-05,0.9998749346115112,d
test_0792.jpg,7.376068046932207e-05,0.9997742153980256,6.655787909092253e-05,8.546200896932207e-05,b
test_0793.jpg,7.042699590168372e-05,0.9996133165315246,0.00027854361729066674,3.769677800434717e-05,b
test_0794.jpg,7.482430724365402e-05,0.9996322180397034,0.00011611612076940276,0.00017691648155475825,b
test_0795.jpg,1.3107878873015968e-05,0.999911609236908,6.217006008310549e-05,1.3107878873015968e-05,b
test_0796.jpg,0.9540790234313965,0.00045549580759536026,0.0005665726785057112,0.044898986199593545,a
test_0797.jpg,6.604718898339622e-05,5.4862006507378516e-05,0.999858912286377,2.018260346860735e-05,c
test_0798.jpg,0.9984984123703766,0.0006167263287159562,0.0007918922684544057,9.297472118377723e-05,a
test_0799.jpg,1.571893134805097e-05,3.770775548339765e-05,4.272848514110522e-05,0.999903799283905,d
test_0800.jpg,0.0002626671758114195,0.0004044719387635851,0.001674966129143834,0.9976579381069184,d
test_0801.jpg,0.999147665487671,0.0003574907744131544,0.00031548460473451105,0.00017940714874458446,a
test_0802.jpg,0.0001408428357784073,0.0002457484214813951,0.00026312909148139507,0.9993502872406006,d
test_0803.jpg,7.718047371008527e-05,0.9997202575351716,0.0001716051539014934,3.096030027795461e-05,b
test_0804.jpg,0.33349257850204467,0.0013310020053260028,0.004099774404701447,0.661076675712204,d
test_0805.jpg,0.9997346987474822,8.4795730832109e-05,0.00014911178706933527,3.1438581732789164e-05,a
test_0806.jpg,0.0008286759864835262,0.00017928005346739038,0.9984398165130615,0.0005522214622218054,c
test_0807.jpg,6.656281798375886e-05,6.656281798375886e-05,0.9998453778213501,2.1442093498411174e-05,c
test_0808.jpg,0.00022012144598224402,0.0004239909615461403,0.9987642760168457,0.0005916180822580314,c
test_0809.jpg,0.727515283820343,0.0019253348587502182,0.2703434837155342,0.00021591839527980685,a
test_0810.jpg,0.9996469202957153,8.545111100045935e-05,0.00017159304161347896,9.607771621757157e-05,a
test_0811.jpg,0.00027850170792181195,0.0001596145084527719,0.9994650610725403,9.681108897531107e-05,c
test_0812.jpg,5.485723710460955e-05,0.00014911737691154897,0.9997715371868133,2.4485344054239224e-05,c
test_0813.jpg,4.53937320745115e-05,4.53937320745115e-05,0.9998634541000366,4.5748798552841836e-05,c
test_0814.jpg,0.9995089884681702,0.00023044664851887598,0.00010226008476586781,0.00015838351050341607,a
test_0815.jpg,7.981576440958433e-05,0.00014090133407765494,0.9997602126277924,1.9068921360890077e-05,c
test_0816.jpg,0.00013338921630165942,0.9978621964881897,0.001841381364409703,0.00016307346795124515,b
test_0817.jpg,0.9997126782276917,0.0001944526888116084,7.717991688668452e-05,1.5715877976131387e-05,a
test_0818.jpg,0.0002457198731484109,0.00041145644685321896,0.9992267523815155,0.00011606985501832597,c
test_0819.jpg,9.533861760983164e-06,0.9998878202156067,9.045476306352967e-05,1.2241729689234559e-05,b
test_0820.jpg,0.0002298809774136941,0.0020848489783298375,0.9970555320198059,0.0006297331625022322,c
test_0821.jpg,6.604790176073923e-05,4.272703878078701e-05,0.9998697658210755,2.144261556809328e-05,c
test_0822.jpg,4.004617209245684e-05,0.9995227135386657,0.000191422558710372,0.00024579140864813836,b
test_0823.jpg,4.0374192359029506e-05,0.9998886018661499,3.7707185359029514e-05,3.327649735902951e-05,b
test_0824.jpg,6.215910179807022e-05,0.9997362516780853,0.00011612849277904403,8.545897130249314e-05,b
test_0825.jpg,0.0027967719161218286,0.0006759744857887417,0.9957197008692933,0.0008075340543466716,c
test_0826.jpg,0.9997112077480317,0.00010887732893761709,0.00013980125184053557,4.0053724830269065e-05,a
test_0827.jpg,0.04339891024135446,0.004324917869409561,0.9255085296755982,0.026767623430573463,c
test_0828.jpg,0.002362686903342354,0.9971565248954772,0.0002028898185714926,0.0002778514152424744,b
test_0829.jpg,0.9997291244815063,0.00014089677383396625,8.545821741023641e-05,4.452905507078881e-05,a
test_0830.jpg,0.9951224945542145,0.0012008835784780353,0.0003725094302546441,0.0033041145452134373,a
test_0831.jpg,0.9999153680038453,3.144426426047584e-05,3.8298076331899174e-05,1.4853218748707162e-05,a
test_0832.jpg,0.00020444732974634141,0.9970211201053619,0.0017118475297366858,0.0010625629824701202,b
test_0833.jpg,5.48525384083595e-05,0.00020499521408194973,0.9996883066310882,5.1830907789754666e-05,c
test_0834.jpg,0.00048771334730733217,0.00012331324038510202,0.9992175204738617,0.00017151967881390257,c
test_0835.jpg,0.00012431868181341738,7.97989315530298e-05,0.0002457979883592925,0.999550003661728,d
test_0836.jpg,0.00409570975860548,0.0010596935090432435,0.00033619630301338346,0.9945083836463928,d
test_0837.jpg,0.0020477964873000147,0.0024653171392360926,0.9945799239696502,0.0009069394716635139,c
test_0838.jpg,6.809915420994992e-05,0.0002982212536283374,9.18370054038056e-05,0.9995418639934539,d
test_0839.jpg,4.272388994876798e-05,0.00012338464860789047,0.999796209254837,3.770369944957691e-05,c
test_0840.jpg,0.9857296999378204,0.0013178649058116258,0.010306276249049187,0.0026461817408167123,a
test_0841.jpg,3.562134229286442e-05,0.00023047766273777008,9.04326356908726e-05,0.9996435039022827,d
test_0842.jpg,3.974430774850157e-06,0.9999191612136841,6.605116842088453e-05,1.0803622439784512e-05,b
test_0843.jpg,0.00045887110000894515,0.0005567397500089452,0.9988037036421203,0.00018074693745586247,c
test_0844.jpg,0.00015836506108157902,0.0002322210732502304,0.0002168817132502304,0.9993925091814422,d
test_0845.jpg,4.272581664224723e-05,4.539272977524539e-05,7.044297058029964e-05,0.9998413924964904,d
test_0846.jpg,2.4486308544784783e-05,0.9998127237419892,0.00013160097286771,3.1197041336383e-05,b
test_0847.jpg,0.7894345024723053,0.001568728805378586,0.020079199693834305,0.18891759088610888,a
test_0848.jpg,0.005212424909995556,0.0003805350740058684,0.9933124183056641,0.0010947103850238084,c
test_0849.jpg,2.5915875128279445e-05,2.5915875128279445e-05,5.4863905659471225e-05,0.9998932346336364,d
test_0850.jpg,1.5963032280655704e-05,0.9997903211154937,0.00013159805532916204,6.216257483409077e-05,b
test_0851.jpg,0.0003372682004170448,0.001333921493237418,0.0006982414038012797,0.9976305751842498,d
test_0852.jpg,0.0034116886104115962,0.9899877636951446,0.0008026594884028798,0.005797880158313871,b
test_0853.jpg,0.00015964884368684725,0.00010731060544869065,0.9996812020899963,5.1830391521417456e-05,c
test_0854.jpg,1.341366301695304e-05,5.305206446816366e-05,9.186518953998088e-05,0.9998416747276306,d
test_0855.jpg,4.272482126580098e-05,0.999818264648819,0.00011613811536499575,2.2868973906478973e-05,b
test_0856.jpg,0.00020340082797082825,0.9996680567375182,0.00010407902138378083,2.448273259062949e-05,b
test_0857.jpg,1.4737524833340407e-05,0.9998864501686096,7.982594435839929e-05,1.8923356812576164e-05,b
test_0858.jpg,2.752944605037172e-05,0.00010888107211577267,0.00011794615061170049,0.9997456061403656,d
test_0859.jpg,3.535279942316999e-05,4.272691308837559e-05,5.4862446570948e-05,0.999867030657959,d
test_0860.jpg,0.0002304231263272032,0.0002828409148653537,0.9994069240459442,7.978792233836688e-05,c
test_0861.jpg,6.653590924839047e-05,0.00014906837075574683,0.00033789723346527606,0.9994465033119202,d
test_0862.jpg,0.999811107579422,9.60934944550562e-05,6.429352334692206e-05,2.8530079538755715e-05,a
test_0863.jpg,0.9990366997714997,0.00023213391286744327,0.0006457601722860783,8.539729971556793e-05,a
test_0864.jpg,0.9998009284420013,8.480134398557068e-05,9.186166060770362e-05,2.2392272312228022e-05,a
test_0865.jpg,0.00013157745661979733,0.0001794944996107249,5.484964638203679e-05,0.9996340849957275,d
test_0866.jpg,0.00024580663544975564,7.980189895411815e-05,0.9995839466144562,9.042721695411816e-05,c
test_0867.jpg,1.7811326738436233e-05,0.9998730947967529,9.685104663120669e-05,1.2241535019328262e-05,b
test_0868.jpg,2.9957744720811063e-06,0.9999542169090271,3.379927787428964e-05,9.009288263398453e-06,b
test_0869.jpg,0.0005697363541633016,0.9988288663043976,0.0005024402941633016,9.893636153743058e-05,b
test_0870.jpg,0.0004786577881362766,0.00548938217231245,0.9806646316249847,0.01336729111034584,c
test_0871.jpg,8.545322278195858e-05,7.541219841274053e-05,0.00016895468270291446,0.9996701423416138,d
test_0872.jpg,0.00013156533299686147,0.000168933186263479,0.000158388606263479,0.9995411440128326,d
test_0873.jpg,2.982089238594128e-05,9.04406303792128e-05,0.0001441010153792128,0.9997356830452728,d
test_0874.jpg,3.562435323923618e-05,0.00014089704685891076,9.185498485074207e-05,0.9997316408611298,d
test_0875.jpg,0.000178379590971793,0.0007594385723518521,0.0005219539723213011,0.998540252002716,d
test_0876.jpg,0.9993719240459442,0.0003798902188796243,9.91486352344153e-05,0.0001490576825203778,a
test_0877.jpg,0.9998678565177918,4.272692055699805e-05,7.154676419084877e-05,1.78112303675316e-05,a
test_0878.jpg,2.5914065227953684e-05,0.999826162913971,0.00012161703248353005,2.631935953394493e-05,b
test_0879.jpg,0.9970066535582733,0.0011764042793760954,0.001673804081852138,0.00014316313534547612,a
test_0880.jpg,5.5714357775816394e-05,0.0001441981016026488,0.9997622420444489,3.786303774184985e-05,c
test_0881.jpg,0.00012723987083272867,5.570807672422878e-05,0.9996536882816315,0.00016337922907162653,c
test_0882.jpg,0.9996067578793335,0.0001689438667513287,0.0001808927567513287,4.338378515536563e-05,a
test_0883.jpg,0.999928488910675,3.3277809168655454e-05,3.1200654168655456e-05,6.975407376406369e-06,a
test_0884.jpg,0.00026247542000354005,0.0026355051808701515,0.00021633542122858568,0.9968857020393371,d
test_0885.jpg,0.0031634777376764894,0.0018059965875801562,0.0010953921663926184,0.9939351010787965,d
test_0886.jpg,0.0003336140078935796,0.0004283688676570505,0.004748715667698383,0.9944892989658356,d
test_0887.jpg,9.533906145212953e-06,0.9998921097732544,5.828837518473614e-05,4.0060971524235104e-05,b
test_0888.jpg,2.7534844926490367e-05,1.781256306436877e-05,0.999941657282257,1.3006538829493567e-05,c
test_0889.jpg,0.0003350657225632593,0.0006991136457417512,0.9988168159008026,0.00014897294748473106,c
test_0890.jpg,6.655761094162568e-05,0.9997660982097626,0.00013980892834680736,2.753001104731541e-05,b
test_0891.jpg,0.0031519276090713737,0.0005550151021018013,0.9959027601097107,0.00039030843874514256,c
test_0892.jpg,0.000975292039722991,0.0002571325164270647,0.00010396627590523563,0.998663592710495,d
test_0893.jpg,0.00010389634090036772,0.997998805046463,0.001753411541344583,0.00014392878421363019,b
test_0894.jpg,6.750400627384574e-06,0.9998531362869263,0.00010889278055651859,3.11983040407021e-05,b
test_0895.jpg,5.486012734692206e-05,0.9998247325794221,9.609480445505619e-05,2.4344034538755715e-05,b
test_0896.jpg,0.0026387412505886557,0.9945291743144988,0.0026387412505886557,0.00019337731321505234,b
test_0897.jpg,2.936384331243317e-05,6.604343320165359e-05,0.00010248987834568411,0.9998021738124847,d
test_0898.jpg,0.9886434101255035,0.0007021092193246425,0.008619067012871694,0.0020354374478422283,a
test_0899.jpg,7.044303516774863e-05,5.14367585032223e-05,0.9998424730079651,3.562843879889283e-05,c
test_0900.jpg,0.9997082570167541,0.00016896122217698097,9.683499290322534e-05,2.5911113017849568e-05,a
test_0901.jpg,0.0013587701598386168,0.0008523804579189032,0.9931541692203522,0.0046346397384115934,c
test_0902.jpg,7.541471356623471e-06,0.9999322168869018,5.184372761305947e-05,8.413975544633241e-06,b
test_0903.jpg,0.997554391129303,0.0005023556784269279,0.00037705344376236856,0.001566176784267788,a
test_0904.jpg,0.9996218087875366,0.00014909510503788276,0.00016894681003788278,6.015174128099359e-05,a
test_0905.jpg,0.9975678814231872,0.0005976098626995489,0.0009380988589330613,0.0008964509865111708,a
test_0906.jpg,0.9997522295146942,0.00011613031199501737,0.00010408770699501737,2.7529628659214902e-05,a
test_0907.jpg,1.6460474645917268e-05,0.9999069499336243,2.9826225954195877e-05,4.6791549175797665e-05,b
test_0908.jpg,4.037364684126263e-05,5.18407862105339e-05,3.144302740041106e-05,0.9998763193778992,d
test_0909.jpg,0.00035757620928116235,0.999385684091568,0.00020493381262809814,5.1815384651252254e-05,b
test_0910.jpg,1.5964597179860512e-05,0.9998896720748902,6.656578489655328e-05,2.774874696197941e-05,b
test_0911.jpg,0.000442948835967198,0.0006769294135854185,0.0015891597235706478,0.9972909386087799,d
test_0912.jpg,0.00012336653689021336,0.9996494075309754,0.00016895139570624292,5.8274224915630586e-05,b
test_0913.jpg,7.980754354683294e-05,0.0001315803943360141,0.0001315803943360141,0.9996570462730408,d
test_0914.jpg,0.00012335846846332147,0.0002304639630750224,0.9995840772434235,6.214970846392558e-05,c
test_0915.jpg,0.0019392521833895564,0.9971820643543243,0.0007301665327087504,0.00014844116008920282,b
test_0916.jpg,0.0007902283102981165,0.9965674405883789,0.0018520553963295371,0.0007902283102981165,b
test_0917.jpg,0.0014204289700997593,0.024178762991541862,0.015275535964512825,0.9591253108529663,d
test_0918.jpg,1.571299356133772e-05,0.9995260173042297,0.00043053838450395315,2.7738690126449353e-05,b
test_0919.jpg,0.9999356245617677,2.4489342739652647e-05,3.1200877677538895e-05,8.66839979209951e-06,a
test_0920.jpg,0.0014333002462495626,0.000855979832161746,0.9973063652297973,0.0004043510799893662,c
test_0921.jpg,0.019817924255417823,0.004526212122071242,0.005136445878400159,0.9705194237254333,d
test_0922.jpg,9.767461940908365e-05,0.01324172456157589,0.0003411876265854043,0.9863194326828003,d
test_0923.jpg,0.9856358048591614,0.011284669642485857,0.0019168583290814817,0.001162633230668521,a
test_0924.jpg,4.037276254199652e-05,0.9998539075421142,9.045166330863208e-05,1.5212269656221578e-05,b
test_0925.jpg,7.88881912847596e-06,0.9999359253289795,4.539702166358929e-05,1.0803803928383099e-05,b
test_0926.jpg,2.9362017764145262e-05,0.0001596591364695467,7.043597077551833e-05,0.9997405431641389,d
test_0927.jpg,7.542318167581767e-05,4.8413337864650786e-05,6.216395393714185e-05,0.9998139429858399,d
test_0928.jpg,0.28981878458976745,0.6126143346286774,0.052485030116067886,0.04508185261606788,b
test_0929.jpg,1.020828042647205e-05,0.9998977140281677,5.8744598608681557e-05,3.327676828471117e-05,b
test_0930.jpg,0.9997302741428375,7.483164903346569e-05,0.00016896508035513653,2.5911665747433577e-05,a
test_0931.jpg,0.9998356080549622,8.480428924424819e-05,5.874097767257865e-05,2.0792339495640364e-05,a
test_0932.jpg,5.826723654733759e-05,0.0002631770486071667,0.00014908091520529195,0.9995295096321106,d
test_0933.jpg,0.9937004895122528,0.0049840806967601774,0.0010267883963988008,0.0002886558351290462,a
test_0934.jpg,0.99975931367836,0.00010408799791286662,9.18573407121893e-05,4.4737327373656594e-05,a
test_0935.jpg,0.00018089898383396626,5.8729299570788816e-05,0.9996424544815063,0.00011793333541023642,c
test_0936.jpg,0.8212804389209747,0.00298902906136868,0.00335638546136868,0.17237416011104584,a
test_0937.jpg,2.2870638373472024e-05,4.0060951447054964e-05,4.539501245234317e-05,0.9998916346336364,d
test_0938.jpg,0.00011792796085219905,0.9995947160587311,0.00021692563269197675,7.042544531374794e-05,b
test_0939.jpg,0.999845980984192,7.542561167190485e-05,5.486126170477059e-05,2.3653077584474752e-05,a
test_0940.jpg,0.9986718003631592,0.00043352513029958816,0.0002167232597642149,0.0006779826942589886,a
test_0941.jpg,0.022738027604572775,0.0036249738405553103,0.9440666722126769,0.029570299770614504,c
test_0942.jpg,0.00020480677705701113,0.0003153645949169496,0.0007093012770013601,0.9987705669403839,d
test_0943.jpg,5.9275614734842895e-06,0.9999067817970275,6.011991283647619e-05,2.7138769037269294e-05,b
test_0944.jpg,0.9984683268699646,0.0010632384154299586,0.00018067673282325683,0.0002877437486516199,a
test_0945.jpg,0.9993836874908447,0.00024575554498358567,0.00020493017504855007,0.0001656724810344533,a
test_0946.jpg,0.009549078547264672,0.013846649058955192,0.9753856090621948,0.001218667180424118,c
test_0947.jpg,3.562406323923618e-05,0.00014089590685891076,9.910237735074207e-05,0.9997244158611298,d
test_0948.jpg,2.4291940482601314e-05,0.9996341775765991,0.00031563774783029195,2.5909123982601314e-05,b
test_0949.jpg,0.9972668023269653,0.0016989636402395308,0.0004043250273624152,0.000629894901658842,a
test_0950.jpg,0.000986269880768764,0.00022689287435483395,0.9984912066291809,0.00029559806435483396,c
test_0951.jpg,0.9990872606300354,0.0001408070172077629,0.00010401907827475637,0.0006678402182028651,a
test_0952.jpg,0.9998638056358338,5.18401605834331e-05,7.044452297698242e-05,1.3871348659277891e-05,a
test_0953.jpg,0.000230288519943071,0.0003573733986348933,0.0005892090943698615,0.9988231286476135,d
test_0954.jpg,4.271840583507047e-05,0.00019444458850745587,9.184912980005011e-05,0.9996710058113099,d
test_0955.jpg,2.448407594959437e-05,0.9997177982719421,0.00013980216827753707,0.00011794293827753708,b
test_0956.jpg,0.997800917158432,0.001039076895710349,0.0008029633377537787,0.0003570113658525452,a
test_0957.jpg,0.00021691479881517602,0.0001315655681389965,0.00010885897135539137,0.9995426839893341,d
test_0958.jpg,2.4297100131906762e-05,0.9998464579623413,7.044330405473357e-05,5.874157783294876e-05,b
test_0959.jpg,0.9993201588924407,0.00048074807127928735,0.0001688972705124022,3.0237198186847788e-05,a
test_0960.jpg,0.000350730145626418,0.9807428418482971,0.005871472705174804,0.013034997127410889,b
test_0961.jpg,7.718696361031508e-05,0.9997983286521148,8.546415511031507e-05,3.899540728926314e-05,b
test_0962.jpg,0.00013776596400665307,0.00011791820400665306,0.9995240027175903,0.00022030018255579547,c
test_0963.jpg,1.8348619258202498e-05,0.9998057506496429,9.60929826394086e-05,7.981949666386223e-05,b
test_0964.jpg,7.371298524862603e-05,0.0002096774199643813,0.0005223483824201897,0.9991942077617646,d
test_0965.jpg,9.533480014206538e-06,0.9998481913795472,9.045113504767052e-05,5.183934421860294e-05,b
test_0966.jpg,1.243287543755204e-05,0.9998611227273559,7.154625930967529e-05,5.4862077512920145e-05,b
test_0967.jpg,0.0003153986779433325,0.0005567806557028084,0.9988821769031524,0.00024563272131387297,c
test_0968.jpg,0.9996647226913452,0.00017949999841463402,0.0001243332032802426,3.143635535856338e-05,a
test_0969.jpg,0.0007140976388737082,0.00030463123257921216,0.9977764171320342,0.0012048399087711738,c
test_0970.jpg,0.00011793494065897271,8.545179081887774e-05,0.00014088617735818058,0.999655780934372,d
test_0971.jpg,0.0003816714336818025,0.9963584656196594,0.0007130560595869154,0.002546833325899881,b
test_0972.jpg,6.655267500045934e-05,0.00010247856621757157,0.00013979844161347897,0.9996911902957153,d
test_0973.jpg,0.004188792887295282,0.9941805584327698,0.0014719284864993215,0.00015871294357532235,b
test_0974.jpg,0.004274370595982909,0.49277724365371706,0.5015209894448758,0.0014274044385452747,c
test_0975.jpg,7.888658308101151e-06,0.9999155504699707,5.874567988257997e-05,1.7812105594344796e-05,b
test_0976.jpg,4.2714227688461656e-05,0.00016893805273421705,0.00021692074926146359,0.9995714525447845,d
test_0977.jpg,2.9363146567853096e-05,0.9997788177204132,0.00014911835663938985,4.2723122144774645e-05,b
test_0978.jpg,0.0002982141763607606,9.183481524430924e-05,0.9995180975917817,9.183481524430924e-05,c
test_0979.jpg,0.9999459985844421,2.9368076843553426e-05,1.6700798537702348e-05,7.950608300066055e-06,a
test_0980.jpg,0.9997729671868134,0.00015842534191154897,4.272289906179946e-05,2.5912748921276352e-05,a
test_0981.jpg,7.48190833926411e-05,0.9995624415148926,0.0002828843984271917,7.979981471157872e-05,b
test_0982.jpg,0.9997514377674103,0.0001179466205011864,6.655643833306801e-05,6.403944093550428e-05,a
test_0983.jpg,7.540349884395704e-05,0.00024964346077556107,0.00011610758540803679,0.999558814857483,d
test_0984.jpg,0.00020495850234439014,0.9995116592906952,0.0001808752488730945,0.00010245980495009481,b
test_0985.jpg,0.024706101926906587,0.9704535879741669,0.004299198418095123,0.0005411915849738553,b
test_0986.jpg,0.9992674847896577,0.0002457275126853116,0.00041146960960879175,7.538116199270072e-05,a
test_0987.jpg,0.00015596204299873068,0.000490625427791737,0.02068298472071016,0.9786704381294251,d
test_0988.jpg,6.604489158698327e-05,5.143581801129134e-05,5.828441499516971e-05,0.9998242129512787,d
test_0989.jpg,0.9997812423015595,7.483546165693521e-05,0.00012434774601634182,1.953151891726313e-05,a
test_0990.jpg,0.0894348254237175,0.8182514454158782,0.08434778627960204,0.007966014786834431,b
test_0991.jpg,0.9998826397732543,6.216825518473614e-05,4.2727573024235104e-05,1.2433166145212954e-05,a
test_0992.jpg,0.00017151933457153158,0.9992387154212952,0.00032044028997926056,0.0002692500046327925,b
test_0993.jpg,0.9996953304920196,0.00016895906547634466,0.00011612375402645148,1.9606128014193425e-05,a
test_0994.jpg,3.3797356214129145e-05,4.006115871412914e-05,2.9366643904852773e-05,0.9998967770057678,d
test_0995.jpg,0.000104544788649607,0.9971919521064758,0.0004550007641933538,0.0022485335138943746,b
test_0996.jpg,4.9174852442327745e-05,3.5353880922598985e-05,0.9998976606095886,1.7811768861418972e-05,c
test_0997.jpg,0.9997392881420135,0.0001024834700075426,9.608659359230481e-05,6.215938227202594e-05,a
test_0998.jpg,1.3872442340597865e-05,0.9999420646308899,3.3278261852436864e-05,1.0803872301662954e-05,b
test_0999.jpg,0.009596201683395505,0.002426299957168603,0.19154685950473785,0.796430688728714,d
test_1000.jpg,2.2871116122166816e-05,4.5395963974266263e-05,0.9999126174467468,1.9071879039486554e-05,c
test_1001.jpg,9.6071969946182e-05,0.00015839589734334574,0.00015839589734334574,0.9995871093128204,d
test_1002.jpg,0.0013050336262004734,0.0012937610984523297,0.006435608440883446,0.9909656347087097,d
test_1003.jpg,0.9995653345837403,0.0001583924382413125,0.00020976649065970838,6.654467040544595e-05,a
test_1004.jpg,0.0009380545154518008,0.0013337152688929618,0.0002491065643641315,0.9974791787509918,d
test_1005.jpg,0.02438982382067823,0.0025706686847221374,0.0005824394966695845,0.9724570517784119,d
test_1006.jpg,0.00019439425467699916,0.9994108079759979,0.00019140087636091292,0.0002033484913609129,b
test_1007.jpg,2.9364055926532474e-05,0.9998096816490936,0.00013160056734855773,2.9364055926532474e-05,b
test_1008.jpg,0.0015434177289042146,0.9965094863124848,0.0011495869168914588,0.0007975170354271532,b
test_1009.jpg,0.9995973387322235,0.00019143687808884964,0.00014909118863821221,6.215045139147265e-05,a
test_1010.jpg,3.770043978136258e-05,0.9997115354671477,0.0002050000199347599,4.574169081331659e-05,b
test_1011.jpg,1.8089656995640362e-05,0.9998562930549622,7.98234942442482e-05,4.574842467257865e-05,b
test_1012.jpg,0.0005562110180008238,0.014735050112484932,0.004444652723573565,0.9802641341941833,d
test_1013.jpg,0.0003375664681071657,0.0005197922526651353,0.0006674264410868793,0.9984751814716339,d
test_1014.jpg,1.951604640192261e-05,0.999805791078186,0.00015145454429688586,2.322630692724647e-05,b
test_1015.jpg,0.0069515765827964544,0.6701701561606598,0.3091278670000458,0.013750410491417288,b
test_1016.jpg,0.9995911686603547,0.0002785373617438063,8.478355580529951e-05,4.546997483237915e-05,a
test_1017.jpg,2.9364954632236978e-05,6.65624773116317e-05,6.313804604152686e-05,0.9998408854492187,d
test_1018.jpg,3.327004720565883e-05,0.00010972702669336445,0.0001596518802397193,0.9996973557933808,d
test_1019.jpg,0.11560073509080887,0.0015269599940962194,0.001867571608031702,0.8810047489894868,d
test_1020.jpg,1.38714950865844e-05,0.9998735192161561,7.484237040061669e-05,3.7706623760502743e-05,b
test_1021.jpg,0.9997745880687714,0.00011613290748496428,9.185913222800273e-05,1.7438642221197515e-05,a
test_1022.jpg,4.005654766865415e-05,5.485777311015118e-05,0.00012338286407765492,0.9997817276277924,d
test_1023.jpg,7.981092506120622e-05,0.00011612420587961688,0.9996999894828796,0.00010408217087961688,c
test_1024.jpg,0.999885794517517,5.4863481809415444e-05,4.539474664973524e-05,1.3871659956653579e-05,a
test_1025.jpg,1.7811447738436234e-05,0.999879479796753,7.982537864935298e-05,2.2870352799348197e-05,b
test_1026.jpg,3.7706351405403116e-05,8.480690569119095e-05,0.9998664981697083,1.0972063079446925e-05,c
test_1027.jpg,2.4485087054239224e-05,5.485669510460956e-05,0.00015842364691154897,0.9997622371868133,d
test_1028.jpg,1.0129220915893395e-05,0.9999138657257081,4.841821727331068e-05,2.7534079153874567e-05,b
test_1029.jpg,0.9963531506787109,0.001409979059843087,0.00048631525496909827,0.0017505816278259993,a
test_1030.jpg,0.9998448204395294,0.00010974344066281988,3.562847812782217e-05,9.821687453383562e-06,a
test_1031.jpg,0.00036447204298747536,0.9941302242938995,0.003426820274637318,0.0020784716349030495,b
test_1032.jpg,0.00012336274189021334,0.00019144101570624293,0.9996186775309753,6.654769691563059e-05,c
test_1033.jpg,0.00020317944851989673,0.9985800376301575,0.0009712041760308891,0.0002455588539517203,b
test_1034.jpg,0.03959115971879196,0.002711066678485155,0.9574622494728089,0.00023547993678580136,c
test_1035.jpg,0.021761868962774468,0.9597381258796691,0.006939330841544962,0.011560638780511475,b
test_1036.jpg,1.9071356425273953e-05,5.8743913519847166e-05,3.562998241242113e-05,0.9998865147262573,d
test_1037.jpg,0.000282108056528919,0.0005270472484009301,0.002169190697090161,0.997021699767685,d
test_1038.jpg,1.5719594931608185e-05,3.327838493100241e-05,0.9999458784213258,5.103405759071135e-06,c
test_1039.jpg,0.0001409018864602138,7.043744720972263e-05,0.9997641891857147,2.4485078742462353e-05,c
test_1040.jpg,6.654399854447396e-05,9.042536834325015e-05,0.0002785297402477479,0.9995644978157043,d
test_1041.jpg,0.044876307468835114,0.001398985258619374,0.00020729108640580476,0.9535173943172455,d
test_1042.jpg,0.0005569456326595992,0.00023760024227845072,0.999181172876358,2.4328177313580564e-05,c
test_1043.jpg,0.25019838599743843,0.007616234146980047,0.000997810576833716,0.7411876164543152,d
test_1044.jpg,3.095416536323159e-06,0.9999601937461853,2.936849410721546e-05,7.425518031559575e-06,b
test_1045.jpg,0.0003377350938781065,0.00013149051625959188,0.9989862444730377,0.0005445635614151016,c
test_1046.jpg,4.338424701543041e-05,0.0002322735841590935,0.00010407338839323528,0.9996202329940795,d
test_1047.jpg,0.0020538104103021027,0.00035690318214086326,0.9974990326519013,9.023925798472897e-05,c
test_1048.jpg,0.0019399765420533657,0.0007081580851909667,0.9971608744667053,0.0001909732887219292,c
test_1049.jpg,0.9962432917224884,0.0006659377280855835,0.0023243624256911993,0.0007664087780855835,a
test_1050.jpg,0.00159851147223019,0.0009695461662896901,0.0005513590875656819,0.9968805902864838,d
test_1051.jpg,5.873605707877364e-05,0.99975580218544,0.00013365145094527432,5.1834387638408594e-05,b
test_1052.jpg,3.534570707345827e-05,0.0001584084687707244,0.00013979499817876146,0.9996664512039184,d
test_1053.jpg,1.682988818814907e-05,5.8286175560939e-05,7.044388303392604e-05,0.9998543913795471,d
test_1054.jpg,5.183314795530598e-06,0.9999591724205017,2.7750705195719636e-05,7.950710375396162e-06,b
test_1055.jpg,0.9999225646087646,3.1200471115354816e-05,3.535476377100952e-05,1.0803659671027816e-05,a
test_1056.jpg,2.752985005037172e-05,9.608861061170049e-05,0.00011613139211577266,0.9997602711403656,d
test_1057.jpg,2.5914610217684836e-05,6.65628393102463e-05,6.216591431024629e-05,0.9998453273098755,d
test_1058.jpg,1.4737659506160266e-05,0.9998955863311767,7.484402079148799e-05,1.4737659506160266e-05,b
test_1059.jpg,6.5527454059307675e-06,0.9999217838180542,5.144084037241392e-05,2.0183876583806555e-05,b
test_1060.jpg,7.981546560415379e-05,8.47974956041538e-05,7.981546560415379e-05,0.9997555038857269,d
test_1061.jpg,0.00015838896206087292,0.0002322565070256424,0.9995433302818298,6.602633959057774e-05,c
test_1062.jpg,0.9998099554740906,7.981974724324218e-05,9.186245724324219e-05,1.8348687023605765e-05,a
test_1063.jpg,0.1837394108006382,0.0048020113883961435,0.0017665614298686028,0.8096919947597503,d
test_1064.jpg,0.9999468922587585,2.9368106266373285e-05,1.8924501310619753e-05,4.784863654629416e-06,a
test_1065.jpg,8.353762882403232e-05,0.0004114695817207068,0.0002321907227326101,0.9992728137901306,d
test_1066.jpg,0.9998622509841919,6.604740667190485e-05,5.1437776704770584e-05,2.0182675084474756e-05,a
test_1067.jpg,4.574885246954906e-05,6.216717912866469e-05,0.9998656973320008,2.6320542039772057e-05,c
test_1068.jpg,0.9948282760242462,0.0006429080226780131,0.0038858993781790137,0.0006429080226780131,a
test_1069.jpg,4.142628298565067e-06,0.9999145812828064,6.314277249539666e-05,1.8090705324171465e-05,b
test_1070.jpg,0.9797799862612152,0.019494960090945722,0.0005859188390098208,0.00013916792552524595,a
test_1071.jpg,0.0015616897651904672,0.0006671461730700123,0.0036139970303020953,0.994157216828537,d
test_1072.jpg,7.980214156324685e-05,0.0002611510562403053,0.9995886104062652,7.042514780844972e-05,c
test_1073.jpg,0.00010243152549272404,0.0006172342588064954,0.9992446896694183,3.5606300784065194e-05,c
test_1074.jpg,0.0001408713789252603,0.00014908398511503278,0.00015962819511503278,0.9995504311029816,d
test_1075.jpg,0.0006476834253674996,0.9692647692569732,0.002135384990012437,0.027952191234481335,b
test_1076.jpg,0.012197478115624428,0.002513966304043734,0.9843844184073639,0.0009041664486654044,c
test_1077.jpg,7.016514258620139e-06,0.9999642835830689,2.449004205224071e-05,4.255731030475346e-06,b
test_1078.jpg,4.272541507842433e-05,7.982158890667751e-05,0.9998320621605683,4.539230507842433e-05,c
test_1079.jpg,0.9998844264472961,7.542851722267807e-05,3.144328748786004e-05,8.701816061850169e-06,a
test_1080.jpg,0.00024579244171088564,0.9995262900592804,0.00017947514376753763,4.8399402486416546e-05,b
test_1081.jpg,0.9999331725379944,3.14448410258791e-05,2.7749974618825e-05,7.541478449349629e-06,a
test_1082.jpg,2.4485644728326005e-05,6.655888309393674e-05,0.00012338334468955443,0.9997855886051178,d
test_1083.jpg,0.9998263905197143,0.00010974136099083334,4.5747005056183656e-05,1.808908733140505e-05,a
test_1084.jpg,0.9997623579540253,0.00012338047965402069,7.541934242683799e-05,3.884233218791565e-05,a
test_1085.jpg,9.042586313004762e-05,0.00026318778050430985,7.540455760106463e-05,0.9995709660255432,d
test_1086.jpg,0.018742426509673785,0.0037790840549198628,0.43628150591593934,0.5411969589888381,d
test_1087.jpg,7.739349690327032e-06,0.9999003390986634,7.044712304967872e-05,2.144327106336606e-05,b
test_1088.jpg,0.00024959676286994396,0.00013154262508668796,0.00024575396614628464,0.9993731204559326,d
test_1089.jpg,0.9896095416236115,0.009131389232780457,0.001030469053882125,0.0002285998620470825,a
test_1090.jpg,4.036820163115852e-05,8.545948591765336e-05,0.00013159163720039428,0.9997425546985625,d
test_1091.jpg,0.0013463226329197644,0.4914366061167288,0.5066725725853729,0.0005445478602688265,c
test_1092.jpg,6.309083089394368e-05,0.00014080852048990608,0.0006782903448096693,0.999117872259903,d
test_1093.jpg,0.9994577244621277,0.00017688007460040168,0.0002916259603274763,7.373458624462898e-05,a
test_1094.jpg,4.272693519195262e-05,7.044480880762606e-05,0.9998677300773621,1.9071009480644298e-05,c
test_1095.jpg,0.009959313387515068,0.002997433542965746,0.9857554156863404,0.0012878007995941758,c
test_1096.jpg,0.9995385909633636,0.0002828775026546457,8.253162676623233e-05,9.606730655693947e-05,a
test_1097.jpg,7.980455596911422e-05,0.00013157546507949904,0.00016894623217274978,0.9996196950565338,d
test_1098.jpg,0.9994113137998962,0.00023042413310389102,0.00031556747518336027,4.270750123826129e-05,a
test_1099.jpg,4.538660129782371e-05,0.9997064084350586,0.0002169502206593637,3.119372579229341e-05,b
test_1100.jpg,0.0004109344639288545,0.0002300711802854891,0.0014785686465486289,0.9978804289706421,d
test_1101.jpg,0.9997335660021209,0.0001315905683886595,0.0001088797588054233,2.5911719638875898e-05,a
test_1102.jpg,0.9991720015106201,0.00019135546087062924,0.00048769113988500837,0.00014902777699276313,a
test_1103.jpg,0.00016848945587035863,0.0028218520105106233,0.9968939004756927,0.00011579597783348467,c
test_1104.jpg,4.037117661591449e-05,0.0001024911287636927,0.9998143896266938,4.272470326025935e-05,c
test_1105.jpg,0.0001914183166355601,0.00022029720358669372,0.9995028391579437,8.543857224952936e-05,c
test_1106.jpg,5.571530019782185e-05,0.00012338163515149324,0.999771772464676,4.916857704094419e-05,c
test_1107.jpg,6.603735966424764e-05,0.0001689616330721061,5.485381164128532e-05,0.9997101700496673,d
test_1108.jpg,1.097241835817535e-05,0.9999014860740661,7.154915418693594e-05,1.5964775224277707e-05,b
test_1109.jpg,0.9976173940675355,0.00033466334541535676,0.0013339311799697579,0.0007140019565591723,a
test_1110.jpg,4.5739637935337426e-05,0.00013158141540533125,0.0001584081254781419,0.9996643045768738,d
test_1111.jpg,0.000209688858979059,0.00045905463095533255,0.9992146807448579,0.0001165598801373896,c
test_1112.jpg,0.00010402672230702177,0.00046621543881215124,0.0002457066753479093,0.9991839953163146,d
test_1113.jpg,0.0021676139413097026,0.0015772177865974544,0.012291370341552973,0.9839637552604675,d
test_1114.jpg,0.9997893569988251,7.981813905726097e-05,8.546357155726097e-05,4.539036624500986e-05,a
test_1115.jpg,1.3006571864334621e-05,3.5355527120805456e-05,0.9999442084448242,7.425400276425152e-06,c
test_1116.jpg,0.0008570087807211191,0.0005198021248646337,0.998491704410553,0.00013142782651847482,c
test_1117.jpg,0.9998628425186158,7.48415744511465e-05,5.184014498844793e-05,1.0455324686859337e-05,a
test_1118.jpg,0.11005018277923584,0.8761801113780976,0.00122254718286705,0.012547182378477002,b
test_1119.jpg,3.1200471115354816e-05,3.535476377100952e-05,0.9999225646087646,1.0803659671027816e-05,c
test_1120.jpg,0.4964378526699257,0.005634693451303721,0.49687070346946716,0.0010567884269402266,c
test_1121.jpg,2.8392713822765567e-05,0.9997015860877991,0.00023229301748821797,3.77000540418428e-05,b
test_1122.jpg,0.9997678936756134,8.479854288842384e-05,0.00011613227267847118,3.119564362513687e-05,a
test_1123.jpg,0.00010973129222245798,0.00010408582941588857,0.9997370527909089,4.9166661296364114e-05,c
test_1124.jpg,1.1130080561524598e-05,0.9999026048423767,6.605007456970319e-05,2.0183490818403288e-05,b
test_1125.jpg,0.000133514174144558,0.0007315350792420315,0.00036292916517927944,0.998771990801239,d
test_1126.jpg,0.00023752189088686943,0.0007311070220586762,0.00011211888016319908,0.9989192762687683,d
test_1127.jpg,0.00013777524644854097,0.0002097688540471688,0.9995924243183899,6.0099791825859426e-05,c
test_1128.jpg,0.00020499348534135716,0.999680176461029,8.545400139475356e-05,2.9360207350892275e-05,b
test_1129.jpg,0.00037411569757841827,0.0002269126454154238,0.998639433257904,0.0007595378745272368,c
test_1130.jpg,0.7111680603034973,0.01397898614748144,0.2729076768886566,0.0019452757950502158,a
test_1131.jpg,0.00015785512972597973,0.5996210434144592,0.3999632093023896,0.00025789794675264957,b
test_1132.jpg,0.00010229795514733613,0.0002607259358615628,0.0016755017220255136,0.9979614011948394,d
test_1133.jpg,0.00043347710755079535,0.0005198330613458977,0.000491193888094321,0.9985555122555543,d
test_1134.jpg,0.019234503696838857,0.003460016712514937,0.8501361809402466,0.12716926211692808,c
test_1135.jpg,0.9996169529940796,0.0001596385616706924,0.00012432664355065858,9.9091402149278e-05,a
test_1136.jpg,0.01523271832377553,0.0024506516974015474,0.981975020483017,0.0003416249243050748,c
test_1137.jpg,0.9999467740959167,2.4299537641033597e-05,1.6700811184564594e-05,1.2242446754534287e-05,a
test_1138.jpg,3.1195042769228306e-05,0.00020341723787628384,0.999748648606491,1.669750218016498e-05,c
test_1139.jpg,0.0001689612401852934,4.8408207527757025e-05,0.9997078486907959,7.48299665373785e-05,c
test_1140.jpg,5.183038387500384e-05,0.00014910296940858885,0.00012336978469135165,0.9996757431793213,d
test_1141.jpg,0.6671130347496796,0.1571832178077364,0.11252336793981552,0.06318033301367187,a
test_1142.jpg,6.65456357568707e-05,0.9995851480106354,0.000245807170180321,0.00010246768761692375,b
test_1143.jpg,5.253386304927568e-06,0.9999353855377198,4.917669524575008e-05,1.0208663685212739e-05,b
test_1144.jpg,0.0006309133046216279,0.0003377035759932071,0.9988824117041015,0.00014898358468132586,c
test_1145.jpg,7.044071501365818e-05,1.7304352700433274e-05,0.9998081920444488,0.00010409378521539807,c
test_1146.jpg,3.144015326023244e-05,0.9997883786369324,9.910879336345412e-05,8.106627033156335e-05,b
test_1147.jpg,0.0003618757052178019,0.9959066802900696,0.0012436829106277467,0.002487776689029455,b
test_1148.jpg,0.0016492500631516993,0.844990979717636,0.1397017769570732,0.013658006814314366,b
test_1149.jpg,0.5750535262704468,0.014975221893885136,0.37752894671192166,0.03244230156597233,a
test_1150.jpg,0.0002049124571522306,0.00040514541670423957,0.00010243680686208408,0.9992874638607026,d
test_1151.jpg,7.042761012988232e-05,0.9996220742520141,0.00020339147055453287,0.00010407438128500522,b
test_1152.jpg,0.9986837767593384,0.0009177867677185118,0.00033763491802158894,6.079913128539525e-05,a
test_1153.jpg,4.418082246409166e-05,0.9996468143418884,0.00020498635660061524,0.00010407629830048807,b
test_1154.jpg,4.8409176141285324e-05,0.0001584180880721061,6.603847966424763e-05,0.9997271300496673,d
test_1155.jpg,0.9996418378102112,0.00013157852677126526,6.816224064322315e-05,0.00015840455860088125,a
test_1156.jpg,4.2720582733936644e-05,9.04393397450363e-05,0.0001491092610527104,0.9997177117250824,d
test_1157.jpg,0.0001315131500149837,0.9991519770980835,0.00043373780624607447,0.000282765243156026,b
test_1158.jpg,7.950351651496527e-06,0.9999143465855408,5.8745591044541076e-05,1.8923885398354238e-05,b
test_1159.jpg,2.01816437065459e-05,3.7704229948767984e-05,0.0001316007055438718,0.999810509254837,d
test_1160.jpg,0.9996475623664856,0.00016895095118881702,0.00014909869921706602,3.440816936531734e-05,a
test_1161.jpg,0.8028954285980987,0.0008528031119818121,0.1947823929466009,0.0014693799757853627,a
test_1162.jpg,0.16856192818461227,0.005847997882294536,0.8168186678718568,0.008771455073768496,c
test_1163.jpg,0.00015138989718410626,0.00015960197950493053,0.00029161081451982277,0.999397417024994,d
test_1164.jpg,7.04028454869157e-05,6.600855548691571e-05,0.0005894758318610042,0.9992741309204102,d
test_1165.jpg,5.485540918985873e-05,9.044127868744657e-05,0.00011612892921376153,0.9997385012813569,d
test_1166.jpg,3.377871234976416e-05,0.9993600817623138,0.0005570484162751689,4.914773677738026e-05,b
test_1167.jpg,6.215201146257519e-05,0.00016894633521659597,0.00014909462884358913,0.9996198635677338,d
test_1168.jpg,2.429859152277808e-05,5.828929157006583e-05,0.9999078525863647,9.53405572599936e-06,c
test_1169.jpg,0.0005641985711026922,0.06954111715484738,0.018186704066565036,0.9117079639350891,d
test_1170.jpg,0.9998629224494935,4.539370632104799e-05,7.982406680447586e-05,1.1847436127253208e-05,a
test_1171.jpg,3.3270111249261625e-05,0.00017950576059784441,9.043749539246955e-05,0.9996968372489929,d
test_1172.jpg,0.00030466566446789295,0.001606689600490558,0.997944716053772,0.00014391386885026665,c
test_1173.jpg,4.03601079188546e-05,0.00011610611202661992,0.0002982230944046068,0.9995453144054414,d
test_1174.jpg,4.036687457435232e-05,0.9997125069946289,0.0001596540804280013,8.745649693990112e-05,b
test_1175.jpg,0.9987091771228791,0.00036291899015118034,0.0008036942301732987,0.00012421338079731629,a
test_1176.jpg,9.683806744588069e-05,0.00012434253765269184,0.9997410696750642,3.770156416669227e-05,c
test_1177.jpg,1.097250536705879e-05,0.9999087914459228,5.572297972023174e-05,2.4488649658027576e-05,b
test_1178.jpg,0.8451274172504425,0.15371323664416314,0.0009317011766428411,0.00022768183381963208,a
test_1179.jpg,6.313353174478817e-05,0.9997708804409027,0.0001409027467800176,2.5078694221312156e-05,b
test_1180.jpg,6.192039935502127e-06,0.9999621498161315,2.591765613248037e-05,5.783010382163358e-06,b
test_1181.jpg,4.8410136646477634e-05,0.0001914657988530959,0.9997478241870881,1.2239999272955582e-05,c
test_1182.jpg,0.0004051736030882588,0.00012333026137645276,0.9993554301490783,0.00011608418612019077,c
test_1183.jpg,0.31222798817012787,0.6772642869449615,0.0015173560796124489,0.008990348987651825,b
test_1184.jpg,0.00013962274586599662,0.00014951778945589833,0.9984346988136292,0.0012761305163912803,c
test_1185.jpg,0.9950693237136841,0.0028815861033786774,0.0012012238250506922,0.00084787592484757,a
test_1186.jpg,0.9998238428821564,4.841383078309274e-05,0.00011613874027194858,1.156664086810469e-05,a
test_1187.jpg,1.2241878722199597e-05,0.999900626726532,7.044714965350919e-05,1.670004067902297e-05,b
test_1188.jpg,0.9988975799651336,0.0005281287741002753,0.0005028439628279894,7.147446035076917e-05,a
test_1189.jpg,0.9996993833991241,0.00019145655727575658,3.8839881819538436e-05,7.02956535889709e-05,a
test_1190.jpg,1.310784527362723e-05,0.9999089903068543,6.21699036766671e-05,1.571901268480725e-05,b
test_1191.jpg,2.774362576214414e-05,0.9997065969794464,8.479334263137512e-05,0.0001809111624602066,b
test_1192.jpg,0.00023176513950533197,0.0019858858119391216,0.00014525624386420278,0.9976371025585175,d
test_1193.jpg,0.9992586133022308,0.00043378530040937306,0.0002321885244481185,7.538057191609159e-05,a
test_1194.jpg,0.0003555327813787244,0.9798715107845306,0.01939260890199086,0.0003804092817571312,b
test_1195.jpg,3.327673534126263e-05,4.27281737105339e-05,0.9998964193778992,2.7533598900411054e-05,c
test_1196.jpg,0.9997917997898103,0.00011613504970762126,7.48362514684266e-05,1.723669091419071e-05,a
test_1197.jpg,0.0003294074432064608,0.0009708971645209551,0.43318021199359896,0.5655195092134857,d
test_1198.jpg,2.9365542991201855e-05,0.00010249581483117484,0.9998601083093261,7.949919114577366e-06,c
test_1199.jpg,7.042785752048382e-05,0.00015964085376898125,0.00014088255367472678,0.9996291115757752,d
test_1200.jpg,0.0007676702512950098,0.000490877692977935,0.9979321638130951,0.0008093205162950099,c
test_1201.jpg,6.96190036804088e-06,1.781256631810168e-05,3.327825658536269e-05,0.9999419318634033,d
test_1202.jpg,1.4852266677089698e-05,0.9998521846115112,0.00010974423466043308,2.3227459594646404e-05,b
test_1203.jpg,0.9992711523014068,0.00029813960842647343,0.0003828188312589958,4.793032356151613e-05,a
test_1204.jpg,1.3004525082713686e-05,0.9997868518840789,0.00016897462845439897,3.1196233869716945e-05,b
test_1205.jpg,0.9991494718064118,0.0002630752770435685,9.602990633495622e-05,0.0004914893227112674,a
test_1206.jpg,0.0014113770349240182,0.0006771115854470999,0.0005516241654470998,0.9973598921859741,d
test_1207.jpg,0.9996207661029816,0.0001161150614252603,0.0001315756001150328,0.0001315756001150328,a
test_1208.jpg,0.0004796095907764131,0.001363205111212486,0.9972527012538147,0.0009044745099010504,c
test_1209.jpg,0.00023045971479629396,5.4845884385135214e-05,0.999565598569107,0.00014908656816670464,c
test_1210.jpg,0.00015854094237328976,0.992793364422226,0.0007519733834471702,0.006296196021734357,b
test_1211.jpg,0.999866559449768,9.685040598683648e-05,2.9365723169797463e-05,7.185857661834371e-06,a
test_1212.jpg,6.215623545772873e-05,0.00020340510182592243,0.9996890341331481,4.5385812174840964e-05,c
test_1213.jpg,0.0008692740795278102,0.0014331907495408057,0.9972646820976258,0.0004328987993644753,c
test_1214.jpg,0.00014908571219164192,0.9995618184281159,0.0002631854984580681,2.590721294014053e-05,b
test_1215.jpg,0.9959085595520782,0.0035918072300411465,0.0003193768289797321,0.00018022260853168295,a
test_1216.jpg,5.184043576717635e-05,0.9998689204948426,3.64928852435448e-05,4.2726984460665627e-05,b
test_1217.jpg,2.429721871768484e-05,6.21663113102463e-05,6.21663113102463e-05,0.9998513473098756,d
test_1218.jpg,0.00038234924579978887,0.000519578580526711,0.0010164043447005392,0.9980816985355377,d
test_1219.jpg,0.000589303410597368,0.00027836724040055337,0.998983281918335,0.0001489992425112787,c
test_1220.jpg,0.000859778298952493,0.9864783750633239,0.011687577908551216,0.0009742564062741995,b
test_1221.jpg,6.313581147233941e-05,0.9998080445354462,0.00010409334327423259,2.4724338092790135e-05,b
test_1222.jpg,9.608704598871775e-05,0.9997439433963775,0.00012434305338895947,3.562487773785077e-05,b
test_1223.jpg,0.00018063830068097188,0.0013052758026727436,0.00025702402124632524,0.9982570401599121,d
test_1224.jpg,0.0006310409180470795,0.00012329586644868075,0.9990767969833374,0.00016885544791420685,c
test_1225.jpg,9.185729753614932e-05,0.999754430421524,0.0001315931796494995,2.2131509312713208e-05,b
test_1226.jpg,2.448696242734366e-05,0.9998390072407533,9.609618076540554e-05,4.037217771885089e-05,b
test_1227.jpg,0.00010887935029572546,0.0001398038592369485,0.9997298060726165,2.1439615005665815e-05,c
test_1228.jpg,0.00011226427412547931,0.00015139729673967957,0.00029818952200700194,0.9994382003025055,d
test_1229.jpg,0.00013757784354860456,0.0013649398836845874,0.00018064617861125753,0.9983167848678589,d
test_1230.jpg,0.9991224692213441,0.0005223193851934826,0.000315472366179353,3.972869293142712e-05,a
test_1231.jpg,4.917213846262204e-05,7.484006009857974e-05,0.9998426447055053,3.327493481665971e-05,c
test_1232.jpg,0.377319890446167,0.01740369999073696,0.40875583437651636,0.19652062149980545,c
test_1233.jpg,1.4088614749197773e-05,0.9998843623306275,8.107438032927933e-05,2.0498813581019638e-05,b
test_1234.jpg,0.0033134209720929145,0.039494119257336806,0.9567155667240143,0.00047693297261725367,c
test_1235.jpg,0.00020040717985860706,0.0002915907466812864,0.9993446449057006,0.00016332441518766226,c
test_1236.jpg,0.00018084836369902015,0.00021687715229867145,0.9993646444606781,0.00023764747335858108,c
test_1237.jpg,0.9998186549363708,8.993381615194507e-05,8.106836930320003e-05,1.0306686477022494e-05,a
test_1238.jpg,4.841495887469794e-05,8.107142827070378e-05,0.9998476001022338,2.2869606186878303e-05,c
test_1239.jpg,0.0002627574930113287,0.0014785476475025357,0.9978793564381409,0.000379322855393044,c
test_1240.jpg,0.0001315631649036275,0.0002033717833255291,0.0001397752499036275,0.9995253065840148,d
test_1241.jpg,5.1837390759434926e-05,0.0001161371893977587,0.9998106225559235,2.144134768276359e-05,c
test_1242.jpg,0.0013629502628993988,0.996159758423233,0.00044182351782384575,0.002035507304238167,b
test_1243.jpg,0.9981063628224944,0.0008093178067521095,0.0007512924326634213,0.0003330284905212723,a
test_1244.jpg,3.769988680198995e-05,0.9996986654380798,0.00023772719431065293,2.5910729931872806e-05,b
test_1245.jpg,0.00010886081083232626,7.042312368104093e-05,0.000261143477627919,0.999559596011734,d
test_1246.jpg,0.00010971389270575814,0.0002304618830533427,0.9995750191732025,8.478218674091563e-05,c
test_1247.jpg,0.46650483839682577,0.5252318328355408,0.0013409108816345573,0.006922459230897784,b
test_1248.jpg,0.00023733672392277702,0.0004434033394074202,0.0011517914296624958,0.9981674562450409,d
test_1249.jpg,0.9997331195575714,0.00018514857212300836,3.829075658014867e-05,4.3389112844361053e-05,a
test_1250.jpg,0.00043065464932781785,0.057212056521921156,0.0043438645299416784,0.9380134660418702,d
test_1251.jpg,0.00010231903570158243,0.9981285510360718,0.0016005181696310817,0.000168693365906526,b
test_1252.jpg,0.00017154481764934958,0.0003204879027302891,0.0001272038481517273,0.9993807382359314,d
test_1253.jpg,6.143573977670853e-06,0.9998960497497559,8.480941161898143e-05,1.3005945110178404e-05,b
test_1254.jpg,0.00012432199905684576,0.00021692187797021836,8.1049175171123e-05,0.9995776862342834,d
test_1255.jpg,0.0001096729787583749,0.00026309181542710097,0.0004114467018387282,0.9992157970718384,d
test_1256.jpg,0.00033732535885365396,0.0014119337589781583,0.00048700374820050303,0.9977637211244965,d
test_1257.jpg,6.604741618828632e-05,5.486220099125689e-05,0.9998623877052307,1.669940249829788e-05,c
test_1258.jpg,0.9846427145510864,0.0029484565576981666,0.008857648481785678,0.003551176192086935,a
test_1259.jpg,0.9871221493577576,0.004829973223003268,0.0038517338808901785,0.004196150352562487,a
test_1260.jpg,0.0009859448835553319,0.0005563691641089553,0.0002955006930371272,0.9981622409919739,d
test_1261.jpg,4.917250734518092e-05,3.7705741050879954e-05,6.21662584940277e-05,0.999850923588562,d
test_1262.jpg,5.1435286979099404e-05,5.4859521798348654e-05,7.982013655133996e-05,0.9998139050220489,d
test_1263.jpg,3.7556271832443742e-06,0.9999531960021972,3.144548167551216e-05,1.156814566047347e-05,b
test_1264.jpg,1.892280285727886e-05,7.542648043425181e-05,4.841544598844793e-05,0.9998571925186157,d
test_1265.jpg,0.0067212129838597175,0.00043028123274081883,0.0009315508911323339,0.9919169880321503,d
test_1266.jpg,7.154279866672587e-05,7.542311597508378e-05,0.9998147159385682,3.829410147851802e-05,c
test_1267.jpg,0.002521220025357723,0.008063542513286353,0.0017334391474874257,0.9876818398231506,d
test_1268.jpg,4.681644225922968e-05,8.10675373207468e-05,7.044006262669968e-05,0.9998016600704194,d
test_1269.jpg,0.00013157247147314117,0.00010246874243525811,0.00017158483147314117,0.9995943782649994,d
test_1270.jpg,2.5059881526349704e-05,7.718987027414154e-05,6.0115530611430665e-05,0.9998376168205261,d
test_1271.jpg,7.541836711004839e-05,0.00011794660807918095,0.9997535903247834,5.304724964616005e-05,c
test_1272.jpg,6.653677354277878e-05,0.9994322664691926,0.00046109740015310346,4.0120383582425875e-05,b
test_1273.jpg,0.0012916535898489416,0.004493999318809056,0.08290493691122246,0.9113094497751617,d
test_1274.jpg,0.0006616868799872357,0.9898653077430726,0.004583986344019651,0.004889080867375016,b
test_1275.jpg,0.9851929873378753,0.0143716141868886,0.00014891401200696394,0.00028644620729852767,a
test_1276.jpg,3.327255984770287e-05,0.00015842496425857408,0.9997705800704193,3.7702746347702864e-05,c
test_1277.jpg,7.981256405060977e-05,0.0001584167967139977,0.9997190173526764,4.272058498437592e-05,c
test_1278.jpg,0.000803086473911491,0.000755901653911491,0.00048709659327759894,0.997953922042389,d
test_1279.jpg,0.00010406932369315661,0.999574610451889,0.0002611474044756743,6.0148864993952734e-05,b
test_1280.jpg,5.1836983473208467e-05,0.00010248991760941647,0.9998030019283295,4.272415205675466e-05,c
test_1281.jpg,0.03429816122998476,0.8260628275352477,0.13864263685625078,0.0009963420364906132,b
test_1282.jpg,3.535451086457113e-05,3.770820336457113e-05,0.999915422795105,1.1477928961300406e-05,c
test_1283.jpg,0.0008570238505417407,0.0002979127035611937,0.9985100916680145,0.00033496282560710553,c
test_1284.jpg,0.9998073499515534,7.044054310197935e-05,7.483741520216681e-05,4.740480847069108e-05,a
test_1285.jpg,2.4296375311817458e-05,9.684555019123979e-05,6.216412269749737e-05,0.999816620836258,d
test_1286.jpg,0.9998230577301026,7.982087850004752e-05,8.480322508157548e-05,1.2240928234772711e-05,a
test_1287.jpg,0.004192286881492472,0.0006143414743057519,0.994889766179657,0.00030368823997490647,c
test_1288.jpg,0.0013242623016789497,0.0002954828823287731,0.9981020917770386,0.00027812249232877313,c
test_1289.jpg,0.9984818709243011,0.0005198030639227837,0.00023020984475091144,0.0007681207485567033,a
test_1290.jpg,0.00012724114903511197,9.043318996834849e-05,0.9996507628807068,0.0001315799837042321,c
test_1291.jpg,0.00012338177289721535,6.604150268641411e-05,0.999772915442276,3.770282624525781e-05,c
test_1292.jpg,3.5074781295330603e-06,0.9999349116546631,5.1441513272739684e-05,1.012943342394138e-05,b
test_1293.jpg,0.9972459663069153,0.002085233827183032,0.0002778755575407484,0.00039094239949442205,a
test_1294.jpg,5.1420863351801257e-05,0.9995335324977874,0.00036321916783991484,5.182263711714072e-05,b
test_1295.jpg,0.9996400453910828,0.00010247335030444972,0.0001914452873347673,6.603272778535818e-05,a
test_1296.jpg,5.485460660045334e-05,0.00010973020446679466,0.00010973020446679466,0.9997257279084015,d
test_1297.jpg,4.537871780483495e-05,0.00020496322393738075,0.00021691218715714632,0.9995327203136444,d
test_1298.jpg,0.7007056694923401,0.057715015756851194,0.23852940649234008,0.0030498968052187683,a
test_1299.jpg,0.5288899653415527,0.0024424398834430577,0.4684871907220908,0.00018039618031166733,a
test_1300.jpg,5.2575703872811985e-06,0.999920369911499,4.841852746459012e-05,2.5916569137493095e-05,b
test_1301.jpg,3.1889279501250136e-06,0.9999361645617676,4.841929524608936e-05,1.2242314374053513e-05,b
test_1302.jpg,0.8069017158790588,0.0023816979697104694,0.00044056981608640253,0.19027605158774377,a
test_1303.jpg,0.00011791707966752827,7.374030520845398e-05,0.9995101639492034,0.0002982114213975364,c
test_1304.jpg,0.00014417660587600403,0.00010407271969804301,0.00013363202587600404,0.99961812341156,d
test_1305.jpg,0.0006433789370992905,0.0010614837227081418,0.9957529167907715,0.002542224830113673,c
test_1306.jpg,5.873966067695968e-05,7.04410447238465e-05,0.9998150761389923,5.571768817695968e-05,c
test_1307.jpg,0.9995573457173157,0.00015141580492020548,0.00019442174442598327,9.681971076585293e-05,a
test_1308.jpg,3.770344476579551e-05,0.9997891783950043,0.00013981215108470378,3.3273177265795506e-05,b
test_1309.jpg,0.9998071484738159,8.546493755611897e-05,8.106798542039775e-05,2.6318921473431767e-05,a
test_1310.jpg,5.143257819205854e-05,0.9997612349308014,0.00016897028294985355,1.8347799740721122e-05,b
test_1311.jpg,2.924939981599915e-06,0.9999714369781494,2.0184877749535583e-05,5.4645075714794e-06,b
test_1312.jpg,6.602405309473396e-05,0.00017947199567430362,0.00024578815474870337,0.9995087382580566,d
test_1313.jpg,0.11585545021895409,0.0012447516125474035,0.00026154737369466353,0.8826382596466065,d
test_1314.jpg,0.9995215038303376,0.0001808772583411804,0.0002457908466859561,5.18222005950966e-05,a
test_1315.jpg,0.00024948256702515793,0.0007149514100385636,0.9989315569792175,0.00010399980090914845,c
test_1316.jpg,0.9995932261043549,0.00021692555399287162,0.0001315720002294597,5.827095240707476e-05,a
test_1317.jpg,0.002488435159825206,0.0004900019138936073,0.9961665535884857,0.0008549946071160966,c
test_1318.jpg,0.027467638273181914,0.002932617924925506,0.0040792067207344055,0.9655205452785491,d
test_1319.jpg,5.142778909499593e-05,0.00023772031364333718,0.9996681147068024,4.271857890777682e-05,c
test_1320.jpg,1.0802312790579708e-05,0.9997979423015595,0.0001398133740574825,5.143446597632859e-05,b
test_1321.jpg,2.0499713886398382e-05,3.379831491760693e-05,0.9999266270265198,1.907212588639838e-05,c
test_1322.jpg,0.6063386551261902,0.16585596494054794,0.20655620692910195,0.021249188958917857,a
test_1323.jpg,0.9997749324176788,8.546223393427824e-05,9.044443499665392e-05,4.916867893988454e-05,a
test_1324.jpg,0.9997974595561981,0.00010973819898920453,3.7924502770268355e-05,5.485857486304369e-05,a
test_1325.jpg,0.005926943346988201,0.0011670843406214834,0.9891011210948943,0.0038048959169153093,c
test_1326.jpg,4.5037320213979596e-06,0.9999439666076659,4.006304894314215e-05,1.1478257118431497e-05,b
test_1327.jpg,0.00017944266763584912,0.0003155470069858313,0.9993454214885711,0.0001595963776358491,c
test_1328.jpg,0.00011788344406762913,0.00028278767197199194,0.00036310656830647586,0.9992362569322204,d
test_1329.jpg,0.0007597603451283529,0.00028267906352363094,0.9988872102513122,7.037432266801052e-05,c
test_1330.jpg,1.9070514885583983e-05,0.999841987472992,9.045058699159908e-05,4.841471295764139e-05,b
test_1331.jpg,0.0013199990028822123,0.9876106067980956,0.008066469199235319,0.00300294755654664,b
test_1332.jpg,0.00010730728162230007,0.0001809006667989193,0.9996543563518524,5.743744655846767e-05,c
test_1333.jpg,3.1419613227341e-05,0.9991651710018158,0.0007599839432656467,4.336266414961625e-05,b
test_1334.jpg,0.9994860583050538,0.0001583798807166186,0.0002457823792867646,0.00010970391659035764,a
test_1335.jpg,7.042856984561228e-05,0.0002169352673764041,7.482472234561228e-05,0.9996377707878112,d
test_1336.jpg,0.9995179778073884,0.00021690887660005316,0.00013156189303419248,0.00013361945691270946,a
test_1337.jpg,0.0007562042137308681,0.0004586610666355267,0.0004300340166355267,0.9983551192584992,d
test_1338.jpg,0.0004303931180583763,0.0002784254005222821,0.9991887769626617,0.00010242712439477206,c
test_1339.jpg,5.257742752908656e-06,0.9999529790489197,3.7709618338735216e-05,4.094734286647159e-06,b
test_1340.jpg,0.0004047783000359839,0.00033491349124671306,0.0008972648909729988,0.9983630532024383,d
test_1341.jpg,0.0011037889434416116,0.9866251723526,0.0023015153856335282,0.009969555391439677,b
test_1342.jpg,0.9706200055984497,0.004077436943554639,0.02475073506391597,0.0005518210671898439,a
test_1343.jpg,0.01691425162750554,0.0031385497417837976,0.9792468850239563,0.0007003050690839391,c
test_1344.jpg,3.769901598104413e-05,0.00015840939769688606,0.00013158250576066882,0.9996723516227722,d
test_1345.jpg,0.00011609779699288339,0.00031558652528507886,9.606093625278697e-05,0.9994723008872985,d
test_1346.jpg,6.214824635597394e-05,9.682071505517781e-05,0.0002785291299237591,0.9995624008472442,d
test_1347.jpg,0.00014244906020841457,0.9914098702111817,0.008304966496457159,0.00014272394544652829,b
test_1348.jpg,0.00027846107067652017,0.9993158005485534,0.00035755087386153906,4.829490885260893e-05,b
test_1349.jpg,3.7705684626674694e-05,4.272613773108162e-05,7.044350163637109e-05,0.9998490792866517,d
test_1350.jpg,0.9999019547027588,4.0061364372645644e-05,4.272841387264564e-05,1.5213004287252304e-05,a
test_1351.jpg,0.0002597080469890511,0.005378453428209901,0.00029653994851419835,0.9940653132971191,d
test_1352.jpg,5.305359058641918e-05,4.917329008641918e-05,0.9998693468426514,2.8397543081132937e-05,c
test_1353.jpg,4.131446385610629e-05,5.873742548382662e-05,0.0001233822174985184,0.9997765433715058,d
test_1354.jpg,5.142867683509218e-05,0.00013979764240304725,0.00012337097861751334,0.9996854033424377,d
test_1355.jpg,0.9996115278102111,0.00016894484860088124,7.042669564322315e-05,0.00014909330677126528,a
test_1356.jpg,0.00030498374755079534,0.00040496823809432086,0.0004336074113458976,0.9988564322555542,d
test_1357.jpg,0.9998782227508545,6.604846188510739e-05,4.272740259366379e-05,1.3005713869204594e-05,a
test_1358.jpg,0.00022004488687898767,0.8979827175227356,0.0010128414865980839,0.1007844360434253,b
test_1359.jpg,4.503612651918201e-06,0.9999177357948303,5.4865231501509285e-05,2.2871231515607048e-05,b
test_1360.jpg,0.9975502111236572,0.00102258370383726,0.0002591047182326329,0.0011680450104544807,a
test_1361.jpg,2.161096657797943e-05,0.9998995541442871,6.656646680437707e-05,1.2241860626764985e-05,b
test_1362.jpg,4.272735719359145e-05,4.006037319359145e-05,4.006037319359145e-05,0.9998771685180664,d
test_1363.jpg,2.018098279260948e-05,9.04448893586751e-05,0.00010973625721854515,0.9997796428130341,d
test_1364.jpg,0.9991047604171752,0.00045900607031445145,0.0004050714346540651,3.1174951863856964e-05,a
test_1365.jpg,0.0003153591539027587,0.0007565025719568402,0.9987473987388611,0.00018073705910786377,c
test_1366.jpg,0.0016887032151411056,0.5057737598651123,0.009740662737006951,0.48279686833007035,b
test_1367.jpg,8.413774363452523e-06,0.9999083282844543,6.656707431064027e-05,1.6700168830326936e-05,b
test_1368.jpg,7.903490069809963e-06,0.9998426446833801,0.0001316049301590289,1.7810789520808083e-05,b
test_1369.jpg,0.9998844193778992,3.770702284126263e-05,6.216836882271494e-05,1.571862565232981e-05,a
test_1370.jpg,0.9998552139839172,6.216654235604891e-05,7.044392765690878e-05,1.2125986043164925e-05,a
test_1371.jpg,0.0004915810574718639,0.00011608133527340904,0.9993336589851379,5.8710984500460733e-05,c
test_1372.jpg,9.908229725979208e-05,0.9995390767858887,0.0002496360391313854,0.00011220177547940842,b
test_1373.jpg,0.00028287985123149825,0.00010246346463631942,0.999548166206665,6.654261569965725e-05,c
test_1374.jpg,0.0676919558085785,0.9318060554214478,0.00044041710550556806,6.155185177163686e-05,b
test_1375.jpg,0.9682112024570465,0.0006186510713879073,0.001974553949005857,0.02919558847446406,a
test_1376.jpg,0.002520482538106477,0.013518768298577547,0.9438550222446442,0.04010573328961134,c
test_1377.jpg,0.0001096908467342899,0.00040517878267391056,0.9993690892173768,0.00011608566405352287,c
test_1378.jpg,0.9988415320911408,0.0003573788698254758,0.00033507400482547583,0.0004660567206850678,a
test_1379.jpg,0.0006673715342572094,0.000487307814773837,0.0004586780857152435,0.9983866638313293,d
test_1380.jpg,0.00024570777028826195,0.000487695926275056,0.99918184251976,8.474883300564006e-05,c
test_1381.jpg,4.841543723914063e-05,3.562893576001726e-05,0.9998571846115112,5.874218564812814e-05,c
test_1382.jpg,0.0003294579249296278,0.0005021137228795394,0.0024343831681420324,0.9967340642887115,d
test_1383.jpg,4.2724246067341084e-05,0.00012435072056555152,0.9998053855113983,2.753109098928755e-05,c
test_1384.jpg,0.0002168238003852135,0.0002980975651766136,0.00035748201710090967,0.9991275668451691,d
test_1385.jpg,9.184687581887774e-05,0.00010972118565897271,0.00015142988735818058,0.999647015934372,d
test_1386.jpg,0.9995954582580566,0.0001944293347487034,0.00015142171567430362,5.872639309473395e-05,a
test_1387.jpg,0.9975425640213013,0.0018982680353455661,0.00042333970353606166,0.00013578270685087604,a
test_1388.jpg,1.4852896290353545e-05,0.9998941945396423,6.31414713682577e-05,2.7748864225997273e-05,b
test_1389.jpg,0.0008038180095108509,0.0002783345634696737,0.9988629521546937,5.480742014741644e-05,c
test_1390.jpg,0.000543556275463064,0.0012041710500341057,0.000984989752261287,0.9972673788795472,d
test_1391.jpg,0.9997552634420013,0.0001024849640680977,0.0001097335190680977,3.2579056401838564e-05,a
test_1392.jpg,3.562809255675465e-05,9.044979760941646e-05,4.037192047320846e-05,0.9998335519283295,d
test_1393.jpg,4.574206759071548e-06,0.9999469411888122,4.0063168530591134e-05,8.414103512705751e-06,b
test_1394.jpg,0.9996737850330353,0.00018513700865741657,0.00011502573294567645,2.606171506398212e-05,a
test_1395.jpg,0.9997770773941803,8.546239291928217e-05,0.00010973587413525239,2.774557542453135e-05,a
test_1396.jpg,7.041994747892163e-05,0.00022030076225164295,0.00019142126225164292,0.9995178592436982,d
test_1397.jpg,0.9987374850315858,0.0009178970318395928,0.00023746304978172853,0.0001071893386392618,a
test_1398.jpg,2.018369100968273e-05,4.539596873522781e-05,0.999912736353302,2.161127200968273e-05,c
test_1399.jpg,0.999856160030365,7.044399267467566e-05,3.77059495597634e-05,3.562891650044112e-05,a
test_1400.jpg,0.0011716390526028096,0.06030273979704666,0.0016070135007329226,0.936918621067047,d
test_1401.jpg,0.0008752935239893735,0.0020997201239349485,0.9968558663806915,0.00016910493218936934,c
test_1402.jpg,0.009916762541091442,0.0008826889174564361,0.005122805341841316,0.9840777815803528,d
test_1403.jpg,1.3005185377538081e-05,0.9998375676361084,0.00013160426167944478,1.7810700453880682e-05,b
test_1404.jpg,0.000362786566047515,0.0011048639446694076,0.9984202441574097,0.00011213899882596881,c
test_1405.jpg,9.680667571796153e-05,0.9991032758831024,0.0007317801924042702,6.806615989777229e-05,b
test_1406.jpg,1.097233650365219e-05,0.9998923069587707,7.982638907021641e-05,1.6830520502411252e-05,b
test_1407.jpg,0.9986515937097931,0.0009106523853997439,0.00027827525822996977,0.0001594848332810186,a
test_1408.jpg,0.9998239579056549,6.21645778901622e-05,7.044169592066758e-05,4.3393410867770913e-05,a
test_1409.jpg,6.1434525288933795e-06,0.9998763258666992,7.982512332009473e-05,3.770671546008916e-05,b
test_1410.jpg,6.207876498745603e-05,0.00014891921609177977,0.0013350623342370332,0.9984539441313934,d
test_1411.jpg,0.014949364431378901,0.45866410163516996,0.39861462220214844,0.12777186292312145,b
test_1412.jpg,0.00019142305863930449,0.0001233512674623479,0.0001596245367421135,0.9995256386782837,d
test_1413.jpg,0.0002002342279835312,0.9985419052318574,0.0004658929092853972,0.0007919417297649234,b
test_1414.jpg,0.9973118289276124,0.0009165104128868222,0.0015110703343584478,0.00026055623273088486,a
test_1415.jpg,0.0021490746463573573,0.9969657941222382,0.0006296527051543445,0.000255509684802354,b
test_1416.jpg,5.485844029336158e-05,0.9997950216725922,0.00010973792848781914,4.037032907394506e-05,b
test_1417.jpg,0.9994620808403015,0.00020494853958661122,0.00011609646675800115,0.00021689674610678492,a
test_1418.jpg,0.9997891808376312,7.981813206886344e-05,0.00010248851184535668,2.8529440179822914e-05,a
test_1419.jpg,0.9997173827383423,0.0001243393998072858,0.00011794237480728582,4.0367091163186715e-05,a
test_1420.jpg,3.379595465277466e-05,8.546942145668812e-05,0.9998586049598694,2.2115828716227634e-05,c
test_1421.jpg,5.8275925579688706e-05,0.00013158327758854167,0.00013158327758854167,0.9996786104367066,d
test_1422.jpg,0.0005179869989524931,0.0005869561862741994,0.992560025063324,0.0063350076085512165,c
test_1423.jpg,8.479790256470723e-05,9.60886178876581e-05,0.9997603307450104,5.87365488197685e-05,c
test_1424.jpg,2.0183301986088726e-05,7.044664679236017e-05,0.999893610912323,1.5718769862211582e-05,c
test_1425.jpg,0.9997670075130463,7.98163812654411e-05,0.00013159496188209772,2.1608160791509577e-05,a
test_1426.jpg,0.9987109990718841,0.0004436714786528915,0.000768274243056724,7.709854627491547e-05,a
test_1427.jpg,0.995973633391571,0.0006759327599643439,0.002885886060191423,0.0004645613284792021,a
test_1428.jpg,3.770315366335045e-05,7.043887318969815e-05,0.00010973665299034655,0.9997821541622162,d
test_1429.jpg,1.892341412268213e-05,0.9998894964942933,7.484356159882314e-05,1.6699854156814374e-05,b
test_1430.jpg,0.9993055430603027,0.0001583512793639019,0.0004877563192527026,4.8388761243633706e-05,a
test_1431.jpg,0.9996053870111847,0.00015839878870927974,0.00010886579744308374,0.00012723528870927975,a
test_1432.jpg,1.0781749775912381e-05,0.9998443063339233,0.00012339059660837725,2.1442070323513206e-05,b
test_1433.jpg,2.9358432387455612e-05,0.9996181295547486,0.00014909441338593557,0.00020339067202706812,b
test_1434.jpg,2.14429137088429e-05,4.0060633212743733e-05,5.4863367911860496e-05,0.9998836544013977,d
test_1435.jpg,0.9993287002471924,0.00045910947709899754,0.00011608104995461571,9.604713412255883e-05,a
test_1436.jpg,0.00022926004571121648,0.005217934945793986,0.994362377999115,0.0001904344553957951,c
test_1437.jpg,0.9997072493958282,0.0002097950639170906,4.9164971751946914e-05,3.379055909034719e-05,a
test_1438.jpg,9.906777735042371e-05,0.00015960183422066048,0.0003457804971460977,0.9993955774673462,d
test_1439.jpg,9.608599896932207e-05,0.9997330303980255,7.483185609092253e-05,9.608599896932207e-05,b
test_1440.jpg,0.0013885853242983223,0.0011929547792074026,0.00881481077229464,0.9886036933700562,d
test_1441.jpg,6.010739865813188e-05,0.00010408240886120253,0.9997084905818939,0.00012724734892596268,c
test_1442.jpg,1.4736887192040837e-05,0.9998431795437622,0.00011614101115198004,2.5914562459009916e-05,b
test_1443.jpg,9.606302887022809e-05,0.00017946935129402878,0.00023044321139287905,0.9994940878875733,d
test_1444.jpg,0.9989279515106202,0.00023210790587062925,0.00019429403699276315,0.0006456859098850083,a
test_1445.jpg,0.0030169452800433635,0.0008155321120698565,0.6155518436914063,0.380615632853651,c
test_1446.jpg,0.9994364545837402,0.00032050794065970837,0.00018086093824131252,6.214021240544596e-05,a
test_1447.jpg,0.00029579960550663086,0.00031549157050663086,0.00021683396559841605,0.9991719360309601,d
test_1448.jpg,5.006841261982731e-05,9.044162680236027e-05,0.00011612934195587076,0.999743342884903,d
test_1449.jpg,0.9998474650787353,7.5425723152643e-05,5.48613448777286e-05,2.222004325656041e-05,a
test_1450.jpg,0.9999328242590332,4.037596844729289e-05,2.018409210740056e-05,6.591195391863256e-06,a
test_1451.jpg,1.781175617598276e-05,0.9998958645866394,5.4864027537614043e-05,3.144367751006864e-05,b
test_1452.jpg,1.683024892912288e-05,0.999875486285553,8.480767429917764e-05,2.287026730684623e-05,b
test_1453.jpg,1.1567502902568235e-05,0.9998977854934692,7.044693958747007e-05,2.018338464183441e-05,b
test_1454.jpg,1.953056308523407e-05,0.9997327309081268,0.00020500449195415556,4.2721116050398634e-05,b
test_1455.jpg,2.2116912885012977e-05,5.572283065193504e-05,0.9999069589341736,1.5200715983509004e-05,c
test_1456.jpg,4.2726559647788856e-05,0.9998590425186158,7.044419543425181e-05,2.7747911046943087e-05,b
test_1457.jpg,0.00012335518920350195,0.00013977974797518177,0.00017948073109288305,0.9995574377562714,d
test_1458.jpg,0.9888484835128784,0.009694329428092957,0.0011067913614551902,0.00035045183928995193,a
test_1459.jpg,0.9996466061817932,0.00016895101550689444,0.00014909877615936577,3.5345006680630544e-05,a
test_1460.jpg,0.002036232888589752,0.007609253878382922,0.0013222900317811728,0.9890321801532745,d
test_1461.jpg,5.482732897283684e-05,0.0004590621806631565,0.0002610560919689527,0.9992250784265899,d
test_1462.jpg,0.00012431976435196533,0.00010971180282621346,0.00020496863023045003,0.9995610250205993,d
test_1463.jpg,0.9997334380245209,0.0001161281382823582,0.0001243416532823582,2.606342528716279e-05,a
test_1464.jpg,5.485469937365659e-05,0.0001024820757121893,0.00011612740291286661,0.9997265336783601,d
test_1465.jpg,2.5916259024163484e-05,3.770793212276187e-05,2.7749294024163484e-05,0.9999085787254334,d
test_1466.jpg,0.00010408262854644582,0.9997020670402527,0.0001584141138911797,3.5346967792773435e-05,b
test_1467.jpg,5.069815946343097e-05,9.044975004767053e-05,0.9998337913795472,2.50598640027557e-05,c
test_1468.jpg,0.03666576759502649,0.9367973628074646,0.02519999127424264,0.0013369433555765987,b
test_1469.jpg,2.4486748473431768e-05,0.9998302184738159,7.044217542039775e-05,7.483912755611897e-05,b
test_1470.jpg,5.486137487772859e-05,7.5425763152643e-05,0.9998480650787354,2.1609843256560413e-05,c
test_1471.jpg,0.0029919620677591324,0.0013611089314138711,0.0006650360297249717,0.9949818799507142,d
test_1472.jpg,2.144342037485743e-05,4.841789272750808e-05,0.999907257214508,2.2870992362590674e-05,c
test_1473.jpg,1.611248555380535e-05,0.999885870237732,6.656550761171222e-05,3.1443318290467974e-05,b
test_1474.jpg,0.9998993887489318,4.917492170190389e-05,4.2728281201903886e-05,8.668083866386706e-06,a
test_1475.jpg,1.0803623429218553e-05,6.217054412716005e-05,0.9999190459579468,7.950399187865738e-06,c
test_1476.jpg,0.00010968563250006288,0.00037987013580807,0.9993190484653474,0.00019138357170414582,c
test_1477.jpg,0.00013774416386631527,0.00018084885026853383,0.9993762879096986,0.0003051435865627222,c
test_1478.jpg,0.9448769962986756,0.05121989728948784,0.00279464513163054,0.0011084418322947502,a
test_1479.jpg,9.533720160233329e-06,0.9998735292617797,8.547077749499268e-05,3.144294097314947e-05,b
test_1480.jpg,0.9969872695850373,0.0019386198729017378,0.0007293288644426978,0.00034482148395783245,a
test_1481.jpg,0.9994967945892335,0.00022029529834578305,0.00015140660196493892,0.0001315588446073006,a
test_1482.jpg,0.0002785190848153144,7.979725363445035e-05,0.00011610403461002455,0.999525518747406,d
test_1483.jpg,0.0025458776507227363,0.0010141388072218956,0.9960495511103821,0.0003904229939461753,c
test_1484.jpg,5.0697542787961996e-05,9.083501055286996e-05,0.999830036913147,2.8396245152485952e-05,c
test_1485.jpg,2.9367263030606327e-05,3.327747633930622e-05,0.9999182340972901,1.9071990453309677e-05,c
test_1486.jpg,4.0060971378758266e-05,4.0060971378758266e-05,0.9998921163311767,2.7748851641604602e-05,c
test_1487.jpg,1.6830949560153604e-05,0.9999169784461975,5.14405892760815e-05,1.4737974560153604e-05,b
test_1488.jpg,0.0004302541621825001,0.9988661691963958,0.0004660651453610587,0.00023752443873945294,b
test_1489.jpg,0.00010189193211619157,0.005378330696354747,0.00046371198417575625,0.9940561042201232,d
test_1490.jpg,0.0002047983050381775,0.0003153506259798768,0.9987234007778167,0.0007564866371462644,c
test_1491.jpg,0.9940145289463806,0.001199674275342065,0.0044301774910036566,0.0003555970020748386,a
test_1492.jpg,0.9999154821205138,5.486510588879539e-05,2.2871178597228906e-05,6.7771973752258025e-06,a
test_1493.jpg,0.00019405536437282504,0.022566754163559317,0.0020016850279366907,0.9752374531681061,d
test_1494.jpg,0.9993479560268402,0.00017944311738891006,0.00020333569225285128,0.0002692854450050548,a
test_1495.jpg,2.2871434347921608e-05,0.9999262759109497,2.93675021331217e-05,2.144382784792161e-05,b
test_1496.jpg,7.482831060567521e-05,0.00012337101427880063,0.9996857084350586,0.00011612272349344514,c
test_1497.jpg,0.0002200993353294191,0.000803617087212351,0.00036288246194993883,0.9986133365684509,d
test_1498.jpg,0.0023479875398730874,0.0010557529757189035,0.004931936079056358,0.9916642634555817,d
test_1499.jpg,2.113631945021052e-05,0.9999316457008363,3.770879845617634e-05,9.534276900371685e-06,b
test_1500.jpg,0.0002691376557986283,0.0003629565195878992,0.0005280985950768292,0.9988399128070831,d
test_1501.jpg,0.999619327041626,0.00013157529738768591,0.00020498100779670612,4.417965471258456e-05,a
test_1502.jpg,3.829526633384425e-05,0.9998455327425384,6.313822461333243e-05,5.30522909789966e-05,b
test_1503.jpg,0.00016126316400214168,0.22365148764601137,0.776004241021347,0.00018302678948639155,c
test_1504.jpg,1.722318192056987e-05,7.54237055447659e-05,8.546626106027517e-05,0.999821870403595,d
test_1505.jpg,7.981125539486408e-05,0.00010247956893770114,0.00011612456436793498,0.9997015809108734,d
test_1506.jpg,0.0004241248228881866,0.9990477327518463,0.0004241248228881866,0.00010400955204983387,b
test_1507.jpg,0.0002979996921669963,0.0004913184505284679,0.0004049484579678372,0.99880576966362,d
test_1508.jpg,1.4737572756160267e-05,0.9998896863311768,7.9826195791488e-05,1.5718709756160265e-05,b
test_1509.jpg,0.0013175980009826123,0.004980923663087488,0.000622389185893336,0.9930791436176301,d
test_1510.jpg,0.00061372703251684,0.00032850443797318726,0.025307044149123194,0.9737507427854156,d
test_1511.jpg,0.0005509781620930002,0.009026704169877529,0.9893718357577514,0.0010505468974980235,c
test_1512.jpg,5.1814544389476304e-05,0.0003155547479031715,0.00026109436177024095,0.9993715560932159,d
test_1513.jpg,0.00013360983086574442,0.0002611137047081226,0.9994456209342957,0.00015961150270656302,c
test_1514.jpg,1.0973092419163412e-05,2.2872204875344826e-05,0.9999603016767884,5.873473129949977e-06,c
test_1515.jpg,5.570093371037472e-05,0.9995383022724915,0.00035914229544616115,4.680273829415884e-05,b
test_1516.jpg,0.999738311510849,8.106197119611196e-05,0.00014419464556825705,3.645811787046103e-05,a
test_1517.jpg,0.9995299522434234,0.00026317688807502243,0.0001408684334633215,6.602545546392557e-05,a
test_1518.jpg,0.0005698956960715669,0.9990564210018158,0.00020486206501657247,0.00016884944095063508,b
test_1519.jpg,3.535000888266562e-05,0.9997881199985504,0.00014090531430471152,3.562644287664398e-05,b
test_1520.jpg,0.0002167575857218291,0.0005281023358576044,0.998824858347702,0.00043023635085760444,c
test_1521.jpg,0.00016877472915841207,0.0003153127187502363,0.0009177175237446952,0.9985982167191314,d
test_1522.jpg,0.0002828232261602202,0.0002692840663470589,0.00011608152299142301,0.9993318073719024,d
test_1523.jpg,0.9998525526596069,7.044373581708051e-05,6.216637685348645e-05,1.4852289755103208e-05,a
test_1524.jpg,0.24263350808591844,0.008259017022447919,0.6952519031246185,0.05385555314045048,c
test_1525.jpg,0.00037431804698460404,0.00040506183220556614,0.999071656416626,0.00014901210454945044,c
test_1526.jpg,6.214078009509659e-05,0.00024577262168595614,0.00024961569834118036,0.9994424288303375,d
test_1527.jpg,0.00014081147577435583,0.0005699447657114744,0.00014902169577435582,0.9991402628224182,d
test_1528.jpg,0.9998291449142456,0.00010409554420480162,5.3051374146403445e-05,1.3740112505781891e-05,a
test_1529.jpg,0.0003823925531771064,0.0012659950005546809,0.9981829502176667,0.00016870057374858974,c
test_1530.jpg,6.654981028316319e-06,0.9998794221923828,9.61000659596992e-05,1.781145258269055e-05,b
test_1531.jpg,0.9997293635346223,0.0001179434378659784,0.00010408471412770569,4.86155149496679e-05,a
test_1532.jpg,1.7810816026635208e-05,4.272591488267109e-05,9.609660090199895e-05,0.9998433543571472,d
test_1533.jpg,0.9997323733742522,0.00013159057417973504,0.00010973121099263058,2.631705133936578e-05,a
test_1534.jpg,0.8913897213443756,0.019095165005900146,0.08353004046772958,0.005985029382168114,a
test_1535.jpg,0.0009645556407545841,0.0010160259064981281,0.9978507818817139,0.00016863853821483374,c
test_1536.jpg,0.00010962653750545457,0.000986585335545674,0.9988048724243164,9.90069899672281e-05,c
test_1537.jpg,0.9997652238857269,7.541983907011501e-05,0.00014419992659050557,1.5189148830710632e-05,a
test_1538.jpg,0.0002785040153320789,0.9994738613739014,0.00019440614632069246,5.328298000044476e-05,b
test_1539.jpg,0.00021687937842007355,0.00020493176852842422,0.00019438803283055873,0.9993838247150422,d
test_1540.jpg,1.0128914127446077e-05,0.9998836508666993,8.480836575003322e-05,2.1442912919560127e-05,b
test_1541.jpg,0.00013776280054634302,0.00014415903667731075,0.00020975014680854216,0.9995082654380798,d
test_1542.jpg,2.0498429716227634e-05,0.9998646399598694,8.547000145668813e-05,2.9365664152774664e-05,b
test_1543.jpg,0.0006173309045119971,0.0003227674170669013,0.998802511198349,0.0002573418265316259,c
test_1544.jpg,0.9998642823098756,5.486229731024629e-05,5.486229731024629e-05,2.5915132217684838e-05,a
test_1545.jpg,8.479856368353374e-05,8.479856368353374e-05,6.216115452651222e-05,0.9997681318149567,d
test_1546.jpg,0.00026311186339175556,0.0003155271053447411,0.999280544757843,0.0001408336297280459,c
test_1547.jpg,0.0005282530595905591,0.00016885934166333645,0.00019134269629518926,0.9991115576690675,d
test_1548.jpg,0.9996027968315124,6.654623207496148e-05,0.0002496541271535519,8.10508298142083e-05,a
test_1549.jpg,0.9995822203136444,0.00019143414715714632,0.00017948518393738074,4.684438980483495e-05,a
test_1550.jpg,0.00040501517492141036,0.00029573809405270457,0.9989642016239166,0.0003351151513949895,c
test_1551.jpg,3.3276843229934145e-05,4.2728310470110045e-05,0.9998996287033082,2.4298391546657584e-05,c
test_1552.jpg,0.001062809746148932,0.0014112781461489321,0.997280658760376,0.00024523762390773,c
test_1553.jpg,3.119749610622799e-05,7.542425381656728e-05,6.604510131656729e-05,0.9998272916366577,d
test_1554.jpg,0.0020311429361652374,0.002954879663654709,0.008599710026940106,0.9864142145317077,d
test_1555.jpg,0.9995469217098236,0.00019142740422947645,0.00017947884922947646,8.221155158492655e-05,a
test_1556.jpg,2.9366601463980532e-05,0.9998964100746155,3.379728946398054e-05,4.0374468845418845e-05,b
test_1557.jpg,0.03415384703557682,0.00047127792922346,0.9613500292484283,0.004024841943644404,c
test_1558.jpg,0.00011211940086640745,0.0012045147614999521,0.0004110218589448017,0.9982723047641754,d
test_1559.jpg,1.5963782508018854e-05,5.874111960982357e-05,8.546782975709624e-05,0.9998398221702576,d
test_1560.jpg,0.999812412091446,7.483779168162912e-05,9.609362157111191e-05,1.6698566234565517e-05,a
test_1561.jpg,0.9998206785111237,9.18633454438889e-05,7.542357694058247e-05,1.1985942269876327e-05,a
test_1562.jpg,0.0003631044697574642,0.00019435579213553488,0.9992328417304992,0.0002096909871355349,c
test_1563.jpg,0.9985092927021026,0.0008703843492924452,0.0004435760433245957,0.00017670369706417472,a
test_1564.jpg,7.541407919839599e-05,0.00019145548770216168,0.999694792817154,3.828951754852774e-05,c
test_1565.jpg,0.9996728919946289,9.608021363403542e-05,0.00016895539542800128,6.215527181399993e-05,a
test_1566.jpg,1.4852911159872773e-05,0.9998935400054931,5.828845698872947e-05,3.327664311869664e-05,b
test_1567.jpg,0.0033494404001737357,0.9867197118888855,0.004063681921363783,0.005867249224730015,b
test_1568.jpg,0.07272203620455742,0.8314672702243042,0.08814580662408829,0.0076648469160743955,b
test_1569.jpg,0.00021482056598499637,0.5012557946519378,0.498225408419504,0.00030396204719484034,b
test_1570.jpg,0.9736019332260132,0.008055197543996858,0.0013015648473554014,0.017041296376428844,a
test_1571.jpg,0.00048593849409460843,0.0036185213578951957,0.9955812037254334,0.000314366871314556,c
test_1572.jpg,0.9975320524806977,0.0012035917207808167,0.0010387254762762158,0.00022561837496578351,a
test_1573.jpg,0.9779778849861145,0.007157752056600929,0.010414467151771425,0.0044499844293556575,a
test_1574.jpg,0.9997690931613923,8.546158299034968e-05,0.00010408920770847104,4.131392600573935e-05,a
test_1575.jpg,0.4555164743916626,0.002962102204543674,0.07986579181245804,0.461655638341856,d
test_1576.jpg,0.00038282065114801585,0.00027844836575118215,0.9992683509480286,7.040247143176931e-05,c
test_1577.jpg,0.9996621052127839,0.00019444285285890356,0.00010972287501153945,3.37891008388401e-05,a
test_1578.jpg,0.00043366408273883667,0.0004050198627388367,0.9989805442352295,0.00018077807685242534,c
test_1579.jpg,9.683693072995618e-05,8.479514811890647e-05,0.9997278463062287,9.044022166174352e-05,c
test_1580.jpg,0.9995460790957642,0.00015838939616470336,0.00019142698049488544,0.0001040661503068456,a
test_1581.jpg,6.341763973299271e-06,0.9999083990516663,7.044769638170779e-05,1.4737848237557935e-05,b
test_1582.jpg,0.5001716950887146,0.0005539902770510173,0.4988651809787214,0.00040916826337019415,a
test_1583.jpg,0.9998784651451111,5.874341346654653e-05,3.8296630152844985e-05,2.4487900296291884e-05,a
test_1584.jpg,0.000489142931416607,0.9946373630081177,0.00029445715879433546,0.004579021153554034,b
test_1585.jpg,5.4864131220010046e-05,3.144373298924545e-05,0.9998978911445617,1.5718836972704618e-05,c
test_1586.jpg,0.0031944359575769663,0.0004898826142401203,0.0003815209604642927,0.9959341940048219,d
test_1587.jpg,7.706594257746e-05,0.9989252708622742,0.00028269800431076524,0.0007149452308480143,b
test_1588.jpg,0.9998846067265319,5.8743827552610114e-05,4.272765305976886e-05,1.3871637972199596e-05,a
test_1589.jpg,4.840377535642257e-05,7.042708051494217e-05,0.0002632004016067183,0.9996179538787842,d
test_1590.jpg,0.9998800772158813,3.7706867442898755e-05,6.604858145478948e-05,1.6193805293407776e-05,a
test_1591.jpg,0.00014908848177126526,0.00019442713360088125,0.9995811078102113,7.540525564322316e-05,c
test_1592.jpg,7.981201145848535e-05,0.00010248065539018552,0.9997135682346344,0.0001040836060344717,c
test_1593.jpg,9.044175124767423e-05,9.044175124767423e-05,0.9997442956758881,7.483269646402697e-05,c
test_1594.jpg,0.4923688158197403,0.3938885860840607,0.00683701135222888,0.10690561654211521,a
test_1595.jpg,1.4089535690334463e-05,0.9999470722117615,2.28718992096573e-05,1.596553600522699e-05,b
test_1596.jpg,8.938529229365485e-06,4.574866413370308e-05,8.480640538915404e-05,0.9998605265426636,d
test_1597.jpg,2.018440329423828e-05,2.018440329423828e-05,0.9999480293281555,1.15680881901801e-05,c
test_1598.jpg,0.0001808718206792876,0.00015140637159991488,0.00017156589999457747,0.9994961927783966,d
test_1599.jpg,0.00037436041631009936,0.9991885420608521,0.0001913575698563905,0.00024571133631009936,b
test_1600.jpg,6.975027996455418e-06,0.9998740515647888,9.609954883533105e-05,2.2870236655542266e-05,b
test_1601.jpg,6.31264822267779e-05,0.00023771901048944593,0.9996684171646881,3.074441509005848e-05,c
test_1602.jpg,0.999858430657959,9.045205641661875e-05,3.829588244991129e-05,1.2759478049506384e-05,a
test_1603.jpg,6.216524179443583e-05,6.604554273188912e-05,0.9998340597760009,3.770512766555026e-05,c
test_1604.jpg,2.5914902841568796e-05,3.327539548731047e-05,8.480601924978982e-05,0.9998559998451233,d
test_1605.jpg,0.00043387006121486243,0.9992359278541565,0.00012069027425284042,0.00020953075081849606,b
test_1606.jpg,4.2727658853493355e-05,5.184124627271798e-05,0.9998849038194275,2.049885718790641e-05,c
test_1607.jpg,4.841272317671316e-05,0.9998006894870758,5.485880313484508e-05,9.609249555057422e-05,b
test_1608.jpg,9.608538051292487e-05,7.483137223974119e-05,0.00010248214778879844,0.9997265930963898,d
test_1609.jpg,2.5913724370461028e-05,9.684504756825706e-05,6.604403119611196e-05,0.9998111615108489,d
test_1610.jpg,5.485985079639224e-05,0.9998191573001862,0.00010249164861218728,2.3560410154440106e-05,b
test_1611.jpg,4.2727306239140626e-05,5.828744084105283e-05,0.9998760846115112,2.2870280150773544e-05,c
test_1612.jpg,0.00011792742185115077,0.00023226736592372449,0.9995940937626648,5.5704966553814633e-05,c
test_1613.jpg,0.9987360252552795,0.0006676044196778118,0.0002167401908651246,0.0003796484975291157,a
test_1614.jpg,9.907023058970556e-05,0.0001336044006191237,0.000345789063026616,0.9994215352680207,d
test_1615.jpg,0.00018089218705727846,6.654652333983586e-05,0.9996034821121216,0.00014909196746808634,c
test_1616.jpg,5.8733030501876966e-06,0.9999321110961914,5.184372107002768e-05,1.0208634195624335e-05,b
test_1617.jpg,0.9994428749113464,0.00027849567256044594,0.00016891616282273307,0.00010969901184691959,a
test_1618.jpg,0.00020924420886010825,0.0014785734002179802,0.9979791856063842,0.00033304725917933896,c
test_1619.jpg,9.68365724675604e-05,0.00011612715618798219,0.9997248159786225,6.215838469011858e-05,c
test_1620.jpg,1.3107510349421965e-05,5.486334932718233e-05,4.841673621053391e-05,0.9998835943778992,d
test_1621.jpg,3.8266019861898465e-05,0.9991302845157624,0.0007599551015238559,7.149033087443834e-05,b
test_1622.jpg,1.2241686532653421e-05,0.999885067401123,9.045450854791392e-05,1.2241686532653421e-05,b
test_1623.jpg,3.3143302162233254e-06,0.999953503630066,3.563240514004873e-05,7.541635019031735e-06,b
test_1624.jpg,0.0002611329521954855,0.00014907966540110006,0.9995193486064148,7.042024640899613e-05,c
test_1625.jpg,0.0009395721579092455,0.9986485562294769,0.00019007082300608557,0.00022177462607585738,b
test_1626.jpg,1.0129302584964238e-05,0.9999219874923706,5.486546998512781e-05,1.3006283104065775e-05,b
test_1627.jpg,0.9988385158969116,0.0006990736300127655,0.00017363363660426214,0.000288760298828636,a
test_1628.jpg,0.9987278412754059,0.00027829404512822717,0.0008705981799119174,0.00012325279976590066,a
test_1629.jpg,0.9997882867195893,0.00014090538061343208,3.648993150287755e-05,3.427911923334919e-05,a
test_1630.jpg,0.006072868344655215,0.9916262384338379,0.0007671847959298298,0.0015337649758626073,b
test_1631.jpg,0.681620299464264,0.002750548877824998,0.3154322426972771,0.0001968913590958059,a
test_1632.jpg,0.00010888867822954435,0.9998155230452728,5.873977332048011e-05,1.682922668128099e-05,b
test_1633.jpg,4.0369554019259023e-05,5.8737352875268946e-05,0.00012434698164209536,0.9997765439756012,d
test_1634.jpg,0.2866140627246857,0.004452747748836089,0.021658850047296525,0.6872743093353272,d
test_1635.jpg,0.0004915443860286004,0.00020490618852542816,0.9992608723234557,4.2700788771753636e-05,c
test_1636.jpg,4.5385875267831574e-05,0.00012337159332541765,0.00014089162332541762,0.9996903888179779,d
test_1637.jpg,0.8794527747283936,0.022256489665725708,0.03889835334968948,0.059392388706771854,a
test_1638.jpg,0.9995957892285157,0.00011611200724976369,0.00020497597898497136,8.317999929753042e-05,a
test_1639.jpg,0.0001097224095215085,0.0001490993668206531,0.9996507140419006,9.043334020725406e-05,c
test_1640.jpg,0.999620171087799,8.544881829809665e-05,0.0002632008750631155,3.119103540696372e-05,a
test_1641.jpg,0.9994988242893219,0.0002496270898733631,0.0001243114333175736,0.00012721979322491043,a
test_1642.jpg,1.8924506785354842e-05,2.591726852526339e-05,0.9999471914445496,7.950618238945512e-06,c
test_1643.jpg,8.357426519483424e-05,0.00015613728583277448,0.9996971339160919,6.312823641113817e-05,c
test_1644.jpg,0.00019390641861155166,0.001986463366489619,0.9971428508136749,0.0006767999427808357,c
test_1645.jpg,0.00015107350249989228,0.7975866599380493,0.20154477108826446,0.0007175211193343395,b
test_1646.jpg,0.00010884489775474354,0.00033788678468280227,0.9994134907849884,0.00013975961981267752,c
test_1647.jpg,0.0003575564919391218,7.978152386420279e-05,0.9993304325585175,0.00023220753950533196,c
test_1648.jpg,8.413922095542895e-06,1.4738097351657236e-05,5.144102061422318e-05,0.9999253144691467,d
test_1649.jpg,0.0026436752302636444,0.0006437256330521137,0.0005680858656763002,0.9961445642913056,d
test_1650.jpg,2.2869888087245566e-05,0.00010409904042077497,0.9998599857505799,1.300547702050856e-05,c
test_1651.jpg,2.7746088756560412e-05,7.15414173777286e-05,0.000104092143152643,0.9997966000787353,d
test_1652.jpg,0.00024515697413084745,0.0020526744356684805,0.9969470365886688,0.0007551457650720072,c
test_1653.jpg,0.00010288413476270489,0.999407412258606,0.00035758140272254497,0.00013210583942339585,b
test_1654.jpg,0.0012304262651301598,0.5021428518299729,0.4964365210795532,0.00019021050677832185,b
test_1655.jpg,0.012755509851494729,0.01887282788662791,0.0005780391515752762,0.9677935552293395,d
test_1656.jpg,1.2434013547378397e-05,0.9999505993751525,2.448969666829963e-05,1.2434013547378397e-05,b
test_1657.jpg,7.980922622387893e-05,7.482761451407e-05,0.00016895600613160358,0.9996764048077393,d
test_1658.jpg,0.0055211316596366165,0.9938525562043763,0.0004999383384006068,0.0001264042036233815,b
test_1659.jpg,6.975920677042097e-05,0.9995608492118835,0.00031561418255873026,5.3703183637548606e-05,b
test_1660.jpg,9.683532963011382e-06,0.999941039491272,4.273008009888783e-05,6.552870500154427e-06,b
test_1661.jpg,9.533835733497392e-06,0.9998843137268066,9.045444151238016e-05,1.571862560263544e-05,b
test_1662.jpg,0.9977030735755157,0.0017529046237532377,0.0004044930191875562,0.00013952042903377966,a
test_1663.jpg,0.9996345448547364,0.00014088337736600624,0.00016894858808775737,5.5707455369462224e-05,a
test_1664.jpg,0.0005627884080557301,0.05398504497399807,0.9451108595851898,0.0003413484358315295,c
test_1665.jpg,0.998224259442215,0.0006304932898749114,0.0005888512091152818,0.0005564083841152817,a
test_1666.jpg,0.0010164529208051562,0.0005277099312910855,0.00031515823298657893,0.998140718693161,d
test_1667.jpg,3.535349602227323e-05,6.216852318473614e-05,0.9998866897732543,1.5718663242835108e-05,c
test_1668.jpg,0.9995205426235962,0.00033048007055455967,9.183411165180542e-05,5.716370440736994e-05,a
test_1669.jpg,3.644300438896734e-05,0.0005202265170778012,0.00013974424527218236,0.999303617747879,d
test_1670.jpg,0.0016110006995392798,0.9895906765244293,0.001924771605435443,0.006873522734862327,b
test_1671.jpg,0.9939928616695404,0.0023189451358727933,0.001260488919542408,0.0024277051489133418,a
test_1672.jpg,6.656476039507505e-05,3.7706618205816706e-05,0.9998741167749023,2.1610411726568276e-05,c
test_1673.jpg,8.545653702490672e-05,9.043839702490672e-05,0.00011612520268581002,0.9997080361099243,d
test_1674.jpg,0.4398885245002365,0.5568309326908112,0.002976339844994217,0.0003041886388135454,b
test_1675.jpg,1.5718707656814374e-05,0.9998891964942932,7.484354159882314e-05,2.0183220122682126e-05,b
test_1676.jpg,2.591518960114494e-05,4.005998272219818e-05,0.9998674374494934,6.656434584177442e-05,c
test_1677.jpg,3.3277170749086426e-05,3.563083935487876e-05,0.9999095914237977,2.1443469693846833e-05,c
test_1678.jpg,4.956160615994249e-05,0.9997520328918457,0.00014974769961104527,4.861595832415774e-05,b
test_1679.jpg,0.00022713721726445258,0.00019142093639703557,0.999518361032486,6.311685248228203e-05,c
test_1680.jpg,0.9991965555278778,0.0004609681494539484,0.00019434410447293713,0.0001481657369892747,a
test_1681.jpg,0.9989094155277252,0.0008101296843010205,0.00015952399354244844,0.0001209413263530919,a
test_1682.jpg,0.9997627730231475,8.546123077160552e-05,0.00011613157526622012,3.5625538793922217e-05,a
test_1683.jpg,9.609248827461661e-05,5.4858799496866276e-05,4.8412721357723754e-05,0.999800629882431,d
test_1684.jpg,0.00010249099433761507,5.4859474201185376e-05,0.9998132705791474,2.9364161401267563e-05,c
test_1685.jpg,1.5718803660377796e-05,0.9998960352142334,6.656622857894928e-05,2.161089015515957e-05,b
test_1686.jpg,0.00037445167342531295,0.0001794584165626475,0.9994331245243073,1.299992391867662e-05,c
test_1687.jpg,0.00010407908979975015,6.810842732306638e-05,0.00015143417919214548,0.9996763454975128,d
test_1688.jpg,0.9998895609123231,4.8417015842400085e-05,4.037420331738313e-05,2.161075298608873e-05,a
test_1689.jpg,0.00015840195572867542,0.0001243281110767282,9.184533357714973e-05,0.9996254149404145,d
test_1690.jpg,0.9999023086328125,4.272842117525357e-05,4.272842117525357e-05,1.2241898255860352e-05,a
test_1691.jpg,0.9996880688152313,0.00010731094306924283,0.00014089034609102218,6.371237782202608e-05,a
test_1692.jpg,4.8397850678266995e-05,0.9994948814208984,0.00040523024132246735,5.1418875573400446e-05,b
test_1693.jpg,0.9996058045547485,0.00023227118202706813,0.00013157402338593557,3.0363833387455614e-05,a
test_1694.jpg,1.2242398519735464e-05,0.99994318723526,3.144516552726451e-05,1.3108294269735463e-05,b
test_1695.jpg,8.742347754994451e-05,0.9985223613803864,0.0008704162005356479,0.0005198142049585414,b
test_1696.jpg,5.872225498228204e-05,0.00022030158139703558,0.00019441547226445256,0.9995265610324859,d
test_1697.jpg,1.261092798165404e-05,0.9998154089756012,0.00014912383498310328,2.286888055806844e-05,b
test_1698.jpg,9.008796233497392e-06,0.9998998637268066,7.542972901238017e-05,1.571888460263544e-05,b
test_1699.jpg,1.1837227795441325e-05,0.9998156730549621,0.00015967095454712943,1.2818271795441325e-05,b
test_1700.jpg,0.0002303282161163217,0.0003154354909565276,0.00045895593688684256,0.9989953023703766,d
test_1701.jpg,0.00183931666251446,0.0010299152703705907,0.9967266425189971,0.00040411658149885535,c
test_1702.jpg,0.00016878056620794982,0.0002167185431332566,0.9986432790332794,0.0009712651260478139,c
test_1703.jpg,1.3871670136783792e-05,0.9998862151921082,6.216850676053087e-05,3.770710825577553e-05,b
test_1704.jpg,4.5744107439884546e-05,8.546125193427824e-05,0.00010408883299665391,0.9997646824176789,d
test_1705.jpg,0.9995391553371429,0.00019142569648375435,0.00024579543922775387,2.355379549543682e-05,a
test_1706.jpg,0.996666104698944,0.00219717869613083,0.0007549155847705901,0.0003818383111723864,a
test_1707.jpg,0.0014185163100092352,0.0013509009045881868,0.3540881438378525,0.6431424413291931,d
test_1708.jpg,1.7223243488031117e-05,0.9998262151008606,0.00012435316874641263,3.2177252234066316e-05,b
test_1709.jpg,3.143874174776379e-05,0.00016896673169834644,5.873529967152085e-05,0.9997408473499299,d
test_1710.jpg,9.60189940589986e-05,0.999035932201767,0.0003154488824916533,0.000552551153607437,b
test_1711.jpg,0.9997624078144074,0.00011613160910354742,6.655733157960449e-05,5.4856767579604496e-05,a
test_1712.jpg,8.544398211464285e-05,0.00015963036857143,0.00019143018211553633,0.999563546846695,d
test_1713.jpg,2.1442575332111144e-05,4.841598072275916e-05,6.216734451456538e-05,0.9998679151229859,d
test_1714.jpg,0.9977593832115174,0.0017514840662949441,0.0003298263631225118,0.00015932642370807513,a
test_1715.jpg,1.020815899851777e-05,0.9998847736106873,8.480845918312191e-05,2.018312911379869e-05,b
test_1716.jpg,2.7743272638875897e-05,0.9996964510021209,0.0001514376983886595,0.00012433672380542332,b
test_1717.jpg,0.0005524674916824728,0.00046607981668247284,0.9988846802497864,9.675635935919889e-05,c
test_1718.jpg,0.5109041147800446,0.4884898724515915,0.0003562819620792872,0.00024969411499942184,a
test_1719.jpg,0.0001040732612416458,0.00012432699279662406,0.00015142570082240343,0.9996201716448975,d
test_1720.jpg,6.215000197121524e-05,0.00019143481748477577,0.0001596343770601201,0.9995867830120087,d
test_1721.jpg,0.9997933489299774,9.044621559002079e-05,9.609179059002079e-05,2.0141933320791883e-05,a
test_1722.jpg,5.182919315568868e-05,0.00027855477110060424,0.9996538654823304,1.5714983819221902e-05,c
test_1723.jpg,0.0005445377588542371,0.00035741562885423716,0.0001714652015212555,0.9989265925598145,d
test_1724.jpg,0.0007727977718805999,0.02080488542104602,0.9780849196303558,0.0003373554377040294,c
test_1725.jpg,5.571099421290526e-05,0.00020979424689196972,0.999703092275238,3.143738243743588e-05,c
test_1726.jpg,0.00011794390661347896,6.655494350045935e-05,8.545823621757158e-05,0.9997300702957153,d
test_1727.jpg,3.378791641659123e-05,0.9996252353897095,0.00029824706112228396,4.2716474155942105e-05,b
test_1728.jpg,4.0058405259688344e-05,0.9998280682180787,0.00011613926059596516,1.5717738289208715e-05,b
test_1729.jpg,0.999757468813858,0.00014911505594256879,5.304767389269654e-05,4.036878641127235e-05,a
test_1730.jpg,6.216254962088824e-05,8.48004904008925e-05,6.216254962088824e-05,0.9997908493488312,d
test_1731.jpg,0.0008569733654320687,0.0005522271361487168,0.9984500703699493,0.00014071588126011566,c
test_1732.jpg,2.591143566255672e-05,0.9997237061790467,0.00020500267994086297,4.538738729032567e-05,b
test_1733.jpg,5.103362104629416e-06,0.9999375922587586,5.1844013657476666e-05,5.464318904629416e-06,b
test_1734.jpg,0.007468075749486923,0.46794740127696993,0.001031963621344465,0.5235525239826202,d
test_1735.jpg,2.591741931898788e-05,1.2242523231490235e-05,0.9999529233978272,8.939355243790548e-06,c
test_1736.jpg,0.0016209806827029525,0.995217741473465,0.002882815835690975,0.0002784558322594276,b
test_1737.jpg,3.1432264182914565e-05,0.9995357713752746,0.0004052468122297928,2.7523667955794422e-05,b
test_1738.jpg,0.9997239430480194,9.683638850586496e-05,0.00012434038589979933,5.485450858268646e-05,a
test_1739.jpg,4.917364749125689e-05,0.9998740577052307,3.899842685861764e-05,3.770661332602864e-05,b
test_1740.jpg,0.0001490806991140592,0.00021691101367486508,0.9995251989326477,0.0001088570643359957,c
test_1741.jpg,3.3784989463535845e-05,0.9995405961029815,0.00038292388300924896,4.271283086058881e-05,b
test_1742.jpg,0.0004242341951031789,0.9992727636229706,0.00017152481345456913,0.00013152861283333674,b
test_1743.jpg,0.00031376630552019176,0.9936755573244476,0.001918245131837696,0.0040924433973729725,b
test_1744.jpg,3.482118262453505e-05,0.9992261208789825,0.0001943524525324346,0.0005446949581774116,b
test_1745.jpg,0.00028911071417460354,0.16697102262815477,0.0021901078210312726,0.8305497848056793,d
test_1746.jpg,0.9998151081143951,9.609387941952244e-05,6.216407605319756e-05,2.669734113280798e-05,a
test_1747.jpg,2.1610481204303988e-05,0.9998769140060425,7.982515792531058e-05,2.1610481204303988e-05,b
test_1748.jpg,0.9990747553536224,0.00020965625127849355,0.0006782572609346926,3.7320113528574686e-05,a
test_1749.jpg,0.9994696997150421,0.0003576058077136755,0.00014907248264332115,2.3644232670093647e-05,a
test_1750.jpg,1.1478168695611636e-05,0.9999362843986511,3.327806726498788e-05,1.892430005548533e-05,b
test_1751.jpg,0.18732583873329162,0.002134982742169559,0.0004068973228800681,0.8101323034927368,d
test_1752.jpg,1.0802217694247285e-05,0.9997898937212372,0.00019147389098337188,7.887666917637036e-06,b
test_1753.jpg,3.119008935089228e-05,0.0002828924103413571,9.607223339475355e-05,0.999589861461029,d
test_1754.jpg,3.640923090062159e-05,0.9985629622004699,0.00046060133289162365,0.0009400185763091371,b
test_1755.jpg,0.0011911896593498528,0.9863040166748047,0.011686119180764436,0.0008186918565589499,b
test_1756.jpg,4.1318396954067517e-05,4.5749127723012585e-05,4.0373466264082494e-05,0.9998725634475708,d
test_1757.jpg,0.9998099532180786,9.04476039477529e-05,6.313604323948994e-05,3.646102583435626e-05,a
test_1758.jpg,0.999468536337967,0.00012430781372018337,0.00028285647117005366,0.00012430781372018337,a
test_1759.jpg,0.9691513782040405,0.020639958182770965,0.0025970543372963667,0.007611661916149974,a
test_1760.jpg,3.9484639351266635e-05,5.0699280180789726e-05,0.9998612219352723,4.8622167085933695e-05,c
test_1761.jpg,0.004587493836013794,0.001236986663004607,0.880871860047226,0.11330369018197536,c
test_1762.jpg,4.005887601926449e-05,8.48046487428628e-05,0.9998397913574218,3.535183707060324e-05,c
test_1763.jpg,5.304956556229628e-05,0.00011795174260550364,0.9997968371481323,3.2176186339567676e-05,c
test_1764.jpg,0.9993772858001708,0.000191394886204876,0.0003352537316203618,9.605180163160145e-05,a
test_1765.jpg,0.9999015921440124,5.1842100278259596e-05,3.829753379498001e-05,8.23849380099736e-06,a
test_1766.jpg,0.0010251537286976218,0.521949977956314,0.000999768304638052,0.47602502192722557,b
test_1767.jpg,4.9350805015481225e-06,0.999931803049469,4.9176505771014986e-05,1.4089305530147059e-05,b
test_1768.jpg,0.0005394042234767496,0.20441471185477447,0.7935955693340302,0.0014503472862972737,c
test_1769.jpg,0.9972556355770111,0.0004905365935191136,0.0006298614619758009,0.0016240152686261894,a
test_1770.jpg,4.859258133525127e-05,0.00010726622557569816,0.0005224195031940824,0.9993217151420593,d
test_1771.jpg,0.00019057551755535053,0.9951843985877991,0.004540610957531691,8.4409776916017e-05,b
test_1772.jpg,9.669644735919888e-05,0.9983345552497864,0.0006305400416824728,0.0009381828916824728,b
test_1773.jpg,0.00018504710324316383,0.00033781262984418305,0.00026924193946197255,0.9992079139063264,d
test_1774.jpg,0.00033314497174211354,0.0008514391436393045,0.0003742186724623479,0.9984411886782837,d
test_1775.jpg,1.4853051525500231e-05,0.9999038004464722,6.656676120193201e-05,1.473778031612348e-05,b
test_1776.jpg,0.9998549122863769,9.045176896299235e-05,4.272638959448822e-05,1.1847340368859752e-05,a
test_1777.jpg,0.9995640076374054,0.0001689366320867838,0.00013978066901951478,0.00012722968625098973,a
test_1778.jpg,3.1198791535974875e-05,0.9998687530300903,7.98245399525319e-05,2.018281236625949e-05,b
test_1779.jpg,0.9997843493488312,7.043898212088823e-05,8.47999404008925e-05,6.0396601620888235e-05,a
test_1780.jpg,9.595790813776031e-05,0.00016873854476225688,0.0013349910845349131,0.9984003598044586,d
test_1781.jpg,0.9998723309371949,5.143829553541424e-05,5.828722145238132e-05,1.7915654279959896e-05,a
test_1782.jpg,0.0003155239542269066,0.0002495728208619684,0.9992765480422974,0.00015834668091712758,c
test_1783.jpg,0.00015832634350686057,0.9991481766834259,0.0004303756424464768,0.00026307695309119744,b
test_1784.jpg,0.9998645730300904,6.216713357397866e-05,5.486230456206456e-05,1.8349697726539458e-05,a
test_1785.jpg,0.9997884653247833,7.981809598480806e-05,9.609132007918093e-05,3.5626508882756606e-05,a
test_1786.jpg,0.0016044761290795444,0.0008553275820331419,0.0009692131275209039,0.9965710049492645,d
test_1787.jpg,0.0004977992318469196,0.000919467462822733,0.9929728799113464,0.005609860422560446,c
test_1788.jpg,0.9991371607683563,0.00043372705563822684,0.000112227653270346,0.000316809720871266,a
test_1789.jpg,0.9997541798381806,7.483343770999244e-05,0.00011613065659662038,5.4856237879181764e-05,a
test_1790.jpg,9.04447555607944e-05,0.00010248733748896114,0.9997777312786102,2.9363115106443166e-05,c
test_1791.jpg,9.534144950901509e-06,0.9999173283065796,5.1440609293848375e-05,2.1611373298965504e-05,b
test_1792.jpg,4.784769927673468e-06,0.9999273422366333,5.4865764240236576e-05,1.3006352554371407e-05,b
test_1793.jpg,0.00012432864759124717,7.98051953539247e-05,0.00016894779925538732,0.9996268846473694,d
test_1794.jpg,0.9998407046806335,8.016280287632674e-05,6.313778287632674e-05,1.5963730393634052e-05,a
test_1795.jpg,0.8301231558335114,0.0012862892183689596,0.1650423187717743,0.0035482336627124904,a
test_1796.jpg,5.175325522675636e-05,0.9982258674377442,0.0016256315193727612,9.668780685407993e-05,b
test_1797.jpg,2.5914575600045037e-05,0.9998441316836548,0.00010974339342239604,2.018229065305696e-05,b
test_1798.jpg,0.00010975074918585002,0.00027692495496599886,0.999583899695816,2.9480655730139904e-05,c
test_1799.jpg,0.00010406928906234823,0.00020497266663794622,0.9995812055541993,0.0001097139624275165,c
test_1800.jpg,0.0003575731392715394,0.9993800677520752,0.00021687906160785197,4.5460320735316536e-05,b
test_1801.jpg,0.9998869888194275,5.184136877271798e-05,4.2727755353493356e-05,1.842179768790641e-05,a
test_1802.jpg,0.00010291476765088036,0.9996947337447357,0.00017160012693148553,3.074523580049021e-05,b
test_1803.jpg,0.00017940047793090256,0.0003797908412500134,0.9991104614483642,0.0003303470866201013,c
test_1804.jpg,0.0016137083137535155,0.9392470140488434,0.05089926229914665,0.008240042321060657,b
test_1805.jpg,0.0001161320960910222,6.604107154150829e-05,5.143284404104008e-05,0.9997664188152313,d
test_1806.jpg,0.9525027879431915,0.02894764954793358,0.017899303787816526,0.0006502347127470642,a
test_1807.jpg,0.00013157404992020547,9.042943576585292e-05,0.9996090157173156,0.00016894441442598328,c
test_1808.jpg,0.999246388092041,0.00023218556681476086,0.00036311331542887836,0.00015834190061297506,a
test_1809.jpg,0.9998284255888367,0.00011795568942946366,4.339347110140978e-05,1.0207472948896284e-05,a
test_1810.jpg,0.9997040911403656,0.00012433742211577265,0.0001377924956117005,3.379047305037172e-05,a
test_1811.jpg,0.000702308533990482,0.0011994263503979207,0.9703872483295441,0.02771102997765026,c
test_1812.jpg,0.00011792481970347412,0.00020497078391390383,0.9995730651588439,0.00010406828270032704,c
test_1813.jpg,0.000917500358281958,0.0006257028433976435,0.9983664412090302,9.031648352335046e-05,c
test_1814.jpg,0.0001315837940592797,4.005242062676437e-05,0.9996786450496673,0.00014973943468782282,c
test_1815.jpg,1.9071042324898612e-05,5.874294975519761e-05,5.184046842907282e-05,0.9998703035194396,d
test_1816.jpg,1.0803352661748789e-05,0.9998944368896485,7.044671296084433e-05,2.4298266153544357e-05,b
test_1817.jpg,6.604096892406717e-05,0.0001398087426499863,0.9997647989078522,2.93627572269406e-05,c
test_1818.jpg,0.00010408761820985646,0.9997566448589326,5.571408722113036e-05,8.35799850593102e-05,b
test_1819.jpg,4.005994920581671e-05,7.044474839507504e-05,0.9998666067749024,2.2870060226568276e-05,c
test_1820.jpg,2.0181714132136572e-05,0.9998152742534637,0.00011613774264095336,4.841341614810644e-05,b
test_1821.jpg,4.271611721869718e-05,0.00021693035694817498,0.00012432695558179275,0.999616008670044,d
test_1822.jpg,0.9991381459259033,0.00024569612744979264,0.000278410180439204,0.00033779234100410343,a
test_1823.jpg,0.0001243301652541633,0.00010247328106850951,0.00013157829960643009,0.9996416288082886,d
test_1824.jpg,0.9990175354875945,0.00019132507178181335,0.0003574423062198713,0.0004336808731756806,a
test_1825.jpg,0.00024577970983965337,0.00016335054431010322,0.999478534709549,0.00011226907986365497,c
test_1826.jpg,0.32926146715911864,0.00407146791991055,0.6630739721659088,0.0035930579787839295,c
test_1827.jpg,0.00037004228723647897,0.005900063740933895,0.0014917698168848872,0.9922382255584716,d
test_1828.jpg,0.001685607248725319,0.004043561603824497,0.03233333772591257,0.9619375177398681,d
test_1829.jpg,2.1608117111598882e-05,0.00011794885585652396,9.044396549665391e-05,0.9997700324176788,d
test_1830.jpg,2.160908305357103e-05,0.9998118903469086,9.609356943728932e-05,7.044088496400053e-05,b
test_1831.jpg,0.00024543876355111313,0.0010313269348284542,0.0006304173709678644,0.9980927701320648,d
test_1832.jpg,9.909481581887774e-05,0.0001408853123581806,0.00010972159565897271,0.999650365934372,d
test_1833.jpg,0.0053965039255156515,0.14982003696277618,0.8437058717456818,0.0010776250392713935,c
test_1834.jpg,7.483838251365818e-05,6.216440245963595e-05,0.9998202920444488,4.27249342758164e-05,c
test_1835.jpg,0.9997740999515534,8.106508560197935e-05,9.91073377021668e-05,4.574448397069108e-05,a
test_1836.jpg,0.00015937232066335158,0.0019161134769471763,0.9978343071277618,9.026411144636792e-05,c
test_1837.jpg,0.9978886247257233,0.001016171978892249,0.0009856286486793816,0.00010952212170890279,a
test_1838.jpg,3.563042071274373e-05,4.5750366411860496e-05,0.9998984344013977,2.0183392708842902e-05,c
test_1839.jpg,7.993867314472984e-05,0.0003447319756657762,0.0021013821384738684,0.9974739966735839,d
test_1840.jpg,0.9998424026596069,4.0058980769957193e-05,9.609651084869833e-05,2.1442028905135063e-05,a
test_1841.jpg,9.684606553520187e-05,4.539185272055935e-05,0.9998220357063293,3.5627676210058444e-05,c
test_1842.jpg,0.9992686192740632,0.00033039197465955063,0.00029813592648840487,0.0001028673623524379,a
test_1843.jpg,0.00031448344978658976,0.003380952495853627,0.00033672989478658973,0.9959678364914704,d
test_1844.jpg,0.9997987756496429,0.00013159912434024528,5.48586779552199e-05,1.4765013691860732e-05,a
test_1845.jpg,9.683242612929941e-06,0.9999129795852661,5.5723216574754903e-05,2.1611247601573434e-05,b
test_1846.jpg,1.9518961315837977e-05,2.5917278646860722e-05,0.9999479174674988,6.655430117150709e-06,c
test_1847.jpg,0.9996781574687958,0.00018090579454464137,0.00010972491038855672,3.119284498634367e-05,a
test_1848.jpg,0.0008289673716921997,0.00028265955681281926,0.9988074310086059,8.098332345608525e-05,c
test_1849.jpg,0.9994327740349579,0.0003051613659134917,0.00011790684446647629,0.00014414801857413553,a
test_1850.jpg,5.828185371008527e-05,0.9997803075351714,0.0001398109089014934,2.1608412777954606e-05,b
test_1851.jpg,7.980894006120622e-05,0.00012336950087961688,0.00012336950087961688,0.9996734894828796,d
test_1852.jpg,2.5909264981501414e-05,0.9996372552528381,0.000278550287867623,5.82735172365764e-05,b
test_1853.jpg,3.562742324893402e-05,8.480240992028818e-05,6.604418922219127e-05,0.9998135039051056,d
test_1854.jpg,0.999890029796753,4.0060887893754335e-05,4.841706327388169e-05,2.1443050299348197e-05,a
test_1855.jpg,0.43625158809120657,0.00351378979254812,0.5592549595292664,0.000979616075533508,c
test_1856.jpg,3.7699088396032884e-05,0.00020499255162832335,8.105718595520132e-05,0.9996762566545868,d
test_1857.jpg,4.573392816710957e-05,7.979818550087116e-05,0.9995391030590057,0.0003353080122154495,c
test_1858.jpg,4.916849487712947e-05,0.00011794909590591177,0.9997754841373443,5.7444820377129464e-05,c
test_1859.jpg,0.9993405943168641,0.0003352414200327629,0.00021687040164277582,0.00010727446118220598,a
test_1860.jpg,0.000644057318983519,0.0005683785803910956,0.9966880312904358,0.0020995917266736627,c
test_1861.jpg,6.215752054187093e-05,0.0001408943356646171,0.9997114856067657,8.545674099263371e-05,c
test_1862.jpg,0.0043338859270912414,0.9942959533448028,0.0009670206278390855,0.0004031141769181818,b
test_1863.jpg,0.0005698701106794119,0.00026099733195086746,0.0001688431426568921,0.9990001932675934,d
test_1864.jpg,0.0014086624799417137,0.9954456400827026,0.002177528566931021,0.0009681619006462932,b
test_1865.jpg,0.0018204658763762475,0.00023725526090240777,0.9978773726909638,6.495651416353281e-05,c
test_1866.jpg,2.3223420760703044e-05,0.00010408013824327461,0.00019145281062555252,0.9996811995616912,d
test_1867.jpg,0.0001513957619648753,0.0002784893575110581,0.9994210585746002,0.00014906461634845466,c
test_1868.jpg,0.0009139220403245539,0.0007532744937369585,0.0038254434720659137,0.9945073436683655,d
test_1869.jpg,7.541460167839865e-06,0.9999301538871765,4.841899619773764e-05,1.3872274542431654e-05,b
test_1870.jpg,0.002327158604501188,0.00019401836404862717,0.997450513886261,2.8329755032418835e-05,c
test_1871.jpg,0.0003909022061124328,0.0006769127600945086,0.0017519020376126526,0.9971802922672272,d
test_1872.jpg,4.5380759259032344e-05,0.9995776903606415,0.0002959197308223164,8.10496098790273e-05,b
test_1873.jpg,6.216313922532472e-05,7.044006603229723e-05,0.9998008654865265,6.655985422532472e-05,c
test_1874.jpg,0.9998487876831055,0.00010249464654543534,3.1442179328793976e-05,1.723767322682496e-05,a
test_1875.jpg,5.183369087365659e-05,9.68380857121893e-05,0.00010973192291286662,0.99974156367836,d
test_1876.jpg,0.0006826252883234352,0.9979548471713258,0.0011254590197890373,0.00023706653209339007,b
test_1877.jpg,3.562625179392222e-05,0.00010888488026622011,7.483541077160552e-05,0.9997806030231475,d
test_1878.jpg,0.996944368812561,0.001598547214667797,0.00021970219651288838,0.0012374069099645734,a
test_1879.jpg,0.5748857343185616,0.010071447522100211,0.0009144009209237754,0.41412844228102114,a
test_1880.jpg,0.00010249314260550365,3.770514556229628e-05,0.9998338221481323,2.5914325339567674e-05,c
test_1881.jpg,6.552821844721853e-06,0.9999335420735169,5.486610450119813e-05,5.103344979588695e-06,b
test_1882.jpg,0.0006439839330658957,0.002434623564417878,0.9966949811357879,0.0002263742954376273,c
test_1883.jpg,0.9981442670687104,0.00042994318726053055,0.0012465064526931404,0.00017922698257661252,a
test_1884.jpg,1.809070234138839e-05,5.8745425174919056e-05,0.9999108910049439,1.2242010663134195e-05,c
test_1885.jpg,0.0004240646709402248,0.00033770042094022487,0.0003573910976489306,0.9988808930961609,d
test_1886.jpg,3.563005169726218e-05,0.9998883741912842,4.037413969717119e-05,3.563005169726218e-05,b
test_1887.jpg,3.119962261869664e-05,4.0061103077535746e-05,0.9998953900054932,3.3276709118696635e-05,c
test_1888.jpg,0.00015064704452763154,0.994896832478714,0.0044346847352531435,0.0005178580345918047,b
test_1889.jpg,0.9992215629730987,0.0003050888925605312,0.00040681967196442187,6.651692897255875e-05,a
test_1890.jpg,5.8732705017713e-05,0.00018090946907417193,6.215668651771299e-05,0.999698192529602,d
test_1891.jpg,2.018270355911265e-05,4.574883536939971e-05,7.044456034541741e-05,0.9998635526817321,d
test_1892.jpg,4.131379736083351e-05,0.9997598462329864,0.00015842326895262437,4.036894260727901e-05,b
test_1893.jpg,0.00010246732541113503,0.00017158200101723074,0.9995850912052917,0.00014087610830553518,c
test_1894.jpg,0.0008288477526547313,0.0002690874853153065,0.9986700045669556,0.00023204581531530648,c
test_1895.jpg,0.00012432420410924777,7.980239233504824e-05,0.00020338544898501919,0.999592489522934,d
test_1896.jpg,1.8922597720970964e-05,0.9998462944732667,0.0001088920372422564,2.5914654293479574e-05,b
test_1897.jpg,0.9994680166130065,0.0003379045685917598,0.0001315552129432425,6.250605613893897e-05,a
test_1898.jpg,1.1477806311524598e-05,0.9999046798423767,6.60502120697032e-05,1.781190431840329e-05,b
test_1899.jpg,0.00020960443219039172,0.0003827425911306721,0.9989052120273589,0.0005024550340898002,c
test_1900.jpg,0.00039001190286260396,0.004193023060197687,0.0003811453333959165,0.9950358552120971,d
test_1901.jpg,0.9998692368896485,8.547035296084434e-05,3.217869465354435e-05,1.3107302661748789e-05,a
test_1902.jpg,1.6830396462494724e-05,0.999883785471344,6.604882973351792e-05,3.3276326477947024e-05,b
test_1903.jpg,0.0013048672610453068,0.0010385711365365983,0.00022996654826388537,0.9974266290027618,d
test_1904.jpg,0.034402885250515464,0.9464297294593048,0.01814935430552864,0.0010180474288958938,b
test_1905.jpg,8.103467185491365e-05,0.9994099221534729,0.0004663223225162631,4.270711757900458e-05,b
test_1906.jpg,6.009313442076103e-05,0.9994661770774842,0.00035760381869053546,0.00011609696212820325,b
test_1907.jpg,0.00016894300408449979,0.00012723464282230065,0.9996013250427246,0.00010246957031528957,c
test_1908.jpg,3.770052888103682e-05,0.00010972898660453006,0.00013980147420141473,0.9997127946308135,d
test_1909.jpg,0.9998462809841919,7.044327667190484e-05,5.8741546704770585e-05,2.448712008447475e-05,a
test_1910.jpg,0.00013125064131773993,0.0024908910492667915,0.00024520846683437065,0.9971326311573028,d
test_1911.jpg,0.0015462941935937406,0.0006298923090694248,0.0005020082032267839,0.9973218155117035,d
test_1912.jpg,0.0002202605334517476,0.0001096869757031086,0.00033523948396675023,0.9993348465618134,d
test_1913.jpg,3.1198014531818655e-05,5.82855642214119e-05,6.65627892214119e-05,0.9998438902404785,d
test_1914.jpg,7.0161527813892154e-06,0.9999129792369079,6.217015008310549e-05,1.781204722038385e-05,b
test_1915.jpg,0.511157348785019,0.001099344126665032,0.48649757016094686,0.0012457201431172074,a
test_1916.jpg,7.479348939509354e-05,0.00045905953361369907,0.00024571683645907864,0.9992204895394134,d
test_1917.jpg,1.4852760721506893e-05,0.9998834236106873,8.480834418312192e-05,1.68303817747626e-05,b
test_1918.jpg,0.08274915626527214,0.0025673974511027336,0.910015062241745,0.004668388049654198,c
test_1919.jpg,0.9974210145751954,0.00028220831429384057,0.0022515198124921174,4.5282844527098594e-05,a
test_1920.jpg,0.9998481136825561,6.604647102838443e-05,5.8285811987100674e-05,2.7532269043402587e-05,a
test_1921.jpg,0.00042962911521731914,0.000555958451884029,0.9974151115196228,0.001599367767203921,c
test_1922.jpg,0.0008670744442029787,0.00409688393817792,0.9947761310830688,0.000259893758098762,c
test_1923.jpg,0.0009245604078884513,0.970274238855362,0.0005715426828884513,0.028229660287589133,b
test_1924.jpg,0.9994186154657745,0.00026321502704478917,0.0002443289717387554,7.379492960444204e-05,a
test_1925.jpg,0.9993448533796692,0.00041150308924985975,0.00011234684473257706,0.00013128299094544558,a
test_1926.jpg,1.8090608704794988e-05,0.9999086801437378,5.874522375970002e-05,1.445911320997497e-05,b
test_1927.jpg,0.0002456397639888722,0.998905341350174,0.0007093969633890868,0.00013968855498304442,b
test_1928.jpg,2.936359286083351e-05,3.535022910727901e-05,0.00014090623895262434,0.9997943662329865,d
test_1929.jpg,4.3393291481197844e-05,0.9998252238677978,0.00011230925827309831,1.9070130968591246e-05,b
test_1930.jpg,0.00015132973985029844,0.0006457427005451351,0.9990178801448821,0.00018500837158872858,c
test_1931.jpg,0.3826674098958588,0.0031506495847371105,0.6099169725334168,0.004264965763773501,c
test_1932.jpg,3.562668662122406e-05,7.15414529699048e-05,9.684338211433843e-05,0.9997959878116608,d
test_1933.jpg,0.9998092649280548,0.00013160049103983716,4.574626742016126e-05,1.3424179491922885e-05,a
test_1934.jpg,1.892245905190012e-05,7.982217714356794e-05,6.21655815939103e-05,0.9998390201713562,d
test_1935.jpg,0.6367708905015945,0.0030475896400145057,0.01163523693529558,0.3485462235051117,a
test_1936.jpg,2.5905995999839296e-05,7.540029065104879e-05,0.0003829142804074591,0.9995157816158295,d
test_1937.jpg,0.0003774221737302989,0.002635635014998937,0.9693240897804261,0.027662948118216516,c
test_1938.jpg,0.8182390639137268,0.021693509390742063,0.15406737040236473,0.006000037087827873,a
test_1939.jpg,0.00728178163876257,0.9914762119255066,0.0010329627959133416,0.00020912288030302585,b
test_1940.jpg,0.8996364072402954,0.09726213719494581,0.0028524133332487583,0.00024897679605103817,a
test_1941.jpg,0.27751020333087156,0.7180141524433137,0.0037483399309757113,0.0007273307978431893,b
test_1942.jpg,0.0008076336435233861,0.0003563050679913077,0.9958527689964294,0.0029833059319101336,c
test_1943.jpg,0.00018082683677103,0.0003352070784789005,0.0002457219947534584,0.9992382500411987,d
test_1944.jpg,4.272760468609342e-05,0.9998828642852784,4.8416730514305546e-05,2.5915602988915233e-05,b
test_1945.jpg,0.9993861982719421,0.00021561726187885888,0.0002023232145495166,0.0001959265818788589,a
test_1946.jpg,1.892436005548533e-05,2.9367887764987877e-05,0.9999394343986512,1.2242358195611637e-05,c
test_1947.jpg,0.00149213324987566,0.00026266289651179464,0.9976566304412842,0.0005885483805950374,c
test_1948.jpg,0.353434321323514,0.00180690273889789,0.6446436055683136,0.00011516306041308589,c
test_1949.jpg,0.00018090627898995532,9.043584132656738e-05,0.9996802519573211,4.840681880336533e-05,c
test_1950.jpg,0.003749961955966735,0.005793306481496214,0.016172432832746504,0.974284387941742,d
test_1951.jpg,4.841189537918176e-05,7.043889270999245e-05,9.684237659662038e-05,0.9997843498381805,d
test_1952.jpg,0.001953904901728803,0.5591519613154602,0.43849727607383726,0.0003969029909094593,b
test_1953.jpg,0.0006310289774857283,0.00018079282715100496,0.9990639099982452,0.00012425697786356266,c
test_1954.jpg,0.9996965219338226,0.00016895926051187845,0.0001161238922341124,1.841827333175445e-05,a
test_1955.jpg,0.0002762652587990236,0.9914067693692017,0.008073179046553278,0.00024380322309785262,b
test_1956.jpg,7.54103377020654e-05,0.00012336572407342373,0.00015840472099729419,0.9996428482511902,d
test_1957.jpg,0.00012330928516587108,0.0004590430610533911,0.00023217254098363042,0.9991855218257903,d
test_1958.jpg,0.0008101586967606753,0.00013148555235087872,0.9989423627132415,0.00011603559860871419,c
test_1959.jpg,8.536392049991608e-05,0.0002320431796238771,0.0010399454856503904,0.9986426524822998,d
test_1960.jpg,0.00022030392823273407,0.00013156366050439685,0.00011610452005661204,0.9995320553592681,d
test_1961.jpg,8.413351949971725e-06,0.9998577721702575,9.609798396361202e-05,3.770602782545216e-05,b
test_1962.jpg,0.9976480369689942,0.000625252601403594,0.00031500891530684527,0.0014117719190967083,a
test_1963.jpg,1.8923146772600687e-05,0.9998753067970276,7.982504783647618e-05,2.5915398704074176e-05,b
test_1964.jpg,9.7910087152703e-05,0.9610793313873291,0.03866333701868117,0.0001593989031319961,b
test_1965.jpg,0.020040192123120307,0.9584293471191406,0.011427213797381115,0.010103307185067655,b
test_1966.jpg,0.00013156484218410626,0.00013977692450493052,0.00019142561451982273,0.9995372870249939,d
test_1967.jpg,2.2870631235493217e-05,2.7533457952326284e-05,5.82883257455348e-05,0.9998912808197021,d
test_1968.jpg,0.00020931496779842467,0.9982887824155426,0.0014184210125113368,8.344299913314522e-05,b
test_1969.jpg,1.4736780192040837e-05,0.9998358995437622,0.00012338955315198004,2.5914386459009918e-05,b
test_1970.jpg,1.0208490683827333e-05,4.272907980850516e-05,2.9367240276857308e-05,0.9999176838180541,d
test_1971.jpg,0.9999238810035705,3.563133404844353e-05,3.144454529156787e-05,9.009012395550137e-06,a
test_1972.jpg,0.9241303499832153,0.023363756548728944,0.048988465534076694,0.0035174805508015154,a
test_1973.jpg,5.485827033557897e-05,7.483615242873661e-05,7.981829528345138e-05,0.9997904899764252,d
test_1974.jpg,0.9997749319545746,0.0001315959984395546,6.0160935375276624e-05,3.3272677647539986e-05,a
test_1975.jpg,0.9995947492118835,0.00014417331814960973,0.0001514214531496097,0.00010971519948174357,a
test_1976.jpg,0.9995366766075134,0.00026317952434554994,0.000168932704265763,3.124931491892783e-05,a
test_1977.jpg,3.5354769210210854e-05,2.287135050778201e-05,0.9999227609344483,1.8924043165428416e-05,c
test_1978.jpg,0.00034499562241179806,0.0004276488936313927,0.9981016907737732,0.0011256854493867457,c
test_1979.jpg,0.9998131122642517,8.546545745505933e-05,7.154268227805435e-05,2.9823429719355747e-05,a
test_1980.jpg,0.42070198621972654,0.000708501968425101,0.561862036988182,0.01672748024040203,c
test_1981.jpg,6.312392505245093e-05,0.00016337502719436585,0.00014417795542400643,0.9996293507477569,d
test_1982.jpg,5.8285145991827895e-05,8.480438934530785e-05,0.9998367472877503,2.018216104301668e-05,c
test_1983.jpg,5.743624146963328e-05,0.00020977937871953934,9.682726824327461e-05,0.9996359495616913,d
test_1984.jpg,0.00013152325075429367,0.0002168450339717157,0.0004304070953385651,0.9992212056466675,d
test_1985.jpg,7.981369001317139e-05,0.00013159053267015875,0.999733688071518,5.4855093167364634e-05,c
test_1986.jpg,0.00016893599189027697,0.00021691812469148993,0.999559382559967,5.48454905298141e-05,c
test_1987.jpg,4.503564196977314e-06,0.9999067852142334,7.48448578147965e-05,1.3871953871975405e-05,b
test_1988.jpg,4.005987064167622e-05,4.33951899245554e-05,5.184018744818695e-05,0.9998646358901977,d
test_1989.jpg,9.008845961625975e-06,0.9999058880508422,5.572283512389932e-05,2.9366880659701694e-05,b
test_1990.jpg,0.9922985409709167,0.002238112868395412,0.0020429485476617815,0.0034203991671431064,a
test_1991.jpg,0.9995636108860015,0.00013212315732542536,0.00017689813148971916,0.00012738755350884815,a
test_1992.jpg,0.963874282226715,0.02133602242235422,0.013502752880049707,0.0012869398950968087,a
test_1993.jpg,3.3271806919341384e-05,0.00011613000752802371,0.0001024844110459312,0.9997481100717927,d
test_1994.jpg,6.21672389328664e-05,2.9365724063940276e-05,0.9998657131932067,4.2726871664170324e-05,c
test_1995.jpg,1.892398245026947e-05,0.9999195414459229,4.8418485720231745e-05,1.3107986795835829e-05,b
test_1996.jpg,2.9482737757075723e-05,0.0002293338442553237,0.00011220975338323519,0.999629020883255,d
test_1997.jpg,0.00010247980761814073,0.9997045586078643,9.608326011814073e-05,9.683466131572754e-05,b
test_1998.jpg,3.217595326267304e-05,0.9997865570679474,0.00014090494131025312,4.0369944754955656e-05,b
test_1999.jpg,0.9995790113587188,0.00021692249064125165,0.0001397827669784394,6.427853802948649e-05,a
test_2000.jpg,0.00012431608303419247,0.00014908114191270947,0.00019441740660005317,0.9995322228073883,d
test_2001.jpg,0.9998687504713439,8.547036495807353e-05,3.562934597794702e-05,1.0128763536940778e-05,a
test_2002.jpg,5.8740617969073954e-05,0.9998312998451233,9.684690624978983e-05,1.3106803339988576e-05,b
test_2003.jpg,0.0010126015432198703,0.003534327047377348,0.9946880664943696,0.0007650024465726466,c
test_2004.jpg,0.00014908327907672822,0.00018088157072867543,0.00012431797607714975,0.9995457299404145,d
test_2005.jpg,7.481505798009008e-05,0.9995086732124329,0.00037994221273176073,3.6479748743013514e-05,b
test_2006.jpg,0.9983562633781433,0.0005218349535980823,0.0008278977301523537,0.0002940274482695444,a
test_2007.jpg,0.9999066600276184,5.184238039097349e-05,3.563071185577868e-05,5.873149967373967e-06,a
test_2008.jpg,0.004352135694480872,0.9840936093662263,0.011242809351213932,0.0003114400232765508,b
test_2009.jpg,6.60355394510451e-05,7.04316919510451e-05,0.00018090680619484544,0.9996826232830047,d
test_2010.jpg,0.04285728095282364,0.0011224766739101528,0.9533424662284851,0.0026777428662409426,c
test_2011.jpg,3.76217578778162e-05,0.0001231122425439729,0.002250464527535188,0.9975888425189972,d
test_2012.jpg,0.001323567377060157,0.000802784213417387,0.9975783114437103,0.0002953278008615166,c
test_2013.jpg,8.54552099269453e-06,0.9999232871661377,5.5723796491462135e-05,1.2433658975856607e-05,b
test_2014.jpg,5.448707007706154e-05,0.9989448470650482,0.0003777911865289588,0.0006228723847256526,b
test_2015.jpg,1.3107590817494475e-05,5.143918757037699e-05,4.574998898258872e-05,0.9998896715869141,d
test_2016.jpg,7.978900610445823e-05,0.00041153716689744293,0.9994288283050536,7.978900610445823e-05,c
test_2017.jpg,3.769390795170722e-05,0.0002785224066016251,0.0001441661442829455,0.999539629120636,d
test_2018.jpg,0.9992979489616394,0.00022024990309599073,0.00023219698184273423,0.0002495758518427342,a
test_2019.jpg,0.00014362006195380153,0.9315385861595153,0.00048615172509812053,0.06783164534783402,b
test_2020.jpg,0.0006243095580422241,0.0009083651030247749,0.9961432813616944,0.0023241024636950257,c
test_2021.jpg,0.00014088572036551224,0.00014088572036551224,0.9996517585442353,6.654970620209184e-05,c
test_2022.jpg,0.9996854882816315,0.0001408903590716265,0.00011793845083272867,5.5710178724228776e-05,a
test_2023.jpg,5.570656658666491e-05,0.0001769143799185465,0.00014088150223071604,0.9996265284778595,d
test_2024.jpg,0.006497379395170927,0.0016532072237677217,0.7683494914875031,0.22349993119848965,c
test_2025.jpg,0.9996538809108735,0.0002203307885489434,8.545156180388167e-05,4.036445696294418e-05,a
test_2026.jpg,4.840566197109287e-05,0.00014909963867194875,0.00014909963867194875,0.9996534010891724,d
test_2027.jpg,0.0004885736284667272,0.0015396373775203526,0.004427807161485791,0.9935439689231873,d
test_2028.jpg,1.4736932212028574e-05,0.9998462193806458,0.00011614138950177598,2.2869610577262223e-05,b
test_2029.jpg,0.999840401285553,0.00010293121330042921,4.5392685810208145e-05,1.1259954934057293e-05,a
test_2030.jpg,4.530104941795945e-06,0.9999428985609435,3.770923287149816e-05,1.4853642168470709e-05,b
test_2031.jpg,0.0004561517329358183,0.0005444181719150081,0.00020028023426941157,0.9987991476317597,d
test_2032.jpg,0.0009737442855735272,0.0008343507711167962,0.7433888035652161,0.2548030834565735,c
test_2033.jpg,1.777554355942502e-05,0.999812959882431,0.00013160105299749822,3.770435813197292e-05,b
test_2034.jpg,0.0005985237408643022,0.0003377454358992994,0.999010780916214,5.300625712066099e-05,c
test_2035.jpg,0.0008039374982341827,0.9990114282150269,0.00014900389917602762,3.5598801120989906e-05,b
test_2036.jpg,2.8472926528897673e-06,0.9999513011418152,3.5632327079250064e-05,1.020883356944253e-05,b
test_2037.jpg,0.9994481447841644,0.0002784974622267881,0.00023043262611643464,4.295907834602957e-05,a
test_2038.jpg,7.980309791113816e-05,0.00010246936269483425,0.0002169273158327745,0.999600768916092,d
test_2039.jpg,7.540693881496059e-05,0.9993584138401032,0.0004564344169879399,0.00010971644703320276,b
test_2040.jpg,2.5909031128164972e-05,0.9996310906841278,0.00026320420293266206,7.980572618155415e-05,b
test_2041.jpg,0.9997707052791596,0.00011613257153940693,5.4857144884723387e-05,5.828129784944948e-05,a
test_2042.jpg,0.00010243640275890885,0.00035753745891452135,0.000261070143352972,0.9992789442836761,d
test_2043.jpg,0.00023225097370074913,0.0001914221082405597,0.9995214304767608,5.484335078603198e-05,c
test_2044.jpg,0.00045901155877507986,0.00026306752177465123,0.9991184196126557,0.0001595585109569466,c
test_2045.jpg,0.00010404837318182998,0.9993968008499908,0.00039181933916608395,0.00010727719041203677,b
test_2046.jpg,0.9995643414154053,0.00023226046050514503,8.54438511243407e-05,0.00011792391031537362,a
test_2047.jpg,0.5803047104270935,0.41834309713249207,0.0007953048780958891,0.000556837968117094,a
test_2048.jpg,0.0967922005188179,0.9019618650810242,0.0010544398165975928,0.0001915100826485148,b
test_2049.jpg,0.000993949497269888,0.0003825294698530364,0.00018410025416669472,0.9984394130325318,d
test_2050.jpg,3.327734612423826e-05,3.563102112423826e-05,0.9999150702598572,1.5965018147097568e-05,c
test_2051.jpg,9.03727285006787e-05,0.0005281868509683567,0.00040502246727382716,0.9989764463142394,d
test_2052.jpg,0.0003791910564458394,0.001499729630554229,0.000588448649313727,0.9975326064907074,d
test_2053.jpg,3.5627092018779006e-05,0.000140907892597294,0.9998066017997742,1.682904690719978e-05,c
test_2054.jpg,0.0015889906939961494,0.0007621199581979156,0.9910713410853577,0.006577560432547045,c
test_2055.jpg,3.5353928817383125e-05,4.539534584240008e-05,0.999898960912323,2.0183416486088726e-05,c
test_2056.jpg,1.0128935552486796e-05,0.999885742540741,7.982589139254764e-05,2.4298055024448987e-05,b
test_2057.jpg,0.9998831177273559,5.8287851309675294e-05,4.8416726012920144e-05,1.012890893755204e-05,a
test_2058.jpg,0.0006092816378676638,0.8743517376257324,0.017078845597893147,0.1079601496637886,b
test_2059.jpg,0.0007893048070046961,0.0169079389468832,0.0014746154960681677,0.9808281945415497,d
test_2060.jpg,1.3005759044938016e-05,0.9998816826803589,9.045420058067686e-05,1.4852728044938016e-05,b
test_2061.jpg,3.646122324967809e-05,0.00012435187398129486,0.9998159851478576,2.32265792981511e-05,c
test_2062.jpg,4.0371578104751594e-05,7.982098802197061e-05,0.9998249261016845,5.486010930917205e-05,c
test_2063.jpg,0.00012332733596569895,0.00040516420400880156,0.00013974819064137398,0.9993317997813416,d
test_2064.jpg,8.471926427360064e-05,0.12167139847026825,0.00013914562365606472,0.8781047041748047,d
test_2065.jpg,0.12049172630756377,0.005553408334079862,0.8735295383438111,0.00042532524052461536,c
test_2066.jpg,0.9972454081466675,0.0005515608698556066,0.0019251365279695273,0.0002778837641631314,a
test_2067.jpg,2.5912629779625516e-05,0.00013159508702423274,7.483444582881898e-05,0.9997676724895477,d
test_2068.jpg,2.8398313569193185e-05,6.216885081937313e-05,0.999892533516693,1.6830516015736406e-05,c
test_2069.jpg,5.143187608268646e-05,8.479682350586496e-05,0.00011612991589979932,0.9997475730480194,d
test_2070.jpg,0.00020972552585613965,0.0004334439643566936,0.0007515622700558889,0.9986052793826294,d
test_2071.jpg,0.9996801269973754,0.0001944460321276678,9.909752987081766e-05,2.6315409707371844e-05,a
test_2072.jpg,2.394886202016441e-05,0.9998651146598816,8.107272346613944e-05,2.982498991485756e-05,b
test_2073.jpg,4.231811365269618e-05,0.9997272267845154,9.683652912311152e-05,0.00013364744247585788,b
test_2074.jpg,0.9998653029830933,6.656414932744217e-05,5.184020869887965e-05,1.6256819573764264e-05,a
test_2075.jpg,0.9522254060691833,0.04670144800970841,0.0008161883450075465,0.00025697455865680873,a
test_2076.jpg,9.043988381572753e-05,9.043988511814072e-05,9.608503011814073e-05,0.9997230086078643,d
test_2077.jpg,0.9996039072517395,0.00020497783219263226,0.000168943413365999,2.2214581896343218e-05,a
test_2078.jpg,0.00010884530639663517,0.0003155692843708241,0.00015836897115264654,0.9994172074604035,d
test_2079.jpg,4.128736339425372e-05,0.9997805204727173,0.00014975296891031137,2.8394681071149594e-05,b
test_2080.jpg,2.2869538584474756e-05,0.9998445009841919,0.00010974343215350605,2.2869538584474756e-05,b
test_2081.jpg,0.9999198300967407,4.0375425738246576e-05,3.14444135022851e-05,8.334598939537992e-06,a
test_2082.jpg,0.0008451944181693405,0.002027515966038734,0.01248958539637041,0.9846376761165618,d
test_2083.jpg,0.01942743465071851,0.013086941320035935,0.001452372200214547,0.96603319180336,d
test_2084.jpg,1.0207554803904867e-05,0.9998285449059295,0.000133661476963951,2.753172958256366e-05,b
test_2085.jpg,0.00016891839848083361,0.00028285421117227707,0.9994578454048157,9.041550890755907e-05,c
test_2086.jpg,0.0001315770851150328,0.0001315770851150328,0.0001040750939252603,0.9996328161029815,d
test_2087.jpg,7.478824569598846e-05,0.0005699507657577812,0.00020488160780748947,0.999150425525055,d
test_2088.jpg,0.0018192894399001896,0.00037356014825513093,0.9972799367507934,0.0005272120516077057,c
test_2089.jpg,4.130471532864157e-05,0.00012158220375851408,0.00025985534604314165,0.9995772586299896,d
test_2090.jpg,5.069421616009141e-05,0.9997622370734405,0.00015144764689873936,3.5625405994898194e-05,b
test_2091.jpg,0.0007553312749588573,0.0005191310799143598,0.0015109294575948477,0.997214602867508,d
test_2092.jpg,2.936641534682492e-05,7.154839036240492e-05,0.9998901493074035,8.938794284051525e-06,c
test_2093.jpg,0.0029676119871155024,0.005544117410733819,0.9905849731525421,0.0009032965745471198,c
test_2094.jpg,3.535157942235559e-05,6.604544607337261e-05,6.604544607337261e-05,0.9998325054740906,d
test_2095.jpg,0.9997368436991119,0.00016896608738131344,4.5742928730023825e-05,4.840959629945251e-05,a
test_2096.jpg,0.0001122977038572897,0.00012724996716524453,0.9997297211154939,3.074640519193253e-05,c
test_2097.jpg,0.9994692496376038,0.0002496200959595835,0.00016892017513103769,0.00011226799671341508,a
test_2098.jpg,0.9996918283756255,7.981030282441936e-05,0.00013158495085011156,9.683334779518984e-05,a
test_2099.jpg,0.00029071600884687213,0.053000354149721145,0.0030036072906720283,0.9437053188648987,d
test_2100.jpg,9.683930932705416e-05,7.981520059393673e-05,0.9997528886051178,7.043666858258367e-05,c
test_2101.jpg,4.538476029839471e-05,5.827518521905292e-05,0.00023048282154950486,0.9996658581806945,d
test_2102.jpg,0.9999385550262452,2.5917039313160755e-05,3.144502194869896e-05,4.094674120585682e-06,a
test_2103.jpg,0.9995518008472443,0.00020496700034487695,0.0002169162546029471,2.631213368504761e-05,a
test_2104.jpg,0.00031671766198782697,0.0006781094393109232,0.00013352766592232118,0.9988716227091217,d
test_2105.jpg,0.0016936509652642822,0.0015828885684852766,0.0012524450386294126,0.9954710007021332,d
test_2106.jpg,1.3872415991021449e-05,2.0184245776568594e-05,2.5917088424489244e-05,0.9999400304450989,d
test_2107.jpg,0.0001097293097944241,0.00012337468799778818,5.143022447054357e-05,0.9997154484447479,d
test_2108.jpg,2.936519052904785e-05,0.9998480653109741,7.98228628111595e-05,4.272609453954875e-05,b
test_2109.jpg,0.0002316176225865811,0.0005189108657727465,0.9967594882915497,0.0024899705328746795,c
test_2110.jpg,0.9990584381984711,0.00040505252296409606,0.00040505252296409606,0.00013150129850181296,a
test_2111.jpg,0.999777793766861,7.043844250483252e-05,0.00011613336047942266,3.562610053711688e-05,a
test_2112.jpg,0.00016885657589967907,0.0006171409022718787,0.00011222285043970234,0.9991017837570191,d
test_2113.jpg,0.0002366266986784649,0.002823656412596092,0.9967551438713074,0.00018455901227709532,c
test_2114.jpg,0.00019152727517156065,0.49991595059558713,0.0008585642489537597,0.4990339925506875,b
test_2115.jpg,0.9998764992852783,4.841639372552997e-05,5.4862961514305544e-05,2.018295510047353e-05,a
test_2116.jpg,3.1200471115354816e-05,3.535476377100952e-05,0.9999225646087646,1.0803659671027816e-05,c
test_2117.jpg,0.9998370230300904,7.718990357397866e-05,6.313763956206455e-05,2.2653794226539457e-05,a
test_2118.jpg,0.0008755431640980018,0.165642735545166,0.009215899699566722,0.8242657652763367,d
test_2119.jpg,0.0035915916266030194,0.0004575111382232696,0.9958487741165925,0.00010208481336387024,c
test_2120.jpg,4.222682062604773e-06,0.9999599575836182,2.2872201526648793e-05,1.3006777154310097e-05,b
test_2121.jpg,0.9997892984889984,0.00012434871506807895,6.604258535715588e-05,2.029937071136806e-05,a
test_2122.jpg,0.00018930352212930842,0.010814602292684435,0.00033411517355087783,0.9886619527217865,d
test_2123.jpg,0.00014909270059082567,0.0001689441551089503,0.9996071770664978,7.4822434056044e-05,c
test_2124.jpg,0.0001689320726226318,0.00011610520232624129,0.999534139629364,0.00018088042791368307,c
test_2125.jpg,3.120002099987011e-05,4.2728684861552365e-05,0.9999082095631409,1.7811969856977256e-05,c
test_2126.jpg,0.00011539699168985874,0.00037470715421376155,0.9993195812813569,0.00019025747868744655,c
test_2127.jpg,4.401583826750396e-05,0.9998010445575714,0.00011613611767064553,3.884385613265861e-05,b
test_2128.jpg,3.326819941250534e-05,0.00023227901752274349,9.184664665620502e-05,0.9996425663421631,d
test_2129.jpg,3.144190658060725e-05,7.483977240175869e-05,0.9998388279388428,5.486092069060537e-05,c
test_2130.jpg,0.0002202560202021052,0.00021686498653075606,0.0002457402145408926,0.9993171687072754,d
test_2131.jpg,4.841124434525511e-05,6.604127163034268e-05,0.00011613247444081814,0.9997694586521149,d
test_2132.jpg,3.77067683562587e-05,0.9998775114016724,5.143856112563404e-05,3.327610819310596e-05,b
test_2133.jpg,1.5719072345037502e-05,4.272885219440585e-05,2.93670834564825e-05,0.9999122095161438,d
test_2134.jpg,1.9069993919732335e-05,0.9998174023568726,0.0001336598286575782,2.9823538668825923e-05,b
test_2135.jpg,0.0003050905383917555,0.000357505780344741,0.999196594757843,0.00014082032972804592,c
test_2136.jpg,5.183627470531989e-05,0.00010888561509547837,5.183627429142162e-05,0.9997873951160431,d
test_2137.jpg,0.9997240507450104,9.683625056470721e-05,0.00015144197995997042,2.774405040566457e-05,a
test_2138.jpg,0.9997069591884613,0.00020499914465048984,6.215724365181401e-05,2.5910995745762667e-05,a
test_2139.jpg,8.720558619777784e-05,0.0015116804936315506,0.00046024394406116696,0.9979408391412353,d
test_2140.jpg,7.066490273059404e-05,0.0007310631736968234,0.0003302342947793692,0.9988680170843506,d
test_2141.jpg,0.0006765472338400751,0.31170647625283204,0.00033647756883740183,0.6872804988706589,d
test_2142.jpg,0.0004915153421020356,0.00010967189368832812,0.9992044713157654,0.00019435185595689252,c
test_2143.jpg,7.354874702611138e-06,0.9998694066339111,9.685063214897357e-05,2.6320619303789917e-05,b
test_2144.jpg,0.0003457221481759399,0.00023761113121873007,0.9992358366600036,0.00018082283897726177,c
test_2145.jpg,2.5915992456768004e-05,4.841744680191741e-05,0.9998980634475708,2.7533644956768e-05,c
test_2146.jpg,0.0003913262924631679,0.0009804583023495645,0.00016334229626442716,0.99846482252388,d
test_2147.jpg,4.076061991631619e-05,0.9997372883258819,0.0001408978288644524,8.106217544599027e-05,b
test_2148.jpg,0.9995279677562714,0.00013156334920350196,0.00019142353109288305,0.00014908079797518178,a
test_2149.jpg,2.753273039486943e-05,4.539379735658175e-05,6.216716817190484e-05,0.9998648759841919,d
test_2150.jpg,0.006886859530606842,0.9426375767189026,0.005680591624522567,0.04479505589429855,b
test_2151.jpg,0.002119820565161139,0.9778975523964691,0.008384053422764182,0.01159857889492619,b
test_2152.jpg,0.0005567544143951356,0.00045888080956561533,0.9988354424518585,0.00014897678258773788,c
test_2153.jpg,1.907259980616193e-05,1.8924567622111122e-05,0.9999504118164062,1.1568116058863873e-05,c
test_2154.jpg,3.119430404241511e-05,0.9997249170955658,0.00015841773029085025,8.54581190403927e-05,b
test_2155.jpg,2.2174978152409455e-06,0.9999617954437257,2.287224135346323e-05,1.3108542854963588e-05,b
test_2156.jpg,7.482993516451746e-05,0.00010887691157282508,0.00010887691157282508,0.9997074003993989,d
test_2157.jpg,4.400553554476728e-05,0.00010971284931651563,0.00027853064200036826,0.9995678358237458,d
test_2158.jpg,0.0002697878752656052,0.9600140144974518,0.039494874532305144,0.000221340700488794,b
test_2159.jpg,0.0209576422496233,0.017678790688515186,0.9593523331645966,0.002011218145149857,c
test_2160.jpg,0.004106256869011211,0.0006742401785789489,0.9420715314350128,0.053148041788396834,c
test_2161.jpg,0.9935497439598083,0.0020539383755623997,0.004060410886774087,0.00033593512275638816,a
test_2162.jpg,0.26626712796330454,0.056885457028448584,0.009489910977977991,0.6673575052404785,d
test_2163.jpg,7.484143346614256e-05,4.8415653306051926e-05,0.9998610025421142,1.5718260656221577e-05,c
test_2164.jpg,0.00036166806025043875,0.003431411163526714,0.000807216526050514,0.9953996845175934,d
test_2165.jpg,2.5062263702347578e-05,3.5631405782754754e-05,0.9999264360961915,1.2819738945624334e-05,c
test_2166.jpg,0.00033517017289946404,0.0004661928124703568,0.9991281830394745,7.039310654266879e-05,c
test_2167.jpg,0.0014775984975025356,0.00028212465301132874,0.0012794524653930441,0.9969607764381408,d
test_2168.jpg,0.016883551265343667,0.002709867513605124,0.0009197973402161419,0.9794867405506134,d
test_2169.jpg,9.037960029724896e-05,0.0005893490160851771,0.00026101275762780606,0.9990592693969726,d
test_2170.jpg,0.9982313230046082,0.0009102691674445987,0.0006672660343100786,0.0001911749210192035,a
test_2171.jpg,0.022554562903386498,0.0005983771244426334,0.9747585317810059,0.0020885413914613366,c
test_2172.jpg,0.0007963822558118135,0.4561219063181305,0.5424614973467636,0.0006202231524824977,c
test_2173.jpg,5.874321872243467e-05,4.339562276418385e-05,0.9998750100773621,2.2870237213243117e-05,c
test_2174.jpg,0.9969338430702209,0.0013034052780066968,0.0015455899733901918,0.00021720867547685862,a
test_2175.jpg,5.181808614803147e-05,0.00017155789055888637,0.0003352752151641145,0.999441345923233,d
test_2176.jpg,3.326398481315871e-05,0.00015140996312183798,0.0002982140156284058,0.9995171384059907,d
test_2177.jpg,0.003926403604678154,0.0014889989641457887,0.00026195098339884776,0.9943226721786499,d
test_2178.jpg,0.999706884305954,0.00015841487958017514,7.981159234080084e-05,5.485365176760988e-05,a
test_2179.jpg,0.0021459637377531527,0.0009535178225665808,0.9810159497284698,0.015884544937428188,c
test_2180.jpg,0.9997985044262696,6.811684420338519e-05,0.00010732320651390158,2.6023812127393246e-05,a
test_2181.jpg,0.00011790492020845398,0.00014906137216752827,0.0003352606163975364,0.9993978139492035,d
test_2182.jpg,4.2725156327985044e-05,0.9998259919158936,7.982110476100907e-05,5.1435908936882016e-05,b
test_2183.jpg,3.5349752789675014e-05,0.00010888490107355527,7.483542933851682e-05,0.9997808318605804,d
test_2184.jpg,4.271983377281222e-05,0.00021694892548169493,0.99970027990036,4.005328577281222e-05,c
test_2185.jpg,0.9997661686493683,0.00011794795938398868,8.746110692846678e-05,2.8394464599756324e-05,a
test_2186.jpg,2.705950002247916e-06,0.999956846234436,3.379936153003532e-05,6.6554890830023585e-06,b
test_2187.jpg,0.00010971991642526031,0.0001179325226150328,0.9996326161029816,0.0001397902601150328,c
test_2188.jpg,0.9997851951381683,0.00014090487971726254,5.485789519564375e-05,1.9069401992756255e-05,a
test_2189.jpg,0.00011612722832541764,0.9997250388179779,0.00011612722832541764,4.272081776783157e-05,b
test_2190.jpg,0.0006561494362133742,0.015230318007158041,0.0031506701278277037,0.9809628614635468,d
test_2191.jpg,0.9998525971702577,5.486164760982357e-05,7.982322975709624e-05,1.2611405508018855e-05,a
test_2192.jpg,0.0014683234195456327,0.006242345755089521,0.9920370871591949,0.0002522159610530388,c
test_2193.jpg,0.00011507637234670849,0.9267943456871033,0.0725443455074234,0.0005462595376713455,b
test_2194.jpg,0.0004050026047575957,0.00013969274090512484,0.9989352301586152,0.0005200336418615684,c
test_2195.jpg,0.0001490588046073006,0.00019139529696493893,0.9993810945892334,0.00027847850334578305,c
test_2196.jpg,5.143777881609908e-05,7.044445563549891e-05,0.999862328100586,1.571828918148649e-05,c
test_2197.jpg,0.00011221177595520131,0.9996206416545868,0.00022032173162832335,4.6807189896032886e-05,b
test_2198.jpg,0.9996828628807068,0.00010972508870423213,0.00013364115403511197,7.375350646834849e-05,a
test_2199.jpg,5.1840611157233265e-05,5.486273472196646e-05,0.9998727467735291,2.0498605190962725e-05,c
test_2200.jpg,4.574685996262204e-05,9.186363509857975e-05,0.9998240747055054,3.8294459816659706e-05,c
test_2201.jpg,0.001177368776579529,0.00055184065197348,0.00051942285197348,0.9977513106143951,d
test_2202.jpg,0.00013155210757466137,0.003538690794382024,0.0002775092661314398,0.99605227198143,d
test_2203.jpg,0.0007553855850562465,0.997266400044632,0.0015991408857343435,0.0003790898414553493,b
test_2204.jpg,4.1312536356106285e-05,6.811285548382663e-05,0.00015144392749851838,0.9997390733715057,d
test_2205.jpg,0.00013363840305921442,0.9996607283991241,0.00018090228630144673,2.4720619711705306e-05,b
test_2206.jpg,0.9996118193916321,0.0001490933626674348,0.00021692955548346536,2.2128354328568038e-05,a
test_2207.jpg,6.215928837329395e-05,0.00010888028800200097,9.044123001846648e-05,0.9997384538401031,d
test_2208.jpg,0.9996907693183898,0.00010247845144854099,0.00015841231404716878,4.840739382585943e-05,a
test_2209.jpg,0.0002301532291913575,0.001100136492549652,0.0004333398962437591,0.99823633344841,d
test_2210.jpg,0.03811462891585779,0.4933326686025238,0.45917049224586487,0.009382188207273661,b
test_2211.jpg,4.7848006231196525e-06,0.999933779538269,4.84191821205575e-05,1.300643622788397e-05,b
test_2212.jpg,0.9992803952125549,0.00015958184762315556,0.0004610191107371819,9.905441043025866e-05,a
test_2213.jpg,0.0003618661311281592,0.9718865186752319,0.027480731714533805,0.00027086115237149954,b
test_2214.jpg,1.2241878749197774e-05,0.9999006373306274,7.044714932927934e-05,1.670004058101964e-05,b
test_2215.jpg,0.0008934047386979371,0.9797372504440307,0.01692375652911377,0.002445580907225192,b
test_2216.jpg,0.9966464243392945,0.0023615131105179906,0.0005879410031880259,0.0004040855846903795,a
test_2217.jpg,0.00042620115816736464,0.00039084347201317137,0.0016456389976701588,0.997537308071518,d
test_2218.jpg,0.7113064714250564,0.0033699406627966163,0.0011426626286158692,0.28418094028604124,a
test_2219.jpg,0.00042456111781932234,0.03511377320481987,0.9636769487880708,0.0007846476198609901,c
test_2220.jpg,1.4852165008018855e-05,0.9998447871702576,8.546831475709624e-05,5.486119260982357e-05,b
test_2221.jpg,0.7595231932418823,0.0035448983929921864,0.23633451942686462,0.000597439736974461,a
test_2222.jpg,6.655967749516972e-05,7.542199158698328e-05,0.9997992629512786,5.873870901129134e-05,c
test_2223.jpg,0.9998759618191528,6.812264836548689e-05,4.3395580430097025e-05,1.2433041398126517e-05,a
test_2224.jpg,0.9996062176540375,0.00010407064802615926,0.0002468538278016901,4.2896765771928796e-05,a
test_2225.jpg,9.043752551923223e-05,0.0001315858335741539,0.9996981187709808,7.981084118644055e-05,c
test_2226.jpg,4.536820983743871e-05,0.00033784802633057235,0.00031553184133057235,0.9993012825806427,d
test_2227.jpg,0.999553948903656,0.0001490842610744442,0.0001408714002261552,0.00015611540237804464,a
test_2228.jpg,9.534317111088914e-06,0.9999350883757019,4.8419247841036375e-05,6.9618529396688704e-06,b
test_2229.jpg,3.8292829982430845e-05,0.00010973623755573183,0.9997765516048431,7.542048592960879e-05,c
test_2230.jpg,1.3870904715920342e-05,0.9998322423471833,0.00014091159168269516,1.300511532729376e-05,b
test_2231.jpg,6.216205656204597e-05,0.00010248791209800579,5.1835964024918454e-05,0.999783513512497,d
test_2232.jpg,0.00122519436184026,0.0029145171950315596,0.08014624945730019,0.9157140182548522,d
test_2233.jpg,5.570676326783157e-05,0.00015142667832541764,0.00016337539832541763,0.999629488817978,d
test_2234.jpg,1.2241799749197775e-05,0.9998945623306275,5.486393812506303e-05,3.8297290266944286e-05,b
test_2235.jpg,0.00013157591419718354,0.0002033915203136222,4.27164452045897e-05,0.9996223186603546,d
test_2236.jpg,0.048399915131427766,0.0015855565615070818,0.019316030417625425,0.9306984838039398,d
test_2237.jpg,9.343987316035569e-05,0.0010170088901495398,0.0002455800879181707,0.9986439275180816,d
test_2238.jpg,0.9996086066462708,9.68250071239613e-05,0.00026319766201926933,3.1434478013209166e-05,a
test_2239.jpg,0.9998267591014098,9.68465201759515e-05,5.486020059539851e-05,2.1483563388517578e-05,a
test_2240.jpg,0.0003155126702464744,0.00035752269425102026,8.748667691615045e-05,0.9992395039104462,d
test_2241.jpg,0.08905014191756248,0.00809097565043354,0.002554300245836711,0.9003046145616913,d
test_2242.jpg,0.9997579448381806,0.00012337993261294527,0.00010248535692042104,1.6191824936085196e-05,a
test_2243.jpg,3.1198031531818655e-05,0.9998444402404785,6.216588422141191e-05,6.216588422141191e-05,b
test_2244.jpg,5.1823926558541855e-05,0.9995594922517395,0.0003205475785204941,6.810015829458781e-05,b
test_2245.jpg,0.0043184950590685845,0.0008606959198161066,0.9882094143325806,0.006611440929806769,c
test_2246.jpg,1.8924229270644276e-05,3.770884523074854e-05,0.9999325288871765,1.0803765471414888e-05,c
test_2247.jpg,0.9992826117996216,0.00017152813807152345,0.00026310958473241535,0.0002828020797324154,a
test_2248.jpg,0.004908596116002082,0.001034961636960224,0.9938120861701203,0.0002443845926678941,c
test_2249.jpg,0.0005445534459971588,0.0002375455292167829,0.9989908502361298,0.00022700365616406664,c
test_2250.jpg,0.00017948163475645437,0.0002049696125932011,5.308053508490324e-05,0.9995624610946655,d
test_2251.jpg,1.2241719020508559e-05,0.9998877057505798,7.982603342077497e-05,2.0183181587245565e-05,b
test_2252.jpg,0.9998224701713563,7.04415870939103e-05,8.546638214356795e-05,2.160928405190012e-05,a
test_2253.jpg,4.539258699513156e-05,9.045028930900834e-05,0.9998382399391175,2.591445535594915e-05,c
test_2254.jpg,9.044534932074681e-05,7.043890962669968e-05,0.9997842300704194,5.485787725922968e-05,c
test_2255.jpg,0.0035463468072850944,0.00619070104726696,0.024040639874590493,0.9662222809638977,d
test_2256.jpg,1.5718472256160265e-05,0.9998754863311767,9.1868525791488e-05,1.6830214756160266e-05,b
test_2257.jpg,0.9998569365882873,5.4861864777223506e-05,6.65636076511588e-05,2.1610038637678196e-05,a
test_2258.jpg,0.00011613172684535668,8.479816456886344e-05,0.9997634308376313,3.562560767982291e-05,c
test_2259.jpg,1.7810638553571026e-05,6.216523696400054e-05,8.546743643728932e-05,0.9998345653469085,d
test_2260.jpg,0.784704187204361,0.1860203158289373,0.00174706173535112,0.027528481209492087,a
test_2261.jpg,0.9694507399294281,0.02915760986353159,0.001065605922255674,0.0003260317973750056,a
test_2262.jpg,2.5916418007782014e-05,4.8418244236613216e-05,0.9999146609344483,1.0972587134132965e-05,c
test_2263.jpg,0.9991067332523347,0.0004114014440959638,0.0003827543254986724,9.912197070354305e-05,a
test_2264.jpg,6.216310245963596e-05,8.546447001365818e-05,0.9998005620444488,5.183682127581639e-05,c
test_2265.jpg,9.03426677701211e-05,0.0002826245890962893,0.0009712752054287255,0.998655765240097,d
test_2266.jpg,0.0007545681775152236,0.001244072547211969,0.0018101176947442948,0.9961912326569367,d
test_2267.jpg,1.7811437690962724e-05,5.486309222196646e-05,4.841650865723327e-05,0.999878896773529,d
test_2268.jpg,0.9986761469223022,0.00023204820172062723,0.000194262616913757,0.0008975413236068225,a
test_2269.jpg,4.339209966277945e-05,6.313513383166615e-05,9.684341625370264e-05,0.9997965993115234,d
test_2270.jpg,0.010761285153466225,0.004287561637598371,0.0010840652937556445,0.9838670894771576,d
test_2271.jpg,0.9937810881312561,0.005648023177644134,0.0004029398187929675,0.00016797029684305936,a
test_2272.jpg,0.0003199954648246446,0.0013342731593919336,0.00046559066754940897,0.9978801593178559,d
test_2273.jpg,0.01657882073025726,0.9797207216308594,0.0035117296825811894,0.00018871504809599585,b
test_2274.jpg,0.9994595587322235,0.00024961636808884963,0.00020974071863821223,8.103856289147266e-05,a
test_2275.jpg,4.539207831273556e-05,8.480356446136355e-05,0.999827054962616,4.272521429245129e-05,c
test_2276.jpg,6.055682922405106e-06,0.9999380810256958,4.132114928552557e-05,1.4526827923105925e-05,b
test_2277.jpg,0.9987050535564422,0.0008705681491359323,0.00036290679896958025,6.150694576288518e-05,a
test_2278.jpg,2.44890198226567e-05,3.770847414329956e-05,0.9999229216781615,1.4853341026885637e-05,c
test_2279.jpg,0.9999174922836304,4.841839295570669e-05,2.753418004254608e-05,6.552719030584416e-06,a
test_2280.jpg,0.9781747801101685,0.0038179529153781174,0.01437315823344946,0.003634103669136965,a
test_2281.jpg,0.9997451945354462,0.00010973239435628057,0.00010973239435628057,3.5348491951533324e-05,a
test_2282.jpg,0.0018395144768443405,0.001150269087736854,0.996906427383728,0.00010377830953707308,c
test_2283.jpg,0.0018522273061030567,0.0007721232229277164,0.9594775093254089,0.037898130452246666,c
test_2284.jpg,3.5007401341548697e-06,0.9999638282112122,2.4299952467235534e-05,8.414245722587525e-06,b
test_2285.jpg,0.0003629399570547429,0.000391574182655142,0.9988018343345642,0.00044371164638962743,c
test_2286.jpg,5.485221591699954e-05,0.00021694453007696957,0.9996798056454468,4.840691341249401e-05,c
test_2287.jpg,0.9982945346733093,0.0007561418322796017,0.0008279280176034332,0.0001214167117218753,a
test_2288.jpg,0.0001027715498112911,0.9983935941851043,0.0012662535185457707,0.00023740130463423612,b
test_2289.jpg,0.00010248292415081963,0.00013159067529693274,0.999734698491745,3.1194607616824436e-05,c
test_2290.jpg,0.9995210027397156,0.00010970639900274024,0.00012242408900274023,0.0002468323154426081,a
test_2291.jpg,1.3105555251439686e-05,0.9997368476056672,0.00016896600083771065,8.10623352505546e-05,b
test_2292.jpg,6.656056727805435e-05,8.546545745505933e-05,0.9998131122642517,3.484355771935574e-05,c
test_2293.jpg,3.7708374393183324e-05,2.753424633182885e-05,0.9999199631904603,1.4738018600964532e-05,c
test_2294.jpg,3.829693098844793e-05,5.87438719342518e-05,0.9998860925186157,1.683040035727886e-05,c
test_2295.jpg,0.007442388719318628,0.002344175185021788,0.9897588533813477,0.00045463679782078325,c
test_2296.jpg,0.00031558373507187634,7.979238572380397e-05,0.9994637665618896,0.00014085942342958495,c
test_2297.jpg,0.7926785353921508,0.03996618412532568,0.166895172270959,0.0004601422443559371,a
test_2298.jpg,0.9842530206451416,0.015200440989921331,0.00039897953729492214,0.0001475456592928727,a
test_2299.jpg,2.286882238594128e-05,7.98200303792128e-05,8.48023253792128e-05,0.9998125530452728,d
test_2300.jpg,1.9069969295364184e-05,0.00015843161540950835,0.9998125386493684,9.936651802959978e-06,c
test_2301.jpg,4.473977047990343e-05,0.9998109634033203,0.00011795345785423994,2.631897399258405e-05,b
test_2302.jpg,0.9991198787831879,0.0004050772817803216,0.00031547452719481736,0.00015955907243163272,a
test_2303.jpg,0.00034501077420058133,0.0020531719256983282,0.0004042935192005813,0.9971975113605499,d
test_2304.jpg,8.413981111088912e-06,0.9999322883757019,4.539685853310852e-05,1.3872308397790268e-05,b
test_2305.jpg,2.2113120294422898e-05,0.9997372693294525,0.0001914636516187483,4.916681557243407e-05,b
test_2306.jpg,0.9512281483505249,0.0048848295136724,0.043112144257217405,0.0007749178784552127,a
test_2307.jpg,0.999682314086151,0.00019145329790933578,7.48280528993997e-05,5.142851820876763e-05,a
test_2308.jpg,3.0365235081220364e-05,0.9996520349708558,0.0002785542577508083,3.8989733920483396e-05,b
test_2309.jpg,0.009053282687870694,0.00040709738637667743,0.0009295379007005334,0.989610111107254,d
test_2310.jpg,0.0023232890725848315,0.9958260820377349,0.0016718470123339236,0.0001788107336652395,b
test_2311.jpg,1.5718195710357663e-05,0.9998572388442993,0.00010249551229564108,2.4487401934556192e-05,b
test_2312.jpg,0.9997517386051178,0.00014090017468955442,7.981510559393673e-05,2.7529615228326004e-05,a
test_2313.jpg,0.9994963133893585,0.0002457847880025023,0.00019141738987092912,6.653941947430507e-05,a
test_2314.jpg,6.313854542620919e-05,6.812084107603386e-05,0.9998506603469086,1.8089495384597376e-05,c
test_2315.jpg,0.9994799181349945,0.00023043995057739987,0.0002496245287095368,4.004445699865184e-05,a
test_2316.jpg,0.00019142956356818915,0.00018088459168135346,0.9995572587100983,7.04230080375205e-05,c
test_2317.jpg,5.485389012628926e-05,0.00010887739622742876,0.00012433907622742878,0.9997119029097747,d
test_2318.jpg,0.00011214370914377965,0.9975676692958833,0.0004653823576073721,0.0018548330258405267,b
test_2319.jpg,0.0002623952488514453,0.0008553844117115408,0.0022482620518630746,0.9966340087742614,d
test_2320.jpg,4.841561157451151e-05,4.841561157451151e-05,0.9998604041000366,4.272662555284184e-05,c
test_2321.jpg,1.2239240059405184e-05,0.9996834775157928,0.00012337074325435014,0.0001809070815007952,b
test_2322.jpg,0.00010229121817993065,0.0015119335118876397,0.0005023232236837828,0.9978834499908447,d
test_2323.jpg,0.00010710980363650948,0.0017520001075320185,0.9980288515754699,0.00011208706432366513,c
test_2324.jpg,0.9992346151420592,0.0005700009081940824,0.00013973460057569817,5.568401683525127e-05,a
test_2325.jpg,0.000320369812847037,0.0002630382127021234,0.00040503206395904124,0.9990116390583038,d
test_2326.jpg,0.005348478892418742,0.37929547364692684,0.26441954607944484,0.3509365154670563,b
test_2327.jpg,2.4295672991442648e-05,0.00010248847997803725,8.546355406810083e-05,0.9997877600925446,d
test_2328.jpg,0.030219786603578568,0.5073085548149109,0.4465498548149109,0.015921817895599842,b
test_2329.jpg,6.655714623673558e-05,0.00010248554132628843,7.04372107055664e-05,0.9997605208141327,d
test_2330.jpg,0.0023725991252176344,0.3988460461517349,0.0005519273858301005,0.5982294529981231,d
test_2331.jpg,0.0027984595133078217,0.0007075613332609087,0.00017348000070217774,0.9963205550457,d
test_2332.jpg,0.000151407888030888,0.0002785111699357697,0.9994946994911194,7.539906086653535e-05,c
test_2333.jpg,0.00013157524407672822,0.9996181299404144,0.00015840080572867543,9.184479107714973e-05,b
test_2334.jpg,5.8279387151814014e-05,0.00015841978946574823,0.9997379091884613,4.53880305698685e-05,c
test_2335.jpg,3.770250600344855e-05,0.9997647417679596,0.0001491163105872312,4.8411029338920786e-05,b
test_2336.jpg,2.631680947400277e-05,0.9997304880466461,0.00017160715035234898,7.153650038359783e-05,b
test_2337.jpg,0.04441872705414009,0.949152508626175,0.005317477816161632,0.0011113432623116076,b
test_2338.jpg,0.9998539068675232,6.216644602067802e-05,7.542621477850612e-05,8.462586824242636e-06,a
test_2339.jpg,0.00038231180102817953,0.8812629310527802,0.1173330863360443,0.001021630918102051,b
test_2340.jpg,3.9857364973146264e-05,0.9997403735885619,0.00017298236424033537,4.678190374495087e-05,b
test_2341.jpg,0.00013363315285383752,9.682617388769366e-05,0.00014909442817876144,0.9996203462039184,d
test_2342.jpg,4.339693083930622e-05,3.563063364061973e-05,0.9999049340972901,1.5964837862256512e-05,c
test_2343.jpg,5.485611227202594e-05,0.0001024847150075426,9.044243859230481e-05,0.9997522131420136,d
test_2344.jpg,0.0009134014844426978,0.0010585798861186921,0.9936808695850372,0.004347186447489857,c
test_2345.jpg,0.9998117231143951,5.183749137826144e-05,0.00010888826720370844,2.7531266132807982e-05,a
test_2346.jpg,0.9998302181613923,6.656177199034969e-05,7.542436270847105e-05,2.7747072505739345e-05,a
test_2347.jpg,0.000209758667341215,0.9995370902500152,0.00014908169186332164,0.00010406428213952988,b
test_2348.jpg,0.00022494591671133786,0.0078786403809416,0.9917464265945435,0.00015005862068067922,c
test_2349.jpg,0.0001513525347280459,0.00041141885534474104,0.0002827637483917555,0.999154544757843,d
test_2350.jpg,7.719215126053088e-05,4.272670425577553e-05,0.9998632051921081,1.683000063678379e-05,c
test_2351.jpg,0.0001336466576526918,0.0001040841174458807,0.9997219196750641,4.0367241666692275e-05,c
test_2352.jpg,0.0005886612441043854,0.0012461867782618164,0.9978870841449737,0.00027806185329965085,c
test_2353.jpg,0.0015116521396143973,0.0004655030352017471,0.9977064739044952,0.00031633422628538836,c
test_2354.jpg,0.48881675385719303,0.4891372029247284,0.02074918057164812,0.0012969337173435866,b
test_2355.jpg,0.00019140532759851815,0.0002631511165775114,0.999429315473938,0.00011609279583562075,c
test_2356.jpg,4.011139760210472e-05,0.0005894326867320865,0.00016887528916635067,0.9992015530284881,d
test_2357.jpg,0.0002573364097564544,0.0003051398075932011,6.717668008490324e-05,0.9993703610946656,d
test_2358.jpg,3.11996472464066e-05,5.87445376843735e-05,0.9998961657035828,1.3871813182916823e-05,c
test_2359.jpg,0.0011778627688879906,0.000362717278524977,0.00026895947737435417,0.9981904657680511,d
test_2360.jpg,1.951820424782678e-05,2.77493220508138e-05,4.272873405781245e-05,0.9999099225158692,d
test_2361.jpg,5.8275157102182805e-05,0.00017950010855074063,9.683094480999134e-05,0.9996653696929931,d
test_2362.jpg,0.9995086884460449,0.00021690720834903287,0.0001583834693091224,0.00011610206638850958,a
test_2363.jpg,2.825247056808779e-06,0.9999477868164062,4.0376575286819986e-05,9.009231204820647e-06,b
test_2364.jpg,0.9993886651325226,0.00018085216174889475,0.0002495996452756545,0.00018085216174889475,a
test_2365.jpg,0.0001809109542525457,5.1429709911130313e-05,0.9997054693515778,6.215716539085246e-05,c
test_2366.jpg,0.9999139970970155,2.982653693948531e-05,4.272890714526144e-05,1.3414705539711589e-05,a
test_2367.jpg,0.9990839982551575,0.00045899635575650784,0.0003574667220117569,9.950686667281531e-05,a
test_2368.jpg,0.7149846037319183,0.006185828933462286,0.26393915945762636,0.01489042898429966,a
test_2369.jpg,9.605281662768863e-05,0.0003352572531838471,0.00018085355884898082,0.9993878358222961,d
test_2370.jpg,0.00010911709113317378,0.0006423009322131985,0.004597783838961542,0.9946507810764313,d
test_2371.jpg,0.017715489344810844,0.007375241656450391,0.9504891017868805,0.024420167261277676,c
test_2372.jpg,1.3872262351657236e-05,4.841895661422318e-05,0.9999292394691468,8.413952845542894e-06,c
test_2373.jpg,0.003114318941483879,0.6754175655908585,0.03673459092569053,0.28473356511865233,b
test_2374.jpg,2.0498688190962725e-05,4.841636815723327e-05,5.486293222196646e-05,0.9998761467735291,d
test_2375.jpg,0.001576240067064923,0.0005962919678790852,0.9718753676657105,0.025952072407241226,c
test_2376.jpg,6.750705785014832e-06,0.9998985431213379,7.982690300330512e-05,1.4852979410565475e-05,b
test_2377.jpg,0.00012432857147314115,0.0001088681474352581,0.00013978946647314117,0.9996269782649994,d
test_2378.jpg,4.006231014526144e-05,2.429902043948531e-05,0.9999254970970154,1.012933803971159e-05,c
test_2379.jpg,0.00022014503094978095,0.00041128511437525303,0.0005281004978701419,0.9988404872596741,d
test_2380.jpg,0.9601422568878937,0.0030796812956333163,0.03285426085439587,0.003923882055004239,a
test_2381.jpg,8.478644227392196e-05,0.00015840192702957034,0.0001315763220988947,0.9996252052763367,d
test_2382.jpg,0.0002689546170556438,0.00019209594206031353,0.9989357585714722,0.0006031707596202093,c
test_2383.jpg,0.00011613625470370844,5.1836963378261445e-05,0.9998026481143951,2.9363843132807982e-05,c
test_2384.jpg,0.9993356866821289,0.00011789638415238254,0.0004915813782319268,5.483301541855338e-05,a
test_2385.jpg,4.840571989529814e-05,0.000278555295704295,0.9996549609260559,1.8086097796463354e-05,c
test_2386.jpg,0.99287710654068,0.0009121797085139632,0.0032573417772530557,0.0029534455492505073,a
test_2387.jpg,0.0002376576877647668,0.9994208777687072,0.0002496063017385669,9.182503037650301e-05,b
test_2388.jpg,0.9975823367202759,0.0006772346364422709,0.001063112275983232,0.0006773000059832323,a
test_2389.jpg,8.519792360054441e-05,0.00021967437746259644,0.002985884882745731,0.9967092580124663,d
test_2390.jpg,0.0011173791040602445,0.0004110608262250334,0.99831214402771,0.00015942535007515489,c
test_2391.jpg,0.0002980746519508675,0.0004303339206794119,0.9990513582675934,0.0002201970976568921,c
test_2392.jpg,0.9998209170555115,4.2724928586175786e-05,0.00011613840640330031,2.0181828154345172e-05,a
test_2393.jpg,0.9986222368437194,0.00020476761565494492,0.0005026863666980981,0.0006702939875162709,a
test_2394.jpg,4.006126237875827e-05,4.272830284101468e-05,0.9998993863311767,1.7811807330343043e-05,c
test_2395.jpg,1.638334808690932e-05,0.9998496747746277,9.045125468842014e-05,4.3394528093911745e-05,b
test_2396.jpg,0.0004114785679862958,0.00016888944744148464,0.00013153123306219056,0.9992881109632874,d
test_2397.jpg,0.00029339027266007424,0.014426025018520474,0.0008567511584960789,0.9844238545192718,d
test_2398.jpg,0.9990745193042755,0.0002321427446935189,0.00033032557262582986,0.0003630441226258299,a
test_2399.jpg,0.9999392621191406,3.144503710000293e-05,2.1611835862534983e-05,7.67975187026174e-06,a
test_2400.jpg,0.010425573888133883,0.4912738525270462,0.4954870775717163,0.002813497581954467,c
test_2401.jpg,5.648242425972624e-05,0.0005569508020098448,0.0002033022014572546,0.9991832931446075,d
test_2402.jpg,2.017786944534096e-05,0.9996251284378052,0.0002458167598577386,0.00010886794566370011,b
test_2403.jpg,0.9601873399459839,0.002915170370985794,0.036566220996933935,0.0003312709328996175,a
test_2404.jpg,0.6970794080619812,0.11347563956863403,0.1836375304252434,0.005807435847971845,a
test_2405.jpg,0.9997946126720428,0.0001179516982529369,5.183643556204285e-05,3.56266265870757e-05,a
test_2406.jpg,4.537735383596909e-05,0.0004305283036667943,0.9995026594219971,2.1434743878854465e-05,c
test_2407.jpg,4.6814717213309273e-05,0.00012725559680208133,5.5714870293583275e-05,0.9997702861141204,d
test_2408.jpg,0.00014406703557737305,0.9995233436602784,0.0002202991087878394,0.00011227288341300696,b
test_2409.jpg,8.413993526866364e-06,0.999933600492096,4.841917145236487e-05,9.534300005563239e-06,b
test_2410.jpg,7.043307084055744e-05,0.00016896013823696523,0.9997018923194885,5.873300855878837e-05,c
test_2411.jpg,1.0447765668451435e-05,0.9999501094207763,3.379912704197508e-05,5.618686589057369e-06,b
test_2412.jpg,0.9968325100402833,0.0021975684395874858,0.0005880439434363514,0.0003818980903667906,a
test_2413.jpg,9.219749017494474e-06,0.9999108315869141,6.65672013611701e-05,1.3414654911948796e-05,b
test_2414.jpg,0.002078620180256343,0.003426747762738502,0.9939449375553131,0.000549735406640336,c
test_2415.jpg,0.0001837859752075568,0.9610136758092499,0.0008412895208692669,0.037961262309398655,b
test_2416.jpg,0.9990233648628235,0.0004589683840111226,0.0004589683840111226,5.869283469362162e-05,a
test_2417.jpg,0.9998048536493682,7.542253692846679e-05,9.609289188398869e-05,2.3652111599756322e-05,a
test_2418.jpg,0.0001161162036770108,0.00017949358221431194,0.9996289632290649,7.540935984811324e-05,c
test_2419.jpg,0.0008062371052134389,0.00037791523922806085,0.9941763170574188,0.004639574247365236,c
test_2420.jpg,0.9995645883285522,9.682067681130178e-05,0.00026318588875533016,7.540401554222237e-05,a
test_2421.jpg,0.9994319965287017,0.0002457690294168427,0.00023042889941684276,9.182756407952093e-05,a
test_2422.jpg,1.7224502290353546e-05,0.9998962295396423,5.87444763682577e-05,2.7748928225997272e-05,b
test_2423.jpg,0.9760737240058899,0.0016741867225039302,0.021636230422160625,0.0006158988829001516,a
test_2424.jpg,0.999497234561615,0.0001794699293023412,0.0002611271903477302,6.214431058702757e-05,a
test_2425.jpg,4.57470105206499e-05,4.2725128520649894e-05,8.54666740425083e-05,0.999826043961792,d
test_2426.jpg,2.4475397231706714e-05,0.0005700866730175638,0.9993838616531372,2.159946142704518e-05,c
test_2427.jpg,8.355914896257519e-05,0.00019441352884358914,0.000204958785216596,0.9995170835677338,d
test_2428.jpg,4.9146952906512994e-05,0.0001513832749587606,0.00044397128161522564,0.9993554962051392,d
test_2429.jpg,0.00013352600803761988,0.0005567539499214769,0.0004660515568389857,0.9988437223274231,d
test_2430.jpg,0.0008703322570158959,0.0003824909926484442,0.9984319772125244,0.0003152540892506814,c
test_2431.jpg,0.9995760876926423,0.00010406731197270096,0.00018511620059125393,0.00013469615788152557,a
test_2432.jpg,0.00012429778944650978,0.9993918859799195,0.00032049190294349163,0.00016333510054172785,b
test_2433.jpg,0.00038259510039274246,0.0008036726060272693,0.9986822954280854,0.00013145181629808337,c
test_2434.jpg,3.143984161948283e-05,0.9997779002307892,0.00017161566872985303,1.9069228247890677e-05,b
test_2435.jpg,6.507608121233113e-05,0.9995334165992737,0.00014416249557787993,0.0002573809049799165,b
test_2436.jpg,0.3289816209812164,0.0022318899864691853,0.0015507985152544677,0.6672356710316467,d
test_2437.jpg,0.00015522985656987368,0.0004219585263036135,0.027618966053385256,0.9718038426200867,d
test_2438.jpg,0.9997359436756135,9.683763088842384e-05,0.0001315907556784712,3.562457112513687e-05,a
test_2439.jpg,7.481712982181698e-05,0.0001583878487387851,0.00023045296128448053,0.9995363975364685,d
test_2440.jpg,0.0003574747838631067,0.0002610242016388893,0.9991031082454682,0.0002784017932143852,c
test_2441.jpg,8.413605420957798e-06,0.9998874182388305,7.982602614620276e-05,2.4298094937000003e-05,b
test_2442.jpg,0.00040042163053619984,0.9822797933940888,0.008119330120956421,0.009200406427054048,b
test_2443.jpg,4.271868075308893e-05,0.9996762576084137,0.00026321586758601217,1.7807796456408096e-05,b
test_2444.jpg,0.9995580917333222,0.00010886064644422576,0.00011610800644422576,0.0002169181316181384,a
test_2445.jpg,9.038640103563219e-05,0.00045902003822821945,0.00031547953899253335,0.9991351644039155,d
test_2446.jpg,0.9958446005390167,0.0006437351681453437,0.0033805563540877225,0.00013107913171029554,a
test_2447.jpg,0.5294040338973999,0.00359572773149389,0.4666042845090318,0.0003959708523587048,a
test_2448.jpg,0.0004801021423753309,0.9980739769859315,0.0010635859064270139,0.00038234317737533094,b
test_2449.jpg,0.00037943874499832514,0.006565647544289017,0.001967816514193356,0.991087123443985,d
test_2450.jpg,0.00048414350183163227,0.00048414350183163227,0.9919036651435089,0.007128137849390149,c
test_2451.jpg,3.144429633182885e-05,3.770820189318333e-05,0.9999150631904602,1.5719112100964534e-05,c
test_2452.jpg,0.08958857455318832,0.7991540935302734,0.06449529257769966,0.046762040064128874,b
test_2453.jpg,0.0008404025912401497,0.9652345795337677,0.010590066194732904,0.023334992944732905,b
test_2454.jpg,5.303502818292003e-05,0.0002169103528539674,0.0002049613241505833,0.9995251275226593,d
test_2455.jpg,7.48322825362365e-05,0.00013159123778609292,5.48553891476578e-05,0.9997387551657868,d
test_2456.jpg,5.485736090193571e-05,7.981699316438146e-05,9.044449346956547e-05,0.9997748732802582,d
test_2457.jpg,4.005309946409166e-05,0.00017950554160061524,8.479241830048806e-05,0.9996956593418884,d
test_2458.jpg,0.01562946079491496,0.00371661932500937,0.960129490857315,0.020524379000252724,c
test_2459.jpg,0.05040153112870216,0.024267007349389552,0.0147186841767447,0.9106127316651154,d
test_2460.jpg,0.9986614974048614,0.0011006082284979821,0.00017931985567778513,5.8671490463148246e-05,a
test_2461.jpg,6.14386385662347e-06,0.9999432668869019,4.273018011305947e-05,7.888877044633241e-06,b
test_2462.jpg,0.999057052935791,0.00023214350791567057,0.0006261357156636804,8.473825118739009e-05,a
test_2463.jpg,0.9998885394940186,4.2727833688864227e-05,5.486362722473727e-05,1.3844653311501656e-05,a
test_2464.jpg,0.9873726381285859,0.011940338733171463,0.00037532895107268455,0.0003116473395200199,a
test_2465.jpg,0.9952765150901794,0.001147877411831987,0.0006144145313181436,0.002961197807612276,a
test_2466.jpg,0.9995589210670471,0.00022030979209385665,0.00016893560747765511,5.182405707687974e-05,a
test_2467.jpg,0.0003584523647045943,0.0002911033957886654,0.9979053702705383,0.0014450950177530735,c
test_2468.jpg,0.007121750560720324,0.0012375746866611123,0.9910196083460998,0.0006210983922354133,c
test_2469.jpg,0.9999434352114869,2.5062680915835616e-05,2.7139839415835617e-05,4.336868984102299e-06,a
test_2470.jpg,7.981531923191554e-05,0.9997542982097626,9.044260296503298e-05,7.541864722056247e-05,b
test_2471.jpg,0.999585271592331,0.00020338398475290776,0.00010886360710160025,0.00010246766210160024,a
test_2472.jpg,0.013820406297104359,0.984327555311203,0.0016017530645052612,0.00025024249825698436,b
test_2473.jpg,0.04125623794921303,0.0008201499021185804,0.9562944478364563,0.0016291622723734736,c
test_2474.jpg,0.00020058469617993064,0.0012663541086837828,0.00569329626188764,0.9928397849908448,d
test_2475.jpg,7.042563434395705e-05,0.9995965148574829,0.00021692621577556104,0.00011611223540803679,b
test_2476.jpg,0.00014901163099358678,0.00041139758904616713,0.9990652537734985,0.00037432141604852316,c
test_2477.jpg,0.00024578064689915867,0.9994770265743256,0.00021690055941501872,6.0378022832581736e-05,b
test_2478.jpg,0.9990583049803925,0.00028273305320805837,0.0005029262845107695,0.00015603096807814183,a
test_2479.jpg,0.0008572675479401767,0.00026298169916979077,8.537766205647432e-05,0.9987944073966217,d
test_2480.jpg,0.9998969371910096,5.874455314282991e-05,3.770748664664137e-05,6.590956136535297e-06,a
test_2481.jpg,0.02954956720486355,0.27177067950687406,0.09299053229851723,0.6056892574018097,d
test_2482.jpg,4.0058669381285686e-05,4.5392424186411e-05,7.98218139536739e-05,0.9998346567527772,d
test_2483.jpg,0.00019143547240588264,9.607216837095826e-05,0.999589212127304,0.00012335911156438113,c
test_2484.jpg,0.9995657790653991,0.0002203103296817924,0.00017157787395447567,4.231095441387299e-05,a
test_2485.jpg,5.828256032972619e-05,0.9997924019062042,0.00010888616079229944,4.037030914696898e-05,b
test_2486.jpg,0.9990598247619629,0.0005568747980144128,0.0002915089246372074,9.179095298368455e-05,a
test_2487.jpg,0.9990431479759216,0.00031544948942856135,0.0002783832034649649,0.0003630389094285613,a
test_2488.jpg,0.0002611588432795835,6.215184124545983e-05,0.9996183628807067,5.827241624545984e-05,c
test_2489.jpg,8.746661020328239e-05,0.9998240747055054,4.574685996262204e-05,4.2725015962622034e-05,b
test_2490.jpg,0.0006258887318751967,0.0005198923436072111,0.9986630109809875,0.00019125770502193733,c
test_2491.jpg,8.545709768234416e-06,0.9999445672117615,3.379893937290423e-05,1.3108307190334463e-05,b
test_2492.jpg,2.018112433397036e-05,0.9997874494165802,0.0001336558065848819,5.873795288081057e-05,b
test_2493.jpg,6.603927266424763e-05,4.574305514128532e-05,0.9997391100496673,0.0001491124280721061,c
test_2494.jpg,0.9998586572380066,5.3052881448440374e-05,7.376694031218625e-05,1.4525571706011622e-05,a
test_2495.jpg,0.02996060695372715,0.0019060164791295051,0.9678245178913116,0.00030889258150747743,c
test_2496.jpg,0.001365324437630552,0.0006302149636687457,0.997813372291031,0.00019109045541437997,c
test_2497.jpg,0.00010973175172460139,0.00011612871217689894,0.9997364873748016,3.7701471364655347e-05,c
test_2498.jpg,5.851624683305971e-05,0.003831380057076287,0.9960421897842408,6.785752503379598e-05,c
test_2499.jpg,0.00019141608062496365,0.9994892198546601,0.00021690282950958997,0.00010245764848017133,b
test_2500.jpg,0.0001715687466355601,0.00023224770358669372,0.9995107091579437,8.543916224952936e-05,c
test_2501.jpg,0.0001912944278652267,0.0005524489968860525,0.0004049696423728624,0.9988512091204071,d
test_2502.jpg,2.6322436260187124e-05,2.2871658760187125e-05,0.9999367002819824,1.4089385532367919e-05,c
test_2503.jpg,0.0003155739409836972,0.00014906656475546405,0.9994329430866242,0.00010245185695743367,c
test_2504.jpg,1.3871072198703416e-05,0.9998435978227234,0.00010249413423394396,4.0059028897667154e-05,b
test_2505.jpg,0.00028295643414397506,0.002958032167038345,0.009036312233083725,0.9877226942279815,d
test_2506.jpg,0.0004438757561939567,0.9991595447772217,0.0003743366235252491,2.2204322013012046e-05,b
test_2507.jpg,0.9998552805888367,5.1437417023759996e-05,7.044394830988365e-05,2.2869801903464158e-05,a
test_2508.jpg,4.5747145020649895e-05,7.98212740425083e-05,0.9998286639617919,4.5747145020649895e-05,c
test_2509.jpg,0.00010408509404669695,0.00013158951258674442,4.005424686246101e-05,0.9997242678862762,d
test_2510.jpg,0.39929244277290343,0.08682695111185837,0.46142843588485716,0.05245214782921982,c
test_2511.jpg,3.37958808190747e-05,9.045175819119096e-05,0.9998552181697082,2.049823904271507e-05,c
test_2512.jpg,0.00018067665849173307,0.9984400938369751,0.0008097366056173408,0.0005695319712309143,b
test_2513.jpg,9.009194650684558e-06,2.44895319589646e-05,2.2871821958964598e-05,0.9999436084213257,d
test_2514.jpg,0.999817623393631,0.0001024914962187045,6.216425210372739e-05,1.777562650001176e-05,a
test_2515.jpg,0.04976211535614433,0.0025988167399266958,0.9472892823383332,0.00034972145155218214,c
test_2516.jpg,0.0001808951276613523,9.682618464311358e-05,0.9996198151809692,0.00010247097806158249,c
test_2517.jpg,0.9997642711154937,0.00011794810216524452,9.04434288572897e-05,2.7323712691932528e-05,a
test_2518.jpg,0.9725953036510467,0.02699698742769165,0.0002852728726817447,0.00012246091518553615,a
test_2519.jpg,1.9068698159056288e-05,0.9997505546971893,0.00017161085798364414,5.8735726371112726e-05,b
test_2520.jpg,3.217460558027704e-05,0.9997512355335236,0.00018515208030898958,3.143893002759212e-05,b
test_2521.jpg,0.00011229465725044503,0.9997006340709687,0.00015143796840251357,3.562315580614747e-05,b
test_2522.jpg,7.979862512385391e-05,0.0002959099084614372,7.979862512385391e-05,0.999544527640152,d
test_2523.jpg,0.00023006706222176044,0.0011514813788954495,0.0007558160304529577,0.9978626185310364,d
test_2524.jpg,0.0002785174158295515,0.0001397744588219635,0.9995195879083252,6.214563064529881e-05,c
test_2525.jpg,0.0001510650235231045,0.0019839023065363406,0.00046531304673908056,0.9973997237007142,d
test_2526.jpg,0.9989368215106964,0.0002689612359412412,0.0004608241410956901,0.0003334065693848288,a
test_2527.jpg,0.00040322921177511216,0.000586753915144816,0.99460751007164,0.004402511513084233,c
test_2528.jpg,3.507560001678563e-06,0.9999582748161315,3.1201583183080516e-05,7.016474882163358e-06,b
test_2529.jpg,0.0005694207045336434,0.0009708631740818113,0.9982396955814361,0.0002200115617883177,c
test_2530.jpg,0.00023043897880494326,0.0001914138102973342,0.00010245650426892505,0.9994757171562958,d
test_2531.jpg,2.9360999838840095e-05,9.608336001153947e-05,0.00016896088285890356,0.9997056552127839,d
test_2532.jpg,3.379763353060633e-05,4.0374881839306225e-05,0.9999067190972901,1.9071742953309677e-05,c
test_2533.jpg,0.034009318678301814,0.005827311490243911,0.9195064938217163,0.040656880284447666,c
test_2534.jpg,8.540764177701257e-05,0.000191350193209192,0.0005699527966197008,0.9991532956935882,d
test_2535.jpg,0.998746929591751,0.00040492709263058486,0.0005523913362572282,0.00029567378918753773,a
test_2536.jpg,0.00023224786123787134,0.9995061434349823,0.0002033678828930956,5.8265872233075404e-05,b
test_2537.jpg,0.9586371674610138,0.03304070832989693,0.005066956855114936,0.0032551806462605597,a
test_2538.jpg,1.224169244332842e-05,0.9998850699363708,8.480848414758817e-05,1.7811556005510407e-05,b
test_2539.jpg,7.48333552672059e-05,0.9997530493045808,0.0001491145345723495,2.3001383085700327e-05,b
test_2540.jpg,3.379435478549735e-05,0.0001088881365385083,0.9998104847068787,4.681700484379005e-05,c
test_2541.jpg,6.655053963241833e-05,0.00010247540549214378,0.0001689533754131028,0.9996620420167541,d
test_2542.jpg,8.413811689104507e-06,0.9999128010284424,6.656736455383494e-05,1.2242024449155546e-05,b
test_2543.jpg,3.3277390768238704e-05,4.2729011862937773e-05,0.9999160791442872,7.888662538806115e-06,c
test_2544.jpg,9.185119980999135e-05,0.00016895797855074062,0.9996900196929932,4.91643986021828e-05,c
test_2545.jpg,0.9993389533810425,0.0003575579314348674,0.00026312627652475446,4.0351722201009045e-05,a
test_2546.jpg,1.596426130618507e-05,2.144254553394493e-05,9.609882160713245e-05,0.999866482913971,d
test_2547.jpg,6.5528172426870494e-06,0.9999328787475585,3.77088565155896e-05,2.2871579401222243e-05,b
test_2548.jpg,0.0012761402467851234,0.00019418273500608696,0.9984462213539124,8.345382616248212e-05,c
test_2549.jpg,0.9994945802818298,0.0002611264770256424,0.00016892512706087292,7.539905359057774e-05,a
test_2550.jpg,2.160843694057163e-05,0.00017694426074774146,0.999788250403595,1.3106179369695205e-05,c
test_2551.jpg,0.08510319178014278,0.3865671757206726,0.18582218550261498,0.34250745876037597,b
test_2552.jpg,2.591683938895549e-05,3.120072209147532e-05,0.9999306221896362,1.2242247522791776e-05,c
test_2553.jpg,1.6699579823114405e-05,0.9998730410533142,7.484233178040474e-05,3.5353012104180585e-05,b
test_2554.jpg,0.9992671360309601,0.00019137318059841605,0.00026310730550663084,0.0002784463455066308,a
test_2555.jpg,0.00012434228184053555,9.683786393761709e-05,0.9997387077480316,4.005482533026907e-05,c
test_2556.jpg,0.000860679832884705,0.0004111851451338595,0.9986313453079223,9.672616208355962e-05,c
test_2557.jpg,0.9908456499378204,0.0010158097708116258,0.006945846347625732,0.0011926721206212652,a
test_2558.jpg,0.0026667074956724644,0.0008932586048178226,0.8459609902812958,0.15047902627440643,c
test_2559.jpg,8.546381270216681e-05,7.542154060197934e-05,0.9997933999515534,4.574547647069108e-05,c
test_2560.jpg,0.00015144259302979113,0.9997225964458465,0.00010973047390216738,1.6191263831154838e-05,b
test_2561.jpg,7.043457944713228e-05,0.00011612699645839818,0.9997230162813568,9.043978868744656e-05,c
test_2562.jpg,0.5338458101085664,0.017163562738206864,0.006336496150435925,0.44265411762088774,a
test_2563.jpg,0.0005569340980144128,0.0002032963146372074,0.999154399761963,8.540861298368454e-05,c
test_2564.jpg,0.00015963618209889472,8.478406027392197e-05,0.00015839747202957033,0.9995970902763367,d
test_2565.jpg,0.9989151735412598,0.0002783476688551995,0.0005281514459371344,0.0002783510565123594,a
test_2566.jpg,0.9989509359783173,0.0003574189779724455,0.0005892842621800988,0.00010240225715754024,a
test_2567.jpg,0.9999017095161438,4.0374677984783065e-05,3.6464481956482504e-05,2.14433002085574e-05,a
test_2568.jpg,0.00011608622637645274,0.9993698801490783,0.0004591289049628213,5.483524912126012e-05,b
test_2569.jpg,0.0020086008767986416,0.43431186445507053,0.5569293627525329,0.006750188179230809,c
test_2570.jpg,0.00010406237963952989,0.00014907855186332167,0.000232249007341215,0.9995146402500152,d
test_2571.jpg,0.0002813496123459777,0.9880061637763977,0.008043903694088698,0.003668604596057087,b
test_2572.jpg,4.939181977647439e-06,0.9999508245838928,3.770953673490476e-05,6.552935264895647e-06,b
test_2573.jpg,0.9996744387322235,0.00012724186363821224,0.00014973576308884964,4.861208089147265e-05,a
test_2574.jpg,0.9988523126039887,0.0007565808306319445,0.00027833053843238887,0.00011272974223720461,a
test_2575.jpg,0.9999143004699707,2.93671426556158e-05,4.8418230893522614e-05,7.888648308101152e-06,a
test_2576.jpg,0.9997319088871002,0.0001914628029413229,4.53877601162421e-05,3.1194520297835035e-05,a
test_2577.jpg,5.4854985365327704e-05,0.00012434155723140686,0.9997302758403779,9.044058019551561e-05,c
test_2578.jpg,0.7912647130039214,0.18994751554410932,0.016474711588354587,0.0023130279267800213,a
test_2579.jpg,0.00011408106551043309,0.001690616100367281,0.0004843696086250722,0.9977109734153747,d
test_2580.jpg,0.00013158442661347896,0.9996861202957154,0.00010247801421757157,7.980995600045935e-05,b
test_2581.jpg,0.018894718165796756,0.0025949255025304553,0.9670176216307831,0.011492701954833318,c
test_2582.jpg,0.9996711303054047,0.0001689546022114703,0.00012159777431711293,3.828842810932641e-05,a
test_2583.jpg,1.7809830976660283e-05,0.9997876862094879,0.00014911973047454746,4.539028962536894e-05,b
test_2584.jpg,0.0006771185939880222,0.0015993496687648594,0.0003149306282024151,0.9974085699077606,d
test_2585.jpg,8.479057193846688e-05,0.00013158261390178337,0.9996738889465332,0.00010972463544577018,c
test_2586.jpg,1.7812779263130137e-05,2.1444417804604315e-05,0.999953819444275,6.961982974092197e-06,c
test_2587.jpg,0.03664770831093371,0.0012922032351053805,0.9618563351068878,0.00020377549577886328,c
test_2588.jpg,3.3247057075346486e-05,0.9990220978045654,0.000897846614466542,4.6777020662461084e-05,b
test_2589.jpg,0.7173934570978164,0.012639059490834595,0.000361851795462825,0.26960564543096927,a
test_2590.jpg,0.0008163990571012562,0.10432784992223262,0.8915716841579437,0.003284122297158718,c
test_2591.jpg,4.574040751519248e-05,0.00018090607162054553,9.608063514764607e-05,0.9996772959716798,d
test_2592.jpg,8.546112583272868e-05,0.00010973424657162651,4.272237472422878e-05,0.9997621182816314,d
test_2593.jpg,1.1566982829279865e-05,0.9998542134254456,0.00010974447785032712,2.448730445676479e-05,b
test_2594.jpg,5.871683275504768e-05,0.0002322295799622506,0.0002784920227025348,0.9994305063240814,d
test_2595.jpg,0.00021958683858400955,0.7573898463581086,0.004301844704114914,0.23808875230265497,b
test_2596.jpg,0.0006156802713686675,0.0017975116589825093,0.021341140160732745,0.9762456233024597,d
test_2597.jpg,5.5705672911923004e-05,0.9996118058998108,0.0002693550838453181,6.31228057709517e-05,b
test_2598.jpg,0.00014087041920350193,0.00017947759109288304,0.9995399427562713,0.00013977730297518178,c
test_2599.jpg,8.135221519042261e-06,0.9997752454395294,0.00018515679632561446,3.14397062291404e-05,b
test_2600.jpg,0.9994016942878723,0.0001233359676634936,0.00013975796086663334,0.0003352619220961547,a
test_2601.jpg,0.0006976731123507112,0.015747209495232818,0.9823969307373046,0.0011581933545745432,c
test_2602.jpg,0.00010239383120758328,0.0006260163796963304,0.0004049754511924228,0.9988666486089325,d
test_2603.jpg,0.010795784303940952,0.8991681055172729,0.055272412347585675,0.03476369602801084,b
test_2604.jpg,0.00044356978151831924,0.0006453902436840236,0.00041113511952921896,0.9984999208080292,d
test_2605.jpg,6.603385047940843e-05,0.0001914485991313854,8.545244425979209e-05,0.9996570967858887,d
test_2606.jpg,0.00016893604734334573,0.000102464899946182,0.9995596593128204,0.00016893604734334573,c
test_2607.jpg,0.9995861733673096,0.00011792630912710837,0.0001715817723753391,0.00012432266531137674,a
test_2608.jpg,0.00012160582519990027,0.9997381171798706,9.68374468471539e-05,4.338935851471737e-05,b
test_2609.jpg,1.5201352882449358e-05,2.9827516979175283e-05,0.9999468287696838,8.136697744184551e-06,c
test_2610.jpg,0.99956485852211,0.00019143067592124267,0.00016893697689526096,7.48192647606907e-05,a
test_2611.jpg,0.0010266192230798245,0.005213602705380439,0.9935368063800811,0.00022299795005349682,c
test_2612.jpg,2.936288918316473e-05,0.00010973524718654022,9.044406113476559e-05,0.9997705312343597,d
test_2613.jpg,6.313345864511393e-05,0.000133653533647637,0.9997717132775116,3.143963945929542e-05,c
test_2614.jpg,0.9996558419338226,0.00014418272223411238,0.0001596447615345858,4.036451732635078e-05,a
test_2615.jpg,2.429848352277808e-05,0.9999033775863648,6.216956357006583e-05,1.0129114225999359e-05,b
test_2616.jpg,0.0005178554431970841,0.0006649395193815469,0.004096774285208165,0.9947204923759461,d
test_2617.jpg,0.9984798448184967,0.0002825626455947354,0.0008097599425928533,0.00042792227059473543,a
test_2618.jpg,6.655710402491845e-05,0.0001088824720980058,6.604054956204597e-05,0.999758483512497,d
test_2619.jpg,0.0014471489029545248,0.40304951564102176,0.03293695381478071,0.5625663489522934,d
test_2620.jpg,3.3274176646968985e-05,9.684584829229944e-05,4.917094332972619e-05,0.9998206219062042,d
test_2621.jpg,0.0007783676577759281,0.000773105943775481,0.4640694153218687,0.5343791099650573,d
test_2622.jpg,1.0802782946875345e-05,0.9998414531945801,0.00012339024332964883,2.4296978891482906e-05,b
test_2623.jpg,0.9998729848658752,8.107338677459328e-05,3.646332676381766e-05,9.443864965827708e-06,a
test_2624.jpg,0.0001243107103192024,0.9994965471134949,0.00033047258909767565,4.8680769894563224e-05,b
test_2625.jpg,0.0014341512854331709,0.024021755137722398,0.9737994536949157,0.0007445859761384558,c
test_2626.jpg,0.9914779654846191,0.006079303821050501,0.0018300651192578851,0.0006126522548869789,a
test_2627.jpg,0.004191942859478533,0.0005195866968149144,0.0004891877488298183,0.994799315806427,d
test_2628.jpg,0.0008406831792074024,0.0006536276742983222,0.01986011127229464,0.9786456433700561,d
test_2629.jpg,7.484054366549105e-05,3.327517319358599e-05,0.9998490885429383,4.272616128910948e-05,c
test_2630.jpg,2.4488078638064102e-05,3.144331554338192e-05,5.874384272797629e-05,0.999885307774353,d
test_2631.jpg,2.4487714765774066e-05,3.535289411029322e-05,7.044495596475716e-05,0.9998696470306396,d
test_2632.jpg,7.044260934845804e-05,0.9998358436134338,5.486075460151113e-05,3.884520148799617e-05,b
test_2633.jpg,0.047531172421703335,0.947976042111206,0.0018300244158468426,0.002662669868439555,b
test_2634.jpg,5.3002751692805825e-05,0.9995965467388153,0.0002797169091723567,7.072350854879548e-05,b
test_2635.jpg,0.11004522599040985,0.5028751282029915,0.3856776710720825,0.0014019151966938495,b
test_2636.jpg,0.9989833618492127,0.000168838146568563,0.00021679450671857148,0.0006309813121279568,a
test_2637.jpg,3.5353019519502414e-05,0.9998732193087769,7.982488416296363e-05,1.1567219663815286e-05,b
test_2638.jpg,9.184050358025111e-05,0.00027853118273511084,0.9995674626857758,6.214867785515952e-05,c
test_2639.jpg,0.9997129170955659,0.00016896199529085025,7.541549801404356e-05,4.2720284819429215e-05,a
test_2640.jpg,1.9071895776854098e-05,0.9999133253303527,4.006182078796747e-05,2.7534064472863972e-05,b
test_2641.jpg,3.1441857750778e-05,0.00011231119712427966,0.9998413609136962,1.4852081457489032e-05,c
test_2642.jpg,5.485288397054357e-05,0.0001097267347944241,0.0001408919129977882,0.9996945484447479,d
test_2643.jpg,0.999002306416626,0.0005281907522055662,0.00029805672198460404,0.00017147844454945045,a
test_2644.jpg,0.989157259737091,0.006272408406318903,0.0036736861499631407,0.0008966364902464673,a
test_2645.jpg,0.0009010314912495464,0.002449257516067326,0.9881010027770996,0.008548748839729548,c
test_2646.jpg,1.8089004265363652e-05,0.9998219325572968,0.0001409100611496888,1.9070103015363653e-05,b
test_2647.jpg,0.9995655579788207,0.0001914306192355527,0.0001808853642355527,6.214842509611936e-05,a
test_2648.jpg,0.9998419893806458,6.604606836986792e-05,6.604606836986792e-05,2.591454313252248e-05,a
test_2649.jpg,1.2242127605941793e-05,3.770840719579126e-05,2.9367337716058642e-05,0.9999206671205139,d
test_2650.jpg,0.03677263002794647,0.023113026344664573,0.9221138929904937,0.018000442323669433,c
test_2651.jpg,1.0803541879524184e-05,0.9999118422836304,5.828952448677307e-05,1.9071866478574587e-05,b
test_2652.jpg,2.4296836136348482e-05,0.9998356051948547,0.00010889087585415591,3.119775623532335e-05,b
test_2653.jpg,0.9999366293281555,2.5062513294238282e-05,3.2180902991115035e-05,6.097820002907723e-06,a
test_2654.jpg,0.00016894840419214545,7.540944332306638e-05,0.9996323304975128,0.00012336442979975015,c
test_2655.jpg,7.425374656960066e-06,0.9999409979568481,3.770916179489449e-05,1.3872426165369465e-05,b
test_2656.jpg,2.5915109432558283e-05,7.542701016383582e-05,3.3796194523679296e-05,0.9998648160063172,d
test_2657.jpg,9.039750191615044e-05,0.0002958245702464745,0.00035752905925102025,0.9992562839104462,d
test_2658.jpg,0.9995940830562591,0.0001689422305580795,0.0001408782363078192,9.607263933428251e-05,a
test_2659.jpg,0.00020497087853868382,0.0001315689170001191,9.607007489288136e-05,0.9995673876152802,d
test_2660.jpg,6.810160471157871e-05,0.9995785215148926,0.0002828881134271917,7.042415339264109e-05,b
test_2661.jpg,3.327476918479353e-05,3.327476918479353e-05,9.609601855497382e-05,0.9998372758224487,d
test_2662.jpg,0.13984657686433793,0.003174823315855503,0.8555114844486237,0.0014670966268947542,c
test_2663.jpg,0.9997361753040314,9.044099207277626e-05,0.0001491120008082594,2.429442072632488e-05,a
test_2664.jpg,0.999917209236908,2.591649249445685e-05,5.144060381911328e-05,5.421799527480865e-06,a
test_2665.jpg,0.6050856262763977,0.0015322538495958298,0.00422441304959583,0.3891577025624931,a
test_2666.jpg,1.3406001526866363e-05,0.9999050504920959,6.812465295236487e-05,1.341453950556324e-05,b
test_2667.jpg,0.9995793101035308,0.00020338277466016056,0.00016893958051547288,4.840204948285304e-05,a
test_2668.jpg,1.4738051718120148e-05,0.9999221567016602,3.53547491077658e-05,2.774968634898001e-05,b
test_2669.jpg,0.994050250397873,0.0003556369628585696,0.00021570471944013894,0.0053783738036539555,a
test_2670.jpg,6.805866887142414e-05,0.0007684892745566695,0.00019131540554172635,0.9989721752967835,d
test_2671.jpg,0.00029295959391706556,0.9822916124324799,0.017188947093217374,0.000226477014316096,b
test_2672.jpg,4.5742635987072546e-05,0.0001696850587364714,0.9997377810214996,4.681290792708281e-05,c
test_2673.jpg,0.9997337973499298,7.754665937071353e-05,6.428843515262841e-05,0.00012434165790534095,a
test_2674.jpg,1.780977437007512e-05,0.9997864414196014,0.00014090507494154113,5.485796808433171e-05,b
test_2675.jpg,9.681067256159191e-05,0.999462001915741,0.00038289363362459543,5.826329994579115e-05,b
test_2676.jpg,0.00014089122291286664,0.0001088748032121893,0.99968806367836,6.21561073736566e-05,c
test_2677.jpg,0.0002494045700797875,0.0006258630285845244,0.9986220290996551,0.000502713240460969,c
test_2678.jpg,5.1832317446885755e-05,6.603755975308203e-05,0.00016896211328530864,0.9997132098865509,d
test_2679.jpg,0.9998836517265319,4.272761005976886e-05,5.8743764552610115e-05,1.4852748972199596e-05,a
test_2680.jpg,0.0002290000027670242,0.001305377623646122,0.9983492373966216,0.00011644134955647431,c
test_2681.jpg,7.541128861900644e-06,0.9998893145396424,7.719419816639826e-05,2.5915737725997273e-05,b
test_2682.jpg,0.9995802642133331,0.00027971434799425735,0.0001179243338844005,2.2109101119651817e-05,a
test_2683.jpg,0.0021989356958451033,0.00021646673012947322,0.0001230965219501586,0.9974614789871216,d
test_2684.jpg,1.520046535969081e-05,0.9998911616325379,7.154836228799558e-05,2.2116547564638166e-05,b
test_2685.jpg,0.00014909450584913076,0.00011611505374397866,0.00011611491584889456,0.9996186207767487,d
test_2686.jpg,0.017858137058074236,0.7210302362307739,0.01158087656434393,0.2495308077581787,b
test_2687.jpg,0.0036243066469699263,0.013557735682950973,0.8868385830136108,0.0959794279586172,c
test_2688.jpg,0.9989737869252777,0.00048759438752888414,0.0004589464831281704,7.975293694114879e-05,a
test_2689.jpg,0.999859034729004,6.656378561357581e-05,5.1437611571519e-05,2.2869882073878905e-05,a
test_2690.jpg,0.0002202215910585098,0.00024570342798703015,0.00036308406909374294,0.9991709405029296,d
test_2691.jpg,0.8399238889671325,0.0018341489448728682,0.004715880625089407,0.15352608901969148,a
test_2692.jpg,0.9993304357959747,0.000382842260919162,0.00016889675204139815,0.00011789589890021995,a
test_2693.jpg,5.827327202141745e-05,0.00015964210868684724,0.00014909684044869066,0.9996330120899963,d
test_2694.jpg,2.7533551569481897e-05,4.006107498258872e-05,3.7707420928711615e-05,0.9998946765869141,d
test_2695.jpg,6.655118535392471e-05,0.00010887317259124719,0.00015143446425538732,0.9996730846473694,d
test_2696.jpg,0.00017946923808636784,0.0002611261717136642,0.9994933602597046,6.602304173662559e-05,c
test_2697.jpg,3.3272210179822917e-05,0.00010888274484535668,9.684018006886344e-05,0.9997609858376313,d
test_2698.jpg,0.775281788730011,0.01578959332471857,0.20728350584167482,0.0016451539359059692,a
test_2699.jpg,0.9976043073101044,0.0004906735266198987,0.0003569161914394721,0.0015480892415555836,a
test_2700.jpg,4.9155794907205814e-05,0.000227138242953448,0.000194414942953448,0.9995293532981873,d
test_2701.jpg,0.9998373996128845,9.045018322925213e-05,3.884524930087294e-05,3.327476408234848e-05,a
test_2702.jpg,6.656261570216681e-05,0.9998432699515534,6.31381697021668e-05,2.7011366938828053e-05,b
test_2703.jpg,0.0004609480989600703,0.00034568253511041403,0.9991442999389648,4.913553486124403e-05,c
test_2704.jpg,4.150597536946222e-05,0.9996903948547363,0.00015841225808775738,0.00010972650736600622,b
test_2705.jpg,0.995957071263504,0.001362855795337224,0.0003563445625926107,0.002323719681829214,a
test_2706.jpg,2.3226533762617348e-05,0.9998130032180785,0.00014090879956730188,2.2868808512021837e-05,b
test_2707.jpg,2.0181254498884988e-05,0.9997920394179535,0.00015842836738734186,2.936355421915706e-05,b
test_2708.jpg,1.8089787867488754e-05,0.9998651716339111,8.10728079767126e-05,3.562918496156555e-05,b
test_2709.jpg,0.00015960195134845465,0.0001513903419648753,0.00029817568751105815,0.9993908685746002,d
test_2710.jpg,0.00023739029066048383,0.001266194158015722,0.0001512253231824836,0.9983452106407166,d
test_2711.jpg,6.143869589549296e-06,0.999944203049469,4.006305777101499e-05,9.534402680771019e-06,b
test_2712.jpg,2.322859548441782e-05,3.2179723326771415e-05,4.3396730848189655e-05,0.999901170539093,d
test_2713.jpg,0.9997447117472076,0.00014089926952296167,9.608711974112347e-05,1.8347492938657326e-05,a
test_2714.jpg,7.482866965620504e-05,0.9996905313421631,0.0002034054025227435,3.1193230412505344e-05,b
test_2715.jpg,0.00011609794274238676,0.0003304680738474208,0.9994786345104217,7.481280980976016e-05,c
test_2716.jpg,4.271982487500384e-05,0.00011612452469135165,0.00013979986940858887,0.9997013431793214,d
test_2717.jpg,0.999895929236908,2.9825935494456853e-05,6.01192878479417e-05,1.4088773873015968e-05,a
test_2718.jpg,0.00015840530346477466,0.00010972159491276383,0.9996464719711304,8.54512691465072e-05,c
test_2719.jpg,9.183845461464286e-05,0.00020496727711553632,0.00014908448857143001,0.999554126846695,d
test_2720.jpg,0.9996298863518525,0.00010730386162230008,0.0002097772717989193,5.304000155846767e-05,a
test_2721.jpg,0.9974933911743165,0.0005975713413877577,0.0015465690142291665,0.00036244533632779957,a
test_2722.jpg,0.00013157227039327444,0.0001408780382828747,0.9995960423374176,0.00013157227039327444,c
test_2723.jpg,0.0001914153849992101,0.00013155774429352522,0.0001914153849992101,0.9994855925060272,d
test_2724.jpg,0.0019049504360575675,0.004605635325579763,0.006700725138645649,0.9867887220661926,d
test_2725.jpg,5.485557801774803e-05,0.00016339562081532598,0.9997440450275421,3.770184213368593e-05,c
test_2726.jpg,1.3107282012415646e-05,0.9998675013104248,9.18678161739597e-05,2.7532803047844307e-05,b
test_2727.jpg,0.0021290765674076024,0.0029577241440845725,0.7875607097778321,0.20735247945466995,c
test_2728.jpg,6.214842509611936e-05,0.0001808853642355527,0.0001914306192355527,0.9995655579788207,d
test_2729.jpg,3.1197757760588265e-05,4.272559631910161e-05,9.04500595494322e-05,0.9998356150787353,d
test_2730.jpg,0.00015961665990362747,0.00020336203332552909,0.00015961665990362747,0.9994773565840149,d
test_2731.jpg,0.9993572312839508,0.0004115066851247585,0.0001408432280352989,9.040623337634996e-05,a
test_2732.jpg,7.950031611521052e-06,0.9998756623776245,9.186852194723368e-05,2.44878208912389e-05,b
test_2733.jpg,0.00016894746023045002,0.9996261000205994,0.00010886805435196534,9.607572082621346e-05,b
test_2734.jpg,0.05974053198472691,0.934499217129898,0.004632237621503138,0.0011280222896824957,b
test_2735.jpg,0.8741893207271576,0.006769416270196796,0.10654811731638432,0.012493134277559758,a
test_2736.jpg,7.958710799187846e-05,0.9969180722202301,0.002821909749546981,0.00018039864662537246,b
test_2737.jpg,7.482166243306127e-05,0.00012336004598018975,0.000204976714134932,0.9995968724853516,d
test_2738.jpg,2.211547396997665e-05,0.999844761960144,0.00011795765155937344,1.5199726945204437e-05,b
test_2739.jpg,0.0010378661233356058,0.0005016875686395198,0.9967094039452362,0.0017510617206928135,c
test_2740.jpg,0.9997010016227722,0.00014089273269688607,0.0001243374107606688,3.379051948104413e-05,a
test_2741.jpg,0.0006300336126769661,0.00041072809178372473,0.9975256861217499,0.001433581929015851,c
test_2742.jpg,0.5709363200199127,0.0037887789034355282,0.4237939139830017,0.0014810323322528064,a
test_2743.jpg,0.00026868934261822255,0.0016055954464594127,0.9973347955841064,0.0007908660856522918,c
test_2744.jpg,4.005886506229628e-05,0.9998395421481323,9.609623510550365e-05,2.4296932839567675e-05,b
test_2745.jpg,0.000391346170264785,0.9989207973773957,0.0001849859547963895,0.0005028439350889325,b
test_2746.jpg,0.9997700530010223,9.185907066491708e-05,0.00010248667962669655,3.562592255684018e-05,a
test_2747.jpg,0.0006636971300240219,0.005816688486282468,0.0005168878794024273,0.9930027315795898,d
test_2748.jpg,0.999684541235733,0.000124335364239654,0.00015964975995544925,3.1436901964879144e-05,a
test_2749.jpg,6.240550655292604e-05,0.0002376700938193594,0.9994949063297272,0.00020502615218089893,c
test_2750.jpg,4.272642932464323e-05,9.045183790754057e-05,0.9998552151008606,1.1567022696578232e-05,c
test_2751.jpg,0.0013627774627660095,0.0006766545992159725,0.0011156148396719706,0.9968448971702576,d
test_2752.jpg,7.425158138171369e-06,0.9999117250511169,5.1440320946823245e-05,2.9367072219114954e-05,b
test_2753.jpg,0.9998911736328124,4.037423433653541e-05,5.5721975698308644e-05,1.2759890338646404e-05,a
test_2754.jpg,0.013427994519411087,0.0007992145603876054,0.0006224289238712919,0.9851504354293823,d
test_2755.jpg,0.00018513223830990465,9.184670839255393e-05,0.9996476064762115,7.541011468207337e-05,c
test_2756.jpg,0.0001488745975040309,0.9981458043067932,0.0015006514636218189,0.00020467893257301807,b
test_2757.jpg,5.142700695587511e-05,0.00011611891588382966,0.0001794978747311802,0.9996529171577453,d
test_2758.jpg,5.485893019564375e-05,0.00010888731219678141,3.327362441079233e-05,0.9998029451381683,d
test_2759.jpg,3.5346482015430415e-05,0.9996883829940796,0.0001914544641590935,8.479179839323528e-05,b
test_2760.jpg,0.04692038425282049,0.8152605275946807,0.13351854294797133,0.004300551830918586,b
test_2761.jpg,0.0010208284184363514,0.004575035439587486,0.9939950400402833,0.0004091040753667906,c
test_2762.jpg,0.0004913987801238555,0.0001160382401140493,0.9989622583034515,0.0004302955209105867,c
test_2763.jpg,2.4298591635491975e-05,4.006160106392508e-05,0.9999078541442872,2.7749289135491975e-05,c
test_2764.jpg,0.00021691439297021834,0.00013977743405684575,0.000102463195171123,0.9995408862342834,d
test_2765.jpg,4.575125980850516e-05,2.5916508776857308e-05,0.9999173338180543,1.0972617683827334e-05,c
test_2766.jpg,5.18284959766345e-05,0.00013979121241087286,0.00016894965069134445,0.9996394494137573,d
test_2767.jpg,0.9998045851713562,9.911058714356795e-05,8.546466414356795e-05,1.0802361529728246e-05,a
test_2768.jpg,0.00010409466515149326,3.379458954094419e-05,0.9998193674646759,4.2724817697821854e-05,c
test_2769.jpg,0.08364494006660551,0.0014202407521886468,0.9101043648702241,0.004830426994159365,c
test_2770.jpg,0.2204600363321686,0.7665246993793488,0.011578920283646679,0.001436332777283585,b
test_2771.jpg,0.00162377784413538,0.0009697404720163554,0.99709167996315,0.00031484207772430124,c
test_2772.jpg,7.043814911004838e-05,4.5744605646160056e-05,0.00010973561307918095,0.9997740903247834,d
test_2773.jpg,0.0007876367617611885,0.20160951349822998,0.7973810756526947,0.00022175828927144318,c
test_2774.jpg,0.997120945287323,0.00022853275067180603,0.0024934412123896405,0.00015706810750457301,a
test_2775.jpg,0.9936840053386689,0.0010584034851531805,0.004738541183350504,0.0005190699928190306,a
test_2776.jpg,0.025447240230337082,0.9726586049568176,0.0008681055261745453,0.0010260968761745452,b
test_2777.jpg,0.00036292422890940904,0.9987767115341186,0.000759665133939451,0.00010070827793095969,b
test_2778.jpg,0.0017440252729353665,0.9926893945331574,0.0012397482729353667,0.004326812211342907,b
test_2779.jpg,0.00013980374178332208,7.98133688334944e-05,0.9997289854450226,5.143091950330652e-05,c
test_2780.jpg,0.9997965078144073,5.183660457960449e-05,0.00010248921160354742,4.916976957960449e-05,a
test_2781.jpg,0.9979046595515442,0.000985648165138063,0.00037933247090047835,0.0007303409724425435,a
test_2782.jpg,5.873553141159852e-05,0.9997426995838166,0.0001795139973745322,1.906865864018951e-05,b
test_2783.jpg,0.9992898998283386,0.00019137838613565356,0.00033784645975503026,0.00018083651113565355,a
test_2784.jpg,4.5394625157233265e-05,0.999883116773529,4.5394625157233265e-05,2.606740052171742e-05,b
test_2785.jpg,3.534907278886061e-05,6.216067580915347e-05,0.00014090158136468857,0.999761591676712,d
test_2786.jpg,8.24670758242973e-05,0.9918811321392059,0.00097877097120502,0.007057677130984449,b
test_2787.jpg,3.646468399340166e-05,4.3397059272394926e-05,0.9999087948410035,1.1313160024645504e-05,c
test_2788.jpg,0.0006998907528388799,0.9855195603042602,0.0005493911511179075,0.01323114514541459,b
test_2789.jpg,0.00016834451281202167,0.0033812901031140567,0.00037863572415557594,0.9960717261405182,d
test_2790.jpg,6.604062963034268e-05,0.00013159403944081814,4.2722355845255106e-05,0.9997596736521148,d
test_2791.jpg,0.9984602664287567,0.0002455279761002654,0.0011781973389280616,0.00011597920474659846,a
test_2792.jpg,0.9998297879623412,6.604526083294875e-05,7.982142405473357e-05,2.4296694631906763e-05,a
test_2793.jpg,0.9984477436571503,0.0005889869357789291,0.0006257538157789289,0.00033755875530423014,a
test_2794.jpg,0.8502324522031403,0.14362247488195418,0.005842905936771536,0.000302173515381625,a
test_2795.jpg,0.0003574042179886168,7.974765988442212e-05,0.9989171866294861,0.0006456848382817581,c
test_2796.jpg,0.0032545413033705714,0.0043894619752864236,0.9914649694591522,0.0008910634785796701,c
test_2797.jpg,5.1430177865327705e-05,8.47940201955156e-05,0.00014910881723140685,0.9997145558403778,d
test_2798.jpg,0.00035898082315507607,0.00023757945003226205,0.00028274984815507607,0.9991207132552338,d
test_2799.jpg,1.90717038450375e-05,4.272849769440586e-05,3.37975689564825e-05,0.9999043945161439,d
test_2800.jpg,0.9882721305728149,0.008421310918063831,0.001907814079909879,0.0013987286353303431,a
test_2801.jpg,0.9991710541854859,0.00045903725261687634,0.0002610419781806949,0.00010881849518605351,a
test_2802.jpg,2.7531248582563663e-05,0.000149123219463951,0.9998111149059296,1.2240792303904867e-05,c
test_2803.jpg,0.7811175128120422,0.015210226430632114,0.20114031427446366,0.002531982959253204,a
test_2804.jpg,0.0031320289378956555,0.012294044663412093,0.9840541991947174,0.0005197449356925201,c
test_2805.jpg,4.2903239959295414e-05,0.9997391332775116,0.000144194283647637,7.375738114511393e-05,b
test_2806.jpg,0.0004593335454283729,0.0719168654249227,0.927364557853241,0.0002592523675883952,c
test_2807.jpg,0.00018090226550514503,7.04299456243407e-05,0.9996582414154053,9.04338403153736e-05,c
test_2808.jpg,0.0001336499729902625,9.683832479844744e-05,0.9997450134185029,2.448456426772726e-05,c
test_2809.jpg,0.0002571214810451795,0.0007146782932689517,0.00046591396565852014,0.9985622798309326,d
test_2810.jpg,3.5629234872731155e-05,9.04526739521525e-05,0.9998649843322753,8.93856922408831e-06,c
test_2811.jpg,0.0004602925792441145,0.0008967090030375511,0.0007588941556086749,0.9978841125057221,d
test_2812.jpg,6.216385304985575e-05,6.656060554985576e-05,0.9998125074508667,5.873952728113632e-05,c
test_2813.jpg,0.999571282559967,0.00019442577969148994,0.00017948321689027698,5.48461030298141e-05,a
test_2814.jpg,0.0002956791718664235,0.9987651414496612,0.0008037392870896876,0.0001354378786561577,b
test_2815.jpg,0.9998322876831054,5.828488767283849e-05,9.044974006935022e-05,1.8922331724027275e-05,a
test_2816.jpg,0.004643217226838291,0.8953503826702118,0.005075478984820962,0.09493091326470565,b
test_2817.jpg,4.271949639391273e-05,0.9996967013449096,0.00018514197337134928,7.541395114841181e-05,b
test_2818.jpg,0.00021692740220473691,0.00013157312036829024,0.9996023465080262,4.9160142318371427e-05,c
test_2819.jpg,1.5199855205616033e-05,0.9998504981697083,0.00010974404872872979,2.4487206995354862e-05,b
test_2820.jpg,0.9996808174121095,0.00010247745435416497,5.8276054994439526e-05,0.0001584107431371452,a
test_2821.jpg,9.684200211577266e-05,9.60904581117005e-05,0.9997795211403656,2.753037905037172e-05,c
test_2822.jpg,0.0015024290801372649,0.9914890109786987,0.006732301135474801,0.0002762685204290474,b
test_2823.jpg,2.2870330971475354e-05,5.828757919084877e-05,4.03737756069514e-05,0.9998784665177918,d
test_2824.jpg,1.0803754337877801e-05,0.999931634538269,4.2729675699947475e-05,1.485347422788397e-05,b
test_2825.jpg,8.156231806817532e-05,0.4672902239915466,0.0006716744274581075,0.5319565396532535,d
test_2826.jpg,0.8856116823184967,0.11381210968209839,0.0004349970108937955,0.00014122285179291085,a
test_2827.jpg,0.0004913293062572282,0.00040495691263058486,0.9988253795917511,0.00027832253418753775,c
test_2828.jpg,0.9997999002307891,7.981897928684498e-05,9.044674738475442e-05,2.9823108848736616e-05,a
test_2829.jpg,0.9997773666034698,9.684160672346711e-05,8.546242019523978e-05,4.036958875218484e-05,a
test_2830.jpg,7.739408751864816e-06,0.9999096335388183,5.1842504289913846e-05,3.075241512387922e-05,b
test_2831.jpg,0.7701502442972565,0.002176315593348205,0.224338450491848,0.003334962389587772,a
test_2832.jpg,7.540624784811325e-05,0.9995922832290649,0.0001408774166770108,0.00019143574221431196,b
test_2833.jpg,0.9995837245685577,0.00020338367200718567,0.00011611097205631208,9.682312146495801e-05,a
test_2834.jpg,0.9583685689559936,0.001970532007303983,0.03892663570111513,0.0007342565453896821,a
test_2835.jpg,0.0005893653045518338,0.00013150517607589466,0.9990878116737365,0.00019133890964075401,c
test_2836.jpg,0.00018085718104424804,0.0002322252165765494,0.99941536825943,0.00017155200978317216,c
test_2837.jpg,1.1892698243736544e-05,0.9997767256053924,0.00010888445442726403,0.00010248727442726404,b
test_2838.jpg,0.002099241400564951,0.02897913298120022,0.8914886143253327,0.0774330041558075,c
test_2839.jpg,5.486176531609908e-05,7.484094763549892e-05,0.9998545031005859,1.571815818148649e-05,c
test_2840.jpg,0.9999010470748901,4.841759542984907e-05,4.0061329820730414e-05,1.0455724674084132e-05,a
test_2841.jpg,1.3871909824501896e-05,0.9999037275863647,6.216958357006583e-05,2.018351916858192e-05,b
test_2842.jpg,1.865007184338973e-05,0.999801069589386,0.0001272596146643459,5.3049699935971724e-05,b
test_2843.jpg,0.9996851956481934,0.00020979059641617687,8.545415795058161e-05,1.9605849171436946e-05,a
test_2844.jpg,0.0004279741535243824,0.9935729785003662,0.002976395077069068,0.0030226845924973727,b
test_2845.jpg,0.0032610453116751073,0.2670815667473221,0.7291396545969391,0.0005177245208331091,c
test_2846.jpg,4.00609276355636e-05,3.7707283135563596e-05,0.9998910292617798,3.1199485875501966e-05,c
test_2847.jpg,0.00041079282802815585,0.000490756312154679,0.9977344018863679,0.0013641027930976243,c
test_2848.jpg,0.994895197252655,0.0005179167508647346,0.000489431593247979,0.004097470535794282,a
test_2849.jpg,4.5739143431899716e-05,0.00010887108497820567,0.00019144779564120383,0.9996539392036439,d
test_2850.jpg,1.6700186367246098e-05,6.314248239767882e-05,0.9999093397483826,1.0803508940322851e-05,c
test_2851.jpg,0.6787345725833129,0.002732258057354534,0.3141104644849777,0.004422689326269984,a
test_2852.jpg,0.9997915033493805,0.00010973758987806306,7.981829548141446e-05,1.8921560905608876e-05,a
test_2853.jpg,0.0001161184552541633,0.00010247417606850951,0.0001315794496064301,0.9996498238082886,d
test_2854.jpg,0.36009273734794617,0.6140090116010666,0.008606290265275717,0.017291988614017963,b
test_2855.jpg,2.7529506020950592e-05,8.479684019160278e-05,0.00013980637797761576,0.9997478063739776,d
test_2856.jpg,0.000194431441459233,0.9996043747621155,0.000180891881459233,2.0295507909263067e-05,b
test_2857.jpg,9.680136989818901e-05,0.9993642498504638,0.000459125513974461,7.97840493836309e-05,b
test_2858.jpg,0.9997465007007599,8.545985153346255e-05,0.0001491134749355127,1.8957651269447658e-05,a
test_2859.jpg,2.4489533843194387e-05,2.3229640846153508e-05,0.9999441541885377,8.136679919642999e-06,c
test_2860.jpg,1.3108522846080149e-05,2.144455256418046e-05,0.9999600669090272,5.422031792802692e-06,c
test_2861.jpg,8.015234197909939e-05,8.357657679834864e-05,0.00011229667855133995,0.9997239550220489,d
test_2862.jpg,0.0005276260637674391,0.0009705778809305012,0.0005562500302676022,0.997945545400238,d
test_2863.jpg,0.00010240703737856842,0.0002167956897045943,0.0006782132691398621,0.9990025702705383,d
test_2864.jpg,0.00011239146623737,0.9997401217914581,9.097086553912573e-05,5.646796286782869e-05,b
test_2865.jpg,0.00017686651792135432,0.00029439342224892555,0.999406041463623,0.00012272143774482786,c
test_2866.jpg,1.3105325408856281e-05,0.9997182185373688,0.00024583961789799034,2.2866647765241953e-05,b
test_2867.jpg,0.5058453060532688,0.002862950215151155,0.490655210594635,0.0006364958517003077,a
test_2868.jpg,2.591473171768484e-05,6.21662043102463e-05,6.21662043102463e-05,0.9998497473098755,d
test_2869.jpg,0.9998760822158814,7.484256321349346e-05,4.006032944289875e-05,9.008590933590255e-06,a
test_2870.jpg,3.3792743219157066e-05,0.9997650994179534,0.00018092166238734187,2.0180677998884987e-05,b
test_2871.jpg,2.0183617229283397e-05,0.9999092222836303,5.486476195570668e-05,1.5719017092081094e-05,b
test_2872.jpg,0.0004304124720441854,0.0002610583311992669,7.47944797937905e-05,0.9992337113433838,d
test_2873.jpg,0.002619838451174915,0.0014020401039194466,0.0051226683452130556,0.9908554594581604,d
test_2874.jpg,8.544986655693949e-05,0.9996310909633637,0.00021693361265464576,6.654841876623233e-05,b
test_2875.jpg,0.9983923435108184,0.0010631349529148877,0.00041107591833305804,0.0001334568100514258,a
test_2876.jpg,0.002084753671822703,0.0005271082206103903,0.0003622758688318005,0.9970259165027618,d
test_2877.jpg,0.999583050825119,0.0002458065350598657,0.00010907611148232795,6.202847005727004e-05,a
test_2878.jpg,0.9981907313179016,0.0006451414391412794,0.00033485567702811684,0.0008292948464433896,a
test_2879.jpg,9.682876677397079e-05,0.0001808999444746661,7.54103131453976e-05,0.9996468867305756,d
test_2880.jpg,2.591501472135687e-05,5.143768227168188e-05,6.216688408307045e-05,0.9998604111473084,d
test_2881.jpg,0.0001490910501150328,0.00013978500011503278,0.9995950461029816,0.0001161122589252603,c
test_2882.jpg,0.9995731435677337,0.00019143216021659596,0.00016893829384358912,6.654457646257519e-05,a
test_2883.jpg,0.999854209729004,6.656350411357581e-05,5.4861781571519e-05,2.4297288073878907e-05,a
test_2884.jpg,4.03727354456641e-05,0.9998526088912965,3.220433839522526e-05,7.48408058595413e-05,b
test_2885.jpg,0.0002110968200328116,0.0005404963481986612,0.46950152320404054,0.5297468600594331,d
test_2886.jpg,4.639644876787228e-06,0.9998890734710693,8.480882466674045e-05,2.1443029308231638e-05,b
test_2887.jpg,0.9750505679358673,0.018353194050945282,0.0025766481204605937,0.004019595328747034,a
test_2888.jpg,2.9249158383185426e-06,0.9999636508155823,2.3230108141263406e-05,1.0208959184377285e-05,b
test_2889.jpg,0.03655796659692049,0.796649149609375,0.1649231238605423,0.0018697114344365597,b
test_2890.jpg,0.0021484623387280407,0.9966897604953766,0.0010378309356926202,0.00012395124049876085,b
test_2891.jpg,3.829002531503091e-05,0.9997120301174164,0.00022034385878202841,2.9361118424332666e-05,b
test_2892.jpg,8.478327647049963e-05,0.00015839601728613226,0.00016894099728613228,0.9995878917540741,d
test_2893.jpg,4.784916215428083e-06,0.9999578594207763,2.5917546850079918e-05,1.1478416158406973e-05,b
test_2894.jpg,2.32104392477476e-05,0.9991501254891204,0.0001808068898396948,0.000645835535303064,b
test_2895.jpg,1.0208412295848525e-05,0.9999107665855408,6.65672110414591e-05,1.2433508987796361e-05,b
test_2896.jpg,0.00013158206198898896,0.00017950072899099975,0.999668775366211,2.017877974804608e-05,c
test_2897.jpg,0.9998170413574219,9.684550874286279e-05,4.574657801926449e-05,4.037121457060324e-05,a
test_2898.jpg,0.9998812097276306,3.770690196816366e-05,6.216817569521335e-05,1.892325778898216e-05,a
test_2899.jpg,8.499438219798498e-05,0.994600611000824,0.005187888382420992,0.0001265235076457885,b
test_2900.jpg,9.009009328088889e-06,0.9999222225158692,5.4865491609755804e-05,1.3872170045487968e-05,b
test_2901.jpg,5.184006120360687e-05,0.999861296472168,6.604734541648492e-05,2.0792864409055267e-05,b
test_2902.jpg,1.8920132849822934e-05,9.608436474503628e-05,0.00016896265926744417,0.9997160467250824,d
test_2903.jpg,5.4854905248960835e-05,0.9997267443032074,0.0001716068303740287,4.681282845014792e-05,b
test_2904.jpg,0.41768199296295166,0.4688597328187561,0.1129520801910162,0.0005061871183264005,b
test_2905.jpg,4.822210537064886e-06,0.9999298477246094,5.144125328023771e-05,1.3872273257590602e-05,b
test_2906.jpg,0.00021692553911150292,0.00012335959487081767,0.9995931769973755,6.654598824268904e-05,c
test_2907.jpg,0.07191964223593902,0.9182215946080017,0.00260252123678298,0.007256272260227871,b
test_2908.jpg,6.216108698266603e-05,5.143294771650905e-05,0.00011794875917973504,0.9997684433742523,d
test_2909.jpg,2.6311392255829617e-05,0.00013362027855848426,0.00030519458381943405,0.9995348267402648,d
test_2910.jpg,7.37403011657498e-05,6.809704297433749e-05,0.0003304810800338888,0.999527587776947,d
test_2911.jpg,0.9306088978826904,0.0018702329112324774,0.06708383309908807,0.0004370169061831638,a
test_2912.jpg,1.6831106441386028e-05,0.999926518562317,3.7708614204674695e-05,1.8924115441386028e-05,b
test_2913.jpg,0.0009334350187966394,0.6461942217245102,0.3514405210198975,0.0014317789108501495,b
test_2914.jpg,4.036973386212793e-05,4.841167369920726e-05,0.00013159657118979782,0.9997795770458222,d
test_2915.jpg,2.631871227188348e-05,0.00014912100459048882,0.9997968053704072,2.774615874934788e-05,c
test_2916.jpg,9.179708917586259e-05,0.0005525899157443302,0.0002495303680676937,0.9991060152305603,d
test_2917.jpg,0.0002375042838526064,0.0008608640903606701,0.9988386052220154,6.30705869483377e-05,c
test_2918.jpg,1.3871841172317547e-05,0.9998986092147828,6.604981175682641e-05,2.144323389568062e-05,b
test_2919.jpg,0.00020959630813253434,0.9994183790832519,0.0003155679737656045,5.649602080715764e-05,b
test_2920.jpg,0.9998244344276428,7.483869608749651e-05,7.98209840874965e-05,2.0873333378387553e-05,a
test_2921.jpg,0.0007641264972590566,0.02419555276446724,0.010113274196364284,0.9649270128688812,d
test_2922.jpg,3.829774691657735e-05,3.563071191657735e-05,0.9999069575158692,1.9071746591288484e-05,c
test_2923.jpg,0.9998279035194397,8.106972975519761e-05,6.656157242907281e-05,2.4486634324898613e-05,a
test_2924.jpg,1.6698984755103208e-05,7.982202781708052e-05,6.604576685348645e-05,0.9998374026596069,d
test_2925.jpg,0.00010245982461252413,0.0002457883247191981,0.9995108818729401,0.00014086593809412986,c
test_2926.jpg,0.0002096889607557468,0.00046623103846527605,0.9992250033119201,9.905005824839048e-05,c
test_2927.jpg,8.74631223410178e-05,0.00010248789477877281,0.9997841081378938,2.591299724490616e-05,c
test_2928.jpg,0.003124671873847163,0.6696492558124543,0.01090617668042779,0.31631991054481506,b
test_2929.jpg,1.4850493284547475e-05,0.9997343911403656,0.000205004725375019,4.5742738284709866e-05,b
test_2930.jpg,0.9987709460792542,0.0007148337886376196,0.0003629346213304594,0.00015129364906009348,a
test_2931.jpg,3.144110350149214e-05,0.9998148264873505,0.00013160124375153273,2.213285536682824e-05,b
test_2932.jpg,8.027312154493414e-06,0.9998651035194397,5.143792458178784e-05,7.542709492330238e-05,b
test_2933.jpg,0.9995596688704682,7.152445454586796e-05,0.00035763742704201195,1.1169699981175888e-05,a
test_2934.jpg,1.1173163747465138e-05,0.9998676922172547,8.547026304413398e-05,3.562930448788695e-05,b
test_2935.jpg,5.4217555195143205e-06,0.9999091089355469,6.656713024234358e-05,1.892378644305694e-05,b
test_2936.jpg,0.00010247885399874336,0.00016895905764674544,0.99969526378479,3.3270012877451606e-05,c
test_2937.jpg,0.021346790893726347,0.9647240803779602,0.006682874861721182,0.007246295711721182,b
test_2938.jpg,0.00011609642942483008,0.00038289380760811806,0.9994627216766357,3.828039017159469e-05,c
test_2939.jpg,0.00017936181823441832,0.0007566151221126407,0.9988951855262757,0.0001688244198956348,c
test_2940.jpg,0.0001369345936938858,0.9938096862556458,0.005374443489654899,0.0006788912311331078,b
test_2941.jpg,0.00010883768112850321,0.00029816388400104196,0.000245747857008373,0.9993472214042664,d
test_2942.jpg,0.5049147190050542,0.00066446580017349,0.0003556629244659471,0.49406519304962465,a
test_2943.jpg,0.0005008631977534714,0.9951603913547515,0.0021936487418148755,0.0021450033273169395,b
test_2944.jpg,0.9996858194580078,0.00019145396081104695,9.608145368896485e-05,2.669387597938456e-05,a
test_2945.jpg,0.9991177343666839,0.000304840425897129,0.00046092371977554946,0.00011653976565865748,a
test_2946.jpg,0.0006390047680028468,0.0029890261506450057,0.8287740938265229,0.1675979197158966,c
test_2947.jpg,5.8280340210085267e-05,0.0001596612189014934,0.9997543075351716,2.774495977795461e-05,c
test_2948.jpg,0.00019142358350319788,9.04220989906834e-05,0.9995267385372925,0.0001914237141879143,c
test_2949.jpg,7.4248425636025165e-06,0.9998692851699829,7.484205393199422e-05,4.8416057077060626e-05,b
test_2950.jpg,0.0005497964176895303,0.00028273153101067037,0.9990706427877807,9.676965052779891e-05,c
test_2951.jpg,0.0006665412203880662,0.001914838899554348,0.9972022586536408,0.0002163942629177189,c
test_2952.jpg,0.0010398841421734154,0.0002493947191404709,0.00012419645873629228,0.99858653009758,d
test_2953.jpg,0.9997711922794342,7.981673971553407e-05,0.00010888385505301759,4.005612590769261e-05,a
test_2954.jpg,0.0012346641089088888,0.0029925623836887776,0.9953719087120819,0.00040083673786256685,c
test_2955.jpg,0.9992406962039184,0.00042456387817876146,0.0002690434687707244,6.567173107345827e-05,a
test_2956.jpg,3.327620998396866e-05,5.4863192471533604e-05,0.9998806143322754,3.119916237273116e-05,c
test_2957.jpg,0.9988127826938629,0.0005280899192748735,0.0005567372124951476,0.0001023874080324325,a
test_2958.jpg,0.9980361988296509,0.0007309551567791521,0.0010163233530442058,0.00021658118122322082,a
test_2959.jpg,0.9903028900634765,0.008819579641555726,0.0005641618401649326,0.0003134083766740106,a
test_2960.jpg,0.9992557417568206,0.00012270041207028344,0.0004806941656579927,0.00014087132402979766,a
test_2961.jpg,0.0014712619518792124,0.0005244149484035883,0.2526770938697904,0.7453272788829803,d
test_2962.jpg,1.4852906702904561e-05,0.9998931877729798,6.604945037703835e-05,2.591586687453043e-05,b
test_2963.jpg,0.0001233661695215085,9.043292820725406e-05,0.0001397921868206531,0.9996464140419006,d
test_2964.jpg,2.448619017665096e-05,0.9998104334503174,0.000133658919376079,3.1440890688879426e-05,b
test_2965.jpg,0.394475384576149,0.4691639997692108,0.11824556685055733,0.018115047308260204,b
test_2966.jpg,0.00023222332482756972,0.00018085571130080998,0.00018085571130080998,0.9994060997371674,d
test_2967.jpg,3.327094596294418e-05,0.9997228959108735,7.483109680388167e-05,0.0001689637935489434,b
test_2968.jpg,0.005802342192821598,0.9919438662272644,0.0016141592148611068,0.0006396228111020917,b
test_2969.jpg,0.8372939802719116,0.16205104383361968,0.0003078177110528457,0.0003471510719390768,a
test_2970.jpg,3.5626025907692604e-05,0.00011613294005301758,7.483487221553407e-05,0.9997733922794342,d
test_2971.jpg,0.9995027087100983,0.00020495682356818913,0.00021690554668135344,7.53994030375205e-05,a
test_2972.jpg,1.780595722323888e-05,5.4846212083098286e-05,0.000357641433290678,0.999569666337967,d
test_2973.jpg,1.3006212805899564e-05,0.9999165517486572,5.1440569611452375e-05,1.892392710018803e-05,b
test_2974.jpg,2.4487528366259495e-05,3.3275593035974876e-05,7.98239949525319e-05,0.9998623730300904,d
test_2975.jpg,0.9997628946750641,0.00010888294765269182,7.981606326467849e-05,4.8410889993502756e-05,a
test_2976.jpg,3.3780039500121454e-05,0.9994082727713776,0.0005031135400603563,5.4836838940333735e-05,b
test_2977.jpg,0.00013213277067430362,0.9996002932580567,0.0002169263397487034,5.0685563094733954e-05,b
test_2978.jpg,0.024343822837174414,0.9314482697422027,0.03900339464203835,0.005204500042503977,b
test_2979.jpg,0.00031636568861751185,0.0009744749291760176,0.9979949309188842,0.0007142172492297828,c
test_2980.jpg,0.9999326482125854,2.9367678460638716e-05,2.3229387693464135e-05,1.4738205624558537e-05,a
test_2981.jpg,4.004259604168362e-05,0.999433458925705,0.00043049850250560047,9.605720848718241e-05,b
test_2982.jpg,0.37816973258163455,0.00041629865899902316,0.620709259913826,0.0007047284022172183,c
test_2983.jpg,1.907028519914506e-05,4.841413121618144e-05,0.00010249271334168724,0.9998300327190399,d
test_2984.jpg,0.0017559572752220034,0.7955025753085327,0.054880901623201375,0.14786052581943512,b
test_2985.jpg,0.9995827651961517,0.000230463657889528,0.00014908913594013484,3.769563528087579e-05,a
test_2986.jpg,0.8510649326953887,0.14720537994475555,0.0015326698836083173,0.00019700516632019922,a
test_2987.jpg,0.004781360389063835,0.0016215865755470752,0.11440762262584304,0.8791894137390137,d
test_2988.jpg,5.873595565155417e-05,0.00015144618429515229,0.9997470888401032,4.272185203320276e-05,c
test_2989.jpg,1.1835110988677177e-05,0.9996551279084015,0.00029168909367970617,4.130859814151835e-05,b
test_2990.jpg,2.5911444710030228e-05,0.00015965630801593707,9.043982565343109e-05,0.999724059992981,d
test_2991.jpg,7.150245499077935e-05,0.00036311944185575307,0.00029813758859631657,0.9992672304283142,d
test_2992.jpg,0.9611436348918915,0.038129804036652074,0.0005785433058595807,0.00014794205641995576,a
test_2993.jpg,0.9964848780349731,0.0031538525401370167,0.00029063514411782924,7.058729369486634e-05,a
test_2994.jpg,3.32773413380118e-05,2.93671573380118e-05,0.9999144083300782,2.2871159756030905e-05,c
test_2995.jpg,0.0006170379343183457,0.0001560116197855593,0.9989577824700164,0.00026916487159938957,c
test_2996.jpg,0.9997730126499176,0.00012434646350550197,8.106517609643772e-05,2.160817350027039e-05,a
test_2997.jpg,0.00014908547882196352,0.9995565029083252,0.00023225995582955153,6.214806864529881e-05,b
test_2998.jpg,9.534228925636596e-06,0.9999262793060303,4.841881319635224e-05,1.5719286371644974e-05,b
test_2999.jpg,7.538815010810122e-05,0.00015138511513700247,0.9993616947606658,0.00041150742667218356,c
test_3000.jpg,0.0063104320750638244,0.0016143111122235,0.00037979778461683333,0.9916954774806976,d
test_3001.jpg,0.9996369724895477,0.00021785438202423274,0.00010730373582881898,3.785741427962552e-05,a
test_3002.jpg,0.9600434920603943,0.022769438957577708,0.002272743210183251,0.014914275625034333,a
test_3003.jpg,0.00026306899084115075,0.00024569306084115076,0.9991282239242554,0.00036306909575356994,c
test_3004.jpg,3.327306404036771e-05,9.609107141512282e-05,8.480007114270176e-05,0.9997859069766999,d
test_3005.jpg,0.00013156700395807011,0.0001596291188542564,0.9995574141662598,0.0001514163838542564,c
test_3006.jpg,9.533827463676715e-06,0.9998837137738037,5.828788587047396e-05,4.8416756935740004e-05,b
test_3007.jpg,0.9998498561238098,7.982299946337175e-05,6.216621272418272e-05,8.174320809807047e-06,a
test_3008.jpg,1.7811487622666024e-05,4.8416644400427935e-05,5.184110340042794e-05,0.9998818616104126,d
test_3009.jpg,8.47539559728771e-05,0.0003155135925489944,0.0003575237408959493,0.9992422422405243,d
test_3010.jpg,0.00041051935028246284,0.0015458648019525945,0.0009847846935962142,0.9970588116451263,d
test_3011.jpg,6.6552207229270494e-06,0.9999173866781617,5.874573635741785e-05,1.7224876526885636e-05,b
test_3012.jpg,0.0017108963099645735,0.996526718812561,0.0015098608146677972,0.0002524609715128884,b
test_3013.jpg,4.841097316736464e-05,7.04375490131714e-05,0.00011613189067015875,0.999765038071518,d
test_3014.jpg,0.00019105218428396492,0.0002953306416155511,0.0019257976085603119,0.9975878693508149,d
test_3015.jpg,0.00046802130305585206,0.039665328528693616,0.958872841104126,0.0009938709233561426,c
test_3016.jpg,5.183381099961538e-05,9.608689300509923e-05,0.00010973217550509922,0.999742387745285,d
test_3017.jpg,0.0336017126019597,0.024810215528470875,0.9341373161838531,0.007450756475506663,c
test_3018.jpg,4.3388980708767625e-05,6.31305958993997e-05,0.0001689638729093358,0.9997244640861511,d
test_3019.jpg,0.00048713135873800574,0.00826166821843648,0.9910075960398101,0.00024360790162719653,c
test_3020.jpg,3.770363022276372e-05,0.00010248904428675781,6.604288126163784e-05,0.9997937776042938,d
test_3021.jpg,3.2886597594515717e-06,0.9999695296295166,2.1444755285166532e-05,5.7830542254228855e-06,b
test_3022.jpg,0.00021285650375114874,0.9902526729549408,0.000967096752461946,0.008567364480448723,b
test_3023.jpg,0.9997301634433746,0.0001097307794312609,0.00013159000188059047,2.8527728256156575e-05,a
test_3024.jpg,0.00015925505391680583,0.0020531967634148836,0.000588255958744961,0.9971992354911041,d
test_3025.jpg,0.024232362374325276,0.39021794771137236,0.11415775165691375,0.47139191861167906,d
test_3026.jpg,5.4852929813999933e-05,9.043719163403541e-05,0.00015965163542800128,0.999695031994629,d
test_3027.jpg,4.839668328530179e-05,0.00014086017612493845,0.00033790602135133597,0.9994729154269409,d
test_3028.jpg,7.424824260329182e-06,0.9998671431462097,0.00010249654700745821,2.2870069198574055e-05,b
test_3029.jpg,7.950616518234417e-06,0.9999475022117614,3.144529837290423e-05,1.3108350190334464e-05,b
test_3030.jpg,0.00013156415905684574,9.0422632671123e-05,0.00024579414297021837,0.9995322362342834,d
test_3031.jpg,0.9996021128807068,0.00013157317870423214,0.00018089239403511198,8.544794796834848e-05,a
test_3032.jpg,8.543815031374794e-05,0.00017156685335219905,0.00024578467769197673,0.9994971660587311,d
test_3033.jpg,0.00013350523260281227,0.6808249947961426,0.3189340818432617,0.00010747061772766112,b
test_3034.jpg,1.310793985969081e-05,6.217030398779583e-05,0.9999151866325379,9.534127073334298e-06,c
test_3035.jpg,0.9997839324176788,9.044530099665392e-05,7.981770193427824e-05,4.574509893988454e-05,a
test_3036.jpg,2.4297671894253716e-05,0.9998700004727172,8.54705069103114e-05,2.0182818571149595e-05,b
test_3037.jpg,1.0803555990017221e-05,0.9999135734226989,5.874553651039273e-05,1.683087721145757e-05,b
test_3038.jpg,8.546900430900835e-05,2.2869737355949147e-05,0.9998533149391174,3.829565499513156e-05,c
test_3039.jpg,0.0009506215926991388,0.0007140198800923287,0.0003448960026991388,0.997990414977646,d
test_3040.jpg,5.82856684249166e-05,5.82856684249166e-05,0.9998456794967652,3.770557295985123e-05,c
test_3041.jpg,1.892404635976417e-05,0.9999228710505677,3.5354774960903555e-05,2.287135447701698e-05,b
test_3042.jpg,3.92958609388103e-05,0.00011794117503924757,0.00013364486152555287,0.9997091597220611,d
test_3043.jpg,3.217933795309597e-05,0.9998878826098633,4.8416923231071594e-05,3.144339269552095e-05,b
test_3044.jpg,0.0029848042877070845,0.005375484727708841,0.9209331098350525,0.07070666668192863,c
test_3045.jpg,2.936407687664398e-05,0.9998095699985504,0.0001233862993047115,3.770421438266562e-05,b
test_3046.jpg,0.9995390931972503,0.00031560747974065245,9.68184430085608e-05,4.839997359855944e-05,a
test_3047.jpg,2.0183533791752973e-05,6.656681963712771e-05,0.9999042707962036,8.938920359010805e-06,c
test_3048.jpg,0.00014908812266743482,5.182509226343196e-05,0.999578769391632,0.0002203142155641079,c
test_3049.jpg,0.9997429835373688,0.00010248382636956379,0.00012337807638311787,3.119486591331974e-05,a
test_3050.jpg,1.6830745187863564e-05,7.04474190879833e-05,0.9999042734005738,8.413746023260097e-06,c
test_3051.jpg,0.9937604677632904,0.0028777361104903934,0.0018899077043058156,0.001471861486907357,a
test_3052.jpg,3.119531523923618e-05,0.00013159367685891077,7.981560235074207e-05,0.9997574108611298,d
test_3053.jpg,0.0008214708541930974,0.005930653086167526,0.0036778600361675262,0.9895699794265747,d
test_3054.jpg,0.9995214235759735,0.00020496007232637955,0.0002203009705705556,5.328544947268486e-05,a
test_3055.jpg,0.9995794869628143,0.00021692246065510573,0.0001689393767453003,3.467410066475626e-05,a
test_3056.jpg,0.0005694935958494502,0.9983590854361725,0.0007562010424541962,0.0003152314913802728,b
test_3057.jpg,6.60195181302677e-05,0.00046633793205482215,0.9994401003509521,2.7521033213699653e-05,c
test_3058.jpg,0.9998219219753266,9.684610312848472e-05,6.604474409782312e-05,1.5211782182050679e-05,a
test_3059.jpg,0.00015965815023189365,6.215903532475557e-05,0.9997354747220611,4.272123982635624e-05,c
test_3060.jpg,0.00020473127393902672,0.9983902951183319,0.0012468156747740449,0.00015820624708360014,b
test_3061.jpg,0.00024962446981890887,0.00010245653162067756,0.00016892314160073133,0.9994789678557587,d
test_3062.jpg,0.9993069396915436,0.0003457474972484678,0.000237628548706093,0.0001096825218508324,a
test_3063.jpg,0.9893057431667328,0.004885732418467593,0.0010904509469779194,0.004718085192037523,a
test_3064.jpg,0.9936999378334808,0.00608413854059515,0.00017049314276323333,4.5452433838778105e-05,a
test_3065.jpg,7.2144780446332415e-06,0.9999412918869018,4.0062942097502424e-05,1.1478225883284812e-05,b
test_3066.jpg,0.00015937253421835422,0.0010311822935754477,0.0008565465234525352,0.9979528717880248,d
test_3067.jpg,0.9979644433570098,0.0005562811869273161,0.0008093843350566983,0.0006699288791258794,a
test_3068.jpg,0.9989980662506104,0.00040502440101052283,0.0001359962394554387,0.00046088986094540354,a
test_3069.jpg,0.00019133057697577014,0.0006678062884750784,0.00010241141582965799,0.9990384891426086,d
test_3070.jpg,7.424850895835638e-06,0.999871193775177,9.685084060981922e-05,2.448772822579859e-05,b
test_3071.jpg,0.0003827020871668488,0.0001714729932537119,0.0004608769811007559,0.9989849567302704,d
test_3072.jpg,0.9994893387239074,0.0002958935642034149,0.00012431136317332298,9.041862890424356e-05,a
test_3073.jpg,0.9983328265682221,0.00059808333899428,0.0009749591587444365,9.412992778529643e-05,a
test_3074.jpg,0.0008968624747418368,0.9838099460858154,0.0031303578047620056,0.01216286856804142,b
test_3075.jpg,0.0004270299346869452,0.9942133455596924,0.004995320833220527,0.00036431095745090937,b
test_3076.jpg,0.00038224158953854587,0.0005561582506325626,0.997796176587677,0.0012654906957318126,c
test_3077.jpg,0.0012231185216192663,0.0011469394216192662,0.018076271745239736,0.9795537070781708,d
test_3078.jpg,1.1566803046659671e-05,0.9998399330535889,0.00013366295499791972,1.4852069801743347e-05,b
test_3079.jpg,7.044254185348645e-05,5.143639481055746e-05,0.999835372659607,4.272556076995719e-05,c
test_3080.jpg,9.009001429218553e-06,0.9999222159579468,5.486547687544458e-05,1.387216418924897e-05,b
test_3081.jpg,0.9993433957351685,0.0003828489856806854,0.00020333477762204288,7.040810072179795e-05,a
test_3082.jpg,0.027985627732228277,0.0006488481703801631,0.9703628876930237,0.0010026736962204992,c
test_3083.jpg,8.47943064687024e-05,0.9997178916545868,0.0001584166178944373,3.884061701081787e-05,b
test_3084.jpg,5.103366988472135e-06,0.9999380843986512,4.5397118681356164e-05,1.1478189195611637e-05,b
test_3085.jpg,9.533695669952222e-06,0.9998700639604188,9.609916781479335e-05,2.4297672779868913e-05,b
test_3086.jpg,0.00017114885882596882,0.0021495715946694078,0.000490485241047515,0.9971888441574097,d
test_3087.jpg,0.0002168309308236754,0.0003377992129783425,0.999162614376297,0.0002827685849510096,c
test_3088.jpg,0.00030494600699839205,0.0001083036957828182,0.9994291862880706,0.0001575809526431127,c
test_3089.jpg,0.9987675305305481,0.0007596375384287611,0.00031666402140183834,0.00015613177741693855,a
test_3090.jpg,0.00024575398634105725,0.0002610936331205237,0.00012429669738806966,0.9993688486035919,d
test_3091.jpg,0.00015963730177126527,0.00016894375360088125,0.9996054578102112,6.603044314322314e-05,c
test_3092.jpg,9.042964134221867e-05,9.607418374014989e-05,0.00020338904914703667,0.9996101442298889,d
test_3093.jpg,1.596490802550023e-05,5.8289278201932015e-05,0.9999076154464721,1.809061031612348e-05,c
test_3094.jpg,0.00019433460160009458,0.000589378448216042,0.00010401981631990224,0.9991122791938019,d
test_3095.jpg,0.9970946997707366,0.000314828212384389,0.0009163923326193154,0.0016740976630309342,a
test_3096.jpg,8.413841592942205e-06,0.9999157775393677,5.144053115448416e-05,2.429878457163699e-05,b
test_3097.jpg,0.9999052280052185,5.828914096484997e-05,2.4298528134106567e-05,1.2126614347358268e-05,a
test_3098.jpg,1.5211318843908992e-05,0.999791084441452,0.00010888602085643992,8.480051054302752e-05,b
test_3099.jpg,5.873927761373639e-05,0.00010249039857665352,0.9998075978351593,3.119688349962672e-05,c
test_3100.jpg,3.829722478332576e-05,5.828839122304071e-05,0.9998924165634155,1.0972337958399543e-05,c
test_3101.jpg,7.043661654150828e-05,5.485609054104008e-05,0.0001233791110910222,0.9997513188152314,d
test_3102.jpg,0.0002455407831681162,0.6717844322074891,0.001427164990330744,0.32654283732728956,b
test_3103.jpg,0.00010887083062425352,0.00011611876312425353,0.00012336680652705014,0.9996516115066528,d
test_3104.jpg,0.9996488140419006,0.00013979252182065309,0.00013157946452150852,7.980701520725407e-05,a
test_3105.jpg,0.9938407776889802,0.0005406219773706055,0.0014409271573416114,0.004177712863142218,a
test_3106.jpg,0.999818950208664,0.0001040947007061793,6.216423588462059e-05,1.4765300995212958e-05,a
test_3107.jpg,0.0009201623173685992,0.9088920945502472,0.08726624837541198,0.0029214914054701805,b
test_3108.jpg,0.0002169322323270163,8.478629895965979e-05,0.9996235034046173,7.482365740975276e-05,c
test_3109.jpg,0.9872476895404816,0.0007478223104202325,0.010322598645082712,0.001681894874484092,a
test_3110.jpg,0.0003155665188299921,0.00021688547950173752,5.826022955597763e-05,0.9994093088787079,d
test_3111.jpg,0.9998577817749024,4.841550239961353e-05,7.484119139507505e-05,1.8922816093261e-05,a
test_3112.jpg,0.0013266446583882212,0.0014697019176535546,0.5794130401956559,0.41779057565437316,c
test_3113.jpg,0.9995803241275787,0.00020338297853693442,0.0001315704138852054,8.478263461100585e-05,a
test_3114.jpg,0.0017384614504502118,0.1401870103945465,0.8547042015434265,0.003370349204530299,c
test_3115.jpg,4.539202577581639e-05,6.216477245963597e-05,6.656161901365818e-05,0.9998258670444489,d
test_3116.jpg,1.1476901869695205e-05,0.999825925403595,0.00014091067074774148,2.160935194057163e-05,b
test_3117.jpg,0.2263686216709137,0.0033838054009004237,0.008777263608849645,0.7614703497276306,d
test_3118.jpg,0.9994651432594299,0.0002168975965765494,0.00016892001604424804,0.00014907139978317217,a
test_3119.jpg,1.2432812777364637e-05,0.9998552329139709,0.00010249528460713246,2.9824769227953684e-05,b
test_3120.jpg,0.9990995501213074,0.0005569047806697089,0.0002610232780361259,8.249631354245183e-05,a
test_3121.jpg,0.9995895604753875,0.00017948650244316576,0.000203384858493575,2.7578922590469654e-05,a
test_3122.jpg,0.9993972650882721,0.00027848300075605006,0.00027848300075605006,4.5727271715196185e-05,a
test_3123.jpg,5.7342505060760935e-05,0.9982280598766327,0.0002689339552840039,0.0014456604386397331,b
test_3124.jpg,9.043565531537362e-05,0.00016338456550514502,0.9996795914154053,6.65514731243407e-05,c
test_3125.jpg,0.9546415013145446,0.0005820093927257971,0.04387911097544104,0.0008973799893939643,a
test_3126.jpg,3.770833590010489e-05,2.7534219996457975e-05,0.9999189877716064,1.57191731617632e-05,c
test_3127.jpg,0.0013141743854986727,0.0020498397659877536,0.0010972000945617259,0.995538808321762,d
test_3128.jpg,6.777283501376952e-06,0.9999281906082154,5.4865802849919816e-05,1.0208598249067721e-05,b
test_3129.jpg,0.00012335533420350194,0.0001490856579751818,0.9995586177562714,0.00016893615109288306,c
test_3130.jpg,0.9998200536493682,9.044863938398868e-05,7.044150692846679e-05,1.9070113099756325e-05,a
test_3131.jpg,0.00017936772110482694,0.0004875720784936872,0.00040500052096933785,0.9989280712188721,d
test_3132.jpg,0.00024567199627752336,0.0004914347676391601,0.9990325368865967,0.00023033680238411682,c
test_3133.jpg,2.44879427993482e-05,0.9998789947967529,7.982533864935297e-05,1.6699679738436233e-05,b
test_3134.jpg,0.0002630788664572814,0.0002630788664572814,0.0003050801514572814,0.9991688122695923,d
test_3135.jpg,3.144124537323184e-05,0.999817250510025,8.480273141751736e-05,6.656104587152316e-05,b
test_3136.jpg,8.440246246858746e-05,0.0002772616295547372,0.00454021022700119,0.9950980866275787,d
test_3137.jpg,9.53419402416557e-06,0.9999225750276184,5.486550080714788e-05,1.3006290993572741e-05,b
test_3138.jpg,6.598111018995211e-05,0.001017220028981383,0.9988586007404328,5.822812647335857e-05,c
test_3139.jpg,0.00016896731731024593,0.9997435804201508,6.603956783246197e-05,2.143990962115052e-05,b
test_3140.jpg,2.144061521304122e-05,0.9997765530010223,0.00013159619847508833,7.043837133020438e-05,b
test_3141.jpg,0.9634646540298462,0.035662589248178,0.0006880006690476048,0.00018472941797694967,a
test_3142.jpg,0.000750123613854754,0.008512584915744185,0.9905699590953827,0.00016737519856519357,c
test_3143.jpg,0.9995418994068146,0.0002982229074641043,7.49638406414958e-05,8.494516609708629e-05,a
test_3144.jpg,0.0011519075598632514,0.00031518406527322176,0.00031519778273825347,0.9982177303932189,d
test_3145.jpg,5.103209312932248e-06,0.9999076038650513,7.044763309162628e-05,1.6830782954102288e-05,b
test_3146.jpg,3.327432021005844e-05,9.044897553520188e-05,5.1838102220559356e-05,0.9998243857063294,d
test_3147.jpg,0.00012419655056782573,0.0011004973282576261,0.00021670185506106554,0.998558651695633,d
test_3148.jpg,9.683238659710748e-06,0.9999106403068543,4.8418054450386755e-05,3.120009774306478e-05,b
test_3149.jpg,1.5964630347545948e-05,0.9998906832844543,7.044643296448734e-05,2.287060649506936e-05,b
test_3150.jpg,9.608987580159452e-05,9.044441380159453e-05,0.9997734449542999,4.005621556066748e-05,c
test_3151.jpg,4.86141174713476e-05,0.9996916910961151,0.000216946753638144,4.271934827362662e-05,b
test_3152.jpg,2.918742461074941e-05,0.9995727072780609,0.0003137943919236599,8.435986212341253e-05,b
test_3153.jpg,3.770737039375433e-05,4.2728048209148494e-05,0.9998935947967529,2.591587232628723e-05,c
test_3154.jpg,2.7747028131906764e-05,7.044194333294875e-05,7.483888455473355e-05,0.9998269379623412,d
test_3155.jpg,0.9926567007289886,0.006740030348544526,0.0002765897778396532,0.0003266559346211448,a
test_3156.jpg,3.3143584600599132e-06,0.9999615686065674,2.9368533435088304e-05,5.783007064012955e-06,b
test_3157.jpg,3.770480192350307e-05,0.00011795567133898171,0.9998265217430877,1.7810538655999972e-05,c
test_3158.jpg,0.00026254561846555485,0.9972245702923583,0.0006158753233241093,0.0018970295586651325,b
test_3159.jpg,0.9998672131462097,6.216729588547003e-05,5.486245027860891e-05,1.5718353553776527e-05,a
test_3160.jpg,0.0005907849231555059,0.000531420617812027,0.9976397467150879,0.001238034560359898,c
test_3161.jpg,0.01582494665596962,0.9790548065700531,0.002835964765188229,0.0022843327758452535,b
test_3162.jpg,1.7811381302291214e-05,0.9998754993087768,4.841635586212337e-05,5.828740525776006e-05,b
test_3163.jpg,0.00521449630432117,0.6055128001828003,0.3288281562251091,0.06044455858510017,b
test_3164.jpg,0.001100643578558266,0.00015949051255289496,0.9986951795295715,4.468900649670597e-05,c
test_3165.jpg,0.9988542806591034,0.0002456327688323593,0.0007057904282074407,0.00019427524738966287,a
test_3166.jpg,0.0001122219082031913,0.0006457925319628909,0.00015134125044654668,0.9990906376884461,d
test_3167.jpg,2.9364715414948547e-05,0.00012338900890601455,0.9998314981254577,1.5717797658770787e-05,c
test_3168.jpg,0.0002457110113353735,0.0004590475177428037,0.0001024273442270445,0.9991928017166138,d
test_3169.jpg,0.9997930094276428,0.00010409172858296089,8.106672305560573e-05,2.1818814519164044e-05,a
test_3170.jpg,1.3872280287989935e-05,0.9999304290267944,4.272963081127597e-05,1.3006393037989935e-05,b
test_3171.jpg,0.0001490610738532661,0.0001397571238532661,0.0003155622999333358,0.9993956979843139,d
test_3172.jpg,0.9993785895657349,0.00040518265569607705,0.00018085136979453816,3.540466577414766e-05,a
test_3173.jpg,0.9980567686179351,0.0017131941273265147,0.00015936821730660737,7.070712658487854e-05,a
test_3174.jpg,0.9990337038936614,0.00037428033650008946,0.00037428033650008946,0.00021770883378884076,a
test_3175.jpg,0.9420805953140259,0.05650713014685154,0.0011319439287118852,0.0002803559787593317,a
test_3176.jpg,0.9990401927021026,0.0005985366892924452,0.0002572480383245957,0.0001040100770641747,a
test_3177.jpg,8.791248247584574e-05,0.9927199484361267,0.0002961244095049843,0.006896072751906634,b
test_3178.jpg,0.001751958782172376,0.0007552979676366955,0.00030444477376843394,0.9971882730514526,d
test_3179.jpg,4.337129939394368e-05,0.00011607998748990607,0.0005202344448096692,0.999320322259903,d
test_3180.jpg,0.9994266607019806,0.00023765692649195313,0.00011790554491684482,0.00021780588649195315,a
test_3181.jpg,0.9709612110638428,0.0012236825710684454,0.0008410239563500881,0.02697404960623684,a
test_3182.jpg,0.9975955197555542,0.0009373451139104902,0.0013042716228860974,0.00016288615392794152,a
test_3183.jpg,0.9808633557964325,0.00228902082571795,0.000510749567273166,0.016336869442481996,a
test_3184.jpg,0.9998680826568603,4.917325917998079e-05,6.313972025888562e-05,1.951731815899239e-05,a
test_3185.jpg,5.1437361633703075e-05,0.9998542015426636,7.484092284038902e-05,1.953295420458949e-05,b
test_3186.jpg,0.00016895423855074063,0.00010247593680999135,0.9996664546929932,6.21548971021828e-05,c
test_3187.jpg,0.999576181528778,0.00030520723681209515,9.908628811651505e-05,1.9511245414168916e-05,a
test_3188.jpg,0.9990088960944367,0.0004914185408285022,0.00017938223033873556,0.0003203687504971394,a
test_3189.jpg,0.00041195060270461377,0.0012177092652653993,0.4963128984480438,0.5020574254844428,d
test_3190.jpg,6.01119373899157e-05,6.811574269368733e-05,9.185925467217467e-05,0.9997798597068787,d
test_3191.jpg,7.540791917851351e-05,0.999608308335495,0.0002458127209620637,7.042652930038069e-05,b
test_3192.jpg,0.9998544468205262,6.656337227414153e-05,5.5719870611430665e-05,2.3227499026349702e-05,a
test_3193.jpg,0.754988493870163,0.2400780971157837,0.0016787310799916148,0.0032546991633559228,a
test_3194.jpg,0.00040525721623395773,0.0009478127754154777,0.012429004889472675,0.9862179167979431,d
test_3195.jpg,8.541995383078464e-05,0.0005700355522056792,0.9992961563434601,4.838785188902633e-05,c
test_3196.jpg,0.013091254781378507,0.023220022428445817,0.004845629514519214,0.9588430616889954,d
test_3197.jpg,3.220206985217571e-05,0.9997814151851654,0.00015966564957663475,2.669645433631268e-05,b
test_3198.jpg,0.9965287196399688,0.000668457715212956,0.002704222687754965,9.863540312446475e-05,a
test_3199.jpg,0.00014433975792940045,0.00022205581487143598,0.9995410747206879,9.25666415243093e-05,c
test_3200.jpg,0.0001808629981472236,0.00029162820474205734,0.9994521053730011,7.539490990832481e-05,c
test_3201.jpg,4.131059370565883e-05,0.00010972602669336445,0.0001596504302397193,0.9996893057933807,d
test_3202.jpg,2.0184258263146243e-05,2.9367924905667176e-05,0.9999408838401794,9.534368316528966e-06,c
test_3203.jpg,7.044032442846678e-05,0.00010249006688398868,0.9998042586493683,2.2868625099756322e-05,c
test_3204.jpg,2.2869697364874086e-05,3.5628730921875574e-05,9.045140530724667e-05,0.999851045844574,d
test_3205.jpg,0.99980953207901,8.546527170632303e-05,7.981973920632303e-05,2.517764631462751e-05,a
test_3206.jpg,2.35586777074581e-05,0.00017161045903684095,5.8279885159883056e-05,0.9997465036548614,d
test_3207.jpg,0.9996682478862762,0.00010407818404669695,0.00015964660258674444,6.8064004362461e-05,a
test_3208.jpg,4.6652250389007013e-05,0.996655128817749,0.0031544796283799886,0.00014369904219549255,b
test_3209.jpg,4.272693309725903e-05,5.828693968669255e-05,0.9998675074951172,3.1442784384315084e-05,c
test_3210.jpg,8.480504019371837e-05,3.53520004251264e-05,0.9998444309385681,3.53520004251264e-05,c
test_3211.jpg,0.0001243140361165963,9.681586404409456e-05,0.00026317279875798943,0.9995156468715668,d
test_3212.jpg,0.5082689501203919,0.010119677964480163,0.4802553663444519,0.001355990353506732,a
test_3213.jpg,0.9997463315135956,0.00011612982051164224,0.00011612982023851201,2.1439968947637955e-05,a
test_3214.jpg,0.00014909437448319674,0.00013157523642827451,0.00010247090183036967,0.999616833276062,d
test_3215.jpg,0.9997011145146942,0.00013158617699501738,7.043300123392974e-05,9.683425523104936e-05,a
test_3216.jpg,0.00017160546693148552,8.106068265088036e-05,0.9997210137447357,2.631655180049021e-05,c
test_3217.jpg,0.0008029643808702392,0.007512877300141096,0.0011683062826526999,0.9905159039848328,d
test_3218.jpg,6.215838950356636e-05,9.043992628712081e-05,0.0001233757422082199,0.9997240288166046,d
test_3219.jpg,0.003215629906350255,0.043280350327928784,0.8889163750821686,0.06458764950014115,c
test_3220.jpg,0.9907898295848083,0.0005157940756063339,0.00857201192876625,0.00012227317488365516,a
test_3221.jpg,8.545664980062074e-06,0.9999385454216003,4.272997121909976e-05,1.0208703542792212e-05,b
test_3222.jpg,0.9996026148547363,0.00015142282736600623,0.00018089135308775738,6.508182036946223e-05,a
test_3223.jpg,4.841009464647763e-05,0.00019146563385309592,0.999746974187088,1.3105705522955581e-05,c
test_3224.jpg,0.9991642416736604,0.0003050716480122104,0.0003303513224584207,0.00020036821126303254,a
test_3225.jpg,9.534171786798027e-06,0.999920375051117,4.841852194682324e-05,2.161143028679594e-05,b
test_3226.jpg,0.00044386721772127154,0.0003377845149899125,0.9991265558982849,9.179719761660852e-05,c
test_3227.jpg,0.44562830021762845,0.01620013627200937,0.5364748502176284,0.0016967528374554276,c
test_3228.jpg,5.592061632011903e-06,0.9999131634918212,6.0120334835716445e-05,2.113584488719099e-05,b
test_3229.jpg,0.00010972850495432601,0.00014910793717419341,0.9997097535373688,3.143774431634599e-05,c
test_3230.jpg,0.09364266603782273,0.9045464347427368,0.0014464331736264704,0.00036449462627297075,b
test_3231.jpg,0.0009640455428280772,0.49187607509675596,0.0028466706834924223,0.504313213131361,d
test_3232.jpg,0.03381025447333551,0.00046073246491967144,0.9656610333217621,6.792085058945232e-05,c
test_3233.jpg,6.89507996988777e-05,0.9994922095214844,0.00013361443512999326,0.00030518112714270144,b
test_3234.jpg,0.9998149917430877,0.0001316012633389817,3.562744692350307e-05,1.7810319155999975e-05,a
test_3235.jpg,0.9995845626857758,0.00027853564773511083,6.214980585515953e-05,7.482073858025112e-05,a
test_3236.jpg,0.00018513613968789547,0.00011612020720037587,3.769851915985493e-05,0.9996609984156799,d
test_3237.jpg,0.9996799751091003,0.00011612197048121989,0.0001491035587611556,5.485213454690931e-05,a
test_3238.jpg,0.9982139151183319,0.0003627291913002044,0.0011778977990493716,0.00024546647393902676,a
test_3239.jpg,0.0001433412659644072,0.0009137022363900303,0.00429971045048461,0.9946431766792297,d
test_3240.jpg,0.00028166084644477276,0.0036983965723501443,0.0004896151286947594,0.9955303809196472,d
test_3241.jpg,8.4801037153785e-05,6.604311492292516e-05,0.9997972859523774,5.183674396016881e-05,c
test_3242.jpg,0.0008970598945453942,0.99809372339859,0.00027811854553531977,0.0007311065589767813,b
test_3243.jpg,0.9999038665634155,3.77077669320589e-05,4.539556494623054e-05,1.3006047035219124e-05,a
test_3244.jpg,1.7812006465265536e-05,0.999910581539917,5.486484200926717e-05,1.6700208309503747e-05,b
test_3245.jpg,0.9969503587007141,0.0023621873065363405,0.0005189866367390806,0.0001684902835231045,a
test_3246.jpg,0.00044424962853936614,0.37354595607228086,0.625598864112854,0.0004109162257138467,c
test_3247.jpg,1.044680658489422e-05,0.9998618987503052,9.684983869950338e-05,3.0750881566422376e-05,b
test_3248.jpg,0.01848731414399743,0.000403099867356548,0.9798302078533172,0.0012794360224873333,c
test_3249.jpg,0.00028274130315020815,0.00027838823829512177,0.00037977129985521075,0.9990590794536591,d
test_3250.jpg,5.828269433583882e-05,6.216280427940473e-05,8.480082145696395e-05,0.9997947236507416,d
test_3251.jpg,0.008839315409844494,0.003488085677170992,0.003837447627170992,0.983835191712265,d
test_3252.jpg,0.9998873470057679,4.841692758143853e-05,5.1439067517076355e-05,1.2759865981902385e-05,a
test_3253.jpg,0.00010408697407440506,9.683856407440506e-05,0.9997472030231476,5.183394763563778e-05,c
test_3254.jpg,6.212917442090303e-05,0.00027844406080056996,0.0004051331187931651,0.9992543220870972,d
test_3255.jpg,6.807254169842381e-05,0.0003050799811555628,0.00044388872433055016,0.9991829117539979,d
test_3256.jpg,8.105548679807021e-05,0.00015143158077904405,0.9996578766780853,0.00010972240630249315,c
test_3257.jpg,0.9725700895442962,0.0244163925083375,0.0024807027095822094,0.0005327948775659577,a
test_3258.jpg,0.9998517159385681,6.216633847508379e-05,5.4861602666725866e-05,3.119826047851802e-05,a
test_3259.jpg,0.9557769901180267,0.005913973544760704,0.03771881324889183,0.0005901859269258165,a
test_3260.jpg,7.679486735339247e-06,0.9999053016090393,6.656684007422205e-05,2.0499275853920938e-05,b
test_3261.jpg,0.9997898968135834,8.480041143919706e-05,9.609145495342739e-05,2.9306238751306635e-05,a
test_3262.jpg,0.9972300079727172,0.0012646962902991533,0.0010626283463157295,0.00044263938550633816,a
test_3263.jpg,0.1790586159744501,0.0016237548997048437,0.007648367407994032,0.8116692271194458,d
test_3264.jpg,9.908194791113817e-05,0.00015611081019483423,0.0002169105058327745,0.9995278839160919,d
test_3265.jpg,0.053878285093126296,0.0038199891580458405,0.9290495195307922,0.013252179753882407,c
test_3266.jpg,7.044151041347071e-05,7.982069999135568e-05,0.9998204112537383,2.936439074552188e-05,c
test_3267.jpg,0.07386284493578721,0.002640597526910496,0.9196545358596802,0.0038420467003637314,c
test_3268.jpg,0.9997302898395538,0.0001584185813291548,7.981345728358738e-05,3.1438460696134066e-05,a
test_3269.jpg,2.4297349894253715e-05,4.841546612620504e-05,7.044407708445586e-05,0.9998567704727173,d
test_3270.jpg,2.4484664090058482e-05,0.999744537164688,0.0002034163987369196,2.7529416792466487e-05,b
test_3271.jpg,0.9999275948410034,2.59167610047257e-05,2.7534456493401664e-05,1.892413524399396e-05,a
test_3272.jpg,0.00020494771262809813,4.915278065125225e-05,0.999463079091568,0.00028285472928116234,c
test_3273.jpg,0.9996206803924561,0.0002611594522412789,9.607519682898428e-05,2.212856708092939e-05,a
test_3274.jpg,3.378732635007657e-05,0.9996162274673461,0.00023770587057537736,0.00011228429922066048,b
test_3275.jpg,0.003571052609981662,0.9958173382808686,0.0004645026331948191,0.00014707246831639157,b
test_3276.jpg,0.13086241410390853,0.10991252781249046,0.7427410673034668,0.01648395638315034,c
test_3277.jpg,0.46385935747410056,0.20740854353580473,0.028237893993863106,0.3004941598890381,a
test_3278.jpg,7.54251530694598e-05,4.037217530018725e-05,0.9998408334724427,4.339409130018726e-05,c
test_3279.jpg,0.9984452730794525,0.0002782133954113829,0.0009389981620073884,0.00033754907728077176,a
test_3280.jpg,6.811931854152687e-05,7.15437498116317e-05,0.9998288354492187,3.144146213223698e-05,c
test_3281.jpg,0.9976007651357269,0.0016060776501066088,0.0005021231933183706,0.0002910292360480771,a
test_3282.jpg,0.9995251527797699,0.00014908091568711327,0.0002982178869883114,2.7523376011580363e-05,a
test_3283.jpg,3.32776011331217e-05,2.144374334792161e-05,0.9999223259109498,2.287133884792161e-05,c
test_3284.jpg,0.00012143816020841457,0.00015592969044652826,0.0012048206464571596,0.9985177852111816,d
test_3285.jpg,7.481542002507828e-05,9.606489295629165e-05,0.9995135186782838,0.0003155996812301272,c
test_3286.jpg,3.2886299659206155e-06,0.999960492048645,3.120165473499574e-05,5.103481122702859e-06,b
test_3287.jpg,1.1567862912837081e-05,0.9999282332595825,4.539667341151118e-05,1.4738140776697957e-05,b
test_3288.jpg,0.00035752430174875946,0.00016888251544237913,0.00023038537596340328,0.9992432288330078,d
test_3289.jpg,0.9997179170955658,7.043422001404357e-05,0.00016896290029085026,4.2720512319429214e-05,a
test_3290.jpg,7.98015456453976e-05,0.0001088629317739708,0.9995790867305756,0.00023226495447466612,c
test_3291.jpg,0.970476641734314,0.008254056119342447,0.019800450053233387,0.001468876097114098,a
test_3292.jpg,0.012776791447866441,0.0008451575313716561,0.0014916746529920041,0.9848863769992828,d
test_3293.jpg,0.9997681286991119,0.00014911678738131344,4.005600373002383e-05,4.272267129945251e-05,a
test_3294.jpg,0.00010799912546512698,0.002108332579981828,0.0004551490405489951,0.9973285158084869,d
test_3295.jpg,6.312840141447213e-05,0.00011612298678602763,0.00013158457991840824,0.9996891311431122,d
test_3296.jpg,7.541991850586497e-05,0.00010248660089979931,5.1433062082686465e-05,0.9997706430480194,d
test_3297.jpg,0.0003812847130643573,0.0034309909807102206,0.0009831433934972048,0.9952046049995422,d
test_3298.jpg,9.042982927555076e-05,9.042982927555076e-05,0.9996141479954529,0.0002049799752720122,c
test_3299.jpg,0.9992673612632752,0.0002495662115151048,0.00029813608466835767,0.0001849359197858777,a
test_3300.jpg,5.827436523404898e-05,0.00013157982428662628,0.0001584061444536914,0.9996517875531006,d
test_3301.jpg,8.41402513291768e-06,0.9999376420265198,4.006279617468256e-05,1.387238223454655e-05,b
test_3302.jpg,1.387213242083432e-05,1.781216974259245e-05,4.841850209113638e-05,0.9999198990737915,d
test_3303.jpg,0.9997963858127594,0.00010888659757379867,6.216288952239104e-05,3.258047578134114e-05,a
test_3304.jpg,7.541935962088823e-05,9.044345290089249e-05,0.9997636693488312,7.043743462088823e-05,c
test_3305.jpg,9.608187244577017e-05,0.00012337156890178337,0.9996901889465333,9.043687893846688e-05,c
test_3306.jpg,0.9999191758418273,2.9367285777213134e-05,4.2729145070598685e-05,8.702125462093016e-06,a
test_3307.jpg,7.042687420209184e-05,0.0001583999703655122,0.0001583999703655122,0.9996128285442352,d
test_3308.jpg,0.004640239478144288,0.9943123160124206,0.0007531162063992858,0.00029436094499679357,b
test_3309.jpg,0.00014907968646462471,0.00022030192364210993,0.9995217920166779,0.00010885669314561486,c
test_3310.jpg,0.0023743663299326838,0.001201043841926864,0.0014130586419268637,0.9950115666716004,d
test_3311.jpg,0.0008796729386849046,0.9970405993506622,0.001985254116083467,9.445579083475813e-05,b
test_3312.jpg,0.00039169135796025725,0.0004589869082125682,0.9990683769377899,8.10064445955576e-05,c
test_3313.jpg,0.9998744139839173,6.656482198390944e-05,4.006026202619152e-05,1.8923129615469597e-05,a
test_3314.jpg,9.182724535042371e-05,0.00017155587422066048,0.00029818984214609773,0.9994384274673462,d
test_3315.jpg,6.216359520165358e-05,0.00011613684269816682,0.9998069988124847,1.4736353500068692e-05,c
test_3316.jpg,0.000513595123219195,0.1655463030098877,0.0015818900924571275,0.8323582155826569,d
test_3317.jpg,0.14831556569045068,0.0049979204422227735,0.8461236679592132,0.0005628649984096277,c
test_3318.jpg,0.9997815617900848,0.00012338283660234882,6.252601414357707e-05,3.2579973624210044e-05,a
test_3319.jpg,8.105207306131578e-05,9.042961099682233e-05,0.0002169293604973194,0.9996115849957276,d
test_3320.jpg,0.07841915992718697,0.022467465930016042,0.8960727574314118,0.003040641015389144,c
test_3321.jpg,0.016741361008758546,0.821255712624054,0.16068927178178405,0.0013136422631895661,b
test_3322.jpg,0.0004436925656042904,0.0002320645071832028,0.9987351025305939,0.0005891529442926527,c
test_3323.jpg,0.7434385100292206,0.25486458017559055,0.0013646700779306293,0.00033224903567554353,a
test_3324.jpg,8.745174990352948e-05,8.745174990352948e-05,0.9996689592105865,0.00015613261009246417,c
test_3325.jpg,0.00016338339550514504,7.04307331243407e-05,0.9996701164154053,9.607995031537362e-05,c
test_3326.jpg,5.1034008017972934e-06,0.9999451024909973,4.575253096229443e-05,4.0947024964474914e-06,b
test_3327.jpg,0.19088394402374267,0.7629087846889495,0.04386512873150706,0.0023421568579496265,b
test_3328.jpg,0.005549175996857691,0.9730360049900055,0.011099120531078815,0.010315670527880669,b
test_3329.jpg,0.002179171661485791,0.0011664264775203526,0.9961967689231872,0.00045767082846672716,c
test_3330.jpg,2.5917201106885247e-05,2.2871850045028177e-05,0.9999446869795228,6.55289457136469e-06,c
test_3331.jpg,4.005323693744134e-05,0.00015841363241864443,0.00010247932757950873,0.9996990892257691,d
test_3332.jpg,0.9800239188365936,0.0020482058921059013,0.0007111312160716903,0.01721682325803299,a
test_3333.jpg,3.3276983413806535e-05,4.272848952839132e-05,0.9999037275863647,2.018351916858192e-05,c
test_3334.jpg,4.27179783636772e-05,0.00014418336034487694,0.00015143190034487693,0.9996616858472442,d
test_3335.jpg,6.1435746525180385e-06,0.9998961696101379,7.484406518904294e-05,2.2870742986185918e-05,b
test_3336.jpg,0.0002484669579834809,0.0045401556320307495,0.9951045792080688,0.00010677423294073596,c
test_3337.jpg,0.0065307289046611545,0.9631834193317413,0.02632475995434284,0.003961087796202361,b
test_3338.jpg,0.00031558018375533016,0.00013361065181130178,0.9994540133285523,9.680993754222237e-05,c
test_3339.jpg,0.9994334264498901,0.00020335308967337786,0.0002784934639167109,8.477017412755576e-05,a
test_3340.jpg,0.0048699765818967225,0.13186192533551025,0.8545983567070008,0.008669743938410877,c
test_3341.jpg,0.9996451806938171,0.00020339617969389708,0.00011611802368255244,3.534495571339349e-05,a
test_3342.jpg,0.00017671131361025183,0.9983028191593932,0.0006167830815789833,0.0009036685074135784,b
test_3343.jpg,3.1441909015366864e-05,0.9998385436134338,0.00011614051729134426,1.3871010391698695e-05,b
test_3344.jpg,0.9996817692962646,0.00017950305730526195,9.608107009043262e-05,4.27190054316463e-05,a
test_3345.jpg,0.0014784094713161172,0.0006253476158053637,0.9977995867328644,9.664483868961762e-05,c
test_3346.jpg,7.04293427020654e-05,0.00015840551599729418,0.00012336634407342375,0.9996478582511902,d
test_3347.jpg,1.90700329125198e-05,7.982033004919193e-05,8.480265116486825e-05,0.9998162999280549,d
test_3348.jpg,5.485990189052485e-05,7.154338537505658e-05,5.1837904890524855e-05,0.999821747952652,d
test_3349.jpg,0.0002981858675941825,7.48089100744661e-05,0.9994266178627014,0.00020042916194470286,c
test_3350.jpg,0.00029572491045596954,0.9989196572307586,0.0005524868300118624,0.00023211158946249635,b
test_3351.jpg,0.00032049575951076956,9.680444057814182e-05,0.9994057849803925,0.00017687297320805831,c
test_3352.jpg,0.9998340616366577,6.216527981656728e-05,7.044247131656728e-05,3.3274665606227985e-05,a
test_3353.jpg,1.4088689663134194e-05,0.9998891360049438,8.107480917491906e-05,1.5718688341388392e-05,b
test_3354.jpg,0.9989328088426208,0.0007149572796747636,0.00020325122636566788,0.00014899138662965403,a
test_3355.jpg,0.0010379504909724057,0.9967907691968536,0.0007549906423093193,0.0014162600654162526,b
test_3356.jpg,0.00012336998082240343,9.043571624164581e-05,0.00010887362779662408,0.9996773016448974,d
test_3357.jpg,0.9999299555847168,2.7749887325100506e-05,3.14447423656917e-05,1.0803734704340712e-05,a
test_3358.jpg,0.00036310394474707184,0.00031684191474707187,0.9992390279233552,8.101943834441066e-05,c
test_3359.jpg,0.9997317190723419,0.00015841881163510457,5.827902534032264e-05,5.153153353890851e-05,a
test_3360.jpg,0.0003624274380996194,0.9974278684150696,0.00208562599819026,0.000124048059139492,b
test_3361.jpg,4.839877871494276e-05,0.0003829130576164329,0.999509938853836,5.8722163814966317e-05,c
test_3362.jpg,2.8142764897104964e-06,0.9999564830024719,3.327874082985177e-05,7.425490340578593e-06,b
test_3363.jpg,0.9998060761016846,6.811779530917205e-05,8.546482302197061e-05,4.0370723104751595e-05,a
test_3364.jpg,5.464148755849327e-06,0.9999063013076782,7.044754313851313e-05,1.7811928076594026e-05,b
test_3365.jpg,6.215742409570753e-05,0.999709393737793,0.00013158726285113199,9.683506376386114e-05,b
test_3366.jpg,0.00351772751241684,0.006148930656398415,0.3781937732685089,0.6121395375317001,d
test_3367.jpg,4.473593091563059e-05,9.470596689021334e-05,0.00011546629320624292,0.9997451325309754,d
test_3368.jpg,0.00017156672468723194,0.00012431178754454552,0.00020495547384227425,0.9994991720539856,d
test_3369.jpg,7.147468249938675e-05,0.00014406661278700727,0.0008609438261425257,0.9989234781581879,d
test_3370.jpg,1.473687318148649e-05,6.313819031609908e-05,7.982235563549891e-05,0.9998422581005859,d
test_3371.jpg,0.998770355025711,0.0005027674294985533,0.0005221128121300518,0.00020479933037602827,a
test_3372.jpg,1.2242098135993266e-05,0.9999181129112243,5.4865260431827183e-05,1.4737990838332079e-05,b
test_3373.jpg,3.1442703528121015e-05,0.9998661886341857,8.547013221626426e-05,1.6830065623458632e-05,b
test_3374.jpg,0.9997640846985627,7.483417591765336e-05,0.00012338068720039427,3.770249513115851e-05,a
test_3375.jpg,3.144326522689849e-05,3.770695552088782e-05,4.8416712894093616e-05,0.9998823995410155,d
test_3376.jpg,0.00046599017440228407,0.0001793187960391511,0.9986555838909149,0.0006990210661471858,c
test_3377.jpg,1.2240623371366114e-05,0.9997986064403535,0.00016897658340396673,2.018137547500548e-05,b
test_3378.jpg,3.144232623246156e-05,0.9998550390322876,9.186658666149105e-05,2.160997220464518e-05,b
test_3379.jpg,2.1442154160269486e-05,0.9998482482872009,0.00010889225043215044,2.1442154160269486e-05,b
test_3380.jpg,0.00014908020882196352,0.00026113398582955155,0.9995232829083252,6.654136814529882e-05,c
test_3381.jpg,0.9997306164196014,0.00010408531732151255,0.00013158998850911483,3.379155430412074e-05,a
test_3382.jpg,2.591711477962812e-05,1.892439560295884e-05,0.9999412878172302,1.3872431284053238e-05,c
test_3383.jpg,0.9996713908611298,0.00016338141185891079,0.00011661410235074208,4.861198623923618e-05,a
test_3384.jpg,0.0017241579492232205,0.3155068592008209,0.00200537724922322,0.6807635561402893,d
test_3385.jpg,0.0001849411948788771,0.0007595971746139557,0.00036289267980917306,0.9986926312355042,d
test_3386.jpg,0.0003154088459932071,0.00013968976968132586,0.9989139967041016,0.000630935704621628,c
test_3387.jpg,0.000116102724937654,0.999514909120636,0.0002785159416016251,9.042089026085599e-05,b
test_3388.jpg,0.999435088357544,0.00035759297167896537,0.00014906692542811738,5.8261732368611004e-05,a
test_3389.jpg,4.339584294509309e-05,6.216804293542884e-05,0.999879553842926,1.4852684875031718e-05,c
test_3390.jpg,0.9997817858376312,8.479972206886343e-05,0.00011613389062125771,1.7236526187377513e-05,a
test_3391.jpg,0.9984087871616363,0.0001446774530761975,0.0003202148199960723,0.0011262532080713599,a
test_3392.jpg,0.002530556647675395,0.006871969511918307,0.9582353117168427,0.03236217605152321,c
test_3393.jpg,3.966598626973286e-06,0.9998983224937439,7.484422522457669e-05,2.2870792223553465e-05,b
test_3394.jpg,6.603953073115893e-05,6.655594913591074e-05,0.9997430458638763,0.00012434288136522947,c
test_3395.jpg,1.4738163186192657e-05,0.9999297928642272,4.5396744049489986e-05,1.0129381867584433e-05,b
test_3396.jpg,4.272281313034958e-05,0.00011613264685891077,7.043801489130423e-05,0.9997706908611297,d
test_3397.jpg,3.327370374893401e-05,0.9998057539051055,0.00013160004679387168,2.9363939494829175e-05,b
test_3398.jpg,2.4296572759616725e-05,0.9998248109745025,0.0001233881787994133,2.753162699177286e-05,b
test_3399.jpg,0.00016892956567430363,0.0002457909047487034,0.9995192882580566,6.602474809473395e-05,c
test_3400.jpg,0.0014924903656203627,0.012177964785167694,0.9860455343372345,0.00028395271611014516,c
test_3401.jpg,0.00011794858807918094,0.9997677903247832,7.981634098480807e-05,3.4412283882756605e-05,b
test_3402.jpg,7.016266023198479e-06,0.999928534050293,5.144118566752382e-05,1.3006367979412126e-05,b
test_3403.jpg,0.9986853546691894,0.00029796425851667373,0.0008571732226763129,0.00015948877841353074,a
test_3404.jpg,0.03797570692314291,0.9615240097813416,0.0003942443587125203,0.00010610943357526816,b
test_3405.jpg,2.1440718895437223e-05,0.0001161339445338653,8.106623528798387e-05,0.9997813809772491,d
test_3406.jpg,0.00012431692561912374,0.0002959067953248438,0.9995340352680206,4.5733637487484375e-05,c
test_3407.jpg,7.980980693846687e-05,9.608121044577018e-05,0.00014089069890178336,0.9996832589465332,d
test_3408.jpg,2.1444297045028176e-05,2.429957010688525e-05,0.9999481419795226,6.143893621364691e-06,c
test_3409.jpg,0.0012046946444654405,0.005909033597315097,0.9650614580085755,0.02782479843575096,c
test_3410.jpg,6.504543387101606e-05,0.0005222992479646161,0.0003050509119234514,0.9991076165908813,d
test_3411.jpg,0.9993132898822785,0.0004591016197219107,0.0001808391703648755,4.6793209747382654e-05,a
test_3412.jpg,9.044925191952243e-05,5.486024605319757e-05,0.9998271231143951,2.753169063280798e-05,c
test_3413.jpg,7.214195865414166e-06,0.999902845725708,6.216951425246184e-05,2.7749134678523763e-05,b
test_3414.jpg,0.00011709366570052862,0.006896878116096926,0.0001503512329596892,0.9928357279647827,d
test_3415.jpg,0.0011164532382352769,0.001099297277097398,0.997486629523468,0.000297599123536073,c
test_3416.jpg,0.9996861210864258,0.00020340450200359122,6.203486372458577e-05,4.8407187805321735e-05,a
test_3417.jpg,0.9998530829139709,5.874193316450961e-05,5.874193316450961e-05,2.936532331019126e-05,a
test_3418.jpg,5.183408406179946e-05,0.00016896790691154896,0.9997477521868133,3.143896192127635e-05,c
test_3419.jpg,0.00012261894940396995,0.005908111587995458,0.993591603308487,0.00037769295079398006,c
test_3420.jpg,2.5915867024448986e-05,7.044661389254763e-05,0.999892842540741,1.0803340552486796e-05,c
test_3421.jpg,6.216657016774863e-05,5.8286223755560254e-05,2.4297312630235855e-05,0.9998552230079651,d
test_3422.jpg,0.9995122540943908,0.0001808759438809201,0.0002611311076218906,4.5732600811201e-05,a
test_3423.jpg,0.0001582103853725882,0.0013350134661666395,0.9984164733779908,9.03207224421733e-05,c
test_3424.jpg,0.9998532651008606,9.609755290754056e-05,3.535231395316213e-05,1.5212264937456365e-05,a
test_3425.jpg,1.4218221802741066e-05,0.9998277133784486,0.00013780994076980518,2.0267991567982068e-05,b
test_3426.jpg,4.255706053712521e-06,0.9999579923278809,3.120157362228185e-05,6.552982777423486e-06,b
test_3427.jpg,0.000709006537013191,0.000756205887013191,0.9983555275623321,0.00017926492097283857,c
test_3428.jpg,5.485436841447212e-05,0.00010248141928602763,0.00012337515991840824,0.9997192611431122,d
test_3429.jpg,0.9997821931171418,0.00011613387630422472,5.8281966662897264e-05,4.339160481088507e-05,a
test_3430.jpg,0.9998451529388428,4.832049497721123e-05,7.982264191498995e-05,2.669813708060725e-05,a
test_3431.jpg,6.552709193104776e-06,0.9999164329112243,6.2170371471777e-05,1.4737966338332078e-05,b
test_3432.jpg,0.00011794552243566051,9.185606856671543e-05,0.99974450458107,4.574313420418791e-05,c
test_3433.jpg,0.9992740736408234,0.0005447285254742712,0.00015834629639651493,2.2856278528857848e-05,a
test_3434.jpg,2.1443352238264026e-05,0.9999040905860901,5.874498729107756e-05,1.5718933447439706e-05,b
test_3435.jpg,1.3871689591673894e-05,8.747244177249194e-05,0.9998890639839173,9.533863451712653e-06,c
test_3436.jpg,5.1439677865486893e-05,3.770758843009702e-05,0.9998992068191528,1.1567523898126517e-05,c
test_3437.jpg,0.001308515104452288,0.9621134466617585,0.03618835038602448,0.00038965896079892423,b
test_3438.jpg,0.9990606970718383,0.0005200997618387282,0.00027839046042710096,0.0001408025987583749,a
test_3439.jpg,4.838600046099246e-05,0.9992539466281891,0.0006311511098952276,6.65228430957518e-05,b
test_3440.jpg,0.9998131510684967,7.483784704087951e-05,0.00010249101397135362,9.514563690312673e-06,a
test_3441.jpg,0.0011757463606019915,0.0008269203472188473,0.9964524620117188,0.001544890557665938,c
test_3442.jpg,0.9007275495422363,0.006877139227339887,0.09048412457920074,0.0019112308284888505,a
test_3443.jpg,1.3006509051315094e-05,0.9999393836079407,3.535535680043065e-05,1.2242356051315094e-05,b
test_3444.jpg,9.683552693716347e-06,0.9999431377702331,3.327829092211897e-05,1.3872455032712761e-05,b
test_3445.jpg,0.9988540418312073,0.0001489809747716391,0.00013968138977163912,0.0008573215444699508,a
test_3446.jpg,3.327222632864157e-05,7.541909125851408e-05,0.00013159396104314163,0.9997596736299896,d
test_3447.jpg,5.068581426636651e-05,0.9996222634433747,0.00024685695596599164,8.014272776369705e-05,b
test_3448.jpg,3.3271061954875136e-05,0.999724010048294,0.0002050027769403015,3.770092895487514e-05,b
test_3449.jpg,0.9998280581378937,6.21648398410178e-05,8.546689477877282e-05,2.4296653244906162e-05,a
test_3450.jpg,4.339177952064442e-05,0.0001024882897077053,6.655891936053273e-05,0.99978756920784,d
test_3451.jpg,2.0499687864189783e-05,3.327766541046472e-05,0.999924611794281,2.161151603327673e-05,c
test_3452.jpg,0.9993887983520509,0.00014084737188598218,0.00036316363436722965,0.00010727731477242917,a
test_3453.jpg,0.9979778517202759,0.0005519659614422708,0.0007142704259832323,0.0007559155909832322,a
test_3454.jpg,2.049671807335001e-05,0.9997811894428252,0.00016897360982033298,2.9363211927744806e-05,b
test_3455.jpg,0.9997126151657867,0.0001398014427860929,6.215765714765779e-05,8.545702453623649e-05,a
test_3456.jpg,2.5911985214670632e-05,0.9997425681655121,0.00019146485940603258,4.0054979516821284e-05,b
test_3457.jpg,2.0182580379487458e-05,0.9998585001229858,9.684960303821608e-05,2.4487414332111143e-05,b
test_3458.jpg,0.9997101128627777,0.00015965403272887946,0.0001024803077494359,2.7743710983130214e-05,a
test_3459.jpg,1.571852696327123e-05,5.828752752344883e-05,4.841646309759831e-05,0.9998775727508544,d
test_3460.jpg,4.255706802907723e-06,0.9999588793281555,2.982790126905311e-05,7.016473759873629e-06,b
test_3461.jpg,0.0007736130000653088,0.0009377213851588548,0.0002791993798677504,0.9980094417932892,d
test_3462.jpg,9.534445467832932e-06,0.9999488589328003,2.9368161088063177e-05,1.224247036690334e-05,b
test_3463.jpg,0.02650557360063982,0.0033357366690805433,0.9696071447872925,0.0005515335516911289,c
test_3464.jpg,0.00016858026357503922,0.002053728212095082,0.00031494941730508504,0.9974627185862732,d
test_3465.jpg,2.9364408203131414e-05,0.9998219377895355,0.0001243527906504731,2.4296503605541948e-05,b
test_3466.jpg,0.004332330058483958,0.9899696106970215,0.005236053123526287,0.0004619963228750363,b
test_3467.jpg,0.9994821791427613,0.0002785069369762546,0.00016892300084489958,7.041779449647156e-05,a
test_3468.jpg,0.9970019987567902,0.002039288502655819,0.0004685546247117832,0.0004901467174719214,a
test_3469.jpg,4.272815860557147e-05,3.770746854281092e-05,0.9998963527259827,2.3228530327286726e-05,c
test_3470.jpg,0.9995487930493927,0.00024683456324977487,0.00015760474938818046,4.677188745293939e-05,a
test_3471.jpg,6.3667382831998265e-06,0.9999387979568481,4.00628397948945e-05,1.4767091354706734e-05,b
test_3472.jpg,5.1837147775816396e-05,6.216347245963596e-05,7.981948001365818e-05,0.9998061670444489,d
test_3473.jpg,1.4852767195406528e-05,0.9998863292839051,7.719393932964197e-05,2.16106490260642e-05,b
test_3474.jpg,4.006193281600319e-05,3.770822783042278e-05,0.9999160880508423,6.191754436975567e-06,c
test_3475.jpg,0.0009959261361946225,0.4839966921592712,0.511739732557869,0.0032676022156894803,c
test_3476.jpg,0.0007667354553566725,0.0006295417760071545,0.9967645159358978,0.001839302792574644,c
test_3477.jpg,0.00033509131863541334,0.0006309227299865883,0.9988931728099824,0.00014077789908780158,c
test_3478.jpg,7.043820427940473e-05,9.684145345696394e-05,5.828150933583882e-05,0.9997743986507416,d
test_3479.jpg,0.9992688319724274,0.00012428178758098758,0.0005700189084945172,3.68981676952308e-05,a
test_3480.jpg,0.9995562254062653,0.0002785275712403053,7.481861780844972e-05,9.042466156324684e-05,a
test_3481.jpg,2.774958086189131e-05,2.6321965361891307e-05,0.9999195953538513,2.6321965361891307e-05,c
test_3482.jpg,0.00022029788121333838,0.00013361742511382548,0.00013977259933329017,0.9995062799182892,d
test_3483.jpg,4.841202250931323e-05,7.483584048342264e-05,9.044555907994668e-05,0.9997863098133087,d
test_3484.jpg,5.486114857706062e-05,0.9998443351699828,8.107113674297236e-05,1.9761967296464087e-05,b
test_3485.jpg,0.0001315672258630389,0.00010886043407943376,0.00020337806426326083,0.9995561243846893,d
test_3486.jpg,0.00012434155142798453,0.00011612799208776458,0.9997317783991242,2.7744482927058766e-05,c
test_3487.jpg,0.0004571465375556588,0.9922848064707948,0.0070744705457055565,0.00018358548481009707,b
test_3488.jpg,0.997461879491806,0.00205373555690524,0.0003821343563822204,0.00010224947372882225,a
test_3489.jpg,0.9997833989299774,7.043889241599813e-05,0.00012338306914872244,2.2823574067276624e-05,a
test_3490.jpg,4.539288241183879e-05,0.9998447275199891,8.480506336584553e-05,2.5080570404933123e-05,b
test_3491.jpg,0.9999254360740661,3.563140854892901e-05,2.9367468545672715e-05,9.53422685817535e-06,a
test_3492.jpg,0.0001397703181546478,0.00023044228073159173,0.0001397703181546478,0.9994900113296509,d
test_3493.jpg,0.00015143421667521357,0.9996724382595062,0.00014910224056734875,2.7006680194172185e-05,b
test_3494.jpg,0.9997048070167541,9.608328049214379e-05,0.0001408936504131028,5.827745363241833e-05,a
test_3495.jpg,0.9997267676319121,7.981312808337271e-05,0.00016896439165000303,2.448418214311893e-05,a
test_3496.jpg,2.287180644563944e-05,2.5917151779012403e-05,0.9999427779098511,8.414066782000785e-06,c
test_3497.jpg,9.60533274172569e-05,0.0002322221205201596,0.0002784827463426292,0.9993931644039917,d
test_3498.jpg,0.00010244383149109524,0.0002784711974712932,0.00026313088130372627,0.9993559587059021,d
test_3499.jpg,0.00021667887436360776,0.0002955852786032334,0.9984480204265594,0.0010397495806857527,c
test_3500.jpg,1.0129191629524183e-05,0.9999110122836303,6.217003548677306e-05,1.670021447857459e-05,b
test_3501.jpg,0.9998875267265319,4.272778655976886e-05,5.4863565552610114e-05,1.4852813972199597e-05,a
test_3502.jpg,0.00014087239755932628,0.00014087239755932628,0.00015962934471633582,0.9995586565439606,d
test_3503.jpg,0.00011244663731308759,0.9997712994137573,9.904080641087288e-05,1.7210710806032438e-05,b
test_3504.jpg,1.59642829721996e-05,0.999871676726532,4.9173451559768864e-05,6.313996755261011e-05,b
test_3505.jpg,0.0015903121810982525,0.0010060748962687285,0.9894156136572265,0.007988012869193553,c
test_3506.jpg,4.037484548339765e-05,4.006147714110522e-05,0.999904749283905,1.4737794348050971e-05,c
test_3507.jpg,5.509362137459658e-05,0.00012435133955374778,0.9998126789382935,7.828748687002677e-06,c
test_3508.jpg,0.9995938970664978,0.00013978484559082566,0.0001808906101089503,8.544667905604399e-05,a
test_3509.jpg,0.9992503235717773,0.000459072731746698,0.00023218749267143072,5.836454509061329e-05,a
test_3510.jpg,0.46484151786055566,0.008239298400104761,0.5233113095686798,0.0036078774701274107,c
test_3511.jpg,0.00012427977498913898,0.00044392476360422374,0.00018082599249087244,0.9992509081253051,d
test_3512.jpg,0.008148903720702887,0.14235494743357657,0.8312107007098388,0.018285439444930076,c
test_3513.jpg,2.7741282798534404e-05,0.9996238660877991,0.00011611530778277002,0.00023227491221076535,b
test_3514.jpg,0.04358823386331024,0.9555938815384675,0.0005316103637108749,0.00028634915360336276,b
test_3515.jpg,9.605976074235893e-05,0.0003205170778100172,0.9994601024507141,0.0001233431744558327,c
test_3516.jpg,1.0129057902568236e-05,0.9998977854934692,7.044693958747007e-05,2.161094014183441e-05,b
test_3517.jpg,0.00010970213807001621,0.00033046688499412385,0.999482665279007,7.71607130725158e-05,c
test_3518.jpg,0.00010888179517575694,9.608784234519733e-05,0.9997522826526641,4.272201826417217e-05,c
test_3519.jpg,0.9997753524176789,4.841144274362446e-05,0.00010973573085652396,6.655808900323876e-05,a
test_3520.jpg,0.9998133324398041,0.00010249102335261114,5.828377882165715e-05,2.5913788922860444e-05,a
test_3521.jpg,0.16809801773426533,0.012240901009581327,0.8188150062519073,0.0008460795776764828,c
test_3522.jpg,0.9990067716308594,0.0003154386952572578,0.0005893170025811893,8.849213559599585e-05,a
test_3523.jpg,9.044732715932663e-05,0.9998058177425384,6.60436779789966e-05,3.7704054047294747e-05,b
test_3524.jpg,0.9995947162287903,0.00019143617059964163,0.00018089057225662692,3.2953041667078785e-05,a
test_3525.jpg,3.075076538679718e-05,8.746976877320789e-05,0.9998613305404663,2.0498290907507077e-05,c
test_3526.jpg,4.0368416245257816e-05,0.00014089961789721532,7.043631768641412e-05,0.999748290442276,d
test_3527.jpg,0.00013202539004536645,0.00022697665464037746,0.0007310966589121043,0.9989099514993286,d
test_3528.jpg,0.00010959410050845862,0.9985144045238494,0.0012664226295771124,0.00010959410050845862,b
test_3529.jpg,0.00012337282599224656,6.655312208547373e-05,0.00010972754237633146,0.9997004009799957,d
test_3530.jpg,0.9997962113933563,9.186117271993369e-05,9.044636700773716e-05,2.148289682938982e-05,a
test_3531.jpg,3.0752466956193784e-05,4.5750934180795194e-05,0.9999116736549378,1.1838389968668386e-05,c
test_3532.jpg,1.1313523919979593e-05,0.9999377047470093,4.575217470271829e-05,5.278202011597626e-06,b
test_3533.jpg,0.9982031264686584,0.0007310881617925953,0.0008284313978923678,0.0002373495803255525,a
test_3534.jpg,5.183565928665624e-05,0.00013159635084831431,0.9997782632083894,3.829276094355527e-05,c
test_3535.jpg,0.000589061012398991,0.000480375122398991,0.9985850360900879,0.0003454884004562476,c
test_3536.jpg,0.9954885233589172,0.002322593459955764,0.0020496857940250756,0.0001392107447754185,a
test_3537.jpg,0.996558804518509,0.0027042117346975057,0.0006208840744652704,0.00011616201645329908,a
test_3538.jpg,0.0061247476767727375,0.5860689883760071,0.40471620998470303,0.003090046455150211,b
test_3539.jpg,8.413970432299176e-06,0.999930918236084,4.841904209390719e-05,1.224225054874939e-05,b
test_3540.jpg,8.414175575725279e-06,0.9999556479789734,2.9368360490059845e-05,6.552966926305577e-06,b
test_3541.jpg,2.3222904800678515e-05,0.9996640179332733,0.0002829128946409416,2.981880036458919e-05,b
test_3542.jpg,2.1608360700433274e-05,0.9997824420444488,0.00010409061521539808,9.185965001365818e-05,b
test_3543.jpg,0.0003457732971123612,0.0001913924750069879,0.9993710195159913,9.18205807791128e-05,c
test_3544.jpg,0.00029589599526339916,0.00016892575584489958,0.9994975291427612,3.7692468957248845e-05,c
test_3545.jpg,3.119341084282323e-05,0.00014910609858522996,0.00012337233048091993,0.9996963378074646,d
test_3546.jpg,7.068566818484561e-05,0.9991462218104553,0.0007059848080523312,7.707631638036565e-05,b
test_3547.jpg,0.9378342610502625,0.0007319942383159071,0.004616904996997094,0.05681689893337905,a
test_3548.jpg,0.9992662274410248,0.0004915464595520674,0.0001242824228276083,0.00011788792928848914,a
test_3549.jpg,0.14562500166572573,0.0018703269445225358,0.018375535657197475,0.8341291147140503,d
test_3550.jpg,0.9994298036354066,0.00021689042375552862,7.480915571587092e-05,0.0002784926891082338,a
test_3551.jpg,0.9910398573200225,0.0008035256196104318,0.0007038111196104317,0.007452834265206099,a
test_3552.jpg,5.8286249221411904e-05,5.4861831721411905e-05,0.9998556402404786,3.119838153181866e-05,c
test_3553.jpg,0.9966514716179657,0.0018530209451725335,0.00031955172932346463,0.0011759193258519293,a
test_3554.jpg,1.4852489059096544e-05,0.9998648642631531,8.480677099714071e-05,3.5352724662208444e-05,b
test_3555.jpg,4.915955598104414e-05,0.0001596352357606688,0.00019442982769688605,0.9995968366227722,d
test_3556.jpg,0.9996709807228852,0.0002693718495975554,4.338629374721422e-05,1.6253569586560522e-05,a
test_3557.jpg,0.00010244772061758839,0.00012429833794683695,0.00037443633621245086,0.9993988019115447,d
test_3558.jpg,0.13242483742641448,0.010312187137750388,0.8514246057876587,0.005838375752700639,c
test_3559.jpg,6.552883877028936e-06,0.9999426024218749,3.770922535569316e-05,1.310829044354794e-05,b
test_3560.jpg,0.826694145450592,0.17043223397231103,0.0015430261658407152,0.0013306579658407152,a
test_3561.jpg,3.948255152604401e-05,0.00013365826435686294,0.9998073266753387,1.9516055077791727e-05,c
test_3562.jpg,7.044475597117096e-05,3.327574669172056e-05,2.9365743936230314e-05,0.9998668439369202,d
test_3563.jpg,8.413844966067696e-06,0.9999164897483825,5.486516439767883e-05,2.0183764803407223e-05,b
test_3564.jpg,0.00043039668318853915,0.0007096040970133424,0.007235831837833356,0.991624186143875,d
test_3565.jpg,0.00030391549543025865,0.003264499290737182,0.0005423127176231555,0.9958893352125548,d
test_3566.jpg,0.0002765646956598833,0.992385108411026,0.0007515907903958272,0.006586694844052934,b
test_3567.jpg,2.591547502306358e-05,3.7706789356258696e-05,5.8287554379357395e-05,0.9998780414016724,d
test_3568.jpg,0.9997864968827057,0.00013159748726363613,4.841200994240193e-05,3.346791819327878e-05,a
test_3569.jpg,1.4088695418061425e-05,0.9998888374951171,7.542884893438562e-05,2.1610726616625194e-05,b
test_3570.jpg,2.1441499384597375e-05,7.04413324262092e-05,9.044844107603386e-05,0.9998177403469086,d
test_3571.jpg,1.3005007639620587e-05,0.999823964068222,0.00013160244041559086,3.144139280548548e-05,b
test_3572.jpg,0.00044383879654802085,0.9990504576026917,0.00043033354444599,7.536462969914465e-05,b
test_3573.jpg,5.4857669940794836e-05,6.216188006126661e-05,0.0001024876218182194,0.9997804775807952,d
test_3574.jpg,0.003921107975850427,0.012170049459902287,0.1993835338282013,0.7845253395183563,d
test_3575.jpg,0.0014317198074776708,0.9962610599712372,0.0017104019269468546,0.0005968295930554822,b
test_3576.jpg,0.037859647820351124,0.0105392156999712,0.002891284312899375,0.9487098704658508,d
test_3577.jpg,5.29830179852096e-05,0.9986479667331696,0.0012522684361865551,4.6757350015683056e-05,b
test_3578.jpg,0.9995006938787079,0.0002631689288299921,0.00020495616193550825,3.1187308422044006e-05,a
test_3579.jpg,0.9979766615433503,0.000295445745361723,0.0016002763110088468,0.00012762950446584695,a
test_3580.jpg,0.00017140276177718075,0.0008098483076301843,0.9985751816680908,0.00044361427211644797,c
test_3581.jpg,0.00020498542160844087,9.607707541414923e-05,0.9996402544593811,5.872930701194656e-05,c
test_3582.jpg,0.0001242481176317881,0.0006992437400950676,0.0001688405519925341,0.9990077332868195,d
test_3583.jpg,2.4485260638631893e-05,0.00010248658874438107,0.00010248658874438107,0.999770518278885,d
test_3584.jpg,0.9981250005153657,0.00026866229105746537,0.001479493570158495,0.00012690708236787223,a
test_3585.jpg,6.599724664625585e-05,0.9991029039020538,0.0007150791849650771,0.0001160543834814437,b
test_3586.jpg,0.03423933549523282,0.0011497875623507113,0.0011330917545745432,0.9634777607373046,d
test_3587.jpg,2.4343896056808096e-05,0.9998200259758758,9.684581901772723e-05,5.873995926579407e-05,b
test_3588.jpg,2.161149602883501e-05,4.575153811249849e-05,0.999923645352478,8.939093882604809e-06,c
test_3589.jpg,0.00021654840386002062,0.9978486291339111,0.0003347409183134735,0.0016000711207137404,b
test_3590.jpg,0.9995822225074769,8.54453838744624e-05,0.00018088786750536324,0.00015141999837660268,a
test_3591.jpg,2.94899310027557e-05,0.9998268163795472,9.684631754767052e-05,4.6817581463430975e-05,b
test_3592.jpg,4.2726034756346534e-05,9.045101609681495e-05,0.9998466367984009,2.0182349437515315e-05,c
test_3593.jpg,0.00013777233174211352,0.9995579686782836,0.00018088341363930449,0.0001233552524623479,b
test_3594.jpg,1.2241602138704739e-05,0.9998789476333618,8.107397630874164e-05,2.7748433473919163e-05,b
test_3595.jpg,1.0802732819011019e-05,0.9998374156593323,0.00013160423305923284,2.0182163082992156e-05,b
test_3596.jpg,1.0578689076940564e-05,0.9999253143986511,3.563137076498788e-05,2.839924304364277e-05,b
test_3597.jpg,5.572034393677922e-05,4.474230287023056e-05,0.9998639201948547,3.5629116845751926e-05,c
test_3598.jpg,0.0001491048744536914,0.00010972623428662627,0.9996893575531005,5.1831001734048986e-05,c
test_3599.jpg,0.00021668029660287114,0.00045871220883745905,0.0008569871911728859,0.9984677450188446,d
test_3600.jpg,1.5964795635993265e-05,0.9999027129112243,6.314199693182718e-05,1.809048283833208e-05,b
test_3601.jpg,0.0002304241419234514,0.0002784872180361926,0.9994113165908813,7.978792552625272e-05,c
test_3602.jpg,0.0005029513277593559,0.0001943278696656205,0.00022021197838427453,0.9990825402637482,d
test_3603.jpg,0.9993171671064758,0.0003798694101130462,0.00023040242494921237,7.253474550609443e-05,a
test_3604.jpg,6.60336075204838e-05,0.00013979315376898125,0.00014088639367472678,0.9996533315757752,d
test_3605.jpg,3.5627603182022724e-05,7.483829012025944e-05,7.044138164028391e-05,0.9998190808929444,d
test_3606.jpg,0.005679930417349756,0.0008234420305041998,0.0006127314261467734,0.9928839527412414,d
test_3607.jpg,2.0182867180709982e-05,0.9998716135650635,7.044512310689217e-05,3.770655708641371e-05,b
test_3608.jpg,3.7705636962622044e-05,7.982276509857974e-05,0.9998467547055054,3.5628598816659715e-05,c
test_3609.jpg,1.0447504794633242e-05,0.9999263168869019,4.917622409750243e-05,1.4089224383284812e-05,b
test_3610.jpg,0.9998163153800964,8.106867220189699e-05,9.186284504527912e-05,1.0700675003122859e-05,a
test_3611.jpg,1.020792377600354e-05,0.9998633286576843,0.00010974552161267407,1.6699418888354793e-05,b
test_3612.jpg,1.682847778810881e-05,9.60896390680977e-05,0.00011613262060770362,0.9997709984420013,d
test_3613.jpg,0.00034499256767453403,0.0016742157787028253,0.0006979170106024206,0.9972828611259461,d
test_3614.jpg,0.004744303662707591,0.9606550919372558,0.025600589840705873,0.009000024646104932,b
test_3615.jpg,7.976570478433607e-05,0.00046619508277744113,0.00031547946842039884,0.9991385089588165,d
test_3616.jpg,0.00304306683522743,0.030410547857906818,0.06922720659189224,0.8973191816768646,d
test_3617.jpg,5.464148665458738e-06,0.9999063001907349,7.044754224598657e-05,1.781192796969115e-05,b
test_3618.jpg,0.9984571871711732,0.0011003824553756534,0.00031526488052692416,0.00012719322701134532,a
test_3619.jpg,0.9999123809814453,4.272886669081061e-05,3.770809213914334e-05,7.186190249082132e-06,a
test_3620.jpg,9.043436308728553e-05,0.00019144955024250686,5.485121605025113e-05,0.9996632919006347,d
test_3621.jpg,0.00011509842790366509,0.9912439584437561,0.0005235134719649053,0.008117386968265486,b
test_3622.jpg,3.327766615977201e-05,3.327766615977201e-05,0.9999243632595824,9.009021593634908e-06,c
test_3623.jpg,0.7792977977394104,0.21980006066497804,0.0006730036971713037,0.0002291449135377708,a
test_3624.jpg,0.8370471581363679,0.012839596240856885,0.0015334710633019568,0.14857975384874345,a
test_3625.jpg,8.544239231790416e-05,0.00016893317514628128,0.9995422679885102,0.00020337523087010547,c
test_3626.jpg,9.034514756897538e-05,0.9986894502677918,0.0011178188316803455,0.00010237447046617643,b
test_3627.jpg,0.0005562536064018383,0.001093159338428761,0.998135330530548,0.00021525581741693855,c
test_3628.jpg,8.5461302454326e-05,0.00012434546467419343,0.9997643235373688,2.5912488316345993e-05,c
test_3629.jpg,2.5059779274271595e-05,0.9998310521702576,0.00011795606396361202,2.591421431707358e-05,b
test_3630.jpg,0.9989333431182861,0.0003377194650500837,0.0004913788955468997,0.00023753943354703323,a
test_3631.jpg,0.0012385868644505115,0.9979482881652069,0.0006983571858123675,0.00011480617299295596,b
test_3632.jpg,0.9997351535816192,0.00010408559350195214,0.00012434158693419106,3.645814207396572e-05,a
test_3633.jpg,0.0006779837603598981,0.000379621153155506,0.000278276902812027,0.9986641117150878,d
test_3634.jpg,0.9995794867084503,0.00020338281534312754,0.00017948469843208253,3.769553336416856e-05,a
test_3635.jpg,0.00015905954119637265,0.0003367290835553944,0.0034337900784768105,0.9960704137943268,d
test_3636.jpg,7.981478222637392e-05,0.00010248420460892967,0.9997472857685089,7.043629750874534e-05,c
test_3637.jpg,0.4013306633963776,0.014461342280537606,0.4721658533506775,0.11204214949166537,c
test_3638.jpg,3.997893810159014e-06,0.999965009792633,2.1444658301548005e-05,9.534600171577767e-06,b
test_3639.jpg,0.017982985849707603,0.002415514108762598,0.0051136430451123715,0.9744878994372559,d
test_3640.jpg,0.0008551989159808547,0.0026341616395726564,0.9963713073280335,0.00013933419432385222,c
test_3641.jpg,0.9994690788414001,0.0001689208297572072,0.00023043744879711764,0.00013155567911255194,a
test_3642.jpg,0.00013159138874399708,7.981421120583623e-05,0.9997401979084015,4.8409767256420714e-05,c
test_3643.jpg,0.9946538576190949,0.004064922933485222,0.001096190746819824,0.00018507851173782245,a
test_3644.jpg,0.9998133941719055,0.00010974002194421634,5.828378734219484e-05,1.8564091162612893e-05,a
test_3645.jpg,0.9994655907463074,0.00018086676565940514,0.0002631595916831775,9.041625556830168e-05,a
test_3646.jpg,8.479197138378083e-05,0.00017950461093932792,4.53858739091522e-05,0.9996904067375183,d
test_3647.jpg,0.931738882527771,0.0008942101244123101,0.0003341325370939514,0.06703280793868104,a
test_3648.jpg,0.00010245548125278696,0.0002958872452850789,0.9994680008872986,0.00013361315199288338,c
test_3649.jpg,0.0016389058620191604,0.0005728295001678124,0.48601268126365244,0.511775601600647,d
test_3650.jpg,0.0003191240107617429,0.0038877267160688164,0.0005261465436277199,0.995267012765503,d
test_3651.jpg,0.9940610209117889,0.0029779165290100456,0.0019338983463804424,0.0010271609303368033,a
test_3652.jpg,0.9996249953357697,0.00019144208856464252,0.00014088213845271782,4.271650119904808e-05,a
test_3653.jpg,2.2116036190962726e-05,5.874274472196646e-05,5.1840292157233266e-05,0.999867246773529,d
test_3654.jpg,6.604107154150829e-05,0.0001161320960910222,0.9997664188152313,5.143284404104008e-05,c
test_3655.jpg,0.0001233222492245449,0.00020332401957999394,0.9992905605056763,0.0003828285306565717,c
test_3656.jpg,0.00010409150924816102,5.4858098035170845e-05,0.9997892423236847,5.1836181835229656e-05,c
test_3657.jpg,1.7812087242592448e-05,0.9999154790737915,5.1842855091136376e-05,1.485322692083432e-05,b
test_3658.jpg,3.1441545863777396e-05,6.656175154178672e-05,7.154397654178671e-05,0.9998304529844666,d
test_3659.jpg,0.9996650191566467,8.478981915419683e-05,0.00021694120616463512,3.326901429840604e-05,a
test_3660.jpg,0.0001215946575386279,0.00016337934998165012,0.9996575733272552,5.743725359954305e-05,c
test_3661.jpg,0.05733264821353436,0.01147634047644701,0.0011722195957517625,0.9300188236938476,d
test_3662.jpg,1.0803472771252009e-05,0.9999053479817199,6.605025598502501e-05,1.781191549495606e-05,b
test_3663.jpg,0.007114493505637526,0.0004264290497892508,0.9899859430874633,0.0024731681772231103,c
test_3664.jpg,0.9996092297068024,0.0002611564272629586,5.4848309594995935e-05,7.482258563518055e-05,a
test_3665.jpg,0.9976832236488342,0.0011166084400127648,0.0002626718538378172,0.00093751330447672,a
test_3666.jpg,0.9997894126277924,0.00010248859690419893,7.483607440958433e-05,3.327319411291162e-05,a
test_3667.jpg,7.978418339443833e-05,0.00029585626668590995,0.000261092209464778,0.9993633647896576,d
test_3668.jpg,0.0003611667941376683,0.9940067159763336,0.0043325238166903495,0.0012996256417338598,b
test_3669.jpg,1.4524679036940778e-05,0.9998081004713439,8.746423173351791e-05,8.993242841013581e-05,b
test_3670.jpg,0.9998939515869141,4.5395118082823936e-05,4.841725408282394e-05,1.2217929643349177e-05,a
test_3671.jpg,0.00014907090911405921,0.0001243075843359957,0.00026315914867486507,0.9994634489326477,d
test_3672.jpg,0.9996386988082886,0.00013363592525416328,0.00011793329856850951,0.00010972151960643008,a
test_3673.jpg,4.3381352780875784e-05,0.000245798167889528,0.00015962837594013483,0.9995511451961517,d
test_3674.jpg,0.0033589952082832934,0.9961962096343995,0.0003315458292934355,0.00011327339731054269,b
test_3675.jpg,1.0972811452286914e-05,0.9999355050262451,4.037606984484784e-05,1.3108189846915604e-05,b
test_3676.jpg,3.770799752839132e-05,2.9367020913806533e-05,0.9999099975863648,2.287106516858192e-05,c
test_3677.jpg,0.0028852978599164724,0.996138579944992,0.000518554748648136,0.000457622956487959,b
test_3678.jpg,0.00014076068993098883,0.0010171528080881178,0.9988009153369903,4.1270930298902084e-05,c
test_3679.jpg,0.00044257815240456136,0.002851212388298683,0.9964915610641479,0.0002147015170182416,c
test_3680.jpg,0.6841571924747467,0.3091303826761246,0.006415796447597193,0.00029668998331308514,a
test_3681.jpg,0.9913792656581879,0.006730993397197961,0.001295951390070626,0.0005938223753735158,a
test_3682.jpg,2.2869358106968853e-05,0.999835620450592,9.609585755220302e-05,4.539246947875009e-05,b
test_3683.jpg,0.0002785049170099449,0.0001596163473202765,0.9994764051352691,8.543647701855995e-05,c
test_3684.jpg,6.655365326591331e-05,0.00018091157874724746,0.9997098163974762,4.272012293352852e-05,c
test_3685.jpg,1.5718701716227637e-05,0.9998893049598694,7.044633645668812e-05,2.4488193152774665e-05,b
test_3686.jpg,7.042747187997758e-05,0.9996259294925689,0.0002693595081623511,3.424521769592891e-05,b
test_3687.jpg,7.98133620131714e-05,6.603865750320372e-05,0.00012434128715521923,0.999729808071518,d
test_3688.jpg,0.9998993287724305,4.575043025243371e-05,4.0061260752433705e-05,1.4852990050765142e-05,a
test_3689.jpg,0.00015949071673597215,0.001039979609779495,0.00013144958354453562,0.9986691487277984,d
test_3690.jpg,0.9998372413795471,6.2165374560939e-05,8.107052803392604e-05,1.951672468814907e-05,a
test_3691.jpg,1.5200083690619966e-05,0.999868449330902,9.911699860436477e-05,1.7223951078250912e-05,b
test_3692.jpg,0.8653413796077729,0.13346205494624136,0.00048133934616763146,0.0007152775951421976,a
test_3693.jpg,0.13337499427554605,0.0012388877970706015,0.0025691848859922053,0.8628169589431762,d
test_3694.jpg,0.00013157344022615523,0.00012432562237804466,0.9996043239036561,0.00013978630107444422,c
test_3695.jpg,0.0003827819941689089,0.00019135526724618613,0.0002495459389346832,0.9991763223870087,d
test_3696.jpg,0.9996313532981873,0.000158402907953448,0.000168948332953448,4.1342027407205816e-05,a
test_3697.jpg,0.6104731263668061,0.28043473059605595,0.03444053674385929,0.07465162774385929,a
test_3698.jpg,0.9992937802513122,0.00019437041852363095,0.00010677242603025127,0.0004051474598904803,a
test_3699.jpg,8.467313749938675e-05,0.00019118335978700728,0.0014347172761425258,0.9982893781581879,d
test_3700.jpg,8.478891921833731e-05,0.0001809019080522236,0.9996544180175782,7.980753421833731e-05,c
test_3701.jpg,0.00024958873927647817,0.9993357455333709,0.00016889805450423973,0.00024574648906608106,b
test_3702.jpg,0.00020497581944095642,7.980255313216634e-05,0.9995918914997101,0.00012335943776650043,c
test_3703.jpg,2.017833594534096e-05,0.9996468284378052,0.00023047844485773862,0.0001024739756637001,b
test_3704.jpg,0.00015958117954620955,0.00040513291439300776,0.00017942657954620958,0.9992558376469421,d
test_3705.jpg,9.043879341100216e-05,0.00015144002951015205,0.9997089798312377,4.9165379232092575e-05,c
test_3706.jpg,0.010757254336041213,0.005893809916944146,0.9831827731163025,0.00016614216438777968,c
test_3707.jpg,0.00019127620278510792,0.0009393141700499653,0.9987726420909881,9.674156329186812e-05,c
test_3708.jpg,0.12327832393602371,0.0028992286136499045,0.8648059707798004,0.009016477979167223,c
test_3709.jpg,0.6975506267910003,0.2297428682830429,0.0648451130876217,0.007861368799818993,a
test_3710.jpg,0.05367950737755798,0.0012509254325230002,0.0002487704991961507,0.9448207354251861,d
test_3711.jpg,0.027914617060945033,0.0016488943479116857,0.9678768818330383,0.0025596485470545886,c
test_3712.jpg,5.464229407573634e-06,0.9999204781669617,5.829002830853328e-05,1.57191982522685e-05,b
test_3713.jpg,0.9996445170664978,0.00014909829010895028,0.0001315787905908257,7.4825229056044e-05,a
test_3714.jpg,0.0005202198979064977,9.679437260234893e-05,0.9992925824824523,9.040066122867331e-05,c
test_3715.jpg,7.0161946545147065e-06,0.9999190663063049,5.486529858007483e-05,1.9071995018550065e-05,b
test_3716.jpg,1.0803667291394109e-05,0.9999232973762513,5.829019208449089e-05,7.649742694551801e-06,b
test_3717.jpg,5.827674089949251e-05,0.999692568598175,0.00020340581417294757,4.574097671488025e-05,b
test_3718.jpg,0.9985755384098053,0.0004873999850919566,0.000756371426143682,0.00018070549557013942,a
test_3719.jpg,4.004893409987066e-05,0.0002828923664290495,8.54461652420252e-05,0.9995916503440857,d
test_3720.jpg,4.0055700786666275e-05,0.00010248555168382596,9.684008968382597e-05,0.9997605703510284,d
test_3721.jpg,7.981776643289283e-05,0.9997845269062042,0.00011613415829229943,1.953158432675783e-05,b
test_3722.jpg,0.9997558462108612,0.00013980749498315737,7.981553348809808e-05,2.4484956392666415e-05,a
test_3723.jpg,5.484627584487423e-05,0.0002033814501082453,0.00016893841823951527,0.9995728154988861,d
test_3724.jpg,0.00080269286881365,0.0012456579126121341,0.00048685785197172314,0.9974648056433105,d
test_3725.jpg,0.00043336356115287545,0.0007679657417181593,0.9983076044532776,0.0004910652343380666,c
test_3726.jpg,0.9984214314231872,0.0005565141865111708,0.0006306132089330613,0.0003914277476995489,a
test_3727.jpg,0.00010402753893554613,0.0003827873295690268,0.0003204273834144166,0.9991928036643982,d
test_3728.jpg,0.9994744678073884,0.00013976814303419248,0.00016892197191270948,0.00021690002160005317,a
test_3729.jpg,0.9998741298202515,6.216772643127263e-05,4.8416275526752494e-05,1.5272014683241743e-05,a
test_3730.jpg,1.387173825037807e-05,0.9998915304008484,7.982634127510653e-05,1.4737599943833443e-05,b
test_3731.jpg,0.0007739460014704048,0.0005441247014704049,0.00038242226514104843,0.9982995101516723,d
test_3732.jpg,2.286710689156651e-05,0.9997358439105988,0.00012337719671074734,0.00011794503287884011,b
test_3733.jpg,0.9998357569615173,6.656219419476158e-05,7.982184985538509e-05,1.7810661329227035e-05,a
test_3734.jpg,0.999403899659729,0.00013154727873281076,0.00014906258643088816,0.0003155654246213576,a
test_3735.jpg,4.0045075515847705e-05,0.00031559377327299986,0.0001490759394590831,0.9994953548076629,d
test_3736.jpg,0.9997794046750641,0.00010248754565269182,8.47995224458807e-05,3.327283416669227e-05,a
test_3737.jpg,2.161086265515957e-05,0.9998949152142333,6.656614657894928e-05,1.6830556160377795e-05,b
test_3738.jpg,0.9998854382167053,5.30545147757353e-05,4.917412834578005e-05,1.2313365892573563e-05,a
test_3739.jpg,0.0019136443843874454,0.0010147623727922738,0.00032944510872814524,0.9967421588381196,d
test_3740.jpg,0.9975081987784576,0.0018124979017327368,0.0005517061794148236,0.00012756974661648132,a
test_3741.jpg,0.00046554203091547786,0.0005977678352199482,0.9978722655422211,0.0010643820870518243,c
test_3742.jpg,0.00021692655807502238,6.215049846392556e-05,0.9995975772434235,0.00012336014346332147,c
test_3743.jpg,0.9993560893901825,0.00043382778157659535,0.00015138495704376847,5.8712204685056545e-05,a
test_3744.jpg,1.2241338149259086e-05,0.9998567724024963,0.00011614258087632238,1.485235366154368e-05,b
test_3745.jpg,0.007018921690076113,0.3982212851183319,0.05061349271341896,0.5441463599220275,d
test_3746.jpg,6.961939088945512e-06,0.9999474864445496,3.770941107027564e-05,7.888910424421312e-06,b
test_3747.jpg,0.9977388188270568,0.000714086460753429,0.0009169052094716817,0.00063017909729276,a
test_3748.jpg,0.0004332310339465326,0.0013344024986658872,0.00027807936072065504,0.9979543228607177,d
test_3749.jpg,0.999265215473938,0.00036311746157751144,0.00022024185259851813,0.00015136987583562076,a
test_3750.jpg,1.387197013682872e-05,7.044765895138988e-05,0.9999077343074035,7.950309442725184e-06,c
test_3751.jpg,8.103933365333281e-05,0.0002457748171607676,0.00021689552392357454,0.9994562777244568,d
test_3752.jpg,0.9998186824398041,7.483826137567938e-05,8.480285043944046e-05,2.160924229093857e-05,a
test_3753.jpg,0.00010052394273070737,0.9813032047130585,0.01843974634736395,0.00015649881315014453,b
test_3754.jpg,0.9996643645354462,0.00013778515935628058,0.00013778515935628058,6.0065023951533324e-05,a
test_3755.jpg,7.980414245159075e-05,0.000245813614075996,6.215141811774988e-05,0.9996121840432739,d
test_3756.jpg,7.043681645267389e-05,9.608797689572714e-05,7.981536210831e-05,0.9997536539783478,d
test_3757.jpg,0.9997104707228852,9.683502562192067e-05,0.00014089412256355747,5.183205402072408e-05,a
test_3758.jpg,0.0003035952912500663,0.0006648247835975468,0.9946799838817597,0.004351601714876175,c
test_3759.jpg,0.00019170970483519257,0.025893536375101566,0.0022669517609612347,0.971647824092865,d
test_3760.jpg,4.840941622422878e-05,9.608591083272867e-05,0.00012337674907162652,0.9997321382816315,d
test_3761.jpg,0.00022024408656422733,0.00040513570921713623,0.9992648974506377,0.00010967895650531396,c
test_3762.jpg,0.9995986295146941,0.0001769069769950174,0.00012158627023104935,0.00010290305923392973,a
test_3763.jpg,0.00017688116846332146,0.0002828497080750224,0.9994528522434234,8.743204846392558e-05,c
test_3764.jpg,4.915997490720581e-05,0.9996010382981872,0.000180891697953448,0.000168942892953448,b
test_3765.jpg,0.9998368301243592,9.045011028255276e-05,4.418937187517305e-05,2.8530804117035758e-05,a
test_3766.jpg,0.9995137732635497,0.00013361775579176735,0.00028286879448474197,6.975517845819942e-05,a
test_3767.jpg,0.999877621913147,5.486302470419958e-05,5.486302470419958e-05,1.2611715019530985e-05,a
test_3768.jpg,4.0054433972404094e-05,0.9997289197704315,0.00020341322008899957,2.758276766165784e-05,b
test_3769.jpg,0.9998945583079528,6.604954080735624e-05,2.7533547875146145e-05,1.1847813448810701e-05,a
test_3770.jpg,0.009361951298679382,0.0003602112618906878,0.9884078247257233,0.0018699142298020692,c
test_3771.jpg,0.9994070617111206,0.00036317197299820514,0.00011608974483464719,0.00011367129002336516,a
test_3772.jpg,1.5716667034688142e-05,0.9997594361873627,0.00020341942740651934,2.1440250005380308e-05,b
test_3773.jpg,0.0002033629486393045,0.0001233458674623479,0.9994818886782837,0.00019141491674211353,c
test_3774.jpg,1.3871228921910348e-05,0.9998548009150696,7.982341800659516e-05,5.143739315758258e-05,b
test_3775.jpg,8.106841533156336e-05,0.9998106786369323,7.981981336345412e-05,2.8419023760232443e-05,b
test_3776.jpg,0.8380350154452514,0.0025596147868341265,0.0010475853758750379,0.15835774716941833,a
test_3777.jpg,1.3005771549379736e-05,0.999882642540741,7.982562589254764e-05,2.4488031407620374e-05,b
test_3778.jpg,0.0001024779086589727,0.0001315842473581806,0.9996860909343719,7.980987581887774e-05,c
test_3779.jpg,0.9990471820552826,0.00029807117111614254,0.0004914363233209666,0.00016327783628127158,a
test_3780.jpg,8.546320964055374e-05,7.483573464055375e-05,5.485791213207428e-05,0.9997848767665862,d
test_3781.jpg,0.00010964008897651099,0.00011603421507977061,0.0008284895741105675,0.9989458374092102,d
test_3782.jpg,8.413731385973993e-06,0.9999033922836303,6.656672298677307e-05,2.1611049229283397e-05,b
test_3783.jpg,7.425083647913746e-06,0.9999019555404662,7.982717934302382e-05,1.0803432996284211e-05,b
test_3784.jpg,0.0002982169062403053,9.681685656324685e-05,0.9995251754062653,7.979686030844972e-05,c
test_3785.jpg,0.9997601518384551,0.00011613143011023104,9.044324203786217e-05,3.3272210396847286e-05,a
test_3786.jpg,0.5229152781738281,0.0612809823623848,0.41393676592323303,0.0018669905808383167,a
test_3787.jpg,0.0010737486153621165,0.9821009014949799,0.001661757411965829,0.015163564039392948,b
test_3788.jpg,0.9936258773342133,0.0059539470897691255,0.0002615981859087677,0.00015866731783839748,a
test_3789.jpg,0.00038284760492679834,0.0002168705054490921,0.9993420595436096,5.825630777366399e-05,c
test_3790.jpg,0.00141526474078469,0.9960675726543426,0.0018098216158924998,0.0007073816676612919,b
test_3791.jpg,0.0005196901427477762,0.0004047354457934999,0.0008033426418460042,0.9982722761619568,d
test_3792.jpg,0.00010972809601039744,0.9997071906067658,0.00012433822608138093,5.8733216044381896e-05,b
test_3793.jpg,3.217851648891523e-05,5.486221751430555e-05,4.917309168609342e-05,0.9998637442852782,d
test_3794.jpg,0.00016769413343818604,0.9923740601862335,0.007155443643551588,0.0003028191057354431,b
test_3795.jpg,1.596438894332842e-05,0.9998757199363708,9.045364664758816e-05,1.7811378505510408e-05,b
test_3796.jpg,0.9995274233603668,0.0001596246505709432,0.0002785192473930368,3.440397801666341e-05,a
test_3797.jpg,0.9999080191207885,5.8745221421558335e-05,1.4291379694895992e-05,1.8923765324230413e-05,a
test_3798.jpg,2.4297567667155017e-05,9.609874886393778e-05,0.9998657024024964,1.3871384661543679e-05,c
test_3799.jpg,0.00013158909045141458,6.603817729000118e-05,0.9997225363048554,7.981281995432914e-05,c
test_3800.jpg,9.040852852842622e-05,0.00024575585367097853,0.0002828322128200471,0.9993809662231445,d
test_3801.jpg,0.7006340578401565,0.001216371453982451,0.2980452135528198,0.00010433177398217745,a
test_3802.jpg,7.149621344457417e-05,0.0007095783331616194,0.9991606696140289,5.824573544457417e-05,c
test_3803.jpg,8.002448709843122e-05,0.9983469176330566,0.0010165814141034693,0.0005565092911307857,b
test_3804.jpg,0.0016739663176549464,0.9901991488291931,0.0074290617282398936,0.0006978129813779145,b
test_3805.jpg,0.00010404646966610372,0.0002457522875395821,0.9993673597385406,0.0002828276225395821,c
test_3806.jpg,0.9997950961486817,7.154133165230081e-05,9.684324327146952e-05,3.6460412837412584e-05,a
test_3807.jpg,2.429819319351983e-05,2.936647143150309e-05,5.486378929441938e-05,0.9998914623776245,d
test_3808.jpg,1.2660992667025962e-05,0.999876869076538,7.48426186082776e-05,3.562968950231201e-05,b
test_3809.jpg,3.327049310321378e-05,0.9997102295838165,0.00020499991237453224,5.142995370624021e-05,b
test_3810.jpg,9.904046519280583e-05,0.0005918715341723567,0.9991594467388153,0.00014964855154879546,c
test_3811.jpg,3.217089783822438e-05,0.0001596417068266815,0.00017159073682668149,0.9996366177604675,d
test_3812.jpg,3.3793731050398636e-05,0.00013365679938685506,0.9997948609081269,3.770358505039863e-05,c
test_3813.jpg,2.447944932856804e-05,0.999542744391632,0.00023225452548346535,0.00020045276266743482,b
test_3814.jpg,0.00020035943540419398,0.0004438569770089418,0.00023757953348173052,0.9991182085826873,d
test_3815.jpg,1.5718057012415643e-05,0.9998478213104248,0.0001088922031739597,2.7532261047844304e-05,b
test_3816.jpg,8.477866442339584e-05,0.000315606012722545,0.9995335022586059,6.60256897627049e-05,c
test_3817.jpg,2.4484847767727263e-05,0.00011613064799026251,0.00010408796679844745,0.9997553234185028,d
test_3818.jpg,4.574168262676437e-05,9.608369468782283e-05,0.0001491079540592797,0.9997090950496674,d
test_3819.jpg,0.0001805841387867865,0.9979434316596222,0.0011775564407211423,0.0006984686301978082,b
test_3820.jpg,0.00011609488314561486,0.0001583736964646247,0.0002784971436421099,0.9994470770166779,d
test_3821.jpg,0.0002199913430500844,0.0012053392085410923,0.9981833402137756,0.0003913163530480236,c
test_3822.jpg,0.0001702690916078547,0.0009647234603928209,0.0006734272239801034,0.998191633069992,d
test_3823.jpg,0.9954519383777618,0.0005422615205461883,0.0037023579855342747,0.00030345090439422577,a
test_3824.jpg,0.0004661583232965934,0.00034566440443463593,0.00011605021188384816,0.9990721365866853,d
test_3825.jpg,0.9996540569490051,9.607840191667665e-05,0.000179498086132648,7.042977670510605e-05,a
test_3826.jpg,0.00021692130180001154,0.0001596322233720815,4.868507835902947e-05,0.9995747797648621,d
test_3827.jpg,5.82537852729338e-05,0.00037986241099113047,0.00026311659769407244,0.9992987940044403,d
test_3828.jpg,2.160893188588559e-05,0.9998060592769622,0.0001491223952873099,2.322640188588559e-05,b
test_3829.jpg,0.0028185119854788184,0.000707134948351109,0.000754193198351109,0.995720171068573,d
test_3830.jpg,3.533609397281045e-05,0.000232223155833935,0.0003378816207273796,0.9993945364982605,d
test_3831.jpg,0.9998828111915589,8.54715764991489e-05,2.448801652921771e-05,7.214047345426428e-06,a
test_3832.jpg,6.312818566345181e-05,0.00019226967784000189,0.9996977372089386,4.681087454175312e-05,c
test_3833.jpg,2.287131451666545e-05,0.9999209653994752,3.327755997737601e-05,2.2871308425101748e-05,b
test_3834.jpg,4.0368937382745275e-05,9.044325698394186e-05,0.9997594411182403,0.00010973414528759985,c
test_3835.jpg,4.0367354589268736e-05,0.00014089524576844036,0.00010248101087600403,0.99971632341156,d
test_3836.jpg,0.001652124988711512,0.2366357227077484,0.7563018581371308,0.0054102742445423365,c
test_3837.jpg,0.0001336459935350073,0.00011612587353500731,0.9997146406993866,3.5623759468005785e-05,c
test_3838.jpg,4.036812702594265e-05,7.043577562757187e-05,0.00014911253695316522,0.999740065001297,d
test_3839.jpg,0.9996800741815186,0.00019145266798647955,0.00010972520993405953,1.877772991740017e-05,a
test_3840.jpg,0.00030497445371275813,0.00011219383481029548,0.9995026950275421,8.013119126345367e-05,c
test_3841.jpg,0.00010408488809836105,7.541647351760343e-05,0.9997286612495422,9.18545950725817e-05,c
test_3842.jpg,0.9998096501022339,9.044761833976623e-05,8.546527903419588e-05,1.4457669502049608e-05,a
test_3843.jpg,0.0003456720352421105,0.00037977594105246214,0.0002032793975479047,0.9990712807170867,d
test_3844.jpg,0.9997756626277924,0.00010888433890419893,7.981707440958433e-05,3.5626053612911623e-05,a
test_3845.jpg,0.0005025526031686098,0.11216242466670456,0.8869977795005799,0.0003372016093747199,c
test_3846.jpg,4.573038385007657e-05,0.0001490714992206605,0.00033790439057537736,0.9994673774673462,d
test_3847.jpg,0.013405081561283397,0.0055880698023042675,0.0008996309494776499,0.9801071594200135,d
test_3848.jpg,0.0017087729202333987,0.0009680102143392801,0.9952739797150421,0.0020492061751213432,c
test_3849.jpg,0.00048694100195752085,0.009980587714724303,0.9891725920261383,0.00035984844335660334,c
test_3850.jpg,0.9987064773841858,0.0008099589800513476,0.00032026706312041076,0.0001632196790895988,a
test_3851.jpg,0.00016892457538400516,0.00014907542957953842,0.00019141681538400516,0.9994905658416748,d
test_3852.jpg,1.1568351178739553e-05,1.1568351178739553e-05,0.9999706745133972,6.192091810848478e-06,c
test_3853.jpg,1.8922710984988826e-05,5.828605368864896e-05,7.044374479073137e-05,0.99985230521698,d
test_3854.jpg,2.7746084679822916e-05,0.00010248901184535667,7.542167456886344e-05,0.9997943558376312,d
test_3855.jpg,2.0791255124785218e-05,0.9997844069988251,0.00012434807438390462,7.043888994069204e-05,b
test_3856.jpg,1.0207725247132363e-05,0.9998444018910218,0.00010974337812074311,3.562845811176961e-05,b
test_3857.jpg,7.4823919056044e-05,0.0001584022101089503,0.00013978948059082568,0.9996269970664978,d
test_3858.jpg,2.9367009094817132e-05,5.1440210685861697e-05,0.99990956798172,9.534071271252008e-06,c
test_3859.jpg,0.00010246773311773833,0.00016894073001904475,0.0001408768597909437,0.9995877315937043,d
test_3860.jpg,0.00019143545740588265,0.00012335910156438111,9.607216337095827e-05,0.9995891471273041,d
test_3861.jpg,0.000714168361181718,0.0011168639769516455,0.9978643041807556,0.0003046646437765765,c
test_3862.jpg,0.999523533229065,0.0001514097966770108,0.00023768288721431197,8.743864784811325e-05,a
test_3863.jpg,0.9989977787915802,0.00018499995963077755,0.0007598427941226244,5.739515532546688e-05,a
test_3864.jpg,0.001499810451999241,0.9975863787742615,0.0003821627745897683,0.0005316229517115408,b
test_3865.jpg,0.6669536021121979,0.11318530896306228,0.14461312696306228,0.07524792719787121,a
test_3866.jpg,0.0004913468124861289,0.00033507957762841137,0.0003153915493682772,0.9988581542545318,d
test_3867.jpg,9.683133663459765e-06,0.9998998162841797,6.604988731151245e-05,2.4488461474246166e-05,b
test_3868.jpg,0.00010970246184691958,0.00015837746282273306,0.000261120277560446,0.9994708099113465,d
test_3869.jpg,0.0002784591034517476,0.0002981529039667502,0.9993073465618134,0.00011607863570310861,c
test_3870.jpg,9.899864018987178e-05,0.00015597651488577426,0.0009754045231536209,0.9987696102745056,d
test_3871.jpg,4.841440221306132e-05,8.48042642442482e-05,0.9998353130549622,3.144177100786883e-05,c
test_3872.jpg,0.00012425509200610072,0.0006310193875426978,0.9990504190555572,0.0001943212052991997,c
test_3873.jpg,9.68297604408329e-06,4.841674695095776e-05,5.8287879235265967e-05,0.9998835900524903,d
test_3874.jpg,0.06693602652027511,0.9158437270381165,0.01698692073754883,0.00023333761554239572,b
test_3875.jpg,4.539093412341253e-05,0.00013981391192365987,0.9998018072780609,1.3004719110749408e-05,c
test_3876.jpg,0.00010887081785383753,0.00014909935817876145,0.9996514912039185,9.043333138769366e-05,c
test_3877.jpg,0.00019436838225224135,0.00023219524361312835,0.0002828043264552736,0.9992906215908051,d
test_3878.jpg,5.305450094371315e-05,4.682043619105857e-05,0.9998860482139588,1.4088623631206705e-05,c
test_3879.jpg,0.00016892791669272572,0.00010245996587658428,0.00021690773937348335,0.9995117503882599,d
test_3880.jpg,5.782774680812154e-06,0.9999212051437378,6.605129956024875e-05,6.961756086144045e-06,b
test_3881.jpg,0.9998732165634155,4.5749116932058896e-05,5.1840541446230534e-05,2.9199453535219125e-05,a
test_3882.jpg,3.534068110043619e-05,0.00010246167163966142,0.00033792453381677477,0.9995242598491669,d
test_3883.jpg,9.043101234107665e-05,0.0002458169568277465,0.9996260685539246,3.769733869204686e-05,c
test_3884.jpg,0.0001688902646228978,0.9992971420871735,0.00048073305584105314,5.3273046614871674e-05,b
test_3885.jpg,4.272719546954907e-05,6.21676991286647e-05,0.9998736473320007,2.1442699039772054e-05,c
test_3886.jpg,2.4297908546943088e-05,0.9998797175186157,6.21680664342518e-05,3.379674414778885e-05,b
test_3887.jpg,0.999849968775177,6.604659954892212e-05,7.044358204892211e-05,1.3477182758569437e-05,a
test_3888.jpg,0.9963368517742157,0.0006207182736877365,0.0010601632254263699,0.001982297165531955,a
test_3889.jpg,3.770688816025203e-05,5.486320296516113e-05,0.999881078982544,2.6320965731051496e-05,c
test_3890.jpg,0.9059066935470581,0.04050343865949631,0.00450578781192553,0.04908410267746329,a
test_3891.jpg,2.5915172150773544e-05,4.539387023914063e-05,6.216726084105282e-05,0.9998664846115113,d
test_3892.jpg,9.608946846956546e-05,0.9997692032802582,7.981656816438145e-05,5.4857069401935716e-05,b
test_3893.jpg,0.00020974163634383588,0.00011226661525653109,0.00020974163634383588,0.9994681952098847,d
test_3894.jpg,0.9998704177052307,5.82871104912569e-05,6.314003277347772e-05,8.142681083508813e-06,a
test_3895.jpg,3.1438864226676536e-05,0.00010888083490094132,0.00011612940944864377,0.9997434577701569,d
test_3896.jpg,6.604675086848251e-05,4.037267729773949e-05,0.9998523000552368,4.1317618705341596e-05,c
test_3897.jpg,0.9981977920870972,0.001305839828793165,0.00037388316580057,0.00012252773442090304,a
test_3898.jpg,1.1566533382866001e-05,0.99981561059021,0.00012435196557819826,4.8413407098962016e-05,b
test_3899.jpg,0.00021687756338030858,0.00029585858046211097,0.9993711647426605,0.00011608628881622509,c
test_3900.jpg,2.0496669825070818e-05,0.9997815524868012,0.00015966541679537894,3.829282293744264e-05,b
test_3901.jpg,0.9991831177283478,0.0005171068533689028,0.00023741821644310385,6.238165585757007e-05,a
test_3902.jpg,0.9998367673789978,7.154431037520117e-05,7.718990537520118e-05,1.445802584601842e-05,a
test_3903.jpg,0.00030504706337546755,0.00023214078657347872,0.000405050466999293,0.9990577081017303,d
test_3904.jpg,5.1826724547824375e-05,0.00031562892710705105,0.999606646592331,2.590840094299816e-05,c
test_3905.jpg,0.00022032453372058377,0.00011611536319140822,3.828666566042724e-05,0.9996252999473572,d
test_3906.jpg,0.0010999212287556947,0.0007087810102470607,0.00015335914300017596,0.9980379948997498,d
test_3907.jpg,9.534302231826484e-06,0.9999339120735169,4.841918403842844e-05,8.14319383293106e-06,b
test_3908.jpg,0.00011788752633559294,0.9992750399486542,0.0005030426128714618,0.00010403537438183367,b
test_3909.jpg,1.5964523420284368e-05,0.9998840092382812,7.98257278420178e-05,2.0183104592975495e-05,b
test_3910.jpg,0.9995522774673462,0.00027852640557537734,0.00013156655922066048,3.769444885007657e-05,a
test_3911.jpg,3.770523481991054e-05,0.00010249346333777442,0.9998365512413026,2.3227181219585555e-05,c
test_3912.jpg,0.00015964577304265483,0.00012433225653729133,0.9996603351436615,5.570881861208589e-05,c
test_3913.jpg,4.005934709448822e-05,8.546893139646046e-05,0.9998515822863769,2.2869708278810508e-05,c
test_3914.jpg,2.5052484290938572e-05,0.00010406680793944046,0.0002813101313756794,0.9995895624398041,d
test_3915.jpg,0.0003183269601366073,0.9854670388057709,0.013815160532349872,0.0003994387241167426,b
test_3916.jpg,0.00856310662260437,0.0014006136503022493,0.9897604895291138,0.0002757995804850593,c
test_3917.jpg,2.9824631150773542e-05,9.684889798491545e-05,0.9998517046115112,2.1609908594646406e-05,c
test_3918.jpg,0.9881194607971191,0.0009609584030155361,0.008614417249777795,0.002305219371928096,a
test_3919.jpg,0.0006307712635683269,0.0006675473635683268,0.9986563637760926,4.533892846174113e-05,c
test_3920.jpg,0.000741816302720134,0.000927032752720134,0.0072547075447211935,0.9910764474174499,d
test_3921.jpg,6.401167399270073e-05,0.0003155385496087918,0.00030513140268531157,0.9993153847896576,d
test_3922.jpg,6.21549014288786e-05,0.00017950057421202794,9.043484692221828e-05,0.9996679326927185,d
test_3923.jpg,0.0001715725299156843,0.000232252846857225,6.311800923908736e-05,0.9995329988234711,d
test_3924.jpg,0.9998062530231475,8.546495962278374e-05,8.546495962278374e-05,2.2824097144456762e-05,a
test_3925.jpg,0.9998246751948547,6.216464037023055e-05,7.982098115856401e-05,3.3274334735323356e-05,a
test_3926.jpg,2.4297662046943087e-05,7.48420794511465e-05,0.9998695925186157,3.119881938022919e-05,c
test_3927.jpg,0.0017954187975327135,0.0006147329437060087,0.023589988131602763,0.9739998948837281,d
test_3928.jpg,0.0001693880635839638,0.0009707187194708854,0.9981007068946839,0.0007591446404677004,c
test_3929.jpg,0.9994942915840148,0.00013977091490362747,0.0002169040583255291,0.0001490758349036275,a
test_3930.jpg,0.0005907583684913719,0.001897477872365737,0.9974600066402435,5.171050894552809e-05,c
test_3931.jpg,2.2869091236064223e-05,6.216463423225176e-05,9.044901184392244e-05,0.99982454559021,d
test_3932.jpg,0.0001178299530324325,0.9987924826938629,0.0005983898474951476,0.0004913076242748734,b
test_3933.jpg,0.9991812465618133,0.00032042528845174756,0.00035750062896675017,0.00014081843070310861,a
test_3934.jpg,0.002264530669543469,0.7690284918312073,0.0041342063576010465,0.22457281478242636,b
test_3935.jpg,6.60445530023051e-05,9.0448525787851e-05,0.9998190712882995,2.4486471562551657e-05,c
test_3936.jpg,0.006209502413524389,0.022484335913702965,0.005102061181701827,0.9662041637466431,d
test_3937.jpg,0.9992518441814422,0.00018505388917306988,0.000503028577964209,6.007820297093369e-05,a
test_3938.jpg,0.0009386523760488749,0.0008094458916323751,0.9980925610511779,0.00015938934784998624,c
test_3939.jpg,2.0184220206789295e-05,3.120097965365939e-05,0.9999389075379943,9.683515046854101e-06,c
test_3940.jpg,7.483643184544384e-05,0.9997942502086639,0.00010888636368708357,2.2132408088102072e-05,b
test_3941.jpg,0.0004431354197602108,0.000755603221150645,0.9975975329078675,0.001203674906150645,c
test_3942.jpg,0.9968658676807404,0.0004041601221768078,0.0004041601221768078,0.0023257810381774545,a
test_3943.jpg,2.4485436530074214e-05,0.0001243473086298701,7.154026028335258e-05,0.9997796406496429,d
test_3944.jpg,0.9911651917541504,0.0049110830409801005,0.0026287133831655743,0.0012949819772543896,a
test_3945.jpg,3.217499192286044e-05,7.718379882165716e-05,0.00012725456585261114,0.9997634324398041,d
test_3946.jpg,7.043815129467062e-05,0.00011613288343804732,0.9997733801174165,4.005621368837744e-05,c
test_3947.jpg,0.997462202754593,0.00043294249769895883,0.00011764972691671364,0.001987200879315621,a
test_3948.jpg,0.0011629832170585962,0.00013195039301346572,0.9984455612548828,0.00025949661166941896,c
test_3949.jpg,5.4862563007378515e-05,0.9998684622863769,6.656445289646046e-05,1.0128760718786827e-05,b
test_3950.jpg,0.0031922568224368275,0.9960135207789611,0.0003366535108797148,0.0004576458004915881,b
test_3951.jpg,0.0005897929068395555,0.9959581202132416,0.002884503799781978,0.000567524387451975,b
test_3952.jpg,0.00020496843542384475,0.9995556243736268,0.00011610779927878223,0.0001233549550147499,b
test_3953.jpg,6.491051446748939e-06,0.9999286651893615,4.0375787524473035e-05,2.4489154224653368e-05,b
test_3954.jpg,1.7225377211328208e-05,0.9999459442825318,2.982749541175914e-05,7.016380081002452e-06,b
test_3955.jpg,0.33392161599550246,0.6649823846935272,0.0008696634622612751,0.0002262902693907249,b
test_3956.jpg,5.142284742401078e-05,0.0001596324455165173,0.00021692133325266436,0.9995720400814057,d
test_3957.jpg,0.9994440737709045,0.00019140713113021405,0.00020494457613021405,0.00015961100123402773,a
test_3958.jpg,0.0005321515919448391,0.0005696239529571667,0.00024939797791350186,0.998648881943283,d
test_3959.jpg,0.00014909498510895028,0.00015964025059082566,0.9996208470664978,7.0427486056044e-05,c
test_3960.jpg,7.716717126892504e-05,0.00016336290529733418,0.00020496653380494326,0.9995545371562957,d
test_3961.jpg,0.0001808869438574432,0.0001689384438574432,0.9995747794856262,7.540489082480476e-05,c
test_3962.jpg,0.0002565368630643573,0.0023457665307102206,0.0005678143334972047,0.9968299249995423,d
test_3963.jpg,0.00031545055596190455,0.9990415946430207,0.0005525542677172958,9.037809691583208e-05,b
test_3964.jpg,0.00015144404980827614,0.9997372923651123,6.215908925560944e-05,4.916668324790304e-05,b
test_3965.jpg,0.9990822692878722,0.0005694996820961547,0.0001768052876634936,0.00017148730586663335,a
test_3966.jpg,2.6416195210308373e-06,0.9999539237461853,3.8299582433773215e-05,5.183284680178115e-06,b
test_3967.jpg,0.6406276837698364,0.11994571092399717,0.23133189996170997,0.008094667112059384,a
test_3968.jpg,6.654968839085246e-05,0.00020978371425254568,6.810680341113031e-05,0.9996555443515778,d
test_3969.jpg,0.0005561501204915881,0.0003373221258797148,0.9977724257789612,0.0013341347724368274,c
test_3970.jpg,6.006867426585293e-05,9.910047992020547e-05,0.0001272475274259833,0.9997135657173157,d
test_3971.jpg,0.9997971098133087,8.480102107994668e-05,8.480102107994668e-05,3.3273437310212705e-05,a
test_3972.jpg,3.770319182382336e-05,4.8411860806379534e-05,0.00013159703759277284,0.9997822516048431,d
test_3973.jpg,0.9995910643211365,0.00013157142034661055,0.00024965173291541205,2.774030985656226e-05,a
test_3974.jpg,0.9998455642631531,8.546836206858762e-05,4.841486683131684e-05,2.0498034059096546e-05,a
test_3975.jpg,2.429940116629851e-05,1.6700717261744735e-05,0.9999411713519287,1.7812553761744733e-05,c
test_3976.jpg,0.0003553031587629384,0.0007052278100185257,0.005904800003877568,0.9930346881534576,d
test_3977.jpg,6.654741702664336e-06,0.9998481577508544,0.00013366406472750374,1.1566899200184497e-05,b
test_3978.jpg,0.9981418241588593,0.000917305175139159,0.0008095233243172675,0.0001313809547245723,a
test_3979.jpg,0.12255872540279389,0.0015810220379941882,0.0006853762011263132,0.8751748551555634,d
test_3980.jpg,0.00010398885365698613,0.00024945632398554293,0.9988543680450439,0.0007922090999842674,c
test_3981.jpg,2.4486588462351732e-05,0.9998252762081146,0.00012435315975430354,2.5914079962351732e-05,b
test_3982.jpg,0.9995008700592805,0.00024578579171088564,0.00020495656876753763,4.839809498641655e-05,a
test_3983.jpg,0.0010390359403802635,0.0008114545784729719,0.422509179197998,0.5756403751134873,d
test_3984.jpg,0.0002784392067521557,0.00020331369327730177,0.0002784392067521557,0.9992398009342194,d
test_3985.jpg,0.00030518428128871174,0.0001179155135624811,0.999501501707077,7.539876704469092e-05,c
test_3986.jpg,0.0004336003622360387,0.00041128975723603875,0.0003153843727355364,0.9988397343608857,d
test_3987.jpg,9.044642374438108e-05,5.143436267094985e-05,0.9997959182788849,6.216285676025244e-05,c
test_3988.jpg,0.9976875920425414,0.0004234991780624014,0.0014781574323400439,0.0004107771110635397,a
test_3989.jpg,0.9996294959343719,0.0001514267423581806,0.00012723695565897272,9.184496581887775e-05,a
test_3990.jpg,0.031403536104616166,0.005457116499036026,0.0018685607847700714,0.9612707468852997,d
test_3991.jpg,2.5912891894340533e-05,0.9997776278835296,0.00016897308572328372,2.7530326894340534e-05,b
test_3992.jpg,1.2433619742930783e-05,0.9999202504685973,4.9175921139148806e-05,1.809081133971748e-05,b
test_3993.jpg,0.9918916308246613,0.0005941188071211487,0.007237848344082594,0.00027641697785335333,a
test_3994.jpg,3.7707592249086426e-05,0.9998993414237975,4.006126085487876e-05,2.2870811193846832e-05,b
test_3995.jpg,0.0002057124526406315,0.011951183555250645,0.0006082431047449756,0.9872348551334381,d
test_3996.jpg,0.0006771689620055467,0.00027793904703708825,0.9974453745926666,0.0015994374512526214,c
test_3997.jpg,5.304270896376405e-05,0.00014418504227176174,0.9996838573250579,0.00011888323072451033,c
test_3998.jpg,0.0013630516847958295,0.0005434047639647308,0.9971199773410797,0.0009735652983589261,c
test_3999.jpg,2.4480833809415755e-05,0.9995914994621277,0.00035764896575317384,2.6313246809415753e-05,b
test_4000.jpg,9.044135816438145e-05,0.00010248348546956547,0.9997405532802581,6.655580940193571e-05,c
test_4001.jpg,0.0009391200205090553,0.0003375936345417148,0.9985792840015411,0.0001440187348993495,c
test_4002.jpg,7.107717463585269e-05,0.12471718916135788,0.87466096705513,0.0005507199180215055,c
test_4003.jpg,0.00017125933528592348,0.0012511508266823024,0.000767531057137674,0.9978100730724335,d
test_4004.jpg,1.2241875163134196e-05,0.9999004660049439,7.044712417491906e-05,1.6830661841388392e-05,b
test_4005.jpg,0.0005054478691723233,0.016175841443267346,0.059408526739545824,0.9239101693486023,d
test_4006.jpg,4.131038248243084e-05,0.00017692617255573185,8.745407592960878e-05,0.9996943516048431,d
test_4007.jpg,0.9950529619319916,0.0005869683760296374,0.00026201647293059736,0.004098103609945631,a
test_4008.jpg,7.153330795002234e-05,0.00021694425064550967,0.9996777188774109,3.378994081108987e-05,c
test_4009.jpg,4.036969241078099e-05,0.9997797620015716,0.00015966522118626697,2.018097907367701e-05,b
test_4010.jpg,0.08244087548292048,0.000840660864397192,0.0004370823644028489,0.9162813720745087,d
test_4011.jpg,0.00013155319716752825,0.00010245401020845399,0.0003155797163975364,0.9994503839492035,d
test_4012.jpg,0.9998287279388427,5.828467869060537e-05,8.546698940175868e-05,2.753173508060725e-05,a
test_4013.jpg,0.00015964396639703559,0.0001408853072644526,5.1426755982282036e-05,0.9996480610324859,d
test_4014.jpg,0.9998734613311768,5.572094034101468e-05,4.9173553878758266e-05,2.161037433034304e-05,a
test_4015.jpg,0.9950262013778687,0.0008473174069390088,0.0027677869821610807,0.0013587585440467224,a
test_4016.jpg,0.9994858841732025,0.0002828603630533427,0.00012721784270575815,0.00010405850674091563,a
test_4017.jpg,5.5717075312735556e-05,9.684428746136356e-05,0.999804704962616,4.2724199292451295e-05,c
test_4018.jpg,4.5385812174840964e-05,0.9996890341331481,0.00020340510182592243,6.215623545772873e-05,b
test_4019.jpg,0.00034574060336432604,0.9992722271022796,0.00031552200166847617,6.65255959281927e-05,b
test_4020.jpg,0.9990789590320588,0.0005029511223052427,0.00027839684370826334,0.00013971283549500777,a
test_4021.jpg,8.415634643018593e-05,0.0018292584344502538,0.0003129989212809816,0.9977736163848877,d
test_4022.jpg,0.0025463564523555637,0.0005967531169653558,0.0007130272007198513,0.9961439652186584,d
test_4023.jpg,3.9466302781139846e-05,0.0002916187211465499,0.0002376580046480559,0.9994312610103607,d
test_4024.jpg,2.1609674298151104e-05,0.0001233899384362501,0.9998390101478576,1.596381482562285e-05,c
test_4025.jpg,0.9996951505832672,0.00018090848482108578,8.105856774362758e-05,4.29016616589294e-05,a
test_4026.jpg,0.000133605482999567,0.00021688674821289942,0.00023222610821289942,0.9994172749113464,d
test_4027.jpg,8.480388730977408e-05,5.486046460151114e-05,0.9998308736134338,2.9364691015366864e-05,c
test_4028.jpg,7.154511701456539e-05,6.0116259222759155e-05,0.9998468451229858,2.144212333211114e-05,c
test_4029.jpg,2.5911603158313683e-05,0.0001795114634345165,6.603857475308202e-05,0.9997285598865508,d
test_4030.jpg,0.0001914003716036208,0.0002828404255422923,0.9994096752098847,0.00011609020092233957,c
test_4031.jpg,9.682395407943376e-05,0.00018089096426326083,0.0001243244308630389,0.9995979493846894,d
test_4032.jpg,0.0005893479641374856,0.00032038662349267305,0.9990612292076111,2.9065057585782934e-05,c
test_4033.jpg,0.0001215771194548519,0.9995378929759979,0.0003049883657541868,3.555957477428678e-05,b
test_4034.jpg,0.0005103776327432382,0.0011479131594351114,0.017956385610515595,0.9803853629679108,d
test_4035.jpg,0.00023203063603201003,0.00039148970927193553,0.0007595362768242374,0.9986169619598388,d
test_4036.jpg,0.00010966407889729947,0.9991233242546081,0.0006261772377692712,0.00014081145998037667,b
test_4037.jpg,0.007396190996787906,0.014823145798992157,0.006179206298255539,0.9716014985038757,d
test_4038.jpg,0.9997962108127594,5.8282781522391035e-05,0.00011613555257379867,2.9363665781341137e-05,a
test_4039.jpg,6.654970718710437e-05,0.0001408857202460377,0.0001408857202460377,0.9996517613186646,d
test_4040.jpg,0.00010970116704376846,9.605965964985512e-05,0.00033528114670951454,0.9994590393901825,d
test_4041.jpg,0.0003631298593930077,0.00017943244954620957,0.9992885276469421,0.00016888969454620958,c
test_4042.jpg,0.9999482036535645,2.018440321705814e-05,2.6322750033088422e-05,5.319425806022926e-06,a
test_4043.jpg,6.313770042066757e-05,4.1316834367770915e-05,0.999836777905655,5.8740882890162214e-05,c
test_4044.jpg,1.0129402548595027e-05,4.841908966752381e-05,0.999931864050293,9.534286059173684e-06,c
test_4045.jpg,2.322772452329339e-05,3.1442616602244844e-05,8.107271978681854e-05,0.999864233215332,d
test_4046.jpg,7.981001330048807e-05,0.9996860043418885,0.00019145402660061524,4.271916796409166e-05,b
test_4047.jpg,1.0578096247465136e-05,0.9998701222172546,8.547044854413397e-05,3.379636748788695e-05,b
test_4048.jpg,1.0972391066671717e-05,0.9998978377024841,7.542954784843162e-05,1.5718831031282425e-05,b
test_4049.jpg,0.5433395636629486,0.0011853378544766546,0.45125052159542084,0.004224565911690164,a
test_4050.jpg,0.011243872743339062,0.9820421526329041,0.002434239205901861,0.004279762272032356,b
test_4051.jpg,0.00034539166696869345,0.0005568073069686934,0.9989064974933624,0.000191303851465604,c
test_4052.jpg,0.0012519913696940243,0.9984435423579407,0.00023740214963229164,6.710997402534005e-05,b
test_4053.jpg,0.9988492440250396,0.00033507657336436067,0.0002957040701536143,0.0005199897025396675,a
test_4054.jpg,0.00010248050954951659,9.043873187885887e-05,0.9997109982719421,9.608387687885888e-05,c
test_4055.jpg,0.9992650009937286,0.0004662463160417917,0.00023322376215359332,3.554953402767086e-05,a
test_4056.jpg,0.9995899332733154,0.00012432291120363347,0.00011611105120363347,0.00016965964120363347,a
test_4057.jpg,1.9515527811702814e-05,0.00012434699520900668,7.981704759002392e-05,0.9997763034641266,d
test_4058.jpg,8.475584408387799e-05,0.0003155210576815066,0.00033521588768150657,0.9992645045753479,d
test_4059.jpg,0.9991830933311463,0.00014081771131339057,0.00023216915336375535,0.0004438937075076878,a
test_4060.jpg,0.00015099267390592425,0.001773571670057199,0.997112214131546,0.0009632498693704009,c
test_4061.jpg,2.5914472426532474e-05,7.154477385337688e-05,6.21655842754919e-05,0.9998403516490937,d
test_4062.jpg,0.0005985630580421209,0.00024951821230403634,7.536614533483946e-05,0.9990765509010315,d
test_4063.jpg,0.0001390840129942625,0.0001729419217451468,0.9995571379070283,0.0001308072328583329,c
test_4064.jpg,0.007232558399640918,0.0011694157369696618,0.9911900186565399,0.0004080330376951247,c
test_4065.jpg,0.4987343640334259,0.00031427232710609166,0.5007089286771017,0.0002424854011846736,c
test_4066.jpg,0.9998497447525024,7.98230147456336e-05,5.143713315619717e-05,1.8922662207645804e-05,a
test_4067.jpg,0.9997837539051055,8.106603122219128e-05,9.684214442028818e-05,3.8292882748934014e-05,a
test_4068.jpg,0.9998335559150695,9.684719800659515e-05,5.486057665758258e-05,1.4736744921910347e-05,a
test_4069.jpg,2.9365946025064703e-05,6.314022521446843e-05,3.3275973746406596e-05,0.9998741657035828,d
test_4070.jpg,0.00013364782921098352,7.483150672588714e-05,0.9997284115979004,6.313077222588713e-05,c
test_4071.jpg,4.0373475856258695e-05,0.9998714914016724,6.216755187935739e-05,2.591529402306358e-05,b
test_4072.jpg,7.152418572380396e-05,0.9995611915618896,0.00026318463007187637,0.00010406707592958494,b
test_4073.jpg,5.744613785047915e-05,0.999792394021225,0.000131598158692812,1.8563665222026154e-05,b
test_4074.jpg,0.00010246830958081916,0.9995939530590057,0.0002631939495214215,4.0362099901738375e-05,b
test_4075.jpg,7.541416944930673e-05,0.99969360729599,0.00017950518069059164,5.142909891227232e-05,b
test_4076.jpg,0.02672249620623684,0.009491686435799122,0.023921237432528497,0.9398645474555969,d
test_4077.jpg,0.9987122699871063,0.0003350306350807643,0.0008036967494577556,0.00014895932520766705,a
test_4078.jpg,2.4488409726898494e-05,4.339668139409362e-05,3.327679602088782e-05,0.9998987295410156,d
test_4079.jpg,0.999584487461853,0.00014087625974253668,0.0001914342015885584,8.317909634251864e-05,a
test_4080.jpg,0.0008830514845274388,0.035647367229617595,0.9630795709318543,0.0003900166043247524,c
test_4081.jpg,0.0002454861390910163,0.0011519895786876798,0.0002978398814873979,0.9983045907402038,d
test_4082.jpg,0.039480148226268004,0.9596736712252807,0.0006033021500517458,0.00024283991672516942,b
test_4083.jpg,5.1428462014717374e-05,0.00010887405384715391,0.00015841081019990028,0.9996812321798706,d
test_4084.jpg,0.9997457872116852,0.00011612971007439732,0.00012337843507439732,1.473545192415226e-05,a
test_4085.jpg,3.379436814616005e-05,8.106847607918094e-05,7.542312961004839e-05,0.9998097903247833,d
test_4086.jpg,0.0024235087688710094,0.0031860292397099138,0.9697024841655731,0.024687992467378142,c
test_4087.jpg,0.00026841355648852107,0.0002909014014885211,0.9974776195934296,0.001963055560077348,c
test_4088.jpg,8.545640276425151e-06,0.9999362234448242,4.037609862080546e-05,1.485353661433462e-05,b
test_4089.jpg,0.000860024390620023,0.05699688554289341,0.007605109273923159,0.9345379697731018,d
test_4090.jpg,1.7811437026349702e-05,0.9998784168205261,8.480791853960149e-05,1.8923205026349707e-05,b
test_4091.jpg,0.0032701478698096277,0.9960767859352112,0.0005679278499695585,8.512412377149257e-05,b
test_4092.jpg,0.9997724270458221,0.00014090308118979783,7.043803298845105e-05,1.6255298429693883e-05,a
test_4093.jpg,0.003002035087508464,0.018764525620007036,0.9594999213558197,0.018733492933414937,c
test_4094.jpg,0.0002784483367919207,0.00029814172179192064,0.9992743356052398,0.00014904265298057348,c
test_4095.jpg,0.9999551191415406,1.4853819029656448e-05,1.596566402965645e-05,1.408964884830101e-05,a
test_4096.jpg,3.645873287500384e-05,0.9997565931793213,0.00011230079690858886,9.470822269135165e-05,b
test_4097.jpg,0.9994967170028686,0.0003352937953399861,9.954838723596372e-05,6.841853992850229e-05,a
test_4098.jpg,0.999790252138443,0.0001315979995751275,4.272361378552427e-05,3.541911801680483e-05,a
test_4099.jpg,0.00023221337353487192,0.9993577008499146,0.0003352471534873629,7.480375773706384e-05,b
test_4100.jpg,0.00019131140065494493,0.0004050062566980982,0.00045893221751627084,0.9989447218437195,d
test_4101.jpg,0.0006308735168860525,0.0003826470473728624,0.9988071441204072,0.0001793460028652267,c
test_4102.jpg,0.049294780678492786,0.945832843106842,0.00426675391777755,0.0006056134510385215,b
test_4103.jpg,5.485357554690931e-05,0.0001315868087611556,0.00010887661048121989,0.9997046751091003,d
test_4104.jpg,1.1567596629524183e-05,0.9999061222836303,6.656692548677307e-05,1.571898297857459e-05,b
test_4105.jpg,0.9991665995891571,0.00020489008836764187,0.00024570367336764187,0.0003827815228332645,a
test_4106.jpg,0.0001785224423446965,0.0002374396636823672,0.00034547269130624563,0.9992385937789917,d
test_4107.jpg,0.0004047736592514348,0.0007145481951837433,0.9983609638022614,0.0005197334397368764,c
test_4108.jpg,0.4832464300920868,0.008146410339015246,0.48462211498641966,0.023985020803591252,c
test_4109.jpg,3.293201187217943e-05,0.9989555752982331,0.000458938039772346,0.0005525067002708584,b
test_4110.jpg,6.215163724268903e-05,0.00013157502487081766,0.0001914405291115029,0.9996148269973755,d
test_4111.jpg,0.997387689667511,0.000597506282547678,0.000262595768723914,0.0017522997654778778,a
test_4112.jpg,0.00010885766472132539,0.00016893146076600642,0.9995307308624268,0.00019142439251428113,c
test_4113.jpg,5.183406702072408e-05,0.00012337833256355747,7.981468562192067e-05,0.9997450007228852,d
test_4114.jpg,0.9995217342906952,0.00016892945887309448,0.00019142215734439016,0.00011791924995009482,a
test_4115.jpg,0.00013363491572867544,0.00010247227107714973,0.00013157699907672822,0.9996323299404144,d
test_4116.jpg,0.9995473322434234,0.0001408711884633215,0.0002457973730750224,6.602660346392557e-05,a
test_4117.jpg,0.00031537892749524776,0.9988233115077972,0.00026298714586578815,0.000598411734806639,b
test_4118.jpg,0.9997989654865265,0.0001315990954140836,5.183675250735681e-05,1.7642184528617014e-05,a
test_4119.jpg,0.00026301045581883433,0.0007684432599952041,0.9989138010253906,5.480955051399643e-05,c
test_4120.jpg,6.50910259601688e-05,0.000112299187153785,8.106218492292516e-05,0.9997415109523773,d
test_4121.jpg,6.830107259243061e-06,0.9999235349571228,5.184327661917209e-05,1.781223067873747e-05,b
test_4122.jpg,0.9997214038166047,8.479460628712081e-05,0.0001315889522082199,6.215821650356636e-05,a
test_4123.jpg,4.4001432132221e-05,0.00020336137917410807,0.000278504785130887,0.9994741461803436,d
test_4124.jpg,0.0001336529151912398,7.043753419749737e-05,0.9997660508362579,2.9821995811817457e-05,c
test_4125.jpg,2.6026078193585983e-05,0.9998730385429382,6.314005966549105e-05,3.7706555289109475e-05,b
test_4126.jpg,4.271195031347499e-05,0.00026113225381798146,0.00017947341617960183,0.9995166668632507,d
test_4127.jpg,0.9994865977244568,0.00021690250892357455,0.00026112439938049314,3.5339348086582136e-05,a
test_4128.jpg,0.00015961767271861985,0.00014086209432395726,0.9994897581737519,0.00020974829612737238,c
test_4129.jpg,0.0003794099157322958,0.009163772457545233,0.0004871719856648192,0.9899697055316925,d
test_4130.jpg,9.180878369647525e-05,0.0004439239655109897,0.00021684889970288322,0.9992473444979859,d
test_4131.jpg,9.041863445743368e-05,0.00029589359598369716,0.00012431137475546404,0.9994894430866241,d
test_4132.jpg,2.144437974380565e-05,1.571969488778379e-05,0.9999520101188659,1.0803978075938049e-05,c
test_4133.jpg,0.0006234149329291016,0.0021759320683575273,0.9947158393344879,0.002484846644083321,c
test_4134.jpg,2.448462512836305e-05,0.9997461420236968,0.0001809182621247515,4.841001830499413e-05,b
test_4135.jpg,0.9998213326596069,7.982066381708052e-05,8.106927185348645e-05,1.781039725510321e-05,a
test_4136.jpg,4.0057018646160055e-05,0.9997934703247833,9.609180057918094e-05,7.043960211004839e-05,b
test_4137.jpg,0.9997622239078522,7.043739892406716e-05,0.0001398083826499863,2.75299037269406e-05,a
test_4138.jpg,0.00021693372193614497,5.484943598784011e-05,0.9996313887073517,9.682744703216153e-05,c
test_4139.jpg,2.8397893307685286e-05,0.9998798396820068,7.154756454628512e-05,2.01830052996337e-05,b
test_4140.jpg,0.00020033146508668796,0.00037426847614628465,0.00042410175786994396,0.9990013204559326,d
test_4141.jpg,2.4484637638631896e-05,0.999747868278885,0.00010973252874438107,0.00011794605874438108,b
test_4142.jpg,0.9998138982318878,0.00010974005436192497,5.4859488760044086e-05,2.1483284788262695e-05,a
test_4143.jpg,0.9968071381626129,0.0005306023639889851,0.0024697959675044744,0.0001924746358950015,a
test_4144.jpg,0.00029733403037734805,0.0027585215833142163,0.9966756106468201,0.0002685079903773481,c
test_4145.jpg,7.980987581887774e-05,0.0001024779086589727,0.0001315842473581806,0.9996860909343719,d
test_4146.jpg,0.9994814625751496,0.0001315575939565629,0.00035760991373030035,2.93544107629565e-05,a
test_4147.jpg,9.895625574050837e-05,0.998316829782486,0.0005980911620914698,0.000986085542030564,b
test_4148.jpg,2.774362476214414e-05,0.0001689608924602066,9.683476263137511e-05,0.9997065269794464,d
test_4149.jpg,0.23157616130840303,0.17068096012466433,0.013601136872599602,0.5841417839828491,d
test_4150.jpg,9.043761641148895e-05,0.999700456676712,7.541439830915348e-05,0.00013364402418244057,b
test_4151.jpg,0.0010455761039224148,0.5582350348035812,0.4361384285236359,0.0045809970694410795,b
test_4152.jpg,0.001276984119743209,0.9676486532886506,0.030930469051981355,0.00014384521544220106,b
test_4153.jpg,0.9996939595146942,0.0001179398447233566,0.00013158517199501738,5.651135862752321e-05,a
test_4154.jpg,0.99651074739151,0.0019386834360749245,0.001410141567454207,0.00014043774788668364,a
test_4155.jpg,0.988140522164917,0.010062671457330703,0.0010487923759006888,0.0007480760006375522,a
test_4156.jpg,3.1198528421875574e-05,0.999860345844574,8.480639030724666e-05,2.365344686487409e-05,b
test_4157.jpg,3.8845639289109475e-05,0.9998469885429382,3.4281156193585985e-05,7.982280666549105e-05,b
test_4158.jpg,3.5630213439071446e-05,4.841716342984906e-05,0.9998926470748901,2.3228433594360905e-05,c
test_4159.jpg,0.4974981891667328,0.0019563850469779195,0.008380023192037522,0.4921653772184676,a
test_4160.jpg,0.9998839631683349,7.044594173905954e-05,3.8296875566781405e-05,7.270319341912907e-06,a
test_4161.jpg,7.042561385479689e-05,0.0002959249546322539,0.9995954036838531,3.8285829378113595e-05,c
test_4162.jpg,0.29706527946084144,0.6819284842569733,0.0196903215484519,0.0013158976329190968,b
test_4163.jpg,0.00013362700980999135,0.00022031367355074063,0.9995795496929931,6.654464960218281e-05,c
test_4164.jpg,0.009306630441082835,0.001385767117158851,0.9879100941295624,0.0013975111691726088,c
test_4165.jpg,0.0007546151742500514,0.9962766746089935,0.0028200905032203915,0.00014859974678461344,b
test_4166.jpg,0.005370190022168982,0.0006275175535866099,0.0002291242046262969,0.9937731626651765,d
test_4167.jpg,0.000870209902621609,0.00029784362624970227,0.0005278089668716824,0.9983041290401459,d
test_4168.jpg,0.9898969472354888,0.0011679674389886558,0.0026575006796783567,0.006277604283866263,a
test_4169.jpg,1.7811569825885217e-05,0.9998865722380066,7.542870294672044e-05,2.018315279619469e-05,b
test_4170.jpg,3.535459735568769e-05,3.7708296884299885e-05,0.9999178663533019,9.008970207184258e-06,c
test_4171.jpg,0.9990244288551331,0.0005029111635254473,0.0002630386611332464,0.000209644552559506,a
test_4172.jpg,0.7516026894077301,0.21903546381832123,0.02037347075398159,0.008988367393515587,a
test_4173.jpg,0.00582431678539114,0.9911526716976928,0.002525725129131365,0.000497344767108959,b
test_4174.jpg,0.9998373552169799,7.542491479073138e-05,6.216539818864896e-05,2.5060000484988823e-05,a
test_4175.jpg,2.321922234976416e-05,0.9995051617623139,0.00043389405127516894,3.769259477738026e-05,b
test_4176.jpg,0.00015811033200882526,0.00035700280699808775,0.001699846511061716,0.9977850619663238,d
test_4177.jpg,0.9996712203136444,0.00013778646093738075,0.00015613251715714633,3.483787480483495e-05,a
test_4178.jpg,0.001163192426876247,0.0047381423760903,0.9934347169433594,0.0006639793229321003,c
test_4179.jpg,0.0007311465170367539,0.00018499066872646093,0.9989524187844085,0.00013148492047385186,c
test_4180.jpg,0.06737966442069397,0.0006537157196768224,0.9308062770034791,0.00116030863027328,c
test_4181.jpg,2.7748966176724495e-05,4.5750307446008845e-05,0.9998971275642394,2.9366627676724493e-05,c
test_4182.jpg,0.00015828077349173308,0.0005984345906173407,0.9988605938369751,0.00038265854623091425,c
test_4183.jpg,7.48197851238539e-05,0.00027853202346143723,7.48197851238539e-05,0.999571802640152,d
test_4184.jpg,5.4643567115976266e-06,0.9999439697470093,4.273020920271829e-05,7.888882419979592e-06,b
test_4185.jpg,1.0803351532653421e-05,0.9998941424011231,7.484391346222974e-05,2.0183319188019707e-05,b
test_4186.jpg,3.770628807672134e-05,5.486233038881184e-05,4.272683957672134e-05,0.9998646990074158,d
test_4187.jpg,2.017525545923712e-05,0.9994996426387787,0.00015961940913394168,0.00032052850810371193,b
test_4188.jpg,0.06110380551854133,0.0013854941342532302,0.9373685822597504,0.0001420762689607027,c
test_4189.jpg,0.0005974462535042286,0.9469602574581146,0.04746103654961109,0.004981272001995802,b
test_4190.jpg,2.1444399619152002e-05,2.0184506622111123e-05,0.9999529618164062,5.421993129171902e-06,c
test_4191.jpg,0.000216923211857225,5.142338523908737e-05,0.9995825288234711,0.00014908899991568432,c
test_4192.jpg,0.99988971798172,5.572189227548878e-05,4.574993339041251e-05,8.769723479152867e-06,a
test_4193.jpg,1.5719246203309675e-05,0.99992363409729,4.841868933688016e-05,1.2242166467962986e-05,b
test_4194.jpg,3.562720318202272e-05,7.542278664028391e-05,7.981969512025945e-05,0.9998090558929443,d
test_4195.jpg,8.545449609092253e-05,0.00011793869896932207,0.9996869153980255,0.00010972573896932206,c
test_4196.jpg,0.00467429292135501,0.3115588230611324,0.6833321602136231,0.0004347769496772841,c
test_4197.jpg,1.300572159990956e-05,0.9998788187973022,7.484276502359941e-05,3.327615658779912e-05,b
test_4198.jpg,0.9998767346115112,4.272733173914063e-05,5.828747834105283e-05,2.222071515077354e-05,a
test_4199.jpg,4.538934406179946e-05,0.00015842437191154897,0.9997668371868134,2.9362816421276353e-05,c
test_4200.jpg,0.9997200730480194,0.00012433984589979932,9.683596850586496e-05,5.873398458268646e-05,a
test_4201.jpg,0.9989899108622742,0.00043366777864103467,0.000298055181518434,0.00027836828651843395,a
test_4202.jpg,0.0011016586933279009,0.9855818132833862,0.013103050979507327,0.00021346809041668892,b
test_4203.jpg,9.604276914032572e-05,0.0003575395942325279,0.0002631132625034116,0.9992832924797058,d
test_4204.jpg,0.0004051458247420573,0.0002168589181472236,0.9992876353730011,9.040024690832482e-05,c
test_4205.jpg,0.9997444561389923,7.541763267695968e-05,8.106262567695967e-05,9.910430272384651e-05,a
test_4206.jpg,0.0001671802971032436,0.03921065804073453,0.0013599439846280633,0.9592621984790801,d
test_4207.jpg,7.151687882299141e-05,0.9994517270539856,0.0003799205422535339,9.681009023396246e-05,b
test_4208.jpg,1.7808682849537432e-05,0.0001689637594657482,9.043978682403997e-05,0.9997228391884613,d
test_4209.jpg,0.00021745577488686471,0.001169552807549565,0.9982462227940369,0.0003668239467657816,c
test_4210.jpg,0.9980453467380523,0.000443323269966439,0.00019410328102683008,0.0013172746692536104,a
test_4211.jpg,0.0001088389343989192,0.00021687449539970426,0.0003155505391455647,0.9993587067070007,d
test_4212.jpg,0.000202868128523902,0.0026769662688433528,0.9970498987010956,7.0244128496744e-05,c
test_4213.jpg,2.4489138905663964e-05,3.14446773656917e-05,0.9999281055847168,1.5965224913336287e-05,c
test_4214.jpg,3.3276377452591126e-05,7.04460625286278e-05,0.9998850800524902,1.1173371229055674e-05,c
test_4215.jpg,5.1426554993121886e-05,0.0002829077857905048,0.9996441838939667,2.1437777848291327e-05,c
test_4216.jpg,0.0012920531449406624,0.9038715979717254,0.011950389235527228,0.08288597591416168,b
test_4217.jpg,0.0002828127968009883,0.0002981531118009883,0.9993165644371033,0.00010243954389721542,c
test_4218.jpg,0.9996816495285035,0.00013158383829921678,0.00014910395829921677,3.769938281054031e-05,a
test_4219.jpg,0.00038294861545919406,0.015605521116202205,0.9837791301540375,0.0002324281504086998,c
test_4220.jpg,8.93908586705879e-06,2.2871350658027576e-05,4.5396424720231746e-05,0.9999227414459229,d
test_4221.jpg,0.0004068655918618277,0.00017685385134515017,0.9993202336769105,9.604631759312847e-05,c
test_4222.jpg,0.0005232924038590059,0.000708346302415362,0.009131825521411419,0.989636583366394,d
test_4223.jpg,9.534005850653008e-06,0.9999026049819946,7.484454589808926e-05,1.300603121845058e-05,b
test_4224.jpg,2.3227300615469596e-05,4.574789252619152e-05,8.546832048390945e-05,0.9998455339839172,d
test_4225.jpg,0.0013655604490493715,0.0003373891663002044,0.9979923651183319,0.00030469771393902675,c
test_4226.jpg,2.5058190853408147e-05,0.9997689109523773,0.00018092223905139996,2.5058190853408147e-05,b
test_4227.jpg,0.00016328432157157002,0.0003630528954476201,0.00038274696275257406,0.9990910014125061,d
test_4228.jpg,0.0023049800280176996,0.019881844736544134,0.9740128881732941,0.0038002697045434715,c
test_4229.jpg,0.0023260389134148836,0.000551410658744961,0.9969738404911042,0.00014869868891680582,c
test_4230.jpg,9.82229221045334e-06,0.9999059455169678,5.4864581662242035e-05,2.9366895274442322e-05,b
test_4231.jpg,4.2723995555940255e-05,0.00014090675785710633,0.999797460930252,1.8921672764573757e-05,c
test_4232.jpg,0.00010247142628261067,0.00017949232983175306,9.607532428261067e-05,0.9996219873222352,d
test_4233.jpg,1.9517202123458632e-05,0.9998611786341858,8.546965171626427e-05,3.379604452812102e-05,b
test_4234.jpg,0.001840983758015722,0.00017913689818248362,0.9976425756407166,0.0003372737706604838,c
test_4235.jpg,1.0803904825938047e-05,3.563212494876928e-05,0.999945640118866,7.9506023327821e-06,c
test_4236.jpg,0.0001088604340222203,0.00020337806273351206,0.00013156722620904354,0.9995561248256684,d
test_4237.jpg,0.006679207043281555,0.001490332517734021,0.9912822123275757,0.0005482627305860722,c
test_4238.jpg,0.00010821074023634226,0.00037412877975020857,0.00082822849264099,0.998689471357193,d
test_4239.jpg,1.4852336114054067e-05,0.9998597557975769,7.044423955584913e-05,5.486202805318112e-05,b
test_4240.jpg,3.769996307150186e-05,0.00020340666545998843,6.215671987582137e-05,0.9996967409233093,d
test_4241.jpg,0.0002880911367184585,0.009649716306504578,0.9898549011135864,0.00020729608801889793,c
test_4242.jpg,0.9992676272460937,0.00045908112920032445,0.0002457284003262296,2.7569964857913546e-05,a
test_4243.jpg,3.143580166284222e-05,0.9996479101104736,0.0001809005322271216,0.0001397923988755825,b
test_4244.jpg,0.9957711993119049,0.0010973436163666964,0.0007543086782928854,0.0023771234898218516,a
test_4245.jpg,0.9995249992118835,0.00011610406448174358,0.0001794749081496097,0.0001794749081496097,a
test_4246.jpg,1.2422639619503359e-05,0.0009110039392605686,0.9990371160391998,3.945246112780451e-05,c
test_4247.jpg,9.044832125370265e-05,3.770446916277945e-05,0.9998169693115234,5.4859681331666146e-05,c
test_4248.jpg,8.546852215742201e-05,4.037246924965743e-05,0.999847846472168,2.632004262000851e-05,c
test_4249.jpg,8.479817191588856e-05,0.00010248586722245797,0.9997634877909087,4.9168204296364115e-05,c
test_4250.jpg,0.00026301804045469613,0.00026301804045469613,0.9989517633255005,0.0005222231869832748,c
test_4251.jpg,0.00027851300459005504,7.539963342845067e-05,0.999505222598648,0.00014086505017758385,c
test_4252.jpg,0.9997578253496551,8.479769170268602e-05,0.00010248532516361571,5.485644063875791e-05,a
test_4253.jpg,0.44676381626434325,0.5370741812259674,0.013631942495855809,0.002530121451014936,b
test_4254.jpg,0.9998593798202515,6.656369643127263e-05,5.5720142026752496e-05,1.833467618324174e-05,a
test_4255.jpg,0.013770546367824078,0.0011567209759882331,0.004273926611001325,0.9807988244441986,d
test_4256.jpg,0.9993007200370789,0.00020332608842546523,0.0003798631654406756,0.00011607800509753749,a
test_4257.jpg,7.542116632048012e-05,0.9997875680452728,0.00011613447622954436,2.087254068128099e-05,b
test_4258.jpg,0.0008524877566179276,0.007216060377325535,0.0031718748006242872,0.9887596396709442,d
test_4259.jpg,0.0002496135542927662,0.00021689190429276614,0.9994416472351074,9.182769679573767e-05,c
test_4260.jpg,3.095348023802799e-06,0.9999385948631286,4.682307366522265e-05,1.1478195362461621e-05,b
test_4261.jpg,0.00015141089396079405,0.00023225083108933644,0.999524521754074,9.183536149027472e-05,c
test_4262.jpg,0.999309172348404,0.00015958963948081687,0.00015137900507555783,0.0003798663686664218,a
test_4263.jpg,0.3400577550057772,0.6584390100402833,0.0008547964912320257,0.0006484580684363514,b
test_4264.jpg,3.535187171885089e-05,0.9998407272407532,7.982229044006326e-05,4.401758820010114e-05,b
test_4265.jpg,3.7676825705820486e-05,0.9990898987058259,0.0008102792781303167,6.211858619469587e-05,b
test_4266.jpg,0.0009863187929051668,0.0002825850701839817,0.9985398641231538,0.00019123170446001456,c
test_4267.jpg,2.286830119193253e-05,0.9997898211154937,0.00010248861716524453,8.480040385728971e-05,b
test_4268.jpg,0.9999268671661377,2.9826926868132296e-05,3.563143603206206e-05,7.679653992694528e-06,a
test_4269.jpg,1.571840436388249e-05,0.9998700614486694,8.480721300268234e-05,2.9365847513410452e-05,b
test_4270.jpg,7.480075686860241e-05,0.0004915735725091949,0.00011607952561880537,0.999317556474762,d
test_4271.jpg,0.9996535823291779,7.37513073195251e-05,0.0002322811582117389,4.0363952633622126e-05,a
test_4272.jpg,4.005804297069108e-05,0.9998190999515533,7.48382952021668e-05,6.604455060197934e-05,b
test_4273.jpg,0.9997871533715057,0.00012338352749851838,7.043914114281133e-05,1.906947802996092e-05,a
test_4274.jpg,2.4298038635777476e-05,0.9998850679595948,7.48432342695649e-05,1.571864177032088e-05,b
test_4275.jpg,7.98148679942625e-05,0.00010408731174514681,0.9997494829070281,6.655630285833293e-05,c
test_4276.jpg,0.0001715666452294597,0.9994987511043549,0.0002631679339928717,6.653927740707475e-05,b
test_4277.jpg,1.0803887971414888e-05,3.6466051197737645e-05,0.9999432038871765,9.534397594014738e-06,c
test_4278.jpg,7.482715354683296e-05,0.0001233691093360141,0.00013158224433601408,0.9996702662730408,d
test_4279.jpg,3.119737793882805e-05,7.044171270216681e-05,7.483862270216681e-05,0.9998234799515533,d
test_4280.jpg,0.00016895675921202793,5.8731824428878603e-05,0.9996819326927184,9.043603492221827e-05,c
test_4281.jpg,0.9996728948768616,0.00020340181176870897,0.00010407955054091192,1.960568556777956e-05,a
test_4282.jpg,3.201287888156947e-06,0.9999060646087646,8.107620712993085e-05,9.683171877783258e-06,b
test_4283.jpg,0.00030498704870785193,0.0005199872854948443,0.000335073475675852,0.9988399574436188,d
test_4284.jpg,9.822632371444966e-06,0.9999406333052063,3.563195045626732e-05,1.387241961877634e-05,b
test_4285.jpg,4.036402794444256e-05,0.9996363597869873,0.00026116354085366515,6.215297959525578e-05,b
test_4286.jpg,0.9997125586921691,0.00017160426835567119,9.683513154511698e-05,1.8920065513352157e-05,a
test_4287.jpg,0.9998579636576843,8.546938823126034e-05,4.339485387264017e-05,1.3107154247119665e-05,a
test_4288.jpg,0.9998289659150696,7.542428013221487e-05,7.542428013221487e-05,2.0181980225412682e-05,a
test_4289.jpg,0.9832371467204284,0.0013717877806258977,0.0150737226985673,0.00031737664031149823,a
test_4290.jpg,6.604611935348646e-05,4.841478331055745e-05,0.999842752659607,4.272589576995719e-05,c
test_4291.jpg,8.413991527246195e-06,0.9999334115150451,4.006262678601106e-05,1.80910894346645e-05,b
test_4292.jpg,0.999356777640152,0.0004242660734614372,9.18178401238539e-05,0.0001271138501238539,a
test_4293.jpg,7.042025390899614e-05,0.00014907967040110007,0.00026113296719548556,0.9995194086064147,d
test_4294.jpg,1.5212362381928057e-05,0.9998593920071411,7.044423084680282e-05,5.486202404291228e-05,b
test_4295.jpg,0.0001913968502021052,0.00023041848954089255,0.00019139685153075605,0.9993867937072753,d
test_4296.jpg,0.9982527796237183,0.0010171050814673304,0.0005911926680930138,0.00013885539576494036,a
test_4297.jpg,0.9908412999331665,0.00857245661299181,0.0003431087680385873,0.0002431819009121342,a
test_4298.jpg,2.2116799541446176e-05,0.9999009965177917,5.8744752251284795e-05,1.8090458971475356e-05,b
test_4299.jpg,4.575080469440585e-05,2.75339069564825e-05,0.9999076095161439,1.90717728450375e-05,c
test_4300.jpg,5.8282043003238755e-05,5.5715978243624456e-05,0.00010248791285652397,0.9997835174176788,d
test_4301.jpg,2.429489090566457e-05,0.0001233796349599704,9.683968056470722e-05,0.9997555507450104,d
test_4302.jpg,0.2582197395462418,0.7408567685077667,0.0003979416236068174,0.0005255795836735368,b
test_4303.jpg,0.8400239935092926,0.10518678854032898,0.0044311595052195785,0.05035803250629592,a
test_4304.jpg,0.00014884287548087372,0.0008093411750002564,0.0010998083992806494,0.9979420610733032,d
test_4305.jpg,0.0001121916559708526,0.00020973903038719191,0.00022028421400062262,0.9994578042658233,d
test_4306.jpg,7.043959492873661e-05,8.480070028345137e-05,0.9997933499764251,5.143422983557897e-05,c
test_4307.jpg,0.00014907150815464778,0.0002457773607315917,0.0001397668731546478,0.9994653613296509,d
test_4308.jpg,0.0002564440435954149,0.0025166431151562355,0.0006287129076188612,0.9965981813594817,d
test_4309.jpg,0.0001408438236749065,0.000269287395922904,0.00023041218023527965,0.9993595007946015,d
test_4310.jpg,0.026110855772914887,0.9726285968273163,0.0009895312340352388,0.0002709642438544199,b
test_4311.jpg,0.00018511487059082567,9.1838099056044e-05,0.0001689346301089503,0.9995541270664978,d
test_4312.jpg,0.00013196740826074003,0.0011783507794520653,7.531581469686445e-05,0.9986143108272553,d
test_4313.jpg,0.8354050818450165,0.0034809140281534196,0.0008090381821118503,0.1603049607115841,a
test_4314.jpg,0.0005893649649842674,0.00023214951398554295,0.9990881180450439,9.038204865698613e-05,c
test_4315.jpg,0.00045903011199839203,0.0001688677307828182,0.0002168311626431127,0.9991553362880707,d
test_4316.jpg,0.0005523318448646336,0.00021671579475810034,0.000591577137282145,0.998639404410553,d
test_4317.jpg,5.18404312748426e-05,0.9995500270458222,0.0003137843721940759,8.435729569920726e-05,b
test_4318.jpg,0.999755471951828,0.00014419714551104358,7.718317418090753e-05,2.3225044759846534e-05,a
test_4319.jpg,6.21657472214119e-05,6.21657472214119e-05,0.9998423402404786,3.3274926531818655e-05,c
test_4320.jpg,0.9997040253883362,0.0001161248593854019,0.0001398002477583848,4.00534356109539e-05,a
test_4321.jpg,0.42585697574619297,0.004435868019920015,0.14385022219129084,0.42585697574619297,a
test_4322.jpg,0.0179621202390275,0.0055301592238096,0.0029600809686704758,0.9735476096256256,d
test_4323.jpg,0.9669979194327545,0.01667439555981207,0.0009386583517657667,0.015388993747590065,a
test_4324.jpg,0.0001795031979093358,0.9996825440861512,7.482807289939969e-05,6.312816570876761e-05,b
test_4325.jpg,2.9365165632236975e-05,5.143702204152687e-05,7.15453448116317e-05,0.9998475854492188,d
test_4326.jpg,0.002092954253031838,0.0015401602364208938,0.002790751071632171,0.9935761367583466,d
test_4327.jpg,0.00011613232607355527,3.534932328967501e-05,0.9997686668605805,7.981650433851681e-05,c
test_4328.jpg,9.608442495432601e-05,0.9997167285373687,0.0001596552821741934,2.7528650316345992e-05,b
test_4329.jpg,0.9996128974673462,0.00022715897557537735,0.00012432569222066048,3.561990535007657e-05,a
test_4330.jpg,2.936749828435534e-05,4.13207143013464e-05,0.9999255543765259,3.7263757787843098e-06,c
test_4331.jpg,0.9982268103740692,0.0011173013013137728,0.0004872297860338065,0.00016870877622296438,a
test_4332.jpg,4.538650315568868e-05,0.00020499873084485812,0.9997042154823303,4.538650315568868e-05,c
test_4333.jpg,0.0007995449938366652,0.9935531405731202,0.004983262134843063,0.0006641011128038913,b
test_4334.jpg,0.8859928225219726,0.0009768673909308922,0.112812321620615,0.000217968569989665,a
test_4335.jpg,1.6827233125986048e-05,0.00010247923482995785,0.0001809098119410543,0.9996997329097748,d
test_4336.jpg,0.9996790016780853,0.00010972501130249315,0.00014088969577904403,7.043140179807022e-05,a
test_4337.jpg,5.300979487664398e-05,0.0001769281393047115,0.9997099699985504,6.006796288266562e-05,c
test_4338.jpg,0.00019145206666993335,9.043559830440089e-05,0.9996753988082886,4.271874925088912e-05,c
test_4339.jpg,9.609104085652396e-05,6.655884900323876e-05,0.9997855324176788,5.183608324362446e-05,c
test_4340.jpg,0.00015965396069059164,7.981168144930673e-05,5.1429893412272316e-05,0.99970904229599,d
test_4341.jpg,0.9074586993408202,0.028050335229478834,0.010259245273917198,0.05423169484255791,a
test_4342.jpg,0.9993236943237305,0.0003590643020387134,0.0002457404763943842,7.150596660922712e-05,a
test_4343.jpg,0.00849716372114396,0.0007237147357128638,0.9892476599025726,0.001531436783475849,c
test_4344.jpg,0.9968922243896484,0.001062172069170487,0.0007300194702666992,0.0013155740071140619,a
test_4345.jpg,0.00015959791987951383,0.00033786773455656287,0.00014905516487951384,0.9993534669074249,d
test_4346.jpg,7.043769447625222e-05,0.00012434595335463302,0.9997675546764373,3.7702579451295397e-05,c
test_4347.jpg,8.106418746516586e-05,0.00012434495890630484,3.3466988754012545e-05,0.9997611021425629,d
test_4348.jpg,0.000569184686640364,0.00029770911912397176,0.001265567270484209,0.997867552333908,d
test_4349.jpg,0.9866634289931488,0.012768723067543125,0.0005134004334718353,5.440303706806593e-05,a
test_4350.jpg,0.9993754719753265,0.0004563846081284847,0.00013464845409782313,3.353860568205068e-05,a
test_4351.jpg,2.2871184742705747e-05,5.486510801203798e-05,0.9999153024232483,6.96171493706094e-06,c
test_4352.jpg,6.65526589352605e-06,0.9999245900497437,4.9176132907608386e-05,1.951847090051615e-05,b
test_4353.jpg,3.5627657914948544e-05,0.9998204981254577,0.00011613837950435996,2.7746905414948546e-05,b
test_4354.jpg,0.007599275544935846,0.0015920432098948478,0.9905327126792908,0.00027591998332856626,c
test_4355.jpg,0.0002027306313681738,0.0006244542946045489,0.9963741949268341,0.002798610383440447,c
test_4356.jpg,0.00011661955791928217,0.00012724738913525238,0.9997148823941803,4.128444492453135e-05,c
test_4357.jpg,3.5280351241735137e-06,0.9999389062123107,4.272998908112095e-05,1.4853582657366409e-05,b
test_4358.jpg,8.479120529771726e-05,0.00014910386620092795,8.479120529771726e-05,0.9996813559468078,d
test_4359.jpg,0.9998250807422637,7.483874178823039e-05,7.982103743805505e-05,2.018191856560797e-05,a
test_4360.jpg,0.00216338974535417,0.43537527963165285,0.0020187134453541694,0.5604426010913849,d
test_4361.jpg,0.0004911477237592027,0.00023200175859096423,0.9984670824905395,0.000809765740822081,c
test_4362.jpg,0.000390365296275413,0.0035910655048565863,0.9957029318702697,0.0003157192031628339,c
test_4363.jpg,2.935339952079141e-05,0.00016891648761237219,0.00035759622022028413,0.9994441663337708,d
test_4364.jpg,2.049871262710774e-05,0.9998782826568604,8.547117603191185e-05,1.571852065899239e-05,b
test_4365.jpg,0.9994963720484924,0.0003155940195153931,0.00014907605663875312,3.898362940361513e-05,a
test_4366.jpg,0.9998268753704072,5.828456941383336e-05,8.54668147965397e-05,2.936456067925191e-05,a
test_4367.jpg,0.00013159060601995468,4.338948700817577e-05,0.9997345825130463,9.04408112654411e-05,c
test_4368.jpg,0.00011611319720037587,0.00023046861968789548,0.9996042534156799,4.9160365159854926e-05,c
test_4369.jpg,0.0016808858240735113,0.9796966935073852,0.017655666700235367,0.0009667206730733066,b
test_4370.jpg,3.327135336465535e-05,0.00011612843172460139,0.00011612845717689894,0.9997344673748016,d
test_4371.jpg,0.9998844886341858,2.5915644028121016e-05,7.484319221626426e-05,1.4737495623458633e-05,a
test_4372.jpg,4.822099507276815e-06,0.999907425051117,7.982761200746134e-05,7.950298138171369e-06,b
test_4373.jpg,0.49179601903572084,0.001978389522589588,0.4916071878034973,0.014618431008030891,a
test_4374.jpg,9.18496974135784e-05,0.00018090506657898335,5.183016861025184e-05,0.9996753641593933,d
test_4375.jpg,0.6490269160043716,0.0015202445872724414,0.0008186139059659303,0.34863422044151304,a
test_4376.jpg,0.00048064364917601763,0.0002096658592297828,0.00018080227361751182,0.9991289059188843,d
test_4377.jpg,0.00013150726647366494,0.00013150726647366494,0.0006310572479543322,0.9991059594715881,d
test_4378.jpg,0.9996746509799957,0.00014088887099224657,0.00011793722237633147,6.655119708547372e-05,a
test_4379.jpg,0.9996299457394409,0.00013157680231661842,0.00019144311769010486,4.702955524101734e-05,a
test_4380.jpg,0.0004914940564067781,0.00014902496289072992,0.9991561769792175,0.00020329667702515794,c
test_4381.jpg,9.04269378048127e-05,0.0002982335884886363,0.999578057012558,3.3266213202401225e-05,c
test_4382.jpg,0.997826684500122,0.00045841425936274437,0.0015118664812059463,0.00020302617584745018,a
test_4383.jpg,0.9996965233963775,0.00011793937098871774,0.00014418834338895947,4.131065273785077e-05,a
test_4384.jpg,0.0005174492923457727,0.000622935187198729,0.9939503570713043,0.004909254356563877,c
test_4385.jpg,0.9997743318149567,0.0001491177226655835,5.143325150827713e-05,2.5078797947436018e-05,a
test_4386.jpg,0.00015836694950423973,0.00024576232906608103,0.00019139989927647813,0.9994044305333709,d
test_4387.jpg,0.9996687989810944,0.0001315818499756217,0.0001408882999756217,5.8730987159623205e-05,a
test_4388.jpg,0.9996845428627776,0.00017159909272887946,0.0001179382177494359,2.5910375483130212e-05,a
test_4389.jpg,9.044895941952244e-05,5.828438755319757e-05,0.9998237231143952,2.7531596632807983e-05,c
test_4390.jpg,0.00029589950361922355,7.041951907973788e-05,0.9995093962577819,0.00012431388044536776,c
test_4391.jpg,0.025907177583180428,0.007422530696141839,0.9651230664516449,0.0015471934604180159,c
test_4392.jpg,0.999471695088272,0.0003379068218331572,0.00014907299834796787,4.1335395550964124e-05,a
test_4393.jpg,1.2242171897445424e-05,0.99992452760849,4.841873130768072e-05,1.4738086227003589e-05,b
test_4394.jpg,4.784793936556906e-06,0.9999322945617676,5.144138024608936e-05,1.147812218006562e-05,b
test_4395.jpg,8.41400913291768e-06,0.9999358670265197,4.2729863674682564e-05,1.3006463734546549e-05,b
test_4396.jpg,0.9995116592906952,0.00020495850234439014,0.0001808752488730945,0.00010245980495009481,a
test_4397.jpg,0.9998409454727173,7.044288958445586e-05,5.874121412620504e-05,2.9824326894253716e-05,a
test_4398.jpg,0.9998435705791473,8.546817483761506e-05,4.3394242201185375e-05,2.753214290126756e-05,a
test_4399.jpg,0.9997017064196014,0.00015613902113076873,0.00012433713113076873,1.7773566300134384e-05,a
test_4400.jpg,0.9996517325531006,0.00015840613445369139,0.00012336682428662628,6.654999673404898e-05,a
test_4401.jpg,0.0012056427374787103,0.0002913441762540858,0.9983798242141724,0.0001232098571851538,c
test_4402.jpg,1.3107678061524597e-05,0.9998962798423767,7.982671910575017e-05,1.0803371081357972e-05,b
test_4403.jpg,0.000622636329741621,0.00556018997110846,0.9934734990011597,0.0003437060524326068,c
test_4404.jpg,0.00045604478339254795,0.00581546989377091,0.000965655269199723,0.9927628473190308,d
test_4405.jpg,0.9958736889696502,0.0007659635716635138,0.0015438252373000145,0.0018165232392360925,a
test_4406.jpg,0.0001216088687767528,0.9997634871204376,8.106403110705749e-05,3.379251491494724e-05,b
test_4407.jpg,7.043065252048381e-05,0.0001233686436747268,0.00013979498876898124,0.9996664515757752,d
test_4408.jpg,0.00023198683477282286,0.0012056535325315797,0.9984215960098266,0.00014070713298272743,c
test_4409.jpg,4.005367555292605e-05,0.9997100213297272,0.00017950813881935937,7.043372518089893e-05,b
test_4410.jpg,0.9996917557712555,9.608202669727728e-05,0.00010247848669727728,0.00010972662169727728,a
test_4411.jpg,8.478876427506397e-05,6.215373176042088e-05,0.00020047649084160835,0.9996525661499787,d
test_4412.jpg,0.9996114665080261,0.00013157439536829024,0.00021692950220473693,4.004972831837142e-05,a
test_4413.jpg,0.004420251043859064,0.3318036620968628,0.005495824453404784,0.6582802856562805,d
test_4414.jpg,0.0002456507874772087,0.0003154218733945027,0.9989475540084839,0.0004913941371705562,c
test_4415.jpg,0.00035722566974942744,0.00020314443559766635,0.9984079312352753,0.0010316525544143318,c
test_4416.jpg,2.2871605099672718e-05,2.2871605099672718e-05,0.999934017468872,2.0184120503667295e-05,c
test_4417.jpg,2.018440141445021e-05,2.5917286518381072e-05,0.9999477219795228,6.1919524582672705e-06,c
test_4418.jpg,0.00010973444978268564,7.043742884908683e-05,0.9997641581157684,5.5714781120641715e-05,c
test_4419.jpg,7.042912314650719e-05,0.00011793388491276383,0.00016895007846477462,0.9996427219711304,d
test_4420.jpg,0.000315532835422346,0.00019138031850431055,0.0001913807913054967,0.9993017603619385,d
test_4421.jpg,0.0005009936709542925,0.03551500312477207,0.9638909544601441,9.306999865623384e-05,c
test_4422.jpg,0.0003916045402714226,0.00023209452639786572,0.000502830129662481,0.9988734276550293,d
test_4423.jpg,1.6830492287252304e-05,4.272792587264564e-05,4.9174503372645636e-05,0.9998912197027587,d
test_4424.jpg,5.827880150356636e-05,9.044029878712081e-05,0.00012337622220821992,0.9997279038166046,d
test_4425.jpg,0.33779244404697417,0.0021826343822208463,0.008872866536039352,0.651152077135086,d
test_4426.jpg,0.000203364878980788,0.00023044258852670163,7.48137604376293e-05,0.9994913319807435,d
test_4427.jpg,0.5034462179582367,0.001192641310474816,0.0002771444838112017,0.49508397227176903,a
test_4428.jpg,1.3871769695406528e-05,0.999894379283905,7.154868632964198e-05,2.01833065260642e-05,b
test_4429.jpg,2.7528341162842224e-05,0.00011794121387558252,0.0001491072522271216,0.9997054601104736,d
test_4430.jpg,0.0001490558445042397,0.00026109069406608104,0.00023221360427647813,0.9993575955333709,d
test_4431.jpg,4.358832423515536e-06,0.9999555270721436,3.1201499794409006e-05,8.939378883990212e-06,b
test_4432.jpg,0.5902510216709137,0.40799600071853637,0.0013723138821103214,0.00038064213208572804,a
test_4433.jpg,0.03351007329093099,0.8117344840621948,0.1541536844012642,0.0006017368860737347,b
test_4434.jpg,4.2728710694405854e-05,3.3277154381043593e-05,0.9999091095161439,1.4853137348931353e-05,c
test_4435.jpg,0.0003167950033857003,0.0001490121354299687,0.0004589896945411712,0.9990752050646973,d
test_4436.jpg,0.0017030151644935071,0.006071938998824072,0.0006214643950099628,0.991603576385498,d
test_4437.jpg,4.841352723555542e-05,0.00010249143287591964,0.9998176306137085,3.1441189074780124e-05,c
test_4438.jpg,0.998514508733368,0.0011522370403998314,0.0002628985532519415,7.034781666883416e-05,a
test_4439.jpg,1.5199417946039891e-05,0.999824980077362,0.00010409515090830632,5.5718122691952624e-05,b
test_4440.jpg,0.9979932610733032,0.0010392613192806493,0.0008093775250002563,0.00015814333048087375,a
test_4441.jpg,9.608919632628843e-05,7.541961520556641e-05,0.9997663508141327,6.216100373673559e-05,c
test_4442.jpg,0.0019624624177212715,0.9973091308982849,0.0006017268899899125,0.00012675979261660852,b
test_4443.jpg,0.00033526157771408263,0.00013975782222474173,0.9994006764498902,0.00012430042134724736,c
test_4444.jpg,0.23409530110735893,0.004476477225454927,0.7610775370937348,0.00035069664830323635,c
test_4445.jpg,3.1198535058468975e-05,9.045230204690479e-05,0.9998605275891113,1.7811123941940928e-05,c
test_4446.jpg,0.9988501577228546,0.00048753405225539746,0.0004302472644892365,0.00023209544223169536,a
test_4447.jpg,6.646207808834725e-05,0.9983877592475892,0.0014792787846508264,6.646207808834725e-05,b
test_4448.jpg,0.0003152470161092201,0.00024934434566651226,0.0010167518410621821,0.9984186568489075,d
test_4449.jpg,0.99988138484375,5.828774864504616e-05,4.8416642943238036e-05,1.184765597802735e-05,a
test_4450.jpg,0.00018083775802567602,0.000158350913025676,0.9993032820000458,0.0003575455190125436,c
test_4451.jpg,0.9341056459625244,0.00288648787442348,0.025404582287034988,0.03760330467450905,a
test_4452.jpg,5.484534621740767e-05,0.00013909356659850479,0.00024579977448072136,0.9995602032981872,d
test_4453.jpg,0.013385359156454325,0.15668029690179824,0.0018115114531521738,0.828122884074936,d
test_4454.jpg,0.9996213612895966,0.00013157558796735616,0.00018089554328037247,6.616036253078385e-05,a
test_4455.jpg,0.0013282033701717258,0.833798075422287,0.0014853439194996597,0.1633883477273117,b
test_4456.jpg,0.0005198405160350799,0.00048739373103507994,0.00043012342734144687,0.9985626644589997,d
test_4457.jpg,0.0008829501893617719,0.14405589332736968,0.0024429363982459663,0.8526182303752899,d
test_4458.jpg,0.9000931298789978,0.0904038392240429,0.008296864593263864,0.001206138057032019,a
test_4459.jpg,0.9998865001686097,4.539477975356569e-05,4.8416886753565696e-05,1.9609905392553988e-05,a
test_4460.jpg,0.012408711543614864,0.8222496968177795,0.16178643686865235,0.003555155220013535,b
test_4461.jpg,0.00016334339795802324,0.00020973706579974295,0.00017687973795802326,0.9994500432193756,d
test_4462.jpg,4.5736335082674787e-05,0.00019143617230705915,0.00016894182948319674,0.999593883276062,d
test_4463.jpg,9.044467206886344e-05,0.00010248723684535668,0.9997758858376312,3.1195892179822915e-05,c
test_4464.jpg,0.9980209609241486,0.0002627766654084914,0.00011592839553556808,0.0016003421378376424,a
test_4465.jpg,0.0020517554993584454,0.0011667858757405222,0.996503769819107,0.0002776748894544774,c
test_4466.jpg,0.0008095162369095475,0.0007560493519095475,0.00027813502146163135,0.9981562675899506,d
test_4467.jpg,1.4853102296178586e-05,3.327707133515e-05,4.539568177410338e-05,0.9999064184005737,d
test_4468.jpg,2.4485622728326004e-05,7.483571259393675e-05,0.00011613419468955443,0.9997845886051178,d
test_4469.jpg,0.9996912479885101,0.00011661521764628127,5.743860131790416e-05,0.00013471204087010547,a
test_4470.jpg,0.9996692414817809,0.00013158201689624177,0.00016895464638033985,3.024761541292155e-05,a
test_4471.jpg,0.0004633698697853521,0.9685199856793976,0.029876323460520743,0.0011402917825740755,b
test_4472.jpg,0.00017948686364528508,0.9995915889174651,0.00014909051961930337,7.98024511227119e-05,b
test_4473.jpg,2.42939969578653e-05,0.00014089548566461712,0.00011612644108138093,0.9997187606067657,d
test_4474.jpg,7.487421688390382e-05,0.0013054050896204351,0.00029554864369006514,0.9983242146968079,d
test_4475.jpg,0.0010310048992798687,0.0010390522105573176,0.9977811671611786,0.00014881924304469587,c
test_4476.jpg,0.001015532796148932,0.00024519951890772997,0.997115373760376,0.001623925846148932,c
test_4477.jpg,0.00010248029415090368,0.00010887706506475605,0.9997088627010345,7.98117365156988e-05,c
test_4478.jpg,0.0005003726814515599,0.9938130307178497,0.0015935602533263267,0.004093011350689602,b
test_4479.jpg,0.9995719196708679,0.00024964685261728793,9.095520176080912e-05,8.751574183414963e-05,a
test_4480.jpg,0.00026294840881168095,0.0009712888804925143,0.9986690280420685,9.673331465160529e-05,c
test_4481.jpg,0.002753252181390762,0.043068109115642544,0.23024465026149749,0.7239339913673402,d
test_4482.jpg,4.575014453068702e-05,4.037436383685846e-05,0.999893662587738,2.0183296501181984e-05,c
test_4483.jpg,5.1829576489917545e-05,9.683039849201091e-05,0.9996661656772614,0.0001851360265129061,c
test_4484.jpg,0.5051124343504791,0.00013790646178227039,0.49420776024395036,0.0005419167996133685,a
test_4485.jpg,0.002245848189436817,0.0015422293034277439,0.0004788489480024299,0.9957330977622986,d
test_4486.jpg,0.000139613396797587,0.0014127920269681334,0.9983679111854553,7.970427109548502e-05,c
test_4487.jpg,0.9998002053247833,6.604330711004839e-05,9.609244807918094e-05,3.770385764616005e-05,a
test_4488.jpg,0.9997942394649506,7.48364327893724e-05,0.00011613532728531583,1.4764950873615623e-05,a
test_4489.jpg,0.00017933146376922189,0.0003796447365546897,0.0007148102141651214,0.9987261702262878,d
test_4490.jpg,0.00594884326322186,0.5183099225870513,0.10309141118216515,0.37264982021965026,b
test_4491.jpg,2.0183832183195292e-05,4.53962913240622e-05,0.9999198320970154,1.452661003971159e-05,c
test_4492.jpg,0.00014087417344066098,0.0001715796450468007,0.999571443700409,0.00011610909508280321,c
test_4493.jpg,1.310686560262103e-05,0.9998351028918457,0.00011614003770810805,3.5628156324157746e-05,b
test_4494.jpg,0.00016896547429515229,5.873497865155417e-05,0.9997322538401032,4.005456703320276e-05,c
test_4495.jpg,0.0002912759010626759,0.0010166527521615802,0.00035719070011450084,0.9983348523924256,d
test_4496.jpg,0.9998409054962158,4.574772700565383e-05,9.045048145745073e-05,2.28694624584357e-05,a
test_4497.jpg,0.998829414131546,0.0006308715819138735,0.00048049731149017066,5.9250360886354705e-05,a
test_4498.jpg,0.00013362631235851023,0.0002049708395433265,0.9995739506080628,8.744382933990851e-05,c
test_4499.jpg,0.04939157702174854,0.5955659130750275,0.35428155003290174,0.0007609000306510174,b
test_4500.jpg,0.9996866716518402,0.00016338451730699556,0.00012159857698002905,2.8391972834638557e-05,a
test_4501.jpg,2.0875346260375433e-05,0.9999203677716064,3.120040124445019e-05,2.7534257996457976e-05,b
test_4502.jpg,1.4737709362211584e-05,0.999898960912323,6.604983179236017e-05,2.0183416486088726e-05,b
test_4503.jpg,0.999730942304306,0.00013980401201037869,9.683725879404783e-05,3.232620473855248e-05,a
test_4504.jpg,4.255583471953587e-06,0.9999305025379943,5.572422853587933e-05,9.534265243097845e-06,b
test_4505.jpg,0.00024552360326730074,0.0003202000653850335,0.0010167938096850007,0.9984174264095307,d
test_4506.jpg,0.00010887692517918296,0.0001408939926890604,4.272006110654426e-05,0.9997075516213989,d
test_4507.jpg,0.9993001844882965,0.0002958375636854232,0.0002631163890373916,0.00014083605262193142,a
test_4508.jpg,0.00013159456665956228,4.538923172031596e-05,0.9997643250234223,5.873672350493532e-05,c
test_4509.jpg,0.9981947403335572,0.00044301789829935073,0.0012064081657700287,0.0001558617998789397,a
test_4510.jpg,1.4851740459995394e-05,0.9998158597068787,0.0001491238950168939,2.0181724774557098e-05,b
test_4511.jpg,0.9996919510684967,9.470068314835295e-05,0.00014973771008472257,6.363393712595128e-05,a
test_4512.jpg,0.8724139924388885,0.12396029615110321,0.003192356359791398,0.0004333928661985695,a
test_4513.jpg,1.4851861452495276e-05,0.00012435270009457974,4.0058110060910874e-05,0.9998207495437622,d
test_4514.jpg,0.9998677973320007,4.2726931469549066e-05,6.65643491286647e-05,2.2870078039772056e-05,a
test_4515.jpg,7.151329007284589e-05,0.9994179133506775,0.0004115305763132516,9.907035156085543e-05,b
test_4516.jpg,4.5746001639476416e-05,0.9998056472877502,0.0001179530112079487,3.060669859788348e-05,b
test_4517.jpg,5.1422891993692894e-05,0.0002959183170738235,7.980091335004432e-05,0.9995729329650116,d
test_4518.jpg,0.0003757564540671679,0.004091129889289617,0.0008250172542198598,0.9947080614852142,d
test_4519.jpg,0.9975863676756287,0.0009381060606748522,0.0013043352675482422,0.0001712198566632776,a
test_4520.jpg,0.0027637432795439005,0.006570190946074486,0.9902645360704041,0.0004015699693858808,c
test_4521.jpg,9.607670856850951e-05,0.0001514289396064301,0.0001161168052541633,0.9996364488082885,d
test_4522.jpg,2.018167138588559e-05,0.9998130092769623,0.0001233867210043034,4.3392990842404646e-05,b
test_4523.jpg,0.9983317881858826,0.001366052127423507,0.00016872492662832646,0.00013345288542209626,a
test_4524.jpg,0.9973662131244659,0.001840488270367217,0.0006250759952866941,0.00016823694237417446,a
test_4525.jpg,0.5750488785327912,0.007204115606675387,0.40802603816825866,0.009720958527307273,a
test_4526.jpg,8.530785018730119e-05,0.0002046428687871942,0.0017134538752263426,0.9979965996289062,d
test_4527.jpg,0.00027844489575356993,0.00021685310084115073,0.00024572722084115076,0.9992590239242554,d
test_4528.jpg,4.841435306736278e-05,6.604551723050372e-05,0.9998336454505921,5.1838651478750084e-05,c
test_4529.jpg,0.009771712194052935,0.0007960070503958273,0.0002756089206598833,0.9891566584110261,d
test_4530.jpg,0.016663992632017136,0.05779073959746361,0.9246994834098816,0.0008457886589067704,c
test_4531.jpg,0.9997194721411895,8.545741613476873e-05,0.00015965547129187792,3.541656954875338e-05,a
test_4532.jpg,8.480482521148526e-05,4.539275665364806e-05,0.9998419427757264,2.7747460780154416e-05,c
test_4533.jpg,4.5393285074511507e-05,5.183960507451151e-05,0.9998535541000366,4.9172635552841837e-05,c
test_4534.jpg,0.0005800669268259406,0.04619483831302357,0.007692819194740295,0.9455322907362366,d
test_4535.jpg,0.9969471079517365,0.0018397406529531478,0.0007551537687893105,0.0004580239479460361,a
test_4536.jpg,1.40889952328163e-05,0.999908934376526,6.21698871083704e-05,1.4853130853373072e-05,b
test_4537.jpg,4.5385360431646294e-05,9.608081009043262e-05,0.00017950257230526194,0.9996790942962647,d
test_4538.jpg,0.00058881298229276,0.0007143880944716817,0.0005563660257534289,0.9981404188270568,d
test_4539.jpg,0.0525174867931819,0.7966010465480804,0.05900639712410927,0.09187504242743492,b
test_4540.jpg,0.0006675929755250269,0.000519921982077092,9.034888919929698e-05,0.9987221137153626,d
test_4541.jpg,1.0446993523260098e-05,0.9998795434005737,9.18688490879833e-05,1.8090047187863566e-05,b
test_4542.jpg,0.00013766262758513136,0.00018074459352951958,0.0008706630809863925,0.9988109504943847,d
test_4543.jpg,0.0035691664308822157,0.0007287411719141912,0.9953578629089355,0.0003442329333849072,c
test_4544.jpg,0.9998224081710816,7.044155644093543e-05,9.186359631846592e-05,1.527120329624114e-05,a
test_4545.jpg,0.996832279630127,0.0003343999692324832,0.0010149563329077483,0.001818410076572895,a
test_4546.jpg,0.029092235065460204,0.9562461238666534,0.0077884037866389755,0.006873242060134411,b
test_4547.jpg,2.1609126759846535e-05,0.9998131369518279,0.0001161375755110436,4.917079618090753e-05,b
test_4548.jpg,0.9999027851921082,6.314202337339535e-05,2.4488501416792527e-05,9.589833923324578e-06,a
test_4549.jpg,0.0011387365606700213,0.0008681809869408815,0.7299514709455872,0.2680416441006565,c
test_4550.jpg,5.827731156632144e-05,0.00016896029965124263,0.9997023625849152,7.04331377475404e-05,c
test_4551.jpg,0.0001689484467513287,0.0001584030567513287,0.9996322978793335,4.036379315536563e-05,c
test_4552.jpg,0.00011224803913489461,0.00020491120786470294,0.00040514359707432743,0.9992776837348938,d
test_4553.jpg,0.5006986865838623,0.3483980241053772,0.07170427088067055,0.07919905338067054,a
test_4554.jpg,0.01777076441197586,0.0018373179659985303,0.9481480088699341,0.032243933002905845,c
test_4555.jpg,0.9999164915855407,2.982664146919194e-05,3.770826343760052e-05,1.5965050368919092e-05,a
test_4556.jpg,0.9998519554740906,5.874184557337262e-05,6.216630557337262e-05,2.713732542235559e-05,a
test_4557.jpg,0.005008927329217244,0.0009612291341909111,0.5703228737384796,0.4237070028980255,c
test_4558.jpg,0.8876792026958465,0.0013345716361811161,0.004968126745410419,0.10601816192581176,a
test_4559.jpg,0.03975860257716119,0.8338620903194427,0.1148256423203659,0.011553706644808114,b
test_4560.jpg,4.539383939488631e-05,4.8415875394886316e-05,0.9998658382858276,4.0373257656095815e-05,c
test_4561.jpg,3.3276934673382675e-05,0.9999026617721558,3.770770550116454e-05,2.632153960028522e-05,b
test_4562.jpg,0.999865232913971,5.143792966450961e-05,5.486235316450961e-05,2.842058981019126e-05,a
test_4563.jpg,3.770688290459418e-05,5.305436374158695e-05,0.9998814354492187,2.7748503240864978e-05,c
test_4564.jpg,0.9998011507671356,0.00010248975035505451,7.044010651480019e-05,2.5913466498170992e-05,a
test_4565.jpg,1.892280285727886e-05,7.542648043425181e-05,4.841544598844793e-05,0.9998571925186157,d
test_4566.jpg,0.9998483535194397,5.828582492907282e-05,7.044346475519761e-05,2.2869643324898613e-05,a
test_4567.jpg,0.9998926422615051,5.828840566835467e-05,4.00609914989702e-05,9.008740417208782e-06,a
test_4568.jpg,0.0005667464728895023,0.003119703783139533,0.0010588217347090958,0.9952548246067048,d
test_4569.jpg,3.327551519358598e-05,0.9998600385429383,4.005968728910947e-05,6.656384866549105e-05,b
test_4570.jpg,9.561611130728582e-05,0.00011229992980728582,0.9997516877383423,4.036830416318671e-05,c
test_4571.jpg,0.0003789460879284084,0.1707433568538952,0.8280692793685913,0.0008084942832493037,c
test_4572.jpg,9.04394156589727e-05,0.00011612651235818057,0.999718615934372,7.483077581887774e-05,c
test_4573.jpg,0.31027374424905396,0.0012204634699121534,0.6879230456677246,0.0005827513282598943,c
test_4574.jpg,0.00744506816068387,0.0006402389710952163,0.00021528203653313905,0.9916994373466492,d
test_4575.jpg,4.6819602894563266e-05,6.313972395016507e-05,0.9998688668426514,2.1134864174538408e-05,c
test_4576.jpg,0.9997603937198639,0.00010408825577399694,0.00010408825577399694,3.143927453953187e-05,a
test_4577.jpg,4.503748210190377e-06,0.9999471841194153,3.144529273213395e-05,1.6831451159315787e-05,b
test_4578.jpg,0.9998296788124847,5.874053320165359e-05,9.044942634568411e-05,2.1134100812433174e-05,a
test_4579.jpg,0.0006227015123886085,0.0032605433336935045,0.9935775177684785,0.0025393136655684117,c
test_4580.jpg,0.00019140859637292192,0.0002958818035794586,0.99944963687706,6.311331636688153e-05,c
test_4581.jpg,0.0003294406492562837,0.0026452042072915433,0.00034475636541115705,0.9966805552452851,d
test_4582.jpg,0.00029291455397828015,0.13698376364653014,0.8624439178684234,0.0002794453339782801,c
test_4583.jpg,0.00043374685869007796,9.678199930553526e-05,0.9991713695034027,0.0002981095336378473,c
test_4584.jpg,7.040847575320191e-05,0.0003828525793797904,0.00019139007267925635,0.9993553749914551,d
test_4585.jpg,6.212913885627575e-05,0.9992582927768707,0.0006311541839156538,4.838622475686349e-05,b
test_4586.jpg,2.5897577167208974e-05,0.0007151441602289408,6.600319441186041e-05,0.9991929866294861,d
test_4587.jpg,1.3872340787989935e-05,3.770892931127596e-05,0.9999345540267944,1.3872340787989935e-05,c
test_4588.jpg,0.09562112000035478,0.002618718958123231,0.9014479328647613,0.0003122634678459081,c
test_4589.jpg,0.0029162169609573243,0.0007373350568835467,0.9734529764919281,0.02289342024180889,c
test_4590.jpg,0.9995644126636505,0.000203379742990074,0.00011610858554221463,0.00011610858554221463,a
test_4591.jpg,0.001098809750379163,0.44383780168997405,0.553560286952591,0.0015030837273883224,c
test_4592.jpg,0.9949830918720246,0.003148481613618791,0.0012010161924471765,0.0006674680053810209,a
test_4593.jpg,0.017950235367759228,0.0005570924241946793,0.0020436538098480223,0.9794490625915527,d
test_4594.jpg,0.9996102739257813,0.0001179298158128462,0.00021692901746732726,5.484824587453876e-05,a
test_4595.jpg,0.9993812003246307,0.000139755101144875,0.00029817542312240243,0.0001808531950450717,a
test_4596.jpg,1.2611216609078501e-05,0.9998380650787353,0.00010889114114510958,4.037215143433289e-05,b
test_4597.jpg,0.0002954139799450537,0.9978693449081422,0.0006302543101018369,0.0012049771958980381,b
test_4598.jpg,0.0004590779274645621,8.475510941704907e-05,0.9992558141578674,0.0002003989006307268,c
test_4599.jpg,7.540010640508332e-05,0.0002631722240500851,0.00014907826680859624,0.9995123768024445,d
test_4600.jpg,0.9997692722089386,0.00013159517784000187,4.0369297541753123e-05,5.8736978163451816e-05,a
test_4601.jpg,2.2870661307904633e-05,3.563024050508282e-05,4.8417192333294955e-05,0.9998930738899231,d
test_4602.jpg,0.0017523044617111325,0.0005559130199493289,0.0003149152632914549,0.9973769478659058,d
test_4603.jpg,0.0001715300265457706,0.00024957472518862423,0.00028280519588673355,0.9992961366958618,d
test_4604.jpg,0.9998502105888367,5.486150602375999e-05,7.044357030988366e-05,2.4487228903464157e-05,a
test_4605.jpg,0.003022394950639093,0.14062319232604026,0.8559720795436097,0.00038233446009522615,c
test_4606.jpg,0.4380973281761169,0.16198650437545775,0.3866195229190445,0.013296661975784062,a
test_4607.jpg,2.7748249582476843e-05,8.480725760789819e-05,0.9998706007740783,1.6830162510744736e-05,c
test_4608.jpg,1.5718694165654968e-05,6.216864505702618e-05,0.9998887759358215,3.327647751486618e-05,c
test_4609.jpg,0.00016327550688072874,0.00012159638232117924,0.9996768900814057,3.828824338062968e-05,c
test_4610.jpg,2.6318636623350327e-05,5.873850863427408e-05,0.00011795194787591964,0.9997969556137085,d
test_4611.jpg,0.001354109208164078,0.14075990623818208,0.5944650923641205,0.26342087361189426,c
test_4612.jpg,3.562455527957255e-06,0.9999641112579345,2.44900406843956e-05,7.889041761177594e-06,b
test_4613.jpg,0.9991056845062256,0.00017149744198742556,0.0006310545144579262,9.179596841400243e-05,a
test_4614.jpg,0.04259299005914641,0.0026761420101394416,0.9474966301906586,0.00723422549365232,c
test_4615.jpg,0.9989326002125549,0.00015952770470120832,9.769916001901835e-05,0.000810148546062057,a
test_4616.jpg,0.9994050020484924,0.00018508493163875311,0.0003631690645153931,4.679679640361513e-05,a
test_4617.jpg,1.1478290896609971e-05,2.936810899929911e-05,0.9999469394912719,1.224245039660997e-05,c
test_4618.jpg,0.998299449410553,0.0005888981448646337,0.000970928880721119,0.0001406938815184748,a
test_4619.jpg,2.143916967946388e-05,6.603728989912987e-05,0.00020340917199576555,0.9997090698644256,d
test_4620.jpg,4.339674727111088e-05,4.4744079110897816e-05,0.9999021320762634,9.68312272560377e-06,c
test_4621.jpg,9.910001770999246e-05,0.00013364399159662037,6.312895787918176e-05,0.9997041548381805,d
test_4622.jpg,0.9996022601491547,0.00017948877883680793,0.00017948877883680793,3.883612218050183e-05,a
test_4623.jpg,4.2728803195791264e-05,2.7749367960308502e-05,0.9999114321205139,1.809066865732148e-05,c
test_4624.jpg,0.9726175218070984,0.0012123464414188505,0.025850194226523637,0.00031992964575408307,a
test_4625.jpg,5.48573316839895e-05,0.00012434683970762126,4.574464238796932e-05,0.9997749947898102,d
test_4626.jpg,0.9997547273720551,0.00010973340777714402,7.981530847788102e-05,5.571424921281792e-05,a
test_4627.jpg,0.9956262361839294,0.0006806041461693913,0.0034563933218254863,0.0002367602892070491,a
test_4628.jpg,9.219995922176968e-06,0.9999374832817078,3.646579289816914e-05,1.683127130029196e-05,b
test_4629.jpg,0.00045869716513995796,0.0008703461542334794,0.9984408200588226,0.00023020038323554054,c
test_4630.jpg,1.310831536024076e-05,0.9999446276306152,3.327834188797062e-05,9.00920506017926e-06,b
test_4631.jpg,0.9999010470748901,4.272837632073041e-05,4.539544042984907e-05,1.080342517408413e-05,a
test_4632.jpg,1.4089220030489817e-05,2.774974393295882e-05,3.327767435568769e-05,0.999924836353302,d
test_4633.jpg,3.428170921412367e-05,0.9998632064956665,2.7586474291933727e-05,7.484159981039688e-05,b
test_4634.jpg,4.375780978165155e-06,0.9999363979568481,3.327807439408325e-05,2.591699386124998e-05,b
test_4635.jpg,0.13538278717161864,0.8630411641957092,0.0013365827649011017,0.00023949045360934884,b
test_4636.jpg,0.15585998523809433,0.8414607325798035,0.0022551908817004442,0.0004240916450488555,b
test_4637.jpg,3.1888399840859426e-06,0.9999085521675111,7.044771241811372e-05,1.7811978034947642e-05,b
test_4638.jpg,0.0026225807908759713,0.10291134762861634,0.8938535141291046,0.0006125828213766468,c
test_4639.jpg,7.342165023361623e-05,0.9895132496569824,0.010255416374393082,0.00015791335838125737,b
test_4640.jpg,0.9997400633037568,0.00013159136646803945,6.616829328644223e-05,6.215936093469866e-05,a
test_4641.jpg,0.999874899029541,6.216777370723024e-05,4.2727244582262964e-05,2.0182922458053e-05,a
test_4642.jpg,0.9995739527397156,0.00018088604544260815,0.00011792473400274024,0.00012722990400274023,a
test_4643.jpg,0.9998825213311768,4.841666834101467e-05,4.574962787875826e-05,2.322819383034304e-05,a
test_4644.jpg,0.18252275328962325,0.0022976224894895435,0.8140147638865662,0.0011649003672119618,c
test_4645.jpg,5.183974848844793e-05,7.04439704342518e-05,0.9998560425186157,2.1610021357278862e-05,c
test_4646.jpg,0.6419655955856323,0.35503873074858666,0.0025234417048597096,0.0004722320301299459,a
test_4647.jpg,0.00013979828995544925,0.999690086235733,0.00013364278423965402,3.645658946487915e-05,b
test_4648.jpg,0.9996265490100861,0.0001914423777395405,6.403156678962487e-05,0.00011793188776800767,a
test_4649.jpg,3.060543137353879e-05,0.9997639634212494,0.00015966261902473629,4.57441038858654e-05,b
test_4650.jpg,8.105664910124915e-05,0.00014910158006987615,0.000102475921861092,0.9996674060394287,d
test_4651.jpg,0.9994754569946289,0.0002376666304280013,0.00018497204193990111,0.00010186636757435232,a
test_4652.jpg,0.9868132476543426,0.0017259234826612919,0.00271649724078469,0.0087443771158925,a
test_4653.jpg,1.0447238828088889e-05,0.9999020225158691,7.15491851097558e-05,1.596478204548797e-05,b
test_4654.jpg,0.9998901400054931,6.656587798872947e-05,2.753342593594481e-05,1.5718729959422305e-05,a
test_4655.jpg,2.429479786458919e-05,0.9997517479332734,0.00020500847464094163,1.8920807800678516e-05,b
test_4656.jpg,0.002392303481827557,0.07685520499280549,0.9076779180908203,0.013074567298058986,c
test_4657.jpg,0.9989731620774842,0.00022915303412820325,0.0006452227686905355,0.00015251410292076102,a
test_4658.jpg,0.00012432112107714973,0.0001490868440767282,0.0001583928957286754,0.9995682299404145,d
test_4659.jpg,0.00024574734202680287,0.00011608295618522986,0.00029585004261941045,0.9993423282566071,d
test_4660.jpg,0.0002049752148672868,0.0001490901333859356,0.9995910795547485,5.484719587649517e-05,c
test_4661.jpg,0.0001596403068206531,0.00013157599452150854,0.9996239840419006,8.478634020725408e-05,c
test_4662.jpg,0.0006988331304882196,0.0007562535465679884,0.9984042350990295,0.0001407074803127611,c
test_4663.jpg,0.0016874902272723197,0.0014016005340850173,0.9905320781143189,0.006378818517450786,c
test_4664.jpg,8.016063645712235e-05,0.9982400556794739,0.000708924515719372,0.0009708738118869781,b
test_4665.jpg,2.4297521227953683e-05,0.9998638029139709,9.045259248353005e-05,2.144248803394493e-05,b
test_4666.jpg,0.000221213038799759,0.4940310881373651,0.5052560054008544,0.0004916749906168298,c
test_4667.jpg,0.002678328861842333,0.9968984702984619,0.0003323697256707092,9.082931917606246e-05,b
test_4668.jpg,0.00020330473657347871,0.00033781455699929296,0.9991957531017304,0.0002630908433754675,c
test_4669.jpg,0.9998483382305146,9.911512324472725e-05,4.272605868086938e-05,9.821719168542507e-06,a
test_4670.jpg,2.7528428294422898e-05,0.9997086543294524,0.00023049268975536855,3.3270493097672155e-05,b
test_4671.jpg,5.303589760068506e-05,0.9995606163421631,9.468780508071147e-05,0.0002916589925227435,b
test_4672.jpg,4.135006179245129e-05,0.999825374962616,8.480342146136355e-05,4.8413927312735557e-05,b
test_4673.jpg,6.214520014105837e-05,0.00029164743125135393,0.999518976461029,0.00012722141839475356,c
test_4674.jpg,0.99871462684227,0.0005280445875306488,0.0006259210603949488,0.0001314556594684133,a
test_4675.jpg,0.0019769066012726363,0.013802599019008398,0.9601368510475159,0.024083652632523538,c
test_4676.jpg,0.9989057802650452,0.0004589146544760191,0.00023030758085975975,0.00040499075422638657,a
test_4677.jpg,0.9989231872322082,0.0003574057215853518,0.0006170323333956286,0.00010239845128377117,a
test_4678.jpg,0.00025594578044371306,0.019424326965751172,0.000655002981668207,0.9796647302165985,d
test_4679.jpg,8.54507035308633e-05,0.9996262433036804,0.00010971852874156312,0.0001786112462776363,b
test_4680.jpg,4.339138633629201e-05,0.00011795002337730505,0.9997834884973145,5.509175733629201e-05,c
test_4681.jpg,0.00015613072284209907,0.00014088514599224655,0.9996511359799958,5.182875068592421e-05,c
test_4682.jpg,0.9999034934005737,4.5395548774103384e-05,3.5354088835150005e-05,1.5718931796178588e-05,a
test_4683.jpg,0.00038261843561081287,0.0005280617478233812,0.9987543395240783,0.0003350447506108129,c
test_4684.jpg,0.9993394398601532,0.00033524102951001613,0.0002457465183544245,7.962672094321437e-05,a
test_4685.jpg,3.119884626612989e-05,7.542749775394603e-05,0.9998704803330993,2.2870141993642453e-05,c
test_4686.jpg,0.40824788932651523,0.004160343901984286,0.5865355493265152,0.0010561984701286137,c
test_4687.jpg,0.9997739188373566,0.00012338189848743513,9.044445334759186e-05,1.2240325769899268e-05,a
test_4688.jpg,3.8295180441027854e-05,6.313808251014934e-05,5.571915692015122e-05,0.9998427950068665,d
test_4689.jpg,4.70395771004269e-05,0.9998423625656128,5.874128897184476e-05,5.1839007942645324e-05,b
test_4690.jpg,0.9991357604545593,0.00034568512808678714,0.0004114083280392781,0.00010724768137504265,a
test_4691.jpg,2.7740582313158713e-05,0.9995950384059906,0.00026115272562840584,0.00011611216812183797,b
test_4692.jpg,5.3034155981044135e-05,0.9995286016227722,0.00018087653769688605,0.00023752707076066883,b
test_4693.jpg,1.485221074316554e-05,0.9998478930770873,0.00010974382356882788,2.7532262636678695e-05,b
test_4694.jpg,0.9739880068851471,0.025494975500758743,0.00028479556730170546,0.00023221904350886018,a
test_4695.jpg,0.9995027097385407,0.0002049568225395821,0.0002169055425395821,7.539940266610372e-05,a
test_4696.jpg,6.7506330959750345e-06,0.9998875755874634,9.610084906630047e-05,9.533862543603356e-06,b
test_4697.jpg,0.0001592177600954482,0.9970005638820648,0.0026358090090708493,0.00020443963887675776,b
test_4698.jpg,0.999524629120636,0.00026317583160162506,0.00011610378493765399,9.6065967760856e-05,a
test_4699.jpg,0.0002049513564638719,0.0002168997157791555,0.9994756881419373,0.0001024561751286622,c
test_4700.jpg,0.9998706555404664,3.3275836833855584e-05,8.747078627320789e-05,8.54505370091592e-06,a
test_4701.jpg,0.999319885237503,0.00041149408408645393,0.0001490506304576768,0.0001195901405759687,a
test_4702.jpg,3.7706695520887826e-05,5.486292139409362e-05,0.9998759045410156,3.144303622689849e-05,c
test_4703.jpg,0.0005193789786823242,0.0013340306003022551,0.9976882657512665,0.0004583503691070125,c
test_4704.jpg,3.5355034290161804e-05,0.9999302023292542,2.429913478956675e-05,1.0208623654120703e-05,b
test_4705.jpg,9.008626831500723e-06,5.82877190398303e-05,5.1841072539830304e-05,0.9998808402626038,d
test_4706.jpg,2.113527968924897e-05,0.9998882459579468,7.719399187544458e-05,1.3414303929218553e-05,b
test_4707.jpg,0.9980055990757751,0.0012657711146402003,0.00029545431502922564,0.00043323078915440973,a
test_4708.jpg,0.0035488332615545275,0.9902768586559296,0.0035168609263070824,0.002657450828890145,b
test_4709.jpg,0.9994780406425476,0.0003455749779951671,0.00014415265781531512,3.2164803108108125e-05,a
test_4710.jpg,0.00011229803586674415,0.00011794352777714402,0.9997293673720551,4.0367514721378314e-05,c
test_4711.jpg,2.5861843963817487e-05,0.9997581284198761,0.00017951676322734236,3.648885280190027e-05,b
test_4712.jpg,0.00010237122472194262,0.0004335192045715308,0.0008099204576785463,0.9986541864993286,d
test_4713.jpg,0.8135044387195587,0.1851214619231224,0.0012230543988025664,0.00015099898958707928,a
test_4714.jpg,0.02793891751594734,0.002136957599131656,0.9687147718706512,0.0012093830704490364,c
test_4715.jpg,0.001796208084468049,0.0011661897217039286,0.008225431490448833,0.9888121771305847,d
test_4716.jpg,0.00018010493026628853,0.9953446681747437,0.003888100292896843,0.000587130707932809,b
test_4717.jpg,0.7990969402709198,0.19633266219519377,0.00416850278986761,0.0004018683531370312,a
test_4718.jpg,0.00012723121764071903,0.00019442692499452337,9.607150264071904e-05,0.9995822923443604,d
test_4719.jpg,0.0002495249523506787,0.0003456751727739933,0.00029152058644269673,0.9991132617220306,d
test_4720.jpg,0.996838781092453,0.0006663227680282981,0.002197537755661517,0.00029740437400291113,a
test_4721.jpg,4.8382116786453045e-05,9.678139756780724e-05,0.0006707031440099222,0.9991840724643708,d
test_4722.jpg,0.00011611925025416329,0.0001315803446064301,0.9996562488082885,9.607861656850952e-05,c
test_4723.jpg,0.999698069373703,0.00013364332903639272,0.00013364332903639272,3.467807810195908e-05,a
test_4724.jpg,0.9998069496723174,6.604375610336475e-05,0.00010973932587037802,1.7304284726467876e-05,a
test_4725.jpg,5.1840963321900546e-05,0.9998793612164307,4.037378296179761e-05,2.8420984343726235e-05,b
test_4726.jpg,0.039420060551328656,0.051020684496868134,0.8398600554237365,0.06969914473664761,c
test_4727.jpg,9.678708488110348e-05,0.0005283136040485665,0.00014903490774569126,0.9992258522792816,d
test_4728.jpg,0.9998237909053802,7.044170623354435e-05,7.982091114155975e-05,2.5914055054242438e-05,a
test_4729.jpg,0.00015142930179746613,0.9996353986465454,0.00014909725872133656,6.40321040640866e-05,b
test_4730.jpg,0.999903906679535,4.006144313971981e-05,5.143992038325377e-05,4.529930699293978e-06,a
test_4731.jpg,2.591486635350855e-05,0.00010249528339661668,0.9998548580314637,1.669927654438598e-05,c
test_4732.jpg,2.2871496326771415e-05,2.982701984818966e-05,0.999929485539093,1.781233798441782e-05,c
test_4733.jpg,0.0001243317115728251,8.545185266451746e-05,0.0001336378865728251,0.9996566153993989,d
test_4734.jpg,0.02903228138956213,0.007533421978189111,0.9629136750083923,0.0005207019910945282,c
test_4735.jpg,1.044738170787696e-05,0.9999147620735169,5.57233125064582e-05,1.9071892898338134e-05,b
test_4736.jpg,0.00019442942102791862,0.9995902954311371,0.00014908998509689347,6.61586236158689e-05,b
test_4737.jpg,5.571072120206541e-05,0.00010972654407342375,0.00014089166599729418,0.9996937332511902,d
test_4738.jpg,0.727096932206726,0.002804599219436467,0.01648047060821867,0.25361794314235686,a
test_4739.jpg,3.662197201030608e-05,0.9995055297855377,0.00015962075116754502,0.0002982108171575993,b
test_4740.jpg,1.4089094483509004e-05,0.9999162539341736,5.184288965193504e-05,1.7812100885012975e-05,b
test_4741.jpg,5.1429100659623206e-05,0.0001233719899756217,0.00013158531997562172,0.9996935989810943,d
test_4742.jpg,8.939021213533965e-06,3.535451916579366e-05,4.006191387541645e-05,0.999915599911499,d
test_4743.jpg,0.9990743577091217,0.000249522561987827,0.0005201099393109232,0.00015604112092232114,a
test_4744.jpg,0.00010969658294173524,0.00029818622187089533,0.00016891262875907525,0.9994231757434845,d
test_4745.jpg,0.00020120932512796388,0.0068601124979953765,0.004041397205034971,0.9888973224888611,d
test_4746.jpg,0.026551585872852206,0.9692455180515289,0.003723348036222339,0.0004795009350457549,b
test_4747.jpg,0.00010244393084203317,0.0005202532063221228,0.9993558522184753,2.143159500159381e-05,c
test_4748.jpg,0.0002913389167134106,0.000905927473596499,0.9985931794657135,0.00020953603990290105,c
test_4749.jpg,7.372210037690699e-05,0.00034574006146069675,0.0002981411364606967,0.9992824324493408,d
test_4750.jpg,0.00010246070433990852,0.00014907943935851023,0.0002304487445433265,0.9995180506080628,d
test_4751.jpg,2.1444230484229507e-05,1.7812624901125052e-05,0.9999450426541138,1.5719586554040977e-05,c
test_4752.jpg,0.9994997359481048,0.00019141788026962609,0.00026316894201597335,4.5731901867452544e-05,a
test_4753.jpg,2.10341287288523e-05,0.9997407511112977,0.00012160522714220001,0.00011662291214220002,b
test_4754.jpg,0.0004427028236530468,0.0012639534348062097,0.0016045339348062099,0.9966887822330475,d
test_4755.jpg,0.9995878423374176,0.0001315712603932744,0.0001315712603932744,0.00014908976328287466,a
test_4756.jpg,1.5719359686192658e-05,2.936762947876142e-05,2.429914478068331e-05,0.9999306178642273,d
test_4757.jpg,0.9995101115135192,0.00027851478160526575,7.979602746724203e-05,0.00013156107256112351,a
test_4758.jpg,0.0005632872087881625,0.4938175406603798,0.0014680998490144669,0.5041511023654022,d
test_4759.jpg,0.0003630839491002753,0.0004337448178279895,0.9991514399651337,5.180317185076916e-05,c
test_4760.jpg,0.9985792393123627,0.0012058602318067526,0.00014894222646995753,6.596265323347993e-05,a
test_4761.jpg,0.00011609571317332297,0.0003155808642034149,0.9994560537239074,0.00011226733390424356,c
test_4762.jpg,2.7534680162472504e-05,1.781245667569726e-05,0.9999356770500183,1.892428917569726e-05,c
test_4763.jpg,0.9994898884059906,0.00017156443244820385,0.00028286191828822495,5.56988153861713e-05,a
test_4764.jpg,0.9995539946155548,0.00019142856515335413,0.00021691698296056868,3.7621075571129755e-05,a
test_4765.jpg,2.1611665991400537e-05,2.5916844432602992e-05,0.9999309781434631,2.144392844286863e-05,c
test_4766.jpg,7.043196724202522e-05,0.9996868753440857,0.00020499499642904952,3.769951409987066e-05,b
test_4767.jpg,0.9995094021591187,0.00011791602732091524,0.0002916444654479316,8.104242198747746e-05,a
test_4768.jpg,0.00010248610277714402,0.999765872372055,7.981625347788103e-05,5.183504271281792e-05,b
test_4769.jpg,8.479628382656738e-05,0.00013364971148995534,4.0368116803365323e-05,0.9997411969573211,d
test_4770.jpg,0.00014891060562491896,0.0014128091893426359,0.9983796882217407,5.8654861224849226e-05,c
test_4771.jpg,8.66815084931253e-06,0.9999069538650514,6.656699275384724e-05,1.781195459130459e-05,b
test_4772.jpg,0.00017944224286110848,0.0004115026261349461,0.9993430657752991,6.601311337688841e-05,c
test_4773.jpg,2.9365029543402586e-05,0.9998424136825561,6.604609602838442e-05,6.216576598710068e-05,b
test_4774.jpg,6.216065594713228e-05,9.684012145839818e-05,0.9997612262813569,7.981586868744655e-05,c
test_4775.jpg,0.0005024143760524621,0.00024926572754790466,0.9981836057170868,0.0010647317352421104,c
test_4776.jpg,0.9996275475364684,0.00018512763128448055,0.00012723623373878508,6.010214482181698e-05,a
test_4777.jpg,0.00011223343985525024,0.00023759820526444674,0.0004435913704672897,0.9992066600452423,d
test_4778.jpg,4.005741362228055e-05,0.00012338552326640696,0.9998032954174041,3.3273643617067836e-05,c
test_4779.jpg,0.005779043825850427,0.4136588985183563,0.5202129188282013,0.06034919795990229,c
test_4780.jpg,0.0007659298862900197,0.0026727506049793125,0.0010608020025374293,0.9955005372970581,d
test_4781.jpg,0.0001596422078017442,0.0001490969528017442,0.9996364279014587,5.4849702829550556e-05,c
test_4782.jpg,0.6925377581562042,0.2191210197467327,0.0011694182730326056,0.08717184498105049,a
test_4783.jpg,0.999824555450592,4.841386347875009e-05,0.00010249215255220301,2.4486595106968853e-05,a
test_4784.jpg,0.004093655832192516,0.0005001267130884677,0.9952355035347749,0.00017074715306761176,c
test_4785.jpg,1.0803578334964238e-05,0.9999155874923706,5.874565448512782e-05,1.4853227104065776e-05,b
test_4786.jpg,0.9994335579566955,0.00015960901592807799,0.00033789229891914487,6.894715610617984e-05,a
test_4787.jpg,0.0001689335894494602,0.9995441759191132,0.00023045476731495945,5.650292534252297e-05,b
test_4788.jpg,5.486064765619717e-05,0.9998344947525024,6.216525276167288e-05,4.8414351101732826e-05,b
test_4789.jpg,0.9994678029083253,0.00012334411101752073,0.00036319533074522046,4.573031308715861e-05,a
test_4790.jpg,3.095429270362335e-06,0.9999639968855285,2.5917704204603074e-05,7.016513777915174e-06,b
test_4791.jpg,2.5911338315444774e-05,8.545754233688801e-05,0.0001689631409876713,0.9997197091649628,d
test_4792.jpg,0.9997065925144195,0.00016896092149296956,9.683478850977778e-05,2.7582111937452676e-05,a
test_4793.jpg,0.00027842302977787046,0.0004590419973759657,0.9991827791744232,7.976953950376786e-05,c
test_4794.jpg,0.9121754456837463,0.08700985749518203,0.0004295310574881327,0.00038517891443746267,a
test_4795.jpg,1.6827355986336336e-05,0.9997092189548493,0.0002496816973709856,2.429376403337453e-05,b
test_4796.jpg,1.0803271519328263e-05,0.9998865747967529,8.48086146312067e-05,1.7811582238436232e-05,b
test_4797.jpg,4.2725959594488216e-05,8.546834389646046e-05,0.9998454622863769,2.631999077881051e-05,c
test_4798.jpg,0.07430628865135193,0.0007948178459992439,0.00017243131401149212,0.9247264244655609,d
test_4799.jpg,7.483418735074207e-05,0.9997641908611298,0.00013159462685891077,2.9362754739236177e-05,b
test_4800.jpg,0.06650755501720952,0.9326075652790069,0.00033407041809674354,0.0005507890229506805,b
test_4801.jpg,3.1188115886753644e-05,0.9995266776069641,0.00037994903356289116,6.214614057696707e-05,b
test_4802.jpg,3.562921487273116e-05,0.9998644593322754,6.216711497153361e-05,3.7706262483968664e-05,b
test_4803.jpg,1.9517165833340407e-05,0.9998614201686096,9.186706435839929e-05,2.7137496312576162e-05,b
test_4804.jpg,3.320789074418904e-05,0.9997770789769744,0.00013981045666106956,4.987529537175197e-05,b
test_4805.jpg,0.0003731739838862762,0.0009155852370240837,0.0022491227003281116,0.9964621366871643,d
test_4806.jpg,0.00010247562394854098,0.0001809033840471688,0.9996647943183898,5.182968732585943e-05,c
test_4807.jpg,0.0014481304365344166,0.008727862953559018,0.23416229732054902,0.7556617126247406,d
test_4808.jpg,0.9998407351713562,7.483991714356795e-05,6.60459890939103e-05,1.8349264551900118e-05,a
test_4809.jpg,2.9348643725063757e-05,0.99929560401268,0.00019436697140122846,0.00048072905463024374,b
test_4810.jpg,1.8348833857591233e-05,0.9998171335332489,0.00011613801530748234,4.841355087687604e-05,b
test_4811.jpg,0.0003573686571948174,0.0002048122474316327,0.9988208137831879,0.0006169655117803216,c
test_4812.jpg,7.775361079396093e-06,0.9999024914459229,6.812454356230796e-05,2.1611002950269468e-05,b
test_4813.jpg,0.0002376566286456582,0.000151393190610425,0.0001943927075389454,0.9994166001075744,d
test_4814.jpg,0.9997822770236968,0.0001315969951746802,3.7703168803862145e-05,4.841187530499413e-05,a
test_4815.jpg,0.001742720244069159,0.005175770271364164,0.9925157424887086,0.0005657784347572708,c
test_4816.jpg,0.9997128258403778,0.00011612585151561163,0.00011612585151561163,5.485404456020881e-05,a
test_4817.jpg,4.539486619276703e-05,0.9998884253082275,2.842125394727119e-05,3.770718841844277e-05,b
test_4818.jpg,0.26069794636695864,0.0026170827099145652,0.7315002041305543,0.005184779513685584,c
test_4819.jpg,0.9993604910877227,0.00036315536918532965,0.00024575060039190545,3.0592809221278034e-05,a
test_4820.jpg,5.178734325423016e-05,0.9988862387390136,0.00039160046931053995,0.0006704822319947975,b
test_4821.jpg,0.9996895177839661,0.00020340519166210772,8.479189731548415e-05,2.2216559208934494e-05,a
test_4822.jpg,4.8401636386171305e-05,0.00014908753744820387,0.00023046119328822495,0.9995720384059906,d
test_4823.jpg,7.95057387359303e-06,0.9999421200027465,4.0376345880381595e-05,9.534378961170354e-06,b
test_4824.jpg,0.00013151693529925377,0.9991820118534088,0.00046621326978184816,0.0002202235485335985,b
test_4825.jpg,0.669839742201233,0.016472599361428142,0.028901558440182207,0.2847860982367134,a
test_4826.jpg,0.0001232612822912313,0.0009714156113044888,0.00010877770537856843,0.9987965502705383,d
test_4827.jpg,0.6335935018979645,0.0070067271200686095,0.0006218037871319655,0.3587779971255541,a
test_4828.jpg,0.0002750215345572794,0.9867722473110199,0.00215855553215611,0.010794182197212458,b
test_4829.jpg,0.999918448236084,4.68220815838863e-05,2.4488884978402382e-05,1.0208485432299177e-05,a
test_4830.jpg,0.0001397602229709506,0.00035758700859460086,8.476885439960055e-05,0.9994178167858123,d
test_4831.jpg,0.9998232996128845,6.216450823640798e-05,8.10694028207235e-05,3.346911839148525e-05,a
test_4832.jpg,0.00020033216382555797,0.0007311951914985985,0.999025108404541,4.335589916547529e-05,c
test_4833.jpg,0.00015957184091961563,0.9992005858180999,0.0004590495961167133,0.0001808185821529834,b
test_4834.jpg,5.1834966371334414e-05,9.684046744196787e-05,8.546141684544385e-05,0.999765800208664,d
test_4835.jpg,0.0016247639485760927,0.9977057054859162,0.000556105266149281,0.00011347258124453,b
test_4836.jpg,0.0003742558300489694,0.0001376810189153847,0.0005025243439203054,0.9989855655582428,d
test_4837.jpg,5.714941885448113e-05,0.0003051116601509948,0.0003631198917967424,0.9992746556121825,d
test_4838.jpg,7.043855962088824e-05,0.9997786993488311,0.00012338248811041787,2.753035619112134e-05,b
test_4839.jpg,7.481066065865747e-05,0.00017946142089712903,0.00029588190477554947,0.999449904366684,d
test_4840.jpg,5.8286441455723137e-05,4.2726577217217536e-05,0.9998589167984009,4.005964225634653e-05,c
test_4841.jpg,0.9996609091815185,0.00019144921798647956,0.00012336795993405953,2.434007041740017e-05,a
test_4842.jpg,1.2241569331655086e-05,0.9998756623085022,9.045364140577891e-05,2.1610457557441742e-05,b
test_4843.jpg,0.0001941360027725956,0.9981368671863555,0.0011000119710633755,0.0005689562976415157,b
test_4844.jpg,0.01819119830255389,0.005757835911743855,0.24749756719474791,0.7285533827877044,d
test_4845.jpg,4.6819752491827896e-05,3.484559930662293e-05,0.9998735172877502,4.47426344918279e-05,c
test_4846.jpg,0.00031548959640948025,0.00035749655472872705,0.9991674661525727,0.00015956673262918397,c
test_4847.jpg,3.828426964461676e-05,0.0003632310339830235,0.9995670261817933,3.143305439466814e-05,c
test_4848.jpg,3.8296922712258245e-05,6.60488551160768e-05,0.9998841905639648,1.147757057568521e-05,c
test_4849.jpg,0.9998614049377441,7.484146401528698e-05,4.8415682781950726e-05,1.5271834795405684e-05,a
test_4850.jpg,4.27268160009266e-05,7.4841702157422e-05,0.999864576472168,1.7811187624336934e-05,c
test_4851.jpg,4.574834375634653e-05,0.9998531917984008,5.8286107455723136e-05,4.272634721721753e-05,b
test_4852.jpg,0.9996792385387421,0.00015964906228862032,0.00013158324250031562,2.9532107550452073e-05,a
test_4853.jpg,0.6072301244049836,0.21660220750267983,0.11373078651654721,0.06243687856070876,a
test_4854.jpg,4.539207999513156e-05,0.9998270549391175,0.00010249243930900834,2.5080122355949148e-05,b
test_4855.jpg,7.152376497121524e-05,0.0001794786220601201,0.0002033759224847758,0.9995456630120086,d
test_4856.jpg,0.00014087821167701081,0.00019143675221431196,0.9995972832290649,7.042565284811326e-05,c
test_4857.jpg,0.00035745078115483227,0.00033775881615483226,0.0002630468174831909,0.9990417594867707,d
test_4858.jpg,0.9998041886493683,7.044032192846678e-05,0.00010249005938398867,2.2868623099756323e-05,a
test_4859.jpg,0.9999310423057557,2.9367634171355944e-05,2.9367634171355944e-05,1.0208627617751492e-05,a
test_4860.jpg,0.9993165539283753,0.00022025260594629942,0.00039178764614254387,7.150555388518473e-05,a
test_4861.jpg,8.413544402878049e-06,0.9998809094718932,9.045412742000923e-05,2.0183044189690616e-05,b
test_4862.jpg,6.808742572621613e-05,0.00045911970648350355,0.00012332952454255147,0.9993494771866608,d
test_4863.jpg,0.0003204660377278552,0.00018083737625321938,0.00019138050077064527,0.9993072762646484,d
test_4864.jpg,5.872640223908737e-05,0.00020338470685722502,0.00014908998991568432,0.9995887788234711,d
test_4865.jpg,6.604423120165359e-05,9.044810834568412e-05,0.9998141988124847,2.936421781243317e-05,c
test_4866.jpg,9.683980228350021e-05,0.0001024852642835002,4.272221192300625e-05,0.9997579477466583,d
test_4867.jpg,0.9990944810184479,0.0007150737618501633,0.00015831783094419897,3.217983444607418e-05,a
test_4868.jpg,3.3275484380229187e-05,7.982373445114649e-05,0.9998590925186157,2.7747913046943086e-05,c
test_4869.jpg,9.902153250186324e-05,0.0002494835856592239,0.0007149545241484224,0.9989365637693787,d
test_4870.jpg,0.0008262487861794145,0.03701328134670639,0.0009362625339486807,0.9612242276378631,d
test_4871.jpg,0.0002628587986489138,0.0012055740814714824,0.9983602445140838,0.00017136210257602362,c
test_4872.jpg,0.9995736392658234,0.00017948364400062263,0.0001808871803871919,6.60283439708526e-05,a
test_4873.jpg,0.00012434288136522947,7.043596263591073e-05,0.9997430458638763,6.215951723115893e-05,c
test_4874.jpg,7.214284463692473e-06,0.9999145287254334,6.605085952332958e-05,1.2242051002111337e-05,b
test_4875.jpg,0.9997867849308013,4.5745240692058545e-05,0.00014911954294985355,1.834828324072112e-05,a
test_4876.jpg,9.019985724638272e-05,0.9971014694499969,0.0026771000372561218,0.00013124002049466892,b
test_4877.jpg,4.5750691952596594e-05,3.327702141519194e-05,0.9999052250511169,1.571895072561818e-05,c
test_4878.jpg,0.0003332765702448279,0.0003911861929213543,0.0006702425172489256,0.998605256463623,d
test_4879.jpg,1.892416545026947e-05,4.037583122023174e-05,0.9999291914459228,1.1478087295835827e-05,c
test_4880.jpg,5.485939029336158e-05,9.609351848781914e-05,0.9998113366725921,3.770426907394506e-05,c
test_4881.jpg,0.9995203223526001,0.00024579087685579925,0.00014907970776551963,8.477754680986755e-05,a
test_4882.jpg,0.00014897900112192182,0.0009108279732823223,0.9988441725265502,9.600056729356247e-05,c
test_4883.jpg,0.9985593657680512,0.00027824863852497696,0.0009711832188879907,0.00019123731237435417,a
test_4884.jpg,5.873661410460956e-05,0.0001398082681691386,4.005573193157211e-05,0.9997614021868133,d
test_4885.jpg,0.9999113041442871,4.539590386293777e-05,2.4298675135491976e-05,1.892382707797943e-05,a
test_4886.jpg,3.3239290000041015e-05,0.9987744384872437,0.0003350514885233075,0.00085725260151155,b
test_4887.jpg,4.8410374682360705e-05,9.044248328635507e-05,0.00010888179535733853,0.9997522702114106,d
test_4888.jpg,3.327463671005844e-05,0.00010889061928724461,0.9998332857063293,2.448683156837878e-05,c
test_4889.jpg,0.00019141608146387191,0.00021690283077915548,0.9994892181419373,0.0001024576476286622,c
test_4890.jpg,6.3140865657422e-05,3.5629902500926606e-05,0.999884496472168,1.6699771624336933e-05,c
test_4891.jpg,0.00020315317666188182,0.00024552908070643635,0.9984509059173584,0.0011003776886398912,c
test_4892.jpg,9.032821255074021e-05,0.0013350984314659058,0.9984786168807984,9.596542805935395e-05,c
test_4893.jpg,0.000597881340025644,0.001151603199146825,0.9980013645916748,0.0002492340231127374,c
test_4894.jpg,5.1831664863592985e-05,0.00015965276500483707,8.545597138741784e-05,0.9997030724674225,d
test_4895.jpg,4.3392325162779454e-05,5.873879133166615e-05,9.684389625370265e-05,0.9998010193115234,d
test_4896.jpg,5.782733818868854e-06,0.9999142386093139,6.605084129790179e-05,1.3872056994913216e-05,b
test_4897.jpg,0.406624623720398,0.0016780697474232911,0.0009586317604454994,0.5907387006545639,d
test_4898.jpg,8.546902654943221e-05,4.9172596877728594e-05,0.9998537900787354,1.1566973609078501e-05,c
test_4899.jpg,0.9988786868354034,0.000589241484115693,0.0003153982400078848,0.00021676982673845397,a
test_4900.jpg,7.981929387505658e-05,5.485894339052486e-05,0.999803127952652,6.216335989052486e-05,c
test_4901.jpg,5.143483206516298e-05,0.9998050316034699,0.00012338573143853412,2.0142168034279922e-05,b
test_4902.jpg,0.0012463443809384942,0.9980173401693726,0.00048712754275253114,0.0002492556539010322,b
test_4903.jpg,0.0007144609207557649,0.0005196718126625884,0.9982462054859161,0.0005196718126625884,c
test_4904.jpg,0.00042961593067630024,0.00048681866805211366,0.0016991641802636445,0.9973844942913055,d
test_4905.jpg,0.00012715854466910088,0.0002168008571082823,0.0006310038858744085,0.9990249856037903,d
test_4906.jpg,0.26888105353946684,0.0024249338610506056,0.005938952065492845,0.7227551043312073,d
test_4907.jpg,5.873382195939513e-06,0.9999448668399048,3.770930725128623e-05,1.1568050321496327e-05,b
test_4908.jpg,4.1302553460020956e-05,0.9995041132663727,0.00024962892279675394,0.00020495626222996323,b
test_4909.jpg,3.828867751551007e-05,0.9996733264610291,0.00019145135625135392,9.683148890550936e-05,b
test_4910.jpg,4.694205916256058e-06,0.9999117900276184,7.044792933482096e-05,1.3107881508773916e-05,b
test_4911.jpg,0.7309597281517028,0.0031528908358982918,0.26552861738936423,0.00035877933275390894,a
test_4912.jpg,4.3387206919341385e-05,0.00014089066252802372,0.0001272450660459312,0.9996884750717926,d
test_4913.jpg,0.999939855026245,2.9367893948698962e-05,2.5917075813160755e-05,4.869180420585681e-06,a
test_4914.jpg,1.4851968743165539e-05,0.9998334430770874,0.00011795633856882789,3.3795054636678697e-05,b
test_4915.jpg,3.770070273393664e-05,9.608446474503629e-05,0.0001491091760527104,0.9997171167250825,d
test_4916.jpg,2.7742765912633707e-05,0.00020340178733122065,9.608020184723794e-05,0.99967276378479,d
test_4917.jpg,4.2727411878758265e-05,3.2179050141604605e-05,0.9998792863311767,4.5749462378758266e-05,c
test_4918.jpg,0.0002465607394792876,0.7474309118833542,0.2521449620833542,0.00017763510366359473,b
test_4919.jpg,3.327318309089754e-05,0.9997900739769745,0.00014912005999092893,2.7530670164471025e-05,b
test_4920.jpg,0.0006677220459970989,0.011619453429215908,0.01739204103642112,0.9703208209207153,d
test_4921.jpg,0.0001161181718471539,5.485034101471737e-05,0.9996480921798706,0.00018090042519990025,c
test_4922.jpg,1.780887960298484e-05,0.9997358213504791,0.00021695656395012214,2.9361880776085016e-05,b
test_4923.jpg,0.9998260456814575,6.811898815562617e-05,8.746650769244254e-05,1.8333976231550705e-05,a
test_4924.jpg,6.216348276025245e-05,8.546499874438107e-05,0.9998066432788849,4.574611567094985e-05,c
test_4925.jpg,0.0002783921366388893,0.00033515099386310666,0.0003154596332143852,0.9990710332454682,d
test_4926.jpg,6.50937627758164e-05,8.546229501365819e-05,7.153997745963596e-05,0.9997779120444489,d
test_4927.jpg,0.9997700484889984,5.143303140721749e-05,0.00015842487563836217,2.018081344419895e-05,a
test_4928.jpg,0.999701524980545,7.482949528750019e-05,0.00016896020492165864,5.474642241570607e-05,a
test_4929.jpg,0.00017905128257840976,0.0007583103807794527,0.0018968872677135467,0.9971657610485076,d
test_4930.jpg,7.425202683424018e-06,0.9999173904464722,6.217043653971106e-05,1.300622302550023e-05,b
test_4931.jpg,0.00010282502846963562,0.9989533126138306,0.0001440679285560503,0.0007998095497062594,b
test_4932.jpg,7.98083717153231e-05,0.00011229175221935004,0.00013979521221935004,0.9996680636009216,d
test_4933.jpg,0.00013978845515659496,0.00011611495318146698,0.00012432755818146698,0.9996197510656738,d
test_4934.jpg,0.00038895811491760257,0.006587749447925568,0.9926022267551422,0.00042114072491760253,c
test_4935.jpg,4.503823445530598e-06,0.9999642974205016,2.4299963195719637e-05,6.962056125396162e-06,b
test_4936.jpg,0.9972272687110901,0.0009736181585156649,0.00016293706561447963,0.0016361692041479857,a
test_4937.jpg,0.9996407442962647,0.00010247314009043261,0.00020498537730526193,5.182842143164629e-05,a
test_4938.jpg,0.00029630406262023685,0.005644844388143229,0.0008054379763023227,0.9932534531337738,d
test_4939.jpg,0.9997197970734406,0.00017950989189873933,7.043440459899157e-05,3.0249158805333068e-05,a
test_4940.jpg,0.00045906810307342347,0.00017942340540684536,0.0001233157828525825,0.9992381616004944,d
test_4941.jpg,7.482848218089894e-05,0.00019145432381935938,4.5740702052926054e-05,0.9996880063297271,d
test_4942.jpg,0.0026230243451312064,0.4299686272485962,0.5657102298367691,0.0016981178153261662,c
test_4943.jpg,0.00040591513753043937,0.0003253632154396814,0.9421962434005737,0.057072520142374634,c
test_4944.jpg,0.009733980401552676,0.001979431208141786,0.960928945377655,0.027357631429559708,c
test_4945.jpg,0.00015964851758674443,0.00011229230904669694,0.9996788778862762,4.916367286246101e-05,c
test_4946.jpg,0.967609554978714,0.021752422789369105,0.0037219720551964043,0.006916076431304991,a
test_4947.jpg,0.005977695927369475,0.23534819706775664,0.016249062355427744,0.742425028251648,d
test_4948.jpg,0.0003534113684750602,0.011702319682215929,0.9877013983600617,0.0002428738831909755,c
test_4949.jpg,1.4851379511910624e-05,0.9997944421951295,0.0001716185700879614,1.9069549120180712e-05,b
test_4950.jpg,0.0002607690850932634,0.0007560298966083526,0.0008566940956727534,0.9981265299205779,d
test_4951.jpg,9.043698541414923e-05,0.9996921694593811,0.00019145510491312803,2.5910631972948187e-05,b
test_4952.jpg,0.00010244191429680159,0.00031554332366977186,0.0002457453468029961,0.9993363137542725,d
test_4953.jpg,6.216177658258367e-05,7.483522859393673e-05,8.479941432705418e-05,0.9997781386051178,d
test_4954.jpg,0.00016893086689027698,0.999527032559967,0.00024579281469148994,5.8267090529814103e-05,b
test_4955.jpg,7.981626424968243e-05,7.981626424968243e-05,7.483428424968244e-05,0.9997655146515656,d
test_4956.jpg,7.468498628046622e-06,0.999892658656311,6.656601216362745e-05,3.3276597663113835e-05,b
test_4957.jpg,0.9965266311236572,0.0018387115054544806,0.0003195201432326329,0.00131511536383726,a
test_4958.jpg,0.0036950395606492282,0.00026789961004009455,0.9945298943115235,0.0015071742281124352,c
test_4959.jpg,0.9997517479553986,0.00019146668463308915,4.0368713299129456e-05,1.6381794313193617e-05,a
test_4960.jpg,0.000278354673280631,0.0003797248627243459,0.0004050036677243459,0.9989369044384002,d
test_4961.jpg,0.9972478448777008,0.0005687611179363087,0.00043286816395267396,0.0017505333567821742,a
test_4962.jpg,8.478421503349811e-05,0.00024581026913320943,0.9995989497413635,7.042583111852924e-05,c
test_4963.jpg,1.8921340764573755e-05,4.2723200555940254e-05,0.00015842644785710633,0.9997799409302521,d
test_4964.jpg,0.2879039486523628,0.7060714053831483,0.005035139514949322,0.0009895229157212615,b
test_4965.jpg,0.0002839381203334942,0.0002839381203334942,0.5151917453826904,0.4842403785478592,c
test_4966.jpg,7.153364057243407e-05,0.00017950379720468908,6.312822135228806e-05,0.9996858543294525,d
test_4967.jpg,0.0003828129177428037,0.0002784428213353735,0.9992483517166137,9.03967412270445e-05,c
test_4968.jpg,3.1195691679822916e-05,0.00010888366684535668,9.044405206886344e-05,0.9997694558376312,d
test_4969.jpg,0.00014910752270291447,7.482980528195857e-05,0.9997056423416137,7.043345341274052e-05,c
test_4970.jpg,0.0005314585549823314,0.14127586868860625,0.8572478061595916,0.0009448405166715681,c
test_4971.jpg,0.00014909814003788278,0.00014909814003788278,0.9996435637875366,5.82738847809936e-05,c
test_4972.jpg,5.142425270933863e-05,7.980269659459195e-05,0.0002693528607026963,0.999599393157196,d
test_4973.jpg,0.980254084141922,0.00403476934957186,0.00736522902816391,0.00834589783747542,a
test_4974.jpg,8.545317504634282e-06,0.9998998191207886,6.656644659060353e-05,2.5061586324230415e-05,b
test_4975.jpg,0.016725220837171078,0.5589522129007721,0.41152614411796573,0.012796448197687865,b
test_4976.jpg,6.656212116672587e-05,6.604554797508377e-05,0.9998340909385681,3.3274651478518024e-05,c
test_4977.jpg,0.002472942480052912,0.23650477616316223,0.760272415057373,0.0007498679210620135,c
test_4978.jpg,1.3107365802783909e-05,0.9998717998672486,9.609933128203042e-05,1.8923079737066933e-05,b
test_4979.jpg,2.429875256136815e-05,3.829807249064773e-05,0.9999144719352722,2.287115156136815e-05,c
test_4980.jpg,0.999786681557846,0.00010888553880313928,8.480013459355734e-05,1.96079520313893e-05,a
test_4981.jpg,4.574008221478436e-05,0.00021694330832616583,6.215529677455335e-05,0.9996751406440735,d
test_4982.jpg,5.485130070876763e-05,0.9996653140861511,0.0002049906679093358,7.48267848993997e-05,b
test_4983.jpg,0.0002772646518198034,0.5722013544308853,0.0014070982689435364,0.4261142868873901,b
test_4984.jpg,0.7910997790153503,0.0054126144208507775,0.010112094695065021,0.19337549729553222,a
test_4985.jpg,2.8390413007051218e-05,4.338457369391359e-05,0.00029168348338158204,0.9996365032581329,d
test_4986.jpg,7.541881897562943e-05,7.043695988326162e-05,9.683968124519564e-05,0.9997572905376435,d
test_4987.jpg,6.656161945897214e-05,4.84139716376159e-05,0.9998267022075653,5.8284561017663816e-05,c
test_4988.jpg,4.9171045423287806e-05,0.000104095102774476,0.9998238979761505,2.2869049866788996e-05,c
test_4989.jpg,0.0014135252626854122,0.00281617415847224,0.0008068473484962135,0.9949634674488068,d
test_4990.jpg,1.4735314917489682e-05,0.999736493932724,0.00020341476096348942,4.538796964704864e-05,b
test_4991.jpg,0.0014252411154406755,0.00037729823342546524,0.0001846172050975375,0.9980128100370789,d
test_4992.jpg,2.429953391699121e-05,1.892449486253498e-05,0.9999465971191406,1.0129551905339048e-05,c
test_4993.jpg,0.00010968885535258247,0.00015138438040684536,0.9993644966004944,0.00037442122807342354,c
test_4994.jpg,0.2738432960708847,0.00757876083479557,0.6647272270708847,0.053850770126338,c
test_4995.jpg,0.00023041598008172453,0.9993759674285889,0.0003352532959096867,5.837209319273073e-05,b
test_4996.jpg,1.3106318627843097e-05,0.9998041104270935,0.00013365793163426973,4.9170002580063155e-05,b
test_4997.jpg,0.9984357913555145,0.0012468703543894767,0.0002608498753149283,5.644015454540891e-05,a
test_4998.jpg,0.005001913132157177,0.011704144046660453,0.3296128072217852,0.653681177684784,d
test_4999.jpg,0.9995502414997101,0.0002631831894409564,8.253289313216634e-05,0.00010406759976650041,a
test_5000.jpg,0.00012722949174889475,0.0001633659052756545,0.00013362595174889476,0.9995757651325226,d
test_5001.jpg,0.004184975613082289,0.9929218016410064,0.0007521077776525527,0.002141069163717556,b
test_5002.jpg,0.00026108565867097853,0.0002981620178200471,0.9993383012231445,0.00010244257652842622,c
test_5003.jpg,0.9997636668605805,7.981607933851682e-05,0.00011613171107355528,4.0369088289675015e-05,a
test_5004.jpg,3.82978612711005e-05,3.82978612711005e-05,0.9999102951202392,1.310784720977225e-05,c
test_5005.jpg,0.9998008382637025,0.00014420392281470933,3.948217111752641e-05,1.546143970539482e-05,a
test_5006.jpg,3.119717412260946e-05,0.9998169258694458,0.00012435219823117317,2.7531409583663567e-05,b
test_5007.jpg,2.9364939932074097e-05,4.5392656267747355e-05,8.546791825294003e-05,0.9998397402404785,d
test_5008.jpg,2.3654019873472023e-05,0.9998851346336365,4.8416812452343166e-05,4.272768294705497e-05,b
test_5009.jpg,3.326560736784475e-05,0.9995639005680084,0.0002785295028254703,0.00012432042258130597,b
test_5010.jpg,2.8418757360964217e-05,0.9998006939990998,7.483691374438419e-05,9.609249402865112e-05,b
test_5011.jpg,0.9999489796073914,2.2871952701832265e-05,2.2871952820985792e-05,5.257721427256673e-06,a
test_5012.jpg,0.000877820971912564,0.7183071468488693,0.01078545766076069,0.27002956927630617,b
test_5013.jpg,5.5714488263347745e-05,0.9997577208141326,7.04370032055664e-05,0.00011613098058993675,b
test_5014.jpg,0.0003571405102861449,0.001334669937558782,0.00014974581919994742,0.9981584003574371,d
test_5015.jpg,0.002515470261082835,0.0008266150691726089,0.000426478662158851,0.9962314941295624,d
test_5016.jpg,3.9476491314960585e-05,0.9996616888401031,0.0002496689469879399,4.916272503320276e-05,b
test_5017.jpg,0.0002169047659369418,0.0001161007557236094,0.0001715680359369418,0.9994954003067016,d
test_5018.jpg,2.507929930876114e-05,0.9997944847428131,0.00010888638947273903,7.154155274781883e-05,b
test_5019.jpg,0.0009180426719996488,7.47736764632403e-05,0.9989558460736847,5.139114461049728e-05,c
test_5020.jpg,0.9973005258522034,0.001546221271041912,0.000790885697509557,0.0003623666411675793,a
test_5021.jpg,0.015902328236449423,0.08301760280483246,0.0016026820404833198,0.8994773690757751,d
test_5022.jpg,0.0003368942137834081,0.001984063959468663,0.001202660815127343,0.9964764173847198,d
test_5023.jpg,0.005111894165772081,0.00427289868349812,0.9660264242855072,0.024588833694690226,c
test_5024.jpg,6.215806379807022e-05,0.00012337505077904403,9.608459380249315e-05,0.9997184266780853,d
test_5025.jpg,6.653003423446081e-05,0.00026313137071773765,0.00030514193571773765,0.9993652015743255,d
test_5026.jpg,0.0006677231577338278,0.000357407147261017,0.9989127820358277,6.210804686454825e-05,c
test_5027.jpg,0.00026382631930252614,0.011221523329589068,0.0018660737610347003,0.986648529299469,d
test_5028.jpg,0.0002573775543126008,0.9995142278572082,0.0001243130418944261,0.00010406127200350597,b
test_5029.jpg,0.00035634890166049663,0.000754390608055234,0.0028849031077601076,0.9960043428354645,d
test_5030.jpg,5.432271534758401e-06,0.9998949671218872,8.480932751515098e-05,1.4737650437170864e-05,b
test_5031.jpg,4.2906296495643574e-05,0.9998068509371949,0.00010732394400306173,4.2906296495643574e-05,b
test_5032.jpg,8.545331856850953e-05,0.9996668688082886,0.0001233686946064301,0.00012433369525416329,b
test_5033.jpg,0.9996730710491181,0.00015143374813992322,0.00015143374813992322,2.4110748198233466e-05,a
test_5034.jpg,2.631942982489861e-05,6.656143242907282e-05,8.106955275519762e-05,0.9998260535194397,d
test_5035.jpg,1.571922622926729e-05,0.9999222013298035,4.5396400417623806e-05,1.670040172926729e-05,b
test_5036.jpg,0.00025985285993376957,0.9995686699791717,0.00012158109091010354,4.982253975678336e-05,b
test_5037.jpg,2.9359325472948185e-05,0.9996492844593812,0.00011793475041414924,0.00020339701491312801,b
test_5038.jpg,0.9994224002416991,0.00020335084964566978,0.000315570779806343,5.8716552435487273e-05,a
test_5039.jpg,0.9972267746357727,0.0005434929103992984,0.00041056904188736825,0.0018191730528922141,a
test_5040.jpg,0.0002783159284238803,0.000519962645199678,0.9987967615657807,0.00040494854568982273,c
test_5041.jpg,0.8220854679347229,0.1768180077384758,0.0009011227442193568,0.00019543412134979488,a
test_5042.jpg,0.025783892632867098,0.07371060349422455,0.8951756606700898,0.005329822132893294,c
test_5043.jpg,0.001168775990801227,0.9982033963181305,0.0004872183753446981,0.00014068205078206854,b
test_5044.jpg,0.0003374256061325878,0.00028244425739423784,0.99814119257164,0.0012389236650414944,c
test_5045.jpg,0.0023799249950773476,0.0002908061814885211,0.9970096345934296,0.0003196540764885211,c
test_5046.jpg,0.00033406078000276475,0.001922387023835391,0.9958211091773987,0.001922387023835391,c
test_5047.jpg,7.41082430488629e-06,0.9999310985153198,4.006253210361505e-05,2.144393123659312e-05,b
test_5048.jpg,0.9251079544884491,0.0009588958358024884,0.07177987159845733,0.002153335815879464,a
test_5049.jpg,2.591663182815682e-05,3.770847414329956e-05,0.9999229216781615,1.3414839186573836e-05,c
test_5050.jpg,2.3950486174768083e-05,0.9999270496322632,3.120061017476808e-05,1.7812294609071467e-05,b
test_5051.jpg,0.2551919686814957,0.04013841840799713,0.7023028641515732,0.002366758515893769,c
test_5052.jpg,1.670041072926729e-05,4.272930741762381e-05,0.9999227513298035,1.7812229229267293e-05,c
test_5053.jpg,3.3277801598882365e-05,2.9367557305248857e-05,0.9999283606552124,8.93913577655349e-06,c
test_5054.jpg,0.9991040011276244,0.0005699216285986948,0.0002630603545043838,6.308961367415883e-05,a
test_5055.jpg,8.5442490760856e-05,0.999548764120636,0.0002496408916016251,0.00011610640993765399,b
test_5056.jpg,0.0015439024468276053,0.001476526419966656,0.9967306806613923,0.0002488879419339821,c
test_5057.jpg,6.143625129473987e-06,0.999904395051117,6.656680483991082e-05,2.2870919428158062e-05,b
test_5058.jpg,0.00015141608472271786,0.00018088343016905322,0.00010729685276377647,0.9995604480396271,d
test_5059.jpg,0.0036153739956871034,0.0013300216712263109,0.994740586478424,0.0003140805616114786,c
test_5060.jpg,2.5905452324126925e-05,0.9994916393058777,0.00037993572388449225,0.00010245805308065981,b
test_5061.jpg,0.8155663191238403,0.017364070296063898,0.02462796944783783,0.14244160814861298,a
test_5062.jpg,5.873222997054357e-05,0.00014089129299778817,0.0001097262547944241,0.9996906834447479,d
test_5063.jpg,0.0005726794152407959,0.8563760419044495,0.0008975720449938894,0.14215364801955938,b
test_5064.jpg,4.838397052220294e-05,0.9992011191287995,0.0007151504107107622,3.532925606621288e-05,b
test_5065.jpg,0.0004914615319827407,0.00029808648241703745,0.9990944288219452,0.00011605333657187,c
test_5066.jpg,0.00018509246203967554,0.0001513974574443263,0.0002202819876387024,0.9994432650592041,d
test_5067.jpg,0.0001595904549587606,0.00046628069161522566,0.9993222712051392,5.1811433906513e-05,c
test_5068.jpg,0.0001332930757520467,0.0022495075438056407,0.000432855929672859,0.9971843259544373,d
test_5069.jpg,5.874172620338518e-05,7.484050351390157e-05,0.9998485444262695,1.7810896627393243e-05,c
test_5070.jpg,8.744217828535818e-05,0.0002376924973347673,0.00011610740780444972,0.9995587753910828,d
test_5071.jpg,6.398694663419901e-05,0.0008101525519789934,0.00019130886956666363,0.9989345534236909,d
test_5072.jpg,1.3106830944404446e-05,0.9998331361611176,0.000124354155762616,2.9364732541273103e-05,b
test_5073.jpg,1.3872640979962079e-05,2.161221710572965e-05,0.9999565488858032,7.950690574591364e-06,c
test_5074.jpg,0.9998014589286042,7.981912306141719e-05,0.00010248978022685758,1.619252610487054e-05,a
