id,p_a,p_b,p_c,p_d,answer
test_0001.jpg,0.00033519606,0.0003798269,7.961604e-05,0.9992054,d
test_0002.jpg,0.3480522,0.6502471,0.0005929486,0.0011077739,b
test_0003.jpg,0.00015837891,0.00015837891,0.99947995,0.00020336255,c
test_0004.jpg,0.9991891,0.00043039324,0.0003351906,4.5363115e-05,a
test_0005.jpg,0.00029571875,0.99889886,0.00062603655,0.00017936248,b
test_0006.jpg,0.000335078,0.99885345,0.0007093601,0.000102193015,b
test_0007.jpg,0.9998288,7.483902e-05,7.483902e-05,2.1441738e-05,a
test_0008.jpg,4.5384408e-05,0.9996581,0.00023048103,6.603392e-05,b
test_0009.jpg,0.0010465815,0.0105701,0.03689327,0.95149,d
test_0010.jpg,7.4827614e-05,0.99967647,0.0001397964,0.00010887354,b
test_0011.jpg,0.0019246201,0.00080230105,0.00029515006,0.9969779,d
test_0012.jpg,5.77129e-06,0.9998851,8.480849e-05,2.4298039e-05,b
test_0013.jpg,0.9995883,0.000123359,0.00010886394,0.00017948628,a
test_0014.jpg,0.0014944413,0.99401516,0.0040623127,0.0004281646,b
test_0015.jpg,0.0033686813,0.0015912523,0.2676075,0.72743255,d
test_0016.jpg,0.00015826887,0.00062596553,0.00043021943,0.99878556,d
test_0017.jpg,0.99928135,0.00017943115,0.00043043296,0.00010883051,a
test_0018.jpg,0.00015834661,0.9992761,0.00023039295,0.00033521978,b
test_0019.jpg,8.344318e-05,0.98378825,0.015901456,0.00022682209,b
test_0020.jpg,3.53488e-05,0.9997539,0.000179516,3.1195206e-05,b
test_0021.jpg,6.1438373e-06,0.99993896,4.006285e-05,1.4738299e-05,b
test_0022.jpg,0.0011658488,0.0003340213,0.9957034,0.002796726,c
test_0023.jpg,1.3006202e-05,0.9999157,5.8289752e-05,1.3006202e-05,b
test_0024.jpg,0.998317,0.00033489804,0.001168909,0.000179258,a
test_0025.jpg,0.00043036847,0.93859726,0.00096985034,0.060002513,b
test_0026.jpg,0.00015833954,0.00037983683,0.00023038266,0.99923146,d
test_0027.jpg,0.0001233505,9.6065465e-05,0.00026113298,0.99951947,d
test_0028.jpg,0.9133301,0.08495293,0.0012117885,0.0005051486,a
test_0029.jpg,0.00013978471,0.00015839681,0.99959296,0.00010886444,c
test_0030.jpg,1.0129063e-05,0.9998983,7.4844225e-05,1.6700002e-05,b
test_0031.jpg,0.9985197,0.0004301049,0.00013963463,0.00091053214,a
test_0032.jpg,9.606582e-05,0.99952316,0.00029590356,8.4777785e-05,b
test_0033.jpg,0.00048044507,0.014040662,0.9843264,0.0011525278,c
test_0034.jpg,8.476935e-05,0.00023042699,0.00026110798,0.99942374,d
test_0035.jpg,4.5389184e-05,5.1432686e-05,0.00013980853,0.9997633,d
test_0036.jpg,0.00012336929,9.60801e-05,0.9996717,0.00010887302,c
test_0037.jpg,0.00088580366,0.0138563,0.0138563,0.97140163,d
test_0038.jpg,0.9994899,0.00033529152,0.00012334685,5.141862e-05,a
test_0039.jpg,1.669965e-05,0.9998772,6.604839e-05,4.0060375e-05,b
test_0040.jpg,0.9997383,0.00013980504,9.60865e-05,2.586133e-05,a
test_0041.jpg,0.9997687,0.00013980929,4.0056024e-05,5.1432962e-05,a
test_0042.jpg,0.99886477,0.00091084675,0.00013968287,8.472194e-05,a
test_0043.jpg,5.828056e-05,7.4833726e-05,0.99975806,0.00010888243,c
test_0044.jpg,0.99971586,0.00013980191,0.00010887783,3.5347457e-05,a
test_0045.jpg,0.99875355,0.00091074535,0.0002609329,7.4758536e-05,a
test_0046.jpg,0.99837434,0.0008034248,0.00048730182,0.00033491728,a
test_0047.jpg,8.4805695e-05,5.143726e-05,0.9998522,1.1477204e-05,c
test_0048.jpg,2.1442558e-05,0.9998671,6.604772e-05,4.5393896e-05,b
test_0049.jpg,0.00012223877,0.00079709693,0.008569599,0.990511,d
test_0050.jpg,0.011210924,0.0041242684,0.7859465,0.19871838,c
test_0051.jpg,4.0055475e-05,9.60881e-05,0.000108882086,0.99975497,d
test_0052.jpg,5.1433966e-05,5.1433966e-05,0.00010888571,0.9997882,d
test_0053.jpg,0.9952756,0.0008009312,0.00033387778,0.0035895244,a
test_0054.jpg,0.007563733,0.9906536,0.0014893874,0.0002932778,b
test_0055.jpg,8.938974e-06,0.99991024,6.6050576e-05,1.4737875e-05,b
test_0056.jpg,0.00017942327,0.9992374,0.0002033132,0.0003798391,b
test_0057.jpg,0.00093427394,0.29354015,0.7041662,0.0013593605,c
test_0058.jpg,0.015696505,0.002407137,0.9711084,0.01078804,c
test_0059.jpg,2.1443288e-05,6.604997e-05,0.99990106,1.1477764e-05,c
test_0060.jpg,0.99981815,5.8284062e-05,9.609417e-05,2.7531443e-05,a
test_0061.jpg,0.99988496,4.0060684e-05,5.828796e-05,1.669978e-05,a
test_0062.jpg,0.00017927127,0.0011689955,0.00026083813,0.9983909,d
test_0063.jpg,2.7532837e-05,5.8287013e-05,4.5393972e-05,0.99986875,d
test_0064.jpg,0.99990535,3.5354155e-05,4.5395635e-05,1.3844886e-05,a
test_0065.jpg,0.7243286,0.26646563,0.0011592174,0.008046565,a
test_0066.jpg,6.604342e-05,0.99980193,6.604342e-05,6.604342e-05,b
test_0067.jpg,1.8923583e-05,0.99989843,5.1439638e-05,3.1199717e-05,b
test_0068.jpg,7.4799005e-05,0.00029583578,0.99929416,0.00033522584,c
test_0069.jpg,0.00010888637,5.143428e-05,0.9997943,4.5390592e-05,c
test_0070.jpg,2.4297316e-05,0.9998554,7.484102e-05,4.5393368e-05,b
test_0071.jpg,0.00010886552,0.00017948888,0.00010886552,0.99960285,d
test_0072.jpg,0.9911361,0.0027838973,0.004589871,0.0014901127,a
test_0073.jpg,0.00012335903,0.00020338465,0.99958855,8.478333e-05,c
test_0074.jpg,1.01287005e-05,0.99986255,9.609845e-05,3.1198597e-05,b
test_0075.jpg,0.9996699,0.000158409,0.00012336907,4.8312024e-05,a
test_0076.jpg,0.99624336,0.0024694405,0.00037870096,0.00090845634,a
test_0077.jpg,8.479527e-05,0.9997292,0.0001584184,2.7528995e-05,b
test_0078.jpg,8.480128e-05,9.6092444e-05,0.99980015,1.8921723e-05,c
test_0079.jpg,0.00037961593,0.0007092159,0.00026090592,0.9986504,d
test_0080.jpg,1.3005353e-05,0.9998505,0.0001088925,2.7532335e-05,b
test_0081.jpg,0.0045981407,0.0013173893,0.001162592,0.9929219,d
test_0082.jpg,0.0001794704,0.9994999,0.00023044457,9.02434e-05,b
test_0083.jpg,0.9992156,0.00029581253,0.00043040467,5.8248937e-05,a
test_0084.jpg,5.1434967e-05,7.483744e-05,0.99980766,6.60438e-05,c
test_0085.jpg,0.00022675621,0.98350257,0.00037385782,0.015896838,b
test_0086.jpg,4.5390105e-05,0.00013981137,0.9997836,3.1196134e-05,c
test_0087.jpg,7.888335e-06,0.9998746,9.6099604e-05,2.144272e-05,b
test_0088.jpg,0.041641224,0.0049733347,0.94774985,0.0056355265,c
test_0089.jpg,5.421823e-06,0.99992156,5.829009e-05,1.4738042e-05,b
test_0090.jpg,1.6700975e-05,1.6700975e-05,0.9999565,1.0129652e-05,c
test_0091.jpg,0.00042983395,0.0015002679,0.00017918144,0.99789065,d
test_0092.jpg,3.1198986e-05,0.99987495,7.484248e-05,1.892314e-05,b
test_0093.jpg,0.00048775008,0.0001794332,4.0036957e-05,0.99929273,d
test_0094.jpg,5.421972e-06,0.9999491,4.0063253e-05,5.421972e-06,b
test_0095.jpg,0.0017001259,0.99794906,0.0002607227,9.010336e-05,b
test_0096.jpg,0.025918392,0.9725805,0.0012904007,0.00021065213,b
test_0097.jpg,0.00013979331,0.00013979331,0.9996544,6.603368e-05,c
test_0098.jpg,0.99972695,0.00017951117,6.603847e-05,2.7528933e-05,a
test_0099.jpg,4.006045e-05,6.6048524e-05,0.9998791,1.4737417e-05,c
test_0100.jpg,0.9993771,0.00037989215,0.0001583626,8.4765394e-05,a
test_0101.jpg,1.3005353e-05,0.9998505,0.0001088925,2.7532335e-05,b
test_0102.jpg,6.961566e-06,0.9998939,7.48439e-05,2.4298253e-05,b
test_0103.jpg,0.66682714,0.0074077807,0.31498685,0.010778257,a
test_0104.jpg,6.603951e-05,0.9997427,0.00013980565,5.1431623e-05,b
test_0105.jpg,0.00020333251,0.00020333251,0.0002610841,0.99933225,d
test_0106.jpg,0.14714733,0.0016346594,0.004443465,0.8467745,d
test_0107.jpg,0.00013965045,0.0011692789,0.99863285,5.8214966e-05,c
test_0108.jpg,8.4784784e-05,0.0002611555,4.830892e-05,0.9996057,d
test_0109.jpg,0.9997837,9.6090866e-05,8.479988e-05,3.5349854e-05,a
test_0110.jpg,0.00012332156,0.00029583307,0.00029583307,0.99928504,d
test_0111.jpg,8.479474e-05,9.608503e-05,0.999723,9.608503e-05,c
test_0112.jpg,1.1477793e-05,0.99990356,6.605014e-05,1.8923682e-05,b
test_0113.jpg,0.014352323,0.093588896,0.0041120094,0.8879468,d
test_0114.jpg,0.0057151793,0.015535468,0.9611454,0.017603993,c
test_0115.jpg,0.00013977151,0.00015838185,0.00020336633,0.9994985,d
test_0116.jpg,0.0007093886,0.99889356,0.00033509143,6.198568e-05,b
test_0117.jpg,0.9966642,0.0016979371,0.0014984241,0.00013937516,a
test_0118.jpg,1.012944e-05,0.9999355,4.5397002e-05,8.9392e-06,b
test_0119.jpg,0.0035851717,0.0010271688,0.001318911,0.99406874,d
test_0120.jpg,4.539258e-05,5.828522e-05,0.999838,5.828522e-05,c
test_0121.jpg,0.0014944413,0.0004281646,0.0040623127,0.99401516,d
test_0122.jpg,0.9976407,0.0004297263,0.0016996006,0.0002300159,a
test_0123.jpg,0.9998481,5.8285812e-05,6.604647e-05,2.7532269e-05,a
test_0124.jpg,0.00013976729,9.6060554e-05,0.00029588735,0.9994684,d
test_0125.jpg,6.961455e-06,0.9998779,9.6099924e-05,1.8923196e-05,b
test_0126.jpg,0.9996039,0.00015839856,0.00017948907,5.8271573e-05,a
test_0127.jpg,7.483468e-05,9.608963e-05,0.9997708,5.8281305e-05,c
test_0128.jpg,1.0128953e-05,0.99988747,7.484341e-05,2.7533353e-05,b
test_0129.jpg,2.4292076e-05,0.99963975,0.0002959381,4.005086e-05,b
test_0130.jpg,6.6037304e-05,0.00013980099,8.479358e-05,0.9997093,d
test_0131.jpg,0.99975306,0.00010888188,0.00012337933,1.4735559e-05,a
test_0132.jpg,0.00010886444,0.00013978471,0.00015839681,0.99959296,d
test_0133.jpg,9.607594e-05,0.00017949348,9.607594e-05,0.9996284,d
test_0134.jpg,0.00015835834,0.00023041003,0.99935013,0.00026108875,c
test_0135.jpg,0.0018817772,0.003102526,0.9747847,0.02023101,c
test_0136.jpg,0.037272528,0.00077356666,0.00068267016,0.96127117,d
test_0137.jpg,0.93154174,0.013287729,0.0026165093,0.052553993,a
test_0138.jpg,0.9980356,0.00020306867,0.00026074532,0.0015004858,a
test_0139.jpg,0.020318894,0.97901917,0.00037215353,0.00028983346,b
test_0140.jpg,0.997863,0.00070865673,0.00062538736,0.0008030133,a
test_0141.jpg,6.9618086e-06,0.9999287,4.5396693e-05,1.8924156e-05,b
test_0142.jpg,0.00029585714,0.00015836091,0.99936634,0.00017944642,c
test_0143.jpg,5.421911e-06,0.9999378,4.00628e-05,1.6700662e-05,b
test_0144.jpg,2.4297751e-05,0.9998733,7.4842355e-05,2.7532962e-05,b
test_0145.jpg,0.9986374,0.000379611,0.0008036365,0.00017931552,a
test_0146.jpg,2.4294508e-05,0.9997398,9.6086645e-05,0.00013980526,b
test_0147.jpg,0.99967504,0.00013979619,0.00013979619,4.5385175e-05,a
test_0148.jpg,5.143392e-05,0.00013981189,0.9997873,2.1440846e-05,c
test_0149.jpg,1.6700169e-05,0.9999083,6.605045e-05,8.938957e-06,b
test_0150.jpg,6.6037646e-05,0.00017950893,0.99971443,4.0053852e-05,c
test_0151.jpg,0.99869484,0.0007092475,0.00026091756,0.0003350248,a
test_0152.jpg,0.00078892906,0.9803612,0.017955942,0.00089397375,b
test_0153.jpg,9.607332e-05,0.00017948859,0.9996012,0.00012336059,c
test_0154.jpg,4.5391025e-05,6.604355e-05,8.480159e-05,0.99980384,d
test_0155.jpg,0.99972373,0.00010887869,0.000139803,2.7528844e-05,a
test_0156.jpg,0.00020337092,0.0001794742,0.999521,9.606562e-05,c
test_0157.jpg,0.0066157305,0.9818615,0.010907496,0.00061535876,b
test_0158.jpg,8.479495e-05,0.00015841782,0.9997255,3.1194322e-05,c
test_0159.jpg,0.9999167,3.1200285e-05,3.5354555e-05,1.6700309e-05,a
test_0160.jpg,2.7530632e-05,0.9997887,0.00010888576,7.483602e-05,b
test_0161.jpg,3.119781e-05,9.609602e-05,0.9998373,3.535175e-05,c
test_0162.jpg,3.5354606e-05,2.7534195e-05,0.9999181,1.8923956e-05,c
test_0163.jpg,0.00025416483,0.91390604,0.0850065,0.0008333744,b
test_0164.jpg,0.99935013,0.00029585237,0.00029585237,5.825678e-05,a
test_0165.jpg,2.0143601e-05,0.99987614,5.8287445e-05,4.539431e-05,b
test_0166.jpg,0.0002955096,0.99819237,0.00080327835,0.0007088907,b
test_0167.jpg,5.827381e-05,0.99964225,0.00020339558,9.607727e-05,b
test_0168.jpg,0.00023029014,0.0007093436,0.99883014,0.00023029014,c
test_0169.jpg,0.99932706,0.00033523687,0.00017943936,0.00015835468,a
test_0170.jpg,0.00048776052,0.00012332517,7.4800504e-05,0.9993142,d
test_0171.jpg,0.00012336024,0.00020338666,7.482178e-05,0.99959844,d
test_0172.jpg,4.539265e-05,0.99983966,7.483984e-05,4.005887e-05,b
test_0173.jpg,0.9986523,0.000430162,0.00048743744,0.000430162,a
test_0174.jpg,0.7795929,0.00764286,0.038813643,0.17395069,a
test_0175.jpg,0.00037969594,0.00037969594,0.00037969594,0.99886084,d
test_0176.jpg,0.0059013306,0.00062199566,0.99245125,0.0010254976,c
test_0177.jpg,0.9992842,0.0003352225,0.00029583284,8.4757514e-05,a
test_0178.jpg,7.4831405e-05,0.9997271,0.00013980347,5.8278754e-05,b
test_0179.jpg,5.8271573e-05,0.9996039,0.00015839856,0.00017948907,b
test_0180.jpg,0.99955887,0.00020337861,0.000179481,5.826895e-05,a
test_0181.jpg,0.1640908,0.0023406297,0.83332187,0.00024670057,c
test_0182.jpg,7.483204e-05,0.00015841941,0.99973553,3.1194635e-05,c
test_0183.jpg,0.00013971255,0.00029577146,0.0004876447,0.99907684,d
test_0184.jpg,0.00048668223,0.0014990866,0.000909242,0.99710494,d
test_0185.jpg,0.9993395,0.00043045805,0.00013974927,9.022891e-05,a
test_0186.jpg,0.99983025,8.480383e-05,6.604529e-05,1.8922294e-05,a
test_0187.jpg,0.00015835711,0.00020333457,0.00029585007,0.9993424,d
test_0188.jpg,0.00023027459,0.00020321662,0.0008037373,0.9987627,d
test_0189.jpg,6.604195e-05,5.8281817e-05,9.609047e-05,0.99977964,d
test_0190.jpg,9.608562e-05,5.1430925e-05,0.9997291,0.00012337638,c
test_0191.jpg,0.99983716,5.1436487e-05,6.604575e-05,4.539254e-05,a
test_0192.jpg,0.00013974575,5.825469e-05,0.9993143,0.00048776058,c
test_0193.jpg,0.030907428,0.9032474,0.06543103,0.00041415976,b
test_0194.jpg,0.0002729932,0.86626565,0.0006151997,0.13284615,b
test_0195.jpg,0.0002304377,0.00020336057,0.9994702,9.606073e-05,c
test_0196.jpg,0.0010246923,0.0006215073,0.0066818334,0.991672,d
test_0197.jpg,0.00043050712,0.9994535,8.477188e-05,3.1185835e-05,b
test_0198.jpg,0.9568921,0.0009887543,0.042042904,7.624454e-05,a
test_0199.jpg,0.9808837,0.0008944502,0.00025626426,0.017965512,a
test_0200.jpg,2.4298806e-05,4.0061954e-05,0.9999167,1.8923929e-05,c
test_0201.jpg,0.99918205,0.00026104486,0.00026104486,0.0002958026,a
test_0202.jpg,4.539277e-05,8.480486e-05,0.9998423,2.7532109e-05,c
test_0203.jpg,0.95957077,0.037206598,0.0011235418,0.0020990525,a
test_0204.jpg,0.00048323697,0.0019112392,0.99004644,0.0075590974,c
test_0205.jpg,0.0005420418,0.9800346,0.01794996,0.0014734224,b
test_0206.jpg,7.482109e-05,7.482109e-05,0.00026115123,0.99958926,d
test_0207.jpg,1.669986e-05,0.99988973,6.604922e-05,2.7533415e-05,b
test_0208.jpg,0.00055222324,0.00029558383,0.99844307,0.00070906867,c
test_0209.jpg,0.0001789137,0.9963995,0.0014980261,0.0019235036,b
test_0210.jpg,0.9999032,3.5354078e-05,4.0061415e-05,2.1443333e-05,a
test_0211.jpg,8.4786545e-05,0.00023047373,5.8272886e-05,0.9996264,d
test_0212.jpg,0.9998461,5.1436946e-05,7.484032e-05,2.7532215e-05,a
test_0213.jpg,0.99967444,0.00015840973,0.00010887332,5.8275684e-05,a
test_0214.jpg,0.012390164,0.002439768,0.0008975404,0.9842726,d
test_0215.jpg,4.5391826e-05,5.8284255e-05,0.9998215,7.483847e-05,c
test_0216.jpg,5.143462e-05,9.6092524e-05,0.999801,5.143462e-05,c
test_0217.jpg,5.143462e-05,9.6092524e-05,0.999801,5.143462e-05,c
test_0218.jpg,0.9997837,9.6090866e-05,8.479988e-05,3.5349854e-05,a
test_0219.jpg,0.9997751,0.000108884284,8.4799154e-05,3.119587e-05,a
test_0220.jpg,0.0027842207,0.9912512,0.004051017,0.001913565,b
test_0221.jpg,0.000179258,0.00033489804,0.001168909,0.998317,d
test_0222.jpg,0.00033405013,0.99578947,0.00070718414,0.0031693797,b
test_0223.jpg,0.00029583307,0.00029583307,0.99928504,0.00012332156,c
test_0224.jpg,0.9996618,0.00013979434,0.00015840773,4.0051742e-05,a
test_0225.jpg,0.99964726,0.0002611664,5.1426716e-05,4.005116e-05,a
test_0226.jpg,0.9998479,5.8285797e-05,7.484045e-05,1.8922628e-05,a
test_0227.jpg,0.00015826202,0.00080372085,0.0002956724,0.9987423,d
test_0228.jpg,9.607377e-05,0.00015839886,0.00013978651,0.99960583,d
test_0229.jpg,5.8256945e-05,0.00043046384,0.00015835879,0.999353,d
test_0230.jpg,0.00037930225,0.0015001694,0.99782515,0.00029540088,c
test_0231.jpg,0.015886795,0.0006159979,0.9828812,0.0006159979,c
test_0232.jpg,6.9617013e-06,0.99991333,5.828961e-05,2.144355e-05,b
test_0233.jpg,7.483604e-05,8.4800326e-05,0.99978894,5.1434003e-05,c
test_0234.jpg,5.8281305e-05,9.608963e-05,0.9997708,7.483468e-05,c
test_0235.jpg,0.99888104,0.00023030187,0.00080383255,8.4723324e-05,a
test_0236.jpg,5.827126e-05,0.0001397855,0.00020338669,0.99959856,d
test_0237.jpg,0.0008037488,0.000260939,0.998777,0.00015826752,c
test_0238.jpg,0.00042999737,0.0011688541,0.0001311418,0.99827003,d
test_0239.jpg,0.0004873478,0.00033494888,0.00070908683,0.9984686,d
test_0240.jpg,0.012003149,0.95352817,0.0018407424,0.03262794,b
test_0241.jpg,5.8278474e-05,9.6084965e-05,0.00012337553,0.9997223,d
test_0242.jpg,5.8283604e-05,9.609342e-05,3.5350793e-05,0.9998103,d
test_0243.jpg,6.1439255e-06,0.99995327,2.7535165e-05,1.300669e-05,b
test_0244.jpg,0.0003352431,0.0001794427,0.9993456,0.00013975012,c
test_0245.jpg,0.00037963782,0.0008036932,0.00010876805,0.9987079,d
test_0246.jpg,0.0016720304,0.3186326,0.0051502157,0.67454517,d
test_0247.jpg,0.0009059575,0.0052134255,0.99350303,0.00037765928,c
test_0248.jpg,0.9997367,9.608635e-05,0.0001088801,5.8279315e-05,a
test_0249.jpg,0.9998802,4.0060495e-05,5.828768e-05,2.144284e-05,a
test_0250.jpg,4.5393623e-05,6.604732e-05,0.999861,2.7532624e-05,c
test_0251.jpg,3.1201005e-05,1.8924364e-05,0.9999397,1.0129482e-05,c
test_0252.jpg,2.753253e-05,0.99985754,7.484118e-05,4.0059585e-05,b
test_0253.jpg,0.95768225,0.03713337,0.0039138286,0.0012706341,a
test_0254.jpg,0.999838,0.00010889113,4.0058803e-05,1.300519e-05,a
test_0255.jpg,0.99904364,0.00023033937,0.00029576162,0.0004303306,a
test_0256.jpg,4.2226156e-06,0.9999442,4.006306e-05,1.147826e-05,b
test_0257.jpg,0.0001794865,0.9995895,0.0001794865,5.1423744e-05,b
test_0258.jpg,1.1478219e-05,0.99994063,4.0062914e-05,7.888856e-06,b
test_0259.jpg,0.00015838245,0.00023044512,0.00010885457,0.9995023,d
test_0260.jpg,1.1477663e-05,0.99989223,7.484377e-05,2.1443098e-05,b
test_0261.jpg,0.9998067,6.6043736e-05,9.609307e-05,3.1196854e-05,a
test_0262.jpg,0.00964053,0.0058472767,0.98336077,0.001151397,c
test_0263.jpg,0.9998549,5.14374e-05,6.604692e-05,2.7532456e-05,a
test_0264.jpg,3.5352663e-05,3.5352663e-05,6.604747e-05,0.99986315,d
test_0265.jpg,0.00013980099,0.9997093,6.6037304e-05,8.479358e-05,b
test_0266.jpg,0.9872614,0.0009002659,0.0021596255,0.009678771,a
test_0267.jpg,0.0017963717,0.49808404,0.0020355557,0.49808404,b
test_0268.jpg,4.0059087e-05,4.0059087e-05,7.484024e-05,0.999845,d
test_0269.jpg,0.00013975566,0.00013975566,0.0003352564,0.99938524,d
test_0270.jpg,0.9987565,0.00026093368,0.0004302069,0.00055239664,a
test_0271.jpg,0.22205792,0.0021769793,0.0007067617,0.7750583,d
test_0272.jpg,0.000230351,0.00029577655,0.9990941,0.00037978461,c
test_0273.jpg,0.99912375,0.00023035784,0.00048766757,0.00015832247,a
test_0274.jpg,0.9998115,0.00010888824,5.8283673e-05,2.1441365e-05,a
test_0275.jpg,6.6040004e-05,0.9997502,7.483314e-05,0.00010888157,b
test_0276.jpg,0.0010311647,0.9979358,0.0009099996,0.00012315506,b
test_0277.jpg,0.00080304855,0.00080304855,0.0004870736,0.9979068,d
test_0278.jpg,0.00020338327,0.99958175,0.0001794851,3.5342713e-05,b
test_0279.jpg,0.00080346805,0.000552215,0.00021625047,0.9984281,d
test_0280.jpg,0.00015749804,0.99392104,0.0013187149,0.004602768,b
test_0281.jpg,0.996644,0.00055122824,0.0003343368,0.0024704335,a
test_0282.jpg,7.481849e-05,0.00029591285,0.99955446,7.481849e-05,c
test_0283.jpg,8.479281e-05,0.9997003,0.00017950639,3.5346904e-05,b
test_0284.jpg,2.7534925e-05,1.8924457e-05,0.99994457,8.939281e-06,c
test_0285.jpg,5.825671e-05,0.99934894,0.0005527243,4.003921e-05,b
test_0286.jpg,5.8275044e-05,0.9996635,0.0002033999,7.482665e-05,b
test_0287.jpg,2.7529333e-05,0.9997415,0.00017951378,5.1431565e-05,b
test_0288.jpg,0.20077255,0.0041669016,0.0009897259,0.79407084,d
test_0289.jpg,5.8283505e-05,0.9998086,5.8283505e-05,7.483751e-05,b
test_0290.jpg,6.603934e-05,8.479619e-05,0.00010888048,0.9997402,d
test_0291.jpg,5.1436033e-05,3.5351433e-05,8.480367e-05,0.99982834,d
test_0292.jpg,0.00427282,0.006216916,0.9226721,0.066838145,c
test_0293.jpg,8.4803374e-05,6.604493e-05,0.9998248,2.4296573e-05,c
test_0294.jpg,0.0010569405,0.62040865,0.37629688,0.002237543,b
test_0295.jpg,4.005086e-05,0.0002959381,0.99963975,2.4292076e-05,c
test_0296.jpg,0.0008033483,0.00043000138,0.99827933,0.00048725543,c
test_0297.jpg,0.13274774,0.0010135415,0.00061474397,0.865624,d
test_0298.jpg,9.609289e-05,7.4837226e-05,0.9998048,2.4296087e-05,c
test_0299.jpg,0.00033495732,0.9984937,0.0010317412,0.00013963098,b
test_0300.jpg,3.535181e-05,0.99983907,0.00010889125,1.6699014e-05,b
test_0301.jpg,0.9999299,2.4299128e-05,2.4299128e-05,2.1443906e-05,a
test_0302.jpg,0.00013973248,0.0002610546,0.9992194,0.00037983226,c
test_0303.jpg,0.01223015,0.9715612,0.015703823,0.0005047986,b
test_0304.jpg,0.0002956686,0.9987294,0.0004874751,0.0004874751,b
test_0305.jpg,4.0038005e-05,0.99931896,0.0002610806,0.0003798701,b
test_0306.jpg,0.001160381,0.001913145,0.9910336,0.005892901,c
test_0307.jpg,0.00010888411,0.99977356,6.6041546e-05,5.1433213e-05,b
test_0308.jpg,0.00015831194,0.99905735,0.00070950494,7.4781274e-05,b
test_0309.jpg,9.606981e-05,0.00010886136,0.00023045948,0.9995646,d
test_0310.jpg,3.119446e-05,0.99972993,0.00020341342,3.534795e-05,b
test_0311.jpg,0.16153637,0.017025808,0.0010884234,0.8203494,d
test_0312.jpg,0.9948485,0.0040657185,0.0001786352,0.0009071844,a
test_0313.jpg,0.9999031,4.006141e-05,3.5354074e-05,2.144333e-05,a
test_0314.jpg,0.7541358,0.0007792467,0.00025298435,0.24483204,a
test_0315.jpg,1.8919683e-05,0.9996923,0.00023048892,5.8276724e-05,b
test_0316.jpg,9.6043805e-05,0.00043043846,0.00017943344,0.99929404,d
test_0317.jpg,4.0061415e-05,3.5354078e-05,0.9999032,2.1443333e-05,c
test_0318.jpg,0.01176672,0.05273478,0.9347463,0.0007522212,c
test_0319.jpg,9.603891e-05,0.00023038535,0.00043041652,0.99924314,d
test_0320.jpg,0.99976176,6.604077e-05,0.00015842357,1.3842898e-05,a
test_0321.jpg,2.7523169e-05,0.00037994562,7.481573e-05,0.9995177,d
test_0322.jpg,7.4809286e-05,0.00015837124,0.00033527194,0.99943155,d
test_0323.jpg,7.48309e-05,9.608477e-05,0.00010887831,0.9997203,d
test_0324.jpg,0.99894756,0.00080388604,0.00010879415,0.00013969446,a
test_0325.jpg,0.0008215762,0.9009678,0.003249397,0.0949613,b
test_0326.jpg,0.9998696,4.006007e-05,6.604789e-05,2.4297662e-05,a
test_0327.jpg,0.000108879256,9.6085605e-05,6.603861e-05,0.999729,d
test_0328.jpg,0.00010888477,0.99977964,6.604195e-05,4.5389927e-05,b
test_0329.jpg,0.9992416,0.00055266486,0.00013973558,6.60064e-05,a
test_0330.jpg,0.9878554,0.010974082,0.00037551243,0.00079495984,a
test_0331.jpg,1.6698845e-05,0.99982893,9.609522e-05,5.828469e-05,b
test_0332.jpg,8.4787665e-05,0.00017949549,9.607702e-05,0.99963963,d
test_0333.jpg,0.9997055,9.608335e-05,0.00015841465,4.0053495e-05,a
test_0334.jpg,0.9988834,0.0009108638,0.0001396855,6.598275e-05,a
test_0335.jpg,5.8275684e-05,0.00010887332,0.00015840973,0.99967444,d
test_0336.jpg,0.00023030682,0.00048755956,0.00037971177,0.99890244,d
test_0337.jpg,0.00029588735,9.6060554e-05,0.9994684,0.00013976729,c
test_0338.jpg,1.3005118e-05,0.9998324,0.00012338912,3.119766e-05,b
test_0339.jpg,0.9987772,0.00020321958,0.0001087756,0.00091076695,a
test_0340.jpg,0.00020338845,0.00012336133,6.603056e-05,0.99960726,d
test_0341.jpg,0.006675894,0.0019126757,0.00062095484,0.9907905,d
test_0342.jpg,3.5354686e-05,2.7534259e-05,0.99992037,1.670037e-05,c
test_0343.jpg,0.000108869215,0.00017949498,0.99963677,7.4824646e-05,c
test_0344.jpg,0.99985766,4.539347e-05,5.1437542e-05,4.539347e-05,a
test_0345.jpg,0.0015001103,0.0003792873,0.9977858,0.00033471987,c
test_0346.jpg,0.024650734,0.0042836554,0.925012,0.046053633,c
test_0347.jpg,0.006687084,0.0004844108,0.99245125,0.00037725948,c
test_0348.jpg,1.8924005e-05,0.9999207,5.1440784e-05,8.939068e-06,b
test_0349.jpg,0.99968386,9.608127e-05,0.00020340404,1.669642e-05,a
test_0350.jpg,5.09344e-06,0.9999429,3.5355482e-05,1.6700747e-05,b
test_0351.jpg,0.9995204,0.00029590278,0.00010885654,7.481594e-05,a
test_0352.jpg,0.99966645,0.000139795,0.000108872446,8.478994e-05,a
test_0353.jpg,1.6698754e-05,7.483863e-05,8.480327e-05,0.99982363,d
test_0354.jpg,0.99984646,6.604636e-05,6.604636e-05,2.1442116e-05,a
test_0355.jpg,0.99962604,9.607571e-05,0.00026116084,1.6695456e-05,a
test_0356.jpg,2.1442724e-05,5.828737e-05,4.539425e-05,0.99987483,d
test_0357.jpg,0.99935836,0.0002610909,0.00033524737,4.53708e-05,a
test_0358.jpg,1.4735504e-05,0.00013980658,9.608756e-05,0.99974936,d
test_0359.jpg,0.9990024,0.0007094659,0.00017938107,0.00010880012,a
test_0360.jpg,0.00010885123,0.0002611205,0.9994716,0.00015837759,c
test_0361.jpg,3.119696e-05,0.99981004,0.00012338636,3.5350786e-05,b
test_0362.jpg,9.606994e-05,0.00015839255,0.999566,0.00017948227,c
test_0363.jpg,0.00037852104,0.0035913077,0.00026015344,0.99577004,d
test_0364.jpg,0.9970197,0.002471365,0.0004294588,7.944189e-05,a
test_0365.jpg,1.01288e-05,0.9998723,9.6099386e-05,2.1442671e-05,b
test_0366.jpg,0.46747196,0.00090243324,0.0019104511,0.5297151,d
test_0367.jpg,0.00014831733,0.0021795072,0.0013219379,0.99635017,d
test_0368.jpg,0.0002606754,0.0008029369,0.0011682662,0.99776804,d
test_0369.jpg,0.99967957,9.6080854e-05,0.00015841053,6.603534e-05,a
test_0370.jpg,6.603368e-05,0.00013979331,0.00013979331,0.9996544,d
test_0371.jpg,0.99938977,0.0001397563,0.0004304797,4.0040846e-05,a
test_0372.jpg,5.8271482e-05,0.00023046818,0.00010886547,0.9996024,d
test_0373.jpg,0.9973278,0.0002605604,0.00022994376,0.0021816457,a
test_0374.jpg,0.00015835078,0.00043044204,0.0001088328,0.9993024,d
test_0375.jpg,0.0007079998,0.0019245431,0.00042942358,0.996938,d
test_0376.jpg,3.1199786e-05,0.9999007,5.1439754e-05,1.6700042e-05,b
test_0377.jpg,0.99935013,0.00029585237,0.00029585237,5.825678e-05,a
test_0378.jpg,0.015855568,0.0018936775,0.0013015042,0.9809492,d
test_0379.jpg,0.9992243,0.0002610559,0.00017942092,0.0003352024,a
test_0380.jpg,0.00037983077,0.9992155,0.0002958125,0.00010882333,b
test_0381.jpg,0.0002959135,5.1422052e-05,0.9995566,9.606904e-05,c
test_0382.jpg,0.00043039324,0.00029580467,0.9991891,8.474945e-05,c
test_0383.jpg,0.00017945435,0.00033526486,0.9994105,7.480771e-05,c
test_0384.jpg,0.9998677,6.604777e-05,5.1438055e-05,1.4737248e-05,a
test_0385.jpg,4.5384124e-05,0.9996518,0.00017949767,0.00012336683,b
test_0386.jpg,0.99912876,0.00026103092,0.00037979777,0.00023035899,a
test_0387.jpg,0.00012332192,0.00015834847,0.0004304358,0.9992879,d
test_0388.jpg,0.00010888157,6.6040004e-05,0.9997502,7.483314e-05,c
test_0389.jpg,4.5382618e-05,7.482329e-05,0.00026115892,0.99961865,d
test_0390.jpg,0.9989832,0.0002609929,0.000552522,0.00020326149,a
test_0391.jpg,4.0056842e-05,7.483605e-05,9.6091375e-05,0.99978906,d
test_0392.jpg,3.119933e-05,6.6048975e-05,0.99988604,1.6699798e-05,c
test_0393.jpg,0.9996489,0.00020339694,0.00012336648,2.42923e-05,a
test_0394.jpg,0.9996518,0.00012336683,0.00017949767,4.5384124e-05,a
test_0395.jpg,0.9974916,0.00048687094,0.0019256118,9.5870564e-05,a
test_0396.jpg,0.9998925,4.539505e-05,4.539505e-05,1.6699905e-05,a
test_0397.jpg,7.484123e-05,4.5393495e-05,0.99985826,2.1442369e-05,c
test_0398.jpg,0.00010888495,5.8281916e-05,0.9997813,5.143361e-05,c
test_0399.jpg,8.939004e-06,0.9999136,6.6050794e-05,1.1477908e-05,b
test_0400.jpg,0.9997044,0.00017950713,8.4793166e-05,3.1193664e-05,a
test_0401.jpg,0.99949014,0.00026112533,0.00010885325,0.00013977035,a
test_0402.jpg,5.1434003e-05,8.4800326e-05,7.483604e-05,0.99978894,d
test_0403.jpg,0.0009086235,0.0014980668,0.99642664,0.0011666956,c
test_0404.jpg,0.9999348,3.5355195e-05,2.144401e-05,8.397595e-06,a
test_0405.jpg,9.6082644e-05,6.603656e-05,0.00013979942,0.99969816,d
test_0406.jpg,0.9970413,0.0010302404,0.0004294681,0.0014989909,a
test_0407.jpg,2.7532382e-05,7.484078e-05,4.5393223e-05,0.9998522,d
test_0408.jpg,0.00012335721,0.00017948369,0.9995739,0.00012335721,c
test_0409.jpg,3.1194315e-05,0.9997253,0.00020341248,4.005429e-05,b
test_0410.jpg,0.9980849,0.0009101356,0.00037940097,0.0006255264,a
test_0411.jpg,2.4296573e-05,0.9998248,0.00012338818,2.7531627e-05,b
test_0412.jpg,1.01286405e-05,0.9998566,0.00010889316,2.4297346e-05,b
test_0413.jpg,0.9996942,7.4828946e-05,0.00020340615,2.752803e-05,a
test_0414.jpg,0.00015832024,0.00017940033,0.0005525919,0.9991097,d
test_0415.jpg,6.603729e-05,4.5386725e-05,0.00017950796,0.99970907,d
test_0416.jpg,4.005772e-05,0.00010888819,0.999811,4.005772e-05,c
test_0417.jpg,0.02014125,0.9704598,0.008396123,0.0010027738,b
test_0418.jpg,0.9998386,6.6045846e-05,6.6045846e-05,2.9307666e-05,a
test_0419.jpg,8.474693e-05,0.99915934,0.0005526194,0.00020329733,b
test_0420.jpg,0.0023346932,0.9418824,0.05313737,0.002645554,b
test_0421.jpg,0.00015829163,0.00070941384,0.00020325047,0.9989291,d
test_0422.jpg,0.92030644,0.0029291338,0.0012210446,0.07554335,a
test_0423.jpg,0.00017946151,0.9994504,0.00013976477,0.00023043314,b
test_0424.jpg,0.9994124,0.00026110501,0.00023042438,9.605518e-05,a
test_0425.jpg,0.9985428,0.0011691733,0.00017929854,0.00010875007,a
test_0426.jpg,4.0058356e-05,7.483887e-05,5.8284568e-05,0.99982685,d
test_0427.jpg,0.00013980389,8.4795334e-05,0.99973005,4.5387675e-05,c
test_0428.jpg,0.21974461,0.006635712,0.76698405,0.006635712,c
test_0429.jpg,8.478818e-05,0.00020339628,0.9996457,6.6033106e-05,c
test_0430.jpg,0.008050139,0.009122003,0.16169135,0.8211365,d
test_0431.jpg,0.99971634,0.00010887788,0.0001233748,5.143027e-05,a
test_0432.jpg,2.7532215e-05,7.484032e-05,5.1436946e-05,0.9998461,d
test_0433.jpg,5.8278474e-05,0.00012337553,9.6084965e-05,0.9997223,d
test_0434.jpg,0.006667647,0.0024528904,0.0013129375,0.98956656,d
test_0435.jpg,0.00023017713,0.99834,0.00026082486,0.0011689359,b
test_0436.jpg,0.99984014,7.4839874e-05,6.604595e-05,1.8922481e-05,a
test_0437.jpg,4.00531e-05,8.479242e-05,0.00017950554,0.99969566,d
test_0438.jpg,1.1477202e-05,0.99985206,0.000108892666,2.7532378e-05,b
test_0439.jpg,0.9983736,0.000430042,0.00048730147,0.00070901937,a
test_0440.jpg,0.0010295158,0.0007075752,0.118995845,0.879267,d
test_0441.jpg,0.9949892,0.002466332,0.0019207811,0.0006235863,a
test_0442.jpg,4.0057195e-05,9.6092226e-05,6.6043154e-05,0.9997979,d
test_0443.jpg,0.99903274,0.00033513815,0.0005525494,7.960228e-05,a
test_0444.jpg,0.9998037,6.604354e-05,8.4801584e-05,4.5391018e-05,a
test_0445.jpg,2.4298162e-05,4.5394947e-05,4.0060895e-05,0.9998902,d
test_0446.jpg,0.0007088807,0.000625585,0.00048720613,0.99817836,d
test_0447.jpg,6.603656e-05,9.6082644e-05,0.00013979942,0.99969816,d
test_0448.jpg,0.99936825,0.00029585772,0.0002610935,7.480455e-05,a
test_0449.jpg,0.0027817988,0.0027817988,0.0040474935,0.99038893,d
test_0450.jpg,9.607563e-05,0.9996252,0.00023047345,4.8309863e-05,b
test_0451.jpg,2.1440846e-05,0.9997873,0.00013981189,5.143392e-05,b
test_0452.jpg,2.4298322e-05,0.99989676,5.143955e-05,2.7533608e-05,b
test_0453.jpg,2.7531538e-05,8.48031e-05,6.604472e-05,0.9998216,d
test_0454.jpg,1.3005564e-05,0.9998667,7.484186e-05,4.539388e-05,b
test_0455.jpg,0.00013977844,0.00020337642,0.999548,0.00010885955,c
test_0456.jpg,0.00026107652,0.00029583852,0.99930334,0.00013974421,c
test_0457.jpg,2.1442986e-05,5.143905e-05,4.0060768e-05,0.999887,d
test_0458.jpg,0.9987208,0.000709266,0.00013966276,0.00043019155,a
test_0459.jpg,0.012168213,0.9666409,0.017704645,0.0034862515,b
test_0460.jpg,0.0010301815,0.9969843,0.0014989052,0.00048662332,b
test_0461.jpg,0.9997998,9.609241e-05,7.483685e-05,2.9306528e-05,a
test_0462.jpg,0.00015835349,0.00026108077,0.99931955,0.00026108077,c
test_0463.jpg,0.99943346,0.00019103255,7.9634214e-05,0.00029587702,a
test_0464.jpg,2.143635e-05,0.9995776,0.00013978257,0.00026114818,b
test_0465.jpg,0.0014937083,0.9935276,0.004600946,0.00037766862,b
test_0466.jpg,0.0007062179,0.00025980303,0.9944289,0.0046051196,c
test_0467.jpg,0.004606774,0.0004284967,0.000178624,0.99478614,d
test_0468.jpg,5.828152e-05,5.828152e-05,0.00010888422,0.9997745,d
test_0469.jpg,8.480049e-05,5.828247e-05,0.99979085,6.604269e-05,c
test_0470.jpg,0.0003796304,0.0003796304,0.9986884,0.0005523589,c
test_0471.jpg,0.8216102,0.0048854724,0.16178463,0.011719639,a
test_0472.jpg,0.9446369,0.0016093022,0.0004610728,0.05329277,a
test_0473.jpg,6.143574e-06,0.99989605,8.480941e-05,1.3005945e-05,b
test_0474.jpg,0.00023012437,0.000158162,0.9981111,0.0015005993,c
test_0475.jpg,0.9995982,0.00015839766,0.00020338662,4.0049195e-05,a
test_0476.jpg,0.0033289453,0.16039756,0.814566,0.02170745,c
test_0477.jpg,5.825803e-05,0.9993716,0.00043047185,0.00013975376,b
test_0478.jpg,7.483744e-05,0.99980766,6.60438e-05,5.1434967e-05,b
test_0479.jpg,0.0012220442,0.3183098,0.006606309,0.6738618,d
test_0480.jpg,6.540066e-06,0.9999367,4.0062758e-05,1.6700644e-05,b
test_0481.jpg,3.119572e-05,0.99977034,0.00015842493,4.0056093e-05,b
test_0482.jpg,0.00013925994,0.00042895076,0.003591561,0.9958403,d
test_0483.jpg,0.9994875,0.00029589303,0.00015838012,5.8264788e-05,a
test_0484.jpg,0.0006256649,0.0009103371,0.9983058,0.00015819285,c
test_0485.jpg,5.8282254e-05,0.99978715,0.00012338354,3.1196243e-05,b
test_0486.jpg,3.1198488e-05,5.1437608e-05,5.8286445e-05,0.999859,d
test_0487.jpg,0.0008037777,0.9988129,0.0003350644,4.8270605e-05,b
test_0488.jpg,0.9994267,0.00026110877,0.00020335172,0.00010884634,a
test_0489.jpg,0.014740127,0.0013710455,0.43076968,0.5531192,d
test_0490.jpg,5.8271093e-05,0.9995957,0.00026115292,8.478394e-05,b
test_0491.jpg,5.828843e-05,2.4298233e-05,0.99989307,2.4298233e-05,c
test_0492.jpg,0.00020329062,0.00033516955,0.9991264,0.00033516955,c
test_0493.jpg,0.9996105,0.00029592944,5.8271955e-05,3.5343728e-05,a
test_0494.jpg,4.0061303e-05,3.535398e-05,0.99990034,2.429841e-05,c
test_0495.jpg,4.538834e-05,0.00015842087,0.9997447,5.143173e-05,c
test_0496.jpg,0.9996793,9.608083e-05,0.00013979679,8.4791034e-05,a
test_0497.jpg,0.00010887869,0.000139803,2.7528844e-05,0.99972373,d
test_0498.jpg,8.476893e-05,0.99941874,0.00043049216,6.601811e-05,b
test_0499.jpg,3.7264938e-06,0.9999572,3.120155e-05,7.888987e-06,b
test_0500.jpg,0.0006257506,0.00037953694,0.9984426,0.00055222295,c
test_0501.jpg,0.00017946304,0.00020335826,0.99945885,0.00015837557,c
test_0502.jpg,0.0002957356,0.00026098572,0.9989557,0.00048758558,c
test_0503.jpg,0.0004868957,0.0008027553,0.9975424,0.001168002,c
test_0504.jpg,0.00026080856,0.00043000065,0.99827766,0.001031518,c
test_0505.jpg,0.027062649,0.42333105,0.0060384935,0.54356784,d
test_0506.jpg,0.9994305,0.0003799125,0.00015837108,3.1185114e-05,a
test_0507.jpg,0.99953866,0.0002033745,0.00023045349,2.7523747e-05,a
test_0508.jpg,0.0012990503,0.8640524,0.13250673,0.0021417718,b
test_0509.jpg,5.8277517e-05,9.6083386e-05,0.00013980051,0.99970585,d
test_0510.jpg,0.6070009,0.016176026,0.36816466,0.008658403,a
test_0511.jpg,1.3005876e-05,0.9998907,7.484366e-05,2.1443064e-05,b
test_0512.jpg,0.9996859,8.479159e-05,0.00020340446,2.5859976e-05,a
test_0513.jpg,7.483984e-05,4.005887e-05,4.539265e-05,0.99983966,d
test_0514.jpg,0.005213084,0.000549455,0.0007994523,0.99343795,d
test_0515.jpg,5.1432024e-05,0.99975044,0.00013980674,5.8280115e-05,b
test_0516.jpg,0.0004303807,0.00023036617,0.99915993,0.00017940936,c
test_0517.jpg,2.7533339e-05,4.53948e-05,4.0060768e-05,0.999887,d
test_0518.jpg,9.607904e-05,0.00015840757,8.4789455e-05,0.99966073,d
test_0519.jpg,0.01240715,0.985622,0.0016791252,0.00029178822,b
test_0520.jpg,8.48053e-05,4.0059185e-05,0.99984753,2.7532253e-05,c
test_0521.jpg,9.60227e-05,0.00020328005,0.0006261466,0.99907446,d
test_0522.jpg,0.0023845492,0.032917686,0.9619958,0.0027020483,c
test_0523.jpg,5.1434537e-05,0.9997993,0.00012338503,2.586291e-05,b
test_0524.jpg,0.99774396,0.00037927137,0.00070857216,0.001168238,a
test_0525.jpg,0.00015838626,0.00023045066,0.9995264,8.477806e-05,c
test_0526.jpg,0.07836379,0.30993482,0.5790345,0.03266689,c
test_0527.jpg,0.0010317162,0.00020315697,0.00029559166,0.99846953,d
test_0528.jpg,0.9996275,0.00020339257,0.00013978954,2.9301478e-05,a
test_0529.jpg,0.99937755,0.00020334171,0.00012333298,0.00029586046,a
test_0530.jpg,0.0004303058,0.99898607,0.0004876004,9.6014206e-05,b
test_0531.jpg,2.7531836e-05,0.9998324,0.00012338912,1.6698901e-05,b
test_0532.jpg,1.1475913e-05,0.9997398,0.00010888044,0.00013980526,b
test_0533.jpg,0.00033511806,0.00062608294,0.9989729,6.598866e-05,c
test_0534.jpg,0.00042945487,0.0003789926,0.0021809519,0.9970106,d
test_0535.jpg,2.429388e-05,0.99971396,0.00020341018,5.827799e-05,b
test_0536.jpg,0.0016998402,0.0003792856,0.99778134,0.00013953137,c
test_0537.jpg,2.1442595e-05,5.143811e-05,5.8287013e-05,0.99986875,d
test_0538.jpg,0.004063573,0.00070614315,0.00090670574,0.9943236,d
test_0539.jpg,0.0015006615,0.99815243,0.0002954978,5.1349816e-05,b
test_0540.jpg,0.00017942327,0.0003798391,0.9992374,0.0002033132,c
test_0541.jpg,1.3005709e-05,0.9998778,8.480787e-05,2.4297862e-05,b
test_0542.jpg,0.00017910787,0.00015806215,0.9974809,0.0021819808,c
test_0543.jpg,0.0016776787,0.0011530503,0.01239646,0.9847728,d
test_0544.jpg,1.1477718e-05,0.999897,7.484413e-05,1.669998e-05,b
test_0545.jpg,0.000108870045,0.00012336591,0.9996444,0.00012336591,c
test_0546.jpg,5.1437113e-05,7.484056e-05,0.9998493,2.429717e-05,c
test_0547.jpg,0.1184913,0.0019152336,0.8755389,0.0040545496,c
test_0548.jpg,0.99967253,0.00015840943,0.00013979584,2.9302799e-05,a
test_0549.jpg,5.82862e-05,5.1437393e-05,3.535237e-05,0.9998548,d
test_0550.jpg,3.1200692e-05,3.1200692e-05,0.99992967,7.88877e-06,c
test_0551.jpg,0.99945873,0.00017946301,0.00020335824,0.00015837555,a
test_0552.jpg,1.4738603e-05,1.6701026e-05,0.9999596,8.939415e-06,c
test_0553.jpg,0.00020324641,0.00055248104,0.9989091,0.00033509667,c
test_0554.jpg,0.014036065,0.0014793904,0.0004802878,0.9840042,d
test_0555.jpg,0.9997167,0.00015841643,8.479421e-05,4.0053943e-05,a
test_0556.jpg,0.00017947618,0.9995321,0.00017947618,0.000108857814,b
test_0557.jpg,0.00015837129,0.00017945818,0.9994318,0.00023042886,c
test_0558.jpg,0.11887782,0.0024672307,0.00026004418,0.8783949,d
test_0559.jpg,1.8918725e-05,0.99964166,0.00023047725,0.000108869746,b
test_0560.jpg,1.01294345e-05,0.99993503,4.0062692e-05,1.4738241e-05,b
test_0561.jpg,0.00010223127,0.9992274,0.00033520345,0.00033520345,b
test_0562.jpg,0.0006250999,0.0011678404,0.0008026443,0.9974044,d
test_0563.jpg,2.7534476e-05,3.120065e-05,0.99992824,1.30063645e-05,c
test_0564.jpg,0.001280244,0.00077650725,0.033017926,0.9649253,d
test_0565.jpg,0.9988776,0.0005524636,0.00043025907,0.00013968468,a
test_0566.jpg,0.00037986593,0.00010883341,0.999308,0.00020332757,c
test_0567.jpg,0.0004877548,0.9993024,0.00015835078,5.1408973e-05,b
test_0568.jpg,0.9946523,0.00070637657,0.002175793,0.0024654965,a
test_0569.jpg,8.397201e-06,0.99988794,5.8288133e-05,4.5394845e-05,b
test_0570.jpg,6.604572e-05,6.604572e-05,0.9998367,3.119779e-05,c
test_0571.jpg,0.00017944264,0.00017944264,0.0002958509,0.99934524,d
test_0572.jpg,8.4793646e-05,0.00010887721,9.608379e-05,0.99971014,d
test_0573.jpg,3.1199244e-05,4.006062e-05,4.5394634e-05,0.9998833,d
test_0574.jpg,0.0012979155,0.010867314,0.009590371,0.97824436,d
test_0575.jpg,0.99822193,0.00042997664,0.0011687977,0.00017924093,a
test_0576.jpg,4.538587e-05,0.00017950458,0.9996903,8.479196e-05,c
test_0577.jpg,4.5353252e-05,0.0005525157,0.9989718,0.00043029967,c
test_0578.jpg,0.0010536426,0.005350838,0.3751227,0.6184728,d
test_0579.jpg,6.6025634e-05,0.00033530584,0.9995327,6.6025634e-05,c
test_0580.jpg,4.538356e-05,0.00023047673,8.478764e-05,0.9996394,d
test_0581.jpg,0.99978,5.1433544e-05,0.00015842645,1.0127864e-05,a
test_0582.jpg,0.00010863425,0.0021819773,0.9974794,0.0002299787,c
test_0583.jpg,5.1431416e-05,0.99973863,0.0001584199,5.1431416e-05,b
test_0584.jpg,8.938889e-06,0.9999007,6.604995e-05,2.4298419e-05,b
test_0585.jpg,4.539586e-05,2.7533983e-05,0.99991035,1.6700204e-05,c
test_0586.jpg,4.0053146e-05,0.00013979925,0.00012337239,0.99969685,d
test_0587.jpg,0.9994337,0.0002958771,0.0002304293,4.0042607e-05,a
test_0588.jpg,0.00022995082,0.00022995082,0.9973584,0.0021817128,c
test_0589.jpg,0.99947983,0.00015837888,0.00020336252,0.00015837888,a
test_0590.jpg,0.9997638,9.608895e-05,0.00010888305,3.1195515e-05,a
test_0591.jpg,5.1433617e-05,5.828192e-05,0.00010888497,0.9997814,d
test_0592.jpg,0.000108882086,9.60881e-05,0.99975497,4.0055475e-05,c
test_0593.jpg,0.00015832022,0.00055259187,0.00017940032,0.99910957,d
test_0594.jpg,0.99969065,8.4791995e-05,0.00013979837,8.4791995e-05,a
test_0595.jpg,0.001031676,0.0003795324,0.00015821263,0.99843055,d
test_0596.jpg,0.00048760374,0.00013970082,0.998993,0.00037974617,c
test_0597.jpg,0.9996221,0.00017949234,0.00015840144,4.0050152e-05,a
test_0598.jpg,0.99927706,0.00037985414,0.00020332127,0.00013974053,a
test_0599.jpg,0.9998336,5.1436302e-05,9.609566e-05,1.8922357e-05,a
test_0600.jpg,0.00013977745,0.00017947778,0.99954104,0.00013977745,c
test_0601.jpg,0.9997143,0.00015841605,9.60842e-05,3.1193973e-05,a
test_0602.jpg,1.669965e-05,0.9998772,7.484265e-05,3.1199055e-05,b
test_0603.jpg,0.0008036278,0.00043015095,0.9986266,0.00013964958,c
test_0604.jpg,4.0053477e-05,5.1429688e-05,0.00020340836,0.999705,d
test_0605.jpg,8.480375e-05,5.8284713e-05,0.9998293,2.753175e-05,c
test_0606.jpg,0.9998549,5.14374e-05,6.604692e-05,2.7532456e-05,a
test_0607.jpg,0.9994506,0.000261115,0.00017946155,0.000108848944,a
test_0608.jpg,0.0006234433,0.0010278842,0.0035876685,0.99476105,d
test_0609.jpg,0.0021762806,0.0010280021,0.99487513,0.0019205608,c
test_0610.jpg,2.4296269e-05,0.9998123,0.00012338664,4.0057774e-05,b
test_0611.jpg,0.0007067168,0.0024666842,0.0016953256,0.9951314,d
test_0612.jpg,0.0046048,0.0005499649,0.00048534237,0.9943599,d
test_0613.jpg,4.5384335e-05,0.00015840688,0.00013979358,0.99965644,d
test_0614.jpg,7.4809286e-05,0.99943155,0.00033527194,0.00015837124,b
test_0615.jpg,0.999151,0.0005526148,0.00023036411,6.600042e-05,a
test_0616.jpg,0.00013934224,0.9964289,0.0031714148,0.00026032556,b
test_0617.jpg,0.00033474358,0.0016999684,0.99785656,0.00010867534,c
test_0618.jpg,0.9998123,5.1435203e-05,8.480231e-05,5.1435203e-05,a
test_0619.jpg,1.3005064e-05,0.9998282,0.0001233886,3.535143e-05,b
test_0620.jpg,9.590686e-05,0.0019263406,0.99786913,0.00010867671,c
test_0621.jpg,5.8281297e-05,0.00013980956,0.9997707,3.119573e-05,c
test_0622.jpg,1.6699725e-05,0.99988174,8.4808205e-05,1.6699725e-05,b
test_0623.jpg,0.000108884786,6.6041954e-05,4.538993e-05,0.99977976,d
test_0624.jpg,0.0001397741,0.00020337012,0.9995171,0.0001397741,c
test_0625.jpg,0.0019255021,0.00037915385,0.9974348,0.00026058836,c
test_0626.jpg,3.1199503e-05,0.9998915,5.828834e-05,1.8923452e-05,b
test_0627.jpg,0.00026064052,0.9976344,0.0019258875,0.00017913543,b
test_0628.jpg,3.1190873e-05,0.00012336229,0.0002304711,0.99961495,d
test_0629.jpg,0.002233493,0.2010526,0.17742832,0.61928564,d
test_0630.jpg,0.00020012578,0.98357195,0.01589796,0.00032995164,b
test_0631.jpg,2.1443773e-05,0.9999237,4.0062238e-05,1.4738074e-05,b
test_0632.jpg,0.00026108325,0.00017943972,0.00023040517,0.9993291,d
test_0633.jpg,0.9967085,0.0008020843,0.0011670256,0.0013224133,a
test_0634.jpg,0.9991047,0.0007095386,0.00015831945,2.7511798e-05,a
test_0635.jpg,0.0015625142,0.06643979,0.91717297,0.01482472,c
test_0636.jpg,1.3005166e-05,0.9998361,0.00012338957,2.7531938e-05,b
test_0637.jpg,0.9998884,6.6049135e-05,3.5353558e-05,1.01289625e-05,a
test_0638.jpg,0.003159582,0.0035802752,0.99271107,0.00054905296,c
test_0639.jpg,0.99978894,9.609137e-05,9.609137e-05,1.8921512e-05,a
test_0640.jpg,0.00017925221,0.0006256517,0.0009103179,0.99828476,d
test_0641.jpg,0.99964917,0.00023047897,9.6077936e-05,2.4292305e-05,a
test_0642.jpg,0.00017940383,0.000261031,0.00043036742,0.9991291,d
test_0643.jpg,6.604644e-05,7.4840435e-05,0.99984765,1.1477151e-05,c
test_0644.jpg,0.99103254,0.0075666266,0.0010240315,0.00037672019,a
test_0645.jpg,1.8923798e-05,0.99990976,4.0061677e-05,3.120007e-05,b
test_0646.jpg,4.5390007e-05,0.9997814,0.00015842669,1.4735977e-05,b
test_0647.jpg,3.1186875e-05,0.9994868,0.0004305215,5.141846e-05,b
test_0648.jpg,3.1197498e-05,0.9998273,9.609506e-05,4.539209e-05,b
test_0649.jpg,4.006087e-05,5.1439183e-05,0.9998896,1.8923418e-05,c
test_0650.jpg,0.99946076,0.00026111765,0.00020335865,7.481147e-05,a
test_0651.jpg,2.4298293e-05,4.006111e-05,4.006111e-05,0.9998956,d
test_0652.jpg,0.0002304122,0.99935955,0.00033524778,7.4803895e-05,b
test_0653.jpg,2.7529783e-05,0.9997578,0.00013980777,7.483371e-05,b
test_0654.jpg,0.99936837,0.00023041423,0.00033525072,6.601478e-05,a
test_0655.jpg,1.012919e-05,0.99991083,6.605062e-05,1.3006138e-05,b
test_0656.jpg,3.5325567e-05,0.9990969,0.000709533,0.0001583182,b
test_0657.jpg,9.608476e-05,0.99972016,0.000108878296,7.483089e-05,b
test_0658.jpg,0.005789492,0.9736429,0.0027347626,0.017832892,b
test_0659.jpg,9.6054435e-05,0.00020334724,0.0002958685,0.99940467,d
test_0660.jpg,5.0933645e-06,0.999928,4.5396664e-05,2.1443864e-05,b
test_0661.jpg,0.9966454,0.0013223296,0.001697905,0.0003343373,a
test_0662.jpg,0.99915576,0.00037980804,0.00026103796,0.0002032966,a
test_0663.jpg,0.00087187835,0.9561307,0.0009879676,0.04200945,b
test_0664.jpg,1.4737415e-05,0.999879,8.480797e-05,2.1442815e-05,b
test_0665.jpg,0.00015838858,0.9995409,0.00023045401,7.028451e-05,b
test_0666.jpg,0.999782,8.479974e-05,0.00010888503,2.4295534e-05,a
test_0667.jpg,0.99981564,0.00010888869,3.5350982e-05,4.0057905e-05,a
test_0668.jpg,1.3843784e-05,0.9998258,0.0001088898,5.1435898e-05,b
test_0669.jpg,3.535346e-05,0.9998857,5.1438983e-05,2.7533304e-05,b
test_0670.jpg,5.1433966e-05,5.1433966e-05,0.00010888571,0.9997882,d
test_0671.jpg,2.7531436e-05,0.9998179,0.00012338733,3.1197203e-05,b
test_0672.jpg,0.00017949917,0.00010887176,5.1427378e-05,0.99966013,d
test_0673.jpg,0.000429189,0.0024698123,0.9963934,0.0007076131,c
test_0674.jpg,0.00037990222,0.00015836679,5.8259888e-05,0.9994035,d
test_0675.jpg,0.0021571193,0.9861157,0.005863658,0.005863658,b
test_0676.jpg,7.483395e-05,0.00013980822,0.99976104,2.4295025e-05,c
test_0677.jpg,0.00017942856,0.00043042676,0.00012331933,0.9992669,d
test_0678.jpg,5.771321e-06,0.99989045,8.480894e-05,1.8923432e-05,b
test_0679.jpg,9.607796e-05,0.9996494,0.00015840576,9.607796e-05,b
test_0680.jpg,3.5343142e-05,0.0003353264,0.9995939,3.5343142e-05,c
test_0681.jpg,0.9998301,6.6045286e-05,8.4803825e-05,1.8922292e-05,a
test_0682.jpg,1.4737248e-05,0.9998677,9.6098935e-05,2.144257e-05,b
test_0683.jpg,1.6697451e-05,0.99974555,0.0001795145,5.827983e-05,b
test_0684.jpg,0.0005444544,0.0010171747,0.014041664,0.98439664,d
test_0685.jpg,0.001245361,0.9386339,0.052954104,0.007166558,b
test_0686.jpg,0.9998559,5.8286263e-05,5.8286263e-05,2.7532484e-05,a
test_0687.jpg,0.00015838898,0.0001397778,0.9995435,0.00015838898,c
test_0688.jpg,0.99886477,0.00013968287,0.00091084675,8.472194e-05,a
test_0689.jpg,0.99972206,0.0001233755,0.0001233755,3.1194213e-05,a
test_0690.jpg,0.6658568,0.017744482,0.0018702548,0.31452847,a
test_0691.jpg,2.7531174e-05,0.9998084,0.00013981483,2.4296174e-05,b
test_0692.jpg,7.480356e-05,0.00043046472,0.00013975144,0.999355,d
test_0693.jpg,0.005211226,0.00079916744,0.00090557535,0.99308395,d
test_0694.jpg,0.00054637104,0.009684659,0.0019070223,0.987862,d
test_0695.jpg,0.00012335287,0.00017947739,0.00015838823,0.9995388,d
test_0696.jpg,5.1409752e-05,0.9993175,0.00033523366,0.0002958427,b
test_0697.jpg,6.6045344e-05,5.1436167e-05,5.1436167e-05,0.99983096,d
test_0698.jpg,0.00043026856,0.00033509347,0.9988996,0.00033509347,c
test_0699.jpg,3.119779e-05,6.604572e-05,6.604572e-05,0.9998367,d
test_0700.jpg,2.1439148e-05,0.999708,0.00023049254,4.0053594e-05,b
test_0701.jpg,0.999887,6.604904e-05,3.119936e-05,1.5688023e-05,a
test_0702.jpg,4.5394703e-05,4.5394703e-05,0.99988484,2.4298033e-05,c
test_0703.jpg,0.8648802,0.0010126706,0.0014734272,0.13263369,a
test_0704.jpg,0.89016163,0.018474715,0.026880551,0.06448309,a
test_0705.jpg,0.0035746887,0.0016885635,0.99116206,0.0035746887,c
test_0706.jpg,4.5391324e-05,0.9998104,0.000108888125,3.5350797e-05,b
test_0707.jpg,0.00026101773,0.00023034734,0.00043034554,0.9990783,d
test_0708.jpg,0.00043042673,0.00017942855,0.00012331932,0.9992668,d
test_0709.jpg,2.144284e-05,5.828768e-05,0.9998802,4.0060495e-05,c
test_0710.jpg,0.99937433,0.0005527383,5.1412673e-05,2.143199e-05,a
test_0711.jpg,9.608477e-05,0.00010887831,0.9997203,7.48309e-05,c
test_0712.jpg,0.00020313611,0.0002608319,0.998367,0.0011689676,c
test_0713.jpg,0.0004866423,0.0013228308,0.99702317,0.0011673941,c
test_0714.jpg,0.00017939357,0.0004876423,0.99907196,0.00026101607,c
test_0715.jpg,0.83276826,0.16398178,0.0030034315,0.00024653666,a
test_0716.jpg,0.9998105,5.1435112e-05,0.00012338642,1.4736405e-05,a
test_0717.jpg,0.0009978611,0.96570545,0.017687513,0.015609174,b
test_0718.jpg,1.30064755e-05,0.9999368,3.5355268e-05,1.4738267e-05,b
test_0719.jpg,0.006333627,0.3458043,0.0018146145,0.6460475,d
test_0720.jpg,0.0048287828,0.2636426,0.014873697,0.7166549,d
test_0721.jpg,2.7533117e-05,2.7533117e-05,6.604851e-05,0.9998789,d
test_0722.jpg,0.0011684966,0.99796474,0.00070872897,0.0001581388,b
test_0723.jpg,6.6042616e-05,0.00010888588,0.9997898,3.535007e-05,c
test_0724.jpg,2.1441914e-05,4.5392535e-05,9.6095995e-05,0.99983704,d
test_0725.jpg,3.5351994e-05,9.609668e-05,0.9998442,2.4297045e-05,c
test_0726.jpg,0.99964786,0.00015840551,8.4788364e-05,0.00010887042,a
test_0727.jpg,0.00017946766,7.4813266e-05,0.99948466,0.0002611239,c
test_0728.jpg,3.5350986e-05,0.99981576,0.00010888871,4.0057912e-05,b
test_0729.jpg,0.00026106267,0.000379844,0.99925023,0.000108827124,c
test_0730.jpg,6.60368e-05,0.00010887629,0.00012337299,0.9997017,d
test_0731.jpg,0.0001088408,0.00043047368,0.9993759,8.476529e-05,c
test_0732.jpg,0.047216002,0.0020745264,0.0023507464,0.9483588,d
test_0733.jpg,0.00042465064,0.98585725,0.0013080161,0.012410112,b
test_0734.jpg,0.999744,0.00013980584,9.6087046e-05,2.014094e-05,a
test_0735.jpg,3.5353216e-05,5.82876e-05,0.99987876,2.7533113e-05,c
test_0736.jpg,0.99946064,0.00020335862,0.00026111762,7.481146e-05,a
test_0737.jpg,8.479011e-05,0.00012336888,0.00012336888,0.9996685,d
test_0738.jpg,0.08468297,0.9104278,0.0019915528,0.0028976921,b
test_0739.jpg,0.9823843,0.006619253,0.0058414703,0.0051550795,a
test_0740.jpg,4.5392404e-05,0.9998342,9.609572e-05,2.4296802e-05,b
test_0741.jpg,3.5354984e-05,2.4299101e-05,0.99992883,1.1478083e-05,c
test_0742.jpg,0.9994974,0.00013977135,0.00033529403,2.7522612e-05,a
test_0743.jpg,0.99967647,0.00020340254,8.479079e-05,3.534606e-05,a
test_0744.jpg,0.0004546846,0.9315489,0.067481175,0.0005152251,b
test_0745.jpg,5.141154e-05,0.9993523,0.00026108933,0.00033524534,b
test_0746.jpg,0.00017946637,0.00020336204,0.99947745,0.00013976856,c
test_0747.jpg,7.4836265e-05,7.4836265e-05,0.99979204,5.8282538e-05,c
test_0748.jpg,0.00017940922,0.00010881721,0.9991592,0.00055261934,c
test_0749.jpg,0.9993629,0.00020333874,0.00023041296,0.00020333874,a
test_0750.jpg,9.602713e-05,0.99912053,0.00048766602,0.00029578438,b
test_0751.jpg,0.0037976548,0.2662362,0.7237049,0.006261274,c
test_0752.jpg,0.00012328988,0.00055254693,0.00029575708,0.9990283,d
test_0753.jpg,0.00012335426,0.0002033768,0.00012335426,0.9995499,d
test_0754.jpg,0.99964917,0.00023047897,5.827421e-05,6.203257e-05,a
test_0755.jpg,2.9307346e-05,0.9998276,8.4803614e-05,5.8284615e-05,b
test_0756.jpg,6.9619555e-06,0.9999498,3.5355726e-05,7.888929e-06,b
test_0757.jpg,0.9998871,6.604905e-05,3.535351e-05,1.1477604e-05,a
test_0758.jpg,0.9995772,0.00012335763,0.00020338235,9.607102e-05,a
test_0759.jpg,0.99967206,8.4790416e-05,0.00015840936,8.4790416e-05,a
test_0760.jpg,5.133129e-05,0.0019261924,0.00023005086,0.99779236,d
test_0761.jpg,4.539226e-05,9.6095406e-05,0.99983096,2.7531796e-05,c
test_0762.jpg,2.7533773e-05,5.828899e-05,0.9999027,1.1477783e-05,c
test_0763.jpg,0.014053011,0.9851922,0.00042436417,0.00033049515,b
test_0764.jpg,0.9992242,0.0004877166,0.00020331051,8.475243e-05,a
test_0765.jpg,0.00026113156,0.00017947293,0.999514,4.5377867e-05,c
test_0766.jpg,0.00061924173,0.98805714,0.008548369,0.0027752493,b
test_0767.jpg,0.9993395,0.00043045805,0.00013974927,9.022891e-05,a
test_0768.jpg,0.9992454,0.0002610614,0.00033520948,0.00015834175,a
test_0769.jpg,0.9998661,6.6047665e-05,5.828686e-05,9.515068e-06,a
test_0770.jpg,0.000108877844,0.00013980192,3.534746e-05,0.999716,d
test_0771.jpg,5.1429695e-05,0.99970514,0.00020340839,4.005348e-05,b
test_0772.jpg,0.9966217,0.0027993056,0.00024460058,0.00033432935,a
test_0773.jpg,0.000108883374,6.6041095e-05,0.99976677,5.8281068e-05,c
test_0774.jpg,0.0005525086,0.0004302941,0.99895895,5.8233974e-05,c
test_0775.jpg,4.5393495e-05,8.480621e-05,0.99985826,1.1477273e-05,c
test_0776.jpg,6.60368e-05,0.00010887629,0.9997017,0.00012337299,c
test_0777.jpg,0.00015837891,0.00015837891,0.99947995,0.00020336255,c
test_0778.jpg,0.99952257,0.00012335088,0.0002959034,5.826683e-05,a
test_0779.jpg,0.0006260264,0.00026096663,0.00023030226,0.9988827,d
test_0780.jpg,6.601557e-05,0.99938023,0.0004304756,0.00012333332,b
test_0781.jpg,0.999548,0.00010885955,0.00013977844,0.00020337642,a
test_0782.jpg,0.9991658,0.00055262295,0.00015832913,0.00012330685,a
test_0783.jpg,0.9994079,0.00015836749,0.0002033479,0.00023042333,a
test_0784.jpg,0.9998661,4.005993e-05,7.484182e-05,1.8922972e-05,a
test_0785.jpg,0.0011527627,0.10376839,0.02623676,0.8688421,d
test_0786.jpg,0.799052,0.021294015,0.17829262,0.001361281,a
test_0787.jpg,0.76696575,0.012396847,0.00089802453,0.21973936,a
test_0788.jpg,0.999785,8.48e-05,8.48e-05,4.539017e-05,a
test_0789.jpg,1.147803e-05,0.9999242,4.539649e-05,1.892407e-05,b
test_0790.jpg,0.001683804,0.00025821966,0.98836833,0.009689623,c
test_0791.jpg,4.006005e-05,4.539399e-05,4.539399e-05,0.9998691,d
test_0792.jpg,7.4834104e-05,0.9997631,6.6040855e-05,9.608888e-05,b
test_0793.jpg,7.482329e-05,0.99961865,0.00026115892,4.5382618e-05,b
test_0794.jpg,9.6065465e-05,0.99951947,0.0001233505,0.00026113298,b
test_0795.jpg,1.8923414e-05,0.9998895,7.484356e-05,1.6699854e-05,b
test_0796.jpg,0.9656462,0.0005340838,0.00077708735,0.033042595,a
test_0797.jpg,8.48031e-05,6.604472e-05,0.9998216,2.7531538e-05,c
test_0798.jpg,0.99751556,0.0011679706,0.0011679706,0.0001484908,a
test_0799.jpg,1.8923618e-05,3.5353973e-05,4.53954e-05,0.9999002,d
test_0800.jpg,0.00033426762,0.00042920813,0.0027987887,0.9964378,d
test_0801.jpg,0.99908173,0.0003797799,0.0003351546,0.00020328154,a
test_0802.jpg,0.00020330664,0.00029580944,0.00029580944,0.9992052,d
test_0803.jpg,0.00013977742,0.9995408,0.00026113857,5.826789e-05,b
test_0804.jpg,0.4971512,0.0013963955,0.0043012006,0.4971512,a
test_0805.jpg,0.9997055,9.608335e-05,0.00015841465,4.0053495e-05,a
test_0806.jpg,0.00070909905,0.00017928831,0.99848586,0.0006257777,c
test_0807.jpg,0.000108884684,8.479947e-05,0.9997788,2.753036e-05,c
test_0808.jpg,0.00023031706,0.00033510936,0.99894696,0.00048758127,c
test_0809.jpg,0.590874,0.0027362898,0.40610138,0.0002884028,a
test_0810.jpg,0.99953735,0.00010885839,0.00023045318,0.0001233527,a
test_0811.jpg,0.0003352406,0.0002033337,0.9993381,0.00012332812,c
test_0812.jpg,7.4833435e-05,0.00013980725,0.99975413,3.1195214e-05,c
test_0813.jpg,6.6044784e-05,4.5391873e-05,0.99982256,6.6044784e-05,c
test_0814.jpg,0.99943334,0.0002611105,0.00010225234,0.00020335308,a
test_0815.jpg,0.00010887437,0.00017950348,0.9996841,2.752775e-05,c
test_0816.jpg,0.00022960184,0.9958448,0.003591577,0.0003340687,b
test_0817.jpg,0.99970275,0.0002034079,7.4829586e-05,1.8919882e-05,a
test_0818.jpg,0.00033516967,0.000379797,0.99912673,0.00015832295,c
test_0819.jpg,1.3005687e-05,0.99987614,9.609975e-05,1.4737373e-05,b
test_0820.jpg,0.00029501662,0.0024701438,0.99652714,0.00070770807,c
test_0821.jpg,8.480403e-05,5.1436247e-05,0.9998325,3.1197662e-05,c
test_0822.jpg,4.537678e-05,0.99949,0.00020336462,0.0002611253,b
test_0823.jpg,5.143809e-05,0.9998684,4.0060022e-05,4.0060022e-05,b
test_0824.jpg,7.482981e-05,0.99970573,0.0001233735,9.608337e-05,b
test_0825.jpg,0.0031678244,0.0006237815,0.99530077,0.00090759684,c
test_0826.jpg,0.99966,0.00012336785,0.00015840745,5.8274843e-05,a
test_0827.jpg,0.082133435,0.0046336516,0.88301766,0.030215204,c
test_0828.jpg,0.004067664,0.9953245,0.00022948188,0.0003783517,b
test_0829.jpg,0.9996941,0.00015841285,9.608225e-05,5.1429124e-05,a
test_0830.jpg,0.95486146,0.002366865,0.00081796665,0.041953687,a
test_0831.jpg,0.9998956,4.006111e-05,4.539519e-05,1.892353e-05,a
test_0832.jpg,0.00026038347,0.99665064,0.0021801644,0.00090882776,b
test_0833.jpg,7.482404e-05,0.00023047425,0.99962866,6.603198e-05,c
test_0834.jpg,0.00070941384,0.00015829163,0.9989291,0.00020325047,c
test_0835.jpg,0.0001583814,8.4775456e-05,0.00026112676,0.9994956,d
test_0836.jpg,0.002468627,0.0013213607,0.00029483545,0.9959151,d
test_0837.jpg,0.0027898555,0.0027898555,0.9932573,0.0011629846,c
test_0838.jpg,7.481775e-05,0.00029590994,8.4779604e-05,0.99954456,d
test_0839.jpg,5.143353e-05,0.00012338262,0.99977976,4.538993e-05,c
test_0840.jpg,0.9771105,0.0014690262,0.017896404,0.0035240108,a
test_0841.jpg,4.5383047e-05,0.0002304741,9.6075906e-05,0.99962807,d
test_0842.jpg,5.421733e-06,0.999905,7.484473e-05,1.4737798e-05,b
test_0843.jpg,0.0004872858,0.0009103697,0.99834156,0.00026082527,c
test_0844.jpg,0.00017943972,0.00026108325,0.00023040517,0.9993291,d
test_0845.jpg,5.8283902e-05,5.1435363e-05,7.483802e-05,0.9998154,d
test_0846.jpg,3.5349232e-05,0.9997662,0.00015842427,4.0055926e-05,b
test_0847.jpg,0.522527,0.00241978,0.013924872,0.4611284,a
test_0848.jpg,0.0040638605,0.0003779979,0.9943938,0.0011643154,c
test_0849.jpg,3.1199448e-05,2.7533419e-05,5.1439198e-05,0.99988985,d
test_0850.jpg,2.1440344e-05,0.9997639,0.00013980862,7.483416e-05,b
test_0851.jpg,0.00033484085,0.0010313825,0.0004871906,0.99814653,d
test_0852.jpg,0.004570687,0.98699355,0.0009000216,0.007535788,b
test_0853.jpg,0.00017950026,9.607957e-05,0.9996662,5.8275204e-05,c
test_0854.jpg,1.4736973e-05,5.143709e-05,8.4805426e-05,0.99984896,d
test_0855.jpg,5.1435363e-05,0.9998154,0.00010888867,2.4296345e-05,b
test_0856.jpg,0.00029591014,0.9995453,0.00012335369,3.5341425e-05,b
test_0857.jpg,2.1442367e-05,0.99985814,9.609802e-05,2.4297384e-05,b
test_0858.jpg,3.119415e-05,0.00010887829,0.00013980249,0.99972004,d
test_0859.jpg,3.5353016e-05,4.006021e-05,5.143834e-05,0.99987316,d
test_0860.jpg,0.00029583307,0.00029583307,0.99928504,0.00012332156,c
test_0861.jpg,6.602336e-05,0.00013977147,0.0002958962,0.99949825,d
test_0862.jpg,0.9997762,0.0001088844,7.483508e-05,4.0056326e-05,a
test_0863.jpg,0.9993154,0.00017943727,0.00043044763,7.480059e-05,a
test_0864.jpg,0.9997948,9.609193e-05,8.480082e-05,2.4295843e-05,a
test_0865.jpg,0.00017948529,0.00017948529,5.8270343e-05,0.9995828,d
test_0866.jpg,0.00033527106,9.605677e-05,0.9994289,0.00013976177,c
test_0867.jpg,2.429719e-05,0.99985015,0.000108892455,1.6699198e-05,b
test_0868.jpg,4.222587e-06,0.9999374,4.539709e-05,1.3006484e-05,b
test_0869.jpg,0.000552552,0.9990375,0.00033513975,7.477979e-05,b
test_0870.jpg,0.0006144664,0.0066061364,0.9804376,0.012341888,c
test_0871.jpg,9.6077005e-05,8.478766e-05,0.00017949547,0.9996395,d
test_0872.jpg,0.00013977486,0.00017947445,0.00015838565,0.99952245,d
test_0873.jpg,4.005265e-05,9.608133e-05,0.00017950354,0.99968445,d
test_0874.jpg,5.1427385e-05,0.0001794992,0.000108871776,0.99966025,d
test_0875.jpg,0.00033472074,0.0011682902,0.00070860377,0.9977884,d
test_0876.jpg,0.99936575,0.00037988788,9.6050695e-05,0.00015836081,a
test_0877.jpg,0.99985826,4.5393495e-05,7.484123e-05,2.1442369e-05,a
test_0878.jpg,3.53494e-05,0.9997708,0.000158425,3.53494e-05,b
test_0879.jpg,0.99649614,0.0016976506,0.0016976506,0.00010852717,a
test_0880.jpg,9.607727e-05,0.00020339558,0.99964225,5.827381e-05,c
test_0881.jpg,0.00020335865,7.481147e-05,0.99946076,0.00026111765,c
test_0882.jpg,0.99953496,0.00020337374,0.00020337374,5.8267553e-05,a
test_0883.jpg,0.9999031,4.5395533e-05,4.006141e-05,1.1477788e-05,a
test_0884.jpg,0.00033419952,0.003170797,0.00026027483,0.9962347,d
test_0885.jpg,0.0031656185,0.001319626,0.0009069648,0.9946077,d
test_0886.jpg,0.00037728096,0.0004275153,0.0066874647,0.99250776,d
test_0887.jpg,1.22177335e-05,0.9998779,5.8287547e-05,5.1438583e-05,b
test_0888.jpg,3.535499e-05,1.8924162e-05,0.99992895,1.6700515e-05,c
test_0889.jpg,0.00048736608,0.0008035308,0.99850607,0.0002031644,c
test_0890.jpg,0.00010887581,0.9996973,0.00015841336,3.53468e-05,b
test_0891.jpg,0.0046041654,0.00062310597,0.9942228,0.0005498891,c
test_0892.jpg,0.0013244348,0.00033486955,0.00010871623,0.99823207,d
test_0893.jpg,0.00013944811,0.9971859,0.002471777,0.0002028958,b
test_0894.jpg,8.938236e-06,0.9998276,0.00012338853,4.005839e-05,b
test_0895.jpg,6.604386e-05,0.9998086,9.609326e-05,2.9306786e-05,b
test_0896.jpg,0.0021762024,0.9948394,0.0027942993,0.00019015443,b
test_0897.jpg,3.535007e-05,6.6042616e-05,0.00010888588,0.9997898,d
test_0898.jpg,0.98745805,0.0007012674,0.009680699,0.0021600558,a
test_0899.jpg,8.480224e-05,5.8283673e-05,0.9998115,4.539137e-05,c
test_0900.jpg,0.99966526,0.00020340025,9.607948e-05,3.5345667e-05,a
test_0901.jpg,0.0016889547,0.0010244027,0.99139166,0.00589503,c
test_0902.jpg,1.01292835e-05,0.9999201,5.8290007e-05,1.1477983e-05,b
test_0903.jpg,0.99913603,0.00023036066,0.00020329257,0.0004303704,a
test_0904.jpg,0.9995634,0.00015839214,0.00020337953,7.481916e-05,a
test_0905.jpg,0.99637824,0.00080181845,0.0014979941,0.0013219751,a
test_0906.jpg,0.9997329,0.00013980428,9.608598e-05,3.119455e-05,a
test_0907.jpg,2.753253e-05,0.99985754,4.0059585e-05,7.484118e-05,b
test_0908.jpg,5.14374e-05,5.828621e-05,3.5352372e-05,0.9998549,d
test_0909.jpg,0.0004877445,0.99928135,0.00017943115,5.140789e-05,b
test_0910.jpg,2.1442584e-05,0.9998683,7.484198e-05,3.5352845e-05,b
test_0911.jpg,0.00055118237,0.00070773216,0.0021799686,0.9965611,d
test_0912.jpg,0.00013978442,0.9995908,0.00020338512,6.6029475e-05,b
test_0913.jpg,0.0001233578,0.00015839454,0.0001397827,0.99957854,d
test_0914.jpg,0.00017945963,0.00029587894,0.9994399,8.477073e-05,c
test_0915.jpg,0.0024698428,0.9964057,0.0009086044,0.00021581244,b
test_0916.jpg,0.0014944529,0.9940229,0.003163757,0.0013188501,b
test_0917.jpg,0.0026372136,0.017196791,0.041252956,0.938913,d
test_0918.jpg,2.4285837e-05,0.999383,0.0005527431,4.0040573e-05,b
test_0919.jpg,0.9999372,2.144406e-05,3.1200925e-05,1.0129456e-05,a
test_0920.jpg,0.0014989895,0.0009091831,0.99704033,0.00055144745,c
test_0921.jpg,0.015750878,0.0039824457,0.0057944236,0.9744723,d
test_0922.jpg,0.00013754687,0.015898256,0.00037389118,0.9835903,d
test_0923.jpg,0.98005986,0.015841193,0.0024293256,0.0016696496,a
test_0924.jpg,6.604353e-05,0.9998036,0.00010888738,2.1441196e-05,b
test_0925.jpg,1.0129381e-05,0.99992967,4.5396737e-05,1.4738162e-05,b
test_0926.jpg,3.5348003e-05,0.00015841876,7.4831725e-05,0.99973136,d
test_0927.jpg,9.609187e-05,5.1434272e-05,5.8282665e-05,0.9997942,d
test_0928.jpg,0.3049882,0.64566004,0.03214552,0.017206257,b
test_0929.jpg,1.4737338e-05,0.99987376,6.604817e-05,4.53942e-05,b
test_0930.jpg,0.99972147,8.479461e-05,0.00015841718,3.5347653e-05,a
test_0931.jpg,0.99980325,9.609274e-05,7.483711e-05,2.5863012e-05,a
test_0932.jpg,7.481622e-05,0.00026113424,0.0001397751,0.99952424,d
test_0933.jpg,0.9945299,0.0040644165,0.0010276454,0.00037804962,a
test_0934.jpg,0.9998103,7.483763e-05,7.483763e-05,4.005769e-05,a
test_0935.jpg,0.0002958668,7.480685e-05,0.99939895,0.00023042128,c
test_0936.jpg,0.72503257,0.0033575671,0.004885231,0.26672462,a
test_0937.jpg,3.119941e-05,4.0060833e-05,4.0060833e-05,0.99988866,d
test_0938.jpg,9.608084e-05,0.99967945,0.00015841052,6.603533e-05,b
test_0939.jpg,0.9998258,8.4803454e-05,5.8284506e-05,3.1197447e-05,a
test_0940.jpg,0.9980186,0.0005519885,0.0002607409,0.0011685597,a
test_0941.jpg,0.030526433,0.004131304,0.89211315,0.07322911,c
test_0942.jpg,0.00020319536,0.0003350125,0.0008036532,0.9986582,d
test_0943.jpg,5.4218567e-06,0.99992776,4.5396653e-05,2.1443859e-05,b
test_0944.jpg,0.9973677,0.0019253725,0.0002773762,0.00042960868,a
test_0945.jpg,0.999108,0.0003351634,0.0002610255,0.0002957807,a
test_0946.jpg,0.0051404,0.013973056,0.9795869,0.0012996967,c
test_0947.jpg,4.538574e-05,0.00015841179,0.00010887473,0.99968743,d
test_0948.jpg,3.1190473e-05,0.99960226,0.00033532918,3.1190473e-05,b
test_0949.jpg,0.9969631,0.0016984462,0.0004294344,0.0009091127,a
test_0950.jpg,0.0010315775,0.00020312965,0.9983353,0.00043002548,c
test_0951.jpg,0.998988,0.0001232849,8.47324e-05,0.00080391864,a
test_0952.jpg,0.99987555,4.539428e-05,6.6048284e-05,1.3005679e-05,a
test_0953.jpg,0.0002609585,0.00033507735,0.00055244914,0.99885154,d
test_0954.jpg,4.538683e-05,0.0001584156,8.479376e-05,0.99971145,d
test_0955.jpg,3.119312e-05,0.9996871,0.00015841173,0.00012337118,b
test_0956.jpg,0.99763656,0.0011681123,0.0007084959,0.0004869417,a
test_0957.jpg,0.00026112158,0.00013976832,0.0001233451,0.9994758,d
test_0958.jpg,3.119724e-05,0.9998191,7.4838295e-05,7.4838295e-05,b
test_0959.jpg,0.99947315,0.00033528588,0.00015837784,3.3197797e-05,a
test_0960.jpg,0.00057296647,0.9731828,0.008419681,0.017824465,b
test_0961.jpg,7.483604e-05,0.99978894,8.4800326e-05,5.1434003e-05,b
test_0962.jpg,0.00023038694,0.00013973676,0.99925,0.00037984387,c
test_0963.jpg,2.7529297e-05,0.9997402,0.00012337774,0.00010888048,b
test_0964.jpg,0.00010879124,0.00026097658,0.00070940796,0.9989208,d
test_0965.jpg,1.3843461e-05,0.9998024,0.00010888725,7.4837044e-05,b
test_0966.jpg,1.7775714e-05,0.99982256,8.480318e-05,7.483855e-05,b
test_0967.jpg,0.00037963432,0.0006259111,0.9986987,0.00029565953,c
test_0968.jpg,0.99966645,0.00015840847,0.000139795,3.5345707e-05,a
test_0969.jpg,0.00070877525,0.00023010564,0.9980299,0.0010312619,c
test_0970.jpg,0.00012336686,8.478872e-05,0.00013979297,0.999652,d
test_0971.jpg,0.0007029524,0.9898307,0.00090260874,0.008563713,b
test_0972.jpg,6.603572e-05,0.0001088745,0.00013979762,0.9996853,d
test_0973.jpg,0.008559579,0.9893528,0.0019099003,0.0001776484,b
test_0974.jpg,0.0055917664,0.16341536,0.82989174,0.0011010842,c
test_0975.jpg,1.0129121e-05,0.99990404,5.8289068e-05,2.7533808e-05,b
test_0976.jpg,5.826737e-05,0.00017947613,0.00023045193,0.99953187,d
test_0977.jpg,3.1195552e-05,0.999765,0.00015842408,4.538926e-05,b
test_0978.jpg,0.00043044385,0.00012332422,0.99930656,0.00013974466,c
test_0979.jpg,0.9999367,3.5355264e-05,1.8924307e-05,8.939211e-06,a
test_0980.jpg,0.999765,0.00015842408,4.538926e-05,3.1195552e-05,a
test_0981.jpg,8.478429e-05,0.9995999,0.0002304676,8.478429e-05,b
test_0982.jpg,0.9996772,0.00015841017,7.965363e-05,8.479085e-05,a
test_0983.jpg,9.606214e-05,0.0002958922,0.00012334622,0.9994848,d
test_0984.jpg,0.0002958476,0.99933404,0.00023040632,0.0001397485,b
test_0985.jpg,0.013981502,0.980179,0.0051435074,0.000696098,b
test_0986.jpg,0.99884677,0.00033507578,0.0007093554,0.00010878318,a
test_0987.jpg,0.0002500301,0.0006796524,0.042048603,0.9570218,d
test_0988.jpg,7.483751e-05,5.8283505e-05,5.8283505e-05,0.9998086,d
test_0989.jpg,0.99975115,8.4797124e-05,0.00013980684,2.4294784e-05,a
test_0990.jpg,0.07209229,0.87826383,0.04372618,0.0059176954,b
test_0991.jpg,0.9998448,8.480507e-05,5.143688e-05,1.8922568e-05,a
test_0992.jpg,0.00015835834,0.99935013,0.00026108875,0.00023041003,b
test_0993.jpg,0.9996729,0.00017950147,0.00012336943,2.4292882e-05,a
test_0994.jpg,4.0060266e-05,4.5394234e-05,4.0060266e-05,0.9998745,d
test_0995.jpg,0.00017820093,0.99243003,0.0007047984,0.006686941,b
test_0996.jpg,6.604808e-05,4.0060182e-05,0.99987245,2.1442673e-05,c
test_0997.jpg,0.9996573,0.0001233675,0.0001233675,9.6078715e-05,a
test_0998.jpg,2.7533815e-05,0.9999043,5.1439936e-05,1.6700102e-05,b
test_0999.jpg,0.013856993,0.0030919134,0.31538373,0.6676673,d
test_1000.jpg,3.1199637e-05,5.1439507e-05,0.99989593,2.1443177e-05,c
test_1001.jpg,0.00010886444,0.00015839681,0.00013978471,0.99959296,d
test_1002.jpg,0.00062476797,0.000802218,0.0016982957,0.9968747,d
test_1003.jpg,0.9995449,0.00017947849,0.00017947849,9.606792e-05,a
test_1004.jpg,0.0013226913,0.0014988057,0.00026045335,0.9969181,d
test_1005.jpg,0.022918122,0.0021317173,0.00044683221,0.9745033,d
test_1006.jpg,0.00023041225,0.9993598,0.00017944524,0.00023041225,b
test_1007.jpg,4.005574e-05,0.9997615,0.00015842353,4.005574e-05,b
test_1008.jpg,0.002465662,0.994719,0.0014954995,0.0013197737,b
test_1009.jpg,0.9995634,0.00020337953,0.00015839214,7.481916e-05,a
test_1010.jpg,5.142696e-05,0.999652,0.00023047964,6.603352e-05,b
test_1011.jpg,1.8922568e-05,0.9998448,8.480507e-05,5.143688e-05,b
test_1012.jpg,0.00042623052,0.008561068,0.0014876906,0.98952496,d
test_1013.jpg,0.00033497685,0.00048738846,0.0006258191,0.9985519,d
test_1014.jpg,2.7530472e-05,0.99978286,0.0001584269,3.119611e-05,b
test_1015.jpg,0.009178652,0.72915065,0.23672056,0.024950163,b
test_1016.jpg,0.9995172,0.00033530066,9.606525e-05,5.1420026e-05,a
test_1017.jpg,3.535127e-05,6.6044864e-05,7.4838645e-05,0.99982375,d
test_1018.jpg,5.1424566e-05,0.00013978645,0.00020338809,0.9996055,d
test_1019.jpg,0.14759025,0.001446924,0.0016395797,0.8493233,d
test_1020.jpg,1.8922568e-05,0.9998448,8.480507e-05,5.143688e-05,b
test_1021.jpg,0.99969244,0.00015841259,0.00012337184,2.5860145e-05,a
test_1022.jpg,5.143247e-05,6.604059e-05,0.00012338007,0.99975914,d
test_1023.jpg,0.00012335287,0.00017947739,0.9995388,0.00015838823,c
test_1024.jpg,0.9998735,5.8287293e-05,5.1438357e-05,1.6699589e-05,a
test_1025.jpg,2.4297422e-05,0.9998597,8.4806336e-05,3.119851e-05,b
test_1026.jpg,5.143575e-05,0.000108889486,0.9998229,1.6698743e-05,c
test_1027.jpg,3.119515e-05,5.8280213e-05,0.00015842204,0.9997521,d
test_1028.jpg,1.3005998e-05,0.9999001,5.143972e-05,3.535397e-05,b
test_1029.jpg,0.9969252,0.0013227008,0.00042941808,0.0013227008,a
test_1030.jpg,0.9998388,0.000108891225,4.0058836e-05,1.2217256e-05,a
test_1031.jpg,0.0003330543,0.9928209,0.004057432,0.0027886298,b
test_1032.jpg,0.00013978318,0.00020338332,0.999582,7.482055e-05,c
test_1033.jpg,0.0002608078,0.9982748,0.0011688595,0.000295534,b
test_1034.jpg,0.07561508,0.0029319148,0.92118025,0.00027271057,c
test_1035.jpg,0.0051912568,0.9892784,0.0040429546,0.0014873199,b
test_1036.jpg,2.4297966e-05,5.828779e-05,3.5353332e-05,0.9998821,d
test_1037.jpg,0.0002607173,0.00048708406,0.0013240317,0.99792826,d
test_1038.jpg,2.42991e-05,4.0062438e-05,0.9999287,6.9618086e-06,c
test_1039.jpg,0.00023047534,9.607642e-05,0.99963343,4.0050607e-05,c
test_1040.jpg,8.47778e-05,9.6065836e-05,0.00029590362,0.9995233,d
test_1041.jpg,0.10645922,0.0019498687,0.00021876922,0.89137214,d
test_1042.jpg,0.0007094862,0.00023033643,0.99903095,2.9283992e-05,c
test_1043.jpg,0.37327683,0.009947491,0.0013462465,0.61542946,d
test_1044.jpg,3.7264897e-06,0.99995613,3.1201518e-05,8.939384e-06,b
test_1045.jpg,0.00048738797,0.00015823169,0.99855083,0.0008035668,c
test_1046.jpg,6.6024455e-05,0.00029590112,0.00012334992,0.9995148,d
test_1047.jpg,0.0024716249,0.00029519352,0.9971246,0.00010859562,c
test_1048.jpg,0.0031688674,0.0009078957,0.9956285,0.0002947506,c
test_1049.jpg,0.99565923,0.00070709165,0.0024679925,0.001165797,a
test_1050.jpg,0.0016983491,0.0009090607,0.00048658517,0.9969061,d
test_1051.jpg,8.4792e-05,0.9996908,0.00015841231,6.6036075e-05,b
test_1052.jpg,4.5382534e-05,0.00017949138,0.0001584006,0.99961674,d
test_1053.jpg,1.8922923e-05,5.143784e-05,6.604749e-05,0.9998635,d
test_1054.jpg,6.9619687e-06,0.9999517,3.120138e-05,1.0129604e-05,b
test_1055.jpg,0.9999099,3.5354315e-05,4.0061685e-05,1.47378705e-05,a
test_1056.jpg,3.5348035e-05,0.00010887962,0.00012337677,0.9997323,d
test_1057.jpg,3.5350604e-05,8.4801686e-05,7.483723e-05,0.9998049,d
test_1058.jpg,2.4297384e-05,0.99985814,9.609802e-05,2.1442367e-05,b
test_1059.jpg,8.938896e-06,0.99990153,5.8288922e-05,3.1199816e-05,b
test_1060.jpg,8.479461e-05,0.00010887844,8.479461e-05,0.99972147,d
test_1061.jpg,0.00017947803,0.00020337525,0.99954236,7.481758e-05,c
test_1062.jpg,0.9997707,9.6089614e-05,0.0001088838,2.429526e-05,a
test_1063.jpg,0.24339153,0.00505143,0.0018583173,0.7496987,d
test_1064.jpg,0.9999291,4.0062452e-05,2.4299106e-05,6.540016e-06,a
test_1065.jpg,7.4803895e-05,0.00033524778,0.0002304122,0.99935955,d
test_1066.jpg,0.99985814,6.6047134e-05,5.1437564e-05,2.4297384e-05,a
test_1067.jpg,6.604455e-05,7.4838295e-05,0.9998191,4.0058043e-05,c
test_1068.jpg,0.99051064,0.0009032288,0.0075626415,0.0010234923,a
test_1069.jpg,6.1434844e-06,0.9998815,8.480818e-05,2.7533188e-05,b
test_1070.jpg,0.9731766,0.025934277,0.0006911251,0.00019801066,a
test_1071.jpg,0.003159786,0.0009052938,0.003159786,0.9927752,d
test_1072.jpg,8.4778745e-05,0.00029590694,0.9995345,8.4778745e-05,c
test_1073.jpg,0.00013968658,0.00091087096,0.9988913,5.823003e-05,c
test_1074.jpg,0.00020335398,0.00017945924,0.00017945924,0.99943775,d
test_1075.jpg,0.0010273677,0.8774324,0.002792675,0.118747555,b
test_1076.jpg,0.010950223,0.002443325,0.9857076,0.000898849,c
test_1077.jpg,1.1478331e-05,0.9999504,3.120134e-05,6.9619596e-06,b
test_1078.jpg,5.828227e-05,9.6091215e-05,0.9997874,5.828227e-05,c
test_1079.jpg,0.9998636,8.480666e-05,4.005983e-05,1.1477335e-05,a
test_1080.jpg,0.000295895,0.9994942,0.00015838117,5.1418843e-05,b
test_1081.jpg,0.99990845,4.0061626e-05,4.0061626e-05,1.14778495e-05,a
test_1082.jpg,3.119549e-05,6.604085e-05,0.00013980849,0.99976295,d
test_1083.jpg,0.9998098,0.00012338633,4.5391294e-05,2.1441328e-05,a
test_1084.jpg,0.9997564,0.00012337974,7.48336e-05,4.538887e-05,a
test_1085.jpg,9.607393e-05,0.00023046936,6.6030574e-05,0.9996075,d
test_1086.jpg,0.01076714,0.0027223595,0.13117062,0.8553399,d
test_1087.jpg,8.397213e-06,0.99988925,7.484355e-05,2.7533402e-05,b
test_1088.jpg,0.000261105,0.00012333727,0.00020334878,0.9994123,d
test_1089.jpg,0.9726858,0.0259212,0.001138898,0.00025412248,a
test_1090.jpg,5.8277088e-05,8.479266e-05,0.00015841355,0.9996985,d
test_1091.jpg,0.0006098304,0.97304046,0.025930649,0.0004191299,b
test_1092.jpg,9.600793e-05,0.00017936641,0.0008038645,0.9989208,d
test_1093.jpg,0.9992304,0.00023038241,0.00043041102,0.000108824956,a
test_1094.jpg,5.1437113e-05,7.484056e-05,0.9998493,2.429717e-05,c
test_1095.jpg,0.008543775,0.0027737578,0.9875261,0.0011562742,c
test_1096.jpg,0.99939454,0.00037989882,0.00010224837,0.00012333508,a
test_1097.jpg,7.482515e-05,0.0001233658,0.00015840482,0.99964345,d
test_1098.jpg,0.9994223,0.00023042667,0.00029587373,5.1415143e-05,a
test_1099.jpg,4.5388115e-05,0.9997397,0.00017951346,3.5348297e-05,b
test_1100.jpg,0.0005520812,0.0002301417,0.0010314236,0.9981863,d
test_1101.jpg,0.9996618,0.00017949948,0.00012336807,3.5345543e-05,a
test_1102.jpg,0.99917454,0.00017941199,0.0004876924,0.00015833051,a
test_1103.jpg,0.0002298292,0.002799893,0.9968309,0.00013939846,c
test_1104.jpg,5.1433966e-05,0.00010888571,0.9997882,5.1433966e-05,c
test_1105.jpg,0.00023043147,0.00023043147,0.9994431,9.605813e-05,c
test_1106.jpg,8.479358e-05,0.00013980099,0.9997093,6.6037304e-05,c
test_1107.jpg,7.482844e-05,0.00017950407,5.827644e-05,0.99968743,d
test_1108.jpg,1.6699689e-05,0.9998795,8.480801e-05,1.8923225e-05,b
test_1109.jpg,0.9974717,0.00029529625,0.0013234259,0.0009095764,a
test_1110.jpg,4.538508e-05,0.00012336943,0.00015840949,0.9996729,d
test_1111.jpg,0.00029574052,0.000552516,0.9989724,0.00017937568,c
test_1112.jpg,0.00015827698,0.00070934824,0.00029570036,0.9988367,d
test_1113.jpg,0.003109919,0.0018862612,0.017896347,0.9771074,d
test_1114.jpg,0.9997161,0.00010887786,0.00010887786,6.6037755e-05,a
test_1115.jpg,1.4738327e-05,3.535541e-05,0.9999409,8.939248e-06,c
test_1116.jpg,0.0010314761,0.0005521094,0.99823713,0.00017924367,c
test_1117.jpg,0.9998622,7.4841526e-05,5.1437775e-05,1.1477318e-05,a
test_1118.jpg,0.106001906,0.8875431,0.0011775747,0.005277524,b
test_1119.jpg,4.006128e-05,4.5395383e-05,0.99989986,1.4737722e-05,c
test_1120.jpg,0.85901105,0.008421448,0.13173361,0.0008338362,a
test_1121.jpg,2.7528988e-05,0.999729,0.00020341323,4.0054434e-05,b
test_1122.jpg,0.9997662,8.47984e-05,0.00010888331,4.0055926e-05,a
test_1123.jpg,0.00013979207,0.00013979207,0.9996456,7.482531e-05,c
test_1124.jpg,1.2218006e-05,0.9999002,6.604991e-05,2.144327e-05,b
test_1125.jpg,0.00013970348,0.0005525379,0.00029575225,0.999012,d
test_1126.jpg,0.00026094815,0.00080377696,0.00012326318,0.99881196,d
test_1127.jpg,0.00023041636,0.0002958605,0.99937767,9.605184e-05,c
test_1128.jpg,0.00026115892,0.99961865,8.478589e-05,3.534402e-05,b
test_1129.jpg,0.00062541733,0.00029542626,0.9979108,0.0011684333,c
test_1130.jpg,0.45406583,0.02902746,0.514524,0.002382719,c
test_1131.jpg,0.00024342063,0.46849978,0.5308798,0.00037701725,c
test_1132.jpg,0.00010874453,0.00023021216,0.0011691138,0.9984919,d
test_1133.jpg,0.000552204,0.000552204,0.00048731835,0.99840826,d
test_1134.jpg,0.030215206,0.004633652,0.8830178,0.08213344,c
test_1135.jpg,0.9994079,0.00023042333,0.00015836749,0.0002033479,a
test_1136.jpg,0.029211204,0.0030788383,0.9673422,0.00036771482,c
test_1137.jpg,0.9999362,2.7534696e-05,2.144404e-05,1.4738259e-05,a
test_1138.jpg,4.538643e-05,0.0002304913,0.99970263,2.1439031e-05,c
test_1139.jpg,0.00020339437,5.1426152e-05,0.9996363,0.000108869164,c
test_1140.jpg,6.6033535e-05,0.00015840621,0.00012336689,0.99965227,d
test_1141.jpg,0.54007167,0.28907955,0.106346406,0.064502366,a
test_1142.jpg,8.4777035e-05,0.99951434,0.00026113164,0.00013977372,b
test_1143.jpg,7.888686e-06,0.99991906,5.8289945e-05,1.4738005e-05,b
test_1144.jpg,0.00091047434,0.00043007763,0.99845636,0.00020315428,c
test_1145.jpg,9.608514e-05,2.1439491e-05,0.9997241,0.0001584176,c
test_1146.jpg,4.0054383e-05,0.99972767,0.0001233762,0.00010887912,b
test_1147.jpg,0.00037847887,0.9956591,0.0011657969,0.0027966017,b
test_1148.jpg,0.0013559373,0.9018904,0.08388887,0.012864775,b
test_1149.jpg,0.36276758,0.015938895,0.5981026,0.023190955,c
test_1150.jpg,0.00023039703,0.0003798605,9.604377e-05,0.9992937,d
test_1151.jpg,8.477963e-05,0.9995449,0.00023045494,0.000139778,b
test_1152.jpg,0.9981499,0.0013243257,0.0004299456,9.593383e-05,a
test_1153.jpg,6.6020744e-05,0.9994586,0.00029588447,0.000179463,b
test_1154.jpg,4.5388875e-05,0.00013980758,5.8280468e-05,0.9997565,d
test_1155.jpg,0.9995449,0.000139778,8.477963e-05,0.00023045494,a
test_1156.jpg,5.1430656e-05,8.479481e-05,0.00013980301,0.99972385,d
test_1157.jpg,0.00017938025,0.99899787,0.00048760613,0.00033512645,b
test_1158.jpg,1.3005709e-05,0.9998778,8.480787e-05,2.4297862e-05,b
test_1159.jpg,2.4296269e-05,4.0057774e-05,0.00012338664,0.9998123,d
test_1160.jpg,0.99957174,0.00020338123,0.00017948331,4.538049e-05,a
test_1161.jpg,0.7033593,0.001198257,0.29320377,0.0022386387,a
test_1162.jpg,0.12979966,0.008297815,0.8464001,0.015502359,c
test_1163.jpg,0.00017942756,0.00017942756,0.00037984818,0.9992613,d
test_1164.jpg,9.601797e-05,7.477887e-05,0.0008039486,0.9990252,d
test_1165.jpg,5.8279315e-05,9.608635e-05,0.0001088801,0.9997367,d
test_1166.jpg,4.536266e-05,0.99917907,0.0007095914,6.600228e-05,b
test_1167.jpg,8.478238e-05,0.00017948431,0.00015839435,0.99957734,d
test_1168.jpg,3.119922e-05,7.484304e-05,0.99988246,1.1477551e-05,c
test_1169.jpg,0.00097217597,0.23788361,0.028411146,0.73273313,d
test_1170.jpg,0.99984896,5.143709e-05,8.4805426e-05,1.4736973e-05,a
test_1171.jpg,5.142739e-05,0.00020339926,8.4789426e-05,0.9996604,d
test_1172.jpg,0.00029557472,0.0011690205,0.99841225,0.00012321386,c
test_1173.jpg,5.142139e-05,0.00010885909,0.00029590967,0.9995437,d
test_1174.jpg,5.14297e-05,0.99970526,0.00015841462,8.479323e-05,b
test_1175.jpg,0.998423,0.00048732554,0.0009104439,0.00017927703,a
test_1176.jpg,0.00012336868,0.00015840853,0.9996668,5.142772e-05,c
test_1177.jpg,1.4737661e-05,0.9998957,5.8288584e-05,3.119963e-05,b
test_1178.jpg,0.81669885,0.18223016,0.000843893,0.00022713072,a
test_1179.jpg,4.0057887e-05,0.99981517,0.00012338698,2.1441445e-05,b
test_1180.jpg,6.962017e-06,0.99995863,2.7535312e-05,6.962017e-06,b
test_1181.jpg,6.603379e-05,0.0002611687,0.9996561,1.6695956e-05,c
test_1182.jpg,0.00048771178,0.00013973177,0.9992143,0.00015833681,c
test_1183.jpg,0.117025495,0.86470795,0.0024287868,0.015837679,b
test_1184.jpg,0.00013952772,0.00017915713,0.9977552,0.0019261207,c
test_1185.jpg,0.9911408,0.0052010296,0.0021681117,0.0014901198,a
test_1186.jpg,0.99983263,4.5392335e-05,0.00010889055,1.3005121e-05,a
test_1187.jpg,1.4737561e-05,0.9998889,7.484352e-05,2.1443026e-05,b
test_1188.jpg,0.9986523,0.000625882,0.000625882,9.598212e-05,a
test_1189.jpg,0.9996393,0.0002304767,4.5383553e-05,8.4787636e-05,a
test_1190.jpg,2.1442822e-05,0.99987936,7.484281e-05,2.42979e-05,b
test_1191.jpg,4.004886e-05,0.99958986,0.00010886411,0.00026115138,b
test_1192.jpg,0.00029551832,0.0013244211,0.00015817955,0.9982218,d
test_1193.jpg,0.99915516,0.0004876829,0.0002610378,9.603045e-05,a
test_1194.jpg,0.00053179276,0.96150386,0.03728155,0.0006828354,b
test_1195.jpg,4.539393e-05,5.1438063e-05,0.9998678,3.5352827e-05,c
test_1196.jpg,0.99978167,0.00012338285,7.4835494e-05,2.0141699e-05,a
test_1197.jpg,0.0003987023,0.00095643726,0.43723017,0.56141466,d
test_1198.jpg,5.1434352e-05,0.00013981307,0.99979573,1.300464e-05,c
test_1199.jpg,8.477856e-05,0.00020337322,0.00017947622,0.99953234,d
test_1200.jpg,0.0010307895,0.0004869105,0.9975726,0.00090966845,c
test_1201.jpg,8.939211e-06,1.8924307e-05,3.5355264e-05,0.9999367,d
test_1202.jpg,2.1441281e-05,0.99980754,0.00013981471,3.119688e-05,b
test_1203.jpg,0.99911124,0.00033516448,0.00048766148,6.5997796e-05,a
test_1204.jpg,1.6697755e-05,0.9997638,0.00017951778,4.005583e-05,b
test_1205.jpg,0.9990428,0.0002957614,0.00010880453,0.00055255496,a
test_1206.jpg,0.0014993884,0.0007082609,0.00048678016,0.99730563,d
test_1207.jpg,0.9996136,0.00012336212,0.00012336212,0.00013978759,a
test_1208.jpg,0.00037930295,0.0011683353,0.997827,0.0006253648,c
test_1209.jpg,0.00029587743,6.601917e-05,0.99943477,0.00020335337,c
test_1210.jpg,0.00020129204,0.9893038,0.00079612545,0.009698794,b
test_1211.jpg,0.9998455,0.00010889195,3.535204e-05,1.0128528e-05,a
test_1212.jpg,7.482716e-05,0.0002034013,0.9996704,5.1427905e-05,c
test_1213.jpg,0.0013208159,0.0024676092,0.99550456,0.0007069818,c
test_1214.jpg,0.0002033425,0.9993813,0.00037989378,3.5335626e-05,b
test_1215.jpg,0.99626523,0.003170894,0.00033420973,0.00022969877,a
test_1216.jpg,8.480159e-05,0.99980384,4.5391025e-05,6.604355e-05,b
test_1217.jpg,3.1197516e-05,6.604513e-05,7.483895e-05,0.99982786,d
test_1218.jpg,0.00048682067,0.00062509003,0.0014995132,0.99738866,d
test_1219.jpg,0.0007093164,0.0002956871,0.9987919,0.00020322255,c
test_1220.jpg,0.0011534784,0.98513836,0.012401062,0.0013070623,b
test_1221.jpg,5.8283207e-05,0.9998035,0.00010888737,2.9306637e-05,b
test_1222.jpg,0.00012336942,0.9996728,0.00015840947,4.5385073e-05,b
test_1223.jpg,0.00026059995,0.0019255878,0.00033461695,0.99747914,d
test_1224.jpg,0.00070936145,0.00013968156,0.99885535,0.0002957059,c
test_1225.jpg,9.60865e-05,0.9997383,0.00013980504,2.586133e-05,b
test_1226.jpg,3.5350582e-05,0.9998043,0.00010888746,5.1434796e-05,b
test_1227.jpg,0.00017949082,0.00017949082,0.9996136,2.752581e-05,c
test_1228.jpg,9.6065465e-05,0.0001233505,0.00026113298,0.99951947,d
test_1229.jpg,0.00012326265,0.0009107947,0.00015827238,0.99880767,d
test_1230.jpg,0.99908996,0.0004876511,0.00037978304,4.261047e-05,a
test_1231.jpg,8.479852e-05,9.6089316e-05,0.9997676,5.1432908e-05,c
test_1232.jpg,0.09314134,0.012605309,0.6073578,0.2868955,c
test_1233.jpg,1.8923083e-05,0.99987197,8.4807376e-05,2.429772e-05,b
test_1234.jpg,0.0010295901,0.0021796424,0.996412,0.00037876505,c
test_1235.jpg,0.00015838185,0.00020336633,0.9994985,0.00013977151,c
test_1236.jpg,0.00026103092,0.00023035899,0.99912876,0.00037979777,c
test_1237.jpg,0.9997179,0.00015841662,0.000108878055,1.473504e-05,a
test_1238.jpg,6.604513e-05,7.483895e-05,0.99982786,3.1197516e-05,c
test_1239.jpg,0.00033479492,0.0011685491,0.9980096,0.00048712376,c
test_1240.jpg,0.00012335721,0.00017948369,0.00012335721,0.9995739,d
test_1241.jpg,6.6041306e-05,0.00013980945,0.99976987,2.4295237e-05,c
test_1242.jpg,0.0009101005,0.9980464,0.00033480726,0.000708787,b
test_1243.jpg,0.996555,0.0014982597,0.0013222096,0.00062456756,a
test_1244.jpg,4.5387384e-05,0.9997236,0.00020341214,2.752884e-05,b
test_1245.jpg,0.00015837411,9.605876e-05,0.00029588182,0.9994497,d
test_1246.jpg,0.00013977643,0.00023045237,0.9995338,9.606684e-05,c
test_1247.jpg,0.821936,0.16184878,0.0011608617,0.015054283,a
test_1248.jpg,0.00029543808,0.00042985982,0.0013240614,0.99795073,d
test_1249.jpg,0.99967265,0.00023048438,4.538507e-05,5.1428022e-05,a
test_1250.jpg,0.00051733066,0.05979529,0.0043315566,0.9353557,d
test_1251.jpg,0.00010873544,0.9984085,0.0013246688,0.00015820912,b
test_1252.jpg,0.00023036617,0.0004303807,0.00017940936,0.99915993,d
test_1253.jpg,1.0128695e-05,0.99986196,0.00010889374,1.8922894e-05,b
test_1254.jpg,0.0001397794,0.00023045726,7.481853e-05,0.99955493,d
test_1255.jpg,0.000108827124,0.00026106267,0.000379844,0.99925023,d
test_1256.jpg,0.00048675924,0.0016989567,0.00055157044,0.9972627,d
test_1257.jpg,8.480448e-05,5.8285215e-05,0.9998379,1.8922437e-05,c
test_1258.jpg,0.98965585,0.0031498577,0.0031498577,0.0040444974,a
test_1259.jpg,0.9822152,0.006618114,0.004548559,0.006618114,a
test_1260.jpg,0.0014998004,0.0006252098,0.00029532824,0.99757975,d
test_1261.jpg,5.82862e-05,3.535237e-05,5.1437393e-05,0.9998548,d
test_1262.jpg,5.8284255e-05,4.5391826e-05,7.483847e-05,0.9998215,d
test_1263.jpg,5.421947e-06,0.99994445,3.5355537e-05,1.473838e-05,b
test_1264.jpg,2.4296929e-05,8.480461e-05,5.1436604e-05,0.9998394,d
test_1265.jpg,0.033020318,0.00053372374,0.0014508114,0.96499515,d
test_1266.jpg,9.608933e-05,8.479853e-05,0.9997677,5.143291e-05,c
test_1267.jpg,0.0031360015,0.009659565,0.0019020811,0.9853023,d
test_1268.jpg,4.5391072e-05,7.483723e-05,7.483723e-05,0.9998049,d
test_1269.jpg,0.00015837759,0.00010885123,0.0002611205,0.9994716,d
test_1270.jpg,4.0056326e-05,0.0001088844,7.483508e-05,0.9997762,d
test_1271.jpg,9.608179e-05,0.00013979818,0.99968934,7.482858e-05,c
test_1272.jpg,0.00010885029,0.999463,0.00037992484,4.8302023e-05,b
test_1273.jpg,0.0015917778,0.0043269005,0.059731014,0.93435025,d
test_1274.jpg,0.00090027094,0.98726696,0.0066521526,0.0051807016,b
test_1275.jpg,0.99553216,0.0040685125,0.00013921685,0.00026009127,a
test_1276.jpg,4.0054678e-05,0.00017951263,0.99973506,4.5387904e-05,c
test_1277.jpg,0.00010887176,0.00017949917,0.99966013,5.1427378e-05,c
test_1278.jpg,0.0009098759,0.0008029627,0.0004870215,0.99780005,d
test_1279.jpg,0.00015837747,0.9994709,0.0002958881,7.481223e-05,b
test_1280.jpg,7.4831405e-05,0.00013980347,0.9997271,5.8278754e-05,c
test_1281.jpg,0.038604755,0.8786402,0.08172627,0.0010287819,b
test_1282.jpg,4.0061626e-05,4.0061626e-05,0.99990845,1.14778495e-05,c
test_1283.jpg,0.0010314937,0.00033487694,0.9982541,0.00037946532,c
test_1284.jpg,0.99977833,7.483524e-05,8.479943e-05,6.2040584e-05,a
test_1285.jpg,2.7531443e-05,9.609417e-05,5.8284062e-05,0.99981815,d
test_1286.jpg,0.99981564,8.4802596e-05,8.4802596e-05,1.4736481e-05,a
test_1287.jpg,0.0040666987,0.0005503678,0.9950884,0.0002945907,c
test_1288.jpg,0.0019253595,0.00037912576,0.9973609,0.00033457731,c
test_1289.jpg,0.9978941,0.0005519196,0.00023007432,0.0013239863,a
test_1290.jpg,0.00012336057,9.607331e-05,0.99960107,0.00017948856,c
test_1291.jpg,0.00017950227,8.479087e-05,0.9996774,5.827586e-05,c
test_1292.jpg,4.784699e-06,0.9999125,6.605073e-05,1.670024e-05,b
test_1293.jpg,0.9970373,0.0021810103,0.00029516764,0.0004866492,a
test_1294.jpg,5.8262325e-05,0.99944526,0.0004305036,6.6019864e-05,b
test_1295.jpg,0.9995105,0.00010885546,0.00029589984,8.4776715e-05,a
test_1296.jpg,5.8278565e-05,0.0001088787,0.0001088787,0.99972385,d
test_1297.jpg,6.601306e-05,0.00029585004,0.00029585004,0.99934226,d
test_1298.jpg,0.92858154,0.021838145,0.04623135,0.003348988,a
test_1299.jpg,0.10616656,0.004664633,0.8889217,0.0002472165,c
test_1300.jpg,6.1436667e-06,0.9999112,5.1440293e-05,3.1200114e-05,b
test_1301.jpg,3.9667234e-06,0.9999298,5.144125e-05,1.4738163e-05,b
test_1302.jpg,0.75277174,0.0023959074,0.00044319828,0.24438919,a
test_1303.jpg,0.00012335088,5.826683e-05,0.99952257,0.0002959034,c
test_1304.jpg,0.00020336968,0.00012334994,0.00015838446,0.99951494,d
test_1305.jpg,0.00055157044,0.00048675924,0.9972627,0.0016989567,c
test_1306.jpg,7.4836265e-05,7.4836265e-05,0.99979204,5.8282538e-05,c
test_1307.jpg,0.99935013,0.00023041003,0.00026108875,0.00015835834,a
test_1308.jpg,5.8279697e-05,0.9997433,0.00015842065,4.005501e-05,b
test_1309.jpg,0.99975497,0.000108882086,9.60881e-05,4.0055475e-05,a
test_1310.jpg,7.482692e-05,0.99966717,0.00023048311,2.7527285e-05,b
test_1311.jpg,4.7849408e-06,0.99996305,2.4299932e-05,7.8890325e-06,b
test_1312.jpg,9.605184e-05,0.00023041636,0.0002958605,0.99937767,d
test_1313.jpg,0.1821547,0.0012273486,0.00025726628,0.81636065,d
test_1314.jpg,0.9995011,0.00017947062,0.0002611282,5.826558e-05,a
test_1315.jpg,0.00037953944,0.001031695,0.9984491,0.00013962475,c
test_1316.jpg,0.99963117,0.00017949397,0.00012336428,6.6032146e-05,a
test_1317.jpg,0.002179408,0.0004862917,0.99630487,0.0010294794,c
test_1318.jpg,0.041798916,0.003431064,0.003431064,0.95133895,d
test_1319.jpg,6.603307e-05,0.00023047806,0.99964523,5.827398e-05,c
test_1320.jpg,1.300421e-05,0.9997626,0.0001584237,6.6040826e-05,b
test_1321.jpg,3.119955e-05,5.143936e-05,0.99989307,2.4298233e-05,c
test_1322.jpg,0.3432354,0.23590203,0.38893667,0.03192587,c
test_1323.jpg,0.9996573,0.0001233675,0.0001233675,9.6078715e-05,a
test_1324.jpg,0.9997515,0.00013980689,4.2638687e-05,6.604009e-05,a
test_1325.jpg,0.0066504516,0.0011556752,0.98701453,0.005179377,c
test_1326.jpg,5.4218826e-06,0.9999325,4.5396868e-05,1.6700575e-05,b
test_1327.jpg,0.00023036066,0.0004303704,0.99913603,0.00020329257,c
test_1328.jpg,9.6057774e-05,0.00020335431,0.0002611121,0.9994394,d
test_1329.jpg,0.0013243087,0.00042994006,0.998137,0.00010870588,c
test_1330.jpg,2.7530632e-05,0.9997887,0.00010888576,7.483602e-05,b
test_1331.jpg,0.0016692358,0.979817,0.013976338,0.004537453,b
test_1332.jpg,0.00015838878,0.00020337522,0.99954224,9.6067655e-05,c
test_1333.jpg,3.5335106e-05,0.9993666,0.000552734,4.5371173e-05,b
test_1334.jpg,0.99936634,0.00017944642,0.00029585714,0.00015836091,a
test_1335.jpg,7.4822645e-05,0.00023046994,8.478515e-05,0.99961,d
test_1336.jpg,0.9994715,0.000230438,0.00013976773,0.00015837757,a
test_1337.jpg,0.00080338906,0.00048728014,0.00037949413,0.99832994,d
test_1338.jpg,0.00048763354,0.00033514528,0.999054,0.00012329305,c
test_1339.jpg,7.888862e-06,0.99994135,4.5397268e-05,5.4219304e-06,b
test_1340.jpg,0.00037941322,0.00033483098,0.0011686749,0.9981171,d
test_1341.jpg,0.0010214332,0.9885179,0.0019082885,0.008552355,b
test_1342.jpg,0.96137595,0.005044838,0.032896474,0.0006827446,a
test_1343.jpg,0.0228882,0.0030975812,0.973231,0.0007831911,c
test_1344.jpg,4.0050898e-05,0.00017949569,0.00013979139,0.9996407,d
test_1345.jpg,0.00017942856,0.00043042676,0.00012331933,0.9992669,d
test_1346.jpg,8.477671e-05,0.000108855456,0.0002958998,0.9995104,d
test_1347.jpg,0.00017866438,0.9950111,0.0046078158,0.00020245329,b
test_1348.jpg,0.00043034338,0.99907327,0.00043034338,6.599529e-05,b
test_1349.jpg,5.143572e-05,5.143572e-05,7.4838536e-05,0.9998223,d
test_1350.jpg,0.9998902,4.5394947e-05,4.5394947e-05,1.8923429e-05,a
test_1351.jpg,0.00029467625,0.00406788,0.00026005085,0.9953774,d
test_1352.jpg,7.483847e-05,5.8284255e-05,0.9998215,4.5391826e-05,c
test_1353.jpg,5.8279267e-05,6.603906e-05,0.0001398047,0.9997359,d
test_1354.jpg,6.603245e-05,0.0001584036,0.0001397907,0.9996358,d
test_1355.jpg,0.9995534,0.00020337751,8.478035e-05,0.00015839055,a
test_1356.jpg,0.0002303522,0.0003351605,0.0003351605,0.9990994,d
test_1357.jpg,0.999863,7.4841584e-05,4.5393714e-05,1.6699414e-05,a
test_1358.jpg,7.4797885e-05,0.9992792,0.00048774344,0.0001583471,b
test_1359.jpg,6.9615785e-06,0.9998957,6.6049615e-05,3.119963e-05,b
test_1360.jpg,0.9994985,0.00013977151,0.00015838185,0.00020336633,a
test_1361.jpg,2.7533415e-05,0.99988973,6.604922e-05,1.669986e-05,b
test_1362.jpg,5.143809e-05,4.0060022e-05,4.0060022e-05,0.9998684,d
test_1363.jpg,2.1441068e-05,8.480107e-05,9.6092204e-05,0.99979764,d
test_1364.jpg,0.9991014,0.00048765665,0.00037978738,3.1174848e-05,a
test_1365.jpg,0.0003794934,0.00103157,0.99832803,0.00026082172,c
test_1366.jpg,0.0006092991,0.025908059,0.0012898863,0.97219276,d
test_1367.jpg,1.0129183e-05,0.9999101,5.8289424e-05,2.144348e-05,b
test_1368.jpg,1.147667e-05,0.99980575,0.00015843053,2.429611e-05,b
test_1369.jpg,0.99985826,4.5393495e-05,7.484123e-05,2.1442369e-05,a
test_1370.jpg,0.9998115,8.480224e-05,8.480224e-05,1.8921937e-05,a
test_1371.jpg,0.00062621007,0.00012330808,0.9991757,7.4790136e-05,c
test_1372.jpg,0.00015835711,0.9993424,0.00029585007,0.00020333457,b
test_1373.jpg,0.00043045005,0.00013974668,0.999321,0.00010883482,c
test_1374.jpg,0.0040675937,0.9953074,0.00055048894,7.450059e-05,b
test_1375.jpg,0.92065805,0.0008395315,0.0029302528,0.075572215,a
test_1376.jpg,0.0035714973,0.01813756,0.87391657,0.10437445,c
test_1377.jpg,0.00013974236,0.00043043678,0.9992901,0.00013974236,c
test_1378.jpg,0.9987435,0.00033504108,0.00029567274,0.00062593917,a
test_1379.jpg,0.00070901937,0.000430042,0.00048730147,0.9983736,d
test_1380.jpg,0.00029576142,0.000552555,0.9990429,0.00010880455,c
test_1381.jpg,6.60428e-05,4.5390512e-05,0.9997925,9.609171e-05,c
test_1382.jpg,0.00062181446,0.0013163813,0.0058996114,0.99216217,d
test_1383.jpg,4.5391513e-05,0.00010888858,0.99981457,3.1197098e-05,c
test_1384.jpg,0.0002610036,0.00033513526,0.000379758,0.99902415,d
test_1385.jpg,0.00013977745,0.00013977745,0.00017947778,0.99954104,d
test_1386.jpg,0.9996147,0.00017949102,0.00013978776,6.6031054e-05,a
test_1387.jpg,0.998703,0.0008036893,0.00033502752,0.0001582558,a
test_1388.jpg,1.8923307e-05,0.9998838,6.604883e-05,3.119926e-05,b
test_1389.jpg,0.0010318935,0.00026090353,0.9986412,6.596675e-05,c
test_1390.jpg,0.0008020529,0.001498432,0.0010298563,0.9966696,d
test_1391.jpg,0.99964714,0.00013979229,0.00015840541,5.4743443e-05,a
test_1392.jpg,4.0058683e-05,8.480424e-05,4.0058683e-05,0.999835,d
test_1393.jpg,6.9618077e-06,0.9999286,5.1441188e-05,1.3006369e-05,b
test_1394.jpg,0.99970335,0.00015841432,0.00010887647,2.9303703e-05,a
test_1395.jpg,0.9996699,0.00012336907,0.000158409,4.8312024e-05,a
test_1396.jpg,9.6057774e-05,0.0002611121,0.00020335431,0.9994394,d
test_1397.jpg,0.9978466,0.0016999514,0.00029540726,0.00015812009,a
test_1398.jpg,2.4298468e-05,4.5395514e-05,0.9999027,2.7533773e-05,c
test_1399.jpg,0.9998184,8.480283e-05,4.5391684e-05,5.1435516e-05,a
test_1400.jpg,0.00087617704,0.095136516,0.0013570496,0.90263015,d
test_1401.jpg,0.0005520645,0.0011687205,0.998156,0.00012318224,c
test_1402.jpg,0.008540933,0.00070108246,0.0035603906,0.9871976,d
test_1403.jpg,1.6698681e-05,0.9998192,0.00013981634,2.4296436e-05,b
test_1404.jpg,0.00029569084,0.000803771,0.99880457,9.599676e-05,c
test_1405.jpg,0.00017936842,0.99893194,0.0008038735,8.472764e-05,b
test_1406.jpg,1.4737415e-05,0.999879,8.480797e-05,2.1442815e-05,b
test_1407.jpg,0.99875593,0.00080373185,0.0002609335,0.00017933681,a
test_1408.jpg,0.99983025,5.8284768e-05,6.604529e-05,4.5392226e-05,a
test_1409.jpg,8.396832e-06,0.99984396,9.609666e-05,5.1436837e-05,b
test_1410.jpg,7.470713e-05,0.00015815499,0.0017003266,0.99806684,d
test_1411.jpg,0.031690888,0.6365285,0.09761481,0.23416577,b
test_1412.jpg,0.00026112158,0.0001233451,0.00013976832,0.9994758,d
test_1413.jpg,0.00033469652,0.9977163,0.0006252954,0.0013237505,b
test_1414.jpg,0.9974025,0.0008026427,0.001499534,0.00029527576,a
test_1415.jpg,0.0021808187,0.99694973,0.00062481494,0.00024468108,b
test_1416.jpg,6.604059e-05,0.99975914,0.00012338007,5.143247e-05,b
test_1417.jpg,0.9993851,0.0002304181,0.00012333393,0.0002610979,a
test_1418.jpg,0.9997751,8.4799154e-05,0.000108884284,3.119587e-05,a
test_1419.jpg,0.99970585,0.00013980051,0.00010887674,4.538658e-05,a
test_1420.jpg,4.5391513e-05,0.00010888858,0.99981457,3.1197098e-05,c
test_1421.jpg,7.482531e-05,0.00013979207,0.00013979207,0.9996456,d
test_1422.jpg,0.00037897096,0.00048660836,0.9969536,0.0021808273,c
test_1423.jpg,0.00012337069,0.00010887425,0.999683,8.479135e-05,c
test_1424.jpg,2.7532456e-05,9.609771e-05,0.9998549,2.1442298e-05,c
test_1425.jpg,0.99980074,6.604334e-05,0.00010888707,2.4295989e-05,a
test_1426.jpg,0.9989195,0.00037971823,0.00062604947,7.477096e-05,a
test_1427.jpg,0.99464923,0.00080042705,0.004064904,0.0004854836,a
test_1428.jpg,4.5389625e-05,5.828143e-05,0.00012338179,0.99977297,d
test_1429.jpg,2.1442936e-05,0.9998847,7.484321e-05,1.8923325e-05,b
test_1430.jpg,0.99923074,0.00015833942,0.0005526589,5.8249818e-05,a
test_1431.jpg,0.9995739,0.00017948369,0.00012335721,0.00012335721,a
test_1432.jpg,1.47365145e-05,0.9998179,0.00013981617,2.7531436e-05,b
test_1433.jpg,4.0046034e-05,0.99951935,0.0001794739,0.00026113295,b
test_1434.jpg,2.7533024e-05,4.539428e-05,5.143846e-05,0.99987555,d
test_1435.jpg,0.9993518,0.00043046335,0.00010883818,0.00010883818,a
test_1436.jpg,0.00025938326,0.0066895825,0.9928221,0.00022890493,c
test_1437.jpg,0.99960047,0.00029592647,5.8271373e-05,4.5381792e-05,a
test_1438.jpg,0.00013973682,0.00017942562,0.0004304197,0.9992505,d
test_1439.jpg,0.00013979297,0.999652,8.478872e-05,0.00012336686,b
test_1440.jpg,0.002433856,0.0016727633,0.014005873,0.9818875,d
test_1441.jpg,8.478396e-05,0.00013978513,0.99959594,0.00017948764,c
test_1442.jpg,2.1441634e-05,0.999824,0.00012338808,3.1197393e-05,b
test_1443.jpg,0.00010885228,0.00017946705,0.00023044026,0.99948126,d
test_1444.jpg,0.99850416,0.00026086773,0.000203164,0.001031752,a
test_1445.jpg,0.0031637175,0.0009064202,0.22179373,0.7741361,d
test_1446.jpg,0.9992237,0.00043040817,0.0002610557,8.475239e-05,a
test_1447.jpg,0.00029579777,0.00033518276,0.00020329862,0.9991658,d
test_1448.jpg,7.0295515e-05,0.00010887582,0.00012337246,0.99969745,d
test_1449.jpg,0.9998332,7.483936e-05,6.604549e-05,2.5863788e-05,a
test_1450.jpg,0.99991477,5.144048e-05,2.4298759e-05,9.515531e-06,a
test_1451.jpg,2.1442558e-05,0.9998671,6.604772e-05,4.5393896e-05,b
test_1452.jpg,2.4297147e-05,0.99984837,9.609708e-05,3.1198157e-05,b
test_1453.jpg,1.6699545e-05,0.9998709,8.480728e-05,2.7532897e-05,b
test_1454.jpg,2.7527742e-05,0.99968374,0.00023048694,5.8276226e-05,b
test_1455.jpg,3.119909e-05,6.604847e-05,0.9998784,2.4297877e-05,c
test_1456.jpg,6.60442e-05,0.99981374,8.480243e-05,3.5350913e-05,b
test_1457.jpg,0.000108867804,0.000108867804,0.0001584017,0.9996238,d
test_1458.jpg,0.98979455,0.008563401,0.0011589302,0.00048311407,a
test_1459.jpg,0.99966645,0.00015840847,0.000139795,3.5345707e-05,a
test_1460.jpg,0.0024528904,0.006667647,0.0013129375,0.98956656,d
test_1461.jpg,6.600647e-05,0.00043041626,0.00026106063,0.99924254,d
test_1462.jpg,0.00017946151,0.00013976477,0.00023043314,0.9994504,d
test_1463.jpg,0.9996829,0.00012337067,0.00015841107,3.534629e-05,a
test_1464.jpg,6.60368e-05,0.00010887629,0.00012337299,0.9997017,d
test_1465.jpg,3.1199947e-05,3.5354173e-05,2.7533857e-05,0.9999058,d
test_1466.jpg,0.000108875305,0.9996927,0.00015841261,4.005298e-05,b
test_1467.jpg,7.48364e-05,9.6091826e-05,0.9997937,3.5350207e-05,c
test_1468.jpg,0.04566511,0.91720825,0.035564024,0.0015625743,b
test_1469.jpg,3.5349403e-05,0.99977094,8.4798805e-05,0.000108883825,b
test_1470.jpg,7.483881e-05,7.483881e-05,0.999826,2.4296602e-05,c
test_1471.jpg,0.002178926,0.0010292517,0.0007073937,0.99608445,d
test_1472.jpg,2.7533517e-05,5.143938e-05,0.9998934,2.7533517e-05,c
test_1473.jpg,2.4297447e-05,0.99986076,7.484142e-05,4.0059716e-05,b
test_1474.jpg,0.9998771,6.6048386e-05,4.539435e-05,1.1477489e-05,a
test_1475.jpg,1.3006239e-05,5.8289916e-05,0.9999186,1.0129268e-05,c
test_1476.jpg,0.0001397174,0.00048766166,0.9991116,0.00026102643,c
test_1477.jpg,0.00026099477,0.00026099477,0.99899036,0.0004876025,c
test_1478.jpg,0.9865736,0.009672027,0.0024454715,0.0013089664,a
test_1479.jpg,1.3005289e-05,0.9998455,9.609681e-05,4.5392917e-05,b
test_1480.jpg,0.9984315,0.0008034708,0.00043006692,0.00033493646,a
test_1481.jpg,0.9994985,0.00020336633,0.00013977151,0.00015838185,a
test_1482.jpg,0.00037991095,8.4769585e-05,0.00010884631,0.9994265,d
test_1483.jpg,0.003587116,0.0013196262,0.9946078,0.0004854634,c
test_1484.jpg,8.4797175e-05,0.00012337917,0.99975175,4.0055347e-05,c
test_1485.jpg,4.53948e-05,4.0060768e-05,0.999887,2.7533339e-05,c
test_1486.jpg,4.539399e-05,4.539399e-05,0.9998691,4.006005e-05,c
test_1487.jpg,2.4298362e-05,0.99989843,5.8288744e-05,1.8923583e-05,b
test_1488.jpg,0.0005523819,0.9987299,0.00048747534,0.00023026702,b
test_1489.jpg,0.00013868664,0.0075720334,0.0005485163,0.9917407,d
test_1490.jpg,0.0002955754,0.0003795263,0.9984145,0.0009104362,c
test_1491.jpg,0.9957955,0.0010289531,0.0027969847,0.0003785307,a
test_1492.jpg,0.9998919,7.4843745e-05,2.4298204e-05,8.9388095e-06,a
test_1493.jpg,0.00026044672,0.059868053,0.0033775247,0.93649393,d
test_1494.jpg,0.9992705,0.00020331994,0.00023039167,0.00029582877,a
test_1495.jpg,3.53539e-05,0.9998981,3.53539e-05,3.1199706e-05,b
test_1496.jpg,0.000108862405,0.00015839386,0.99957424,0.00015839386,c
test_1497.jpg,0.00015827698,0.00070934824,0.00029570036,0.9988367,d
test_1498.jpg,0.0027936408,0.0009069624,0.001694429,0.994605,d
test_1499.jpg,3.5353973e-05,0.9999002,5.143973e-05,1.3006e-05,b
test_1500.jpg,0.00026099037,0.0003351183,0.00043030042,0.9989736,d
test_1501.jpg,0.99960536,0.00013978644,0.00020338807,5.142456e-05,a
test_1502.jpg,4.5392884e-05,0.9998448,5.8285616e-05,5.143688e-05,b
test_1503.jpg,9.51615e-05,0.0097067375,0.9901141,8.397973e-05,c
test_1504.jpg,2.4295843e-05,8.480082e-05,9.609193e-05,0.9997948,d
test_1505.jpg,8.479257e-05,0.00010887582,0.00010887582,0.99969745,d
test_1506.jpg,0.0003798103,0.9991617,0.00033518142,0.00012330635,b
test_1507.jpg,0.00029573063,0.00043028552,0.00033510668,0.998939,d
test_1508.jpg,1.8923138e-05,0.99987483,8.4807616e-05,2.1442724e-05,b
test_1509.jpg,0.0016927575,0.0040607136,0.0006227306,0.99362385,d
test_1510.jpg,0.0007006223,0.00033095054,0.012418827,0.9865497,d
test_1511.jpg,0.0007881419,0.017938027,0.97938305,0.0018906541,c
test_1512.jpg,7.479606e-05,0.00033521262,0.00033521262,0.99925476,d
test_1513.jpg,0.00017943351,0.00029583587,0.9992944,0.00023039719,c
test_1514.jpg,1.300668e-05,2.7535145e-05,0.99995255,6.9619746e-06,c
test_1515.jpg,9.604211e-05,0.99927646,0.0005526842,7.4797674e-05,b
test_1516.jpg,0.999673,9.608022e-05,0.00017950148,5.142804e-05,a
test_1517.jpg,0.9994005,0.00033526152,0.00017945256,8.476738e-05,a
test_1518.jpg,0.0004876821,0.9991535,0.0001794082,0.0001794082,b
test_1519.jpg,4.5387384e-05,0.9997236,0.00017951058,5.1430645e-05,b
test_1520.jpg,0.00029555595,0.0008034044,0.99834895,0.0005521712,c
test_1521.jpg,0.00017934754,0.00029569413,0.0007093333,0.99881566,d
test_1522.jpg,0.0002958034,0.00037981904,0.00013972762,0.99918467,d
test_1523.jpg,0.999819,9.609425e-05,6.6044544e-05,1.892208e-05,a
test_1524.jpg,0.2517871,0.0076033114,0.6844283,0.056181293,c
test_1525.jpg,0.0005523968,0.00048748852,0.9987569,0.00020321543,c
test_1526.jpg,8.476045e-05,0.00026108057,0.00033523413,0.99931884,d
test_1527.jpg,0.00015833386,0.00048770267,0.00015833386,0.99919564,d
test_1528.jpg,0.99977523,0.0001398102,6.6041655e-05,1.8921251e-05,a
test_1529.jpg,0.0004299767,0.0011687978,0.99822205,0.00017924096,c
test_1530.jpg,1.012867e-05,0.99985945,0.00010889347,2.1442394e-05,b
test_1531.jpg,0.9997017,0.00012337299,0.00010887629,6.60368e-05,a
test_1532.jpg,2.1441641e-05,4.5391957e-05,0.00010888964,0.99982435,d
test_1533.jpg,0.99970144,0.00013979989,0.00012337296,3.5346948e-05,a
test_1534.jpg,0.8491602,0.037309494,0.10141772,0.012112619,a
test_1535.jpg,0.0005522991,0.0007091661,0.9985802,0.00015823633,c
test_1536.jpg,0.00012316756,0.0017002758,0.99803704,0.00013956713,c
test_1537.jpg,0.9997547,9.608808e-05,0.00012337953,2.5861757e-05,a
test_1538.jpg,0.00043039318,0.99918896,0.00029580464,8.474944e-05,b
test_1539.jpg,0.0002958026,0.00026104486,0.00026104486,0.99918205,d
test_1540.jpg,1.1477516e-05,0.99987936,8.4808e-05,2.42979e-05,b
test_1541.jpg,0.0002033479,0.00015836749,0.00023042333,0.9994079,d
test_1542.jpg,2.4296933e-05,0.99983954,9.6096235e-05,4.0058865e-05,b
test_1543.jpg,0.0010313365,0.00048716893,0.9981021,0.00037940752,c
test_1544.jpg,0.9998522,5.828605e-05,5.828605e-05,3.1198273e-05,a
test_1545.jpg,9.608684e-05,9.608684e-05,6.603945e-05,0.99974185,d
test_1546.jpg,0.0003797527,0.0003797527,0.9990101,0.00023033163,c
test_1547.jpg,0.0006260776,0.00017937423,0.00023032108,0.9989643,d
test_1548.jpg,0.9995105,8.4776715e-05,0.00029589984,0.00010885546,a
test_1549.jpg,0.99947315,0.00023043838,0.00023043838,6.6021705e-05,a
test_1550.jpg,0.0005523774,0.0002956663,0.99872166,0.00043019193,c
test_1551.jpg,4.539393e-05,5.1438063e-05,0.9998678,3.5352827e-05,c
test_1552.jpg,0.0010301732,0.0016984686,0.99697626,0.00029514957,c
test_1553.jpg,4.5390618e-05,8.4800835e-05,7.4836484e-05,0.9997949,d
test_1554.jpg,0.002441901,0.0027670364,0.009657906,0.9851332,d
test_1555.jpg,0.9994972,0.00020336607,0.00020336607,9.6063326e-05,a
test_1556.jpg,4.539316e-05,0.99985087,4.539316e-05,5.8285972e-05,b
test_1557.jpg,0.009664691,0.00048117666,0.98582524,0.004028843,c
test_1558.jpg,0.000108772896,0.000803729,0.00033504408,0.99875236,d
test_1559.jpg,1.8922441e-05,5.828522e-05,8.4804495e-05,0.999838,d
test_1560.jpg,0.9997874,8.4800195e-05,0.000108885615,1.8921482e-05,a
test_1561.jpg,0.9998273,8.4803585e-05,7.483891e-05,1.3005051e-05,a
test_1562.jpg,0.0006259608,0.0002609393,0.99877805,0.0003350527,c
test_1563.jpg,0.9977556,0.0013238025,0.00062532,0.0002953803,a
test_1564.jpg,9.6075324e-05,0.00023047271,0.999622,5.1425417e-05,c
test_1565.jpg,0.99959165,0.0001088643,0.00020338528,9.607241e-05,a
test_1566.jpg,2.1442673e-05,0.99987245,6.604808e-05,4.0060182e-05,b
test_1567.jpg,0.004026727,0.9853076,0.004026727,0.00663895,b
test_1568.jpg,0.07504444,0.80680376,0.10918901,0.00896278,b
test_1569.jpg,0.00054869417,0.006684463,0.99206233,0.00070453726,c
test_1570.jpg,0.96818876,0.007392212,0.0016494257,0.022769617,a
test_1571.jpg,0.0007045827,0.0066848947,0.99212635,0.0004842522,c
test_1572.jpg,0.9956968,0.0021780778,0.0016962889,0.00042888898,a
test_1573.jpg,0.95482135,0.01543325,0.022455247,0.0072901505,a
test_1574.jpg,0.9997017,0.00010887629,0.00012337299,6.60368e-05,a
test_1575.jpg,0.050834067,0.003249713,0.044860903,0.90105534,d
test_1576.jpg,0.00055246224,0.00048754626,0.9988752,8.472283e-05,c
test_1577.jpg,0.9995783,0.00023046264,0.00013978266,5.142317e-05,a
test_1578.jpg,0.0005523818,0.00048747528,0.99872977,0.000230267,c
test_1579.jpg,0.000108874585,9.608149e-05,0.9996861,0.000108874585,c
test_1580.jpg,0.9995322,0.0001794762,0.0001794762,0.00010885783,a
test_1581.jpg,7.410667e-06,0.9999099,6.6050554e-05,1.6700196e-05,b
test_1582.jpg,0.007567826,0.000621205,0.9911897,0.000621205,c
test_1583.jpg,0.9998573,6.604708e-05,4.5393455e-05,3.1198433e-05,a
test_1584.jpg,0.0005510469,0.99631625,0.00033422685,0.0027984474,b
test_1585.jpg,6.604808e-05,4.0060182e-05,0.99987245,2.1442673e-05,c
test_1586.jpg,0.0040661534,0.000550294,0.0004285694,0.9949549,d
test_1587.jpg,0.000123209,0.9983729,0.0003349168,0.0011689744,b
test_1588.jpg,0.99987185,6.6048044e-05,4.5394114e-05,1.669956e-05,a
test_1589.jpg,6.602765e-05,7.481914e-05,0.00029591544,0.99956316,d
test_1590.jpg,0.9998684,4.5393957e-05,6.604781e-05,2.0143447e-05,a
test_1591.jpg,0.00020333925,0.00033524973,0.9993654,9.605066e-05,c
test_1592.jpg,0.00010886622,0.00012336158,0.9996093,0.0001583994,c
test_1593.jpg,0.000108874585,0.000108874585,0.9996861,9.608149e-05,c
test_1594.jpg,0.6173567,0.20042638,0.005341182,0.17687567,a
test_1595.jpg,2.4298979e-05,0.9999238,2.7534354e-05,2.4298979e-05,b
test_1596.jpg,1.0128826e-05,4.0060284e-05,7.484248e-05,0.99987495,d
test_1597.jpg,3.1200383e-05,2.7534243e-05,0.9999198,2.1443688e-05,c
test_1598.jpg,0.00020335826,0.00015837557,0.00017946304,0.99945885,d
test_1599.jpg,0.00070936274,0.99885714,0.00020323583,0.00023029637,b
test_1600.jpg,8.396926e-06,0.99985516,0.000108893,2.7532464e-05,b
test_1601.jpg,9.606962e-05,0.0002959153,0.9995627,4.538008e-05,c
test_1602.jpg,0.9998418,9.609645e-05,4.539275e-05,1.669906e-05,a
test_1603.jpg,9.608933e-05,8.479853e-05,0.9997677,5.143291e-05,c
test_1604.jpg,3.53516e-05,3.53516e-05,9.609562e-05,0.9998331,d
test_1605.jpg,0.00020338332,0.999582,7.482055e-05,0.00013978318,b
test_1606.jpg,5.8285597e-05,6.604623e-05,0.99984443,3.1198033e-05,c
test_1607.jpg,6.603963e-05,0.9997446,6.603963e-05,0.00012337828,b
test_1608.jpg,0.00010887691,7.4829935e-05,0.00010887691,0.9997074,d
test_1609.jpg,4.0055347e-05,0.00012337917,8.4797175e-05,0.99975175,d
test_1610.jpg,5.828331e-05,0.9998053,0.000108887565,2.7531089e-05,b
test_1611.jpg,4.0060655e-05,5.1438907e-05,0.99988425,2.4298019e-05,c
test_1612.jpg,0.00017945963,0.00029587894,0.9994399,8.477073e-05,c
test_1613.jpg,0.998933,0.00055249425,0.00017936861,0.0003351047,a
test_1614.jpg,0.00010884697,0.00012333976,0.00033527226,0.9994325,d
test_1615.jpg,0.00020337038,7.481578e-05,0.9995184,0.00020337038,c
test_1616.jpg,8.939059e-06,0.9999198,5.828999e-05,1.3006254e-05,b
test_1617.jpg,0.99942243,0.00029587376,0.00015836979,0.00012333853,a
test_1618.jpg,0.0003345413,0.0019251524,0.9972536,0.00048675475,c
test_1619.jpg,0.00013979067,0.00013979067,0.9996356,8.478732e-05,c
test_1620.jpg,1.8922925e-05,6.60475e-05,5.1437848e-05,0.9998636,d
test_1621.jpg,4.5366043e-05,0.9992536,0.00062625884,7.4795964e-05,b
test_1622.jpg,1.6699323e-05,0.99985766,0.00010889328,1.6699323e-05,b
test_1623.jpg,4.784823e-06,0.99993837,4.5397133e-05,1.1478192e-05,b
test_1624.jpg,0.00037986593,0.00020332757,0.999308,0.00010883341,c
test_1625.jpg,0.0002304537,0.9995396,9.024698e-05,0.00013977726,b
test_1626.jpg,1.30060525e-05,0.9999043,6.605018e-05,1.6700102e-05,b
test_1627.jpg,0.998626,0.0008036273,0.0001908782,0.00037960667,a
test_1628.jpg,0.9988367,0.00029570036,0.00070934824,0.00015827698,a
test_1629.jpg,0.9997236,0.00017951058,4.5387384e-05,5.1430645e-05,a
test_1630.jpg,0.010948913,0.9855897,0.0010184075,0.0024430326,b
test_1631.jpg,0.49820733,0.0033568947,0.49820733,0.00022843955,a
test_1632.jpg,0.00015842359,0.9997619,5.828078e-05,2.1440303e-05,b
test_1633.jpg,5.8280228e-05,6.604015e-05,0.00012337924,0.99975234,d
test_1634.jpg,0.51980364,0.0057744975,0.01569671,0.45872512,a
test_1635.jpg,0.00043045,0.00020333019,0.99932086,4.53691e-05,c
test_1636.jpg,5.1428677e-05,0.00012337098,0.00013979764,0.9996854,d
test_1637.jpg,0.9336186,0.015090539,0.036200322,0.015090539,a
test_1638.jpg,0.9993667,0.00015836097,0.00033525017,0.00013975307,a
test_1639.jpg,0.0001397764,0.00020337345,0.99953353,0.00012335223,c
test_1640.jpg,0.99961156,9.607431e-05,0.00026115705,3.1190764e-05,a
test_1641.jpg,0.9992848,0.00029583302,0.00015834799,0.0002610717,a
test_1642.jpg,2.7534476e-05,3.120065e-05,0.99992824,1.30063645e-05,c
test_1643.jpg,7.483206e-05,0.00012337719,0.9997358,6.603905e-05,c
test_1644.jpg,0.00033341636,0.004602671,0.9939002,0.0011637374,c
test_1645.jpg,0.000119219665,0.966047,0.033056308,0.0007774099,b
test_1646.jpg,0.0001583396,0.00043041166,0.9992318,0.00017942226,c
test_1647.jpg,0.00043037147,9.602885e-05,0.9991385,0.00033517362,c
test_1648.jpg,1.0129319e-05,1.4738072e-05,5.1440933e-05,0.9999236,d
test_1649.jpg,0.0040631914,0.0009066205,0.0008000898,0.99423015,d
test_1650.jpg,3.5349232e-05,0.00017951822,0.9997662,1.892108e-05,c
test_1651.jpg,3.5349243e-05,7.483435e-05,0.00012338097,0.9997664,d
test_1652.jpg,0.00033417688,0.0024692519,0.99616724,0.0010293373,c
test_1653.jpg,0.00017941419,0.9991868,0.00043039228,0.00020330292,b
test_1654.jpg,0.00033435132,0.99668723,0.0027994895,0.00017896536,b
test_1655.jpg,0.017517013,0.025487103,0.00059939915,0.95639646,d
test_1656.jpg,1.300668e-05,0.99995255,2.1444392e-05,1.300668e-05,b
test_1657.jpg,8.478745e-05,7.482467e-05,0.00020339452,0.999637,d
test_1658.jpg,0.012421619,0.9867714,0.00061843597,0.0001886123,b
test_1659.jpg,8.477356e-05,0.9994733,0.00037992874,6.202166e-05,b
test_1660.jpg,1.6700413e-05,0.9999229,5.1440893e-05,8.939087e-06,b
test_1661.jpg,1.1477447e-05,0.9998734,9.609949e-05,1.892311e-05,b
test_1662.jpg,0.9986456,0.0009106469,0.00033500828,0.00010876127,a
test_1663.jpg,0.9995634,0.00015839214,0.00020337953,7.481916e-05,a
test_1664.jpg,0.00071804627,0.10656752,0.89227885,0.00043551708,c
test_1665.jpg,0.9984731,0.00048735001,0.00048735001,0.0005522399,a
test_1666.jpg,0.0014997413,0.0006251852,0.00033463753,0.9975405,d
test_1667.jpg,4.5393495e-05,7.484123e-05,0.99985826,2.1442369e-05,c
test_1668.jpg,0.9993759,0.00043047368,0.0001088408,8.476529e-05,a
test_1669.jpg,5.824554e-05,0.00062619854,0.00015832779,0.9991573,d
test_1670.jpg,0.00168651,0.9899567,0.00168651,0.0066702757,b
test_1671.jpg,0.9908546,0.0024560832,0.0014896897,0.005199528,a
test_1672.jpg,6.604839e-05,3.535316e-05,0.9998772,2.1442776e-05,c
test_1673.jpg,8.479569e-05,8.479569e-05,9.608611e-05,0.9997342,d
test_1674.jpg,0.46694314,0.5291159,0.003565155,0.00037576456,b
test_1675.jpg,1.6699765e-05,0.9998841,7.484316e-05,2.4298015e-05,b
test_1676.jpg,3.5351997e-05,4.5392862e-05,0.9998443,7.484019e-05,c
test_1677.jpg,4.0060982e-05,4.0060982e-05,0.99989235,2.7533488e-05,c
test_1678.jpg,9.606582e-05,0.99952316,0.00029590356,8.4777785e-05,b
test_1679.jpg,0.00033523416,0.0002610806,0.99931896,8.476047e-05,c
test_1680.jpg,0.9988827,0.0006260264,0.00023030226,0.00026096663,a
test_1681.jpg,0.9987941,0.0009107823,0.00017934367,0.00011579299,a
test_1682.jpg,0.9997291,9.608562e-05,0.00012337638,5.1430925e-05,a
test_1683.jpg,0.00012338103,5.8281075e-05,5.1432868e-05,0.9997669,d
test_1684.jpg,0.00010888671,5.828285e-05,0.9997974,3.535034e-05,c
test_1685.jpg,1.892321e-05,0.99987864,7.4842756e-05,2.753311e-05,b
test_1686.jpg,0.00055267126,0.00017942609,0.9992531,1.472819e-05,c
test_1687.jpg,0.00010887534,5.8276768e-05,0.0001397987,0.99969304,d
test_1688.jpg,0.999859,5.8286445e-05,5.1437608e-05,3.1198488e-05,a
test_1689.jpg,0.00017949239,0.00012336319,7.482357e-05,0.99962234,d
test_1690.jpg,0.99988234,5.143881e-05,5.143881e-05,1.4737464e-05,a
test_1691.jpg,0.999617,0.00013978808,0.00015840062,8.4785745e-05,a
test_1692.jpg,5.8258986e-05,0.999388,0.00048779655,6.601608e-05,b
test_1693.jpg,0.9994849,0.00033528983,0.0001397696,4.0044655e-05,a
test_1694.jpg,1.6700436e-05,0.9999243,4.006226e-05,1.8924073e-05,b
test_1695.jpg,0.00010873763,0.9984285,0.000910449,0.0005522152,b
test_1696.jpg,8.476675e-05,0.00026109995,0.00026109995,0.999393,d
test_1697.jpg,1.7775183e-05,0.99979264,0.00015842846,3.1196414e-05,b
test_1698.jpg,1.0129014e-05,0.99989355,7.484387e-05,2.1443126e-05,b
test_1699.jpg,1.6697708e-05,0.9997609,0.00020341972,1.8920982e-05,b
test_1700.jpg,0.00026100068,0.00029575254,0.0004303174,0.99901295,d
test_1701.jpg,0.003166397,0.0014957,0.99485236,0.00048558274,c
test_1702.jpg,0.00020307492,0.00023011402,0.99806625,0.0015005319,c
test_1703.jpg,1.669965e-05,0.9998772,6.604839e-05,4.0060375e-05,b
test_1704.jpg,7.482885e-05,0.00010887533,0.00012337191,0.9996929,d
test_1705.jpg,0.9994425,0.00023043132,0.0002958797,3.1185493e-05,a
test_1706.jpg,0.995972,0.0027974804,0.00080149155,0.00042900752,a
test_1707.jpg,0.001822852,0.001822852,0.34737408,0.6489802,d
test_1708.jpg,2.753008e-05,0.9997687,0.00015842466,4.5389428e-05,b
test_1709.jpg,5.1426512e-05,0.00023047763,7.482514e-05,0.9996433,d
test_1710.jpg,0.000108811604,0.9991078,0.00029578063,0.0004876598,b
test_1711.jpg,0.9997503,0.000123379,7.4833144e-05,5.1432016e-05,a
test_1712.jpg,0.00010885523,0.00017947193,0.00020336834,0.9995084,d
test_1713.jpg,3.1197756e-05,5.828508e-05,7.483953e-05,0.9998356,d
test_1714.jpg,0.9984426,0.001169056,0.00023020078,0.00015821453,a
test_1715.jpg,1.30055205e-05,0.9998634,9.609853e-05,2.753269e-05,b
test_1716.jpg,3.762373e-05,0.9996245,0.00017949278,0.00015840182,b
test_1717.jpg,0.00070922537,0.00048744303,0.99866366,0.00013965476,c
test_1718.jpg,0.43752337,0.5617911,0.0003747973,0.00031071788,b
test_1719.jpg,0.0001397804,0.0001397804,0.00015839194,0.9995621,d
test_1720.jpg,7.482392e-05,0.00015840221,0.00013978948,0.999627,d
test_1721.jpg,0.9998061,8.480178e-05,8.480178e-05,2.4296118e-05,a
test_1722.jpg,7.481953e-05,0.00033531783,0.9995684,2.1436153e-05,c
test_1723.jpg,0.0008036532,0.0003350125,0.00020319536,0.9986582,d
test_1724.jpg,0.0014293371,0.047333144,0.95071167,0.00052582374,c
test_1725.jpg,7.4826334e-05,0.00023048131,0.9996593,3.5345456e-05,c
test_1726.jpg,0.00012337595,6.603839e-05,8.479497e-05,0.99972576,d
test_1727.jpg,5.826527e-05,0.99949574,0.0003799373,6.6023196e-05,b
test_1728.jpg,5.1434763e-05,0.9998037,0.00012338557,2.14412e-05,b
test_1729.jpg,0.999703,0.00017950687,6.603689e-05,5.1429583e-05,a
test_1730.jpg,7.483494e-05,8.479909e-05,6.60416e-05,0.9997743,d
test_1731.jpg,0.0013238145,0.0007085868,0.9977646,0.00020301354,c
test_1732.jpg,3.5345765e-05,0.9996681,0.00023048335,6.603458e-05,b
test_1733.jpg,6.9618027e-06,0.9999279,5.8290458e-05,6.9618027e-06,b
test_1734.jpg,0.0055178143,0.4966978,0.001086522,0.4966978,b
test_1735.jpg,3.1201194e-05,1.1478277e-05,0.99994576,1.1478277e-05,c
test_1736.jpg,0.0016920756,0.99322367,0.004599538,0.00048478777,b
test_1737.jpg,3.5341567e-05,0.9995493,0.00037995767,3.5341567e-05,b
test_1738.jpg,0.99971455,9.608422e-05,0.00012337457,6.603765e-05,a
test_1739.jpg,5.4754615e-05,0.9998511,4.2642936e-05,5.1437204e-05,b
test_1740.jpg,0.00020334164,0.00026109582,0.9993772,0.00015836263,c
test_1741.jpg,5.1417734e-05,0.9994727,0.00043051539,4.537599e-05,b
test_1742.jpg,0.00080373196,0.99875605,0.00026093354,0.00017933684,b
test_1743.jpg,0.00037707228,0.99195886,0.0024588201,0.005205322,b
test_1744.jpg,5.138901e-05,0.99891436,0.00023030955,0.0008038594,b
test_1745.jpg,0.00033726188,0.16412108,0.0020659796,0.83347565,d
test_1746.jpg,0.99979395,0.00010888633,6.604289e-05,3.1196458e-05,a
test_1747.jpg,3.53516e-05,0.9998331,9.609562e-05,3.53516e-05,b
test_1748.jpg,0.9987423,0.0002956724,0.00091073505,5.1380157e-05,a
test_1749.jpg,0.9994222,0.00037990932,0.00016858373,2.929546e-05,a
test_1750.jpg,1.3006389e-05,0.99993014,3.535503e-05,2.144391e-05,b
test_1751.jpg,0.11889224,0.0021775875,0.00042879238,0.8785014,d
test_1752.jpg,1.4735815e-05,0.99977046,0.00020342166,1.1476265e-05,b
test_1753.jpg,3.5341e-05,0.00033530605,9.60668e-05,0.9995333,d
test_1754.jpg,6.5835986e-05,0.99666166,0.0008020465,0.0024704773,b
test_1755.jpg,0.0013000586,0.97985965,0.017946756,0.00089351635,b
test_1756.jpg,5.828593e-05,5.1437153e-05,4.005929e-05,0.99985015,d
test_1757.jpg,0.99974793,0.00010888132,8.4796855e-05,5.827997e-05,a
test_1758.jpg,0.9992318,0.0001583396,0.00043041166,0.00017942226,a
test_1759.jpg,0.94426525,0.036613137,0.0038589963,0.015262626,a
test_1760.jpg,6.6041604e-05,7.483495e-05,0.9997744,8.4799096e-05,c
test_1761.jpg,0.0055909473,0.0012475089,0.82977015,0.16339143,c
test_1762.jpg,5.1434934e-05,9.609311e-05,0.99980706,4.539117e-05,c
test_1763.jpg,9.608022e-05,0.00017950148,0.999673,5.142804e-05,c
test_1764.jpg,0.99921596,0.0002303791,0.00043040482,0.00012331305,a
test_1765.jpg,0.99988556,5.828799e-05,4.5394736e-05,1.0782194e-05,a
test_1766.jpg,0.0015969406,0.059924744,0.0010975599,0.93738073,d
test_1767.jpg,6.9617663e-06,0.99992263,5.1440882e-05,1.8924042e-05,b
test_1768.jpg,0.0002949849,0.002798739,0.99642,0.0004863479,c
test_1769.jpg,0.99139166,0.0009040322,0.0010244027,0.0066799447,a
test_1770.jpg,4.0045466e-05,7.4814794e-05,0.00037994087,0.99950516,d
test_1771.jpg,0.0002024701,0.9950937,0.0046081985,9.56401e-05,b
test_1772.jpg,0.0001394539,0.99722725,0.0007082053,0.0019251015,b
test_1773.jpg,0.0002610255,0.0003351634,0.0002957807,0.999108,d
test_1774.jpg,0.000551742,0.0013235603,0.000551742,0.99757296,d
test_1775.jpg,2.1442986e-05,0.999887,7.484338e-05,1.6699812e-05,b
test_1776.jpg,0.9998017,0.00012338533,5.82831e-05,1.6698388e-05,a
test_1777.jpg,0.9995012,0.00017947065,0.00013977189,0.00017947065,a
test_1778.jpg,3.5352496e-05,0.9998584,8.480622e-05,2.1442373e-05,b
test_1779.jpg,0.9997315,8.479546e-05,0.00010887953,7.483174e-05,a
test_1780.jpg,0.00010875236,0.00015823374,0.001169198,0.9985638,d
test_1781.jpg,0.9998555,5.828624e-05,6.604696e-05,2.0143187e-05,a
test_1782.jpg,0.0003798197,0.00023037229,0.99918646,0.00020330284,c
test_1783.jpg,0.00017940668,0.99914503,0.00037980397,0.00029579163,b
test_1784.jpg,0.9998542,6.604688e-05,5.8286165e-05,2.1442282e-05,a
test_1785.jpg,0.9997738,8.4799045e-05,9.608991e-05,4.538966e-05,a
test_1786.jpg,0.001697813,0.00080199004,0.00090877374,0.99659145,d
test_1787.jpg,0.0011463286,0.0018899764,0.97903204,0.017931597,c
test_1788.jpg,0.9990094,0.00048761177,0.00012328755,0.00037975243,a
test_1789.jpg,0.99972576,8.479497e-05,0.00012337595,6.603839e-05,a
test_1790.jpg,0.00012337239,0.00013979925,0.99969685,4.0053146e-05,c
test_1791.jpg,1.6699727e-05,0.99988186,6.6048706e-05,3.5353325e-05,b
test_1792.jpg,6.1437677e-06,0.99992764,5.144114e-05,1.47381315e-05,b
test_1793.jpg,0.00015839767,8.478416e-05,0.00015839767,0.9995983,d
test_1794.jpg,0.99979204,0.000108886125,7.4836265e-05,2.4295778e-05,a
test_1795.jpg,0.98658633,0.0008996503,0.0066475663,0.0058664563,a
test_1796.jpg,5.819743e-05,0.9983321,0.0015009316,0.00010872712,b
test_1797.jpg,3.1198157e-05,0.99984837,9.609708e-05,2.4297147e-05,b
test_1798.jpg,0.00023040731,0.00037987746,0.9993383,5.1410825e-05,c
test_1799.jpg,0.00015836976,0.00026110758,0.9994222,0.00015836976,c
test_1800.jpg,0.00048771632,0.9992236,0.00023038086,5.8249403e-05,b
test_1801.jpg,0.9998659,5.8286845e-05,5.1437964e-05,2.4297573e-05,a
test_1802.jpg,0.00015839766,0.9995982,0.00020338662,4.0049195e-05,b
test_1803.jpg,0.0002609754,0.0004875663,0.99891627,0.00033509906,c
test_1804.jpg,0.0025780278,0.91784143,0.066488214,0.013092305,b
test_1805.jpg,0.00012338103,5.8281075e-05,5.1432868e-05,0.9997669,d
test_1806.jpg,0.96011233,0.03285324,0.006469186,0.0005652712,a
test_1807.jpg,0.00020333838,0.00013975229,0.9993611,0.0002958556,c
test_1808.jpg,0.9992311,0.00023038259,0.00033520468,0.00020331192,a
test_1809.jpg,0.9997378,0.00017951312,6.603919e-05,1.6697322e-05,a
test_1810.jpg,0.9996729,0.00012336943,0.00015840949,4.538508e-05,a
test_1811.jpg,0.00055052567,0.00048583723,0.9953738,0.0035898783,c
test_1812.jpg,0.00015838018,0.00023044179,0.9994879,0.0001233466,c
test_1813.jpg,0.0013237953,0.00080292247,0.9977501,0.00012313214,c
test_1814.jpg,0.00017946561,5.1417763e-05,0.9994733,0.0002958888,c
test_1815.jpg,2.1443e-05,4.5394834e-05,4.5394834e-05,0.9998877,d
test_1816.jpg,1.3005749e-05,0.9998809,7.484292e-05,3.119917e-05,b
test_1817.jpg,8.479375e-05,0.00015841558,0.99971133,4.5386827e-05,c
test_1818.jpg,0.00015840221,0.999627,7.482392e-05,0.00013978948,b
test_1819.jpg,5.1436946e-05,7.484032e-05,0.9998461,2.7532215e-05,c
test_1820.jpg,2.7530024e-05,0.99976665,0.000139809,6.604109e-05,b
test_1821.jpg,5.826789e-05,0.00026113857,0.00013977742,0.9995408,d
test_1822.jpg,0.99912876,0.00023035899,0.00026103092,0.00037979777,a
test_1823.jpg,0.0001397914,9.6077136e-05,0.00012336548,0.9996408,d
test_1824.jpg,0.9990134,0.00020326764,0.0002957527,0.00048761375,a
test_1825.jpg,0.0003352127,0.0002303881,0.999255,0.00017942642,c
test_1826.jpg,0.55381626,0.007899764,0.43131253,0.0069715176,a
test_1827.jpg,0.000401097,0.006678865,0.0016886817,0.9912314,d
test_1828.jpg,0.0023439445,0.0049621304,0.04707938,0.94561464,d
test_1829.jpg,2.4295183e-05,0.00012338112,8.479852e-05,0.9997676,d
test_1830.jpg,2.4295843e-05,0.9997948,9.609193e-05,8.480082e-05,b
test_1831.jpg,0.0003347667,0.001031154,0.0007087011,0.9979254,d
test_1832.jpg,0.0001397827,0.00015839454,0.0001233578,0.99957854,d
test_1833.jpg,0.0052013258,0.11838163,0.8747285,0.0016886233,c
test_1834.jpg,9.609113e-05,6.60424e-05,0.99978644,5.1433875e-05,c
test_1835.jpg,0.99975485,8.479744e-05,0.00010888207,5.143225e-05,a
test_1836.jpg,0.00023021511,0.0011691288,0.99850476,9.596794e-05,c
test_1837.jpg,0.9973694,0.0013232903,0.0011677995,0.00013947378,a
test_1838.jpg,5.828605e-05,5.828605e-05,0.9998522,3.1198273e-05,c
test_1839.jpg,0.00012294333,0.00048625036,0.0031707506,0.9962202,d
test_1840.jpg,0.99981815,4.5391673e-05,0.00010888897,2.7531443e-05,a
test_1841.jpg,0.0001398077,5.143238e-05,0.99975735,5.143238e-05,c
test_1842.jpg,0.99901044,0.00043031632,0.00037975283,0.00017938252,a
test_1843.jpg,0.00037847622,0.0035908823,0.00037847622,0.99565214,d
test_1844.jpg,0.99977523,0.0001398102,6.6041655e-05,1.8921251e-05,a
test_1845.jpg,1.6699414e-05,0.999863,8.480661e-05,3.535266e-05,b
test_1846.jpg,2.7534472e-05,3.535496e-05,0.9999281,8.939133e-06,c
test_1847.jpg,0.999559,0.00026114332,0.00013977996,4.0047624e-05,a
test_1848.jpg,0.0008038406,0.00023030418,0.99889106,7.4768825e-05,c
test_1849.jpg,0.99922657,0.0004304094,0.00013973347,0.000203311,a
test_1850.jpg,6.604141e-05,0.9997714,0.00013980966,2.28233e-05,b
test_1851.jpg,9.607555e-05,0.0001397891,0.0001397891,0.9996244,d
test_1852.jpg,3.534279e-05,0.9995839,0.00029592155,8.4782936e-05,b
test_1853.jpg,4.5391018e-05,8.4801584e-05,6.604354e-05,0.9998037,d
test_1854.jpg,0.9998816,4.5394558e-05,4.5394558e-05,2.7533191e-05,a
test_1855.jpg,0.7718173,0.005892898,0.22112937,0.0011603804,a
test_1856.jpg,4.538356e-05,0.00023047673,8.478764e-05,0.9996394,d
test_1857.jpg,5.1421113e-05,7.481728e-05,0.9995384,0.00033530776,c
test_1858.jpg,6.6037304e-05,0.00013980099,0.9997093,8.479358e-05,c
test_1859.jpg,0.99929476,0.00033522604,0.00026107428,0.00010883197,a
test_1860.jpg,0.00080069905,0.000623585,0.99498725,0.0035884844,c
test_1861.jpg,9.607332e-05,0.00017948859,0.9996012,0.00012336059,c
test_1862.jpg,0.0052125347,0.9933333,0.0010264089,0.0004278709,b
test_1863.jpg,0.00070940785,0.00023031101,0.0001396907,0.9989207,d
test_1864.jpg,0.0014961651,0.9951617,0.0021769074,0.0011652145,b
test_1865.jpg,0.0024716842,0.0002952006,0.9971486,8.457638e-05,c
test_1866.jpg,3.5343743e-05,0.00012336177,0.00023047013,0.99961084,d
test_1867.jpg,0.00020333029,0.00029584384,0.99932134,0.00017943834,c
test_1868.jpg,0.0011631949,0.0007994514,0.0046005254,0.99343675,d
test_1869.jpg,1.1477986e-05,0.99992037,5.1440766e-05,1.670037e-05,b
test_1870.jpg,0.0021821272,0.00022999452,0.9975479,3.996705e-05,c
test_1871.jpg,0.00033474283,0.00048704798,0.0013239336,0.9978543,d
test_1872.jpg,5.8266774e-05,0.9995216,0.00033530215,8.4777654e-05,b
test_1873.jpg,8.479474e-05,9.608503e-05,0.999723,9.608503e-05,c
test_1874.jpg,0.9998512,9.6097356e-05,3.1198244e-05,2.1442218e-05,a
test_1875.jpg,5.8280068e-05,9.6087584e-05,9.6087584e-05,0.9997496,d
test_1876.jpg,0.0013219719,0.99637574,0.0019234577,0.00037875128,b
test_1877.jpg,4.5388424e-05,0.00012337852,8.479673e-05,0.9997465,d
test_1878.jpg,0.9970552,0.001698603,0.00021595311,0.0010302548,a
test_1879.jpg,0.96758795,0.015639601,0.0011329289,0.015639601,a
test_1880.jpg,0.00015842268,4.538886e-05,0.99975616,4.0055525e-05,c
test_1881.jpg,8.939113e-06,0.99992585,5.829034e-05,6.9617886e-06,b
test_1882.jpg,0.00070770807,0.0024701438,0.99652714,0.00029501662,c
test_1883.jpg,0.9981982,0.00042996643,0.0011687699,0.00020310176,a
test_1884.jpg,2.7533415e-05,6.604922e-05,0.99988973,1.669986e-05,c
test_1885.jpg,0.0005523589,0.0003796304,0.0003796304,0.9986884,d
test_1886.jpg,5.828402e-05,0.99981743,5.828402e-05,6.604444e-05,b
test_1887.jpg,4.53932e-05,5.1437233e-05,0.9998517,5.1437233e-05,c
test_1888.jpg,0.00012305737,0.99714416,0.002181244,0.00055150484,b
test_1889.jpg,0.99945015,0.00023043308,0.00026111488,5.826261e-05,a
test_1890.jpg,6.603593e-05,0.00017950426,6.603593e-05,0.9996885,d
test_1891.jpg,2.1442584e-05,3.5352845e-05,7.484198e-05,0.9998683,d
test_1892.jpg,5.8279387e-05,0.9997379,0.00015841979,4.538803e-05,b
test_1893.jpg,0.00015836749,0.00023042333,0.9994079,0.0002033479,c
test_1894.jpg,0.0015000346,0.00042976713,0.9977355,0.00033470299,c
test_1895.jpg,0.00012336133,6.603056e-05,0.00020338845,0.99960726,d
test_1896.jpg,2.4296382e-05,0.99981695,0.0001233872,3.535103e-05,b
test_1897.jpg,0.9994143,0.00037990633,0.00013975974,6.601782e-05,a
test_1898.jpg,1.6699765e-05,0.9998841,7.484316e-05,2.4298015e-05,b
test_1899.jpg,0.00023038266,0.00015833954,0.99923146,0.00037983683,c
test_1900.jpg,0.0003341748,0.0031705627,0.0003341748,0.9961611,d
test_1901.jpg,0.9998037,0.00012338557,5.1434763e-05,2.14412e-05,a
test_1902.jpg,2.429717e-05,0.9998493,7.484056e-05,5.1437113e-05,b
test_1903.jpg,0.0031658162,0.0019201646,0.00024412155,0.99466985,d
test_1904.jpg,0.040687673,0.92604715,0.031687587,0.0015776324,b
test_1905.jpg,9.6056094e-05,0.99942195,0.00043049353,5.141512e-05,b
test_1906.jpg,6.6020766e-05,0.99945897,0.00033528113,0.00013976598,b
test_1907.jpg,0.0002611167,0.00015837529,0.99945706,0.00012334279,c
test_1908.jpg,4.0054383e-05,0.00010887912,0.0001233762,0.99972767,d
test_1909.jpg,0.9997937,9.6091826e-05,7.48364e-05,3.5350207e-05,a
test_1910.jpg,0.00013948057,0.0021818432,0.00026058397,0.99741805,d
test_1911.jpg,0.0014995988,0.00062512583,0.0004296423,0.9974457,d
test_1912.jpg,0.00020334954,8.47687e-05,0.00029587184,0.999416,d
test_1913.jpg,4.005871e-05,5.828508e-05,6.604565e-05,0.9998356,d
test_1914.jpg,1.0129075e-05,0.9998995,6.604987e-05,2.429839e-05,b
test_1915.jpg,0.11874177,0.0016937604,0.8773896,0.0021748315,c
test_1916.jpg,8.4750136e-05,0.00048770342,0.00023037476,0.9991972,d
test_1917.jpg,1.8922923e-05,0.9998635,9.6098534e-05,2.1442482e-05,b
test_1918.jpg,0.059669398,0.0026216905,0.93338645,0.004322437,c
test_1919.jpg,0.99276465,0.00048456373,0.0066891955,6.160536e-05,a
test_1920.jpg,0.99981385,8.480244e-05,6.604421e-05,3.535092e-05,a
test_1921.jpg,0.0004866492,0.0005514457,0.9970373,0.0019247348,c
test_1922.jpg,0.0009078957,0.0031688674,0.9956285,0.0002947506,c
test_1923.jpg,0.0016089648,0.94443876,0.0006707162,0.05328159,b
test_1924.jpg,0.99906653,0.00043034044,0.00037977414,0.0001232946,a
test_1925.jpg,0.99910444,0.0005525891,0.0001397164,0.00020328615,a
test_1926.jpg,2.7533353e-05,0.99988747,6.604907e-05,1.8923376e-05,b
test_1927.jpg,0.0002303302,0.99900395,0.0006261024,0.00013970234,b
test_1928.jpg,4.0056482e-05,4.0056482e-05,0.00013981089,0.9997801,d
test_1929.jpg,5.8282658e-05,0.99979407,0.00012338438,2.4295827e-05,b
test_1930.jpg,0.00023022867,0.0009105721,0.9985636,0.0002956195,c
test_1931.jpg,0.117973186,0.0027744635,0.87171054,0.007541774,c
test_1932.jpg,4.0057643e-05,6.60439e-05,8.4802035e-05,0.9998091,d
test_1933.jpg,0.99973434,0.0001795125,6.6038956e-05,2.0140746e-05,a
test_1934.jpg,2.1442092e-05,7.484027e-05,5.8285652e-05,0.9998454,d
test_1935.jpg,0.9056782,0.002244952,0.007835652,0.0842412,a
test_1936.jpg,2.4289187e-05,7.481597e-05,0.00037994684,0.9995209,d
test_1937.jpg,0.00029482474,0.0010290394,0.99587893,0.0027972192,c
test_1938.jpg,0.7275184,0.028208949,0.23619065,0.008082,a
test_1939.jpg,0.008564001,0.98986393,0.0013133321,0.0002586104,b
test_1940.jpg,0.9223853,0.07571399,0.0015713939,0.00032938202,a
test_1941.jpg,0.13206676,0.86118335,0.0058026076,0.00094724965,b
test_1942.jpg,0.0010280847,0.00042856944,0.994955,0.0035883682,c
test_1943.jpg,0.0002033057,0.00033519443,0.00026104966,0.9992005,d
test_1944.jpg,6.604565e-05,0.9998356,5.828508e-05,4.005871e-05,b
test_1945.jpg,0.99902403,0.00033513524,0.00026100356,0.00037975798,a
test_1946.jpg,2.144404e-05,2.7534696e-05,0.9999362,1.4738259e-05,c
test_1947.jpg,0.0011682258,0.00029537376,0.9977335,0.0008029091,c
test_1948.jpg,0.52996445,0.0021658435,0.467692,0.00017778327,a
test_1949.jpg,0.00023046818,0.00010886547,0.9996024,5.8271482e-05,c
test_1950.jpg,0.0045315227,0.008465999,0.008465999,0.9785364,d
test_1951.jpg,5.8281956e-05,7.4835516e-05,8.479974e-05,0.999782,d
test_1952.jpg,0.0025953872,0.43647698,0.5604475,0.0004800983,c
test_1953.jpg,0.0007094557,0.00017937848,0.998988,0.0001232849,c
test_1954.jpg,0.9996505,0.00020339726,0.00012336667,2.282054e-05,a
test_1955.jpg,0.00042568744,0.9882642,0.010978624,0.00033152572,b
test_1956.jpg,8.478872e-05,0.00012336686,0.00013979297,0.999652,d
test_1957.jpg,0.00015832247,0.00048766757,0.00023035784,0.99912375,d
test_1958.jpg,0.0010319236,0.0001582506,0.9986702,0.00013965568,c
test_1959.jpg,0.00010874119,0.00026085653,0.0011690778,0.99846125,d
test_1960.jpg,0.00029587443,0.00013976118,0.00013976118,0.9994247,d
test_1961.jpg,1.1477143e-05,0.99984694,9.609694e-05,4.5392982e-05,b
test_1962.jpg,0.9972583,0.00070822734,0.00033454288,0.0016989491,a
test_1963.jpg,2.4296933e-05,0.99983954,9.6096235e-05,4.0058865e-05,b
test_1964.jpg,0.00016061557,0.95218414,0.047406454,0.00024876624,b
test_1965.jpg,0.004538423,0.98002636,0.0058274493,0.00960784,b
test_1966.jpg,0.00015838562,0.00013977484,0.00017947443,0.9995223,d
test_1967.jpg,2.7533606e-05,2.4298319e-05,5.1439547e-05,0.99989665,d
test_1968.jpg,0.00012328902,0.9990213,0.0008039454,5.1394512e-05,b
test_1969.jpg,2.1441281e-05,0.99980754,0.00013981471,3.119688e-05,b
test_1970.jpg,1.30060525e-05,5.1439936e-05,3.11999e-05,0.9999043,d
test_1971.jpg,0.9999031,4.5395533e-05,4.006141e-05,1.1477788e-05,a
test_1972.jpg,0.9575681,0.022519844,0.017538473,0.002373574,a
test_1973.jpg,6.604226e-05,7.483569e-05,7.483569e-05,0.9997843,d
test_1974.jpg,0.9997453,0.00013980603,7.483277e-05,4.005509e-05,a
test_1975.jpg,0.9996861,9.608149e-05,0.000108874585,0.000108874585,a
test_1976.jpg,0.9995241,0.0002611342,0.00017947475,3.5340676e-05,a
test_1977.jpg,4.539579e-05,2.4298615e-05,0.9999088,2.1443453e-05,c
test_1978.jpg,0.0006247376,0.0006247376,0.9968263,0.0019243275,c
test_1979.jpg,0.9997352,0.00012337712,9.60862e-05,4.5387907e-05,a
test_1980.jpg,0.022906004,0.00037024106,0.973988,0.0027357321,c
test_1981.jpg,9.606302e-05,0.0002304432,0.00017946934,0.99949396,d
test_1982.jpg,7.483698e-05,9.609258e-05,0.9998016,2.7530987e-05,c
test_1983.jpg,0.00012334286,0.00029588415,0.00012334286,0.99945754,d
test_1984.jpg,0.00017939905,0.00023035295,0.00048765723,0.9991026,d
test_1985.jpg,0.00013978808,0.00015840062,0.999617,8.4785745e-05,c
test_1986.jpg,0.000179481,0.00020337861,0.99955887,5.826895e-05,c
test_1987.jpg,5.4217107e-06,0.9999008,7.4844414e-05,1.8923629e-05,b
test_1988.jpg,4.5392884e-05,5.143688e-05,5.8285616e-05,0.9998448,d
test_1989.jpg,1.3005564e-05,0.9998667,7.484186e-05,4.539388e-05,b
test_1990.jpg,0.98981243,0.0031503562,0.0024535,0.0045837415,a
test_1991.jpg,0.99927455,0.00020332076,0.000261069,0.000261069,a
test_1992.jpg,0.9722368,0.012238655,0.013868213,0.001656322,a
test_1993.jpg,4.538667e-05,0.00012337376,0.00012337376,0.9997079,d
test_1994.jpg,7.483922e-05,3.5351542e-05,0.99983144,5.8284837e-05,c
test_1995.jpg,2.144349e-05,0.9999105,5.1440256e-05,1.6700205e-05,b
test_1996.jpg,5.1419804e-05,0.00029590054,0.00013977352,0.9995129,d
test_1997.jpg,0.00010887302,0.9996717,9.60801e-05,0.00012336929,b
test_1998.jpg,5.1429983e-05,0.99971074,0.00017950826,5.82778e-05,b
test_1999.jpg,0.99951434,0.00026113164,0.00013977372,8.4777035e-05,a
test_2000.jpg,0.00012335548,0.00015839157,0.00015839157,0.9995598,d
test_2001.jpg,0.99983346,0.00010889064,4.539237e-05,1.22171905e-05,a
test_2002.jpg,9.608874e-05,0.99976164,0.00012338039,1.8920995e-05,b
test_2003.jpg,0.0016887242,0.0058942256,0.99125636,0.0011606418,c
test_2004.jpg,0.00017946637,0.00020336204,0.00013976856,0.99947745,d
test_2005.jpg,0.00010884443,0.9994092,0.00043048806,5.1414467e-05,b
test_2006.jpg,0.99763644,0.00070849585,0.0011681122,0.00048694163,a
test_2007.jpg,0.9998796,6.604855e-05,4.5394467e-05,8.9387e-06,a
test_2008.jpg,0.0035532238,0.9852105,0.010944701,0.0002916664,b
test_2009.jpg,8.478745e-05,7.482467e-05,0.00020339452,0.999637,d
test_2010.jpg,0.041841857,0.0014317496,0.9523162,0.0044100992,c
test_2011.jpg,3.9990628e-05,0.00012317982,0.0017004451,0.9981364,d
test_2012.jpg,0.0016987888,0.000802451,0.9971642,0.00033451134,c
test_2013.jpg,1.3005938e-05,0.99989545,7.4844014e-05,1.6699954e-05,b
test_2014.jpg,0.00012314376,0.9978442,0.0007086434,0.0013239202,b
test_2015.jpg,1.8923201e-05,5.1438594e-05,5.1438594e-05,0.99987817,d
test_2016.jpg,0.0001088233,0.00055265025,0.9992151,0.00012331294,c
test_2017.jpg,3.5344707e-05,0.00023047642,9.607687e-05,0.9996381,d
test_2018.jpg,0.9990128,0.0002957525,0.00026100065,0.00043031733,a
test_2019.jpg,0.00012259788,0.9934209,0.00054944557,0.0059070964,b
test_2020.jpg,0.0006240139,0.0009079349,0.9956715,0.0027966364,c
test_2021.jpg,0.00013979437,0.0001233681,0.99966204,7.482654e-05,c
test_2022.jpg,0.99960595,0.00017948943,0.00013978653,7.482234e-05,a
test_2023.jpg,5.8276884e-05,0.00012337217,0.00012337217,0.99969506,d
test_2024.jpg,0.010881311,0.0021426573,0.46268514,0.524291,d
test_2025.jpg,0.9996092,0.00023046974,0.00010886621,5.1424755e-05,a
test_2026.jpg,5.8274967e-05,0.00013979439,0.00013979439,0.99966216,d
test_2027.jpg,0.0007027723,0.002164691,0.0075555136,0.98957705,d
test_2028.jpg,2.1441281e-05,0.99980754,0.00013981471,3.119688e-05,b
test_2029.jpg,0.999793,0.00013981269,5.143421e-05,1.5686548e-05,a
test_2030.jpg,6.540051e-06,0.99993443,4.0062667e-05,1.8924266e-05,b
test_2031.jpg,0.0011683765,0.0007086562,0.00026070004,0.9978623,d
test_2032.jpg,0.001199674,0.0010587084,0.7041911,0.29355052,c
test_2033.jpg,2.4295427e-05,0.9997776,0.00013981054,5.8281697e-05,b
test_2034.jpg,0.0009105913,0.00043013287,0.9985846,7.474589e-05,c
test_2035.jpg,0.0010319928,0.9987373,0.00017933347,5.1379902e-05,b
test_2036.jpg,4.2226093e-06,0.99994266,4.0062998e-05,1.3006552e-05,b
test_2037.jpg,0.99938476,0.0002958626,0.0002610978,5.82588e-05,a
test_2038.jpg,8.4786596e-05,8.4786596e-05,0.00020339248,0.999627,d
test_2039.jpg,9.604211e-05,0.99927646,0.0004877421,0.00013974046,b
test_2040.jpg,3.534266e-05,0.9995802,0.00026114887,0.000123358,b
test_2041.jpg,0.9996908,0.00015841231,6.6036075e-05,8.4792e-05,a
test_2042.jpg,0.00013973247,0.0003798322,0.00026105458,0.9992193,d
test_2043.jpg,0.00033525072,0.00023041423,0.99936837,6.601478e-05,c
test_2044.jpg,0.00048762537,0.00029575973,0.99903727,0.00017938732,c
test_2045.jpg,0.0001583048,0.99901223,0.0006261076,0.0002032674,b
test_2046.jpg,0.9994716,0.0002611205,0.00010885123,0.00015837759,a
test_2047.jpg,0.18221955,0.8166513,0.00061736937,0.00051181717,b
test_2048.jpg,0.017963372,0.9807669,0.0010134241,0.00025623373,b
test_2049.jpg,0.0015003342,0.00033476984,0.00023008371,0.9979348,d
test_2050.jpg,4.5395078e-05,4.0061008e-05,0.99989307,2.1443115e-05,c
test_2051.jpg,0.00010220595,0.00043030313,0.00048759737,0.99897987,d
test_2052.jpg,0.00042955647,0.001698929,0.000625001,0.9972465,d
test_2053.jpg,5.1432813e-05,0.00015842421,0.9997658,2.429514e-05,c
test_2054.jpg,0.0019125175,0.00070357585,0.9907086,0.006675342,c
test_2055.jpg,4.5393972e-05,5.8287013e-05,0.99986875,2.7532837e-05,c
test_2056.jpg,1.3005473e-05,0.9998597,9.609817e-05,3.119851e-05,b
test_2057.jpg,0.9998702,6.6047935e-05,5.1438183e-05,1.2217639e-05,a
test_2058.jpg,0.00094193825,0.9115847,0.021438416,0.06603497,b
test_2059.jpg,0.00089524937,0.015868673,0.0014760166,0.9817601,d
test_2060.jpg,1.8922923e-05,0.9998635,9.6098534e-05,2.1442482e-05,b
test_2061.jpg,5.143246e-05,0.00015842312,0.9997589,3.1195363e-05,c
test_2062.jpg,5.8281305e-05,9.608963e-05,0.9997708,7.483468e-05,c
test_2063.jpg,0.00013974942,0.00037987833,0.00013974942,0.9993406,d
test_2064.jpg,0.000110215384,0.10666373,0.00014151935,0.8930845,d
test_2065.jpg,0.10607138,0.005280983,0.8881248,0.00052288815,c
test_2066.jpg,0.99741447,0.0005516544,0.0016992153,0.00033459527,a
test_2067.jpg,3.1195726e-05,0.00012338148,7.4834665e-05,0.9997706,d
test_2068.jpg,5.1436436e-05,8.480434e-05,0.9998362,2.7531942e-05,c
test_2069.jpg,7.482858e-05,9.608179e-05,0.00013979818,0.99968934,d
test_2070.jpg,0.00010885523,0.00017947193,0.00020336834,0.9995084,d
test_2071.jpg,0.99971133,0.00017950837,8.479375e-05,2.4293817e-05,a
test_2072.jpg,1.892321e-05,0.99987864,7.4842756e-05,2.753311e-05,b
test_2073.jpg,4.831334e-05,0.9996972,9.608255e-05,0.00015841333,b
test_2074.jpg,0.9998559,7.484105e-05,5.1437448e-05,1.7776309e-05,a
test_2075.jpg,0.9657493,0.033046126,0.00088064943,0.0003239728,a
test_2076.jpg,9.608611e-05,8.479569e-05,8.479569e-05,0.9997342,d
test_2077.jpg,0.9994809,0.0002611229,0.00023044017,2.7522156e-05,a
test_2078.jpg,0.00013974388,0.00037986325,0.00017943468,0.99930096,d
test_2079.jpg,7.482801e-05,0.9996817,0.0002034036,4.005254e-05,b
test_2080.jpg,3.1196574e-05,0.99979776,0.00013981335,3.1196574e-05,b
test_2081.jpg,0.99990773,4.5395744e-05,3.535424e-05,1.1477841e-05,a
test_2082.jpg,0.0008977978,0.0021537049,0.012393717,0.9845548,d
test_2083.jpg,0.105712704,0.007657802,0.0015079108,0.8851216,d
test_2084.jpg,1.1477159e-05,0.99984837,0.000108892265,3.1198157e-05,b
test_2085.jpg,0.00017946935,0.00023044321,0.9994941,9.606303e-05,c
test_2086.jpg,0.0001397891,0.0001397891,9.607555e-05,0.9996244,d
test_2087.jpg,9.600303e-05,0.0008038236,0.0002302993,0.99886984,d
test_2088.jpg,0.0027978166,0.00048618764,0.99609166,0.0006242772,c
test_2089.jpg,5.1417777e-05,0.000139768,0.000335286,0.9994735,d
test_2090.jpg,5.8279387e-05,0.9997379,0.00015841979,4.538803e-05,b
test_2091.jpg,0.00090900174,0.0005513374,0.0016982389,0.99684143,d
test_2092.jpg,4.005932e-05,9.609732e-05,0.99985087,1.3005358e-05,c
test_2093.jpg,0.0031503327,0.005885596,0.9898051,0.0011589426,c
test_2094.jpg,3.5351855e-05,6.6045955e-05,5.8285354e-05,0.99984026,d
test_2095.jpg,0.99971074,0.00017950826,5.1429983e-05,5.82778e-05,a
test_2096.jpg,0.00020337515,0.00020337515,0.9995419,5.142129e-05,c
test_2097.jpg,0.99961543,0.00017949115,0.000108866894,9.607469e-05,a
test_2098.jpg,0.99960583,9.607377e-05,0.00015839886,0.00013978651,a
test_2099.jpg,0.00031188532,0.007556289,0.0024531682,0.9896786,d
test_2100.jpg,0.00013979523,9.6079755e-05,0.9996681,9.6079755e-05,c
test_2101.jpg,5.142771e-05,5.142771e-05,0.00023048298,0.9996666,d
test_2102.jpg,0.9999237,3.1200507e-05,4.0062238e-05,5.093342e-06,a
test_2103.jpg,0.99947304,0.00023043835,0.00026112085,3.5338868e-05,a
test_2104.jpg,0.0004301429,0.00080361275,0.00015824073,0.99860793,d
test_2105.jpg,0.00029573063,0.00043028552,0.00033510668,0.998939,d
test_2106.jpg,1.892422e-05,2.1443951e-05,2.753458e-05,0.99993205,d
test_2107.jpg,0.00013979668,0.00012337013,5.8275928e-05,0.9996786,d
test_2108.jpg,3.5352186e-05,0.9998497,7.484059e-05,4.0059273e-05,b
test_2109.jpg,0.00029504116,0.0006246021,0.99661,0.0024703494,c
test_2110.jpg,0.998757,0.0005523969,0.00048748858,0.00020321546,a
test_2111.jpg,0.99973994,7.483237e-05,0.00013980527,4.5388126e-05,a
test_2112.jpg,0.00017937554,0.000709444,0.00013969782,0.9989716,d
test_2113.jpg,0.00020329501,0.0005526132,0.999148,9.602977e-05,c
test_2114.jpg,0.00033336473,0.005214702,0.00070573314,0.9937463,d
test_2115.jpg,0.9998627,5.1437797e-05,5.828666e-05,2.753267e-05,a
test_2116.jpg,4.006175e-05,3.5354373e-05,0.99991155,1.3006147e-05,c
test_2117.jpg,0.99977094,0.000108883825,8.4798805e-05,3.5349403e-05,a
test_2118.jpg,0.0007830754,0.01224936,0.013880342,0.9730872,d
test_2119.jpg,0.0040677194,0.00048581982,0.9953381,0.00010840105,c
test_2120.jpg,6.1438886e-06,0.9999473,2.7535e-05,1.892451e-05,b
test_2121.jpg,0.9997892,0.00012338378,6.604258e-05,2.1440886e-05,a
test_2122.jpg,0.00022789915,0.010980796,0.0003315913,0.9884597,d
test_2123.jpg,0.00020336607,0.00020336607,0.9994972,9.6063326e-05,c
test_2124.jpg,0.00020334542,0.00013975713,0.9993957,0.00026110068,c
test_2125.jpg,4.5393972e-05,5.8287013e-05,0.99986875,2.7532837e-05,c
test_2126.jpg,0.00023025573,0.0007092376,0.9986809,0.00037962754,c
test_2127.jpg,5.1434134e-05,0.99979144,0.00010888606,4.8317896e-05,b
test_2128.jpg,5.1420648e-05,0.0002959054,0.00012335173,0.99952936,d
test_2129.jpg,4.5391018e-05,8.4801584e-05,0.9998037,6.604354e-05,c
test_2130.jpg,0.00029581168,0.00023037835,0.00026105286,0.99921274,d
test_2131.jpg,7.48314e-05,7.48314e-05,0.0001233761,0.99972695,d
test_2132.jpg,5.1436567e-05,0.9998387,5.8285263e-05,5.1436567e-05,b
test_2133.jpg,2.1443087e-05,5.1439296e-05,3.5353674e-05,0.99989176,d
test_2134.jpg,2.7530228e-05,0.99977404,0.00015842551,4.005624e-05,b
test_2135.jpg,0.00043031637,0.00037975286,0.99901056,0.00017938254,c
test_2136.jpg,6.604195e-05,0.00010888477,4.5389927e-05,0.99977964,d
test_2137.jpg,0.9996618,0.00012336807,0.00017949948,3.5345543e-05,a
test_2138.jpg,0.99968004,0.00023048608,5.827601e-05,3.1192903e-05,a
test_2139.jpg,0.00015788071,0.002798503,0.00070757227,0.996336,d
test_2140.jpg,0.00010871658,0.0011688132,0.00048723392,0.9982352,d
test_2141.jpg,0.0009086045,0.0024698433,0.00021581247,0.99640584,d
test_2142.jpg,0.0007094195,0.00012327863,0.9989371,0.00023031479,c
test_2143.jpg,1.1476892e-05,0.99982506,0.0001233882,4.0058283e-05,b
test_2144.jpg,0.00048760057,0.00029574468,0.9989864,0.00023032617,c
test_2145.jpg,3.5353183e-05,5.1438576e-05,0.9998778,3.5353183e-05,c
test_2146.jpg,0.00017928588,0.0011690909,0.00017928588,0.9984723,d
test_2147.jpg,6.6031054e-05,0.9996147,0.00017949102,0.00013978776,b
test_2148.jpg,0.99947745,0.00013976856,0.00020336204,0.00017946637,a
test_2149.jpg,3.5351542e-05,5.8284837e-05,7.483922e-05,0.99983144,d
test_2150.jpg,0.0030983489,0.97347224,0.0095435865,0.013885835,b
test_2151.jpg,0.0034862515,0.9666409,0.012168213,0.017704645,b
test_2152.jpg,0.00070921215,0.00048743395,0.9986451,0.00015824662,c
test_2153.jpg,2.7534643e-05,2.1444e-05,0.9999343,1.6700604e-05,c
test_2154.jpg,3.5345543e-05,0.9996618,0.00017949948,0.00012336807,b
test_2155.jpg,3.2886035e-06,0.99995244,2.7535141e-05,1.6700906e-05,b
test_2156.jpg,8.4793646e-05,0.00010887721,9.608379e-05,0.99971014,d
test_2157.jpg,6.6020766e-05,0.00013976598,0.00033528113,0.99945897,d
test_2158.jpg,0.00037699565,0.9917572,0.0075721596,0.0002936045,b
test_2159.jpg,0.015614855,0.015614855,0.9660569,0.0027134551,c
test_2160.jpg,0.0038239702,0.00066450634,0.93569463,0.059816953,c
test_2161.jpg,0.9924084,0.0031586185,0.0040557464,0.00037724318,a
test_2162.jpg,0.43801305,0.11074705,0.013226848,0.43801305,a
test_2163.jpg,9.6095e-05,5.828456e-05,0.9998267,1.8922226e-05,c
test_2164.jpg,0.0004286212,0.0035888015,0.0009073911,0.99507517,d
test_2165.jpg,3.5354242e-05,4.00616e-05,0.99990785,1.6700162e-05,c
test_2166.jpg,0.00048757246,0.00048757246,0.99892884,9.6008705e-05,c
test_2167.jpg,0.0013213089,0.0003340792,0.00246853,0.99587613,d
test_2168.jpg,0.025840571,0.0034971412,0.0010019477,0.96966034,d
test_2169.jpg,0.00012328512,0.0006260934,0.00026099457,0.99898964,d
test_2170.jpg,0.99826103,0.0009102962,0.0006256368,0.00020311454,a
test_2171.jpg,0.005201916,0.0007040028,0.99130976,0.0027843853,c
test_2172.jpg,0.0009773582,0.34796363,0.65008163,0.0009773582,c
test_2173.jpg,6.604708e-05,4.5393455e-05,0.9998573,3.1198433e-05,c
test_2174.jpg,0.997092,0.0010302928,0.0016986659,0.00017903805,a
test_2175.jpg,6.6013614e-05,0.00020333627,0.00037988217,0.9993507,d
test_2176.jpg,4.53745e-05,0.00017945963,0.00033527473,0.9994399,d
test_2177.jpg,0.0013223817,0.0016979718,0.00029506325,0.9966846,d
test_2178.jpg,0.99966085,0.0001794993,8.478946e-05,7.482645e-05,a
test_2179.jpg,0.002776923,0.0010215727,0.988653,0.0075484584,c
test_2180.jpg,0.9997187,9.608462e-05,0.0001398023,4.538716e-05,a
test_2181.jpg,0.00015835802,0.00015835802,0.00033524394,0.9993481,d
test_2182.jpg,5.828227e-05,0.9997874,9.6091215e-05,5.828227e-05,b
test_2183.jpg,4.5389075e-05,0.000108882734,8.479795e-05,0.9997609,d
test_2184.jpg,5.143092e-05,0.00017951154,0.999729,4.0054434e-05,c
test_2185.jpg,0.99977094,0.000108883825,8.4798805e-05,3.5349403e-05,a
test_2186.jpg,4.222621e-06,0.9999455,4.006311e-05,1.0129541e-05,b
test_2187.jpg,0.000123359,0.00010886394,0.9995883,0.00017948628,c
test_2188.jpg,0.999759,0.00015842314,5.8280617e-05,2.4294975e-05,a
test_2189.jpg,0.00013979965,0.99969983,0.000108876084,5.142942e-05,b
test_2190.jpg,0.0006912274,0.022890309,0.0030978664,0.97332066,d
test_2191.jpg,0.99982125,6.60447e-05,9.609447e-05,1.6698714e-05,a
test_2192.jpg,0.0021633168,0.008556084,0.9889488,0.00033175538,c
test_2193.jpg,0.0001313444,0.93923664,0.060043387,0.00058864465,b
test_2194.jpg,0.00048747458,0.0001582598,0.99872833,0.0006259297,c
test_2195.jpg,0.00020326761,0.00029575266,0.9990133,0.0004876137,c
test_2196.jpg,6.6045126e-05,8.480362e-05,0.99982774,2.1441714e-05,c
test_2197.jpg,0.00017946924,0.99949336,0.00026112617,6.602304e-05,b
test_2198.jpg,0.9997367,9.608635e-05,0.0001088801,5.8279315e-05,a
test_2199.jpg,6.604596e-05,6.604596e-05,0.9998404,2.7532056e-05,c
test_2200.jpg,5.828192e-05,0.00010888497,0.9997814,5.1433617e-05,c
test_2201.jpg,0.0014996232,0.0005516805,0.0004868564,0.9974618,d
test_2202.jpg,8.468976e-05,0.0011691061,0.0002608628,0.9984854,d
test_2203.jpg,0.001029976,0.9967854,0.0016981435,0.00048652623,b
test_2204.jpg,8.478564e-05,9.607473e-05,0.0002033902,0.9996158,d
test_2205.jpg,0.00023043668,0.99946576,0.00026111896,4.26265e-05,b
test_2206.jpg,0.99958533,0.0001583956,0.00023046425,2.5857375e-05,a
test_2207.jpg,7.483089e-05,0.000108878296,9.608476e-05,0.99972016,d
test_2208.jpg,0.99967444,0.00010887332,0.00015840973,5.8275684e-05,a
test_2209.jpg,0.00026075784,0.0011686356,0.00048715982,0.9980835,d
test_2210.jpg,0.11629564,0.40591168,0.4599582,0.017834514,c
test_2211.jpg,6.1437136e-06,0.9999188,5.828993e-05,1.6700345e-05,b
test_2212.jpg,0.9994289,0.00013976177,0.00033527106,9.605677e-05,a
test_2213.jpg,0.00046162787,0.94577414,0.053356927,0.00040738515,b
test_2214.jpg,1.4737598e-05,0.9998914,7.484371e-05,1.892345e-05,b
test_2215.jpg,0.0014727331,0.9795761,0.015833374,0.0031177762,b
test_2216.jpg,0.9972627,0.0016989567,0.00055157044,0.00048675924,a
test_2217.jpg,0.0008013352,0.0006240805,0.002796935,0.9957777,d
test_2218.jpg,0.9673899,0.0023979198,0.0009996017,0.029212642,a
test_2219.jpg,0.00042859715,0.0040664165,0.9950193,0.00048566423,c
test_2220.jpg,1.8922226e-05,0.9998267,9.6095e-05,5.828456e-05,b
test_2221.jpg,0.98845136,0.002450126,0.00855178,0.000546697,a
test_2222.jpg,0.000108874585,0.000108874585,0.9996861,9.608149e-05,c
test_2223.jpg,0.99984694,8.480525e-05,5.143699e-05,1.6699145e-05,a
test_2224.jpg,0.9994754,0.00012334506,0.00033528663,6.602185e-05,a
test_2225.jpg,0.00012336159,0.00015839942,0.9996094,0.00010886623,c
test_2226.jpg,4.5369223e-05,0.0003352357,0.0002958445,0.9993236,d
test_2227.jpg,0.99932146,0.0002033303,0.00017943836,0.00029584387,a
test_2228.jpg,1.147823e-05,0.9999416,4.0062954e-05,6.961898e-06,b
test_2229.jpg,5.8279315e-05,9.608635e-05,0.9997367,0.0001088801,c
test_2230.jpg,1.8921792e-05,0.9998037,0.00015843021,1.8921792e-05,b
test_2231.jpg,7.4835196e-05,9.609029e-05,5.1433428e-05,0.99977773,d
test_2232.jpg,0.0012417951,0.0029789119,0.05983304,0.9359462,d
test_2233.jpg,9.605813e-05,0.00023043147,0.00023043147,0.9994431,d
test_2234.jpg,1.6699345e-05,0.999859,6.604719e-05,5.8286445e-05,b
test_2235.jpg,0.00015839252,0.00023045974,4.5380217e-05,0.9995658,d
test_2236.jpg,0.022272648,0.0020716789,0.028598646,0.94705707,d
test_2237.jpg,0.00013119336,0.0009106624,0.00029564882,0.9986626,d
test_2238.jpg,0.99955994,0.00010886085,0.00029591448,3.5341942e-05,a
test_2239.jpg,0.9997813,0.00012338281,6.6042056e-05,2.9305987e-05,a
test_2240.jpg,0.0003798037,0.0003798037,9.602941e-05,0.9991443,d
test_2241.jpg,0.17952381,0.013004661,0.002901732,0.8045699,d
test_2242.jpg,0.99976164,0.00012338039,9.608874e-05,1.8920995e-05,a
test_2243.jpg,4.5389075e-05,0.9997609,8.479795e-05,0.000108882734,b
test_2244.jpg,8.476044e-05,0.9993186,0.00048776268,0.00010883456,b
test_2245.jpg,0.00661309,0.0010141502,0.98146963,0.010903143,c
test_2246.jpg,2.7534039e-05,4.5395955e-05,0.9999124,1.4737907e-05,c
test_2247.jpg,0.9990043,0.00023033029,0.0003351286,0.00043031364,a
test_2248.jpg,0.0059032682,0.0010258342,0.9927771,0.00029390643,c
test_2249.jpg,0.0009103597,0.0003794944,0.99833065,0.0003794944,c
test_2250.jpg,0.00020337374,0.00020337374,5.8267553e-05,0.99953496,d
test_2251.jpg,1.3005876e-05,0.9998907,7.484366e-05,2.1443064e-05,b
test_2252.jpg,0.9997917,8.480056e-05,9.609163e-05,2.7530714e-05,a
test_2253.jpg,5.8284506e-05,8.4803454e-05,0.9998258,3.1197447e-05,c
test_2254.jpg,0.00010888157,7.483314e-05,0.9997502,6.6040004e-05,c
test_2255.jpg,0.00168651,0.00168651,0.0066702757,0.9899567,d
test_2256.jpg,2.1442154e-05,0.99984825,0.00010889225,2.1442154e-05,b
test_2257.jpg,0.9998049,7.483723e-05,8.4801686e-05,3.5350604e-05,a
test_2258.jpg,0.00015841285,9.608225e-05,0.9996941,5.1429124e-05,c
test_2259.jpg,2.1442092e-05,5.8285652e-05,7.484027e-05,0.9998454,d
test_2260.jpg,0.32506937,0.60730946,0.003611194,0.06400995,b
test_2261.jpg,0.8331979,0.16406637,0.0020652912,0.00067050185,a
test_2262.jpg,4.0060684e-05,5.828796e-05,0.99988496,1.669978e-05,c
test_2263.jpg,0.9986821,0.0005523554,0.0006259007,0.00013965734,a
test_2264.jpg,8.479619e-05,0.00010888048,0.9997402,6.603934e-05,c
test_2265.jpg,0.00012319024,0.0004872269,0.0011687964,0.99822086,d
test_2266.jpg,0.0009083012,0.0013215705,0.0016969303,0.99607325,d
test_2267.jpg,2.1442282e-05,6.604688e-05,5.8286165e-05,0.9998542,d
test_2268.jpg,0.9988809,0.00017935925,0.00023030184,0.0007093796,a
test_2269.jpg,6.6040855e-05,7.4834104e-05,9.608888e-05,0.9997631,d
test_2270.jpg,0.013992989,0.0040090587,0.0010136488,0.98098433,d
test_2271.jpg,0.9947625,0.0046066646,0.0004284865,0.00020240269,a
test_2272.jpg,0.00037920498,0.0014997848,0.00055174,0.99756926,d
test_2273.jpg,0.02581747,0.96879345,0.0050837616,0.00030530363,b
test_2274.jpg,0.99942374,0.00026110798,0.00023042699,8.476935e-05,a
test_2275.jpg,5.8282665e-05,9.609187e-05,0.9997942,5.1434272e-05,c
test_2276.jpg,7.888797e-06,0.9999331,4.0062616e-05,1.892424e-05,b
test_2277.jpg,0.9984723,0.001031719,0.0004300845,6.595559e-05,a
test_2278.jpg,3.120007e-05,4.0061677e-05,0.99990976,1.8923798e-05,c
test_2279.jpg,0.9999131,5.144039e-05,2.7534059e-05,7.888639e-06,a
test_2280.jpg,0.9605943,0.0064724335,0.025598971,0.0073342277,a
test_2281.jpg,0.9997223,0.00012337553,0.000108878536,4.5387325e-05,a
test_2282.jpg,0.0021791433,0.0014977017,0.9961838,0.00013930797,c
test_2283.jpg,0.0016723933,0.00078998256,0.9816704,0.015867224,c
test_2284.jpg,4.7848907e-06,0.99995255,3.1201405e-05,1.1478355e-05,b
test_2285.jpg,0.00037967192,0.00033505927,0.99879766,0.00048750843,c
test_2286.jpg,7.4824624e-05,0.00023047604,0.9996364,5.827347e-05,c
test_2287.jpg,0.99726725,0.0010304739,0.0014993306,0.00020291234,a
test_2288.jpg,6.5961496e-05,0.9985617,0.0011691955,0.00020317572,b
test_2289.jpg,0.00013979695,0.00013979695,0.9996804,4.0052488e-05,c
test_2290.jpg,0.99919504,0.0001487408,0.00016854542,0.00048770237,a
test_2291.jpg,1.6696606e-05,0.99969494,0.00017950541,0.000108875545,b
test_2292.jpg,9.608635e-05,0.0001088801,0.9997367,5.8279315e-05,c
test_2293.jpg,4.539586e-05,2.7533983e-05,0.99991035,1.6700204e-05,c
test_2294.jpg,5.1437113e-05,7.484056e-05,0.9998493,2.429717e-05,c
test_2295.jpg,0.012385057,0.003131433,0.98386693,0.00061661564,c
test_2296.jpg,0.00048771114,9.603601e-05,0.999213,0.00020330824,c
test_2297.jpg,0.5302788,0.055890974,0.41298157,0.0008486597,a
test_2298.jpg,0.97327065,0.025936784,0.0005383008,0.00025427528,a
test_2299.jpg,3.119662e-05,8.48012e-05,8.48012e-05,0.9997992,d
test_2300.jpg,2.4296527e-05,0.00013981687,0.9998229,1.3004994e-05,c
test_2301.jpg,6.6041655e-05,0.99977523,0.00012338207,3.5349552e-05,b
test_2302.jpg,0.99916613,0.00037981197,0.0002957979,0.00015832917,a
test_2303.jpg,0.0003788826,0.0024706249,0.00042933022,0.9967212,d
test_2304.jpg,1.0129361e-05,0.99992776,4.5396653e-05,1.6700495e-05,b
test_2305.jpg,2.429388e-05,0.99971396,0.00020341018,5.827799e-05,b
test_2306.jpg,0.9781885,0.0045299116,0.015810944,0.0014706468,a
test_2307.jpg,0.99969625,0.00017950566,6.603644e-05,5.8276953e-05,a
test_2308.jpg,4.004819e-05,0.9995732,0.00033531943,5.1422903e-05,b
test_2309.jpg,0.00521398,0.00037769944,0.00079958973,0.9936087,d
test_2310.jpg,0.0031631847,0.9938431,0.0027915009,0.00020221563,b
test_2311.jpg,2.4295983e-05,0.9998005,0.00013981374,3.5350447e-05,b
test_2312.jpg,0.9996891,0.00017950436,9.608177e-05,3.5346508e-05,a
test_2313.jpg,0.99949133,0.00023044259,0.00020336488,7.481376e-05,a
test_2314.jpg,5.8286896e-05,5.8286896e-05,0.9998667,1.6699474e-05,c
test_2315.jpg,0.99955314,0.00020337745,0.00020337745,4.004739e-05,a
test_2316.jpg,0.00023045066,0.00015838626,0.9995264,8.477806e-05,c
test_2317.jpg,7.482654e-05,0.0001233681,0.00013979437,0.99966204,d
test_2318.jpg,0.00014821115,0.995637,0.00062399224,0.0035908278,b
test_2319.jpg,0.0003783898,0.0010285701,0.003168219,0.9954248,d
test_2320.jpg,6.604444e-05,5.828402e-05,0.99981743,5.828402e-05,c
test_2321.jpg,1.8916902e-05,0.9995454,0.00013977807,0.00029591017,b
test_2322.jpg,0.00013948476,0.0019255278,0.0004868497,0.9974481,d
test_2323.jpg,0.00017905206,0.0024717378,0.99717015,0.00017905206,c
test_2324.jpg,0.99933076,0.00048776862,0.0001233272,5.825565e-05,a
test_2325.jpg,0.0005522635,0.00037956482,0.0005522635,0.9985159,d
test_2326.jpg,0.0049654213,0.44697294,0.5064867,0.04157496,c
test_2327.jpg,3.119627e-05,9.609127e-05,8.4800246e-05,0.999788,d
test_2328.jpg,0.013560175,0.5765933,0.3962864,0.013560175,b
test_2329.jpg,9.608337e-05,0.0001233735,7.482981e-05,0.99970573,d
test_2330.jpg,0.0014760166,0.9817601,0.00089524937,0.015868673,b
test_2331.jpg,0.0031698719,0.000707294,0.00017883192,0.9959441,d
test_2332.jpg,0.00020334724,0.0002958685,0.99940467,9.6054435e-05,c
test_2333.jpg,0.00017947849,0.9995449,0.00017947849,9.606792e-05,b
test_2334.jpg,7.482665e-05,0.0002033999,0.9996635,5.8275044e-05,c
test_2335.jpg,4.5387074e-05,0.9997168,0.00017950936,5.8278158e-05,b
test_2336.jpg,4.005009e-05,0.99962056,0.00023047239,0.000108867454,b
test_2337.jpg,0.0290796,0.962984,0.0064885356,0.001447788,b
test_2338.jpg,0.9998184,7.483824e-05,9.60942e-05,1.0781469e-05,a
test_2339.jpg,0.00048774804,0.93874484,0.06001195,0.000755439,b
test_2340.jpg,7.482109e-05,0.99958926,0.00026115123,7.482109e-05,b
test_2341.jpg,0.00015839386,0.000108862405,0.00015839386,0.99957424,d
test_2342.jpg,5.1439423e-05,3.535376e-05,0.99989426,1.8923505e-05,c
test_2343.jpg,6.603861e-05,0.000108879256,9.6085605e-05,0.999729,d
test_2344.jpg,0.0009029663,0.0013138083,0.9902228,0.007560444,c
test_2345.jpg,0.9997664,7.483435e-05,0.00012338097,3.5349243e-05,a
test_2346.jpg,0.99982786,6.604513e-05,7.483895e-05,3.1197516e-05,a
test_2347.jpg,0.00017948564,0.99958473,0.00013978356,9.607174e-05,b
test_2348.jpg,0.00042440803,0.014054464,0.985294,0.00022716925,c
test_2349.jpg,0.00020326764,0.00048761375,0.0002957527,0.9990134,d
test_2350.jpg,0.00010888932,4.539182e-05,0.99982136,2.4296489e-05,c
test_2351.jpg,0.00020338669,0.0001397855,0.99959856,5.827126e-05,c
test_2352.jpg,0.0009064672,0.004603421,0.994062,0.0004281848,c
test_2353.jpg,0.00218015,0.0006246234,0.996644,0.00055122824,c
test_2354.jpg,0.49196225,0.49196225,0.014855973,0.0012194526,a
test_2355.jpg,0.00026108557,0.00026108557,0.999338,0.00013974906,c
test_2356.jpg,5.823649e-05,0.00070946565,0.00023032977,0.99900204,d
test_2357.jpg,0.00037980996,0.00037980996,7.961248e-05,0.99916077,d
test_2358.jpg,3.5353518e-05,5.8288097e-05,0.99988735,1.8923374e-05,c
test_2359.jpg,0.0015001694,0.00037930225,0.00029540088,0.99782515,d
test_2360.jpg,3.119952e-05,3.119952e-05,4.5395034e-05,0.9998921,d
test_2361.jpg,7.4823816e-05,0.00020339222,9.607568e-05,0.9996257,d
test_2362.jpg,0.9994079,0.00023042333,0.0002033479,0.00015836749,a
test_2363.jpg,4.494853e-06,0.9999224,5.829014e-05,1.4738054e-05,b
test_2364.jpg,0.9992435,0.00023038544,0.0002958208,0.00023038544,a
test_2365.jpg,0.00026115088,6.6029286e-05,0.99958795,8.4783285e-05,c
test_2366.jpg,0.9998895,4.0060866e-05,5.1439176e-05,1.8923414e-05,a
test_2367.jpg,0.99894446,0.00055250054,0.00037972772,0.00012327953,a
test_2368.jpg,0.661549,0.008327673,0.31249362,0.017629683,a
test_2369.jpg,0.00010884256,0.00029586477,0.00020334467,0.99939203,d
test_2370.jpg,0.00013835456,0.0007961755,0.009699404,0.98936605,d
test_2371.jpg,0.034502696,0.011201386,0.8898363,0.06445953,c
test_2372.jpg,1.670037e-05,5.1440766e-05,0.99992037,1.1477986e-05,c
test_2373.jpg,0.003365244,0.9330889,0.04645576,0.01709012,b
test_2374.jpg,2.753267e-05,5.1437797e-05,5.828666e-05,0.9998627,d
test_2375.jpg,0.0022073677,0.00092016766,0.8905156,0.106356926,c
test_2376.jpg,8.938747e-06,0.99988484,8.480847e-05,2.1442938e-05,b
test_2377.jpg,0.00013978529,0.00012336008,0.00013978529,0.99959713,d
test_2378.jpg,5.1440373e-05,2.429871e-05,0.99991274,1.1477899e-05,c
test_2379.jpg,0.00020325962,0.00033511847,0.00048759452,0.9989741,d
test_2380.jpg,0.96454066,0.0023908573,0.029126603,0.0039418573,a
test_2381.jpg,9.6075346e-05,0.00015840147,0.00012336318,0.9996222,d
test_2382.jpg,0.0001583721,0.00010884745,0.9994369,0.00029587804,c
test_2383.jpg,0.00017950639,7.4829404e-05,0.9997003,4.5386325e-05,c
test_2384.jpg,0.99915934,0.00013972407,0.00062619976,7.478891e-05,a
test_2385.jpg,6.6030785e-05,0.00029592947,0.9996106,2.7525728e-05,c
test_2386.jpg,0.994011,0.0009064207,0.0031637193,0.0019188927,a
test_2387.jpg,0.0003352212,0.9992804,0.00026107053,0.00012332099,b
test_2388.jpg,0.99707365,0.0008023781,0.0014990396,0.00062489265,a
test_2389.jpg,9.5732175e-05,0.000260227,0.0035923235,0.9960517,d
test_2390.jpg,0.0015001463,0.00048702626,0.9978098,0.00020302273,c
test_2391.jpg,0.00043017502,0.00055235566,0.99868244,0.00033502062,c
test_2392.jpg,0.9997744,5.8281512e-05,0.00013981009,2.753024e-05,a
test_2393.jpg,0.99762696,0.0002953422,0.00090971804,0.001168101,a
test_2394.jpg,5.1438772e-05,4.5394558e-05,0.9998816,2.1442871e-05,c
test_2395.jpg,2.2824473e-05,0.9998228,9.609462e-05,5.828433e-05,b
test_2396.jpg,0.0005525919,0.00017940033,0.00015832024,0.9991097,d
test_2397.jpg,0.0003907139,0.033040043,0.0009977228,0.9655716,d
test_2398.jpg,0.99906355,0.0002610139,0.0002957675,0.000379773,a
test_2399.jpg,0.9999149,4.5396067e-05,2.7534108e-05,1.22181855e-05,a
test_2400.jpg,0.017698178,0.66411924,0.31370774,0.0044748005,b
test_2401.jpg,6.599558e-05,0.00062614854,0.00023034718,0.99907756,d
test_2402.jpg,2.7524651e-05,0.9995715,0.0002611466,0.00013978171,b
test_2403.jpg,0.97704494,0.0024218524,0.020277921,0.00025526134,a
test_2404.jpg,0.62840706,0.18004164,0.18004164,0.011509677,a
test_2405.jpg,0.99971527,0.00015841621,7.4830525e-05,5.1430216e-05,a
test_2406.jpg,6.601786e-05,0.00048780974,0.99941504,3.1184634e-05,c
test_2407.jpg,5.827972e-05,0.00013980578,5.827972e-05,0.99974364,d
test_2408.jpg,0.000108868124,0.99962676,0.00017949319,8.4786574e-05,b
test_2409.jpg,1.0129353e-05,0.9999269,5.1441104e-05,1.1478061e-05,b
test_2410.jpg,8.479021e-05,0.00017950089,0.9996697,6.6034685e-05,c
test_2411.jpg,1.3006583e-05,0.99994504,3.535556e-05,6.5401205e-06,b
test_2412.jpg,0.9965611,0.0021799686,0.00070773216,0.00055118237,a
test_2413.jpg,1.012925e-05,0.9999168,5.8289814e-05,1.4737972e-05,b
test_2414.jpg,0.0019123382,0.0066747162,0.99061567,0.00079718116,c
test_2415.jpg,0.000224269,0.97271484,0.001138932,0.025921972,b
test_2416.jpg,0.9989502,0.00048758285,0.00048758285,7.4773256e-05,a
test_2417.jpg,0.99974686,0.000108881206,0.000108881206,3.5348552e-05,a
test_2418.jpg,0.00013978021,0.00020337901,0.9995608,9.606944e-05,c
test_2419.jpg,0.0009059119,0.00042792247,0.993453,0.005213163,c
test_2420.jpg,0.9995579,9.606916e-05,0.00026114305,8.478074e-05,a
test_2421.jpg,0.9993197,0.00029584335,0.0002610808,0.00012332584,a
test_2422.jpg,2.7532771e-05,0.99986637,6.604768e-05,4.005994e-05,b
test_2423.jpg,0.9770496,0.0018861495,0.020278018,0.0007862641,a
test_2424.jpg,0.99948454,0.00017946765,0.00026112387,7.481325e-05,a
test_2425.jpg,6.604314e-05,5.143445e-05,8.480107e-05,0.99979764,d
test_2426.jpg,3.5330188e-05,0.0007096258,0.9992275,2.751518e-05,c
test_2427.jpg,0.00010885522,0.00020336831,0.0001794719,0.99950826,d
test_2428.jpg,4.5377703e-05,0.000108855456,0.0003352984,0.9995104,d
test_2429.jpg,0.00013968468,0.0005524636,0.00043025907,0.9988776,d
test_2430.jpg,0.0009103597,0.0003794944,0.99833065,0.0003794944,c
test_2431.jpg,0.99969065,8.4791995e-05,0.00013979837,8.4791995e-05,a
test_2432.jpg,0.00015835089,0.9993031,0.00033522883,0.00020332658,b
test_2433.jpg,0.0005521094,0.0010314761,0.99823713,0.00017924367,c
test_2434.jpg,4.5385987e-05,0.9996929,0.00023048905,3.1193304e-05,b
test_2435.jpg,0.00010883341,0.999308,0.00020332757,0.00037986593,b
test_2436.jpg,0.2218575,0.002464614,0.001319213,0.77435875,d
test_2437.jpg,0.0001937017,0.00041006648,0.04739724,0.951999,d
test_2438.jpg,0.9996668,0.00012336868,0.00015840853,5.142772e-05,a
test_2439.jpg,8.478194e-05,0.0001397818,0.0002033813,0.9995721,d
test_2440.jpg,0.00055243,0.00029569448,0.99881685,0.0003350657,c
test_2441.jpg,1.3005619e-05,0.9998709,8.480728e-05,3.119886e-05,b
test_2442.jpg,0.0007684869,0.95495874,0.01543547,0.028837256,b
test_2443.jpg,7.481597e-05,0.9995209,0.00037994684,2.4289187e-05,b
test_2444.jpg,0.99953735,0.0001233527,0.00010885839,0.00023045318,a
test_2445.jpg,0.000108811604,0.0004876598,0.00029578063,0.9991078,d
test_2446.jpg,0.99677974,0.00090894545,0.0021804469,0.000130946,a
test_2447.jpg,0.1184626,0.0058979057,0.8753268,0.00031257753,c
test_2448.jpg,0.0009087296,0.996543,0.0019237805,0.00062456005,b
test_2449.jpg,0.0003785445,0.0024684202,0.0013212501,0.9958318,d
test_2450.jpg,0.00054777483,0.00048340962,0.99040014,0.00856864,c
test_2451.jpg,4.5395078e-05,4.0061008e-05,0.99989307,2.1443115e-05,c
test_2452.jpg,0.017084993,0.93280905,0.028168393,0.021937566,b
test_2453.jpg,0.0012741237,0.96031237,0.009414571,0.02899892,b
test_2454.jpg,6.6026856e-05,0.0001794796,0.00020337704,0.9995511,d
test_2455.jpg,7.4834235e-05,0.00010888316,5.1432766e-05,0.99976486,d
test_2456.jpg,5.8281956e-05,7.4835516e-05,8.479974e-05,0.999782,d
test_2457.jpg,4.5385874e-05,0.00017950461,8.479197e-05,0.9996904,d
test_2458.jpg,0.022080304,0.0026371162,0.9388784,0.036404267,c
test_2459.jpg,0.035953462,0.021806879,0.014987633,0.92725205,d
test_2460.jpg,0.9985813,0.0011692184,0.00017930545,7.021703e-05,a
test_2461.jpg,6.9619155e-06,0.9999441,4.0063052e-05,8.939276e-06,b
test_2462.jpg,0.99895144,0.00023031811,0.00070942973,0.00010879458,a
test_2463.jpg,0.9998636,5.1437848e-05,6.60475e-05,1.8922925e-05,a
test_2464.jpg,0.9957799,0.003591343,0.00033404693,0.0002947954,a
test_2465.jpg,0.9971621,0.0009092941,0.00042952012,0.0014991725,a
test_2466.jpg,0.99957997,0.00020338291,0.00015839476,5.8270176e-05,a
test_2467.jpg,0.00055102236,0.0003787118,0.99627185,0.0027983228,c
test_2468.jpg,0.007561954,0.0013140707,0.9904206,0.00070337136,c
test_2469.jpg,0.99992645,3.120059e-05,3.53549e-05,6.9617927e-06,a
test_2470.jpg,9.608149e-05,0.9996861,0.000108874585,0.000108874585,b
test_2471.jpg,0.9994879,0.00023044179,0.0001233466,0.00015838018,a
test_2472.jpg,0.01402901,0.9835096,0.0021514185,0.00030994124,b
test_2473.jpg,0.02590361,0.0006091945,0.9720258,0.0014613817,c
test_2474.jpg,0.00029348044,0.0016888634,0.006679584,0.99133813,d
test_2475.jpg,0.000108851236,0.9994717,0.00026112053,0.0001583776,b
test_2476.jpg,0.00017938025,0.00048760613,0.99899787,0.00033512645,c
test_2477.jpg,0.0002958654,0.9993942,0.00023042019,7.9631085e-05,b
test_2478.jpg,0.99880874,0.000335063,0.0006259801,0.00023028521,a
test_2479.jpg,0.0010318386,0.0002956267,8.469846e-05,0.9985879,d
test_2480.jpg,0.9998609,8.480643e-05,4.5393615e-05,8.938533e-06,a
test_2481.jpg,0.022900539,0.21727426,0.090573385,0.66925186,d
test_2482.jpg,5.1435203e-05,5.1435203e-05,8.480231e-05,0.9998123,d
test_2483.jpg,0.00023044512,0.00010885457,0.9995023,0.00015838245,c
test_2484.jpg,0.9994424,0.00026111287,0.00023043131,6.6019675e-05,a
test_2485.jpg,6.6041546e-05,0.99977356,0.00010888411,5.1433213e-05,b
test_2486.jpg,0.9989549,0.00062607165,0.00029573534,0.00012328083,a
test_2487.jpg,0.998939,0.00033510668,0.00029573063,0.00043028552,a
test_2488.jpg,0.0003799201,8.477162e-05,0.9994505,8.477162e-05,c
test_2489.jpg,0.00013980578,0.99974364,5.827972e-05,5.827972e-05,b
test_2490.jpg,0.0005524533,0.00043025104,0.9988589,0.0001582805,c
test_2491.jpg,1.3006391e-05,0.99993026,4.00625e-05,1.6700536e-05,b
test_2492.jpg,2.4295237e-05,0.99976987,0.00013980945,6.6041306e-05,b
test_2493.jpg,8.479196e-05,4.538587e-05,0.9996903,0.00017950458,c
test_2494.jpg,0.9998165,6.6044384e-05,9.609401e-05,2.1441472e-05,a
test_2495.jpg,0.0075682895,0.0010242567,0.9912504,0.00015707484,c
test_2496.jpg,0.0016991269,0.00070830144,0.9973627,0.0002299518,c
test_2497.jpg,0.00013979535,0.00013979535,0.99966896,5.1427833e-05,c
test_2498.jpg,6.577899e-05,0.0040696026,0.9957989,6.577899e-05,c
test_2499.jpg,0.0002610899,0.99935454,0.0002610899,0.00012333014,b
test_2500.jpg,0.00020336057,0.0002304377,0.9994702,9.606073e-05,c
test_2501.jpg,0.0002302633,0.00062592054,0.0004301885,0.99871373,d
test_2502.jpg,4.006158e-05,3.1199994e-05,0.99990726,2.144342e-05,c
test_2503.jpg,0.00043042877,0.0001583459,0.9992716,0.00013973977,c
test_2504.jpg,1.892171e-05,0.99979943,0.00012338505,5.828297e-05,b
test_2505.jpg,0.00027570734,0.0031553034,0.0052022156,0.9913668,d
test_2506.jpg,0.0007093049,0.99877566,0.0004874977,2.7502738e-05,b
test_2507.jpg,0.9998179,6.604448e-05,8.4802785e-05,3.1197203e-05,a
test_2508.jpg,6.604218e-05,8.479983e-05,0.9997831,6.604218e-05,c
test_2509.jpg,0.0001794903,0.00015839963,5.1424835e-05,0.9996107,d
test_2510.jpg,0.14074855,0.021584488,0.809952,0.027715033,c
test_2511.jpg,5.1435665e-05,9.609447e-05,0.99982125,3.119731e-05,c
test_2512.jpg,0.0002301118,0.9980566,0.00091010984,0.0008031691,b
test_2513.jpg,1.30064545e-05,2.7534665e-05,2.4299256e-05,0.99993515,d
test_2514.jpg,0.9998049,0.00010888753,6.604362e-05,2.0142166e-05,a
test_2515.jpg,0.01096318,0.0016812581,0.9868739,0.0004816885,c
test_2516.jpg,0.0002304494,0.0001088566,0.9995209,0.00013977464,c
test_2517.jpg,0.9996927,0.00015841261,0.000108875305,4.005298e-05,a
test_2518.jpg,0.9992249,0.0006262409,0.00010882436,4.003424e-05,a
test_2519.jpg,2.752803e-05,0.9996942,0.00020340615,7.4828946e-05,b
test_2520.jpg,4.5386816e-05,0.9997111,0.0002034096,4.005372e-05,b
test_2521.jpg,0.00017948759,0.9995956,0.00017948759,4.538157e-05,b
test_2522.jpg,0.00010884994,0.0003352814,9.605973e-05,0.9994598,d
test_2523.jpg,0.00026071124,0.001031133,0.0008030472,0.99790514,d
test_2524.jpg,0.00029589626,0.0001397715,0.99949837,6.602337e-05,c
test_2525.jpg,0.00015815828,0.0013242431,0.0004299188,0.9980876,d
test_2526.jpg,0.9983594,0.00037950533,0.00070900924,0.00055217696,a
test_2527.jpg,0.00054917095,0.00062229217,0.99292433,0.0059041437,c
test_2528.jpg,5.4219463e-06,0.9999443,4.0063063e-05,1.0129529e-05,b
test_2529.jpg,0.00080298766,0.0010310566,0.99783117,0.00033473506,c
test_2530.jpg,0.00029586043,0.0002033417,0.00012333297,0.9993774,d
test_2531.jpg,4.0052135e-05,0.000108873006,0.00017950122,0.9996716,d
test_2532.jpg,4.539428e-05,5.143846e-05,0.99987555,2.7533024e-05,c
test_2533.jpg,0.024770651,0.00487763,0.9295118,0.0408399,c
test_2534.jpg,0.0001088279,0.00020331728,0.00043042266,0.9992574,d
test_2535.jpg,0.99873286,0.0003796473,0.00055238354,0.00033503753,a
test_2536.jpg,0.00026111995,0.9994696,0.00020336044,6.6021465e-05,b
test_2537.jpg,0.95826524,0.03279003,0.0050285147,0.003916211,a
test_2538.jpg,1.4737452e-05,0.9998815,8.480818e-05,1.8923263e-05,b
test_2539.jpg,8.479725e-05,0.9997526,0.00013980703,2.2822871e-05,b
test_2540.jpg,5.1432016e-05,0.000123379,0.9997503,7.4833144e-05,c
test_2541.jpg,7.482719e-05,9.608001e-05,0.00015840914,0.99967074,d
test_2542.jpg,8.939059e-06,0.9999198,5.828999e-05,1.3006254e-05,b
test_2543.jpg,4.539529e-05,4.539529e-05,0.9998977,1.1477726e-05,c
test_2544.jpg,0.00012335894,0.00023046485,0.99958795,5.827064e-05,c
test_2545.jpg,0.9992224,0.00043040758,0.00029581453,5.140486e-05,a
test_2546.jpg,1.8923138e-05,2.1442724e-05,8.4807616e-05,0.99987483,d
test_2547.jpg,8.939011e-06,0.9999144,4.5396046e-05,3.1200216e-05,b
test_2548.jpg,0.0010318846,0.00026090126,0.9986325,7.474948e-05,c
test_2549.jpg,0.9993919,0.00029586474,0.00020334465,0.00010884255,a
test_2550.jpg,2.752804e-05,0.00026117873,0.9996946,1.6696598e-05,c
test_2551.jpg,0.13136737,0.31513396,0.40464,0.14885876,c
test_2552.jpg,4.0061415e-05,4.0061415e-05,0.9999032,1.6700084e-05,c
test_2553.jpg,2.1442158e-05,0.99984837,8.4805375e-05,4.5393048e-05,b
test_2554.jpg,0.9991053,0.00020328633,0.00026102478,0.00043035715,a
test_2555.jpg,0.00013979967,0.00010887609,0.99969995,5.1429426e-05,c
test_2556.jpg,0.0016995748,0.0005517711,0.9976255,0.00012311677,c
test_2557.jpg,0.99676824,0.0006247012,0.0016981142,0.000908935,a
test_2558.jpg,0.0032857002,0.00094136887,0.91103363,0.08473932,c
test_2559.jpg,0.00012337595,8.479497e-05,0.99972576,6.603839e-05,c
test_2560.jpg,0.0002033978,0.9996531,0.00012336699,2.0139109e-05,b
test_2561.jpg,0.000108868255,0.00013978961,0.99962795,0.00012336389,c
test_2562.jpg,0.4862571,0.021364646,0.006121074,0.4862571,a
test_2563.jpg,0.0008038132,0.00023029634,0.998857,0.00010878429,c
test_2564.jpg,0.00026111497,0.00010884893,0.00017946154,0.9994505,d
test_2565.jpg,0.9985763,0.00033498503,0.0007091633,0.0003795878,a
test_2566.jpg,0.99900347,0.0003351283,0.0005525332,0.00010880024,a
test_2567.jpg,0.9998816,4.5394558e-05,4.5394558e-05,2.7533191e-05,a
test_2568.jpg,0.00013973558,0.9992416,0.00055266486,6.60064e-05,b
test_2569.jpg,0.002633337,0.3448991,0.6443563,0.008111249,c
test_2570.jpg,9.6067655e-05,0.00015838878,0.00020337522,0.99954224,d
test_2571.jpg,0.00047848004,0.98030055,0.009610529,0.009610529,b
test_2572.jpg,6.14388e-06,0.9999459,4.0063125e-05,7.888898e-06,b
test_2573.jpg,0.99975747,0.00010888236,9.608834e-05,3.7628735e-05,a
test_2574.jpg,0.9988638,0.0007093675,0.0002957084,0.0001312198,a
test_2575.jpg,0.9999175,2.7534179e-05,4.5396187e-05,9.515557e-06,a
test_2576.jpg,0.9997397,0.00017951346,4.5388115e-05,3.5348297e-05,a
test_2577.jpg,7.482777e-05,0.00012337012,0.9996785,0.00012337012,c
test_2578.jpg,0.73828834,0.23968713,0.019674718,0.0023498102,a
test_2579.jpg,0.000168235,0.0019253476,0.0005516213,0.99735475,d
test_2580.jpg,0.0001583994,0.9996093,0.00012336158,0.00010886622,b
test_2581.jpg,0.025610171,0.0026992925,0.96101457,0.010675909,c
test_2582.jpg,0.99955887,0.00020337861,0.000179481,5.826895e-05,a
test_2583.jpg,2.4294975e-05,0.999759,0.00015842314,5.8280617e-05,b
test_2584.jpg,0.00070806715,0.0019247261,0.00033446724,0.99703276,d
test_2585.jpg,0.00012334994,0.00020336968,0.99951494,0.00015838446,c
test_2586.jpg,2.4299432e-05,2.4299432e-05,0.9999424,8.9392615e-06,c
test_2587.jpg,0.041982435,0.0020901824,0.9555158,0.0004115813,c
test_2588.jpg,4.532633e-05,0.9983789,0.0015010019,7.4730495e-05,b
test_2589.jpg,0.95985514,0.019921158,0.00030248682,0.019921158,a
test_2590.jpg,0.0013182913,0.1186688,0.8768504,0.0031624164,c
test_2591.jpg,5.8276433e-05,0.00015841177,9.6081596e-05,0.9996873,d
test_2592.jpg,9.60862e-05,0.00012337712,4.5387907e-05,0.9997352,d
test_2593.jpg,1.6698496e-05,0.99980813,0.0001398148,3.5350717e-05,b
test_2594.jpg,5.8264184e-05,0.000203362,0.00026112195,0.9994772,d
test_2595.jpg,0.00031604175,0.64750016,0.005601974,0.34658188,b
test_2596.jpg,0.0007760552,0.0018616597,0.032998707,0.9643636,d
test_2597.jpg,8.477445e-05,0.9994838,0.0003352895,9.6062045e-05,b
test_2598.jpg,0.0002033491,0.0002033491,0.99941385,0.00017945495,c
test_2599.jpg,1.2215395e-05,0.9996866,0.00026117664,4.0052735e-05,b
test_2600.jpg,0.9992505,0.00013973682,0.00017942562,0.0004304197,a
test_2601.jpg,0.0011284755,0.03297889,0.9637844,0.0021082698,c
test_2602.jpg,0.00012327953,0.00055250054,0.00037972772,0.99894446,d
test_2603.jpg,0.010204309,0.91856253,0.035616536,0.035616536,b
test_2604.jpg,0.00037968694,0.0004875277,0.0002957005,0.9988372,d
test_2605.jpg,7.483017e-05,0.00013980115,7.483017e-05,0.9997105,d
test_2606.jpg,0.00020336347,0.000108852626,0.9994844,0.00020336347,c
test_2607.jpg,0.99945277,0.0001583746,0.0002304337,0.0001583746,a
test_2608.jpg,9.60899e-05,0.9997737,8.479904e-05,4.5389657e-05,b
test_2609.jpg,2.1443971e-05,3.5355133e-05,0.999933,1.01294145e-05,c
test_2610.jpg,0.9994431,0.00023043147,0.00023043147,9.605813e-05,a
test_2611.jpg,0.0014907387,0.006681028,0.9915524,0.00027575894,c
test_2612.jpg,3.1196578e-05,9.6092226e-05,7.48367e-05,0.9997979,d
test_2613.jpg,9.608283e-05,0.00015841381,0.9997002,4.5386318e-05,c
test_2614.jpg,0.99959,0.00020338495,0.00015839635,4.830816e-05,a
test_2615.jpg,3.1199736e-05,0.999899,5.8288777e-05,1.1477741e-05,b
test_2616.jpg,0.00062219513,0.00070503954,0.0059032235,0.99276954,d
test_2617.jpg,0.9974928,0.00042966258,0.0011679439,0.0009095957,a
test_2618.jpg,8.479619e-05,0.00010888048,6.603934e-05,0.9997402,d
test_2619.jpg,0.002217981,0.25636375,0.044549335,0.6968689,d
test_2620.jpg,3.5351834e-05,8.480463e-05,4.005887e-05,0.99983966,d
test_2621.jpg,0.0017953002,0.00084803975,0.9299885,0.06736814,c
test_2622.jpg,1.6698184e-05,0.99978954,0.00015842797,3.5350058e-05,b
test_2623.jpg,0.99983096,0.00010889037,4.539226e-05,1.4736707e-05,a
test_2624.jpg,0.00020329839,0.9991646,0.0005526223,7.9612786e-05,b
test_2625.jpg,0.00026084363,0.0010316566,0.9984119,0.0002955746,c
test_2626.jpg,0.9911408,0.0058935382,0.0021681117,0.0007976037,a
test_2627.jpg,0.008567465,0.00062062504,0.0005476997,0.9902643,d
test_2628.jpg,0.0009826607,0.00067537214,0.04734724,0.9509948,d
test_2629.jpg,9.609342e-05,3.5350793e-05,0.9998103,5.8283604e-05,c
test_2630.jpg,2.7533415e-05,3.1199444e-05,5.143919e-05,0.99988973,d
test_2631.jpg,2.4297775e-05,3.5353056e-05,6.60482e-05,0.99987423,d
test_2632.jpg,8.480134e-05,0.99980086,6.604335e-05,4.831835e-05,b
test_2633.jpg,0.037165437,0.9585093,0.0016329356,0.0026922557,b
test_2634.jpg,4.0053204e-05,0.9996983,0.00020340698,5.8277074e-05,b
test_2635.jpg,0.05180107,0.91819584,0.027727112,0.00227598,b
test_2636.jpg,0.99875593,0.00017933681,0.0002609335,0.00080373185,a
test_2637.jpg,5.143641e-05,0.9998357,9.6095864e-05,1.6698958e-05,b
test_2638.jpg,0.00012335312,0.00026113857,0.9995408,7.4817464e-05,c
test_2639.jpg,0.9996842,0.00017950349,8.479145e-05,5.1428615e-05,a
test_2640.jpg,2.144333e-05,0.9999031,4.006141e-05,3.5354074e-05,b
test_2641.jpg,4.5389705e-05,0.00015842562,0.99977475,2.1440577e-05,c
test_2642.jpg,6.6032146e-05,0.00012336428,0.00017949397,0.99963117,d
test_2643.jpg,0.9988751,0.00062602165,0.0002957117,0.00020323948,a
test_2644.jpg,0.98686266,0.0066494285,0.00517858,0.00130935,a
test_2645.jpg,0.0011530503,0.003134316,0.9847728,0.010939838,c
test_2646.jpg,2.144149e-05,0.9998173,0.00013981608,2.144149e-05,b
test_2647.jpg,0.99954236,0.00020337525,0.00017947803,7.481758e-05,a
test_2648.jpg,0.9998191,7.4838295e-05,7.4838295e-05,3.119724e-05,a
test_2649.jpg,1.4738001e-05,3.5354627e-05,3.120035e-05,0.9999187,d
test_2650.jpg,0.031555325,0.024575312,0.9221818,0.021687636,c
test_2651.jpg,1.4737649e-05,0.99989486,6.6049564e-05,2.4298275e-05,b
test_2652.jpg,3.53497e-05,0.9997794,0.00013981079,4.5389916e-05,b
test_2653.jpg,0.99991024,3.535433e-05,4.5395856e-05,8.938974e-06,a
test_2654.jpg,0.00020337953,7.481916e-05,0.9995634,0.00015839214,c
test_2655.jpg,1.012944e-05,0.9999355,3.535522e-05,1.8924286e-05,b
test_2656.jpg,3.5350797e-05,0.000108888125,4.5391324e-05,0.9998104,d
test_2657.jpg,9.604178e-05,0.00029582952,0.00033521873,0.999273,d
test_2658.jpg,0.99957436,0.00015839387,0.00015839387,0.00010886242,a
test_2659.jpg,0.00023046206,0.00010886257,8.478225e-05,0.9995758,d
test_2660.jpg,5.827347e-05,0.9996364,0.00023047604,7.4824624e-05,b
test_2661.jpg,4.0059036e-05,3.1198015e-05,8.480499e-05,0.99984384,d
test_2662.jpg,0.11857448,0.0035806391,0.87615347,0.0016913741,c
test_2663.jpg,0.99970156,0.00010887627,0.00015841403,3.1193576e-05,a
test_2664.jpg,0.99990726,2.7533897e-05,5.8289257e-05,6.961659e-06,a
test_2665.jpg,0.20003606,0.0019610848,0.006844858,0.791158,d
test_2666.jpg,2.429772e-05,0.99987197,8.4807376e-05,1.8923083e-05,b
test_2667.jpg,0.99953866,0.00023045349,0.00017947736,5.1421128e-05,a
test_2668.jpg,2.1443115e-05,0.99989307,4.5395078e-05,4.0061008e-05,b
test_2669.jpg,0.9618504,0.00053198443,0.00032266486,0.037294988,a
test_2670.jpg,5.1401857e-05,0.0006262028,0.00015832885,0.9991641,d
test_2671.jpg,0.00029172984,0.9854248,0.01405633,0.0002271994,b
test_2672.jpg,5.827347e-05,0.00023047604,0.9996364,7.4824624e-05,c
test_2673.jpg,0.99967515,9.608043e-05,7.029394e-05,0.00015840984,a
test_2674.jpg,2.1439946e-05,0.9997453,0.00015842097,7.483277e-05,b
test_2675.jpg,0.00012333099,0.99936134,0.00043046745,8.476406e-05,b
test_2676.jpg,0.00023045237,0.00013977643,0.9995338,9.606684e-05,c
test_2677.jpg,0.00033487094,0.00062562124,0.9982362,0.0008033136,c
test_2678.jpg,5.8278634e-05,5.8278634e-05,0.00015841775,0.99972504,d
test_2679.jpg,0.9998796,4.5394467e-05,5.8287646e-05,1.669969e-05,a
test_2680.jpg,0.00037918473,0.001925659,0.99751604,0.00017911418,c
test_2681.jpg,1.3005251e-05,0.99984264,0.00010889164,3.535194e-05,b
test_2682.jpg,0.999445,0.000379918,0.00013976403,3.533788e-05,a
test_2683.jpg,0.0019261588,0.00020301563,9.58978e-05,0.9977749,d
test_2684.jpg,2.7532187e-05,0.99984515,9.609677e-05,3.1198055e-05,b
test_2685.jpg,0.0001584017,0.000108867804,0.000108867804,0.9996238,d
test_2686.jpg,0.024325788,0.80555946,0.011490688,0.15862405,b
test_2687.jpg,0.004200932,0.016615009,0.80055594,0.17862819,c
test_2688.jpg,0.9990433,0.00043033046,0.00043033046,9.601971e-05,a
test_2689.jpg,0.999861,6.604732e-05,4.5393623e-05,2.7532624e-05,a
test_2690.jpg,0.0002957525,0.00026100065,0.00043031733,0.9990128,d
test_2691.jpg,0.97096205,0.0012882533,0.0018743977,0.025875261,a
test_2692.jpg,0.9993174,0.00037986948,0.00017943763,0.00012332556,a
test_2693.jpg,6.603245e-05,0.0001584036,0.0001397907,0.9996358,d
test_2694.jpg,2.7533615e-05,4.0061168e-05,3.535386e-05,0.999897,d
test_2695.jpg,7.4826225e-05,0.000108871514,0.0001584071,0.99965787,d
test_2696.jpg,0.00020335865,0.00026111765,0.99946076,7.481147e-05,c
test_2697.jpg,4.0055475e-05,0.000108882086,9.60881e-05,0.99975497,d
test_2698.jpg,0.82433003,0.0117584355,0.1623202,0.0015913313,a
test_2699.jpg,0.9984686,0.0004873478,0.00033494888,0.00070908683,a
test_2700.jpg,7.480944e-05,0.00026111057,0.00023042927,0.9994336,d
test_2701.jpg,0.999811,0.00010888819,4.005772e-05,4.005772e-05,a
test_2702.jpg,7.483953e-05,0.9998356,5.828508e-05,3.1197756e-05,b
test_2703.jpg,0.0008035817,0.00055229303,0.99856925,7.474474e-05,c
test_2704.jpg,5.1426876e-05,0.99965036,0.00015840592,0.00013979274,b
test_2705.jpg,0.9962649,0.0014978236,0.00031396092,0.0019232436,a
test_2706.jpg,3.119611e-05,0.99978286,0.0001584269,2.7530472e-05,b
test_2707.jpg,2.7529775e-05,0.9997576,0.00017951668,3.534893e-05,b
test_2708.jpg,2.4296492e-05,0.9998215,0.00010888933,4.5391826e-05,b
test_2709.jpg,0.0002303881,0.00017942642,0.0003352127,0.999255,d
test_2710.jpg,0.00020319199,0.0010318941,0.00012324216,0.99864167,d
test_2711.jpg,8.939174e-06,0.99993265,4.5396875e-05,1.3006422e-05,b
test_2712.jpg,2.7533468e-05,3.535367e-05,4.5395012e-05,0.99989164,d
test_2713.jpg,0.99969244,0.00015841259,0.00012337184,2.5860145e-05,a
test_2714.jpg,9.607665e-05,0.9996358,0.0002304759,3.7624155e-05,b
test_2715.jpg,0.00013977214,0.0002611287,0.999503,9.6063886e-05,c
test_2716.jpg,4.538658e-05,0.00010887674,0.00013980051,0.99970585,d
test_2717.jpg,0.9998839,3.5353398e-05,6.604884e-05,1.4737488e-05,a
test_2718.jpg,0.00020337012,0.0001397741,0.9995171,0.0001397741,c
test_2719.jpg,0.00013977032,0.00023044228,0.00013977032,0.99949,d
test_2720.jpg,0.99952424,0.0001397751,0.00026113424,7.481622e-05,a
test_2721.jpg,0.99530077,0.00090759684,0.0031678244,0.0006237815,a
test_2722.jpg,0.00015839194,0.0001397804,0.9995621,0.0001397804,c
test_2723.jpg,0.00017947359,0.00012335028,0.00017947359,0.9995177,d
test_2724.jpg,0.002155321,0.0040266695,0.00852446,0.98529357,d
test_2725.jpg,5.8280115e-05,0.00013980674,0.99975044,5.1432024e-05,c
test_2726.jpg,1.892266e-05,0.99984956,9.6097196e-05,3.5352183e-05,b
test_2727.jpg,0.002785545,0.0035767108,0.7723544,0.22128326,c
test_2728.jpg,5.8271573e-05,0.00015839856,0.00017948907,0.9996039,d
test_2729.jpg,3.1198328e-05,4.005944e-05,7.48409e-05,0.99985385,d
test_2730.jpg,0.0002033534,0.0002033534,0.00015837178,0.9994349,d
test_2731.jpg,0.9993843,0.00037989492,0.00013975553,9.605248e-05,a
test_2732.jpg,1.1477159e-05,0.99984837,0.000108892265,3.1198157e-05,b
test_2733.jpg,0.00020337975,0.99956447,0.00010886134,0.00012335606,b
test_2734.jpg,0.032981265,0.96385384,0.0023891549,0.000775645,b
test_2735.jpg,0.78994197,0.0099439025,0.17625989,0.023854181,a
test_2736.jpg,9.577812e-05,0.99652976,0.003171736,0.00020276228,b
test_2737.jpg,8.478103e-05,0.00012335567,0.00023045874,0.99956137,d
test_2738.jpg,3.119696e-05,0.99981004,0.00013981506,1.892191e-05,b
test_2739.jpg,0.0010302924,0.00037902337,0.99709153,0.0014990665,c
test_2740.jpg,0.99967825,0.00015841033,0.00012337009,4.00524e-05,a
test_2741.jpg,0.0007081196,0.000486683,0.9971066,0.0016986907,c
test_2742.jpg,0.40504023,0.0035042844,0.58933,0.002125456,c
test_2743.jpg,0.00033427385,0.0021797395,0.9964563,0.001029636,c
test_2744.jpg,4.0059316e-05,0.99985075,8.480557e-05,2.4297204e-05,b
test_2745.jpg,0.0005522072,0.99841404,0.0002301942,0.00080345676,b
test_2746.jpg,0.9997762,7.483508e-05,0.0001088844,4.0056326e-05,a
test_2747.jpg,0.00090177875,0.009695035,0.0004826874,0.9889205,d
test_2748.jpg,0.9996829,0.00012337067,0.00015841107,3.534629e-05,a
test_2749.jpg,0.00010882391,0.0003352012,0.9992207,0.0003352012,c
test_2750.jpg,5.8285463e-05,8.4804844e-05,0.99984217,1.4736873e-05,c
test_2751.jpg,0.001030647,0.00062511896,0.0009095428,0.9974348,d
test_2752.jpg,1.0129063e-05,0.9998983,5.143963e-05,4.006122e-05,b
test_2753.jpg,0.99987185,4.5394114e-05,6.6048044e-05,1.669956e-05,a
test_2754.jpg,0.014041172,0.0008976222,0.0006990688,0.98436224,d
test_2755.jpg,0.00017949549,9.607702e-05,0.99963963,8.4787665e-05,c
test_2756.jpg,0.00017917597,0.99786013,0.0016999744,0.00026069948,b
test_2757.jpg,6.6029475e-05,0.00013978442,0.00020338512,0.9995908,d
test_2758.jpg,7.4834e-05,0.0001233804,4.0055747e-05,0.99976176,d
test_2759.jpg,4.0052135e-05,0.9996716,0.00017950122,0.000108873006,b
test_2760.jpg,0.059684023,0.8239125,0.11150443,0.0048991623,b
test_2761.jpg,0.0014903323,0.0066792066,0.9912821,0.0005482626,c
test_2762.jpg,0.00062588905,0.00015824955,0.99866354,0.0005523452,c
test_2763.jpg,3.119941e-05,4.0060833e-05,0.99988866,4.0060833e-05,c
test_2764.jpg,0.00020337901,0.00013978021,9.606944e-05,0.9995608,d
test_2765.jpg,6.604943e-05,2.429823e-05,0.99989295,1.6699913e-05,c
test_2766.jpg,8.478059e-05,0.00017948053,0.00017948053,0.99955624,d
test_2767.jpg,0.99975294,0.00012337932,0.00010888187,1.4735557e-05,a
test_2768.jpg,0.000108887914,3.119691e-05,0.9998085,5.143501e-05,c
test_2769.jpg,0.13227415,0.0016650858,0.8625358,0.0035249866,c
test_2770.jpg,0.19919746,0.7878412,0.011237951,0.0017233958,b
test_2771.jpg,0.0024692519,0.0010293373,0.99616724,0.00033417688,c
test_2772.jpg,7.4834235e-05,5.1432766e-05,0.00010888316,0.99976486,d
test_2773.jpg,0.0007658498,0.047381446,0.95168185,0.00017088417,c
test_2774.jpg,0.99368393,0.0002596084,0.00590866,0.00014792042,a
test_2775.jpg,0.9891589,0.0014871403,0.008557902,0.00079600886,a
test_2776.jpg,0.025893375,0.9716418,0.0010039952,0.0014608043,b
test_2777.jpg,0.00062527525,0.9976841,0.0014999574,0.00019069818,b
test_2778.jpg,0.0021691225,0.99160284,0.0010246208,0.0052034543,b
test_2779.jpg,0.00017950089,8.479021e-05,0.9996697,6.6034685e-05,c
test_2780.jpg,0.9998072,4.5391174e-05,9.609312e-05,5.143494e-05,a
test_2781.jpg,0.99713045,0.0011675196,0.00037903816,0.0013229732,a
test_2782.jpg,5.827955e-05,0.9997408,0.00017951365,2.143985e-05,b
test_2783.jpg,0.99918693,0.00020330295,0.00043039233,0.0001794142,a
test_2784.jpg,6.604641e-05,0.99984705,5.1436997e-05,3.5352095e-05,b
test_2785.jpg,4.5387682e-05,6.603868e-05,0.00015841857,0.99973017,d
test_2786.jpg,0.000108424916,0.99555725,0.0011656777,0.0031686407,b
test_2787.jpg,5.828631e-05,6.604704e-05,0.9998567,1.8922794e-05,c
test_2788.jpg,0.0007966997,0.9900175,0.0006204703,0.008565329,b
test_2789.jpg,0.0002295916,0.0035914173,0.0003785326,0.99580044,d
test_2790.jpg,9.608404e-05,0.00013980146,5.143008e-05,0.99971265,d
test_2791.jpg,0.9986291,0.00023024378,0.0010318811,0.000108759465,a
test_2792.jpg,0.9998348,6.604559e-05,7.4839474e-05,2.4296816e-05,a
test_2793.jpg,0.99836916,0.00062570453,0.00062570453,0.00037950903,a
test_2794.jpg,0.8461746,0.1470431,0.0064606224,0.00032165548,a
test_2795.jpg,0.0005521403,0.00012319915,0.9982931,0.0010315339,c
test_2796.jpg,0.003153322,0.005198949,0.9907443,0.00090344186,c
test_2797.jpg,5.8277088e-05,8.479266e-05,0.00015841355,0.9996985,d
test_2798.jpg,0.0004875494,0.00029571366,0.00033508745,0.99888164,d
test_2799.jpg,2.7533171e-05,5.1438736e-05,4.0060524e-05,0.9998809,d
test_2800.jpg,0.99125636,0.0058942256,0.0016887242,0.0011606418,a
test_2801.jpg,0.9991997,0.0004303978,0.00026104946,0.00010882161,a
test_2802.jpg,4.005478e-05,0.00020341498,0.99973756,1.892054e-05,c
test_2803.jpg,0.8927177,0.011237659,0.09409176,0.0019528122,a
test_2804.jpg,0.004041056,0.006662575,0.9888138,0.00048263537,c
test_2805.jpg,5.8274454e-05,0.99965334,0.00017949795,0.00010887102,b
test_2806.jpg,0.0006757919,0.04737667,0.9515858,0.00036172534,c
test_2807.jpg,0.00020338962,7.482286e-05,0.999613,0.000108866625,c
test_2808.jpg,0.0002304673,0.0001397855,0.99959856,3.119036e-05,c
test_2809.jpg,0.00042992755,0.00091015664,0.0005520379,0.9981079,d
test_2810.jpg,5.1436677e-05,9.609636e-05,0.99984086,1.1477074e-05,c
test_2811.jpg,0.00070811075,0.0011674772,0.001030295,0.99709415,d
test_2812.jpg,9.6088035e-05,7.483344e-05,0.99975425,7.483344e-05,c
test_2813.jpg,0.9995511,0.00020337704,0.0001794796,6.6026856e-05,a
test_2814.jpg,0.0003795784,0.99855167,0.0009105613,0.00015823182,b
test_2815.jpg,0.9998136,6.6044195e-05,9.609374e-05,2.4296301e-05,a
test_2816.jpg,0.006258473,0.92883974,0.005523083,0.059378736,b
test_2817.jpg,5.827586e-05,0.9996774,0.00017950227,8.479087e-05,b
test_2818.jpg,0.0002958819,0.00017946142,0.9994499,7.481066e-05,c
test_2819.jpg,2.4295869e-05,0.99979585,0.00013981308,4.0057115e-05,b
test_2820.jpg,0.9996112,0.00012336181,6.2030216e-05,0.00020338925,a
test_2821.jpg,0.00012337678,0.000108879634,0.99973243,3.5348043e-05,c
test_2822.jpg,0.001687222,0.9903746,0.0075616036,0.0003764701,b
test_2823.jpg,2.7533171e-05,5.1438736e-05,4.0060524e-05,0.9998809,d
test_2824.jpg,1.4737907e-05,0.9999124,5.1440355e-05,2.144353e-05,b
test_2825.jpg,9.677981e-05,0.0533665,0.0005928482,0.94594383,d
test_2826.jpg,0.9621179,0.03730536,0.00041442513,0.00016229121,a
test_2827.jpg,0.00048748386,0.00043020298,0.99874735,0.00033504242,c
test_2828.jpg,0.99976784,9.608934e-05,9.608934e-05,4.005599e-05,a
test_2829.jpg,0.99974364,0.00010888086,9.608702e-05,5.1431674e-05,a
test_2830.jpg,1.1477342e-05,0.9998642,6.6047534e-05,5.828675e-05,b
test_2831.jpg,0.7243133,0.002960103,0.26646,0.006266538,a
test_2832.jpg,0.00012333108,0.99936205,0.00017944565,0.00033524862,b
test_2833.jpg,0.99959177,0.00020338531,9.6072414e-05,0.00010886431,a
test_2834.jpg,0.814173,0.0029363662,0.18166655,0.0012240595,a
test_2835.jpg,0.00070940785,0.0001396907,0.9989207,0.00023031101,c
test_2836.jpg,0.00026104486,0.0002958026,0.99918205,0.00026104486,c
test_2837.jpg,1.3842589e-05,0.99973947,0.00012337766,0.00012337766,b
test_2838.jpg,0.0024192554,0.03339679,0.8613146,0.10286936,c
test_2839.jpg,7.483828e-05,8.480287e-05,0.999819,2.1441527e-05,c
test_2840.jpg,0.99988246,5.8287813e-05,4.5394594e-05,1.3844569e-05,a
test_2841.jpg,1.8923438e-05,0.9998907,6.604929e-05,2.4298175e-05,b
test_2842.jpg,2.7529513e-05,0.99974805,0.00015842139,6.6039865e-05,b
test_2843.jpg,0.9997142,0.00017950889,8.4793995e-05,2.143928e-05,a
test_2844.jpg,0.00048495297,0.9935621,0.0027907116,0.0031622904,b
test_2845.jpg,0.0033499585,0.06728572,0.92885065,0.0005137328,c
test_2846.jpg,5.143809e-05,4.0060022e-05,0.9998684,4.0060022e-05,c
test_2847.jpg,0.0006241911,0.0006241911,0.9959543,0.0027974306,c
test_2848.jpg,0.992997,0.0005492111,0.0005492111,0.0059045753,a
test_2849.jpg,5.827222e-05,0.00012336229,0.00020339004,0.99961495,d
test_2850.jpg,2.4298062e-05,7.484331e-05,0.99988604,1.47375185e-05,c
test_2851.jpg,0.8293485,0.0029910977,0.1633084,0.0043520215,a
test_2852.jpg,0.99979204,0.000108886125,7.4836265e-05,2.4295778e-05,a
test_2853.jpg,0.00013978731,0.000108866465,0.00013978731,0.99961156,d
test_2854.jpg,0.09325596,0.8847879,0.0076549156,0.014301265,b
test_2855.jpg,3.534831e-05,8.479618e-05,0.00013980527,0.99973994,d
test_2856.jpg,0.00026113086,0.99951124,0.00020336892,2.4288953e-05,b
test_2857.jpg,0.000108833345,0.9993074,0.0004877572,9.6045085e-05,b
test_2858.jpg,0.9997552,8.4797466e-05,0.00013980741,2.0141166e-05,a
test_2859.jpg,3.535487e-05,2.7534403e-05,0.9999256,1.1478046e-05,c
test_2860.jpg,2.1444297e-05,2.429957e-05,0.99994814,6.1438936e-06,c
test_2861.jpg,0.00012336212,0.00012336212,0.00013978759,0.9996136,d
test_2862.jpg,0.0008025775,0.0011677432,0.0007082721,0.9973214,d
test_2863.jpg,9.6038304e-05,0.00017942316,0.00048772278,0.9992368,d
test_2864.jpg,0.00015840237,0.99962795,0.00012336389,9.025495e-05,b
test_2865.jpg,0.00017947625,0.00020337323,0.99953246,8.477858e-05,c
test_2866.jpg,2.1437934e-05,0.99965143,0.00029594154,3.119201e-05,b
test_2867.jpg,0.9917486,0.0040530497,0.003576804,0.00062155526,a
test_2868.jpg,3.5350957e-05,7.483798e-05,7.483798e-05,0.9998149,d
test_2869.jpg,0.99985063,8.4805564e-05,5.143718e-05,1.3005355e-05,a
test_2870.jpg,5.1430503e-05,0.9997209,0.00020341158,2.4294048e-05,b
test_2871.jpg,3.1199183e-05,0.99988127,6.604866e-05,2.1442862e-05,b
test_2872.jpg,0.00062609906,0.00029574826,7.959956e-05,0.9989986,d
test_2873.jpg,0.0031434207,0.0016825519,0.007540673,0.98763335,d
test_2874.jpg,9.607013e-05,0.9995679,0.00026114564,7.4819494e-05,b
test_2875.jpg,0.9975696,0.0016994795,0.0005517402,0.0001791238,a
test_2876.jpg,0.002181135,0.00042949093,0.00029518452,0.9970943,d
test_2877.jpg,0.99964035,0.00020339519,9.025607e-05,6.603275e-05,a
test_2878.jpg,0.9985072,0.0006257911,0.00037956153,0.00048736666,a
test_2879.jpg,9.6080854e-05,0.00015841053,6.603534e-05,0.99967957,d
test_2880.jpg,3.1198488e-05,5.1437608e-05,5.8286445e-05,0.999859,d
test_2881.jpg,0.00017947739,0.00015838823,0.9995388,0.00012335287,c
test_2882.jpg,0.9995053,0.0002304458,0.00017947138,8.477627e-05,a
test_2883.jpg,0.9998481,6.604647e-05,5.8285812e-05,2.7532269e-05,a
test_2884.jpg,6.604331e-05,0.99980026,3.7630343e-05,9.609245e-05,b
test_2885.jpg,0.00023644044,0.0005005444,0.3772624,0.6220006,d
test_2886.jpg,6.9613693e-06,0.99986565,9.6098745e-05,3.1198695e-05,b
test_2887.jpg,0.9767428,0.013932487,0.0027434698,0.0065812413,a
test_2888.jpg,4.494975e-06,0.9999496,3.1201314e-05,1.4738455e-05,b
test_2889.jpg,0.03615833,0.72625947,0.23578194,0.0018002174,b
test_2890.jpg,0.0027972192,0.99587893,0.0011660543,0.00015780829,b
test_2891.jpg,5.142696e-05,0.999652,0.00026116762,3.5345198e-05,b
test_2892.jpg,9.607197e-05,0.0001583959,0.0001583959,0.9995871,d
test_2893.jpg,6.961894e-06,0.999941,3.5355417e-05,1.6700715e-05,b
test_2894.jpg,3.531591e-05,0.9988236,0.00023028863,0.0009108092,b
test_2895.jpg,1.30059625e-05,0.99989736,7.484415e-05,1.4737686e-05,b
test_2896.jpg,0.00020336824,0.00026113,0.9995079,2.7522901e-05,c
test_2897.jpg,0.9997669,0.00012338103,5.8281075e-05,5.1432868e-05,a
test_2898.jpg,0.99989176,3.5353674e-05,5.1439296e-05,2.1443087e-05,a
test_2899.jpg,9.578577e-05,0.99660933,0.003171989,0.00012299136,b
test_2900.jpg,1.3005991e-05,0.9998995,6.604987e-05,2.1443253e-05,b
test_2901.jpg,7.4838434e-05,0.999821,7.4838434e-05,2.930715e-05,b
test_2902.jpg,2.1439491e-05,9.608514e-05,0.0001584176,0.9997241,d
test_2903.jpg,6.603486e-05,0.9996723,0.0002034017,5.827556e-05,b
test_2904.jpg,0.53739583,0.28764728,0.17446688,0.00049004157,a
test_2905.jpg,6.9617663e-06,0.99992263,5.1440882e-05,1.8924042e-05,b
test_2906.jpg,0.00029588182,0.00015837411,0.9994497,9.605876e-05,c
test_2907.jpg,0.1466952,0.84417266,0.0026868167,0.0064453376,b
test_2908.jpg,7.4833726e-05,5.828056e-05,0.00010888243,0.99975806,d
test_2909.jpg,3.1185114e-05,0.00015837108,0.0003799125,0.9994305,d
test_2910.jpg,7.481973e-05,5.8269656e-05,0.00029591777,0.999571,d
test_2911.jpg,0.87746084,0.003164618,0.11875141,0.0006231502,a
test_2912.jpg,2.1443499e-05,0.99991095,4.0061725e-05,2.7533999e-05,b
test_2913.jpg,0.00097558857,0.94415057,0.053265333,0.0016084738,b
test_2914.jpg,4.5390207e-05,4.5390207e-05,0.00012338338,0.99978584,d
test_2915.jpg,4.5386572e-05,0.0002034085,0.99970573,4.5386572e-05,c
test_2916.jpg,0.00012328988,0.00055254693,0.00029575708,0.9990283,d
test_2917.jpg,0.0002303042,0.0008038407,0.9988912,7.476884e-05,c
test_2918.jpg,1.4737649e-05,0.99989486,6.6049564e-05,2.4298275e-05,b
test_2919.jpg,0.00015837264,0.9994404,0.0003352749,6.601954e-05,b
test_2920.jpg,0.9998029,8.480151e-05,8.480151e-05,2.7531023e-05,a
test_2921.jpg,0.0011106709,0.03678037,0.0135307405,0.9485782,d
test_2922.jpg,5.1438627e-05,4.5394427e-05,0.99987876,2.4297886e-05,c
test_2923.jpg,0.9997979,9.6092226e-05,7.48367e-05,3.1196578e-05,a
test_2924.jpg,2.1441712e-05,8.4803614e-05,6.604512e-05,0.9998276,d
test_2925.jpg,0.00012334021,0.0002611112,0.9994361,0.00017945895,c
test_2926.jpg,0.00037964684,0.0007092737,0.9987317,0.00017933246,c
test_2927.jpg,0.00013979695,0.00013979695,0.9996804,4.0052488e-05,c
test_2928.jpg,0.0035078642,0.6684806,0.01224365,0.31576788,b
test_2929.jpg,1.891981e-05,0.9996991,0.00023049048,5.1429382e-05,b
test_2930.jpg,0.99845636,0.00091047434,0.00043007763,0.00020315428,a
test_2931.jpg,4.538926e-05,0.999765,0.00015842408,3.1195552e-05,b
test_2932.jpg,8.396927e-06,0.9998553,5.143742e-05,8.480596e-05,b
test_2933.jpg,0.99945873,9.605963e-05,0.0004305094,1.473122e-05,a
test_2934.jpg,1.3005564e-05,0.9998667,7.484186e-05,4.539388e-05,b
test_2935.jpg,7.4106106e-06,0.99990225,6.605005e-05,2.4298455e-05,b
test_2936.jpg,0.00010887581,0.00015841336,0.9996973,3.53468e-05,c
test_2937.jpg,0.02274235,0.96702933,0.0044782343,0.0057501663,b
test_2938.jpg,0.0001794051,0.0006261853,0.99913627,5.824431e-05,c
test_2939.jpg,0.00017938335,0.0006261094,0.9990151,0.00017938335,c
test_2940.jpg,0.00029130696,0.98399645,0.014035955,0.001676356,b
test_2941.jpg,0.0001233112,0.00037982524,0.0002958082,0.999201,d
test_2942.jpg,0.9959843,0.00055086333,0.0002948559,0.00317,a
test_2943.jpg,0.00079956284,0.9935753,0.002462827,0.0031623323,b
test_2944.jpg,0.9996805,0.00020340337,8.4791136e-05,3.1192918e-05,a
test_2945.jpg,0.99881506,0.00037967853,0.000625984,0.00017934742,a
test_2946.jpg,0.0008986665,0.0062379823,0.92579865,0.067064635,c
test_2947.jpg,7.483015e-05,0.00017950818,0.99971026,3.5347257e-05,c
test_2948.jpg,0.00020336607,9.6063326e-05,0.9994972,0.00020336607,c
test_2949.jpg,8.938348e-06,0.99984026,8.4804684e-05,6.6045955e-05,b
test_2950.jpg,0.0003798605,0.00023039703,0.9992937,9.604377e-05,c
test_2951.jpg,0.0008029369,0.0011682662,0.99776804,0.0002606754,c
test_2952.jpg,0.00080383505,0.00020324133,0.000108787244,0.99888414,d
test_2953.jpg,0.99969995,0.00010887609,0.00013979967,5.1429426e-05,a
test_2954.jpg,0.0024595193,0.0045949873,0.9922409,0.0007046641,c
test_2955.jpg,0.9984799,0.001031727,0.00037955114,0.000108743225,a
test_2956.jpg,4.0059935e-05,5.8286867e-05,0.99986625,3.5352772e-05,c
test_2957.jpg,0.99877185,0.0005524051,0.0005524051,0.00012325824,a
test_2958.jpg,0.9985084,0.0005522594,0.0007091151,0.00023021596,a
test_2959.jpg,0.9809399,0.017966542,0.0006147812,0.00047879215,a
test_2960.jpg,0.99879116,0.0002032224,0.000625969,0.00037966945,a
test_2961.jpg,0.0020479057,0.0006245759,0.26822272,0.7291049,d
test_2962.jpg,1.8923376e-05,0.99988747,6.604907e-05,2.7533353e-05,b
test_2963.jpg,0.00013979067,8.478732e-05,0.00013979067,0.9996356,d
test_2964.jpg,3.119572e-05,0.99977034,0.00015842493,4.0056093e-05,b
test_2965.jpg,0.56338245,0.26612303,0.14244539,0.02804916,a
test_2966.jpg,0.00029583677,0.00020332544,0.00020332544,0.9992975,d
test_2967.jpg,4.00531e-05,0.99969566,8.479242e-05,0.00017950554,b
test_2968.jpg,0.0035852778,0.9940982,0.0016935655,0.00062302785,b
test_2969.jpg,0.985472,0.014057003,0.00021344432,0.000257463,a
test_2970.jpg,4.5387675e-05,0.00013980389,8.4795334e-05,0.99973005,d
test_2971.jpg,0.99943024,0.0002304285,0.0002304285,0.000108846725,a
test_2972.jpg,2.4290675e-05,5.8270303e-05,0.00033532243,0.9995821,d
test_2973.jpg,1.8923376e-05,0.99988747,6.604907e-05,2.7533353e-05,b
test_2974.jpg,3.1198717e-05,2.7532771e-05,7.484183e-05,0.99986637,d
test_2975.jpg,0.99971455,0.00012337457,9.608422e-05,6.603765e-05,a
test_2976.jpg,3.5341e-05,0.9995333,0.00037995155,5.142085e-05,b
test_2977.jpg,0.00012336388,0.9996278,0.00020339264,4.5383036e-05,b
test_2978.jpg,0.019313041,0.93055445,0.046329577,0.0038029635,b
test_2979.jpg,0.00055101246,0.0014978071,0.99625385,0.001697238,c
test_2980.jpg,0.99990726,4.006158e-05,3.1199994e-05,2.144342e-05,a
test_2981.jpg,4.5373385e-05,0.9994153,0.00043049068,0.00010884509,b
test_2982.jpg,0.24473749,0.00053536106,0.75384456,0.0008826612,c
test_2983.jpg,2.1441641e-05,4.5391957e-05,0.00010888964,0.99982435,d
test_2984.jpg,0.0013644599,0.9075591,0.051200986,0.039875366,b
test_2985.jpg,0.9995141,0.0002611316,0.00017947295,4.537787e-05,a
test_2986.jpg,0.97200984,0.025903184,0.0018764203,0.00021052852,a
test_2987.jpg,0.0010224627,0.0009023202,0.008560976,0.98951423,d
test_2988.jpg,9.6081596e-05,0.00015841177,0.9996873,5.8276433e-05,c
test_2989.jpg,1.8915898e-05,0.9994923,0.00043052385,5.826507e-05,b
test_2990.jpg,3.1193973e-05,0.00015841605,9.60842e-05,0.9997143,d
test_2991.jpg,0.00010881355,0.0004303659,0.00033516932,0.99912566,d
test_2992.jpg,0.96958363,0.02927889,0.00088414585,0.000253312,a
test_2993.jpg,0.99545765,0.004068208,0.0003784023,9.567508e-05,a
test_2994.jpg,4.5395038e-05,3.1199525e-05,0.99989223,3.1199525e-05,c
test_2995.jpg,0.0011687024,0.00026077274,0.9981406,0.0004299416,c
test_2996.jpg,0.999718,0.00015841665,9.608455e-05,2.7528686e-05,a
test_2997.jpg,0.00020336488,0.99949133,0.00023044259,7.481376e-05,b
test_2998.jpg,1.3006124e-05,0.99990976,5.8289403e-05,1.8923798e-05,b
test_2999.jpg,9.6024996e-05,0.00017939831,0.9990984,0.0006261616,c
test_3000.jpg,0.009683371,0.0021606518,0.00042545758,0.98773056,d
test_3001.jpg,0.9995061,0.00029589853,0.00013977257,5.8265872e-05,a
test_3002.jpg,0.9348305,0.05273953,0.0020449334,0.010385029,a
test_3003.jpg,0.00043010758,0.00033496812,0.9985259,0.0007091275,c
test_3004.jpg,4.005644e-05,9.6090414e-05,8.479949e-05,0.99977905,d
test_3005.jpg,0.00015838565,0.00017947445,0.99952245,0.00013977486,c
test_3006.jpg,1.0129009e-05,0.99989295,5.1439354e-05,4.539507e-05,b
test_3007.jpg,0.9998055,0.00010888759,7.483728e-05,1.0781331e-05,a
test_3008.jpg,2.1442595e-05,5.143811e-05,5.8287013e-05,0.99986875,d
test_3009.jpg,8.47638e-05,0.00026109087,0.00029585476,0.99935824,d
test_3010.jpg,0.00033472074,0.0011682902,0.00070860377,0.9977884,d
test_3011.jpg,1.0129075e-05,0.9998995,6.604987e-05,2.429839e-05,b
test_3012.jpg,0.0016976729,0.99650913,0.0014981909,0.0002950113,b
test_3013.jpg,6.603905e-05,7.483206e-05,0.00012337719,0.9997358,d
test_3014.jpg,0.00022999475,0.00029531913,0.0019257226,0.997549,d
test_3015.jpg,0.00051473826,0.06741741,0.93066865,0.0013992037,c
test_3016.jpg,6.60368e-05,0.00010887629,0.00012337299,0.9997017,d
test_3017.jpg,0.10642051,0.056962796,0.78634715,0.05026949,c
test_3018.jpg,5.8277405e-05,5.8277405e-05,0.00017950704,0.99970394,d
test_3019.jpg,0.00069815974,0.015890041,0.9830821,0.0003297873,c
test_3020.jpg,4.5390512e-05,9.609171e-05,6.60428e-05,0.9997925,d
test_3021.jpg,3.7265302e-06,0.999967,2.14447e-05,7.889064e-06,b
test_3022.jpg,0.00031060106,0.98560333,0.0016790935,0.012406915,b
test_3023.jpg,0.99965644,0.00013979358,0.00015840688,4.5384335e-05,a
test_3024.jpg,0.00020290821,0.0019251396,0.00062500127,0.997247,d
test_3025.jpg,0.027093088,0.61663586,0.064992934,0.29127815,b
test_3026.jpg,6.603534e-05,9.6080854e-05,0.00015841053,0.99967957,d
test_3027.jpg,5.1420648e-05,0.00012335173,0.0002959054,0.99952936,d
test_3028.jpg,1.0128608e-05,0.9998534,0.00010889281,2.7532415e-05,b
test_3029.jpg,1.1478145e-05,0.9999342,3.5355173e-05,1.892426e-05,b
test_3030.jpg,0.00012336024,7.482178e-05,0.00020338666,0.99959844,d
test_3031.jpg,0.99951506,0.00015838447,0.00023044806,9.606504e-05,a
test_3032.jpg,0.00012333393,0.0002304181,0.0002610979,0.9993851,d
test_3033.jpg,0.000186717,0.407214,0.5924929,0.000106388135,c
test_3034.jpg,2.1443026e-05,7.484352e-05,0.9998889,1.4737561e-05,c
test_3035.jpg,0.99971455,0.00012337457,9.608422e-05,6.603765e-05,a
test_3036.jpg,2.753311e-05,0.99987864,7.4842756e-05,1.892321e-05,b
test_3037.jpg,1.3006124e-05,0.99990976,5.8289403e-05,1.8923798e-05,b
test_3038.jpg,9.6096235e-05,2.4296933e-05,0.99983954,4.0058865e-05,c
test_3039.jpg,0.002468679,0.0011661213,0.00042899206,0.99593616,d
test_3040.jpg,8.4801584e-05,6.604354e-05,0.9998037,4.5391018e-05,c
test_3041.jpg,2.753373e-05,0.9999012,4.0061335e-05,3.11998e-05,b
test_3042.jpg,4.8311227e-05,0.00013979318,0.0001584064,0.99965346,d
test_3043.jpg,4.5393474e-05,0.9998578,5.1437546e-05,4.5393474e-05,b
test_3044.jpg,0.004745033,0.0069039823,0.9042433,0.08410773,c
test_3045.jpg,3.1196647e-05,0.9998,0.00012338512,4.539085e-05,b
test_3046.jpg,0.9994529,0.000379921,0.00010884919,5.826277e-05,a
test_3047.jpg,2.4298546e-05,5.828918e-05,0.99990594,1.147782e-05,c
test_3048.jpg,0.00020334615,6.201707e-05,0.9993993,0.0003352611,c
test_3049.jpg,0.99973243,0.000108879634,0.00012337678,3.5348043e-05,a
test_3050.jpg,2.1443126e-05,7.484387e-05,0.99989355,1.0129014e-05,c
test_3051.jpg,0.9956275,0.0021779265,0.00116576,0.0010287795,a
test_3052.jpg,3.5347653e-05,0.00015841718,8.479461e-05,0.99972147,d
test_3053.jpg,0.0011566512,0.008546561,0.002448631,0.98784816,d
test_3054.jpg,0.9995079,0.0002304464,0.00020336824,5.8265978e-05,a
test_3055.jpg,0.99948716,0.00026112457,0.00020336403,4.8303194e-05,a
test_3056.jpg,0.0004874076,0.9985911,0.0006258437,0.00029562766,b
test_3057.jpg,8.474786e-05,0.00070958515,0.9991703,3.5328165e-05,c
test_3058.jpg,0.9998412,8.4804764e-05,5.8285408e-05,1.5687307e-05,a
test_3059.jpg,0.00023047373,8.4786545e-05,0.9996264,5.8272886e-05,c
test_3060.jpg,0.00023006805,0.9978669,0.0016999859,0.00020303435,b
test_3061.jpg,0.00029586474,0.00010884255,0.00020334465,0.9993919,d
test_3062.jpg,0.99912006,0.0004876658,0.00026102865,0.00013125346,a
test_3063.jpg,0.9845428,0.006633797,0.0013062721,0.0075170766,a
test_3064.jpg,0.99459934,0.0052191783,0.0001390864,4.241895e-05,a
test_3065.jpg,8.397582e-06,0.99993324,4.53969e-05,1.3006429e-05,b
test_3066.jpg,0.0001581605,0.001031336,0.00070882624,0.99810165,d
test_3067.jpg,0.99749845,0.0007083979,0.0011679506,0.0006251589,a
test_3068.jpg,0.99902844,0.00048762106,0.000148716,0.0003351367,a
test_3069.jpg,0.00020326054,0.000709449,0.00010879753,0.9989786,d
test_3070.jpg,8.9385585e-06,0.99986374,9.6098556e-05,3.1198633e-05,b
test_3071.jpg,0.0004876164,0.00015830586,0.00033513352,0.9990189,d
test_3072.jpg,0.9994555,0.00029588354,0.0001397655,0.000108849476,a
test_3073.jpg,0.99836177,0.00062569993,0.00091038813,0.00010214271,a
test_3074.jpg,0.00042915982,0.99632555,0.0013219053,0.0019233609,b
test_3075.jpg,0.0007975606,0.99108726,0.007567044,0.0005481549,b
test_3076.jpg,0.00055035215,0.00080075767,0.99506,0.003588747,c
test_3077.jpg,0.0014603878,0.0012887877,0.025885994,0.97136474,d
test_3078.jpg,1.669846e-05,0.999806,0.00015843057,1.8921834e-05,b
test_3079.jpg,9.6091215e-05,5.828227e-05,0.9997874,5.828227e-05,c
test_3080.jpg,1.0129231e-05,0.9999149,5.82897e-05,1.670028e-05,b
test_3081.jpg,0.999263,0.00037984882,0.000261066,9.604082e-05,a
test_3082.jpg,0.02925171,0.00077953166,0.9686836,0.0012852304,c
test_3083.jpg,0.000108869164,0.9996363,0.00020339437,5.1426152e-05,b
test_3084.jpg,8.939026e-06,0.9999161,5.828977e-05,1.6700298e-05,b
test_3085.jpg,1.3005473e-05,0.9998597,9.609817e-05,3.119851e-05,b
test_3086.jpg,0.00026031537,0.0027986546,0.0005510877,0.9963899,d
test_3087.jpg,0.00029568552,0.000487503,0.9987866,0.0004302199,c
test_3088.jpg,0.00023045874,8.478103e-05,0.99956137,0.00012335567,c
test_3089.jpg,0.9980835,0.0011686356,0.00048715982,0.00026075784,a
test_3090.jpg,0.00029585673,0.00023041343,0.00010883961,0.9993649,d
test_3091.jpg,0.00020336837,0.00020336837,0.9995085,8.477654e-05,c
test_3092.jpg,0.00012335603,0.00010886133,0.00020337974,0.99956435,d
test_3093.jpg,2.4298044e-05,6.604893e-05,0.9998853,2.4298044e-05,c
test_3094.jpg,0.00026101756,0.0005525742,0.000108808315,0.99907756,d
test_3095.jpg,0.9973117,0.00033456078,0.0010305198,0.0013232136,a
test_3096.jpg,1.0129121e-05,0.99990404,5.8289068e-05,2.7533808e-05,b
test_3097.jpg,0.9998995,6.604987e-05,2.429839e-05,1.0129075e-05,a
test_3098.jpg,2.1439306e-05,0.9997154,0.00013980184,0.00012337467,b
test_3099.jpg,7.4834e-05,0.0001233804,0.99976176,4.0055747e-05,c
test_3100.jpg,5.1437957e-05,6.604764e-05,0.9998658,1.669946e-05,c
test_3101.jpg,8.4794236e-05,5.827817e-05,0.00013980207,0.99971706,d
test_3102.jpg,0.00042476348,0.32014605,0.0016799723,0.67774916,d
test_3103.jpg,0.00012336414,0.00012336414,0.00012336414,0.99963,d
test_3104.jpg,0.9996244,0.0001397891,0.0001397891,9.607555e-05,a
test_3105.jpg,0.997894,0.00023007429,0.00055191957,0.0013239862,a
test_3106.jpg,0.9998202,9.6094365e-05,6.6044624e-05,1.7775672e-05,a
test_3107.jpg,0.0005451015,0.9855666,0.0124064535,0.0014817395,b
test_3108.jpg,0.0002958927,0.000108852844,0.99948645,0.000108852844,c
test_3109.jpg,0.9845548,0.0008977978,0.012393717,0.0021537049,a
test_3110.jpg,0.00037987344,0.00023040487,6.201263e-05,0.9993278,d
test_3111.jpg,0.9998394,5.1436604e-05,8.480461e-05,2.4296929e-05,a
test_3112.jpg,0.001536129,0.001536129,0.7957345,0.2011932,c
test_3113.jpg,0.9994717,0.00026112053,0.0001583776,0.000108851236,a
test_3114.jpg,0.0021379136,0.013940947,0.97733593,0.0065852376,c
test_3115.jpg,5.143657e-05,5.828527e-05,5.143657e-05,0.9998388,d
test_3116.jpg,1.473624e-05,0.9997993,0.00015842951,2.7530925e-05,b
test_3117.jpg,0.16218324,0.0038141848,0.010368029,0.8236345,d
test_3118.jpg,0.99933225,0.0002610841,0.00020333251,0.00020333251,a
test_3119.jpg,1.8922055e-05,0.99981767,0.00012338729,4.005799e-05,b
test_3120.jpg,0.9990903,0.0005525812,0.00026102088,9.602422e-05,a
test_3121.jpg,0.9994991,0.00023044438,0.00023044438,4.0045226e-05,a
test_3122.jpg,0.99931073,0.0003352314,0.0002958407,5.825448e-05,a
test_3123.jpg,8.4573054e-05,0.99710935,0.0003344929,0.002471587,b
test_3124.jpg,0.00013978354,0.0001794856,0.9995846,9.607173e-05,c
test_3125.jpg,0.91314405,0.0007822301,0.08493563,0.0011381381,a
test_3126.jpg,5.1439503e-05,3.1199634e-05,0.9998958,2.1443175e-05,c
test_3127.jpg,0.0024653347,0.0019200045,0.0010277043,0.99458694,d
test_3128.jpg,8.939059e-06,0.9999198,5.828999e-05,1.3006254e-05,b
test_3129.jpg,0.00013977151,0.00015838185,0.9994985,0.00020336633,c
test_3130.jpg,0.99978644,9.609113e-05,9.609113e-05,2.1440828e-05,a
test_3131.jpg,0.00023028022,0.0005524135,0.0004302201,0.9987871,d
test_3132.jpg,0.00029568435,0.00062596373,0.9987827,0.00029568435,c
test_3133.jpg,3.1198677e-05,0.99986506,8.480679e-05,1.8922952e-05,b
test_3134.jpg,0.0002957807,0.0002610255,0.0003351634,0.999108,d
test_3135.jpg,4.0057643e-05,0.9998091,8.4802035e-05,6.60439e-05,b
test_3136.jpg,0.000108523185,0.00026033356,0.0031715124,0.99645954,d
test_3137.jpg,1.1478008e-05,0.9999223,5.1440864e-05,1.4738053e-05,b
test_3138.jpg,8.473651e-05,0.0008039577,0.99903655,7.477972e-05,c
test_3139.jpg,0.00020340615,0.9996942,7.4828946e-05,2.752803e-05,b
test_3140.jpg,2.7529959e-05,0.99976426,0.00012338071,8.479824e-05,b
test_3141.jpg,0.91394573,0.08501019,0.00083341065,0.0002107192,a
test_3142.jpg,0.0007950986,0.010975998,0.9880278,0.00020103241,c
test_3143.jpg,0.9994492,0.0003799196,7.481061e-05,9.605871e-05,a
test_3144.jpg,0.0019252737,0.00037910888,0.00037910888,0.9973164,d
test_3145.jpg,7.888423e-06,0.9998858,8.480855e-05,2.144296e-05,b
test_3146.jpg,5.1433213e-05,0.00010888411,6.6041546e-05,0.99977356,d
test_3147.jpg,0.00013964939,0.0010318771,0.00020318865,0.9986253,d
test_3148.jpg,1.3005998e-05,0.9999001,5.143972e-05,3.535397e-05,b
test_3149.jpg,2.429732e-05,0.9998555,8.480598e-05,3.5352394e-05,b
test_3150.jpg,0.00013979668,0.00012337013,0.9996786,5.8275928e-05,c
test_3151.jpg,8.478329e-05,0.9995881,0.0002611509,6.602929e-05,b
test_3152.jpg,5.825361e-05,0.9992957,0.00048775153,0.00015834972,b
test_3153.jpg,4.539439e-05,4.539439e-05,0.9998779,3.1199077e-05,c
test_3154.jpg,3.535127e-05,7.4838645e-05,6.6044864e-05,0.99982375,d
test_3155.jpg,0.9867447,0.012421283,0.00035236464,0.00048162544,a
test_3156.jpg,5.4219786e-06,0.9999503,3.5355744e-05,8.939332e-06,b
test_3157.jpg,4.5391826e-05,0.00010888933,0.9998215,2.4296492e-05,c
test_3158.jpg,0.00037784514,0.9939919,0.0010270895,0.0046030963,b
test_3159.jpg,0.9998264,8.4803505e-05,6.604503e-05,2.2824555e-05,a
test_3160.jpg,0.0010288563,0.0008012741,0.99570173,0.002468098,c
test_3161.jpg,0.0031637193,0.994011,0.0019188927,0.0009064207,b
test_3162.jpg,2.1442092e-05,0.9998454,5.8285652e-05,7.484027e-05,b
test_3163.jpg,0.008040039,0.34187114,0.56365025,0.08643857,c
test_3164.jpg,0.0015008142,0.0001792467,0.998254,6.5941174e-05,c
test_3165.jpg,0.9983095,0.0002608169,0.0011689002,0.0002608169,a
test_3166.jpg,0.0001396846,0.0008038294,0.00017935857,0.9988771,d
test_3167.jpg,4.0056584e-05,0.00015842688,0.9997826,1.8921392e-05,c
test_3168.jpg,0.00023038538,0.00043041658,9.603892e-05,0.99924326,d
test_3169.jpg,0.9996995,0.00015841369,0.00010887604,3.3205313e-05,a
test_3170.jpg,2.144349e-05,0.9999105,5.1440256e-05,1.6700205e-05,b
test_3171.jpg,0.0002033175,0.00015834381,0.0003798471,0.99925846,d
test_3172.jpg,0.99937916,0.00037989297,0.00020334206,3.7614496e-05,a
test_3173.jpg,0.9991991,0.0006262247,0.00012331097,5.140366e-05,a
test_3174.jpg,0.99929833,0.0002610752,0.0002610752,0.00017943421,a
test_3175.jpg,0.9129057,0.084913455,0.0017623225,0.0004185883,a
test_3176.jpg,0.999148,0.0005526132,0.00020329501,9.602977e-05,a
test_3177.jpg,9.5509604e-05,0.9937359,0.000259622,0.00590897,b
test_3178.jpg,0.0024694407,0.00090845645,0.000378701,0.9962435,d
test_3179.jpg,4.5367186e-05,0.00012332079,0.0005526854,0.9992787,d
test_3180.jpg,0.9995449,0.00017947849,9.606792e-05,0.00017947849,a
test_3181.jpg,0.9972807,0.0009094023,0.00048676803,0.0013231726,a
test_3182.jpg,0.99760854,0.0009097013,0.0013236075,0.00015808237,a
test_3183.jpg,0.9812289,0.0024322234,0.0004789332,0.015860088,a
test_3184.jpg,0.99983156,6.604538e-05,7.483923e-05,2.7531813e-05,a
test_3185.jpg,6.60443e-05,0.99981517,9.6093885e-05,2.2824299e-05,b
test_3186.jpg,0.00023045237,0.00013977643,0.9995338,9.606684e-05,c
test_3187.jpg,0.9995315,0.00033530546,0.00010885775,2.4289446e-05,a
test_3188.jpg,0.99919957,0.00043039775,0.0001397297,0.00023037531,a
test_3189.jpg,0.0004240152,0.0011525928,0.0140414545,0.984382,d
test_3190.jpg,8.479338e-05,8.479338e-05,0.00012337364,0.9997069,d
test_3191.jpg,8.478514e-05,0.9996099,0.00023046992,7.482263e-05,b
test_3192.jpg,0.99980503,8.480169e-05,7.483724e-05,3.5350608e-05,a
test_3193.jpg,0.86365885,0.13244638,0.0011458857,0.002748837,a
test_3194.jpg,0.00037886095,0.00048646712,0.0024704838,0.9966642,d
test_3195.jpg,0.00010881331,0.00070955185,0.9991234,5.824356e-05,c
test_3196.jpg,0.009574861,0.012294365,0.0014683525,0.9766624,d
test_3197.jpg,4.263728e-05,0.9997185,0.0002034111,3.5347548e-05,b
test_3198.jpg,0.9985274,0.00048737653,0.0009105392,7.474161e-05,a
test_3199.jpg,0.00023039295,0.00033521978,0.9992761,0.00015834661,c
test_3200.jpg,0.00023041636,0.0002958605,0.99937767,9.605184e-05,c
test_3201.jpg,5.8273614e-05,0.00012336524,0.00017949537,0.9996389,d
test_3202.jpg,3.1200256e-05,4.0061917e-05,0.9999157,1.3006202e-05,c
test_3203.jpg,9.60893e-05,0.000108883454,0.9997675,2.7530048e-05,c
test_3204.jpg,2.7532384e-05,3.535228e-05,8.48057e-05,0.9998523,d
test_3205.jpg,0.99975973,0.00010888261,9.608856e-05,3.5349007e-05,a
test_3206.jpg,2.753024e-05,0.00013981009,5.8281512e-05,0.9997744,d
test_3207.jpg,0.99947983,0.00015837888,0.00020336252,0.00015837888,a
test_3208.jpg,4.530408e-05,0.99788874,0.0019263785,0.00013954639,b
test_3209.jpg,6.604315e-05,8.4801075e-05,0.99979776,5.1434457e-05,c
test_3210.jpg,9.6095166e-05,3.5351437e-05,0.99982846,4.005842e-05,c
test_3211.jpg,0.00015837759,0.00010885123,0.0002611205,0.9994716,d
test_3212.jpg,0.5843762,0.012128341,0.40163553,0.0018599415,a
test_3213.jpg,0.9996911,0.00013979845,0.00013979845,2.9303343e-05,a
test_3214.jpg,0.00015839883,0.0001397865,9.607375e-05,0.9996057,d
test_3215.jpg,0.9996433,0.0001584048,7.482514e-05,0.00012336578,a
test_3216.jpg,0.00023047642,9.607687e-05,0.9996381,3.5344707e-05,c
test_3217.jpg,0.0010223398,0.008559947,0.0010223398,0.9893953,d
test_3218.jpg,7.483174e-05,8.479546e-05,0.00010887953,0.9997315,d
test_3219.jpg,0.0039950795,0.07081447,0.8626968,0.06249355,c
test_3220.jpg,0.99175686,0.00054852525,0.007572157,0.00012239252,a
test_3221.jpg,1.4738005e-05,0.99991906,5.1440697e-05,1.4738005e-05,b
test_3222.jpg,0.999521,0.0001794742,0.00020337092,9.606562e-05,a
test_3223.jpg,5.8278303e-05,0.00020341127,0.9997193,1.8920195e-05,c
test_3224.jpg,0.9993598,0.00023041225,0.00023041225,0.00017944524,a
test_3225.jpg,1.1477899e-05,0.99991274,5.1440373e-05,2.429871e-05,b
test_3226.jpg,0.00070926605,0.0004301916,0.99872094,0.00013966278,c
test_3227.jpg,0.547398,0.024050988,0.42631397,0.0022370904,a
test_3228.jpg,7.888392e-06,0.99988186,7.4842996e-05,3.5353325e-05,b
test_3229.jpg,0.00013979434,0.00015840773,0.9996618,4.0051742e-05,c
test_3230.jpg,0.0066815224,0.9916258,0.0013156697,0.0003769457,b
test_3231.jpg,0.0009198972,0.10632567,0.00250054,0.8902539,d
test_3232.jpg,0.0473935,0.0005965961,0.95192397,8.5947824e-05,c
test_3233.jpg,6.60277e-05,0.9995639,0.00010886128,0.0002611446,b
test_3234.jpg,0.99977404,0.00015842551,4.005624e-05,2.7530228e-05,a
test_3235.jpg,0.99952495,0.00029590412,7.0283386e-05,0.000108857035,a
test_3236.jpg,0.00020338931,0.0001397873,4.538229e-05,0.99961144,d
test_3237.jpg,0.9996786,0.00012337013,0.00013979668,5.8275928e-05,a
test_3238.jpg,0.9978598,0.0003793154,0.0015002214,0.0002606994,a
test_3239.jpg,0.0001231513,0.0008030474,0.001168427,0.9979054,d
test_3240.jpg,0.00033364276,0.0046057967,0.00048544738,0.994575,d
test_3241.jpg,0.00010888061,7.4832475e-05,0.9997414,7.4832475e-05,c
test_3242.jpg,0.0016991574,0.99738055,0.00029526927,0.00062508497,b
test_3243.jpg,0.9999099,3.5354315e-05,4.0061685e-05,1.47378705e-05,a
test_3244.jpg,1.8923638e-05,0.9999013,5.828891e-05,2.1443291e-05,b
test_3245.jpg,0.997174,0.0021813095,0.00048671593,0.00015801351,a
test_3246.jpg,0.00040999753,0.04738927,0.95183897,0.00036182156,c
test_3247.jpg,2.1440846e-05,0.9997873,0.00013981189,5.143392e-05,b
test_3248.jpg,0.029236302,0.00047256082,0.9681733,0.0021178706,c
test_3249.jpg,0.00037972786,0.00029573234,0.00037972786,0.9989448,d
test_3250.jpg,7.483468e-05,5.8281305e-05,9.608963e-05,0.9997708,d
test_3251.jpg,0.002171261,0.002460361,0.0027879544,0.9925804,d
test_3252.jpg,0.9998945,4.5395143e-05,4.5395143e-05,1.4737643e-05,a
test_3253.jpg,0.0001794906,0.00012336197,0.9996124,8.478535e-05,c
test_3254.jpg,7.479271e-05,0.00033519766,0.00037982874,0.9992101,d
test_3255.jpg,9.601905e-05,0.00037976273,0.00048762502,0.99903655,d
test_3256.jpg,0.000108857515,0.0002033726,0.99952936,0.00015838674,c
test_3257.jpg,0.9539259,0.04191258,0.003440394,0.00072114577,a
test_3258.jpg,0.9998215,7.483847e-05,5.8284255e-05,4.5391826e-05,a
test_3259.jpg,0.98349357,0.0035470317,0.012380357,0.000579037,a
test_3260.jpg,1.1477436e-05,0.99987245,8.480741e-05,3.1198906e-05,b
test_3261.jpg,0.99975497,9.60881e-05,0.000108882086,4.0055475e-05,a
test_3262.jpg,0.99557906,0.0016960884,0.0016960884,0.0010287295,a
test_3263.jpg,0.26431605,0.0022867818,0.01491169,0.7184855,d
test_3264.jpg,0.00013976856,0.00017946637,0.00020336204,0.99947745,d
test_3265.jpg,0.046632044,0.003378014,0.93662965,0.013360304,c
test_3266.jpg,0.000108882086,9.60881e-05,0.99975497,4.0055475e-05,c
test_3267.jpg,0.05304633,0.0023306932,0.9402687,0.0043543084,c
test_3268.jpg,0.99969566,0.00017950554,8.479242e-05,4.00531e-05,a
test_3269.jpg,3.5351783e-05,5.1436542e-05,7.483973e-05,0.99983823,d
test_3270.jpg,4.0053037e-05,0.9996941,0.00023048933,3.5346686e-05,b
test_3271.jpg,0.9999132,3.120018e-05,3.120018e-05,2.4298723e-05,a
test_3272.jpg,0.00026107585,5.82539e-05,0.9993007,0.00037986317,c
test_3273.jpg,0.99951553,0.0003353001,0.00012335001,2.5855568e-05,a
test_3274.jpg,3.7624148e-05,0.9996356,0.00020339423,0.00012336484,b
test_3275.jpg,0.0075716493,0.9916904,0.00054848846,0.00018955253,b
test_3276.jpg,0.15148939,0.15148939,0.6789284,0.018092828,c
test_3277.jpg,0.90662014,0.057958286,0.0188163,0.016605327,a
test_3278.jpg,0.00010888411,5.1433213e-05,0.99977356,6.6041546e-05,c
test_3279.jpg,0.9977895,0.0003347211,0.0013238476,0.00055186177,a
test_3280.jpg,9.6090414e-05,8.479949e-05,0.99977905,4.005644e-05,c
test_3281.jpg,0.99838567,0.0010316295,0.00037951532,0.0002031399,a
test_3282.jpg,0.999471,0.00015837749,0.00033528515,3.53388e-05,a
test_3283.jpg,4.5395514e-05,2.4298468e-05,0.9999027,2.7533773e-05,c
test_3284.jpg,0.0001791863,0.00020304469,0.0017000725,0.9979177,d
test_3285.jpg,9.605545e-05,0.00010884509,0.9994153,0.0003799067,c
test_3286.jpg,4.7848926e-06,0.9999529,3.5355835e-05,6.961977e-06,b
test_3287.jpg,1.4738067e-05,0.9999232,4.5396446e-05,1.6700418e-05,b
test_3288.jpg,0.00037984387,0.00013973676,0.00023038694,0.99925,d
test_3289.jpg,0.9997241,6.603828e-05,0.0001584176,5.143067e-05,a
test_3290.jpg,9.605677e-05,0.00013976177,0.9994289,0.00033527106,c
test_3291.jpg,0.95516425,0.013624686,0.028843462,0.0023676157,a
test_3292.jpg,0.0096853115,0.0009008742,0.0014852905,0.98792857,d
test_3293.jpg,0.9997379,0.00015841979,4.538803e-05,5.8279387e-05,a
test_3294.jpg,7.477361e-05,0.0007094322,0.0002609855,0.9989549,d
test_3295.jpg,7.482885e-05,0.00010887533,0.00012337191,0.9996929,d
test_3296.jpg,8.4796855e-05,0.00010888132,5.827997e-05,0.99974793,d
test_3297.jpg,0.00048553868,0.0035876725,0.0011647466,0.9947621,d
test_3298.jpg,0.00012334464,0.000108851265,0.99947196,0.00029588843,c
test_3299.jpg,0.99907327,0.0002957704,0.00033515174,0.0002957704,a
test_3300.jpg,6.6033535e-05,0.00012336689,0.00015840621,0.99965227,d
test_3301.jpg,1.3006292e-05,0.99992263,4.539642e-05,1.8924042e-05,b
test_3302.jpg,1.8923769e-05,2.144344e-05,5.144014e-05,0.9999082,d
test_3303.jpg,0.99973387,0.00013980443,7.4831914e-05,5.1431172e-05,a
test_3304.jpg,0.000108870045,0.00012336591,0.9996444,0.00012336591,c
test_3305.jpg,0.00012336212,0.00013978759,0.9996136,0.00012336212,c
test_3306.jpg,0.99990845,3.5354264e-05,4.5395776e-05,1.0782442e-05,a
test_3307.jpg,7.482392e-05,0.00015840221,0.00013978948,0.999627,d
test_3308.jpg,0.00521398,0.9936087,0.00079958973,0.00037769944,b
test_3309.jpg,0.00015838446,0.00020336968,0.99951494,0.00012334994,c
test_3310.jpg,0.008537371,0.001904945,0.0027716788,0.98678595,d
test_3311.jpg,0.0035863607,0.9943984,0.0019196406,9.5573276e-05,b
test_3312.jpg,0.0007091272,0.00062580255,0.99852556,0.00013963545,c
test_3313.jpg,0.9998815,5.8287755e-05,4.0060546e-05,2.014371e-05,a
test_3314.jpg,0.00012333297,0.0002033417,0.00029586043,0.9993774,d
test_3315.jpg,6.604289e-05,0.00012338436,0.99979395,1.6698259e-05,c
test_3316.jpg,0.00062066567,0.007561256,0.0014888997,0.99032915,d
test_3317.jpg,0.18100159,0.0070181927,0.8111928,0.0007874194,c
test_3318.jpg,0.99976367,0.00012338064,7.030017e-05,4.2639203e-05,a
test_3319.jpg,0.00010885995,0.00010885995,0.00023045651,0.9995517,d
test_3320.jpg,0.082510956,0.026787387,0.88707644,0.0036252786,c
test_3321.jpg,0.012866826,0.9020341,0.08390224,0.0011968012,b
test_3322.jpg,0.0004872858,0.00026082527,0.99834156,0.0009103697,c
test_3323.jpg,0.7966076,0.20141394,0.0015378145,0.00044059122,a
test_3324.jpg,0.0001233527,0.00010885839,0.99953735,0.00023045318,c
test_3325.jpg,0.00015840062,8.4785745e-05,0.999617,0.00013978808,c
test_3326.jpg,7.888696e-06,0.99992037,6.6051245e-05,5.7714933e-06,b
test_3327.jpg,0.049817227,0.8830314,0.06396659,0.0031847088,b
test_3328.jpg,0.0031172265,0.97940344,0.0065991683,0.01088019,b
test_3329.jpg,0.0021788084,0.001166232,0.99603075,0.00062423904,c
test_3330.jpg,4.0061863e-05,3.5354475e-05,0.9999144,1.0129226e-05,c
test_3331.jpg,5.142804e-05,0.00017950148,9.608022e-05,0.999673,d
test_3332.jpg,0.9966389,0.0008020282,0.0003788513,0.0021801388,a
test_3333.jpg,4.5394434e-05,5.143863e-05,0.9998789,2.4297888e-05,c
test_3334.jpg,5.1427833e-05,0.00013979535,0.00013979535,0.99966896,d
test_3335.jpg,8.938748e-06,0.99988496,7.484323e-05,3.1199295e-05,b
test_3336.jpg,0.00037738294,0.0066892724,0.99277604,0.0001573166,c
test_3337.jpg,0.009308368,0.94947934,0.036815308,0.004396962,b
test_3338.jpg,0.0004304094,0.000203311,0.99922657,0.00013973347,c
test_3339.jpg,0.99929464,0.00023039724,0.000335226,0.000139743,a
test_3340.jpg,0.0066072755,0.117116764,0.8653824,0.010893556,c
test_3341.jpg,0.9996008,0.00023046782,0.00012336054,4.5381807e-05,a
test_3342.jpg,0.0003343595,0.9967116,0.0010298997,0.001924106,b
test_3343.jpg,4.539055e-05,0.99979335,0.00013981274,2.1440976e-05,b
test_3344.jpg,0.99968445,0.00017950354,9.608133e-05,4.005265e-05,a
test_3345.jpg,0.0021809023,0.0007080353,0.996988,0.00012303809,c
test_3346.jpg,8.478714e-05,0.00015840323,0.00012336456,0.99963343,d
test_3347.jpg,2.1441523e-05,8.4802865e-05,7.483827e-05,0.99981886,d
test_3348.jpg,5.828522e-05,5.828522e-05,4.539258e-05,0.999838,d
test_3349.jpg,0.00043039324,8.474945e-05,0.9991891,0.00029580467,c
test_3350.jpg,0.0003350527,0.99877805,0.0006259608,0.0002609393,b
test_3351.jpg,0.00029588182,9.605876e-05,0.9994497,0.00015837411,c
test_3352.jpg,0.9998091,6.60439e-05,8.4802035e-05,4.0057643e-05,a
test_3353.jpg,2.1442154e-05,0.99984825,0.00010889225,2.1442154e-05,b
test_3354.jpg,0.9986559,0.00091065635,0.00023024998,0.0002031949,a
test_3355.jpg,0.001167317,0.9969574,0.0007080136,0.001167317,b
test_3356.jpg,0.0001583994,0.00010886622,0.00012336158,0.9996093,d
test_3357.jpg,0.9999025,3.5354053e-05,4.5395504e-05,1.6700073e-05,a
test_3358.jpg,0.00033524443,0.00023040989,0.99934953,8.476306e-05,c
test_3359.jpg,0.9996754,0.0001795019,7.4827534e-05,7.0293965e-05,a
test_3360.jpg,0.0004864146,0.99655664,0.0027991226,0.00015791568,b
test_3361.jpg,6.602145e-05,0.00037992725,0.99946934,8.477322e-05,c
test_3362.jpg,3.7264742e-06,0.99995196,3.5355803e-05,8.939347e-06,b
test_3363.jpg,0.99977773,7.4835196e-05,9.609029e-05,5.1433428e-05,a
test_3364.jpg,6.1435835e-06,0.9998976,7.4844174e-05,2.1443213e-05,b
test_3365.jpg,7.482858e-05,0.99968934,0.00013979818,9.608179e-05,b
test_3366.jpg,0.0022504665,0.005398588,0.08444812,0.9079029,d
test_3367.jpg,3.53521e-05,6.6046414e-05,5.1437e-05,0.9998472,d
test_3368.jpg,0.00015838446,0.00012334994,0.00020336968,0.99951494,d
test_3369.jpg,7.4790136e-05,0.00012330808,0.00062621007,0.9991757,d
test_3370.jpg,1.4736904e-05,6.6046225e-05,7.484019e-05,0.9998443,d
test_3371.jpg,0.9991211,0.0003797949,0.00029578456,0.00020328954,a
test_3372.jpg,1.6700133e-05,0.99990606,5.8289188e-05,1.8923729e-05,b
test_3373.jpg,4.539168e-05,0.99981827,0.00010888898,2.7531445e-05,b
test_3374.jpg,0.9997564,7.48336e-05,0.00012337974,4.538887e-05,a
test_3375.jpg,4.0060666e-05,3.5353416e-05,4.0060666e-05,0.9998845,d
test_3376.jpg,0.00062523154,0.00026063528,0.9976144,0.0014998525,c
test_3377.jpg,1.8920264e-05,0.999723,0.000230496,2.7528824e-05,b
test_3378.jpg,4.0059378e-05,0.9998523,8.48057e-05,2.2825148e-05,b
test_3379.jpg,2.4297005e-05,0.9998425,0.000108891625,2.4297005e-05,b
test_3380.jpg,0.00020335661,0.00026111503,0.99945074,8.4771644e-05,c
test_3381.jpg,0.999706,0.00010887675,0.00013980053,4.5386583e-05,a
test_3382.jpg,3.535482e-05,2.1443782e-05,0.9999242,1.892407e-05,c
test_3383.jpg,0.9995264,0.00023045066,0.00015838626,8.477806e-05,a
test_3384.jpg,0.0008618151,0.16423288,0.0008618151,0.83404344,d
test_3385.jpg,0.00026070036,0.0013239457,0.0005519027,0.9978635,d
test_3386.jpg,0.00055217627,0.00017926538,0.9983581,0.00091038476,c
test_3387.jpg,0.00013976348,0.9994411,0.0002958793,0.00012334083,b
test_3388.jpg,0.9994143,0.00037990633,0.00013975974,6.601782e-05,a
test_3389.jpg,7.483698e-05,9.609258e-05,0.9998016,2.7530987e-05,c
test_3390.jpg,0.9997563,9.608823e-05,0.00012337972,2.4294908e-05,a
test_3391.jpg,0.9978065,0.00017916634,0.00031444672,0.001699883,a
test_3392.jpg,0.003074915,0.0050696773,0.9661095,0.025745945,c
test_3393.jpg,5.0931144e-06,0.9998789,8.480796e-05,3.1199106e-05,b
test_3394.jpg,8.479358e-05,6.6037304e-05,0.9997093,0.00013980099,c
test_3395.jpg,1.8923929e-05,0.9999167,5.1440576e-05,1.30062135e-05,b
test_3396.jpg,4.5389927e-05,0.00010888477,6.604195e-05,0.99977964,d
test_3397.jpg,4.5389916e-05,0.9997794,0.00013981079,3.53497e-05,b
test_3398.jpg,3.119696e-05,0.99981004,0.00012338636,3.5350786e-05,b
test_3399.jpg,0.00023040989,0.00033524443,0.99934953,8.476306e-05,c
test_3400.jpg,0.0030666783,0.032969896,0.9635216,0.00044179687,c
test_3401.jpg,0.00017950256,0.99967897,9.6080796e-05,4.5385357e-05,b
test_3402.jpg,1.0129208e-05,0.9999126,5.828957e-05,1.8923853e-05,b
test_3403.jpg,0.99868196,0.00033502048,0.00080367236,0.00017932353,a
test_3404.jpg,0.1479587,0.8514436,0.00047092015,0.00012674644,b
test_3405.jpg,2.4295827e-05,0.00012338438,5.8282658e-05,0.99979407,d
test_3406.jpg,0.00015837386,0.0003352775,0.9994481,5.8262493e-05,c
test_3407.jpg,8.478455e-05,0.00010886553,0.00020338758,0.999603,d
test_3408.jpg,3.1200772e-05,2.7534586e-05,0.9999323,8.939171e-06,c
test_3409.jpg,0.001285562,0.0039598094,0.9689334,0.025821202,c
test_3410.jpg,0.00010877834,0.0007093238,0.0003796737,0.9988023,d
test_3411.jpg,0.99910456,0.0006261655,0.00020328618,6.599736e-05,a
test_3412.jpg,0.00010888671,5.828285e-05,0.9997974,3.535034e-05,c
test_3413.jpg,1.1477388e-05,0.9998683,7.484198e-05,4.539395e-05,b
test_3414.jpg,0.00012273547,0.005218845,0.00012273547,0.9945358,d
test_3415.jpg,0.0013229732,0.0011675196,0.99713045,0.00037903816,c
test_3416.jpg,0.9996332,0.0002304753,7.0291e-05,6.603228e-05,a
test_3417.jpg,0.9998103,7.483763e-05,7.483763e-05,4.005769e-05,a
test_3418.jpg,7.482761e-05,0.00020340251,0.99967635,4.5385237e-05,c
test_3419.jpg,0.00013903272,0.0052171643,0.99421555,0.00042825093,c
test_3420.jpg,4.0060022e-05,7.4841984e-05,0.9998684,1.6699503e-05,c
test_3421.jpg,7.484032e-05,5.1436946e-05,2.7532215e-05,0.9998461,d
test_3422.jpg,0.9994155,0.0002304251,0.0002958717,5.826059e-05,a
test_3423.jpg,0.00020305607,0.0017001678,0.9979736,0.00012315973,c
test_3424.jpg,0.99984956,9.6097196e-05,3.5352183e-05,1.892266e-05,a
test_3425.jpg,2.7529117e-05,0.9997336,0.00020341418,3.5348083e-05,b
test_3426.jpg,5.4220072e-06,0.99995553,3.12015e-05,7.888973e-06,b
test_3427.jpg,0.00091001263,0.00091001263,0.99795,0.00023008721,c
test_3428.jpg,6.60368e-05,0.00010887629,0.00012337299,0.9997017,d
test_3429.jpg,0.99979275,0.000108886205,5.828258e-05,4.0056988e-05,a
test_3430.jpg,0.9998124,5.8283727e-05,9.609362e-05,3.3209064e-05,a
test_3431.jpg,1.012904e-05,0.99989605,7.484406e-05,1.892354e-05,b
test_3432.jpg,0.00020338845,0.00012336133,0.99960726,6.603056e-05,c
test_3433.jpg,0.9993643,0.00043046873,0.00017944605,2.5851657e-05,a
test_3434.jpg,3.119926e-05,0.9998838,6.604883e-05,1.8923307e-05,b
test_3435.jpg,1.8923514e-05,7.4843956e-05,0.99989474,1.1477692e-05,c
test_3436.jpg,7.484113e-05,5.1437502e-05,0.99985695,1.6699312e-05,c
test_3437.jpg,0.0021427919,0.9795659,0.017941376,0.00034980112,b
test_3438.jpg,0.9987255,0.00070926925,0.00033503506,0.00023026601,a
test_3439.jpg,5.824431e-05,0.99913627,0.000709561,9.6028634e-05,b
test_3440.jpg,0.9998184,7.483824e-05,9.60942e-05,1.0781469e-05,a
test_3441.jpg,0.0014959363,0.001028141,0.99500954,0.0024663822,c
test_3442.jpg,0.8827348,0.008654027,0.10542763,0.0031836387,a
test_3443.jpg,1.6700506e-05,0.9999285,4.0062427e-05,1.4738144e-05,b
test_3444.jpg,1.4738214e-05,0.99993324,3.535514e-05,1.6700586e-05,b
test_3445.jpg,0.99842465,0.00020314784,0.00020314784,0.001169035,a
test_3446.jpg,4.538887e-05,7.48336e-05,0.00012337974,0.9997564,d
test_3447.jpg,0.0001088328,0.9993024,0.00043044204,0.00015835078,b
test_3448.jpg,3.5346497e-05,0.99968874,0.00023048809,4.5385797e-05,b
test_3449.jpg,0.99980706,7.483739e-05,8.480187e-05,3.3208886e-05,a
test_3450.jpg,6.603905e-05,0.00012337719,7.483206e-05,0.9997358,d
test_3451.jpg,3.11998e-05,4.0061335e-05,0.9999012,2.753373e-05,c
test_3452.jpg,0.99919564,0.00015833386,0.00048770267,0.00015833386,a
test_3453.jpg,0.9982516,0.00048724192,0.00055211736,0.00070893276,a
test_3454.jpg,2.144024e-05,0.999759,0.00017951692,4.005564e-05,b
test_3455.jpg,0.9996667,0.0001584085,6.603449e-05,0.000108872475,a
test_3456.jpg,4.0052393e-05,0.999678,0.00023048562,5.14283e-05,b
test_3457.jpg,3.119696e-05,0.99981004,0.00012338636,3.5350786e-05,b
test_3458.jpg,0.9996762,0.00017950207,0.00010887351,3.5346053e-05,a
test_3459.jpg,1.8923414e-05,5.1439176e-05,4.0060866e-05,0.9998895,d
test_3460.jpg,5.4219845e-06,0.99995136,3.535578e-05,7.888941e-06,b
test_3461.jpg,0.0004874643,0.00062591647,0.00017932808,0.9987073,d
test_3462.jpg,1.4738182e-05,0.999931,3.535506e-05,1.89242e-05,b
test_3463.jpg,0.0531572,0.0038506945,0.94223386,0.0007582467,c
test_3464.jpg,0.00020290609,0.0021814462,0.0003790785,0.9972365,d
test_3465.jpg,3.5350786e-05,0.99981004,0.00012338636,3.119696e-05,b
test_3466.jpg,0.005181954,0.98750556,0.00665376,0.0006588115,b
test_3467.jpg,0.9993766,0.00033525348,0.00020334152,8.476535e-05,a
test_3468.jpg,0.99333113,0.004600036,0.0009058008,0.0011630711,a
test_3469.jpg,6.60465e-05,4.539305e-05,0.9998485,4.0059225e-05,c
test_3470.jpg,0.9993241,0.00033523588,0.00026108194,7.96255e-05,a
test_3471.jpg,7.888754e-06,0.99992776,4.5396653e-05,1.8924138e-05,b
test_3472.jpg,6.604218e-05,6.604218e-05,8.479983e-05,0.9997831,d
test_3473.jpg,2.4296836e-05,0.9998356,0.000108890876,3.1197756e-05,b
test_3474.jpg,5.1439416e-05,4.5395125e-05,0.99989414,8.93883e-06,c
test_3475.jpg,0.0013097,0.5283707,0.46628547,0.0040341597,b
test_3476.jpg,0.00070821506,0.0005515584,0.997241,0.0014992912,c
test_3477.jpg,0.00043007763,0.00091047434,0.99845636,0.00020315428,c
test_3478.jpg,8.4796855e-05,0.00010888132,5.827997e-05,0.99974793,d
test_3479.jpg,0.9987305,0.00017933224,0.0010319859,5.8220656e-05,a
test_3480.jpg,0.9994265,0.00037991095,8.4769585e-05,0.00010884631,a
test_3481.jpg,3.5354173e-05,2.7533857e-05,0.9999058,3.1199947e-05,c
test_3482.jpg,0.00029585714,0.00017944642,0.00015836091,0.99936634,d
test_3483.jpg,6.604019e-05,8.4797284e-05,9.608792e-05,0.99975306,d
test_3484.jpg,9.6089134e-05,0.9997657,0.00010888326,2.930553e-05,b
test_3485.jpg,0.00013977842,0.00010885954,0.00020337639,0.9995479,d
test_3486.jpg,0.00012337886,9.608756e-05,0.99974936,3.1195064e-05,c
test_3487.jpg,0.00033435132,0.99668723,0.0027994895,0.00017896536,b
test_3488.jpg,0.9970709,0.002471492,0.00033448002,0.00012304833,a
test_3489.jpg,0.99977595,7.4835065e-05,0.00012338215,2.5862306e-05,a
test_3490.jpg,5.1436247e-05,0.9998325,8.480403e-05,3.1197662e-05,b
test_3491.jpg,0.9999256,3.535487e-05,2.7534403e-05,1.1478046e-05,a
test_3492.jpg,0.00017945263,0.00026110205,0.0001583664,0.999401,d
test_3493.jpg,0.0002033828,0.9995795,0.00017948469,3.7622034e-05,b
test_3494.jpg,0.9996666,0.00010887246,0.00013979501,8.478995e-05,a
test_3495.jpg,0.99974245,7.4832555e-05,0.0001584205,2.4294572e-05,a
test_3496.jpg,3.120058e-05,3.120058e-05,0.9999261,1.1478051e-05,c
test_3497.jpg,0.000108840046,0.00026109366,0.00026109366,0.99936897,d
test_3498.jpg,0.00012332584,0.0002610808,0.00029584335,0.9993197,d
test_3499.jpg,0.00029555272,0.00033490508,0.998338,0.0010315803,c
test_3500.jpg,1.4737561e-05,0.9998889,7.484352e-05,2.1443026e-05,b
test_3501.jpg,0.9998542,5.8286165e-05,6.604688e-05,2.1442282e-05,a
test_3502.jpg,0.00020335826,0.00015837557,0.00017946304,0.99945885,d
test_3503.jpg,6.6046225e-05,0.9998443,7.484019e-05,1.4736904e-05,b
test_3504.jpg,2.4297005e-05,0.9998425,5.8285485e-05,7.484005e-05,b
test_3505.jpg,0.0021452769,0.0013011761,0.980702,0.01585157,c
test_3506.jpg,5.1438903e-05,4.539467e-05,0.9998841,1.8923314e-05,c
test_3507.jpg,9.608177e-05,0.00020340511,0.9996891,1.1475331e-05,c
test_3508.jpg,0.99952936,0.00015838674,0.0002033726,0.000108857515,a
test_3509.jpg,0.9991161,0.00055259553,0.00026102763,7.025464e-05,a
test_3510.jpg,0.85380906,0.013800537,0.13093586,0.0014545661,a
test_3511.jpg,0.00013971973,0.0005526022,0.00017940367,0.9991283,d
test_3512.jpg,0.008108878,0.23697613,0.72993785,0.0249771,c
test_3513.jpg,3.7616886e-05,0.99944264,0.0001397637,0.0003799171,b
test_3514.jpg,0.0035917822,0.99590164,0.0002769685,0.00022961495,b
test_3515.jpg,0.000108849476,0.00029588354,0.9994555,0.0001397655,c
test_3516.jpg,1.3005619e-05,0.9998709,8.480728e-05,3.119886e-05,b
test_3517.jpg,0.00012335312,0.00026113857,0.9995408,7.4817464e-05,c
test_3518.jpg,0.00013980146,9.608404e-05,0.99971265,5.143008e-05,c
test_3519.jpg,0.9997291,5.1430925e-05,0.00012337638,9.608562e-05,a
test_3520.jpg,0.99979395,0.00010888633,6.604289e-05,3.1196458e-05,a
test_3521.jpg,0.21851873,0.017937109,0.76270527,0.0008389297,c
test_3522.jpg,0.99870086,0.00037963514,0.00080368755,0.000115782175,a
test_3523.jpg,0.00012337691,0.9997335,8.479563e-05,5.827913e-05,b
test_3524.jpg,0.99945706,0.0002611167,0.00023043469,5.141693e-05,a
test_3525.jpg,5.8281053e-05,0.00013980898,0.9997665,3.5349247e-05,c
test_3526.jpg,5.1430223e-05,0.00015841622,7.483053e-05,0.9997154,d
test_3527.jpg,8.476697e-05,0.00013975712,0.00037989923,0.9993956,d
test_3528.jpg,0.00013961963,0.9984125,0.0013246741,0.00012321389,b
test_3529.jpg,0.00015840062,8.4785745e-05,0.00013978808,0.999617,d
test_3530.jpg,0.99973446,0.00012337703,0.00010887985,3.3206477e-05,a
test_3531.jpg,5.828631e-05,6.604704e-05,0.9998567,1.8922794e-05,c
test_3532.jpg,1.8923894e-05,0.9999149,5.82897e-05,7.888653e-06,b
test_3533.jpg,0.9987569,0.00048748852,0.0005523968,0.00020321543,a
test_3534.jpg,7.4830525e-05,0.00015841621,0.99971527,5.1430216e-05,c
test_3535.jpg,0.0007091275,0.00043010758,0.9985259,0.00033496812,c
test_3536.jpg,0.99488914,0.0024660837,0.0024660837,0.0001786425,a
test_3537.jpg,0.9944161,0.0046050604,0.0008002395,0.00017855756,a
test_3538.jpg,0.004315381,0.72573555,0.2669832,0.0029659152,b
test_3539.jpg,1.01293e-05,0.9999217,5.1440835e-05,1.6700393e-05,b
test_3540.jpg,1.3006668e-05,0.9999516,2.7535118e-05,7.8889425e-06,b
test_3541.jpg,3.5341214e-05,0.9995394,0.00037995385,4.5379016e-05,b
test_3542.jpg,3.119261e-05,0.9996706,0.00013979558,0.00015840912,b
test_3543.jpg,0.0006260832,0.0002609903,0.99897325,0.00013969805,c
test_3544.jpg,0.00043045,0.00020333019,0.99932086,4.53691e-05,c
test_3545.jpg,4.0053146e-05,0.00013979925,0.00012337239,0.99969685,d
test_3546.jpg,5.8262776e-05,0.999453,0.00043050692,5.8262776e-05,b
test_3547.jpg,0.8109023,0.0011452782,0.0070156795,0.18093675,a
test_3548.jpg,0.9990362,0.0006261226,0.00015830858,0.00017938713,a
test_3549.jpg,0.21874972,0.001892556,0.015846176,0.76351154,d
test_3550.jpg,0.9992631,0.00026106602,9.604083e-05,0.00037984885,a
test_3551.jpg,0.99328303,0.0007993277,0.00070540415,0.005212271,a
test_3552.jpg,8.480269e-05,5.8283986e-05,0.99981683,4.0057956e-05,c
test_3553.jpg,0.9962042,0.0021791877,0.00029492102,0.0013217442,a
test_3554.jpg,1.669906e-05,0.9998418,9.609645e-05,4.539275e-05,b
test_3555.jpg,5.8271573e-05,0.00015839856,0.00017948907,0.9996039,d
test_3556.jpg,0.9995403,0.00037995423,5.8267866e-05,2.143555e-05,a
test_3557.jpg,9.607104e-05,9.607104e-05,0.00023046244,0.99957746,d
test_3558.jpg,0.05254272,0.0080576865,0.93134195,0.0080576865,c
test_3559.jpg,7.888881e-06,0.99994373,3.535551e-05,1.30065655e-05,b
test_3560.jpg,0.77406865,0.22177438,0.002463691,0.0016932683,a
test_3561.jpg,3.5351808e-05,0.00010889124,0.99983895,1.669901e-05,c
test_3562.jpg,9.609602e-05,3.535175e-05,3.119781e-05,0.9998373,d
test_3563.jpg,1.1477695e-05,0.999895,6.604957e-05,2.7533559e-05,b
test_3564.jpg,0.000427778,0.0005492778,0.005905293,0.9931176,d
test_3565.jpg,0.00054894935,0.0059017614,0.0010255724,0.9925237,d
test_3566.jpg,0.00037765928,0.99350303,0.0009059575,0.0052134255,b
test_3567.jpg,3.5352772e-05,4.0059935e-05,5.8286867e-05,0.99986625,d
test_3568.jpg,0.9997168,0.00017950936,5.8278158e-05,4.5387074e-05,a
test_3569.jpg,1.6699765e-05,0.9998841,7.484316e-05,2.4298015e-05,b
test_3570.jpg,2.4296301e-05,6.6044195e-05,9.609374e-05,0.9998136,d
test_3571.jpg,1.8921744e-05,0.9998012,0.00013981384,4.005733e-05,b
test_3572.jpg,0.0008036009,0.99859315,0.0004874086,0.00011576969,b
test_3573.jpg,7.483206e-05,6.603905e-05,0.00012337719,0.9997358,d
test_3574.jpg,0.0069073415,0.016569851,0.1781427,0.79838014,d
test_3575.jpg,0.001921489,0.99535596,0.001921489,0.0008009958,b
test_3576.jpg,0.05932894,0.010309825,0.0023004329,0.9280608,d
test_3577.jpg,8.4661224e-05,0.9981489,0.0017004664,6.5934226e-05,b
test_3578.jpg,0.9995308,0.00023045168,0.0002033729,3.5340912e-05,a
test_3579.jpg,0.9977526,0.00037927466,0.0016997913,0.00016830211,a
test_3580.jpg,0.00023016961,0.0009103385,0.99830735,0.0005521482,c
test_3581.jpg,0.0002958985,0.00012334884,0.999506,7.481486e-05,c
test_3582.jpg,0.00013971973,0.0005526022,0.00017940367,0.9991283,d
test_3583.jpg,3.1195916e-05,9.609019e-05,9.609019e-05,0.99977666,d
test_3584.jpg,0.99689674,0.00042940583,0.00247106,0.00020283696,a
test_3585.jpg,7.4790136e-05,0.9991757,0.00062621007,0.00012330808,b
test_3586.jpg,0.047298353,0.0014282865,0.0012604585,0.95001286,d
test_3587.jpg,3.5349756e-05,0.99978095,0.00010888492,7.4835436e-05,b
test_3588.jpg,3.5353456e-05,6.6048946e-05,0.99988556,1.3005809e-05,c
test_3589.jpg,0.00022992677,0.9972541,0.00033454146,0.0021814844,b
test_3590.jpg,0.99943024,0.000108846725,0.0002304285,0.0002304285,a
test_3591.jpg,5.1431172e-05,0.99973387,0.00013980443,7.4831914e-05,b
test_3592.jpg,6.604313e-05,0.00010888672,0.9997975,2.7530876e-05,c
test_3593.jpg,0.00012335289,0.9995389,0.0001794774,0.00015838825,b
test_3594.jpg,1.6698934e-05,0.9998343,0.00010889073,4.0058654e-05,b
test_3595.jpg,1.6698317e-05,0.9997974,0.00015842922,2.7530872e-05,b
test_3596.jpg,1.7776723e-05,0.99987924,5.1438652e-05,5.1438652e-05,b
test_3597.jpg,6.60465e-05,4.0059225e-05,0.9998485,4.539305e-05,c
test_3598.jpg,0.00020339296,0.000108868415,0.9996294,5.8273057e-05,c
test_3599.jpg,0.00023022234,0.00043011198,0.00080355495,0.9985361,d
test_3600.jpg,2.1443073e-05,0.99989104,6.604931e-05,2.1443073e-05,b
test_3601.jpg,0.00029584745,0.00029584745,0.99933356,7.480195e-05,c
test_3602.jpg,0.00080373744,0.00023027461,0.00020321665,0.99876285,d
test_3603.jpg,0.9993149,0.00037986855,0.0002304019,7.4800555e-05,a
test_3604.jpg,8.4785745e-05,0.00013978808,0.00015840062,0.999617,d
test_3605.jpg,4.5391072e-05,7.483723e-05,7.483723e-05,0.9998049,d
test_3606.jpg,0.008561884,0.0010225711,0.00079637923,0.9896192,d
test_3607.jpg,2.429772e-05,0.99987197,5.82872e-05,4.5394117e-05,b
test_3608.jpg,5.1433966e-05,0.00010888571,0.9997882,5.1433966e-05,c
test_3609.jpg,1.669996e-05,0.9998958,6.604962e-05,2.1443175e-05,b
test_3610.jpg,0.9998053,8.4801715e-05,9.609293e-05,1.38435e-05,a
test_3611.jpg,1.669837e-05,0.9998006,0.00015842973,2.4295985e-05,b
test_3612.jpg,2.4294595e-05,0.00010888083,0.00012337814,0.9997434,d
test_3613.jpg,0.00048652705,0.0019242517,0.00080214744,0.9967871,d
test_3614.jpg,0.006395505,0.9491771,0.032479055,0.011948377,b
test_3615.jpg,9.602713e-05,0.00048766602,0.00029578438,0.99912053,d
test_3616.jpg,0.004435448,0.06122947,0.08908834,0.84524673,d
test_3617.jpg,7.888502e-06,0.9998958,7.4844036e-05,2.1443175e-05,b
test_3618.jpg,0.9980877,0.0013242433,0.00042991884,0.0001581583,a
test_3619.jpg,0.9998996,4.5395376e-05,4.5395376e-05,9.515387e-06,a
test_3620.jpg,0.000108871776,0.0001794992,5.1427385e-05,0.99966025,d
test_3621.jpg,0.00013855587,0.99080557,0.00048360752,0.008572148,b
test_3622.jpg,5.143921e-05,4.5394943e-05,0.9998901,1.3005868e-05,c
test_3623.jpg,0.86623126,0.13284087,0.0006548507,0.00027298238,a
test_3624.jpg,0.85657024,0.010782628,0.0012878012,0.13135931,a
test_3625.jpg,0.00010884893,0.00017946154,0.9994505,0.00026111497,c
test_3626.jpg,0.00013956484,0.99802065,0.0017002479,0.00013956484,b
test_3627.jpg,0.0013214913,0.002178771,0.99601364,0.00048614954,c
test_3628.jpg,0.00010887783,0.00013980191,0.99971586,3.5347457e-05,c
test_3629.jpg,4.0056835e-05,0.99978894,0.00013981212,3.11963e-05,b
test_3630.jpg,0.99868244,0.00043017502,0.00055235566,0.00033502062,a
test_3631.jpg,0.0031684178,0.9954873,0.0011655957,0.00017874989,b
test_3632.jpg,0.99962246,0.00013978884,0.00017949242,5.8272657e-05,a
test_3633.jpg,0.00080357096,0.00037958004,0.00026088126,0.99855596,d
test_3634.jpg,0.9995419,0.00020337515,0.00020337515,5.142129e-05,a
test_3635.jpg,0.00017889867,0.00033422673,0.003171055,0.9963159,d
test_3636.jpg,0.00012336389,0.00013978961,0.99962795,0.000108868255,c
test_3637.jpg,0.44534507,0.022172425,0.3468351,0.18564744,a
test_3638.jpg,4.4950334e-06,0.99996257,2.1444606e-05,1.1478471e-05,b
test_3639.jpg,0.017850772,0.0024158393,0.005114332,0.9746191,d
test_3640.jpg,0.0009083752,0.002797993,0.99615437,0.00013930385,c
test_3641.jpg,0.9993799,0.00017944885,0.00026109655,0.00017944885,a
test_3642.jpg,0.00015840914,9.608001e-05,0.99967074,7.482719e-05,c
test_3643.jpg,0.9932412,0.0052120513,0.001317813,0.00022900154,a
test_3644.jpg,0.9997863,0.00012338343,6.604239e-05,2.4295638e-05,a
test_3645.jpg,0.9994505,0.00017946154,0.00026111497,0.00010884893,a
test_3646.jpg,9.608081e-05,0.00017950257,4.538536e-05,0.9996791,d
test_3647.jpg,0.9985997,0.00043013936,0.0002608927,0.0007091799,a
test_3648.jpg,0.00012333853,0.00029587376,0.99942243,0.00015836979,c
test_3649.jpg,0.0038498933,0.0011030128,0.83134544,0.16370161,c
test_3650.jpg,0.00026026327,0.003170656,0.00037868085,0.9961904,d
test_3651.jpg,0.99308324,0.0035816175,0.002172361,0.0011627809,a
test_3652.jpg,0.99963534,0.00017949473,0.00013979065,4.5383375e-05,a
test_3653.jpg,3.1198273e-05,5.828605e-05,5.828605e-05,0.9998522,d
test_3654.jpg,8.479619e-05,0.00010888048,0.9997402,6.603934e-05,c
test_3655.jpg,0.00015832667,0.00026103653,0.9991503,0.00043037653,c
test_3656.jpg,0.0001584125,7.482878e-05,0.99969196,7.482878e-05,c
test_3657.jpg,2.4298113e-05,0.9998882,6.604912e-05,2.1443011e-05,b
test_3658.jpg,4.0058043e-05,6.604455e-05,7.4838295e-05,0.9998191,d
test_3659.jpg,0.99964464,8.4788095e-05,0.00023047793,4.0051054e-05,a
test_3660.jpg,0.00017947625,0.00020337323,0.99953246,8.477858e-05,c
test_3661.jpg,0.04697932,0.008163782,0.0012519566,0.9436049,d
test_3662.jpg,1.47375185e-05,0.99988604,7.484331e-05,2.4298062e-05,b
test_3663.jpg,0.0066771903,0.0004268585,0.99098295,0.0019130472,c
test_3664.jpg,0.99949384,0.00033529283,7.481395e-05,9.6063006e-05,a
test_3665.jpg,0.99650913,0.0014981909,0.0002950113,0.0016976729,a
test_3666.jpg,0.9997609,0.000108882734,8.479795e-05,4.5389075e-05,a
test_3667.jpg,0.000115836454,0.0003798131,0.0003351839,0.9991691,d
test_3668.jpg,0.00033321217,0.9932915,0.0052123154,0.0011630247,b
test_3669.jpg,2.4293748e-05,0.9997085,0.00010887703,0.00015841513,b
test_3670.jpg,0.9998814,5.143876e-05,5.143876e-05,1.5687936e-05,a
test_3671.jpg,0.0001794427,0.00013975012,0.0003352431,0.9993456,d
test_3672.jpg,0.99959296,0.00015839681,0.00013978471,0.00010886444,a
test_3673.jpg,5.826558e-05,0.0002611282,0.00017947062,0.9995011,d
test_3674.jpg,0.01242346,0.9869177,0.00048170987,0.00017721114,b
test_3675.jpg,1.6700347e-05,0.99991894,4.539625e-05,1.8923973e-05,b
test_3676.jpg,5.828763e-05,3.119912e-05,0.99987936,3.119912e-05,c
test_3677.jpg,0.004603829,0.99415016,0.0006230604,0.0006230604,b
test_3678.jpg,0.00023004753,0.0019261645,0.9977779,6.590972e-05,c
test_3679.jpg,0.0011561183,0.010968947,0.9873931,0.00048194188,c
test_3680.jpg,0.6458268,0.3456862,0.008129761,0.00035719672,a
test_3681.jpg,0.9922335,0.005900036,0.0011617859,0.0007046588,a
test_3682.jpg,2.7531089e-05,0.9998053,0.000108887565,5.828331e-05,b
test_3683.jpg,0.00037987498,0.00017944022,0.9993318,0.000108836,c
test_3684.jpg,8.4789426e-05,0.00020339926,0.9996604,5.142739e-05,c
test_3685.jpg,2.4297422e-05,0.9998597,8.4806336e-05,3.119851e-05,b
test_3686.jpg,9.605544e-05,0.99941516,0.00043049062,5.8260568e-05,b
test_3687.jpg,9.608422e-05,6.603765e-05,0.00012337457,0.99971455,d
test_3688.jpg,0.99987483,5.828737e-05,4.539425e-05,2.1442724e-05,a
test_3689.jpg,0.00017923013,0.0015006756,0.00015817005,0.99816185,d
test_3690.jpg,0.9997887,7.483602e-05,0.00010888576,2.7530632e-05,a
test_3691.jpg,2.1441843e-05,0.9998337,0.00012338928,2.1441843e-05,b
test_3692.jpg,0.9386209,0.060004026,0.00051913655,0.00085591146,a
test_3693.jpg,0.29247585,0.001739125,0.0041719438,0.70161307,d
test_3694.jpg,0.00015838565,0.00013977486,0.99952245,0.00017947445,c
test_3695.jpg,0.00033522883,0.00015835089,0.00020332658,0.9993031,d
test_3696.jpg,0.9995623,0.00017948162,0.00020337931,5.47388e-05,a
test_3697.jpg,0.43428665,0.43428665,0.021621859,0.10980486,a
test_3698.jpg,0.9992368,0.00017942316,9.6038304e-05,0.00048772278,a
test_3699.jpg,8.464961e-05,0.00020306387,0.0017002331,0.99801195,d
test_3700.jpg,0.00010885662,0.00026113342,0.99952114,0.00010885662,c
test_3701.jpg,0.00037981715,0.99917966,0.0001794129,0.00026104422,b
test_3702.jpg,0.00026111497,0.00010884893,0.9994505,0.00017946154,c
test_3703.jpg,2.7523698e-05,0.9995369,0.00029590764,0.00013977686,b
test_3704.jpg,0.00013975307,0.00033525017,0.00015836097,0.9993667,d
test_3705.jpg,0.00012337098,0.00013979764,0.9996854,5.1428677e-05,c
test_3706.jpg,0.029136667,0.00573735,0.9648739,0.00025208155,c
test_3707.jpg,0.0002302993,0.0008038236,0.99886984,9.600303e-05,c
test_3708.jpg,0.07493736,0.001997013,0.91292393,0.01014167,c
test_3709.jpg,0.7824707,0.1540776,0.05668199,0.006769698,a
test_3710.jpg,0.10641882,0.0022086522,0.0003387078,0.8910339,d
test_3711.jpg,0.032923203,0.0018574002,0.9621571,0.0030623353,c
test_3712.jpg,8.938914e-06,0.99990356,6.605014e-05,2.144334e-05,b
test_3713.jpg,0.9996057,0.00015839883,0.0001397865,9.607375e-05,a
test_3714.jpg,0.0006261968,9.6030395e-05,0.99915457,0.00012330546,c
test_3715.jpg,1.1477551e-05,0.99988246,7.484304e-05,3.119922e-05,b
test_3716.jpg,1.4737867e-05,0.99990964,6.605054e-05,9.515483e-06,b
test_3717.jpg,7.482513e-05,0.9996432,0.0002304776,5.142651e-05,b
test_3718.jpg,0.99847883,0.0004873528,0.00080350885,0.00023020915,a
test_3719.jpg,5.8265374e-05,0.00033529408,0.00010885405,0.99949753,d
test_3720.jpg,5.143291e-05,9.608933e-05,8.479853e-05,0.9997677,d
test_3721.jpg,0.000108880995,0.99974495,0.00012337833,2.2822696e-05,b
test_3722.jpg,0.9997255,0.00015841782,8.479495e-05,3.1194322e-05,a
test_3723.jpg,7.480887e-05,0.0002958748,0.00020335158,0.999426,d
test_3724.jpg,0.0009094022,0.0013231724,0.00048676797,0.9972806,d
test_3725.jpg,0.00048727356,0.0007089788,0.9983165,0.00048727356,c
test_3726.jpg,0.99839205,0.00055219507,0.0006257189,0.00043004993,a
test_3727.jpg,0.00013971505,0.00043035264,0.00033515898,0.99909484,d
test_3728.jpg,0.9993424,0.00015835711,0.00020333457,0.00029585007,a
test_3729.jpg,0.9998623,6.604741e-05,5.143778e-05,2.0143323e-05,a
test_3730.jpg,1.6699725e-05,0.99988174,8.4808205e-05,1.6699725e-05,b
test_3731.jpg,0.0011683353,0.0006253648,0.00037930295,0.997827,d
test_3732.jpg,3.11937e-05,0.9997056,0.00013980047,0.00012337348,b
test_3733.jpg,0.999816,7.483806e-05,8.4802625e-05,2.429636e-05,a
test_3734.jpg,0.9992716,0.00013973977,0.0001583459,0.00043042877,a
test_3735.jpg,4.5378092e-05,0.00029590234,0.00013977438,0.999519,d
test_3736.jpg,0.9997937,9.6091826e-05,7.48364e-05,3.5350207e-05,a
test_3737.jpg,4.0058738e-05,0.9998363,9.609592e-05,2.7531945e-05,b
test_3738.jpg,0.9998667,5.8286896e-05,5.8286896e-05,1.6699474e-05,a
test_3739.jpg,0.0035864857,0.0014950697,0.00048537808,0.9944331,d
test_3740.jpg,0.99736494,0.0019253673,0.00055162696,0.00015804377,a
test_3741.jpg,0.00043013738,0.00048740953,0.99859506,0.00048740953,c
test_3742.jpg,0.00026113167,6.602443e-05,0.99951446,0.00015838438,c
test_3743.jpg,0.9992581,0.00048773317,0.00017942699,7.4796306e-05,a
test_3744.jpg,1.6699003e-05,0.9998385,0.00012338987,2.1441945e-05,b
test_3745.jpg,0.005332027,0.2569115,0.03939865,0.69835776,d
test_3746.jpg,1.0129353e-05,0.9999269,5.1441104e-05,1.1478061e-05,b
test_3747.jpg,0.9974583,0.0008026876,0.0010306713,0.0007083693,a
test_3748.jpg,0.00055169524,0.0016993411,0.00026060236,0.9974884,d
test_3749.jpg,0.99904805,0.00048763063,0.00026100985,0.00020327469,a
test_3750.jpg,2.1442884e-05,8.480824e-05,0.9998822,1.14775485e-05,c
test_3751.jpg,0.00010884338,0.00026110167,0.00023042141,0.99939954,d
test_3752.jpg,0.9998011,8.480136e-05,8.480136e-05,2.9306566e-05,a
test_3753.jpg,0.00012231708,0.99114555,0.008575089,0.00015705824,b
test_3754.jpg,0.9995322,0.0001794762,0.0001794762,0.00010885783,a
test_3755.jpg,8.478254e-05,0.0002611486,7.4820346e-05,0.99957925,d
test_3756.jpg,8.479655e-05,9.608708e-05,7.48327e-05,0.99974436,d
test_3757.jpg,0.99962234,0.00012336319,0.00017949239,7.482357e-05,a
test_3758.jpg,0.00042695523,0.0007976574,0.99120754,0.007567962,c
test_3759.jpg,0.0002231433,0.029226007,0.0027184421,0.9678324,d
test_3760.jpg,6.60368e-05,0.00010887629,0.00012337299,0.9997017,d
test_3761.jpg,0.00023038241,0.00043041102,0.9992304,0.000108824956,c
test_3762.jpg,0.9994715,0.000230438,0.00015837757,0.00013976773,a
test_3763.jpg,0.00029580825,0.00037982527,0.9992011,0.00012331121,c
test_3764.jpg,8.4769345e-05,0.9994236,0.00023042697,0.00026110795,b
test_3765.jpg,0.9997601,0.00012338019,5.828068e-05,5.828068e-05,a
test_3766.jpg,0.9995639,0.00010886128,0.0002611446,6.60277e-05,a
test_3767.jpg,0.9998512,6.604668e-05,6.604668e-05,1.6699216e-05,a
test_3768.jpg,5.1428648e-05,0.9996848,0.00023048719,3.3204826e-05,b
test_3769.jpg,0.9998828,7.484307e-05,2.7533224e-05,1.4737471e-05,a
test_3770.jpg,0.014006184,0.0005430787,0.9819094,0.0035413182,c
test_3771.jpg,0.9994325,0.00033527226,0.00010884697,0.00012333976,a
test_3772.jpg,2.1439415e-05,0.9997205,0.00023049543,2.7528755e-05,b
test_3773.jpg,0.00023041431,0.00013975335,0.9993687,0.0002610936,c
test_3774.jpg,1.6699069e-05,0.9998424,7.484004e-05,6.6046094e-05,b
test_3775.jpg,9.6091266e-05,0.99978787,8.480024e-05,3.1196265e-05,b
test_3776.jpg,0.6753145,0.004015567,0.0016739373,0.31899598,a
test_3777.jpg,1.6699414e-05,0.999863,8.480661e-05,3.535266e-05,b
test_3778.jpg,0.00015839157,0.00015839157,0.9995598,0.00012335548,c
test_3779.jpg,0.99880695,0.00037967545,0.0005524245,0.00026094684,a
test_3780.jpg,9.6090276e-05,7.483519e-05,5.143342e-05,0.9997776,d
test_3781.jpg,0.00017923016,0.00015817006,0.0015006758,0.998162,d
test_3782.jpg,1.3005619e-05,0.9998709,8.480728e-05,3.119886e-05,b
test_3783.jpg,7.888581e-06,0.9999058,7.4844786e-05,1.14778195e-05,b
test_3784.jpg,0.0004877359,0.00013973867,0.9992637,0.000108828586,c
test_3785.jpg,0.99977094,0.000108883825,8.4798805e-05,3.5349403e-05,a
test_3786.jpg,0.41987333,0.039054304,0.539128,0.0019443992,c
test_3787.jpg,0.0018723035,0.96987724,0.0024040854,0.025846353,b
test_3788.jpg,0.9928382,0.006689691,0.00029392453,0.00017827422,a
test_3789.jpg,0.00048771637,0.00023038089,0.9992237,5.824941e-05,c
test_3790.jpg,0.0024653347,0.99458694,0.0019200045,0.0010277043,b
test_3791.jpg,0.00070863374,0.00042980807,0.0010310559,0.99783057,d
test_3792.jpg,0.00015840062,0.999617,0.00013978808,8.4785745e-05,b
test_3793.jpg,4.539289e-05,5.8285623e-05,5.1436884e-05,0.9998449,d
test_3794.jpg,0.00017792129,0.9908727,0.008572728,0.00037665942,b
test_3795.jpg,2.4297005e-05,0.9998425,0.000108891625,2.4297005e-05,b
test_3796.jpg,0.99950814,0.00015838338,0.00029589914,3.761935e-05,a
test_3797.jpg,0.999908,5.8289297e-05,1.4737842e-05,1.8923765e-05,a
test_3798.jpg,3.1197993e-05,0.00010889169,0.9998431,1.6699081e-05,c
test_3799.jpg,0.0001794932,8.478659e-05,0.9996269,0.00010886814,c
test_3800.jpg,9.6063326e-05,0.00020336607,0.00020336607,0.9994972,d
test_3801.jpg,0.99412525,0.00054983515,0.0052166907,0.00010826896,a
test_3802.jpg,0.00012328615,0.0008039267,0.9989981,7.477684e-05,c
test_3803.jpg,0.00017883224,0.9959459,0.0016967133,0.0021786229,b
test_3804.jpg,0.004521175,0.97630185,0.017881593,0.0012953382,b
test_3805.jpg,0.00013973248,0.0002610546,0.9992194,0.00037983226,c
test_3806.jpg,0.9997335,8.479563e-05,0.00012337691,5.827913e-05,a
test_3807.jpg,2.7533015e-05,3.1198993e-05,6.604826e-05,0.9998752,d
test_3808.jpg,1.6699503e-05,0.9998684,7.4841984e-05,4.0060022e-05,b
test_3809.jpg,4.0050578e-05,0.9996327,0.00026116258,6.603225e-05,b
test_3810.jpg,0.00013967321,0.00080376386,0.9987956,0.0002609439,c
test_3811.jpg,4.5378172e-05,0.00020337086,0.00023044937,0.9995208,d
test_3812.jpg,4.0056268e-05,0.00013981013,0.99977475,4.5389705e-05,c
test_3813.jpg,4.0034596e-05,0.99923384,0.00029581794,0.00043041253,b
test_3814.jpg,0.00013975859,0.00029586893,0.00015836721,0.9994061,d
test_3815.jpg,1.8922497e-05,0.999841,0.00010889146,3.1197924e-05,b
test_3816.jpg,9.60529e-05,0.00043047924,0.9993887,8.476638e-05,c
test_3817.jpg,3.5346948e-05,0.00013979989,0.00012337296,0.99970144,d
test_3818.jpg,6.603449e-05,0.000108872475,0.0001584085,0.9996667,d
test_3819.jpg,0.00029514957,0.99697626,0.0016984686,0.0010301732,b
test_3820.jpg,0.00013975859,0.00015836721,0.00029586893,0.9994061,d
test_3821.jpg,0.00033459527,0.0016992153,0.99741447,0.0005516544,c
test_3822.jpg,0.000295168,0.0014989866,0.0011674119,0.9970385,d
test_3823.jpg,0.9900483,0.0009028072,0.008565596,0.0004832379,a
test_3824.jpg,0.0006259874,0.00043023448,0.00012326424,0.9988205,d
test_3825.jpg,0.99961567,9.607472e-05,0.00020339018,8.4785635e-05,a
test_3826.jpg,0.00023045349,0.00017947736,5.1421128e-05,0.99953866,d
test_3827.jpg,5.8257265e-05,0.0003798851,0.00020333784,0.9993585,d
test_3828.jpg,3.1195996e-05,0.99977916,0.00015842632,3.1195996e-05,b
test_3829.jpg,0.0046017095,0.0007996572,0.0009061303,0.9936925,d
test_3830.jpg,4.5370794e-05,0.00026109087,0.00033524734,0.99935824,d
test_3831.jpg,0.9998497,0.000108892404,3.1198197e-05,1.01285705e-05,a
test_3832.jpg,8.4783285e-05,0.00026115088,0.99958795,6.6029286e-05,c
test_3833.jpg,2.7533959e-05,0.9999095,3.5354304e-05,2.7533959e-05,b
test_3834.jpg,4.538658e-05,0.00010887674,0.99970585,0.00013980051,c
test_3835.jpg,5.8276768e-05,0.0001397987,0.00010887534,0.99969304,d
test_3836.jpg,0.0021022132,0.24298279,0.7484397,0.006475272,c
test_3837.jpg,0.000230455,0.00015838924,0.99954516,6.602646e-05,c
test_3838.jpg,5.1430216e-05,7.4830525e-05,0.00015841621,0.99971527,d
test_3839.jpg,0.99968386,0.00020340404,9.608127e-05,1.669642e-05,a
test_3840.jpg,0.0005526022,0.00017940367,0.9991283,0.00013971973,c
test_3841.jpg,9.608792e-05,6.604019e-05,0.99975306,8.4797284e-05,c
test_3842.jpg,0.99977726,9.609025e-05,0.00010888452,1.777491e-05,a
test_3843.jpg,0.0002957916,0.00037980394,0.00017940666,0.9991449,d
test_3844.jpg,0.99971265,0.00013980146,9.608404e-05,5.143008e-05,a
test_3845.jpg,0.0002606508,0.0019259636,0.9976738,0.00013951634,c
test_3846.jpg,6.601659e-05,0.00015836557,0.00037989928,0.9993957,d
test_3847.jpg,0.007547374,0.003146214,0.00079548743,0.98851097,d
test_3848.jpg,0.001921923,0.0008011767,0.99558073,0.0016960913,c
test_3849.jpg,0.0004808592,0.014052764,0.98517483,0.00029165583,c
test_3850.jpg,0.9985067,0.0009105203,0.00037956133,0.00020316454,a
test_3851.jpg,0.00017946637,0.00013976856,0.00020336204,0.99947745,d
test_3852.jpg,1.3006868e-05,1.3006868e-05,0.999967,6.9620746e-06,c
test_3853.jpg,2.4296816e-05,6.604559e-05,7.4839474e-05,0.9998348,d
test_3854.jpg,2.7531229e-05,9.609343e-05,6.604398e-05,0.9998104,d
test_3855.jpg,2.7529506e-05,0.9997478,0.00013980638,8.479684e-05,b
test_3856.jpg,1.8921048e-05,0.9997644,0.00015842398,5.8280926e-05,b
test_3857.jpg,9.607377e-05,0.00015839886,0.00013978651,0.99960583,d
test_3858.jpg,4.0060168e-05,7.484226e-05,0.9998721,1.3005634e-05,c
test_3859.jpg,0.00013977745,0.00017947778,0.00013977745,0.99954104,d
test_3860.jpg,0.00017949319,0.000108868124,8.4786574e-05,0.99962676,d
test_3861.jpg,0.0007086317,0.0011683361,0.9978277,0.00029540167,c
test_3862.jpg,0.9994361,0.00017945895,0.0002611112,0.00012334021,a
test_3863.jpg,0.99862254,0.00026089867,0.0010318743,8.4701394e-05,a
test_3864.jpg,0.003591042,0.9956964,0.00037849304,0.00033401893,b
test_3865.jpg,0.66188776,0.015566109,0.07905122,0.24349493,a
test_3866.jpg,0.00055245176,0.00029570612,0.00029570612,0.9988562,d
test_3867.jpg,1.6699336e-05,0.9998584,8.480622e-05,4.0059622e-05,b
test_3868.jpg,0.0001233466,0.00015838018,0.00023044179,0.9994879,d
test_3869.jpg,0.0003352041,0.0002958166,0.9992293,0.00013973386,c
test_3870.jpg,9.602238e-05,0.00012329518,0.0007095147,0.9990711,d
test_3871.jpg,6.6043154e-05,9.6092226e-05,0.9997979,4.0057195e-05,c
test_3872.jpg,0.00015827698,0.00070934824,0.9988367,0.00029570036,c
test_3873.jpg,1.4737362e-05,5.1438456e-05,5.82874e-05,0.9998754,d
test_3874.jpg,0.022725267,0.96630293,0.010734657,0.00023715946,b
test_3875.jpg,5.828106e-05,0.00015842434,0.99976665,1.6697802e-05,c
test_3876.jpg,0.00013977975,0.00017948073,0.99955744,0.00012335519,c
test_3877.jpg,0.00020333251,0.00020333251,0.0002610841,0.99933225,d
test_3878.jpg,7.484045e-05,5.8285797e-05,0.9998479,1.8922628e-05,c
test_3879.jpg,0.00020336607,9.6063326e-05,0.00020336607,0.9994972,d
test_3880.jpg,8.938937e-06,0.99990606,7.484481e-05,1.0129142e-05,b
test_3881.jpg,0.9997843,7.483569e-05,7.483569e-05,6.604226e-05,a
test_3882.jpg,4.0044102e-05,0.00010885117,0.00037992792,0.9994711,d
test_3883.jpg,0.00010886033,0.00029591305,0.9995552,4.004747e-05,c
test_3884.jpg,0.00026100723,0.9990381,0.0006261238,7.477983e-05,b
test_3885.jpg,5.8285295e-05,7.483981e-05,0.9998393,2.7532027e-05,c
test_3886.jpg,3.53525e-05,0.9998585,6.604716e-05,4.0059625e-05,b
test_3887.jpg,0.99981016,8.480213e-05,8.480213e-05,2.0142272e-05,a
test_3888.jpg,0.99814117,0.00042994187,0.00080323714,0.0006255617,a
test_3889.jpg,5.8284255e-05,7.483847e-05,0.9998215,4.5391826e-05,c
test_3890.jpg,0.7855346,0.12046564,0.011205049,0.08279474,a
test_3891.jpg,3.535231e-05,4.5393263e-05,6.604681e-05,0.99985313,d
test_3892.jpg,0.00012337595,0.99972576,8.479497e-05,6.603839e-05,b
test_3893.jpg,0.00020336607,9.6063326e-05,0.00020336607,0.9994972,d
test_3894.jpg,0.9998554,7.484102e-05,5.8286234e-05,1.147724e-05,a
test_3895.jpg,2.7530048e-05,9.60893e-05,0.000108883454,0.9997675,d
test_3896.jpg,9.609369e-05,4.5391447e-05,0.99981314,4.5391447e-05,c
test_3897.jpg,0.9964204,0.0027987398,0.00055110455,0.00022973453,a
test_3898.jpg,1.6697673e-05,0.9997589,0.00015842312,6.604058e-05,b
test_3899.jpg,0.00029582146,0.0003352096,0.99924576,0.00012331671,c
test_3900.jpg,2.7529333e-05,0.9997415,0.00017951378,5.1431565e-05,b
test_3901.jpg,0.9995844,0.00023046404,0.00013978351,4.538106e-05,a
test_3902.jpg,0.9997849,8.479998e-05,0.000108885346,2.1440796e-05,a
test_3903.jpg,0.0003797335,0.00023032,0.00043029443,0.99895966,d
test_3904.jpg,5.8270114e-05,0.00033532135,0.9995789,2.7524855e-05,c
test_3905.jpg,0.00029590234,0.00013977438,4.5378092e-05,0.999519,d
test_3906.jpg,0.0009103541,0.00062567653,0.00013960732,0.99832445,d
test_3907.jpg,1.3006327e-05,0.9999254,5.1441024e-05,1.0129337e-05,b
test_3908.jpg,0.000139715,0.9990945,0.00062615913,0.000139715,b
test_3909.jpg,2.1442609e-05,0.99986947,8.4807165e-05,2.4297658e-05,b
test_3910.jpg,0.9995702,0.00026114626,0.00012335676,4.5380417e-05,a
test_3911.jpg,6.604135e-05,0.00012338148,0.9997706,4.00561e-05,c
test_3912.jpg,0.00020337953,0.00015839214,0.9995634,7.481916e-05,c
test_3913.jpg,5.1435854e-05,9.6094824e-05,0.99982494,2.7531629e-05,c
test_3914.jpg,3.5335157e-05,0.000108839944,0.0004877868,0.999368,d
test_3915.jpg,0.0001485415,0.9978561,0.0016999675,0.00029541005,b
test_3916.jpg,0.009688912,0.0016836806,0.98829585,0.00033153634,c
test_3917.jpg,4.5391513e-05,0.00010888858,0.99981457,3.1197098e-05,c
test_3918.jpg,0.9852691,0.0010180762,0.010945352,0.0027674185,a
test_3919.jpg,0.0009102593,0.000803301,0.9982205,6.593896e-05,c
test_3920.jpg,0.0013085403,0.0014827704,0.010956275,0.98625237,d
test_3921.jpg,6.60098e-05,0.00026107382,0.00037986023,0.99929297,d
test_3922.jpg,7.482646e-05,0.00017949933,8.478948e-05,0.99966097,d
test_3923.jpg,0.00020336824,0.0002304464,5.8265978e-05,0.9995079,d
test_3924.jpg,0.9997619,0.00010888284,9.608877e-05,3.3207387e-05,a
test_3925.jpg,0.9997925,6.60428e-05,9.609171e-05,4.5390512e-05,a
test_3926.jpg,3.5351248e-05,9.6094656e-05,0.99982315,4.5391902e-05,c
test_3927.jpg,0.0016692788,0.00054193544,0.017946437,0.97984225,d
test_3928.jpg,0.00026058024,0.0011678396,0.9974037,0.0011678396,c
test_3929.jpg,0.9994715,0.00013976773,0.000230438,0.00015837757,a
test_3930.jpg,0.0008022794,0.0021808215,0.996951,6.58551e-05,c
test_3931.jpg,3.1196458e-05,6.604289e-05,0.00010888633,0.99979395,d
test_3932.jpg,0.00020311936,0.99828464,0.0008033526,0.0007089562,b
test_3933.jpg,0.998852,0.00043024807,0.00048753494,0.00023029519,a
test_3934.jpg,0.0018010202,0.26729512,0.0043204227,0.7265834,d
test_3935.jpg,9.608856e-05,0.00010888261,0.99975973,3.5349007e-05,c
test_3936.jpg,0.005775777,0.017790647,0.0050971056,0.9713364,d
test_3937.jpg,0.99894494,0.0002609829,0.0007094251,8.4728745e-05,a
test_3938.jpg,0.0009101754,0.00080322695,0.9981285,0.00015816475,c
test_3939.jpg,3.5354242e-05,4.00616e-05,0.99990785,1.6700162e-05,c
test_3940.jpg,8.479974e-05,0.999782,0.00010888503,2.4295534e-05,b
test_3941.jpg,0.0007073937,0.0010292517,0.99608445,0.002178926,c
test_3942.jpg,0.9959721,0.00042900754,0.00042900754,0.003169961,a
test_3943.jpg,3.1195214e-05,0.00013980725,7.4833435e-05,0.99975413,d
test_3944.jpg,0.99286324,0.0040576053,0.0019166769,0.0011625233,a
test_3945.jpg,5.142804e-05,9.608022e-05,0.00017950148,0.999673,d
test_3946.jpg,9.6083386e-05,0.00013980051,0.99970585,5.8277517e-05,c
test_3947.jpg,0.99578345,0.00048603717,0.00013925198,0.0035913559,a
test_3948.jpg,0.0019255158,0.00020294788,0.9974419,0.00042964064,c
test_3949.jpg,8.4804335e-05,0.9998361,6.604568e-05,1.3005166e-05,b
test_3950.jpg,0.005905972,0.9932318,0.00037755616,0.00048479173,b
test_3951.jpg,0.0011637002,0.9938684,0.004061713,0.00090629066,b
test_3952.jpg,0.00020337345,0.99953353,0.00012335223,0.0001397764,b
test_3953.jpg,1.01291525e-05,0.99990714,5.1440085e-05,3.119999e-05,b
test_3954.jpg,2.1444086e-05,0.99993837,3.120096e-05,8.939225e-06,b
test_3955.jpg,0.4994448,0.4994448,0.00085086416,0.00025949886,a
test_3956.jpg,6.602646e-05,0.00015838924,0.000230455,0.99954516,d
test_3957.jpg,0.9993868,0.0002033436,0.00023041849,0.0001794501,a
test_3958.jpg,0.00080345676,0.0005522072,0.0002301942,0.99841404,d
test_3959.jpg,0.00023042144,0.0002611017,0.99939966,0.00010884339,c
test_3960.jpg,5.8275684e-05,0.00010887332,0.00015840973,0.99967444,d
test_3961.jpg,0.0002304432,0.00017946934,0.99949396,9.606302e-05,c
test_3962.jpg,0.00017935544,0.000626012,0.00033508008,0.99885964,d
test_3963.jpg,0.00037976276,0.99903667,0.00048762508,9.601907e-05,b
test_3964.jpg,0.00017950407,0.99968743,7.482844e-05,5.827644e-05,b
test_3965.jpg,0.9985676,0.0009105758,0.00026088432,0.00026088432,a
test_3966.jpg,3.7264444e-06,0.999944,4.5397388e-05,6.9619146e-06,b
test_3967.jpg,0.5566478,0.09673087,0.33762395,0.008997373,a
test_3968.jpg,9.0248664e-05,0.00026114314,9.0248664e-05,0.99955827,d
test_3969.jpg,0.00070819573,0.00037906988,0.9972139,0.0016988735,c
test_3970.jpg,5.1431674e-05,9.608702e-05,0.00010888086,0.99974364,d
test_3971.jpg,0.99976784,9.608934e-05,9.608934e-05,4.005599e-05,a
test_3972.jpg,4.0057505e-05,4.5391105e-05,0.0001088876,0.9998056,d
test_3973.jpg,0.9994217,0.00015836969,0.00037990915,4.0042123e-05,a
test_3974.jpg,0.9997794,0.00012338258,6.604193e-05,3.1196003e-05,a
test_3975.jpg,3.1200485e-05,2.1443757e-05,0.999923,2.4298959e-05,c
test_3976.jpg,0.0004269552,0.0007976573,0.0075679612,0.9912074,d
test_3977.jpg,8.938148e-06,0.9998179,0.00015843246,1.47365145e-05,b
test_3978.jpg,0.99827003,0.00080334087,0.00080334087,0.00012319631,a
test_3979.jpg,0.022933597,0.001293825,0.0006111596,0.9751614,d
test_3980.jpg,0.00017916271,0.00033472,0.9977863,0.0016998487,c
test_3981.jpg,2.7531436e-05,0.9998179,0.00012338733,3.1197203e-05,b
test_3982.jpg,0.99948406,0.00026112376,0.0002033634,5.141832e-05,a
test_3983.jpg,0.0008720689,0.0007695981,0.042018633,0.95633966,d
test_3984.jpg,0.0003797949,0.00020328954,0.00029578456,0.9991211,d
test_3985.jpg,0.00043045558,0.00013974847,0.9993338,9.6047625e-05,c
test_3986.jpg,0.0004875494,0.00033508745,0.00029571366,0.99888164,d
test_3987.jpg,0.00010888207,5.143225e-05,0.99975485,8.479744e-05,c
test_3988.jpg,0.9970372,0.00048664914,0.0019247346,0.00055144564,a
test_3989.jpg,0.9994985,0.00020336633,0.00015838185,0.00013977151,a
test_3990.jpg,0.03701798,0.0064327605,0.0018430167,0.9547063,d
test_3991.jpg,3.119446e-05,0.99972993,0.00020341342,3.534795e-05,b
test_3992.jpg,1.6700042e-05,0.9999007,5.8288875e-05,2.4298419e-05,b
test_3993.jpg,0.9931677,0.0005493055,0.0059055905,0.0003775318,a
test_3994.jpg,4.539439e-05,0.9998779,4.539439e-05,3.1199077e-05,b
test_3995.jpg,0.00016796512,0.0035912527,0.00048602323,0.99575484,d
test_3996.jpg,0.0005518054,0.0002606544,0.9976876,0.0014999625,c
test_3997.jpg,8.477627e-05,0.00017947138,0.9995053,0.0002304458,c
test_3998.jpg,0.0021767756,0.000800791,0.9951015,0.0019209979,c
test_3999.jpg,3.5341567e-05,0.9995493,0.00037995767,3.5341567e-05,b
test_4000.jpg,0.00010887582,0.00010887582,0.99969745,8.479257e-05,c
test_4001.jpg,0.0013241479,0.0004298879,0.9980159,0.0002301024,c
test_4002.jpg,8.4615596e-05,0.119147636,0.88038856,0.00037922082,c
test_4003.jpg,0.000229976,0.0014996319,0.0008026951,0.99746764,d
test_4004.jpg,1.8922869e-05,0.99986064,9.609826e-05,2.4297446e-05,b
test_4005.jpg,0.00048418142,0.008062345,0.059573114,0.93188035,d
test_4006.jpg,7.482084e-05,0.00023046439,0.00010886368,0.9995859,d
test_4007.jpg,0.9944771,0.0006232653,0.00029440972,0.0046053426,a
test_4008.jpg,0.00010886621,0.00023046974,0.9996092,5.1424755e-05,c
test_4009.jpg,4.5389574e-05,0.9997719,0.00015842517,2.4295286e-05,b
test_4010.jpg,0.07571565,0.0012238295,0.0006550687,0.9224055,d
test_4011.jpg,0.0001794427,0.00013975012,0.0003352431,0.9993456,d
test_4012.jpg,0.99980253,6.604346e-05,9.609267e-05,3.535052e-05,a
test_4013.jpg,0.00017949364,0.00013978979,5.142579e-05,0.99962926,d
test_4014.jpg,0.99984634,6.6046356e-05,5.8285706e-05,2.9307894e-05,a
test_4015.jpg,0.98923755,0.001312501,0.0058822213,0.0035677478,a
test_4016.jpg,0.99949026,0.00026112536,0.00013977036,0.00010885326,a
test_4017.jpg,7.483372e-05,0.000108882414,0.99975795,5.828055e-05,c
test_4018.jpg,6.603198e-05,0.99962866,0.00023047425,7.482404e-05,b
test_4019.jpg,0.0003798399,0.99923956,0.00029581963,8.475373e-05,b
test_4020.jpg,0.9986975,0.0008036849,0.00029565915,0.00020320337,a
test_4021.jpg,0.00015779021,0.0035912888,0.00048602812,0.99576485,d
test_4022.jpg,0.0035896157,0.0006237816,0.00048580166,0.9953009,d
test_4023.jpg,5.8248937e-05,0.00043040467,0.00029581253,0.9992156,d
test_4024.jpg,2.7531252e-05,0.00013981524,0.99981123,2.144136e-05,c
test_4025.jpg,0.9996257,0.00020339222,9.607568e-05,7.4823816e-05,a
test_4026.jpg,0.00017943421,0.0002610752,0.0002610752,0.99929833,d
test_4027.jpg,0.00012337974,7.48336e-05,0.9997564,4.538887e-05,c
test_4028.jpg,9.609163e-05,8.480056e-05,0.9997917,2.7530714e-05,c
test_4029.jpg,3.5346722e-05,0.00020340635,6.6036366e-05,0.9996952,d
test_4030.jpg,0.00020335501,0.00023043141,0.9994429,0.00012334104,c
test_4031.jpg,0.0001088692,0.00015840374,9.6076736e-05,0.99963665,d
test_4032.jpg,0.0007094059,0.0003350996,0.99891794,3.7597136e-05,c
test_4033.jpg,0.000108871776,0.99966025,0.00020339925,2.7527096e-05,b
test_4034.jpg,0.0006144526,0.001013061,0.017956937,0.9804155,d
test_4035.jpg,0.00029552463,0.00042998575,0.0010314822,0.9982431,d
test_4036.jpg,0.00012330685,0.9991658,0.00055262295,0.00015832913,b
test_4037.jpg,0.0138487145,0.010785391,0.00449602,0.9708699,d
test_4038.jpg,0.9997974,5.828285e-05,0.00010888671,3.535034e-05,a
test_4039.jpg,8.4785745e-05,0.00015840062,0.00013978808,0.999617,d
test_4040.jpg,0.00012333426,0.00010884211,0.0003798963,0.99938786,d
test_4041.jpg,0.00033522976,0.00017943556,0.99930584,0.00017943556,c
test_4042.jpg,0.99993575,2.1444032e-05,3.535523e-05,7.410859e-06,a
test_4043.jpg,7.4838295e-05,4.0058043e-05,0.9998191,6.604455e-05,c
test_4044.jpg,1.300629e-05,5.1440875e-05,0.9999225,1.300629e-05,c
test_4045.jpg,3.119829e-05,3.119829e-05,8.4805746e-05,0.9998528,d
test_4046.jpg,0.00010886547,0.9996024,0.00023046818,5.8271482e-05,b
test_4047.jpg,1.0128916e-05,0.9998838,7.4843134e-05,3.119926e-05,b
test_4048.jpg,1.8922923e-05,0.9998635,9.6098534e-05,2.1442482e-05,b
test_4049.jpg,0.5287027,0.0011565324,0.46657845,0.0035623705,a
test_4050.jpg,0.0123335235,0.97977316,0.0027519814,0.0051413774,b
test_4051.jpg,0.0003350248,0.0007092475,0.99869484,0.00026091756,c
test_4052.jpg,0.004607297,0.9948991,0.00037818996,0.00011534143,b
test_4053.jpg,0.9984315,0.00043006692,0.00033493646,0.0008034708,a
test_4054.jpg,0.00012336888,8.479011e-05,0.9996685,0.00012336888,c
test_4055.jpg,0.9988778,0.0006260234,0.00043025918,6.598238e-05,a
test_4056.jpg,0.9995065,0.00013977262,0.0001233489,0.00023044608,a
test_4057.jpg,2.7529783e-05,0.00013980777,7.483371e-05,0.9997578,d
test_4058.jpg,9.604511e-05,0.00026107766,0.00033523038,0.99930763,d
test_4059.jpg,0.99919957,0.0001397297,0.00023037531,0.00043039775,a
test_4060.jpg,0.00013969374,0.000430287,0.99894243,0.0004875791,c
test_4061.jpg,2.429774e-05,5.143832e-05,5.143832e-05,0.9998728,d
test_4062.jpg,0.0007093924,0.00029571875,9.6005824e-05,0.99889886,d
test_4063.jpg,0.00026104486,0.0002958026,0.99918205,0.00026104486,c
test_4064.jpg,0.010964642,0.0014839029,0.9870056,0.00054589735,c
test_4065.jpg,0.0066878,0.00037729988,0.9925575,0.00037729988,c
test_4066.jpg,0.99981815,9.609417e-05,5.8284062e-05,2.7531443e-05,a
test_4067.jpg,0.9997435,9.6087e-05,0.00010888084,5.1431667e-05,a
test_4068.jpg,0.99981505,0.00010888863,5.828388e-05,1.7775581e-05,a
test_4069.jpg,4.005944e-05,7.48409e-05,3.1198328e-05,0.99985385,d
test_4070.jpg,0.00013980347,7.4831405e-05,0.9997271,5.8278754e-05,c
test_4071.jpg,5.8284255e-05,0.9998215,8.480309e-05,3.535119e-05,b
test_4072.jpg,6.6030574e-05,0.9996075,0.00023046936,9.607393e-05,b
test_4073.jpg,0.00010887887,0.9997254,0.00013980323,2.5860998e-05,b
test_4074.jpg,0.000108867454,0.99962056,0.00023047239,4.005009e-05,b
test_4075.jpg,8.479021e-05,0.9996697,0.00017950089,6.6034685e-05,b
test_4076.jpg,0.028451856,0.0071937554,0.022158328,0.9421961,d
test_4077.jpg,0.998703,0.00033502752,0.0008036893,0.0001582558,a
test_4078.jpg,2.4298812e-05,3.1200292e-05,2.7534163e-05,0.9999169,d
test_4079.jpg,0.99948126,0.00017946705,0.00023044026,0.00010885228,a
test_4080.jpg,0.00077717914,0.0330465,0.96576023,0.00041599403,c
test_4081.jpg,0.0002609449,0.0007093218,0.00023028307,0.99879944,d
test_4082.jpg,0.0021807,0.99689543,0.0007079696,0.00021591852,b
test_4083.jpg,6.603449e-05,0.000108872475,0.0001584085,0.9996667,d
test_4084.jpg,0.9997191,0.00012337514,0.00013980236,1.7773875e-05,a
test_4085.jpg,3.119849e-05,5.828645e-05,5.1437615e-05,0.9998591,d
test_4086.jpg,0.002725891,0.003966148,0.9704844,0.022823606,c
test_4087.jpg,0.0001794142,0.00020330295,0.99918693,0.00043039233,c
test_4088.jpg,1.147803e-05,0.9999242,4.539649e-05,1.892407e-05,b
test_4089.jpg,0.0008494543,0.059551343,0.008059398,0.9315398,d
test_4090.jpg,2.4297315e-05,0.9998553,9.609775e-05,2.4297315e-05,b
test_4091.jpg,0.0052158753,0.9939699,0.000705892,0.00010825205,b
test_4092.jpg,0.9997453,0.00015842097,7.483277e-05,2.1439946e-05,a
test_4093.jpg,0.003873576,0.019671641,0.94783276,0.02862207,c
test_4094.jpg,0.0002958227,0.0002958227,0.99925,0.00015834247,c
test_4095.jpg,0.9999454,1.670079e-05,1.8924473e-05,1.8924473e-05,a
test_4096.jpg,3.119662e-05,0.9997992,8.48012e-05,8.48012e-05,b
test_4097.jpg,0.9994019,0.0003799016,0.00011586345,0.00010224913,a
test_4098.jpg,0.99977213,0.00013980977,4.5389585e-05,4.2639567e-05,a
test_4099.jpg,0.00026106602,0.9992631,0.00037984885,9.604083e-05,b
test_4100.jpg,0.00023028022,0.0004302201,0.0005524135,0.9987871,d
test_4101.jpg,0.0011687615,0.00037944134,0.99819106,0.00026078595,c
test_4102.jpg,0.059707783,0.9339869,0.005553689,0.0007516101,b
test_4103.jpg,7.482763e-05,0.00013979641,0.00010887355,0.9996766,d
test_4104.jpg,1.8922923e-05,0.9998635,9.6098534e-05,2.1442482e-05,b
test_4105.jpg,0.99900705,0.0001793819,0.0002609991,0.0005525352,a
test_4106.jpg,0.00010885955,0.00013977844,0.00020337642,0.999548,d
test_4107.jpg,0.00043007784,0.00062575954,0.99845684,0.00048734207,c
test_4108.jpg,0.30952385,0.006423963,0.655262,0.028790202,c
test_4109.jpg,5.137732e-05,0.9986871,0.0005523582,0.000709242,b
test_4110.jpg,6.6034765e-05,0.00012336919,0.00013979561,0.99967086,d
test_4111.jpg,0.996488,0.00070768024,0.00033428447,0.0024700467,a
test_4112.jpg,0.00012334994,0.00015838446,0.99951494,0.00020336968,c
test_4113.jpg,5.827913e-05,0.00012337691,8.479563e-05,0.9997335,d
test_4114.jpg,0.99950135,0.00017947066,0.00017947066,0.0001397719,a
test_4115.jpg,0.00015839886,9.607377e-05,0.00013978651,0.99960583,d
test_4116.jpg,0.999471,0.00015837749,0.00029588814,7.481224e-05,a
test_4117.jpg,0.0003349457,0.9984591,0.00029558857,0.00091047684,b
test_4118.jpg,0.999759,0.00015842314,5.8280617e-05,2.4294975e-05,a
test_4119.jpg,0.0003350226,0.0009106858,0.9986883,6.5969856e-05,c
test_4120.jpg,9.6081334e-05,0.00012337088,9.6081334e-05,0.9996846,d
test_4121.jpg,8.938983e-06,0.9999113,5.8289494e-05,2.1443506e-05,b
test_4122.jpg,0.99969065,8.4791995e-05,0.00013979837,8.4791995e-05,a
test_4123.jpg,5.141693e-05,0.00023043469,0.0002611167,0.99945706,d
test_4124.jpg,0.0002034005,8.478994e-05,0.99966645,4.5384786e-05,c
test_4125.jpg,2.4297573e-05,0.9998659,5.8286845e-05,5.1437964e-05,b
test_4126.jpg,4.5380217e-05,0.00023045974,0.00015839252,0.9995658,d
test_4127.jpg,0.99939775,0.0002611012,0.00029586646,4.5372588e-05,a
test_4128.jpg,0.0002610559,0.00017942092,0.9992243,0.0003352024,c
test_4129.jpg,0.0004281027,0.005215359,0.00048510396,0.99387145,d
test_4130.jpg,0.0001233013,0.0005525981,0.00020328947,0.9991208,d
test_4131.jpg,9.606214e-05,0.0002958922,0.00012334622,0.9994848,d
test_4132.jpg,2.4299476e-05,1.670077e-05,0.9999442,1.4738376e-05,c
test_4133.jpg,0.0007063767,0.002465497,0.9946524,0.0021757933,c
test_4134.jpg,2.7528673e-05,0.99971753,0.0002034109,5.1430332e-05,b
test_4135.jpg,0.9997707,9.6089614e-05,0.0001088838,2.429526e-05,a
test_4136.jpg,5.143225e-05,0.99975485,0.00010888207,8.479744e-05,b
test_4137.jpg,0.99975413,7.4833435e-05,0.00013980725,3.1195214e-05,a
test_4138.jpg,0.0002611446,6.60277e-05,0.9995639,0.00010886128,c
test_4139.jpg,2.7533497e-05,0.9998927,5.828841e-05,2.1443107e-05,b
test_4140.jpg,0.0002609506,0.00043023485,0.00048751998,0.9988213,d
test_4141.jpg,3.119312e-05,0.9996871,0.00012337118,0.00015841173,b
test_4142.jpg,0.9997992,0.0001088869,6.604324e-05,2.5862906e-05,a
test_4143.jpg,0.9900483,0.0009028072,0.008565596,0.0004832379,a
test_4144.jpg,0.00029524343,0.0021815703,0.9972933,0.0002299358,c
test_4145.jpg,9.6079755e-05,9.6079755e-05,0.00013979523,0.9996681,d
test_4146.jpg,0.99948955,0.00013977026,0.0003352914,3.5339453e-05,a
test_4147.jpg,0.0001395596,0.9979832,0.0007087421,0.0011685182,b
test_4148.jpg,4.00506e-05,0.00020339373,0.00012336453,0.9996332,d
test_4149.jpg,0.12074297,0.32821342,0.009911187,0.54113245,d
test_4150.jpg,0.00012335429,0.99955016,9.606842e-05,0.00023045615,b
test_4151.jpg,0.00060766865,0.96959114,0.025838729,0.0039624977,b
test_4152.jpg,0.00037873827,0.9963415,0.0031711368,0.000108510336,b
test_4153.jpg,0.99959844,0.00015839768,0.00015839768,8.478417e-05,a
test_4154.jpg,0.996439,0.0019235797,0.0014980853,0.00013934365,a
test_4155.jpg,0.98175997,0.015868673,0.0014760164,0.00089524925,a
test_4156.jpg,4.0059036e-05,0.99984384,8.480499e-05,3.1198015e-05,b
test_4157.jpg,5.143455e-05,0.99979955,4.005726e-05,0.00010888694,b
test_4158.jpg,4.539393e-05,5.1438063e-05,0.9998678,3.5352827e-05,c
test_4159.jpg,0.005125081,0.0024209172,0.015786361,0.97666764,d
test_4160.jpg,0.9998603,8.480639e-05,4.539359e-05,9.515013e-06,a
test_4161.jpg,9.606031e-05,0.00037992588,0.99946576,5.826352e-05,c
test_4162.jpg,0.51923716,0.4582252,0.020133011,0.0024045454,a
test_4163.jpg,0.00020334724,0.0002958685,0.99940467,9.6054435e-05,c
test_4164.jpg,0.017886765,0.003108254,0.97658426,0.0024207106,c
test_4165.jpg,0.0010287756,0.99562365,0.0031688518,0.00017877438,b
test_4166.jpg,0.0075701736,0.00070413586,0.00022859944,0.9914971,d
test_4167.jpg,0.0011683874,0.0003347486,0.0006253927,0.9978715,d
test_4168.jpg,0.98897576,0.0010219063,0.002451426,0.0075509227,a
test_4169.jpg,2.429759e-05,0.9998666,8.480692e-05,2.429759e-05,b
test_4170.jpg,4.539546e-05,4.006135e-05,0.99990153,1.3006017e-05,c
test_4171.jpg,0.9986601,0.0007092228,0.00033501314,0.00029564806,a
test_4172.jpg,0.81775343,0.1610252,0.014977677,0.0062436243,a
test_4173.jpg,0.0009093805,0.9972568,0.0014993149,0.0003345424,b
test_4174.jpg,0.99978906,9.6091375e-05,7.483605e-05,4.0056842e-05,a
test_4175.jpg,2.4288676e-05,0.9994998,0.00043052708,4.5377223e-05,b
test_4176.jpg,0.00020290609,0.0003790785,0.0021814462,0.9972365,d
test_4177.jpg,0.99978036,9.609054e-05,9.609054e-05,2.7530403e-05,a
test_4178.jpg,0.0014869827,0.008556995,0.9890541,0.0009019006,c
test_4179.jpg,0.0004876924,0.00017941199,0.99917454,0.00015833051,c
test_4180.jpg,0.0027981177,0.00037868405,0.99619883,0.0006243444,c
test_4181.jpg,2.753373e-05,4.0061335e-05,0.9999012,3.11998e-05,c
test_4182.jpg,0.00020323736,0.0005524564,0.99886465,0.0003796974,c
test_4183.jpg,8.4779604e-05,0.00029590994,7.481775e-05,0.99954456,d
test_4184.jpg,6.9618277e-06,0.99993145,5.1441337e-05,1.0129399e-05,b
test_4185.jpg,1.4737326e-05,0.9998729,8.4807456e-05,2.7532953e-05,b
test_4186.jpg,4.005975e-05,5.8286598e-05,4.005975e-05,0.9998616,d
test_4187.jpg,2.7517324e-05,0.99930537,0.00017943548,0.00048775625,b
test_4188.jpg,0.037293565,0.0007740032,0.9618137,0.00011869724,c
test_4189.jpg,0.00059168116,0.9440817,0.05326145,0.0020651706,b
test_4190.jpg,3.1200936e-05,2.4299314e-05,0.99993753,6.96187e-06,c
test_4191.jpg,0.00033524778,7.4803895e-05,0.99935955,0.0002304122,c
test_4192.jpg,0.99985385,7.48409e-05,5.8286143e-05,1.3005397e-05,a
test_4193.jpg,2.144353e-05,0.9999124,5.1440355e-05,1.4737907e-05,b
test_4194.jpg,4.5390625e-05,7.483649e-05,8.480084e-05,0.999795,d
test_4195.jpg,0.000108866465,0.00013978731,0.99961156,0.00013978731,c
test_4196.jpg,0.0057042176,0.8465809,0.1471137,0.0006012201,b
test_4197.jpg,1.6699503e-05,0.9998684,7.4841984e-05,4.0060022e-05,b
test_4198.jpg,0.9998735,4.539419e-05,5.8287293e-05,2.2825632e-05,a
test_4199.jpg,5.827847e-05,0.00017951032,0.9997222,4.0054165e-05,c
test_4200.jpg,0.99965787,0.0001584071,0.000108871514,7.4826225e-05,a
test_4201.jpg,0.99873286,0.00055238354,0.0003796473,0.00033503753,a
test_4202.jpg,0.0014703515,0.977992,0.020297576,0.0002400283,b
test_4203.jpg,9.604511e-05,0.00033523038,0.00026107766,0.99930763,d
test_4204.jpg,0.00048766966,0.00026103074,0.99912804,0.00012330219,c
test_4205.jpg,0.99963653,9.607672e-05,0.00010886919,0.00015840372,a
test_4206.jpg,0.00018067367,0.05332671,0.001254124,0.94523853,d
test_4207.jpg,7.480587e-05,0.99938583,0.00043047802,0.00010884189,b
test_4208.jpg,1.891969e-05,0.00017950503,0.00010887531,0.9996928,d
test_4209.jpg,0.00020335718,0.00020335718,0.9994535,0.00013976521,c
test_4210.jpg,0.9983353,0.00043002548,0.00020312965,0.0010315775,a
test_4211.jpg,0.00012332964,0.00023041008,0.00029585243,0.99935037,d
test_4212.jpg,0.00022984181,0.0028000467,0.9968856,8.455408e-05,c
test_4213.jpg,4.0060768e-05,4.53948e-05,0.999887,2.7533339e-05,c
test_4214.jpg,4.005917e-05,9.609697e-05,0.9998472,1.6699149e-05,c
test_4215.jpg,6.6030996e-05,0.0002959304,0.9996138,2.4291445e-05,c
test_4216.jpg,0.00037681113,0.9912718,0.0024571172,0.0058943173,b
test_4217.jpg,0.00029583738,0.00029583738,0.9992995,0.000108832486,c
test_4218.jpg,0.9996107,0.00015839963,0.0001794903,5.1424835e-05,a
test_4219.jpg,0.0006829783,0.03728935,0.9617051,0.0003226161,c
test_4220.jpg,1.1477968e-05,2.4298859e-05,4.5396246e-05,0.9999188,d
test_4221.jpg,0.0007093977,0.00026097283,0.9989064,0.00012327483,c
test_4222.jpg,0.000796634,0.00070302706,0.008564623,0.9899358,d
test_4223.jpg,1.3005832e-05,0.99988735,8.480868e-05,1.4737539e-05,b
test_4224.jpg,3.119785e-05,4.5392604e-05,8.4804546e-05,0.9998386,d
test_4225.jpg,0.0021805924,0.00048655597,0.99684626,0.00048655597,c
test_4226.jpg,4.0051804e-05,0.99966335,0.0002611706,3.5345598e-05,b
test_4227.jpg,0.00023030837,0.0004302727,0.0004302727,0.99890924,d
test_4228.jpg,0.0021444766,0.013983743,0.9803361,0.0035356444,c
test_4229.jpg,0.0027988157,0.00055111945,0.9964474,0.00020274552,c
test_4230.jpg,1.3844536e-05,0.9998801,6.604858e-05,4.0060488e-05,b
test_4231.jpg,5.8280428e-05,0.00015842263,0.9997558,2.7529726e-05,c
test_4232.jpg,0.00012336059,0.00017948859,9.607332e-05,0.9996012,d
test_4233.jpg,2.7531796e-05,0.99983096,9.6095406e-05,4.539226e-05,b
test_4234.jpg,0.002471119,0.00017900723,0.99692047,0.00042941605,c
test_4235.jpg,1.6700473e-05,4.539659e-05,0.99992645,1.1478056e-05,c
test_4236.jpg,0.0001397741,0.00020337012,0.0001397741,0.9995171,d
test_4237.jpg,0.0085577145,0.001685114,0.98913723,0.0006199187,c
test_4238.jpg,0.0001792307,0.00048719958,0.0011687309,0.99816495,d
test_4239.jpg,2.1441714e-05,0.99982774,8.480362e-05,6.6045126e-05,b
test_4240.jpg,4.5386303e-05,0.0002034073,5.142942e-05,0.99969983,d
test_4241.jpg,0.0004789475,0.017972372,0.9812583,0.00029049636,c
test_4242.jpg,0.99922,0.00048771457,0.00026105475,3.1178548e-05,a
test_4243.jpg,4.0049195e-05,0.9995982,0.00020338662,0.00015839766,b
test_4244.jpg,0.992675,0.0013170617,0.00079883833,0.0052090804,a
test_4245.jpg,0.9993994,0.00013975766,0.0002304214,0.0002304214,a
test_4246.jpg,1.6687136e-05,0.0008040312,0.9991279,5.14e-05,c
test_4247.jpg,0.00013980304,5.1430663e-05,0.999724,8.479482e-05,c
test_4248.jpg,0.00012338329,5.1433806e-05,0.9997851,4.0056682e-05,c
test_4249.jpg,0.00012336888,0.00012336888,0.9996685,8.479011e-05,c
test_4250.jpg,0.0002957675,0.0002610139,0.99906355,0.000379773,c
test_4251.jpg,0.00037988782,9.605068e-05,0.9993656,0.0001583608,c
test_4252.jpg,0.99970573,9.608337e-05,0.0001233735,7.482981e-05,a
test_4253.jpg,0.5268047,0.4649035,0.005852272,0.00243959,a
test_4254.jpg,0.99978787,9.6091266e-05,8.480024e-05,3.1196265e-05,a
test_4255.jpg,0.012353349,0.0011490403,0.005149642,0.98134804,d
test_4256.jpg,0.99922657,0.000203311,0.0004304094,0.00013973347,a
test_4257.jpg,0.00010888048,0.9997402,0.00012337774,2.7529297e-05,b
test_4258.jpg,0.0011570007,0.0066580796,0.0040383297,0.98814666,d
test_4259.jpg,0.00048764475,0.0002957715,0.99907696,0.00013971256,c
test_4260.jpg,4.222568e-06,0.9999329,5.144141e-05,1.147813e-05,b
test_4261.jpg,0.0002033417,0.00029586043,0.9993774,0.00012333297,c
test_4262.jpg,0.9993406,0.00013974942,0.00013974942,0.00037987833,a
test_4263.jpg,0.7534859,0.24462107,0.0010641862,0.000828789,a
test_4264.jpg,5.1434075e-05,0.9997904,9.6091506e-05,6.2041334e-05,b
test_4265.jpg,4.0028834e-05,0.99908996,0.00080400065,6.599639e-05,b
test_4266.jpg,0.0015001694,0.00037930225,0.99782515,0.00029540088,c
test_4267.jpg,2.5861757e-05,0.9997547,0.00012337953,9.608808e-05,b
test_4268.jpg,0.9999037,4.0061434e-05,4.5395558e-05,1.078239e-05,a
test_4269.jpg,2.1442029e-05,0.9998424,9.609651e-05,4.005898e-05,b
test_4270.jpg,8.4746076e-05,0.00062619353,0.00013972267,0.9991493,d
test_4271.jpg,0.9995913,9.607237e-05,0.00026115176,5.1423835e-05,a
test_4272.jpg,5.1434003e-05,0.99978894,8.4800326e-05,7.483604e-05,b
test_4273.jpg,0.9997675,0.0001233811,8.479851e-05,2.4295181e-05,a
test_4274.jpg,3.5352496e-05,0.9998584,8.480622e-05,2.1442373e-05,b
test_4275.jpg,0.00010887302,0.00012336929,0.9996717,9.60801e-05,c
test_4276.jpg,0.00026108796,0.99934703,0.00029585144,9.60489e-05,b
test_4277.jpg,1.6700506e-05,4.0062427e-05,0.9999285,1.4738144e-05,c
test_4278.jpg,8.478872e-05,0.00012336686,0.00013979297,0.999652,d
test_4279.jpg,3.535127e-05,6.6044864e-05,7.4838645e-05,0.99982375,d
test_4280.jpg,0.00023046104,7.4819756e-05,0.9995714,0.0001233569,c
test_4281.jpg,0.9995732,0.000261147,0.00013978194,2.585706e-05,a
test_4282.jpg,3.966553e-06,0.9998869,9.610078e-05,1.3005826e-05,b
test_4283.jpg,0.00043018378,0.00048746212,0.00037963587,0.99870276,d
test_4284.jpg,1.3845079e-05,0.9999193,4.5396268e-05,2.1443679e-05,b
test_4285.jpg,5.1422627e-05,0.9995678,0.0002959168,8.4781575e-05,b
test_4286.jpg,0.9996841,0.00017950348,0.00010887437,2.752775e-05,a
test_4287.jpg,0.99982893,9.609522e-05,5.828469e-05,1.6698845e-05,a
test_4288.jpg,0.99980897,8.480203e-05,8.480203e-05,2.1441312e-05,a
test_4289.jpg,0.9362216,0.0033765424,0.05985064,0.00055120536,a
test_4290.jpg,9.609047e-05,5.8281817e-05,0.99977964,6.604195e-05,c
test_4291.jpg,1.0129252e-05,0.9999169,4.539616e-05,2.7534163e-05,b
test_4292.jpg,0.9989641,0.0007094387,0.00012328196,0.00020325759,a
test_4293.jpg,7.4814845e-05,0.000158383,0.0002611294,0.99950576,d
test_4294.jpg,1.8922314e-05,0.9998313,7.483921e-05,7.483921e-05,b
test_4295.jpg,0.00023041225,0.00023041225,0.00017944524,0.9993598,d
test_4296.jpg,0.99758875,0.001499814,0.000708462,0.00020297775,a
test_4297.jpg,0.98696554,0.012424063,0.00035244352,0.0002578532,a
test_4298.jpg,2.4298175e-05,0.9998907,6.604929e-05,1.8923438e-05,b
test_4299.jpg,6.604847e-05,3.119909e-05,0.9998784,2.4297877e-05,c
test_4300.jpg,7.483249e-05,7.483249e-05,0.000108880624,0.9997415,d
test_4301.jpg,3.1194668e-05,0.0001233773,0.00010888009,0.9997366,d
test_4302.jpg,0.24482745,0.75412166,0.00044399308,0.0006068666,b
test_4303.jpg,0.79251546,0.06505363,0.004712469,0.13771853,a
test_4304.jpg,0.00017919864,0.00080311263,0.001031217,0.99798644,d
test_4305.jpg,0.00020332698,0.000261077,0.00023039966,0.9993051,d
test_4306.jpg,7.4835516e-05,8.479974e-05,0.999782,5.8281956e-05,c
test_4307.jpg,0.00020333838,0.0002958556,0.00013975229,0.9993611,d
test_4308.jpg,9.6046366e-05,0.00037987076,0.00020333016,0.99932075,d
test_4309.jpg,0.00013975713,0.00020334542,0.00026110068,0.9993957,d
test_4310.jpg,0.033025827,0.9651562,0.0014510537,0.00036688385,b
test_4311.jpg,0.00026110877,0.00010884634,0.00020335172,0.9994267,d
test_4312.jpg,0.00012330918,0.0006262156,6.600264e-05,0.99918455,d
test_4313.jpg,0.72668034,0.0048963334,0.0010925196,0.26733077,a
test_4314.jpg,0.00062612974,0.00023034027,0.9990476,9.6020114e-05,c
test_4315.jpg,0.0005525389,0.00020326771,0.00023033249,0.9990138,d
test_4316.jpg,0.0007092209,0.00020319519,0.00043016422,0.99865735,d
test_4317.jpg,9.604211e-05,0.99927646,0.0004877421,0.00013974046,b
test_4318.jpg,0.9996524,0.00020339765,0.00010887092,3.5345212e-05,a
test_4319.jpg,8.4802035e-05,6.60439e-05,0.9998091,4.0057643e-05,c
test_4320.jpg,0.9996668,0.00012336868,0.00015840853,5.142772e-05,a
test_4321.jpg,0.24877419,0.0045564584,0.28189808,0.46477136,d
test_4322.jpg,0.0178264,0.0057873847,0.003097764,0.9732885,d
test_4323.jpg,0.96689993,0.022739306,0.0008816986,0.009479154,a
test_4324.jpg,0.00020339248,0.999627,8.4786596e-05,8.4786596e-05,b
test_4325.jpg,3.5351783e-05,5.1436542e-05,7.483973e-05,0.99983823,d
test_4326.jpg,0.0011648798,0.0011648798,0.0027944017,0.99487585,d
test_4327.jpg,0.00015841179,4.538574e-05,0.99968743,0.00010887473,c
test_4328.jpg,0.00012336881,0.9996679,0.00017950057,2.9302662e-05,b
test_4329.jpg,0.9997329,0.00013980428,9.608598e-05,3.119455e-05,a
test_4330.jpg,4.5395802e-05,4.0061648e-05,0.99990904,5.4217553e-06,c
test_4331.jpg,0.9980096,0.0013241395,0.00048712376,0.0001792028,a
test_4332.jpg,6.603307e-05,0.00023047806,0.99964523,5.827398e-05,c
test_4333.jpg,0.0007986983,0.99250096,0.005901626,0.0007986983,b
test_4334.jpg,0.8344334,0.0009770211,0.16430967,0.00027992122,a
test_4335.jpg,2.143904e-05,9.608311e-05,0.00017950687,0.999703,d
test_4336.jpg,0.999617,0.00013978808,0.00015840062,8.4785745e-05,a
test_4337.jpg,9.6062126e-05,0.00029589218,0.99948466,0.00012334621,c
test_4338.jpg,0.00026114084,0.0001233542,0.99954945,6.602675e-05,c
test_4339.jpg,0.00010888157,7.483314e-05,0.9997502,6.6040004e-05,c
test_4340.jpg,0.0001795053,7.4828946e-05,5.142913e-05,0.9996942,d
test_4341.jpg,0.9307673,0.031849105,0.005534544,0.031849105,a
test_4342.jpg,0.99940753,0.00026110373,0.00026110373,7.027513e-05,a
test_4343.jpg,0.014001253,0.0008950702,0.9815637,0.0035400714,c
test_4344.jpg,0.99500954,0.0014959363,0.001028141,0.0024663822,a
test_4345.jpg,0.00020332228,0.0003352218,0.00017943128,0.99928206,d
test_4346.jpg,8.47984e-05,0.00010888331,0.9997662,4.0055926e-05,c
test_4347.jpg,8.479793e-05,0.00012338026,3.1195417e-05,0.9997607,d
test_4348.jpg,0.0005520643,0.0002607767,0.0010313919,0.99815565,d
test_4349.jpg,0.99189174,0.0075731864,0.00048413768,5.1027735e-05,a
test_4350.jpg,0.99893457,0.0008038756,0.00020325159,5.8232556e-05,a
test_4351.jpg,3.1199816e-05,5.8288922e-05,0.99990153,8.938896e-06,c
test_4352.jpg,1.1477604e-05,0.9998871,6.604905e-05,3.535351e-05,b
test_4353.jpg,5.8282254e-05,0.99978715,0.00012338354,3.1196243e-05,b
test_4354.jpg,0.0027973158,0.0010290749,0.9959133,0.00026019086,c
test_4355.jpg,0.00022955207,0.0005506668,0.99562895,0.0035907987,c
test_4356.jpg,0.00020337525,0.00017947803,0.99954236,7.481758e-05,c
test_4357.jpg,5.421837e-06,0.9999242,5.1440962e-05,1.892407e-05,b
test_4358.jpg,0.00010887044,0.00015840554,8.478837e-05,0.999648,d
test_4359.jpg,0.9998061,8.480178e-05,8.480178e-05,2.4296118e-05,a
test_4360.jpg,0.0029971595,0.16363935,0.0023341903,0.83102924,d
test_4361.jpg,0.00070852146,0.0002953557,0.9976725,0.0013236924,c
test_4362.jpg,0.0006230604,0.004603829,0.99415016,0.0006230604,c
test_4363.jpg,3.533788e-05,0.00013976403,0.000379918,0.999445,d
test_4364.jpg,3.1198244e-05,0.9998512,9.6097356e-05,2.1442218e-05,b
test_4365.jpg,0.9993824,0.0003798942,0.0001794493,5.825866e-05,a
test_4366.jpg,0.99980253,6.604346e-05,9.609267e-05,3.535052e-05,a
test_4367.jpg,0.0001794992,5.1427385e-05,0.99966025,0.000108871776,c
test_4368.jpg,0.000158383,0.0002611294,0.99950576,7.4814845e-05,c
test_4369.jpg,0.0018803996,0.97407115,0.022907957,0.00114052,b
test_4370.jpg,3.5348552e-05,0.000108881206,0.000108881206,0.99974686,d
test_4371.jpg,0.9998709,2.7532897e-05,8.480728e-05,1.6699545e-05,a
test_4372.jpg,6.961507e-06,0.99988544,9.6100644e-05,1.1477585e-05,b
test_4373.jpg,0.57967186,0.0020906234,0.39840227,0.01983528,a
test_4374.jpg,8.4791456e-05,0.00017950352,5.1428622e-05,0.99968433,d
test_4375.jpg,0.9602553,0.0016359101,0.0008756395,0.03723314,a
test_4376.jpg,0.00037987126,0.00015835388,0.00013974683,0.99932206,d
test_4377.jpg,0.00015831747,0.00012329777,0.00062615774,0.9990922,d
test_4378.jpg,0.99959594,0.00017948764,0.00013978513,8.478396e-05,a
test_4379.jpg,0.99956375,0.00013978063,0.00023045928,6.602769e-05,a
test_4380.jpg,0.0006260583,0.00017936873,0.9989336,0.00026097993,c
test_4381.jpg,0.00010886033,0.00029591305,0.9995552,4.004747e-05,c
test_4382.jpg,0.99775225,0.00048699815,0.0015000599,0.00026067128,a
test_4383.jpg,0.99965036,0.00013979274,0.00015840592,5.1426876e-05,a
test_4384.jpg,0.00070596137,0.0006230087,0.99406767,0.004603447,c
test_4385.jpg,0.9997521,0.00015842204,5.8280213e-05,3.119515e-05,a
test_4386.jpg,0.00015837888,0.00020336252,0.00015837888,0.99947983,d
test_4387.jpg,0.9996544,0.00013979331,0.00013979331,6.603368e-05,a
test_4388.jpg,0.99959856,0.0002304673,0.0001397855,3.119036e-05,a
test_4389.jpg,0.0001233804,7.4834e-05,0.99976176,4.0055747e-05,c
test_4390.jpg,0.00037988412,8.47636e-05,0.99935585,0.00017944454,c
test_4391.jpg,0.029020522,0.008314519,0.9610277,0.001637226,c
test_4392.jpg,0.9993893,0.00037989684,0.00017945054,5.1413444e-05,a
test_4393.jpg,1.8923638e-05,0.9999013,5.828891e-05,2.1443291e-05,b
test_4394.jpg,6.1437254e-06,0.9999207,5.8290043e-05,1.473803e-05,b
test_4395.jpg,1.1478056e-05,0.99992645,4.539659e-05,1.6700473e-05,b
test_4396.jpg,0.9993687,0.0002610936,0.00023041431,0.00013975335,a
test_4397.jpg,0.9998091,8.4802035e-05,6.60439e-05,4.0057643e-05,a
test_4398.jpg,0.99982846,9.6095166e-05,4.005842e-05,3.5351437e-05,a
test_4399.jpg,0.9995352,0.0002611371,0.00017947673,2.4289535e-05,a
test_4400.jpg,0.99963343,0.00015840323,0.00012336456,8.478714e-05,a
test_4401.jpg,0.0013241394,0.0004871237,0.9980095,0.00017920278,c
test_4402.jpg,2.144257e-05,0.9998677,9.6098935e-05,1.4737248e-05,b
test_4403.jpg,0.0006227999,0.0052146404,0.99373454,0.00042804374,c
test_4404.jpg,0.0006144526,0.017956937,0.001013061,0.9804155,d
test_4405.jpg,0.9962967,0.0007075444,0.0014978715,0.0014978715,a
test_4406.jpg,9.609307e-05,0.9998067,6.6043736e-05,3.1196854e-05,b
test_4407.jpg,8.479011e-05,0.00012336888,0.00012336888,0.9996685,d
test_4408.jpg,0.00029559873,0.0010317409,0.99849343,0.00017928968,c
test_4409.jpg,5.142739e-05,0.9996604,0.00020339926,8.4789426e-05,b
test_4410.jpg,0.9995739,0.00012335721,0.00012335721,0.00017948369,a
test_4411.jpg,0.000108870176,6.603309e-05,0.00017949656,0.9996456,d
test_4412.jpg,0.9995844,0.00013978351,0.00023046404,4.538106e-05,a
test_4413.jpg,0.005638822,0.041665576,0.0043915194,0.9483041,d
test_4414.jpg,0.00026094954,0.0002956946,0.99881727,0.00062598544,c
test_4415.jpg,0.0004298879,0.0002301024,0.9980159,0.0013241479,c
test_4416.jpg,3.5354045e-05,3.1199837e-05,0.99990225,3.1199837e-05,c
test_4417.jpg,2.1444279e-05,2.429955e-05,0.9999473,6.9619377e-06,c
test_4418.jpg,0.00013979977,8.479284e-05,0.99970067,7.4829426e-05,c
test_4419.jpg,8.478238e-05,0.00015839435,0.00017948431,0.99957734,d
test_4420.jpg,0.00033523687,0.00017943936,0.00015835468,0.99932706,d
test_4421.jpg,0.00061940495,0.010979217,0.98831755,8.382735e-05,c
test_4422.jpg,0.0004302348,0.00026095056,0.00048751992,0.9988212,d
test_4423.jpg,2.7532456e-05,5.14374e-05,6.604692e-05,0.9998549,d
test_4424.jpg,6.603861e-05,9.6085605e-05,0.000108879256,0.999729,d
test_4425.jpg,0.55741465,0.0022780264,0.006192318,0.434115,a
test_4426.jpg,0.00023043636,0.00023043636,7.481174e-05,0.99946433,d
test_4427.jpg,0.012406668,0.0016790599,0.00033062647,0.98558366,d
test_4428.jpg,1.8922809e-05,0.9998574,9.609795e-05,2.7532526e-05,b
test_4429.jpg,3.119415e-05,0.00010887829,0.00013980249,0.99972004,d
test_4430.jpg,0.00015834799,0.00029583302,0.0002610717,0.9992848,d
test_4431.jpg,5.7716497e-06,0.9999474,3.5355642e-05,1.1478297e-05,b
test_4432.jpg,0.6779628,0.32024696,0.0013087761,0.00048147183,a
test_4433.jpg,0.07363036,0.69858545,0.22679749,0.0009866474,b
test_4434.jpg,5.828737e-05,4.539425e-05,0.99987483,2.1442724e-05,c
test_4435.jpg,0.00043030365,0.00015829987,0.00043030365,0.99898106,d
test_4436.jpg,0.0021711455,0.0045963153,0.00070486777,0.9925277,d
test_4437.jpg,6.604099e-05,0.00012338083,0.9997652,4.538927e-05,c
test_4438.jpg,0.9981292,0.0015006264,0.0002954909,7.47118e-05,a
test_4439.jpg,2.7529199e-05,0.9997366,0.0001398048,9.608634e-05,b
test_4440.jpg,0.9980568,0.0010312898,0.0007087944,0.00020307301,a
test_4441.jpg,0.00012336929,0.00010887302,0.9996717,9.60801e-05,c
test_4442.jpg,0.004063835,0.99438757,0.001319334,0.00022926586,b
test_4443.jpg,0.00037985615,0.00015834758,0.9992823,0.00017943133,c
test_4444.jpg,0.43520185,0.005478383,0.55881023,0.000509569,c
test_4445.jpg,3.5352496e-05,8.480622e-05,0.9998584,2.1442373e-05,c
test_4446.jpg,0.9986646,0.00055234577,0.00048744347,0.0002956494,a
test_4447.jpg,0.00010861727,0.99732345,0.0024721178,9.5854404e-05,b
test_4448.jpg,0.00033507205,0.00020323148,0.00062599697,0.99883574,d
test_4449.jpg,0.9998609,6.6047316e-05,5.8286554e-05,1.4737148e-05,a
test_4450.jpg,0.00026101604,0.00017939354,0.99907184,0.00048764225,c
test_4451.jpg,0.96999973,0.0027245297,0.009509543,0.017766165,a
test_4452.jpg,7.480685e-05,0.00023042128,0.0002958668,0.99939895,d
test_4453.jpg,0.0116575835,0.26532543,0.0017877485,0.7212292,d
test_4454.jpg,0.9996012,0.00013978586,0.00017948859,7.964757e-05,a
test_4455.jpg,0.0021608209,0.9878078,0.0014851089,0.008546212,b
test_4456.jpg,0.0005523031,0.0004301341,0.0004301341,0.9985875,d
test_4457.jpg,0.00089341105,0.13259396,0.0018913513,0.8646212,d
test_4458.jpg,0.8942849,0.09425693,0.009934609,0.0015235216,a
test_4459.jpg,0.9998549,5.14374e-05,6.604692e-05,2.7532456e-05,a
test_4460.jpg,0.01451191,0.8978201,0.08351028,0.0041577322,b
test_4461.jpg,0.00023039966,0.000261077,0.00020332698,0.9993051,d
test_4462.jpg,6.6026856e-05,0.00020337704,0.0001794796,0.9995511,d
test_4463.jpg,0.00013980125,0.00010887733,0.9997112,4.0053725e-05,c
test_4464.jpg,0.9976393,0.00029534588,0.00013951151,0.0019258969,a
test_4465.jpg,0.0021799004,0.001029712,0.99653,0.00026035195,c
test_4466.jpg,0.0010310971,0.0008030193,0.0002954143,0.99787045,d
test_4467.jpg,1.8923505e-05,3.535376e-05,5.1439423e-05,0.99989426,d
test_4468.jpg,3.1195414e-05,8.4797925e-05,0.00012338025,0.99976057,d
test_4469.jpg,0.99978906,7.483605e-05,4.0056842e-05,9.6091375e-05,a
test_4470.jpg,0.99954176,0.00017947791,0.0002304542,4.830583e-05,a
test_4471.jpg,0.0012982604,0.8635271,0.13242617,0.0027484177,b
test_4472.jpg,0.00026111671,0.9994572,0.0001583753,0.00012334282,b
test_4473.jpg,2.7528333e-05,0.0001584146,0.000108876666,0.99970514,d
test_4474.jpg,7.47144e-05,0.0015006786,0.00026077882,0.9981639,d
test_4475.jpg,0.0013234194,0.00103068,0.9974668,0.00017910534,c
test_4476.jpg,0.0009082654,0.00026022238,0.99603397,0.0027976546,c
test_4477.jpg,0.00017947739,0.00015838823,0.9995388,0.00012335287,c
test_4478.jpg,0.0007990285,0.9929113,0.0016915435,0.004598092,b
test_4479.jpg,0.99947935,0.0002958906,0.000108852066,0.000115872426,a
test_4480.jpg,0.0002608957,0.0010318626,0.9986112,9.5978176e-05,c
test_4481.jpg,0.002464373,0.038549278,0.08160882,0.8773775,d
test_4482.jpg,5.8287515e-05,4.006038e-05,0.99987733,2.429785e-05,c
test_4483.jpg,6.602771e-05,0.00010886129,0.999564,0.00026114463,c
test_4484.jpg,0.020320022,0.00012861997,0.9790735,0.00047788117,c
test_4485.jpg,0.002465882,0.0021761332,0.00055021263,0.9948078,d
test_4486.jpg,0.00015821293,0.0013247007,0.99843246,8.468528e-05,c
test_4487.jpg,0.99976486,7.4834235e-05,0.00010888316,5.1432766e-05,a
test_4488.jpg,0.9998005,7.48369e-05,0.00010888705,1.5686666e-05,a
test_4489.jpg,0.00020318628,0.00037960196,0.00080361735,0.9986136,d
test_4490.jpg,0.014322708,0.36938754,0.1977189,0.4185709,d
test_4491.jpg,3.1199233e-05,5.828784e-05,0.99988294,2.7533228e-05,c
test_4492.jpg,0.00015838565,0.00017947445,0.99952245,0.00013977486,c
test_4493.jpg,1.8921528e-05,0.9997898,0.00013981224,5.1434046e-05,b
test_4494.jpg,0.00023047373,8.4786545e-05,0.9996264,5.8272886e-05,c
test_4495.jpg,0.0006244421,0.0024697168,0.0005510683,0.9963548,d
test_4496.jpg,0.9998085,5.143501e-05,0.000108887914,3.119691e-05,a
test_4497.jpg,0.998408,0.00080345187,0.00070904376,7.9552505e-05,a
test_4498.jpg,0.0001397818,0.0002033813,0.9995721,8.478194e-05,c
test_4499.jpg,0.089547366,0.4547591,0.4547591,0.00093451067,b
test_4500.jpg,0.9995658,0.00023045974,0.00015839252,4.5380217e-05,a
test_4501.jpg,2.7533857e-05,0.9999058,3.5354173e-05,3.1199947e-05,b
test_4502.jpg,1.6699712e-05,0.9998809,7.484292e-05,2.7533171e-05,b
test_4503.jpg,0.9996927,0.00015841261,0.000108875305,4.005298e-05,a
test_4504.jpg,6.9616326e-06,0.99990344,7.484461e-05,1.4737775e-05,b
test_4505.jpg,0.00029547777,0.00029547777,0.0013242394,0.9980849,d
test_4506.jpg,0.00017949473,0.00013979065,4.5383375e-05,0.99963534,d
test_4507.jpg,0.99922895,0.00029581648,0.00029581648,0.00017942175,a
test_4508.jpg,0.00020339787,5.827446e-05,0.99965346,8.478884e-05,c
test_4509.jpg,0.99885964,0.00033508008,0.000626012,0.00017935544,a
test_4510.jpg,2.144103e-05,0.99979585,0.00015842897,2.4295869e-05,b
test_4511.jpg,0.9995209,0.00013977464,0.0002304494,0.0001088566,a
test_4512.jpg,0.99150825,0.005895723,0.0021689155,0.00042708477,a
test_4513.jpg,1.4736572e-05,0.00012338781,4.0058156e-05,0.99982184,d
test_4514.jpg,0.9998325,5.1436247e-05,8.480403e-05,3.1197662e-05,a
test_4515.jpg,8.475922e-05,0.9993042,0.00048775566,0.00012332393,b
test_4516.jpg,6.603868e-05,0.99973017,0.00015841857,4.5387682e-05,b
test_4517.jpg,6.602766e-05,0.00029591547,7.4819145e-05,0.9995633,d
test_4518.jpg,0.0006215073,0.0066818334,0.0010246923,0.991672,d
test_4519.jpg,0.9965243,0.001322169,0.0019237445,0.0002297585,a
test_4520.jpg,0.0074801696,0.012332716,0.97970897,0.0004781913,c
test_4521.jpg,0.00012335721,0.00017948369,0.00012335721,0.9995739,d
test_4522.jpg,2.7530024e-05,0.99976665,0.000139809,6.604109e-05,b
test_4523.jpg,0.99769187,0.0019259984,0.00017914575,0.00020299874,a
test_4524.jpg,0.9976841,0.0014999574,0.00062527525,0.00019069818,a
test_4525.jpg,0.3133682,0.0094628995,0.6634005,0.013768437,c
test_4526.jpg,0.00010866213,0.00023003771,0.0019260822,0.99773526,d
test_4527.jpg,0.0003351737,0.00023036129,0.00029578977,0.9991387,d
test_4528.jpg,5.8283567e-05,6.604393e-05,0.9998097,6.604393e-05,c
test_4529.jpg,0.01241684,0.00089947286,0.0002920161,0.9863918,d
test_4530.jpg,0.0064934962,0.029101832,0.9637203,0.00068440946,c
test_4531.jpg,0.9996551,9.6078504e-05,0.0002033982,4.5384273e-05,a
test_4532.jpg,9.609466e-05,4.5391906e-05,0.9998233,3.535125e-05,c
test_4533.jpg,5.828402e-05,5.828402e-05,0.99981743,6.604444e-05,c
test_4534.jpg,0.0007489119,0.059493437,0.009123615,0.93063396,d
test_4535.jpg,0.99627197,0.0024695115,0.0007075268,0.0005510225,a
test_4536.jpg,2.1442884e-05,0.9998822,7.484302e-05,2.1442884e-05,b
test_4537.jpg,5.8275204e-05,9.607957e-05,0.00017950026,0.9996662,d
test_4538.jpg,0.00070883473,0.0006255444,0.00055204105,0.99811363,d
test_4539.jpg,0.04429315,0.7851148,0.05019071,0.12040126,b
test_4540.jpg,0.00080362597,0.00048742382,8.470155e-05,0.9986243,d
test_4541.jpg,1.4736756e-05,0.9998343,0.00012338936,2.7531889e-05,b
test_4542.jpg,0.00010880242,0.00015830658,0.00070948084,0.99902344,d
test_4543.jpg,0.0027976218,0.000801532,0.9960223,0.0003786169,c
test_4544.jpg,0.9997849,8.479998e-05,0.000108885346,2.1440796e-05,a
test_4545.jpg,0.99513406,0.00037827928,0.0013203244,0.0031672937,a
test_4546.jpg,0.025598971,0.9605943,0.0064724335,0.0073342277,b
test_4547.jpg,2.7530878e-05,0.99979764,0.00012338483,5.143445e-05,b
test_4548.jpg,0.9998982,6.604978e-05,2.4298357e-05,1.1477731e-05,a
test_4549.jpg,0.0013585031,0.00093368464,0.37667528,0.62103254,d
test_4550.jpg,7.4823816e-05,0.00020339222,0.9996257,9.607568e-05,c
test_4551.jpg,0.00023045349,0.00017947736,0.99953866,5.1421128e-05,c
test_4552.jpg,0.00015835089,0.00020332658,0.00033522883,0.9993031,d
test_4553.jpg,0.6824602,0.17255296,0.063478686,0.08150825,a
test_4554.jpg,0.03242707,0.0030161873,0.83630514,0.12825155,c
test_4555.jpg,0.99990785,3.5354242e-05,3.5354242e-05,2.1443433e-05,a
test_4556.jpg,0.9998611,5.1437717e-05,6.604733e-05,2.144243e-05,a
test_4557.jpg,0.008047129,0.0010890604,0.26648432,0.7243794,d
test_4558.jpg,0.88901025,0.0011795213,0.0036331816,0.10617713,a
test_4559.jpg,0.08266905,0.69217944,0.19831274,0.02683871,b
test_4560.jpg,5.828447e-05,5.828447e-05,0.9998252,5.828447e-05,c
test_4561.jpg,4.0060666e-05,0.9998845,4.0060666e-05,3.5353416e-05,b
test_4562.jpg,0.9998356,5.828508e-05,6.604565e-05,4.005871e-05,a
test_4563.jpg,4.006062e-05,4.5394634e-05,0.9998833,3.1199244e-05,c
test_4564.jpg,0.9998067,9.609307e-05,6.6043736e-05,3.1196854e-05,a
test_4565.jpg,2.1442369e-05,7.484123e-05,4.5393495e-05,0.99985826,d
test_4566.jpg,0.9998191,7.4838295e-05,7.4838295e-05,3.119724e-05,a
test_4567.jpg,0.9998667,7.484186e-05,4.539388e-05,1.3005564e-05,a
test_4568.jpg,0.0010244027,0.00589503,0.0016889547,0.99139166,d
test_4569.jpg,5.1435203e-05,0.9998123,5.1435203e-05,8.480231e-05,b
test_4570.jpg,7.483469e-05,0.000108883825,0.99977094,4.538953e-05,c
test_4571.jpg,0.0005352269,0.24467614,0.7536556,0.0011330753,c
test_4572.jpg,0.00010887123,0.00013979342,0.99965525,9.607852e-05,c
test_4573.jpg,0.009698478,0.0005471506,0.9892715,0.00048285877,c
test_4574.jpg,0.0027989214,0.0004863796,0.00022974944,0.996485,d
test_4575.jpg,5.828508e-05,7.483953e-05,0.9998356,3.1197756e-05,c
test_4576.jpg,0.99971324,0.00012337441,0.00012337441,4.0053805e-05,a
test_4577.jpg,5.4219695e-06,0.9999486,3.120128e-05,1.4738441e-05,b
test_4578.jpg,0.9998379,5.8285215e-05,8.480448e-05,1.8922437e-05,a
test_4579.jpg,0.0007962268,0.0051920507,0.9894298,0.004581969,c
test_4580.jpg,0.00026107766,0.00033523038,0.99930763,9.604511e-05,c
test_4581.jpg,0.00055029406,0.004066154,0.00042856944,0.994955,d
test_4582.jpg,0.00025958728,0.0059081796,0.99360305,0.00022908498,c
test_4583.jpg,0.00048762508,9.601907e-05,0.99903667,0.00037976276,c
test_4584.jpg,7.480258e-05,0.00037987882,0.00020333448,0.9993419,d
test_4585.jpg,4.5373665e-05,0.9994215,0.00048781288,4.5373665e-05,b
test_4586.jpg,3.5325178e-05,0.00080399733,7.4783406e-05,0.9990858,d
test_4587.jpg,1.6700551e-05,3.535507e-05,0.9999312,1.6700551e-05,c
test_4588.jpg,0.118936345,0.001922427,0.87882733,0.00031382756,c
test_4589.jpg,0.0039325496,0.0008774704,0.96226317,0.032926835,c
test_4590.jpg,0.9994593,0.00026111727,0.00013976602,0.00013976602,a
test_4591.jpg,0.0016389061,0.8489744,0.14752962,0.0018571239,b
test_4592.jpg,0.99125636,0.0058942256,0.0016887242,0.0011606418,a
test_4593.jpg,0.015863607,0.0005428228,0.0021469058,0.9814466,d
test_4594.jpg,0.99953306,0.00013977634,0.00026113653,6.602566e-05,a
test_4595.jpg,0.99930334,0.00013974421,0.00029583852,0.00026107652,a
test_4596.jpg,1.6698501e-05,0.9998085,0.00012338617,5.143501e-05,b
test_4597.jpg,0.00037906988,0.9972139,0.00070819573,0.0016988735,b
test_4598.jpg,0.0007094659,0.00010880012,0.9990024,0.00017938107,c
test_4599.jpg,9.605876e-05,0.00029588182,0.00015837411,0.9994497,d
test_4600.jpg,0.99972135,0.00015841717,4.538728e-05,7.483098e-05,a
test_4601.jpg,2.7533468e-05,3.535367e-05,4.5395012e-05,0.99989164,d
test_4602.jpg,0.0007092884,0.00033504414,0.00020321454,0.9987525,d
test_4603.jpg,0.00015836321,0.0002304171,0.0002304171,0.9993808,d
test_4604.jpg,0.9998356,5.828508e-05,7.483953e-05,3.1197756e-05,a
test_4605.jpg,0.0041743643,0.3757643,0.6195306,0.00053071085,c
test_4606.jpg,0.376461,0.22833514,0.376461,0.01874289,a
test_4607.jpg,5.1435363e-05,0.00010888867,0.9998154,2.4296345e-05,c
test_4608.jpg,2.1442269e-05,8.480582e-05,0.9998536,4.005943e-05,c
test_4609.jpg,0.00013980192,0.000108877844,0.999716,3.534746e-05,c
test_4610.jpg,3.5349247e-05,5.8281053e-05,0.00013980898,0.9997665,d
test_4611.jpg,0.0015042949,0.02353113,0.60687584,0.3680888,c
test_4612.jpg,3.9668544e-06,0.9999628,2.4299927e-05,8.939443e-06,b
test_4613.jpg,0.998988,0.00017937848,0.0007094557,0.0001232849,a
test_4614.jpg,0.066927575,0.0029405924,0.92390656,0.0062252334,c
test_4615.jpg,0.9982967,0.00023016713,0.00014860708,0.0013245204,a
test_4616.jpg,0.9992072,0.00023037706,0.0004877083,7.479249e-05,a
test_4617.jpg,1.4738182e-05,3.535506e-05,0.999931,1.89242e-05,c
test_4618.jpg,0.9977883,0.0007086037,0.001323846,0.00017916308,a
test_4619.jpg,2.7527285e-05,7.482692e-05,0.00023048311,0.99966717,d
test_4620.jpg,5.1439565e-05,4.0061168e-05,0.999897,1.1477718e-05,c
test_4621.jpg,0.00013978948,0.00015840221,7.482392e-05,0.999627,d
test_4622.jpg,0.99948764,0.00023044174,0.00023044174,5.1418505e-05,a
test_4623.jpg,5.1439503e-05,3.1199634e-05,0.9998958,2.1443175e-05,c
test_4624.jpg,0.9608839,0.0014446306,0.03725751,0.00041389358,a
test_4625.jpg,5.8281075e-05,0.00012338103,5.1432868e-05,0.9997669,d
test_4626.jpg,0.99971694,0.00012337488,8.479422e-05,7.483065e-05,a
test_4627.jpg,0.99232787,0.0013166012,0.005900597,0.0004550052,a
test_4628.jpg,1.3006143e-05,0.9999112,5.1440293e-05,2.4298673e-05,b
test_4629.jpg,0.00055209035,0.00091024314,0.9982028,0.00033485974,c
test_4630.jpg,2.1443657e-05,0.99991834,4.5396224e-05,1.4737995e-05,b
test_4631.jpg,0.9998832,5.1438852e-05,5.1438852e-05,1.3844579e-05,a
test_4632.jpg,1.4738163e-05,2.4299125e-05,3.1200696e-05,0.9999298,d
test_4633.jpg,4.005842e-05,0.99982846,3.5351437e-05,9.6095166e-05,b
test_4634.jpg,6.14374e-06,0.9999231,3.5354784e-05,3.5354784e-05,b
test_4635.jpg,0.095130466,0.90257275,0.0019743699,0.00032230702,b
test_4636.jpg,0.14766575,0.84975785,0.0021063392,0.00046998778,b
test_4637.jpg,3.966614e-06,0.99990225,7.4844516e-05,1.8923656e-05,b
test_4638.jpg,0.0021002977,0.03722867,0.96014005,0.00053103844,c
test_4639.jpg,6.5737324e-05,0.9951681,0.0046085427,0.00015769564,b
test_4640.jpg,0.9996606,0.00015840754,8.478945e-05,9.6079035e-05,a
test_4641.jpg,0.9998642,6.6047534e-05,4.539377e-05,2.4297531e-05,a
test_4642.jpg,0.99947745,0.00020336204,0.00013976856,0.00017946637,a
test_4643.jpg,0.99982786,6.604513e-05,6.604513e-05,4.00584e-05,a
test_4644.jpg,0.16392586,0.002338277,0.83248425,0.0012515894,c
test_4645.jpg,7.483857e-05,7.483857e-05,0.9998228,2.753157e-05,c
test_4646.jpg,0.46754915,0.52980256,0.002165182,0.00048311742,b
test_4647.jpg,0.00017949028,0.9996106,0.0001583996,5.1424828e-05,b
test_4648.jpg,0.9996269,0.0001794932,7.029055e-05,0.00012336376,a
test_4649.jpg,3.534883e-05,0.9997547,0.00015842245,5.1432246e-05,b
test_4650.jpg,0.00010886782,0.00015840173,0.00010886782,0.9996239,d
test_4651.jpg,0.9992943,0.00029583584,0.00023039716,0.00017943348,a
test_4652.jpg,0.95689857,0.003910626,0.0064475317,0.032743268,a
test_4653.jpg,1.4737415e-05,0.999879,8.480797e-05,2.1442815e-05,b
test_4654.jpg,0.99986255,8.4806576e-05,3.1198597e-05,2.1442462e-05,a
test_4655.jpg,2.75295e-05,0.9997476,0.00020341702,2.1439995e-05,b
test_4656.jpg,0.003847141,0.041360665,0.94136435,0.0134278415,c
test_4657.jpg,0.9984492,0.00037953947,0.0009104679,0.00026085338,a
test_4658.jpg,0.0001397827,0.0001233578,0.00015839454,0.99957854,d
test_4659.jpg,0.00026107053,0.00012332099,0.0003352212,0.9992804,d
test_4660.jpg,0.0003352535,0.00020334155,0.9993767,8.4765365e-05,c
test_4661.jpg,0.00017948564,0.00013978356,0.99958473,9.607174e-05,c
test_4662.jpg,0.001031217,0.00080311263,0.99798644,0.00017919864,c
test_4663.jpg,0.0019052335,0.0014837972,0.9869354,0.0096755745,c
test_4664.jpg,7.472504e-05,0.99830604,0.0007089714,0.0009103373,b
test_4665.jpg,3.1197756e-05,0.9998356,0.000108890876,2.4296836e-05,b
test_4666.jpg,0.0004295958,0.0013232483,0.99733776,0.00090945436,c
test_4667.jpg,0.0066873366,0.99248874,0.0006220191,0.00020194007,b
test_4668.jpg,0.00026100356,0.00033513524,0.99902403,0.00037975798,c
test_4669.jpg,0.99984694,9.609694e-05,4.5392982e-05,1.1477143e-05,a
test_4670.jpg,3.1192514e-05,0.99966764,0.0002611717,4.005198e-05,b
test_4671.jpg,7.480159e-05,0.99932873,0.000108835666,0.00048776763,b
test_4672.jpg,5.828055e-05,0.99975795,0.000108882414,7.483372e-05,b
test_4673.jpg,7.481325e-05,0.00026112387,0.99948454,0.00017946765,c
test_4674.jpg,0.99860877,0.0006258547,0.0006258547,0.00013964708,a
test_4675.jpg,0.0016616358,0.005118198,0.9753559,0.017864266,c
test_4676.jpg,0.9985911,0.0006258437,0.00029562766,0.0004874076,a
test_4677.jpg,0.9986266,0.00043015095,0.0008036278,0.00013964958,a
test_4678.jpg,0.00028900267,0.022958325,0.00053992803,0.97621274,d
test_4679.jpg,0.00012336389,0.99962795,0.000108868255,0.00013978961,b
test_4680.jpg,6.6037304e-05,0.00013980099,0.9997093,8.479358e-05,c
test_4681.jpg,0.0002304481,0.00017947317,0.9995153,7.481556e-05,c
test_4682.jpg,0.99989426,5.1439423e-05,3.535376e-05,1.8923505e-05,a
test_4683.jpg,0.00055214897,0.0007089733,0.9983088,0.00043001407,c
test_4684.jpg,0.99922836,0.00037983563,0.0002958163,9.603749e-05,a
test_4685.jpg,3.5353056e-05,6.60482e-05,0.99987423,2.4297775e-05,c
test_4686.jpg,0.3464287,0.0049415394,0.647214,0.0014157749,c
test_4687.jpg,0.9997149,0.00015841615,0.00010887773,1.7773802e-05,a
test_4688.jpg,5.1435818e-05,6.604489e-05,5.8284415e-05,0.9998242,d
test_4689.jpg,5.8283054e-05,0.99980086,6.604335e-05,7.483693e-05,b
test_4690.jpg,0.9988017,0.0004875104,0.0005524216,0.00015827143,a
test_4691.jpg,3.534142e-05,0.99954516,0.0002611397,0.00015838924,b
test_4692.jpg,9.602422e-05,0.9990903,0.00026102088,0.0005525812,b
test_4693.jpg,2.1441543e-05,0.9998198,0.00012338757,3.535113e-05,b
test_4694.jpg,0.9958691,0.003591665,0.0002444159,0.00029482183,a
test_4695.jpg,0.9995184,0.00020337038,0.00020337038,7.481578e-05,a
test_4696.jpg,8.93862e-06,0.99987066,0.00010889469,1.1477416e-05,b
test_4697.jpg,0.0002027219,0.9963313,0.003171104,0.00029495862,b
test_4698.jpg,0.9995646,0.00023045948,0.00010886136,9.606981e-05,a
test_4699.jpg,0.00026110496,0.00020334877,0.9994122,0.00012333726,c
test_4700.jpg,0.9998072,4.0057566e-05,0.00013981467,1.3004789e-05,a
test_4701.jpg,0.9992318,0.00043041166,0.00017942226,0.0001583396,a
test_4702.jpg,5.1437153e-05,5.828593e-05,0.99985015,4.005929e-05,c
test_4703.jpg,0.0007079136,0.0019243087,0.9968166,0.00055132364,c
test_4704.jpg,4.5395947e-05,0.99991226,2.7534035e-05,1.4737905e-05,b
test_4705.jpg,1.1477508e-05,5.82876e-05,5.1438627e-05,0.99987876,d
test_4706.jpg,3.1198324e-05,0.99985373,9.6097596e-05,1.8922738e-05,b
test_4707.jpg,0.9977896,0.0013238478,0.00033472112,0.0005518618,a
test_4708.jpg,0.0016933269,0.9939581,0.0021742745,0.0021742745,b
test_4709.jpg,0.9996331,0.00023047527,0.000108868815,2.7526348e-05,a
test_4710.jpg,0.00017948907,0.00015839856,0.9996039,5.8271573e-05,c
test_4711.jpg,3.5347242e-05,0.9997098,0.00020340932,5.142993e-05,b
test_4712.jpg,0.000108778324,0.00037967364,0.00070932374,0.9988022,d
test_4713.jpg,0.8657446,0.13276623,0.0013015943,0.00018751243,a
test_4714.jpg,0.075532466,0.0022808828,0.9201738,0.0020128721,c
test_4715.jpg,0.0019058591,0.0011559619,0.009678751,0.9872594,d
test_4716.jpg,0.00016796512,0.99575484,0.0035912527,0.00048602323,b
test_4717.jpg,0.5872403,0.40360397,0.008376533,0.00077913894,a
test_4718.jpg,0.00017946705,0.00023044026,0.00010885228,0.99948126,d
test_4719.jpg,0.00023041225,0.00023041225,0.00017944524,0.9993598,d
test_4720.jpg,0.99543816,0.0009077221,0.0031682616,0.00048586866,a
test_4721.jpg,5.141622e-05,7.481016e-05,0.00043050273,0.99944323,d
test_4722.jpg,0.00015839157,0.00015839157,0.9995598,0.00012335548,c
test_4723.jpg,0.9995927,0.00017948706,0.00017948706,4.830829e-05,a
test_4724.jpg,0.99975115,8.4797124e-05,0.00013980684,2.4294784e-05,a
test_4725.jpg,6.604716e-05,0.9998585,4.0059625e-05,3.53525e-05,b
test_4726.jpg,0.08913824,0.01755236,0.74634534,0.1469641,c
test_4727.jpg,0.00010881351,0.00062617846,0.00013971931,0.9991253,d
test_4728.jpg,0.9998191,7.4838295e-05,7.4838295e-05,3.119724e-05,a
test_4729.jpg,0.0002304481,0.9995153,0.00017947317,7.481556e-05,b
test_4730.jpg,0.9999026,4.006139e-05,5.1439853e-05,5.771391e-06,a
test_4731.jpg,3.535103e-05,0.0001233872,0.99981695,2.4296382e-05,c
test_4732.jpg,3.120018e-05,3.120018e-05,0.9999132,2.4298723e-05,c
test_4733.jpg,0.00017947996,0.00010886011,0.00015839051,0.99955314,d
test_4734.jpg,0.041612826,0.010521371,0.94710356,0.0007621655,c
test_4735.jpg,1.3006054e-05,0.9999044,5.828909e-05,2.4298508e-05,b
test_4736.jpg,0.00023044321,0.9994941,0.00017946935,9.606303e-05,b
test_4737.jpg,5.1430925e-05,9.608562e-05,0.00012337638,0.9997291,d
test_4738.jpg,0.66791004,0.0027295956,0.01386203,0.31549838,a
test_4739.jpg,4.8295016e-05,0.999318,0.0002033296,0.00043044877,b
test_4740.jpg,2.1443011e-05,0.9998882,6.604912e-05,2.4298113e-05,b
test_4741.jpg,5.8275928e-05,0.00012337013,0.00013979668,0.9996786,d
test_4742.jpg,1.1477902e-05,3.5354427e-05,4.0061812e-05,0.9999131,d
test_4743.jpg,0.9989215,0.00029572545,0.00055248785,0.0002303112,a
test_4744.jpg,0.00013975012,0.0003352431,0.0001794427,0.9993456,d
test_4745.jpg,0.000258794,0.004587234,0.004587234,0.9905667,d
test_4746.jpg,0.053164095,0.9423561,0.003851194,0.0006286901,b
test_4747.jpg,0.00015833207,0.0006262155,0.9991843,3.1177435e-05,c
test_4748.jpg,0.0002957117,0.00062602165,0.9988751,0.00020323948,c
test_4749.jpg,0.00010880247,0.00048761885,0.00037975793,0.9990239,d
test_4750.jpg,0.00010885955,0.00013977844,0.00020337642,0.999548,d
test_4751.jpg,3.1200652e-05,1.8924151e-05,0.99992836,2.1443871e-05,c
test_4752.jpg,0.9995447,0.00017947845,0.00023045488,4.537926e-05,a
test_4753.jpg,2.4295572e-05,0.9997836,9.609085e-05,9.609085e-05,b
test_4754.jpg,0.0005509849,0.0013217442,0.0019231265,0.9962042,d
test_4755.jpg,0.9995223,0.00015838562,0.00013977484,0.00017947443,a
test_4756.jpg,1.892422e-05,2.753458e-05,2.1443951e-05,0.99993205,d
test_4757.jpg,0.99934465,0.00037987987,9.6048665e-05,0.00017944253,a
test_4758.jpg,0.0010101071,0.97755677,0.0011446013,0.020288542,b
test_4759.jpg,0.00033516934,0.00048766856,0.9991258,5.1399886e-05,c
test_4760.jpg,0.9987041,0.0010319586,0.0001793275,8.4708314e-05,a
test_4761.jpg,0.00013975012,0.0003352431,0.9993456,0.0001794427,c
test_4762.jpg,4.0061725e-05,2.1443499e-05,0.99991095,2.7533999e-05,c
test_4763.jpg,0.9993954,0.00020334535,0.0003352598,6.601657e-05,a
test_4764.jpg,0.99942636,0.00026110865,0.00026110865,5.141535e-05,a
test_4765.jpg,2.7533975e-05,3.120008e-05,0.9999101,3.120008e-05,c
test_4766.jpg,9.6075906e-05,0.99962807,0.0002304741,4.5383047e-05,b
test_4767.jpg,0.9992879,0.00015834847,0.0004304358,0.00012332192,a
test_4768.jpg,0.00013979942,0.99969816,9.6082644e-05,6.603656e-05,b
test_4769.jpg,0.00012337441,0.00012337441,4.0053805e-05,0.99971324,d
test_4770.jpg,0.00017916698,0.0019262265,0.99781007,8.4632484e-05,c
test_4771.jpg,1.14775485e-05,0.9998822,8.480824e-05,2.1442884e-05,b
test_4772.jpg,0.0002303598,0.00055260444,0.99913234,8.4744635e-05,c
test_4773.jpg,3.535127e-05,0.99982375,6.6044864e-05,7.4838645e-05,b
test_4774.jpg,7.4831856e-05,9.6086e-05,0.99973303,9.6086e-05,c
test_4775.jpg,0.0009086743,0.00042922737,0.9964824,0.0021797963,c
test_4776.jpg,0.99965334,0.00017949795,0.00010887102,5.8274454e-05,a
test_4777.jpg,9.6057774e-05,0.00020335431,0.0002611121,0.9994394,d
test_4778.jpg,5.8279387e-05,0.00015841979,0.9997379,4.538803e-05,c
test_4779.jpg,0.01131513,0.07378391,0.7932518,0.12164912,c
test_4780.jpg,0.001165563,0.002467497,0.00090774137,0.99545926,d
test_4781.jpg,0.00020337038,0.00020337038,0.9995184,7.481578e-05,c
test_4782.jpg,0.5840377,0.3126129,0.0018588641,0.10149053,a
test_4783.jpg,0.99979407,5.143427e-05,0.00012338438,3.119646e-05,a
test_4784.jpg,0.0016998487,0.00033472,0.9977863,0.00017916271,c
test_4785.jpg,1.3006023e-05,0.999902,6.605003e-05,1.8923653e-05,b
test_4786.jpg,0.99935037,0.00017944355,0.00037988203,9.022989e-05,a
test_4787.jpg,0.00020335865,0.99946076,0.00026111765,7.481147e-05,b
test_4788.jpg,8.4799096e-05,0.9997744,7.483495e-05,6.6041604e-05,b
test_4789.jpg,0.9993948,0.0001233351,0.00043048186,5.141373e-05,a
test_4790.jpg,4.2226798e-06,0.99995935,2.7535332e-05,8.9394125e-06,b
test_4791.jpg,3.1193973e-05,9.60842e-05,0.00015841605,0.9997143,d
test_4792.jpg,0.9996191,0.00020339088,0.00013978838,3.762353e-05,a
test_4793.jpg,0.0003351544,0.0004876468,0.99908113,9.602334e-05,c
test_4794.jpg,0.9886363,0.010982758,0.00021412967,0.00016676437,a
test_4795.jpg,2.429229e-05,0.9996486,0.0002959407,3.119192e-05,b
test_4796.jpg,1.4736971e-05,0.99984884,0.000108892316,2.753229e-05,b
test_4797.jpg,5.8283604e-05,9.609342e-05,0.9998103,3.5350793e-05,c
test_4798.jpg,0.053340223,0.0009769602,0.00020478197,0.945478,d
test_4799.jpg,9.6087366e-05,0.99974734,0.00012337862,3.3206903e-05,b
test_4800.jpg,0.015893914,0.98332167,0.0002734699,0.000510909,b
test_4801.jpg,4.0043444e-05,0.9994547,0.00043050764,7.481102e-05,b
test_4802.jpg,4.005975e-05,0.9998616,5.8286598e-05,4.005975e-05,b
test_4803.jpg,2.753159e-05,0.9998235,0.00010888955,4.005822e-05,b
test_4804.jpg,4.2637894e-05,0.9997329,0.000158419,6.603886e-05,b
test_4805.jpg,0.00055022707,0.0010279594,0.0035879312,0.9948338,d
test_4806.jpg,0.0001397794,0.00023045726,0.99955493,7.481853e-05,c
test_4807.jpg,0.00092944823,0.00443415,0.037126683,0.95750976,d
test_4808.jpg,0.9998275,7.483893e-05,7.483893e-05,2.2824583e-05,a
test_4809.jpg,3.1185114e-05,0.9994305,0.00015837108,0.0003799125,b
test_4810.jpg,2.4295827e-05,0.99979407,0.00012338438,5.8282658e-05,b
test_4811.jpg,0.0004872858,0.00026082527,0.99834156,0.0009103697,c
test_4812.jpg,1.3005619e-05,0.9998709,8.480728e-05,3.119886e-05,b
test_4813.jpg,0.0002033768,0.00012335426,0.00012335426,0.9995499,d
test_4814.jpg,0.9997974,0.00010888671,3.535034e-05,5.828285e-05,a
test_4815.jpg,0.0016936894,0.00358554,0.99417084,0.00054986036,c
test_4816.jpg,0.99967086,0.00012336919,0.00013979561,6.6034765e-05,a
test_4817.jpg,6.6046545e-05,0.9998492,3.3210286e-05,5.1437106e-05,b
test_4818.jpg,0.14674152,0.0023718562,0.84443927,0.006447373,c
test_4819.jpg,0.9992136,0.00048771143,0.0002610531,3.7608264e-05,a
test_4820.jpg,6.5951805e-05,0.998415,0.00048732164,0.0010316599,b
test_4821.jpg,0.9996842,0.00020340411,8.479145e-05,2.7527754e-05,a
test_4822.jpg,5.8270176e-05,0.00015839476,0.00020338291,0.99957997,d
test_4823.jpg,1.0129399e-05,0.99993145,4.539682e-05,1.3006406e-05,b
test_4824.jpg,0.00015833152,0.99918085,0.00043038971,0.000230371,b
test_4825.jpg,0.67608976,0.026214844,0.04897578,0.24871954,a
test_4826.jpg,0.00013966436,0.0010319878,9.598982e-05,0.9987324,d
test_4827.jpg,0.587268,0.008376928,0.00073196786,0.403623,a
test_4828.jpg,0.00037135996,0.9769315,0.0024215712,0.020275567,b
test_4829.jpg,0.9998838,6.604883e-05,3.5353394e-05,1.4737486e-05,a
test_4830.jpg,0.00015835458,0.0004304524,8.47611e-05,0.99932647,d
test_4831.jpg,0.99978083,7.483543e-05,9.609059e-05,4.8317383e-05,a
test_4832.jpg,0.00037945286,0.0013244206,0.99822134,7.47187e-05,c
test_4833.jpg,0.00029565973,0.9986994,0.00070925074,0.00029565973,b
test_4834.jpg,6.604019e-05,9.608792e-05,8.4797284e-05,0.99975306,d
test_4835.jpg,0.0040666196,0.995069,0.00070667255,0.00015767996,b
test_4836.jpg,0.00062582985,0.00017930326,0.00062582985,0.998569,d
test_4837.jpg,7.478937e-05,0.00037981177,0.00037981177,0.99916553,d
test_4838.jpg,0.00010887783,0.99971586,0.00013980191,3.5347457e-05,b
test_4839.jpg,8.476738e-05,0.00017945256,0.00033526152,0.9994005,d
test_4840.jpg,7.4838536e-05,5.143572e-05,0.9998223,5.143572e-05,c
test_4841.jpg,0.9996439,0.00020339592,0.00012336585,2.930196e-05,a
test_4842.jpg,1.8922497e-05,0.999841,0.00010889146,3.1197924e-05,b
test_4843.jpg,0.00023002774,0.9976921,0.0011681772,0.0009097774,b
test_4844.jpg,0.0492667,0.008561269,0.41250506,0.52966696,d
test_4845.jpg,4.5395012e-05,2.7533468e-05,0.99989164,3.535367e-05,c
test_4846.jpg,0.0003351626,0.000379789,0.99910563,0.0001793996,c
test_4847.jpg,5.1415056e-05,0.00048781247,0.99942064,4.004208e-05,c
test_4848.jpg,5.1438055e-05,6.604777e-05,0.9998677,1.4737248e-05,c
test_4849.jpg,0.99986076,7.484142e-05,4.539361e-05,1.8922872e-05,a
test_4850.jpg,5.143675e-05,8.480486e-05,0.9998423,2.1442027e-05,c
test_4851.jpg,6.604529e-05,0.99983025,5.8284768e-05,4.5392226e-05,b
test_4852.jpg,0.9995956,0.00020338608,0.00015839723,4.2632037e-05,a
test_4853.jpg,0.33841926,0.38347927,0.18114278,0.09695874,b
test_4854.jpg,5.8282254e-05,0.99978715,0.00012338354,3.1196243e-05,b
test_4855.jpg,9.6067655e-05,0.00015838878,0.00020337522,0.99954224,d
test_4856.jpg,0.00020336057,0.0002304377,0.9994702,9.606073e-05,c
test_4857.jpg,0.00043028546,0.00033510666,0.0002957306,0.99893886,d
test_4858.jpg,0.9997887,7.483602e-05,0.00010888576,2.7530632e-05,a
test_4859.jpg,0.9999145,3.535448e-05,3.535448e-05,1.4737939e-05,a
test_4860.jpg,0.9993767,0.00020334155,0.0003352535,8.4765365e-05,a
test_4861.jpg,1.3005353e-05,0.9998505,0.0001088925,2.7532335e-05,b
test_4862.jpg,9.6050586e-05,0.00043046888,0.00010883958,0.9993647,d
test_4863.jpg,0.0003798197,0.00020330284,0.00023037229,0.99918646,d
test_4864.jpg,7.481713e-05,0.00023045296,0.00015838785,0.9995364,d
test_4865.jpg,9.608462e-05,0.0001398023,0.9997187,4.538716e-05,c
test_4866.jpg,0.000108880115,0.000108880115,4.5387984e-05,0.99973685,d
test_4867.jpg,0.9988697,0.0009108513,0.00017935724,4.0020008e-05,a
test_4868.jpg,4.539087e-05,0.000108887034,0.9998004,4.539087e-05,c
test_4869.jpg,0.00012324999,0.0002609202,0.0009107011,0.998705,d
test_4870.jpg,0.0011446013,0.020288542,0.0010101071,0.97755677,d
test_4871.jpg,0.00029555106,0.0011689271,0.99833244,0.00020312908,c
test_4872.jpg,0.9994431,0.00023043147,0.00023043147,9.605813e-05,a
test_4873.jpg,0.0001233761,7.48314e-05,0.99972695,7.48314e-05,c
test_4874.jpg,9.515483e-06,0.99990964,6.605054e-05,1.4737867e-05,b
test_4875.jpg,0.9997626,5.143265e-05,0.0001584237,2.7529913e-05,a
test_4876.jpg,0.00012302956,0.9969189,0.0028001403,0.00015797309,b
test_4877.jpg,6.604808e-05,4.0060182e-05,0.99987245,2.1442673e-05,c
test_4878.jpg,0.0005520653,0.000487196,0.00080325035,0.99815756,d
test_4879.jpg,2.1443773e-05,4.0062238e-05,0.9999237,1.4738074e-05,c
test_4880.jpg,5.8283986e-05,8.480269e-05,0.99981683,4.0057956e-05,c
test_4881.jpg,0.9995338,0.00023045237,0.00013977643,9.606684e-05,a
test_4882.jpg,0.00017932059,0.0010319188,0.9986656,0.00012324512,c
test_4883.jpg,0.9986492,0.00026090562,0.0009106502,0.00017931765,a
test_4884.jpg,8.479376e-05,0.0001584156,4.538683e-05,0.99971145,d
test_4885.jpg,0.99988985,5.8288242e-05,2.7533419e-05,2.4298155e-05,a
test_4886.jpg,4.0008927e-05,0.99859315,0.00033499068,0.001031844,b
test_4887.jpg,5.143225e-05,8.479744e-05,0.00010888207,0.99975485,d
test_4888.jpg,4.539066e-05,0.00012338461,0.99979585,3.5350284e-05,c
test_4889.jpg,0.00020336051,0.00020336051,0.99946994,0.00012334439,c
test_4890.jpg,7.484163e-05,4.005983e-05,0.9998636,2.1442484e-05,c
test_4891.jpg,0.0002301842,0.0002301842,0.9983707,0.0011689719,c
test_4892.jpg,0.00012321591,0.0013246959,0.9984289,0.00012321591,c
test_4893.jpg,0.000909199,0.0016986076,0.9970578,0.00033447563,c
test_4894.jpg,8.4785635e-05,0.00020339018,9.607472e-05,0.99961567,d
test_4895.jpg,5.8281068e-05,6.6041095e-05,0.000108883374,0.99976677,d
test_4896.jpg,6.961693e-06,0.99991214,6.60507e-05,1.4737903e-05,b
test_4897.jpg,0.293487,0.0015400787,0.00093410484,0.7040388,d
test_4898.jpg,0.00010889055,4.5392335e-05,0.99983263,1.3005121e-05,c
test_4899.jpg,0.99862087,0.000709195,0.000335,0.000335,a
test_4900.jpg,8.479974e-05,5.8281956e-05,0.999782,7.4835516e-05,c
test_4901.jpg,7.4832315e-05,0.9997392,0.00015841999,2.7529271e-05,b
test_4902.jpg,0.0016993255,0.99747926,0.0004868649,0.000334617,b
test_4903.jpg,0.0009100455,0.0005519705,0.9979861,0.0005519705,c
test_4904.jpg,0.0004867908,0.0004867908,0.001699067,0.99732745,d
test_4905.jpg,0.00015830858,0.00017938713,0.0006261226,0.9990362,d
test_4906.jpg,0.16309336,0.002326402,0.006323816,0.8282565,d
test_4907.jpg,7.88883e-06,0.9999373,4.006278e-05,1.4738274e-05,b
test_4908.jpg,6.601306e-05,0.99934226,0.00029585004,0.00029585004,b
test_4909.jpg,4.538369e-05,0.99964225,0.00020339558,0.00010886981,b
test_4910.jpg,6.961534e-06,0.99988925,8.480884e-05,1.892341e-05,b
test_4911.jpg,0.702851,0.0036882234,0.29299188,0.000468905,a
test_4912.jpg,5.142592e-05,0.00015840297,0.00015840297,0.99963176,d
test_4913.jpg,0.99993014,3.1200707e-05,3.1200707e-05,7.4108175e-06,a
test_4914.jpg,2.1440846e-05,0.9997873,0.00013981189,5.143392e-05,b
test_4915.jpg,4.538716e-05,9.608462e-05,0.0001398023,0.9997187,d
test_4916.jpg,3.534566e-05,0.00020340024,9.607947e-05,0.99966514,d
test_4917.jpg,5.828508e-05,4.005871e-05,0.9998356,6.604565e-05,c
test_4918.jpg,0.00018764196,0.98169476,0.017980367,0.0001372818,b
test_4919.jpg,3.53494e-05,0.9997708,0.000158425,3.53494e-05,b
test_4920.jpg,0.0012490943,0.02508873,0.032214567,0.9414476,d
test_4921.jpg,0.00013978063,6.602769e-05,0.99956375,0.00023045928,c
test_4922.jpg,2.4293779e-05,0.9997098,0.00023049295,3.5347242e-05,b
test_4923.jpg,0.99975127,9.6087744e-05,0.00012337911,2.9305107e-05,a
test_4924.jpg,7.483519e-05,9.6090276e-05,0.9997776,5.143342e-05,c
test_4925.jpg,0.00043024935,0.00037969372,0.0003350785,0.998855,d
test_4926.jpg,0.00012336929,0.00010887302,9.60801e-05,0.9996717,d
test_4927.jpg,0.999731,5.8278983e-05,0.0001795119,3.1194493e-05,a
test_4928.jpg,0.9995987,9.607308e-05,0.00023046733,7.482179e-05,a
test_4929.jpg,0.00019027606,0.0011655822,0.003168381,0.9954757,d
test_4930.jpg,1.01291525e-05,0.99990714,6.605037e-05,1.6700149e-05,b
test_4931.jpg,0.00015822257,0.9984933,0.00017928967,0.0011691154,b
test_4932.jpg,8.479198e-05,8.479198e-05,0.00013979836,0.99969053,d
test_4933.jpg,0.0001583994,0.00010886622,0.00012336158,0.9996093,d
test_4934.jpg,0.00054769963,0.008567464,0.9902642,0.000620625,c
test_4935.jpg,6.14395e-06,0.9999573,2.7535276e-05,8.939395e-06,b
test_4936.jpg,0.99530905,0.0013205565,0.00020251391,0.0031678507,a
test_4937.jpg,0.99948955,0.00013977026,0.00029589364,7.481363e-05,a
test_4938.jpg,0.00025996528,0.004066542,0.0006236243,0.9950499,d
test_4939.jpg,0.9996865,0.00020340458,7.4828364e-05,3.5346417e-05,a
test_4940.jpg,0.0004304358,0.00015834847,0.00012332192,0.9992879,d
test_4941.jpg,0.00010886547,0.00023046818,5.8271482e-05,0.9996024,d
test_4942.jpg,0.0011370517,0.02587918,0.97110903,0.0018746816,c
test_4943.jpg,0.00052313256,0.0004074161,0.8347061,0.16436337,c
test_4944.jpg,0.017196791,0.0026372136,0.938913,0.041252956,c
test_4945.jpg,0.00023045296,0.00015838785,0.9995364,7.481713e-05,c
test_4946.jpg,0.97408223,0.015744573,0.0027359966,0.007437209,a
test_4947.jpg,0.005931903,0.19643767,0.020704377,0.77692604,d
test_4948.jpg,0.0005426629,0.017970528,0.9811576,0.0003291417,c
test_4949.jpg,2.1440064e-05,0.9997508,0.00020341767,2.4294775e-05,b
test_4950.jpg,0.00026079535,0.0007089153,0.0008033063,0.99822706,d
test_4951.jpg,0.00010887137,0.99965656,0.0002033985,3.119217e-05,b
test_4952.jpg,0.00010883961,0.00029585673,0.00023041343,0.9993649,d
test_4953.jpg,5.8283054e-05,6.604335e-05,7.483693e-05,0.99980086,d
test_4954.jpg,0.00020335158,0.999426,0.0002958748,7.480887e-05,b
test_4955.jpg,9.608611e-05,8.479569e-05,8.479569e-05,0.9997342,d
test_4956.jpg,1.0781842e-05,0.9998529,8.480575e-05,5.1437295e-05,b
test_4957.jpg,0.99693704,0.0016984019,0.0003344351,0.0010301326,a
test_4958.jpg,0.00855788,0.00037600705,0.9891565,0.0019095213,c
test_4959.jpg,0.99972075,0.00020341156,5.1430496e-05,2.4294046e-05,a
test_4960.jpg,0.0003796576,0.0004302084,0.0004302084,0.99876,d
test_4961.jpg,0.9964193,0.0006244825,0.00048634756,0.0024698765,a
test_4962.jpg,0.00010885801,0.00026113677,0.9995339,9.6066855e-05,c
test_4963.jpg,2.4294628e-05,5.143173e-05,0.00017951436,0.9997447,d
test_4964.jpg,0.40379733,0.5875216,0.007395806,0.0012851984,b
test_4965.jpg,0.00028040892,0.00028040892,0.34844962,0.6509896,d
test_4966.jpg,0.00010886923,0.00017949501,7.482466e-05,0.9996369,d
test_4967.jpg,0.0003798356,0.00029581628,0.99922824,9.6037475e-05,c
test_4968.jpg,3.119627e-05,9.609127e-05,8.4800246e-05,0.999788,d
test_4969.jpg,0.00017949549,8.4787665e-05,0.99963963,9.607702e-05,c
test_4970.jpg,0.00061896455,0.010971411,0.98761487,0.0007947663,c
test_4971.jpg,0.0001794861,0.00015839592,0.99958736,7.482095e-05,c
test_4972.jpg,6.602439e-05,8.4777e-05,0.00033529956,0.99951386,d
test_4973.jpg,0.9771663,0.003524212,0.008454145,0.010855338,a
test_4974.jpg,1.3005694e-05,0.99987674,7.484261e-05,3.5353143e-05,b
test_4975.jpg,0.018523946,0.54134905,0.42160308,0.018523946,b
test_4976.jpg,9.6090414e-05,8.479949e-05,0.99977905,4.005644e-05,c
test_4977.jpg,0.0027838284,0.005200876,0.99111146,0.0009037767,c
test_4978.jpg,2.1441781e-05,0.99983084,0.00012338893,2.4296722e-05,b
test_4979.jpg,3.119969e-05,4.0061186e-05,0.9998975,3.119969e-05,c
test_4980.jpg,0.99972004,0.00013980249,0.00010887829,3.119415e-05,a
test_4981.jpg,5.827219e-05,0.00026115784,6.603104e-05,0.9996145,d
test_4982.jpg,7.4820346e-05,0.99957925,0.0002611486,8.478254e-05,b
test_4983.jpg,0.000108515094,0.9963852,0.00070760725,0.002798641,b
test_4984.jpg,0.80633104,0.0047946195,0.008957529,0.17991678,a
test_4985.jpg,3.5341214e-05,4.5379016e-05,0.00037995385,0.9995394,d
test_4986.jpg,9.608476e-05,7.483089e-05,0.000108878296,0.99972016,d
test_4987.jpg,6.6044384e-05,5.1435418e-05,0.9998165,6.6044384e-05,c
test_4988.jpg,5.82831e-05,0.00010888717,0.9998017,3.1196698e-05,c
test_4989.jpg,0.0010288563,0.002468098,0.0008012741,0.99570173,d
test_4990.jpg,2.1439337e-05,0.9997168,0.00020341076,5.8278158e-05,b
test_4991.jpg,0.0031701594,0.0005508911,0.00024445646,0.99603444,d
test_4992.jpg,3.1200838e-05,2.1444e-05,0.9999343,1.3006444e-05,c
test_4993.jpg,0.00012333597,0.00013975796,0.9994017,0.00033526192,c
test_4994.jpg,0.07519352,0.006994087,0.80840653,0.10940592,c
test_4995.jpg,0.00033519918,0.99921465,0.00037983045,7.0261565e-05,b
test_4996.jpg,1.8920335e-05,0.9997267,0.00017951113,7.483138e-05,b
test_4997.jpg,0.9985079,0.0011691325,0.00026086872,6.196176e-05,a
test_4998.jpg,0.0118462145,0.025078438,0.5707826,0.39229277,c
test_4999.jpg,0.9994466,0.00033527697,0.000102253696,0.00011586863,a
test_5000.jpg,0.00012336591,0.00012336591,0.000108870045,0.9996444,d
test_5001.jpg,0.0052046333,0.9918276,0.0007981564,0.0021696142,b
test_5002.jpg,0.00033520957,0.0002958214,0.99924564,0.0001233167,c
test_5003.jpg,0.99970585,9.6083386e-05,0.00013980051,5.8277517e-05,a
test_5004.jpg,5.8287293e-05,5.1438357e-05,0.9998735,1.6699589e-05,c
test_5005.jpg,0.9997062,0.0002034086,6.60371e-05,2.4293691e-05,a
test_5006.jpg,4.0056668e-05,0.99978477,0.00013981154,3.534989e-05,b
test_5007.jpg,3.5351648e-05,4.5392415e-05,8.480419e-05,0.9998344,d
test_5008.jpg,3.5352128e-05,0.999848,5.8285805e-05,5.8285805e-05,b
test_5009.jpg,4.5375207e-05,0.9994554,0.0002958835,0.00020335756,b
test_5010.jpg,4.005469e-05,0.9997353,8.479578e-05,0.00013980462,b
test_5011.jpg,0.9999453,2.4299501e-05,2.4299501e-05,6.1438764e-06,a
test_5012.jpg,0.0006446169,0.966229,0.007377249,0.02574913,b
test_5013.jpg,9.607904e-05,0.99966073,8.4789455e-05,0.00015840757,b
test_5014.jpg,0.0003794212,0.0013243101,0.00015816628,0.99813807,d
test_5015.jpg,0.00043034225,0.00029576963,0.00020327928,0.9990707,d
test_5016.jpg,5.1423995e-05,0.9995944,0.00029592466,5.8271016e-05,b
test_5017.jpg,0.0002611069,0.00013976048,0.000179456,0.9994197,d
test_5018.jpg,3.3206903e-05,0.99974734,0.00012337862,9.6087366e-05,b
test_5019.jpg,0.0010320754,8.47179e-05,0.9988172,6.597837e-05,c
test_5020.jpg,0.9968424,0.0016982405,0.0010300349,0.0004293824,a
test_5021.jpg,0.022542113,0.12972091,0.0018503694,0.8458866,d
test_5022.jpg,0.00037874145,0.0024697045,0.0008017956,0.9963498,d
test_5023.jpg,0.0064690528,0.0044461107,0.96009254,0.028992284,c
test_5024.jpg,7.482763e-05,0.00013979641,0.00010887355,0.9996766,d
test_5025.jpg,9.6033706e-05,0.00033519056,0.00037982067,0.99918896,d
test_5026.jpg,0.0010316289,0.00048730703,0.9983851,9.5956435e-05,c
test_5027.jpg,0.00043732073,0.04190527,0.0038977973,0.95375955,d
test_5028.jpg,0.00033525017,0.9993667,0.00013975307,0.00015836097,b
test_5029.jpg,0.00048522095,0.00079999404,0.004603648,0.9941111,d
test_5030.jpg,7.4104278e-06,0.9998776,9.609989e-05,1.8923189e-05,b
test_5031.jpg,8.478862e-05,0.99965084,0.00017949751,8.478862e-05,b
test_5032.jpg,0.000108857515,0.99952936,0.00015838674,0.0002033726,b
test_5033.jpg,0.99960786,0.00017948978,0.00017948978,3.320227e-05,a
test_5034.jpg,3.5350608e-05,7.483724e-05,8.480169e-05,0.99980503,d
test_5035.jpg,2.144344e-05,0.9999082,5.144014e-05,1.8923769e-05,b
test_5036.jpg,0.00055263547,0.99918836,0.00017941446,7.9614685e-05,b
test_5037.jpg,4.537139e-05,0.99937135,0.00020334046,0.00037989,b
test_5038.jpg,0.9994425,0.00020335494,0.0002958797,5.8262165e-05,a
test_5039.jpg,0.9905736,0.0011598424,0.00070348,0.007563122,a
test_5040.jpg,0.00033500144,0.000552324,0.9986253,0.0004874243,c
test_5041.jpg,0.650472,0.3481726,0.0011081571,0.00024726326,a
test_5042.jpg,0.059359178,0.11089754,0.81942815,0.010315078,c
test_5043.jpg,0.0019251856,0.99727076,0.00062501617,0.00017907014,b
test_5044.jpg,0.00037958004,0.00026088126,0.99855596,0.00080357096,c
test_5045.jpg,0.0031699396,0.0003785953,0.99596536,0.000486126,c
test_5046.jpg,0.00037822034,0.0024663063,0.99497896,0.0021765076,c
test_5047.jpg,8.939121e-06,0.9999267,4.0062358e-05,2.429905e-05,b
test_5048.jpg,0.9364106,0.0010964241,0.059862725,0.0026301849,a
test_5049.jpg,4.0061008e-05,4.5395078e-05,0.99989307,2.1443115e-05,c
test_5050.jpg,1.8924198e-05,0.99993086,3.120073e-05,1.8924198e-05,b
test_5051.jpg,0.017831171,0.005108716,0.97354895,0.003511166,c
test_5052.jpg,2.4298546e-05,4.539566e-05,0.99990594,2.4298546e-05,c
test_5053.jpg,4.0061812e-05,3.5354427e-05,0.9999131,1.1477902e-05,c
test_5054.jpg,0.9992237,0.00048771637,0.00023038089,5.824941e-05,a
test_5055.jpg,9.606842e-05,0.99955016,0.00023045615,0.00012335429,b
test_5056.jpg,0.00404725,0.0051967716,0.9903294,0.000426577,c
test_5057.jpg,7.888347e-06,0.999876,8.480772e-05,3.119902e-05,b
test_5058.jpg,0.00013978948,0.00015840221,7.482392e-05,0.999627,d
test_5059.jpg,0.004063411,0.0013191964,0.99428385,0.0003335451,c
test_5060.jpg,3.533609e-05,0.9993944,0.00043048168,0.00013975696,b
test_5061.jpg,0.7765051,0.01611585,0.034117255,0.17326172,a
test_5062.jpg,7.482763e-05,0.00013979641,0.00010887355,0.9996766,d
test_5063.jpg,0.0010585394,0.7040786,0.0013591915,0.2935036,b
test_5064.jpg,6.600228e-05,0.99917907,0.0007095914,4.536266e-05,b
test_5065.jpg,0.0006259972,0.00037968653,0.9988361,0.00015827689,c
test_5066.jpg,0.00015838185,0.00013977151,0.00020336633,0.9994985,d
test_5067.jpg,0.00017944023,0.00043045476,0.9993319,5.825572e-05,c
test_5068.jpg,0.00015791565,0.0027991224,0.00048641453,0.9965565,d
test_5069.jpg,8.480055e-05,9.6091615e-05,0.99979156,2.753071e-05,c
test_5070.jpg,0.00012333799,0.00033526742,0.00012333799,0.99941814,d
test_5071.jpg,6.599483e-05,0.0007095113,0.00015831336,0.9990663,d
test_5072.jpg,1.6698417e-05,0.9998035,0.00013981415,4.005742e-05,b
test_5073.jpg,2.1444112e-05,2.7534787e-05,0.99993956,1.1478206e-05,c
test_5074.jpg,0.99977607,9.609013e-05,0.000108884386,1.8921268e-05,a
