id,p_a,p_b,p_c,p_d,answer
test_0001.jpg,0.00017950968,9.608461e-05,5.770329e-06,0.9997186,d
test_0002.jpg,0.43268505,0.5555786,0.0015605061,0.010175778,b
test_0003.jpg,7.888884e-06,2.561146e-06,0.9999442,4.53974e-05,c
test_0004.jpg,0.9998369,0.00012338968,3.11978e-05,8.3967725e-06,a
test_0005.jpg,0.000910279,0.99824214,0.0005521121,0.00029552434,b
test_0006.jpg,0.00017421323,0.9702219,0.029298162,0.00030575375,b
test_0007.jpg,0.99998856,2.9022874e-06,4.785063e-06,3.7266104e-06,a
test_0008.jpg,1.4593219e-06,0.99996126,2.4299889e-05,1.3006794e-05,b
test_0009.jpg,0.0012481584,0.0049365624,0.05307305,0.94074225,d
test_0010.jpg,1.0129415e-05,0.9999331,1.6700584e-05,4.0062616e-05,b
test_0011.jpg,0.002181967,0.00029529713,4.820593e-05,0.9974746,d
test_0012.jpg,8.233218e-08,0.9999962,1.7603396e-06,1.9947263e-06,b
test_0013.jpg,0.99976546,2.7529992e-05,2.7529992e-05,0.00017951809,a
test_0014.jpg,0.01092711,0.8680479,0.1174775,0.0035475134,b
test_0015.jpg,0.0031328767,0.00079211517,0.31956208,0.6765129,d
test_0016.jpg,3.534983e-05,0.00012338301,5.828201e-05,0.999783,d
test_0017.jpg,0.99984205,2.1442022e-05,0.000108891574,2.7532102e-05,a
test_0018.jpg,5.7884135e-05,0.9929577,0.00029395992,0.0066904966,b
test_0019.jpg,0.00012302403,0.9968741,0.0028000143,0.00020283235,b
test_0020.jpg,2.5612133e-06,0.99997056,1.670121e-05,1.0129795e-05,b
test_0021.jpg,1.6373708e-07,0.9999962,1.3709539e-06,2.2603208e-06,b
test_0022.jpg,7.481728e-05,5.1421113e-05,0.9995384,0.00033530776,c
test_0023.jpg,3.4663103e-07,0.999995,2.902306e-06,1.7603375e-06,b
test_0024.jpg,0.999042,0.00010880444,0.00070949405,0.00013970767,a
test_0025.jpg,0.0034994592,0.58851856,0.0034994592,0.4044825,b
test_0026.jpg,1.892455e-05,2.1444324e-05,1.0129581e-05,0.99994946,d
test_0027.jpg,4.222784e-06,2.9022742e-06,8.9396335e-06,0.999984,d
test_0028.jpg,0.49793988,0.49793988,0.0029608586,0.0011594889,a
test_0029.jpg,6.0835345e-07,2.2603074e-06,0.9999902,6.9622365e-06,c
test_0030.jpg,3.0589945e-07,0.9999906,5.4221973e-06,3.7266182e-06,b
test_0031.jpg,0.99740136,0.000108625754,1.773267e-05,0.0024723108,a
test_0032.jpg,3.120022e-05,0.9999145,3.535448e-05,1.8923889e-05,b
test_0033.jpg,0.0015285866,0.3740328,0.61667585,0.007762803,c
test_0034.jpg,2.7533488e-05,4.0060982e-05,4.0060982e-05,0.99989235,d
test_0035.jpg,6.143838e-06,3.2885596e-06,5.144173e-05,0.9999391,d
test_0036.jpg,1.3709412e-06,1.5534799e-06,0.9999869,1.012996e-05,c
test_0037.jpg,0.000504062,0.02585345,0.003498884,0.97014356,d
test_0038.jpg,0.9996604,0.00020339926,8.4789426e-05,5.142739e-05,a
test_0039.jpg,1.4449732e-07,0.9999951,1.3709524e-06,3.2887438e-06,b
test_0040.jpg,0.99996245,1.8924795e-05,1.6701073e-05,1.994659e-06,a
test_0041.jpg,0.9999647,2.1444652e-05,3.7265218e-06,1.01297355e-05,a
test_0042.jpg,0.99418974,0.005217029,0.00033351348,0.00025974054,a
test_0043.jpg,1.6700187e-05,7.88861e-06,0.9999094,6.6050525e-05,c
test_0044.jpg,0.9999726,4.7849862e-06,1.8924988e-05,3.726551e-06,a
test_0045.jpg,0.9993425,0.0002958501,0.00015835713,0.0002033346,a
test_0046.jpg,0.9997187,4.538716e-05,0.0001398023,9.608462e-05,a
test_0047.jpg,1.5534962e-06,6.4759354e-07,0.9999974,4.4508405e-07,c
test_0048.jpg,9.4223606e-07,0.99999,3.726616e-06,5.422194e-06,b
test_0049.jpg,0.00023214746,0.00052315235,0.05336299,0.9458816,d
test_0050.jpg,0.5160169,0.0034768945,0.16752616,0.31298006,a
test_0051.jpg,5.043448e-07,3.7266323e-06,1.3709514e-06,0.9999944,d
test_0052.jpg,1.2098631e-06,7.338191e-07,1.3709546e-06,0.99999666,d
test_0053.jpg,0.24347582,0.004459415,0.0021064787,0.74995834,d
test_0054.jpg,0.8875552,0.10600335,0.0059803,0.0004611512,a
test_0055.jpg,1.742974e-07,0.99999726,1.3709554e-06,1.2098639e-06,b
test_0056.jpg,0.00086973846,0.95378405,0.0034398825,0.041906346,b
test_0057.jpg,0.00104861,0.1998297,0.7903418,0.008779905,c
test_0058.jpg,0.021285074,0.0022434304,0.5489493,0.42752215,c
test_0059.jpg,1.4449793e-07,1.7429775e-07,0.9999993,4.450849e-07,c
test_0060.jpg,0.999995,1.1365594e-06,2.260318e-06,1.5534926e-06,a
test_0061.jpg,0.9999949,5.714978e-07,3.726634e-06,8.3152446e-07,a
test_0062.jpg,0.0001233537,0.00029591017,3.534143e-05,0.9995454,d
test_0063.jpg,2.8736832e-07,3.9278598e-07,2.6995758e-07,0.99999905,d
test_0064.jpg,0.99999833,5.043468e-07,5.714998e-07,5.714998e-07,a
test_0065.jpg,0.96376026,0.029103039,0.00064296986,0.006493766,a
test_0066.jpg,8.851478e-07,0.9999888,1.3709438e-06,8.939676e-06,b
test_0067.jpg,2.1024195e-07,0.9999932,1.209859e-06,5.4222114e-06,b
test_0068.jpg,7.888402e-06,1.3005777e-05,0.99988306,9.610041e-05,c
test_0069.jpg,2.2603124e-06,4.4508187e-07,0.9999925,4.7850817e-06,c
test_0070.jpg,1.2098122e-06,0.9999546,1.6700942e-05,2.75352e-05,b
test_0071.jpg,2.9022967e-06,4.2228166e-06,1.2098571e-06,0.9999918,d
test_0072.jpg,0.99647623,0.00042922472,0.0024700176,0.0006245182,a
test_0073.jpg,3.7266132e-06,2.260305e-06,0.9999893,4.7850663e-06,c
test_0074.jpg,7.8113595e-07,0.9999833,8.939627e-06,6.9621883e-06,b
test_0075.jpg,0.99997425,6.9621256e-06,1.3006963e-05,5.7718044e-06,a
test_0076.jpg,0.9971752,0.0014991923,0.0001580137,0.0011675721,a
test_0077.jpg,0.0013242433,0.9980877,0.00042991884,0.0001581583,b
test_0078.jpg,1.5534926e-06,2.561276e-06,0.999995,9.422408e-07,c
test_0079.jpg,0.00017947472,0.00026113418,3.5340672e-05,0.999524,d
test_0080.jpg,2.2380173e-07,0.99999464,2.9023051e-06,2.2603174e-06,b
test_0081.jpg,0.007558425,0.00079665217,0.0016865127,0.98995835,d
test_0082.jpg,2.1442484e-05,0.9998636,7.484163e-05,4.005983e-05,b
test_0083.jpg,0.99996734,6.9620774e-06,2.1444708e-05,4.2227134e-06,a
test_0084.jpg,1.0030091e-06,8.315238e-07,0.99999404,4.222826e-06,c
test_0085.jpg,0.00077708747,0.96564627,0.00053408387,0.0330426,b
test_0086.jpg,2.2602985e-06,2.5612537e-06,0.9999863,8.9396535e-06,c
test_0087.jpg,5.7149435e-07,0.9999888,6.9622265e-06,3.7266113e-06,b
test_0088.jpg,0.025770606,0.002716202,0.9670349,0.0044782604,c
test_0089.jpg,3.4663097e-07,0.9999949,2.2603178e-06,2.5612756e-06,b
test_0090.jpg,1.8553902e-07,9.9311876e-08,0.9999993,3.9278606e-07,c
test_0091.jpg,0.00017947698,0.00026113744,2.2817938e-05,0.9995365,d
test_0092.jpg,4.7378867e-07,0.9999956,2.5612774e-06,1.3709531e-06,b
test_0093.jpg,0.0002034086,6.60371e-05,2.4293691e-05,0.9997062,d
test_0094.jpg,8.233239e-08,0.9999988,7.338207e-07,3.4663233e-07,b
test_0095.jpg,0.006685907,0.9922766,0.0007046894,0.0003328717,b
test_0096.jpg,0.00023043131,0.9994424,0.00026111287,6.6019675e-05,b
test_0097.jpg,1.7603379e-06,7.33818e-07,0.99999523,2.2603188e-06,c
test_0098.jpg,0.999895,4.5395165e-05,2.4298279e-05,3.5353787e-05,a
test_0099.jpg,1.3709557e-06,6.475936e-07,0.9999975,4.450841e-07,c
test_0100.jpg,0.9997167,8.479421e-05,0.00015841643,4.0053943e-05,a
test_0101.jpg,4.4508104e-07,0.9999906,4.2228116e-06,4.7850726e-06,b
test_0102.jpg,3.7265004e-06,0.999959,2.4299834e-05,1.3006765e-05,b
test_0103.jpg,0.8597453,0.029418865,0.09061649,0.020219272,a
test_0104.jpg,6.604851e-05,0.9998789,2.7533117e-05,2.7533117e-05,b
test_0105.jpg,9.609883e-05,1.3005562e-05,2.429759e-05,0.9998666,d
test_0106.jpg,0.017772272,0.003499568,0.008395027,0.97033316,d
test_0107.jpg,3.1189385e-05,0.0003799645,0.99956733,2.143613e-05,c
test_0108.jpg,3.7265893e-06,1.3007074e-05,4.7378265e-07,0.99998283,d
test_0109.jpg,0.9999858,4.222791e-06,6.144125e-06,3.7266002e-06,a
test_0110.jpg,0.00017948887,0.000108865504,0.000108865504,0.99960274,d
test_0111.jpg,9.422347e-07,1.5534825e-06,0.99998856,8.939674e-06,c
test_0112.jpg,1.7429755e-07,0.9999981,8.3152713e-07,9.422437e-07,b
test_0113.jpg,0.0066258265,0.009640521,0.00037380354,0.9833598,d
test_0114.jpg,0.04706665,0.0323484,0.6497351,0.27084985,c
test_0115.jpg,1.0129945e-05,2.2602962e-06,2.2602962e-06,0.99998534,d
test_0116.jpg,0.00023042128,0.99939895,0.0002958668,7.480685e-05,b
test_0117.jpg,0.9941665,0.0010272699,0.0046039047,0.00020228144,a
test_0118.jpg,7.811458e-07,0.99999595,1.7603392e-06,1.553494e-06,b
test_0119.jpg,0.006686164,0.0003772076,0.0006219101,0.99231476,d
test_0120.jpg,4.784992e-06,2.5612217e-06,0.9999738,1.892501e-05,c
test_0121.jpg,0.039920945,0.00022299658,0.05125951,0.9085965,d
test_0122.jpg,0.9994923,5.826507e-05,0.00043052385,1.8915898e-05,a
test_0123.jpg,0.999985,1.3007102e-05,1.136548e-06,8.315162e-07,a
test_0124.jpg,4.7850704e-06,8.8514895e-07,4.2228094e-06,0.9999901,d
test_0125.jpg,3.2562758e-07,0.99998844,7.8892335e-06,3.288722e-06,b
test_0126.jpg,0.9999509,1.1478336e-05,2.75351e-05,1.01295955e-05,a
test_0127.jpg,1.3709524e-06,9.422409e-07,0.9999951,2.5612762e-06,c
test_0128.jpg,1.2751865e-07,0.9999968,1.0677006e-06,1.9947274e-06,b
test_0129.jpg,3.9991206e-05,0.99815077,0.0017004696,0.00010870738,b
test_0130.jpg,4.2227352e-06,1.8924988e-05,4.2227352e-06,0.9999726,d
test_0131.jpg,0.99997807,6.962152e-06,1.3007012e-05,1.9946901e-06,a
test_0132.jpg,2.4299638e-05,1.01295955e-05,1.4738474e-05,0.9999509,d
test_0133.jpg,1.6701095e-05,1.30068265e-05,6.540243e-06,0.99996376,d
test_0134.jpg,2.144348e-05,1.0129183e-05,0.9999101,5.8289424e-05,c
test_0135.jpg,0.0016781972,0.0014810038,0.31980777,0.67703307,d
test_0136.jpg,0.9776275,0.0006127052,0.0014698035,0.020290012,a
test_0137.jpg,0.996619,0.0007077733,0.00020278044,0.0024703715,a
test_0138.jpg,0.9990994,5.139853e-05,0.00013971569,0.00070953474,a
test_0139.jpg,0.047364607,0.9513436,0.0007655776,0.0005261733,b
test_0140.jpg,0.97044545,0.001287568,0.0024054938,0.025861494,a
test_0141.jpg,9.93117e-08,0.9999975,9.4224316e-07,1.3709557e-06,b
test_0142.jpg,2.5612298e-06,1.5534646e-06,0.999977,1.8925071e-05,c
test_0143.jpg,2.6995448e-07,0.9999876,4.222799e-06,7.889226e-06,b
test_0144.jpg,1.7603115e-06,0.9999802,7.889168e-06,1.0129893e-05,b
test_0145.jpg,0.99961567,8.4785635e-05,0.00020339018,9.607472e-05,a
test_0146.jpg,3.288408e-06,0.99989295,1.892348e-05,8.480915e-05,b
test_0147.jpg,0.99995863,2.4299825e-05,1.0129674e-05,6.962017e-06,a
test_0148.jpg,3.9278575e-07,3.9278575e-07,0.99999845,8.315274e-07,c
test_0149.jpg,1.3574306e-07,0.999998,1.2098646e-06,7.3382006e-07,b
test_0150.jpg,1.7603362e-06,2.5612742e-06,0.9999943,1.3709513e-06,c
test_0151.jpg,0.99657696,0.0021800033,0.00033431433,0.0009087606,a
test_0152.jpg,0.0007263539,0.09513358,0.9026023,0.0015376913,c
test_0153.jpg,2.1443453e-05,2.4298615e-05,0.9999088,4.539579e-05,c
test_0154.jpg,2.561268e-06,3.2887333e-06,2.260311e-06,0.9999919,d
test_0155.jpg,0.99998224,3.726587e-06,1.3007067e-05,1.067685e-06,a
test_0156.jpg,6.14409e-06,2.2602844e-06,0.9999801,1.1478672e-05,c
test_0157.jpg,0.0032340644,0.7913495,0.20008448,0.0053320704,b
test_0158.jpg,2.5612733e-06,1.7603356e-06,0.9999939,1.7603356e-06,c
test_0159.jpg,0.999998,3.9278555e-07,6.893601e-07,9.4224356e-07,a
test_0160.jpg,2.5612192e-06,0.9999728,7.88911e-06,1.6701246e-05,b
test_0161.jpg,9.42242e-07,1.2098627e-06,0.9999963,1.5534946e-06,c
test_0162.jpg,1.5534914e-06,8.3152395e-07,0.9999943,3.288741e-06,c
test_0163.jpg,0.00025839085,0.98902357,0.009696046,0.0010219557,b
test_0164.jpg,0.99888617,0.000295715,0.00070938334,0.00010878747,a
test_0165.jpg,3.059004e-07,0.9999937,2.2603151e-06,3.7266295e-06,b
test_0166.jpg,6.59935e-05,0.99904627,0.0003351427,0.0005525569,b
test_0167.jpg,6.9616194e-06,0.99990153,4.006135e-05,5.1439798e-05,b
test_0168.jpg,1.8922356e-05,5.1436295e-05,0.99983346,9.609565e-05,c
test_0169.jpg,0.99910164,0.00026102382,8.474203e-05,0.0005525875,a
test_0170.jpg,9.610158e-05,5.4216803e-06,3.2884154e-06,0.9998952,d
test_0171.jpg,8.939319e-06,4.0063245e-05,2.1232743e-06,0.99994886,d
test_0172.jpg,2.9022683e-06,0.999982,6.144102e-06,8.939615e-06,b
test_0173.jpg,0.99789363,0.00029542117,0.00048706715,0.0013239858,a
test_0174.jpg,0.7440881,0.0056811823,0.037045963,0.21318482,a
test_0175.jpg,9.609602e-05,3.119781e-05,3.535175e-05,0.9998373,d
test_0176.jpg,0.00020329401,2.7512853e-05,0.999143,0.0006261896,c
test_0177.jpg,0.999795,8.480084e-05,7.483649e-05,4.5390625e-05,a
test_0178.jpg,0.00033527816,0.99945015,7.4810676e-05,0.00013976474,b
test_0179.jpg,4.4940357e-06,0.99974066,2.4294528e-05,0.00023050007,b
test_0180.jpg,0.9994197,0.000179456,0.00013976048,0.0002611069,a
test_0181.jpg,0.37658083,0.001976115,0.62087685,0.0005661664,c
test_0182.jpg,5.422158e-06,6.962189e-06,0.99998343,4.222781e-06,c
test_0183.jpg,7.8890025e-06,1.1478432e-05,2.1444534e-05,0.99995923,d
test_0184.jpg,0.00029558857,0.00091047684,0.0003349457,0.9984591,d
test_0185.jpg,0.99991894,4.539625e-05,1.8923973e-05,1.6700347e-05,a
test_0186.jpg,0.99999034,4.2228103e-06,2.561264e-06,2.9022926e-06,a
test_0187.jpg,0.0002958407,5.825448e-05,0.0003352314,0.99931073,d
test_0188.jpg,1.3006812e-05,5.422046e-06,1.89248e-05,0.9999627,d
test_0189.jpg,1.3709544e-06,1.0677004e-06,1.0677004e-06,0.99999654,d
test_0190.jpg,3.7264856e-06,1.2098128e-06,0.99995506,4.0063493e-05,c
test_0191.jpg,0.9999896,1.760328e-06,5.422192e-06,3.2887258e-06,a
test_0192.jpg,1.8922112e-05,1.994376e-06,0.99982065,0.0001584329,c
test_0193.jpg,0.08324658,0.89498514,0.021048034,0.0007202241,b
test_0194.jpg,0.0004577265,0.26867884,0.0005186721,0.7303447,d
test_0195.jpg,8.480178e-05,2.4296118e-05,0.9998061,8.480178e-05,c
test_0196.jpg,0.001024117,0.00029341446,0.0075672576,0.9911152,d
test_0197.jpg,2.4299476e-05,0.9999442,1.670077e-05,1.4738376e-05,b
test_0198.jpg,0.2938075,0.0012007243,0.7048076,0.000184137,c
test_0199.jpg,0.99204177,0.00033279293,5.103545e-05,0.007574332,a
test_0200.jpg,6.4759377e-07,9.4224333e-07,0.99999774,7.338199e-07,c
test_0201.jpg,0.99925786,9.604033e-05,0.00015834373,0.00048773305,a
test_0202.jpg,2.7535463e-05,5.4220536e-06,0.9999641,2.9022165e-06,c
test_0203.jpg,0.34448636,0.6435852,0.0038268974,0.0081015425,b
test_0204.jpg,0.0006614654,0.00045461813,0.9314127,0.06747131,c
test_0205.jpg,0.00017275097,0.7038714,0.29341725,0.0025385567,b
test_0206.jpg,2.5612728e-06,1.0676974e-06,2.5612728e-06,0.9999938,d
test_0207.jpg,7.338155e-07,0.9999918,3.2887328e-06,4.2228166e-06,b
test_0208.jpg,0.00070819573,0.00037906988,0.9972139,0.0016988735,c
test_0209.jpg,0.00017849395,0.9940619,0.003585147,0.0021745015,b
test_0210.jpg,0.99999714,7.8114675e-07,8.8515515e-07,1.2098637e-06,a
test_0211.jpg,1.147807e-05,5.8290447e-05,2.5611034e-06,0.99992764,d
test_0212.jpg,0.99998593,2.9022797e-06,4.2227916e-06,6.962207e-06,a
test_0213.jpg,0.99996793,1.0129768e-05,1.300688e-05,8.93949e-06,a
test_0214.jpg,0.017938223,0.0024276744,0.00024037232,0.9793937,d
test_0215.jpg,1.0029988e-06,5.368666e-07,0.9999838,1.4738959e-05,c
test_0216.jpg,2.5612683e-06,1.2098575e-06,0.999992,4.2228176e-06,c
test_0217.jpg,1.5534897e-06,1.0676968e-06,0.9999932,4.2228226e-06,c
test_0218.jpg,0.9999633,8.939448e-06,1.4738657e-05,1.300682e-05,a
test_0219.jpg,0.999928,1.8924144e-05,4.006241e-05,1.3006361e-05,a
test_0220.jpg,0.21263516,0.7421696,0.036950447,0.00824476,b
test_0221.jpg,0.00090707926,0.00029448554,0.0040652473,0.9947332,d
test_0222.jpg,0.0005317927,0.9615038,0.00068283535,0.037281547,b
test_0223.jpg,9.609221e-05,2.144107e-05,0.99979776,8.4801075e-05,c
test_0224.jpg,0.99996936,1.1478548e-05,1.3006899e-05,6.144024e-06,a
test_0225.jpg,0.9999552,1.8924658e-05,6.9619928e-06,1.8924658e-05,a
test_0226.jpg,0.99998975,2.5612626e-06,6.144149e-06,1.4593634e-06,a
test_0227.jpg,6.962185e-06,6.962185e-06,3.2887035e-06,0.99998283,d
test_0228.jpg,6.603394e-05,9.6078824e-05,0.00017949888,0.99965847,d
test_0229.jpg,4.222765e-06,1.3007031e-05,3.2886924e-06,0.9999795,d
test_0230.jpg,4.53745e-05,0.00033527473,0.9994399,0.00017945963,c
test_0231.jpg,0.0017002783,3.114168e-05,0.9980385,0.0002301076,c
test_0232.jpg,1.742967e-07,0.9999932,2.9023008e-06,3.726628e-06,b
test_0233.jpg,4.785061e-06,1.7603253e-06,0.9999881,5.4221837e-06,c
test_0234.jpg,3.7265618e-06,1.994685e-06,0.99997544,1.8925042e-05,c
test_0235.jpg,0.99886656,3.5317425e-05,0.0010321264,6.5981636e-05,a
test_0236.jpg,6.083539e-07,4.222813e-06,4.222813e-06,0.99999094,d
test_0237.jpg,2.7534472e-05,4.222548e-06,0.9999281,4.0062412e-05,c
test_0238.jpg,0.00023009961,0.0017002191,6.592464e-05,0.9980038,d
test_0239.jpg,0.00012338329,4.0056682e-05,5.1433806e-05,0.9997851,d
test_0240.jpg,0.43414998,0.5574596,0.0029252796,0.005465142,b
test_0241.jpg,3.7266186e-06,2.2603085e-06,3.2887294e-06,0.9999907,d
test_0242.jpg,1.5534927e-06,2.9023065e-06,4.1811685e-07,0.9999951,d
test_0243.jpg,8.764237e-08,0.9999987,3.0590192e-07,9.4224424e-07,b
test_0244.jpg,1.3006922e-05,2.902237e-06,0.99997115,1.3006922e-05,c
test_0245.jpg,5.142829e-05,0.00026117437,9.513277e-06,0.9996779,d
test_0246.jpg,0.008918977,0.3346822,0.03113029,0.6252686,d
test_0247.jpg,0.010301894,0.7222185,0.26568937,0.0017902008,b
test_0248.jpg,0.99998033,6.962168e-06,7.889169e-06,4.7850235e-06,a
test_0249.jpg,0.9999813,4.785028e-06,6.962174e-06,6.962174e-06,a
test_0250.jpg,9.4224305e-07,5.0434636e-07,0.9999974,1.209864e-06,c
test_0251.jpg,2.6995764e-07,8.764242e-08,0.9999993,3.466325e-07,c
test_0252.jpg,4.1811597e-07,0.99999297,2.9023001e-06,3.726627e-06,b
test_0253.jpg,0.98845273,0.008551792,0.0016839479,0.0013114597,a
test_0254.jpg,0.9999963,1.7603398e-06,1.2878921e-06,6.4759286e-07,a
test_0255.jpg,0.99883515,5.1384937e-05,0.0006259966,0.0004875267,a
test_0256.jpg,1.7429728e-07,0.99999654,1.209863e-06,1.994727e-06,b
test_0257.jpg,5.1437233e-05,0.9998517,4.53932e-05,5.1437233e-05,b
test_0258.jpg,3.927854e-07,0.9999976,1.2098643e-06,8.3152673e-07,b
test_0259.jpg,8.480362e-05,6.6045126e-05,2.1441714e-05,0.99982774,d
test_0260.jpg,6.083544e-07,0.9999918,4.785078e-06,2.9022967e-06,b
test_0261.jpg,0.99998367,3.7265922e-06,4.7850394e-06,7.889195e-06,a
test_0262.jpg,0.0075573386,0.0013132686,0.98981607,0.0013132686,c
test_0263.jpg,0.9999906,1.4593646e-06,5.4221973e-06,2.5612646e-06,a
test_0264.jpg,6.475935e-07,7.3381955e-07,1.3709554e-06,0.99999726,d
test_0265.jpg,5.4219754e-06,0.9999497,4.784877e-06,4.0063278e-05,b
test_0266.jpg,0.7498362,0.0023865644,0.032945503,0.21483168,a
test_0267.jpg,4.0367948e-05,0.053398408,5.1833475e-05,0.9465094,d
test_0268.jpg,8.3152713e-07,5.3687427e-07,5.043467e-07,0.9999981,d
test_0269.jpg,9.609407e-05,3.5351033e-05,5.143545e-05,0.9998171,d
test_0270.jpg,0.99894446,0.00012327953,0.00055250054,0.00037972772,a
test_0271.jpg,0.43732613,0.000844238,0.00029176087,0.56153786,d
test_0272.jpg,0.00015824602,3.1160493e-05,0.9986413,0.0011692888,c
test_0273.jpg,0.99984217,1.0128494e-05,0.00012339033,2.4296996e-05,a
test_0274.jpg,0.9999913,1.6536779e-06,4.785076e-06,2.2603097e-06,a
test_0275.jpg,1.9946442e-06,0.99995506,2.90219e-06,4.0063493e-05,b
test_0276.jpg,0.0015000086,0.9977182,0.0005518223,0.00023003377,b
test_0277.jpg,0.00062621286,0.000108819484,8.4748695e-05,0.99918014,d
test_0278.jpg,0.00091092236,0.9989477,9.601051e-05,4.5352153e-05,b
test_0279.jpg,6.604743e-05,5.828666e-05,1.3005511e-05,0.9998627,d
test_0280.jpg,0.0007067624,0.87825704,0.0021769817,0.118859164,b
test_0281.jpg,0.9984434,0.000108739245,0.0001232177,0.0013247152,a
test_0282.jpg,6.143833e-06,3.1200958e-05,0.99993825,2.429933e-05,c
test_0283.jpg,2.7534403e-05,0.9999256,3.535487e-05,1.1478046e-05,b
test_0284.jpg,4.4508474e-07,1.3574319e-07,0.9999989,5.043471e-07,c
test_0285.jpg,1.0128927e-05,0.99988484,9.6100586e-05,8.938747e-06,b
test_0286.jpg,5.7714033e-06,0.99990475,5.828911e-05,3.1199914e-05,b
test_0287.jpg,3.7265359e-06,0.9999685,1.3006888e-05,1.47387345e-05,b
test_0288.jpg,0.9960998,0.00017885989,0.00055092725,0.0031703676,a
test_0289.jpg,8.3151724e-07,0.9999862,1.5534788e-06,1.1478741e-05,b
test_0290.jpg,1.3709547e-06,9.422425e-07,9.422425e-07,0.9999968,d
test_0291.jpg,1.5534958e-06,4.4508394e-07,8.3152634e-07,0.99999714,d
test_0292.jpg,0.18972708,0.27605128,0.07909001,0.45513162,d
test_0293.jpg,1.0677015e-06,3.6898774e-07,0.9999976,9.422432e-07,c
test_0294.jpg,0.0021336419,0.31666052,0.67037034,0.010835527,c
test_0295.jpg,5.043467e-07,7.338201e-07,0.9999981,7.338201e-07,c
test_0296.jpg,0.006662146,0.0010216732,0.98875016,0.0035659901,c
test_0297.jpg,0.059768446,0.004329612,0.00096606696,0.9349358,d
test_0298.jpg,6.962236e-06,1.5534849e-06,0.9999901,1.3709456e-06,c
test_0299.jpg,0.00062588905,0.99866354,0.0005523452,0.00015824955,b
test_0300.jpg,5.1432686e-05,0.9997633,0.00013980853,4.5389184e-05,b
test_0301.jpg,0.9999987,2.536016e-07,3.6898814e-07,7.3382057e-07,a
test_0302.jpg,8.4786545e-05,5.8272886e-05,0.9996264,0.00023047373,c
test_0303.jpg,0.00017939357,0.99907196,0.00026101607,0.0004876423,b
test_0304.jpg,0.0005522425,0.9984779,0.00026086086,0.0007090934,b
test_0305.jpg,1.0128772e-05,0.9998696,4.5394012e-05,7.484208e-05,b
test_0306.jpg,0.00783331,0.0025431036,0.90540755,0.08421601,c
test_0307.jpg,2.7534717e-05,0.99993706,7.888828e-06,2.7534717e-05,b
test_0308.jpg,0.00026057367,0.9973786,0.0021817568,0.00017908949,b
test_0309.jpg,0.00017947317,7.481556e-05,0.0002304481,0.9995153,d
test_0310.jpg,7.888287e-06,0.9998684,0.00010889444,1.4737258e-05,b
test_0311.jpg,0.0075718407,0.00048405165,0.00022864979,0.9917155,d
test_0312.jpg,0.8877163,0.10602259,0.00027975312,0.0059813852,a
test_0313.jpg,0.99999785,8.3152696e-07,7.3381995e-07,6.475939e-07,a
test_0314.jpg,0.98878586,0.000122025864,0.000107687454,0.010984419,a
test_0315.jpg,1.760292e-06,0.9999691,1.8924922e-05,1.012978e-05,b
test_0316.jpg,0.0002608994,0.00091062847,0.00020318868,0.9986254,d
test_0317.jpg,8.3152685e-07,4.4508423e-07,0.99999774,9.4224333e-07,c
test_0318.jpg,0.0013068615,0.0123991575,0.9849871,0.0013068615,c
test_0319.jpg,1.4738473e-05,1.3006657e-05,2.1444353e-05,0.99995077,d
test_0320.jpg,0.9999839,1.9947017e-06,1.30070885e-05,1.0676869e-06,a
test_0321.jpg,8.315178e-07,1.147875e-05,8.315178e-07,0.9999869,d
test_0322.jpg,3.2887058e-06,4.2227816e-06,8.939629e-06,0.99998355,d
test_0323.jpg,8.3152617e-07,1.5534955e-06,7.3381926e-07,0.9999969,d
test_0324.jpg,0.9996215,0.0002959327,2.4291634e-05,5.8272602e-05,a
test_0325.jpg,0.00068456674,0.9639418,0.002389373,0.032984275,b
test_0326.jpg,0.9999863,1.9947065e-06,6.962209e-06,4.785052e-06,a
test_0327.jpg,2.9022974e-06,4.2228176e-06,8.8515065e-07,0.999992,d
test_0328.jpg,1.0129665e-05,0.9999577,7.888991e-06,2.4299803e-05,b
test_0329.jpg,0.99986947,9.609911e-05,2.1442609e-05,1.30056e-05,a
test_0330.jpg,0.9785317,0.020308778,0.00037196826,0.0007874568,a
test_0331.jpg,8.315191e-07,0.99998844,2.902287e-06,7.8892335e-06,b
test_0332.jpg,3.2887344e-06,2.902298e-06,1.5534882e-06,0.99999225,d
test_0333.jpg,0.9999814,3.7265838e-06,7.889178e-06,6.962175e-06,a
test_0334.jpg,0.99982077,0.00015843291,1.3004966e-05,7.88791e-06,a
test_0335.jpg,4.7850485e-06,5.42217e-06,4.2227903e-06,0.9999856,d
test_0336.jpg,5.8288777e-05,3.1199736e-05,1.1477741e-05,0.999899,d
test_0337.jpg,7.889051e-06,5.42206e-06,0.9999653,2.1444665e-05,c
test_0338.jpg,3.9278396e-07,0.9999939,4.2228257e-06,1.3709508e-06,b
test_0339.jpg,0.9993807,3.5335604e-05,3.1183565e-05,0.00055274187,a
test_0340.jpg,3.7266248e-06,2.9022985e-06,1.0676958e-06,0.9999924,d
test_0341.jpg,0.00967312,0.002158365,0.001483421,0.9866851,d
test_0342.jpg,3.2563105e-07,1.1253508e-07,0.99999917,3.2563105e-07,c
test_0343.jpg,2.7534827e-05,1.4738329e-05,0.999941,1.6700715e-05,c
test_0344.jpg,0.9999659,3.726526e-06,8.939472e-06,2.1444677e-05,a
test_0345.jpg,3.53549e-05,6.9617927e-06,0.99992645,3.120059e-05,c
test_0346.jpg,0.031204019,0.011479318,0.9119151,0.04540158,c
test_0347.jpg,0.029253835,0.0005358027,0.96875393,0.0014564627,c
test_0348.jpg,3.2886014e-06,0.99995184,4.0063365e-05,4.784887e-06,b
test_0349.jpg,0.99981123,2.144136e-05,0.0001584314,8.938088e-06,a
test_0350.jpg,2.6995696e-07,0.9999968,1.2098633e-06,1.7603406e-06,b
test_0351.jpg,0.99992037,3.12004e-05,3.5354686e-05,1.3006262e-05,a
test_0352.jpg,0.99988604,3.119933e-05,1.6699798e-05,6.6048975e-05,a
test_0353.jpg,2.5360157e-07,5.715e-07,5.715e-07,0.99999857,d
test_0354.jpg,0.999992,2.9022974e-06,1.7603322e-06,3.2887335e-06,a
test_0355.jpg,0.99960035,4.5381785e-05,0.00033532854,1.8917943e-05,a
test_0356.jpg,1.2098608e-06,2.9023054e-06,1.2098608e-06,0.99999475,d
test_0357.jpg,0.9991253,0.00010881351,0.00062617846,0.00013971931,a
test_0358.jpg,2.5360063e-07,2.9023058e-06,1.9947236e-06,0.9999949,d
test_0359.jpg,0.9943439,0.0052178376,0.00017854458,0.00025978082,a
test_0360.jpg,4.53821e-05,5.1424657e-05,0.99960726,0.00029592848,c
test_0361.jpg,4.005887e-05,0.99983966,8.480463e-05,3.5351834e-05,b
test_0362.jpg,5.714952e-07,2.2603074e-06,0.9999902,6.9622365e-06,c
test_0363.jpg,0.00033499172,0.0009106019,0.00015823888,0.99859625,d
test_0364.jpg,0.99314743,0.0052115596,0.0014931367,0.00014784056,a
test_0365.jpg,7.3381455e-07,0.99999046,5.4221964e-06,3.2887285e-06,b
test_0366.jpg,0.014032404,0.00054409535,0.001675932,0.98374754,d
test_0367.jpg,7.932599e-05,0.00217779,0.00217779,0.9955651,d
test_0368.jpg,0.0003792471,0.0009097665,0.0010309005,0.9976801,d
test_0369.jpg,0.99993896,8.939231e-06,3.5355344e-05,1.6700682e-05,a
test_0370.jpg,2.902298e-06,2.260312e-06,2.561269e-06,0.99999225,d
test_0371.jpg,0.9997911,1.4736119e-05,0.00017952269,1.4736119e-05,a
test_0372.jpg,2.7530357e-05,0.00015842625,3.5349676e-05,0.9997787,d
test_0373.jpg,0.9978496,8.463584e-05,0.00013954092,0.0019263029,a
test_0374.jpg,0.00012337988,0.00010888237,1.0127637e-05,0.9997576,d
test_0375.jpg,0.00048659157,0.002471116,0.0001230296,0.9969193,d
test_0376.jpg,1.3709464e-06,0.9999907,4.222812e-06,3.7266186e-06,b
test_0377.jpg,0.9994392,5.8261972e-05,0.00048782155,1.4730933e-05,a
test_0378.jpg,0.084731646,0.0017585494,0.0025586744,0.9109511,d
test_0379.jpg,0.99948466,0.00012334621,9.6062126e-05,0.00029589218,a
test_0380.jpg,0.0059048613,0.99304503,0.0006223678,0.00042774674,b
test_0381.jpg,1.0129458e-05,1.0676371e-06,0.9999373,5.1441635e-05,c
test_0382.jpg,9.6098534e-05,2.1442482e-05,0.9998635,1.8922923e-05,c
test_0383.jpg,1.0129666e-05,1.892471e-05,0.9999579,1.300675e-05,c
test_0384.jpg,0.99999464,2.9023051e-06,1.553492e-06,9.4224043e-07,a
test_0385.jpg,5.8271482e-05,0.9996024,0.00010886547,0.00023046818,b
test_0386.jpg,0.99994636,7.888902e-06,2.1444259e-05,2.4299527e-05,a
test_0387.jpg,1.4738495e-05,1.14783525e-05,2.1444386e-05,0.9999523,d
test_0388.jpg,1.3709499e-06,4.1811612e-07,0.9999933,4.785086e-06,c
test_0389.jpg,4.7849358e-06,1.9946579e-06,3.12017e-05,0.999962,d
test_0390.jpg,0.9982413,0.0001395957,0.00091027824,0.0007089254,a
test_0391.jpg,1.0677002e-06,1.2098628e-06,1.3709542e-06,0.9999964,d
test_0392.jpg,2.3823674e-07,2.6995758e-07,0.99999905,5.043472e-07,c
test_0393.jpg,0.9998976,2.1443213e-05,7.4844174e-05,6.1435835e-06,a
test_0394.jpg,0.99997604,6.144065e-06,1.3006986e-05,4.785003e-06,a
test_0395.jpg,0.97011304,0.00041786896,0.029294875,0.00017419369,a
test_0396.jpg,0.9999974,6.4759354e-07,6.893597e-07,1.209864e-06,a
test_0397.jpg,6.144144e-06,6.475881e-07,0.9999889,4.2228044e-06,c
test_0398.jpg,2.9023088e-06,2.8736744e-07,0.99999595,9.422417e-07,c
test_0399.jpg,2.2380213e-07,0.9999964,2.2603213e-06,1.0677002e-06,b
test_0400.jpg,0.9999932,3.726628e-06,1.9947202e-06,1.0030083e-06,a
test_0401.jpg,0.9995639,0.00020337963,2.9299614e-05,0.00020337963,a
test_0402.jpg,2.561272e-06,1.7603347e-06,2.2603147e-06,0.99999344,d
test_0403.jpg,0.0009023202,0.0010224627,0.98951423,0.008560976,c
test_0404.jpg,0.9999989,4.4508474e-07,3.25631e-07,2.873683e-07,a
test_0405.jpg,4.2228135e-06,1.7603306e-06,2.9022947e-06,0.99999106,d
test_0406.jpg,0.9180606,0.045707546,0.00481754,0.031414304,a
test_0407.jpg,9.4224055e-07,3.7266336e-06,5.7149776e-07,0.99999475,d
test_0408.jpg,4.2227916e-06,1.9947058e-06,0.99998593,7.8892135e-06,c
test_0409.jpg,2.902052e-06,0.9999075,7.484491e-05,1.4737835e-05,b
test_0410.jpg,0.99975425,9.6088035e-05,7.483344e-05,7.483344e-05,a
test_0411.jpg,2.2602858e-06,0.9999807,1.0129897e-05,6.96217e-06,b
test_0412.jpg,0.000335226,0.99929464,0.00023039724,0.000139743,b
test_0413.jpg,0.99997866,3.2886896e-06,1.4738884e-05,3.2886896e-06,a
test_0414.jpg,2.1443302e-05,1.0782369e-05,6.6050015e-05,0.9999018,d
test_0415.jpg,1.0676999e-06,9.422419e-07,1.7603396e-06,0.9999962,d
test_0416.jpg,1.0129584e-05,8.939327e-06,0.9999497,3.1201318e-05,c
test_0417.jpg,0.025532695,0.9581073,0.015486362,0.0008736808,b
test_0418.jpg,0.9999927,1.6536803e-06,3.288736e-06,2.260313e-06,a
test_0419.jpg,2.4283821e-05,0.9993,0.00029583753,0.00037986287,b
test_0420.jpg,0.050957005,0.62078345,0.29323733,0.035022207,b
test_0421.jpg,2.7526685e-05,0.00029593977,3.119182e-05,0.99964535,d
test_0422.jpg,0.8599179,0.005794081,0.13187268,0.0024153325,a
test_0423.jpg,0.00010877818,0.9988009,5.822476e-05,0.0010320586,b
test_0424.jpg,0.9989255,0.00026097783,0.00055249006,0.00026097783,a
test_0425.jpg,0.99529403,0.0040675392,0.0003783401,0.00026002908,a
test_0426.jpg,2.5612735e-06,1.994722e-06,1.3709509e-06,0.99999404,d
test_0427.jpg,0.00015842797,1.6698184e-05,0.99978954,3.5350058e-05,c
test_0428.jpg,0.010981082,0.00010765474,0.98848546,0.00042578275,c
test_0429.jpg,6.962143e-06,1.0129857e-05,0.99997675,6.1440696e-06,c
test_0430.jpg,0.0018925568,0.015846184,0.9803687,0.0018925568,c
test_0431.jpg,0.9999808,6.1440946e-06,6.962171e-06,6.1440946e-06,a
test_0432.jpg,1.7603364e-06,2.5612744e-06,1.3709514e-06,0.9999944,d
test_0433.jpg,8.939626e-06,5.4221573e-06,2.5612458e-06,0.9999832,d
test_0434.jpg,0.007571148,0.00042713498,0.0003769453,0.9916248,d
test_0435.jpg,0.0009563865,0.56138486,0.00045176494,0.43720698,b
test_0436.jpg,0.9999974,1.0677012e-06,9.4224305e-07,6.4759354e-07,a
test_0437.jpg,9.422379e-07,1.760332e-06,5.422204e-06,0.9999919,d
test_0438.jpg,2.1024266e-07,0.99999654,2.5612799e-06,7.33819e-07,b
test_0439.jpg,0.9974457,0.0004296423,0.00062512583,0.0014995988,a
test_0440.jpg,0.0012754654,0.00012628819,0.9613236,0.03727456,c
test_0441.jpg,0.96842223,0.017737273,0.0107582,0.0030822759,a
test_0442.jpg,2.7535263e-05,1.1478404e-05,4.222669e-06,0.99995685,d
test_0443.jpg,0.99993646,3.1200903e-05,2.7534701e-05,4.7848134e-06,a
test_0444.jpg,0.99998665,2.902282e-06,6.1441306e-06,4.222795e-06,a
test_0445.jpg,1.0677011e-06,1.2098639e-06,5.368738e-07,0.99999726,d
test_0446.jpg,0.0011685597,0.0005519885,0.0002607409,0.9980186,d
test_0447.jpg,1.0129851e-05,4.7850035e-06,8.9395635e-06,0.99997616,d
test_0448.jpg,0.9999784,8.9395835e-06,7.889154e-06,4.7850144e-06,a
test_0449.jpg,0.004580963,0.0021638935,0.0040426855,0.9892125,d
test_0450.jpg,6.143363e-06,0.9998617,6.6047374e-05,6.6047374e-05,b
test_0451.jpg,6.9620082e-06,0.99995744,1.89247e-05,1.670099e-05,b
test_0452.jpg,2.1024216e-07,0.99999416,2.2603163e-06,3.2887408e-06,b
test_0453.jpg,4.4508448e-07,8.3152736e-07,4.4508448e-07,0.99999833,d
test_0454.jpg,3.6898606e-07,0.9999931,2.9023006e-06,3.7266275e-06,b
test_0455.jpg,4.222804e-06,3.288723e-06,0.9999888,3.7266113e-06,c
test_0456.jpg,5.8288686e-05,1.6699989e-05,0.9998975,2.7533628e-05,c
test_0457.jpg,2.5360163e-07,6.4759445e-07,3.2563094e-07,0.9999988,d
test_0458.jpg,0.99882823,0.00048752336,5.8226356e-05,0.0006259923,a
test_0459.jpg,0.1736612,0.5349142,0.25267556,0.038749054,b
test_0460.jpg,0.07273851,0.88613653,0.034359243,0.0067657353,b
test_0461.jpg,0.99995494,1.8924653e-05,1.14783825e-05,1.4738534e-05,a
test_0462.jpg,2.260258e-06,1.7602907e-06,0.9999684,2.7535581e-05,c
test_0463.jpg,0.99976367,2.7529943e-05,5.4209668e-06,0.00020342028,a
test_0464.jpg,3.118688e-05,0.9994869,5.141847e-05,0.00043052156,b
test_0465.jpg,0.0011643154,0.9943938,0.0040638605,0.0003779979,b
test_0466.jpg,0.000785551,9.382069e-05,0.97616345,0.022957165,c
test_0467.jpg,0.01098418,0.00017754271,7.401082e-05,0.9887643,d
test_0468.jpg,2.1233689e-06,1.9947204e-06,2.5612717e-06,0.9999933,d
test_0469.jpg,7.889176e-06,1.9946963e-06,0.99998116,8.939608e-06,c
test_0470.jpg,0.00043036137,7.4785596e-05,0.99911505,0.0003797926,c
test_0471.jpg,0.2868353,0.0067457207,0.68808216,0.01833677,c
test_0472.jpg,0.9929027,0.00022892351,0.0001782858,0.006690126,a
test_0473.jpg,1.2751862e-07,0.99999654,2.2603217e-06,1.0677004e-06,b
test_0474.jpg,0.00079400104,0.000121764,0.98666394,0.012420266,c
test_0475.jpg,0.99996257,6.962044e-06,2.4299921e-05,6.1439823e-06,a
test_0476.jpg,0.002968494,0.011740621,0.9326731,0.052617818,c
test_0477.jpg,3.1192914e-05,0.9996804,0.00017950281,0.00010887397,b
test_0478.jpg,2.9022212e-06,0.9999658,3.7265256e-06,2.7535509e-05,b
test_0479.jpg,0.0023144989,0.2675197,0.0029718755,0.7271939,d
test_0480.jpg,1.6373723e-07,0.999997,8.315262e-07,1.9947279e-06,b
test_0481.jpg,4.539305e-05,0.9998485,7.48405e-05,3.119816e-05,b
test_0482.jpg,8.936053e-06,2.7524982e-05,0.00037997068,0.99958354,d
test_0483.jpg,0.99993956,3.5355366e-05,1.6700691e-05,8.397635e-06,a
test_0484.jpg,5.422188e-06,3.7266118e-06,0.9999889,1.9947117e-06,c
test_0485.jpg,0.00029588837,0.99947184,0.00012334462,0.00010885125,b
test_0486.jpg,3.2886912e-06,2.9022601e-06,1.4738891e-05,0.99997914,d
test_0487.jpg,0.0075749448,0.99212205,0.00022874352,7.4262156e-05,b
test_0488.jpg,0.99989843,1.8923583e-05,5.8288744e-05,2.4298362e-05,a
test_0489.jpg,0.0058722124,0.0007013357,0.0058722124,0.98755425,d
test_0490.jpg,6.9616044e-06,0.9998994,5.82888e-05,3.5353944e-05,b
test_0491.jpg,6.475939e-07,1.3574305e-07,0.99999785,1.3709562e-06,c
test_0492.jpg,7.8887e-06,1.3006268e-05,0.99992085,5.829005e-05,c
test_0493.jpg,0.9999846,1.0129937e-05,1.5534764e-06,3.7265959e-06,a
test_0494.jpg,8.3152634e-07,4.181177e-07,0.99999714,1.5534958e-06,c
test_0495.jpg,1.0676957e-06,3.7266243e-06,0.99999225,2.902298e-06,c
test_0496.jpg,0.9998036,2.1441196e-05,0.00010888738,6.604353e-05,a
test_0497.jpg,3.2887376e-06,3.2887376e-06,1.9750405e-07,0.9999932,d
test_0498.jpg,0.0004302462,0.9988477,0.00062600453,9.6000906e-05,b
test_0499.jpg,1.7429748e-07,0.99999774,9.4224333e-07,1.2098644e-06,b
test_0500.jpg,4.0058465e-05,6.9611183e-06,0.99982953,0.00012338877,c
test_0501.jpg,9.422366e-07,5.714954e-07,0.9999906,7.88925e-06,c
test_0502.jpg,7.482227e-05,2.4291232e-05,0.999605,0.0002959278,c
test_0503.jpg,0.00033485296,0.00015817334,0.99818265,0.0013243691,c
test_0504.jpg,0.00022964657,0.0001392877,0.9960388,0.003592277,c
test_0505.jpg,0.0035702204,0.005886298,0.00062041124,0.9899232,d
test_0506.jpg,0.9999318,5.1441355e-05,1.3006411e-05,3.726399e-06,a
test_0507.jpg,0.99959654,5.1424104e-05,0.00033532726,1.6694961e-05,a
test_0508.jpg,0.0014465381,0.9621528,0.029054496,0.0073461267,b
test_0509.jpg,3.7266207e-06,1.9947165e-06,2.9022954e-06,0.9999913,d
test_0510.jpg,0.34009635,0.0169324,0.20627888,0.43669236,d
test_0511.jpg,3.0590132e-07,0.9999968,1.0677006e-06,1.7603406e-06,b
test_0512.jpg,0.99998236,3.288702e-06,1.1478697e-05,2.9022694e-06,a
test_0513.jpg,4.2228235e-06,1.55349e-06,7.338167e-07,0.99999344,d
test_0514.jpg,9.60893e-05,2.7530048e-05,0.000108883454,0.9997675,d
test_0515.jpg,6.893494e-07,0.9999825,8.93962e-06,7.889186e-06,b
test_0516.jpg,0.00013978776,6.6031054e-05,0.9996147,0.00017949102,c
test_0517.jpg,8.3152673e-07,9.422432e-07,6.475937e-07,0.9999976,d
test_0518.jpg,1.9947242e-06,1.7603379e-06,9.42241e-07,0.99999523,d
test_0519.jpg,0.004599538,0.99322367,0.0016920756,0.00048478777,b
test_0520.jpg,2.902287e-06,8.315191e-07,0.99998844,7.8892335e-06,c
test_0521.jpg,4.5375677e-05,0.00010885059,0.00037992588,0.99946576,d
test_0522.jpg,0.00012327048,0.00062601914,0.998871,0.00037969984,c
test_0523.jpg,1.2098499e-06,0.9999857,8.939648e-06,4.2227907e-06,b
test_0524.jpg,0.99904746,9.602011e-05,0.00023034024,0.0006261297,a
test_0525.jpg,5.8285532e-05,4.0059018e-05,0.99984336,5.8285532e-05,c
test_0526.jpg,0.95078665,0.036865998,0.009321185,0.0030261455,a
test_0527.jpg,9.610079e-05,5.4216357e-06,1.1477603e-05,0.999887,d
test_0528.jpg,0.9999033,4.006142e-05,5.143989e-05,5.0932385e-06,a
test_0529.jpg,0.99758506,0.00015807865,7.467107e-05,0.0021822085,a
test_0530.jpg,0.00015835834,0.99935013,0.00026108875,0.00023041003,b
test_0531.jpg,1.2098521e-06,0.9999876,8.939665e-06,2.2603015e-06,b
test_0532.jpg,1.002966e-06,0.999951,7.888938e-06,4.006333e-05,b
test_0533.jpg,0.0010320967,0.000108782195,0.99883777,2.1420483e-05,c
test_0534.jpg,0.000379464,4.5320514e-05,0.0013244594,0.99825066,d
test_0535.jpg,3.2884e-06,0.99989057,6.604928e-05,4.006091e-05,b
test_0536.jpg,0.00033527482,0.00013976335,0.99944013,8.477075e-05,c
test_0537.jpg,9.422419e-07,1.5534944e-06,1.3709539e-06,0.9999962,d
test_0538.jpg,0.0035898206,0.0006238172,0.0004287429,0.9953577,d
test_0539.jpg,0.6208234,0.37654844,0.002239039,0.00038908658,a
test_0540.jpg,0.00169787,0.0014983647,0.9966248,0.00017895416,c
test_0541.jpg,7.811376e-07,0.99998546,8.939646e-06,4.785048e-06,b
test_0542.jpg,0.0002272509,6.510847e-05,0.98564816,0.014059516,c
test_0543.jpg,0.0025020947,0.00029883257,0.89080733,0.106391765,c
test_0544.jpg,1.0676928e-06,0.9999895,6.144148e-06,3.2887253e-06,b
test_0545.jpg,8.939428e-06,2.561189e-06,0.999961,2.7535378e-05,c
test_0546.jpg,5.714995e-07,3.927855e-07,0.99999785,1.2098645e-06,c
test_0547.jpg,0.0035903342,0.0002025528,0.99550015,0.0007069787,c
test_0548.jpg,0.9999956,1.3709531e-06,2.2603194e-06,7.811455e-07,a
test_0549.jpg,2.9023067e-06,1.3709525e-06,4.450831e-07,0.99999523,d
test_0550.jpg,1.9750527e-07,1.4449795e-07,0.9999994,1.9750527e-07,c
test_0551.jpg,0.9999752,3.2886783e-06,4.784999e-06,1.6701286e-05,a
test_0552.jpg,5.043469e-07,3.0590184e-07,0.99999845,7.338204e-07,c
test_0553.jpg,1.0128158e-05,8.480203e-05,0.99980897,9.609329e-05,c
test_0554.jpg,0.002472037,0.00017907374,5.813673e-05,0.9972908,d
test_0555.jpg,0.99970454,8.479317e-05,0.00017950716,3.1193667e-05,a
test_0556.jpg,0.00029589067,0.9994796,8.477409e-05,0.00013976886,b
test_0557.jpg,6.143338e-06,4.0059593e-05,0.99985766,9.6097974e-05,c
test_0558.jpg,0.64701754,0.006343137,0.0003158062,0.34632355,a
test_0559.jpg,1.8921086e-05,0.9997664,7.483435e-05,0.00013980897,b
test_0560.jpg,2.5360077e-07,0.99999535,2.9023072e-06,1.553493e-06,b
test_0561.jpg,1.8920753e-05,0.9997489,0.000108881424,0.0001233788,b
test_0562.jpg,0.0035819772,0.0019172942,0.0013177356,0.99318296,d
test_0563.jpg,5.7149964e-07,2.3823648e-07,0.999998,1.2098646e-06,c
test_0564.jpg,0.0010295382,0.00042917542,0.0021795325,0.9963618,d
test_0565.jpg,0.99796474,0.0010311946,0.00070872897,0.0002954422,a
test_0566.jpg,8.938984e-06,4.784694e-06,0.9999114,7.484521e-05,c
test_0567.jpg,0.00012338071,0.99976426,8.479824e-05,2.7529959e-05,b
test_0568.jpg,0.8039072,0.0037228293,0.17937596,0.01299395,a
test_0569.jpg,1.760258e-06,0.9999498,1.3006645e-05,3.5355726e-05,b
test_0570.jpg,3.2887383e-06,9.422393e-07,0.99999344,2.2603147e-06,c
test_0571.jpg,3.535431e-05,1.4737869e-05,4.0061677e-05,0.99990976,d
test_0572.jpg,2.1444608e-05,8.9394425e-06,6.962045e-06,0.9999627,d
test_0573.jpg,5.0434693e-07,5.715e-07,3.059019e-07,0.99999857,d
test_0574.jpg,0.0012215851,0.49282256,0.013133276,0.49282256,b
test_0575.jpg,0.9850739,0.0006173721,0.014051325,0.00025735897,a
test_0576.jpg,4.4508394e-07,8.3152634e-07,0.99999714,1.5534958e-06,c
test_0577.jpg,1.6686177e-05,0.00020327925,0.9990706,0.0007095143,c
test_0578.jpg,0.011824254,0.015182643,0.8289442,0.1440489,c
test_0579.jpg,2.4291443e-05,6.603099e-05,0.9996137,0.00029593037,c
test_0580.jpg,6.083484e-07,1.6701399e-05,7.811348e-07,0.9999819,d
test_0581.jpg,0.9998286,1.0128357e-05,0.00015843417,2.901823e-06,a
test_0582.jpg,4.4908247e-06,0.0009109941,0.9990263,5.82379e-05,c
test_0583.jpg,6.961846e-06,0.9999341,4.0062652e-05,1.8924258e-05,b
test_0584.jpg,2.3823523e-07,0.9999927,2.9022995e-06,4.2228203e-06,b
test_0585.jpg,4.181185e-07,1.2751893e-07,0.99999905,3.4663242e-07,c
test_0586.jpg,1.2098568e-06,5.422202e-06,1.9947167e-06,0.9999914,d
test_0587.jpg,0.99954754,0.0002959108,0.00013977836,1.6694145e-05,a
test_0588.jpg,0.00020235492,5.1163337e-05,0.99452764,0.005218802,c
test_0589.jpg,0.9981566,0.00013958385,0.00037942824,0.0013243346,a
test_0590.jpg,0.99998367,4.222782e-06,7.889195e-06,4.222782e-06,a
test_0591.jpg,1.3006937e-05,6.9621115e-06,7.889105e-06,0.9999722,d
test_0592.jpg,2.260314e-06,2.5612712e-06,0.9999932,1.9947202e-06,c
test_0593.jpg,2.1441307e-05,0.00015843101,1.14767045e-05,0.9998087,d
test_0594.jpg,0.9970024,0.00010858232,0.0007080456,0.002180934,a
test_0595.jpg,0.0009108338,0.00020323451,3.531686e-05,0.9988506,d
test_0596.jpg,1.1477767e-05,2.4058706e-06,0.9999013,8.480986e-05,c
test_0597.jpg,0.9999443,1.1478261e-05,3.120115e-05,1.3006574e-05,a
test_0598.jpg,0.99993336,2.7534616e-05,3.1200805e-05,7.888799e-06,a
test_0599.jpg,0.99999416,7.338173e-07,3.7266313e-06,1.3709512e-06,a
test_0600.jpg,7.889051e-06,5.42206e-06,0.9999653,2.1444665e-05,c
test_0601.jpg,0.99998665,6.962212e-06,4.222795e-06,2.2602992e-06,a
test_0602.jpg,5.043438e-07,0.9999924,2.9022985e-06,4.222819e-06,b
test_0603.jpg,1.8924473e-05,1.670079e-05,0.9999454,1.8924473e-05,c
test_0604.jpg,1.99472e-06,1.2098587e-06,3.7266275e-06,0.9999931,d
test_0605.jpg,4.7850704e-06,1.3709456e-06,0.9999901,3.7266163e-06,c
test_0606.jpg,0.9999907,2.2603085e-06,4.222812e-06,2.9022935e-06,a
test_0607.jpg,0.9999584,6.143957e-06,2.7535305e-05,7.888996e-06,a
test_0608.jpg,0.0004809143,0.00017691847,0.014054375,0.9852878,d
test_0609.jpg,0.00020315427,0.00043007758,0.99845624,0.0009104742,c
test_0610.jpg,2.3823532e-07,0.9999931,3.2887372e-06,3.2887372e-06,b
test_0611.jpg,0.0007067497,0.0013203822,0.0027952492,0.9951776,d
test_0612.jpg,0.0075584254,0.001686513,0.0007966523,0.98995847,d
test_0613.jpg,6.9620846e-06,1.6701173e-05,7.889075e-06,0.9999684,d
test_0614.jpg,2.7533171e-05,0.9998809,4.0060524e-05,5.1438736e-05,b
test_0615.jpg,0.9986297,0.0007092012,0.00055232644,0.00010875953,a
test_0616.jpg,0.0018664077,0.9668231,0.029195528,0.0021149172,b
test_0617.jpg,0.0008027529,0.0014997398,0.9975394,0.0001580714,c
test_0618.jpg,0.9999887,1.4593619e-06,1.9947113e-06,7.889235e-06,a
test_0619.jpg,2.6995585e-07,0.9999926,3.7266257e-06,3.2887356e-06,b
test_0620.jpg,4.5360717e-05,0.000709561,0.99913627,0.000108814704,c
test_0621.jpg,3.7266097e-06,3.7266097e-06,0.9999883,4.222802e-06,c
test_0622.jpg,3.059009e-07,0.99999535,2.9023072e-06,1.3709528e-06,b
test_0623.jpg,4.7850817e-06,1.7603331e-06,9.4223844e-07,0.9999925,d
test_0624.jpg,5.143972e-05,1.3005998e-05,0.9999001,3.535397e-05,c
test_0625.jpg,0.0001233773,1.6697302e-05,0.9997366,0.0001233773,c
test_0626.jpg,1.0676986e-06,0.9999949,1.7603373e-06,2.2603178e-06,b
test_0627.jpg,5.8240683e-05,0.999074,0.00070951675,0.0001583146,b
test_0628.jpg,5.4218694e-06,6.143783e-06,5.8290592e-05,0.99993014,d
test_0629.jpg,0.0030797923,0.01772298,0.31414732,0.66504985,d
test_0630.jpg,0.00012305743,0.99714464,0.0024716745,0.00026051255,b
test_0631.jpg,2.2603128e-06,0.9999926,2.9022992e-06,2.2603128e-06,b
test_0632.jpg,2.7534259e-05,1.670037e-05,3.5354686e-05,0.99992037,d
test_0633.jpg,0.9706334,0.0014592883,0.015688827,0.012218472,a
test_0634.jpg,0.99837446,0.0013246237,0.00026083385,4.0000166e-05,a
test_0635.jpg,0.004397361,0.032492343,0.013544824,0.94956553,d
test_0636.jpg,3.2562872e-07,0.999992,4.7850795e-06,2.9022974e-06,b
test_0637.jpg,0.9999927,2.9022995e-06,2.9022995e-06,1.553489e-06,a
test_0638.jpg,0.0019240071,0.00070780265,0.99666035,0.00070780265,c
test_0639.jpg,0.99994624,3.5355602e-05,1.1478282e-05,6.9619305e-06,a
test_0640.jpg,3.119781e-05,3.535175e-05,9.609602e-05,0.9998373,d
test_0641.jpg,0.9998977,4.539529e-05,4.539529e-05,1.1477726e-05,a
test_0642.jpg,5.1437233e-05,4.53932e-05,5.1437233e-05,0.9998517,d
test_0643.jpg,3.726627e-06,2.5612708e-06,0.99999297,7.3381636e-07,c
test_0644.jpg,0.98739064,0.009680037,0.0024474966,0.0004819407,a
test_0645.jpg,4.2226966e-06,0.9999634,4.7849426e-06,2.7535443e-05,b
test_0646.jpg,2.9022335e-06,0.99996996,2.4300101e-05,2.9022335e-06,b
test_0647.jpg,9.603177e-05,0.9991689,0.00062620576,0.000108818254,b
test_0648.jpg,1.5534797e-06,0.99998677,4.7850544e-06,6.9622124e-06,b
test_0649.jpg,1.994723e-06,1.994723e-06,0.99999464,1.3709517e-06,c
test_0650.jpg,0.99953353,0.00020337345,0.0001397764,0.00012335223,a
test_0651.jpg,8.315274e-07,4.7379004e-07,2.8736815e-07,0.99999845,d
test_0652.jpg,0.0010307571,0.9975413,0.0006251857,0.0008027544,b
test_0653.jpg,1.3709262e-06,0.9999759,7.889134e-06,1.4738844e-05,b
test_0654.jpg,0.9999491,1.0129577e-05,3.53557e-05,5.421972e-06,a
test_0655.jpg,6.4759155e-07,0.9999943,3.288741e-06,1.7603362e-06,b
test_0656.jpg,5.1405434e-05,0.9992336,0.00037983764,0.00033520552,b
test_0657.jpg,3.535454e-05,0.9999162,1.3006208e-05,3.535454e-05,b
test_0658.jpg,0.0024636935,0.11870739,0.00169327,0.8771356,d
test_0659.jpg,3.5354413e-05,1.6700242e-05,3.5354413e-05,0.9999126,d
test_0660.jpg,2.873659e-07,0.9999906,2.9022933e-06,6.1441547e-06,b
test_0661.jpg,0.98954076,0.0004262373,0.009701117,0.00033195392,a
test_0662.jpg,0.9986834,0.00048745266,0.00020320048,0.0006259015,a
test_0663.jpg,0.004728627,0.70179045,0.0009311218,0.2925498,b
test_0664.jpg,3.2562866e-07,0.9999918,3.7266225e-06,4.2228166e-06,b
test_0665.jpg,0.000108874236,0.9996829,0.00012337067,8.479133e-05,b
test_0666.jpg,0.99996245,1.3006809e-05,1.6701073e-05,7.889028e-06,a
test_0667.jpg,0.99998915,5.4221896e-06,2.561261e-06,2.9022892e-06,a
test_0668.jpg,1.9945605e-06,0.9999131,1.8923862e-05,6.6050765e-05,b
test_0669.jpg,1.9946917e-06,0.9999789,6.144083e-06,1.3007023e-05,b
test_0670.jpg,2.2603206e-06,8.315254e-07,8.315254e-07,0.99999607,d
test_0671.jpg,3.2886246e-06,0.9999589,1.8924728e-05,1.8924728e-05,b
test_0672.jpg,1.3007042e-05,4.7850235e-06,1.873842e-06,0.99998033,d
test_0673.jpg,0.00149637,0.001028439,0.99529797,0.0021772054,c
test_0674.jpg,7.4845324e-05,1.0129212e-05,1.9945603e-06,0.999913,d
test_0675.jpg,0.0010274212,0.994313,0.001494889,0.0031646804,b
test_0676.jpg,0.00020326312,0.00017937906,0.9989912,0.0006260944,c
test_0677.jpg,2.429521e-05,0.00017951867,2.753008e-05,0.9997687,d
test_0678.jpg,6.0835225e-07,0.9999882,6.9622224e-06,4.222801e-06,b
test_0679.jpg,3.500692e-06,0.99995005,1.892456e-05,2.7535076e-05,b
test_0680.jpg,5.8189144e-05,0.0017005362,0.99818987,5.135174e-05,c
test_0681.jpg,0.99995565,8.93938e-06,2.753523e-05,7.888974e-06,a
test_0682.jpg,6.08351e-07,0.9999862,7.889215e-06,5.422173e-06,b
test_0683.jpg,6.475858e-07,0.99998546,6.9622033e-06,6.9622033e-06,b
test_0684.jpg,0.00013950931,5.463263e-05,0.0021822928,0.9976236,d
test_0685.jpg,0.000108657434,0.9976922,0.0011681775,0.001030913,b
test_0686.jpg,0.9999722,6.144042e-06,1.0129812e-05,1.1478581e-05,a
test_0687.jpg,1.473832e-05,4.7848325e-06,0.9999404,4.0062907e-05,c
test_0688.jpg,0.99756384,9.5877505e-05,0.0021821621,0.00015807529,a
test_0689.jpg,0.9999949,2.2603178e-06,1.9947236e-06,7.81145e-07,a
test_0690.jpg,0.7224649,0.0671997,0.0033456765,0.20698968,a
test_0691.jpg,3.726568e-06,0.9999771,1.3007e-05,6.144072e-06,b
test_0692.jpg,7.88883e-06,4.006278e-05,1.4738274e-05,0.9999373,d
test_0693.jpg,0.001500606,0.00012317723,0.0002607662,0.99811554,d
test_0694.jpg,0.0016291275,0.037078768,0.0050180657,0.95627403,d
test_0695.jpg,4.0060833e-05,3.119941e-05,4.0060833e-05,0.99988866,d
test_0696.jpg,6.5939596e-05,0.99823016,0.00020310825,0.0015007782,b
test_0697.jpg,1.9947277e-06,5.0434613e-07,5.71499e-07,0.9999969,d
test_0698.jpg,7.484229e-05,2.1442673e-05,0.99987245,3.1198906e-05,c
test_0699.jpg,2.2603103e-06,4.2228153e-06,1.994717e-06,0.99999154,d
test_0700.jpg,2.1231792e-06,0.99990404,7.4844655e-05,1.892369e-05,b
test_0701.jpg,0.99999225,2.902298e-06,2.260312e-06,2.561269e-06,a
test_0702.jpg,4.785068e-06,1.3709449e-06,0.9999896,4.2228075e-06,c
test_0703.jpg,0.16393898,0.00086027285,0.0026498272,0.8325509,d
test_0704.jpg,0.5504914,0.014670098,0.006115407,0.42872313,a
test_0705.jpg,0.00037888705,0.00070785417,0.99673295,0.0021803444,c
test_0706.jpg,6.475858e-07,0.99998546,6.9622033e-06,6.9622033e-06,b
test_0707.jpg,0.00033530846,5.8267873e-05,6.602615e-05,0.99954045,d
test_0708.jpg,5.8289883e-05,1.8923954e-05,4.784725e-06,0.999918,d
test_0709.jpg,1.2098591e-06,1.7603346e-06,0.9999933,3.7266284e-06,c
test_0710.jpg,0.9996929,0.0002611783,3.1193304e-05,1.4734672e-05,a
test_0711.jpg,4.737875e-07,2.2603137e-06,0.9999931,4.222822e-06,c
test_0712.jpg,0.00020118002,6.135644e-05,0.9887533,0.0109840585,c
test_0713.jpg,1.3006054e-05,2.4298508e-05,0.9999044,5.828909e-05,c
test_0714.jpg,4.22271e-06,7.88906e-06,0.9999665,2.144469e-05,c
test_0715.jpg,0.9522012,0.041836802,0.005661995,0.00030007478,a
test_0716.jpg,0.99998784,2.260302e-06,7.889229e-06,1.9947095e-06,a
test_0717.jpg,0.0018433423,0.95487493,0.010607704,0.032674022,b
test_0718.jpg,3.9278476e-07,0.99999595,1.2098623e-06,2.5612783e-06,b
test_0719.jpg,0.0061773327,0.91679746,0.0017698355,0.07525532,b
test_0720.jpg,0.0016694944,0.52453953,0.010886471,0.4629045,b
test_0721.jpg,7.33819e-07,6.893591e-07,1.994727e-06,0.99999654,d
test_0722.jpg,0.0021807842,0.99693394,0.0006248051,0.0002604575,b
test_0723.jpg,4.2227175e-06,6.144018e-06,0.9999683,2.1444728e-05,c
test_0724.jpg,2.5612496e-06,4.7850444e-06,7.889204e-06,0.99998474,d
test_0725.jpg,5.043467e-07,6.47594e-07,0.9999981,7.338201e-07,c
test_0726.jpg,0.9998037,6.604354e-05,4.5391018e-05,8.4801584e-05,a
test_0727.jpg,4.784972e-06,1.2878578e-06,0.9999696,2.4300092e-05,c
test_0728.jpg,4.5391684e-05,0.9998184,5.1435516e-05,8.480283e-05,b
test_0729.jpg,3.1200267e-05,3.1200267e-05,0.9999161,2.144361e-05,c
test_0730.jpg,4.2227884e-06,3.7265977e-06,6.962201e-06,0.9999851,d
test_0731.jpg,3.2887226e-06,5.422187e-06,0.9999887,2.5612596e-06,c
test_0732.jpg,0.09341078,0.001938679,0.018393673,0.8862568,d
test_0733.jpg,0.001686334,0.98985344,0.0009026295,0.007557624,b
test_0734.jpg,0.9999751,1.6701284e-05,6.144059e-06,1.994684e-06,a
test_0735.jpg,5.043464e-07,1.0677013e-06,0.9999975,9.4224316e-07,c
test_0736.jpg,0.999765,3.1195552e-05,0.000179518,2.429512e-05,a
test_0737.jpg,2.7534827e-05,1.4738329e-05,1.6700715e-05,0.999941,d
test_0738.jpg,0.8307711,0.16358851,0.0026441624,0.0029962284,a
test_0739.jpg,0.21213841,0.04177253,0.7404358,0.0056532966,c
test_0740.jpg,5.7149583e-07,0.9999913,4.785076e-06,3.2887312e-06,b
test_0741.jpg,5.0434704e-07,1.9750514e-07,0.9999988,5.0434704e-07,c
test_0742.jpg,0.99920374,5.14039e-05,0.0007096089,3.5329347e-05,a
test_0743.jpg,0.9999608,1.473862e-05,1.147845e-05,1.3006787e-05,a
test_0744.jpg,0.0012966312,0.9772764,0.020282723,0.001144273,b
test_0745.jpg,7.4774216e-05,0.998963,0.000158297,0.0008038985,b
test_0746.jpg,1.5534896e-06,5.368716e-07,0.9999931,4.7850845e-06,c
test_0747.jpg,1.2098633e-06,6.4759314e-07,0.9999968,1.3709547e-06,c
test_0748.jpg,9.605457e-05,1.0124077e-05,0.9994061,0.0004878054,c
test_0749.jpg,0.9997094,5.8277725e-05,0.00012337395,0.00010887713,a
test_0750.jpg,3.7596907e-05,0.99891186,0.0009108897,0.00013968947,b
test_0751.jpg,0.0031145113,0.5237803,0.46223447,0.010870713,b
test_0752.jpg,2.1439728e-05,0.00020341447,4.0054678e-05,0.99973506,d
test_0753.jpg,6.962186e-06,7.88919e-06,2.260291e-06,0.99998295,d
test_0754.jpg,0.9998636,8.480666e-05,6.143375e-06,4.539374e-05,a
test_0755.jpg,4.4508027e-07,0.9999889,3.7266118e-06,6.9622274e-06,b
test_0756.jpg,1.12535e-07,0.99999845,6.475942e-07,8.315274e-07,b
test_0757.jpg,0.99999595,1.9947256e-06,1.3709536e-06,6.0835697e-07,a
test_0758.jpg,0.99987483,2.1442724e-05,4.539425e-05,5.828737e-05,a
test_0759.jpg,0.9998307,1.4736704e-05,0.00012338892,3.1197604e-05,a
test_0760.jpg,7.821434e-05,0.01797888,0.00032929468,0.98161364,d
test_0761.jpg,4.737894e-07,8.3152634e-07,0.99999714,1.5534958e-06,c
test_0762.jpg,2.3823668e-07,3.0590195e-07,0.9999988,6.4759445e-07,c
test_0763.jpg,0.0027985042,0.99633646,0.00037873635,0.0004863071,b
test_0764.jpg,0.99996316,1.892481e-05,8.939447e-06,8.939447e-06,a
test_0765.jpg,1.8924895e-05,5.422073e-06,0.9999677,7.88907e-06,c
test_0766.jpg,0.0010869484,0.06724712,0.92831784,0.0033480371,c
test_0767.jpg,0.99994206,2.7534856e-05,1.1478235e-05,1.892441e-05,a
test_0768.jpg,0.99863786,0.00037961119,0.000552331,0.0004301558,a
test_0769.jpg,0.99999714,1.3709551e-06,1.067701e-06,4.181177e-07,a
test_0770.jpg,1.2098587e-06,5.422211e-06,3.0590022e-07,0.9999931,d
test_0771.jpg,0.0004874237,0.9986241,0.00070919725,0.00017931314,b
test_0772.jpg,0.99650687,0.003171663,0.00013091018,0.00019047316,a
test_0773.jpg,7.3381733e-07,8.3152395e-07,0.9999943,4.222827e-06,c
test_0774.jpg,0.0002959072,0.00012335247,0.99953544,4.5378838e-05,c
test_0775.jpg,1.3709536e-06,1.9947256e-06,0.99999595,5.7149845e-07,c
test_0776.jpg,1.4737494e-05,4.784564e-06,0.99988437,9.610054e-05,c
test_0777.jpg,3.2885769e-06,6.9619173e-06,0.9999443,4.5397403e-05,c
test_0778.jpg,0.9998267,2.429662e-05,0.0001088899,4.005835e-05,a
test_0779.jpg,0.0001794993,7.482645e-05,8.478946e-05,0.99966085,d
test_0780.jpg,4.0042607e-05,0.9994337,0.0002958771,0.0002304293,b
test_0781.jpg,0.9996283,2.42918e-05,5.142574e-05,0.0002959347,a
test_0782.jpg,0.99855155,0.0011691836,0.00013963909,0.00013963909,a
test_0783.jpg,0.99987245,2.1442673e-05,4.0060182e-05,6.604808e-05,a
test_0784.jpg,0.999977,2.5612298e-06,1.6701317e-05,3.7265675e-06,a
test_0785.jpg,0.0050758207,0.11552515,0.025777144,0.8536218,d
test_0786.jpg,0.89176863,0.012720396,0.09399172,0.0015192349,a
test_0787.jpg,0.03295231,0.0034731477,0.0005669758,0.96300757,d
test_0788.jpg,0.99986136,1.3005494e-05,0.00010889368,1.6699385e-05,a
test_0789.jpg,1.742973e-07,0.99999666,1.3709546e-06,1.7603404e-06,b
test_0790.jpg,0.010736265,8.725916e-05,0.9664478,0.022728674,c
test_0791.jpg,1.0677016e-06,7.338199e-07,4.4508423e-07,0.99999774,d
test_0792.jpg,1.8921957e-05,0.99981254,1.0128194e-05,0.0001584316,b
test_0793.jpg,0.00033524068,0.9993383,0.00023040731,9.604806e-05,b
test_0794.jpg,7.4801865e-05,0.99933237,4.0038547e-05,0.0005527151,b
test_0795.jpg,4.450841e-07,0.9999975,1.2098641e-06,8.315266e-07,b
test_0796.jpg,0.9993199,7.0268965e-05,0.00017943808,0.00043044958,a
test_0797.jpg,6.962215e-06,2.2603003e-06,0.9999871,3.7266052e-06,c
test_0798.jpg,0.99046856,0.0007034054,0.008569232,0.00025876836,a
test_0799.jpg,6.083581e-07,8.3152696e-07,6.475939e-07,0.99999785,d
test_0800.jpg,0.000230308,5.823098e-05,0.0008038539,0.99890757,d
test_0801.jpg,0.99930096,0.00017943468,0.00037986325,0.00013974388,a
test_0802.jpg,0.00033529956,8.4777e-05,6.602439e-05,0.99951386,d
test_0803.jpg,4.7848657e-06,0.9999473,4.0063183e-05,7.888909e-06,b
test_0804.jpg,0.3717434,0.004129696,0.011225679,0.6129013,d
test_0805.jpg,0.999967,6.1440096e-06,1.892488e-05,7.889064e-06,a
test_0806.jpg,0.00012335542,2.1435959e-05,0.99955934,0.0002959143,c
test_0807.jpg,4.7850767e-06,1.553487e-06,0.9999914,2.26031e-06,c
test_0808.jpg,7.4753785e-05,0.00020320184,0.99869007,0.0010319441,c
test_0809.jpg,0.9229584,0.0010806731,0.075761035,0.00019990442,a
test_0810.jpg,0.9998567,1.0128641e-05,7.484111e-05,5.828631e-05,a
test_0811.jpg,3.5355057e-05,6.1437877e-06,0.99993086,2.7534546e-05,c
test_0812.jpg,1.7603329e-06,3.288735e-06,0.9999924,2.5612692e-06,c
test_0813.jpg,1.0676969e-06,2.2603144e-06,0.9999933,3.2887378e-06,c
test_0814.jpg,0.999795,5.8282712e-05,6.9608773e-06,0.00013981297,a
test_0815.jpg,5.422187e-06,3.7266109e-06,0.9999887,2.2603037e-06,c
test_0816.jpg,0.00077246974,0.95990807,0.037219673,0.0020997904,b
test_0817.jpg,0.99998343,1.147871e-05,3.7265913e-06,1.3709364e-06,a
test_0818.jpg,6.1440287e-06,4.7849744e-06,0.9999701,1.892494e-05,c
test_0819.jpg,1.0676753e-06,0.99997306,1.8924997e-05,6.9621174e-06,b
test_0820.jpg,0.00010867235,0.0010310545,0.99782914,0.0010310545,c
test_0821.jpg,1.3709529e-06,5.043454e-07,0.99999547,2.5612771e-06,c
test_0822.jpg,4.5346656e-05,0.99882656,9.5998876e-05,0.0010320852,b
test_0823.jpg,1.4593586e-06,0.9999864,1.9947067e-06,1.0129956e-05,b
test_0824.jpg,0.00012335567,0.99956137,8.478103e-05,0.00023045874,b
test_0825.jpg,0.0009107138,7.4755946e-05,0.998719,0.0002956655,c
test_0826.jpg,0.9999343,1.6700604e-05,2.7534643e-05,2.1444e-05,a
test_0827.jpg,0.08051588,0.005147208,0.7639134,0.15042345,c
test_0828.jpg,0.0021815442,0.9972813,0.00015803051,0.00037909552,b
test_0829.jpg,0.99995065,1.8924573e-05,2.144435e-05,8.939335e-06,a
test_0830.jpg,0.9977182,0.0005518223,0.00023003377,0.0015000086,a
test_0831.jpg,0.9999989,2.5360166e-07,3.6898822e-07,4.4508474e-07,a
test_0832.jpg,0.0034947454,0.968996,0.02011087,0.0073983753,b
test_0833.jpg,1.553477e-06,1.0129941e-05,0.999985,3.2887106e-06,c
test_0834.jpg,5.1428317e-05,8.9369005e-06,0.9996784,0.00026117451,c
test_0835.jpg,1.300697e-05,1.9946835e-06,1.0129838e-05,0.99997485,d
test_0836.jpg,0.22228281,0.0011664331,0.00070747745,0.77584326,d
test_0837.jpg,0.0013237887,0.00037927183,0.9977451,0.0005518372,c
test_0838.jpg,3.726595e-06,1.0129935e-05,1.7603188e-06,0.9999844,d
test_0839.jpg,9.422418e-07,9.422418e-07,0.99999607,1.9947258e-06,c
test_0840.jpg,0.9044642,0.002540454,0.084128276,0.008867055,a
test_0841.jpg,1.3709277e-06,1.8925073e-05,2.56123e-06,0.9999771,d
test_0842.jpg,1.7429657e-07,0.9999925,4.7850817e-06,2.5612694e-06,b
test_0843.jpg,0.00070773216,0.0021799686,0.9965611,0.00055118237,c
test_0844.jpg,2.4299994e-05,5.4220613e-06,4.7849526e-06,0.99996555,d
test_0845.jpg,1.5534946e-06,1.0677e-06,1.0677e-06,0.9999963,d
test_0846.jpg,6.962054e-06,0.999964,1.8924824e-05,1.0129728e-05,b
test_0847.jpg,0.51077163,0.0026802835,0.08875879,0.39778933,a
test_0848.jpg,0.0014990693,8.45717e-05,0.99709344,0.001322924,c
test_0849.jpg,1.209864e-06,3.9278532e-07,1.0677012e-06,0.9999974,d
test_0850.jpg,2.260184e-06,0.9999356,1.6700626e-05,4.539701e-05,b
test_0851.jpg,0.0014978856,0.0010294807,0.0011665544,0.99630606,d
test_0852.jpg,0.013582579,0.95221233,0.0016222079,0.032582913,b
test_0853.jpg,9.609826e-05,7.888225e-06,0.99986064,3.5352576e-05,c
test_0854.jpg,1.8553864e-07,6.475935e-07,1.9947283e-06,0.99999726,d
test_0855.jpg,1.5534862e-06,0.99999094,4.222813e-06,3.28873e-06,b
test_0856.jpg,0.00026115475,0.99960274,9.607347e-05,4.0049377e-05,b
test_0857.jpg,4.1811612e-07,0.9999933,2.9023013e-06,3.2887378e-06,b
test_0858.jpg,8.3152315e-07,2.5612717e-06,3.2887378e-06,0.9999933,d
test_0859.jpg,1.3709555e-06,7.338196e-07,5.714993e-07,0.9999974,d
test_0860.jpg,1.6700347e-05,4.0062045e-05,0.99991894,2.429886e-05,c
test_0861.jpg,1.370946e-06,1.9947147e-06,6.1441538e-06,0.99999046,d
test_0862.jpg,0.9999801,8.939598e-06,4.7850226e-06,6.14409e-06,a
test_0863.jpg,0.99985206,2.4297236e-05,0.000108892666,1.4737018e-05,a
test_0864.jpg,0.9999876,3.2887192e-06,5.422181e-06,3.726607e-06,a
test_0865.jpg,4.222798e-06,7.889224e-06,5.043413e-07,0.99998736,d
test_0866.jpg,2.1444488e-05,2.561179e-06,0.9999571,1.8924695e-05,c
test_0867.jpg,4.7849203e-06,0.99995875,2.7535316e-05,8.939408e-06,b
test_0868.jpg,3.6534757e-08,0.9999982,7.3382023e-07,1.0677021e-06,b
test_0869.jpg,0.0027985577,0.99635553,0.00055106863,0.0002949658,b
test_0870.jpg,0.0009767627,0.025191044,0.945287,0.028545193,c
test_0871.jpg,2.9022979e-06,1.994718e-06,2.9022979e-06,0.99999213,d
test_0872.jpg,1.4738053e-05,5.1440864e-05,1.1478008e-05,0.9999223,d
test_0873.jpg,1.3005777e-05,7.888402e-06,9.610041e-05,0.99988306,d
test_0874.jpg,1.7603373e-06,2.5612756e-06,8.3152446e-07,0.9999949,d
test_0875.jpg,0.00033495732,0.0009105084,0.000260865,0.9984937,d
test_0876.jpg,0.99959284,0.00017948709,2.4290935e-05,0.00020338553,a
test_0877.jpg,0.99999154,1.7603314e-06,4.2228153e-06,2.5612671e-06,a
test_0878.jpg,3.5350284e-05,0.99979585,0.00012338461,4.539066e-05,b
test_0879.jpg,0.9960747,0.0006242665,0.0031702875,0.00013085338,a
test_0880.jpg,6.9621146e-06,1.1478586e-05,0.9999727,8.939533e-06,c
test_0881.jpg,3.7265213e-06,4.73774e-07,0.9999646,3.120178e-05,c
test_0882.jpg,0.9998853,2.4298044e-05,6.604893e-05,2.4298044e-05,a
test_0883.jpg,0.9999974,1.3709555e-06,5.714993e-07,6.893597e-07,a
test_0884.jpg,0.0002945651,0.004607774,9.563129e-05,0.995002,d
test_0885.jpg,0.0031706868,0.0003341879,0.00029491982,0.99620014,d
test_0886.jpg,0.0004276304,0.00010812191,0.0066892654,0.99277496,d
test_0887.jpg,3.689863e-07,0.9999937,1.1365579e-06,4.7850876e-06,b
test_0888.jpg,3.9278592e-07,9.931184e-08,0.9999989,5.7150015e-07,c
test_0889.jpg,5.1426807e-05,9.607792e-05,0.99964905,0.00020339696,c
test_0890.jpg,2.7534665e-05,0.99993515,2.4299256e-05,1.30064545e-05,b
test_0891.jpg,0.0021821272,3.996705e-05,0.9975479,0.00022999452,c
test_0892.jpg,0.0024718456,0.00022991744,8.4581894e-05,0.99721366,d
test_0893.jpg,0.0001392977,0.9961104,0.003592535,0.00015784496,b
test_0894.jpg,3.9278288e-07,0.9999912,4.222814e-06,4.222814e-06,b
test_0895.jpg,2.9022312e-06,0.99996924,1.8924924e-05,8.939502e-06,b
test_0896.jpg,0.00090172084,0.988857,0.009694413,0.00054692134,b
test_0897.jpg,9.422428e-07,1.067701e-06,8.3152634e-07,0.99999714,d
test_0898.jpg,0.99902904,5.823806e-05,0.0007094848,0.00020327081,a
test_0899.jpg,1.9947245e-06,5.714981e-07,0.99999535,1.9947245e-06,c
test_0900.jpg,0.99994314,1.6700751e-05,3.120111e-05,8.939268e-06,a
test_0901.jpg,0.0016965164,0.00029481034,0.99583036,0.00217837,c
test_0902.jpg,9.9311805e-08,0.99999857,7.338205e-07,6.4759433e-07,b
test_0903.jpg,0.9908664,0.00022845402,0.00033239866,0.008572674,a
test_0904.jpg,0.99991393,4.0061845e-05,3.12002e-05,1.473793e-05,a
test_0905.jpg,0.99777347,0.00048700854,0.0007085932,0.001030997,a
test_0906.jpg,0.999982,4.2227753e-06,8.939615e-06,4.7850317e-06,a
test_0907.jpg,8.315183e-07,0.9999875,1.5534808e-06,1.01299665e-05,b
test_0908.jpg,2.2603224e-06,4.737893e-07,3.4663168e-07,0.9999969,d
test_0909.jpg,0.006690266,0.9929235,0.0002289283,0.00015733996,b
test_0910.jpg,5.714956e-07,0.99999094,4.7850745e-06,3.7266195e-06,b
test_0911.jpg,0.0013225351,0.00017898566,0.0016981689,0.9968003,d
test_0912.jpg,5.8265978e-05,0.9995079,0.00020336824,0.0002304464,b
test_0913.jpg,1.0129936e-05,2.9022756e-06,2.561249e-06,0.9999845,d
test_0914.jpg,5.4220386e-06,2.4299892e-05,0.9999614,8.939431e-06,c
test_0915.jpg,0.0066775247,0.99103254,0.001913143,0.00037672019,b
test_0916.jpg,0.011520434,0.91518146,0.05850559,0.01479253,b
test_0917.jpg,0.0038775029,0.010540145,0.03678872,0.94879365,d
test_0918.jpg,1.3708344e-06,0.99990904,8.481052e-05,4.7846825e-06,b
test_0919.jpg,0.9999993,1.2751897e-07,2.2380277e-07,3.466325e-07,a
test_0920.jpg,0.0002610936,0.00013975335,0.9993687,0.00023041431,c
test_0921.jpg,0.0946749,0.0053411922,0.10728071,0.7927032,d
test_0922.jpg,0.0002295916,0.0035914173,0.0003785326,0.99580044,d
test_0923.jpg,0.9596636,0.032837883,0.0044441246,0.003054399,a
test_0924.jpg,3.1199786e-05,0.9999007,5.1439754e-05,1.6700042e-05,b
test_0925.jpg,2.5360134e-07,0.9999976,9.422432e-07,1.2098643e-06,b
test_0926.jpg,2.561206e-06,2.7535561e-05,2.2602565e-06,0.9999677,d
test_0927.jpg,1.3709557e-06,6.475936e-07,5.043464e-07,0.9999975,d
test_0928.jpg,0.23683219,0.23683219,0.024961926,0.5013737,d
test_0929.jpg,2.3823515e-07,0.9999924,1.9947186e-06,5.422207e-06,b
test_0930.jpg,0.9999682,4.2227166e-06,2.1444726e-05,6.144017e-06,a
test_0931.jpg,0.9999876,6.144136e-06,4.222799e-06,2.1233566e-06,a
test_0932.jpg,2.7531833e-05,0.00010889051,3.1197655e-05,0.9998323,d
test_0933.jpg,0.99061567,0.0066747162,0.0019123382,0.00079718116,a
test_0934.jpg,0.9999584,1.0129672e-05,1.4738585e-05,1.6701006e-05,a
test_0935.jpg,6.9618864e-06,1.7602406e-06,0.9999399,5.144177e-05,c
test_0936.jpg,0.67171663,0.0035248452,0.0074620983,0.31729648,a
test_0937.jpg,8.3152713e-07,5.714997e-07,5.043467e-07,0.9999981,d
test_0938.jpg,0.004061084,0.9937144,0.0013184408,0.00090615026,b
test_0939.jpg,0.999982,3.726586e-06,5.4221505e-06,8.939615e-06,a
test_0940.jpg,0.99923563,0.00010882553,2.9289991e-05,0.0006262476,a
test_0941.jpg,0.010124116,0.003724454,0.9113438,0.07480765,c
test_0942.jpg,1.3006822e-05,6.96205e-06,1.670109e-05,0.9999634,d
test_0943.jpg,5.7149225e-07,0.9999851,5.4221673e-06,8.9396435e-06,b
test_0944.jpg,0.9908975,0.007565595,0.00037666885,0.0011602216,a
test_0945.jpg,0.9996024,5.8271482e-05,0.00010886547,0.00023046818,a
test_0946.jpg,0.0058450107,0.006623265,0.98297966,0.0045520994,c
test_0947.jpg,9.422428e-07,1.3709551e-06,4.737894e-07,0.99999714,d
test_0948.jpg,2.2599882e-06,0.99984896,0.00013982052,8.938427e-06,b
test_0949.jpg,0.9978454,0.00090991723,0.00033473983,0.00090991723,a
test_0950.jpg,6.604379e-05,3.0889094e-06,0.99980754,0.00012338605,c
test_0951.jpg,0.9956774,0.00015777636,9.56962e-05,0.004069106,a
test_0952.jpg,0.9999771,3.2886846e-06,1.4738861e-05,4.785008e-06,a
test_0953.jpg,9.609187e-05,5.1434272e-05,5.8282665e-05,0.9997942,d
test_0954.jpg,7.338126e-07,1.012997e-05,1.2878812e-06,0.99998784,d
test_0955.jpg,8.939281e-06,0.99994457,1.8924457e-05,2.7534925e-05,b
test_0956.jpg,0.9993957,0.00013975713,0.00020334542,0.00026110068,a
test_0957.jpg,1.0129912e-05,5.4221514e-06,2.406065e-06,0.9999821,d
test_0958.jpg,5.8269656e-05,0.999571,7.481973e-05,0.00029591777,b
test_0959.jpg,0.9997564,0.00012337974,8.479757e-05,3.5348887e-05,a
test_0960.jpg,0.00044805644,0.9771732,0.015794534,0.0065841414,b
test_0961.jpg,6.9620623e-06,0.9999652,8.939465e-06,1.8924848e-05,b
test_0962.jpg,0.0001793798,2.1423864e-05,0.99899536,0.0008039246,c
test_0963.jpg,5.4206707e-06,0.99970907,2.4293762e-05,0.00026118255,b
test_0964.jpg,2.144334e-05,1.670009e-05,5.8289042e-05,0.99990356,d
test_0965.jpg,4.1811512e-07,0.99999094,1.7603304e-06,6.9622415e-06,b
test_0966.jpg,1.2877584e-06,0.9998925,1.0129003e-05,9.610132e-05,b
test_0967.jpg,4.5394012e-05,1.8923038e-05,0.9998696,6.604789e-05,c
test_0968.jpg,0.9999927,2.9022995e-06,2.9022995e-06,1.553489e-06,a
test_0969.jpg,0.00029564457,2.4267982e-05,0.9986482,0.0010319009,c
test_0970.jpg,6.9622192e-06,1.9947092e-06,3.2887194e-06,0.9999877,d
test_0971.jpg,0.0054735905,0.5583214,0.0013839405,0.43482113,b
test_0972.jpg,1.067697e-06,1.7603347e-06,3.7266288e-06,0.99999344,d
test_0973.jpg,0.022793384,0.9691993,0.0073999274,0.000607423,b
test_0974.jpg,0.0103262635,0.019291999,0.9295406,0.040841162,c
test_0975.jpg,3.4662938e-07,0.9999902,2.5612637e-06,6.9622365e-06,b
test_0976.jpg,5.714983e-07,1.7603386e-06,1.994725e-06,0.9999956,d
test_0977.jpg,4.784728e-06,0.9999186,3.1200347e-05,4.5396235e-05,b
test_0978.jpg,4.222774e-06,1.209845e-06,0.99998164,1.3007058e-05,c
test_0979.jpg,0.9999987,2.699575e-07,3.0590192e-07,6.475944e-07,a
test_0980.jpg,0.999982,1.14786935e-05,2.2602887e-06,4.2227753e-06,a
test_0981.jpg,1.8917386e-05,0.9995709,0.00033531868,7.481972e-05,b
test_0982.jpg,0.99988127,5.1438754e-05,8.938715e-06,5.8287744e-05,a
test_0983.jpg,1.892277e-05,0.00010889303,1.6699285e-05,0.9998554,d
test_0984.jpg,3.119595e-05,0.9997776,5.143342e-05,0.00013981054,b
test_0985.jpg,0.025708683,0.75131786,0.1899629,0.033010602,b
test_0986.jpg,0.9991731,0.00010881872,0.0004876917,0.00023036922,a
test_0987.jpg,0.00017924886,0.0002301601,0.0013244799,0.99826616,d
test_0988.jpg,4.2228226e-06,1.5534897e-06,1.0676968e-06,0.9999932,d
test_0989.jpg,0.9999529,8.939355e-06,3.1201416e-05,6.961977e-06,a
test_0990.jpg,0.032549214,0.9512275,0.010567184,0.005656205,b
test_0991.jpg,0.9999981,8.3152713e-07,7.338201e-07,3.256307e-07,a
test_0992.jpg,5.131656e-05,0.9975061,0.00026060696,0.0021820357,b
test_0993.jpg,0.9998529,6.604679e-05,7.484083e-05,6.143309e-06,a
test_0994.jpg,6.475941e-07,7.3382023e-07,4.4508442e-07,0.9999982,d
test_0995.jpg,0.00020215736,0.9935567,0.00033330114,0.005907904,b
test_0996.jpg,5.422202e-06,9.422374e-07,0.9999914,2.26031e-06,c
test_0997.jpg,0.99969625,5.8276953e-05,6.603644e-05,0.00017950566,a
test_0998.jpg,1.7603373e-06,0.9999949,1.5534923e-06,1.7603373e-06,b
test_0999.jpg,0.0023231143,0.000551788,0.059913903,0.93721116,d
test_1000.jpg,4.181183e-07,3.2563088e-07,0.99999857,5.715e-07,c
test_1001.jpg,9.422417e-07,1.7603392e-06,1.3709536e-06,0.99999595,d
test_1002.jpg,0.0014965427,0.00029468676,0.00279591,0.9954129,d
test_1003.jpg,0.99988127,2.1442862e-05,3.1199183e-05,6.604866e-05,a
test_1004.jpg,0.00037982396,0.00037982396,4.2615065e-05,0.99919766,d
test_1005.jpg,0.017898915,0.004525555,0.00032783006,0.97724766,d
test_1006.jpg,9.605765e-05,0.9994381,3.5337634e-05,0.0004305005,b
test_1007.jpg,2.2602637e-06,0.9999709,1.6701215e-05,1.0129798e-05,b
test_1008.jpg,0.0096258465,0.98186296,0.0018954414,0.0066157407,b
test_1009.jpg,0.9994,8.4767344e-05,0.0004304841,8.4767344e-05,a
test_1010.jpg,5.421644e-06,0.99988854,3.1199408e-05,7.484349e-05,b
test_1011.jpg,1.5534736e-06,0.99998283,5.422155e-06,1.0129919e-05,b
test_1012.jpg,0.0007059404,0.0024639743,0.0027920487,0.9940381,d
test_1013.jpg,0.000552589,0.00020328614,0.00013971639,0.9991043,d
test_1014.jpg,7.888788e-06,0.99993193,4.5396842e-05,1.4738195e-05,b
test_1015.jpg,0.070853256,0.023002684,0.8631694,0.042974673,c
test_1016.jpg,0.99965334,0.00029594213,1.07796905e-05,4.0051404e-05,a
test_1017.jpg,6.144137e-06,4.2227994e-06,1.9947092e-06,0.9999877,d
test_1018.jpg,2.260309e-06,1.9947158e-06,4.7850745e-06,0.99999094,d
test_1019.jpg,0.2669832,0.004315381,0.0029659152,0.72573555,d
test_1020.jpg,1.0676958e-06,0.9999924,2.9022985e-06,3.7266248e-06,b
test_1021.jpg,0.99999225,4.7850804e-06,1.7603327e-06,1.2098578e-06,a
test_1022.jpg,1.0676995e-06,1.3709532e-06,1.7603388e-06,0.9999957,d
test_1023.jpg,1.6700946e-05,4.22266e-06,0.9999548,2.4299732e-05,c
test_1024.jpg,0.999997,1.2098635e-06,1.0677009e-06,6.475933e-07,a
test_1025.jpg,7.3381585e-07,0.99999225,3.7266243e-06,3.2887344e-06,b
test_1026.jpg,8.3152634e-07,1.3709551e-06,0.99999714,6.4759337e-07,c
test_1027.jpg,6.9621788e-06,2.2602885e-06,8.939614e-06,0.9999819,d
test_1028.jpg,2.1024279e-07,0.99999714,1.067701e-06,1.5534958e-06,b
test_1029.jpg,0.8691787,0.012398168,0.0007925884,0.11763055,a
test_1030.jpg,0.9999945,2.9023047e-06,1.5534918e-06,1.0676982e-06,a
test_1031.jpg,0.00054023426,0.97676647,0.002421162,0.02027214,b
test_1032.jpg,3.7265838e-06,4.7850285e-06,0.9999814,1.0129905e-05,c
test_1033.jpg,0.00029558854,0.998459,0.0009104767,0.00033494568,b
test_1034.jpg,0.060046084,0.00045845757,0.93927884,0.00021655999,c
test_1035.jpg,0.02004884,0.96600723,0.0044735014,0.009470402,b
test_1036.jpg,5.0434653e-07,1.5534968e-06,2.3823642e-07,0.99999774,d
test_1037.jpg,0.0003789017,0.0003789017,0.0024707494,0.9967714,d
test_1038.jpg,2.699576e-07,3.0590206e-07,0.99999917,2.5360174e-07,c
test_1039.jpg,3.1201234e-05,6.9619364e-06,0.9999471,1.4738418e-05,c
test_1040.jpg,1.8738561e-06,4.2228e-06,6.144138e-06,0.99998784,d
test_1041.jpg,0.0007095711,0.00012330497,1.6687512e-05,0.9991505,d
test_1042.jpg,5.1440104e-05,2.4298583e-05,0.9999075,1.6700156e-05,c
test_1043.jpg,0.24143623,0.0136209,0.0012669412,0.74367595,d
test_1044.jpg,1.05716765e-07,0.9999976,1.2098643e-06,1.0677015e-06,b
test_1045.jpg,0.00017936302,7.880661e-06,0.99890184,0.0009108806,c
test_1046.jpg,3.7265395e-06,1.8924928e-05,7.8890835e-06,0.9999695,d
test_1047.jpg,0.00062628364,4.5367837e-05,0.9992931,3.533251e-05,c
test_1048.jpg,0.006687157,0.0006220024,0.9924621,0.00022882191,c
test_1049.jpg,0.98432493,0.001305983,0.008516079,0.00585301,a
test_1050.jpg,0.0075708,0.0006214491,0.00022861836,0.9915792,d
test_1051.jpg,1.147845e-05,0.9999608,1.473862e-05,1.3006787e-05,b
test_1052.jpg,1.9947095e-06,4.7850594e-06,5.4221823e-06,0.99998784,d
test_1053.jpg,1.9947197e-06,1.7603339e-06,3.2887367e-06,0.99999297,d
test_1054.jpg,1.3574312e-07,0.99999845,8.315274e-07,6.475942e-07,b
test_1055.jpg,0.99999607,1.2098624e-06,1.2098624e-06,1.5534941e-06,a
test_1056.jpg,2.9022926e-06,4.2228103e-06,2.561264e-06,0.99999034,d
test_1057.jpg,3.288734e-06,2.9022979e-06,1.7603325e-06,0.99999213,d
test_1058.jpg,4.2227e-06,0.99996424,2.144464e-05,1.0129731e-05,b
test_1059.jpg,2.2380208e-07,0.9999962,1.7603396e-06,1.7603396e-06,b
test_1060.jpg,1.0676991e-06,2.5612771e-06,1.0030105e-06,0.99999547,d
test_1061.jpg,1.14783825e-05,1.8924653e-05,0.99995494,1.4738534e-05,c
test_1062.jpg,0.9999919,2.561268e-06,3.2887333e-06,2.260311e-06,a
test_1063.jpg,0.37575147,0.0036837375,0.0010554086,0.6195094,d
test_1064.jpg,0.99999523,1.2098614e-06,2.9023067e-06,6.475922e-07,a
test_1065.jpg,0.000108854234,0.0002958965,9.606352e-05,0.9994992,d
test_1066.jpg,0.9999968,9.422425e-07,1.0677006e-06,1.2098633e-06,a
test_1067.jpg,0.00080385944,0.00012327584,0.9989145,0.0001582893,c
test_1068.jpg,0.86320376,0.0008919464,0.13237658,0.0035277165,a
test_1069.jpg,7.811214e-07,0.9999647,6.962059e-06,2.753548e-05,b
test_1070.jpg,0.81424683,0.18168303,0.003327641,0.00074249704,a
test_1071.jpg,0.13249387,0.0007878373,0.0027498226,0.8639685,d
test_1072.jpg,2.1442484e-05,7.484163e-05,0.9998636,4.005983e-05,c
test_1073.jpg,0.0001088574,0.0003353044,0.9995283,2.7523462e-05,c
test_1074.jpg,1.1478703e-05,3.7265893e-06,1.9946995e-06,0.99998283,d
test_1075.jpg,0.001775623,0.91979545,0.0029275073,0.075501405,b
test_1076.jpg,0.00969832,0.00042611445,0.98925555,0.00061999285,c
test_1077.jpg,2.8736824e-07,0.9999987,5.7150004e-07,5.04347e-07,b
test_1078.jpg,3.2562977e-07,1.0676989e-06,0.99999523,3.2887442e-06,c
test_1079.jpg,0.9999944,3.2887415e-06,1.067698e-06,1.2098603e-06,a
test_1080.jpg,0.00080400816,0.99909925,5.139852e-05,4.5359036e-05,b
test_1081.jpg,0.999998,3.6898788e-07,1.0677019e-06,5.7149964e-07,a
test_1082.jpg,1.0676966e-06,1.0676966e-06,4.7850845e-06,0.9999931,d
test_1083.jpg,0.9999733,1.300695e-05,8.939538e-06,4.78499e-06,a
test_1084.jpg,0.9999738,1.4738812e-05,5.422106e-06,6.1440514e-06,a
test_1085.jpg,5.422035e-06,3.120166e-05,2.7263704e-06,0.99996066,d
test_1086.jpg,0.0072892723,0.0009864958,0.03701798,0.9547063,d
test_1087.jpg,7.338152e-07,0.9999914,3.7266211e-06,4.222815e-06,b
test_1088.jpg,4.006177e-05,1.670023e-05,3.120014e-05,0.999912,d
test_1089.jpg,0.912583,0.08488344,0.0019962674,0.000537288,a
test_1090.jpg,2.2603035e-06,2.2603035e-06,6.962225e-06,0.99998856,d
test_1091.jpg,3.9912582e-05,0.99618846,0.0035928166,0.0001788758,b
test_1092.jpg,1.0128737e-05,1.4737226e-05,0.00010889419,0.9998661,d
test_1093.jpg,0.9996062,4.0049516e-05,0.00023046906,0.0001233612,a
test_1094.jpg,1.370955e-06,5.043462e-07,0.999997,1.0677009e-06,c
test_1095.jpg,0.0027986546,0.00026031537,0.9963899,0.0005510877,c
test_1096.jpg,0.9998123,0.00012338664,1.8921954e-05,4.5391407e-05,a
test_1097.jpg,1.4738808e-05,6.9621206e-06,4.7849912e-06,0.99997354,d
test_1098.jpg,0.9999236,1.4738072e-05,5.1440933e-05,1.0129319e-05,a
test_1099.jpg,6.9620946e-06,0.99996984,1.3006906e-05,1.0129787e-05,b
test_1100.jpg,0.00020331255,7.4794516e-05,0.0004877215,0.9992342,d
test_1101.jpg,0.99995947,1.1478434e-05,2.4299847e-05,4.784924e-06,a
test_1102.jpg,0.99932206,0.00013974683,0.00037987126,0.00015835388,a
test_1103.jpg,0.00033467592,0.0019259269,0.9976548,8.461932e-05,c
test_1104.jpg,2.2603015e-06,2.2603015e-06,0.9999876,7.889226e-06,c
test_1105.jpg,3.2887037e-06,4.7850363e-06,0.99998295,8.9396235e-06,c
test_1106.jpg,4.2227616e-06,6.962157e-06,0.9999788,1.0129878e-05,c
test_1107.jpg,2.2603178e-06,2.5612756e-06,3.9278433e-07,0.9999949,d
test_1108.jpg,2.2602808e-06,0.9999784,1.1478653e-05,7.889154e-06,b
test_1109.jpg,0.9990773,0.0001397126,0.00055257406,0.00023034713,a
test_1110.jpg,1.287881e-06,7.889226e-06,3.2887192e-06,0.9999876,d
test_1111.jpg,0.00020335865,0.00026111765,0.99946076,7.481147e-05,c
test_1112.jpg,2.7529199e-05,9.608634e-05,0.0001398048,0.9997366,d
test_1113.jpg,0.0011630711,0.0009058008,0.004600036,0.99333113,d
test_1114.jpg,0.9999758,6.1440637e-06,1.0129847e-05,7.8891335e-06,a
test_1115.jpg,3.466323e-07,4.4508462e-07,0.9999987,5.04347e-07,c
test_1116.jpg,0.0008037783,0.00017934717,0.9988136,0.00020322698,c
test_1117.jpg,0.9999974,9.4224305e-07,1.209864e-06,5.3687387e-07,a
test_1118.jpg,0.0840958,0.904115,0.0017453526,0.010043811,b
test_1119.jpg,3.2887333e-06,2.561268e-06,0.9999919,2.260311e-06,c
test_1120.jpg,0.2673954,0.004897517,0.726856,0.00085106085,c
test_1121.jpg,0.00029573048,0.9989385,0.0006260614,0.00013969319,b
test_1122.jpg,0.9999819,4.785031e-06,7.889182e-06,5.42215e-06,a
test_1123.jpg,6.1441224e-06,2.2602962e-06,0.99998534,6.1441224e-06,c
test_1124.jpg,3.2562988e-07,0.9999956,1.2098618e-06,2.9023079e-06,b
test_1125.jpg,0.00026100277,0.00048761745,0.00023033416,0.99902105,d
test_1126.jpg,4.0056937e-05,0.00015842827,1.012798e-05,0.99979144,d
test_1127.jpg,8.480761e-05,1.8923136e-05,0.9998747,2.1442722e-05,c
test_1128.jpg,0.0009109848,0.99901617,4.5355264e-05,2.750936e-05,b
test_1129.jpg,7.888384e-06,2.4058213e-06,0.9998808,0.000108895794,c
test_1130.jpg,0.62442195,0.035227478,0.334229,0.0061216177,a
test_1131.jpg,0.00031731767,0.05336463,0.94591063,0.00040744396,c
test_1132.jpg,3.5302375e-05,2.2792927e-05,0.0015010951,0.9984409,d
test_1133.jpg,0.00015842567,3.1195865e-05,3.5349545e-05,0.999775,d
test_1134.jpg,0.6480743,0.0043666903,0.27015758,0.077401444,a
test_1135.jpg,0.9894845,0.00079627085,0.0011585671,0.008560718,a
test_1136.jpg,0.015892917,0.00042353192,0.98326,0.00042353192,c
test_1137.jpg,0.99999917,2.5360174e-07,2.3823677e-07,3.4663248e-07,a
test_1138.jpg,2.2602903e-06,1.3007073e-05,0.9999827,1.9946992e-06,c
test_1139.jpg,2.1443566e-05,6.1436845e-06,0.99991405,5.8289654e-05,c
test_1140.jpg,1.7603317e-06,3.2887324e-06,3.2887324e-06,0.99999166,d
test_1141.jpg,0.48580506,0.02418681,0.48580506,0.0042030374,a
test_1142.jpg,1.4736273e-05,0.9998016,0.000108887165,7.483698e-05,b
test_1143.jpg,3.4663037e-07,0.9999931,4.7850845e-06,1.7603342e-06,b
test_1144.jpg,0.00062623754,5.8249167e-05,0.99921954,9.6036645e-05,c
test_1145.jpg,1.0676953e-06,1.5381609e-07,0.9999918,6.9622474e-06,c
test_1146.jpg,0.00037836187,0.9953513,0.00020252251,0.0040677735,b
test_1147.jpg,0.008438831,0.6703794,0.0045169806,0.31666481,b
test_1148.jpg,0.004507788,0.116257384,0.85903233,0.020202504,c
test_1149.jpg,0.082688525,0.009875737,0.88898546,0.018450303,c
test_1150.jpg,1.0129093e-05,8.480986e-05,3.7262853e-06,0.9999013,d
test_1151.jpg,1.4735232e-05,0.9997309,7.4831696e-05,0.00017951187,b
test_1152.jpg,0.9995229,0.0002959035,0.00015838572,2.2817629e-05,a
test_1153.jpg,7.887734e-06,0.99979836,8.4801126e-05,0.00010888681,b
test_1154.jpg,2.9022956e-06,4.7850767e-06,9.422374e-07,0.9999914,d
test_1155.jpg,0.99977285,8.4798965e-05,1.8921208e-05,0.00012338177,a
test_1156.jpg,1.0129868e-05,4.2227575e-06,7.88915e-06,0.9999778,d
test_1157.jpg,5.826767e-05,0.999537,0.000108858345,0.00029590767,b
test_1158.jpg,1.5534455e-06,0.9999647,1.4738678e-05,1.8924839e-05,b
test_1159.jpg,1.5534847e-06,2.2603067e-06,6.144151e-06,0.99999,d
test_1160.jpg,0.99941003,0.00020334833,0.00033526472,5.141451e-05,a
test_1161.jpg,0.922574,0.00030948909,0.07572948,0.0013870338,a
test_1162.jpg,0.41785,0.006753916,0.53653,0.038866106,c
test_1163.jpg,2.1443875e-05,1.4738144e-05,3.5354973e-05,0.9999285,d
test_1164.jpg,6.570634e-05,1.5606625e-05,0.005219701,0.994699,d
test_1165.jpg,2.902302e-06,1.994721e-06,1.5534903e-06,0.99999356,d
test_1166.jpg,5.421679e-06,0.999895,8.4809326e-05,1.473765e-05,b
test_1167.jpg,0.004593052,0.00042722037,0.0031567554,0.991823,d
test_1168.jpg,7.3381824e-07,2.2603192e-06,0.99999547,1.5534932e-06,c
test_1169.jpg,0.00044298093,0.010732446,0.022720587,0.9661039,d
test_1170.jpg,0.9999893,1.7603275e-06,7.88924e-06,1.1365529e-06,a
test_1171.jpg,2.4299325e-05,2.7534745e-05,1.0129465e-05,0.999938,d
test_1172.jpg,0.00026109227,0.00033524912,0.9993636,4.0039795e-05,c
test_1173.jpg,6.602165e-05,3.118642e-05,0.00043051524,0.9994723,d
test_1174.jpg,7.483604e-05,0.99978894,5.1434003e-05,8.4800326e-05,b
test_1175.jpg,0.9994711,0.00010885117,0.0003352852,8.4773375e-05,a
test_1176.jpg,1.6701128e-05,6.1440014e-06,0.99996567,1.1478506e-05,c
test_1177.jpg,3.2886355e-06,0.9999622,1.012971e-05,2.4299912e-05,b
test_1178.jpg,0.14768802,0.84988594,0.001859118,0.00056699896,b
test_1179.jpg,6.9619405e-06,0.99994767,4.0063198e-05,5.4219645e-06,b
test_1180.jpg,1.8553871e-07,0.9999976,1.5534965e-06,6.475937e-07,b
test_1181.jpg,1.7603148e-06,1.4738935e-05,0.9999821,1.3709346e-06,c
test_1182.jpg,1.4738561e-05,4.2226684e-06,0.9999567,2.429978e-05,c
test_1183.jpg,0.34479707,0.6441657,0.0006252873,0.010411968,b
test_1184.jpg,5.8221496e-05,2.7501888e-05,0.99874485,0.00116941,c
test_1185.jpg,0.9692712,0.01382591,0.009502401,0.0074004764,a
test_1186.jpg,0.99998426,1.9947024e-06,1.1478719e-05,2.260294e-06,a
test_1187.jpg,1.370946e-06,0.99999046,4.785072e-06,3.2887285e-06,b
test_1188.jpg,0.9957208,0.0004860066,0.003169161,0.00062404474,a
test_1189.jpg,0.9998772,7.484265e-05,7.888356e-06,4.0060375e-05,a
test_1190.jpg,1.0676888e-06,0.9999857,5.4221705e-06,7.889212e-06,b
test_1191.jpg,0.00012325909,0.99877876,6.597584e-05,0.0010320357,b
test_1192.jpg,4.5390447e-05,0.00015842821,5.092667e-06,0.9997911,d
test_1193.jpg,0.9999571,2.1444488e-05,1.6700984e-05,4.784912e-06,a
test_1194.jpg,0.0021499002,0.014019109,0.98281544,0.0010155409,c
test_1195.jpg,1.5534947e-06,5.0434585e-07,0.9999964,1.5534947e-06,c
test_1196.jpg,0.9999509,2.75351e-05,1.1478336e-05,1.01295955e-05,a
test_1197.jpg,0.00079572655,0.0007022262,0.9888081,0.009693935,c
test_1198.jpg,1.553492e-06,2.9023051e-06,0.99999464,9.4224043e-07,c
test_1199.jpg,7.889082e-06,1.6701188e-05,6.1440232e-06,0.99996924,d
test_1200.jpg,0.0001232875,0.00015830428,0.9990089,0.00070947054,c
test_1201.jpg,6.4759416e-07,5.714998e-07,3.68988e-07,0.99999833,d
test_1202.jpg,2.5612244e-06,0.99997485,1.4738827e-05,7.889126e-06,b
test_1203.jpg,0.9996418,0.00010886976,0.00023047726,1.8918727e-05,a
test_1204.jpg,1.3005701e-05,0.9998772,5.8287507e-05,5.1438547e-05,b
test_1205.jpg,0.99793744,0.000108684144,2.7479655e-05,0.0019264724,a
test_1206.jpg,0.00017950207,0.00010887351,3.5346053e-05,0.9996762,d
test_1207.jpg,0.99978787,3.1196265e-05,8.480024e-05,9.6091266e-05,a
test_1208.jpg,2.4291834e-05,8.478683e-05,0.99962974,0.0002611618,c
test_1209.jpg,2.561255e-06,5.3686824e-07,0.9999869,1.012996e-05,c
test_1210.jpg,0.0012608569,0.95031315,0.0011127023,0.047313303,b
test_1211.jpg,0.99994624,3.5355602e-05,1.1478282e-05,6.9619305e-06,a
test_1212.jpg,0.00026109032,0.00017944459,0.9993561,0.00020333736,c
test_1213.jpg,0.0003786033,0.0024688037,0.9959864,0.0011661801,c
test_1214.jpg,0.00042931532,0.99668664,0.002799488,8.45372e-05,b
test_1215.jpg,0.5615798,0.43735883,0.0005802791,0.0004810683,a
test_1216.jpg,4.2227102e-06,0.9999666,4.784958e-06,2.430002e-05,b
test_1217.jpg,1.2098627e-06,1.5534946e-06,9.42242e-07,0.9999963,d
test_1218.jpg,0.0040507857,0.00070392096,0.0040507857,0.9911945,d
test_1219.jpg,0.0006261819,8.4744504e-05,0.9991308,0.00015832359,c
test_1220.jpg,0.0051310714,0.97780913,0.013947697,0.0031121522,b
test_1221.jpg,3.119794e-05,0.99984145,9.609642e-05,3.119794e-05,b
test_1222.jpg,0.00029590027,0.99951196,9.6064745e-05,9.6064745e-05,b
test_1223.jpg,0.001699621,0.0005517861,9.588605e-05,0.9976527,d
test_1224.jpg,0.0013246741,0.00012321389,0.9984125,0.00013961963,c
test_1225.jpg,1.1477908e-05,0.9999136,6.6050794e-05,8.939004e-06,b
test_1226.jpg,5.043413e-07,0.99998736,4.222798e-06,7.889224e-06,b
test_1227.jpg,3.5355482e-05,1.4738357e-05,0.9999429,6.9619073e-06,c
test_1228.jpg,5.82835e-05,2.4296176e-05,0.000108887914,0.9998085,d
test_1229.jpg,2.1439813e-05,0.00023049972,8.937444e-06,0.9997391,d
test_1230.jpg,0.9989429,0.00023031613,0.0008038823,2.2804386e-05,a
test_1231.jpg,2.5612756e-06,8.3152446e-07,0.9999949,1.7603373e-06,c
test_1232.jpg,0.06911329,0.010598866,0.84197223,0.078315616,c
test_1233.jpg,4.7378884e-07,0.99999595,1.9947256e-06,1.553494e-06,b
test_1234.jpg,0.0016933628,0.003163618,0.9939792,0.0011638299,c
test_1235.jpg,3.1201005e-05,1.0129482e-05,0.9999397,1.8924364e-05,c
test_1236.jpg,1.892129e-05,4.5389817e-05,0.99977726,0.00015842602,c
test_1237.jpg,0.9999826,6.9621838e-06,7.889187e-06,2.5612442e-06,a
test_1238.jpg,4.7378992e-07,5.7149975e-07,0.9999982,7.3382023e-07,c
test_1239.jpg,2.7522236e-05,5.8264566e-05,0.9994837,0.00043052016,c
test_1240.jpg,7.484338e-05,2.1442986e-05,1.6699812e-05,0.999887,d
test_1241.jpg,3.7266261e-06,1.9947192e-06,0.9999927,1.553489e-06,c
test_1242.jpg,0.0005521094,0.99823713,0.00017924367,0.0010314761,b
test_1243.jpg,0.98529357,0.0040266695,0.00852446,0.002155321,a
test_1244.jpg,2.2602947e-06,0.9999846,8.939639e-06,4.222786e-06,b
test_1245.jpg,4.222752e-06,6.1440683e-06,1.3006992e-05,0.9999765,d
test_1246.jpg,3.53539e-05,3.53539e-05,0.9998981,3.1199706e-05,c
test_1247.jpg,0.55301636,0.43068957,0.0032883554,0.013005699,a
test_1248.jpg,5.1435665e-05,3.119731e-05,9.609447e-05,0.99982125,d
test_1249.jpg,0.99996376,1.6701095e-05,2.9022153e-06,1.6701095e-05,a
test_1250.jpg,0.00053774315,0.025909916,0.0012899787,0.9722624,d
test_1251.jpg,0.00017792129,0.9908727,0.008572728,0.00037665942,b
test_1252.jpg,2.1444279e-05,2.429955e-05,6.9619377e-06,0.9999473,d
test_1253.jpg,1.1253487e-07,0.99999726,1.7603415e-06,8.3152645e-07,b
test_1254.jpg,8.939532e-06,1.6701242e-05,1.760298e-06,0.9999726,d
test_1255.jpg,0.00012323307,0.00013964137,0.0011692028,0.99856794,d
test_1256.jpg,4.0058738e-05,9.609592e-05,2.7531945e-05,0.9998363,d
test_1257.jpg,4.2228235e-06,1.067697e-06,0.99999344,1.3709501e-06,c
test_1258.jpg,0.9380147,0.019467873,0.032097097,0.0104204025,a
test_1259.jpg,0.9728928,0.002732656,0.0065553,0.017819155,a
test_1260.jpg,0.1823205,0.0003988245,0.00017697728,0.8171038,d
test_1261.jpg,1.994728e-06,3.927852e-07,5.0434625e-07,0.99999714,d
test_1262.jpg,3.2887415e-06,1.2098603e-06,1.1365587e-06,0.9999944,d
test_1263.jpg,9.329478e-08,0.99999833,5.043468e-07,1.0677022e-06,b
test_1264.jpg,1.7603325e-06,4.78508e-06,1.3709483e-06,0.99999213,d
test_1265.jpg,0.0009106038,0.00026089232,0.00023023668,0.9985983,d
test_1266.jpg,1.3006958e-05,4.222741e-06,0.9999739,8.939543e-06,c
test_1267.jpg,0.88974196,0.044297643,0.02686788,0.039092533,a
test_1268.jpg,3.2887351e-06,2.9022988e-06,1.3709488e-06,0.9999925,d
test_1269.jpg,2.260305e-06,3.7266132e-06,4.7850663e-06,0.9999893,d
test_1270.jpg,9.4224157e-07,2.561278e-06,6.893586e-07,0.9999958,d
test_1271.jpg,2.7534856e-05,1.1478235e-05,0.99994206,1.892441e-05,c
test_1272.jpg,0.00029577632,0.9990933,0.00048765272,0.0001232979,b
test_1273.jpg,0.0008029106,0.00055183185,0.00090981694,0.9977354,d
test_1274.jpg,0.001478637,0.98350304,0.0075091375,0.0075091375,b
test_1275.jpg,0.996488,0.0024700467,0.00033428447,0.00070768024,a
test_1276.jpg,0.00025892258,0.000107935,0.99105877,0.008574339,c
test_1277.jpg,2.1444028e-05,2.1444028e-05,0.9999356,2.1444028e-05,c
test_1278.jpg,0.0017001464,0.00023008976,0.00010868671,0.99796104,d
test_1279.jpg,2.7530876e-05,0.9997975,0.00010888672,6.604313e-05,b
test_1280.jpg,1.8923869e-05,2.7534068e-05,0.99991345,4.0061826e-05,c
test_1281.jpg,0.052880894,0.4427663,0.50171995,0.002632785,c
test_1282.jpg,7.338204e-07,4.1811825e-07,0.99999845,3.6898805e-07,c
test_1283.jpg,0.00043040758,5.140486e-05,0.9992224,0.00029581453,c
test_1284.jpg,0.99998033,3.72658e-06,8.939601e-06,6.962168e-06,a
test_1285.jpg,5.714993e-07,1.5534962e-06,5.3687387e-07,0.9999974,d
test_1286.jpg,0.9999782,6.1440783e-06,1.147865e-05,4.222759e-06,a
test_1287.jpg,0.000429834,0.001500268,0.9978908,0.00017918146,c
test_1288.jpg,0.00017950636,2.4293544e-05,0.9997002,9.608283e-05,c
test_1289.jpg,0.9990428,0.0002957614,0.00010880453,0.00055255496,a
test_1290.jpg,5.043453e-07,5.7149805e-07,0.99999523,3.7266354e-06,c
test_1291.jpg,1.2098595e-06,9.422395e-07,0.9999937,4.2228244e-06,c
test_1292.jpg,1.8553764e-07,0.9999919,4.222817e-06,3.726623e-06,b
test_1293.jpg,0.9666578,0.022733614,0.0011318398,0.00947678,a
test_1294.jpg,0.00015812009,0.9978466,0.0016999514,0.00029540726,b
test_1295.jpg,0.9998006,1.669837e-05,0.00015842973,2.4295985e-05,a
test_1296.jpg,1.3709514e-06,2.5612744e-06,1.7603364e-06,0.9999944,d
test_1297.jpg,4.004519e-05,3.118723e-05,0.00043052642,0.99949825,d
test_1298.jpg,0.9322246,0.008065323,0.052592516,0.007117622,a
test_1299.jpg,0.9972627,0.00055157044,0.00192517,0.0002605434,a
test_1300.jpg,1.357428e-07,0.99999607,9.422418e-07,2.9023092e-06,b
test_1301.jpg,1.1979276e-07,0.9999974,1.0677012e-06,1.3709555e-06,b
test_1302.jpg,0.012422921,0.00054582505,0.00015638149,0.9868749,d
test_1303.jpg,2.4299046e-05,3.7263796e-06,0.99992657,4.53966e-05,c
test_1304.jpg,0.00012338617,1.6698501e-05,5.143501e-05,0.9998085,d
test_1305.jpg,0.0033160097,0.10981116,0.81140083,0.07547203,c
test_1306.jpg,8.939576e-06,3.2886862e-06,0.9999776,1.0129866e-05,c
test_1307.jpg,0.99993,1.6700533e-05,7.888772e-06,4.5396755e-05,a
test_1308.jpg,1.3006763e-05,0.9999589,1.6701013e-05,1.1478428e-05,b
test_1309.jpg,0.99984837,9.609708e-05,2.4297147e-05,3.1198157e-05,a
test_1310.jpg,1.0129522e-05,0.9999436,4.0063034e-05,6.143866e-06,b
test_1311.jpg,8.2332384e-08,0.9999987,5.04347e-07,7.3382057e-07,b
test_1312.jpg,2.2603085e-06,4.785073e-06,2.2603085e-06,0.9999907,d
test_1313.jpg,0.022964265,0.00047660814,9.38497e-05,0.9764654,d
test_1314.jpg,0.99997663,6.1440687e-06,1.3006994e-05,4.2227525e-06,a
test_1315.jpg,0.0002957626,0.0006261294,0.999047,3.117315e-05,c
test_1316.jpg,0.9999124,2.144353e-05,1.4737907e-05,5.1440355e-05,a
test_1317.jpg,0.0021720384,0.00029395343,0.99293584,0.0045982054,c
test_1318.jpg,0.05984948,0.0029797303,0.00096737675,0.93620336,d
test_1319.jpg,1.7603369e-06,1.3709517e-06,0.99999464,2.2603174e-06,c
test_1320.jpg,1.4732713e-05,0.99955994,4.537995e-05,0.00037996168,b
test_1321.jpg,9.4224146e-07,7.338184e-07,0.9999957,2.5612778e-06,c
test_1322.jpg,0.17154904,0.029810753,0.7688294,0.029810753,c
test_1323.jpg,0.99993837,1.1478192e-05,1.473829e-05,3.5355322e-05,a
test_1324.jpg,0.99997604,8.939562e-06,1.994686e-06,1.3006986e-05,a
test_1325.jpg,0.015697842,0.0008856117,0.9711911,0.012225492,c
test_1326.jpg,1.9946801e-06,0.99997306,1.012982e-05,1.4738801e-05,b
test_1327.jpg,1.4735875e-05,3.119585e-05,0.9997745,0.00017951972,c
test_1328.jpg,5.8287013e-05,2.7532837e-05,4.5393972e-05,0.99986875,d
test_1329.jpg,0.0006262606,6.600738e-05,0.9992563,5.1406605e-05,c
test_1330.jpg,6.143992e-06,0.9999641,1.3006831e-05,1.6701102e-05,b
test_1331.jpg,0.00042986014,0.99795145,0.0009100139,0.00070871954,b
test_1332.jpg,5.422144e-06,3.7265816e-06,0.9999808,1.0129898e-05,c
test_1333.jpg,2.1424165e-05,0.9990094,0.00091097865,5.8236918e-05,b
test_1334.jpg,0.9998425,2.4297005e-05,7.484005e-05,5.8285485e-05,a
test_1335.jpg,6.9620964e-06,2.1444766e-05,1.4593347e-06,0.9999701,d
test_1336.jpg,0.9995529,0.00015839048,5.82686e-05,0.00023045679,a
test_1337.jpg,0.0016991642,0.00048681867,0.00042961593,0.9973845,d
test_1338.jpg,0.0001584156,8.479376e-05,0.99971145,4.538683e-05,c
test_1339.jpg,1.8553878e-07,0.999998,1.3709564e-06,5.0434664e-07,b
test_1340.jpg,0.00029583735,0.00010883248,0.00029583735,0.9992994,d
test_1341.jpg,0.002973746,0.9343232,0.002973746,0.05972928,b
test_1342.jpg,0.9772195,0.0018864776,0.020281544,0.00061244954,a
test_1343.jpg,0.012415004,0.0007936646,0.9862459,0.00054547715,c
test_1344.jpg,9.422242e-07,1.4738865e-05,6.962147e-06,0.99997735,d
test_1345.jpg,8.464466e-05,0.0019265036,3.5285146e-05,0.99795353,d
test_1346.jpg,3.7265954e-06,2.9022756e-06,8.939638e-06,0.9999845,d
test_1347.jpg,0.0004013035,0.06748887,0.93165517,0.00045473647,c
test_1348.jpg,0.00017943115,0.99928135,0.0004877445,5.140789e-05,b
test_1349.jpg,9.4224316e-07,9.4224316e-07,6.475936e-07,0.9999975,d
test_1350.jpg,0.9999881,4.785061e-06,2.902286e-06,4.2228007e-06,a
test_1351.jpg,0.001665654,0.020291818,0.0003279867,0.97771454,d
test_1352.jpg,2.902282e-06,1.5534796e-06,0.99998665,8.939657e-06,c
test_1353.jpg,2.5612717e-06,1.2098591e-06,2.9023013e-06,0.9999933,d
test_1354.jpg,1.553492e-06,2.9023051e-06,1.0030097e-06,0.99999464,d
test_1355.jpg,0.9995957,5.8271093e-05,1.0779068e-05,0.000335327,a
test_1356.jpg,7.484229e-05,3.1198906e-05,2.1442673e-05,0.99987245,d
test_1357.jpg,0.99997485,1.1478612e-05,8.939552e-06,4.784997e-06,a
test_1358.jpg,0.0001232733,0.99889404,0.00055247266,0.00043026614,b
test_1359.jpg,1.2751853e-07,0.9999958,1.2098621e-06,2.9023086e-06,b
test_1360.jpg,0.99978894,4.0056835e-05,3.11963e-05,0.00013981212,a
test_1361.jpg,5.714988e-07,0.99999654,1.7603402e-06,1.0677004e-06,b
test_1362.jpg,4.7850767e-06,1.7603312e-06,1.9947167e-06,0.9999914,d
test_1363.jpg,3.0590147e-07,1.2098639e-06,1.2098639e-06,0.99999726,d
test_1364.jpg,0.9984434,0.00048733552,0.0010316892,3.7579277e-05,a
test_1365.jpg,3.535237e-05,5.82862e-05,0.9998548,5.1437393e-05,c
test_1366.jpg,0.0029967497,0.05311866,0.002333871,0.94155073,d
test_1367.jpg,1.9750495e-07,0.99999774,8.3152685e-07,1.2098644e-06,b
test_1368.jpg,1.7601565e-06,0.9998921,7.484376e-05,3.119952e-05,b
test_1369.jpg,0.99999106,1.8738622e-06,4.2228135e-06,2.9022947e-06,a
test_1370.jpg,0.99998605,5.4221728e-06,6.9622074e-06,1.5534786e-06,a
test_1371.jpg,5.144148e-05,5.4218913e-06,0.9999342,8.939188e-06,c
test_1372.jpg,2.7533024e-05,0.99987555,5.143846e-05,4.539428e-05,b
test_1373.jpg,4.7850367e-06,1.9947e-06,0.9999831,1.0129921e-05,c
test_1374.jpg,0.007574519,0.99206626,0.000293696,6.553243e-05,b
test_1375.jpg,0.64556926,0.0007558838,0.008126518,0.34554833,a
test_1376.jpg,0.0076068076,0.15278679,0.77591544,0.06369102,c
test_1377.jpg,6.961518e-06,7.484338e-05,0.999887,3.119936e-05,c
test_1378.jpg,0.9990759,4.5357978e-05,7.478266e-05,0.00080398936,a
test_1379.jpg,0.0024692786,0.0005509705,0.0008016573,0.99617803,d
test_1380.jpg,8.480605e-05,3.1198404e-05,0.99985635,2.7532496e-05,c
test_1381.jpg,8.3151923e-07,5.0434187e-07,0.99998856,1.0129977e-05,c
test_1382.jpg,0.00020298219,0.000486929,0.0016995493,0.99761057,d
test_1383.jpg,1.0676997e-06,1.553494e-06,0.99999595,1.3709536e-06,c
test_1384.jpg,2.753523e-05,8.93938e-06,7.888974e-06,0.99995565,d
test_1385.jpg,0.0001398171,1.8922186e-05,1.669877e-05,0.9998246,d
test_1386.jpg,0.9998596,2.4297418e-05,8.480632e-05,3.1198506e-05,a
test_1387.jpg,0.99661237,0.0027992793,0.0004864418,0.00010196373,a
test_1388.jpg,7.338155e-07,0.9999918,3.2887328e-06,4.2228166e-06,b
test_1389.jpg,5.8290454e-05,6.961802e-06,0.99992776,6.961802e-06,c
test_1390.jpg,0.00091054424,0.00029561046,0.00026087527,0.998533,d
test_1391.jpg,0.99998343,5.422158e-06,6.962189e-06,4.222781e-06,a
test_1392.jpg,2.260314e-06,3.726628e-06,8.315231e-07,0.9999932,d
test_1393.jpg,8.764233e-08,0.9999982,8.3152725e-07,8.3152725e-07,b
test_1394.jpg,0.99995875,1.6701011e-05,2.1444524e-05,3.0893766e-06,a
test_1395.jpg,0.9999832,3.2887046e-06,1.1478707e-05,2.1233473e-06,a
test_1396.jpg,1.9946826e-06,1.6701273e-05,6.9621265e-06,0.99997437,d
test_1397.jpg,0.99929464,0.000335226,0.00023039724,0.000139743,a
test_1398.jpg,3.9278535e-07,3.9278535e-07,0.9999975,1.7603419e-06,c
test_1399.jpg,0.99998915,2.9022892e-06,1.7603272e-06,6.1441456e-06,a
test_1400.jpg,0.0047223363,0.37514165,0.0016319959,0.61850405,d
test_1401.jpg,0.0004874643,0.00070925633,0.9987073,9.598741e-05,c
test_1402.jpg,0.046187248,0.0013947341,0.024722254,0.92769575,d
test_1403.jpg,2.536005e-07,0.9999943,3.7266318e-06,1.7603362e-06,b
test_1404.jpg,0.00013979274,0.00015840592,0.99965036,5.1426876e-05,c
test_1405.jpg,0.0013235636,0.99757546,0.0010307924,7.014631e-05,b
test_1406.jpg,3.0590107e-07,0.99999595,2.2603203e-06,1.3709536e-06,b
test_1407.jpg,0.99644357,0.0024699369,0.00037877707,0.0007076487,a
test_1408.jpg,0.9999887,1.4593619e-06,3.7266109e-06,6.144143e-06,a
test_1409.jpg,1.12534494e-07,0.9999939,2.2603158e-06,3.7266304e-06,b
test_1410.jpg,0.00015798441,5.129003e-05,0.002800341,0.9969903,d
test_1411.jpg,0.67394674,0.193089,0.029611155,0.10335309,a
test_1412.jpg,4.5396177e-05,2.429882e-05,1.3006222e-05,0.99991727,d
test_1413.jpg,0.0003772076,0.99231476,0.0006219101,0.006686164,b
test_1414.jpg,0.9895997,0.0016859018,0.0075556864,0.0011587021,a
test_1415.jpg,0.00023040205,0.9993155,0.00015835285,0.0002958421,b
test_1416.jpg,2.4299057e-05,0.99992704,2.4299057e-05,2.4299057e-05,b
test_1417.jpg,0.99991393,1.473793e-05,1.3006178e-05,5.8289646e-05,a
test_1418.jpg,0.999987,3.7266047e-06,6.9622142e-06,2.4060766e-06,a
test_1419.jpg,0.99989307,2.4298233e-05,5.828843e-05,2.4298233e-05,a
test_1420.jpg,5.7149913e-07,9.422428e-07,0.99999714,1.3709551e-06,c
test_1421.jpg,4.222749e-06,1.3006983e-05,6.9621365e-06,0.9999758,d
test_1422.jpg,0.00054838555,0.00037689955,0.9915044,0.007570229,c
test_1423.jpg,4.222583e-06,7.888823e-06,0.99993646,5.1441595e-05,c
test_1424.jpg,4.4508417e-07,1.2098643e-06,0.9999976,7.338198e-07,c
test_1425.jpg,0.99999404,7.3381716e-07,4.222826e-06,1.0676977e-06,a
test_1426.jpg,0.9987324,0.00013966436,0.0010319878,9.598982e-05,a
test_1427.jpg,0.96859443,0.0002867473,0.029249018,0.0018698272,a
test_1428.jpg,6.962182e-06,3.7265875e-06,6.962182e-06,0.99998236,d
test_1429.jpg,1.994698e-06,0.9999821,6.96218e-06,8.939616e-06,b
test_1430.jpg,0.99855167,2.749657e-05,0.0013248589,9.597245e-05,a
test_1431.jpg,0.99980754,3.119688e-05,2.1441281e-05,0.00013981471,a
test_1432.jpg,7.3380625e-07,0.99997914,1.4738891e-05,5.422135e-06,b
test_1433.jpg,0.00010866764,0.9977859,0.00017916264,0.0019261801,b
test_1434.jpg,5.4221255e-06,2.5612308e-06,1.4738865e-05,0.99997735,d
test_1435.jpg,0.9997447,0.00015842087,4.538834e-05,5.143173e-05,a
test_1436.jpg,0.0003934541,0.08496243,0.91343224,0.001211924,c
test_1437.jpg,0.99998975,5.4221928e-06,1.0676931e-06,3.726615e-06,a
test_1438.jpg,2.1444044e-05,6.9618613e-06,3.535525e-05,0.99993634,d
test_1439.jpg,1.0129451e-05,0.9999366,7.888824e-06,4.5397053e-05,b
test_1440.jpg,0.00037972786,0.00037972786,0.00029573234,0.9989448,d
test_1441.jpg,3.1195552e-05,4.538926e-05,0.999765,0.00015842408,c
test_1442.jpg,1.2878821e-06,0.99998856,5.4221864e-06,4.785063e-06,b
test_1443.jpg,8.939629e-06,3.2887058e-06,4.2227816e-06,0.99998355,d
test_1444.jpg,0.993507,0.00042794575,0.00015743244,0.0059076087,a
test_1445.jpg,0.004174959,0.00038833165,0.61961883,0.37581784,c
test_1446.jpg,0.9997402,0.00010888048,0.00012337774,2.7529297e-05,a
test_1447.jpg,0.0002304913,4.538643e-05,2.1439031e-05,0.99970263,d
test_1448.jpg,1.3709529e-06,1.8738704e-06,1.2878911e-06,0.99999547,d
test_1449.jpg,0.9999949,9.4224066e-07,1.00301e-06,3.288743e-06,a
test_1450.jpg,0.99999785,8.3152696e-07,5.3687415e-07,6.8936004e-07,a
test_1451.jpg,3.2885375e-06,0.9999324,2.4299188e-05,4.0062587e-05,b
test_1452.jpg,1.1365522e-06,0.9999887,4.7850635e-06,5.422187e-06,b
test_1453.jpg,4.4508187e-07,0.9999925,3.7266252e-06,3.2887351e-06,b
test_1454.jpg,2.5612267e-06,0.9999758,1.4738842e-05,6.9621365e-06,b
test_1455.jpg,1.3709529e-06,1.3709529e-06,0.99999547,1.7603384e-06,c
test_1456.jpg,1.9947036e-06,0.99998486,6.962199e-06,6.144119e-06,b
test_1457.jpg,0.00020341798,2.7529632e-05,1.6697564e-05,0.99975234,d
test_1458.jpg,0.9979114,0.0013240093,0.0004298429,0.00033476198,a
test_1459.jpg,0.99998546,5.4221696e-06,6.9622033e-06,2.2602965e-06,a
test_1460.jpg,0.00062398624,0.003590793,0.00015776843,0.9956274,d
test_1461.jpg,1.6699149e-05,9.609697e-05,4.005917e-05,0.9998472,d
test_1462.jpg,1.3006989e-05,3.7265647e-06,6.9621397e-06,0.9999763,d
test_1463.jpg,0.9995908,0.00013978442,0.00020338512,6.6029475e-05,a
test_1464.jpg,7.33817e-07,4.222825e-06,1.287889e-06,0.9999938,d
test_1465.jpg,1.0677015e-06,1.0677015e-06,2.2380239e-07,0.9999976,d
test_1466.jpg,3.7265875e-06,0.99998236,6.962182e-06,6.962182e-06,b
test_1467.jpg,7.338196e-07,7.338196e-07,0.9999974,1.209864e-06,c
test_1468.jpg,0.005828265,0.9801635,0.012338438,0.0016698261,b
test_1469.jpg,8.93862e-06,0.99987066,1.1477416e-05,0.00010889469,b
test_1470.jpg,1.2098637e-06,7.3381943e-07,0.99999714,9.422428e-07,c
test_1471.jpg,0.0009108465,0.00017935631,4.534838e-05,0.99886453,d
test_1472.jpg,3.4663222e-07,1.9750507e-07,0.99999845,9.42244e-07,c
test_1473.jpg,1.0029984e-06,0.9999833,4.2227807e-06,1.1478708e-05,b
test_1474.jpg,0.9999982,6.475941e-07,8.3152725e-07,3.0590178e-07,a
test_1475.jpg,6.893595e-07,8.3152634e-07,0.99999714,1.3709551e-06,c
test_1476.jpg,3.7263994e-06,2.4299177e-05,0.99993193,4.0062565e-05,c
test_1477.jpg,3.1187996e-05,6.6024986e-05,0.9995228,0.00037994757,c
test_1478.jpg,0.9751741,0.013910112,0.0057985974,0.0051172446,a
test_1479.jpg,1.209837e-06,0.9999751,8.9395535e-06,1.4738831e-05,b
test_1480.jpg,0.9993629,0.00020333874,0.00023041296,0.00020333874,a
test_1481.jpg,0.99842155,0.00023019593,0.00017927677,0.0011690314,a
test_1482.jpg,0.0005527384,2.1431993e-05,5.141268e-05,0.99937445,d
test_1483.jpg,0.0015001103,0.00033471987,0.9977858,0.0003792873,c
test_1484.jpg,5.143971e-05,2.4298397e-05,0.99989986,2.4298397e-05,c
test_1485.jpg,8.3152685e-07,3.9278547e-07,0.99999774,1.0677016e-06,c
test_1486.jpg,6.144025e-06,5.4220827e-06,0.9999695,1.8924928e-05,c
test_1487.jpg,2.2602862e-06,0.9999809,5.422145e-06,1.1478681e-05,b
test_1488.jpg,0.00023039966,0.9993051,0.000261077,0.00020332698,b
test_1489.jpg,6.5771565e-05,0.004069143,0.00017878565,0.9956864,d
test_1490.jpg,0.00017899694,0.00015796424,0.9968631,0.0027999834,c
test_1491.jpg,0.053230226,0.0026501769,0.9435283,0.0005913343,c
test_1492.jpg,0.99999654,2.2603217e-06,6.47593e-07,6.083573e-07,a
test_1493.jpg,0.00079477724,0.004036212,0.0075406358,0.98762846,d
test_1494.jpg,0.9996933,3.1193314e-05,9.608217e-05,0.00017950512,a
test_1495.jpg,6.4758956e-07,0.9999912,1.2098565e-06,6.9622433e-06,b
test_1496.jpg,7.3381113e-07,1.9947056e-06,0.9999858,1.1478737e-05,c
test_1497.jpg,7.410585e-06,8.4809646e-05,8.938871e-06,0.9998988,d
test_1498.jpg,0.0045783194,0.00090152444,0.0058786776,0.98864156,d
test_1499.jpg,2.8736795e-07,0.99999774,9.4224333e-07,1.0677016e-06,b
test_1500.jpg,0.0001583497,5.82536e-05,0.00048775147,0.9992956,d
test_1501.jpg,0.99991417,2.1443568e-05,4.0061856e-05,2.4298744e-05,a
test_1502.jpg,1.5534882e-06,0.99999225,1.9947183e-06,4.2228185e-06,b
test_1503.jpg,1.1472255e-05,0.00055276416,0.9994211,1.47306655e-05,c
test_1504.jpg,1.459359e-06,4.7850544e-06,6.9622124e-06,0.99998677,d
test_1505.jpg,1.3006978e-05,7.889131e-06,3.7265618e-06,0.99997544,d
test_1506.jpg,8.478334e-05,0.99958867,0.00023046503,9.6072115e-05,b
test_1507.jpg,8.4805826e-05,4.0059433e-05,2.1442273e-05,0.99985373,d
test_1508.jpg,1.2098552e-06,0.9999901,6.1441515e-06,2.5612635e-06,b
test_1509.jpg,0.001904428,0.010959227,0.0006182772,0.9865181,d
test_1510.jpg,0.0003730946,0.00015552895,0.017976703,0.9814948,d
test_1511.jpg,0.0014970909,0.0016964264,0.9957775,0.0010289345,c
test_1512.jpg,4.7849007e-06,2.7535203e-05,1.3006708e-05,0.9999547,d
test_1513.jpg,3.1180312e-05,6.600872e-05,0.9992766,0.0006262733,c
test_1514.jpg,2.3823677e-07,1.9750522e-07,0.99999917,4.4508485e-07,c
test_1515.jpg,1.6699414e-05,0.999863,8.480661e-05,3.535266e-05,b
test_1516.jpg,0.99989164,1.4737601e-05,5.8288348e-05,3.535367e-05,a
test_1517.jpg,0.9994735,0.000335286,5.1417777e-05,0.000139768,a
test_1518.jpg,4.0060684e-05,0.99988496,1.669978e-05,5.828796e-05,b
test_1519.jpg,1.30065655e-05,0.99994373,2.4299463e-05,1.8924442e-05,b
test_1520.jpg,1.1476972e-05,1.6698896e-05,0.99983203,0.00013981815,c
test_1521.jpg,0.0001233447,2.428801e-05,0.00037992842,0.99947244,d
test_1522.jpg,3.1198684e-05,9.609871e-05,7.410337e-06,0.9998653,d
test_1523.jpg,0.9999895,4.222807e-06,3.726614e-06,2.561262e-06,a
test_1524.jpg,0.30163136,0.009108477,0.5635215,0.12573865,c
test_1525.jpg,0.00015841053,6.603534e-05,0.99967957,9.6080854e-05,c
test_1526.jpg,5.7714424e-06,5.144031e-05,3.1200125e-05,0.99991155,d
test_1527.jpg,1.14778195e-05,7.4844786e-05,7.888581e-06,0.9999058,d
test_1528.jpg,0.9999759,8.939561e-06,1.14786235e-05,3.7265634e-06,a
test_1529.jpg,3.5340756e-05,0.00037994894,0.9995264,5.8267055e-05,c
test_1530.jpg,7.338123e-07,0.9999875,6.9622174e-06,4.7850576e-06,b
test_1531.jpg,0.9999548,1.1478382e-05,1.8924651e-05,1.4738533e-05,a
test_1532.jpg,9.422418e-07,7.3381864e-07,2.2603206e-06,0.99999607,d
test_1533.jpg,0.9999633,1.1478479e-05,2.144462e-05,3.7265163e-06,a
test_1534.jpg,0.8954862,0.018585222,0.0648688,0.021059817,a
test_1535.jpg,0.0075634033,0.0016876237,0.9906104,0.00013852859,c
test_1536.jpg,9.6065836e-05,0.0003353027,0.9995233,4.537829e-05,c
test_1537.jpg,0.9999007,2.4298419e-05,5.8288875e-05,1.6700042e-05,a
test_1538.jpg,0.0003351908,0.9991897,0.00029580484,0.0001794147,b
test_1539.jpg,0.0005526061,0.0001088146,0.00020329242,0.9991353,d
test_1540.jpg,2.2380202e-07,0.99999595,1.9947256e-06,1.7603392e-06,b
test_1541.jpg,3.5355613e-05,1.0129552e-05,7.888903e-06,0.9999466,d
test_1542.jpg,6.1436886e-06,0.99991477,2.7534104e-05,5.144048e-05,b
test_1543.jpg,0.0013239334,0.0003347428,0.9978542,0.00048704792,c
test_1544.jpg,0.9999939,1.2098598e-06,1.5534908e-06,3.28874e-06,a
test_1545.jpg,1.9947227e-06,2.9023042e-06,7.3381744e-07,0.9999944,d
test_1546.jpg,0.0002959034,5.826683e-05,0.99952257,0.00012335088,c
test_1547.jpg,0.00062622793,8.475073e-05,8.475073e-05,0.9992042,d
test_1548.jpg,0.9997793,6.1428564e-06,0.00013981077,7.483531e-05,a
test_1549.jpg,0.99990976,4.0061677e-05,3.120007e-05,1.8923798e-05,a
test_1550.jpg,0.00010882857,7.479671e-05,0.9992636,0.0005526771,c
test_1551.jpg,5.0434693e-07,3.059019e-07,0.99999857,6.4759433e-07,c
test_1552.jpg,0.00012334893,0.00026112967,0.9995067,0.00010885505,c
test_1553.jpg,2.2603183e-06,1.7603377e-06,7.8114516e-07,0.9999951,d
test_1554.jpg,0.00399393,0.001296639,0.13226078,0.8624486,d
test_1555.jpg,0.99991405,1.300618e-05,5.1440442e-05,2.1443566e-05,a
test_1556.jpg,8.3152156e-07,0.9999914,1.553487e-06,6.1441597e-06,b
test_1557.jpg,0.0006259374,0.00020321214,0.99874073,0.0004302001,c
test_1558.jpg,1.892401e-05,4.5396344e-05,1.4738033e-05,0.99992096,d
test_1559.jpg,3.9278555e-07,5.368742e-07,1.0677019e-06,0.999998,d
test_1560.jpg,0.99998915,3.7266127e-06,4.2228053e-06,2.9022892e-06,a
test_1561.jpg,0.99999654,1.994727e-06,1.0677004e-06,3.9278498e-07,a
test_1562.jpg,3.535545e-05,3.726437e-06,0.99994195,1.8924407e-05,c
test_1563.jpg,0.99757916,0.00090967445,0.00070845516,0.00080278487,a
test_1564.jpg,1.6700827e-05,1.8924517e-05,0.99994767,1.6700827e-05,c
test_1565.jpg,0.99978036,2.1440697e-05,7.483539e-05,0.00012338269,a
test_1566.jpg,6.1438154e-06,0.9999354,1.3006457e-05,4.5397e-05,b
test_1567.jpg,0.0024483935,0.98775244,0.0031437995,0.0066554234,b
test_1568.jpg,0.044934653,0.90253663,0.039654694,0.012873993,b
test_1569.jpg,0.001641292,0.750308,0.24358933,0.004461494,b
test_1570.jpg,0.11692589,0.013964806,0.005137365,0.86397195,d
test_1571.jpg,0.00015776657,0.0040688533,0.9956156,0.00015776657,c
test_1572.jpg,0.99710506,0.0014990867,0.00090924214,0.0004866823,a
test_1573.jpg,0.8942758,0.044523366,0.030600432,0.030600432,a
test_1574.jpg,0.99998593,3.2887137e-06,5.422172e-06,5.422172e-06,a
test_1575.jpg,0.07522339,0.0013777645,0.4905181,0.4328807,c
test_1576.jpg,6.9620783e-06,1.6701157e-05,0.99996746,8.939485e-06,c
test_1577.jpg,0.99988294,5.828784e-05,2.7533228e-05,3.1199233e-05,a
test_1578.jpg,0.00017950026,5.8275204e-05,0.9996662,9.607957e-05,c
test_1579.jpg,1.2098537e-06,1.9947117e-06,0.9999889,7.889237e-06,c
test_1580.jpg,0.9952206,0.0003783122,0.0040672394,0.00033385932,a
test_1581.jpg,2.6995664e-07,0.9999956,2.9023079e-06,1.2098618e-06,b
test_1582.jpg,0.14751732,0.0008771701,0.84890366,0.0027018744,c
test_1583.jpg,0.9999974,7.338196e-07,1.209864e-06,7.338196e-07,a
test_1584.jpg,0.031376716,0.3373315,0.0010736523,0.6302182,d
test_1585.jpg,8.3152673e-07,3.4663194e-07,0.9999976,1.2098643e-06,c
test_1586.jpg,0.04741061,0.00015089758,0.00017098935,0.9522676,d
test_1587.jpg,0.0002607303,0.99797815,0.0002607303,0.0015003994,b
test_1588.jpg,0.9999931,3.2887372e-06,2.561271e-06,1.0676966e-06,a
test_1589.jpg,3.7266195e-06,1.9947158e-06,3.28873e-06,0.99999094,d
test_1590.jpg,0.9999987,3.0590192e-07,4.7379015e-07,5.368746e-07,a
test_1591.jpg,5.421947e-06,3.1201154e-05,0.99994445,1.8924455e-05,c
test_1592.jpg,4.78497e-06,1.760292e-06,0.9999691,2.4300081e-05,c
test_1593.jpg,5.4220736e-06,5.4220736e-06,0.9999678,2.144472e-05,c
test_1594.jpg,0.6919902,0.10612013,0.0036312311,0.1982585,a
test_1595.jpg,6.08357e-07,0.99999607,8.315254e-07,2.5612787e-06,b
test_1596.jpg,7.3381824e-07,1.9947247e-06,1.7603384e-06,0.99999547,d
test_1597.jpg,3.7266186e-06,8.31521e-07,0.9999907,4.785073e-06,c
test_1598.jpg,8.480882e-05,1.1477626e-05,1.4737563e-05,0.999889,d
test_1599.jpg,0.00023027172,0.9987502,0.00010877266,0.0009107423,b
test_1600.jpg,1.0030017e-06,0.99998665,6.1441306e-06,6.1441306e-06,b
test_1601.jpg,1.7603361e-06,2.2603163e-06,0.99999416,1.7603361e-06,c
test_1602.jpg,0.99997115,1.4738773e-05,6.144035e-06,7.889097e-06,a
test_1603.jpg,1.7603401e-06,4.7378907e-07,0.9999964,1.3709542e-06,c
test_1604.jpg,1.0677019e-06,3.2563068e-07,6.0835816e-07,0.999998,d
test_1605.jpg,1.8923083e-05,0.99987197,1.3005632e-05,9.609935e-05,b
test_1606.jpg,9.4224214e-07,6.475929e-07,0.9999964,1.9947267e-06,c
test_1607.jpg,1.0127814e-05,0.999775,1.1476317e-05,0.00020342259,b
test_1608.jpg,4.785063e-06,3.2887222e-06,3.2887222e-06,0.99998856,d
test_1609.jpg,4.181167e-07,4.222829e-06,6.0835623e-07,0.99999475,d
test_1610.jpg,2.4299066e-05,0.9999274,3.5354933e-05,1.3006354e-05,b
test_1611.jpg,1.994725e-06,6.475924e-07,0.9999956,1.7603386e-06,c
test_1612.jpg,6.1441187e-06,4.2227866e-06,0.99998474,4.7850444e-06,c
test_1613.jpg,0.999946,2.429952e-05,1.30065955e-05,1.6700798e-05,a
test_1614.jpg,1.8924888e-05,4.784961e-06,8.939484e-06,0.99996734,d
test_1615.jpg,3.7265559e-06,1.0029889e-06,0.9999739,2.1444848e-05,c
test_1616.jpg,1.1979277e-07,0.9999975,9.4224316e-07,1.3709557e-06,b
test_1617.jpg,0.99971026,8.479366e-05,9.608381e-05,0.00010887722,a
test_1618.jpg,0.00029553424,0.0008033453,0.9982755,0.00062564586,c
test_1619.jpg,1.3006765e-05,3.7265004e-06,0.999959,2.4299834e-05,c
test_1620.jpg,9.329482e-08,6.4759445e-07,5.0434704e-07,0.9999988,d
test_1621.jpg,1.6697355e-05,0.9997398,0.00020341543,4.005487e-05,b
test_1622.jpg,9.4223236e-07,0.99998605,1.0129952e-05,2.9022801e-06,b
test_1623.jpg,5.315776e-08,0.9999982,8.3152725e-07,9.422438e-07,b
test_1624.jpg,4.222773e-06,5.422148e-06,0.9999815,8.939611e-06,c
test_1625.jpg,3.5352583e-05,0.9998609,1.8922874e-05,8.480643e-05,b
test_1626.jpg,1.9750445e-07,0.99999523,1.7603379e-06,2.9023067e-06,b
test_1627.jpg,0.997113,0.0016987016,0.00015800384,0.0010303145,a
test_1628.jpg,0.9990658,4.535752e-05,0.00070951093,0.00017939246,a
test_1629.jpg,0.99997914,1.3007027e-05,1.6536579e-06,6.144084e-06,a
test_1630.jpg,0.036053233,0.9298251,0.0023048061,0.031816866,b
test_1631.jpg,0.017944077,0.0021431143,0.97971344,0.00019934069,c
test_1632.jpg,0.00023050167,0.9997476,1.3004014e-05,8.93752e-06,b
test_1633.jpg,1.2098625e-06,1.0676999e-06,1.5534944e-06,0.9999962,d
test_1634.jpg,0.041462578,0.0043701236,0.010483381,0.94368386,d
test_1635.jpg,0.00020342121,2.1440437e-05,0.9997682,6.960691e-06,c
test_1636.jpg,6.0835725e-07,1.3709542e-06,1.5534947e-06,0.9999964,d
test_1637.jpg,0.9703331,0.0034995675,0.01777227,0.008395026,a
test_1638.jpg,0.9998878,1.3005839e-05,7.484344e-05,2.4298106e-05,a
test_1639.jpg,8.938689e-06,1.6699669e-05,0.9998783,9.609995e-05,c
test_1640.jpg,0.99994195,7.888866e-06,4.5397297e-05,4.78484e-06,a
test_1641.jpg,0.99973553,7.483204e-05,3.1194635e-05,0.00015841941,a
test_1642.jpg,4.7378998e-07,3.927857e-07,0.99999833,8.3152736e-07,c
test_1643.jpg,4.2228003e-06,1.7603252e-06,0.99998796,6.1441383e-06,c
test_1644.jpg,0.00025961088,0.0035838182,0.9936935,0.0024631198,c
test_1645.jpg,0.00025643662,0.86620903,0.13283746,0.000697067,b
test_1646.jpg,7.887325e-06,0.00017951471,0.9997466,6.603977e-05,c
test_1647.jpg,6.6038185e-05,7.887136e-06,0.99972266,0.00020341194,c
test_1648.jpg,4.4508448e-07,4.181182e-07,7.338203e-07,0.99999833,d
test_1649.jpg,0.0052177664,0.00029436627,0.0001575629,0.9943303,d
test_1650.jpg,7.889028e-06,2.4299918e-05,0.99996245,5.4220445e-06,c
test_1651.jpg,5.368742e-07,7.3382006e-07,8.31527e-07,0.999998,d
test_1652.jpg,2.4290279e-05,0.00017948223,0.9995658,0.00023045974,c
test_1653.jpg,0.00029546677,0.9980477,0.00062550313,0.0010312804,b
test_1654.jpg,0.008999397,0.556773,0.43361524,0.00061241665,b
test_1655.jpg,0.025504313,0.1295216,0.00038726252,0.84458685,d
test_1656.jpg,1.3709476e-06,0.99999166,2.2603106e-06,4.7850776e-06,b
test_1657.jpg,2.1443175e-05,7.888502e-06,7.4844036e-05,0.9998958,d
test_1658.jpg,0.0019256636,0.9975184,0.00029531008,0.0002606102,b
test_1659.jpg,1.892169e-05,0.99979836,0.00015842936,2.429593e-05,b
test_1660.jpg,3.927854e-07,0.9999976,1.3709558e-06,6.475937e-07,b
test_1661.jpg,4.7378762e-07,0.9999933,3.2887378e-06,2.9023013e-06,b
test_1662.jpg,0.9720219,0.025903504,0.0016559558,0.00041869117,a
test_1663.jpg,0.9998016,2.7530987e-05,9.609258e-05,7.483698e-05,a
test_1664.jpg,0.00070517673,0.0059043723,0.9929628,0.0004277113,c
test_1665.jpg,0.9950271,0.00048566805,0.0013201825,0.0031669533,a
test_1666.jpg,0.00043046472,7.480356e-05,0.00013975144,0.999355,d
test_1667.jpg,8.3152685e-07,6.4759377e-07,0.99999774,8.3152685e-07,c
test_1668.jpg,0.99921894,0.0003352006,6.600491e-05,0.00037983208,a
test_1669.jpg,1.3709364e-06,1.147871e-05,3.7265913e-06,0.99998343,d
test_1670.jpg,0.0014942595,0.99389416,0.0010269885,0.003584542,b
test_1671.jpg,0.9789281,0.007474208,0.0040006554,0.009597073,a
test_1672.jpg,4.2228003e-06,9.422341e-07,0.99998796,6.962221e-06,c
test_1673.jpg,2.5612737e-06,1.5534912e-06,1.7603361e-06,0.99999416,d
test_1674.jpg,0.49265164,0.49265164,0.013128721,0.0015680023,a
test_1675.jpg,4.784875e-06,0.9999492,1.473845e-05,3.12013e-05,b
test_1676.jpg,2.9022588e-06,1.7603088e-06,0.99997866,1.6701344e-05,c
test_1677.jpg,1.553489e-06,9.422386e-07,0.9999927,4.7850826e-06,c
test_1678.jpg,0.00033498503,0.9985763,0.0007091633,0.0003795878,b
test_1679.jpg,2.9022842e-06,4.2227985e-06,0.9999875,5.4221805e-06,c
test_1680.jpg,0.9927522,0.0019164626,0.0021716366,0.0031597128,a
test_1681.jpg,0.99989593,5.82886e-05,2.4298302e-05,2.1443177e-05,a
test_1682.jpg,0.99998975,3.2887262e-06,3.726615e-06,3.2887262e-06,a
test_1683.jpg,1.0129945e-05,3.2887117e-06,1.1365483e-06,0.99998534,d
test_1684.jpg,2.2603188e-06,7.33818e-07,0.99999523,1.7603379e-06,c
test_1685.jpg,2.2602499e-06,0.99996483,2.1444654e-05,1.1478496e-05,b
test_1686.jpg,3.5355995e-05,6.143951e-06,0.99995744,1.0676586e-06,c
test_1687.jpg,3.7266052e-06,2.1233557e-06,6.962215e-06,0.9999871,d
test_1688.jpg,0.99997616,6.9621387e-06,5.422119e-06,1.1478626e-05,a
test_1689.jpg,1.147864e-05,7.889146e-06,3.2886853e-06,0.99997735,d
test_1690.jpg,0.9999902,9.422363e-07,7.889247e-06,1.0030053e-06,a
test_1691.jpg,0.99973136,3.5348003e-05,7.4831725e-05,0.00015841876,a
test_1692.jpg,0.00042960653,0.9973627,0.001499474,0.00070830144,b
test_1693.jpg,0.9997435,0.00010888084,0.00012337815,2.4294599e-05,a
test_1694.jpg,4.7378936e-07,0.999997,9.422427e-07,1.5534956e-06,b
test_1695.jpg,9.589802e-05,0.9977773,0.00080294436,0.0013238314,b
test_1696.jpg,1.147763e-05,7.4843556e-05,2.4298142e-05,0.9998894,d
test_1697.jpg,5.368662e-07,0.9999831,1.30070775e-05,3.2887042e-06,b
test_1698.jpg,1.5381696e-07,0.9999974,1.0677012e-06,1.3709555e-06,b
test_1699.jpg,8.8514093e-07,0.99998105,1.4738919e-05,3.2886976e-06,b
test_1700.jpg,0.00029588878,5.141776e-05,0.0001794656,0.99947315,d
test_1701.jpg,0.0066834213,0.0007044274,0.9919077,0.0007044274,c
test_1702.jpg,7.4803764e-05,1.4729732e-05,0.99935776,0.0005527291,c
test_1703.jpg,6.0835566e-07,0.9999938,2.2603153e-06,3.2887394e-06,b
test_1704.jpg,1.2098617e-06,1.0676991e-06,2.2603192e-06,0.99999547,d
test_1705.jpg,0.9999639,8.939453e-06,2.4299952e-05,2.9022158e-06,a
test_1706.jpg,0.97893953,0.01232303,0.0065960423,0.0021414214,a
test_1707.jpg,0.0007492515,0.0007492515,0.06744547,0.931056,d
test_1708.jpg,8.9387695e-06,0.99988735,4.5394816e-05,5.8288097e-05,b
test_1709.jpg,2.5612344e-06,1.6701346e-05,1.9946915e-06,0.9999788,d
test_1710.jpg,0.00023026837,0.9987357,0.00023026837,0.0008037156,b
test_1711.jpg,0.99994373,1.30065655e-05,7.888881e-06,3.535551e-05,a
test_1712.jpg,1.6701084e-05,1.0129718e-05,1.0129718e-05,0.99996305,d
test_1713.jpg,1.2098614e-06,1.5534929e-06,1.9947242e-06,0.99999523,d
test_1714.jpg,0.99415004,0.004062864,0.0011640299,0.00062306033,a
test_1715.jpg,9.422338e-07,0.9999876,6.144136e-06,5.422181e-06,b
test_1716.jpg,1.4592334e-06,0.9999007,1.3006006e-05,8.480981e-05,b
test_1717.jpg,5.8277088e-05,0.00015841355,0.9996985,8.479266e-05,c
test_1718.jpg,0.16403483,0.8330376,0.001105258,0.0018222624,b
test_1719.jpg,1.30070375e-05,4.2227666e-06,2.9022624e-06,0.99998,d
test_1720.jpg,2.5611844e-06,2.1444534e-05,1.670102e-05,0.99995923,d
test_1721.jpg,0.9999441,1.300657e-05,2.144421e-05,2.144421e-05,a
test_1722.jpg,1.3006397e-05,5.14413e-05,0.99993074,4.784786e-06,c
test_1723.jpg,8.480313e-05,8.480313e-05,8.396647e-06,0.99982196,d
test_1724.jpg,0.00055147754,0.11908599,0.87993306,0.0004294912,c
test_1725.jpg,6.962171e-06,8.939604e-06,0.9999808,3.2886967e-06,c
test_1726.jpg,4.2228135e-06,2.5612658e-06,2.2603092e-06,0.99999106,d
test_1727.jpg,6.1437268e-06,0.99992096,5.1440795e-05,2.1443713e-05,b
test_1728.jpg,2.4295632e-05,0.9997861,0.00015842741,3.119621e-05,b
test_1729.jpg,0.99988556,6.6048946e-05,1.3005809e-05,3.5353456e-05,a
test_1730.jpg,9.4224214e-07,1.9947267e-06,6.475929e-07,0.9999964,d
test_1731.jpg,5.8283844e-05,9.609382e-05,0.99981445,3.1197094e-05,c
test_1732.jpg,1.9946342e-06,0.99995005,4.0063293e-05,7.888931e-06,b
test_1733.jpg,9.9311784e-08,0.99999833,1.0677022e-06,4.7378998e-07,b
test_1734.jpg,0.19767901,0.3259176,0.0021960158,0.4742073,d
test_1735.jpg,3.9278598e-07,5.6586188e-08,0.99999905,5.043472e-07,c
test_1736.jpg,0.0027833679,0.99094754,0.0058923895,0.00037668788,b
test_1737.jpg,1.2994609e-05,0.9990245,0.00091099244,5.139468e-05,b
test_1738.jpg,0.9999721,6.9621105e-06,7.889104e-06,1.3006935e-05,a
test_1739.jpg,1.5534786e-06,0.99998605,2.2602978e-06,1.0129952e-05,b
test_1740.jpg,4.0059087e-05,4.0059087e-05,0.999845,7.484024e-05,c
test_1741.jpg,7.887715e-06,0.999796,0.00017952356,1.6698292e-05,b
test_1742.jpg,0.0066812807,0.99158996,0.0010246076,0.00070420175,b
test_1743.jpg,0.00066978054,0.94312125,0.0030017484,0.053207263,b
test_1744.jpg,8.935894e-06,0.99956566,4.5380213e-05,0.00037996387,b
test_1745.jpg,0.00037710086,0.0058988496,0.001690049,0.992034,d
test_1746.jpg,0.9999883,2.5612587e-06,6.9622233e-06,2.260303e-06,a
test_1747.jpg,7.338134e-07,0.9999889,6.144144e-06,4.2228044e-06,b
test_1748.jpg,0.9955627,0.00022953679,0.0040686373,0.00013922111,a
test_1749.jpg,0.99989307,7.484383e-05,2.7533506e-05,4.494721e-06,a
test_1750.jpg,4.1811725e-07,0.99999607,1.2098624e-06,2.2603206e-06,b
test_1751.jpg,0.3741,0.0077641974,0.0013492153,0.6167866,d
test_1752.jpg,1.9945307e-06,0.9998982,9.610187e-05,3.726274e-06,b
test_1753.jpg,2.5612208e-06,2.144484e-05,2.5612208e-06,0.9999734,d
test_1754.jpg,0.0002936449,0.9918936,0.0019148052,0.0058980146,b
test_1755.jpg,0.015530866,0.8479565,0.13003835,0.006474227,b
test_1756.jpg,1.0677016e-06,8.3152685e-07,4.1811796e-07,0.99999774,d
test_1757.jpg,0.9999095,1.4737865e-05,2.4298632e-05,5.144021e-05,a
test_1758.jpg,0.9990276,8.473575e-05,0.00033513643,0.0005525465,a
test_1759.jpg,0.93377554,0.024884274,0.021960296,0.019379893,a
test_1760.jpg,7.889166e-06,1.9946938e-06,0.99998,1.012989e-05,c
test_1761.jpg,0.0070232237,0.0005415728,0.55792373,0.43451145,c
test_1762.jpg,1.5534923e-06,6.4759195e-07,0.9999949,2.9023058e-06,c
test_1763.jpg,1.300691e-05,8.93951e-06,0.9999702,7.889089e-06,c
test_1764.jpg,0.9981846,0.00026078426,0.0013243718,0.00023014132,a
test_1765.jpg,0.9999981,1.0030132e-06,5.714997e-07,2.6995733e-07,a
test_1766.jpg,0.0042698537,0.43553695,0.0009527333,0.5592405,d
test_1767.jpg,3.9278441e-07,0.9999951,1.994724e-06,2.5612762e-06,b
test_1768.jpg,0.0006234145,0.0031659605,0.99471515,0.0014954937,c
test_1769.jpg,0.98979354,0.00062033,0.0010227513,0.008563392,a
test_1770.jpg,2.1441272e-05,1.3004789e-05,0.00015843076,0.9998072,d
test_1771.jpg,0.007951424,0.55743796,0.43413308,0.0004775202,b
test_1772.jpg,0.00015743244,0.993507,0.00042794575,0.0059076087,b
test_1773.jpg,3.535487e-05,2.4299023e-05,1.4738102e-05,0.9999256,d
test_1774.jpg,9.600994e-05,0.0008038814,0.00015829362,0.9989417,d
test_1775.jpg,6.475884e-07,0.9999895,6.144148e-06,3.726614e-06,b
test_1776.jpg,0.99998593,7.8892135e-06,4.2227916e-06,1.9947058e-06,a
test_1777.jpg,0.9996105,3.5343728e-05,5.8271955e-05,0.00029592944,a
test_1778.jpg,1.067698e-06,0.9999944,2.5612744e-06,1.9947227e-06,b
test_1779.jpg,0.99988735,1.8923374e-05,3.5353518e-05,5.8288097e-05,a
test_1780.jpg,3.5346613e-05,1.1475365e-05,0.0002611781,0.9996921,d
test_1781.jpg,0.9999883,4.222802e-06,5.422185e-06,2.1233582e-06,a
test_1782.jpg,3.5355213e-05,7.888814e-06,0.99993527,2.144402e-05,c
test_1783.jpg,0.0013227549,0.99696594,0.0008022914,0.00090911525,b
test_1784.jpg,0.9999856,3.7265995e-06,6.962204e-06,3.7265995e-06,a
test_1785.jpg,0.99981815,2.7531443e-05,5.8284062e-05,9.609417e-05,a
test_1786.jpg,0.006682852,0.0003327196,0.0011613055,0.99182314,d
test_1787.jpg,0.0011526501,0.00037421074,0.98443097,0.014042153,c
test_1788.jpg,0.9996605,9.607902e-05,4.005169e-05,0.0002033993,a
test_1789.jpg,0.9998838,1.0128916e-05,7.4843134e-05,3.119926e-05,a
test_1790.jpg,1.7603373e-06,8.3152446e-07,0.9999949,2.5612756e-06,c
test_1791.jpg,1.994652e-06,0.999959,1.1478429e-05,2.7535321e-05,b
test_1792.jpg,1.5381674e-07,0.99999607,1.7603394e-06,1.9947258e-06,b
test_1793.jpg,8.939579e-06,6.962151e-06,6.144077e-06,0.99997795,d
test_1794.jpg,0.99999,3.966962e-06,3.5008318e-06,2.561263e-06,a
test_1795.jpg,0.99774504,0.00020300955,0.00055183715,0.0015000489,a
test_1796.jpg,8.463427e-05,0.99783105,0.001926267,0.00015811763,b
test_1797.jpg,1.1478446e-05,0.9999604,1.670104e-05,1.1478446e-05,b
test_1798.jpg,0.00020341158,5.1430503e-05,0.9997209,2.4294048e-05,c
test_1799.jpg,3.2885785e-06,2.429949e-05,0.9999448,2.7534932e-05,c
test_1800.jpg,0.0010321488,0.9988882,5.822985e-05,2.1421565e-05,b
test_1801.jpg,0.99999535,1.553493e-06,1.1365598e-06,1.8738701e-06,a
test_1802.jpg,9.609514e-05,0.9998281,5.143602e-05,2.4296654e-05,b
test_1803.jpg,0.0006255759,0.0001792305,0.9981639,0.0010314003,c
test_1804.jpg,0.017132925,0.30368838,0.036270406,0.6429083,d
test_1805.jpg,2.2603222e-06,5.368736e-07,3.6898743e-07,0.9999968,d
test_1806.jpg,0.74361515,0.24141648,0.013619787,0.0013485415,a
test_1807.jpg,3.1197305e-05,7.887913e-06,0.9998211,0.00013981662,c
test_1808.jpg,0.9986186,0.0002031873,0.0005523203,0.0006258609,a
test_1809.jpg,0.9998604,8.4806394e-05,4.0059702e-05,1.4737141e-05,a
test_1810.jpg,0.9999784,7.889154e-06,8.9395835e-06,4.7850144e-06,a
test_1811.jpg,9.600141e-05,1.8903798e-05,0.99885297,0.0010321124,c
test_1812.jpg,1.6700951e-05,1.1478385e-05,0.9999552,1.6700951e-05,c
test_1813.jpg,0.0008039303,0.00010880014,0.9990025,8.473363e-05,c
test_1814.jpg,4.2219704e-06,1.0028059e-06,0.99979144,0.00020342594,c
test_1815.jpg,6.083581e-07,9.4224345e-07,5.714995e-07,0.99999785,d
test_1816.jpg,2.2602612e-06,0.99996984,8.939507e-06,1.8924935e-05,b
test_1817.jpg,0.0001233569,0.00023046104,0.9995714,7.4819756e-05,c
test_1818.jpg,6.6019864e-05,0.99944526,5.8262325e-05,0.0004305036,b
test_1819.jpg,1.1478598e-05,4.7849917e-06,0.99997365,1.01298265e-05,c
test_1820.jpg,4.7848466e-06,0.9999434,2.7534892e-05,2.4299456e-05,b
test_1821.jpg,2.9022092e-06,2.7535394e-05,7.889022e-06,0.9999616,d
test_1822.jpg,0.99944526,5.8262325e-05,6.6019864e-05,0.0004305036,a
test_1823.jpg,1.1478729e-05,1.8738509e-06,1.4593567e-06,0.9999851,d
test_1824.jpg,0.99910814,3.5325967e-05,0.00023035424,0.0006261677,a
test_1825.jpg,6.604398e-05,1.47364035e-05,0.9998104,0.000108888125,c
test_1826.jpg,0.5167877,0.009465297,0.45606354,0.017683502,a
test_1827.jpg,0.00040122043,0.06747491,0.0006615007,0.9314623,d
test_1828.jpg,0.012813434,0.005341434,0.08355409,0.8982911,d
test_1829.jpg,1.2098592e-06,4.2228235e-06,1.2098592e-06,0.99999344,d
test_1830.jpg,1.4736494e-05,0.9998166,4.5391604e-05,0.00012338716,b
test_1831.jpg,1.1478487e-05,1.6701099e-05,7.889041e-06,0.999964,d
test_1832.jpg,4.005943e-05,8.480582e-05,2.1442269e-05,0.9998536,d
test_1833.jpg,0.0043332987,0.013347498,0.9357319,0.046587344,c
test_1834.jpg,5.422146e-06,1.9946963e-06,0.99998116,1.14786835e-05,c
test_1835.jpg,0.9999769,2.9022535e-06,1.0129858e-05,1.0129858e-05,a
test_1836.jpg,0.00012336562,0.00020339554,0.999642,3.1191717e-05,c
test_1837.jpg,0.99845636,0.00043007763,0.00091047434,0.00020315428,a
test_1838.jpg,9.422428e-07,3.4663177e-07,0.99999714,1.5534958e-06,c
test_1839.jpg,6.597584e-05,0.00012325909,0.0010320357,0.99877876,d
test_1840.jpg,0.999982,4.2227753e-06,8.939615e-06,4.7850317e-06,a
test_1841.jpg,2.1444654e-05,2.2602499e-06,0.99996483,1.1478496e-05,c
test_1842.jpg,0.99945277,0.0001583746,0.0002304337,0.0001583746,a
test_1843.jpg,0.00029390963,0.0066893524,0.00022889704,0.9927879,d
test_1844.jpg,0.9999932,4.2228226e-06,1.5534897e-06,1.0030083e-06,a
test_1845.jpg,1.5534664e-06,0.9999782,5.42213e-06,1.4738876e-05,b
test_1846.jpg,2.8736838e-07,1.85539e-07,0.99999917,3.92786e-07,c
test_1847.jpg,0.9999627,1.89248e-05,1.1478472e-05,6.962045e-06,a
test_1848.jpg,0.053347744,0.00076096464,0.94561136,0.00027994326,c
test_1849.jpg,0.9656056,0.0011306079,0.0002226299,0.033041205,a
test_1850.jpg,0.00010887829,0.99972004,0.00013980249,3.119415e-05,b
test_1851.jpg,1.0129857e-05,6.962143e-06,6.1440696e-06,0.99997675,d
test_1852.jpg,7.885825e-06,0.99955636,0.0002959134,0.0001397796,b
test_1853.jpg,4.539682e-05,1.3006406e-05,1.0129399e-05,0.99993145,d
test_1854.jpg,0.9999896,1.2878836e-06,5.422192e-06,3.7266145e-06,a
test_1855.jpg,0.86387783,0.0027495339,0.13247997,0.00089264294,a
test_1856.jpg,6.0834924e-07,1.4738953e-05,1.2878754e-06,0.9999833,d
test_1857.jpg,8.472993e-05,4.5352666e-05,0.99895895,0.00091093266,c
test_1858.jpg,1.01294145e-05,1.1478131e-05,0.999933,4.539689e-05,c
test_1859.jpg,0.999905,3.5354144e-05,3.5354144e-05,2.4298522e-05,a
test_1860.jpg,0.0010231525,0.00022829617,0.99018174,0.008566751,c
test_1861.jpg,6.143247e-06,6.604613e-05,0.9998429,8.480491e-05,c
test_1862.jpg,0.08436173,0.9069741,0.005393065,0.0032710594,b
test_1863.jpg,0.00010889325,1.8922809e-05,1.4737097e-05,0.9998574,d
test_1864.jpg,0.10479854,0.87746745,0.012516401,0.005217612,b
test_1865.jpg,0.00970478,0.0002586236,0.9899144,0.00012216515,c
test_1866.jpg,4.7846743e-06,1.3006093e-05,7.48449e-05,0.9999074,d
test_1867.jpg,0.00015786204,3.108488e-05,0.99621814,0.0035929237,c
test_1868.jpg,0.00062556093,0.00020308992,0.0010313757,0.99814,d
test_1869.jpg,1.6373733e-07,0.9999976,6.475937e-07,1.5534965e-06,b
test_1870.jpg,0.0028006502,7.46348e-05,0.9971004,2.4230369e-05,c
test_1871.jpg,3.5350204e-05,3.1196443e-05,0.00013981276,0.9997936,d
test_1872.jpg,3.0891104e-06,0.99987257,5.8287234e-05,6.604809e-05,b
test_1873.jpg,1.9946979e-06,1.2098453e-06,0.999982,1.4738933e-05,c
test_1874.jpg,0.9999906,5.4221973e-06,1.3709462e-06,2.5612646e-06,a
test_1875.jpg,1.0129924e-05,2.9022722e-06,3.7265909e-06,0.9999833,d
test_1876.jpg,0.008519244,0.9846907,0.004024206,0.0027657938,b
test_1877.jpg,1.0676999e-06,1.3709539e-06,1.3709539e-06,0.9999962,d
test_1878.jpg,0.996894,0.002180697,0.00012302649,0.0008022335,a
test_1879.jpg,0.037128773,0.0044344,0.00087318505,0.95756364,d
test_1880.jpg,4.222823e-06,6.893569e-07,0.9999933,1.7603346e-06,c
test_1881.jpg,1.9750495e-07,0.99999774,1.370956e-06,7.338199e-07,b
test_1882.jpg,8.4772466e-05,0.00037992385,0.9994604,7.481145e-05,c
test_1883.jpg,0.9659737,0.00036719456,0.0330538,0.00060540147,a
test_1884.jpg,1.5534927e-06,1.5534927e-06,0.9999951,1.7603377e-06,c
test_1885.jpg,0.00029587376,0.00015836979,0.00012333853,0.99942243,d
test_1886.jpg,1.994698e-06,0.9999821,2.9022688e-06,1.3007065e-05,b
test_1887.jpg,1.2098591e-06,7.3381665e-07,0.9999933,4.785086e-06,c
test_1888.jpg,0.00061391003,0.97954994,0.01583295,0.004003197,b
test_1889.jpg,0.9990466,0.00026100947,0.00055255706,0.00013970831,a
test_1890.jpg,1.994715e-06,6.1441547e-06,1.2098558e-06,0.9999906,d
test_1891.jpg,8.3152287e-07,8.3152287e-07,5.42221e-06,0.99999297,d
test_1892.jpg,0.00015838603,0.99952483,0.00015838603,0.00015838603,b
test_1893.jpg,6.961961e-06,2.4059893e-06,0.99995065,4.0063318e-05,c
test_1894.jpg,0.0007086628,9.590708e-05,0.9978715,0.0013239564,c
test_1895.jpg,1.3006922e-05,2.902237e-06,1.3006922e-05,0.99997115,d
test_1896.jpg,4.784942e-06,0.9999633,1.8924811e-05,1.300682e-05,b
test_1897.jpg,0.99920076,0.00055264233,0.00012331117,0.00012331117,a
test_1898.jpg,5.0434386e-07,0.9999925,3.2887351e-06,3.7266252e-06,b
test_1899.jpg,5.421711e-06,8.9388905e-06,0.99990094,8.480983e-05,c
test_1900.jpg,0.0005476031,0.008565954,0.0007967579,0.99008965,d
test_1901.jpg,0.999995,3.2887435e-06,6.47592e-07,1.0676987e-06,a
test_1902.jpg,7.3381665e-07,0.9999933,1.7603346e-06,4.222823e-06,b
test_1903.jpg,8.4801075e-05,9.609221e-05,2.144107e-05,0.99979776,d
test_1904.jpg,0.03383119,0.36371958,0.5996722,0.0027770335,c
test_1905.jpg,5.142942e-05,0.99969983,0.0002034073,4.5386303e-05,b
test_1906.jpg,0.00055178726,0.9976548,0.00062525686,0.0011681337,b
test_1907.jpg,2.753413e-05,2.14436e-05,0.9999157,3.5354522e-05,c
test_1908.jpg,6.962132e-06,8.939554e-06,8.939554e-06,0.9999752,d
test_1909.jpg,0.99999154,2.2603103e-06,3.2887322e-06,2.902296e-06,a
test_1910.jpg,0.00020165776,0.0085747065,0.00012231161,0.99110126,d
test_1911.jpg,0.0010319336,0.00017932318,0.00010876501,0.99867994,d
test_1912.jpg,8.4806525e-05,7.888236e-06,4.5393666e-05,0.99986196,d
test_1913.jpg,4.7850813e-06,1.7603329e-06,1.0030075e-06,0.9999924,d
test_1914.jpg,1.9947095e-06,0.99998784,5.4221823e-06,4.7850594e-06,b
test_1915.jpg,0.49740258,0.0013971016,0.49740258,0.0037977153,a
test_1916.jpg,3.1199783e-05,5.1439747e-05,1.670004e-05,0.9999006,d
test_1917.jpg,3.059006e-07,0.9999944,3.2887415e-06,1.9947227e-06,b
test_1918.jpg,0.3711631,0.0025008772,0.6119445,0.014391555,c
test_1919.jpg,0.9887306,0.00022796159,0.010983805,5.7637717e-05,a
test_1920.jpg,0.99998426,3.7265945e-06,4.222785e-06,7.889201e-06,a
test_1921.jpg,0.0017964836,0.00018934798,0.93060154,0.067412555,c
test_1922.jpg,0.0002303373,0.0006261217,0.99903476,0.00010880365,c
test_1923.jpg,0.0074013537,0.5879623,0.0005361523,0.4041002,b
test_1924.jpg,0.99967444,0.00010887332,0.00015840973,5.8275684e-05,a
test_1925.jpg,0.99895895,0.0005525086,0.00010879539,0.00037973325,a
test_1926.jpg,5.828768e-05,0.9998802,4.0060495e-05,2.144284e-05,b
test_1927.jpg,1.30064545e-05,0.99993515,2.7534665e-05,2.4299256e-05,b
test_1928.jpg,3.6898766e-07,2.2380235e-07,1.9947286e-06,0.9999974,d
test_1929.jpg,4.7850413e-06,0.999984,7.889198e-06,3.2887074e-06,b
test_1930.jpg,2.1435957e-05,0.00029591427,0.9995592,0.0001233554,c
test_1931.jpg,0.87038517,0.0066454727,0.11779383,0.0051754992,a
test_1932.jpg,1.2098623e-06,1.3709536e-06,1.3709536e-06,0.99999595,d
test_1933.jpg,0.9999764,1.0129854e-05,1.0129854e-05,3.2886824e-06,a
test_1934.jpg,3.9278564e-07,1.0677021e-06,3.0590178e-07,0.9999982,d
test_1935.jpg,0.6363229,0.00428751,0.23409013,0.12529941,a
test_1936.jpg,4.2225033e-06,3.288489e-06,7.484567e-05,0.9999176,d
test_1937.jpg,0.00020158515,0.0014895239,0.9907444,0.0075644264,c
test_1938.jpg,0.92719144,0.014986654,0.052308567,0.0055132816,a
test_1939.jpg,8.475932e-05,0.99930537,0.00043044332,0.00017943548,b
test_1940.jpg,0.99156415,0.006681107,0.0016892485,6.549926e-05,a
test_1941.jpg,0.024636684,0.9244847,0.046027385,0.0048512504,b
test_1942.jpg,0.00013954352,6.591569e-05,0.9978682,0.0019263389,c
test_1943.jpg,0.0003353029,7.48162e-05,6.602505e-05,0.9995239,d
test_1944.jpg,2.2602771e-06,0.9999769,7.889142e-06,1.3006997e-05,b
test_1945.jpg,0.9362086,0.0071480405,0.0038260708,0.052817278,a
test_1946.jpg,5.7149975e-07,3.4663213e-07,0.9999982,8.3152725e-07,c
test_1947.jpg,5.827558e-05,7.8867415e-06,0.99967265,0.000261173,c
test_1948.jpg,0.11912573,0.00055166153,0.88022673,9.586441e-05,c
test_1949.jpg,5.1441086e-05,8.93912e-06,0.99992657,1.3006343e-05,c
test_1950.jpg,0.0013233897,0.00042964172,0.0008026764,0.9974444,d
test_1951.jpg,6.4759354e-07,1.209864e-06,7.338196e-07,0.9999974,d
test_1952.jpg,0.0009051736,0.0059024733,0.9926434,0.00054901553,c
test_1953.jpg,0.0024698754,0.00020273971,0.99641883,0.00090861635,c
test_1954.jpg,0.9999466,2.4299534e-05,2.4299534e-05,4.784862e-06,a
test_1955.jpg,0.002833355,0.89021367,0.106320865,0.00063220697,b
test_1956.jpg,5.422059e-06,1.4738684e-05,1.4738684e-05,0.9999651,d
test_1957.jpg,8.472051e-05,0.0010321072,3.5316763e-05,0.99884784,d
test_1958.jpg,3.53553e-05,1.0129463e-05,0.9999378,1.6700662e-05,c
test_1959.jpg,6.601223e-05,5.141038e-05,0.0005527137,0.9993298,d
test_1960.jpg,1.1478534e-05,1.1478534e-05,8.939492e-06,0.9999682,d
test_1961.jpg,5.714914e-07,0.99998355,6.96219e-06,8.939629e-06,b
test_1962.jpg,0.9942228,0.0011641153,0.0005498891,0.0040631616,a
test_1963.jpg,2.5612524e-06,0.9999858,3.7266002e-06,7.889213e-06,b
test_1964.jpg,9.509802e-06,0.99931276,0.0006262959,5.1409508e-05,b
test_1965.jpg,0.11283709,0.8337596,0.006365833,0.0470375,b
test_1966.jpg,2.753537e-05,6.962032e-06,4.78493e-06,0.9999608,d
test_1967.jpg,7.338203e-07,4.181182e-07,4.7378998e-07,0.99999833,d
test_1968.jpg,0.00048696212,0.99767846,0.0014999488,0.00033468383,b
test_1969.jpg,1.2098484e-06,0.9999845,8.939638e-06,5.422164e-06,b
test_1970.jpg,9.931186e-08,4.4508485e-07,2.1024321e-07,0.99999917,d
test_1971.jpg,0.999998,8.31527e-07,5.7149964e-07,6.4759394e-07,a
test_1972.jpg,0.96615356,0.01769572,0.015616418,0.00053436443,a
test_1973.jpg,2.9023047e-06,1.6536833e-06,9.422403e-07,0.9999945,d
test_1974.jpg,0.9999697,2.144476e-05,3.5007608e-06,5.422084e-06,a
test_1975.jpg,0.99981374,2.7531321e-05,3.5350913e-05,0.00012338681,a
test_1976.jpg,0.9999554,2.1444452e-05,1.8924662e-05,4.222663e-06,a
test_1977.jpg,5.715e-07,8.7642356e-08,0.99999857,7.338205e-07,c
test_1978.jpg,0.0013083912,0.00013790344,0.98614,0.012413671,c
test_1979.jpg,0.99992883,2.4299101e-05,3.5354984e-05,1.1478083e-05,a
test_1980.jpg,0.0040564574,0.00020195913,0.99258244,0.0031591724,c
test_1981.jpg,4.2227834e-06,8.939633e-06,2.902274e-06,0.9999839,d
test_1982.jpg,2.2603151e-06,1.7603352e-06,0.9999937,2.2603151e-06,c
test_1983.jpg,0.006687157,0.0006220024,0.00022882191,0.9924621,d
test_1984.jpg,4.006151e-05,1.892372e-05,3.535416e-05,0.9999056,d
test_1985.jpg,6.8935475e-07,4.785071e-06,0.9999902,4.22281e-06,c
test_1986.jpg,8.480811e-05,2.144285e-05,0.9998807,1.3005746e-05,c
test_1987.jpg,2.8736696e-07,0.9999943,2.5612742e-06,2.902304e-06,b
test_1988.jpg,2.260318e-06,1.7603375e-06,9.422408e-07,0.999995,d
test_1989.jpg,1.209805e-06,0.9999486,1.4738441e-05,3.5355686e-05,b
test_1990.jpg,0.996009,0.0004861473,0.0007073401,0.0027975845,a
test_1991.jpg,0.98610836,0.00079355395,0.004566588,0.008531509,a
test_1992.jpg,0.3119552,0.02259796,0.3119552,0.35349157,d
test_1993.jpg,2.9022915e-06,2.9022915e-06,4.222809e-06,0.99999,d
test_1994.jpg,5.7149936e-07,1.35743e-07,0.9999975,1.7603419e-06,c
test_1995.jpg,1.7603293e-06,0.99999034,4.2228103e-06,3.7266173e-06,b
test_1996.jpg,3.2563062e-07,1.2098645e-06,5.714995e-07,0.99999785,d
test_1997.jpg,0.00017948222,0.99956566,5.1422518e-05,0.00020338,b
test_1998.jpg,6.143452e-06,0.99987626,6.6048335e-05,5.1438496e-05,b
test_1999.jpg,0.9998896,5.8288228e-05,3.5353598e-05,1.6699858e-05,a
test_2000.jpg,7.889225e-06,1.9947088e-06,2.5612567e-06,0.9999875,d
test_2001.jpg,0.99998856,6.962225e-06,2.5612594e-06,1.994711e-06,a
test_2002.jpg,1.6700948e-05,0.99995494,2.1444443e-05,6.961991e-06,b
test_2003.jpg,0.002793044,0.0013193405,0.9943926,0.0014950087,c
test_2004.jpg,8.480855e-05,2.144296e-05,7.888423e-06,0.9998858,d
test_2005.jpg,1.3005876e-05,0.9998907,8.480896e-05,1.1477645e-05,b
test_2006.jpg,0.99872154,0.00013966285,0.0008037042,0.00033503375,a
test_2007.jpg,0.99999475,2.5612753e-06,1.370952e-06,1.2098608e-06,a
test_2008.jpg,0.72714365,0.2675012,0.0048994552,0.0004557203,a
test_2009.jpg,2.1233545e-06,3.288716e-06,7.889219e-06,0.99998665,d
test_2010.jpg,0.059963126,0.00024505556,0.9379811,0.0018107295,c
test_2011.jpg,5.7944417e-05,3.9824572e-05,0.005910491,0.9939918,d
test_2012.jpg,0.0021817451,6.588299e-05,0.9973732,0.00037913045,c
test_2013.jpg,1.2098582e-06,0.9999926,2.9022992e-06,3.2887356e-06,b
test_2014.jpg,9.59052e-05,0.99785197,0.0005518963,0.0015002097,b
test_2015.jpg,4.1811805e-07,1.0677019e-06,5.7149964e-07,0.999998,d
test_2016.jpg,6.14388e-06,3.1201198e-05,0.9999459,1.6700797e-05,c
test_2017.jpg,5.4220855e-06,1.6701199e-05,7.889087e-06,0.99996996,d
test_2018.jpg,0.99955326,4.537965e-05,6.6026994e-05,0.00033531277,a
test_2019.jpg,0.0023879537,0.96336925,0.0012781795,0.03296468,b
test_2020.jpg,7.477087e-05,9.600769e-05,0.9989183,0.0009108956,c
test_2021.jpg,3.726615e-06,1.7603282e-06,0.99998975,4.7850685e-06,c
test_2022.jpg,0.99968207,8.479127e-05,0.00015841094,7.4828036e-05,a
test_2023.jpg,2.5612592e-06,2.902287e-06,6.1441415e-06,0.99998844,d
test_2024.jpg,0.0040114303,0.00042280162,0.9815646,0.014001266,c
test_2025.jpg,0.99932694,0.00017943935,0.00033523684,0.00015835467,a
test_2026.jpg,2.5612692e-06,2.9022985e-06,2.2603122e-06,0.9999924,d
test_2027.jpg,0.0010262945,0.0016920738,0.004059074,0.9932226,d
test_2028.jpg,1.4592999e-06,0.99994624,4.539749e-05,6.9619305e-06,b
test_2029.jpg,0.99999404,3.726631e-06,1.5534911e-06,7.3381716e-07,a
test_2030.jpg,3.6898518e-07,0.9999907,1.9947151e-06,6.96224e-06,b
test_2031.jpg,0.010965967,0.0014840821,0.00042519663,0.98712474,d
test_2032.jpg,0.0013563349,0.0011969613,0.20129794,0.7961488,d
test_2033.jpg,8.851178e-07,0.99995494,2.753521e-05,1.6700948e-05,b
test_2034.jpg,0.65066713,0.0008632924,0.34827703,0.00019262658,a
test_2035.jpg,0.022969786,0.9767001,0.00017537648,0.0001547692,b
test_2036.jpg,5.65861e-08,0.9999975,9.4224316e-07,1.5534964e-06,b
test_2037.jpg,0.9997619,0.00015842359,5.828078e-05,2.1440303e-05,a
test_2038.jpg,4.7850344e-06,4.7850344e-06,7.889187e-06,0.9999826,d
test_2039.jpg,2.1441641e-05,0.99982435,0.00010888964,4.5391957e-05,b
test_2040.jpg,3.7263876e-06,0.9999287,2.7534488e-05,4.0062438e-05,b
test_2041.jpg,0.99998116,4.2227716e-06,1.5534711e-06,1.3007053e-05,a
test_2042.jpg,1.0129841e-05,7.889128e-06,6.9621315e-06,0.9999751,d
test_2043.jpg,4.539616e-05,1.0129252e-05,0.9999169,2.7534163e-05,c
test_2044.jpg,4.0061863e-05,1.0129226e-05,0.9999144,3.5354475e-05,c
test_2045.jpg,0.0010283177,0.9951806,0.0031674418,0.0006237062,b
test_2046.jpg,0.9997534,9.6087955e-05,1.0780769e-05,0.00013980715,a
test_2047.jpg,0.001030997,0.99777347,0.0007085932,0.00048700854,b
test_2048.jpg,0.009679654,0.9873515,0.0014844228,0.0014844228,b
test_2049.jpg,0.0004877102,0.00026105242,4.0033687e-05,0.9992111,d
test_2050.jpg,1.5534958e-06,3.4663177e-07,0.99999714,9.422428e-07,c
test_2051.jpg,8.938878e-06,5.1439692e-05,4.0061266e-05,0.9998995,d
test_2052.jpg,0.0002609858,0.000552507,0.00023031919,0.9989561,d
test_2053.jpg,4.539455e-05,5.8287755e-05,0.9998815,1.4737452e-05,c
test_2054.jpg,0.0044151763,0.0002822528,0.95341253,0.041890025,c
test_2055.jpg,5.043469e-07,3.4663222e-07,0.99999845,7.338204e-07,c
test_2056.jpg,6.0834685e-07,0.9999794,6.962161e-06,1.3007029e-05,b
test_2057.jpg,0.9999974,1.3709555e-06,6.893597e-07,5.0434636e-07,a
test_2058.jpg,0.00012307987,0.9973265,0.0006250511,0.0019252931,b
test_2059.jpg,0.0005512719,0.879605,0.0008020959,0.119041584,b
test_2060.jpg,5.4220677e-06,0.99996674,1.3006865e-05,1.4738708e-05,b
test_2061.jpg,2.5612699e-06,1.5534888e-06,0.9999926,3.2887356e-06,c
test_2062.jpg,2.9022663e-06,2.9022663e-06,0.9999813,1.3007054e-05,c
test_2063.jpg,1.0129275e-05,6.605117e-05,4.494839e-06,0.9999193,d
test_2064.jpg,0.0025325653,0.29272473,0.0025325653,0.7022101,d
test_2065.jpg,0.005654519,0.04178156,0.9509439,0.001620047,c
test_2066.jpg,0.9983729,0.00017926804,0.0013246216,0.000123209,a
test_2067.jpg,6.1441187e-06,6.1441187e-06,2.9022763e-06,0.99998474,d
test_2068.jpg,5.422138e-06,7.889164e-06,0.99997973,6.9621638e-06,c
test_2069.jpg,0.00033529146,6.60228e-05,0.00010885321,0.9994898,d
test_2070.jpg,4.539537e-05,2.7533684e-05,2.7533684e-05,0.9998995,d
test_2071.jpg,0.99993956,2.7534787e-05,2.1444112e-05,1.1478206e-05,a
test_2072.jpg,5.421947e-06,0.99994445,1.8924455e-05,3.1201154e-05,b
test_2073.jpg,6.9613952e-06,0.99986935,1.4737273e-05,0.00010889455,b
test_2074.jpg,0.99999416,2.2603163e-06,1.7603361e-06,1.7603361e-06,a
test_2075.jpg,0.9613775,0.03727665,0.0008766628,0.00046924382,a
test_2076.jpg,2.2603183e-06,1.7603377e-06,8.315247e-07,0.9999951,d
test_2077.jpg,0.9998267,4.5392062e-05,0.00012338841,4.4944227e-06,a
test_2078.jpg,4.006227e-05,2.7534374e-05,7.888729e-06,0.99992454,d
test_2079.jpg,7.483098e-05,0.99972135,0.00017951017,2.429406e-05,b
test_2080.jpg,9.422265e-07,0.99997985,1.3007036e-05,6.1440887e-06,b
test_2081.jpg,0.999998,6.0835816e-07,9.4224356e-07,5.0434664e-07,a
test_2082.jpg,0.0004830395,0.0013130374,0.00856208,0.98964185,d
test_2083.jpg,0.005144635,0.6738143,0.002753725,0.31828734,b
test_2084.jpg,3.256276e-07,0.99998856,4.222803e-06,6.962225e-06,b
test_2085.jpg,8.480049e-05,6.604269e-05,0.99979085,5.828247e-05,c
test_2086.jpg,2.5612658e-06,4.785075e-06,1.5534864e-06,0.99999106,d
test_2087.jpg,1.012967e-05,2.1444514e-05,1.012967e-05,0.9999583,d
test_2088.jpg,0.00026105795,1.8910976e-05,0.9992323,0.00048772056,c
test_2089.jpg,1.3709392e-06,6.1441233e-06,6.9622033e-06,0.99998546,d
test_2090.jpg,1.7603314e-06,0.99999154,4.2228153e-06,2.5612671e-06,b
test_2091.jpg,0.00043043282,5.8252746e-05,0.00023039409,0.999281,d
test_2092.jpg,6.47594e-07,1.067702e-06,0.9999981,2.6995733e-07,c
test_2093.jpg,0.000335,0.000709195,0.99862087,0.000335,c
test_2094.jpg,4.2228194e-06,1.7603331e-06,1.5534886e-06,0.9999925,d
test_2095.jpg,0.9999857,6.1441247e-06,1.9947054e-06,6.1441247e-06,a
test_2096.jpg,2.429999e-05,4.784952e-06,0.9999654,5.422061e-06,c
test_2097.jpg,0.9999466,2.4299534e-05,1.0129552e-05,1.8924495e-05,a
test_2098.jpg,0.9999838,2.2602928e-06,2.5612471e-06,1.14787135e-05,a
test_2099.jpg,0.00012289143,0.0035914143,0.0004860451,0.9957996,d
test_2100.jpg,4.5393102e-05,8.938431e-06,0.99984956,9.6097196e-05,c
test_2101.jpg,6.083563e-07,8.3152446e-07,3.726634e-06,0.9999949,d
test_2102.jpg,0.9999958,7.8114573e-07,2.9023086e-06,5.0434556e-07,a
test_2103.jpg,0.9994281,9.605669e-05,0.0004304962,4.5373967e-05,a
test_2104.jpg,7.479856e-05,0.00062628055,1.0775753e-05,0.99928826,d
test_2105.jpg,0.0019235434,0.0003342617,0.0013220307,0.99642015,d
test_2106.jpg,6.4759433e-07,4.450846e-07,3.4663228e-07,0.99999857,d
test_2107.jpg,1.4738542e-05,2.7535223e-05,2.2602287e-06,0.9999554,d
test_2108.jpg,5.714964e-07,0.9999924,2.2603122e-06,4.7850813e-06,b
test_2109.jpg,0.0002941619,0.00015745351,0.99364,0.0059083994,c
test_2110.jpg,0.99671715,0.0005512687,0.00218031,0.0005512687,a
test_2111.jpg,0.99992836,1.4738142e-05,3.535497e-05,2.1443871e-05,a
test_2112.jpg,0.00015830658,0.00070948084,0.00010880242,0.99902344,d
test_2113.jpg,3.1193114e-05,0.00023048765,0.99968684,5.142875e-05,c
test_2114.jpg,0.0031394837,0.00967029,0.00079378573,0.98639643,d
test_2115.jpg,0.9999957,9.4224146e-07,1.7603388e-06,1.5534936e-06,a
test_2116.jpg,8.3152736e-07,3.466322e-07,0.99999833,5.043468e-07,c
test_2117.jpg,0.9999957,1.5534936e-06,1.5534936e-06,1.2098619e-06,a
test_2118.jpg,0.0027492098,0.06257173,0.07090305,0.86377597,d
test_2119.jpg,0.015899815,0.00032999014,0.98368675,8.343457e-05,c
test_2120.jpg,3.6898527e-07,0.99999094,1.7603304e-06,6.9622415e-06,b
test_2121.jpg,0.99997735,1.147864e-05,4.2227557e-06,6.962147e-06,a
test_2122.jpg,0.0007017542,0.010977283,0.00017743124,0.9881435,d
test_2123.jpg,7.4842996e-05,1.892327e-05,0.99988186,2.429796e-05,c
test_2124.jpg,5.8268357e-05,1.3001428e-05,0.99954873,0.00037995743,c
test_2125.jpg,1.7603373e-06,8.3152446e-07,0.9999949,2.5612756e-06,c
test_2126.jpg,4.005285e-05,4.005285e-05,0.99968946,0.00023048825,c
test_2127.jpg,5.1430263e-05,0.9997162,0.00012337479,0.00010887787,b
test_2128.jpg,1.2997493e-05,0.00070963905,3.1179366e-05,0.99924624,d
test_2129.jpg,4.2227816e-06,3.2887058e-06,0.99998355,8.939629e-06,c
test_2130.jpg,0.00020340952,2.7528486e-05,5.82778e-05,0.99971074,d
test_2131.jpg,1.6701053e-05,5.422038e-06,1.6701053e-05,0.99996126,d
test_2132.jpg,1.553472e-06,0.99998176,3.7265852e-06,1.300706e-05,b
test_2133.jpg,1.2098618e-06,2.5612774e-06,7.338183e-07,0.9999956,d
test_2134.jpg,1.2098424e-06,0.9999795,1.1478664e-05,7.889163e-06,b
test_2135.jpg,0.00013981009,2.753024e-05,0.9997744,5.8281512e-05,c
test_2136.jpg,6.1441574e-06,2.2603092e-06,5.7149566e-07,0.99999106,d
test_2137.jpg,0.9999851,1.8738509e-06,1.0129942e-05,2.9022774e-06,a
test_2138.jpg,0.99993396,1.6700598e-05,4.5396933e-05,3.9667398e-06,a
test_2139.jpg,2.7532027e-05,7.483981e-05,5.8285295e-05,0.9998393,d
test_2140.jpg,0.00010876501,0.0010319336,0.00017932318,0.99867994,d
test_2141.jpg,0.00015737012,0.0066915476,3.737868e-05,0.9931137,d
test_2142.jpg,1.4738714e-05,1.370914e-06,0.9999671,1.6701151e-05,c
test_2143.jpg,3.466302e-07,0.9999926,3.7266257e-06,3.2887356e-06,b
test_2144.jpg,2.1442482e-05,1.8922923e-05,0.9998635,9.6098534e-05,c
test_2145.jpg,3.689876e-07,3.9278527e-07,0.99999726,1.9947283e-06,c
test_2146.jpg,0.00055175176,0.0016995153,0.00015807954,0.99759066,d
test_2147.jpg,2.2601894e-06,0.999938,2.4299325e-05,3.535531e-05,b
test_2148.jpg,0.99928147,2.7516664e-05,0.00020332217,0.00048774455,a
test_2149.jpg,7.338194e-07,7.8114664e-07,1.370955e-06,0.999997,d
test_2150.jpg,0.22497378,0.28887206,0.009884657,0.47626948,d
test_2151.jpg,0.0010246161,0.9915981,0.0027851954,0.0045920108,b
test_2152.jpg,0.00023042763,0.00013976143,0.9994265,0.00020335168,c
test_2153.jpg,5.7149947e-07,3.0590164e-07,0.99999774,1.370956e-06,c
test_2154.jpg,1.760298e-06,0.9999726,8.939532e-06,1.6701242e-05,b
test_2155.jpg,8.233224e-08,0.999997,6.475933e-07,2.2603226e-06,b
test_2156.jpg,1.892503e-05,3.2886771e-06,2.9022476e-06,0.99997485,d
test_2157.jpg,1.2098453e-06,7.889183e-06,8.939615e-06,0.999982,d
test_2158.jpg,0.0002534861,0.029299011,0.97025,0.0001974152,c
test_2159.jpg,0.03669641,0.010513699,0.946413,0.00637688,c
test_2160.jpg,0.12974246,0.004439543,0.35267657,0.5131414,d
test_2161.jpg,0.9891589,0.0014871403,0.008557902,0.00079600886,a
test_2162.jpg,0.25326255,0.044010423,0.014288093,0.6884389,d
test_2163.jpg,1.2098645e-06,1.6373735e-07,0.99999785,7.3381995e-07,c
test_2164.jpg,0.00029514867,0.0024712496,0.00026046776,0.99697316,d
test_2165.jpg,3.9278598e-07,1.4449789e-07,0.99999905,4.450848e-07,c
test_2166.jpg,2.4299663e-05,8.939347e-06,0.99995196,1.473849e-05,c
test_2167.jpg,0.00020331728,0.0001088279,0.00043042266,0.9992574,d
test_2168.jpg,0.03706268,0.0064405277,0.0006376986,0.9558591,d
test_2169.jpg,2.9022933e-06,4.7850726e-06,1.7603297e-06,0.9999906,d
test_2170.jpg,0.99718946,0.00062496524,0.0016988319,0.00048672347,a
test_2171.jpg,0.0003524887,0.00012967337,0.98709214,0.012425656,c
test_2172.jpg,0.00017947999,0.00015839054,0.99955326,0.00010886012,c
test_2173.jpg,1.5534958e-06,2.8736778e-07,0.99999714,1.067701e-06,c
test_2174.jpg,0.9978811,0.00026070495,0.0017000103,0.00015812556,a
test_2175.jpg,4.784835e-06,8.939248e-06,4.5397246e-05,0.9999409,d
test_2176.jpg,1.5534581e-06,8.9395335e-06,1.6701246e-05,0.9999728,d
test_2177.jpg,0.00042915053,0.0031710174,9.5756426e-05,0.99630404,d
test_2178.jpg,0.9999907,4.222812e-06,1.76033e-06,3.2887294e-06,a
test_2179.jpg,0.012312302,0.0021395574,0.46201572,0.5235324,d
test_2180.jpg,0.9999442,3.1201147e-05,1.670077e-05,7.888884e-06,a
test_2181.jpg,0.00013980725,4.005544e-05,6.6040266e-05,0.99975413,d
test_2182.jpg,4.7848325e-06,0.9999404,1.473832e-05,4.0062907e-05,b
test_2183.jpg,3.7266097e-06,4.222802e-06,3.7266097e-06,0.9999883,d
test_2184.jpg,8.939522e-06,1.4738778e-05,0.9999715,4.7849812e-06,c
test_2185.jpg,0.9999343,1.6700604e-05,2.1444e-05,2.7534643e-05,a
test_2186.jpg,4.4069346e-08,0.99999857,7.338205e-07,5.715e-07,b
test_2187.jpg,4.7850103e-06,2.9022556e-06,0.9999776,1.4738868e-05,c
test_2188.jpg,0.99999416,4.2228266e-06,7.811444e-07,7.811444e-07,a
test_2189.jpg,4.0061954e-05,0.9999167,2.4298806e-05,1.8923929e-05,b
test_2190.jpg,0.00012321385,0.0011690204,0.00029557466,0.99841213,d
test_2191.jpg,0.9999968,6.4759314e-07,1.9947274e-06,5.368736e-07,a
test_2192.jpg,0.0008006321,0.0040659453,0.99490404,0.00022938494,c
test_2193.jpg,0.0005362147,0.96949893,0.029276332,0.00068851333,b
test_2194.jpg,0.00015835754,8.933921e-06,0.999345,0.00048777557,c
test_2195.jpg,1.8905022e-05,3.1169115e-05,0.9989177,0.0010321792,c
test_2196.jpg,1.5534941e-06,1.2098624e-06,0.99999607,1.2098624e-06,c
test_2197.jpg,0.00015841717,0.99972135,7.483098e-05,4.538728e-05,b
test_2198.jpg,0.99943465,6.6019165e-05,0.00020335334,0.00029587737,a
test_2199.jpg,2.5612662e-06,1.5534865e-06,0.9999912,4.7850754e-06,c
test_2200.jpg,0.00012338244,4.0056413e-05,0.99977833,5.828174e-05,c
test_2201.jpg,0.0027970227,0.00090806023,0.00048604966,0.99580896,d
test_2202.jpg,0.00093367975,0.09523792,0.0002360712,0.9035922,d
test_2203.jpg,0.0027956832,0.99533206,0.001165414,0.00070685934,b
test_2204.jpg,2.1444439e-05,8.9393725e-06,1.4738533e-05,0.9999548,d
test_2205.jpg,0.0001397392,0.9992675,0.00055267924,4.0035946e-05,b
test_2206.jpg,0.9998054,3.1196814e-05,0.00015843048,5.0927397e-06,a
test_2207.jpg,2.9023015e-06,2.561272e-06,1.2098592e-06,0.99999344,d
test_2208.jpg,0.99996436,4.2227007e-06,1.6701106e-05,1.4738673e-05,a
test_2209.jpg,1.0129756e-05,1.3006865e-05,1.0129756e-05,0.99996674,d
test_2210.jpg,0.04227688,0.05428459,0.8491539,0.05428459,c
test_2211.jpg,1.2751858e-07,0.9999962,1.3709539e-06,2.2603208e-06,b
test_2212.jpg,0.9999697,3.5007608e-06,1.6701195e-05,1.01297865e-05,a
test_2213.jpg,6.597352e-05,0.99874383,0.0010319996,0.00015826226,b
test_2214.jpg,2.8736767e-07,0.9999968,1.3709547e-06,1.5534953e-06,b
test_2215.jpg,0.00079030846,0.9820754,0.014008553,0.003125731,b
test_2216.jpg,0.9931305,0.0040586977,0.0013176661,0.0014931113,a
test_2217.jpg,0.00010887271,1.8919238e-05,0.00020340098,0.99966884,d
test_2218.jpg,0.9828006,0.0006979598,0.00061594736,0.015885493,a
test_2219.jpg,0.00042989594,0.0009100897,0.99803454,0.00062549487,c
test_2220.jpg,1.4593171e-06,0.99995804,1.3006752e-05,2.7535296e-05,b
test_2221.jpg,0.98820555,0.0024495167,0.008549653,0.0007952416,a
test_2222.jpg,4.181156e-07,1.2098576e-06,0.99999213,6.144164e-06,c
test_2223.jpg,0.99999,3.288727e-06,4.78507e-06,1.9947138e-06,a
test_2224.jpg,0.99952817,3.1188163e-05,0.00026113525,0.00017947548,a
test_2225.jpg,1.0676899e-06,4.2227953e-06,0.99998677,7.88922e-06,c
test_2226.jpg,6.9618377e-06,1.4738209e-05,4.5396886e-05,0.9999329,d
test_2227.jpg,0.9998542,2.1442282e-05,5.8286165e-05,6.604688e-05,a
test_2228.jpg,9.422419e-07,0.9999962,1.7603396e-06,1.0676999e-06,b
test_2229.jpg,1.4737728e-05,1.01290825e-05,0.9999002,7.484437e-05,c
test_2230.jpg,1.994627e-06,0.9999465,4.006315e-05,1.1478285e-05,b
test_2231.jpg,1.1478681e-05,5.422145e-06,2.2602862e-06,0.9999809,d
test_2232.jpg,0.0066037634,0.005827801,0.007483044,0.98008543,d
test_2233.jpg,6.604008e-05,0.00015842191,2.4294786e-05,0.99975127,d
test_2234.jpg,3.726511e-06,0.99996185,1.0129706e-05,2.4299903e-05,b
test_2235.jpg,6.962147e-06,1.4738865e-05,9.422242e-07,0.99997735,d
test_2236.jpg,0.008021315,0.0042935,0.26562947,0.72205573,d
test_2237.jpg,0.0001580135,0.002181309,0.00048671587,0.9971739,d
test_2238.jpg,0.9999701,3.7265418e-06,2.1444766e-05,4.7849744e-06,a
test_2239.jpg,0.99995935,2.4299843e-05,6.1439628e-06,1.0129681e-05,a
test_2240.jpg,1.3006823e-05,2.1444626e-05,1.994661e-06,0.9999635,d
test_2241.jpg,0.14631568,0.008254567,0.0034410155,0.8419887,d
test_2242.jpg,0.9999559,2.1444463e-05,1.4738548e-05,7.888976e-06,a
test_2243.jpg,3.2885796e-06,0.99994516,1.1478271e-05,4.0063096e-05,b
test_2244.jpg,0.001689759,0.99186385,0.0058978377,0.0005485844,b
test_2245.jpg,0.006469811,0.00046867155,0.9602051,0.032856412,c
test_2246.jpg,2.1024312e-07,5.7150004e-07,0.9999987,4.4508462e-07,c
test_2247.jpg,0.9968443,0.000334404,0.0013225934,0.0014986946,a
test_2248.jpg,0.0003352844,0.00015837714,0.99946874,3.761787e-05,c
test_2249.jpg,0.0009105392,7.474161e-05,0.9985274,0.00048737653,c
test_2250.jpg,8.939572e-06,1.3007e-05,1.0029921e-06,0.9999771,d
test_2251.jpg,1.3709449e-06,0.9999896,4.2228075e-06,4.785068e-06,b
test_2252.jpg,0.9999943,1.4593701e-06,2.5612742e-06,1.7603362e-06,a
test_2253.jpg,2.2603158e-06,1.5534908e-06,0.9999939,2.2603158e-06,c
test_2254.jpg,1.7603073e-06,3.7265706e-06,0.9999778,1.670133e-05,c
test_2255.jpg,0.006651002,0.0016816368,0.0045711626,0.9870962,d
test_2256.jpg,6.961824e-06,0.999931,4.53968e-05,1.6700547e-05,b
test_2257.jpg,0.9999924,1.0676958e-06,3.7266248e-06,2.9022985e-06,a
test_2258.jpg,1.2098603e-06,1.5534915e-06,0.9999944,2.9023042e-06,c
test_2259.jpg,1.0030018e-06,3.2887165e-06,8.939658e-06,0.99998677,d
test_2260.jpg,0.7220801,0.07610668,0.019242782,0.18257044,a
test_2261.jpg,0.9912571,0.0075683407,0.0007976973,0.00037680552,a
test_2262.jpg,1.7603329e-06,2.9022985e-06,0.9999924,2.9022985e-06,c
test_2263.jpg,0.99603075,0.001166232,0.0021788084,0.00062423904,a
test_2264.jpg,5.422161e-06,1.760318e-06,0.9999839,8.939633e-06,c
test_2265.jpg,8.93782e-06,5.1433606e-05,0.00015842664,0.9997812,d
test_2266.jpg,0.0013233897,0.00042964172,0.0008026764,0.9974444,d
test_2267.jpg,9.42242e-07,1.9947265e-06,7.8114607e-07,0.9999963,d
test_2268.jpg,0.99725914,0.00019061695,0.0019251631,0.0006250089,a
test_2269.jpg,1.6701175e-05,6.9620855e-06,7.889076e-06,0.9999685,d
test_2270.jpg,0.07547903,0.004258236,0.00073997036,0.9195228,d
test_2271.jpg,0.98272,0.015884189,0.0006979026,0.0006979026,a
test_2272.jpg,0.0009087962,0.0021800888,0.00029504293,0.99661607,d
test_2273.jpg,0.004595669,0.9923881,0.002787414,0.00022880486,b
test_2274.jpg,0.9999206,2.7534265e-05,2.42989e-05,2.7534265e-05,a
test_2275.jpg,6.1441224e-06,2.2602962e-06,0.99998534,6.1441224e-06,c
test_2276.jpg,1.7429717e-07,0.99999595,1.3709536e-06,2.5612783e-06,b
test_2277.jpg,0.9997193,5.8278303e-05,0.00020341127,1.8920195e-05,a
test_2278.jpg,3.0590192e-07,3.466323e-07,0.9999987,5.7150004e-07,c
test_2279.jpg,0.999998,9.4224356e-07,6.893601e-07,4.1811805e-07,a
test_2280.jpg,0.91849035,0.007946499,0.05871712,0.014846013,a
test_2281.jpg,0.99997795,6.962151e-06,8.939579e-06,6.144077e-06,a
test_2282.jpg,0.0021822278,0.00015808003,0.9975938,6.589756e-05,c
test_2283.jpg,0.00082389027,0.00023604852,0.7973407,0.2015993,c
test_2284.jpg,2.1024263e-07,0.9999964,1.3709542e-06,1.9947267e-06,b
test_2285.jpg,0.00062478345,0.00029512684,0.9968995,0.0021807088,c
test_2286.jpg,1.8923582e-05,6.604979e-05,0.9998983,1.6700002e-05,c
test_2287.jpg,0.9357676,0.0038242682,0.059821617,0.0005864705,a
test_2288.jpg,0.0010088173,0.9763085,0.020262636,0.002420027,b
test_2289.jpg,8.9396335e-06,3.2887074e-06,0.999984,3.7265936e-06,c
test_2290.jpg,0.9998388,1.2217256e-05,4.0058836e-05,0.000108891225,a
test_2291.jpg,9.4214766e-07,0.99989617,5.143952e-05,5.143952e-05,b
test_2292.jpg,1.5534932e-06,7.3381824e-07,0.99999547,2.2603192e-06,c
test_2293.jpg,8.3152725e-07,1.5381708e-07,0.9999982,8.3152725e-07,c
test_2294.jpg,9.422427e-07,4.7378936e-07,0.999997,1.5534956e-06,c
test_2295.jpg,0.83216196,0.0030012447,0.16386239,0.0009743615,a
test_2296.jpg,1.1478157e-05,7.888814e-06,0.99993527,4.539699e-05,c
test_2297.jpg,0.13095824,0.013802896,0.853955,0.0012838694,c
test_2298.jpg,0.6205699,0.37639466,0.0025361273,0.0004993931,a
test_2299.jpg,1.5534899e-06,2.9023013e-06,2.2603144e-06,0.9999933,d
test_2300.jpg,1.9947015e-06,1.3007087e-05,0.9999838,1.1365466e-06,c
test_2301.jpg,9.609245e-05,0.99980026,5.8283018e-05,4.539086e-05,b
test_2302.jpg,0.99955744,0.00013977975,0.00017948073,0.00012335519,a
test_2303.jpg,0.0002029636,0.0021820643,9.587321e-05,0.99751914,d
test_2304.jpg,1.9750473e-07,0.99999666,1.3709546e-06,1.7603404e-06,b
test_2305.jpg,4.222604e-06,0.99994147,3.535543e-05,1.8924398e-05,b
test_2306.jpg,0.9189659,0.010208789,0.06656966,0.0042556566,a
test_2307.jpg,0.99989426,5.1439423e-05,1.8923505e-05,3.535376e-05,a
test_2308.jpg,4.494503e-06,0.99984455,0.00012339062,2.753217e-05,b
test_2309.jpg,0.005900021,0.00037717578,0.001491759,0.9922311,d
test_2310.jpg,0.05919818,0.9260153,0.013208899,0.0015775781,b
test_2311.jpg,5.7149487e-07,0.9999896,6.1441488e-06,3.7266145e-06,b
test_2312.jpg,0.9999422,7.888869e-06,4.5397308e-05,4.494942e-06,a
test_2313.jpg,0.99917334,0.0002610426,0.00033518532,0.00023036927,a
test_2314.jpg,2.2603194e-06,7.338183e-07,0.9999956,1.3709531e-06,c
test_2315.jpg,0.9998265,4.005834e-05,0.00012338838,1.0128335e-05,a
test_2316.jpg,0.0010310228,0.0009098744,0.9977984,0.00026068336,c
test_2317.jpg,1.5534838e-06,6.1441474e-06,2.90229e-06,0.9999894,d
test_2318.jpg,1.8917199e-05,0.999561,4.0047707e-05,0.0003799621,b
test_2319.jpg,0.00023034713,0.0001397126,0.00055257406,0.9990773,d
test_2320.jpg,5.043465e-07,3.0590158e-07,0.9999976,1.5534965e-06,c
test_2321.jpg,5.714789e-07,0.99996173,1.01297055e-05,2.7535398e-05,b
test_2322.jpg,7.888444e-06,4.5394867e-05,5.828816e-05,0.9998884,d
test_2323.jpg,0.00037850792,0.003591183,0.9957355,0.00029478228,c
test_2324.jpg,0.9999192,2.7534226e-05,4.539626e-05,7.888687e-06,a
test_2325.jpg,0.0005525982,9.602717e-05,0.0002303572,0.999121,d
test_2326.jpg,0.007025236,0.49250707,0.49250707,0.007960635,b
test_2327.jpg,1.5534929e-06,1.9947242e-06,1.2098614e-06,0.99999523,d
test_2328.jpg,0.06073341,0.4487626,0.4487626,0.041741423,b
test_2329.jpg,2.5612735e-06,1.5534911e-06,1.8738677e-06,0.99999404,d
test_2330.jpg,0.004271877,0.5595055,0.00047929134,0.43574333,b
test_2331.jpg,0.0004877695,0.00015835556,2.1431095e-05,0.9993325,d
test_2332.jpg,0.0003352187,9.604177e-05,0.9992729,0.0002958295,c
test_2333.jpg,3.5353216e-05,0.99987876,2.7533113e-05,5.82876e-05,b
test_2334.jpg,1.7603297e-06,2.9022933e-06,0.9999906,4.7850726e-06,c
test_2335.jpg,1.0128349e-05,0.99982774,9.60951e-05,6.6045126e-05,b
test_2336.jpg,6.475805e-07,0.99997723,5.422125e-06,1.670132e-05,b
test_2337.jpg,0.4518297,0.51199013,0.032730434,0.0034497622,b
test_2338.jpg,0.9999944,2.2603167e-06,2.9023042e-06,4.7378813e-07,a
test_2339.jpg,0.000258853,0.008572035,0.9907925,0.00037662892,c
test_2340.jpg,1.3006143e-05,0.9999112,5.1440293e-05,2.4298673e-05,b
test_2341.jpg,0.0013245542,0.000230173,0.00012320273,0.99832207,d
test_2342.jpg,1.5534915e-06,7.3381744e-07,0.9999944,3.2887415e-06,c
test_2343.jpg,2.5612742e-06,2.2603165e-06,9.422401e-07,0.9999943,d
test_2344.jpg,0.00012320273,0.000230173,0.99832207,0.0013245542,c
test_2345.jpg,0.99997115,4.2227293e-06,1.6701219e-05,7.889097e-06,a
test_2346.jpg,0.99998474,3.7265963e-06,5.4221655e-06,6.1441187e-06,a
test_2347.jpg,9.608979e-05,0.9997725,3.5349458e-05,9.608979e-05,b
test_2348.jpg,0.0006224726,0.0059058554,0.9932122,0.00025948518,c
test_2349.jpg,0.00033524862,0.00012333108,0.00017944565,0.99936205,d
test_2350.jpg,7.889204e-06,1.2098487e-06,0.99998474,6.1441187e-06,c
test_2351.jpg,7.3381784e-07,1.7603375e-06,0.999995,2.561276e-06,c
test_2352.jpg,0.0013117194,0.008553485,0.9886485,0.0014863728,c
test_2353.jpg,0.0046052947,0.0003780256,0.9944667,0.000550024,c
test_2354.jpg,0.7140024,0.021561002,0.26266682,0.001769835,a
test_2355.jpg,4.539456e-05,2.1442873e-05,0.99988174,5.143878e-05,c
test_2356.jpg,1.6681852e-05,0.0010320697,0.00013967545,0.9988116,d
test_2357.jpg,0.00017949393,0.00017949393,1.0126354e-05,0.9996309,d
test_2358.jpg,3.2887392e-06,1.2098595e-06,0.9999937,1.7603352e-06,c
test_2359.jpg,0.00062625634,5.8250916e-05,6.6006935e-05,0.9992495,d
test_2360.jpg,9.422437e-07,4.4508437e-07,4.4508437e-07,0.9999981,d
test_2361.jpg,3.7264697e-06,4.006332e-05,5.4219813e-06,0.99995077,d
test_2362.jpg,0.99972135,4.538728e-05,7.483098e-05,0.00015841717,a
test_2363.jpg,8.764228e-08,0.9999976,1.0677015e-06,1.2098643e-06,b
test_2364.jpg,0.99945134,4.537502e-05,0.00012334209,0.0003799204,a
test_2365.jpg,1.4738095e-05,1.7602146e-06,0.99992514,5.8290298e-05,c
test_2366.jpg,0.999995,6.47592e-07,3.2887435e-06,1.0676987e-06,a
test_2367.jpg,0.9995011,0.0002611282,0.00017947062,5.826558e-05,a
test_2368.jpg,0.92920727,0.0033512446,0.05940223,0.008039218,a
test_2369.jpg,8.93922e-06,4.5397104e-05,7.888833e-06,0.9999378,d
test_2370.jpg,2.5849953e-05,0.00029583706,0.0003798623,0.99929845,d
test_2371.jpg,0.012152814,0.002393031,0.96541756,0.020036602,c
test_2372.jpg,3.4663205e-07,1.3709564e-06,0.999998,3.4663205e-07,c
test_2373.jpg,0.009269654,0.7363798,0.23906751,0.015283074,b
test_2374.jpg,4.737901e-07,6.4759433e-07,3.9278578e-07,0.99999857,d
test_2375.jpg,0.00037872663,0.00013932574,0.9963109,0.0031710393,c
test_2376.jpg,7.8114005e-07,0.99998856,6.962225e-06,3.7266104e-06,b
test_2377.jpg,8.939658e-06,2.5612549e-06,1.760323e-06,0.99998677,d
test_2378.jpg,8.3152736e-07,2.2380256e-07,0.99999833,5.714998e-07,c
test_2379.jpg,0.0001583727,0.00013976343,0.00026111244,0.9994407,d
test_2380.jpg,0.9972281,0.00029522413,0.0019251031,0.0005515513,a
test_2381.jpg,1.7603364e-06,2.5612744e-06,1.2878897e-06,0.9999944,d
test_2382.jpg,0.00033509012,6.598316e-05,0.9988896,0.0007093858,c
test_2383.jpg,7.3381995e-07,5.043466e-07,0.99999785,9.4224345e-07,c
test_2384.jpg,0.9990452,6.599344e-05,0.0008039647,8.473725e-05,a
test_2385.jpg,1.9946954e-06,1.4738914e-05,0.9999807,2.5612392e-06,c
test_2386.jpg,0.7481426,0.0016365553,0.007334532,0.24288633,a
test_2387.jpg,0.000552524,0.9989868,0.00023032626,0.00023032626,b
test_2388.jpg,0.9331676,0.0029700678,0.031931236,0.031931236,a
test_2389.jpg,0.00029304888,0.00012216094,0.009704446,0.98988044,d
test_2390.jpg,7.4841526e-05,3.535263e-05,0.9998622,2.7532657e-05,c
test_2391.jpg,0.000123373,5.1429524e-05,0.9997018,0.000123373,c
test_2392.jpg,0.99997437,3.7265577e-06,1.3006964e-05,8.939547e-06,a
test_2393.jpg,0.9977125,0.00015809883,0.0004297572,0.001699723,a
test_2394.jpg,6.144097e-06,2.5612405e-06,0.99998116,1.0129902e-05,c
test_2395.jpg,4.222224e-06,0.99985147,3.5352252e-05,0.0001088926,b
test_2396.jpg,0.0003353247,5.1423714e-05,2.429084e-05,0.9995889,d
test_2397.jpg,0.00042611445,0.00969832,0.00061999285,0.98925555,d
test_2398.jpg,0.9976144,0.00026063528,0.00062523154,0.0014998525,a
test_2399.jpg,0.9999987,3.9278584e-07,3.9278584e-07,5.368746e-07,a
test_2400.jpg,0.011777055,0.23654848,0.56745034,0.18422414,c
test_2401.jpg,1.1475454e-05,0.00023049065,5.8277164e-05,0.99969983,d
test_2402.jpg,1.4735947e-05,0.9997794,6.604193e-05,0.00013981079,b
test_2403.jpg,0.029109672,0.0064952453,0.9639799,0.00041522714,c
test_2404.jpg,0.0291844,0.002714572,0.96645457,0.0016464712,c
test_2405.jpg,0.99998367,7.889195e-06,3.7265922e-06,4.7850394e-06,a
test_2406.jpg,4.784965e-06,2.4300054e-05,0.99996805,2.9022278e-06,c
test_2407.jpg,4.0062696e-05,2.1444017e-05,3.2885466e-06,0.99993515,d
test_2408.jpg,2.7530987e-05,0.9998016,7.483698e-05,9.609258e-05,b
test_2409.jpg,5.0434465e-07,0.99999404,4.222826e-06,1.20986e-06,b
test_2410.jpg,7.889169e-06,2.9022635e-06,0.99998033,8.939601e-06,c
test_2411.jpg,1.05716936e-07,0.9999993,3.9278606e-07,2.6995764e-07,b
test_2412.jpg,0.9916009,0.0024579328,0.0031560482,0.0027852028,a
test_2413.jpg,3.2562988e-07,0.9999956,2.2603194e-06,1.7603386e-06,b
test_2414.jpg,7.482654e-05,0.00013979437,0.99966204,0.0001233681,c
test_2415.jpg,0.0005915997,0.8330344,0.0023398222,0.16403419,b
test_2416.jpg,0.99918026,7.479048e-05,0.00070959225,3.5328518e-05,a
test_2417.jpg,0.99998236,3.500805e-06,1.1478697e-05,2.7264296e-06,a
test_2418.jpg,1.30065955e-05,1.6700798e-05,0.999946,2.429952e-05,c
test_2419.jpg,0.00022966345,6.579968e-05,0.99611205,0.003592541,c
test_2420.jpg,0.99967575,1.8919369e-05,0.0002304851,7.482756e-05,a
test_2421.jpg,0.99936897,0.00026109366,0.00026109366,0.000108840046,a
test_2422.jpg,8.8515094e-07,0.9999924,2.5612692e-06,4.222819e-06,b
test_2423.jpg,0.87584794,0.0024600767,0.11853313,0.003158801,a
test_2424.jpg,0.99992406,1.300631e-05,3.5354817e-05,2.7534361e-05,a
test_2425.jpg,1.2878916e-06,1.5534938e-06,1.2878916e-06,0.9999958,d
test_2426.jpg,1.0128796e-05,0.000108894834,0.99987197,8.938632e-06,c
test_2427.jpg,5.4221773e-06,4.785055e-06,2.9022826e-06,0.9999869,d
test_2428.jpg,1.669877e-05,1.8922186e-05,0.0001398171,0.9998246,d
test_2429.jpg,2.7527934e-05,0.00015841231,0.00012337163,0.9996908,d
test_2430.jpg,2.1442913e-05,1.0128914e-05,0.99988365,8.4808366e-05,c
test_2431.jpg,0.9999083,8.938957e-06,6.605045e-05,1.6700169e-05,a
test_2432.jpg,0.041149642,0.93656147,0.007150735,0.015138106,b
test_2433.jpg,8.476529e-05,0.00043047368,0.9993759,0.0001088408,c
test_2434.jpg,8.939248e-06,0.9999409,4.0062925e-05,1.0129494e-05,b
test_2435.jpg,0.0002955121,0.9982008,0.00017923713,0.0013243933,b
test_2436.jpg,0.24475825,0.00068747555,0.00064582354,0.7539085,d
test_2437.jpg,0.00045214238,0.000121692465,0.43757227,0.5618539,d
test_2438.jpg,0.9999846,4.222786e-06,7.8892035e-06,3.2887094e-06,a
test_2439.jpg,1.4737417e-05,3.1199113e-05,7.484279e-05,0.9998791,d
test_2440.jpg,0.00020330267,0.0001233093,0.9991856,0.00048769778,c
test_2441.jpg,3.927836e-07,0.99999297,3.2887367e-06,3.2887367e-06,b
test_2442.jpg,0.00052925985,0.9569243,0.028896611,0.0136497915,b
test_2443.jpg,0.00020307295,0.9980566,0.0017003092,3.998743e-05,b
test_2444.jpg,0.9987005,4.5340934e-05,8.4708015e-05,0.001169358,a
test_2445.jpg,8.939334e-06,2.7535089e-05,1.3006655e-05,0.9999505,d
test_2446.jpg,0.9958066,0.0005507651,0.0035914395,5.1229134e-05,a
test_2447.jpg,0.00070955546,9.602789e-05,0.9991285,6.599894e-05,c
test_2448.jpg,9.598383e-05,0.9986701,0.0004301697,0.0008036628,b
test_2449.jpg,0.0006249575,0.0010303807,0.0011675743,0.9971771,d
test_2450.jpg,0.0013410778,0.000117182084,0.89200675,0.10653502,c
test_2451.jpg,5.714998e-07,3.927857e-07,0.99999833,7.338203e-07,c
test_2452.jpg,0.12578195,0.7238252,0.09795909,0.052433725,b
test_2453.jpg,0.0029061728,0.17979854,0.0114941355,0.8058011,d
test_2454.jpg,3.288725e-06,2.5612615e-06,4.7850667e-06,0.9999894,d
test_2455.jpg,4.7378924e-07,2.5612806e-06,1.9750475e-07,0.9999968,d
test_2456.jpg,2.5612771e-06,1.2098617e-06,7.3381824e-07,0.99999547,d
test_2457.jpg,4.7378728e-07,6.144167e-06,7.3381614e-07,0.9999926,d
test_2458.jpg,0.0024266972,0.0027498084,0.9789995,0.015824053,c
test_2459.jpg,0.015631488,0.01379474,0.0034878566,0.96708596,d
test_2460.jpg,0.99982125,0.00013981664,2.7531529e-05,1.1476848e-05,a
test_2461.jpg,1.6373738e-07,0.999998,8.31527e-07,1.0677019e-06,b
test_2462.jpg,0.9995332,0.00013977636,0.00029590653,3.118832e-05,a
test_2463.jpg,0.99999154,1.7603314e-06,4.785077e-06,1.994717e-06,a
test_2464.jpg,0.9966807,0.0019240464,0.0009088552,0.00048647515,a
test_2465.jpg,0.9917203,0.0019144706,0.0011611851,0.0052040704,a
test_2466.jpg,0.9998745,4.0060266e-05,4.5394234e-05,4.0060266e-05,a
test_2467.jpg,0.00048490742,0.0001389283,0.99346876,0.005907381,c
test_2468.jpg,0.0009105719,9.597357e-05,0.99856335,0.0004301237,c
test_2469.jpg,0.9999976,7.811471e-07,1.2098643e-06,4.4508417e-07,a
test_2470.jpg,2.7532024e-05,0.9998392,2.4296924e-05,0.00010889126,b
test_2471.jpg,0.99935967,0.00015835985,5.141192e-05,0.00043046672,a
test_2472.jpg,0.09477067,0.89915913,0.0053465953,0.00072358304,b
test_2473.jpg,0.2204656,0.0014854856,0.76950055,0.00854838,c
test_2474.jpg,0.0005183742,0.0023231923,0.05991591,0.93724257,d
test_2475.jpg,5.1433966e-05,0.9997882,5.1433966e-05,0.00010888571,b
test_2476.jpg,0.00033498503,0.0003795878,0.9985763,0.0007091633,c
test_2477.jpg,0.000108874236,0.9996829,0.00012337067,8.479133e-05,b
test_2478.jpg,0.9984475,0.0001232182,0.00080348365,0.00062575366,a
test_2479.jpg,0.0011694179,6.597405e-05,1.299106e-05,0.99875164,d
test_2480.jpg,0.99999654,1.5534949e-06,1.3709544e-06,5.043459e-07,a
test_2481.jpg,0.013040584,0.26192713,0.013040584,0.7119917,d
test_2482.jpg,1.0677016e-06,6.4759377e-07,6.0835805e-07,0.99999774,d
test_2483.jpg,1.1478067e-05,2.9021098e-06,0.9999274,5.8290432e-05,c
test_2484.jpg,0.99928707,0.000108831126,0.00055269006,5.1408184e-05,a
test_2485.jpg,6.1439223e-06,0.9999528,1.6700913e-05,2.4299683e-05,b
test_2486.jpg,0.9995517,0.00023045651,0.00010885995,0.00010885995,a
test_2487.jpg,0.9990453,8.473726e-05,6.5993445e-05,0.00080396474,a
test_2488.jpg,3.120122e-05,3.2885844e-06,0.9999466,1.8924495e-05,c
test_2489.jpg,2.561264e-06,0.99999034,1.7603293e-06,5.422196e-06,b
test_2490.jpg,0.00062610256,0.00010880032,0.9990042,0.00026099838,c
test_2491.jpg,3.9278547e-07,0.99999774,6.4759377e-07,1.2098644e-06,b
test_2492.jpg,7.88855e-06,0.9999018,2.4298444e-05,6.6050015e-05,b
test_2493.jpg,6.9612634e-06,2.9018865e-06,0.9998504,0.00013982072,c
test_2494.jpg,0.9999958,1.0676996e-06,1.7603389e-06,1.3709534e-06,a
test_2495.jpg,0.046775434,0.0081283515,0.93950975,0.0055865287,c
test_2496.jpg,0.0046059797,0.00055010576,0.99461454,0.00022931819,c
test_2497.jpg,6.604922e-05,2.7533415e-05,0.99988973,1.669986e-05,c
test_2498.jpg,0.00037666727,0.008572907,0.99089336,0.00015701826,c
test_2499.jpg,0.000108879256,0.999729,6.603861e-05,9.6085605e-05,b
test_2500.jpg,2.1444297e-05,1.1478305e-05,0.99994814,1.8924524e-05,c
test_2501.jpg,1.3006763e-05,1.6701013e-05,1.1478428e-05,0.9999589,d
test_2502.jpg,3.4663242e-07,1.05716914e-07,0.99999905,5.043472e-07,c
test_2503.jpg,5.4220905e-06,8.939516e-06,0.9999709,1.473877e-05,c
test_2504.jpg,2.3823577e-07,0.999995,2.260318e-06,2.561276e-06,b
test_2505.jpg,0.00037765925,0.00090595736,0.9935029,0.0052134246,c
test_2506.jpg,0.012310537,0.97794706,0.0095874565,0.00015496678,b
test_2507.jpg,0.99999607,8.315254e-07,1.5534941e-06,1.5534941e-06,a
test_2508.jpg,2.2603165e-06,6.0835595e-07,0.9999943,2.902304e-06,c
test_2509.jpg,4.222782e-06,1.1478713e-05,6.4758467e-07,0.99998367,d
test_2510.jpg,0.14323446,0.07666788,0.72740465,0.05269302,c
test_2511.jpg,1.2098619e-06,8.3152514e-07,0.9999957,2.2603197e-06,c
test_2512.jpg,0.005164584,0.5268019,0.0031324786,0.46490103,b
test_2513.jpg,1.742978e-07,1.8553907e-07,1.1253512e-07,0.9999995,d
test_2514.jpg,0.999995,2.561276e-06,1.3709523e-06,1.0676987e-06,a
test_2515.jpg,0.000709195,0.000335,0.99862087,0.000335,c
test_2516.jpg,6.1439596e-06,3.7265e-06,0.9999589,3.12016e-05,c
test_2517.jpg,0.999977,7.889143e-06,1.1478636e-05,3.7265675e-06,a
test_2518.jpg,0.08503437,0.91420573,0.0005056329,0.00025424818,b
test_2519.jpg,1.01286705e-05,0.9998596,4.5393557e-05,8.480632e-05,b
test_2520.jpg,1.892441e-05,0.99994206,2.7534856e-05,1.1478235e-05,b
test_2521.jpg,0.00015841883,0.99973184,5.827903e-05,5.1431067e-05,b
test_2522.jpg,2.1444224e-05,3.1201165e-05,2.5611473e-06,0.9999448,d
test_2523.jpg,8.476306e-05,0.00033524443,0.00023040989,0.99934953,d
test_2524.jpg,0.00015842542,1.6697917e-05,0.99977344,5.1433206e-05,c
test_2525.jpg,0.00029532696,0.0016994894,0.00042969818,0.99757546,d
test_2526.jpg,0.9975061,0.00029530644,0.0010307207,0.0011679594,a
test_2527.jpg,0.0012945612,0.00016458498,0.59180176,0.40673903,c
test_2528.jpg,7.2658025e-08,0.9999981,7.338201e-07,1.067702e-06,b
test_2529.jpg,0.0058846883,0.0013130516,0.98965245,0.003149847,c
test_2530.jpg,3.1200874e-05,2.4299263e-05,8.9392e-06,0.9999355,d
test_2531.jpg,4.784711e-06,5.4217876e-06,7.484548e-05,0.999915,d
test_2532.jpg,1.5534899e-06,9.422392e-07,0.9999933,4.222823e-06,c
test_2533.jpg,0.005190177,0.0005470406,0.9890726,0.005190177,c
test_2534.jpg,3.7266057e-06,2.9022835e-06,6.144134e-06,0.99998724,d
test_2535.jpg,0.2216736,0.00358302,0.0010265524,0.77371687,d
test_2536.jpg,0.00023047271,0.999622,9.6075324e-05,5.1425417e-05,b
test_2537.jpg,0.8524309,0.13072452,0.009469653,0.0073749726,a
test_2538.jpg,2.3823588e-07,0.99999547,1.9947247e-06,2.2603192e-06,b
test_2539.jpg,4.2227252e-06,0.9999702,2.144477e-05,4.2227252e-06,b
test_2540.jpg,1.7603335e-06,1.2098584e-06,0.9999927,4.2228203e-06,c
test_2541.jpg,1.7603364e-06,2.5612744e-06,1.3709514e-06,0.9999944,d
test_2542.jpg,3.0590056e-07,0.9999943,1.7603362e-06,3.7266318e-06,b
test_2543.jpg,8.315274e-07,3.4663222e-07,0.99999845,3.6898805e-07,c
test_2544.jpg,0.00017950268,7.482786e-05,0.9996797,6.603535e-05,c
test_2545.jpg,0.9992336,0.00033520552,0.00033520552,9.603799e-05,a
test_2546.jpg,4.737894e-07,3.4663177e-07,1.994728e-06,0.99999714,d
test_2547.jpg,4.7378379e-07,0.9999852,2.9022776e-06,1.147873e-05,b
test_2548.jpg,0.00017951059,4.538739e-05,0.99972373,5.1430652e-05,c
test_2549.jpg,0.9994318,0.00015837129,0.00017945818,0.00023042886,a
test_2550.jpg,1.5533868e-06,6.605168e-05,0.9999269,5.421852e-06,c
test_2551.jpg,0.026990853,0.014447162,0.06474769,0.89381427,d
test_2552.jpg,8.3152736e-07,2.2380256e-07,0.99999833,5.714998e-07,c
test_2553.jpg,3.689847e-07,0.9999894,3.288725e-06,6.962231e-06,b
test_2554.jpg,0.9988249,5.822616e-05,8.4718566e-05,0.0010320834,a
test_2555.jpg,1.1478688e-05,3.2886992e-06,0.9999815,3.7265843e-06,c
test_2556.jpg,0.003172032,0.00013936937,0.9966228,6.583342e-05,c
test_2557.jpg,0.99865746,0.00020319522,0.00043016425,0.00070922094,a
test_2558.jpg,0.0027944217,0.0004025746,0.8779812,0.11882183,c
test_2559.jpg,1.6701113e-05,3.7265222e-06,0.99996483,1.473868e-05,c
test_2560.jpg,0.000108891574,0.99984205,4.0058967e-05,8.938365e-06,b
test_2561.jpg,5.7149776e-07,3.927843e-07,0.99999475,4.222829e-06,c
test_2562.jpg,0.9432695,0.008160881,0.0016069728,0.046962623,a
test_2563.jpg,0.0010318662,0.00012323885,0.99861467,0.00023024046,c
test_2564.jpg,0.00013980994,3.5349487e-05,5.14332e-05,0.9997733,d
test_2565.jpg,0.9970969,0.00029518528,0.0016986742,0.0009092347,a
test_2566.jpg,0.9985978,0.00029562964,0.0010318487,7.474688e-05,a
test_2567.jpg,0.999997,1.0677009e-06,8.315262e-07,1.0677009e-06,a
test_2568.jpg,7.477312e-05,0.9989484,0.000910923,6.598704e-05,b
test_2569.jpg,0.0029638608,0.9312174,0.05253569,0.013283102,b
test_2570.jpg,5.4221655e-06,3.7265963e-06,6.1441187e-06,0.99998474,d
test_2571.jpg,0.011177389,0.17484379,0.030383293,0.78359544,d
test_2572.jpg,1.9750463e-07,0.9999962,2.561279e-06,1.0676999e-06,b
test_2573.jpg,0.99998915,4.2228053e-06,3.7266127e-06,2.9022892e-06,a
test_2574.jpg,0.99927646,0.0004877421,0.00013974046,9.604211e-05,a
test_2575.jpg,0.999995,7.3381784e-07,3.7266345e-06,6.0835634e-07,a
test_2576.jpg,0.99998415,7.889199e-06,2.561248e-06,5.4221623e-06,a
test_2577.jpg,1.8922328e-05,4.0058563e-05,0.99983203,0.00010889048,c
test_2578.jpg,0.85037047,0.10156227,0.037362672,0.010704584,a
test_2579.jpg,8.4556355e-05,0.0028001221,0.00020284017,0.9969125,d
test_2580.jpg,5.8278183e-05,0.9997173,6.6037835e-05,0.00015841653,b
test_2581.jpg,0.112357065,0.004356556,0.83021265,0.053073715,c
test_2582.jpg,0.9996742,0.00023048474,6.603498e-05,2.9302848e-05,a
test_2583.jpg,8.315154e-07,0.999984,6.144114e-06,8.9396335e-06,b
test_2584.jpg,0.003486239,0.96663743,0.00068648113,0.02918992,b
test_2585.jpg,3.7264156e-06,1.4738259e-05,0.9999362,4.5397035e-05,c
test_2586.jpg,4.4508468e-07,3.0590195e-07,0.9999988,4.4508468e-07,c
test_2587.jpg,0.010977518,0.00048231846,0.98816454,0.00037562998,c
test_2588.jpg,2.422835e-05,0.9970174,0.0028004167,0.00015798869,b
test_2589.jpg,0.36465505,0.4132083,0.0009621853,0.22117448,b
test_2590.jpg,0.00055518537,0.83217835,0.16386561,0.0034009228,b
test_2591.jpg,4.0061415e-05,4.0061415e-05,1.6700084e-05,0.9999032,d
test_2592.jpg,1.5534877e-06,6.1441624e-06,3.256287e-07,0.9999919,d
test_2593.jpg,2.2602692e-06,0.9999733,1.300695e-05,1.14785935e-05,b
test_2594.jpg,1.892433e-05,1.892433e-05,2.429932e-05,0.9999378,d
test_2595.jpg,0.00095454534,0.7194448,0.014931601,0.264669,b
test_2596.jpg,0.00069866196,0.0014790674,0.014033,0.98378927,d
test_2597.jpg,7.479144e-05,0.99919313,0.0005526381,0.00017941532,b
test_2598.jpg,4.539428e-05,1.3005679e-05,0.99987555,6.6048284e-05,c
test_2599.jpg,2.2599233e-06,0.9998204,0.00015843286,1.8922106e-05,b
test_2600.jpg,0.99808276,0.00012317319,0.0006255251,0.0011686347,a
test_2601.jpg,0.00042902917,0.0031701205,0.9960223,0.0003786169,c
test_2602.jpg,3.2887094e-06,7.8892035e-06,4.222786e-06,0.9999846,d
test_2603.jpg,0.006254632,0.1613091,0.013241057,0.8191952,d
test_2604.jpg,3.72663e-06,1.7603354e-06,6.475912e-07,0.9999938,d
test_2605.jpg,4.222785e-06,8.939635e-06,2.5612485e-06,0.99998426,d
test_2606.jpg,1.6699572e-05,1.8736401e-06,0.99987257,0.0001088949,c
test_2607.jpg,0.9985563,0.00010875155,0.0007091491,0.0006258219,a
test_2608.jpg,0.00012337924,0.99975234,5.8280228e-05,6.604015e-05,b
test_2609.jpg,1.067701e-06,4.4508394e-07,0.99999714,1.3709551e-06,c
test_2610.jpg,0.99993,7.888772e-06,4.5396755e-05,1.6700533e-05,a
test_2611.jpg,0.0010217845,0.009694422,0.98885787,0.00042594314,c
test_2612.jpg,1.4738733e-05,1.1478537e-05,5.422077e-06,0.9999684,d
test_2613.jpg,1.0129839e-05,6.9621306e-06,0.99997497,7.889127e-06,c
test_2614.jpg,0.99991167,2.1443515e-05,4.5395922e-05,2.1443515e-05,a
test_2615.jpg,5.422165e-06,0.9999846,7.8892035e-06,1.994703e-06,b
test_2616.jpg,0.00022997546,0.00037916543,0.001925561,0.99746525,d
test_2617.jpg,0.9635474,0.00041504085,0.0030667603,0.03297078,a
test_2618.jpg,6.962211e-06,4.785053e-06,1.7603226e-06,0.9999865,d
test_2619.jpg,0.00042465064,0.98585725,0.0013080161,0.012410112,b
test_2620.jpg,1.370954e-06,1.370954e-06,9.42242e-07,0.9999963,d
test_2621.jpg,0.00029530644,0.0010307207,0.0011679594,0.9975061,d
test_2622.jpg,1.5534655e-06,0.9999776,1.3007006e-05,7.889148e-06,b
test_2623.jpg,0.9999957,2.2603197e-06,1.0676995e-06,9.4224146e-07,a
test_2624.jpg,0.00022992677,0.9972541,0.0021814844,0.00033454146,b
test_2625.jpg,0.00037881013,0.0019237566,0.9965306,0.0011668173,c
test_2626.jpg,0.96359575,0.025678957,0.009446761,0.00127848,a
test_2627.jpg,0.0035928502,7.004943e-05,0.00013930992,0.99619776,d
test_2628.jpg,0.0010287759,0.00055066403,0.002796503,0.995624,d
test_2629.jpg,5.7149936e-07,1.5381697e-07,0.9999975,1.7603419e-06,c
test_2630.jpg,4.4508474e-07,3.6898822e-07,3.25631e-07,0.9999989,d
test_2631.jpg,1.209863e-06,1.0677004e-06,1.209863e-06,0.99999654,d
test_2632.jpg,1.6536604e-06,0.9999807,2.9022644e-06,1.4738914e-05,b
test_2633.jpg,0.78943425,0.19960023,0.0032262374,0.0077393414,a
test_2634.jpg,3.726498e-06,0.9999584,1.8924718e-05,1.8924718e-05,b
test_2635.jpg,0.9278668,0.028019149,0.04076762,0.0033464103,a
test_2636.jpg,0.99844235,7.473524e-05,0.00015821449,0.0013247137,a
test_2637.jpg,2.1444279e-05,0.9999473,2.429955e-05,6.9619377e-06,b
test_2638.jpg,6.144107e-06,6.144107e-06,0.99998283,4.7850353e-06,c
test_2639.jpg,0.99996424,1.6701104e-05,8.939456e-06,1.0129731e-05,a
test_2640.jpg,8.939248e-06,0.9999409,1.0129494e-05,4.0062925e-05,b
test_2641.jpg,1.3709516e-06,2.9023047e-06,0.9999945,1.2098606e-06,c
test_2642.jpg,1.300653e-05,1.4738329e-05,3.1201045e-05,0.999941,d
test_2643.jpg,0.9999442,1.670077e-05,2.4299476e-05,1.4738376e-05,a
test_2644.jpg,0.66677696,0.062019914,0.21647078,0.054732382,a
test_2645.jpg,0.00061976357,0.0007957922,0.9888897,0.009694734,c
test_2646.jpg,1.47369165e-05,0.99984515,0.00010889191,3.1198055e-05,b
test_2647.jpg,0.99972147,8.479461e-05,8.479461e-05,0.00010887844,a
test_2648.jpg,0.9999877,3.2887194e-06,4.785059e-06,4.2227994e-06,a
test_2649.jpg,5.043468e-07,7.338203e-07,4.4508448e-07,0.99999833,d
test_2650.jpg,0.01080297,0.004503348,0.9724523,0.012241368,c
test_2651.jpg,4.1811637e-07,0.9999939,1.9947217e-06,3.7266304e-06,b
test_2652.jpg,1.994702e-06,0.999984,6.144114e-06,7.889198e-06,b
test_2653.jpg,0.99999833,3.68988e-07,1.0677022e-06,2.6995738e-07,a
test_2654.jpg,1.5534831e-06,5.7149447e-07,0.9999889,8.939677e-06,c
test_2655.jpg,9.4223986e-07,0.99999404,1.3709509e-06,3.726631e-06,b
test_2656.jpg,6.475935e-07,1.7603415e-06,2.5360126e-07,0.99999726,d
test_2657.jpg,4.0058356e-05,5.8284568e-05,7.483887e-05,0.99982685,d
test_2658.jpg,0.99996865,4.4950607e-06,1.0129776e-05,1.6701177e-05,a
test_2659.jpg,2.1444721e-05,3.7265336e-06,6.9620814e-06,0.99996793,d
test_2660.jpg,0.00026109035,0.9993562,0.00020333737,0.0001794446,b
test_2661.jpg,8.3152713e-07,2.8736807e-07,8.3152713e-07,0.9999981,d
test_2662.jpg,0.81389,0.0015711774,0.18160342,0.0029353458,a
test_2663.jpg,0.99979585,2.4295869e-05,0.00015842897,2.144103e-05,a
test_2664.jpg,0.9999988,3.4663233e-07,6.4759445e-07,2.8736827e-07,a
test_2665.jpg,0.03485683,0.0010525851,0.06512114,0.8989695,d
test_2666.jpg,3.2887106e-06,0.999985,6.9622e-06,4.785046e-06,b
test_2667.jpg,0.99982375,6.6044864e-05,7.4838645e-05,3.535127e-05,a
test_2668.jpg,5.043459e-07,0.99999654,9.4224225e-07,1.994727e-06,b
test_2669.jpg,0.5619641,0.00020067631,0.00017709624,0.4376581,a
test_2670.jpg,1.9946133e-06,5.144175e-05,6.961884e-06,0.99993956,d
test_2671.jpg,0.00054849475,0.9917018,0.007571736,0.00017807017,b
test_2672.jpg,1.8922437e-05,5.8285215e-05,0.9998379,8.480448e-05,c
test_2673.jpg,0.9999167,6.539935e-06,1.078253e-05,6.6051005e-05,a
test_2674.jpg,3.2885844e-06,0.9999466,1.8924495e-05,3.120122e-05,b
test_2675.jpg,2.7506254e-05,0.9989034,0.000910882,0.00015828756,b
test_2676.jpg,4.785057e-06,1.760324e-06,0.99998736,6.1441347e-06,c
test_2677.jpg,0.0010290429,0.0011660584,0.9958824,0.0019225053,c
test_2678.jpg,2.2603135e-06,1.3709495e-06,3.2887367e-06,0.99999297,d
test_2679.jpg,0.99999666,8.8515475e-07,1.553495e-06,9.4224237e-07,a
test_2680.jpg,8.479618e-05,0.00013980527,0.99973994,3.534831e-05,c
test_2681.jpg,1.5534051e-06,0.9999387,3.5355337e-05,2.4299341e-05,b
test_2682.jpg,0.99918264,0.00062621443,0.00013972733,5.1402814e-05,a
test_2683.jpg,0.008573781,0.00029337866,0.00013858225,0.9909943,d
test_2684.jpg,5.143572e-05,0.9998223,7.4838536e-05,5.143572e-05,b
test_2685.jpg,4.222806e-06,4.222806e-06,2.2603056e-06,0.9999894,d
test_2686.jpg,0.053918,0.24164374,0.04758247,0.65685576,d
test_2687.jpg,0.01054495,0.0034234438,0.9492261,0.03680549,c
test_2688.jpg,0.9981079,0.00042992755,0.00091015664,0.0005520379,a
test_2689.jpg,0.9999907,2.2603085e-06,3.2887294e-06,3.7266186e-06,a
test_2690.jpg,0.00020340327,5.827601e-05,5.827601e-05,0.99968004,d
test_2691.jpg,0.9365634,0.0012426139,0.0023215087,0.05987249,a
test_2692.jpg,0.9989028,0.00048755974,0.00017936318,0.00043026992,a
test_2693.jpg,2.5612692e-06,3.288735e-06,1.7603329e-06,0.9999924,d
test_2694.jpg,5.715e-07,4.737901e-07,3.4663228e-07,0.99999857,d
test_2695.jpg,1.0030079e-06,2.9023e-06,3.2887365e-06,0.99999285,d
test_2696.jpg,6.604997e-05,1.1477764e-05,0.99990106,2.1443288e-05,c
test_2697.jpg,4.222782e-06,4.222782e-06,7.889195e-06,0.99998367,d
test_2698.jpg,0.7690737,0.029820224,0.1944523,0.0066537918,a
test_2699.jpg,0.99527943,0.00022947148,0.0016955779,0.0027955351,a
test_2700.jpg,1.300669e-05,1.473851e-05,1.8924622e-05,0.99995327,d
test_2701.jpg,0.9999819,6.144101e-06,1.7603144e-06,1.0129909e-05,a
test_2702.jpg,2.1233488e-06,0.9999839,2.5612476e-06,1.1478715e-05,b
test_2703.jpg,0.0028001205,0.00022984786,0.9969119,5.8114645e-05,c
test_2704.jpg,8.938041e-06,0.99980587,4.5391116e-05,0.00013981448,b
test_2705.jpg,0.99707603,0.001322901,0.00010201117,0.0014990432,a
test_2706.jpg,1.3709355e-06,0.9999827,1.3007073e-05,2.9022704e-06,b
test_2707.jpg,1.0676877e-06,0.9999846,1.0129937e-05,4.222786e-06,b
test_2708.jpg,1.3006101e-05,0.999908,5.144013e-05,2.7533917e-05,b
test_2709.jpg,0.00017948943,7.482234e-05,0.00013978653,0.99960595,d
test_2710.jpg,0.00037889567,0.0027996814,6.584219e-05,0.99675554,d
test_2711.jpg,2.3823645e-07,0.99999785,1.2098645e-06,7.3381995e-07,b
test_2712.jpg,5.714998e-07,6.4759416e-07,4.7378998e-07,0.99999833,d
test_2713.jpg,0.9999608,2.4299878e-05,1.147845e-05,3.5007295e-06,a
test_2714.jpg,3.1195643e-05,0.99976784,0.00017951851,2.144043e-05,b
test_2715.jpg,9.608514e-05,0.00013980306,0.9997241,4.005424e-05,c
test_2716.jpg,2.9022974e-06,2.9022974e-06,2.2603115e-06,0.999992,d
test_2717.jpg,0.99999666,5.368735e-07,1.553495e-06,1.2098631e-06,a
test_2718.jpg,2.1443064e-05,1.3005876e-05,0.9998907,7.484366e-05,c
test_2719.jpg,3.2887194e-06,4.785059e-06,4.2227994e-06,0.9999877,d
test_2720.jpg,0.9997831,2.7530477e-05,0.00012338303,6.604218e-05,a
test_2721.jpg,0.9628608,0.001127394,0.032947283,0.003064575,a
test_2722.jpg,1.4737313e-05,4.222311e-06,0.9998721,0.00010889485,c
test_2723.jpg,2.4299561e-05,8.93931e-06,1.8924518e-05,0.9999478,d
test_2724.jpg,0.0039896746,0.0039896746,0.01577947,0.9762412,d
test_2725.jpg,4.222781e-06,5.422158e-06,0.99998343,6.962189e-06,c
test_2726.jpg,1.1365488e-06,0.9999857,6.962205e-06,6.1441247e-06,b
test_2727.jpg,0.006254632,0.013241057,0.1613091,0.8191952,d
test_2728.jpg,1.3006492e-05,2.7534745e-05,2.1444079e-05,0.999938,d
test_2729.jpg,1.3709538e-06,6.475927e-07,1.9947258e-06,0.99999607,d
test_2730.jpg,4.5396537e-05,2.1443806e-05,7.888735e-06,0.99992526,d
test_2731.jpg,0.9986091,0.00033499603,0.0004301434,0.00062585494,a
test_2732.jpg,1.8553823e-07,0.999995,1.9947238e-06,2.902306e-06,b
test_2733.jpg,0.0002957685,0.9990669,8.4739084e-05,0.00055256824,b
test_2734.jpg,0.49987897,0.44114164,0.052686855,0.0062925476,a
test_2735.jpg,0.43539283,0.019129826,0.43539283,0.11008454,a
test_2736.jpg,0.0010795669,0.92201364,0.07568349,0.0012233095,b
test_2737.jpg,1.9947238e-06,1.2878904e-06,1.7603375e-06,0.999995,d
test_2738.jpg,4.222787e-06,0.99998486,8.939641e-06,1.9947036e-06,b
test_2739.jpg,0.00191705,0.00042775166,0.9930565,0.0045987642,c
test_2740.jpg,0.99963343,9.607642e-05,0.00023047534,4.0050607e-05,a
test_2741.jpg,4.5380828e-05,4.0048435e-05,0.99957925,0.00033532147,c
test_2742.jpg,0.5227598,0.0074567674,0.46133387,0.008449624,a
test_2743.jpg,0.0004010066,0.22112378,0.77179784,0.0066773593,c
test_2744.jpg,1.1478504e-05,0.99996555,1.1478504e-05,1.1478504e-05,b
test_2745.jpg,0.000908564,0.99636143,0.00026030792,0.0024697331,b
test_2746.jpg,0.99991894,3.5354635e-05,2.144367e-05,2.429886e-05,a
test_2747.jpg,0.0018864776,0.020281544,0.00061244954,0.9772195,d
test_2748.jpg,0.99998033,2.9022635e-06,1.4738908e-05,1.9946945e-06,a
test_2749.jpg,9.602789e-05,6.599894e-05,0.9991285,0.00070955546,c
test_2750.jpg,3.726631e-06,1.3709509e-06,0.99999404,9.4223986e-07,c
test_2751.jpg,0.00026095862,0.00026095862,0.0006260072,0.998852,d
test_2752.jpg,2.8736693e-07,0.99999416,1.3709512e-06,4.2228266e-06,b
test_2753.jpg,0.99999523,9.42241e-07,2.5612765e-06,1.3709525e-06,a
test_2754.jpg,0.022968775,0.00019871884,0.00017536875,0.97665715,d
test_2755.jpg,1.1478669e-05,1.7603109e-06,0.99997985,6.9621647e-06,c
test_2756.jpg,9.5342555e-05,0.9919979,0.007573997,0.0003327782,b
test_2757.jpg,3.2887388e-06,1.760335e-06,1.3709503e-06,0.99999356,d
test_2758.jpg,1.553489e-06,5.4222087e-06,3.2562897e-07,0.9999927,d
test_2759.jpg,6.6031054e-05,0.9996147,0.00013978776,0.00017949102,b
test_2760.jpg,0.03724942,0.84779286,0.101254426,0.013703296,b
test_2761.jpg,0.001154606,0.012413185,0.98610145,0.00033080016,c
test_2762.jpg,0.0009067791,8.4343585e-05,0.99440396,0.0046050046,c
test_2763.jpg,7.338196e-07,3.9278532e-07,0.9999974,1.5534962e-06,c
test_2764.jpg,7.889202e-06,5.4221637e-06,2.4060705e-06,0.9999844,d
test_2765.jpg,1.5534964e-06,2.6995716e-07,0.9999975,7.338197e-07,c
test_2766.jpg,4.22281e-06,2.2603074e-06,3.2887278e-06,0.9999902,d
test_2767.jpg,0.9999887,4.7850635e-06,5.422187e-06,1.2098534e-06,a
test_2768.jpg,9.4224157e-07,2.873674e-07,0.9999958,2.9023086e-06,c
test_2769.jpg,0.012003156,0.017464489,0.8414862,0.1290461,c
test_2770.jpg,0.0371962,0.95930266,0.0023778738,0.0011232279,b
test_2771.jpg,0.03723735,0.0011244705,0.9603639,0.001274192,c
test_2772.jpg,4.7850613e-06,2.2603028e-06,4.7850613e-06,0.9999882,d
test_2773.jpg,0.00054381124,0.98323387,0.015892494,0.0003298382,b
test_2774.jpg,0.99160576,0.00020176041,0.007571003,0.0006214658,a
test_2775.jpg,0.9894688,0.00048295507,0.008560583,0.0014876062,a
test_2776.jpg,0.037008893,0.954472,0.002087899,0.0064311814,b
test_2777.jpg,0.00048594252,0.9955895,0.0035906564,0.00033398307,b
test_2778.jpg,0.004555549,0.9837246,0.00079163566,0.010928194,b
test_2779.jpg,5.828382e-05,1.8921985e-05,0.999814,0.00010888851,c
test_2780.jpg,0.9999341,3.0893002e-06,1.1478143e-05,5.144147e-05,a
test_2781.jpg,0.97676784,0.0016640412,0.0012959564,0.02027217,a
test_2782.jpg,3.5354686e-05,0.99992037,3.5354686e-05,8.939064e-06,b
test_2783.jpg,0.99952865,4.004641e-05,0.0003353045,9.6066346e-05,a
test_2784.jpg,1.7603186e-06,0.99998426,2.5612485e-06,1.1478719e-05,b
test_2785.jpg,3.2887208e-06,2.5612583e-06,6.144139e-06,0.9999881,d
test_2786.jpg,2.0075853e-05,0.9965133,0.00029501252,0.0031716835,b
test_2787.jpg,9.422432e-07,6.475937e-07,0.9999976,8.3152673e-07,c
test_2788.jpg,0.0009769473,0.05333952,0.00021798641,0.94546556,d
test_2789.jpg,0.00026060315,0.0021820038,6.58908e-05,0.9974915,d
test_2790.jpg,1.5534915e-06,3.7266323e-06,3.6898655e-07,0.9999944,d
test_2791.jpg,0.99854904,5.1370218e-05,0.0013248554,7.474323e-05,a
test_2792.jpg,0.99986637,4.7844783e-06,0.00012339331,5.421524e-06,a
test_2793.jpg,0.9969639,0.00062482385,0.0019245931,0.0004866134,a
test_2794.jpg,0.965947,0.022716897,0.010730702,0.0006053847,a
test_2795.jpg,4.5388493e-05,3.0887256e-06,0.99974805,0.0002034171,c
test_2796.jpg,0.00080327777,0.0006255933,0.99819165,0.00037944157,c
test_2797.jpg,6.144097e-06,4.7850276e-06,7.889176e-06,0.99998116,d
test_2798.jpg,0.0005524915,0.00013969175,0.00037972152,0.9989281,d
test_2799.jpg,1.2098631e-06,1.553495e-06,5.368735e-07,0.99999666,d
test_2800.jpg,0.9506542,0.022357244,0.007258334,0.0197302,a
test_2801.jpg,0.99868244,0.00055235566,0.00033502062,0.00043017502,a
test_2802.jpg,1.2098625e-06,1.5534944e-06,0.9999962,1.0676999e-06,c
test_2803.jpg,0.33756742,0.021579962,0.630659,0.0101936525,c
test_2804.jpg,0.00080183125,0.0024698141,0.9963941,0.00033425298,c
test_2805.jpg,4.0043687e-05,0.99946076,0.00020335865,0.0002958851,b
test_2806.jpg,0.00037652007,0.008569557,0.9905061,0.00054783345,c
test_2807.jpg,3.288689e-06,1.5534667e-06,0.9999784,1.670134e-05,c
test_2808.jpg,6.1441524e-06,1.9947142e-06,0.9999902,1.553485e-06,c
test_2809.jpg,0.0011670255,0.0013224132,0.00080208416,0.9967084,d
test_2810.jpg,1.0677005e-06,1.3709546e-06,0.99999666,9.4224237e-07,c
test_2811.jpg,0.00020337093,9.6065625e-05,0.00017947421,0.99952114,d
test_2812.jpg,4.222799e-06,1.2098521e-06,0.9999876,6.9622183e-06,c
test_2813.jpg,0.9998983,8.938868e-06,8.480961e-05,7.888522e-06,a
test_2814.jpg,0.000334617,0.99747926,0.0016993255,0.0004868649,b
test_2815.jpg,0.99999,2.561263e-06,4.78507e-06,2.7264505e-06,a
test_2816.jpg,0.021327509,0.9068687,0.006110433,0.06569335,b
test_2817.jpg,1.3004954e-05,0.9998198,5.8284157e-05,0.00010888915,b
test_2818.jpg,4.7850144e-06,7.889154e-06,0.9999784,8.9395835e-06,c
test_2819.jpg,4.7849917e-06,0.99997365,1.1478598e-05,1.01298265e-05,b
test_2820.jpg,0.999795,1.8921626e-05,6.539139e-06,0.00017952338,a
test_2821.jpg,1.670128e-05,3.7265595e-06,0.99997485,4.784997e-06,c
test_2822.jpg,0.0003350657,0.99881685,0.00055243,0.00029569448,b
test_2823.jpg,1.9947224e-06,2.902304e-06,8.3152395e-07,0.9999943,d
test_2824.jpg,1.3709462e-06,0.9999906,3.288729e-06,4.7850726e-06,b
test_2825.jpg,0.00015276672,0.29402265,0.0005009028,0.7053237,d
test_2826.jpg,0.005217427,0.9942656,0.00037794915,0.00013903972,b
test_2827.jpg,4.0059622e-05,1.6699336e-05,0.9998584,8.480622e-05,c
test_2828.jpg,0.99993956,1.1478206e-05,2.7534787e-05,2.1444112e-05,a
test_2829.jpg,0.9998956,1.892353e-05,4.006111e-05,4.539519e-05,a
test_2830.jpg,2.902184e-06,0.9999529,1.3006686e-05,3.1201416e-05,b
test_2831.jpg,0.8761991,0.0011625239,0.11858066,0.004057607,a
test_2832.jpg,1.4728892e-05,0.9993007,5.82539e-05,0.0006262884,b
test_2833.jpg,0.9990276,0.00013970565,0.00012328979,0.0007094838,a
test_2834.jpg,0.90916526,0.0037155508,0.08456554,0.0025536583,a
test_2835.jpg,4.539459e-05,6.1434894e-06,0.99988234,6.6048735e-05,c
test_2836.jpg,0.00048755915,0.00012327425,0.9989016,0.00048755915,c
test_2837.jpg,1.2874177e-06,0.99962795,7.482399e-05,0.00029593462,b
test_2838.jpg,0.0066063344,0.038016826,0.59468323,0.3606936,c
test_2839.jpg,1.7603377e-06,1.5534927e-06,0.9999951,1.5534927e-06,c
test_2840.jpg,0.99999785,7.3381995e-07,8.3152696e-07,5.714995e-07,a
test_2841.jpg,3.7265204e-06,0.99996436,1.3006834e-05,1.8924831e-05,b
test_2842.jpg,6.14394e-06,0.99995565,1.670096e-05,2.1444457e-05,b
test_2843.jpg,0.9999374,4.539709e-05,1.3006484e-05,4.222587e-06,a
test_2844.jpg,0.000703255,0.9902568,0.0031517704,0.005888282,b
test_2845.jpg,0.0030004445,0.05318415,0.9427116,0.0011038018,c
test_2846.jpg,5.4221987e-06,1.209856e-06,0.9999908,2.5612653e-06,c
test_2847.jpg,3.1179727e-05,0.0001583437,0.99925774,0.0005526738,c
test_2848.jpg,0.9981377,0.00020308945,0.0003348379,0.0013243096,a
test_2849.jpg,8.939073e-06,1.1477997e-05,5.8290076e-05,0.9999213,d
test_2850.jpg,6.4759394e-07,7.3382006e-07,0.999998,7.3382006e-07,c
test_2851.jpg,0.6066548,0.0046318662,0.36795476,0.020758586,a
test_2852.jpg,0.9999815,6.1440987e-06,5.422148e-06,6.962176e-06,a
test_2853.jpg,2.144407e-05,1.6700656e-05,2.4299314e-05,0.99993753,d
test_2854.jpg,0.17850661,0.80001116,0.010070655,0.011411546,b
test_2855.jpg,1.0030121e-06,9.422427e-07,1.0677009e-06,0.999997,d
test_2856.jpg,6.96201e-06,0.9999577,3.1201565e-05,4.2226725e-06,b
test_2857.jpg,0.0003796974,0.99886465,0.0005524564,0.00020323736,b
test_2858.jpg,0.99997604,5.422118e-06,1.47388455e-05,3.7265638e-06,a
test_2859.jpg,3.0590206e-07,1.85539e-07,0.99999917,3.0590206e-07,c
test_2860.jpg,3.0590206e-07,1.4449792e-07,0.99999917,3.0590206e-07,c
test_2861.jpg,2.753539e-05,6.143976e-06,4.7849335e-06,0.9999615,d
test_2862.jpg,0.0019240073,0.0007078027,0.0007078027,0.9966605,d
test_2863.jpg,4.2227803e-06,3.7265906e-06,8.939626e-06,0.9999832,d
test_2864.jpg,1.1477419e-05,0.999871,2.1442644e-05,9.6099255e-05,b
test_2865.jpg,2.1444373e-05,7.888943e-06,0.9999517,1.8924593e-05,c
test_2866.jpg,4.2224747e-06,0.99991083,7.4845164e-05,1.012919e-05,b
test_2867.jpg,0.053102158,0.0026438008,0.9412582,0.0029958186,c
test_2868.jpg,7.3381824e-07,1.5534932e-06,2.2603192e-06,0.99999547,d
test_2869.jpg,0.9999968,1.3709547e-06,1.2098633e-06,6.083575e-07,a
test_2870.jpg,3.2887046e-06,0.9999832,1.0129923e-05,3.2887046e-06,b
test_2871.jpg,8.3152486e-07,0.99999535,1.7603381e-06,1.9947245e-06,b
test_2872.jpg,0.0011694168,7.4758325e-05,5.0873673e-06,0.9987507,d
test_2873.jpg,0.0011623703,0.00020198968,0.0059030033,0.9927326,d
test_2874.jpg,1.3004853e-05,0.99981207,0.00010888831,6.604409e-05,b
test_2875.jpg,0.9991762,0.00037981584,0.00033518628,0.00010881906,a
test_2876.jpg,0.004608119,0.00015768115,0.00015768115,0.9950766,d
test_2877.jpg,0.9999008,7.4844414e-05,9.515398e-06,1.4737737e-05,a
test_2878.jpg,0.98677814,0.00042504733,0.00037510297,0.012421704,a
test_2879.jpg,7.8892035e-06,6.144118e-06,1.2878771e-06,0.9999846,d
test_2880.jpg,1.7603401e-06,1.0677002e-06,7.338189e-07,0.9999964,d
test_2881.jpg,5.143675e-05,2.1442027e-05,0.9998423,8.480486e-05,c
test_2882.jpg,0.9999727,6.9621146e-06,1.1478586e-05,8.939533e-06,a
test_2883.jpg,0.99998903,1.994712e-06,4.7850654e-06,4.222805e-06,a
test_2884.jpg,5.4218344e-06,0.9999237,4.7847525e-06,6.605146e-05,b
test_2885.jpg,0.0019741897,0.00020807804,0.79644495,0.20137282,c
test_2886.jpg,2.5359995e-07,0.99999213,4.222818e-06,3.288734e-06,b
test_2887.jpg,0.34537888,0.14397533,0.008122533,0.5025233,d
test_2888.jpg,8.233228e-08,0.9999974,7.338196e-07,1.7603417e-06,b
test_2889.jpg,0.038522314,0.8767638,0.08155174,0.0031621042,b
test_2890.jpg,0.047217183,0.9483825,0.0038758225,0.00052453554,b
test_2891.jpg,2.4294905e-05,0.99975616,0.00017951641,4.0055525e-05,b
test_2892.jpg,3.1200914e-05,1.30064755e-05,1.8924311e-05,0.9999368,d
test_2893.jpg,4.4508093e-07,0.99999034,2.2603076e-06,6.9622374e-06,b
test_2894.jpg,1.6678321e-05,0.9986002,5.821306e-05,0.0013249231,b
test_2895.jpg,4.4508369e-07,0.99999654,1.7603402e-06,1.209863e-06,b
test_2896.jpg,5.8289603e-05,2.4298723e-05,0.9999132,4.2224847e-06,c
test_2897.jpg,0.99998116,6.144097e-06,3.726583e-06,8.939608e-06,a
test_2898.jpg,0.9999969,5.71499e-07,1.3709549e-06,1.0677007e-06,a
test_2899.jpg,0.0002020195,0.9928791,0.0066899667,0.00022891807,b
test_2900.jpg,1.5381671e-07,0.9999958,1.7603389e-06,2.2603201e-06,b
test_2901.jpg,1.6536771e-06,0.9999908,4.2228125e-06,3.2887297e-06,b
test_2902.jpg,6.0835595e-07,2.5612742e-06,2.5612742e-06,0.9999943,d
test_2903.jpg,0.0024620327,0.99325484,0.0027898485,0.0014932982,b
test_2904.jpg,0.045988493,0.23354885,0.7193811,0.0010815457,c
test_2905.jpg,1.1979276e-07,0.9999974,1.0677012e-06,1.3709555e-06,b
test_2906.jpg,9.609312e-05,5.143494e-05,0.9998072,4.5391174e-05,c
test_2907.jpg,0.4513874,0.511489,0.0044252463,0.032698393,b
test_2908.jpg,1.7603356e-06,1.9947217e-06,2.2603158e-06,0.9999939,d
test_2909.jpg,1.5534725e-06,3.288701e-06,1.3007065e-05,0.9999821,d
test_2910.jpg,6.9621124e-06,1.7602977e-06,1.8924982e-05,0.99997234,d
test_2911.jpg,0.988653,0.002776923,0.0075484584,0.0010215727,a
test_2912.jpg,2.9022624e-06,0.99998,6.962165e-06,1.012989e-05,b
test_2913.jpg,0.0005106284,0.81475455,0.18179633,0.0029384638,b
test_2914.jpg,1.5534914e-06,8.8515264e-07,3.288741e-06,0.9999943,d
test_2915.jpg,1.2098521e-06,6.9622183e-06,0.9999876,4.222799e-06,c
test_2916.jpg,2.7530592e-05,0.00013981189,4.5390272e-05,0.9997873,d
test_2917.jpg,0.00023044544,0.00023044544,0.99950373,3.5339956e-05,c
test_2918.jpg,4.450832e-07,0.99999547,1.7603384e-06,2.2603192e-06,b
test_2919.jpg,0.00017912922,0.0019258206,0.9975998,0.00029533418,c
test_2920.jpg,0.999992,1.9947179e-06,4.2228176e-06,1.8738639e-06,a
test_2921.jpg,0.0027302294,0.009529437,0.015711384,0.972029,d
test_2922.jpg,7.3382023e-07,2.873681e-07,0.9999982,7.3382023e-07,c
test_2923.jpg,0.99998975,3.5008309e-06,4.222808e-06,2.5612626e-06,a
test_2924.jpg,7.33818e-07,2.2603188e-06,1.7603379e-06,0.99999523,d
test_2925.jpg,6.9617604e-06,1.3006281e-05,0.9999218,5.8290105e-05,c
test_2926.jpg,0.0008036909,0.0002609202,0.998705,0.0002302613,c
test_2927.jpg,7.88921e-06,3.726599e-06,0.99998546,2.9022783e-06,c
test_2928.jpg,0.0023507464,0.9483588,0.0020745264,0.047216002,b
test_2929.jpg,8.937417e-06,0.99973613,0.00020341469,5.143129e-05,b
test_2930.jpg,0.997537,0.00037919273,0.0019256995,0.00015807104,a
test_2931.jpg,8.939026e-06,0.9999161,5.828977e-05,1.6700298e-05,b
test_2932.jpg,1.0029513e-06,0.99993646,4.222583e-06,5.829096e-05,b
test_2933.jpg,0.99992216,1.9945785e-06,7.484601e-05,9.4217216e-07,a
test_2934.jpg,3.4662938e-07,0.9999902,3.2887278e-06,6.1441524e-06,b
test_2935.jpg,2.9022024e-06,0.99995923,1.8924735e-05,1.8924735e-05,b
test_2936.jpg,6.1441306e-06,2.902282e-06,0.99998665,4.222795e-06,c
test_2937.jpg,0.18448563,0.34466454,0.028291788,0.44255805,d
test_2938.jpg,3.119922e-05,7.484304e-05,0.99988246,1.1477551e-05,c
test_2939.jpg,0.00012323892,0.00070919096,0.99861526,0.00055231847,c
test_2940.jpg,1.30016715e-05,0.99956745,0.00026114553,0.00015839278,b
test_2941.jpg,8.478332e-05,0.00020338462,0.00012335902,0.99958843,d
test_2942.jpg,0.996885,0.00026044474,5.4592183e-05,0.002800045,a
test_2943.jpg,0.0008000916,0.99423236,0.0021748745,0.0027925943,b
test_2944.jpg,0.9999918,3.7266225e-06,2.5612676e-06,1.9947174e-06,a
test_2945.jpg,0.99965847,6.603394e-05,0.00017949888,9.6078824e-05,a
test_2946.jpg,7.469679e-05,7.017114e-05,0.9979286,0.0019264555,c
test_2947.jpg,8.93951e-06,1.300691e-05,0.9999702,7.889089e-06,c
test_2948.jpg,2.9022667e-06,9.42228e-07,0.9999814,1.4738925e-05,c
test_2949.jpg,1.3709099e-06,0.9999641,6.962055e-06,2.7535463e-05,b
test_2950.jpg,0.00020341056,3.5347457e-05,0.99971586,4.538703e-05,c
test_2951.jpg,0.0016987888,0.000802451,0.9971642,0.00033451134,c
test_2952.jpg,0.00017950934,8.479421e-05,1.8920146e-05,0.9997167,d
test_2953.jpg,0.99998987,2.2603065e-06,5.422193e-06,2.5612628e-06,a
test_2954.jpg,0.0016363582,0.037243336,0.9605183,0.00060198247,c
test_2955.jpg,0.106502056,0.8917308,0.0015191704,0.00024799773,b
test_2956.jpg,5.043458e-07,6.4759286e-07,0.9999963,2.5612792e-06,c
test_2957.jpg,0.9600721,0.0023797809,0.037226036,0.0003220683,a
test_2958.jpg,0.9995789,0.000108862914,0.00020338269,0.000108862914,a
test_2959.jpg,0.767899,0.22000673,0.004566094,0.007528217,a
test_2960.jpg,0.9990711,4.002808e-05,0.0007095147,0.00017939342,a
test_2961.jpg,0.0026288498,0.00031397134,0.26815,0.72890717,d
test_2962.jpg,6.475881e-07,0.9999889,4.2228044e-06,6.144144e-06,b
test_2963.jpg,6.962204e-06,4.2227903e-06,3.2887124e-06,0.9999856,d
test_2964.jpg,3.2886512e-06,0.999967,1.670115e-05,1.3006868e-05,b
test_2965.jpg,0.39905134,0.5806163,0.0120503055,0.008282046,b
test_2966.jpg,0.00062625884,7.4795964e-05,4.5366043e-05,0.9992536,d
test_2967.jpg,6.961203e-06,0.9998417,1.1477083e-05,0.0001398195,b
test_2968.jpg,0.0027879544,0.9925804,0.002171261,0.002460361,b
test_2969.jpg,0.9933147,0.0059064645,0.0002940656,0.0004848322,a
test_2970.jpg,4.222787e-06,4.7850453e-06,6.144119e-06,0.99998486,d
test_2971.jpg,0.9995435,0.0001397778,0.00015838898,0.00015838898,a
test_2972.jpg,5.4216684e-06,5.4216684e-06,9.610138e-05,0.99989307,d
test_2973.jpg,4.002455e-05,0.9989831,6.5989334e-05,0.00091095467,b
test_2974.jpg,8.3152656e-07,4.4508405e-07,1.3709555e-06,0.9999974,d
test_2975.jpg,0.99998283,4.7850353e-06,6.144107e-06,6.144107e-06,a
test_2976.jpg,1.8919536e-05,0.9996846,0.00026117612,3.5346347e-05,b
test_2977.jpg,0.00017949767,0.9996518,0.00012336683,4.5384124e-05,b
test_2978.jpg,0.007486169,0.98049474,0.008482941,0.0035362162,b
test_2979.jpg,1.892433e-05,1.892433e-05,0.9999378,2.429932e-05,c
test_2980.jpg,0.9999956,1.0676994e-06,1.5534935e-06,1.7603386e-06,a
test_2981.jpg,0.00012322985,0.99854183,0.0007091388,0.0006258128,b
test_2982.jpg,0.0019253952,7.013252e-05,0.9973794,0.00062508427,c
test_2983.jpg,1.5534844e-06,2.5612626e-06,6.144149e-06,0.99998975,d
test_2984.jpg,0.007541885,0.07155541,0.04917927,0.87172335,d
test_2985.jpg,0.9999167,4.0061954e-05,3.5354555e-05,7.888667e-06,a
test_2986.jpg,0.9599817,0.028988935,0.010664434,0.00036491686,a
test_2987.jpg,3.5349545e-05,3.1195865e-05,0.00015842567,0.999775,d
test_2988.jpg,3.2887285e-06,1.9947147e-06,0.99999046,4.2228107e-06,c
test_2989.jpg,1.012798e-05,0.99979144,0.00015842827,4.0056937e-05,b
test_2990.jpg,5.0434664e-07,1.0677019e-06,4.450843e-07,0.999998,d
test_2991.jpg,1.300662e-05,1.4738431e-05,2.4299565e-05,0.9999479,d
test_2992.jpg,0.9991025,0.00048765718,0.00033516152,7.478465e-05,a
test_2993.jpg,0.99978226,0.0001795211,3.119609e-05,6.9607886e-06,a
test_2994.jpg,1.7603377e-06,5.368727e-07,0.9999951,2.5612762e-06,c
test_2995.jpg,0.00023046815,2.7525499e-05,0.99960226,0.00013978602,c
test_2996.jpg,0.9999796,6.962163e-06,1.01298865e-05,3.2886928e-06,a
test_2997.jpg,0.00026113592,0.9995307,0.00012335189,8.4778425e-05,b
test_2998.jpg,2.5360126e-07,0.99999726,1.0677011e-06,1.3709554e-06,b
test_2999.jpg,1.0128946e-05,6.961516e-06,0.99988675,9.610077e-05,c
test_3000.jpg,0.0013246658,0.00020314408,6.595122e-05,0.99840623,d
test_3001.jpg,0.99955744,0.00012335519,0.00017948073,0.00013977975,a
test_3002.jpg,0.3732347,0.61535996,0.003659064,0.0077462387,b
test_3003.jpg,0.0014738882,0.00022602807,0.9803444,0.017955635,c
test_3004.jpg,3.535521e-05,1.47382425e-05,1.47382425e-05,0.99993515,d
test_3005.jpg,8.93849e-06,1.1477248e-05,0.9998561,0.00012339205,c
test_3006.jpg,3.466292e-07,0.99998975,1.9947133e-06,7.8892435e-06,b
test_3007.jpg,0.9999833,6.14411e-06,8.939627e-06,1.5534744e-06,a
test_3008.jpg,4.4508423e-07,1.0677016e-06,7.338199e-07,0.99999774,d
test_3009.jpg,1.0129629e-05,1.6700937e-05,1.892464e-05,0.9999542,d
test_3010.jpg,1.8924495e-05,2.1444263e-05,1.3006603e-05,0.9999466,d
test_3011.jpg,5.7149555e-07,0.9999908,3.2887297e-06,5.4221987e-06,b
test_3012.jpg,0.022843078,0.97131234,0.0039695315,0.001875074,b
test_3013.jpg,1.0677016e-06,6.4759377e-07,5.7149947e-07,0.99999774,d
test_3014.jpg,0.0012689187,0.00032083289,0.042020816,0.95638937,d
test_3015.jpg,0.0007252365,0.002868366,0.20108798,0.79531837,d
test_3016.jpg,8.3152696e-07,8.3152696e-07,4.4508425e-07,0.99999785,d
test_3017.jpg,0.08931946,0.032858793,0.12995903,0.74786264,d
test_3018.jpg,1.3709536e-06,4.7378884e-07,2.2603203e-06,0.99999595,d
test_3019.jpg,2.753175e-05,5.8284713e-05,0.9998293,8.480375e-05,c
test_3020.jpg,7.889187e-06,6.1441056e-06,3.2887026e-06,0.9999826,d
test_3021.jpg,5.658618e-08,0.9999989,3.466324e-07,7.3382074e-07,b
test_3022.jpg,0.00082450494,0.3769181,0.00082450494,0.6214329,d
test_3023.jpg,0.99995697,1.1478406e-05,2.1444486e-05,1.0129657e-05,a
test_3024.jpg,4.536738e-05,0.0006262773,4.536738e-05,0.999283,d
test_3025.jpg,0.17775649,0.70304054,0.024056723,0.09514619,b
test_3026.jpg,5.4220995e-06,8.939532e-06,1.3006941e-05,0.9999726,d
test_3027.jpg,4.7849226e-06,4.7849226e-06,3.1201613e-05,0.99995923,d
test_3028.jpg,3.4663086e-07,0.9999945,2.260317e-06,2.9023047e-06,b
test_3029.jpg,1.6373735e-07,0.99999785,5.043466e-07,1.3709562e-06,b
test_3030.jpg,4.0062823e-05,1.0129469e-05,1.1478192e-05,0.99993837,d
test_3031.jpg,0.9998772,1.669965e-05,4.0060375e-05,6.604839e-05,a
test_3032.jpg,8.939586e-06,6.962157e-06,5.422133e-06,0.9999788,d
test_3033.jpg,0.00050001143,0.095285304,0.9040418,0.00017279931,c
test_3034.jpg,1.5381718e-07,2.6995755e-07,0.9999989,6.4759456e-07,c
test_3035.jpg,0.9999001,1.3005998e-05,3.535397e-05,5.143972e-05,a
test_3036.jpg,5.828784e-05,0.99988294,3.1199233e-05,2.7533228e-05,b
test_3037.jpg,3.927847e-07,0.9999958,2.561278e-06,1.2098621e-06,b
test_3038.jpg,6.4759377e-07,7.734404e-08,0.99999774,1.5534968e-06,c
test_3039.jpg,0.00026116383,6.603256e-05,3.5344685e-05,0.9996375,d
test_3040.jpg,2.2603147e-06,6.0835544e-07,0.99999344,3.7266288e-06,c
test_3041.jpg,4.4508295e-07,0.9999949,9.4224066e-07,3.726634e-06,b
test_3042.jpg,1.2878781e-06,7.88921e-06,5.4221696e-06,0.99998546,d
test_3043.jpg,0.00015838924,0.99954516,6.602646e-05,0.000230455,b
test_3044.jpg,0.013579655,0.1288402,0.8401435,0.017436622,c
test_3045.jpg,1.994694e-06,0.9999801,8.939598e-06,8.939598e-06,b
test_3046.jpg,0.9994153,0.00043049068,9.605545e-05,5.8260575e-05,a
test_3047.jpg,2.1024312e-07,4.4508462e-07,0.9999987,6.475944e-07,c
test_3048.jpg,7.8886615e-06,1.370844e-06,0.99991596,7.484554e-05,c
test_3049.jpg,0.9999318,1.6700562e-05,4.006256e-05,1.1478117e-05,a
test_3050.jpg,2.1024316e-07,3.9278592e-07,0.9999989,3.9278592e-07,c
test_3051.jpg,0.9467911,0.019650022,0.0049683037,0.028590614,a
test_3052.jpg,6.083558e-07,4.785089e-06,5.368721e-07,0.99999404,d
test_3053.jpg,0.0006238486,0.003590001,0.00037838332,0.99540776,d
test_3054.jpg,0.9998658,5.1437957e-05,6.604764e-05,1.669946e-05,a
test_3055.jpg,0.9995454,0.00029591017,0.0001233537,3.534143e-05,a
test_3056.jpg,0.002796503,0.995624,0.0010287759,0.00055066403,b
test_3057.jpg,5.8236346e-05,0.00091096974,0.99899966,3.1171672e-05,c
test_3058.jpg,0.99996567,1.6701128e-05,1.1478506e-05,6.1440014e-06,a
test_3059.jpg,1.1478648e-05,2.5612326e-06,0.99997807,7.889152e-06,c
test_3060.jpg,0.00017858918,0.99459225,0.0046058763,0.00062333746,b
test_3061.jpg,1.892483e-05,7.8890425e-06,8.939456e-06,0.99996424,d
test_3062.jpg,0.9998696,6.604789e-05,4.5394012e-05,1.8923038e-05,a
test_3063.jpg,0.7497938,0.0057247463,0.0010589716,0.24342242,a
test_3064.jpg,0.9961593,0.0035927116,0.00020268692,4.5225566e-05,a
test_3065.jpg,2.536012e-07,0.99999714,1.067701e-06,1.5534958e-06,b
test_3066.jpg,0.00033343834,0.00048514994,0.005215853,0.9939657,d
test_3067.jpg,0.94777995,0.0016146569,0.047187183,0.0034182284,a
test_3068.jpg,0.9992843,0.0003798569,7.479826e-05,0.00026107155,a
test_3069.jpg,5.421932e-06,5.1441864e-05,1.3708792e-06,0.9999417,d
test_3070.jpg,2.3823509e-07,0.99999213,2.9022979e-06,4.78508e-06,b
test_3071.jpg,0.00590736,0.00029411016,0.00033327047,0.99346524,d
test_3072.jpg,0.9993111,0.00012332479,0.0003352315,0.00023040103,a
test_3073.jpg,0.999017,0.0007094763,0.00020326837,7.024767e-05,a
test_3074.jpg,0.0024452033,0.98646533,0.0035577496,0.007531755,b
test_3075.jpg,6.594945e-05,0.99837923,0.00132463,0.00023018618,b
test_3076.jpg,0.000108839566,9.605058e-05,0.99936455,0.00043046882,c
test_3077.jpg,0.0024489637,0.0010208798,0.008547722,0.9879824,d
test_3078.jpg,1.760325e-06,0.99998784,7.889229e-06,2.5612576e-06,b
test_3079.jpg,5.0434585e-07,5.0434585e-07,0.9999964,2.5612796e-06,c
test_3080.jpg,2.8736744e-07,0.99999595,1.7603392e-06,1.9947256e-06,b
test_3081.jpg,0.99717903,0.0021813202,0.00037905664,0.00026052154,a
test_3082.jpg,0.14748593,0.0003226242,0.84872293,0.0034685368,c
test_3083.jpg,1.4736161e-05,0.99979395,0.00013981282,5.143426e-05,b
test_3084.jpg,4.181173e-07,0.9999962,1.5534944e-06,1.7603396e-06,b
test_3085.jpg,8.8514935e-07,0.9999906,3.7266182e-06,4.7850726e-06,b
test_3086.jpg,0.0001582091,0.0013246686,0.00010873543,0.9984084,d
test_3087.jpg,4.0060957e-05,1.6699893e-05,0.99989176,5.1439296e-05,c
test_3088.jpg,0.0002957956,5.82456e-05,0.9991584,0.00048768448,c
test_3089.jpg,0.99823546,0.0011688136,0.00026079753,0.00033487068,a
test_3090.jpg,3.1201464e-05,8.939369e-06,5.4220013e-06,0.99995446,d
test_3091.jpg,0.00029589553,8.4775485e-05,0.999496,0.0001233476,c
test_3092.jpg,2.2603e-06,5.4221778e-06,5.4221778e-06,0.999987,d
test_3093.jpg,2.2380242e-07,4.4508423e-07,0.99999774,1.5534968e-06,c
test_3094.jpg,3.1195406e-05,0.00020341961,5.09251e-06,0.9997603,d
test_3095.jpg,0.99524045,9.5654206e-05,0.0014962835,0.0031676323,a
test_3096.jpg,6.0835356e-07,0.99999034,4.2228103e-06,4.7850713e-06,b
test_3097.jpg,0.9999976,1.2098643e-06,5.714994e-07,6.0835794e-07,a
test_3098.jpg,8.315098e-07,0.99997723,8.939573e-06,1.3007001e-05,b
test_3099.jpg,2.9023026e-06,1.9947215e-06,0.9999938,1.3709506e-06,c
test_3100.jpg,1.7603404e-06,9.4224237e-07,0.99999666,5.7149884e-07,c
test_3101.jpg,1.0030113e-06,1.2098627e-06,1.5534946e-06,0.9999963,d
test_3102.jpg,0.0004828205,0.4672618,0.0027784402,0.529477,d
test_3103.jpg,1.147864e-05,6.962147e-06,4.2227557e-06,0.99997735,d
test_3104.jpg,0.9999095,2.7533959e-05,2.7533959e-05,3.5354304e-05,a
test_3105.jpg,0.99820113,0.00013959008,0.00033485919,0.0013243938,a
test_3106.jpg,0.9999864,6.96221e-06,5.4221746e-06,1.2098507e-06,a
test_3107.jpg,0.005617403,0.944702,0.04150731,0.008173274,b
test_3108.jpg,6.14409e-06,2.2602844e-06,0.9999801,1.1478672e-05,c
test_3109.jpg,0.9946485,0.00025986042,0.0046061366,0.00048548324,a
test_3110.jpg,4.2228053e-06,6.1441456e-06,3.9278208e-07,0.99998915,d
test_3111.jpg,0.9999808,3.2886967e-06,8.939604e-06,6.962171e-06,a
test_3112.jpg,0.0016090915,0.0005919516,0.9445132,0.053285792,c
test_3113.jpg,0.99992824,1.6700502e-05,2.7534476e-05,2.7534476e-05,a
test_3114.jpg,0.0039073457,0.01751151,0.95609593,0.022485223,c
test_3115.jpg,3.726622e-06,3.2887324e-06,1.2878861e-06,0.99999166,d
test_3116.jpg,5.0434244e-07,0.9999896,6.9622324e-06,2.9022906e-06,b
test_3117.jpg,0.0075464,0.001908029,0.00216208,0.9883835,d
test_3118.jpg,0.99906474,0.00017939226,0.0005525671,0.00020327808,a
test_3119.jpg,5.3687035e-07,0.9999908,3.2887297e-06,5.4221987e-06,b
test_3120.jpg,0.998706,0.00055236864,0.00062591565,0.00011578277,a
test_3121.jpg,0.9964104,0.00026032072,0.0031713562,0.00015789251,a
test_3122.jpg,0.9999441,2.144421e-05,2.7534912e-05,6.9619155e-06,a
test_3123.jpg,0.0001231081,0.9975553,0.00013949977,0.0021821433,b
test_3124.jpg,1.47382425e-05,3.535521e-05,0.99993515,1.47382425e-05,c
test_3125.jpg,0.8033062,0.0007797639,0.17924185,0.016672088,a
test_3126.jpg,5.7149987e-07,2.1024306e-07,0.99999845,7.338204e-07,c
test_3127.jpg,0.0013209338,0.0021778517,0.00090786366,0.99559337,d
test_3128.jpg,4.181167e-07,0.99999475,2.5612753e-06,2.2603176e-06,b
test_3129.jpg,8.936934e-06,1.3003162e-05,0.99968207,0.00029595062,c
test_3130.jpg,0.9999684,1.4738733e-05,1.1478537e-05,5.422077e-06,a
test_3131.jpg,3.5354144e-05,3.5354144e-05,2.4298522e-05,0.999905,d
test_3132.jpg,0.00020324824,7.4770855e-05,0.9989182,0.0008038624,c
test_3133.jpg,3.6898757e-07,0.99999714,1.5534958e-06,9.422428e-07,b
test_3134.jpg,0.00020338807,5.142456e-05,0.00013978644,0.99960536,d
test_3135.jpg,2.5611594e-06,0.99994946,1.6700857e-05,3.120131e-05,b
test_3136.jpg,0.0018347739,0.0004093934,0.047319442,0.9504364,d
test_3137.jpg,1.7429753e-07,0.999998,9.4224356e-07,9.4224356e-07,b
test_3138.jpg,3.118772e-05,0.00037994422,0.999514,7.4815456e-05,c
test_3139.jpg,0.00026118086,0.99970263,2.1439031e-05,1.47348155e-05,b
test_3140.jpg,3.7264278e-06,0.99993956,1.6700691e-05,4.006287e-05,b
test_3141.jpg,0.938925,0.060023468,0.000755584,0.00029589096,a
test_3142.jpg,0.0018695833,0.029245201,0.96846807,0.0004171604,c
test_3143.jpg,0.9998254,5.8284484e-05,7.410041e-06,0.000108889755,a
test_3144.jpg,0.002182304,6.589987e-05,0.00012311716,0.99762875,d
test_3145.jpg,1.1253481e-07,0.9999968,1.5534953e-06,1.5534953e-06,b
test_3146.jpg,3.288729e-06,4.7850726e-06,1.3709462e-06,0.9999906,d
test_3147.jpg,4.004519e-05,0.00043052642,3.118723e-05,0.99949825,d
test_3148.jpg,4.7378802e-07,0.99999416,2.9023035e-06,2.5612737e-06,b
test_3149.jpg,1.3709359e-06,0.9999831,5.4221564e-06,1.0129921e-05,b
test_3150.jpg,1.3709508e-06,1.3709508e-06,0.9999939,3.28874e-06,c
test_3151.jpg,1.1478331e-05,0.9999504,2.1444344e-05,1.6700873e-05,b
test_3152.jpg,4.005298e-05,0.9996927,0.00015841261,0.000108875305,b
test_3153.jpg,1.994712e-06,1.0676923e-06,0.99998903,7.889238e-06,c
test_3154.jpg,1.1478643e-05,6.1440746e-06,4.7850103e-06,0.9999776,d
test_3155.jpg,0.9218811,0.075672604,0.0012231338,0.0012231338,a
test_3156.jpg,9.931182e-08,0.9999987,6.475944e-07,6.475944e-07,b
test_3157.jpg,3.2887053e-06,1.147871e-05,0.99998343,1.7603171e-06,c
test_3158.jpg,6.5947526e-05,0.99835026,0.0005521719,0.001031593,b
test_3159.jpg,0.99998796,4.78506e-06,5.4221828e-06,1.8738564e-06,a
test_3160.jpg,7.481573e-05,2.7523169e-05,0.9995177,0.00037994562,c
test_3161.jpg,0.52652645,0.0075104963,0.0013051287,0.46465796,a
test_3162.jpg,7.338165e-07,0.9999931,1.3709497e-06,4.7850845e-06,b
test_3163.jpg,0.0046838615,0.6951467,0.25573018,0.044439238,b
test_3164.jpg,0.037316125,9.249742e-05,0.96239555,0.00019581705,c
test_3165.jpg,0.96564627,0.00053408387,0.0330426,0.00077708747,a
test_3166.jpg,0.00015818322,0.0015008006,9.5942974e-05,0.998245,d
test_3167.jpg,2.2602933e-06,8.9396335e-06,0.999984,4.7850413e-06,c
test_3168.jpg,1.6700946e-05,2.1444439e-05,6.96199e-06,0.9999548,d
test_3169.jpg,0.99997485,1.1478612e-05,1.0129838e-05,3.5007788e-06,a
test_3170.jpg,1.2098565e-06,0.9999912,2.902295e-06,4.7850754e-06,b
test_3171.jpg,2.4299456e-05,4.7848466e-06,2.7534892e-05,0.9999434,d
test_3172.jpg,0.99953985,0.00033530826,8.47792e-05,4.0046856e-05,a
test_3173.jpg,0.988857,0.009694413,0.00054692134,0.00090172084,a
test_3174.jpg,0.9998517,4.53932e-05,5.1437233e-05,5.1437233e-05,a
test_3175.jpg,0.79319996,0.20055234,0.004716539,0.0015312361,a
test_3176.jpg,0.9993808,0.0002304171,0.0002304171,0.00015836321,a
test_3177.jpg,0.000323691,0.8515294,0.00017325931,0.14797361,b
test_3178.jpg,0.0013245497,0.00026081927,9.5950054e-05,0.9983187,d
test_3179.jpg,5.421823e-06,6.9617586e-06,6.6051325e-05,0.99992156,d
test_3180.jpg,0.9997621,0.000108882865,2.0141304e-05,0.000108882865,a
test_3181.jpg,0.34739226,0.0012528921,0.0023407105,0.6490142,d
test_3182.jpg,0.9843232,0.0013059807,0.014040615,0.00033020365,a
test_3183.jpg,0.10651954,0.0010442808,0.0005589632,0.8918772,d
test_3184.jpg,0.99999213,2.5612685e-06,3.288734e-06,1.994718e-06,a
test_3185.jpg,2.2602615e-06,0.99996996,1.4738755e-05,1.3006907e-05,b
test_3186.jpg,1.4593578e-06,3.7266007e-06,0.99998593,8.939651e-06,c
test_3187.jpg,0.99991083,5.1440275e-05,2.7533995e-05,1.012919e-05,a
test_3188.jpg,0.99834144,0.00048728575,0.00026082524,0.00091036956,a
test_3189.jpg,8.475782e-05,0.00013974203,0.00048774763,0.9992878,d
test_3190.jpg,2.5612674e-06,2.9022963e-06,2.9022963e-06,0.99999166,d
test_3191.jpg,0.0004873884,0.9985518,0.000625819,0.0003349768,b
test_3192.jpg,0.9999964,8.851545e-07,1.2098628e-06,1.5534947e-06,a
test_3193.jpg,0.31550384,0.66792154,0.005778654,0.010795946,b
test_3194.jpg,0.0003793691,0.00029545298,0.0013241282,0.99800104,d
test_3195.jpg,6.144102e-06,6.962179e-06,0.999982,4.7850317e-06,c
test_3196.jpg,0.010905589,0.0066145738,0.0007899982,0.9816898,d
test_3197.jpg,1.0127297e-05,0.999724,0.00023049623,3.534774e-05,b
test_3198.jpg,0.9882017,0.00061933236,0.01097793,0.00020106779,a
test_3199.jpg,4.785051e-06,5.4221728e-06,0.99998605,3.726601e-06,c
test_3200.jpg,6.962004e-06,2.1444483e-05,0.99995685,1.4738563e-05,c
test_3201.jpg,2.5612508e-06,3.2887112e-06,8.939644e-06,0.9999852,d
test_3202.jpg,2.6995764e-07,1.4449793e-07,0.9999993,3.059021e-07,c
test_3203.jpg,1.7603384e-06,1.2098617e-06,0.99999547,1.5534932e-06,c
test_3204.jpg,1.209864e-06,4.7378953e-07,8.851554e-07,0.9999974,d
test_3205.jpg,0.99999285,2.1233677e-06,3.2887365e-06,1.6536806e-06,a
test_3206.jpg,4.1811515e-07,7.8892535e-06,6.893554e-07,0.99999106,d
test_3207.jpg,0.9999453,8.939287e-06,2.4299501e-05,2.1444235e-05,a
test_3208.jpg,0.00020163637,0.9909961,0.008573797,0.00022848393,b
test_3209.jpg,8.315258e-07,3.4663157e-07,0.99999654,2.2603217e-06,c
test_3210.jpg,5.422187e-06,5.04342e-07,0.9999887,5.422187e-06,c
test_3211.jpg,0.00043051678,3.533897e-05,5.8264108e-05,0.9994759,d
test_3212.jpg,0.6426505,0.010387477,0.34398603,0.0029760625,a
test_3213.jpg,0.9999807,6.96217e-06,6.96217e-06,5.4221437e-06,a
test_3214.jpg,7.484427e-05,1.4737709e-05,1.14777395e-05,0.9998989,d
test_3215.jpg,0.99941504,0.00013975982,1.4730576e-05,0.00043049056,a
test_3216.jpg,1.7603377e-06,1.3709524e-06,0.9999951,1.7603377e-06,c
test_3217.jpg,0.00013974203,0.00048774763,8.475782e-05,0.9992878,d
test_3218.jpg,1.3006801e-05,6.143978e-06,1.8924784e-05,0.99996185,d
test_3219.jpg,0.0013558759,0.09505423,0.79587936,0.107710555,c
test_3220.jpg,0.89261717,0.0004936926,0.10660792,0.00028129757,a
test_3221.jpg,5.71499e-07,0.9999969,1.3709549e-06,1.2098634e-06,b
test_3222.jpg,0.9995751,6.6028435e-05,0.0001794839,0.0001794839,a
test_3223.jpg,1.3006254e-05,5.828999e-05,0.9999198,8.939059e-06,c
test_3224.jpg,0.9994392,9.605775e-05,8.477067e-05,0.0003799158,a
test_3225.jpg,3.466313e-07,0.9999958,1.9947254e-06,1.7603389e-06,b
test_3226.jpg,0.0009106547,0.0002956463,0.9986541,0.00013965344,c
test_3227.jpg,0.06680944,0.00797925,0.92227584,0.002935402,c
test_3228.jpg,1.7429717e-07,0.99999595,1.3709536e-06,2.5612783e-06,b
test_3229.jpg,6.1441274e-06,4.7850513e-06,0.9999862,2.9022804e-06,c
test_3230.jpg,0.032923307,0.96216005,0.0034700911,0.0014465491,b
test_3231.jpg,0.00042607926,0.00969752,0.00070248597,0.9891739,d
test_3232.jpg,0.97925365,0.000328503,0.02032376,9.4117684e-05,a
test_3233.jpg,3.5005385e-06,0.9999062,2.4298552e-05,6.605031e-05,b
test_3234.jpg,0.9999819,1.1478692e-05,2.902268e-06,3.7265856e-06,a
test_3235.jpg,0.99989176,4.5395016e-05,2.7533471e-05,3.5353674e-05,a
test_3236.jpg,7.889187e-06,8.939621e-06,6.0834884e-07,0.9999826,d
test_3237.jpg,0.9999182,1.8923958e-05,2.7534199e-05,3.535461e-05,a
test_3238.jpg,0.9986325,7.474948e-05,0.0010318846,0.00026090126,a
test_3239.jpg,0.00052353996,0.0006722386,0.34822825,0.650576,d
test_3240.jpg,0.00010886918,0.00023047604,2.4291996e-05,0.9996364,d
test_3241.jpg,2.753413e-05,3.5354522e-05,0.9999157,2.14436e-05,c
test_3242.jpg,0.014041172,0.98436224,0.0006990688,0.0008976222,b
test_3243.jpg,0.9999945,1.6536833e-06,1.9947229e-06,1.7603367e-06,a
test_3244.jpg,6.1440837e-06,0.999979,7.889159e-06,6.9621587e-06,b
test_3245.jpg,0.9907086,0.007564153,0.0010236969,0.00070357585,a
test_3246.jpg,0.0013600674,0.29369277,0.7045323,0.0004147971,c
test_3247.jpg,4.2225934e-06,0.99993896,1.6700682e-05,4.006285e-05,b
test_3248.jpg,0.40645626,0.00027116612,0.5913904,0.001882266,c
test_3249.jpg,0.00023048335,6.603458e-05,3.5345765e-05,0.9996681,d
test_3250.jpg,1.2098611e-06,2.260318e-06,1.5534926e-06,0.999995,d
test_3251.jpg,0.01759036,0.008309098,0.013699385,0.9604011,d
test_3252.jpg,0.9999975,6.083579e-07,1.2098641e-06,7.338197e-07,a
test_3253.jpg,3.1201052e-05,6.1438514e-06,0.99994123,2.1444148e-05,c
test_3254.jpg,0.00012333108,0.00017944565,0.00033524862,0.99936205,d
test_3255.jpg,2.7529271e-05,7.4832315e-05,0.00015841999,0.9997392,d
test_3256.jpg,7.888945e-06,4.784888e-06,0.99995196,3.5355803e-05,c
test_3257.jpg,0.93535584,0.059795298,0.004331557,0.0005173307,a
test_3258.jpg,0.99996555,1.1478504e-05,1.1478504e-05,1.1478504e-05,a
test_3259.jpg,0.89420867,0.06477626,0.039288785,0.0017262289,a
test_3260.jpg,4.7378603e-07,0.99999,4.78507e-06,4.78507e-06,b
test_3261.jpg,0.99993896,1.6700682e-05,3.5355344e-05,8.939231e-06,a
test_3262.jpg,0.9668773,0.0018665122,0.015628116,0.015628116,a
test_3263.jpg,0.16237691,0.0026245788,0.01038041,0.8246181,d
test_3264.jpg,2.753523e-05,8.93938e-06,7.888974e-06,0.99995565,d
test_3265.jpg,0.08348554,0.002521045,0.8975541,0.016439278,c
test_3266.jpg,3.7266113e-06,3.288723e-06,0.9999888,4.222804e-06,c
test_3267.jpg,0.022872647,0.0014621994,0.9725697,0.0030954762,c
test_3268.jpg,0.9999871,4.2227966e-06,5.422178e-06,3.2887176e-06,a
test_3269.jpg,6.1440433e-06,2.5612183e-06,1.8924984e-05,0.99997246,d
test_3270.jpg,1.5534393e-06,0.9999608,2.753537e-05,1.01296955e-05,b
test_3271.jpg,0.9999943,6.893576e-07,1.7603362e-06,3.288741e-06,a
test_3272.jpg,8.939011e-06,1.7601957e-06,0.9999144,7.484543e-05,c
test_3273.jpg,0.9998229,0.000108889486,5.143575e-05,1.6698743e-05,a
test_3274.jpg,1.4732588e-05,0.9995515,0.00020337712,0.00023045646,b
test_3275.jpg,0.00020340932,0.9997098,5.142993e-05,3.5347242e-05,b
test_3276.jpg,0.32179603,0.11838215,0.36464268,0.19517918,c
test_3277.jpg,0.33751753,0.38245746,0.075310335,0.20471475,b
test_3278.jpg,1.3709521e-06,4.4508295e-07,0.9999949,3.288743e-06,c
test_3279.jpg,0.9966112,0.00017895171,0.0021800783,0.001029796,a
test_3280.jpg,2.2603183e-06,1.5534927e-06,0.9999951,1.0676988e-06,c
test_3281.jpg,0.99487334,0.0014957315,0.0024660446,0.0011648769,a
test_3282.jpg,0.9996247,0.0001233635,0.00023047335,2.1437361e-05,a
test_3283.jpg,8.3152673e-07,1.3574301e-07,0.9999976,1.3709558e-06,c
test_3284.jpg,5.1409024e-05,1.8912322e-05,0.00062629004,0.99930334,d
test_3285.jpg,3.1199073e-05,6.1434616e-06,0.9998778,8.480787e-05,c
test_3286.jpg,9.3294794e-08,0.99999845,5.7149987e-07,8.315274e-07,b
test_3287.jpg,1.0676978e-06,0.99999416,2.2603163e-06,2.5612737e-06,b
test_3288.jpg,4.5395078e-05,4.0061008e-05,2.1443115e-05,0.99989307,d
test_3289.jpg,0.99985135,3.1198248e-05,6.604669e-05,5.1437215e-05,a
test_3290.jpg,1.4737816e-05,4.222455e-06,0.9999062,7.4844815e-05,c
test_3291.jpg,0.87960035,0.012546825,0.10505328,0.0027995752,a
test_3292.jpg,0.1457199,0.00036120354,0.015358766,0.83856016,d
test_3293.jpg,0.999992,5.422205e-06,7.811427e-07,1.7603322e-06,a
test_3294.jpg,2.1433385e-05,0.00043050104,0.000108847715,0.9994393,d
test_3295.jpg,4.2228185e-06,1.9947183e-06,1.4593671e-06,0.99999225,d
test_3296.jpg,1.3006834e-05,1.8924831e-05,3.7265204e-06,0.99996436,d
test_3297.jpg,0.00043025968,0.00048754812,0.00020324028,0.998879,d
test_3298.jpg,0.00013967144,4.5344677e-05,0.99878293,0.00103204,c
test_3299.jpg,0.9992003,8.47504e-05,0.00033519435,0.00037982498,a
test_3300.jpg,2.9022588e-06,1.1478655e-05,6.962156e-06,0.99997866,d
test_3301.jpg,6.893573e-07,0.9999939,2.5612733e-06,2.9023029e-06,b
test_3302.jpg,6.4759433e-07,2.6995744e-07,5.0434693e-07,0.99999857,d
test_3303.jpg,0.9999796,1.1478666e-05,5.0936274e-06,3.7265772e-06,a
test_3304.jpg,1.0676896e-06,2.260299e-06,0.9999865,1.01299565e-05,c
test_3305.jpg,7.3381085e-07,3.726599e-06,0.99998546,1.0129946e-05,c
test_3306.jpg,0.9999987,3.256309e-07,5.7150004e-07,4.1811836e-07,a
test_3307.jpg,2.4296834e-05,0.00010889086,3.1197753e-05,0.9998355,d
test_3308.jpg,0.0017000418,0.99789965,0.00013954792,0.0002607098,b
test_3309.jpg,2.4299716e-05,1.0129628e-05,0.9999541,1.1478373e-05,c
test_3310.jpg,0.6458226,0.0023291998,0.04678323,0.30506498,a
test_3311.jpg,0.0011673885,0.99701846,0.0016985405,0.00011558713,b
test_3312.jpg,0.000625861,0.0005523204,0.9986187,0.00020318733,c
test_3313.jpg,0.99998975,4.222808e-06,2.2603062e-06,3.726615e-06,a
test_3314.jpg,0.00012334602,5.8264533e-05,0.00033528922,0.9994831,d
test_3315.jpg,4.222763e-06,1.3007027e-05,0.99997914,3.7265754e-06,c
test_3316.jpg,0.00017933227,0.9987306,0.00017933227,0.00091072446,b
test_3317.jpg,0.08442946,0.0069303913,0.9077022,0.0009379265,c
test_3318.jpg,0.9999654,2.75355e-05,3.7265243e-06,3.2886462e-06,a
test_3319.jpg,6.6048975e-05,1.6699798e-05,3.119933e-05,0.99988604,d
test_3320.jpg,0.08373271,0.01133199,0.90021145,0.0047238762,c
test_3321.jpg,0.032008074,0.028247029,0.9354131,0.0043318225,c
test_3322.jpg,8.47653e-05,5.141276e-05,0.999376,0.0004877907,c
test_3323.jpg,0.52904296,0.46687877,0.0035646635,0.0005135384,a
test_3324.jpg,2.4296693e-05,6.143166e-06,0.99982965,0.00013981781,c
test_3325.jpg,8.315209e-07,6.4758916e-07,0.9999906,7.88925e-06,c
test_3326.jpg,1.4449772e-07,0.99999785,1.553497e-06,5.043466e-07,b
test_3327.jpg,0.0399259,0.9087093,0.04524197,0.006122835,b
test_3328.jpg,0.010505262,0.94565344,0.02855626,0.0152850645,b
test_3329.jpg,0.053247117,0.0008606594,0.9438276,0.0020646146,c
test_3330.jpg,5.7150004e-07,1.8553891e-07,0.9999987,5.7150004e-07,c
test_3331.jpg,4.222788e-06,7.889206e-06,2.902277e-06,0.999985,d
test_3332.jpg,0.9993148,0.00020332895,5.140961e-05,0.0004304474,a
test_3333.jpg,7.338203e-07,4.4508448e-07,0.99999833,5.043468e-07,c
test_3334.jpg,4.222807e-06,3.726614e-06,2.561262e-06,0.9999895,d
test_3335.jpg,2.8736517e-07,0.9999881,5.4221837e-06,6.144139e-06,b
test_3336.jpg,0.00037668037,0.008573205,0.99092776,0.0001222902,c
test_3337.jpg,0.039190654,0.89197516,0.0503218,0.018512353,b
test_3338.jpg,5.4221573e-06,2.5612458e-06,0.9999832,8.939626e-06,c
test_3339.jpg,0.9995346,4.53788e-05,0.00037995205,4.0046645e-05,a
test_3340.jpg,0.0012861603,0.02583322,0.96938443,0.0034961463,c
test_3341.jpg,0.99979085,0.00012338399,5.828247e-05,2.7530692e-05,a
test_3342.jpg,0.0009085668,0.99636453,0.0010295411,0.0016974264,b
test_3343.jpg,1.8924362e-05,0.99993956,3.5355366e-05,6.143841e-06,b
test_3344.jpg,0.99999654,1.0677004e-06,1.7603402e-06,6.47593e-07,a
test_3345.jpg,0.003171736,0.00020276228,0.99652976,9.577812e-05,c
test_3346.jpg,7.889055e-06,2.1444677e-05,4.7849544e-06,0.9999659,d
test_3347.jpg,5.0434613e-07,1.2098634e-06,1.3709549e-06,0.9999969,d
test_3348.jpg,1.01299565e-05,1.994707e-06,1.2878795e-06,0.9999865,d
test_3349.jpg,2.4297091e-05,6.143267e-06,0.9998461,0.00012339081,c
test_3350.jpg,0.00080354314,0.9985214,0.0003795669,0.000295607,b
test_3351.jpg,1.1478533e-05,1.5534506e-06,0.99996805,1.8924902e-05,c
test_3352.jpg,0.9999838,2.9022735e-06,5.4221605e-06,7.889196e-06,a
test_3353.jpg,1.2098566e-06,0.9999913,5.422201e-06,1.9947165e-06,b
test_3354.jpg,0.99693394,0.0024711522,0.0002604575,0.00033443407,a
test_3355.jpg,0.00048698124,0.9977176,0.00029536904,0.0015000077,b
test_3356.jpg,1.7603352e-06,2.9023022e-06,1.6536819e-06,0.9999937,d
test_3357.jpg,0.9999856,2.9022788e-06,5.42217e-06,6.1441237e-06,a
test_3358.jpg,0.0007094308,0.0001582954,0.99895287,0.00017937217,c
test_3359.jpg,0.99996984,1.6701197e-05,4.495066e-06,8.939507e-06,a
test_3360.jpg,0.00026030905,0.99636567,0.0031712137,0.0002027289,b
test_3361.jpg,2.9022517e-06,6.1440664e-06,0.9999763,1.4738849e-05,c
test_3362.jpg,4.6911577e-08,0.99999857,8.3152753e-07,6.4759433e-07,b
test_3363.jpg,0.9999939,1.1365581e-06,1.9947217e-06,2.9023029e-06,a
test_3364.jpg,1.7429701e-07,0.999995,1.9947238e-06,2.902306e-06,b
test_3365.jpg,6.962017e-06,0.99995863,1.0129674e-05,2.4299825e-05,b
test_3366.jpg,0.014604594,0.024078904,0.9035542,0.057762284,c
test_3367.jpg,1.7603373e-06,1.3709521e-06,1.9947236e-06,0.9999949,d
test_3368.jpg,2.9022901e-06,3.2887253e-06,4.222807e-06,0.9999895,d
test_3369.jpg,3.288682e-06,3.7265647e-06,1.6701304e-05,0.9999763,d
test_3370.jpg,1.5534864e-06,4.785075e-06,2.5612658e-06,0.99999106,d
test_3371.jpg,0.9994286,9.6056734e-05,0.0001794576,0.0002958756,a
test_3372.jpg,4.1811717e-07,0.9999958,1.7603389e-06,1.9947254e-06,b
test_3373.jpg,5.4221273e-06,0.9999777,1.1478644e-05,5.4221273e-06,b
test_3374.jpg,0.99999225,1.5534882e-06,2.902298e-06,3.2887344e-06,a
test_3375.jpg,1.3709564e-06,5.0434664e-07,1.8553878e-07,0.999998,d
test_3376.jpg,0.0002606052,5.814888e-05,0.99749917,0.0021820206,c
test_3377.jpg,8.9387895e-06,0.9998896,8.480887e-05,1.6699858e-05,b
test_3378.jpg,6.9619073e-06,0.9999429,4.0063005e-05,1.01295145e-05,b
test_3379.jpg,6.4759115e-07,0.9999937,4.2228244e-06,1.3709505e-06,b
test_3380.jpg,1.0129862e-05,4.7850085e-06,0.99997723,7.889144e-06,c
test_3381.jpg,0.9999846,3.7265959e-06,6.962198e-06,4.785044e-06,a
test_3382.jpg,8.3152497e-07,4.450832e-07,0.99999547,3.288745e-06,c
test_3383.jpg,0.9997433,4.005501e-05,5.8279697e-05,0.00015842065,a
test_3384.jpg,0.006327071,0.82868284,0.0018127364,0.16317731,b
test_3385.jpg,7.888847e-06,3.1200998e-05,2.144411e-05,0.99993944,d
test_3386.jpg,1.4737484e-05,5.4216175e-06,0.99988365,9.610047e-05,c
test_3387.jpg,6.603934e-05,0.9997402,8.479619e-05,0.00010888048,b
test_3388.jpg,0.9997259,0.0002034126,3.534781e-05,3.534781e-05,a
test_3389.jpg,4.4508454e-07,4.4508454e-07,0.99999845,5.7149987e-07,c
test_3390.jpg,0.9999603,7.889012e-06,2.7535358e-05,4.2226834e-06,a
test_3391.jpg,0.99895525,3.759854e-05,0.0002032558,0.00080389227,a
test_3392.jpg,0.004472733,0.003947173,0.9658413,0.025738798,c
test_3393.jpg,7.338107e-07,0.9999852,7.889208e-06,6.1441215e-06,b
test_3394.jpg,3.2886242e-06,2.561183e-06,0.99995875,3.5356043e-05,c
test_3395.jpg,3.4663174e-07,0.999997,1.5534956e-06,1.0677009e-06,b
test_3396.jpg,2.561261e-06,5.4221896e-06,2.9022892e-06,0.99998915,d
test_3397.jpg,6.6044784e-05,0.99982256,6.6044784e-05,4.5391873e-05,b
test_3398.jpg,2.7533113e-05,0.99987876,5.82876e-05,3.5353216e-05,b
test_3399.jpg,2.7534528e-05,1.4738169e-05,0.99993014,2.7534528e-05,c
test_3400.jpg,0.0010186981,0.012410283,0.9858709,0.00070014026,c
test_3401.jpg,1.4738163e-05,0.9999298,2.4299125e-05,3.1200696e-05,b
test_3402.jpg,1.7429726e-07,0.9999964,1.9947267e-06,1.3709542e-06,b
test_3403.jpg,0.9818123,0.0004229083,0.015869517,0.0018953435,a
test_3404.jpg,0.97340834,0.025940452,0.0005383769,0.00011284994,a
test_3405.jpg,9.422381e-07,5.4222055e-06,1.553488e-06,0.99999213,d
test_3406.jpg,2.1444112e-05,2.7534787e-05,0.99993956,1.1478206e-05,c
test_3407.jpg,3.2887176e-06,4.7850563e-06,4.7850563e-06,0.9999871,d
test_3408.jpg,3.0590206e-07,1.0571693e-07,0.99999917,3.92786e-07,c
test_3409.jpg,0.0008762035,0.0009928686,0.9608738,0.03725712,c
test_3410.jpg,9.603263e-05,0.00043038838,0.00029580132,0.99917775,d
test_3411.jpg,0.99841225,0.0011690205,0.00029557472,0.00012321386,a
test_3412.jpg,1.3709508e-06,4.1811637e-07,0.9999939,4.2228257e-06,c
test_3413.jpg,3.7264151e-06,0.9999361,1.4738257e-05,4.539703e-05,b
test_3414.jpg,9.5791984e-05,0.0031721948,5.8100773e-05,0.99667394,d
test_3415.jpg,0.0019249693,0.0004295187,0.99715877,0.00048670848,c
test_3416.jpg,0.999835,0.00010889081,1.07816495e-05,4.539244e-05,a
test_3417.jpg,0.99999213,1.3709483e-06,2.2603117e-06,4.222818e-06,a
test_3418.jpg,1.7603364e-06,1.2098603e-06,0.9999944,2.5612744e-06,c
test_3419.jpg,0.0005223916,0.16413055,0.83352375,0.0018233259,c
test_3420.jpg,8.31527e-07,7.3382006e-07,0.999998,5.0434664e-07,c
test_3421.jpg,6.962231e-06,2.90229e-06,8.315199e-07,0.9999894,d
test_3422.jpg,0.99999297,2.5612708e-06,3.2887367e-06,1.1365571e-06,a
test_3423.jpg,0.00013966965,0.0010320267,0.99877006,5.8222966e-05,c
test_3424.jpg,0.9999949,2.2603178e-06,1.3709521e-06,1.4593709e-06,a
test_3425.jpg,1.4593145e-06,0.99995625,3.5355955e-05,6.962e-06,b
test_3426.jpg,1.742974e-07,0.99999726,1.0677011e-06,1.5534961e-06,b
test_3427.jpg,0.0006244184,0.0027984495,0.9963169,0.0002602963,c
test_3428.jpg,1.5534882e-06,4.2228185e-06,1.9947183e-06,0.99999225,d
test_3429.jpg,0.99995625,1.4738554e-05,1.012965e-05,1.8924678e-05,a
test_3430.jpg,0.9999372,3.0893098e-06,3.535528e-05,2.4299305e-05,a
test_3431.jpg,9.4223503e-07,0.9999889,4.7850644e-06,5.422188e-06,b
test_3432.jpg,6.9622e-06,1.9947038e-06,0.999985,6.14412e-06,c
test_3433.jpg,0.99991596,5.144054e-05,2.7534137e-05,5.093303e-06,a
test_3434.jpg,7.3381483e-07,0.9999908,4.7850735e-06,3.726619e-06,b
test_3435.jpg,3.4663188e-07,1.5534964e-06,0.9999975,5.7149936e-07,c
test_3436.jpg,3.288728e-06,4.7850713e-06,0.99999034,1.5534853e-06,c
test_3437.jpg,0.0031366025,0.98549116,0.010947818,0.00042449296,b
test_3438.jpg,0.9983992,0.00091042224,0.00048731393,0.00020314266,a
test_3439.jpg,3.1183063e-05,0.9993647,0.00055273296,5.141218e-05,b
test_3440.jpg,0.9999863,5.422174e-06,6.962209e-06,1.3709404e-06,a
test_3441.jpg,0.0002610345,0.00010881538,0.9991424,0.0004876767,c
test_3442.jpg,0.94266224,0.0023366262,0.05318137,0.0018197662,a
test_3443.jpg,5.0434573e-07,0.9999962,1.5534944e-06,1.7603396e-06,b
test_3444.jpg,1.3709512e-06,0.99999416,1.5534912e-06,2.9023035e-06,b
test_3445.jpg,0.9992192,4.003401e-05,3.1178522e-05,0.0007096199,a
test_3446.jpg,1.2098631e-06,1.0677005e-06,1.0677005e-06,0.99999666,d
test_3447.jpg,2.9022456e-06,0.99997413,1.14786035e-05,1.14786035e-05,b
test_3448.jpg,1.4738344e-05,0.99994206,2.4299423e-05,1.892441e-05,b
test_3449.jpg,0.99996734,6.144012e-06,2.1444708e-05,5.0935646e-06,a
test_3450.jpg,6.96217e-06,1.0129897e-05,2.2602858e-06,0.9999807,d
test_3451.jpg,6.475931e-07,4.4508374e-07,0.99999666,2.260322e-06,c
test_3452.jpg,0.9998791,1.4737417e-05,6.6048524e-05,4.006045e-05,a
test_3453.jpg,0.99834275,0.00010872829,0.00037949902,0.0011689392,a
test_3454.jpg,1.2878722e-06,0.9999808,8.939604e-06,8.939604e-06,b
test_3455.jpg,0.99982965,4.005847e-05,6.9611187e-06,0.00012338879,a
test_3456.jpg,0.00015831759,0.99909294,0.00048765255,0.00026102155,b
test_3457.jpg,3.726601e-06,0.99998605,5.4221728e-06,4.785051e-06,b
test_3458.jpg,0.9999523,2.1444386e-05,1.4738495e-05,1.14783525e-05,a
test_3459.jpg,2.2603042e-06,4.785064e-06,4.222804e-06,0.9999888,d
test_3460.jpg,6.412054e-08,0.9999989,5.043471e-07,5.043471e-07,b
test_3461.jpg,0.0011675938,0.0014992201,0.0001394492,0.9971937,d
test_3462.jpg,6.475927e-07,0.99999607,1.2098624e-06,1.9947258e-06,b
test_3463.jpg,0.08480095,0.002560767,0.9116962,0.0009420535,c
test_3464.jpg,0.0003319852,0.009702031,0.0003319852,0.98963404,d
test_3465.jpg,1.7603253e-06,0.9999881,5.4221837e-06,4.785061e-06,b
test_3466.jpg,0.0031450754,0.9881533,0.007544643,0.0011570085,b
test_3467.jpg,0.9999331,1.892424e-05,4.0062616e-05,7.888797e-06,a
test_3468.jpg,0.7270987,0.2674847,0.0010931486,0.0043234867,a
test_3469.jpg,1.9947247e-06,4.7378862e-07,0.99999547,1.9947247e-06,c
test_3470.jpg,0.9996215,0.00020339136,0.00013978871,3.534412e-05,a
test_3471.jpg,1.9750362e-07,0.99999106,5.4221996e-06,3.2887306e-06,b
test_3472.jpg,1.209864e-06,7.811469e-07,5.3687387e-07,0.9999974,d
test_3473.jpg,2.9022465e-06,0.9999745,1.4738823e-05,7.8891235e-06,b
test_3474.jpg,1.3709557e-06,5.7149936e-07,0.9999975,4.450841e-07,c
test_3475.jpg,0.0012136495,0.91473275,0.07508583,0.008967725,b
test_3476.jpg,0.0007087731,9.5922005e-05,0.9980268,0.0011685692,c
test_3477.jpg,7.483494e-05,8.479909e-05,0.9997743,6.60416e-05,c
test_3478.jpg,1.0129902e-05,6.9621738e-06,1.7603131e-06,0.99998116,d
test_3479.jpg,0.9991441,0.00010881556,0.0007095665,3.760565e-05,a
test_3480.jpg,0.999519,0.00023044896,2.0136407e-05,0.00023044896,a
test_3481.jpg,1.3709531e-06,4.7378867e-07,0.9999956,2.5612774e-06,c
test_3482.jpg,2.4299403e-05,2.4299403e-05,1.0129497e-05,0.99994123,d
test_3483.jpg,3.288718e-06,3.288718e-06,6.144134e-06,0.99998724,d
test_3484.jpg,3.7265838e-06,0.9999814,1.0129905e-05,4.7850285e-06,b
test_3485.jpg,1.147852e-05,6.962074e-06,1.473871e-05,0.99996686,d
test_3486.jpg,1.4738795e-05,7.889108e-06,0.9999726,4.7849862e-06,c
test_3487.jpg,0.006867337,0.7004874,0.29200658,0.0006387618,b
test_3488.jpg,0.99698836,0.0019246403,0.0007080356,0.00037898414,a
test_3489.jpg,0.99997437,5.422109e-06,1.4738821e-05,5.422109e-06,a
test_3490.jpg,1.1365497e-06,0.9999865,6.962211e-06,5.422175e-06,b
test_3491.jpg,0.9999963,8.851544e-07,1.370954e-06,1.370954e-06,a
test_3492.jpg,3.119587e-05,0.00015842568,3.534955e-05,0.9997751,d
test_3493.jpg,4.005835e-05,0.9998267,0.0001088899,2.429662e-05,b
test_3494.jpg,0.99991035,6.961681e-06,5.144025e-05,3.120009e-05,a
test_3495.jpg,0.9998042,1.0128109e-05,0.00017952504,6.143009e-06,a
test_3496.jpg,5.0434693e-07,3.9278578e-07,0.99999857,5.0434693e-07,c
test_3497.jpg,3.535398e-05,4.0061303e-05,2.429841e-05,0.99990034,d
test_3498.jpg,6.6028246e-05,0.00015839354,0.00020338134,0.9995722,d
test_3499.jpg,0.00017940367,0.00013971973,0.9991283,0.0005526022,c
test_3500.jpg,3.4662978e-07,0.9999914,2.9022956e-06,5.422202e-06,b
test_3501.jpg,0.9999939,1.0676976e-06,2.5612733e-06,2.5612733e-06,a
test_3502.jpg,7.4844225e-05,1.6700002e-05,1.0129063e-05,0.9998983,d
test_3503.jpg,3.5355835e-05,0.9999529,6.961977e-06,4.7848926e-06,b
test_3504.jpg,1.4735736e-05,0.9997651,1.6697777e-05,0.00020342057,b
test_3505.jpg,0.005736095,0.0004708474,0.96466285,0.029130295,c
test_3506.jpg,4.4508462e-07,2.2380263e-07,0.9999987,5.7150004e-07,c
test_3507.jpg,6.1441515e-06,2.902292e-06,0.9999901,7.8114124e-07,c
test_3508.jpg,0.9997737,5.1433217e-05,6.604155e-05,0.00010888412,a
test_3509.jpg,0.99977285,0.00012338177,8.4798965e-05,1.8921208e-05,a
test_3510.jpg,0.83980274,0.028736468,0.12878792,0.0026729081,a
test_3511.jpg,0.0002954978,0.0015006615,5.1349816e-05,0.99815243,d
test_3512.jpg,0.051560964,0.08500966,0.43171465,0.43171465,c
test_3513.jpg,6.576621e-05,0.9956053,0.0002601104,0.0040688114,b
test_3514.jpg,0.00055264117,0.99919873,4.536355e-05,0.00020330533,b
test_3515.jpg,1.0676948e-06,1.3709473e-06,0.9999914,6.1441597e-06,c
test_3516.jpg,2.6995653e-07,0.9999951,1.7603377e-06,2.9023065e-06,b
test_3517.jpg,1.3006719e-05,1.6700958e-05,0.99995553,1.4738543e-05,c
test_3518.jpg,6.144102e-06,2.9022683e-06,0.999982,8.939615e-06,c
test_3519.jpg,0.9999738,1.7603002e-06,1.3006957e-05,1.1478599e-05,a
test_3520.jpg,0.99998915,3.7266127e-06,4.2228053e-06,2.9022892e-06,a
test_3521.jpg,0.020273488,0.0018857282,0.9768314,0.0010093575,c
test_3522.jpg,0.9995285,8.477824e-05,0.00033530444,5.1420608e-05,a
test_3523.jpg,2.5612453e-06,0.9999831,2.9022715e-06,1.1478705e-05,b
test_3524.jpg,0.9997335,0.00010887975,0.00013980437,1.7774131e-05,a
test_3525.jpg,1.8924573e-05,1.8924573e-05,0.99995065,1.1478333e-05,c
test_3526.jpg,3.288727e-06,5.422194e-06,1.3709454e-06,0.99999,d
test_3527.jpg,0.000907572,0.00022947013,0.0035895167,0.99527353,d
test_3528.jpg,0.00042933016,0.9967211,0.0024706246,0.00037888257,b
test_3529.jpg,4.539649e-05,1.147803e-05,1.892407e-05,0.9999242,d
test_3530.jpg,0.9999727,5.4221005e-06,1.3006943e-05,8.939533e-06,a
test_3531.jpg,1.3709554e-06,7.3381955e-07,0.99999726,6.0835777e-07,c
test_3532.jpg,3.9278555e-07,0.999998,1.2098646e-06,5.0434664e-07,b
test_3533.jpg,0.9994431,0.00023043147,0.00023043147,9.605813e-05,a
test_3534.jpg,0.00012337719,6.603905e-05,0.9997358,7.483206e-05,c
test_3535.jpg,0.001168895,9.594875e-05,0.9983051,0.00043001247,c
test_3536.jpg,0.9977986,0.0009098746,0.001168302,0.00012313813,a
test_3537.jpg,0.9696156,0.008388818,0.02012373,0.0018717984,a
test_3538.jpg,0.00032870486,0.007481288,0.9798554,0.01233456,c
test_3539.jpg,1.1979286e-07,0.9999982,8.3152725e-07,8.3152725e-07,b
test_3540.jpg,3.4663202e-07,0.99999785,8.3152696e-07,9.4224345e-07,b
test_3541.jpg,7.479302e-05,0.9992142,0.00062623416,8.4751584e-05,b
test_3542.jpg,7.883418e-06,0.9992513,3.1179527e-05,0.0007096427,b
test_3543.jpg,7.889123e-06,4.784995e-06,0.99997437,1.3006964e-05,c
test_3544.jpg,5.1441635e-05,6.961868e-06,0.9999373,4.2225865e-06,c
test_3545.jpg,1.3709524e-06,2.2603183e-06,1.2098612e-06,0.9999951,d
test_3546.jpg,8.479618e-05,0.99973994,0.00013980527,3.534831e-05,b
test_3547.jpg,0.9965243,0.0002297585,0.001322169,0.0019237445,a
test_3548.jpg,0.99843603,0.00080347445,5.1364404e-05,0.0007090637,a
test_3549.jpg,0.010938866,0.00035162925,0.004024184,0.9846853,d
test_3550.jpg,0.9995472,9.6068135e-05,2.1435699e-05,0.00033531073,a
test_3551.jpg,0.99073327,0.0009034318,0.001687833,0.0066755083,a
test_3552.jpg,2.2603174e-06,7.8114476e-07,0.99999464,2.2603174e-06,c
test_3553.jpg,0.99349785,0.0027905311,0.0005494881,0.003162086,a
test_3554.jpg,2.9022144e-06,0.9999634,1.4738659e-05,1.8924813e-05,b
test_3555.jpg,2.2603128e-06,2.2603128e-06,2.9022992e-06,0.9999926,d
test_3556.jpg,0.9999629,2.753543e-05,4.7849403e-06,4.7849403e-06,a
test_3557.jpg,3.5354835e-05,8.9391015e-06,3.1200532e-05,0.99992454,d
test_3558.jpg,0.09902107,0.011826379,0.8290933,0.060059316,c
test_3559.jpg,8.233229e-08,0.9999976,5.043465e-07,1.7603421e-06,b
test_3560.jpg,0.059375737,0.92879283,0.0037957642,0.008035633,b
test_3561.jpg,4.222782e-06,7.889195e-06,0.99998367,4.222782e-06,c
test_3562.jpg,6.1441647e-06,8.315223e-07,7.3381585e-07,0.99999225,d
test_3563.jpg,2.536008e-07,0.99999547,1.7603384e-06,2.5612771e-06,b
test_3564.jpg,0.0008900416,0.00010630031,0.022954475,0.97604907,d
test_3565.jpg,0.00090055837,0.010971048,0.00054621627,0.9875822,d
test_3566.jpg,1.4731047e-05,0.9994469,0.00015837367,0.00037991873,b
test_3567.jpg,1.3709542e-06,1.3709542e-06,7.338189e-07,0.9999964,d
test_3568.jpg,0.9999728,1.3006944e-05,2.7264036e-06,1.1478588e-05,a
test_3569.jpg,3.927848e-07,0.99999607,1.7603394e-06,1.7603394e-06,b
test_3570.jpg,1.3709464e-06,4.222812e-06,3.7266186e-06,0.9999907,d
test_3571.jpg,2.9021144e-06,0.99992895,1.6700515e-05,5.1441206e-05,b
test_3572.jpg,0.00026099457,0.99898964,0.0006260934,0.00012328512,b
test_3573.jpg,1.9947238e-06,1.6536841e-06,1.2878904e-06,0.999995,d
test_3574.jpg,0.0049794954,0.0093029225,0.03679377,0.9489238,d
test_3575.jpg,0.00015838185,0.9994985,0.00020336633,0.00013977151,b
test_3576.jpg,0.020222543,0.0045122597,0.00088851654,0.97437674,d
test_3577.jpg,0.00020086713,0.9872155,0.012427209,0.00015643548,b
test_3578.jpg,0.99892044,0.00023031095,0.00080386427,4.5350916e-05,a
test_3579.jpg,0.9993481,7.480304e-05,0.0005527238,2.428499e-05,a
test_3580.jpg,5.140191e-05,0.00029579757,0.99916506,0.00048768774,c
test_3581.jpg,3.1201507e-05,2.9021921e-06,0.9999558,1.0129645e-05,c
test_3582.jpg,4.2226293e-06,4.5397544e-05,2.902168e-06,0.9999474,d
test_3583.jpg,7.3381875e-07,1.5534944e-06,1.5534944e-06,0.9999962,d
test_3584.jpg,0.7761995,0.00070780236,0.2223849,0.00070780236,a
test_3585.jpg,0.00012326265,0.99880767,0.0009107947,0.00015827238,b
test_3586.jpg,0.00029588814,0.00015837749,7.481224e-05,0.999471,d
test_3587.jpg,1.9945937e-06,0.9999298,1.6700527e-05,5.144125e-05,b
test_3588.jpg,0.00010889457,1.6699523e-05,0.9998696,4.7844937e-06,c
test_3589.jpg,0.00053616555,0.029273648,0.0007801163,0.9694101,d
test_3590.jpg,0.9987374,5.1379906e-05,0.00017933348,0.001031993,a
test_3591.jpg,1.8922114e-05,0.99982077,5.143564e-05,0.00010888925,b
test_3592.jpg,9.4224305e-07,6.4759354e-07,0.9999974,1.0677012e-06,c
test_3593.jpg,1.892167e-05,0.9997973,7.483666e-05,0.00010888669,b
test_3594.jpg,1.1365522e-06,0.9999887,4.7850635e-06,5.422187e-06,b
test_3595.jpg,5.714964e-07,0.9999924,4.222819e-06,2.9022985e-06,b
test_3596.jpg,7.8114067e-07,0.9999894,2.90229e-06,6.962231e-06,b
test_3597.jpg,1.2098582e-06,8.315226e-07,0.9999926,5.4222082e-06,c
test_3598.jpg,8.939478e-06,1.3006864e-05,0.9999666,1.1478517e-05,c
test_3599.jpg,0.00062496524,0.00026052425,0.0019250285,0.99718946,d
test_3600.jpg,4.2227757e-06,0.9999821,8.939616e-06,4.785032e-06,b
test_3601.jpg,2.5612576e-06,5.4221823e-06,0.99998784,4.2228e-06,c
test_3602.jpg,0.0002958998,0.000108855456,8.477671e-05,0.9995104,d
test_3603.jpg,0.9999701,1.1478556e-05,1.1478556e-05,6.9620964e-06,a
test_3604.jpg,1.9947236e-06,1.7603373e-06,1.3709521e-06,0.9999949,d
test_3605.jpg,1.7603364e-06,1.5534915e-06,2.2603167e-06,0.9999944,d
test_3606.jpg,0.017965307,0.00037285805,0.00078934047,0.9808725,d
test_3607.jpg,2.2602944e-06,0.9999845,5.422164e-06,7.889203e-06,b
test_3608.jpg,7.338184e-07,6.4759246e-07,0.9999957,2.902308e-06,c
test_3609.jpg,3.7265586e-06,0.9999746,1.1478609e-05,1.0129836e-05,b
test_3610.jpg,0.9999924,2.9022985e-06,4.222819e-06,5.714964e-07,a
test_3611.jpg,1.1365452e-06,0.9999825,1.0129916e-05,6.1441046e-06,b
test_3612.jpg,5.3687313e-07,2.2603203e-06,1.2098623e-06,0.99999595,d
test_3613.jpg,0.0013192107,0.0035859868,0.0008001418,0.9942947,d
test_3614.jpg,0.0027670811,0.985149,0.0075217052,0.0045621456,b
test_3615.jpg,1.300682e-05,1.6701088e-05,6.962049e-06,0.9999633,d
test_3616.jpg,0.02289608,0.19170654,0.11627588,0.6691215,d
test_3617.jpg,6.0835265e-07,0.9999889,4.2228044e-06,6.144144e-06,b
test_3618.jpg,0.99943477,0.00020335337,0.00029587743,6.601917e-05,a
test_3619.jpg,0.9999932,1.9947202e-06,3.2887376e-06,1.4593685e-06,a
test_3620.jpg,1.5534835e-06,8.939679e-06,3.6898462e-07,0.99998915,d
test_3621.jpg,5.7503577e-05,0.56205064,0.00016639214,0.43772548,b
test_3622.jpg,1.7429782e-07,8.7642455e-08,0.99999964,2.1024331e-07,c
test_3623.jpg,0.07577273,0.9231009,0.0006158441,0.00051055267,b
test_3624.jpg,0.653639,0.068893045,0.0049905954,0.2724773,a
test_3625.jpg,7.481573e-05,2.7523169e-05,0.9995177,0.00037994562,c
test_3626.jpg,7.46773e-05,0.9976682,0.0021823905,7.46773e-05,b
test_3627.jpg,0.00023043693,0.00017946446,0.99946684,0.000123344,c
test_3628.jpg,1.8924848e-05,8.939465e-06,0.9999652,6.9620623e-06,c
test_3629.jpg,2.260306e-06,0.9999896,4.785068e-06,3.2887258e-06,b
test_3630.jpg,0.99591124,0.0002948343,0.0006241641,0.0031697673,a
test_3631.jpg,0.00017937906,0.9989912,0.0006260944,0.00020326312,b
test_3632.jpg,0.999982,4.7850317e-06,6.144102e-06,6.962179e-06,a
test_3633.jpg,2.753539e-05,4.7849335e-06,6.143976e-06,0.9999615,d
test_3634.jpg,0.99997354,1.0129825e-05,1.0129825e-05,6.1440496e-06,a
test_3635.jpg,0.0002033041,5.1403327e-05,0.00055263785,0.99919266,d
test_3636.jpg,5.7149674e-07,2.2603135e-06,0.99999297,4.2228216e-06,c
test_3637.jpg,0.55464184,0.003298021,0.26199427,0.18006584,a
test_3638.jpg,4.1811617e-07,0.99999344,1.9947206e-06,4.2228235e-06,b
test_3639.jpg,0.0031694975,0.00080137444,0.00020261918,0.9958264,d
test_3640.jpg,0.00037986026,0.0002958355,0.9992931,3.118083e-05,c
test_3641.jpg,0.99981886,2.1441523e-05,8.4802865e-05,7.483827e-05,a
test_3642.jpg,9.422402e-07,9.422402e-07,0.9999944,3.7266323e-06,c
test_3643.jpg,0.94378763,0.053244855,0.0026509054,0.00031660547,a
test_3644.jpg,0.9999416,4.539728e-05,6.961898e-06,6.1438536e-06,a
test_3645.jpg,0.9999591,1.8924733e-05,1.3006766e-05,8.939411e-06,a
test_3646.jpg,1.4593567e-06,1.3007104e-05,4.1811268e-07,0.9999851,d
test_3647.jpg,0.9375016,0.0015971465,0.0009687182,0.05993247,a
test_3648.jpg,8.939286e-06,1.473839e-05,0.99994516,3.1201176e-05,c
test_3649.jpg,0.0030617714,0.00046953783,0.8489443,0.14752439,c
test_3650.jpg,7.4783995e-05,0.0008040036,2.7511493e-05,0.99909365,d
test_3651.jpg,0.97293085,0.00088719814,0.02592773,0.00025418648,a
test_3652.jpg,0.99994004,2.4299374e-05,1.8924371e-05,1.6700698e-05,a
test_3653.jpg,1.0677004e-06,1.7603402e-06,6.47593e-07,0.99999654,d
test_3654.jpg,2.26031e-06,9.422374e-07,0.9999914,5.422202e-06,c
test_3655.jpg,2.7523412e-05,6.6025226e-05,0.9995265,0.00037994896,c
test_3656.jpg,1.6701197e-05,1.9946735e-06,0.99996984,1.14785535e-05,c
test_3657.jpg,4.450831e-07,0.99999523,2.2603188e-06,1.9947242e-06,b
test_3658.jpg,1.5534946e-06,1.370954e-06,6.8935896e-07,0.9999963,d
test_3659.jpg,0.9998925,7.888476e-06,8.4809115e-05,1.4737614e-05,a
test_3660.jpg,4.5394558e-05,2.7533191e-05,0.9998816,4.5394558e-05,c
test_3661.jpg,0.5291393,0.0035653124,0.0003316257,0.46696377,a
test_3662.jpg,3.4663094e-07,0.99999475,1.9947233e-06,2.9023054e-06,b
test_3663.jpg,0.022917846,0.00017497991,0.9744916,0.0024155234,c
test_3664.jpg,0.9999198,3.5354664e-05,4.784734e-06,4.006208e-05,a
test_3665.jpg,0.986893,0.00054583506,0.00013800872,0.012423149,a
test_3666.jpg,0.9999429,4.0063005e-05,6.9619073e-06,1.01295145e-05,a
test_3667.jpg,8.397303e-06,5.1439718e-05,4.0061288e-05,0.9999,d
test_3668.jpg,0.0001750296,0.97476834,0.022924356,0.0021322973,b
test_3669.jpg,4.5350924e-05,0.99892056,0.00012327658,0.0009108976,b
test_3670.jpg,0.99999535,2.260319e-06,1.553493e-06,7.8114533e-07,a
test_3671.jpg,1.4738587e-05,7.888997e-06,1.892472e-05,0.9999585,d
test_3672.jpg,0.9999273,1.3006352e-05,2.4299065e-05,3.535493e-05,a
test_3673.jpg,3.7265893e-06,1.0129919e-05,3.2887035e-06,0.99998283,d
test_3674.jpg,0.0035917182,0.9958839,0.0002948262,0.00022961086,b
test_3675.jpg,3.7265959e-06,0.9999846,5.422165e-06,6.144118e-06,b
test_3676.jpg,2.2603197e-06,4.7378873e-07,0.9999957,1.5534936e-06,c
test_3677.jpg,0.025865408,0.9705923,0.0011364467,0.002405858,b
test_3678.jpg,5.8284455e-05,0.000108889704,0.99982494,7.887943e-06,c
test_3679.jpg,0.0009036587,0.007566241,0.9909821,0.0005480967,c
test_3680.jpg,0.68933856,0.28735906,0.020816222,0.002486143,a
test_3681.jpg,0.954309,0.019806052,0.022443198,0.0034417757,a
test_3682.jpg,1.4593234e-06,0.99996233,1.4738644e-05,2.14446e-05,b
test_3683.jpg,1.6700771e-05,1.4738378e-05,0.9999443,2.4299477e-05,c
test_3684.jpg,2.2603117e-06,2.2603117e-06,0.99999213,3.288734e-06,c
test_3685.jpg,1.7602897e-06,0.9999678,1.1478531e-05,1.8924897e-05,b
test_3686.jpg,8.93732e-06,0.99972516,0.0002304965,3.5347784e-05,b
test_3687.jpg,1.8924999e-05,2.56122e-06,5.4221027e-06,0.9999732,d
test_3688.jpg,0.99999726,1.0677011e-06,6.0835777e-07,1.0677011e-06,a
test_3689.jpg,0.00042874576,0.0040678266,0.00013919338,0.9953643,d
test_3690.jpg,0.9999945,1.2098606e-06,2.5612746e-06,1.7603367e-06,a
test_3691.jpg,5.0434414e-07,0.99999297,3.726627e-06,2.9023001e-06,b
test_3692.jpg,0.9982179,0.0015007599,0.00015817893,0.00012318988,a
test_3693.jpg,0.004069357,8.990381e-05,0.00010187436,0.99573886,d
test_3694.jpg,2.7533657e-05,7.888524e-06,0.99989855,6.6049804e-05,c
test_3695.jpg,8.480328e-05,4.0058232e-05,5.1435793e-05,0.99982375,d
test_3696.jpg,0.9975727,0.0010307896,0.00090966857,0.00048691055,a
test_3697.jpg,0.4697336,0.07203598,0.41453844,0.04369203,a
test_3698.jpg,0.9991798,8.4748666e-05,2.5846884e-05,0.0007095919,a
test_3699.jpg,0.00069678435,0.00018753695,0.017970305,0.98114544,d
test_3700.jpg,0.00029575254,0.00026100068,0.99901295,0.0004303174,c
test_3701.jpg,0.0014959858,0.99504244,0.0002945771,0.0031670022,b
test_3702.jpg,1.3006865e-05,1.3709135e-06,0.99996674,1.8924877e-05,c
test_3703.jpg,1.3708794e-06,0.9999418,1.670073e-05,4.006296e-05,b
test_3704.jpg,7.483902e-05,7.483902e-05,2.1441738e-05,0.9998288,d
test_3705.jpg,5.4221696e-06,3.726599e-06,0.99998546,5.4221696e-06,c
test_3706.jpg,0.16387111,0.0034010366,0.83220625,0.00052156585,c
test_3707.jpg,0.00023042329,0.0002958694,0.99940765,6.6017376e-05,c
test_3708.jpg,0.08449018,0.0017535378,0.90835506,0.0054012765,c
test_3709.jpg,0.3017236,0.6387488,0.0524317,0.007095859,b
test_3710.jpg,0.00091074535,0.0002609329,7.4758536e-05,0.99875355,d
test_3711.jpg,0.015844217,0.00078883715,0.980247,0.0031199115,c
test_3712.jpg,1.4449758e-07,0.9999969,1.2098634e-06,1.7603409e-06,b
test_3713.jpg,0.999928,1.3006361e-05,1.8924144e-05,4.006241e-05,a
test_3714.jpg,1.3006422e-05,2.902125e-06,0.99993265,5.14414e-05,c
test_3715.jpg,6.083491e-07,0.9999831,6.1441083e-06,1.0129921e-05,b
test_3716.jpg,1.3709495e-06,0.99999297,4.2228216e-06,1.3709495e-06,b
test_3717.jpg,6.144049e-06,0.9999734,1.1478594e-05,8.939539e-06,b
test_3718.jpg,0.99892104,0.0002957253,0.0004875686,0.0002957253,a
test_3719.jpg,7.338108e-07,1.3007107e-05,9.422317e-07,0.99998534,d
test_3720.jpg,1.7603331e-06,2.9022988e-06,2.9022988e-06,0.9999925,d
test_3721.jpg,4.7849558e-06,0.99996614,2.4300009e-05,4.7849558e-06,b
test_3722.jpg,0.99998915,5.4221896e-06,2.9022892e-06,2.561261e-06,a
test_3723.jpg,1.1472144e-05,0.00055275887,2.4286528e-05,0.99941146,d
test_3724.jpg,0.0016966317,0.001497272,0.00090814143,0.99589795,d
test_3725.jpg,4.5395478e-05,3.1199826e-05,0.9999019,2.1443304e-05,c
test_3726.jpg,0.9985084,0.00023021596,0.0005522594,0.0007091151,a
test_3727.jpg,2.14445e-05,1.3006747e-05,7.888991e-06,0.9999577,d
test_3728.jpg,0.9998393,2.7532027e-05,7.483981e-05,5.8285295e-05,a
test_3729.jpg,0.99999404,1.994722e-06,2.260316e-06,1.7603359e-06,a
test_3730.jpg,6.475925e-07,0.9999958,1.5534938e-06,1.9947254e-06,b
test_3731.jpg,0.0010320097,0.00013966733,7.4758536e-05,0.99875355,d
test_3732.jpg,6.9618864e-06,0.9999399,1.3006516e-05,4.0062885e-05,b
test_3733.jpg,0.99999106,1.994716e-06,5.4221996e-06,1.5534864e-06,a
test_3734.jpg,0.9994887,2.9297411e-05,5.141856e-05,0.0004305223,a
test_3735.jpg,1.4593242e-06,3.1201726e-05,4.4950343e-06,0.9999628,d
test_3736.jpg,0.99994063,2.1444135e-05,1.8924382e-05,1.8924382e-05,a
test_3737.jpg,1.9947195e-06,0.99999285,2.2603133e-06,2.9023e-06,b
test_3738.jpg,0.9999926,3.2887356e-06,2.5612699e-06,1.5534888e-06,a
test_3739.jpg,0.025890764,0.0018755207,0.0006899655,0.9715437,d
test_3740.jpg,0.99798644,0.001031217,0.00080311263,0.00017919864,a
test_3741.jpg,0.0007086435,0.00012314378,0.99784434,0.0013239203,c
test_3742.jpg,1.3006437e-05,1.7602299e-06,0.99993384,5.1441457e-05,c
test_3743.jpg,0.9999391,3.1200987e-05,1.6700684e-05,1.30065055e-05,a
test_3744.jpg,5.714949e-07,0.99998975,7.8892435e-06,1.7603282e-06,b
test_3745.jpg,0.018436663,0.3267977,0.044227257,0.6105384,d
test_3746.jpg,2.8736744e-07,0.99999595,1.9947256e-06,1.7603392e-06,b
test_3747.jpg,0.9992193,0.00013973247,0.00026105458,0.0003798322,a
test_3748.jpg,0.00037661594,0.008571739,0.00029330878,0.9907583,d
test_3749.jpg,0.99549496,0.0009077739,0.0008011077,0.0027961407,a
test_3750.jpg,6.47592e-07,3.7266345e-06,0.999995,7.3381784e-07,c
test_3751.jpg,4.7850563e-06,4.7850563e-06,3.2887176e-06,0.9999871,d
test_3752.jpg,0.9999771,4.495099e-06,1.3007e-05,5.422124e-06,a
test_3753.jpg,0.00012255849,0.9931017,0.0066914666,8.423313e-05,b
test_3754.jpg,0.9998248,6.604493e-05,2.4296573e-05,8.4803374e-05,a
test_3755.jpg,4.7850613e-06,6.14414e-06,8.315189e-07,0.9999882,d
test_3756.jpg,9.422419e-07,1.9947263e-06,8.3152554e-07,0.9999962,d
test_3757.jpg,0.9998491,1.4736975e-05,4.0059247e-05,9.609715e-05,a
test_3758.jpg,0.00070302706,0.000796634,0.9899358,0.008564623,c
test_3759.jpg,0.0003142094,0.11908106,0.0007080819,0.87989664,d
test_3760.jpg,4.4508425e-07,6.475939e-07,1.0677018e-06,0.99999785,d
test_3761.jpg,8.4803076e-05,7.483846e-05,0.99982136,1.8922125e-05,c
test_3762.jpg,0.9985916,0.00023023515,0.000625844,0.0005523054,a
test_3763.jpg,1.6700584e-05,3.1200798e-05,0.9999331,1.892424e-05,c
test_3764.jpg,0.0001232142,0.998415,0.00043005982,0.0010316599,b
test_3765.jpg,0.9999665,1.8924871e-05,3.0894005e-06,1.1478515e-05,a
test_3766.jpg,0.99977154,2.1440508e-05,0.00017951918,2.7530159e-05,a
test_3767.jpg,0.9999865,3.2887156e-06,4.785053e-06,5.422175e-06,a
test_3768.jpg,1.4736185e-05,0.9997956,0.00015842893,3.119651e-05,b
test_3769.jpg,0.99999774,1.2098644e-06,3.0590164e-07,6.4759377e-07,a
test_3770.jpg,0.00033525444,2.428575e-05,0.9993794,0.0002610964,c
test_3771.jpg,0.9992101,0.00033519766,7.479271e-05,0.00037982874,a
test_3772.jpg,2.2602444e-06,0.99996233,2.7535414e-05,7.889027e-06,b
test_3773.jpg,7.888928e-06,2.405987e-06,0.9999497,4.0063278e-05,c
test_3774.jpg,4.784708e-06,0.9999144,1.4737937e-05,6.605085e-05,b
test_3775.jpg,6.1439405e-06,0.9999558,2.144446e-05,1.6700962e-05,b
test_3776.jpg,0.9971896,0.00048672353,0.0006249653,0.001698832,a
test_3777.jpg,3.2886142e-06,0.99995565,1.670096e-05,2.4299754e-05,b
test_3778.jpg,8.315185e-07,2.5612574e-06,0.9999877,8.939666e-06,c
test_3779.jpg,0.9903425,0.001313967,0.0024548138,0.0058887913,a
test_3780.jpg,2.1444868e-05,2.9022476e-06,8.851354e-07,0.99997485,d
test_3781.jpg,4.0050585e-05,3.119143e-05,0.00029593604,0.99963284,d
test_3782.jpg,4.1811717e-07,0.9999958,1.7603389e-06,1.9947254e-06,b
test_3783.jpg,2.3823605e-07,0.9999962,1.5534944e-06,1.9947263e-06,b
test_3784.jpg,2.1443637e-05,2.902081e-06,0.9999174,5.8289846e-05,c
test_3785.jpg,0.9999318,4.006256e-05,1.1478117e-05,1.6700562e-05,a
test_3786.jpg,0.26469925,0.013178599,0.71952707,0.00259502,c
test_3787.jpg,0.004042155,0.9890827,0.001685021,0.0051902295,b
test_3788.jpg,0.99091655,0.008573108,0.00017792918,0.00033241545,a
test_3789.jpg,0.00020341502,2.7529231e-05,0.9997378,3.1194704e-05,c
test_3790.jpg,0.012143027,0.96464014,0.009457,0.013759852,b
test_3791.jpg,0.0007078857,0.00033438153,0.0021804415,0.99677736,d
test_3792.jpg,5.142875e-05,0.99968684,5.8276408e-05,0.00020340465,b
test_3793.jpg,1.7603394e-06,1.5534941e-06,6.08357e-07,0.99999607,d
test_3794.jpg,0.0022220737,0.8964485,0.09448497,0.006844468,b
test_3795.jpg,5.714981e-07,0.99999535,2.9023072e-06,1.2098616e-06,b
test_3796.jpg,0.99997413,5.422108e-06,1.6701268e-05,3.7265568e-06,a
test_3797.jpg,0.99999654,1.209863e-06,2.873676e-07,1.994727e-06,a
test_3798.jpg,6.4759377e-07,5.7149947e-07,0.99999774,1.0677016e-06,c
test_3799.jpg,1.2098467e-06,1.0029981e-06,0.9999831,1.4738949e-05,c
test_3800.jpg,4.7850685e-06,2.9022908e-06,2.5612626e-06,0.99998975,d
test_3801.jpg,0.9572404,0.0005294347,0.04205821,0.00017188229,a
test_3802.jpg,0.00012172455,0.43768764,0.56200206,0.00018853068,c
test_3803.jpg,0.00047786857,0.9790477,0.009598247,0.010876238,b
test_3804.jpg,0.009057472,0.059062134,0.92388725,0.007993191,c
test_3805.jpg,4.7844856e-06,3.1198764e-05,0.9998679,9.609896e-05,c
test_3806.jpg,0.9999808,3.2886967e-06,6.962171e-06,8.939604e-06,a
test_3807.jpg,1.3709542e-06,1.2098628e-06,1.0677002e-06,0.9999964,d
test_3808.jpg,5.4209668e-06,0.99976367,2.7529943e-05,0.00020342028,b
test_3809.jpg,1.9946835e-06,0.99997485,1.0129838e-05,1.300697e-05,b
test_3810.jpg,1.6699336e-05,4.0059622e-05,0.9998584,8.480622e-05,c
test_3811.jpg,2.561261e-06,5.4221896e-06,2.9022892e-06,0.99998915,d
test_3812.jpg,6.1440705e-06,1.1478634e-05,0.9999769,5.4221227e-06,c
test_3813.jpg,0.00012292297,0.9960551,0.00022965034,0.0035923359,b
test_3814.jpg,0.0002033337,0.0003352406,0.00012332812,0.9993381,d
test_3815.jpg,9.422303e-07,0.9999839,8.939633e-06,6.1441137e-06,b
test_3816.jpg,5.422133e-06,8.939586e-06,0.9999788,6.962157e-06,c
test_3817.jpg,1.2098585e-06,3.7266266e-06,2.2603133e-06,0.99999285,d
test_3818.jpg,2.9022763e-06,2.2602949e-06,1.0129938e-05,0.99998474,d
test_3819.jpg,0.00037649876,0.9904501,0.0045866943,0.0045866943,b
test_3820.jpg,2.5612699e-06,1.5534888e-06,3.2887356e-06,0.9999926,d
test_3821.jpg,0.0006258586,0.00037960245,0.9986149,0.00037960245,c
test_3822.jpg,0.0019222419,0.0011658986,0.0011658986,0.99574596,d
test_3823.jpg,0.9903279,0.00048337437,0.008568015,0.0006206649,a
test_3824.jpg,8.480592e-05,5.1437393e-05,8.9384785e-06,0.9998548,d
test_3825.jpg,0.9996295,1.6695512e-05,0.00012336408,0.00023047444,a
test_3826.jpg,4.222812e-06,4.785073e-06,3.256283e-07,0.9999907,d
test_3827.jpg,1.0129515e-05,3.5355486e-05,1.1478246e-05,0.999943,d
test_3828.jpg,2.1443177e-05,0.99989593,5.1439507e-05,3.1199637e-05,b
test_3829.jpg,0.00029586029,0.00026109576,6.6015346e-05,0.99937695,d
test_3830.jpg,2.9021335e-06,1.012944e-05,5.1441544e-05,0.9999355,d
test_3831.jpg,0.9999951,3.726635e-06,5.71498e-07,5.71498e-07,a
test_3832.jpg,1.0129654e-05,2.4299776e-05,0.9999566,8.939388e-06,c
test_3833.jpg,4.4508303e-07,0.9999951,1.0676988e-06,3.2887438e-06,b
test_3834.jpg,8.938965e-06,6.961673e-06,0.9999093,7.484505e-05,c
test_3835.jpg,8.315246e-07,2.902306e-06,1.3709523e-06,0.999995,d
test_3836.jpg,0.0048214984,0.49180618,0.49180618,0.011566172,b
test_3837.jpg,0.001032124,4.534837e-05,0.9988643,5.8228456e-05,c
test_3838.jpg,1.30065055e-05,1.6700684e-05,3.1200987e-05,0.9999391,d
test_3839.jpg,0.9999213,4.539636e-05,2.4298919e-05,8.939073e-06,a
test_3840.jpg,0.00017949726,3.119195e-05,0.9996495,0.00013979262,c
test_3841.jpg,4.7850504e-06,1.3709398e-06,0.99998593,7.8892135e-06,c
test_3842.jpg,0.9999894,3.7266136e-06,5.4221905e-06,1.5534838e-06,a
test_3843.jpg,0.00026114285,0.00012335516,5.826885e-05,0.9995572,d
test_3844.jpg,0.9999883,4.222802e-06,4.222802e-06,3.2887215e-06,a
test_3845.jpg,0.002432223,0.015860086,0.98122877,0.00047893313,c
test_3846.jpg,1.370946e-06,1.9947147e-06,6.1441538e-06,0.99999046,d
test_3847.jpg,0.04627982,0.021861041,0.0023041368,0.92955506,d
test_3848.jpg,0.0016934241,0.00022917999,0.99401516,0.0040623127,c
test_3849.jpg,0.0010269129,0.0046023047,0.9938211,0.0005496669,c
test_3850.jpg,0.9986601,0.0007092228,0.00033501314,0.00029564806,a
test_3851.jpg,0.000108886205,4.0056988e-05,5.828258e-05,0.99979275,d
test_3852.jpg,1.6373764e-07,6.023571e-08,0.9999995,3.0590218e-07,c
test_3853.jpg,1.0677012e-06,9.4224305e-07,6.4759354e-07,0.9999974,d
test_3854.jpg,1.5534886e-06,3.7266252e-06,2.2603124e-06,0.9999925,d
test_3855.jpg,2.1231015e-06,0.99986744,2.1442565e-05,0.00010889434,b
test_3856.jpg,1.9750428e-07,0.9999944,2.5612744e-06,2.9023042e-06,b
test_3857.jpg,8.939044e-06,5.144065e-05,2.1443653e-05,0.9999181,d
test_3858.jpg,1.3709529e-06,1.9947247e-06,0.99999547,1.0676991e-06,c
test_3859.jpg,0.000108891276,2.7532027e-05,2.4296927e-05,0.9998393,d
test_3860.jpg,0.008574075,0.0002589146,0.00013858703,0.99102837,d
test_3861.jpg,0.00013980428,9.608598e-05,0.9997329,3.119455e-05,c
test_3862.jpg,0.9999496,1.6700858e-05,1.4738455e-05,1.8924551e-05,a
test_3863.jpg,0.9996773,1.0126824e-05,0.0002959492,1.6696311e-05,a
test_3864.jpg,0.4061925,0.5910066,0.0011409111,0.001660016,b
test_3865.jpg,0.24421415,0.05449154,0.03745145,0.6638428,d
test_3866.jpg,0.0031713569,0.00012296684,0.00029498214,0.99641067,d
test_3867.jpg,1.9946478e-06,0.99995697,1.6700982e-05,2.4299785e-05,b
test_3868.jpg,1.8924808e-05,7.8890325e-06,1.0129718e-05,0.99996305,d
test_3869.jpg,4.5388126e-05,0.00013980527,0.99973994,7.483237e-05,c
test_3870.jpg,0.0007773678,0.0001734542,0.03305452,0.96599466,d
test_3871.jpg,1.3709457e-06,2.9022922e-06,0.9999902,5.422195e-06,c
test_3872.jpg,7.88691e-06,0.00015841282,0.999694,0.00013979884,c
test_3873.jpg,1.5534908e-06,2.5612733e-06,1.9947217e-06,0.9999939,d
test_3874.jpg,0.0011683874,0.9978715,0.0006253927,0.0003347486,b
test_3875.jpg,3.2887085e-06,8.939637e-06,0.9999844,3.2887085e-06,c
test_3876.jpg,4.539226e-05,2.7531796e-05,0.99983096,9.6095406e-05,c
test_3877.jpg,9.609602e-05,3.119781e-05,3.535175e-05,0.9998373,d
test_3878.jpg,6.144145e-06,2.2603047e-06,0.99998903,2.5612605e-06,c
test_3879.jpg,4.006212e-05,1.47380315e-05,2.4298908e-05,0.99992085,d
test_3880.jpg,2.2380199e-07,0.9999958,2.561278e-06,1.3709534e-06,b
test_3881.jpg,0.9999782,2.5612328e-06,6.1440783e-06,1.3007014e-05,a
test_3882.jpg,2.2602555e-06,2.9022258e-06,2.7535552e-05,0.99996734,d
test_3883.jpg,1.8924542e-05,1.30066355e-05,0.9999491,1.8924542e-05,c
test_3884.jpg,0.00023026034,0.99870086,0.00091069733,0.00015825545,b
test_3885.jpg,4.0062703e-05,1.6700622e-05,0.9999354,7.888815e-06,c
test_3886.jpg,6.475862e-07,0.99998605,5.4221728e-06,7.889214e-06,b
test_3887.jpg,0.9999931,2.2603137e-06,2.561271e-06,2.1233682e-06,a
test_3888.jpg,0.99738854,0.00048682062,0.0014995129,0.00062509,a
test_3889.jpg,4.222794e-06,3.288715e-06,0.9999864,6.1441287e-06,c
test_3890.jpg,0.07849249,0.16616862,0.010622803,0.74471605,d
test_3891.jpg,1.0677009e-06,6.8935947e-07,1.2098635e-06,0.999997,d
test_3892.jpg,2.4298988e-05,0.9999242,1.147803e-05,4.0062256e-05,b
test_3893.jpg,0.00010888955,2.753159e-05,4.005822e-05,0.9998235,d
test_3894.jpg,0.9998696,4.5394012e-05,7.484208e-05,1.0128772e-05,a
test_3895.jpg,4.4508215e-07,4.222822e-06,2.2603137e-06,0.9999931,d
test_3896.jpg,3.2887388e-06,7.8114397e-07,0.99999356,2.260315e-06,c
test_3897.jpg,0.9843232,0.014040615,0.0013059807,0.00033020365,a
test_3898.jpg,8.851323e-07,0.9999713,8.93952e-06,1.8924962e-05,b
test_3899.jpg,2.7533353e-05,1.8923376e-05,0.99988747,6.604907e-05,c
test_3900.jpg,1.760291e-06,0.9999685,1.6701175e-05,1.3006888e-05,b
test_3901.jpg,0.9999784,1.1478653e-05,5.4221314e-06,4.7850144e-06,a
test_3902.jpg,0.9999914,2.9022956e-06,3.7266211e-06,1.9947167e-06,a
test_3903.jpg,6.605022e-05,1.012913e-05,1.8923705e-05,0.9999049,d
test_3904.jpg,3.7265124e-06,3.1201707e-05,0.9999622,2.902211e-06,c
test_3905.jpg,1.8924999e-05,6.962118e-06,9.422202e-07,0.9999732,d
test_3906.jpg,6.604942e-05,3.5353707e-05,5.7713337e-06,0.9998927,d
test_3907.jpg,3.0590132e-07,0.9999968,2.2603222e-06,6.083575e-07,b
test_3908.jpg,3.535052e-05,0.99980253,9.609267e-05,6.604346e-05,b
test_3909.jpg,6.143927e-06,0.9999535,2.1444412e-05,1.8924626e-05,b
test_3910.jpg,0.99875796,0.00048748904,0.0007092923,4.5343542e-05,a
test_3911.jpg,2.2603163e-06,1.5534912e-06,0.99999416,1.9947222e-06,c
test_3912.jpg,6.604764e-05,1.669946e-05,0.9998658,5.1437957e-05,c
test_3913.jpg,8.315217e-07,4.785077e-06,0.99999154,2.902296e-06,c
test_3914.jpg,2.260273e-06,3.7265604e-06,1.8925035e-05,0.9999751,d
test_3915.jpg,0.00030497578,0.9677531,0.029223613,0.0027182195,b
test_3916.jpg,0.017931597,0.0018899764,0.97903204,0.0011463286,c
test_3917.jpg,1.5534882e-06,1.3709486e-06,0.99999225,4.7850804e-06,c
test_3918.jpg,0.9976921,0.00023002774,0.0011681772,0.0009097774,a
test_3919.jpg,0.0019257948,0.0004297029,0.99758637,5.815396e-05,c
test_3920.jpg,0.00255967,0.0013700925,0.9113056,0.08476462,c
test_3921.jpg,7.887924e-06,8.480317e-05,8.480317e-05,0.99982244,d
test_3922.jpg,1.8924808e-05,1.4738654e-05,3.2886383e-06,0.99996305,d
test_3923.jpg,0.00012338767,5.1435632e-05,4.4943954e-06,0.99982065,d
test_3924.jpg,0.99997604,6.962138e-06,1.3006986e-05,3.9669067e-06,a
test_3925.jpg,0.99997294,5.4221014e-06,6.9621165e-06,1.4738799e-05,a
test_3926.jpg,1.994722e-06,1.0030091e-06,0.99999404,2.9023033e-06,c
test_3927.jpg,0.0018954376,0.0003732338,0.015870305,0.981861,d
test_3928.jpg,0.00015820129,0.00015820129,0.998359,0.0013246032,c
test_3929.jpg,0.9998161,2.4296362e-05,7.483807e-05,8.480263e-05,a
test_3930.jpg,0.009682499,0.0024481192,0.9876417,0.00022771054,c
test_3931.jpg,3.2886599e-06,2.9022324e-06,2.4300092e-05,0.9999696,d
test_3932.jpg,3.5317375e-05,0.9988651,0.00029570877,0.00080381974,b
test_3933.jpg,0.9993687,0.00013975335,0.00023041431,0.0002610936,a
test_3934.jpg,0.0016323505,0.037152123,0.003049632,0.9581659,d
test_3935.jpg,4.785049e-06,2.5612521e-06,0.9999857,6.962205e-06,c
test_3936.jpg,0.013642878,0.025488254,0.0044291946,0.9564397,d
test_3937.jpg,0.99951386,6.602439e-05,0.00033529956,8.4777e-05,a
test_3938.jpg,0.00013980347,7.4831405e-05,0.9997271,5.8278754e-05,c
test_3939.jpg,5.715e-07,2.3823662e-07,0.99999857,6.4759433e-07,c
test_3940.jpg,1.1478598e-05,0.99997365,1.01298265e-05,4.7849917e-06,b
test_3941.jpg,0.002175793,0.00070637657,0.9946523,0.0024654965,c
test_3942.jpg,0.99519855,8.441098e-05,0.00010838585,0.0046086838,a
test_3943.jpg,9.4223896e-07,2.2603137e-06,3.7266275e-06,0.9999931,d
test_3944.jpg,0.9221475,0.06680015,0.004838986,0.006213381,a
test_3945.jpg,3.2887242e-06,3.2887242e-06,4.2228053e-06,0.99998915,d
test_3946.jpg,2.5612712e-06,1.7603344e-06,0.9999932,2.5612712e-06,c
test_3947.jpg,0.83486414,0.00052323163,0.00021811538,0.16439448,a
test_3948.jpg,2.4298502e-05,5.4217285e-06,0.99990416,6.6050176e-05,c
test_3949.jpg,5.8289654e-05,0.99991405,2.1443566e-05,6.1436845e-06,b
test_3950.jpg,0.007542313,0.98784816,0.0021609091,0.002448631,b
test_3951.jpg,0.00090812903,0.99588436,0.0021784883,0.001029045,b
test_3952.jpg,0.00017949473,0.99963534,4.5383375e-05,0.00013979065,b
test_3953.jpg,6.893454e-07,0.99997663,3.726566e-06,1.8925064e-05,b
test_3954.jpg,9.422417e-07,0.99999595,1.0676997e-06,1.9947256e-06,b
test_3955.jpg,0.009702743,0.98970664,0.0003320096,0.00025856931,b
test_3956.jpg,6.962197e-06,3.7265954e-06,4.7850435e-06,0.9999845,d
test_3957.jpg,0.9972932,0.00022993577,0.00055158726,0.0019252287,a
test_3958.jpg,0.0001233868,5.1435272e-05,1.147676e-05,0.9998136,d
test_3959.jpg,3.2886744e-06,7.88912e-06,0.999974,1.47388155e-05,c
test_3960.jpg,9.422428e-07,1.067701e-06,8.3152634e-07,0.99999714,d
test_3961.jpg,3.288683e-06,6.962142e-06,0.99997663,1.3006994e-05,c
test_3962.jpg,0.00017949658,0.00012336607,5.1426636e-05,0.9996457,d
test_3963.jpg,0.0004304196,0.99925023,0.00026106267,5.8250956e-05,b
test_3964.jpg,0.00020340877,0.99970704,3.1193747e-05,5.8277587e-05,b
test_3965.jpg,0.99601513,0.0019227616,0.00013928438,0.0019227616,a
test_3966.jpg,8.23322e-08,0.9999964,2.5612796e-06,9.4224214e-07,b
test_3967.jpg,0.038637288,0.6043889,0.105027035,0.25194678,b
test_3968.jpg,1.012867e-05,0.00010889347,2.1442394e-05,0.99985945,d
test_3969.jpg,4.5385346e-05,1.4734463e-05,0.99967873,0.0002611746,c
test_3970.jpg,4.7850485e-06,5.42217e-06,4.2227903e-06,0.9999856,d
test_3971.jpg,0.9999814,5.4221473e-06,6.1440983e-06,6.962175e-06,a
test_3972.jpg,3.2887137e-06,1.7603215e-06,8.939651e-06,0.99998593,d
test_3973.jpg,0.9999809,7.889174e-06,8.939606e-06,2.2602862e-06,a
test_3974.jpg,0.9999796,1.1478666e-05,4.2227653e-06,4.7850203e-06,a
test_3975.jpg,1.0677012e-06,2.3823634e-07,0.9999974,1.3709555e-06,c
test_3976.jpg,0.0019091946,0.0005469934,0.008556416,0.98898727,d
test_3977.jpg,5.043362e-07,0.99997723,1.8925075e-05,3.288685e-06,b
test_3978.jpg,0.9983937,0.00023018951,0.0013246492,5.136223e-05,a
test_3979.jpg,0.014055539,0.0002004915,0.00037456743,0.9853694,d
test_3980.jpg,7.479671e-05,3.5331464e-05,0.9992636,0.00062626513,c
test_3981.jpg,2.2602926e-06,0.99998367,6.144112e-06,7.889195e-06,b
test_3982.jpg,0.99990976,4.0061677e-05,3.535431e-05,1.4737869e-05,a
test_3983.jpg,0.00070059136,0.00037499957,0.012418279,0.98650616,d
test_3984.jpg,2.7534954e-05,7.888895e-06,1.8924477e-05,0.99994564,d
test_3985.jpg,7.4843956e-05,6.1435658e-06,0.99989474,2.4298273e-05,c
test_3986.jpg,0.0015006441,0.00017922638,0.00017922638,0.99814093,d
test_3987.jpg,4.785027e-06,1.2098442e-06,0.99998105,1.3007051e-05,c
test_3988.jpg,0.98383534,0.0010165947,0.01238466,0.0027633912,a
test_3989.jpg,0.99998283,1.0129919e-05,2.2602906e-06,4.7850353e-06,a
test_3990.jpg,0.012361632,0.005153095,0.00047931253,0.9820061,d
test_3991.jpg,6.143742e-06,0.99992347,5.1440926e-05,1.8924058e-05,b
test_3992.jpg,1.0029956e-06,0.99998057,6.9621697e-06,1.1478677e-05,b
test_3993.jpg,0.9877885,0.0006190734,0.01097334,0.0006190734,a
test_3994.jpg,1.0676948e-06,0.9999914,1.3709473e-06,6.1441597e-06,b
test_3995.jpg,0.0001229711,0.0031714668,0.00026032983,0.99644524,d
test_3996.jpg,0.00022976221,5.809299e-05,0.9965404,0.0031717697,c
test_3997.jpg,1.669738e-05,1.1475931e-05,0.9997414,0.00023050023,c
test_3998.jpg,0.003131433,0.00061661564,0.98386693,0.012385057,c
test_3999.jpg,4.784694e-06,0.9999114,7.484521e-05,8.938984e-06,b
test_4000.jpg,5.7149833e-07,7.338184e-07,0.9999957,2.902308e-06,c
test_4001.jpg,0.00062603655,0.00017936248,0.99889886,0.00029571875,c
test_4002.jpg,9.5986485e-05,0.0009106944,0.99869764,0.0002956592,c
test_4003.jpg,0.0009085635,0.0005510716,0.0021795304,0.99636084,d
test_4004.jpg,4.7378762e-07,0.9999933,2.5612717e-06,3.7266284e-06,b
test_4005.jpg,0.0019104909,0.08123614,0.04348257,0.8733708,d
test_4006.jpg,6.1441347e-06,4.785057e-06,1.760324e-06,0.99998736,d
test_4007.jpg,0.9861426,0.0010189788,0.00042477355,0.012413703,a
test_4008.jpg,3.2887176e-06,4.7850563e-06,0.9999871,4.7850563e-06,c
test_4009.jpg,3.119572e-05,0.99977034,0.00017951896,1.8921159e-05,b
test_4010.jpg,0.0124231605,0.00042509718,0.00025783444,0.9868939,d
test_4011.jpg,1.6700813e-05,8.939301e-06,2.7534987e-05,0.99994683,d
test_4012.jpg,0.999992,1.7603322e-06,3.2887335e-06,2.9022974e-06,a
test_4013.jpg,3.2887322e-06,4.785077e-06,4.4508144e-07,0.99999154,d
test_4014.jpg,0.99998915,2.561261e-06,2.9022892e-06,5.4221896e-06,a
test_4015.jpg,0.8778067,0.0031658653,0.104839064,0.014188424,a
test_4016.jpg,0.9998791,3.5353227e-05,4.5394445e-05,4.006045e-05,a
test_4017.jpg,7.889113e-06,4.222738e-06,0.9999732,1.4738803e-05,c
test_4018.jpg,0.00010885839,0.99953735,0.00023045318,0.0001233527,b
test_4019.jpg,0.022941472,0.97549623,0.0011421886,0.00042018772,b
test_4020.jpg,0.9988372,0.00037968694,0.0002957005,0.0004875277,a
test_4021.jpg,0.00026032556,0.0031714148,0.00013934224,0.9964289,d
test_4022.jpg,0.00023039935,3.5332887e-05,0.00043044265,0.9993038,d
test_4023.jpg,2.4295143e-05,0.00015842423,5.143282e-05,0.99976593,d
test_4024.jpg,2.2603076e-06,5.422196e-06,0.99999034,1.9947145e-06,c
test_4025.jpg,0.9982364,0.00012319216,0.00013959501,0.0015007878,a
test_4026.jpg,3.120056e-05,2.429902e-05,1.8924096e-05,0.9999255,d
test_4027.jpg,4.78507e-06,1.0676933e-06,0.99999,4.222809e-06,c
test_4028.jpg,6.1441287e-06,1.9947067e-06,0.9999864,5.4221746e-06,c
test_4029.jpg,6.893584e-07,3.288745e-06,5.3687285e-07,0.99999547,d
test_4030.jpg,3.120056e-05,2.429902e-05,0.9999255,1.8924096e-05,c
test_4031.jpg,1.4738808e-05,6.9621206e-06,4.7849912e-06,0.99997354,d
test_4032.jpg,7.4845324e-05,7.888638e-06,0.999913,4.2224838e-06,c
test_4033.jpg,1.8922628e-05,0.9998479,0.000108892214,2.4297135e-05,b
test_4034.jpg,0.0016945129,0.00048548606,0.0031657668,0.9946543,d
test_4035.jpg,9.608179e-05,7.482858e-05,0.00013979818,0.99968934,d
test_4036.jpg,0.0004299275,0.9981078,0.0009101565,0.0005520378,b
test_4037.jpg,0.008392294,0.020132067,0.001458362,0.9700173,d
test_4038.jpg,0.9998128,2.7531294e-05,8.480235e-05,7.483782e-05,a
test_4039.jpg,3.288729e-06,2.9022933e-06,3.288729e-06,0.9999906,d
test_4040.jpg,2.123353e-06,4.222791e-06,7.889213e-06,0.9999858,d
test_4041.jpg,4.0062547e-05,4.222562e-06,0.99993145,2.4299165e-05,c
test_4042.jpg,0.9999993,1.5381724e-07,3.466325e-07,1.7429775e-07,a
test_4043.jpg,4.4508394e-07,1.4449762e-07,0.99999714,2.260323e-06,c
test_4044.jpg,1.1979299e-07,1.4449793e-07,0.9999993,3.9278606e-07,c
test_4045.jpg,1.2098641e-06,4.450841e-07,7.8114704e-07,0.9999975,d
test_4046.jpg,0.0016987888,0.9971642,0.000802451,0.00033451134,b
test_4047.jpg,7.8113817e-07,0.9999862,6.1441274e-06,6.9622083e-06,b
test_4048.jpg,5.714975e-07,0.9999943,2.2603165e-06,2.902304e-06,b
test_4049.jpg,0.31510702,0.0021231745,0.66708153,0.015688255,c
test_4050.jpg,0.0016932475,0.9939115,0.00033342015,0.0040618894,b
test_4051.jpg,1.6700395e-05,2.1443731e-05,0.9999218,4.006216e-05,c
test_4052.jpg,0.0021820047,0.99749196,0.00020295806,0.00012310028,b
test_4053.jpg,0.99905974,5.139649e-05,0.00017939137,0.0007095066,a
test_4054.jpg,1.8924868e-05,3.288649e-06,0.99996626,1.14785125e-05,c
test_4055.jpg,0.9994374,0.00037991512,0.00015837218,2.428716e-05,a
test_4056.jpg,0.99988544,1.3005808e-05,1.6699787e-05,8.480852e-05,a
test_4057.jpg,1.5534799e-06,7.889221e-06,3.7266043e-06,0.9999869,d
test_4058.jpg,2.2603147e-06,1.9947206e-06,2.2603147e-06,0.99999344,d
test_4059.jpg,0.994936,0.00012278486,0.00033376383,0.0046074684,a
test_4060.jpg,5.8222966e-05,0.00013966965,0.99877006,0.0010320267,c
test_4061.jpg,5.0434676e-07,6.475941e-07,7.3382023e-07,0.9999982,d
test_4062.jpg,5.1437222e-05,8.480564e-05,1.2217411e-05,0.99985147,d
test_4063.jpg,0.00055122824,0.0003343368,0.996644,0.0024704335,c
test_4064.jpg,0.0006261296,0.00020327454,0.99904734,0.00012329224,c
test_4065.jpg,0.00026116028,4.0050225e-05,0.9996239,7.4823685e-05,c
test_4066.jpg,0.99998236,8.939619e-06,6.144104e-06,2.5612435e-06,a
test_4067.jpg,0.99998736,1.9947086e-06,3.726606e-06,6.962217e-06,a
test_4068.jpg,0.9997291,0.0002304974,2.1439599e-05,1.892038e-05,a
test_4069.jpg,7.3381995e-07,1.0677018e-06,2.8736798e-07,0.99999785,d
test_4070.jpg,1.5534873e-06,1.3709476e-06,0.99999166,5.4222032e-06,c
test_4071.jpg,3.2886685e-06,0.9999722,1.1478581e-05,1.3006937e-05,b
test_4072.jpg,0.0001397288,0.99919313,0.00048770144,0.00017941532,b
test_4073.jpg,3.7265074e-06,0.9999609,3.1201667e-05,4.222686e-06,b
test_4074.jpg,0.0021818015,0.997399,0.00033459006,8.459762e-05,b
test_4075.jpg,6.9620733e-06,0.99996674,1.1478518e-05,1.4738708e-05,b
test_4076.jpg,0.01776493,0.0057674283,0.0065353527,0.9699323,d
test_4077.jpg,0.9992238,8.47524e-05,0.00043040822,0.00026105577,a
test_4078.jpg,9.422439e-07,6.4759416e-07,1.8553884e-07,0.99999833,d
test_4079.jpg,0.9998363,2.7531945e-05,9.609592e-05,4.0058738e-05,a
test_4080.jpg,0.00037565126,0.010978139,0.9882206,0.00042566864,c
test_4081.jpg,9.607987e-05,0.00020340108,3.119257e-05,0.9996693,d
test_4082.jpg,0.008540441,0.9871408,0.0021593617,0.0021593617,b
test_4083.jpg,5.42205e-06,6.96205e-06,2.4299941e-05,0.9999634,d
test_4084.jpg,0.99981207,6.604409e-05,0.00010888831,1.3004853e-05,a
test_4085.jpg,1.0677006e-06,1.0677006e-06,1.0677006e-06,0.9999968,d
test_4086.jpg,0.005770241,0.0010027175,0.97040534,0.022821747,c
test_4087.jpg,0.0030031463,0.00020436665,0.9435604,0.05323204,c
test_4088.jpg,6.083528e-07,0.99998915,3.2887242e-06,6.9622292e-06,b
test_4089.jpg,0.0011295823,0.03301123,0.0011295823,0.96472967,d
test_4090.jpg,3.9278453e-07,0.99999535,1.9947245e-06,2.260319e-06,b
test_4091.jpg,0.0013245319,0.9983052,0.00029554302,7.472498e-05,b
test_4092.jpg,0.9999831,1.1478705e-05,3.7265902e-06,1.7603165e-06,a
test_4093.jpg,0.008509887,0.033657257,0.6760241,0.28180876,c
test_4094.jpg,0.0011685638,0.00037937713,0.9980222,0.0004298906,c
test_4095.jpg,0.99999833,2.6995738e-07,3.68988e-07,1.0677022e-06,a
test_4096.jpg,1.9946738e-06,0.99996996,3.7265413e-06,2.4300101e-05,b
test_4097.jpg,0.9997603,0.00017951717,2.014127e-05,4.005569e-05,a
test_4098.jpg,0.9999683,1.4738731e-05,3.9668757e-06,1.3006886e-05,a
test_4099.jpg,0.00043038285,0.99916494,0.00029579754,0.000108817825,b
test_4100.jpg,0.00010888637,4.5390592e-05,5.143428e-05,0.9997943,d
test_4101.jpg,4.539214e-05,5.1436033e-05,0.99982834,7.483899e-05,c
test_4102.jpg,0.029155366,0.96549314,0.0044711204,0.0008804158,b
test_4103.jpg,2.2603108e-06,2.2603108e-06,3.7266225e-06,0.9999918,d
test_4104.jpg,4.737867e-07,0.9999914,3.2887317e-06,4.7850767e-06,b
test_4105.jpg,0.9994535,3.1185835e-05,8.477188e-05,0.00043050712,a
test_4106.jpg,2.7534345e-05,8.939092e-06,4.0062227e-05,0.99992347,d
test_4107.jpg,0.00062593294,0.00037964756,0.9987336,0.00026092769,c
test_4108.jpg,0.20949519,0.006326206,0.73121,0.052968677,c
test_4109.jpg,5.819194e-05,0.99823785,0.00020310983,0.0015007899,b
test_4110.jpg,6.4759007e-07,4.7850795e-06,2.5612683e-06,0.999992,d
test_4111.jpg,0.9997696,7.483459e-05,1.5686182e-05,0.00013980942,a
test_4112.jpg,0.0002610752,0.0002610752,0.99929833,0.00017943421,c
test_4113.jpg,2.9023006e-06,2.9023006e-06,1.2098587e-06,0.9999931,d
test_4114.jpg,0.9997849,2.1440796e-05,8.479998e-05,0.000108885346,a
test_4115.jpg,0.0024715485,0.00013943523,0.00029518438,0.9970938,d
test_4116.jpg,0.99983096,2.7531796e-05,9.6095406e-05,4.539226e-05,a
test_4117.jpg,0.00020309664,0.998173,0.00012318433,0.0015006923,b
test_4118.jpg,0.99998903,6.144145e-06,2.9022888e-06,1.994712e-06,a
test_4119.jpg,0.0003798138,0.0004303854,0.9991709,1.8909814e-05,c
test_4120.jpg,2.1444732e-05,6.9620846e-06,3.288656e-06,0.9999684,d
test_4121.jpg,5.043437e-07,0.99999213,3.7266238e-06,3.7266238e-06,b
test_4122.jpg,0.99994004,7.8888515e-06,1.6700698e-05,3.535538e-05,a
test_4123.jpg,1.4593426e-06,1.0129844e-05,1.3006978e-05,0.99997544,d
test_4124.jpg,3.535551e-05,6.143867e-06,0.99994373,1.4738369e-05,c
test_4125.jpg,1.473765e-05,0.999895,2.4298279e-05,6.604957e-05,b
test_4126.jpg,1.3006554e-05,3.12011e-05,1.3006554e-05,0.9999428,d
test_4127.jpg,0.9997093,0.00013980099,8.479358e-05,6.6037304e-05,a
test_4128.jpg,2.7530661e-05,2.4295721e-05,0.9997898,0.00015842801,c
test_4129.jpg,0.00061340566,0.020313205,0.0003283324,0.9787451,d
test_4130.jpg,1.8922625e-05,0.0001088922,2.4297133e-05,0.99984777,d
test_4131.jpg,2.726368e-06,3.5356075e-05,2.1232975e-06,0.9999597,d
test_4132.jpg,4.450848e-07,7.734415e-08,0.99999905,4.181185e-07,c
test_4133.jpg,0.0011611851,0.0019144706,0.9917203,0.0052040704,c
test_4134.jpg,4.222663e-06,0.9999554,2.1444452e-05,1.8924662e-05,b
test_4135.jpg,0.99997807,6.962152e-06,1.0129871e-05,4.7850126e-06,a
test_4136.jpg,6.1436785e-06,0.9999131,1.4737918e-05,6.6050765e-05,b
test_4137.jpg,0.99997795,6.144077e-06,1.3007011e-05,2.9022567e-06,a
test_4138.jpg,1.4738789e-05,1.5534571e-06,0.9999722,1.1478581e-05,c
test_4139.jpg,6.962158e-06,0.9999789,7.889158e-06,6.144083e-06,b
test_4140.jpg,0.000552522,0.00020326149,0.0002609929,0.9989832,d
test_4141.jpg,1.0128357e-05,0.9998286,2.1441732e-05,0.00013981767,b
test_4142.jpg,0.99997985,1.3007036e-05,2.9022622e-06,4.222766e-06,a
test_4143.jpg,0.9980305,0.00048713398,0.0013241674,0.00015814923,a
test_4144.jpg,2.752884e-05,0.00020341214,0.9997236,4.5387384e-05,c
test_4145.jpg,1.4738655e-05,5.4220486e-06,1.6701086e-05,0.99996316,d
test_4146.jpg,0.9952508,7.4496355e-05,0.004608926,6.5742795e-05,a
test_4147.jpg,0.00068819296,0.96904784,0.0010013148,0.029262709,b
test_4148.jpg,1.3709501e-06,4.2228235e-06,1.067697e-06,0.99999344,d
test_4149.jpg,0.6509213,0.017346464,0.14524017,0.18649207,a
test_4150.jpg,0.00013974047,0.9992766,9.6042124e-05,0.00048774216,b
test_4151.jpg,0.0024096326,0.6681243,0.3155996,0.013866478,b
test_4152.jpg,0.0009045726,0.9919843,0.0066839377,0.00042728984,b
test_4153.jpg,0.99991095,4.0061725e-05,2.7533999e-05,2.1443499e-05,a
test_4154.jpg,0.9939468,0.0021742499,0.003584732,0.00029425274,a
test_4155.jpg,0.65365297,0.2404655,0.08846231,0.01741926,a
test_4156.jpg,1.3709307e-06,0.99997926,7.889161e-06,1.1478662e-05,b
test_4157.jpg,7.886857e-06,0.9996873,8.9369805e-06,0.00029595217,b
test_4158.jpg,1.0676994e-06,1.0676994e-06,0.9999956,2.2603194e-06,c
test_4159.jpg,0.010773633,0.0016521901,0.017762717,0.96981144,d
test_4160.jpg,0.99999726,9.4224293e-07,1.2098639e-06,5.714992e-07,a
test_4161.jpg,4.7850226e-06,8.939598e-06,0.9999801,6.14409e-06,c
test_4162.jpg,0.57197225,0.3061547,0.112628005,0.009245071,a
test_4163.jpg,0.00062600727,0.00026095865,0.99885213,0.00026095865,c
test_4164.jpg,0.013839151,0.0021223025,0.9701994,0.013839151,c
test_4165.jpg,0.0027907116,0.9935621,0.0031622904,0.00048495297,b
test_4166.jpg,0.009706026,0.00020144213,5.093255e-05,0.99004155,d
test_4167.jpg,1.4737939e-05,3.535448e-05,3.535448e-05,0.9999145,d
test_4168.jpg,0.9918556,0.0010248821,0.0019147318,0.0052047805,a
test_4169.jpg,6.6040004e-05,0.9997502,0.00010888157,7.483314e-05,b
test_4170.jpg,2.5360174e-07,2.2380274e-07,0.99999917,3.4663248e-07,c
test_4171.jpg,0.99910575,0.00020328643,0.0004876588,0.00020328643,a
test_4172.jpg,0.6794242,0.28322616,0.023248618,0.0141010005,a
test_4173.jpg,0.00033483515,0.99812955,0.0006255544,0.0009101763,b
test_4174.jpg,0.99999297,2.2603135e-06,2.2603135e-06,2.5612708e-06,a
test_4175.jpg,1.2097629e-06,0.9999138,7.484538e-05,1.012922e-05,b
test_4176.jpg,0.000412403,9.79543e-05,0.04206625,0.95742345,d
test_4177.jpg,0.99979764,6.604314e-05,8.480107e-05,5.143445e-05,a
test_4178.jpg,0.0018977595,0.014022651,0.98306376,0.0010157975,c
test_4179.jpg,7.483881e-05,2.4296602e-05,0.999826,7.483881e-05,c
test_4180.jpg,0.0004877083,7.479249e-05,0.9992072,0.00023037706,c
test_4181.jpg,1.5534891e-06,1.3709493e-06,0.99999285,4.222821e-06,c
test_4182.jpg,4.5372475e-05,0.00017945161,0.99939525,0.00037989908,c
test_4183.jpg,4.784916e-06,3.5356014e-05,1.8738e-06,0.9999579,d
test_4184.jpg,1.5381706e-07,0.9999981,8.3152713e-07,9.422437e-07,b
test_4185.jpg,2.3823605e-07,0.9999962,1.5534944e-06,1.9947263e-06,b
test_4186.jpg,1.3709555e-06,8.3152656e-07,3.9278532e-07,0.9999974,d
test_4187.jpg,8.4651634e-05,0.99803585,0.00017920752,0.0017002738,b
test_4188.jpg,0.20161884,0.00072715105,0.79741794,0.0002360714,c
test_4189.jpg,0.00013911008,0.99476874,0.0046066935,0.0004855419,b
test_4190.jpg,3.2563105e-07,1.2751896e-07,0.99999917,3.2563105e-07,c
test_4191.jpg,1.0128374e-05,1.1363721e-06,0.99983025,0.00015843443,c
test_4192.jpg,0.9999882,4.7850613e-06,4.7850613e-06,2.2603028e-06,a
test_4193.jpg,4.450843e-07,0.999998,9.4224356e-07,6.4759394e-07,b
test_4194.jpg,1.2098633e-06,1.2098633e-06,8.3152605e-07,0.9999968,d
test_4195.jpg,1.9946992e-06,2.2602903e-06,0.9999827,1.3007073e-05,c
test_4196.jpg,0.009602633,0.009602633,0.97949517,0.001299575,c
test_4197.jpg,7.888962e-06,0.999954,1.6700933e-05,2.1444423e-05,b
test_4198.jpg,0.9999974,7.338196e-07,1.209864e-06,7.338196e-07,a
test_4199.jpg,1.5534897e-06,1.9947202e-06,0.9999932,3.2887376e-06,c
test_4200.jpg,0.9998627,4.0059793e-05,3.11986e-05,6.604743e-05,a
test_4201.jpg,0.9967098,0.0011670272,0.00062466465,0.0014984926,a
test_4202.jpg,0.003131433,0.98386693,0.012385057,0.00061661564,b
test_4203.jpg,1.892402e-05,2.4298923e-05,3.5354726e-05,0.99992144,d
test_4204.jpg,0.00015840936,8.4790416e-05,0.99967206,8.4790416e-05,c
test_4205.jpg,0.9998846,7.888414e-06,1.1477576e-05,9.6100564e-05,a
test_4206.jpg,0.000329638,0.015882848,0.0011505496,0.982637,d
test_4207.jpg,7.886444e-06,0.99963486,0.00026116314,9.607656e-05,b
test_4208.jpg,8.315217e-07,5.4222023e-06,2.2603103e-06,0.99999154,d
test_4209.jpg,1.6700684e-05,1.6700684e-05,0.9999391,2.7534774e-05,c
test_4210.jpg,0.9962607,0.00042913188,0.00013931873,0.0031708796,a
test_4211.jpg,1.3006792e-05,6.962034e-06,1.8924771e-05,0.99996114,d
test_4212.jpg,0.00010858759,0.002800511,0.9970509,3.9947136e-05,c
test_4213.jpg,9.4224293e-07,4.45084e-07,0.99999726,1.3709554e-06,c
test_4214.jpg,1.3709512e-06,3.2887408e-06,0.99999416,1.0676978e-06,c
test_4215.jpg,3.726606e-06,6.962217e-06,0.99998736,1.9947086e-06,c
test_4216.jpg,0.00054722454,0.9894052,0.0014875106,0.008560033,b
test_4217.jpg,8.4805695e-05,2.7532382e-05,0.9998522,3.5352277e-05,c
test_4218.jpg,0.99998045,4.785024e-06,1.1478675e-05,3.2886956e-06,a
test_4219.jpg,0.0007429317,0.07578109,0.92320263,0.0002733093,c
test_4220.jpg,2.8736832e-07,3.9278598e-07,3.4663242e-07,0.99999905,d
test_4221.jpg,5.8288228e-05,1.6699858e-05,0.9998896,3.5353598e-05,c
test_4222.jpg,0.0015557412,0.00030634357,0.08494058,0.91319734,d
test_4223.jpg,2.8736696e-07,0.9999943,2.5612742e-06,2.902304e-06,b
test_4224.jpg,1.1365617e-06,9.422427e-07,9.422427e-07,0.999997,d
test_4225.jpg,0.00062606414,9.601005e-05,0.9989429,0.000335108,c
test_4226.jpg,1.3709297e-06,0.99997854,1.4738882e-05,5.422132e-06,b
test_4227.jpg,2.1444082e-05,1.8924335e-05,2.1444082e-05,0.99993813,d
test_4228.jpg,0.0007971128,0.005889911,0.9905308,0.0027821972,c
test_4229.jpg,0.0040688533,0.00015776657,0.9956156,0.00015776657,c
test_4230.jpg,4.7375227e-07,0.9999187,1.4738001e-05,6.6051136e-05,b
test_4231.jpg,5.7149936e-07,6.475936e-07,0.9999975,1.2098641e-06,c
test_4232.jpg,1.6700933e-05,2.1444423e-05,7.888962e-06,0.999954,d
test_4233.jpg,1.7603064e-06,0.99997735,6.1440733e-06,1.4738865e-05,b
test_4234.jpg,8.478818e-05,6.6033106e-05,0.9996457,0.00020339628,c
test_4235.jpg,3.4663222e-07,5.7149987e-07,0.99999845,6.475942e-07,c
test_4236.jpg,4.006212e-05,2.4298908e-05,1.47380315e-05,0.99992085,d
test_4237.jpg,0.0046019685,0.00062280864,0.9937484,0.0010268379,c
test_4238.jpg,6.5949156e-05,5.8199927e-05,0.0015009958,0.9983748,d
test_4239.jpg,3.256277e-07,0.9999888,1.9947115e-06,8.939676e-06,b
test_4240.jpg,3.7265856e-06,1.3007062e-05,1.3709342e-06,0.9999819,d
test_4241.jpg,0.0016803273,0.3202137,0.6778924,0.00021362965,c
test_4242.jpg,0.9995419,0.00023045423,0.00020337515,2.4289697e-05,a
test_4243.jpg,1.4731705e-05,0.9994916,0.00015838076,0.00033529208,b
test_4244.jpg,0.9842445,0.00069898524,0.0010170175,0.014039494,a
test_4245.jpg,0.9995881,3.1190033e-05,8.478329e-05,0.0002959228,a
test_4246.jpg,3.7263421e-06,2.1443619e-05,0.99991655,5.82898e-05,c
test_4247.jpg,1.3709482e-06,4.1811558e-07,0.999992,6.1441633e-06,c
test_4248.jpg,3.2887415e-06,4.4508272e-07,0.9999944,1.7603364e-06,c
test_4249.jpg,1.012983e-05,2.9022451e-06,0.999974,1.3006959e-05,c
test_4250.jpg,0.0001397651,2.7521382e-05,0.99945277,0.00037992097,c
test_4251.jpg,3.535483e-05,4.784756e-06,0.9999244,3.535483e-05,c
test_4252.jpg,0.99996436,4.2227007e-06,1.6701106e-05,1.4738673e-05,a
test_4253.jpg,0.97128457,0.009522139,0.010789998,0.008403258,a
test_4254.jpg,0.9999896,3.2887258e-06,5.422192e-06,1.760328e-06,a
test_4255.jpg,0.0075456686,0.0010211952,0.0031455029,0.9882876,d
test_4256.jpg,0.9963941,0.00033425298,0.0024698141,0.00080183125,a
test_4257.jpg,4.784888e-06,0.99995196,3.5355803e-05,7.888945e-06,b
test_4258.jpg,0.0038099925,0.059598308,0.0043172874,0.9322744,d
test_4259.jpg,5.8289424e-05,1.0129183e-05,0.9999101,2.144348e-05,c
test_4260.jpg,1.5381653e-07,0.99999464,2.9023051e-06,2.2603174e-06,b
test_4261.jpg,0.0016995842,0.00033466794,0.9976311,0.00033466794,c
test_4262.jpg,0.9984561,0.00012321927,9.596327e-05,0.0013247321,a
test_4263.jpg,0.02590151,0.97194695,0.0006902518,0.0014612632,b
test_4264.jpg,2.2602499e-06,0.99996483,1.1478496e-05,2.1444654e-05,b
test_4265.jpg,0.00012281077,0.995146,0.0046084407,0.00012281077,b
test_4266.jpg,0.0015004695,0.00017920553,0.9980248,0.00029546,c
test_4267.jpg,2.1229941e-06,0.99981695,9.609406e-05,8.4802705e-05,b
test_4268.jpg,0.9999976,8.851556e-07,1.0030127e-06,5.043465e-07,a
test_4269.jpg,6.1437927e-06,0.9999317,1.670056e-05,4.539683e-05,b
test_4270.jpg,1.147606e-05,0.00023050282,5.4209067e-06,0.9997526,d
test_4271.jpg,0.9979373,2.7479651e-05,0.0019264722,0.00010868413,a
test_4272.jpg,6.96146e-06,0.99987864,5.4215902e-06,0.00010889556,b
test_4273.jpg,0.9999708,1.30069175e-05,1.1478564e-05,4.784978e-06,a
test_4274.jpg,1.3709433e-06,0.99998844,5.4221855e-06,4.785062e-06,b
test_4275.jpg,8.3152236e-07,1.9947186e-06,0.9999924,4.7850813e-06,c
test_4276.jpg,5.8272642e-05,0.9996222,0.00026115985,5.8272642e-05,b
test_4277.jpg,1.4449792e-07,1.9750522e-07,0.99999917,5.715003e-07,c
test_4278.jpg,5.4221905e-06,2.2603056e-06,2.90229e-06,0.9999894,d
test_4279.jpg,2.2603133e-06,2.9023e-06,1.9947195e-06,0.99999285,d
test_4280.jpg,5.422139e-06,1.7603109e-06,0.99997985,1.3007036e-05,c
test_4281.jpg,0.9998229,9.609463e-05,7.483858e-05,6.143124e-06,a
test_4282.jpg,2.3823424e-07,0.99998856,8.939674e-06,2.2603035e-06,b
test_4283.jpg,0.0014998515,0.0005517645,0.0003346621,0.99761367,d
test_4284.jpg,2.2380173e-07,0.99999464,1.7603369e-06,3.2887422e-06,b
test_4285.jpg,1.8922481e-05,0.99984014,7.4839874e-05,6.604595e-05,b
test_4286.jpg,0.9999839,5.422161e-06,6.962193e-06,3.7265931e-06,a
test_4287.jpg,0.9999968,8.8515486e-07,1.0030119e-06,1.3709547e-06,a
test_4288.jpg,0.99998283,3.7265893e-06,1.0129919e-05,3.2887035e-06,a
test_4289.jpg,0.99157614,0.0013156037,0.006681187,0.00042711402,a
test_4290.jpg,1.147864e-05,2.2602783e-06,0.99997735,8.9395735e-06,c
test_4291.jpg,2.8736764e-07,0.99999666,1.0677005e-06,1.9947272e-06,b
test_4292.jpg,0.9961916,0.0027980974,0.00010192068,0.0009084092,a
test_4293.jpg,1.300682e-05,8.939448e-06,1.4738657e-05,0.9999633,d
test_4294.jpg,6.893398e-07,0.9999685,3.2886564e-06,2.7535585e-05,b
test_4295.jpg,1.8924786e-05,1.0129707e-05,8.939436e-06,0.999962,d
test_4296.jpg,0.9977984,0.0010310228,0.0010310228,0.00013953376,a
test_4297.jpg,0.92854875,0.06726385,0.0029553673,0.0012319803,a
test_4298.jpg,4.4508351e-07,0.9999962,1.7603396e-06,1.5534944e-06,b
test_4299.jpg,1.0677007e-06,2.3823623e-07,0.9999969,1.7603409e-06,c
test_4300.jpg,2.5612662e-06,1.3709471e-06,4.7850754e-06,0.9999912,d
test_4301.jpg,1.9947e-06,1.0129921e-05,4.7850367e-06,0.9999831,d
test_4302.jpg,0.047362104,0.9512933,0.00036161413,0.0009829691,b
test_4303.jpg,0.40756792,0.5233276,0.013946207,0.055158317,b
test_4304.jpg,3.1176525e-05,0.0005526171,0.0002610378,0.99915516,d
test_4305.jpg,0.0001584269,3.119611e-05,2.7530472e-05,0.99978286,d
test_4306.jpg,9.422419e-07,6.475928e-07,0.9999962,2.2603208e-06,c
test_4307.jpg,2.753431e-05,4.006218e-05,1.0129305e-05,0.9999223,d
test_4308.jpg,1.30065055e-05,4.0062852e-05,7.888844e-06,0.9999391,d
test_4309.jpg,6.9620783e-06,1.6701157e-05,8.939485e-06,0.99996746,d
test_4310.jpg,0.3664598,0.60419,0.02342699,0.0059232707,b
test_4311.jpg,2.7534925e-05,8.939281e-06,1.8924457e-05,0.99994457,d
test_4312.jpg,1.0129622e-05,3.5355857e-05,1.0029685e-06,0.9999535,d
test_4313.jpg,0.9604324,0.00571094,0.0009924126,0.03286419,a
test_4314.jpg,0.00043053628,1.30010685e-05,0.99952114,3.534057e-05,c
test_4315.jpg,0.0009107026,0.00020320523,0.00017932798,0.9987067,d
test_4316.jpg,0.00029587184,8.47687e-05,0.00020334954,0.999416,d
test_4317.jpg,0.00070454984,0.99208003,0.0058991234,0.0013162723,b
test_4318.jpg,0.99999523,1.5534929e-06,1.9947242e-06,1.1365596e-06,a
test_4319.jpg,1.7603354e-06,1.0676974e-06,0.9999938,3.2887394e-06,c
test_4320.jpg,0.99975604,5.143231e-05,0.0001795164,1.3004124e-05,a
test_4321.jpg,0.77209723,0.0040515945,0.07181623,0.15203495,a
test_4322.jpg,0.0059029274,0.0011623553,0.00021501411,0.99271977,d
test_4323.jpg,0.5820636,0.4000461,0.002378761,0.01551147,a
test_4324.jpg,8.939085e-06,0.99992263,1.0129309e-05,5.8290152e-05,b
test_4325.jpg,2.5612774e-06,1.0676994e-06,8.31525e-07,0.9999956,d
test_4326.jpg,0.00079366454,0.0005454771,0.012415002,0.98624575,d
test_4327.jpg,1.5534897e-06,4.450822e-07,0.9999932,4.7850854e-06,c
test_4328.jpg,0.00013977686,0.9995369,0.00029590764,2.7523698e-05,b
test_4329.jpg,0.99991405,3.1200205e-05,4.0061852e-05,1.4737931e-05,a
test_4330.jpg,1.370956e-06,5.7149947e-07,0.99999774,2.3823642e-07,c
test_4331.jpg,0.9991757,0.00062621007,0.00012330808,7.4790136e-05,a
test_4332.jpg,1.5534873e-06,4.222816e-06,0.99999166,2.5612674e-06,c
test_4333.jpg,0.00029532824,0.99757975,0.0014998004,0.0006252098,b
test_4334.jpg,0.5616708,0.0006576489,0.43742967,0.00024193552,a
test_4335.jpg,2.5360106e-07,1.209863e-06,1.994727e-06,0.99999654,d
test_4336.jpg,0.99924564,0.0001233167,0.00033520957,0.0002958214,a
test_4337.jpg,3.120014e-05,3.535439e-05,0.999912,2.1443522e-05,c
test_4338.jpg,2.5612676e-06,1.5534876e-06,0.9999918,4.2228166e-06,c
test_4339.jpg,5.714974e-07,5.043447e-07,0.99999416,4.78509e-06,c
test_4340.jpg,4.2228185e-06,2.902298e-06,6.083547e-07,0.99999225,d
test_4341.jpg,0.7593643,0.19199736,0.01083175,0.037806522,a
test_4342.jpg,0.999729,5.8278863e-05,0.00017951154,3.3206295e-05,a
test_4343.jpg,0.008492739,0.00025645847,0.98162717,0.009623535,c
test_4344.jpg,0.9827802,0.0018972121,0.0013039336,0.014018606,a
test_4345.jpg,1.1478019e-05,5.829019e-05,6.9617704e-06,0.9999232,d
test_4346.jpg,4.539579e-05,2.4298615e-05,0.9999088,2.1443453e-05,c
test_4347.jpg,3.2887324e-06,4.7850776e-06,3.4662986e-07,0.99999166,d
test_4348.jpg,0.0003795972,0.000108756416,0.00091060624,0.998601,d
test_4349.jpg,0.8508761,0.14786008,0.0011289257,0.00013483095,a
test_4350.jpg,0.98932767,0.009699027,0.00054718164,0.0004261455,a
test_4351.jpg,6.475936e-07,1.5534964e-06,0.9999975,3.9278535e-07,c
test_4352.jpg,3.689871e-07,0.9999958,1.5534938e-06,2.2603201e-06,b
test_4353.jpg,7.484078e-05,0.9998522,4.5393223e-05,2.7532382e-05,b
test_4354.jpg,4.5396704e-05,1.6700515e-05,0.99992895,8.9391415e-06,c
test_4355.jpg,0.0006173721,0.00025735897,0.9850739,0.014051325,c
test_4356.jpg,2.4299525e-05,1.4738406e-05,0.99994624,1.4738406e-05,c
test_4357.jpg,1.1253468e-07,0.9999956,1.994725e-06,2.2603194e-06,b
test_4358.jpg,2.7535283e-05,1.0129663e-05,4.7849144e-06,0.99995756,d
test_4359.jpg,0.99999356,1.2878886e-06,3.2887388e-06,1.760335e-06,a
test_4360.jpg,0.0032500688,0.6193535,0.0017396365,0.37565687,b
test_4361.jpg,5.8250404e-05,7.4795e-05,0.99924076,0.0006262508,c
test_4362.jpg,0.00023044176,0.00012334659,0.99948776,0.00015838015,c
test_4363.jpg,7.33812e-07,3.2887172e-06,8.93966e-06,0.999987,d
test_4364.jpg,2.5612558e-06,0.9999871,6.962215e-06,3.2887176e-06,b
test_4365.jpg,0.9998086,0.00010888793,5.8283505e-05,2.429618e-05,a
test_4366.jpg,0.99998534,1.9947045e-06,7.889209e-06,4.7850476e-06,a
test_4367.jpg,1.067695e-06,4.4508144e-07,0.99999154,6.9622456e-06,c
test_4368.jpg,1.0129862e-05,8.939573e-06,0.99997723,3.7265684e-06,c
test_4369.jpg,0.0037155508,0.90916526,0.08456554,0.0025536583,b
test_4370.jpg,3.7266211e-06,2.9022956e-06,1.9947167e-06,0.9999914,d
test_4371.jpg,0.9999956,4.7378867e-07,2.9023079e-06,1.0676994e-06,a
test_4372.jpg,2.3823489e-07,0.9999913,6.9622442e-06,1.5534868e-06,b
test_4373.jpg,0.98762834,0.0007947771,0.007540635,0.0040362114,a
test_4374.jpg,1.6700935e-05,2.7535187e-05,1.6536164e-06,0.9999541,d
test_4375.jpg,0.34787688,0.0016109894,0.0005926499,0.6499195,d
test_4376.jpg,0.0001398079,6.604057e-05,3.5348974e-05,0.9997588,d
test_4377.jpg,1.4737858e-05,1.0129172e-05,6.6050496e-05,0.99990904,d
test_4378.jpg,0.9989054,0.00033509545,0.0003797129,0.0003797129,a
test_4379.jpg,0.99993086,1.8924198e-05,3.120073e-05,1.8924198e-05,a
test_4380.jpg,8.4781735e-05,1.0125734e-05,0.9995697,0.00033531827,c
test_4381.jpg,4.005799e-05,0.00012338729,0.99981767,1.8922055e-05,c
test_4382.jpg,0.99857676,7.47453e-05,0.0011692131,0.00017930464,a
test_4383.jpg,0.9999721,4.2227334e-06,8.939527e-06,1.4738787e-05,a
test_4384.jpg,0.00055110455,0.00022973453,0.9964204,0.0027987398,c
test_4385.jpg,0.99997413,1.8925017e-05,3.7265568e-06,3.2886749e-06,a
test_4386.jpg,0.00015842359,5.828078e-05,2.1440303e-05,0.9997619,d
test_4387.jpg,0.9999523,1.14783525e-05,2.1444386e-05,1.4738495e-05,a
test_4388.jpg,0.999853,4.539326e-05,8.480577e-05,1.6699247e-05,a
test_4389.jpg,3.7266186e-06,8.31521e-07,0.9999907,4.785073e-06,c
test_4390.jpg,1.3006739e-05,2.4060048e-06,0.9999571,2.7535269e-05,c
test_4391.jpg,0.0045966227,0.0014923047,0.99259406,0.0013169544,c
test_4392.jpg,0.99915504,0.000552617,0.00023036505,6.200191e-05,a
test_4393.jpg,6.4759075e-07,0.9999931,2.9023006e-06,3.2887372e-06,b
test_4394.jpg,3.4663066e-07,0.9999939,2.9023029e-06,2.9023029e-06,b
test_4395.jpg,2.5360117e-07,0.999997,1.5534956e-06,1.2098635e-06,b
test_4396.jpg,0.99932706,0.00015835468,0.00017943936,0.00033523687,a
test_4397.jpg,0.9999846,4.222786e-06,4.222786e-06,6.962198e-06,a
test_4398.jpg,0.99999106,3.7266198e-06,1.4593653e-06,3.7266198e-06,a
test_4399.jpg,0.99937636,0.0004304739,0.00017944821,1.3837561e-05,a
test_4400.jpg,0.999859,3.1198488e-05,5.1437608e-05,5.8286445e-05,a
test_4401.jpg,0.00017950089,6.6034685e-05,0.9996697,8.479021e-05,c
test_4402.jpg,3.0590118e-07,0.9999963,2.5612792e-06,7.8114607e-07,b
test_4403.jpg,0.000801689,0.0021792166,0.9962173,0.000801689,c
test_4404.jpg,0.00079968426,0.005214596,0.00025961944,0.9937262,d
test_4405.jpg,0.9961229,0.00037865518,0.002469142,0.0010292914,a
test_4406.jpg,8.4807376e-05,0.99987197,1.8923083e-05,2.429772e-05,b
test_4407.jpg,6.962181e-06,5.422152e-06,5.422152e-06,0.99998224,d
test_4408.jpg,0.00036998783,0.025938148,0.9733218,0.00036998783,c
test_4409.jpg,1.9946456e-06,0.9999558,1.4738546e-05,2.7535234e-05,b
test_4410.jpg,0.9997447,2.4294628e-05,5.143173e-05,0.00017951436,a
test_4411.jpg,7.889028e-06,5.4220445e-06,2.4299918e-05,0.99996245,d
test_4412.jpg,0.99991024,6.96168e-06,7.484512e-05,7.888616e-06,a
test_4413.jpg,0.12633684,0.04647673,0.0033667628,0.82381964,d
test_4414.jpg,0.00048720985,0.00015817386,0.99818593,0.0011687556,c
test_4415.jpg,5.1428255e-05,1.0126822e-05,0.9996772,0.0002611742,c
test_4416.jpg,5.7149884e-07,2.3823617e-07,0.99999666,2.56128e-06,c
test_4417.jpg,3.9278598e-07,2.1024319e-07,0.99999905,3.4663242e-07,c
test_4418.jpg,1.760332e-06,9.422379e-07,0.9999919,5.422204e-06,c
test_4419.jpg,5.0929575e-06,0.0001398204,6.9612474e-06,0.9998481,d
test_4420.jpg,3.535593e-05,5.4220072e-06,3.7264874e-06,0.99995553,d
test_4421.jpg,0.00048584057,0.004067893,0.99538064,6.575137e-05,c
test_4422.jpg,3.535376e-05,1.8923505e-05,5.1439423e-05,0.99989426,d
test_4423.jpg,5.714998e-07,6.4759416e-07,4.4508448e-07,0.99999833,d
test_4424.jpg,1.7603377e-06,1.7603377e-06,1.3709524e-06,0.9999951,d
test_4425.jpg,0.5265453,0.0021518704,0.0066282274,0.4646746,a
test_4426.jpg,2.7534767e-05,3.120098e-05,2.405961e-06,0.99993885,d
test_4427.jpg,0.007569828,0.0009040871,7.4211996e-05,0.99145186,d
test_4428.jpg,4.181168e-07,0.999995,1.7603375e-06,2.902306e-06,b
test_4429.jpg,1.1477202e-05,2.7532378e-05,0.000108892666,0.99985206,d
test_4430.jpg,2.9022974e-06,2.5612683e-06,2.5612683e-06,0.999992,d
test_4431.jpg,2.2380218e-07,0.99999666,1.3709546e-06,1.7603404e-06,b
test_4432.jpg,0.037275523,0.9613484,0.0007736288,0.00060250267,b
test_4433.jpg,0.009958465,0.69814235,0.291029,0.00087016105,b
test_4434.jpg,1.9947265e-06,4.4508357e-07,0.9999963,1.2098627e-06,c
test_4435.jpg,4.0057195e-05,6.6043154e-05,9.6092226e-05,0.9997979,d
test_4436.jpg,0.005093968,0.5887826,0.0014594463,0.404664,b
test_4437.jpg,1.760335e-06,1.3709503e-06,0.99999356,3.2887388e-06,c
test_4438.jpg,0.9979448,0.0011684732,0.0005519476,0.00033477318,a
test_4439.jpg,1.9946472e-06,0.9999566,1.0129654e-05,3.1201533e-05,b
test_4440.jpg,0.9673899,0.029212642,0.0023979198,0.0009996017,a
test_4441.jpg,6.9620914e-06,4.784971e-06,0.99996936,1.8924926e-05,c
test_4442.jpg,0.0019242483,0.9967853,0.0010299758,0.00026041866,b
test_4443.jpg,1.3006496e-05,3.2885573e-06,0.99993837,4.5397133e-05,c
test_4444.jpg,0.047249362,0.0034227325,0.9490288,0.00029907504,c
test_4445.jpg,9.422403e-07,2.5612746e-06,0.9999945,1.9947229e-06,c
test_4446.jpg,0.99513227,0.0009074432,0.0011651801,0.002795122,a
test_4447.jpg,0.00013941537,0.9969517,0.0028002325,0.00010857679,b
test_4448.jpg,4.539546e-05,1.3006017e-05,4.006135e-05,0.99990153,d
test_4449.jpg,0.9999734,8.939539e-06,1.1478594e-05,6.144049e-06,a
test_4450.jpg,7.480847e-05,1.6692024e-05,0.99942064,0.00048781247,c
test_4451.jpg,0.9866562,0.00089971395,0.0027713142,0.009672837,a
test_4452.jpg,4.2227557e-06,3.7265688e-06,1.4738865e-05,0.99997735,d
test_4453.jpg,0.012058111,0.028925905,0.001121579,0.9578944,d
test_4454.jpg,0.9997154,7.483053e-05,0.00015841622,5.1430223e-05,a
test_4455.jpg,0.07755387,0.5730499,0.0018238922,0.34757233,b
test_4456.jpg,0.0009105613,0.00015823182,0.0003795784,0.99855167,d
test_4457.jpg,0.0035021703,0.40479589,0.0027274934,0.58897454,d
test_4458.jpg,0.76581705,0.13307904,0.091463804,0.009640214,a
test_4459.jpg,0.9999752,4.784999e-06,1.3006975e-05,6.962132e-06,a
test_4460.jpg,0.034335848,0.15388258,0.7814803,0.030301278,c
test_4461.jpg,3.726614e-06,4.222807e-06,2.561262e-06,0.9999895,d
test_4462.jpg,1.7603373e-06,1.7603373e-06,1.5534923e-06,0.9999949,d
test_4463.jpg,2.7535276e-05,6.14395e-06,0.9999573,8.939395e-06,c
test_4464.jpg,0.99365354,0.00025960046,0.00017842063,0.0059084794,a
test_4465.jpg,0.0021818697,0.0001580541,0.99743015,0.00022996735,c
test_4466.jpg,0.00020333224,0.00043045435,3.5333847e-05,0.999331,d
test_4467.jpg,5.3687364e-07,6.4759325e-07,1.9947277e-06,0.9999969,d
test_4468.jpg,2.260314e-06,1.9947202e-06,2.5612712e-06,0.9999932,d
test_4469.jpg,0.9999131,7.888639e-06,4.222484e-06,7.484533e-05,a
test_4470.jpg,0.9999584,1.14784225e-05,2.429982e-05,5.771713e-06,a
test_4471.jpg,0.00029812288,0.16439144,0.8348487,0.00046174176,c
test_4472.jpg,4.006045e-05,0.9998791,4.5394445e-05,3.5353227e-05,b
test_4473.jpg,4.222773e-06,4.222773e-06,1.0129906e-05,0.9999815,d
test_4474.jpg,6.258338e-05,0.34853703,0.00024752208,0.6511529,d
test_4475.jpg,0.0007093479,0.0003796866,0.9988362,7.476472e-05,c
test_4476.jpg,0.00020284395,6.585378e-05,0.9969311,0.0028001745,c
test_4477.jpg,4.0061863e-05,1.0129226e-05,0.9999144,3.5354475e-05,c
test_4478.jpg,0.0011588421,0.9897193,0.002453269,0.0066686757,b
test_4479.jpg,0.99969923,0.00015841366,1.8919813e-05,0.00012337268,a
test_4480.jpg,0.00043005988,0.00103166,0.9984151,0.00012321421,c
test_4481.jpg,0.0044703833,0.025725277,0.0044703833,0.96533394,d
test_4482.jpg,1.7603381e-06,5.714981e-07,0.99999535,2.260319e-06,c
test_4483.jpg,6.1438946e-06,5.4219677e-06,0.99994826,4.006322e-05,c
test_4484.jpg,0.9987858,7.476095e-05,0.0007093121,0.00043021952,a
test_4485.jpg,0.0009091987,0.0019247737,0.000108588305,0.99705744,d
test_4486.jpg,0.00020291073,0.0024719588,0.99725926,6.5875465e-05,c
test_4487.jpg,0.9999635,6.1439882e-06,1.1478482e-05,1.8924815e-05,a
test_4488.jpg,0.99997866,5.4221327e-06,1.300702e-05,2.9022588e-06,a
test_4489.jpg,9.515361e-06,5.8288653e-05,3.5353856e-05,0.9998969,d
test_4490.jpg,0.010592181,0.84144115,0.047470864,0.100495815,b
test_4491.jpg,3.2887242e-06,3.2887242e-06,0.99998915,4.2228053e-06,c
test_4492.jpg,2.4298859e-05,5.421808e-06,0.9999188,5.1440686e-05,c
test_4493.jpg,8.3150996e-07,0.99997747,1.4738866e-05,6.962148e-06,b
test_4494.jpg,2.5612626e-06,8.315202e-07,0.99998975,6.9622333e-06,c
test_4495.jpg,0.0009087295,0.0019237803,0.00062456,0.9965429,d
test_4496.jpg,0.9999695,1.4738748e-05,7.8890835e-06,7.8890835e-06,a
test_4497.jpg,0.99808085,0.0008031886,0.0010313146,8.4655454e-05,a
test_4498.jpg,6.604775e-05,3.5352816e-05,0.99986744,3.119875e-05,c
test_4499.jpg,0.5334021,0.03863952,0.41541398,0.012544416,a
test_4500.jpg,0.99996674,1.3006865e-05,1.0129756e-05,1.0129756e-05,a
test_4501.jpg,5.3687194e-07,0.9999938,8.851522e-07,4.785088e-06,b
test_4502.jpg,2.536005e-07,0.9999943,1.7603362e-06,3.7266318e-06,b
test_4503.jpg,0.9999894,4.222806e-06,3.7266136e-06,2.7264489e-06,a
test_4504.jpg,2.536005e-07,0.9999943,2.5612742e-06,2.902304e-06,b
test_4505.jpg,1.6700604e-05,2.7534643e-05,2.1444e-05,0.9999343,d
test_4506.jpg,5.4221346e-06,1.4738889e-05,7.3380613e-07,0.999979,d
test_4507.jpg,0.9994555,0.000108849476,0.0001397655,0.00029588354,a
test_4508.jpg,1.7603339e-06,4.450821e-07,0.99999297,4.785084e-06,c
test_4509.jpg,0.9984269,0.00010873745,0.0013246932,0.00013962165,a
test_4510.jpg,1.7602838e-06,0.9999645,2.7535472e-05,6.143994e-06,b
test_4511.jpg,0.9998995,1.0129075e-05,6.604987e-05,2.429839e-05,a
test_4512.jpg,0.99425745,0.002464518,0.0027926648,0.00048529237,a
test_4513.jpg,1.147823e-05,3.5355435e-05,1.147823e-05,0.9999416,d
test_4514.jpg,0.99999046,1.9947147e-06,3.2887285e-06,4.2228107e-06,a
test_4515.jpg,0.00017943558,0.99930596,0.0003352298,0.00017943558,b
test_4516.jpg,1.0029903e-06,0.9999753,1.6701288e-05,6.962133e-06,b
test_4517.jpg,2.2603078e-06,6.1441538e-06,1.0676938e-06,0.99999046,d
test_4518.jpg,0.00042713498,0.007571148,0.0003769453,0.9916248,d
test_4519.jpg,0.98812544,0.0014855865,0.009687241,0.0007017414,a
test_4520.jpg,0.0004301339,0.00080359593,0.998587,0.00017930647,c
test_4521.jpg,2.7535243e-05,1.0129648e-05,6.1439428e-06,0.99995613,d
test_4522.jpg,6.1437468e-06,0.9999242,2.4298988e-05,4.539649e-05,b
test_4523.jpg,0.9895356,0.0066674384,0.0002281472,0.0035688228,a
test_4524.jpg,0.9790663,0.013965631,0.005821741,0.0011463688,a
test_4525.jpg,0.17928708,0.004216428,0.8035089,0.012987511,c
test_4526.jpg,0.00010838463,9.56491e-05,0.004608632,0.9951873,d
test_4527.jpg,0.00012337828,6.603963e-05,6.603963e-05,0.9997446,d
test_4528.jpg,6.144097e-06,3.726583e-06,0.99998116,8.939608e-06,c
test_4529.jpg,0.0059078806,0.00048494842,5.4409702e-05,0.9935528,d
test_4530.jpg,0.010393392,0.052782,0.9355833,0.0012413135,c
test_4531.jpg,0.999887,1.1477603e-05,8.480865e-05,1.6699812e-05,a
test_4532.jpg,1.0677018e-06,2.6995727e-07,0.99999785,8.3152696e-07,c
test_4533.jpg,2.9022856e-06,2.2603022e-06,0.99998796,6.962221e-06,c
test_4534.jpg,0.0006084386,0.08482928,0.0025616225,0.9120007,d
test_4535.jpg,0.9995883,0.000123359,0.00017948628,0.00010886394,a
test_4536.jpg,6.96199e-06,0.9999548,1.6700946e-05,2.1444439e-05,b
test_4537.jpg,2.5612703e-06,1.9947195e-06,2.5612703e-06,0.99999285,d
test_4538.jpg,0.00080389046,8.472943e-05,0.00015829541,0.998953,d
test_4539.jpg,0.26035026,0.29501548,0.06582685,0.3788074,d
test_4540.jpg,0.005908421,0.0004280046,2.0018042e-05,0.99364364,d
test_4541.jpg,3.0590036e-07,0.99999356,3.2887388e-06,2.902302e-06,b
test_4542.jpg,4.006045e-05,1.4737417e-05,6.6048524e-05,0.9998791,d
test_4543.jpg,0.020306634,0.0004775663,0.9784284,0.0007873737,c
test_4544.jpg,0.9999958,1.2098621e-06,1.9947254e-06,8.85154e-07,a
test_4545.jpg,0.24449854,0.00093867065,0.16804123,0.5865215,d
test_4546.jpg,0.0058865948,0.98997307,0.0016865379,0.002453898,b
test_4547.jpg,1.1477793e-05,0.99990356,1.8923682e-05,6.605014e-05,b
test_4548.jpg,0.9999962,1.9947263e-06,5.3687324e-07,1.2098625e-06,a
test_4549.jpg,0.0020388777,0.00016736126,0.4988969,0.4988969,c
test_4550.jpg,2.7533228e-05,3.1199233e-05,0.99988294,5.828784e-05,c
test_4551.jpg,3.1201133e-05,1.01295245e-05,0.99994385,1.4738371e-05,c
test_4552.jpg,2.1444555e-05,6.9620273e-06,1.14784425e-05,0.9999602,d
test_4553.jpg,0.09056898,0.7583248,0.04847808,0.102628104,b
test_4554.jpg,0.014837617,0.0006939646,0.9179709,0.066497594,c
test_4555.jpg,0.9999888,3.288723e-06,3.7266113e-06,4.222804e-06,a
test_4556.jpg,0.99997425,4.7849944e-06,1.6701271e-05,4.2227425e-06,a
test_4557.jpg,0.028907588,0.0023728793,0.31078586,0.65793365,d
test_4558.jpg,0.9982175,0.00012318983,0.0003348647,0.0013244154,a
test_4559.jpg,0.002660401,0.94716823,0.04715673,0.003014629,b
test_4560.jpg,4.7850376e-06,1.760317e-06,0.9999833,1.0129924e-05,c
test_4561.jpg,2.5612596e-06,0.9999887,2.5612596e-06,6.144143e-06,b
test_4562.jpg,0.99999654,5.043459e-07,6.893591e-07,2.2603217e-06,a
test_4563.jpg,1.5534923e-06,6.4759195e-07,0.9999949,2.9023058e-06,c
test_4564.jpg,0.9999865,3.2887156e-06,6.962211e-06,3.2887156e-06,a
test_4565.jpg,2.8736815e-07,9.42244e-07,2.8736815e-07,0.99999845,d
test_4566.jpg,0.9999838,2.9022735e-06,7.889196e-06,5.4221605e-06,a
test_4567.jpg,0.9999703,1.3006911e-05,1.3006911e-05,3.7265427e-06,a
test_4568.jpg,0.00070503954,0.0059032235,0.00062219513,0.99276954,d
test_4569.jpg,1.4593453e-06,0.99997735,2.2602783e-06,1.8925077e-05,b
test_4570.jpg,1.5534906e-06,1.7603354e-06,0.9999938,2.9023026e-06,c
test_4571.jpg,0.00017950377,0.06003579,0.93911785,0.00066693744,c
test_4572.jpg,1.3709421e-06,1.994709e-06,0.9999876,8.939665e-06,c
test_4573.jpg,0.0002959088,4.0046896e-05,0.9995408,0.00012335312,c
test_4574.jpg,0.00043054688,1.6694114e-05,6.9591424e-06,0.99954575,d
test_4575.jpg,1.0677006e-06,5.7149896e-07,0.9999968,1.5534953e-06,c
test_4576.jpg,0.9997973,3.5350335e-05,0.00013981329,2.7530868e-05,a
test_4577.jpg,2.873676e-07,0.99999654,1.3709544e-06,1.7603402e-06,b
test_4578.jpg,0.9999908,2.902294e-06,3.2887297e-06,2.902294e-06,a
test_4579.jpg,0.0005508451,0.0010291141,0.9959513,0.0024687166,c
test_4580.jpg,1.4738798e-05,5.422101e-06,0.9999728,6.9621155e-06,c
test_4581.jpg,0.00048691581,0.0016995032,0.00023000271,0.9975835,d
test_4582.jpg,0.00015784203,0.0035924686,0.9960919,0.00015784203,c
test_4583.jpg,0.00023019577,2.4262456e-05,0.99842083,0.0013246852,c
test_4584.jpg,1.2098587e-06,4.222822e-06,1.5534896e-06,0.9999931,d
test_4585.jpg,1.1474702e-05,0.99963427,0.00033533995,1.8918585e-05,b
test_4586.jpg,7.884241e-06,0.0006263229,1.0123566e-05,0.99935573,d
test_4587.jpg,4.4508454e-07,3.0590184e-07,0.99999845,7.338204e-07,c
test_4588.jpg,0.4374997,0.0005122595,0.5617607,0.00022731377,c
test_4589.jpg,0.033775214,0.0031415843,0.19436292,0.7687203,d
test_4590.jpg,0.9996056,0.00017948938,3.5343557e-05,0.00017948938,a
test_4591.jpg,0.00029478435,0.002796836,0.9957425,0.0011658946,c
test_4592.jpg,0.9947137,0.0013197667,0.00080047897,0.003165956,a
test_4593.jpg,0.0035895223,0.0004287073,0.0007068188,0.995275,d
test_4594.jpg,0.99976426,0.00012338071,8.479824e-05,2.7529959e-05,a
test_4595.jpg,0.9994005,8.476738e-05,0.00033526152,0.00017945256,a
test_4596.jpg,6.083492e-07,0.9999832,4.785037e-06,1.1478707e-05,b
test_4597.jpg,0.0007052064,0.9930046,0.0016917025,0.004598524,b
test_4598.jpg,1.3006496e-05,3.2885573e-06,0.99993837,4.5397133e-05,c
test_4599.jpg,2.2603122e-06,3.7266248e-06,1.6536798e-06,0.9999924,d
test_4600.jpg,0.9999012,2.753373e-05,3.11998e-05,4.0061335e-05,a
test_4601.jpg,8.851557e-07,8.851557e-07,5.7149947e-07,0.99999774,d
test_4602.jpg,0.0007096173,5.824893e-05,1.6688598e-05,0.9992155,d
test_4603.jpg,0.0009105203,0.00037956133,0.00020316454,0.9985067,d
test_4604.jpg,0.99998176,3.2886999e-06,1.0129908e-05,4.7850303e-06,a
test_4605.jpg,0.0014766308,0.015875278,0.9821686,0.00047939186,c
test_4606.jpg,0.199784,0.4792569,0.12117512,0.199784,b
test_4607.jpg,1.2098621e-06,1.7603389e-06,0.9999958,1.2098621e-06,c
test_4608.jpg,1.9750489e-07,5.043464e-07,0.9999975,1.7603419e-06,c
test_4609.jpg,6.9622074e-06,3.288714e-06,0.99998605,3.726601e-06,c
test_4610.jpg,1.3709538e-06,8.315254e-07,1.7603394e-06,0.99999607,d
test_4611.jpg,0.00093186594,0.0019727603,0.79586834,0.20122702,c
test_4612.jpg,1.3574306e-07,0.999998,6.4759394e-07,1.2098646e-06,b
test_4613.jpg,0.9978309,8.463425e-05,0.0019262669,0.0001581176,a
test_4614.jpg,0.21935698,0.0075059836,0.7656311,0.0075059836,c
test_4615.jpg,0.9995247,6.602511e-05,2.9298466e-05,0.0003799483,a
test_4616.jpg,0.99934965,0.00023040992,0.00037988176,4.003924e-05,a
test_4617.jpg,1.5381721e-07,3.0590203e-07,0.99999905,5.715002e-07,c
test_4618.jpg,0.9993887,9.60529e-05,0.00043047924,8.476638e-05,a
test_4619.jpg,1.994682e-06,2.5612221e-06,2.1444852e-05,0.999974,d
test_4620.jpg,1.0677009e-06,9.422427e-07,0.999997,9.422427e-07,c
test_4621.jpg,7.889231e-06,3.2887208e-06,6.8935327e-07,0.9999881,d
test_4622.jpg,0.9997874,8.4800195e-05,0.000108885615,1.8921482e-05,a
test_4623.jpg,3.726606e-06,1.0676905e-06,0.99998736,7.889224e-06,c
test_4624.jpg,0.94266224,0.0023366262,0.05318137,0.0018197662,a
test_4625.jpg,7.811444e-07,4.78509e-06,2.8736693e-07,0.99999416,d
test_4626.jpg,0.9999509,2.1444355e-05,6.1439105e-06,2.1444355e-05,a
test_4627.jpg,0.99397415,0.0007998838,0.004603014,0.0006229501,a
test_4628.jpg,6.475912e-07,0.9999938,1.3709506e-06,4.222825e-06,b
test_4629.jpg,0.00048676803,0.0013231726,0.9972807,0.0009094023,c
test_4630.jpg,3.2562923e-07,0.99999356,1.3709503e-06,4.7850867e-06,b
test_4631.jpg,0.9999964,1.2098628e-06,1.2098628e-06,1.2098628e-06,a
test_4632.jpg,5.368745e-07,4.737901e-07,3.9278578e-07,0.99999857,d
test_4633.jpg,3.2885494e-06,0.999936,2.405954e-06,5.829093e-05,b
test_4634.jpg,1.9750391e-07,0.9999925,1.067696e-06,6.1441665e-06,b
test_4635.jpg,0.00015838823,0.9995388,0.00017947739,0.00012335287,b
test_4636.jpg,0.19955327,0.78924847,0.009935172,0.0012631154,b
test_4637.jpg,2.3823532e-07,0.9999931,3.2887372e-06,3.2887372e-06,b
test_4638.jpg,0.006178618,0.07527097,0.9169882,0.0015621994,c
test_4639.jpg,0.00035050305,0.86619854,0.13283585,0.000615152,b
test_4640.jpg,0.9998549,6.604692e-05,1.300541e-05,6.604692e-05,a
test_4641.jpg,0.99999607,1.4593727e-06,7.3381864e-07,1.7603394e-06,a
test_4642.jpg,0.9998098,2.1441328e-05,0.00012338633,4.5391294e-05,a
test_4643.jpg,0.9999684,4.7849667e-06,1.6701173e-05,1.0129773e-05,a
test_4644.jpg,0.2680954,0.0005175458,0.72875875,0.0026283145,c
test_4645.jpg,3.7266186e-06,2.2603085e-06,0.9999907,3.2887294e-06,c
test_4646.jpg,0.6973817,0.2907119,0.009947615,0.0019588016,a
test_4647.jpg,4.0060768e-05,0.999887,5.143905e-05,2.1442986e-05,b
test_4648.jpg,0.9999045,4.0061466e-05,3.966623e-06,5.143995e-05,a
test_4649.jpg,2.5611366e-06,0.99994063,3.5355402e-05,2.1444135e-05,b
test_4650.jpg,3.1200874e-05,2.4299263e-05,8.9392e-06,0.9999355,d
test_4651.jpg,0.98744655,0.00042533522,0.0024476354,0.009680586,a
test_4652.jpg,0.97407293,0.00088823953,0.002130776,0.022908,a
test_4653.jpg,2.2602858e-06,0.9999807,1.0129897e-05,6.96217e-06,b
test_4654.jpg,0.99999607,1.3709538e-06,1.0676998e-06,1.4593727e-06,a
test_4655.jpg,3.5338333e-05,0.9994579,0.00048783066,1.8915247e-05,b
test_4656.jpg,0.0011570085,0.007544643,0.9881533,0.0031450754,c
test_4657.jpg,0.9989716,0.00013969782,0.000709444,0.00017937554,a
test_4658.jpg,2.7534918e-05,1.1478261e-05,1.6700771e-05,0.9999443,d
test_4659.jpg,5.143688e-05,1.8922568e-05,8.480507e-05,0.9998448,d
test_4660.jpg,1.1478517e-05,8.939478e-06,0.9999666,1.3006864e-05,c
test_4661.jpg,2.1444499e-05,4.222672e-06,0.99995756,1.6700991e-05,c
test_4662.jpg,0.0011692314,0.00020318196,0.9985923,3.530773e-05,c
test_4663.jpg,0.0018695833,0.0004171604,0.96846807,0.029245201,c
test_4664.jpg,4.0005125e-05,0.9984982,0.00043009565,0.0010317458,b
test_4665.jpg,1.3006957e-05,0.9999738,6.962122e-06,6.1440514e-06,b
test_4666.jpg,0.0007032022,0.00054765446,0.99018246,0.008566757,c
test_4667.jpg,0.0046043466,0.994262,0.0008001154,0.00033353773,b
test_4668.jpg,7.888884e-06,7.888884e-06,0.9999442,4.006306e-05,c
test_4669.jpg,0.9999709,2.1444785e-05,4.7849785e-06,2.9022362e-06,a
test_4670.jpg,2.9022635e-06,0.99998033,8.939601e-06,7.889169e-06,b
test_4671.jpg,0.0001579142,0.9965473,0.0001229837,0.0031717916,b
test_4672.jpg,2.561189e-06,0.999961,8.939428e-06,2.7535378e-05,b
test_4673.jpg,2.4296527e-05,1.3004994e-05,0.9998229,0.00013981687,c
test_4674.jpg,0.9948271,0.0021761756,0.0027942648,0.00020241585,a
test_4675.jpg,0.00094114285,0.015671436,0.9695574,0.013829993,c
test_4676.jpg,0.9982659,0.0003348809,7.472203e-05,0.0013244796,a
test_4677.jpg,0.99327576,0.00033320687,0.005906233,0.0004848132,a
test_4678.jpg,4.5389574e-05,0.00015842517,2.4295286e-05,0.9997719,d
test_4679.jpg,7.888876e-06,0.99994314,8.939268e-06,4.0063016e-05,b
test_4680.jpg,3.7265618e-06,1.994685e-06,0.99997544,1.8925042e-05,c
test_4681.jpg,1.0129871e-05,4.7850126e-06,0.99997807,6.962152e-06,c
test_4682.jpg,0.99999547,1.2098617e-06,1.0676991e-06,2.2603192e-06,a
test_4683.jpg,0.004037741,0.0027750963,0.98800266,0.0051845624,c
test_4684.jpg,0.9996921,6.603616e-05,0.00023048886,1.1475365e-05,a
test_4685.jpg,1.7603334e-06,3.2887356e-06,0.9999926,2.2603128e-06,c
test_4686.jpg,0.029193712,0.0016469967,0.96676296,0.0023963659,c
test_4687.jpg,0.99996305,1.6701084e-05,1.8924808e-05,1.2878493e-06,a
test_4688.jpg,2.9023054e-06,1.5534921e-06,7.811449e-07,0.99999475,d
test_4689.jpg,2.1443253e-05,0.9998995,1.3005991e-05,6.604987e-05,b
test_4690.jpg,0.99707294,0.0011674523,0.0014990385,0.0002604938,a
test_4691.jpg,1.6696717e-05,0.99970156,0.00012337297,0.00015841403,b
test_4692.jpg,3.5001299e-06,0.99978954,2.7530656e-05,0.00017952241,b
test_4693.jpg,5.0434306e-07,0.9999908,3.2887297e-06,5.4221987e-06,b
test_4694.jpg,0.92229897,0.07570691,0.00042289533,0.0015712469,a
test_4695.jpg,0.99988294,3.1199233e-05,2.7533228e-05,5.828784e-05,a
test_4696.jpg,2.3823492e-07,0.9999914,6.962245e-06,1.3709473e-06,b
test_4697.jpg,0.00494402,0.64753884,0.3466026,0.0009145518,b
test_4698.jpg,0.998026,0.0009100819,0.00026074282,0.0008031445,a
test_4699.jpg,5.1433206e-05,1.6697917e-05,0.99977344,0.00015842542,c
test_4700.jpg,0.99996233,2.2602444e-06,3.120171e-05,4.222692e-06,a
test_4701.jpg,0.999785,6.60423e-05,4.005668e-05,0.00010888536,a
test_4702.jpg,2.9022974e-06,1.3709482e-06,0.999992,3.7266234e-06,c
test_4703.jpg,5.8252746e-05,0.00023039409,0.999281,0.00043043282,c
test_4704.jpg,1.3709498e-06,0.9999932,1.7603344e-06,3.726628e-06,b
test_4705.jpg,9.329484e-08,4.4508474e-07,4.4508474e-07,0.9999989,d
test_4706.jpg,1.9947101e-06,0.9999882,6.9622224e-06,2.9022863e-06,b
test_4707.jpg,0.99775946,0.0013238078,0.00042977746,0.0004870017,a
test_4708.jpg,0.004590462,0.99126375,0.0016887367,0.0024570972,b
test_4709.jpg,0.99760914,0.0016995468,0.000551762,0.00013950729,a
test_4710.jpg,4.785043e-06,2.9022754e-06,0.9999844,7.889202e-06,c
test_4711.jpg,6.1435658e-06,0.99989474,7.4843956e-05,2.4298273e-05,b
test_4712.jpg,1.3006006e-05,1.147776e-05,7.484441e-05,0.9999007,d
test_4713.jpg,0.8651098,0.13266888,0.00189242,0.0003288533,a
test_4714.jpg,0.0024502836,0.00855233,0.98851496,0.00048248947,c
test_4715.jpg,0.0014992901,0.0002299236,0.001030446,0.9972403,d
test_4716.jpg,6.588688e-05,0.9974322,0.0016992453,0.0008026666,b
test_4717.jpg,0.9933209,0.0040594754,0.0024621964,0.00015740294,a
test_4718.jpg,2.4299647e-05,1.3006664e-05,1.1478341e-05,0.99995124,d
test_4719.jpg,5.1440875e-05,1.300629e-05,1.300629e-05,0.9999225,d
test_4720.jpg,0.99709153,0.0010302924,0.0014990665,0.00037902337,a
test_4721.jpg,1.9945935e-06,2.2601705e-06,6.605186e-05,0.99992967,d
test_4722.jpg,2.2602926e-06,2.561247e-06,0.99998367,1.1478713e-05,c
test_4723.jpg,0.9997193,7.483083e-05,0.00013980239,6.603797e-05,a
test_4724.jpg,0.9999908,1.7603302e-06,6.9622406e-06,5.3687035e-07,a
test_4725.jpg,1.3709446e-06,0.9999894,1.3709446e-06,7.889241e-06,b
test_4726.jpg,0.011800399,0.8272719,0.14375828,0.01716948,b
test_4727.jpg,5.828236e-05,0.00013981212,1.3004552e-05,0.99978894,d
test_4728.jpg,0.9999485,1.0129571e-05,3.1201278e-05,1.0129571e-05,a
test_4729.jpg,4.0061856e-05,0.99991417,2.1443568e-05,2.4298744e-05,b
test_4730.jpg,0.9999964,6.475929e-07,2.5612796e-06,4.7378907e-07,a
test_4731.jpg,1.3709483e-06,4.222818e-06,0.99999213,2.2603117e-06,c
test_4732.jpg,5.7149987e-07,2.1024306e-07,0.99999845,7.338204e-07,c
test_4733.jpg,6.144142e-06,1.994711e-06,3.2887222e-06,0.99998856,d
test_4734.jpg,0.009672692,0.0031402633,0.98664135,0.0005456959,c
test_4735.jpg,1.0030078e-06,0.9999927,2.56127e-06,3.7266261e-06,b
test_4736.jpg,1.892424e-05,0.9999331,3.1200798e-05,1.6700584e-05,b
test_4737.jpg,3.2887394e-06,1.5534906e-06,1.3709506e-06,0.9999938,d
test_4738.jpg,0.6915678,0.0017142253,0.018429657,0.28828833,a
test_4739.jpg,2.259918e-06,0.9998179,2.1441503e-05,0.00015843246,b
test_4740.jpg,1.1979267e-07,0.99999666,1.2098631e-06,1.9947272e-06,b
test_4741.jpg,1.209853e-06,7.889233e-06,2.5612587e-06,0.9999883,d
test_4742.jpg,3.4663228e-07,5.715e-07,5.0434693e-07,0.99999857,d
test_4743.jpg,0.9996024,5.8271482e-05,0.00023046818,0.00010886547,a
test_4744.jpg,1.0129558e-05,3.1201238e-05,1.1478294e-05,0.9999472,d
test_4745.jpg,0.00037372956,0.0140240975,0.002437023,0.98316514,d
test_4746.jpg,0.0058786776,0.98864156,0.0045783194,0.00090152444,b
test_4747.jpg,6.144077e-06,1.3007011e-05,0.99997795,2.9022567e-06,c
test_4748.jpg,7.483312e-05,0.00013980667,0.99974996,3.534866e-05,c
test_4749.jpg,5.8284713e-05,8.480375e-05,2.753175e-05,0.9998293,d
test_4750.jpg,6.144055e-06,4.784995e-06,1.4738821e-05,0.99997437,d
test_4751.jpg,2.8736827e-07,1.1253504e-07,0.9999988,8.3152776e-07,c
test_4752.jpg,0.99990106,2.1443288e-05,6.604997e-05,1.1477764e-05,a
test_4753.jpg,2.1426604e-05,0.99912316,5.139975e-05,0.00080402737,b
test_4754.jpg,0.00017945924,0.00017945924,0.00020335398,0.99943775,d
test_4755.jpg,0.99972683,2.4294193e-05,4.538753e-05,0.0002034128,a
test_4756.jpg,3.689883e-07,3.92786e-07,1.2751896e-07,0.99999917,d
test_4757.jpg,0.99950063,0.0001397718,2.4288696e-05,0.0003352951,a
test_4758.jpg,0.034350533,0.41847518,0.009841593,0.5373328,d
test_4759.jpg,0.00037889858,0.002799703,0.9967632,5.810598e-05,c
test_4760.jpg,0.9998735,9.6099495e-05,2.1442696e-05,8.938646e-06,a
test_4761.jpg,7.4814794e-05,4.0045466e-05,0.99950516,0.00037994087,c
test_4762.jpg,1.2098602e-06,2.8736696e-07,0.9999943,4.222827e-06,c
test_4763.jpg,0.9999306,3.120072e-05,3.120072e-05,6.961822e-06,a
test_4764.jpg,0.99987066,2.4297688e-05,9.6099226e-05,8.93862e-06,a
test_4765.jpg,8.315258e-07,3.6898734e-07,0.99999654,2.2603217e-06,c
test_4766.jpg,1.1478075e-05,0.9999281,5.1441166e-05,8.939133e-06,b
test_4767.jpg,0.99997616,4.2227507e-06,1.4738847e-05,4.7850035e-06,a
test_4768.jpg,4.7849294e-06,0.99996066,6.962031e-06,2.7535367e-05,b
test_4769.jpg,1.5534849e-06,7.889246e-06,4.1811475e-07,0.9999901,d
test_4770.jpg,0.00017924511,0.001500801,0.99824524,7.472049e-05,c
test_4771.jpg,1.6694848e-05,0.99958974,0.000335325,5.8270747e-05,b
test_4772.jpg,7.88903e-06,1.4738648e-05,0.9999627,1.4738648e-05,c
test_4773.jpg,1.670023e-05,0.999912,1.30061535e-05,5.8289534e-05,b
test_4774.jpg,8.939552e-06,4.784997e-06,0.99997485,1.1478612e-05,c
test_4775.jpg,0.00029553677,9.594673e-05,0.99828404,0.0013245038,c
test_4776.jpg,0.99988806,3.5353543e-05,3.1199394e-05,4.539485e-05,a
test_4777.jpg,5.1432373e-05,5.1432373e-05,0.00013980769,0.99975723,d
test_4778.jpg,1.9946983e-06,7.889184e-06,0.99998224,7.889184e-06,c
test_4779.jpg,0.0023060024,0.16166323,0.82099366,0.015037024,c
test_4780.jpg,0.00055140216,0.001322745,0.0011673183,0.9969585,d
test_4781.jpg,1.7603302e-06,2.5612653e-06,0.9999908,4.7850735e-06,c
test_4782.jpg,0.5868033,0.27718627,0.0050768433,0.13093352,a
test_4783.jpg,0.999995,1.2098611e-06,2.260318e-06,1.5534926e-06,a
test_4784.jpg,0.0016996511,0.00029535507,0.99767035,0.00033468113,c
test_4785.jpg,1.9750468e-07,0.9999964,1.3709542e-06,1.9947267e-06,b
test_4786.jpg,0.9991474,8.4745916e-05,0.0007095689,5.824496e-05,a
test_4787.jpg,7.410845e-06,0.99993384,3.1200823e-05,2.7534628e-05,b
test_4788.jpg,7.888776e-06,0.9999305,1.0129389e-05,5.1441286e-05,b
test_4789.jpg,0.9801415,0.0008937734,0.017951919,0.0010127779,a
test_4790.jpg,4.993712e-08,0.9999988,5.715001e-07,6.4759445e-07,b
test_4791.jpg,2.9022929e-06,3.7266177e-06,2.9022929e-06,0.99999046,d
test_4792.jpg,0.999913,6.605076e-05,1.6700247e-05,4.2224838e-06,a
test_4793.jpg,4.006287e-05,1.1478206e-05,0.99993956,8.939236e-06,c
test_4794.jpg,0.9985998,0.0013249227,3.7585163e-05,3.7585163e-05,a
test_4795.jpg,5.8160207e-05,0.9976935,0.0021824457,6.590415e-05,b
test_4796.jpg,2.2380141e-07,0.9999932,3.2887376e-06,3.2887376e-06,b
test_4797.jpg,1.7603306e-06,4.2228135e-06,0.99999106,2.9022947e-06,c
test_4798.jpg,0.22259454,0.00033465735,0.00013950594,0.7769313,d
test_4799.jpg,5.4219536e-06,0.99994564,2.7534954e-05,2.1444243e-05,b
test_4800.jpg,0.00020338928,0.9996113,6.203022e-05,0.00012336182,b
test_4801.jpg,7.887821e-06,0.99980944,0.00015843112,2.42962e-05,b
test_4802.jpg,1.4738065e-05,0.9999231,1.6700416e-05,4.5396442e-05,b
test_4803.jpg,1.7603203e-06,0.9999852,6.1441215e-06,6.962202e-06,b
test_4804.jpg,1.873802e-06,0.999959,2.4299834e-05,1.4738594e-05,b
test_4805.jpg,0.00026085335,0.00037953944,0.00091046776,0.9984491,d
test_4806.jpg,3.1201238e-05,1.0129558e-05,0.9999472,1.1478294e-05,c
test_4807.jpg,0.00048075715,0.002154604,0.01239889,0.9849658,d
test_4808.jpg,0.999948,1.1478303e-05,2.753502e-05,1.3006622e-05,a
test_4809.jpg,5.4208203e-06,0.9997366,2.7529199e-05,0.00023049914,b
test_4810.jpg,2.259816e-06,0.99977285,4.5389617e-05,0.00017951941,b
test_4811.jpg,1.4737686e-05,3.089187e-06,0.99989736,8.480953e-05,c
test_4812.jpg,4.450829e-07,0.99999475,2.2603176e-06,2.5612753e-06,b
test_4813.jpg,2.4299947e-05,4.2226975e-06,7.889038e-06,0.99996364,d
test_4814.jpg,0.99992204,3.5354744e-05,1.1478005e-05,3.1200452e-05,a
test_4815.jpg,0.001920441,0.0024658951,0.9948131,0.00080055895,c
test_4816.jpg,0.9999784,4.7850144e-06,7.889154e-06,8.9395835e-06,a
test_4817.jpg,3.2886505e-06,0.99996674,2.406028e-06,2.7535536e-05,b
test_4818.jpg,0.01239454,0.00054457807,0.9846202,0.0024406298,c
test_4819.jpg,0.9975076,0.0016993738,0.00070840435,8.460683e-05,a
test_4820.jpg,3.0890883e-06,0.9998654,3.5352743e-05,9.6098716e-05,b
test_4821.jpg,0.9998584,8.480622e-05,4.0059622e-05,1.6699336e-05,a
test_4822.jpg,1.994722e-06,1.3709509e-06,2.5612735e-06,0.99999404,d
test_4823.jpg,4.1811725e-07,0.99999607,1.7603394e-06,1.7603394e-06,b
test_4824.jpg,1.8920648e-05,0.9997433,5.8279697e-05,0.0001795141,b
test_4825.jpg,0.075265646,0.075265646,0.040286794,0.8091819,d
test_4826.jpg,3.5338686e-05,0.00048783555,8.93502e-06,0.9994679,d
test_4827.jpg,0.99289674,0.0009054046,0.00029394185,0.0059039793,a
test_4828.jpg,0.00047817864,0.979683,0.0040037404,0.0158351,b
test_4829.jpg,0.9999981,5.714997e-07,3.466321e-07,9.422437e-07,a
test_4830.jpg,1.8923032e-05,0.000108894536,2.9019411e-06,0.9998692,d
test_4831.jpg,0.9999912,2.902295e-06,3.2887308e-06,2.5612662e-06,a
test_4832.jpg,1.669998e-05,7.484413e-05,0.999897,1.1477718e-05,c
test_4833.jpg,0.0008031913,0.9980842,0.00062552595,0.00048716017,b
test_4834.jpg,2.2603147e-06,2.561272e-06,1.7603347e-06,0.99999344,d
test_4835.jpg,0.00062489114,0.99707127,0.0019248005,0.0003790157,b
test_4836.jpg,0.0007092475,0.00026091756,0.0003350248,0.99869484,d
test_4837.jpg,2.7524406e-05,0.000230459,0.00017948165,0.99956256,d
test_4838.jpg,0.00013981374,0.9998005,3.5350447e-05,2.4295983e-05,b
test_4839.jpg,4.7850226e-06,6.14409e-06,8.939598e-06,0.9999801,d
test_4840.jpg,5.4221746e-06,1.2098507e-06,0.9999864,6.96221e-06,c
test_4841.jpg,0.99993384,3.1200823e-05,3.1200823e-05,3.7264067e-06,a
test_4842.jpg,6.475886e-07,0.99998975,4.222808e-06,5.4221928e-06,b
test_4843.jpg,0.0010201703,0.9872957,0.003142346,0.008541781,b
test_4844.jpg,0.030845825,0.008837476,0.25826895,0.7020477,d
test_4845.jpg,1.0676997e-06,4.4508343e-07,0.99999595,2.5612783e-06,c
test_4846.jpg,2.4297966e-05,2.7533204e-05,0.9998821,6.604872e-05,c
test_4847.jpg,1.4734853e-05,0.0002611815,0.99970514,1.8919925e-05,c
test_4848.jpg,1.553493e-06,2.260319e-06,0.99999535,8.3152486e-07,c
test_4849.jpg,0.99999213,2.5612685e-06,3.288734e-06,1.994718e-06,a
test_4850.jpg,1.7603362e-06,1.9947224e-06,0.9999943,1.9947224e-06,c
test_4851.jpg,2.1442811e-05,0.9998789,1.4737413e-05,8.480796e-05,b
test_4852.jpg,0.9999298,2.7534517e-05,3.1200696e-05,1.1478094e-05,a
test_4853.jpg,0.9949091,0.002794495,0.0014957853,0.0008006362,a
test_4854.jpg,1.1478261e-05,0.9999443,2.7534918e-05,1.6700771e-05,b
test_4855.jpg,3.2887187e-06,2.2603012e-06,6.9622174e-06,0.9999875,d
test_4856.jpg,1.1478544e-05,4.7849694e-06,0.999969,1.4738742e-05,c
test_4857.jpg,4.5394634e-05,5.828786e-05,1.300578e-05,0.9998833,d
test_4858.jpg,0.9999267,1.8924118e-05,3.535491e-05,1.8924118e-05,a
test_4859.jpg,0.9999981,5.3687427e-07,8.3152713e-07,5.3687427e-07,a
test_4860.jpg,0.9999484,1.1478308e-05,3.1201274e-05,8.939315e-06,a
test_4861.jpg,6.475881e-07,0.9999889,4.2228044e-06,6.144144e-06,b
test_4862.jpg,8.939374e-06,3.1201485e-05,4.7849026e-06,0.99995506,d
test_4863.jpg,8.480943e-05,1.0129042e-05,8.938849e-06,0.99989617,d
test_4864.jpg,3.2886207e-06,2.7535285e-05,1.1478414e-05,0.9999577,d
test_4865.jpg,1.67009e-05,6.961971e-06,0.9999521,2.4299667e-05,c
test_4866.jpg,3.7266113e-06,6.9622265e-06,6.083526e-07,0.9999888,d
test_4867.jpg,0.047362644,0.9513042,0.0011138626,0.00021933256,b
test_4868.jpg,7.3381875e-07,1.5534944e-06,0.9999962,1.5534944e-06,c
test_4869.jpg,0.00012323845,9.597821e-05,0.001169254,0.99861157,d
test_4870.jpg,0.00069482485,0.020305756,0.00061318075,0.9783862,d
test_4871.jpg,5.1424417e-05,0.00026115472,0.9996026,8.478452e-05,c
test_4872.jpg,0.9999734,1.8925002e-05,4.7849903e-06,2.9022435e-06,a
test_4873.jpg,1.3709471e-06,1.2098565e-06,0.9999912,6.1441583e-06,c
test_4874.jpg,1.4449769e-07,0.9999976,1.2098643e-06,1.0677015e-06,b
test_4875.jpg,0.99997234,6.1440423e-06,1.6701239e-05,4.7849853e-06,a
test_4876.jpg,0.00042432436,0.98509973,0.014051693,0.00042432436,b
test_4877.jpg,2.5612774e-06,5.0434545e-07,0.9999956,1.3709531e-06,c
test_4878.jpg,0.0002610528,9.603597e-05,0.00043040334,0.9992125,d
test_4879.jpg,3.0590195e-07,4.4508468e-07,0.9999988,3.4663233e-07,c
test_4880.jpg,1.1478604e-05,5.4221086e-06,0.99997425,8.939546e-06,c
test_4881.jpg,0.99988425,4.5394678e-05,1.8923316e-05,5.1438907e-05,a
test_4882.jpg,0.00012320123,0.0015008983,0.99830997,6.594487e-05,c
test_4883.jpg,0.98927724,0.00012208651,0.009698533,0.0009021041,a
test_4884.jpg,7.338178e-07,4.2228294e-06,1.7429699e-07,0.9999949,d
test_4885.jpg,0.99999654,6.083573e-07,7.8114624e-07,1.994727e-06,a
test_4886.jpg,7.459165e-05,0.9965239,0.00022975843,0.0031717173,b
test_4887.jpg,4.7850144e-06,7.889154e-06,8.9395835e-06,0.9999784,d
test_4888.jpg,1.3709487e-06,1.9947186e-06,0.9999924,4.222819e-06,c
test_4889.jpg,3.5355257e-05,1.1478171e-05,0.99993646,1.670064e-05,c
test_4890.jpg,1.9947267e-06,7.338189e-07,0.9999964,8.3152577e-07,c
test_4891.jpg,0.00013967478,2.141982e-05,0.99880683,0.0010320647,c
test_4892.jpg,6.603104e-05,0.00026115784,0.9996145,5.827219e-05,c
test_4893.jpg,0.0024684202,0.0013212501,0.9958318,0.0003785445,c
test_4894.jpg,4.222805e-06,4.7850654e-06,1.994712e-06,0.99998903,d
test_4895.jpg,3.5354333e-05,8.938975e-06,4.539586e-05,0.99991035,d
test_4896.jpg,5.714964e-07,0.9999924,3.7266248e-06,3.288735e-06,b
test_4897.jpg,0.22227517,0.0005864992,0.0013216966,0.77581656,d
test_4898.jpg,2.9023072e-06,7.338181e-07,0.99999535,1.067699e-06,c
test_4899.jpg,0.9975836,0.00048691587,0.0004297017,0.0014998063,a
test_4900.jpg,1.994723e-06,3.9278424e-07,0.99999464,2.9023051e-06,c
test_4901.jpg,3.7264567e-06,0.9999473,4.0063183e-05,8.939305e-06,b
test_4902.jpg,0.03303918,0.96554637,0.00053402863,0.00088046433,b
test_4903.jpg,0.0004302724,0.0001087899,0.9989085,0.0005524807,c
test_4904.jpg,0.0010295188,0.00015788182,0.0024696875,0.99634296,d
test_4905.jpg,8.938965e-06,6.961673e-06,7.484505e-05,0.9999093,d
test_4906.jpg,0.047116388,0.003867549,0.002658125,0.94635797,d
test_4907.jpg,1.3574298e-07,0.9999974,1.0677012e-06,1.3709555e-06,b
test_4908.jpg,6.6024455e-05,0.9995148,0.00012334992,0.00029590112,b
test_4909.jpg,4.2225843e-06,0.9999368,1.8924311e-05,4.006276e-05,b
test_4910.jpg,2.1024168e-07,0.9999919,4.222817e-06,3.726623e-06,b
test_4911.jpg,0.10629028,0.00283254,0.8899576,0.0009195911,c
test_4912.jpg,1.1477348e-05,2.753273e-05,9.6098665e-05,0.9998648,d
test_4913.jpg,0.99999833,5.043468e-07,7.338203e-07,4.181182e-07,a
test_4914.jpg,5.4219213e-06,0.9999397,4.0062878e-05,1.473831e-05,b
test_4915.jpg,1.9947254e-06,1.2098621e-06,9.4224157e-07,0.9999958,d
test_4916.jpg,1.3709464e-06,5.422198e-06,2.5612649e-06,0.9999907,d
test_4917.jpg,1.7603106e-06,1.7603106e-06,0.99997973,1.6701362e-05,c
test_4918.jpg,3.118963e-05,0.00033532013,0.9995752,5.82699e-05,c
test_4919.jpg,0.00013968156,0.99885535,0.0002957059,0.00070936145,b
test_4920.jpg,0.0026873539,0.0034506305,0.037097774,0.95676416,d
test_4921.jpg,1.300583e-05,3.7262325e-06,0.9998871,9.6100805e-05,c
test_4922.jpg,5.421656e-06,0.9998908,8.480897e-05,1.892344e-05,b
test_4923.jpg,0.9999894,2.90229e-06,4.7850667e-06,2.90229e-06,a
test_4924.jpg,9.422379e-07,1.0676954e-06,0.9999919,6.1441624e-06,c
test_4925.jpg,0.0052179466,0.00025978623,0.00015756833,0.9943646,d
test_4926.jpg,0.00013981224,5.1434046e-05,1.8921528e-05,0.9997898,d
test_4927.jpg,0.9999883,1.5534821e-06,7.889233e-06,2.260303e-06,a
test_4928.jpg,0.99996674,4.495052e-06,2.4300023e-05,4.495052e-06,a
test_4929.jpg,7.4782736e-05,0.00029577146,0.00055257377,0.99907684,d
test_4930.jpg,1.4449778e-07,0.9999982,7.3382023e-07,9.422438e-07,b
test_4931.jpg,4.533647e-05,0.9986022,2.7497961e-05,0.0013249258,b
test_4932.jpg,2.4299463e-05,1.8924442e-05,1.30065655e-05,0.99994373,d
test_4933.jpg,4.0062954e-05,1.147823e-05,6.961898e-06,0.9999416,d
test_4934.jpg,0.00035414431,0.93164253,0.06748796,0.0005152769,b
test_4935.jpg,8.233239e-08,0.9999988,3.0590195e-07,8.3152776e-07,b
test_4936.jpg,0.9930438,0.001317551,0.00042774618,0.005211015,a
test_4937.jpg,0.9999758,3.2886803e-06,6.1440637e-06,1.4738842e-05,a
test_4938.jpg,6.5989916e-05,0.0009109627,3.1171432e-05,0.9989919,d
test_4939.jpg,0.99994946,4.0063267e-05,5.421974e-06,5.0934736e-06,a
test_4940.jpg,0.0019262208,0.00015811382,0.00010866995,0.9978071,d
test_4941.jpg,3.2886983e-06,1.4738923e-05,6.893486e-07,0.9999813,d
test_4942.jpg,0.011470548,0.43042916,0.552682,0.0054183034,c
test_4943.jpg,0.00029458,4.5175304e-05,0.9950523,0.0046080067,c
test_4944.jpg,0.008058957,0.0009041899,0.9314888,0.059548084,c
test_4945.jpg,1.5534838e-06,2.90229e-06,0.9999894,6.1441474e-06,c
test_4946.jpg,0.8970754,0.09455105,0.00470742,0.0036661422,a
test_4947.jpg,0.02473544,0.30133936,0.035989854,0.6379354,d
test_4948.jpg,0.00084175385,0.07577226,0.92309517,0.00029090236,c
test_4949.jpg,3.5332694e-05,0.99929833,0.0006262869,4.0037183e-05,b
test_4950.jpg,0.00012337217,5.8276884e-05,0.00012337217,0.99969506,d
test_4951.jpg,8.478624e-05,0.9996228,0.00026116,3.1191117e-05,b
test_4952.jpg,2.4299188e-05,1.8924227e-05,2.4299188e-05,0.9999324,d
test_4953.jpg,1.3007076e-05,2.561245e-06,1.5534738e-06,0.99998295,d
test_4954.jpg,0.00026116462,0.99964046,5.8273705e-05,4.005089e-05,b
test_4955.jpg,1.994721e-06,3.2887388e-06,1.1365578e-06,0.99999356,d
test_4956.jpg,1.4449736e-07,0.99999535,1.2098616e-06,3.2887447e-06,b
test_4957.jpg,0.99631834,0.0019233469,0.00026029669,0.0014979041,a
test_4958.jpg,0.00026097053,3.7596372e-05,0.99889755,0.0008038459,c
test_4959.jpg,0.9998012,0.00015842982,2.1441145e-05,1.8921744e-05,a
test_4960.jpg,5.1439863e-05,2.1443326e-05,2.429847e-05,0.99990284,d
test_4961.jpg,0.376116,0.0015371002,0.0022364676,0.62011045,d
test_4962.jpg,7.889082e-06,6.1440232e-06,0.99996924,1.6701188e-05,c
test_4963.jpg,8.315111e-07,1.37093e-06,1.8925104e-05,0.9999788,d
test_4964.jpg,0.9512988,0.041797154,0.006409801,0.00049427076,a
test_4965.jpg,0.0008007839,3.986868e-05,0.99509263,0.0040667164,c
test_4966.jpg,2.5612412e-06,1.4738925e-05,1.2098446e-06,0.9999814,d
test_4967.jpg,1.4738204e-05,2.1443962e-05,0.9999325,3.120078e-05,c
test_4968.jpg,3.2887247e-06,4.2228057e-06,3.2887247e-06,0.9999893,d
test_4969.jpg,1.2098576e-06,5.043437e-07,0.99999213,6.144164e-06,c
test_4970.jpg,0.0021367506,0.020272924,0.9768042,0.0007860666,c
test_4971.jpg,1.4738708e-05,5.4220677e-06,0.99996674,1.3006865e-05,c
test_4972.jpg,1.012927e-05,5.0933168e-06,6.6051136e-05,0.9999187,d
test_4973.jpg,0.9421661,0.0029987083,0.04139589,0.013439277,a
test_4974.jpg,7.811352e-07,0.99998236,5.4221528e-06,1.1478697e-05,b
test_4975.jpg,0.011129162,0.15363336,0.41761872,0.41761872,c
test_4976.jpg,1.1478607e-05,6.1440555e-06,0.9999745,7.8891235e-06,c
test_4977.jpg,0.0056941006,0.14685278,0.8450795,0.0023736544,c
test_4978.jpg,6.1439882e-06,0.9999635,1.8924815e-05,1.1478482e-05,b
test_4979.jpg,1.5534911e-06,7.3381716e-07,0.99999404,3.726631e-06,c
test_4980.jpg,0.99996984,7.889086e-06,1.8924935e-05,3.2886608e-06,a
test_4981.jpg,6.9618773e-06,5.1441704e-05,2.9021423e-06,0.9999386,d
test_4982.jpg,0.00013976602,0.9994593,0.00026111727,0.00013976602,b
test_4983.jpg,5.8245623e-05,0.99915874,0.0002303659,0.00055261905,b
test_4984.jpg,0.9550991,0.0034446253,0.004422987,0.03703321,a
test_4985.jpg,8.938385e-06,6.961221e-06,0.00013981987,0.9998443,d
test_4986.jpg,7.889216e-06,2.5612537e-06,3.2887149e-06,0.9999863,d
test_4987.jpg,7.889174e-06,3.2886971e-06,0.9999809,7.889174e-06,c
test_4988.jpg,1.2098635e-06,6.083576e-07,0.999997,1.2098635e-06,c
test_4989.jpg,0.003583257,0.0021733553,0.0007055851,0.99353784,d
test_4990.jpg,3.058998e-07,0.9999918,4.2228166e-06,3.7266225e-06,b
test_4991.jpg,8.480697e-05,3.1198742e-05,1.6699483e-05,0.9998672,d
test_4992.jpg,4.450848e-07,1.2751893e-07,0.99999905,3.9278598e-07,c
test_4993.jpg,6.599087e-05,1.6685104e-05,0.99900633,0.00091097585,c
test_4994.jpg,0.10276293,0.0108311325,0.86042345,0.025982536,c
test_4995.jpg,0.0013240721,0.9979588,0.00048709897,0.00023008924,b
test_4996.jpg,1.0029964e-06,0.9999814,6.1440983e-06,1.1478686e-05,b
test_4997.jpg,0.99279344,0.0066893892,0.00042763836,8.963787e-05,a
test_4998.jpg,0.039423354,0.004708448,0.25707257,0.6987956,d
test_4999.jpg,0.9998876,5.143908e-05,9.515273e-06,5.143908e-05,a
test_5000.jpg,9.6095406e-05,4.539226e-05,2.7531796e-05,0.99983096,d
test_5001.jpg,0.00017928967,0.0011691154,0.00015822257,0.9984933,d
test_5002.jpg,7.484059e-05,4.0059273e-05,0.9998497,3.5352186e-05,c
test_5003.jpg,0.9999684,7.889075e-06,1.4738733e-05,8.9394935e-06,a
test_5004.jpg,3.4663233e-07,4.4508468e-07,0.9999988,3.927859e-07,c
test_5005.jpg,0.99999607,2.2603206e-06,9.422418e-07,7.3381864e-07,a
test_5006.jpg,1.1365535e-06,0.99998975,5.4221928e-06,3.726615e-06,b
test_5007.jpg,5.4221873e-06,2.56126e-06,3.288723e-06,0.9999888,d
test_5008.jpg,1.0128217e-05,0.9998148,1.6698606e-05,0.00015843197,b
test_5009.jpg,1.1475532e-05,0.99970657,5.1429768e-05,0.00023049221,b
test_5010.jpg,8.937487e-06,0.9997439,1.6697422e-05,0.00023050081,b
test_5011.jpg,0.9999988,2.6995752e-07,5.3687467e-07,3.4663233e-07,a
test_5012.jpg,0.0026887294,0.51238114,0.032755427,0.45217475,b
test_5013.jpg,0.00033422673,0.9963159,0.00017889867,0.003171055,b
test_5014.jpg,0.00012330363,0.00070956344,2.751276e-05,0.99913967,d
test_5015.jpg,0.00020339222,7.4823816e-05,9.607568e-05,0.9996257,d
test_5016.jpg,7.483017e-05,0.9997105,0.00013980115,7.483017e-05,b
test_5017.jpg,1.0129865e-05,6.144074e-06,6.144074e-06,0.99997747,d
test_5018.jpg,2.901527e-06,0.9997266,4.005434e-05,0.00023049682,b
test_5019.jpg,0.00023050081,4.22177e-06,0.9997439,2.1439915e-05,c
test_5020.jpg,0.9896862,0.0040446213,0.0045831567,0.0016860492,a
test_5021.jpg,0.025890777,0.11603441,0.00068996585,0.85738474,d
test_5022.jpg,0.00017934048,0.0007093054,0.00033505214,0.9987764,d
test_5023.jpg,0.0024246871,0.001470647,0.97818863,0.01791615,c
test_5024.jpg,4.7850635e-06,3.7266109e-06,2.9022876e-06,0.9999887,d
test_5025.jpg,1.0129268e-05,3.1200347e-05,4.006203e-05,0.9999186,d
test_5026.jpg,0.00043050913,6.6020715e-05,0.99945813,4.537533e-05,c
test_5027.jpg,0.0011516255,0.31931382,0.0035472559,0.6759873,d
test_5028.jpg,9.607467e-05,0.9996152,5.827223e-05,0.00023047115,b
test_5029.jpg,0.002612746,0.0015847107,0.4979013,0.4979013,c
test_5030.jpg,1.4449716e-07,0.99999404,2.9023033e-06,2.9023033e-06,b
test_5031.jpg,0.00015840551,0.99964786,8.4788364e-05,0.00010887042,b
test_5032.jpg,0.0006259007,0.9986821,0.00013965734,0.0005523554,b
test_5033.jpg,0.9997453,7.483277e-05,0.00013980603,4.005509e-05,a
test_5034.jpg,8.3152634e-07,9.422428e-07,1.067701e-06,0.99999714,d
test_5035.jpg,1.1478402e-05,0.9999566,1.3006733e-05,1.8924686e-05,b
test_5036.jpg,0.0031706556,0.9961903,0.0003786808,0.00026026322,b
test_5037.jpg,1.6690632e-05,0.99933726,0.0001583563,0.00048777182,b
test_5038.jpg,0.9998596,3.1198506e-05,8.480632e-05,2.4297418e-05,a
test_5039.jpg,0.99472094,0.0002944819,0.00037812223,0.0046064723,a
test_5040.jpg,0.00037956153,0.00048736666,0.9985072,0.0006257911,c
test_5041.jpg,0.89192784,0.10652559,0.0013409592,0.00020564276,a
test_5042.jpg,0.077952355,0.14563416,0.73959136,0.036822084,c
test_5043.jpg,0.3457208,0.6458914,0.006332097,0.002055731,b
test_5044.jpg,0.00017940033,8.474272e-05,0.9991097,0.0006261687,c
test_5045.jpg,0.0008039617,3.117298e-05,0.9990415,0.00012329151,c
test_5046.jpg,0.00013941816,0.0007080238,0.9969717,0.002180867,c
test_5047.jpg,3.058994e-07,0.99999046,2.2603078e-06,6.9622383e-06,b
test_5048.jpg,0.775579,0.0005174253,0.2222071,0.0016965722,a
test_5049.jpg,1.067701e-06,7.3381943e-07,0.99999714,1.067701e-06,c
test_5050.jpg,3.4663032e-07,0.99999297,1.3709495e-06,5.42221e-06,b
test_5051.jpg,0.431467,0.1798622,0.38076827,0.007902593,a
test_5052.jpg,9.422408e-07,1.2098611e-06,0.999995,2.902306e-06,c
test_5053.jpg,3.2563102e-07,1.7429771e-07,0.99999905,4.450848e-07,c
test_5054.jpg,0.9923928,0.0052075996,0.0021708505,0.00022880595,a
test_5055.jpg,0.00020332658,0.9993031,0.00015835089,0.00033522883,b
test_5056.jpg,0.0027856247,0.005204232,0.991751,0.00025910343,c
test_5057.jpg,6.083504e-07,0.9999851,8.9396435e-06,5.4221673e-06,b
test_5058.jpg,1.4738561e-05,2.429978e-05,4.2226684e-06,0.9999567,d
test_5059.jpg,0.0040670345,0.0004286623,0.99517053,0.00033384253,c
test_5060.jpg,0.0011597447,0.9904902,0.0051976154,0.0031525132,b
test_5061.jpg,0.9685042,0.0050822436,0.010759111,0.015654411,a
test_5062.jpg,4.2228025e-06,5.4221855e-06,1.9947108e-06,0.99998844,d
test_5063.jpg,0.0024649962,0.7744788,0.0011643817,0.2218919,b
test_5064.jpg,2.752298e-05,0.99951077,0.0004305318,3.118762e-05,b
test_5065.jpg,7.888962e-06,1.6700933e-05,0.999954,2.1444423e-05,c
test_5066.jpg,3.7266304e-06,1.2098598e-06,1.1365581e-06,0.9999939,d
test_5067.jpg,1.8923049e-05,9.6099175e-05,0.9998702,1.4737285e-05,c
test_5068.jpg,6.593091e-05,0.0015005806,0.00033482478,0.9980987,d
test_5069.jpg,1.5534927e-06,1.7603377e-06,0.9999951,1.5534927e-06,c
test_5070.jpg,2.144247e-05,0.00010889386,6.539584e-06,0.999863,d
test_5071.jpg,1.1365155e-06,4.0063547e-05,2.406003e-06,0.99995637,d
test_5072.jpg,1.0029972e-06,0.99998224,8.939617e-06,7.889184e-06,b
test_5073.jpg,2.5360166e-07,1.8553895e-07,0.9999989,6.4759456e-07,c
test_5074.jpg,0.9999441,8.939276e-06,4.0063052e-05,6.9619155e-06,a
