id,p_a,p_b,p_c,p_d,answer
test_0001.jpg,0.00017950484,0.00012337175,5.4205766e-06,0.9996917,d
test_0002.jpg,0.1992378,0.78800076,0.0015211994,0.011240227,b
test_0003.jpg,3.2887024e-06,1.209846e-06,0.9999825,1.3007069e-05,c
test_0004.jpg,0.9997762,0.00017952001,3.534959e-05,8.937775e-06,a
test_0005.jpg,0.0010313826,0.99814665,0.00048719067,0.00033484088,b
test_0006.jpg,0.00031188971,0.9896925,0.009702604,0.00029299327,b
test_0007.jpg,0.9999863,4.785052e-06,4.2227935e-06,4.785052e-06,a
test_0008.jpg,2.4059905e-06,0.9999511,2.7535105e-05,1.8924582e-05,b
test_0009.jpg,0.0030430087,0.0106211435,0.24173613,0.7445997,d
test_0010.jpg,1.4738144e-05,0.9999285,1.6700506e-05,4.0062427e-05,b
test_0011.jpg,0.0046063964,0.00062340783,6.570671e-05,0.99470454,d
test_0012.jpg,6.023559e-08,0.9999975,1.0677013e-06,1.3709557e-06,b
test_0013.jpg,0.9997415,2.7529333e-05,2.7529333e-05,0.00020341578,a
test_0014.jpg,0.013973241,0.86449385,0.11699651,0.004536447,b
test_0015.jpg,0.005033947,0.0012727812,0.14711349,0.84657973,d
test_0016.jpg,1.892302e-05,8.480709e-05,2.7532835e-05,0.99986863,d
test_0017.jpg,0.99978477,3.534989e-05,0.00013981154,4.0056668e-05,a
test_0018.jpg,0.00039772945,0.9233577,0.00045068655,0.07579382,b
test_0019.jpg,0.000202443,0.99496055,0.004607582,0.00022939796,b
test_0020.jpg,1.5534761e-06,0.9999844,7.889202e-06,6.1441165e-06,b
test_0021.jpg,1.3574302e-07,0.99999774,7.338199e-07,1.370956e-06,b
test_0022.jpg,0.00013970703,0.00033513975,0.9990375,0.00048762548,c
test_0023.jpg,2.1024276e-07,0.999997,1.5534956e-06,1.2098635e-06,b
test_0024.jpg,0.99543816,0.00048586866,0.0035901107,0.00048586866,a
test_0025.jpg,0.0041628275,0.20057626,0.0019663805,0.7932945,d
test_0026.jpg,7.889168e-06,8.939599e-06,2.902263e-06,0.9999802,d
test_0027.jpg,3.288718e-06,2.561256e-06,6.962216e-06,0.99998724,d
test_0028.jpg,0.56050324,0.43652037,0.0020214904,0.0009548845,a
test_0029.jpg,8.851471e-07,2.2603022e-06,0.99998796,8.939669e-06,c
test_0030.jpg,3.4663003e-07,0.99999213,4.222818e-06,3.288734e-06,b
test_0031.jpg,0.9971998,0.00029521575,3.3122284e-05,0.0024718111,a
test_0032.jpg,3.120035e-05,0.9999187,3.120035e-05,1.8923967e-05,b
test_0033.jpg,0.0042028814,0.55046886,0.42870557,0.016622718,b
test_0034.jpg,2.1443499e-05,4.0061725e-05,2.7533999e-05,0.99991095,d
test_0035.jpg,6.143841e-06,2.9021453e-06,5.144175e-05,0.99993956,d
test_0036.jpg,1.3709395e-06,1.3709395e-06,0.9999857,1.1478735e-05,c
test_0037.jpg,0.0015003753,0.052890055,0.008110952,0.93749857,d
test_0038.jpg,0.99951386,0.00033529956,8.4777e-05,6.602439e-05,a
test_0039.jpg,1.6373687e-07,0.9999949,1.2098609e-06,3.726634e-06,b
test_0040.jpg,0.9999529,2.7535154e-05,1.6700915e-05,2.902184e-06,a
test_0041.jpg,0.99996054,2.4299872e-05,3.726506e-06,1.1478447e-05,a
test_0042.jpg,0.99581426,0.0035914672,0.000260165,0.00033405848,a
test_0043.jpg,2.1442085e-05,1.0128523e-05,0.999845,0.00012339068,c
test_0044.jpg,0.9999461,1.3006596e-05,3.5355595e-05,5.4219563e-06,a
test_0045.jpg,0.99840266,0.00070904,0.00017927338,0.00070904,a
test_0046.jpg,0.9997776,5.143342e-05,7.483519e-05,9.6090276e-05,a
test_0047.jpg,1.3709555e-06,6.4759354e-07,0.9999974,5.0434636e-07,c
test_0048.jpg,1.2098559e-06,0.9999907,3.2887294e-06,4.785073e-06,b
test_0049.jpg,0.0001230296,0.00048659157,0.002471116,0.9969193,d
test_0050.jpg,0.78685933,0.0032157141,0.07318932,0.13673563,a
test_0051.jpg,5.7149765e-07,4.222828e-06,7.811447e-07,0.9999945,d
test_0052.jpg,8.315266e-07,5.7149936e-07,1.0677013e-06,0.9999975,d
test_0053.jpg,0.58737665,0.006525166,0.0024004742,0.4036977,a
test_0054.jpg,0.37421167,0.6169707,0.006853926,0.0019636827,b
test_0055.jpg,1.3574306e-07,0.999998,8.31527e-07,1.0677019e-06,b
test_0056.jpg,0.0023510822,0.83704317,0.060635205,0.09997055,b
test_0057.jpg,0.0016736633,0.21920663,0.7651063,0.0140134115,c
test_0058.jpg,0.025292214,0.0034229287,0.3956368,0.5756481,d
test_0059.jpg,6.825599e-08,1.1253511e-07,0.9999994,3.0590215e-07,c
test_0060.jpg,0.999995,1.3709523e-06,1.9947238e-06,1.5534926e-06,a
test_0061.jpg,0.9999944,8.3152406e-07,3.7266323e-06,1.067698e-06,a
test_0062.jpg,0.00015837041,0.0003799109,3.533722e-05,0.99942636,d
test_0063.jpg,1.9750524e-07,3.059021e-07,1.3574324e-07,0.9999993,d
test_0064.jpg,0.9999987,4.7379015e-07,3.6898814e-07,5.04347e-07,a
test_0065.jpg,0.8553422,0.13117099,0.001285955,0.012200801,a
test_0066.jpg,1.0676952e-06,0.99999166,1.0676952e-06,6.144161e-06,b
test_0067.jpg,2.536004e-07,0.9999939,1.0676976e-06,4.7850885e-06,b
test_0068.jpg,7.888043e-06,1.4736804e-05,0.9998375,0.00013981892,c
test_0069.jpg,2.561269e-06,5.0434375e-07,0.99999225,4.7850804e-06,c
test_0070.jpg,1.760255e-06,0.99994814,1.4738434e-05,3.5355668e-05,b
test_0071.jpg,2.2603153e-06,3.2887394e-06,6.475912e-07,0.9999938,d
test_0072.jpg,0.9925011,0.0007986984,0.0052081677,0.0014921649,a
test_0073.jpg,3.7266097e-06,2.5612587e-06,0.9999883,5.422185e-06,c
test_0074.jpg,7.3381193e-07,0.9999869,6.144132e-06,6.144132e-06,b
test_0075.jpg,0.99996567,1.3006851e-05,1.4738693e-05,6.540255e-06,a
test_0076.jpg,0.9958555,0.002468479,0.00017881602,0.0014972083,a
test_0077.jpg,0.0016996851,0.9976903,0.0004869679,0.00012312476,b
test_0078.jpg,1.3709529e-06,2.2603192e-06,0.99999547,8.3152497e-07,c
test_0079.jpg,0.00048763,0.00043033194,3.5323796e-05,0.99904674,d
test_0080.jpg,1.6373714e-07,0.99999654,1.5534949e-06,1.7603402e-06,b
test_0081.jpg,0.0066848947,0.0004842522,0.0007045827,0.99212635,d
test_0082.jpg,4.5391684e-05,0.9998184,8.480283e-05,5.1435516e-05,b
test_0083.jpg,0.9999763,6.9621397e-06,1.3006989e-05,3.7265647e-06,a
test_0084.jpg,9.422387e-07,8.3152275e-07,0.99999285,5.4222096e-06,c
test_0085.jpg,0.00047506276,0.9732992,0.00028814012,0.025937546,b
test_0086.jpg,1.3709453e-06,1.7603285e-06,0.99998987,6.9622342e-06,c
test_0087.jpg,3.689862e-07,0.99999344,3.7266288e-06,2.561272e-06,b
test_0088.jpg,0.041719396,0.0023536473,0.94952905,0.0063978764,c
test_0089.jpg,2.8736758e-07,0.9999964,1.5534947e-06,1.7603401e-06,b
test_0090.jpg,9.93119e-08,6.4120584e-08,0.9999995,2.3823685e-07,c
test_0091.jpg,0.0002610355,0.0005526122,4.0031086e-05,0.9991462,d
test_0092.jpg,3.4663177e-07,0.99999714,1.5534958e-06,9.422428e-07,b
test_0093.jpg,0.00023048713,6.603567e-05,1.8919536e-05,0.9996846,d
test_0094.jpg,4.9937146e-08,0.9999993,3.9278606e-07,2.382368e-07,b
test_0095.jpg,0.014039762,0.98426336,0.0011524538,0.0005443807,b
test_0096.jpg,0.00023043147,0.9994431,0.00023043147,9.605813e-05,b
test_0097.jpg,1.5534936e-06,7.338184e-07,0.9999957,1.9947252e-06,c
test_0098.jpg,0.9998356,7.483953e-05,3.1197756e-05,5.828508e-05,a
test_0099.jpg,5.7150004e-07,3.9278584e-07,0.9999987,2.699575e-07,c
test_0100.jpg,0.9993419,0.00020333448,0.00037987882,7.480258e-05,a
test_0101.jpg,3.256292e-07,0.99999344,2.561272e-06,3.7266288e-06,b
test_0102.jpg,1.3709392e-06,0.99998546,6.9622033e-06,6.1441233e-06,b
test_0103.jpg,0.8198159,0.04625085,0.09791305,0.036020197,a
test_0104.jpg,0.00020340727,0.9996997,4.5386296e-05,5.142941e-05,b
test_0105.jpg,4.5396966e-05,6.96185e-06,1.3006448e-05,0.9999347,d
test_0106.jpg,0.059095968,0.0048508924,0.0116366865,0.9244165,d
test_0107.jpg,4.003416e-05,0.0007096225,0.9992229,2.7515052e-05,c
test_0108.jpg,3.7265754e-06,1.6701351e-05,5.0433715e-07,0.99997914,d
test_0109.jpg,0.9999846,4.785044e-06,6.962198e-06,3.7265959e-06,a
test_0110.jpg,3.1200136e-05,3.5354387e-05,2.1443519e-05,0.9999119,d
test_0111.jpg,1.0676923e-06,1.994712e-06,0.99998903,7.889238e-06,c
test_0112.jpg,1.538171e-07,0.99999833,6.4759416e-07,8.3152736e-07,b
test_0113.jpg,0.019662563,0.032418087,0.00052398955,0.9473954,d
test_0114.jpg,0.020572195,0.012477666,0.874752,0.09219818,c
test_0115.jpg,8.939669e-06,1.9947097e-06,1.0676912e-06,0.99998796,d
test_0116.jpg,0.00043018357,0.9987023,0.0007092528,0.00015825569,b
test_0117.jpg,0.9865514,0.0021580725,0.010959596,0.00033095112,a
test_0118.jpg,6.4759337e-07,0.99999714,1.067701e-06,1.2098637e-06,b
test_0119.jpg,0.014042652,0.0006991425,0.0007922323,0.98446596,d
test_0120.jpg,4.7849903e-06,2.9022435e-06,0.9999734,1.8925002e-05,c
test_0121.jpg,0.040379338,0.00021189131,0.040379338,0.9190295,d
test_0122.jpg,0.9980691,0.00017921349,0.0017003304,5.1345527e-05,a
test_0123.jpg,0.9999839,1.4738961e-05,6.8935043e-07,6.4758484e-07,a
test_0124.jpg,3.2887408e-06,6.4759143e-07,1.9947222e-06,0.99999416,d
test_0125.jpg,2.699555e-07,0.9999914,5.422202e-06,2.9022956e-06,b
test_0126.jpg,0.9999721,7.889104e-06,1.3006935e-05,6.9621105e-06,a
test_0127.jpg,2.2603085e-06,2.2603085e-06,0.9999907,4.785073e-06,c
test_0128.jpg,8.76423e-08,0.99999785,6.475939e-07,1.3709562e-06,b
test_0129.jpg,5.1348405e-05,0.998125,0.0017004258,0.00012317841,b
test_0130.jpg,5.422064e-06,2.4300005e-05,4.222708e-06,0.999966,d
test_0131.jpg,0.9999653,1.30068465e-05,1.892485e-05,2.7263832e-06,a
test_0132.jpg,2.7535132e-05,1.147835e-05,8.939348e-06,0.9999521,d
test_0133.jpg,1.01298765e-05,7.889156e-06,3.2886896e-06,0.99997866,d
test_0134.jpg,1.8923874e-05,8.939006e-06,0.9999138,5.828964e-05,c
test_0135.jpg,0.003247498,0.002529154,0.37535974,0.6188636,d
test_0136.jpg,0.9914532,0.0014905896,0.0011608723,0.0058953958,a
test_0137.jpg,0.99322355,0.0019173725,0.00025948812,0.0045995377,a
test_0138.jpg,0.99876237,6.597475e-05,0.00013966855,0.0010320188,a
test_0139.jpg,0.047372628,0.9515047,0.00059633335,0.0005262624,b
test_0140.jpg,0.96307933,0.0018591805,0.0021067276,0.032954764,a
test_0141.jpg,8.764231e-08,0.9999981,6.47594e-07,1.2098649e-06,b
test_0142.jpg,4.2227607e-06,2.5612337e-06,0.99997854,1.4738882e-05,c
test_0143.jpg,2.5359896e-07,0.9999882,3.7266093e-06,7.889232e-06,b
test_0144.jpg,1.7603131e-06,0.99998116,6.9621738e-06,1.0129902e-05,b
test_0145.jpg,0.99945706,0.00012334279,0.0002611167,0.00015837529,a
test_0146.jpg,4.784323e-06,0.99983394,2.1441849e-05,0.00013981841,b
test_0147.jpg,0.9999541,2.1444424e-05,1.3006701e-05,1.1478373e-05,a
test_0148.jpg,2.6995752e-07,3.4663233e-07,0.9999988,6.4759445e-07,c
test_0149.jpg,1.05716865e-07,0.99999857,7.338205e-07,5.715e-07,b
test_0150.jpg,1.3709532e-06,1.7603388e-06,0.9999957,1.0676995e-06,c
test_0151.jpg,0.99434185,0.0035861568,0.00037797814,0.0016939807,a
test_0152.jpg,0.0023832659,0.74879986,0.24309972,0.0057171574,b
test_0153.jpg,1.8923827e-05,2.4298675e-05,0.9999113,4.5395904e-05,c
test_0154.jpg,1.7603359e-06,2.9023033e-06,1.3709509e-06,0.99999404,d
test_0155.jpg,0.9999794,4.785019e-06,1.4738895e-05,1.067682e-06,a
test_0156.jpg,8.939539e-06,2.9022435e-06,0.9999734,1.4738806e-05,c
test_0157.jpg,0.009625841,0.7646752,0.21908313,0.006615737,b
test_0158.jpg,1.5534944e-06,1.0676999e-06,0.9999962,1.2098625e-06,c
test_0159.jpg,0.9999982,3.9278564e-07,5.368743e-07,8.3152725e-07,a
test_0160.jpg,7.888712e-06,0.9999224,1.147801e-05,5.829014e-05,b
test_0161.jpg,8.315254e-07,1.3709538e-06,0.99999607,1.7603394e-06,c
test_0162.jpg,1.3709517e-06,6.475918e-07,0.99999464,3.2887422e-06,c
test_0163.jpg,0.00048019327,0.98381054,0.014033303,0.0016760392,b
test_0164.jpg,0.9986584,0.0003350126,0.0009106586,9.5982716e-05,a
test_0165.jpg,3.927842e-07,0.9999945,1.7603367e-06,3.288742e-06,b
test_0166.jpg,0.00023002774,0.9976921,0.0009097774,0.0011681772,b
test_0167.jpg,1.0128994e-05,0.9998915,4.0060946e-05,5.828834e-05,b
test_0168.jpg,2.1441783e-05,5.1436167e-05,0.99983096,9.6095406e-05,c
test_0169.jpg,0.9982034,0.0006256007,0.0001395904,0.0010314413,a
test_0170.jpg,9.6101605e-05,6.1435703e-06,2.2600932e-06,0.99989545,d
test_0171.jpg,1.3006644e-05,3.5355723e-05,1.8737846e-06,0.9999497,d
test_0172.jpg,1.99471e-06,0.9999881,3.7266088e-06,6.144139e-06,b
test_0173.jpg,0.9980849,0.00029547777,0.00029547777,0.0013242394,a
test_0174.jpg,0.6322933,0.010220069,0.058812436,0.29867423,a
test_0175.jpg,3.1201133e-05,1.4738371e-05,1.01295245e-05,0.99994385,d
test_0176.jpg,0.00033482185,7.4708856e-05,0.99808985,0.0015005674,c
test_0177.jpg,0.9997403,0.00012337776,8.479621e-05,5.1431503e-05,a
test_0178.jpg,0.00043047476,0.9993783,5.141288e-05,0.0001397547,b
test_0179.jpg,1.14740005e-05,0.9995732,3.534241e-05,0.00037996672,b
test_0180.jpg,0.9991798,0.00026104425,0.00017941292,0.00037981718,a
test_0181.jpg,0.5283321,0.004570968,0.46625143,0.0008455441,a
test_0182.jpg,2.5612653e-06,3.726619e-06,0.9999908,2.902294e-06,c
test_0183.jpg,3.2887112e-06,5.422168e-06,6.1441215e-06,0.9999852,d
test_0184.jpg,0.00042964044,0.0016992611,0.00042964044,0.9974414,d
test_0185.jpg,0.9998927,5.828841e-05,2.1443107e-05,2.7533497e-05,a
test_0186.jpg,0.9999888,5.4221873e-06,2.56126e-06,3.288723e-06,a
test_0187.jpg,0.0002304506,4.0046307e-05,0.00020337195,0.99952614,d
test_0188.jpg,2.4299354e-05,8.939232e-06,2.7534777e-05,0.9999392,d
test_0189.jpg,1.0677011e-06,9.4224293e-07,7.3381955e-07,0.99999726,d
test_0190.jpg,2.902219e-06,9.4221247e-07,0.99996495,3.120179e-05,c
test_0191.jpg,0.9999895,1.9947129e-06,4.7850676e-06,3.726614e-06,a
test_0192.jpg,1.300529e-05,1.5532605e-06,0.9998456,0.00013982005,c
test_0193.jpg,0.073178075,0.8914914,0.03456687,0.0007636817,b
test_0194.jpg,0.00027591243,0.06751354,0.0002148808,0.9319957,d
test_0195.jpg,3.11999e-05,1.30060525e-05,0.9999043,5.1439936e-05,c
test_0196.jpg,0.006676149,0.00058335543,0.11833758,0.874403,d
test_0197.jpg,2.7534774e-05,0.9999391,1.6700684e-05,1.6700684e-05,b
test_0198.jpg,0.20152937,0.0011983374,0.7970641,0.0002082398,c
test_0199.jpg,0.98855025,0.00042581063,4.2160962e-05,0.010981802,a
test_0200.jpg,9.4224123e-07,2.5612771e-06,0.99999547,1.0676991e-06,c
test_0201.jpg,0.99898785,0.00012328489,0.00017937846,0.0007094556,a
test_0202.jpg,1.8925028e-05,3.726559e-06,0.9999747,2.561224e-06,c
test_0203.jpg,0.022898747,0.9736795,0.0012918588,0.0021299152,b
test_0204.jpg,0.0005460267,0.00042524596,0.678519,0.3205097,c
test_0205.jpg,0.000440047,0.70213544,0.2926936,0.0047309515,b
test_0206.jpg,1.9947245e-06,9.422411e-07,1.7603381e-06,0.99999535,d
test_0207.jpg,5.043447e-07,0.99999416,1.9947222e-06,3.2887408e-06,b
test_0208.jpg,0.0011650771,0.0006236208,0.99504435,0.0031670083,c
test_0209.jpg,0.000259811,0.9944594,0.0035865805,0.0016941809,b
test_0210.jpg,0.9999976,8.3152673e-07,6.475937e-07,9.422432e-07,a
test_0211.jpg,1.8922738e-05,0.00012339176,3.9664214e-06,0.99985373,d
test_0212.jpg,0.9999858,2.9022794e-06,3.2887133e-06,7.889213e-06,a
test_0213.jpg,0.9999695,1.147855e-05,1.0129784e-05,8.9395035e-06,a
test_0214.jpg,0.022868065,0.0045029894,0.00025404122,0.97237486,d
test_0215.jpg,7.338123e-07,3.466284e-07,0.9999875,1.1478756e-05,c
test_0216.jpg,1.9947204e-06,9.422392e-07,0.9999933,3.7266284e-06,c
test_0217.jpg,1.20986e-06,1.0676977e-06,0.99999404,3.726631e-06,c
test_0218.jpg,0.99996793,8.93949e-06,1.0129768e-05,1.300688e-05,a
test_0219.jpg,0.9999434,1.8924435e-05,2.7534892e-05,1.0129519e-05,a
test_0220.jpg,0.19331937,0.7645929,0.033593867,0.00849386,b
test_0221.jpg,0.0007075406,0.00020271378,0.0027983775,0.9962914,d
test_0222.jpg,0.0018219943,0.832915,0.0012522371,0.16401069,b
test_0223.jpg,0.000108885346,2.1440796e-05,0.9997849,8.479998e-05,c
test_0224.jpg,0.9999716,1.1478574e-05,1.1478574e-05,5.4220945e-06,a
test_0225.jpg,0.9998578,5.1437546e-05,4.5393474e-05,4.5393474e-05,a
test_0226.jpg,0.99998844,2.2603033e-06,7.8892335e-06,1.4593616e-06,a
test_0227.jpg,1.01298065e-05,1.4738782e-05,3.288667e-06,0.99997175,d
test_0228.jpg,0.00012334994,0.00015838446,0.00020336968,0.99951494,d
test_0229.jpg,1.9947151e-06,6.144155e-06,1.0676941e-06,0.9999907,d
test_0230.jpg,5.825432e-05,0.00043044446,0.999308,0.00020332757,c
test_0231.jpg,0.005908494,5.7924837e-05,0.9936559,0.0003777174,c
test_0232.jpg,1.6373677e-07,0.9999943,2.2603165e-06,3.288741e-06,b
test_0233.jpg,3.2887285e-06,1.370946e-06,0.99999046,4.785072e-06,c
test_0234.jpg,1.5534827e-06,8.315193e-07,0.9999887,8.939675e-06,c
test_0235.jpg,0.99813265,5.8185804e-05,0.0017004387,0.000108705404,a
test_0236.jpg,5.3687137e-07,4.7850826e-06,1.9947192e-06,0.9999927,d
test_0237.jpg,1.47386345e-05,1.9946574e-06,0.99996173,2.1444588e-05,c
test_0238.jpg,0.00070760725,0.002798641,0.000108515094,0.9963852,d
test_0239.jpg,7.484183e-05,3.1198717e-05,2.7532771e-05,0.99986637,d
test_0240.jpg,0.03210199,0.9381577,0.001410463,0.028329907,b
test_0241.jpg,3.288735e-06,1.9947186e-06,2.2603122e-06,0.9999924,d
test_0242.jpg,1.553493e-06,2.9023072e-06,2.8736727e-07,0.99999535,d
test_0243.jpg,8.764237e-08,0.9999987,2.3823665e-07,9.4224424e-07,b
test_0244.jpg,6.1441187e-06,1.2098487e-06,0.99998474,7.889204e-06,c
test_0245.jpg,9.607946e-05,0.00023048263,8.395329e-06,0.999665,d
test_0246.jpg,0.020515295,0.4120607,0.03832762,0.5290964,d
test_0247.jpg,0.005764484,0.40412152,0.5879933,0.002120635,c
test_0248.jpg,0.9999788,7.889157e-06,7.889157e-06,5.422133e-06,a
test_0249.jpg,0.999979,6.1440837e-06,6.9621587e-06,7.889159e-06,a
test_0250.jpg,8.3152673e-07,4.4508417e-07,0.9999976,1.0677015e-06,c
test_0251.jpg,1.8553904e-07,7.2658125e-08,0.9999994,2.8736844e-07,c
test_0252.jpg,7.3381614e-07,0.9999926,2.9022992e-06,3.7266257e-06,b
test_0253.jpg,0.95090455,0.04177983,0.0038861297,0.0034294974,a
test_0254.jpg,0.9999968,1.7603406e-06,7.8114647e-07,5.7149896e-07,a
test_0255.jpg,0.9994696,3.1186333e-05,0.0002958877,0.00020336044,a
test_0256.jpg,1.35743e-07,0.9999975,8.315266e-07,1.5534964e-06,b
test_0257.jpg,6.6045344e-05,0.99983096,5.1436167e-05,5.1436167e-05,b
test_0258.jpg,3.6898783e-07,0.99999785,9.4224345e-07,8.3152696e-07,b
test_0259.jpg,5.8284902e-05,8.480403e-05,2.4296762e-05,0.9998325,d
test_0260.jpg,3.4663077e-07,0.9999943,2.902304e-06,2.5612742e-06,b
test_0261.jpg,0.99997544,6.1440614e-06,6.9621337e-06,1.1478618e-05,a
test_0262.jpg,0.01093924,0.0024408742,0.9847189,0.0019009548,c
test_0263.jpg,0.99999285,1.5534891e-06,3.2887365e-06,2.2603133e-06,a
test_0264.jpg,3.927857e-07,5.368744e-07,7.338203e-07,0.99999833,d
test_0265.jpg,4.7849294e-06,0.99996066,3.2886305e-06,3.120166e-05,b
test_0266.jpg,0.7314662,0.0063284226,0.09899318,0.16321218,a
test_0267.jpg,6.497496e-05,0.07584916,5.3866133e-05,0.924032,d
test_0268.jpg,5.043471e-07,3.6898822e-07,2.2380269e-07,0.9999989,d
test_0269.jpg,5.143936e-05,2.4298233e-05,3.119955e-05,0.99989307,d
test_0270.jpg,0.9977902,0.0002606812,0.0006253417,0.0013238485,a
test_0271.jpg,0.43729877,0.0009565873,0.00024186312,0.56150275,d
test_0272.jpg,5.1429768e-05,1.1475532e-05,0.99970657,0.00023049221,c
test_0273.jpg,0.9998505,1.3005353e-05,0.0001088925,2.7532335e-05,a
test_0274.jpg,0.9999914,1.8738629e-06,4.7850767e-06,1.9947167e-06,a
test_0275.jpg,2.9021874e-06,0.9999541,2.9021874e-06,4.0063456e-05,b
test_0276.jpg,0.0008036893,0.998703,0.00033502752,0.0001582558,b
test_0277.jpg,0.0006262337,0.000108823115,5.14044e-05,0.99921346,d
test_0278.jpg,0.0021823356,0.9976432,0.00012311895,5.1323615e-05,b
test_0279.jpg,7.484162e-05,5.143784e-05,1.01287105e-05,0.9998635,d
test_0280.jpg,0.0008747112,0.95923734,0.0026943004,0.037193667,b
test_0281.jpg,0.99803704,0.00013956713,0.00012316756,0.0017002758,a
test_0282.jpg,6.9617936e-06,3.5354904e-05,0.99992657,3.1200594e-05,c
test_0283.jpg,4.5395933e-05,0.9999119,3.1200136e-05,1.1477889e-05,b
test_0284.jpg,3.9278598e-07,1.2751893e-07,0.99999905,4.450848e-07,c
test_0285.jpg,1.14775485e-05,0.9998822,9.610033e-05,1.01289e-05,b
test_0286.jpg,2.4293035e-05,0.9996792,0.0002304859,6.603531e-05,b
test_0287.jpg,1.7603168e-06,0.9999832,6.144109e-06,8.939626e-06,b
test_0288.jpg,0.9925684,0.00025931696,0.00048446792,0.006687873,a
test_0289.jpg,1.2098517e-06,0.99998724,1.3709416e-06,1.0129964e-05,b
test_0290.jpg,1.0677013e-06,8.315266e-07,6.475936e-07,0.9999975,d
test_0291.jpg,1.067702e-06,3.466321e-07,4.7378987e-07,0.9999981,d
test_0292.jpg,0.19908436,0.37193853,0.057038624,0.37193853,b
test_0293.jpg,6.4759416e-07,2.8736812e-07,0.99999833,8.3152736e-07,c
test_0294.jpg,0.0024333128,0.21903984,0.7645241,0.014002748,c
test_0295.jpg,5.714994e-07,9.422432e-07,0.9999976,8.3152673e-07,c
test_0296.jpg,0.009611816,0.0014740196,0.9804318,0.0084823975,c
test_0297.jpg,0.052980065,0.0071700714,0.00075572,0.93909407,d
test_0298.jpg,8.93966e-06,2.2603e-06,0.999987,1.7603235e-06,c
test_0299.jpg,0.0010313478,0.99811304,0.00062554405,0.0002301248,b
test_0300.jpg,6.603991e-05,0.99974877,0.0001398065,4.5388526e-05,b
test_0301.jpg,0.99999905,2.3823674e-07,2.3823674e-07,5.043472e-07,a
test_0302.jpg,5.8279387e-05,4.538803e-05,0.9997379,0.00015841979,c
test_0303.jpg,0.00055193936,0.9979298,0.00048708482,0.0010311585,b
test_0304.jpg,0.00020330565,0.9992003,0.000108821674,0.00048770494,b
test_0305.jpg,8.470399e-05,0.99865305,0.00023024932,0.0010319059,b
test_0306.jpg,0.005699175,0.0030505487,0.9584539,0.032796487,c
test_0307.jpg,9.60954e-05,0.99983084,1.4736705e-05,5.8284804e-05,b
test_0308.jpg,0.0005510877,0.9963899,0.0027986546,0.00026031537,b
test_0309.jpg,0.00015840065,6.6031214e-05,0.00015840065,0.9996171,d
test_0310.jpg,4.2225392e-06,0.9999261,5.8290356e-05,1.1478051e-05,b
test_0311.jpg,0.02591804,0.0012903833,0.00022423499,0.9725673,d
test_0312.jpg,0.77033687,0.22070521,0.00040024752,0.00855767,a
test_0313.jpg,0.9999982,7.3382023e-07,5.7149975e-07,4.4508442e-07,a
test_0314.jpg,0.96237034,0.00019581192,0.000118765936,0.03731515,a
test_0315.jpg,1.209844e-06,0.9999808,1.0129898e-05,7.8891735e-06,b
test_0316.jpg,0.00020326054,0.000709449,0.00010879753,0.9989786,d
test_0317.jpg,5.04347e-07,3.0590192e-07,0.9999987,5.7150004e-07,c
test_0318.jpg,0.0021666114,0.0058894595,0.99045485,0.0014890886,c
test_0319.jpg,1.1478503e-05,1.0129743e-05,1.3006848e-05,0.9999654,d
test_0320.jpg,0.99998677,1.9947074e-06,1.0129959e-05,1.0676899e-06,a
test_0321.jpg,7.33811e-07,1.3007111e-05,5.714926e-07,0.9999857,d
test_0322.jpg,3.2887074e-06,3.7265936e-06,8.9396335e-06,0.999984,d
test_0323.jpg,7.3381955e-07,1.3709554e-06,5.368738e-07,0.99999726,d
test_0324.jpg,0.9911725,0.008575322,7.4191084e-05,0.00017797513,a
test_0325.jpg,0.0017793096,0.813402,0.003324188,0.18149452,b
test_0326.jpg,0.99998975,1.7603282e-06,4.7850685e-06,3.726615e-06,a
test_0327.jpg,2.2603147e-06,3.7266288e-06,6.47591e-07,0.99999344,d
test_0328.jpg,2.1443971e-05,0.999933,1.01294145e-05,3.5355133e-05,b
test_0329.jpg,0.9998648,0.000108894055,1.4737207e-05,1.1477348e-05,a
test_0330.jpg,0.97881615,0.02031468,0.00025572407,0.0006134502,a
test_0331.jpg,9.422317e-07,0.99998534,2.2602962e-06,1.1478732e-05,b
test_0332.jpg,2.2603167e-06,2.5612744e-06,8.3152406e-07,0.9999944,d
test_0333.jpg,0.99998045,4.785024e-06,6.9621688e-06,7.88917e-06,a
test_0334.jpg,0.99959034,0.00037997324,1.6694858e-05,1.3001969e-05,a
test_0335.jpg,2.5612703e-06,2.9023e-06,1.7603337e-06,0.99999285,d
test_0336.jpg,6.604847e-05,4.5394412e-05,1.01288615e-05,0.9998784,d
test_0337.jpg,8.9394025e-06,5.4220213e-06,0.99995816,2.75353e-05,c
test_0338.jpg,3.2562994e-07,0.9999957,2.902308e-06,1.0676995e-06,b
test_0339.jpg,0.9993876,3.533585e-05,2.428595e-05,0.00055274565,a
test_0340.jpg,5.4221946e-06,3.7266163e-06,7.3381426e-07,0.9999901,d
test_0341.jpg,0.013986539,0.0040072105,0.0014741704,0.9805321,d
test_0342.jpg,2.536018e-07,9.329488e-08,0.9999994,2.536018e-07,c
test_0343.jpg,2.1444424e-05,1.3006701e-05,0.9999541,1.1478373e-05,c
test_0344.jpg,0.9999509,4.7848825e-06,8.939337e-06,3.5355766e-05,a
test_0345.jpg,0.00023046527,4.0048857e-05,0.99958974,0.00013978426,c
test_0346.jpg,0.00943329,0.0027026827,0.9622217,0.02564234,c
test_0347.jpg,0.08464972,0.0010655826,0.91007024,0.004214462,c
test_0348.jpg,2.1435048e-05,0.99951684,0.00043053442,3.118781e-05,b
test_0349.jpg,0.99981254,1.8921957e-05,0.0001584316,1.0128194e-05,a
test_0350.jpg,2.6995707e-07,0.99999714,1.067701e-06,1.5534958e-06,b
test_0351.jpg,0.99984646,6.604636e-05,6.604636e-05,2.1442116e-05,a
test_0352.jpg,0.99981767,4.005799e-05,1.8922055e-05,0.00012338729,a
test_0353.jpg,1.4449793e-07,3.466325e-07,2.382368e-07,0.9999993,d
test_0354.jpg,0.99999034,3.288728e-06,1.5534853e-06,4.7850713e-06,a
test_0355.jpg,0.9996474,4.0051167e-05,0.00029594035,1.669581e-05,a
test_0356.jpg,7.338191e-07,1.9947272e-06,5.7149884e-07,0.99999666,d
test_0357.jpg,0.99902344,0.00010880242,0.00070948084,0.00015830658,a
test_0358.jpg,2.2380218e-07,1.9947272e-06,1.0677005e-06,0.99999666,d
test_0359.jpg,0.9664472,0.033070005,0.00019664144,0.0002861116,a
test_0360.jpg,6.6018765e-05,7.4809075e-05,0.9994287,0.00043049647,c
test_0361.jpg,3.1199233e-05,0.99988294,5.828784e-05,2.7533228e-05,b
test_0362.jpg,9.4223066e-07,3.288708e-06,0.99998426,1.1478719e-05,c
test_0363.jpg,0.00017941352,0.00055263255,8.474894e-05,0.9991831,d
test_0364.jpg,0.98842955,0.008551591,0.0027762954,0.00024258999,a
test_0365.jpg,6.475905e-07,0.9999927,3.7266261e-06,2.9022995e-06,b
test_0366.jpg,0.02027989,0.0006939397,0.0018863237,0.9771399,d
test_0367.jpg,0.00020132479,0.002779203,0.0075546564,0.98946476,d
test_0368.jpg,0.00079959776,0.0027908706,0.0027908706,0.9936187,d
test_0369.jpg,0.9999434,1.0129519e-05,2.7534892e-05,1.8924435e-05,a
test_0370.jpg,1.5534936e-06,1.5534936e-06,1.2098619e-06,0.9999957,d
test_0371.jpg,0.9998708,1.0128784e-05,0.0001088947,1.0128784e-05,a
test_0372.jpg,2.1441781e-05,0.00012338893,2.4296722e-05,0.99983084,d
test_0373.jpg,0.99762434,8.461673e-05,0.00010865004,0.0021822944,a
test_0374.jpg,0.00015841256,0.0001397986,9.513414e-06,0.9996923,d
test_0375.jpg,0.00090761797,0.0035896986,0.00017872057,0.99532396,d
test_0376.jpg,1.7603293e-06,0.99999034,4.2228103e-06,3.7266173e-06,b
test_0377.jpg,0.9990785,9.602309e-05,0.00080399145,2.1425647e-05,a
test_0378.jpg,0.03714821,0.0020957587,0.0026910075,0.958065,d
test_0379.jpg,0.9992668,0.00017942855,0.00012331932,0.00043042673,a
test_0380.jpg,0.0059052934,0.9931177,0.0005492779,0.00042777805,b
test_0381.jpg,1.1478083e-05,1.3708616e-06,0.99992883,5.8290516e-05,c
test_0382.jpg,0.00013981212,4.0056835e-05,0.99978894,3.11963e-05,c
test_0383.jpg,1.0129683e-05,1.8924738e-05,0.99995947,1.1478434e-05,c
test_0384.jpg,0.9999949,3.288743e-06,1.0676986e-06,7.81145e-07,a
test_0385.jpg,5.827044e-05,0.9995845,9.6071715e-05,0.00026114998,b
test_0386.jpg,0.9999641,6.143992e-06,1.3006831e-05,1.6701102e-05,a
test_0387.jpg,6.962174e-06,4.785028e-06,6.962174e-06,0.9999813,d
test_0388.jpg,9.422408e-07,3.256297e-07,0.999995,3.7266345e-06,c
test_0389.jpg,2.561245e-06,1.3709357e-06,1.3007076e-05,0.99998295,d
test_0390.jpg,0.99690455,0.00022984618,0.0016983465,0.0011672552,a
test_0391.jpg,9.422427e-07,1.0677009e-06,9.422427e-07,0.999997,d
test_0392.jpg,1.3574325e-07,1.8553904e-07,0.9999994,3.4663256e-07,c
test_0393.jpg,0.99991035,3.120009e-05,5.144025e-05,6.961681e-06,a
test_0394.jpg,0.9999896,3.2887258e-06,4.2228075e-06,2.9022906e-06,a
test_0395.jpg,0.965886,0.00077728037,0.0330508,0.00028594548,a
test_0396.jpg,0.9999976,6.475937e-07,4.7378964e-07,1.2098643e-06,a
test_0397.jpg,4.7850767e-06,4.737867e-07,0.9999914,3.2887317e-06,c
test_0398.jpg,1.7603415e-06,1.9750485e-07,0.99999726,7.3381955e-07,c
test_0399.jpg,1.7429748e-07,0.99999774,1.370956e-06,7.338199e-07,b
test_0400.jpg,0.99999344,4.2228235e-06,1.4593688e-06,9.422393e-07,a
test_0401.jpg,0.9994462,0.0002958808,2.7521202e-05,0.00023043218,a
test_0402.jpg,1.9947242e-06,1.3709525e-06,1.3709525e-06,0.99999523,d
test_0403.jpg,0.0010232298,0.0011594712,0.99025655,0.0075607016,c
test_0404.jpg,0.9999993,3.6898837e-07,1.637376e-07,1.9750524e-07,a
test_0405.jpg,3.2887388e-06,1.5534903e-06,1.5534903e-06,0.99999356,d
test_0406.jpg,0.9043007,0.024098797,0.00609313,0.06550732,a
test_0407.jpg,6.475924e-07,3.2887453e-06,3.927846e-07,0.9999956,d
test_0408.jpg,5.422145e-06,2.2602862e-06,0.9999809,1.1478681e-05,c
test_0409.jpg,4.2224374e-06,0.999902,7.48445e-05,1.8923653e-05,b
test_0410.jpg,0.99962676,0.00017949319,8.4786574e-05,0.000108868124,a
test_0411.jpg,1.7603198e-06,0.999985,7.889206e-06,5.422167e-06,b
test_0412.jpg,0.00026111671,0.9994572,0.0001583753,0.00012334282,b
test_0413.jpg,0.99998,3.7265786e-06,1.30070375e-05,3.288694e-06,a
test_0414.jpg,1.4738274e-05,7.88883e-06,4.006278e-05,0.9999373,d
test_0415.jpg,8.3152656e-07,6.4759354e-07,1.209864e-06,0.9999974,d
test_0416.jpg,6.962017e-06,6.962017e-06,0.99995863,2.7535312e-05,c
test_0417.jpg,0.022641655,0.96274763,0.013732857,0.0008779122,b
test_0418.jpg,0.9999918,2.2603108e-06,3.7266225e-06,2.2603108e-06,a
test_0419.jpg,0.00012318313,0.9981633,0.0009102071,0.00080325495,b
test_0420.jpg,0.038834278,0.36844936,0.47309834,0.11961799,c
test_0421.jpg,6.601299e-05,0.00055272,4.00389e-05,0.9993412,d
test_0422.jpg,0.74429816,0.010616843,0.24163823,0.0034467846,a
test_0423.jpg,0.00023014126,0.9981844,8.4664236e-05,0.0015007096,b
test_0424.jpg,0.9987827,0.00029568435,0.00062596373,0.00029568435,a
test_0425.jpg,0.98672235,0.012421001,0.0004816145,0.00037508176,a
test_0426.jpg,1.3709542e-06,1.5534947e-06,6.475929e-07,0.9999964,d
test_0427.jpg,0.00015842638,1.6698019e-05,0.9997795,4.538992e-05,c
test_0428.jpg,0.02928626,0.00019732927,0.9698277,0.0006887468,c
test_0429.jpg,5.422135e-06,1.0129882e-05,0.99997914,5.422135e-06,c
test_0430.jpg,0.0020745264,0.047216002,0.9483588,0.0023507464,c
test_0431.jpg,0.9999864,6.1441287e-06,3.7266025e-06,3.7266025e-06,a
test_0432.jpg,1.2098631e-06,1.553495e-06,5.7149884e-07,0.99999666,d
test_0433.jpg,1.0129907e-05,6.1440996e-06,1.9946972e-06,0.99998164,d
test_0434.jpg,0.0031712893,0.00026031525,0.0001789119,0.99638945,d
test_0435.jpg,0.0012746403,0.9607018,0.00077310845,0.03725045,b
test_0436.jpg,0.99999774,9.4224333e-07,7.338199e-07,5.7149947e-07,a
test_0437.jpg,7.338168e-07,1.994721e-06,3.726629e-06,0.99999356,d
test_0438.jpg,2.102428e-07,0.99999726,1.9947283e-06,6.475935e-07,b
test_0439.jpg,0.9953243,0.0007068538,0.0008009703,0.003167899,a
test_0440.jpg,0.0016707319,0.00014598692,0.8654606,0.13272268,c
test_0441.jpg,0.91314685,0.045462903,0.031246167,0.010144146,a
test_0442.jpg,1.4738823e-05,7.8891235e-06,2.9022465e-06,0.9999745,d
test_0443.jpg,0.999889,6.604918e-05,3.5353576e-05,9.515286e-06,a
test_0444.jpg,0.9999901,2.902292e-06,3.7266163e-06,3.2887274e-06,a
test_0445.jpg,8.3152685e-07,1.0677016e-06,3.4663196e-07,0.99999774,d
test_0446.jpg,0.0010314236,0.0005520812,0.0002301417,0.9981863,d
test_0447.jpg,4.7850654e-06,2.5612605e-06,3.7266122e-06,0.99998903,d
test_0448.jpg,0.999982,7.889183e-06,5.4221505e-06,4.7850317e-06,a
test_0449.jpg,0.0027911456,0.0013184438,0.0021737462,0.99371666,d
test_0450.jpg,1.4735771e-05,0.9997675,0.000108883454,0.000108883454,b
test_0451.jpg,6.1440046e-06,0.99996614,1.4738699e-05,1.3006857e-05,b
test_0452.jpg,3.689859e-07,0.9999926,2.2603128e-06,4.785082e-06,b
test_0453.jpg,3.0590195e-07,5.715001e-07,3.0590195e-07,0.9999988,d
test_0454.jpg,5.0434227e-07,0.9999893,5.42219e-06,4.7850663e-06,b
test_0455.jpg,3.2887308e-06,2.5612662e-06,0.9999912,2.902295e-06,c
test_0456.jpg,6.6048975e-05,1.6699798e-05,0.99988604,3.119933e-05,c
test_0457.jpg,1.9750522e-07,4.4508485e-07,1.7429774e-07,0.99999917,d
test_0458.jpg,0.99879444,0.00070931826,6.597687e-05,0.00043022327,a
test_0459.jpg,0.17516257,0.5395387,0.25486004,0.030438693,b
test_0460.jpg,0.035981223,0.927968,0.028022205,0.008028496,b
test_0461.jpg,0.99994755,2.4299556e-05,1.1478298e-05,1.6700824e-05,a
test_0462.jpg,1.9946785e-06,1.3709212e-06,0.99997234,2.430016e-05,c
test_0463.jpg,0.99951017,5.141966e-05,7.88546e-06,0.00043053154,a
test_0464.jpg,3.1188807e-05,0.99954873,4.0047213e-05,0.00037995743,b
test_0465.jpg,0.0014958605,0.9949591,0.003166737,0.0003782128,b
test_0466.jpg,0.0015716513,0.00016565081,0.9225363,0.07572639,c
test_0467.jpg,0.006691977,9.545592e-05,3.511627e-05,0.9931774,d
test_0468.jpg,9.422426e-07,9.422426e-07,1.2098634e-06,0.9999969,d
test_0469.jpg,8.93956e-06,2.2602746e-06,0.9999758,1.3006983e-05,c
test_0470.jpg,0.0010308982,0.00012312323,0.99767786,0.0011681606,c
test_0471.jpg,0.4216792,0.009916944,0.5414468,0.02695705,c
test_0472.jpg,0.7540015,0.0010003943,0.00020969406,0.24478844,a
test_0473.jpg,1.1979276e-07,0.9999974,1.5534962e-06,9.4224305e-07,b
test_0474.jpg,0.0006201982,9.511048e-05,0.98958325,0.009701533,c
test_0475.jpg,0.9999789,4.7850167e-06,1.3007023e-05,3.2886906e-06,a
test_0476.jpg,0.0047193933,0.030774308,0.89935714,0.06514922,c
test_0477.jpg,4.0051742e-05,0.9996618,0.00015840773,0.00013979434,b
test_0478.jpg,5.4219063e-06,0.99993694,6.143825e-06,5.1441617e-05,b
test_0479.jpg,0.0033594957,0.2668778,0.0043136775,0.725449,d
test_0480.jpg,1.057168e-07,0.999998,4.450843e-07,1.3709564e-06,b
test_0481.jpg,3.1199903e-05,0.9999044,4.0061463e-05,2.4298508e-05,b
test_0482.jpg,1.3000376e-05,3.1186282e-05,0.00048783555,0.9994679,d
test_0483.jpg,0.99994004,3.535538e-05,1.6700698e-05,7.8888515e-06,a
test_0484.jpg,1.2098639e-06,9.4224293e-07,0.99999726,6.475935e-07,c
test_0485.jpg,0.00033527226,0.9994325,0.00010884697,0.00012333976,b
test_0486.jpg,2.260302e-06,1.9947095e-06,7.889229e-06,0.99998784,d
test_0487.jpg,0.008575158,0.99115354,0.00020166839,6.969473e-05,b
test_0488.jpg,0.99993217,1.3006415e-05,4.0062576e-05,1.4738199e-05,a
test_0489.jpg,0.008504399,0.0010157055,0.007505105,0.9829748,d
test_0490.jpg,1.4736592e-05,0.99982315,9.6094656e-05,6.604482e-05,b
test_0491.jpg,5.714997e-07,1.1979284e-07,0.9999981,1.2098649e-06,c
test_0492.jpg,1.4737373e-05,2.4297822e-05,0.99987614,8.4807725e-05,c
test_0493.jpg,0.99998116,1.3007053e-05,1.5534711e-06,4.2227716e-06,a
test_0494.jpg,5.714995e-07,3.0590166e-07,0.99999785,1.2098645e-06,c
test_0495.jpg,8.315235e-07,2.9023022e-06,0.9999937,2.5612726e-06,c
test_0496.jpg,0.9998379,1.8922437e-05,8.480448e-05,5.8285215e-05,a
test_0497.jpg,3.2887376e-06,3.2887376e-06,1.637366e-07,0.9999932,d
test_0498.jpg,0.0005523725,0.9987129,0.00062592,0.000108768596,b
test_0499.jpg,1.5381704e-07,0.999998,7.3382006e-07,1.2098646e-06,b
test_0500.jpg,4.5385492e-05,1.1475249e-05,0.99968195,0.00026117545,c
test_0501.jpg,6.0835504e-07,4.1811592e-07,0.99999285,6.1441683e-06,c
test_0502.jpg,8.476733e-05,2.7519927e-05,0.9993999,0.00048780238,c
test_0503.jpg,9.60646e-05,5.8266123e-05,0.9995104,0.0003352984,c
test_0504.jpg,0.00048616668,0.000294875,0.99604875,0.003170205,c
test_0505.jpg,0.0074659507,0.013948233,0.00073922926,0.9778466,d
test_0506.jpg,0.9999403,4.539722e-05,1.0129488e-05,4.222599e-06,a
test_0507.jpg,0.9994185,7.480831e-05,0.00048781143,1.8914501e-05,a
test_0508.jpg,0.0025155388,0.8955938,0.0833032,0.018587455,b
test_0509.jpg,1.994725e-06,1.2098618e-06,1.2098618e-06,0.9999956,d
test_0510.jpg,0.36740667,0.0638457,0.53457355,0.03417414,c
test_0511.jpg,2.6995718e-07,0.9999976,7.338198e-07,1.3709558e-06,b
test_0512.jpg,0.999984,3.2887074e-06,1.0129931e-05,2.5612478e-06,a
test_0513.jpg,1.5534962e-06,8.3152656e-07,2.6995713e-07,0.9999974,d
test_0514.jpg,0.0019254033,0.00013947574,0.00055163726,0.99738353,d
test_0515.jpg,1.0029962e-06,0.99998116,8.939608e-06,8.939608e-06,b
test_0516.jpg,0.0002610808,0.00012332584,0.9993197,0.00029584335,c
test_0517.jpg,5.715e-07,6.4759433e-07,3.059019e-07,0.99999857,d
test_0518.jpg,1.209864e-06,1.0677012e-06,3.4663185e-07,0.9999974,d
test_0519.jpg,0.009677915,0.98717415,0.0024469602,0.00070106576,b
test_0520.jpg,2.9022895e-06,9.422354e-07,0.9999893,6.96223e-06,c
test_0521.jpg,4.5378794e-05,8.4778745e-05,0.00033530645,0.9995345,d
test_0522.jpg,0.00094258745,0.084849015,0.9122129,0.0019954578,c
test_0523.jpg,2.561235e-06,0.999979,1.3007025e-05,5.4221346e-06,b
test_0524.jpg,0.9233652,0.00032973193,0.0005106988,0.07579443,a
test_0525.jpg,8.479338e-05,8.479338e-05,0.9997069,0.00012337364,c
test_0526.jpg,0.75678533,0.16886163,0.06212072,0.012232295,a
test_0527.jpg,0.0001088953,6.9614434e-06,7.888349e-06,0.99987626,d
test_0528.jpg,0.99983764,6.604578e-05,8.4804466e-05,1.1477036e-05,a
test_0529.jpg,0.9989403,0.00010879336,4.0022835e-05,0.0009109156,a
test_0530.jpg,0.0003350657,0.99881685,0.00055243,0.00029569448,b
test_0531.jpg,1.3709449e-06,0.9999896,6.9622324e-06,1.994713e-06,b
test_0532.jpg,7.3379965e-07,0.9999702,4.784975e-06,2.4300107e-05,b
test_0533.jpg,0.001169341,0.00012324765,0.998686,2.1417229e-05,c
test_0534.jpg,0.0009040871,7.4211996e-05,0.007569828,0.99145186,d
test_0535.jpg,4.222182e-06,0.99984145,0.00010889151,4.5392735e-05,b
test_0536.jpg,0.0006261217,0.0002303373,0.99903476,0.00010880365,c
test_0537.jpg,7.338196e-07,1.209864e-06,7.338196e-07,0.9999974,d
test_0538.jpg,0.0013240721,0.00048709897,0.00023008924,0.9979588,d
test_0539.jpg,0.5297151,0.46747196,0.0019104511,0.00090243324,a
test_0540.jpg,0.005205553,0.0024589293,0.99200284,0.00033277986,c
test_0541.jpg,4.1811612e-07,0.9999933,3.7266284e-06,2.5612717e-06,b
test_0542.jpg,0.00028992014,7.330329e-05,0.9793118,0.020324968,c
test_0543.jpg,0.006535432,0.0008308869,0.40433285,0.58830076,d
test_0544.jpg,1.0676945e-06,0.99999106,4.2228135e-06,3.7266198e-06,b
test_0545.jpg,4.7849835e-06,1.760297e-06,0.999972,2.1444808e-05,c
test_0546.jpg,3.927857e-07,3.466322e-07,0.99999833,9.422439e-07,c
test_0547.jpg,0.0075644264,0.00037661064,0.9907444,0.0013145002,c
test_0548.jpg,0.9999951,1.7603377e-06,2.2603183e-06,8.315247e-07,a
test_0549.jpg,2.260321e-06,1.2098627e-06,2.53601e-07,0.9999963,d
test_0550.jpg,1.4449797e-07,1.1253513e-07,0.99999964,1.7429782e-07,c
test_0551.jpg,0.9999808,2.902265e-06,3.2886967e-06,1.3007048e-05,a
test_0552.jpg,3.0590198e-07,1.9750517e-07,0.9999989,5.043471e-07,c
test_0553.jpg,8.938073e-06,5.8283553e-05,0.99980944,0.00012338629,c
test_0554.jpg,0.015899815,0.00032999014,8.343457e-05,0.98368675,d
test_0555.jpg,0.99981135,5.8283666e-05,0.00010888823,2.1441363e-05,a
test_0556.jpg,0.00013980306,0.9997241,4.005424e-05,9.608514e-05,b
test_0557.jpg,6.9612524e-06,3.5352157e-05,0.99984884,0.000108892316,c
test_0558.jpg,0.64343196,0.011784868,0.00037882396,0.34440434,a
test_0559.jpg,2.7527447e-05,0.999673,9.608022e-05,0.00020340184,b
test_0560.jpg,2.8736716e-07,0.999995,2.902306e-06,1.7603375e-06,b
test_0561.jpg,4.0047624e-05,0.999559,0.00013977996,0.00026114332,b
test_0562.jpg,0.0027936408,0.001694429,0.0009069624,0.994605,d
test_0563.jpg,4.4508437e-07,1.855388e-07,0.9999981,1.2098649e-06,c
test_0564.jpg,0.0014978071,0.00055101246,0.001697238,0.99625385,d
test_0565.jpg,0.9978623,0.0011683765,0.0007086562,0.00026070004,a
test_0566.jpg,1.30052385e-05,5.42139e-06,0.9998417,0.0001398195,c
test_0567.jpg,0.00048772278,0.9992368,0.00017942316,9.6038304e-05,b
test_0568.jpg,0.73568404,0.008172712,0.23884164,0.01730163,a
test_0569.jpg,2.260208e-06,0.99994624,1.1478282e-05,4.006314e-05,b
test_0570.jpg,2.9023033e-06,8.315238e-07,0.99999404,2.260316e-06,c
test_0571.jpg,3.535499e-05,1.1478084e-05,2.4299105e-05,0.99992895,d
test_0572.jpg,1.8924824e-05,1.0129728e-05,6.962054e-06,0.999964,d
test_0573.jpg,4.4508468e-07,5.715001e-07,2.1024313e-07,0.9999988,d
test_0574.jpg,0.0024287845,0.7631014,0.015837664,0.21863222,b
test_0575.jpg,0.9970982,0.0003344892,0.0024715594,9.583276e-05,a
test_0576.jpg,4.4508388e-07,9.422427e-07,0.999997,1.5534956e-06,c
test_0577.jpg,1.8904995e-05,0.0002609754,0.99891627,0.0008038609,c
test_0578.jpg,0.011708929,0.024787804,0.8208594,0.14264396,c
test_0579.jpg,1.300464e-05,5.1434352e-05,0.99979573,0.00013981307,c
test_0580.jpg,6.4758484e-07,1.4738961e-05,6.4758484e-07,0.9999839,d
test_0581.jpg,0.99980754,1.0128143e-05,0.00017952564,2.901762e-06,a
test_0582.jpg,5.0898593e-06,0.00070963457,0.9992399,4.536542e-05,c
test_0583.jpg,6.9619487e-06,0.99994886,2.7535043e-05,1.6700846e-05,b
test_0584.jpg,1.8553803e-07,0.9999939,1.7603356e-06,4.2228257e-06,b
test_0585.jpg,2.536018e-07,9.329488e-08,0.9999994,2.3823682e-07,c
test_0586.jpg,1.0676965e-06,4.785084e-06,1.2098586e-06,0.99999297,d
test_0587.jpg,0.9985071,0.0007091142,0.0007091142,7.474009e-05,a
test_0588.jpg,0.0002022144,5.1127812e-05,0.99383706,0.005909571,c
test_0589.jpg,0.9986148,0.00013964792,0.00033499795,0.0009106188,a
test_0590.jpg,0.99998,6.144089e-06,6.962165e-06,6.962165e-06,a
test_0591.jpg,8.939616e-06,4.785032e-06,4.2227757e-06,0.9999821,d
test_0592.jpg,1.9947213e-06,2.5612726e-06,0.9999937,1.7603352e-06,c
test_0593.jpg,5.1419098e-05,0.00043052682,1.891603e-05,0.9994992,d
test_0594.jpg,0.992405,0.00020192303,0.0014920206,0.0059010554,a
test_0595.jpg,0.0011691637,0.00026087568,3.5305686e-05,0.99853456,d
test_0596.jpg,1.6699934e-05,4.2224046e-06,0.99989426,8.480927e-05,c
test_0597.jpg,0.9998927,2.7533497e-05,5.828841e-05,2.1443107e-05,a
test_0598.jpg,0.99993336,2.7534616e-05,3.1200805e-05,7.888799e-06,a
test_0599.jpg,0.99999607,6.475927e-07,2.2603206e-06,1.0676998e-06,a
test_0600.jpg,8.939395e-06,6.14395e-06,0.9999573,2.7535276e-05,c
test_0601.jpg,0.9999863,6.962209e-06,4.2227935e-06,2.5612537e-06,a
test_0602.jpg,3.0590087e-07,0.99999523,1.5534929e-06,2.9023067e-06,b
test_0603.jpg,8.480379e-05,4.5392197e-05,0.99982965,4.005847e-05,c
test_0604.jpg,1.5534926e-06,8.315246e-07,2.561276e-06,0.999995,d
test_0605.jpg,3.7266225e-06,1.2098571e-06,0.9999918,3.2887328e-06,c
test_0606.jpg,0.9999912,2.5612662e-06,3.7266202e-06,2.5612662e-06,a
test_0607.jpg,0.9999455,8.93929e-06,3.5355577e-05,1.0129541e-05,a
test_0608.jpg,0.00048552273,0.00017861382,0.0046065114,0.99472946,d
test_0609.jpg,0.0009086224,0.00048635056,0.99642545,0.0021796718,c
test_0610.jpg,1.6373698e-07,0.9999956,1.994725e-06,2.2603194e-06,b
test_0611.jpg,0.0008989268,0.0008989268,0.012409302,0.98579293,d
test_0612.jpg,0.015838534,0.0031187923,0.0011473395,0.97989535,d
test_0613.jpg,6.1440505e-06,1.473881e-05,5.4221055e-06,0.99997365,d
test_0614.jpg,3.5352827e-05,0.9998678,4.539393e-05,5.1438063e-05,b
test_0615.jpg,0.99907684,0.00055257377,0.00029577146,7.4782736e-05,a
test_0616.jpg,0.0024011692,0.9687007,0.025814999,0.003083162,b
test_0617.jpg,0.0004872269,0.0011687964,0.99822086,0.00012319024,c
test_0618.jpg,0.9999871,2.5612558e-06,1.4593596e-06,8.939661e-06,a
test_0619.jpg,1.4449749e-07,0.9999963,1.7603398e-06,1.7603398e-06,b
test_0620.jpg,4.0037696e-05,0.0005527034,0.9993112,9.604545e-05,c
test_0621.jpg,3.2887242e-06,3.7266127e-06,0.99998915,3.7266127e-06,c
test_0622.jpg,3.0590127e-07,0.99999654,1.994727e-06,1.209863e-06,b
test_0623.jpg,3.2887438e-06,1.0676988e-06,4.7378848e-07,0.9999951,d
test_0624.jpg,7.483863e-05,1.6698754e-05,0.99982363,8.480327e-05,c
test_0625.jpg,0.00015840676,2.752697e-05,0.9996557,0.00015840676,c
test_0626.jpg,9.4224157e-07,0.9999958,1.2098621e-06,1.9947254e-06,b
test_0627.jpg,0.0003344747,0.99705505,0.0021810492,0.00042947402,b
test_0628.jpg,3.288617e-06,4.78491e-06,3.5355966e-05,0.9999566,d
test_0629.jpg,0.004549487,0.08064159,0.59586525,0.31894368,c
test_0630.jpg,0.00029408233,0.99337125,0.005906801,0.00042788725,b
test_0631.jpg,2.9022963e-06,0.99999166,2.9022963e-06,2.5612674e-06,b
test_0632.jpg,1.0129718e-05,7.8890325e-06,1.8924808e-05,0.99996305,d
test_0633.jpg,0.9606143,0.0018544219,0.017594267,0.019936914,a
test_0634.jpg,0.9982887,0.0015008664,0.00017925292,3.1149488e-05,a
test_0635.jpg,0.00786942,0.06588984,0.016659562,0.9095812,d
test_0636.jpg,3.4663037e-07,0.9999931,3.7266275e-06,2.9023006e-06,b
test_0637.jpg,0.99998987,4.2228085e-06,3.2887265e-06,2.5612628e-06,a
test_0638.jpg,0.0040606675,0.0011634007,0.9936126,0.0011634007,c
test_0639.jpg,0.99977726,0.0001795202,2.4295417e-05,1.892129e-05,a
test_0640.jpg,4.00561e-05,6.604135e-05,0.00012338148,0.9997706,d
test_0641.jpg,0.9998791,6.6048524e-05,4.006045e-05,1.4737417e-05,a
test_0642.jpg,4.5394205e-05,4.5394205e-05,3.535304e-05,0.9998739,d
test_0643.jpg,8.939644e-06,4.7850467e-06,0.9999852,1.0676882e-06,c
test_0644.jpg,0.98396814,0.0109308995,0.004556677,0.0005442174,a
test_0645.jpg,4.784925e-06,0.9999597,4.222681e-06,3.1201627e-05,b
test_0646.jpg,1.7603134e-06,0.9999813,1.4738923e-05,2.2602871e-06,b
test_0647.jpg,9.601173e-05,0.9989604,0.0008038964,0.00013969625,b
test_0648.jpg,1.0676963e-06,0.9999927,1.9947192e-06,4.2228203e-06,b
test_0649.jpg,1.3709538e-06,1.5534941e-06,0.99999607,9.422418e-07,c
test_0650.jpg,0.99903727,0.00048762537,0.00017938732,0.00029575973,a
test_0651.jpg,7.338205e-07,4.450846e-07,1.8553888e-07,0.99999857,d
test_0652.jpg,0.0013225947,0.99684525,0.00080219423,0.0010300378,b
test_0653.jpg,1.370931e-06,0.9999795,6.1440865e-06,1.3007031e-05,b
test_0654.jpg,0.99996483,8.939462e-06,2.1444654e-05,4.7849494e-06,a
test_0655.jpg,5.714985e-07,0.99999607,1.7603394e-06,1.5534941e-06,b
test_0656.jpg,5.1400537e-05,0.99913836,0.0004303714,0.00037980144,b
test_0657.jpg,3.1200772e-05,0.9999323,8.939171e-06,2.7534586e-05,b
test_0658.jpg,0.0018820312,0.97491634,0.0074435775,0.015758054,b
test_0659.jpg,1.1478599e-05,6.962122e-06,7.889118e-06,0.9999738,d
test_0660.jpg,2.5360015e-07,0.99999297,1.9947197e-06,4.785084e-06,b
test_0661.jpg,0.994869,0.00029452573,0.004607158,0.00022937686,a
test_0662.jpg,0.99936587,0.00017944633,7.480437e-05,0.0003798879,a
test_0663.jpg,0.0030616787,0.14751993,0.00049980526,0.8489186,d
test_0664.jpg,2.6995627e-07,0.99999416,2.2603163e-06,3.2887408e-06,b
test_0665.jpg,0.0001794711,0.99950373,0.00015838268,0.00015838268,b
test_0666.jpg,0.999961,1.3006791e-05,1.3006791e-05,1.3006791e-05,a
test_0667.jpg,0.9999896,5.422192e-06,1.994713e-06,2.9022906e-06,a
test_0668.jpg,2.7261726e-06,0.99988806,2.4298111e-05,8.480874e-05,b
test_0669.jpg,3.726499e-06,0.99995863,1.0129674e-05,2.7535312e-05,b
test_0670.jpg,1.5534962e-06,6.4759354e-07,5.0434636e-07,0.9999974,d
test_0671.jpg,6.9618955e-06,0.99994123,2.4299403e-05,2.7534832e-05,b
test_0672.jpg,1.30070575e-05,4.222773e-06,1.2878731e-06,0.9999815,d
test_0673.jpg,0.0010280259,0.00090722967,0.99489814,0.0031665429,c
test_0674.jpg,7.484556e-05,7.888662e-06,1.2097656e-06,0.9999161,d
test_0675.jpg,0.0035426498,0.9822786,0.004548853,0.009629921,b
test_0676.jpg,0.0006236027,0.0002945691,0.99501544,0.0040664007,c
test_0677.jpg,6.5934226e-05,0.0017004664,8.4661224e-05,0.9981489,d
test_0678.jpg,5.043432e-07,0.99999106,4.785075e-06,3.7266198e-06,b
test_0679.jpg,5.4218817e-06,0.9999324,1.6700571e-05,4.5396864e-05,b
test_0680.jpg,7.4656265e-05,0.0024722759,0.99738723,6.588391e-05,c
test_0681.jpg,0.99997735,5.4221255e-06,1.3007003e-05,4.2227557e-06,a
test_0682.jpg,5.0434187e-07,0.99998856,6.144142e-06,4.785063e-06,b
test_0683.jpg,4.4508099e-07,0.99999046,3.7266177e-06,5.4221964e-06,b
test_0684.jpg,7.4801865e-05,4.0038547e-05,0.0005527151,0.99933237,d
test_0685.jpg,0.00029411234,0.9934726,0.004060095,0.0021732124,b
test_0686.jpg,0.9999745,6.1440555e-06,7.8891235e-06,1.1478607e-05,a
test_0687.jpg,1.47380515e-05,4.784745e-06,0.99992216,5.8290127e-05,c
test_0688.jpg,0.99610573,0.00012292921,0.0035925184,0.00017886095,a
test_0689.jpg,0.9999945,2.9023047e-06,1.7603367e-06,8.315242e-07,a
test_0690.jpg,0.36056802,0.04306371,0.0018920874,0.59447616,d
test_0691.jpg,4.222752e-06,0.9999765,1.3006992e-05,6.1440683e-06,b
test_0692.jpg,4.2226943e-06,2.7535427e-05,5.422047e-06,0.9999628,d
test_0693.jpg,0.0075714835,0.0002757913,0.00048402883,0.9916687,d
test_0694.jpg,0.0015511079,0.084687606,0.003283695,0.9104776,d
test_0695.jpg,8.480115e-05,5.828292e-05,5.828292e-05,0.9997986,d
test_0696.jpg,6.589617e-05,0.99757284,0.00017912438,0.0021821817,b
test_0697.jpg,1.3709564e-06,3.9278555e-07,3.2563068e-07,0.999998,d
test_0698.jpg,0.00012338329,4.0056682e-05,0.9997851,5.1433806e-05,c
test_0699.jpg,1.9947197e-06,3.726627e-06,1.3709495e-06,0.99999297,d
test_0700.jpg,2.5610284e-06,0.9998983,7.4844225e-05,2.429836e-05,b
test_0701.jpg,0.99999297,2.9023001e-06,1.5534894e-06,2.5612708e-06,a
test_0702.jpg,3.2887317e-06,1.0676948e-06,0.9999914,4.222815e-06,c
test_0703.jpg,0.37459978,0.0017347413,0.006054842,0.61761063,d
test_0704.jpg,0.42210954,0.030577514,0.0053135753,0.5419994,d
test_0705.jpg,0.0009058111,0.001692278,0.99334246,0.0040595634,c
test_0706.jpg,9.422292e-07,0.9999827,1.0129917e-05,6.144106e-06,b
test_0707.jpg,0.00023048825,4.005285e-05,4.005285e-05,0.99968946,d
test_0708.jpg,8.480892e-05,2.1443055e-05,3.5004825e-06,0.9998902,d
test_0709.jpg,8.3152446e-07,1.3709521e-06,0.9999949,2.9023058e-06,c
test_0710.jpg,0.9995679,0.00037996474,3.5342226e-05,1.6694485e-05,a
test_0711.jpg,5.714967e-07,1.7603337e-06,0.99999285,4.7850835e-06,c
test_0712.jpg,0.0003722217,0.0001066433,0.97919846,0.020322615,c
test_0713.jpg,1.6699973e-05,3.535384e-05,0.9998965,5.143954e-05,c
test_0714.jpg,6.961898e-06,1.147823e-05,0.9999416,4.0062954e-05,c
test_0715.jpg,0.7222498,0.26570088,0.011674081,0.00037526272,a
test_0716.jpg,0.99998796,2.9022856e-06,6.962221e-06,2.2603022e-06,a
test_0717.jpg,0.0030380357,0.9545224,0.01361553,0.028824078,b
test_0718.jpg,2.3823634e-07,0.9999974,6.4759354e-07,1.7603417e-06,b
test_0719.jpg,0.015328199,0.83689123,0.0023506554,0.14542988,b
test_0720.jpg,0.00243959,0.5268047,0.005852272,0.4649035,b
test_0721.jpg,3.689879e-07,4.4508437e-07,1.067702e-06,0.9999981,d
test_0722.jpg,0.008560198,0.98942435,0.0013127489,0.00070266385,b
test_0723.jpg,4.7849358e-06,8.939436e-06,0.999962,2.4299907e-05,c
test_0724.jpg,3.089451e-06,6.144107e-06,7.889189e-06,0.99998283,d
test_0725.jpg,3.0590192e-07,4.4508462e-07,0.9999987,5.04347e-07,c
test_0726.jpg,0.99980253,6.604346e-05,3.535052e-05,9.609267e-05,a
test_0727.jpg,6.962027e-06,1.7602761e-06,0.99996006,3.120164e-05,c
test_0728.jpg,4.5392197e-05,0.99982965,4.005847e-05,8.480379e-05,b
test_0729.jpg,3.120056e-05,2.429902e-05,0.9999255,1.8924096e-05,c
test_0730.jpg,4.222796e-06,3.2887172e-06,5.4221778e-06,0.999987,d
test_0731.jpg,1.1478472e-05,1.89248e-05,0.9999627,6.962045e-06,c
test_0732.jpg,0.11684188,0.0018885732,0.017918283,0.8633512,d
test_0733.jpg,0.0011634007,0.9936126,0.0006227235,0.0046013393,b
test_0734.jpg,0.99996555,2.4299994e-05,6.962065e-06,3.2886467e-06,a
test_0735.jpg,6.475931e-07,1.553495e-06,0.99999666,1.2098631e-06,c
test_0736.jpg,0.9998777,1.4737396e-05,9.60999e-05,1.1477497e-05,a
test_0737.jpg,2.7535132e-05,1.147835e-05,8.939348e-06,0.9999521,d
test_0738.jpg,0.6161858,0.37373558,0.0032334463,0.0068452065,a
test_0739.jpg,0.3029796,0.046463426,0.6414078,0.00914919,c
test_0740.jpg,8.3152116e-07,0.99999094,5.422199e-06,2.9022942e-06,b
test_0741.jpg,3.0590206e-07,1.1979297e-07,0.99999917,3.4663248e-07,c
test_0742.jpg,0.99927014,5.8252117e-05,0.00062626926,4.5366796e-05,a
test_0743.jpg,0.999941,2.7534827e-05,1.6700715e-05,1.4738329e-05,a
test_0744.jpg,0.0006991425,0.98446596,0.014042652,0.0007922323,b
test_0745.jpg,0.00012310322,0.9975158,0.00017911414,0.002182057,b
test_0746.jpg,1.2098601e-06,4.4508263e-07,0.99999416,4.2228266e-06,c
test_0747.jpg,1.0677007e-06,6.4759325e-07,0.9999969,1.3709549e-06,c
test_0748.jpg,9.605469e-05,8.934478e-06,0.9994073,0.00048780598,c
test_0749.jpg,0.99957436,0.00010886242,0.00015839387,0.00015839387,a
test_0750.jpg,0.00013077872,0.99550617,0.0040684063,0.00029471438,b
test_0751.jpg,0.0039694584,0.1314504,0.85716426,0.0074159238,c
test_0752.jpg,3.5344186e-05,0.00029593328,4.5382836e-05,0.9996234,d
test_0753.jpg,2.9022974e-06,4.2228176e-06,8.8515065e-07,0.999992,d
test_0754.jpg,0.99982625,0.00010888985,6.5393433e-06,5.828453e-05,a
test_0755.jpg,7.3381176e-07,0.99998665,4.785054e-06,7.889219e-06,b
test_0756.jpg,8.233239e-08,0.9999988,3.927859e-07,7.338207e-07,b
test_0757.jpg,0.999995,2.902306e-06,1.3709523e-06,6.8935805e-07,a
test_0758.jpg,0.9998784,2.4297877e-05,3.119909e-05,6.604847e-05,a
test_0759.jpg,0.99957925,4.0048435e-05,0.00033532147,4.5380828e-05,a
test_0760.jpg,8.306801e-05,0.020326072,0.00022580226,0.979365,d
test_0761.jpg,4.181179e-07,6.475937e-07,0.9999976,1.2098643e-06,c
test_0762.jpg,1.2751896e-07,2.3823677e-07,0.99999917,4.4508485e-07,c
test_0763.jpg,0.007565689,0.99090976,0.0006210296,0.00090359274,b
test_0764.jpg,0.99970907,0.00017950796,4.5386725e-05,6.603729e-05,a
test_0765.jpg,7.889204e-06,2.5612496e-06,0.99998474,4.7850444e-06,c
test_0766.jpg,0.002326402,0.16309336,0.8282565,0.006323816,c
test_0767.jpg,0.9999051,4.006149e-05,1.47378e-05,4.006149e-05,a
test_0768.jpg,0.9978629,0.00062538724,0.0008030132,0.0007086566,a
test_0769.jpg,0.9999969,1.7603409e-06,8.3152617e-07,4.737893e-07,a
test_0770.jpg,1.7603334e-06,5.4222082e-06,2.5360006e-07,0.9999926,d
test_0771.jpg,0.00013977214,0.999503,0.0002611287,9.6063886e-05,b
test_0772.jpg,0.9853426,0.014055157,0.0002917055,0.0003105189,a
test_0773.jpg,7.3381733e-07,8.3152395e-07,0.9999943,4.222827e-06,c
test_0774.jpg,0.0002034036,7.482801e-05,0.9996817,4.005254e-05,c
test_0775.jpg,1.2098627e-06,1.9947265e-06,0.9999963,5.043458e-07,c
test_0776.jpg,8.938999e-06,3.2884736e-06,0.999913,7.4845324e-05,c
test_0777.jpg,4.222587e-06,1.3006484e-05,0.9999374,4.539709e-05,c
test_0778.jpg,0.9998772,1.669965e-05,7.484265e-05,3.1199055e-05,a
test_0779.jpg,0.00015841462,8.479323e-05,5.14297e-05,0.99970526,d
test_0780.jpg,6.6012755e-05,0.9993376,0.00033524042,0.0002610855,b
test_0781.jpg,0.9995394,3.5341214e-05,4.5379016e-05,0.00037995385,a
test_0782.jpg,0.9979572,0.0017001398,0.00013955597,0.00020305274,a
test_0783.jpg,0.9998056,4.0057505e-05,5.828333e-05,9.609297e-05,a
test_0784.jpg,0.9999782,2.26028e-06,1.6701337e-05,2.9022574e-06,a
test_0785.jpg,0.006089326,0.1385924,0.05777392,0.79754436,d
test_0786.jpg,0.699826,0.039481483,0.25745162,0.0032408377,a
test_0787.jpg,0.032902505,0.0050457628,0.00049959816,0.96155214,d
test_0788.jpg,0.9998287,1.4736674e-05,0.00013981768,1.669884e-05,a
test_0789.jpg,1.5381696e-07,0.9999974,9.4224305e-07,1.5534962e-06,b
test_0790.jpg,0.011847841,0.00010250391,0.94119054,0.046859115,c
test_0791.jpg,8.315274e-07,5.043469e-07,2.2380259e-07,0.99999845,d
test_0792.jpg,5.1432227e-05,0.99975437,1.4735578e-05,0.0001795161,b
test_0793.jpg,0.00029588514,0.9994609,0.00015837589,8.47725e-05,b
test_0794.jpg,0.00015821449,0.99844235,7.473524e-05,0.0013247137,b
test_0795.jpg,3.0590184e-07,0.99999845,6.475942e-07,5.7149987e-07,b
test_0796.jpg,0.99858403,0.00012323506,0.0002608886,0.0010318345,a
test_0797.jpg,5.4221887e-06,2.2603047e-06,0.99998903,3.2887237e-06,c
test_0798.jpg,0.99140245,0.0014905132,0.006680017,0.0004270392,a
test_0799.jpg,3.6898814e-07,5.368746e-07,2.8736824e-07,0.9999987,d
test_0800.jpg,0.0003785855,8.992194e-05,0.003591919,0.9959396,d
test_0801.jpg,0.99936205,0.00017944565,0.00033524862,0.00012333108,a
test_0802.jpg,0.00013981148,5.143377e-05,2.4295592e-05,0.9997844,d
test_0803.jpg,6.9619396e-06,0.99994755,3.5355646e-05,1.0129562e-05,b
test_0804.jpg,0.43004614,0.004777381,0.012986269,0.5521902,d
test_0805.jpg,0.99996483,6.96206e-06,1.6701113e-05,1.1478496e-05,a
test_0806.jpg,0.0002610674,4.0035986e-05,0.9992685,0.00043042743,c
test_0807.jpg,4.785077e-06,1.7603314e-06,0.99999154,1.994717e-06,c
test_0808.jpg,0.00015795139,0.0002604178,0.99678195,0.0027997557,c
test_0809.jpg,0.8789136,0.0019226157,0.11894802,0.00021571152,a
test_0810.jpg,0.9998635,1.01287105e-05,7.484162e-05,5.143784e-05,a
test_0811.jpg,1.6701113e-05,3.7265222e-06,0.99996483,1.473868e-05,c
test_0812.jpg,1.5534882e-06,3.2887344e-06,0.99999225,2.902298e-06,c
test_0813.jpg,7.3381824e-07,9.4224123e-07,0.99999547,2.9023074e-06,c
test_0814.jpg,0.9995697,8.4781735e-05,1.0125734e-05,0.00033531827,a
test_0815.jpg,2.9023001e-06,2.5612708e-06,0.99999297,1.5534894e-06,c
test_0816.jpg,0.0013525808,0.8996579,0.09482324,0.0041662427,b
test_0817.jpg,0.9999882,8.939671e-06,1.9947101e-06,8.315189e-07,a
test_0818.jpg,5.4221055e-06,4.22274e-06,0.99997365,1.670126e-05,c
test_0819.jpg,1.2098241e-06,0.99996436,2.1444645e-05,1.3006834e-05,b
test_0820.jpg,0.00013954642,0.0008030342,0.997889,0.0011684078,c
test_0821.jpg,9.422418e-07,4.4508346e-07,0.99999607,2.5612787e-06,c
test_0822.jpg,2.1432235e-05,0.9993857,4.0040683e-05,0.0005527446,b
test_0823.jpg,1.9947063e-06,0.9999862,1.760322e-06,1.0129953e-05,b
test_0824.jpg,8.4789426e-05,0.9996604,5.142739e-05,0.00020339926,b
test_0825.jpg,0.0027976544,0.00026022235,0.99603385,0.0009082653,c
test_0826.jpg,0.9999343,1.6700604e-05,2.7534643e-05,2.1444e-05,a
test_0827.jpg,0.13162504,0.008414508,0.66844714,0.19151331,c
test_0828.jpg,0.0015006117,0.9981193,8.465871e-05,0.000295488,b
test_0829.jpg,0.9999479,2.4299565e-05,1.4738431e-05,1.300662e-05,a
test_0830.jpg,0.9962064,0.0010293777,0.0002949217,0.002469349,a
test_0831.jpg,0.9999993,1.9750524e-07,2.2380277e-07,3.256311e-07,a
test_0832.jpg,0.0073126927,0.9577738,0.025523806,0.009389685,b
test_0833.jpg,1.3709398e-06,1.012995e-05,0.99998593,2.5612528e-06,c
test_0834.jpg,7.4825824e-05,1.1474911e-05,0.9996525,0.00026116776,c
test_0835.jpg,7.889217e-06,1.3709405e-06,4.222794e-06,0.9999864,d
test_0836.jpg,0.20130086,0.0019734842,0.0005654127,0.79616034,d
test_0837.jpg,0.0014993881,0.0004867801,0.9973055,0.0007082608,c
test_0838.jpg,2.561256e-06,8.939663e-06,1.2098517e-06,0.99998724,d
test_0839.jpg,8.3152554e-07,9.422419e-07,0.9999962,1.9947263e-06,c
test_0840.jpg,0.87890154,0.0035918697,0.10496982,0.012536856,a
test_0841.jpg,1.2878738e-06,1.4738935e-05,1.7603148e-06,0.9999821,d
test_0842.jpg,1.3574262e-07,0.99999475,2.9023054e-06,2.2603176e-06,b
test_0843.jpg,0.0011618807,0.005207188,0.9923144,0.0013165832,c
test_0844.jpg,2.1444785e-05,4.7849785e-06,2.9022362e-06,0.9999709,d
test_0845.jpg,9.4224345e-07,7.3381995e-07,5.043466e-07,0.99999785,d
test_0846.jpg,5.422108e-06,0.99997413,1.14786035e-05,8.939545e-06,b
test_0847.jpg,0.26447898,0.0037725898,0.09729638,0.6344521,d
test_0848.jpg,0.0011676694,7.464662e-05,0.9972583,0.0014993172,c
test_0849.jpg,7.338204e-07,2.699574e-07,5.3687444e-07,0.99999845,d
test_0850.jpg,1.0676725e-06,0.99997056,6.9620996e-06,2.1444777e-05,b
test_0851.jpg,0.0021769074,0.0014961651,0.0011652145,0.9951617,d
test_0852.jpg,0.024198374,0.90803725,0.0019863234,0.065778,b
test_0853.jpg,9.609875e-05,6.96137e-06,0.9998658,3.11987e-05,c
test_0854.jpg,1.4449772e-07,5.714995e-07,1.3709562e-06,0.99999785,d
test_0855.jpg,1.3709501e-06,0.99999344,2.9023015e-06,2.2603147e-06,b
test_0856.jpg,0.00037993077,0.99947864,9.606154e-05,4.537626e-05,b
test_0857.jpg,5.368714e-07,0.99999285,2.9023e-06,3.7266266e-06,b
test_0858.jpg,7.3381767e-07,2.2603176e-06,2.2603176e-06,0.99999475,d
test_0859.jpg,6.4759433e-07,4.450846e-07,2.6995744e-07,0.99999857,d
test_0860.jpg,3.1198677e-05,5.8286798e-05,0.99986506,4.5393805e-05,c
test_0861.jpg,1.2098578e-06,1.7603327e-06,4.7850804e-06,0.99999225,d
test_0862.jpg,0.9999707,1.3006917e-05,6.1440323e-06,1.0129796e-05,a
test_0863.jpg,0.9998692,3.1198808e-05,8.480714e-05,1.4737271e-05,a
test_0864.jpg,0.9999888,3.7266113e-06,3.7266113e-06,3.7266113e-06,a
test_0865.jpg,4.2227985e-06,7.889225e-06,4.4507965e-07,0.9999875,d
test_0866.jpg,2.7534945e-05,2.902162e-06,0.9999453,2.4299501e-05,c
test_0867.jpg,3.288656e-06,0.9999684,2.1444732e-05,6.9620846e-06,b
test_0868.jpg,2.3588626e-08,0.9999988,3.927859e-07,8.3152776e-07,b
test_0869.jpg,0.0031698751,0.99594516,0.0005508417,0.00033410237,b
test_0870.jpg,0.00087864324,0.015574323,0.96354926,0.019997826,c
test_0871.jpg,2.2603163e-06,1.5534912e-06,1.9947222e-06,0.99999416,d
test_0872.jpg,1.4738293e-05,4.0062834e-05,6.540078e-06,0.9999386,d
test_0873.jpg,5.4221364e-06,3.7265763e-06,1.14786635e-05,0.9999794,d
test_0874.jpg,1.0677004e-06,1.994727e-06,3.6898734e-07,0.99999654,d
test_0875.jpg,0.00017942856,0.00043042676,0.00012331933,0.9992669,d
test_0876.jpg,0.99927086,0.00043042845,3.7610418e-05,0.00026106805,a
test_0877.jpg,0.9999918,1.9947174e-06,3.2887328e-06,2.9022967e-06,a
test_0878.jpg,8.479087e-05,0.9996774,0.00017950227,5.827586e-05,b
test_0879.jpg,0.99215615,0.0024593093,0.0052063577,0.00017815176,a
test_0880.jpg,1.7603314e-06,2.902296e-06,0.99999154,3.7266216e-06,c
test_0881.jpg,4.7848753e-06,5.0432214e-07,0.99994934,4.539763e-05,c
test_0882.jpg,0.9998416,3.1197942e-05,9.609643e-05,3.1197942e-05,a
test_0883.jpg,0.99999774,1.2098644e-06,3.9278547e-07,6.8936e-07,a
test_0884.jpg,0.0005439159,0.015895553,0.00013752349,0.983423,d
test_0885.jpg,0.0010319686,0.0001582575,9.5988034e-05,0.99871385,d
test_0886.jpg,0.0005494366,0.00013891933,0.0059069996,0.9934047,d
test_0887.jpg,3.2562994e-07,0.9999957,6.4759246e-07,3.2887458e-06,b
test_0888.jpg,2.6995764e-07,7.265812e-08,0.9999993,4.450849e-07,c
test_0889.jpg,5.1420026e-05,9.606525e-05,0.9995172,0.00033530066,c
test_0890.jpg,1.8924573e-05,0.99995065,1.8924573e-05,1.1478333e-05,b
test_0891.jpg,0.00070955604,2.1426737e-05,0.99912935,0.00013971988,c
test_0892.jpg,0.009704534,0.00033207086,7.4095035e-05,0.9898893,d
test_0893.jpg,0.00017866865,0.9950348,0.0046079257,0.00017866865,b
test_0894.jpg,4.1811515e-07,0.99999106,3.7266198e-06,4.785075e-06,b
test_0895.jpg,4.2227352e-06,0.9999726,1.3006941e-05,1.0129816e-05,b
test_0896.jpg,0.0018619795,0.9645292,0.033004373,0.00060449616,b
test_0897.jpg,5.7149975e-07,8.3152725e-07,3.9278564e-07,0.9999982,d
test_0898.jpg,0.9982779,0.00012319727,0.0011688631,0.00043000074,a
test_0899.jpg,1.3709547e-06,4.450838e-07,0.9999968,1.3709547e-06,c
test_0900.jpg,0.9999409,1.8924387e-05,3.120104e-05,8.939248e-06,a
test_0901.jpg,0.003583395,0.00037768707,0.9935761,0.002462829,c
test_0902.jpg,9.3294815e-08,0.9999987,5.7150004e-07,5.7150004e-07,b
test_0903.jpg,0.9884343,0.0002926208,0.0002926208,0.010980515,a
test_0904.jpg,0.9999176,4.0061994e-05,2.7534183e-05,1.4737984e-05,a
test_0905.jpg,0.99589795,0.00090814143,0.001497272,0.0016966317,a
test_0906.jpg,0.999962,8.939436e-06,1.8924786e-05,1.0129707e-05,a
test_0907.jpg,1.0676878e-06,0.99998474,1.2098487e-06,1.3007099e-05,b
test_0908.jpg,1.7603423e-06,3.689878e-07,1.9750495e-07,0.99999774,d
test_0909.jpg,0.00757452,0.9920664,0.00020185414,0.00015720415,b
test_0910.jpg,7.3381585e-07,0.99999225,3.7266243e-06,3.2887344e-06,b
test_0911.jpg,0.0011675721,0.0001580137,0.0014991923,0.9971752,d
test_0912.jpg,0.00026086083,0.99847776,0.00070909335,0.00055224245,b
test_0913.jpg,8.93966e-06,2.5612555e-06,1.55348e-06,0.999987,d
test_0914.jpg,1.1477961e-05,5.1440657e-05,0.9999182,1.8923958e-05,c
test_0915.jpg,0.0066773947,0.9910132,0.00168831,0.0006210944,b
test_0916.jpg,0.006395505,0.9491771,0.032479055,0.011948377,b
test_0917.jpg,0.0024197632,0.0074533946,0.013924775,0.9762021,d
test_0918.jpg,1.3708474e-06,0.99991846,7.484573e-05,5.4218062e-06,b
test_0919.jpg,0.9999994,1.3574325e-07,1.5381727e-07,3.9278612e-07,a
test_0920.jpg,0.00037974483,0.00029574556,0.9989894,0.00033512362,c
test_0921.jpg,0.0997669,0.004383452,0.060511686,0.835338,d
test_0922.jpg,0.00025986042,0.0046061366,0.00048548324,0.9946485,d
test_0923.jpg,0.93975294,0.053017236,0.0038405557,0.0033892784,a
test_0924.jpg,5.828666e-05,0.9998627,5.1437797e-05,2.753267e-05,b
test_0925.jpg,2.5360143e-07,0.999998,7.3382006e-07,1.0677019e-06,b
test_0926.jpg,1.9946642e-06,3.1201795e-05,1.7602848e-06,0.9999651,d
test_0927.jpg,9.422439e-07,4.4508448e-07,2.3823657e-07,0.99999833,d
test_0928.jpg,0.08108085,0.13367972,0.015965765,0.7692737,d
test_0929.jpg,2.238015e-07,0.9999937,1.3709505e-06,4.7850876e-06,b
test_0930.jpg,0.99997365,4.22274e-06,1.670126e-05,5.4221055e-06,a
test_0931.jpg,0.9999852,7.889208e-06,4.222789e-06,2.7264375e-06,a
test_0932.jpg,3.1197305e-05,0.00012338773,2.4296483e-05,0.9998211,d
test_0933.jpg,0.972336,0.02286715,0.003506791,0.0012900763,a
test_0934.jpg,0.9999608,1.3006787e-05,1.147845e-05,1.473862e-05,a
test_0935.jpg,7.888888e-06,1.9946235e-06,0.9999447,4.539742e-05,c
test_0936.jpg,0.6721531,0.0045289323,0.005815264,0.31750268,a
test_0937.jpg,6.475942e-07,5.043469e-07,3.9278575e-07,0.99999845,d
test_0938.jpg,0.0008035789,0.99856585,0.0003349815,0.00029562018,b
test_0939.jpg,0.99998367,3.7265922e-06,3.7265922e-06,8.93963e-06,a
test_0940.jpg,0.99874866,0.00017933552,4.001516e-05,0.0010320046,a
test_0941.jpg,0.012813433,0.0053414335,0.898291,0.083554074,c
test_0942.jpg,4.222809e-06,2.9022915e-06,2.9022915e-06,0.99999,d
test_0943.jpg,5.0434244e-07,0.9999896,3.7266145e-06,6.1441488e-06,b
test_0944.jpg,0.94359374,0.05323392,0.000521887,0.0026503608,a
test_0945.jpg,0.9992304,0.000108824956,0.00023038241,0.00043041102,a
test_0946.jpg,0.025036,0.022094194,0.939469,0.013400805,c
test_0947.jpg,6.4759394e-07,1.2098646e-06,2.2380247e-07,0.999998,d
test_0948.jpg,2.5608533e-06,0.99983,0.00015843438,8.9382565e-06,b
test_0949.jpg,0.99830735,0.0005521482,0.00023016961,0.0009103385,a
test_0950.jpg,0.000108871296,4.783471e-06,0.99965584,0.00023048051,c
test_0951.jpg,0.98858696,0.00029266597,0.00013824561,0.01098221,a
test_0952.jpg,0.9999839,2.902274e-06,8.939633e-06,4.2227834e-06,a
test_0953.jpg,8.4799896e-05,9.609087e-05,3.5349858e-05,0.9997838,d
test_0954.jpg,7.3381375e-07,8.939682e-06,8.851483e-07,0.9999894,d
test_0955.jpg,8.939301e-06,0.99994683,1.3006606e-05,3.1201227e-05,b
test_0956.jpg,0.9995067,0.00010885505,0.00012334893,0.00026112967,a
test_0957.jpg,7.889218e-06,4.2227944e-06,1.3709407e-06,0.9999865,d
test_0958.jpg,0.00023030187,0.99888104,0.00017935928,0.00070937973,b
test_0959.jpg,0.9997056,0.00017950735,7.4829804e-05,4.00535e-05,a
test_0960.jpg,0.0007773067,0.9659187,0.017691419,0.015612622,b
test_0961.jpg,1.4738515e-05,0.9999536,1.0129624e-05,2.1444414e-05,b
test_0962.jpg,0.00020323675,2.4273168e-05,0.9988617,0.00091084396,c
test_0963.jpg,6.142627e-06,0.999742,2.1439875e-05,0.00023050037,b
test_0964.jpg,1.1478406e-05,1.0129657e-05,2.1444486e-05,0.99995697,d
test_0965.jpg,3.2562858e-07,0.99999154,1.2098569e-06,6.9622456e-06,b
test_0966.jpg,1.9944864e-06,0.999876,1.3005685e-05,0.00010889527,b
test_0967.jpg,0.0001397818,8.478194e-05,0.9995721,0.0002033813,c
test_0968.jpg,0.9999944,2.5612744e-06,1.7603364e-06,1.2098603e-06,a
test_0969.jpg,0.0002302639,2.141788e-05,0.99871635,0.0010319712,c
test_0970.jpg,5.4222032e-06,1.209857e-06,1.7603317e-06,0.99999166,d
test_0971.jpg,0.001125377,0.9611381,0.000469127,0.03726737,b
test_0972.jpg,8.3152497e-07,1.3709529e-06,2.2603192e-06,0.99999547,d
test_0973.jpg,0.012360842,0.9819433,0.0051527657,0.0005430975,b
test_0974.jpg,0.02187002,0.09801463,0.82066643,0.059448883,c
test_0975.jpg,3.6898547e-07,0.9999914,1.9947167e-06,6.1441597e-06,b
test_0976.jpg,3.689876e-07,1.3709554e-06,9.4224293e-07,0.99999726,d
test_0977.jpg,4.784728e-06,0.9999186,3.1200347e-05,4.5396235e-05,b
test_0978.jpg,4.2227907e-06,1.2098499e-06,0.9999857,8.939648e-06,c
test_0979.jpg,0.9999988,2.5360163e-07,1.8553892e-07,6.4759445e-07,a
test_0980.jpg,0.9999832,1.1478707e-05,1.5534741e-06,3.7265906e-06,a
test_0981.jpg,6.599007e-05,0.9989943,0.0007094602,0.00023032799,b
test_0982.jpg,0.9997631,8.4798136e-05,1.221633e-05,0.0001398085,a
test_0983.jpg,2.1441985e-05,0.00012339011,1.4736846e-05,0.9998404,d
test_0984.jpg,5.1431067e-05,0.99973184,5.827903e-05,0.00015841883,b
test_0985.jpg,0.046554487,0.7282347,0.18412657,0.041084196,b
test_0986.jpg,0.99930763,9.604511e-05,0.00033523038,0.00026107766,a
test_0987.jpg,0.000108828586,0.00013973867,0.0004877359,0.9992637,d
test_0988.jpg,3.2887435e-06,1.2098611e-06,5.368726e-07,0.999995,d
test_0989.jpg,0.99995804,1.1478418e-05,2.429981e-05,6.1439546e-06,a
test_0990.jpg,0.104153134,0.87206346,0.014095593,0.009687751,b
test_0991.jpg,0.99999833,8.3152736e-07,5.714998e-07,2.8736812e-07,a
test_0992.jpg,0.00022787768,0.98836666,0.0004257316,0.010979762,b
test_0993.jpg,0.99978095,0.00012338276,8.479965e-05,1.07810665e-05,a
test_0994.jpg,5.715e-07,6.4759433e-07,3.059019e-07,0.99999857,d
test_0995.jpg,0.00042500204,0.986673,0.00048159042,0.0124203805,b
test_0996.jpg,4.2228226e-06,8.315231e-07,0.9999932,1.7603344e-06,c
test_0997.jpg,0.99966455,6.603434e-05,6.603434e-05,0.00020340011,a
test_0998.jpg,9.422425e-07,0.9999968,8.3152605e-07,1.3709547e-06,b
test_0999.jpg,0.0019159034,0.0010255092,0.0045960136,0.9924625,d
test_1000.jpg,3.6898814e-07,3.466323e-07,0.9999987,6.475944e-07,c
test_1001.jpg,4.4508425e-07,1.2098645e-06,5.043466e-07,0.99999785,d
test_1002.jpg,0.0011674523,0.0002604938,0.0014990385,0.99707294,d
test_1003.jpg,0.9998528,3.119829e-05,3.119829e-05,8.4805746e-05,a
test_1004.jpg,0.00043032764,0.00048762513,4.53562e-05,0.9990368,d
test_1005.jpg,0.015846323,0.0035357927,0.00024061372,0.98037726,d
test_1006.jpg,8.477676e-05,0.999511,2.4288947e-05,0.00037994309,b
test_1007.jpg,4.222688e-06,0.9999614,2.144458e-05,1.3006796e-05,b
test_1008.jpg,0.009655028,0.9848395,0.0014806463,0.0040248143,b
test_1009.jpg,0.9993315,9.60474e-05,0.00048776896,8.476152e-05,a
test_1010.jpg,6.1435235e-06,0.9998878,3.1199386e-05,7.484344e-05,b
test_1011.jpg,1.067691e-06,0.9999877,3.2887194e-06,7.889227e-06,b
test_1012.jpg,0.0013139453,0.006672765,0.0016871394,0.9903261,d
test_1013.jpg,0.0006261616,0.00017939831,9.6024996e-05,0.9990984,d
test_1014.jpg,4.222725e-06,0.9999701,1.67012e-05,8.939509e-06,b
test_1015.jpg,0.15490708,0.04438162,0.69424534,0.10646597,c
test_1016.jpg,0.999595,0.00033532674,1.1474251e-05,5.8271053e-05,a
test_1017.jpg,5.4221873e-06,4.222804e-06,1.5534829e-06,0.9999888,d
test_1018.jpg,1.2098616e-06,1.3709528e-06,1.9947245e-06,0.99999535,d
test_1019.jpg,0.1318084,0.0065623536,0.0021304844,0.85949874,d
test_1020.jpg,2.5612587e-06,0.9999883,3.7266097e-06,5.422185e-06,b
test_1021.jpg,0.9999912,6.1441583e-06,1.3709471e-06,1.2098565e-06,a
test_1022.jpg,1.0676988e-06,1.5534927e-06,2.2603183e-06,0.9999951,d
test_1023.jpg,1.6700673e-05,4.7848234e-06,0.9999385,4.006283e-05,c
test_1024.jpg,0.9999969,1.3709549e-06,9.422426e-07,7.3381926e-07,a
test_1025.jpg,3.4663148e-07,0.9999963,1.5534946e-06,1.7603398e-06,b
test_1026.jpg,6.4759354e-07,1.3709555e-06,0.9999974,6.4759354e-07,c
test_1027.jpg,4.78506e-06,1.7603252e-06,5.4221828e-06,0.99998796,d
test_1028.jpg,1.8553867e-07,0.9999974,8.3152656e-07,1.5534962e-06,b
test_1029.jpg,0.7846838,0.016285593,0.000631461,0.19839913,a
test_1030.jpg,0.99999607,2.2603206e-06,9.422418e-07,7.3381864e-07,a
test_1031.jpg,0.0012637271,0.9524765,0.0044108415,0.041848898,b
test_1032.jpg,2.5612578e-06,2.5612578e-06,0.99998796,6.962221e-06,c
test_1033.jpg,0.00026093688,0.99876875,0.0007093,0.00026093688,b
test_1034.jpg,0.02032121,0.00037219597,0.9791308,0.00017581292,c
test_1035.jpg,0.012329007,0.9794143,0.0031172612,0.0051394943,b
test_1036.jpg,3.927857e-07,1.2098651e-06,1.3574311e-07,0.99999833,d
test_1037.jpg,0.00062439626,0.00062439626,0.0024695355,0.9962817,d
test_1038.jpg,1.3574326e-07,1.8553907e-07,0.9999995,1.8553907e-07,c
test_1039.jpg,4.5396435e-05,1.0129313e-05,0.999923,2.1443757e-05,c
test_1040.jpg,1.6536779e-06,3.2887312e-06,3.7266207e-06,0.9999913,d
test_1041.jpg,0.005217718,0.00042829636,3.3026667e-05,0.994321,d
test_1042.jpg,5.8289042e-05,2.144334e-05,0.99990356,1.670009e-05,c
test_1043.jpg,0.14359352,0.028275242,0.0018075758,0.82632375,d
test_1044.jpg,9.3294744e-08,0.999998,8.31527e-07,1.0677019e-06,b
test_1045.jpg,0.0001582497,7.878789e-06,0.9986646,0.001169316,c
test_1046.jpg,3.7265027e-06,3.1201624e-05,5.422029e-06,0.9999596,d
test_1047.jpg,0.0015010521,5.1363182e-05,0.99841225,3.5301364e-05,c
test_1048.jpg,0.0059064673,0.00054938707,0.99331516,0.0002290186,c
test_1049.jpg,0.9727768,0.0027323298,0.012245452,0.012245452,a
test_1050.jpg,0.007572522,0.0004840952,0.0001386956,0.9918047,d
test_1051.jpg,3.5354533e-05,0.9999161,2.4298792e-05,2.4298792e-05,b
test_1052.jpg,9.4224043e-07,2.9023051e-06,1.553492e-06,0.99999464,d
test_1053.jpg,1.2098621e-06,1.3709534e-06,1.5534938e-06,0.9999958,d
test_1054.jpg,8.76424e-08,0.99999905,4.450848e-07,4.450848e-07,b
test_1055.jpg,0.99999726,1.0677011e-06,5.714992e-07,1.0677011e-06,a
test_1056.jpg,1.5534914e-06,2.902304e-06,1.2878895e-06,0.9999943,d
test_1057.jpg,2.9023022e-06,2.5612726e-06,9.422395e-07,0.9999937,d
test_1058.jpg,2.561231e-06,0.99997747,1.3007005e-05,6.962148e-06,b
test_1059.jpg,1.4449769e-07,0.9999976,8.3152673e-07,1.3709558e-06,b
test_1060.jpg,1.0676998e-06,2.2603206e-06,6.475927e-07,0.99999607,d
test_1061.jpg,4.005944e-05,6.604685e-05,0.99985385,4.005944e-05,c
test_1062.jpg,0.99999106,3.2887306e-06,3.2887306e-06,2.2603092e-06,a
test_1063.jpg,0.98031497,0.0014738439,0.00025611566,0.017955095,a
test_1064.jpg,0.9999871,2.9022833e-06,8.939661e-06,1.0676903e-06,a
test_1065.jpg,8.478452e-05,0.00026115472,5.1424417e-05,0.9996026,d
test_1066.jpg,0.99999785,7.3381995e-07,5.714995e-07,8.3152696e-07,a
test_1067.jpg,0.0010318825,0.00015824431,0.9986305,0.00017931429,c
test_1068.jpg,0.9142279,0.0017648751,0.0750444,0.008962776,a
test_1069.jpg,3.4662767e-07,0.99998534,2.902278e-06,1.1478732e-05,b
test_1070.jpg,0.87730557,0.118730396,0.0031640579,0.0007999991,a
test_1071.jpg,0.053226035,0.00067001686,0.0026499683,0.94345397,d
test_1072.jpg,2.1442029e-05,9.609651e-05,0.9998424,4.005898e-05,c
test_1073.jpg,5.828106e-05,0.00015842434,0.99976665,1.6697802e-05,c
test_1074.jpg,1.1478708e-05,3.7265909e-06,1.5534744e-06,0.9999833,d
test_1075.jpg,0.0032500688,0.6193535,0.0017396365,0.37565687,b
test_1076.jpg,0.01404396,0.0006992076,0.9845576,0.0006992076,c
test_1077.jpg,2.2380272e-07,0.99999905,3.4663242e-07,3.9278598e-07,b
test_1078.jpg,3.466312e-07,8.3152497e-07,0.99999547,3.288745e-06,c
test_1079.jpg,0.9999957,2.902308e-06,6.083568e-07,8.3152514e-07,a
test_1080.jpg,0.001700558,0.9982027,5.13524e-05,4.5318335e-05,b
test_1081.jpg,0.99999833,3.256308e-07,7.338203e-07,5.714998e-07,a
test_1082.jpg,7.33819e-07,7.33819e-07,1.994727e-06,0.99999654,d
test_1083.jpg,0.9999858,7.889213e-06,3.7266002e-06,2.5612524e-06,a
test_1084.jpg,0.99996674,1.8924877e-05,5.4220677e-06,8.939479e-06,a
test_1085.jpg,1.0129437e-05,5.1441533e-05,3.089304e-06,0.99993527,d
test_1086.jpg,0.008285504,0.0012706232,0.032769803,0.9576741,d
test_1087.jpg,6.475912e-07,0.9999938,2.2603153e-06,3.2887394e-06,b
test_1088.jpg,5.828843e-05,2.4298233e-05,2.4298233e-05,0.99989307,d
test_1089.jpg,0.726455,0.2672479,0.004894815,0.001402388,a
test_1090.jpg,1.7603346e-06,1.9947204e-06,2.9023013e-06,0.9999933,d
test_1091.jpg,4.5312543e-05,0.9980751,0.0017003408,0.00017921458,b
test_1092.jpg,1.4736641e-05,1.8922221e-05,0.00013981736,0.9998265,d
test_1093.jpg,0.9996524,3.5345212e-05,0.00020339765,0.00010887092,a
test_1094.jpg,9.4224345e-07,3.927855e-07,0.99999785,8.3152696e-07,c
test_1095.jpg,0.004065136,0.00042846217,0.994706,0.00080047274,c
test_1096.jpg,0.99943334,0.00043049848,4.0042592e-05,9.605719e-05,a
test_1097.jpg,7.889206e-06,4.222788e-06,2.902277e-06,0.999985,d
test_1098.jpg,0.99994195,1.47383425e-05,3.535545e-05,7.888866e-06,a
test_1099.jpg,8.93949e-06,0.99996793,1.300688e-05,1.0129768e-05,b
test_1100.jpg,0.00026103784,9.603047e-05,0.00048768296,0.9991553,d
test_1101.jpg,0.99994636,2.1444259e-05,2.4299527e-05,7.888902e-06,a
test_1102.jpg,0.999385,0.00013975563,0.00029586267,0.00017944978,a
test_1103.jpg,0.00013970249,0.0008039323,0.999005,5.1393676e-05,c
test_1104.jpg,1.7603289e-06,1.994714e-06,0.9999901,6.1441515e-06,c
test_1105.jpg,3.726554e-06,6.144049e-06,0.9999734,1.6701257e-05,c
test_1106.jpg,4.2227616e-06,6.962157e-06,0.9999788,1.0129878e-05,c
test_1107.jpg,1.3709549e-06,1.5534955e-06,2.1024273e-07,0.9999969,d
test_1108.jpg,2.9022488e-06,0.9999752,1.3006975e-05,8.939554e-06,b
test_1109.jpg,0.9973189,0.0003791098,0.0014994083,0.00080257544,a
test_1110.jpg,1.5534781e-06,1.0129948e-05,2.5612521e-06,0.9999857,d
test_1111.jpg,0.000158383,0.0002611294,0.99950576,7.4814845e-05,c
test_1112.jpg,5.1419553e-05,0.00017947186,0.00026113002,0.999508,d
test_1113.jpg,0.0013182816,0.0010266788,0.0040605934,0.99359447,d
test_1114.jpg,0.9999815,5.422148e-06,6.962176e-06,6.1440987e-06,a
test_1115.jpg,2.6995755e-07,3.466324e-07,0.9999989,4.4508474e-07,c
test_1116.jpg,0.0015003994,0.0002607303,0.99797815,0.0002607303,c
test_1117.jpg,0.99999785,8.3152696e-07,8.3152696e-07,5.043466e-07,a
test_1118.jpg,0.17382705,0.7790388,0.0031837535,0.043950364,b
test_1119.jpg,2.561272e-06,2.2603147e-06,0.99999344,1.7603347e-06,c
test_1120.jpg,0.37379977,0.008790928,0.61629164,0.0011176411,c
test_1121.jpg,7.482786e-05,0.9996797,0.00017950268,6.603535e-05,b
test_1122.jpg,0.9999857,4.785049e-06,4.785049e-06,4.785049e-06,a
test_1123.jpg,1.7603377e-06,8.315247e-07,0.9999951,2.2603183e-06,c
test_1124.jpg,3.0590107e-07,0.99999595,9.422417e-07,2.9023088e-06,b
test_1125.jpg,0.00033504414,0.0007092884,0.00020321454,0.9987525,d
test_1126.jpg,0.000108815286,0.0007095648,4.00309e-05,0.9991416,d
test_1127.jpg,0.00010889012,3.1197542e-05,0.9998287,3.1197542e-05,c
test_1128.jpg,0.00062629854,0.99931693,3.533335e-05,2.143076e-05,b
test_1129.jpg,1.892009e-05,6.1424535e-06,0.9997137,0.00026118374,c
test_1130.jpg,0.29935095,0.058945693,0.63372594,0.007977433,c
test_1131.jpg,0.000104296225,0.0420761,0.9576476,0.0001719554,c
test_1132.jpg,2.1432756e-05,1.568054e-05,0.00055275805,0.99941003,d
test_1133.jpg,7.484415e-05,1.4737686e-05,1.30059625e-05,0.99989736,d
test_1134.jpg,0.6833507,0.016070869,0.19578326,0.104795225,a
test_1135.jpg,0.98973805,0.0009025243,0.00079647487,0.008562912,a
test_1136.jpg,0.017963925,0.0006965369,0.98079705,0.0005424635,c
test_1137.jpg,0.9999994,2.1024326e-07,1.3574325e-07,2.3823682e-07,a
test_1138.jpg,3.2886608e-06,2.4300098e-05,0.99996984,2.5612114e-06,c
test_1139.jpg,2.7533166e-05,6.961474e-06,0.9998807,8.480811e-05,c
test_1140.jpg,1.1365589e-06,2.561275e-06,1.7603369e-06,0.99999464,d
test_1141.jpg,0.20921543,0.12689558,0.6444289,0.019460067,c
test_1142.jpg,5.142129e-05,0.9995419,0.00020337515,0.00020337515,b
test_1143.jpg,3.256294e-07,0.99999404,4.222826e-06,1.3709509e-06,b
test_1144.jpg,0.00080391864,8.47324e-05,0.998988,0.0001232849,c
test_1145.jpg,9.422371e-07,1.4449674e-07,0.99999106,7.8892535e-06,c
test_1146.jpg,0.00042719833,0.9917719,0.00022866279,0.0075722714,b
test_1147.jpg,0.00802894,0.7227421,0.00334696,0.265882,b
test_1148.jpg,0.006597909,0.19281916,0.7626146,0.037968345,c
test_1149.jpg,0.1698403,0.026045855,0.76117146,0.042942356,c
test_1150.jpg,1.3005973e-05,8.4809595e-05,3.966598e-06,0.9998982,d
test_1151.jpg,2.7526701e-05,0.99964595,9.607762e-05,0.00023047824,b
test_1152.jpg,0.99877685,0.0009107666,0.00026093898,5.138194e-05,a
test_1153.jpg,1.0128072e-05,0.9998005,6.604333e-05,0.00012338518,b
test_1154.jpg,1.7603381e-06,2.561277e-06,4.1811697e-07,0.99999535,d
test_1155.jpg,0.9995407,0.00012335311,4.004689e-05,0.00029590877,a
test_1156.jpg,6.144134e-06,2.9022835e-06,3.7266057e-06,0.99998724,d
test_1157.jpg,0.00020315428,0.99845636,0.00043007763,0.00091047434,b
test_1158.jpg,2.5611714e-06,0.9999542,1.892464e-05,2.4299718e-05,b
test_1159.jpg,1.2098584e-06,1.7603335e-06,4.2228203e-06,0.9999927,d
test_1160.jpg,0.99814105,0.00048718794,0.001168703,0.00020309014,a
test_1161.jpg,0.9801521,0.0004221932,0.017952112,0.001473599,a
test_1162.jpg,0.51611763,0.0057335496,0.4554722,0.022676626,a
test_1163.jpg,2.4299075e-05,1.6700495e-05,3.120063e-05,0.99992776,d
test_1164.jpg,0.00010806957,2.1280159e-05,0.007576261,0.99229443,d
test_1165.jpg,1.5534949e-06,1.209863e-06,7.33819e-07,0.99999654,d
test_1166.jpg,7.88801e-06,0.99983335,0.00013981834,1.8922352e-05,b
test_1167.jpg,0.0040572523,0.00037738326,0.002788506,0.9927769,d
test_1168.jpg,7.338178e-07,2.9023058e-06,0.9999949,1.5534923e-06,c
test_1169.jpg,0.0034941004,0.21617232,0.025818102,0.7545155,d
test_1170.jpg,0.9999856,2.561252e-06,1.01299465e-05,1.760321e-06,a
test_1171.jpg,2.1444148e-05,3.1201052e-05,6.1438514e-06,0.99994123,d
test_1172.jpg,0.00012335936,0.00026115176,0.9995913,2.42909e-05,c
test_1173.jpg,2.4294937e-05,1.4735624e-05,0.00020341903,0.99975747,d
test_1174.jpg,4.5391906e-05,0.9998233,3.535125e-05,9.609466e-05,b
test_1175.jpg,0.99928135,0.00017943115,0.00043043296,0.00010883051,a
test_1176.jpg,2.1444399e-05,8.939355e-06,0.9999529,1.6700915e-05,c
test_1177.jpg,4.2226743e-06,0.99995816,1.0129669e-05,2.75353e-05,b
test_1178.jpg,0.32025632,0.67798257,0.0013088143,0.00045231413,b
test_1179.jpg,2.1443126e-05,0.99989355,7.484387e-05,1.0129014e-05,b
test_1180.jpg,1.4449778e-07,0.9999982,1.0677021e-06,6.475941e-07,b
test_1181.jpg,1.5534758e-06,1.3007093e-05,0.99998426,1.2098482e-06,c
test_1182.jpg,1.4738369e-05,6.143867e-06,0.99994373,3.535551e-05,c
test_1183.jpg,0.55354136,0.43109843,0.000608862,0.014751377,a
test_1184.jpg,4.535554e-05,2.1424441e-05,0.99902225,0.0009109904,c
test_1185.jpg,0.94600505,0.02521018,0.015290747,0.013494037,a
test_1186.jpg,0.99998236,3.288702e-06,1.1478697e-05,2.9022694e-06,a
test_1187.jpg,1.3709488e-06,0.9999925,3.2887351e-06,2.9022988e-06,b
test_1188.jpg,0.9937391,0.0007057281,0.004061185,0.0014940263,a
test_1189.jpg,0.9997329,0.00020341403,1.2215962e-05,5.143112e-05,a
test_1190.jpg,7.338149e-07,0.99999094,2.9022942e-06,5.422199e-06,b
test_1191.jpg,0.00023009529,0.997985,8.464733e-05,0.0017001872,b
test_1192.jpg,0.00010880785,0.00080398726,1.3833365e-05,0.99907327,d
test_1193.jpg,0.9999696,1.473875e-05,1.1478551e-05,4.222723e-06,a
test_1194.jpg,0.01076554,0.017749375,0.96908295,0.0024021165,c
test_1195.jpg,1.067701e-06,4.181177e-07,0.99999714,1.3709551e-06,c
test_1196.jpg,0.9999318,4.006256e-05,1.1478117e-05,1.6700562e-05,a
test_1197.jpg,0.0007022919,0.0007022919,0.98890066,0.009694842,c
test_1198.jpg,9.422419e-07,2.2603208e-06,0.9999962,6.475928e-07,c
test_1199.jpg,6.144049e-06,1.6701257e-05,3.726554e-06,0.9999734,d
test_1200.jpg,0.00033505916,0.00015827075,0.9987973,0.00070932024,c
test_1201.jpg,4.181185e-07,3.9278598e-07,1.975052e-07,0.99999905,d
test_1202.jpg,9.4223435e-07,0.9999882,6.14414e-06,4.7850613e-06,b
test_1203.jpg,0.9983565,0.0003349113,0.0011689552,0.00013961182,a
test_1204.jpg,1.3005701e-05,0.9998772,5.8287507e-05,5.1438547e-05,b
test_1205.jpg,0.9976554,0.00013951377,2.2774995e-05,0.0021823624,a
test_1206.jpg,0.000123383,7.483558e-05,1.8921397e-05,0.99978286,d
test_1207.jpg,0.9997762,4.0056326e-05,7.483508e-05,0.0001088844,a
test_1208.jpg,4.5375207e-05,0.00020335756,0.9994554,0.0002958835,c
test_1209.jpg,3.7266034e-06,6.893523e-07,0.99998665,8.939657e-06,c
test_1210.jpg,0.0012611673,0.95054716,0.0008667868,0.047324955,b
test_1211.jpg,0.99993265,5.14414e-05,8.939174e-06,6.961836e-06,a
test_1212.jpg,0.00013979342,9.607852e-05,0.99965525,0.00010887123,c
test_1213.jpg,0.0023847593,0.029052315,0.96208054,0.0064824475,c
test_1214.jpg,0.0005498351,0.9941251,0.0052166902,0.000108268956,b
test_1215.jpg,0.4070012,0.59218323,0.00039507332,0.00042055335,b
test_1216.jpg,5.422093e-06,0.9999714,4.2227302e-06,1.8924964e-05,b
test_1217.jpg,6.4759394e-07,9.4224356e-07,3.9278555e-07,0.999998,d
test_1218.jpg,0.0027915684,0.00054969237,0.0027915684,0.9938671,d
test_1219.jpg,0.0011687973,0.00023014983,0.9982216,0.00037945295,c
test_1220.jpg,0.0051535494,0.9820926,0.0096280975,0.0031257856,b
test_1221.jpg,8.479852e-05,0.9997676,9.6089316e-05,5.1432908e-05,b
test_1222.jpg,0.0003799196,0.9994492,7.481061e-05,9.605871e-05,b
test_1223.jpg,0.0013242998,0.00048718273,5.8185673e-05,0.9981304,d
test_1224.jpg,0.00043043733,7.47988e-05,0.9992914,0.0002033242,c
test_1225.jpg,2.1443382e-05,0.99990547,5.828915e-05,1.4737805e-05,b
test_1226.jpg,4.4508099e-07,0.99999046,2.9022929e-06,6.1441538e-06,b
test_1227.jpg,2.7535118e-05,1.3006668e-05,0.9999516,7.8889425e-06,c
test_1228.jpg,5.8284902e-05,2.4296762e-05,8.480403e-05,0.9998325,d
test_1229.jpg,2.4292882e-05,0.00029594792,6.9600273e-06,0.9996729,d
test_1230.jpg,0.99729186,0.00070825114,0.0019252263,7.464913e-05,a
test_1231.jpg,1.9947254e-06,7.3381847e-07,0.9999958,1.3709534e-06,c
test_1232.jpg,0.16254908,0.03200781,0.6428941,0.16254908,c
test_1233.jpg,4.181174e-07,0.9999964,1.3709542e-06,1.7603401e-06,b
test_1234.jpg,0.002171212,0.0035797236,0.9925581,0.0016909419,c
test_1235.jpg,1.892464e-05,7.888963e-06,0.9999542,1.892464e-05,c
test_1236.jpg,3.5344707e-05,9.607687e-05,0.9996381,0.00023047642,c
test_1237.jpg,0.9999776,8.939576e-06,1.0129866e-05,3.2886862e-06,a
test_1238.jpg,3.4663228e-07,4.450846e-07,0.99999857,6.4759433e-07,c
test_1239.jpg,5.1407438e-05,0.00012332002,0.9992725,0.00055268203,c
test_1240.jpg,8.4807594e-05,2.7532999e-05,1.3005667e-05,0.9998746,d
test_1241.jpg,2.5612753e-06,1.5534921e-06,0.99999475,1.2098608e-06,c
test_1242.jpg,0.0021765076,0.99497896,0.00037822034,0.0024663063,b
test_1243.jpg,0.9797564,0.0058258446,0.010884112,0.0035335536,a
test_1244.jpg,1.7603245e-06,0.9999876,6.9622183e-06,3.726607e-06,b
test_1245.jpg,4.2227775e-06,6.1441056e-06,6.9621838e-06,0.9999826,d
test_1246.jpg,3.1199947e-05,3.5354173e-05,0.9999058,2.7533857e-05,c
test_1247.jpg,0.4585948,0.519656,0.0039676223,0.017781649,b
test_1248.jpg,0.00010885405,5.8265374e-05,0.00033529408,0.99949753,d
test_1249.jpg,0.9999342,2.753464e-05,2.9021296e-06,3.5355173e-05,a
test_1250.jpg,0.00032981436,0.015891345,0.0006161743,0.98316276,d
test_1251.jpg,0.0004665729,0.9559054,0.041999552,0.0016284995,b
test_1252.jpg,1.4738654e-05,1.8924808e-05,3.2886383e-06,0.99996305,d
test_1253.jpg,9.3294744e-08,0.999998,1.2098646e-06,7.3382006e-07,b
test_1254.jpg,7.889099e-06,1.8924964e-05,1.760296e-06,0.9999714,d
test_1255.jpg,5.141742e-05,5.141742e-05,0.00043051277,0.9994666,d
test_1256.jpg,3.5353085e-05,7.4842486e-05,1.4737358e-05,0.99987507,d
test_1257.jpg,4.7850835e-06,1.0676964e-06,0.99999285,1.3709493e-06,c
test_1258.jpg,0.97478163,0.01227069,0.004514135,0.008433513,a
test_1259.jpg,0.98005635,0.002429317,0.003534635,0.013979753,a
test_1260.jpg,0.015901793,0.00020017404,8.8826695e-05,0.9838091,d
test_1261.jpg,1.553497e-06,3.2563062e-07,2.8736798e-07,0.99999785,d
test_1262.jpg,2.9023074e-06,9.4224123e-07,6.475923e-07,0.99999547,d
test_1263.jpg,9.3294794e-08,0.99999845,4.4508454e-07,9.42244e-07,b
test_1264.jpg,1.2098603e-06,3.7266323e-06,6.475916e-07,0.9999944,d
test_1265.jpg,0.0013242334,0.00033481861,0.000260757,0.99808025,d
test_1266.jpg,1.01298865e-05,3.2886928e-06,0.9999796,6.962163e-06,c
test_1267.jpg,0.019303266,0.04630613,0.0043071415,0.93008345,d
test_1268.jpg,2.5612735e-06,2.5612735e-06,9.4223986e-07,0.99999404,d
test_1269.jpg,2.9022863e-06,4.222801e-06,4.7850613e-06,0.9999882,d
test_1270.jpg,5.0434653e-07,1.370956e-06,3.4663196e-07,0.99999774,d
test_1271.jpg,1.1478566e-05,6.1440337e-06,0.9999709,1.1478566e-05,c
test_1272.jpg,0.00029579326,0.9991505,0.00043037665,0.00012330497,b
test_1273.jpg,0.001696756,0.0011661621,0.0011661621,0.9959709,d
test_1274.jpg,0.002739751,0.97541887,0.012278711,0.00956267,b
test_1275.jpg,0.97434366,0.022914367,0.00061064714,0.0021313683,a
test_1276.jpg,0.00012232922,5.7784233e-05,0.99124396,0.0085759405,c
test_1277.jpg,2.1444082e-05,2.1444082e-05,0.99993813,1.8924335e-05,c
test_1278.jpg,0.00062623183,0.00012331238,4.003366e-05,0.9992105,d
test_1279.jpg,4.538716e-05,0.9997187,0.0001398023,9.608462e-05,b
test_1280.jpg,2.4298468e-05,2.7533773e-05,0.9999027,4.5395514e-05,c
test_1281.jpg,0.0993671,0.5046278,0.39300454,0.0030006263,b
test_1282.jpg,4.4508474e-07,3.25631e-07,0.9999989,2.6995755e-07,c
test_1283.jpg,0.00037989204,4.004032e-05,0.9993767,0.00020334155,c
test_1284.jpg,0.9999739,6.144052e-06,1.3006958e-05,6.962123e-06,a
test_1285.jpg,4.1811816e-07,1.0677021e-06,3.0590178e-07,0.9999982,d
test_1286.jpg,0.9999752,7.889129e-06,1.1478615e-05,5.4221136e-06,a
test_1287.jpg,0.000798474,0.006685541,0.99222225,0.00029374217,c
test_1288.jpg,0.0007095111,8.473901e-05,0.99906605,0.00013971103,c
test_1289.jpg,0.9989095,0.00037971442,8.472573e-05,0.0006260432,a
test_1290.jpg,5.71498e-07,5.71498e-07,0.9999951,3.726635e-06,c
test_1291.jpg,1.2098576e-06,1.2098576e-06,0.99999213,5.4222055e-06,c
test_1292.jpg,1.444972e-07,0.9999943,3.288741e-06,2.2603165e-06,b
test_1293.jpg,0.7869637,0.19897558,0.001340687,0.012720083,a
test_1294.jpg,0.0002299165,0.9972096,0.0021813873,0.00037906825,b
test_1295.jpg,0.9998958,2.1443175e-05,5.1439503e-05,3.1199634e-05,a
test_1296.jpg,5.7149913e-07,1.5534958e-06,7.3381943e-07,0.99999714,d
test_1297.jpg,3.1194806e-05,2.4294537e-05,0.00020341568,0.999741,d
test_1298.jpg,0.8432166,0.012027838,0.12931146,0.0154440515,a
test_1299.jpg,0.9961994,0.00070747535,0.0027981193,0.00029491962,a
test_1300.jpg,9.931168e-08,0.99999726,5.714992e-07,1.9947283e-06,b
test_1301.jpg,7.2658054e-08,0.99999845,5.043469e-07,9.42244e-07,b
test_1302.jpg,0.08491753,0.001997069,0.00013590224,0.9129495,d
test_1303.jpg,1.8924424e-05,2.9021546e-06,0.9999428,3.535548e-05,c
test_1304.jpg,0.00020340615,2.752803e-05,7.4828946e-05,0.9996942,d
test_1305.jpg,0.0029812534,0.028285345,0.936682,0.032051492,c
test_1306.jpg,1.8924362e-05,6.143841e-06,0.99993956,3.5355366e-05,c
test_1307.jpg,0.9998505,2.7532335e-05,1.3005353e-05,0.0001088925,a
test_1308.jpg,5.143982e-05,0.999902,2.7533753e-05,1.8923653e-05,b
test_1309.jpg,0.99994683,3.1201227e-05,8.939301e-06,1.3006606e-05,a
test_1310.jpg,3.5353973e-05,0.9999002,5.143973e-05,1.3006e-05,b
test_1311.jpg,5.6586188e-08,0.99999905,2.6995758e-07,5.715002e-07,b
test_1312.jpg,1.7603346e-06,3.7266284e-06,1.2098591e-06,0.9999933,d
test_1313.jpg,0.025939243,0.00061003247,8.788352e-05,0.9733629,d
test_1314.jpg,0.9999795,6.1440865e-06,1.0129886e-05,4.222765e-06,a
test_1315.jpg,0.00013976631,0.00037992423,0.99946135,1.8915312e-05,c
test_1316.jpg,0.9999188,2.4298859e-05,1.1477968e-05,4.5396246e-05,a
test_1317.jpg,0.004022411,0.00079205964,0.9842515,0.010934047,c
test_1318.jpg,0.26665398,0.0071060876,0.0013992715,0.72484064,d
test_1319.jpg,1.7603369e-06,1.3709517e-06,0.99999464,2.2603174e-06,c
test_1320.jpg,2.427669e-05,0.99900657,5.823675e-05,0.0009109761,b
test_1321.jpg,5.7149913e-07,4.4508394e-07,0.99999714,1.7603413e-06,c
test_1322.jpg,0.35317263,0.078803465,0.51386315,0.054160774,c
test_1323.jpg,0.9999653,7.889051e-06,7.889051e-06,1.892485e-05,a
test_1324.jpg,0.99997365,1.3006955e-05,1.8738295e-06,1.1478598e-05,a
test_1325.jpg,0.020061933,0.0011318168,0.9666381,0.012168177,c
test_1326.jpg,1.0676869e-06,0.9999839,6.1441137e-06,8.939633e-06,b
test_1327.jpg,3.5344372e-05,7.482404e-05,0.99962866,0.00026116153,c
test_1328.jpg,3.535514e-05,1.6700586e-05,1.4738214e-05,0.99993324,d
test_1329.jpg,0.00029593447,4.5383018e-05,0.9996275,3.1191263e-05,c
test_1330.jpg,8.939335e-06,0.99995065,1.8924573e-05,2.144435e-05,b
test_1331.jpg,0.0014960525,0.99508685,0.0019209696,0.0014960525,b
test_1332.jpg,3.2887133e-06,2.9022794e-06,0.9999858,7.889213e-06,c
test_1333.jpg,3.5305566e-05,0.9985311,0.0013248315,0.0001087488,b
test_1334.jpg,0.99985814,2.4297384e-05,5.1437564e-05,6.6047134e-05,a
test_1335.jpg,6.1440364e-06,2.1444795e-05,1.0676735e-06,0.9999714,d
test_1336.jpg,0.9989588,0.0004875871,0.00012328131,0.00043029408,a
test_1337.jpg,0.0011689955,0.00026083813,0.00017927127,0.9983909,d
test_1338.jpg,0.0002611121,0.00020335431,0.9994394,9.6057774e-05,c
test_1339.jpg,1.4449785e-07,0.9999987,8.3152764e-07,3.6898814e-07,b
test_1340.jpg,0.00048758442,0.00017937226,0.00037973112,0.99895334,d
test_1341.jpg,0.0016760008,0.9837879,0.0021520273,0.012384063,b
test_1342.jpg,0.9679652,0.0021174152,0.029230017,0.0006874241,a
test_1343.jpg,0.0021809519,0.0003789926,0.9970106,0.00042945487,c
test_1344.jpg,1.370931e-06,1.3007031e-05,6.1440865e-06,0.9999795,d
test_1345.jpg,0.00017907699,0.002472082,3.9957475e-05,0.99730897,d
test_1346.jpg,2.9022867e-06,3.2887215e-06,5.422185e-06,0.9999883,d
test_1347.jpg,0.0006207313,0.008568932,0.99043393,0.00037649262,c
test_1348.jpg,0.00048757246,0.99892884,0.00048757246,9.6008705e-05,b
test_1349.jpg,5.7149987e-07,6.475942e-07,3.9278575e-07,0.99999845,d
test_1350.jpg,0.9999865,6.1441297e-06,2.5612542e-06,4.785053e-06,a
test_1351.jpg,0.0030025395,0.05322129,0.00040634954,0.94336987,d
test_1352.jpg,2.902282e-06,1.5534796e-06,0.99998665,8.939657e-06,c
test_1353.jpg,2.2603197e-06,8.3152514e-07,1.2098619e-06,0.9999957,d
test_1354.jpg,1.0676996e-06,2.561278e-06,6.475925e-07,0.9999958,d
test_1355.jpg,0.9995117,9.606472e-05,1.2213259e-05,0.00037994335,a
test_1356.jpg,2.4299756e-05,1.3006723e-05,6.961997e-06,0.9999558,d
test_1357.jpg,0.9999776,1.1478643e-05,6.1440746e-06,4.7850103e-06,a
test_1358.jpg,0.00033456692,0.99732995,0.0011677532,0.0011677532,b
test_1359.jpg,7.734399e-08,0.999997,6.475933e-07,2.2603226e-06,b
test_1360.jpg,0.9995332,9.606678e-05,7.481689e-05,0.00029590653,a
test_1361.jpg,3.4663202e-07,0.99999785,9.4224345e-07,8.3152696e-07,b
test_1362.jpg,3.726631e-06,1.20986e-06,1.0676977e-06,0.99999404,d
test_1363.jpg,2.1024306e-07,9.42244e-07,4.4508454e-07,0.99999845,d
test_1364.jpg,0.9978149,0.0008029746,0.0013238813,5.8167283e-05,a
test_1365.jpg,6.603765e-05,0.00012337457,0.99971455,9.608422e-05,c
test_1366.jpg,0.006033434,0.094378784,0.004146715,0.89544106,d
test_1367.jpg,1.4449782e-07,0.99999857,5.0434693e-07,8.3152753e-07,b
test_1368.jpg,1.9945098e-06,0.9998877,7.484343e-05,3.5353532e-05,b
test_1369.jpg,0.99999416,1.3709512e-06,2.2603163e-06,2.2603163e-06,a
test_1370.jpg,0.9999572,2.429979e-05,1.4738567e-05,3.7264938e-06,a
test_1371.jpg,7.484446e-05,8.938895e-06,0.9999014,1.4737745e-05,c
test_1372.jpg,2.7533191e-05,0.9998816,4.5394558e-05,4.5394558e-05,b
test_1373.jpg,4.784997e-06,3.7265595e-06,0.99997485,1.670128e-05,c
test_1374.jpg,0.047394056,0.95193505,0.00056045677,0.00011036049,b
test_1375.jpg,0.64082736,0.0010917262,0.015070815,0.34301016,a
test_1376.jpg,0.0089309765,0.12328832,0.70947534,0.15830535,c
test_1377.jpg,1.4736705e-05,9.60954e-05,0.99983084,5.8284804e-05,c
test_1378.jpg,0.99981564,1.3004899e-05,1.3004899e-05,0.0001584321,a
test_1379.jpg,0.002179763,0.0005511304,0.00080189,0.9964671,d
test_1380.jpg,3.5355322e-05,1.1478192e-05,0.99993837,1.473829e-05,c
test_1381.jpg,8.3151804e-07,5.7149344e-07,0.9999871,1.1478753e-05,c
test_1382.jpg,0.00012325718,0.00048749166,0.00062595156,0.9987633,d
test_1383.jpg,7.338194e-07,1.0677009e-06,0.999997,1.2098635e-06,c
test_1384.jpg,2.4299947e-05,7.889038e-06,4.2226975e-06,0.99996364,d
test_1385.jpg,5.144148e-05,8.939188e-06,5.4218913e-06,0.9999342,d
test_1386.jpg,0.9998486,3.1198164e-05,8.480539e-05,3.535215e-05,a
test_1387.jpg,0.67714995,0.319863,0.0024421841,0.00054492493,a
test_1388.jpg,6.0835566e-07,0.9999938,2.2603153e-06,3.2887394e-06,b
test_1389.jpg,4.0063307e-05,4.7848803e-06,0.9999504,4.7848803e-06,c
test_1390.jpg,0.0009106185,0.00029563456,0.0001793114,0.99861443,d
test_1391.jpg,0.99998283,6.144107e-06,6.144107e-06,4.7850353e-06,a
test_1392.jpg,1.553492e-06,3.2887422e-06,4.4508283e-07,0.99999464,d
test_1393.jpg,5.658618e-08,0.9999989,5.043471e-07,5.043471e-07,b
test_1394.jpg,0.9999516,2.4299654e-05,1.892459e-05,5.0934846e-06,a
test_1395.jpg,0.99998224,4.7850326e-06,1.0129913e-05,2.902269e-06,a
test_1396.jpg,3.2886555e-06,2.1444728e-05,6.962084e-06,0.9999683,d
test_1397.jpg,0.99948126,0.00023044026,0.00017946705,0.00010885228,a
test_1398.jpg,2.3823651e-07,2.6995733e-07,0.9999981,1.3709565e-06,c
test_1399.jpg,0.99998116,6.144097e-06,2.5612405e-06,1.0129902e-05,a
test_1400.jpg,0.0068582236,0.29161906,0.001964914,0.6995578,d
test_1401.jpg,0.00015837494,0.00033527976,0.9994549,5.141682e-05,c
test_1402.jpg,0.036347978,0.0012437594,0.024981575,0.93742675,d
test_1403.jpg,2.5360052e-07,0.9999944,3.2887415e-06,1.9947227e-06,b
test_1404.jpg,5.8286263e-05,5.8286263e-05,0.9998559,2.7532484e-05,c
test_1405.jpg,0.00080337183,0.99830854,0.00080337183,8.4674764e-05,b
test_1406.jpg,2.3823637e-07,0.9999975,1.3709557e-06,9.4224316e-07,b
test_1407.jpg,0.98979455,0.008563401,0.00048311407,0.0011589302,a
test_1408.jpg,0.99999094,1.3709467e-06,2.9022942e-06,4.7850745e-06,a
test_1409.jpg,8.233218e-08,0.9999962,1.2098625e-06,2.561279e-06,b
test_1410.jpg,0.00013937138,5.1271865e-05,0.003172078,0.9966372,d
test_1411.jpg,0.60259354,0.2216818,0.023365088,0.15235952,a
test_1412.jpg,3.1201074e-05,2.1444164e-05,5.4219336e-06,0.99994195,d
test_1413.jpg,0.0023784644,0.959541,0.00087498815,0.037205443,b
test_1414.jpg,0.9862069,0.0024445627,0.009668433,0.0016801218,a
test_1415.jpg,0.00043032528,0.9990313,0.00020327127,0.00033513765,b
test_1416.jpg,9.609369e-05,0.99981314,4.5391447e-05,4.5391447e-05,b
test_1417.jpg,0.9999151,1.6700284e-05,1.6700284e-05,5.1440496e-05,a
test_1418.jpg,0.9999827,5.4221546e-06,8.939622e-06,2.9022704e-06,a
test_1419.jpg,0.9999181,2.7534195e-05,3.5354606e-05,1.8923956e-05,a
test_1420.jpg,3.927856e-07,6.47594e-07,0.9999981,9.422437e-07,c
test_1421.jpg,4.784998e-06,1.4738829e-05,5.4221127e-06,0.99997497,d
test_1422.jpg,0.00079462654,0.00079462654,0.9874412,0.010969481,c
test_1423.jpg,6.1437877e-06,1.1478106e-05,0.99993086,5.1441304e-05,c
test_1424.jpg,5.04346e-07,1.9947274e-06,0.9999968,7.3381915e-07,c
test_1425.jpg,0.99999297,8.8515145e-07,4.785084e-06,1.3709495e-06,a
test_1426.jpg,0.9983491,0.00020313245,0.00132459,0.00012320606,a
test_1427.jpg,0.9829275,0.00029099052,0.014020707,0.0027608413,a
test_1428.jpg,4.785061e-06,2.902286e-06,4.2228007e-06,0.9999881,d
test_1429.jpg,2.9022463e-06,0.99997437,7.889123e-06,1.4738821e-05,b
test_1430.jpg,0.9988776,2.4273555e-05,0.0010321379,6.598236e-05,a
test_1431.jpg,0.999708,4.0053594e-05,2.1439148e-05,0.00023049254,a
test_1432.jpg,6.083483e-07,0.99998164,1.3007058e-05,4.78503e-06,b
test_1433.jpg,5.823323e-05,0.99894613,8.472884e-05,0.00091092096,b
test_1434.jpg,2.9022913e-06,1.7603285e-06,5.422193e-06,0.99998987,d
test_1435.jpg,0.9997199,0.00020341139,3.1194148e-05,4.5387216e-05,a
test_1436.jpg,0.00020170481,0.530622,0.4682723,0.0009039783,b
test_1437.jpg,0.99998677,6.9622124e-06,8.85146e-07,5.4221764e-06,a
test_1438.jpg,2.429938e-05,7.888853e-06,2.7534807e-05,0.9999403,d
test_1439.jpg,2.1443626e-05,0.9999169,1.0129252e-05,5.1440587e-05,b
test_1440.jpg,0.0006258248,0.00055228843,0.00026088257,0.99856097,d
test_1441.jpg,5.1422045e-05,9.606903e-05,0.9995565,0.00029591346,c
test_1442.jpg,1.2878845e-06,0.99999034,4.2228103e-06,4.2228103e-06,b
test_1443.jpg,8.939644e-06,3.2887112e-06,2.5612508e-06,0.9999852,d
test_1444.jpg,0.98950154,0.000620147,0.00017767509,0.009700732,a
test_1445.jpg,0.0074813706,0.0009511495,0.31811598,0.6734515,d
test_1446.jpg,0.9996008,0.00023046782,0.00012336054,4.5381807e-05,a
test_1447.jpg,7.484458e-05,1.6700082e-05,5.421723e-06,0.9999031,d
test_1448.jpg,1.0030119e-06,1.3709547e-06,7.3381915e-07,0.9999968,d
test_1449.jpg,0.9999939,9.4223975e-07,9.4223975e-07,4.2228257e-06,a
test_1450.jpg,0.9999982,7.8114755e-07,3.2563077e-07,6.0835833e-07,a
test_1451.jpg,4.784732e-06,0.9999194,2.4298874e-05,5.144072e-05,b
test_1452.jpg,1.067694e-06,0.9999906,4.2228116e-06,4.2228116e-06,b
test_1453.jpg,3.9278441e-07,0.9999951,2.2603183e-06,2.2603183e-06,b
test_1454.jpg,2.2602874e-06,0.9999814,1.0129905e-05,6.1440983e-06,b
test_1455.jpg,1.0676997e-06,1.3709536e-06,0.99999595,1.553494e-06,c
test_1456.jpg,2.9022808e-06,0.9999863,5.422174e-06,5.422174e-06,b
test_1457.jpg,0.0002034183,3.1195206e-05,1.1476075e-05,0.9997539,d
test_1458.jpg,0.9933763,0.0052127605,0.0007054704,0.0007054704,a
test_1459.jpg,0.9999865,6.1441297e-06,4.785053e-06,2.5612542e-06,a
test_1460.jpg,0.0016874206,0.0075624934,0.0002587743,0.9904912,d
test_1461.jpg,1.147735e-05,9.609867e-05,2.7532733e-05,0.99986494,d
test_1462.jpg,1.0129908e-05,3.2886999e-06,4.7850303e-06,0.99998176,d
test_1463.jpg,0.9993851,0.0002610979,0.0002304181,0.00012333393,a
test_1464.jpg,6.893582e-07,3.2887442e-06,7.811452e-07,0.99999523,d
test_1465.jpg,7.338203e-07,8.3152736e-07,1.2751885e-07,0.99999833,d
test_1466.jpg,6.962153e-06,0.9999782,6.962153e-06,7.889153e-06,b
test_1467.jpg,5.7149947e-07,6.4759377e-07,0.99999774,1.0677016e-06,c
test_1468.jpg,0.005807911,0.97674054,0.01578754,0.0016639946,b
test_1469.jpg,1.147722e-05,0.9998536,1.147722e-05,0.00012339174,b
test_1470.jpg,1.5534947e-06,9.4224214e-07,0.9999964,1.0677002e-06,c
test_1471.jpg,0.0027990388,0.0005511634,0.00012298118,0.9965268,d
test_1472.jpg,3.0590192e-07,2.2380263e-07,0.9999987,7.3382057e-07,c
test_1473.jpg,5.714948e-07,0.9999895,1.9947129e-06,7.889242e-06,b
test_1474.jpg,0.9999982,7.3382023e-07,7.3382023e-07,2.873681e-07,a
test_1475.jpg,4.18118e-07,5.714995e-07,0.99999785,1.0677018e-06,c
test_1476.jpg,4.2224847e-06,2.4298723e-05,0.9999132,5.8289603e-05,c
test_1477.jpg,9.601173e-05,0.00013969625,0.9989604,0.0008038964,c
test_1478.jpg,0.88551503,0.0641465,0.026740238,0.023598175,a
test_1479.jpg,7.3381005e-07,0.9999844,4.785043e-06,1.0129935e-05,b
test_1480.jpg,0.9981523,0.0007088622,0.00042994667,0.0007088622,a
test_1481.jpg,0.9942614,0.000706099,0.00042827066,0.004604344,a
test_1482.jpg,0.0019264726,5.133876e-05,8.4643296e-05,0.99793756,d
test_1483.jpg,0.004061778,0.0010269783,0.99388427,0.0010269783,c
test_1484.jpg,3.535463e-05,2.1443668e-05,0.9999188,2.4298859e-05,c
test_1485.jpg,6.4759394e-07,4.450843e-07,0.999998,9.4224356e-07,c
test_1486.jpg,6.144025e-06,5.4220827e-06,0.9999695,1.8924928e-05,c
test_1487.jpg,1.9946956e-06,0.9999808,4.2227703e-06,1.3007048e-05,b
test_1488.jpg,0.0010315343,0.99829346,0.00037948028,0.00029553953,b
test_1489.jpg,6.565261e-05,0.0059098597,0.00013898658,0.9938856,d
test_1490.jpg,0.0004851284,0.00037781836,0.9939215,0.0052156216,c
test_1491.jpg,0.0031703676,0.00055092725,0.9960998,0.00017885989,c
test_1492.jpg,0.9999968,2.2603222e-06,4.1811757e-07,5.04346e-07,a
test_1493.jpg,0.0012848844,0.0044846875,0.025807593,0.9684228,d
test_1494.jpg,0.99915934,7.478891e-05,0.00013972407,0.00062619976,a
test_1495.jpg,6.475901e-07,0.99999213,1.0676956e-06,6.144164e-06,b
test_1496.jpg,1.0676855e-06,3.2887026e-06,0.9999826,1.3007071e-05,c
test_1497.jpg,1.3005747e-05,9.610019e-05,1.0128885e-05,0.9998808,d
test_1498.jpg,0.0031623323,0.00079956284,0.002462827,0.9935753,d
test_1499.jpg,2.5360146e-07,0.9999981,6.47594e-07,9.422437e-07,b
test_1500.jpg,4.5391163e-05,2.429614e-05,0.00012338598,0.99980694,d
test_1501.jpg,0.99992645,2.1443831e-05,3.53549e-05,1.6700473e-05,a
test_1502.jpg,1.2098608e-06,0.99999475,1.2098608e-06,2.9023054e-06,b
test_1503.jpg,6.1411224e-06,0.0004878498,0.99949706,8.935281e-06,c
test_1504.jpg,2.9022435e-06,1.6701257e-05,6.9621196e-06,0.9999734,d
test_1505.jpg,7.889206e-06,5.422167e-06,1.7603198e-06,0.999985,d
test_1506.jpg,0.000108865504,0.99960274,0.00017948887,0.000108865504,b
test_1507.jpg,2.7535016e-05,1.6700831e-05,7.888913e-06,0.9999479,d
test_1508.jpg,1.3709449e-06,0.9999896,6.1441488e-06,2.9022906e-06,b
test_1509.jpg,0.0019114872,0.007560078,0.00035358957,0.9901749,d
test_1510.jpg,0.00042824302,0.0001575418,0.005217068,0.99419713,d
test_1511.jpg,0.002172443,0.0027894722,0.99312085,0.0019171743,c
test_1512.jpg,1.9947036e-06,8.939641e-06,4.222787e-06,0.99998486,d
test_1513.jpg,0.00017892648,0.00017892648,0.9964707,0.0031715478,c
test_1514.jpg,2.1024323e-07,1.4449793e-07,0.9999993,3.466325e-07,c
test_1515.jpg,1.8922417e-05,0.9998368,0.00010889101,3.535173e-05,b
test_1516.jpg,0.99991226,1.4737905e-05,4.5395947e-05,2.7534035e-05,a
test_1517.jpg,0.99934345,0.0004877748,4.5370125e-05,0.00012332878,a
test_1518.jpg,4.5395012e-05,0.99989164,1.1477657e-05,5.143929e-05,b
test_1519.jpg,6.962051e-06,0.9999635,1.4738661e-05,1.4738661e-05,b
test_1520.jpg,2.7528244e-05,4.0053354e-05,0.9997019,0.00023049115,c
test_1521.jpg,4.0061168e-05,1.1477718e-05,5.1439565e-05,0.999897,d
test_1522.jpg,4.0058556e-05,0.00012338905,4.7843128e-06,0.9998318,d
test_1523.jpg,0.99999154,3.7266216e-06,2.5612671e-06,2.2603103e-06,a
test_1524.jpg,0.5733027,0.010500405,0.34772566,0.068471245,a
test_1525.jpg,0.00015840973,5.8275684e-05,0.99967444,0.00010887332,c
test_1526.jpg,8.93872e-06,8.480821e-05,2.429796e-05,0.99988186,d
test_1527.jpg,1.1477093e-05,0.00013981962,6.143245e-06,0.9998425,d
test_1528.jpg,0.999984,6.144114e-06,6.9621933e-06,2.9022742e-06,a
test_1529.jpg,6.599809e-05,0.0007095463,0.99911565,0.00010881246,c
test_1530.jpg,8.315191e-07,0.99998844,5.4221855e-06,5.4221855e-06,b
test_1531.jpg,0.9999201,3.1200394e-05,2.429889e-05,2.429889e-05,a
test_1532.jpg,7.3381943e-07,7.3381943e-07,1.3709551e-06,0.99999714,d
test_1533.jpg,0.99995255,1.8924608e-05,2.4299678e-05,4.2226507e-06,a
test_1534.jpg,0.8192785,0.046220534,0.067250475,0.067250475,a
test_1535.jpg,0.006680727,0.0016891524,0.99150777,0.00012236177,c
test_1536.jpg,8.47598e-05,0.00055270334,0.9993111,5.140942e-05,c
test_1537.jpg,0.9999027,2.4298468e-05,5.828899e-05,1.4737765e-05,a
test_1538.jpg,0.00070908683,0.9984686,0.0004873478,0.00033494888,b
test_1539.jpg,0.0005526691,7.479564e-05,0.00012331715,0.99924916,d
test_1540.jpg,1.444977e-07,0.99999774,1.0677016e-06,1.0677016e-06,b
test_1541.jpg,1.6701286e-05,4.784999e-06,3.2886783e-06,0.9999752,d
test_1542.jpg,7.888585e-06,0.9999063,2.7533872e-05,5.8289203e-05,b
test_1543.jpg,0.002469175,0.0004862094,0.99613625,0.0009083587,c
test_1544.jpg,0.99999297,1.9947197e-06,1.7603339e-06,3.2887367e-06,a
test_1545.jpg,2.2603167e-06,2.9023042e-06,5.043448e-07,0.9999944,d
test_1546.jpg,0.00020338807,5.142456e-05,0.99960536,0.00013978644,c
test_1547.jpg,0.0010320329,9.5994015e-05,9.5994015e-05,0.998776,d
test_1548.jpg,0.9996917,1.012697e-05,0.00015841247,0.00013979852,a
test_1549.jpg,0.9998741,5.8287325e-05,4.006025e-05,2.7532986e-05,a
test_1550.jpg,0.00023020078,0.00015821453,0.9984426,0.001169056,c
test_1551.jpg,3.927859e-07,2.6995752e-07,0.9999988,5.715001e-07,c
test_1552.jpg,0.00020332228,0.0003352218,0.99928206,0.00017943128,c
test_1553.jpg,1.9947258e-06,1.5534941e-06,4.1811725e-07,0.99999607,d
test_1554.jpg,0.0018859521,0.0008908606,0.020275895,0.9769473,d
test_1555.jpg,0.99988496,2.1442942e-05,5.828796e-05,3.5353434e-05,a
test_1556.jpg,1.2098565e-06,0.9999912,1.3709471e-06,6.1441583e-06,b
test_1557.jpg,0.0013236133,0.0002606349,0.99761295,0.00080281205,c
test_1558.jpg,1.0129681e-05,2.4299843e-05,6.1439628e-06,0.99995935,d
test_1559.jpg,2.2380266e-07,4.4508468e-07,5.0434704e-07,0.9999988,d
test_1560.jpg,0.9999888,4.222804e-06,3.7266113e-06,3.288723e-06,a
test_1561.jpg,0.99999607,2.5612787e-06,9.422418e-07,4.4508346e-07,a
test_1562.jpg,3.5355464e-05,3.2885705e-06,0.9999424,1.8924417e-05,c
test_1563.jpg,0.9974583,0.0010306713,0.0007083693,0.0008026876,a
test_1564.jpg,7.88913e-06,8.939555e-06,0.9999753,7.88913e-06,c
test_1565.jpg,0.9997578,2.7529783e-05,7.483371e-05,0.00013980777,a
test_1566.jpg,6.1438946e-06,0.99994826,1.0129569e-05,3.535567e-05,b
test_1567.jpg,0.0051489775,0.9812214,0.0040100277,0.009619556,b
test_1568.jpg,0.10896622,0.8051575,0.058325414,0.027550973,b
test_1569.jpg,0.0020099448,0.18092947,0.8108696,0.006191065,c
test_1570.jpg,0.17490545,0.034440923,0.0067818197,0.7838718,d
test_1571.jpg,0.00033303018,0.0066890903,0.99274904,0.00022888808,c
test_1572.jpg,0.99179006,0.005204437,0.0016896334,0.0013158877,a
test_1573.jpg,0.94867945,0.019689213,0.019689213,0.011942112,a
test_1574.jpg,0.99999034,2.9022926e-06,2.561264e-06,4.2228103e-06,a
test_1575.jpg,0.066607326,0.0029265222,0.29851335,0.63195276,d
test_1576.jpg,7.888955e-06,2.4299692e-05,0.99995315,1.4738508e-05,c
test_1577.jpg,0.99983954,9.6096235e-05,2.4296933e-05,4.0058865e-05,a
test_1578.jpg,0.00017948764,8.478396e-05,0.99959594,0.00013978513,c
test_1579.jpg,1.5534788e-06,3.2887144e-06,0.9999862,8.939653e-06,c
test_1580.jpg,0.9953956,0.00033391803,0.0040679546,0.00020253152,a
test_1581.jpg,1.9750489e-07,0.9999975,1.3709557e-06,9.4224316e-07,b
test_1582.jpg,0.18117511,0.0013832892,0.81197053,0.0054710144,c
test_1583.jpg,0.99999774,8.3152685e-07,8.3152685e-07,5.7149947e-07,a
test_1584.jpg,0.027802937,0.33870912,0.0006960329,0.63279194,d
test_1585.jpg,6.4759394e-07,3.059017e-07,0.999998,1.0677019e-06,c
test_1586.jpg,0.042077057,0.00014255926,0.00011102528,0.9576694,d
test_1587.jpg,0.0002949314,0.9962393,0.0002949314,0.0031708116,b
test_1588.jpg,0.99999225,4.2228185e-06,2.260312e-06,1.2098578e-06,a
test_1589.jpg,3.2887333e-06,1.5534877e-06,3.2887333e-06,0.9999919,d
test_1590.jpg,0.99999845,4.1811825e-07,4.4508454e-07,6.0835845e-07,a
test_1591.jpg,7.888585e-06,5.8289203e-05,0.9999063,2.7533872e-05,c
test_1592.jpg,3.7265643e-06,1.2098383e-06,0.99997616,1.8925055e-05,c
test_1593.jpg,8.939206e-06,1.4738259e-05,0.9999362,4.006274e-05,c
test_1594.jpg,0.68949014,0.15384606,0.0028177886,0.15384606,a
test_1595.jpg,7.338188e-07,0.9999963,7.338188e-07,2.260321e-06,b
test_1596.jpg,5.7149884e-07,1.7603404e-06,9.4224237e-07,0.99999666,d
test_1597.jpg,2.9022995e-06,7.338162e-07,0.9999927,3.7266261e-06,c
test_1598.jpg,7.4844516e-05,1.1477778e-05,1.1477778e-05,0.99990225,d
test_1599.jpg,0.0009092941,0.9971621,0.00022990555,0.0016987852,b
test_1600.jpg,7.3381483e-07,0.9999908,3.726619e-06,4.7850735e-06,b
test_1601.jpg,1.3709525e-06,1.7603379e-06,0.99999523,1.5534929e-06,c
test_1602.jpg,0.999967,1.892488e-05,6.1440096e-06,7.889064e-06,a
test_1603.jpg,1.0677015e-06,3.2563057e-07,0.9999976,9.422432e-07,c
test_1604.jpg,7.3382057e-07,2.536016e-07,3.256309e-07,0.9999987,d
test_1605.jpg,2.7532102e-05,0.99984205,2.1442022e-05,0.000108891574,b
test_1606.jpg,7.338197e-07,3.9278535e-07,0.9999975,1.3709557e-06,c
test_1607.jpg,2.1438324e-05,0.9996697,1.3003001e-05,0.00029594696,b
test_1608.jpg,4.2228103e-06,2.9022926e-06,2.561264e-06,0.99999034,d
test_1609.jpg,4.4508337e-07,3.2887463e-06,4.4508337e-07,0.9999958,d
test_1610.jpg,5.1437964e-05,0.9998659,5.8286845e-05,2.4297573e-05,b
test_1611.jpg,1.3709546e-06,5.7149884e-07,0.99999666,1.3709546e-06,c
test_1612.jpg,3.2887322e-06,2.5612671e-06,0.99999154,2.5612671e-06,c
test_1613.jpg,0.99971265,0.00013980146,5.143008e-05,9.608404e-05,a
test_1614.jpg,1.01299165e-05,2.5612442e-06,4.7850344e-06,0.9999826,d
test_1615.jpg,4.7848957e-06,1.5534282e-06,0.9999536,4.0063434e-05,c
test_1616.jpg,9.9311755e-08,0.9999981,6.47594e-07,1.2098649e-06,b
test_1617.jpg,0.99965525,0.00010887123,9.607852e-05,0.00013979342,a
test_1618.jpg,0.00020320048,0.0006259015,0.9986834,0.00048745266,c
test_1619.jpg,1.0129769e-05,2.9022278e-06,0.99996805,1.8924902e-05,c
test_1620.jpg,6.02357e-08,5.043473e-07,2.1024323e-07,0.9999993,d
test_1621.jpg,8.938781e-06,0.99988866,7.4843505e-05,2.7533386e-05,b
test_1622.jpg,1.067691e-06,0.9999877,7.889227e-06,3.2887194e-06,b
test_1623.jpg,3.653478e-08,0.9999988,5.0434704e-07,6.4759445e-07,b
test_1624.jpg,3.726548e-06,7.889102e-06,0.99997175,1.670123e-05,c
test_1625.jpg,5.828631e-05,0.9998567,1.8922794e-05,6.604704e-05,b
test_1626.jpg,1.8553851e-07,0.99999654,1.209863e-06,1.994727e-06,b
test_1627.jpg,0.9951776,0.0024667988,0.00017869429,0.0021769423,a
test_1628.jpg,0.9997241,2.1439491e-05,0.0001584176,9.608514e-05,a
test_1629.jpg,0.99998033,1.4738908e-05,1.2098434e-06,3.72658e-06,a
test_1630.jpg,0.036634162,0.9448075,0.0012535522,0.017304754,b
test_1631.jpg,0.010968686,0.0014844501,0.9873696,0.00017729228,c
test_1632.jpg,0.00037997257,0.99958855,1.6694828e-05,1.4733134e-05,b
test_1633.jpg,7.338198e-07,7.338198e-07,9.422432e-07,0.9999976,d
test_1634.jpg,0.083606556,0.0047167595,0.012821482,0.89885527,d
test_1635.jpg,0.0004305375,3.5340672e-05,0.999524,1.0125271e-05,c
test_1636.jpg,4.4508423e-07,1.2098644e-06,6.4759377e-07,0.99999774,d
test_1637.jpg,0.91684204,0.013078049,0.045646876,0.024433013,a
test_1638.jpg,0.99982953,2.1441754e-05,0.00010889021,4.0058465e-05,a
test_1639.jpg,1.8921628e-05,2.7530808e-05,0.99979514,0.00015842885,c
test_1640.jpg,0.9999155,1.147793e-05,6.6050925e-05,6.9617163e-06,a
test_1641.jpg,0.9992675,0.0001397392,4.0035946e-05,0.00055267924,a
test_1642.jpg,4.4508454e-07,3.4663222e-07,0.99999845,7.338204e-07,c
test_1643.jpg,4.7850413e-06,2.2602933e-06,0.999984,8.9396335e-06,c
test_1644.jpg,0.00061419903,0.015840402,0.980011,0.0035344716,c
test_1645.jpg,0.00036811116,0.7541789,0.24484603,0.00060691265,b
test_1646.jpg,1.1475847e-05,0.00015841916,0.999734,9.6086085e-05,c
test_1647.jpg,0.00012334589,1.4731564e-05,0.9994821,0.00037993208,c
test_1648.jpg,3.0590198e-07,3.0590198e-07,3.9278592e-07,0.9999989,d
test_1649.jpg,0.00669016,0.00029394514,0.000108136366,0.99290776,d
test_1650.jpg,6.962006e-06,3.1201547e-05,0.9999571,4.784912e-06,c
test_1651.jpg,3.689882e-07,5.0434704e-07,3.927859e-07,0.9999988,d
test_1652.jpg,2.752152e-05,0.00017946283,0.9994578,0.00033528073,c
test_1653.jpg,0.00023012502,0.998114,0.00048717472,0.0011686713,b
test_1654.jpg,0.008554284,0.7700321,0.22061789,0.00079567236,b
test_1655.jpg,0.013816678,0.13108899,0.000286756,0.85480756,d
test_1656.jpg,1.9947133e-06,0.99998975,2.9022908e-06,5.4221928e-06,b
test_1657.jpg,2.1443655e-05,8.939045e-06,5.1440657e-05,0.9999182,d
test_1658.jpg,0.0019255969,0.99748385,0.00029529986,0.00029529986,b
test_1659.jpg,4.5387027e-05,0.99971575,0.00020341054,3.5347453e-05,b
test_1660.jpg,3.059018e-07,0.99999833,8.3152736e-07,5.043468e-07,b
test_1661.jpg,3.6898646e-07,0.99999416,2.5612737e-06,2.9023035e-06,b
test_1662.jpg,0.99841225,0.0011690205,0.00029557472,0.00012321386,a
test_1663.jpg,0.9998354,2.1441878e-05,8.480427e-05,5.8285066e-05,a
test_1664.jpg,0.0014730591,0.017945534,0.97979295,0.0007884717,c
test_1665.jpg,0.9929113,0.0007990285,0.0016915435,0.004598092,a
test_1666.jpg,0.00043047802,7.480587e-05,0.00010884189,0.99938583,d
test_1667.jpg,5.7149975e-07,5.0434676e-07,0.9999982,6.475941e-07,c
test_1668.jpg,0.99940765,0.0002958694,3.5336558e-05,0.0002611038,a
test_1669.jpg,9.4223446e-07,7.889233e-06,2.9022867e-06,0.9999883,d
test_1670.jpg,0.004033428,0.9869473,0.0014838153,0.0075354353,b
test_1671.jpg,0.9745651,0.00843164,0.003101827,0.013901424,a
test_1672.jpg,4.7850567e-06,1.0676904e-06,0.99998724,6.962216e-06,c
test_1673.jpg,1.9947245e-06,1.553493e-06,1.067699e-06,0.99999535,d
test_1674.jpg,0.42880744,0.55059963,0.018840482,0.001752438,b
test_1675.jpg,7.888772e-06,0.99993,1.6700533e-05,4.5396755e-05,b
test_1676.jpg,3.7265283e-06,2.2602537e-06,0.9999665,2.7535529e-05,c
test_1677.jpg,1.5534899e-06,9.422392e-07,0.9999933,4.222823e-06,c
test_1678.jpg,0.0005521174,0.99825174,0.0007089328,0.00048724198,b
test_1679.jpg,3.2886896e-06,1.01298765e-05,0.99997866,7.889156e-06,c
test_1680.jpg,0.9964708,0.0016976076,0.0010296509,0.00080189295,a
test_1681.jpg,0.9998016,0.000108887165,3.1196694e-05,5.8283094e-05,a
test_1682.jpg,0.99999046,3.7266177e-06,2.5612644e-06,3.2887285e-06,a
test_1683.jpg,1.3007067e-05,3.726587e-06,1.0029972e-06,0.99998224,d
test_1684.jpg,2.2603194e-06,6.475924e-07,0.9999956,1.5534935e-06,c
test_1685.jpg,1.5534611e-06,0.9999747,1.47388255e-05,8.939551e-06,b
test_1686.jpg,3.1201736e-05,4.784941e-06,0.99996316,8.314981e-07,c
test_1687.jpg,1.7603362e-06,1.0676979e-06,2.902304e-06,0.9999943,d
test_1688.jpg,0.99997675,6.962143e-06,4.7850062e-06,1.14786335e-05,a
test_1689.jpg,2.4299854e-05,1.3006775e-05,2.902204e-06,0.9999598,d
test_1690.jpg,0.99999356,9.422394e-07,4.7850867e-06,6.893571e-07,a
test_1691.jpg,0.9998342,2.4296802e-05,4.5392404e-05,9.609572e-05,a
test_1692.jpg,0.00037906988,0.9972139,0.0016988735,0.00070819573,b
test_1693.jpg,0.9996152,0.00023047115,0.00010886687,4.538246e-05,a
test_1694.jpg,3.059017e-07,0.999998,5.7149964e-07,1.2098646e-06,b
test_1695.jpg,0.00029458292,0.9950622,0.0024665126,0.0021766897,b
test_1696.jpg,1.47372075e-05,9.609867e-05,2.429755e-05,0.99986494,d
test_1697.jpg,6.0835083e-07,0.99998593,1.012995e-05,3.2887137e-06,b
test_1698.jpg,1.0571682e-07,0.9999982,7.3382023e-07,9.422438e-07,b
test_1699.jpg,5.043427e-07,0.9999902,6.9622365e-06,2.2603074e-06,b
test_1700.jpg,0.00017950435,3.5346504e-05,9.6081756e-05,0.999689,d
test_1701.jpg,0.0059032235,0.00070503954,0.99276954,0.00062219513,c
test_1702.jpg,6.601477e-05,1.299908e-05,0.99936825,0.00055273494,c
test_1703.jpg,4.1811717e-07,0.9999958,1.2098621e-06,2.561278e-06,b
test_1704.jpg,1.3709534e-06,1.0676996e-06,1.7603389e-06,0.9999958,d
test_1705.jpg,0.99996424,8.939456e-06,2.4299961e-05,2.561197e-06,a
test_1706.jpg,0.98316216,0.010921946,0.0040179593,0.0018979495,a
test_1707.jpg,0.00080197037,0.00070773636,0.11902296,0.8794673,d
test_1708.jpg,5.4218954e-06,0.9999349,2.429925e-05,3.53552e-05,b
test_1709.jpg,1.9946892e-06,1.8925084e-05,1.3709285e-06,0.9999777,d
test_1710.jpg,0.0009016551,0.9887849,0.00061969785,0.009693706,b
test_1711.jpg,0.99993205,1.4738197e-05,7.888789e-06,4.5396846e-05,a
test_1712.jpg,6.1441274e-06,5.422173e-06,2.2602983e-06,0.9999862,d
test_1713.jpg,1.0677002e-06,1.2098628e-06,1.3709542e-06,0.9999964,d
test_1714.jpg,0.99259406,0.00590218,0.0007987732,0.00070491486,a
test_1715.jpg,9.4223503e-07,0.9999889,4.7850644e-06,5.422188e-06,b
test_1716.jpg,1.4592213e-06,0.99989235,1.01290025e-05,9.610131e-05,b
test_1717.jpg,9.6076736e-05,0.00015840374,0.99963665,0.0001088692,c
test_1718.jpg,0.1818339,0.8149229,0.0009541766,0.0022889508,b
test_1719.jpg,8.939653e-06,3.2887144e-06,1.5534788e-06,0.9999862,d
test_1720.jpg,3.7264883e-06,2.7535234e-05,1.3006723e-05,0.9999558,d
test_1721.jpg,0.9999589,1.1478428e-05,1.3006763e-05,1.6701013e-05,a
test_1722.jpg,1.1478051e-05,5.8290356e-05,0.9999261,4.2225392e-06,c
test_1723.jpg,0.0008038903,0.00020325529,4.0023337e-05,0.99895275,d
test_1724.jpg,0.000900493,0.010970251,0.98751044,0.0006188991,c
test_1725.jpg,8.939509e-06,1.67012e-05,0.9999701,4.222725e-06,c
test_1726.jpg,1.6701277e-05,5.4221105e-06,3.2886765e-06,0.9999746,d
test_1727.jpg,4.784855e-06,0.99994504,3.1201173e-05,1.8924466e-05,b
test_1728.jpg,5.827601e-05,0.99968004,0.00020340327,5.827601e-05,b
test_1729.jpg,0.9998636,8.480666e-05,1.1477335e-05,4.005983e-05,a
test_1730.jpg,9.422426e-07,1.7603409e-06,3.9278513e-07,0.9999969,d
test_1731.jpg,0.00013979668,0.00012337013,0.9996786,5.8275928e-05,c
test_1732.jpg,2.561174e-06,0.9999552,3.5355915e-05,6.9619928e-06,b
test_1733.jpg,8.233239e-08,0.9999988,7.338207e-07,3.4663233e-07,b
test_1734.jpg,0.2736227,0.2736227,0.0016270201,0.45112756,d
test_1735.jpg,3.4663248e-07,5.6586195e-08,0.99999917,4.4508485e-07,c
test_1736.jpg,0.0016931723,0.99386734,0.0040617087,0.00037779775,b
test_1737.jpg,1.6685104e-05,0.99900633,0.00091097585,6.599087e-05,b
test_1738.jpg,0.9999722,7.889105e-06,6.9621115e-06,1.3006937e-05,a
test_1739.jpg,1.9946992e-06,0.9999827,2.2602903e-06,1.3007073e-05,b
test_1740.jpg,8.479041e-05,8.479041e-05,0.99967194,0.00015840933,c
test_1741.jpg,4.2223187e-06,0.9998739,0.00010889504,1.3005657e-05,b
test_1742.jpg,0.0058964286,0.99162686,0.0013156711,0.0011610757,b
test_1743.jpg,0.0012495228,0.9417706,0.0038488014,0.053131066,b
test_1744.jpg,1.4728994e-05,0.99930763,5.1409243e-05,0.0006262927,b
test_1745.jpg,0.000747302,0.06726999,0.0033491752,0.92863345,d
test_1746.jpg,0.99998593,3.2887137e-06,7.8892135e-06,2.9022797e-06,a
test_1747.jpg,1.2098499e-06,0.9999857,6.1441247e-06,6.962205e-06,b
test_1748.jpg,0.9897754,0.0002930178,0.009703417,0.00022820248,a
test_1749.jpg,0.99985063,9.60973e-05,4.539315e-05,7.888147e-06,a
test_1750.jpg,1.742976e-07,0.99999833,3.927857e-07,1.0677022e-06,b
test_1751.jpg,0.2429004,0.008311595,0.0006020899,0.74818593,d
test_1752.jpg,4.2220527e-06,0.9998109,0.00017952624,5.421223e-06,b
test_1753.jpg,1.9946892e-06,1.8925084e-05,1.3709285e-06,0.9999777,d
test_1754.jpg,0.0005436808,0.982998,0.0024366085,0.014021712,b
test_1755.jpg,0.014298382,0.78066516,0.19738306,0.0076533724,b
test_1756.jpg,7.338204e-07,5.7149987e-07,1.9750507e-07,0.99999845,d
test_1757.jpg,0.9999485,1.0129571e-05,1.0129571e-05,3.1201278e-05,a
test_1758.jpg,0.99877185,0.00012325824,0.0005524051,0.0005524051,a
test_1759.jpg,0.6198311,0.09505418,0.20122969,0.083885014,a
test_1760.jpg,8.939562e-06,1.994686e-06,0.99997604,1.3006986e-05,c
test_1761.jpg,0.020143725,0.0018736584,0.51951355,0.4584691,c
test_1762.jpg,9.4224225e-07,5.043459e-07,0.99999654,1.994727e-06,c
test_1763.jpg,6.144121e-06,3.2887108e-06,0.9999851,5.4221673e-06,c
test_1764.jpg,0.9981541,0.0002607763,0.0013243314,0.0002607763,a
test_1765.jpg,0.999998,1.2098646e-06,5.368742e-07,2.699573e-07,a
test_1766.jpg,0.0045015714,0.40521857,0.0006903384,0.58958954,d
test_1767.jpg,2.5360117e-07,0.999997,9.422427e-07,1.7603411e-06,b
test_1768.jpg,0.0006241421,0.0021784701,0.99587613,0.0013213089,c
test_1769.jpg,0.9873368,0.00079454255,0.0009003346,0.010968322,a
test_1770.jpg,2.1440854e-05,1.1476462e-05,0.00017952206,0.9997876,d
test_1771.jpg,0.0043056933,0.49767047,0.49767047,0.0003534328,b
test_1772.jpg,3.53202e-05,0.99894506,0.00010879388,0.00091092,b
test_1773.jpg,1.3006908e-05,1.1478556e-05,5.422086e-06,0.9999701,d
test_1774.jpg,0.00012326008,0.0009107756,0.00017934234,0.99878675,d
test_1775.jpg,8.3152247e-07,0.9999925,4.2228194e-06,2.5612694e-06,b
test_1776.jpg,0.99997544,1.3006978e-05,8.939557e-06,2.5612258e-06,a
test_1777.jpg,0.9996941,3.5346686e-05,4.0053037e-05,0.00023048933,a
test_1778.jpg,1.0676986e-06,0.9999949,1.9947236e-06,1.9947236e-06,b
test_1779.jpg,0.99982786,3.1197516e-05,7.483895e-05,6.604513e-05,a
test_1780.jpg,2.7530505e-05,8.937845e-06,0.00017952142,0.99978405,d
test_1781.jpg,0.9999871,6.1441333e-06,4.2227966e-06,2.5612558e-06,a
test_1782.jpg,2.14446e-05,4.7849376e-06,0.99996233,1.1478468e-05,c
test_1783.jpg,0.0016971112,0.99617946,0.0008016585,0.0013217113,b
test_1784.jpg,0.9999896,3.7266145e-06,3.7266145e-06,2.9022906e-06,a
test_1785.jpg,0.9997453,4.005509e-05,7.483277e-05,0.00013980603,a
test_1786.jpg,0.0013245137,0.00012319896,0.0002608122,0.99829155,d
test_1787.jpg,0.00090388895,0.0002934498,0.99123454,0.007568169,c
test_1788.jpg,0.9995552,0.00010886033,4.004747e-05,0.00029591305,a
test_1789.jpg,0.99991727,6.9617286e-06,5.1440606e-05,2.429882e-05,a
test_1790.jpg,2.2603144e-06,1.0676969e-06,0.9999933,3.2887378e-06,c
test_1791.jpg,2.561197e-06,0.99996424,8.939456e-06,2.4299961e-05,b
test_1792.jpg,1.0571675e-07,0.9999975,9.4224316e-07,1.3709557e-06,b
test_1793.jpg,1.0129891e-05,6.962166e-06,2.9022628e-06,0.9999801,d
test_1794.jpg,0.9999826,8.939621e-06,4.7850344e-06,3.7265884e-06,a
test_1795.jpg,0.9949591,0.0003782128,0.0014958605,0.003166737,a
test_1796.jpg,0.00012306745,0.99722594,0.002471876,0.00017906209,b
test_1797.jpg,1.14784825e-05,0.99996364,1.4738663e-05,1.0129725e-05,b
test_1798.jpg,0.00017951641,4.538886e-05,0.99975616,1.8920891e-05,c
test_1799.jpg,3.726443e-06,2.1444199e-05,0.9999436,3.1201125e-05,c
test_1800.jpg,0.0075763874,0.992311,6.157721e-05,5.10493e-05,b
test_1801.jpg,0.9999968,1.2878928e-06,5.7149896e-07,1.3709547e-06,a
test_1802.jpg,0.00013981233,0.9997905,4.5390418e-05,2.429574e-05,b
test_1803.jpg,0.00033509883,0.00012327597,0.99891555,0.000626047,c
test_1804.jpg,0.033196878,0.24529362,0.054732397,0.6667771,d
test_1805.jpg,1.553497e-06,3.927855e-07,2.2380245e-07,0.99999785,d
test_1806.jpg,0.51812387,0.45724273,0.022764774,0.0018686465,a
test_1807.jpg,7.481597e-05,2.4289187e-05,0.9995209,0.00037994684,c
test_1808.jpg,0.99815303,0.00033484303,0.00070886273,0.00080324674,a
test_1809.jpg,0.99979407,0.00012338438,5.8282658e-05,2.4295827e-05,a
test_1810.jpg,0.9999758,1.0129847e-05,7.8891335e-06,6.1440637e-06,a
test_1811.jpg,0.00015816122,3.529054e-05,0.9981061,0.0017003935,c
test_1812.jpg,1.4738644e-05,6.143981e-06,0.99996233,1.6701071e-05,c
test_1813.jpg,0.000709525,0.000108809196,0.99908566,9.6023774e-05,c
test_1814.jpg,8.9347395e-06,1.7593545e-06,0.99943656,0.0005527727,c
test_1815.jpg,2.6995758e-07,5.043472e-07,1.8553898e-07,0.99999905,d
test_1816.jpg,1.0676862e-06,0.9999833,4.2227807e-06,1.1478708e-05,b
test_1817.jpg,0.0007064811,0.0040655183,0.9947995,0.00042850248,c
test_1818.jpg,0.00013966257,0.9987196,0.00010876932,0.0010319746,b
test_1819.jpg,3.288735e-06,1.3709487e-06,0.9999924,2.9022985e-06,c
test_1820.jpg,2.9022265e-06,0.9999676,1.4738721e-05,1.4738721e-05,b
test_1821.jpg,2.260265e-06,2.1444797e-05,4.7849812e-06,0.9999715,d
test_1822.jpg,0.99976176,3.1195454e-05,2.752989e-05,0.00017951742,a
test_1823.jpg,1.8925091e-05,1.8738377e-06,1.0676806e-06,0.99997807,d
test_1824.jpg,0.99854916,5.1370225e-05,0.00023022536,0.0011691808,a
test_1825.jpg,6.604314e-05,1.3004666e-05,0.99979764,0.00012338483,c
test_1826.jpg,0.50851715,0.0174005,0.4487648,0.025317576,a
test_1827.jpg,0.0007492515,0.06744547,0.0007492515,0.931056,d
test_1828.jpg,0.0055450196,0.0023115082,0.05961458,0.932529,d
test_1829.jpg,7.3381847e-07,2.9023086e-06,5.714984e-07,0.9999958,d
test_1830.jpg,5.8271093e-05,0.9995957,8.478394e-05,0.00026115292,b
test_1831.jpg,5.422148e-06,1.0129906e-05,2.902267e-06,0.9999815,d
test_1832.jpg,6.603962e-05,0.00015842081,3.1194908e-05,0.99974436,d
test_1833.jpg,0.014873859,0.045814708,0.92021304,0.019098412,c
test_1834.jpg,6.962148e-06,2.561231e-06,0.99997747,1.3007005e-05,c
test_1835.jpg,0.9999833,2.561246e-06,6.14411e-06,7.889193e-06,a
test_1836.jpg,6.604529e-05,8.480383e-05,0.99983025,1.8922294e-05,c
test_1837.jpg,0.9986003,0.0004874121,0.0007091804,0.00020318358,a
test_1838.jpg,5.7149964e-07,2.699573e-07,0.999998,1.2098646e-06,c
test_1839.jpg,4.537493e-05,7.481062e-05,0.00043050534,0.9994493,d
test_1840.jpg,0.9999819,5.42215e-06,7.889182e-06,4.785031e-06,a
test_1841.jpg,1.4738838e-05,1.7603033e-06,0.99997556,7.889132e-06,c
test_1842.jpg,0.99941385,0.0002033491,0.0002033491,0.00017945495,a
test_1843.jpg,0.0002596059,0.005908604,0.00015745896,0.9936744,d
test_1844.jpg,0.9999927,4.7850826e-06,1.3709491e-06,1.0676963e-06,a
test_1845.jpg,1.0030033e-06,0.9999882,2.9022863e-06,7.889232e-06,b
test_1846.jpg,1.8553904e-07,1.1253511e-07,0.9999994,2.3823682e-07,c
test_1847.jpg,0.99997294,1.4738799e-05,6.9621165e-06,5.4221014e-06,a
test_1848.jpg,0.09520629,0.0011984704,0.9032922,0.00030302076,c
test_1849.jpg,0.90284663,0.0017429041,0.00025108914,0.09515933,a
test_1850.jpg,0.00037987882,0.9993419,0.00020333448,7.480258e-05,b
test_1851.jpg,8.9396035e-06,6.1440937e-06,4.22277e-06,0.9999807,d
test_1852.jpg,1.6690716e-05,0.99934226,0.00037987894,0.0002610867,b
test_1853.jpg,2.4299989e-05,6.143999e-06,4.222705e-06,0.9999653,d
test_1854.jpg,0.99999166,1.2878861e-06,3.2887324e-06,3.726622e-06,a
test_1855.jpg,0.8458695,0.005699424,0.14699006,0.0014410402,a
test_1856.jpg,7.338094e-07,1.4738954e-05,1.0676863e-06,0.99998343,d
test_1857.jpg,7.477505e-05,4.0024195e-05,0.9989742,0.0009109466,c
test_1858.jpg,6.9619396e-06,1.0129562e-05,0.99994755,3.5355646e-05,c
test_1859.jpg,0.999923,3.1200485e-05,2.4298959e-05,2.1443757e-05,a
test_1860.jpg,0.0005498182,0.00013901581,0.99409467,0.00521653,c
test_1861.jpg,8.937986e-06,5.1434563e-05,0.9997998,0.00013981364,c
test_1862.jpg,0.09453252,0.89689964,0.00533316,0.0032347252,b
test_1863.jpg,8.480824e-05,2.1442884e-05,1.14775485e-05,0.9998822,d
test_1864.jpg,0.009666597,0.9860196,0.002156909,0.002156909,b
test_1865.jpg,0.0052185045,0.00020234338,0.99447095,0.00010830661,c
test_1866.jpg,2.2602183e-06,6.961962e-06,4.006332e-05,0.99995077,d
test_1867.jpg,0.0001783211,3.098756e-05,0.9930992,0.0066914503,c
test_1868.jpg,0.0016966262,0.00048609154,0.0019225292,0.9958948,d
test_1869.jpg,1.357431e-07,0.9999982,4.4508442e-07,1.209865e-06,b
test_1870.jpg,0.0031724141,6.584135e-05,0.9967429,1.8863864e-05,c
test_1871.jpg,0.0001088408,8.476529e-05,0.00043047368,0.9993759,d
test_1872.jpg,7.886987e-06,0.9997037,0.000108876506,0.000179507,b
test_1873.jpg,1.3709379e-06,1.0676874e-06,0.9999845,1.3007096e-05,c
test_1874.jpg,0.99999046,6.1441538e-06,1.0676938e-06,2.2603078e-06,a
test_1875.jpg,8.939658e-06,2.2602994e-06,1.9947074e-06,0.99998677,d
test_1876.jpg,0.010874074,0.9788529,0.0051365485,0.0051365485,b
test_1877.jpg,6.4759394e-07,8.31527e-07,5.0434664e-07,0.999998,d
test_1878.jpg,0.9926963,0.0052091917,0.00017824874,0.0019163546,a
test_1879.jpg,0.06678201,0.010241353,0.0010794306,0.9218972,d
test_1880.jpg,2.9023074e-06,4.7378862e-07,0.99999547,1.2098617e-06,c
test_1881.jpg,1.6373741e-07,0.9999982,1.0677021e-06,6.475941e-07,b
test_1882.jpg,0.00017933604,0.0009107436,0.99875164,0.0001582635,c
test_1883.jpg,0.9947625,0.00020240269,0.0046066646,0.0004284865,a
test_1884.jpg,6.9621587e-06,6.1440837e-06,0.999979,7.889159e-06,c
test_1885.jpg,0.00033524542,0.00020333663,0.000108838256,0.9993525,d
test_1886.jpg,3.2887062e-06,0.99998367,2.9022733e-06,1.0129927e-05,b
test_1887.jpg,1.2098591e-06,7.3381665e-07,0.9999933,4.785086e-06,c
test_1888.jpg,0.00037511496,0.98680973,0.009674342,0.0031407992,b
test_1889.jpg,0.9993381,0.0002033337,0.0003352406,0.00012332812,a
test_1890.jpg,2.2603085e-06,6.144155e-06,8.31521e-07,0.9999907,d
test_1891.jpg,6.4759195e-07,7.338178e-07,3.726634e-06,0.9999949,d
test_1892.jpg,0.00013978299,0.9995807,0.00013978299,0.00013978299,b
test_1893.jpg,4.784896e-06,1.4593109e-06,0.99995375,4.006344e-05,c
test_1894.jpg,0.0019209075,0.00022941969,0.9950547,0.0027949042,c
test_1895.jpg,1.147864e-05,2.2602783e-06,8.9395735e-06,0.99997735,d
test_1896.jpg,2.9022603e-06,0.99997926,8.939591e-06,8.939591e-06,b
test_1897.jpg,0.99748385,0.0019255969,0.00029529986,0.00029529986,a
test_1898.jpg,2.5360106e-07,0.99999654,1.3709544e-06,1.7603402e-06,b
test_1899.jpg,5.4216357e-06,1.1477603e-05,0.999887,9.610079e-05,c
test_1900.jpg,0.0007055289,0.0052131927,0.00062262703,0.9934587,d
test_1901.jpg,0.9999926,5.4222082e-06,6.083549e-07,1.370949e-06,a
test_1902.jpg,8.3152366e-07,0.9999939,1.5534908e-06,3.7266304e-06,b
test_1903.jpg,3.1200445e-05,4.006216e-05,6.9617604e-06,0.9999218,d
test_1904.jpg,0.08835189,0.39596573,0.50843006,0.0072523654,c
test_1905.jpg,5.8276408e-05,0.99968684,0.00020340465,5.142875e-05,b
test_1906.jpg,0.0011661352,0.995948,0.0007072968,0.0021786275,b
test_1907.jpg,4.0060833e-05,3.119941e-05,0.99988866,4.0060833e-05,c
test_1908.jpg,6.1440887e-06,7.889165e-06,6.1440887e-06,0.99997985,d
test_1909.jpg,0.9999939,1.7603356e-06,1.9947217e-06,2.2603158e-06,a
test_1910.jpg,0.00013861264,0.00857566,7.4194e-05,0.9912115,d
test_1911.jpg,0.0006261536,0.00017939603,0.000108809196,0.99908566,d
test_1912.jpg,0.000108890876,1.0128428e-05,4.539247e-05,0.9998356,d
test_1913.jpg,3.2887426e-06,1.370952e-06,5.3687245e-07,0.99999475,d
test_1914.jpg,1.7603293e-06,0.99999034,3.7266173e-06,4.2228103e-06,b
test_1915.jpg,0.4344311,0.0022796853,0.55782056,0.005468681,c
test_1916.jpg,2.7533517e-05,6.604947e-05,1.3005912e-05,0.9998934,d
test_1917.jpg,2.38236e-07,0.99999595,2.2603203e-06,1.553494e-06,b
test_1918.jpg,0.105087854,0.0024714295,0.8798898,0.012550954,c
test_1919.jpg,0.9793311,0.0002899258,0.020325366,5.363088e-05,a
test_1920.jpg,0.99998283,4.222779e-06,2.9022708e-06,1.0129919e-05,a
test_1921.jpg,0.0010135449,0.00013716839,0.9808837,0.017965512,c
test_1922.jpg,0.0003794212,0.0013243101,0.99813807,0.00015816628,c
test_1923.jpg,0.013041131,0.554523,0.0005729873,0.43186295,b
test_1924.jpg,0.9997224,0.00010887854,0.00012337555,4.538733e-05,a
test_1925.jpg,0.99832946,0.00080338866,0.0001581966,0.000708988,a
test_1926.jpg,7.484163e-05,0.9998636,4.005983e-05,2.1442484e-05,b
test_1927.jpg,2.7533468e-05,0.99989164,4.5395012e-05,3.535367e-05,b
test_1928.jpg,2.536016e-07,1.637375e-07,9.4224424e-07,0.9999987,d
test_1929.jpg,4.2228e-06,0.99998784,5.4221823e-06,2.5612576e-06,b
test_1930.jpg,2.4290044e-05,0.0002611426,0.9995561,0.00015839099,c
test_1931.jpg,0.8817169,0.014251626,0.09293228,0.011099178,a
test_1932.jpg,7.338197e-07,1.0677013e-06,7.338197e-07,0.9999975,d
test_1933.jpg,0.99997973,1.0129887e-05,7.889164e-06,2.2602837e-06,a
test_1934.jpg,2.3823665e-07,9.4224424e-07,1.5381715e-07,0.9999987,d
test_1935.jpg,0.40560803,0.0030968555,0.520811,0.07048411,c
test_1936.jpg,3.726348e-06,3.2884907e-06,7.484571e-05,0.9999181,d
test_1937.jpg,0.002080039,0.12868743,0.7405451,0.12868743,c
test_1938.jpg,0.8291766,0.046778947,0.112216845,0.0118275685,a
test_1939.jpg,0.00012332817,0.99933845,0.0003798775,0.00015835649,b
test_1940.jpg,0.9132967,0.07496796,0.011496709,0.00023860655,a
test_1941.jpg,0.023281712,0.87363976,0.09208095,0.010997502,b
test_1942.jpg,0.00026031525,0.0001789119,0.99638945,0.0031712893,c
test_1943.jpg,0.00013981189,4.5390272e-05,2.7530592e-05,0.9997873,d
test_1944.jpg,3.7265427e-06,0.9999703,6.9620983e-06,1.8924944e-05,b
test_1945.jpg,0.8039072,0.01299395,0.0037228293,0.17937596,a
test_1946.jpg,5.043469e-07,3.9278575e-07,0.99999845,7.338204e-07,c
test_1947.jpg,0.00020329325,3.117603e-05,0.9991393,0.00062618725,c
test_1948.jpg,0.32044393,0.0010199026,0.6783798,0.00015640714,c
test_1949.jpg,5.144095e-05,7.888724e-06,0.99992394,1.6700431e-05,c
test_1950.jpg,0.0016971136,0.0006243331,0.0014976973,0.9961809,d
test_1951.jpg,3.9278584e-07,6.475944e-07,3.256309e-07,0.9999987,d
test_1952.jpg,0.0027409985,0.02025339,0.975863,0.001142618,c
test_1953.jpg,0.0024695764,0.00020271518,0.99629825,0.0010294726,c
test_1954.jpg,0.9999553,2.4299745e-05,1.6700955e-05,3.7264865e-06,a
test_1955.jpg,0.0024279174,0.8643984,0.13255979,0.0006138736,b
test_1956.jpg,6.962022e-06,1.8924737e-05,1.4738599e-05,0.99995935,d
test_1957.jpg,0.0001231809,0.0017004601,3.1145013e-05,0.9981452,d
test_1958.jpg,3.535492e-05,1.0129353e-05,0.9999269,2.753444e-05,c
test_1959.jpg,5.1414474e-05,5.1414474e-05,0.00048780697,0.9994093,d
test_1960.jpg,1.4738631e-05,1.4738631e-05,8.9394325e-06,0.9999615,d
test_1961.jpg,4.4507982e-07,0.99998784,4.7850594e-06,6.96222e-06,b
test_1962.jpg,0.9758876,0.0074509936,0.0027410677,0.0139202885,a
test_1963.jpg,2.9022767e-06,0.99998486,3.28871e-06,8.939641e-06,b
test_1964.jpg,1.890666e-05,0.9990042,0.0009109739,6.5990724e-05,b
test_1965.jpg,0.17017423,0.59396636,0.043026783,0.19283265,b
test_1966.jpg,2.430001e-05,6.144005e-06,3.288649e-06,0.99996626,d
test_1967.jpg,4.1811856e-07,2.699576e-07,1.9750522e-07,0.99999917,d
test_1968.jpg,0.00033488098,0.99826616,0.0011688494,0.0002301601,b
test_1969.jpg,7.3381557e-07,0.9999919,3.726623e-06,3.726623e-06,b
test_1970.jpg,7.7344176e-08,3.9278612e-07,1.0571695e-07,0.9999994,d
test_1971.jpg,0.9999981,8.3152713e-07,4.181181e-07,5.714997e-07,a
test_1972.jpg,0.92550856,0.021765877,0.052213624,0.00051188434,a
test_1973.jpg,2.2603192e-06,1.5534932e-06,6.893584e-07,0.99999547,d
test_1974.jpg,0.99995744,3.1201558e-05,3.5007179e-06,7.888989e-06,a
test_1975.jpg,0.99978477,4.0056668e-05,3.534989e-05,0.00013981154,a
test_1976.jpg,0.9999231,3.5354784e-05,3.5354784e-05,6.14374e-06,a
test_1977.jpg,5.043471e-07,7.265809e-08,0.9999989,5.7150015e-07,c
test_1978.jpg,0.0014704766,0.0001549871,0.97807527,0.020299304,c
test_1979.jpg,0.99994206,2.1444166e-05,2.7534856e-05,8.939259e-06,a
test_1980.jpg,0.019918948,0.0004134046,0.95974874,0.019918948,c
test_1981.jpg,2.902287e-06,6.9622242e-06,1.760326e-06,0.99998844,d
test_1982.jpg,1.994723e-06,1.3709517e-06,0.99999464,1.994723e-06,c
test_1983.jpg,0.022940114,0.0012941926,0.00032722316,0.9754385,d
test_1984.jpg,3.120042e-05,1.670038e-05,3.120042e-05,0.99992096,d
test_1985.jpg,9.422337e-07,5.4221805e-06,0.9999875,6.1441356e-06,c
test_1986.jpg,5.82897e-05,1.670028e-05,0.9999149,1.0129231e-05,c
test_1987.jpg,2.1024253e-07,0.99999595,1.553494e-06,2.2603203e-06,b
test_1988.jpg,1.9947258e-06,1.3709538e-06,5.043457e-07,0.99999607,d
test_1989.jpg,1.2098071e-06,0.9999504,1.3006653e-05,3.5355748e-05,b
test_1990.jpg,0.98513836,0.0013070623,0.0011534784,0.012401062,a
test_1991.jpg,0.74995834,0.0021064787,0.004459415,0.24347582,a
test_1992.jpg,0.28305188,0.029833447,0.22044103,0.46667364,d
test_1993.jpg,2.2603122e-06,2.9022985e-06,2.5612692e-06,0.9999924,d
test_1994.jpg,5.043465e-07,1.12534906e-07,0.9999976,1.7603421e-06,c
test_1995.jpg,1.3006978e-05,0.99997544,6.1440614e-06,5.422115e-06,b
test_1996.jpg,1.742977e-07,7.3382074e-07,2.3823671e-07,0.9999989,d
test_1997.jpg,0.00017946561,0.9994733,5.1417763e-05,0.0002958888,b
test_1998.jpg,1.1477036e-05,0.99983764,8.4804466e-05,6.604578e-05,b
test_1999.jpg,0.9998,0.00012338512,4.539085e-05,3.1196647e-05,a
test_2000.jpg,4.222823e-06,1.3709499e-06,1.0676969e-06,0.9999933,d
test_2001.jpg,0.9999865,8.939656e-06,2.260299e-06,2.260299e-06,a
test_2002.jpg,2.1444319e-05,0.9999492,2.1444319e-05,7.888924e-06,b
test_2003.jpg,0.0051851063,0.0031449262,0.98810637,0.003563668,c
test_2004.jpg,5.1441264e-05,1.4738167e-05,3.7263924e-06,0.99993,d
test_2005.jpg,2.75329e-05,0.999871,8.4807296e-05,1.6699547e-05,b
test_2006.jpg,0.9987645,0.00017933836,0.0006259523,0.00043021035,a
test_2007.jpg,0.999995,2.561276e-06,1.0676987e-06,1.3709523e-06,a
test_2008.jpg,0.26656225,0.72459126,0.0080494825,0.0007970066,b
test_2009.jpg,2.9022788e-06,5.42217e-06,6.1441237e-06,0.9999856,d
test_2010.jpg,0.03300729,0.00026826726,0.9646144,0.0021100855,c
test_2011.jpg,7.445259e-05,3.9851595e-05,0.0052195294,0.9946662,d
test_2012.jpg,0.004607875,0.000108366825,0.99502385,0.00025995847,c
test_2013.jpg,7.3381824e-07,0.99999547,1.5534932e-06,2.2603192e-06,b
test_2014.jpg,9.589775e-05,0.9977744,0.0004297839,0.0016998284,b
test_2015.jpg,2.699575e-07,7.3382057e-07,3.256309e-07,0.9999987,d
test_2016.jpg,6.143841e-06,3.5355366e-05,0.99993956,1.8924362e-05,c
test_2017.jpg,3.7265856e-06,1.1478692e-05,2.902268e-06,0.9999819,d
test_2018.jpg,0.99952924,4.5378558e-05,4.5378558e-05,0.00037995,a
test_2019.jpg,0.0013141793,0.9905025,0.0006207743,0.007562579,b
test_2020.jpg,0.00017919058,0.00017919058,0.99794155,0.0017001132,c
test_2021.jpg,3.7266173e-06,1.7603293e-06,0.99999034,4.2228103e-06,c
test_2022.jpg,0.99977964,6.604195e-05,9.609047e-05,5.8281817e-05,a
test_2023.jpg,1.7603319e-06,2.2603108e-06,4.2228166e-06,0.9999918,d
test_2024.jpg,0.007399328,0.00068824476,0.9691208,0.022791538,c
test_2025.jpg,0.9996573,0.0001233675,0.0001233675,9.6078715e-05,a
test_2026.jpg,2.260316e-06,2.5612735e-06,1.20986e-06,0.99999404,d
test_2027.jpg,0.0045260717,0.0058115902,0.012303137,0.97735924,d
test_2028.jpg,1.760216e-06,0.999926,6.6051616e-05,6.1437577e-06,b
test_2029.jpg,0.9999945,3.7266327e-06,1.0676982e-06,7.338175e-07,a
test_2030.jpg,3.6898527e-07,0.99999094,1.7603304e-06,6.9622415e-06,b
test_2031.jpg,0.010964347,0.0016814371,0.0003751793,0.986979,d
test_2032.jpg,0.0033432478,0.004292815,0.49618196,0.49618196,c
test_2033.jpg,1.4592994e-06,0.9999459,3.1201198e-05,2.1444248e-05,b
test_2034.jpg,0.98134595,0.0005427671,0.017973978,0.00013723303,a
test_2035.jpg,0.014061118,0.9857605,8.361047e-05,9.4743074e-05,b
test_2036.jpg,4.1399304e-08,0.9999982,5.7149975e-07,1.209865e-06,b
test_2037.jpg,0.9997658,0.00015842421,5.1432813e-05,2.429514e-05,a
test_2038.jpg,4.222793e-06,4.7850513e-06,4.7850513e-06,0.9999862,d
test_2039.jpg,3.534757e-05,0.9997191,0.00017950976,6.603795e-05,b
test_2040.jpg,6.143625e-06,0.9999044,3.1199903e-05,5.828909e-05,b
test_2041.jpg,0.99998236,4.785033e-06,1.3709349e-06,1.1478697e-05,a
test_2042.jpg,1.6700993e-05,1.6700993e-05,8.939398e-06,0.9999577,d
test_2043.jpg,4.006231e-05,1.0129338e-05,0.9999255,2.429902e-05,c
test_2044.jpg,4.5394943e-05,1.3005868e-05,0.9998901,5.143921e-05,c
test_2045.jpg,0.0014916228,0.9921405,0.0052062753,0.001161677,b
test_2046.jpg,0.9996685,0.00013979527,1.2215174e-05,0.00017950067,a
test_2047.jpg,0.0016981544,0.9967918,0.0008021513,0.000707896,b
test_2048.jpg,0.00853425,0.98642516,0.0014830303,0.0035576047,b
test_2049.jpg,0.0011688283,0.00048724018,9.594327e-05,0.9982481,d
test_2050.jpg,1.2098643e-06,3.0590158e-07,0.9999976,8.3152673e-07,c
test_2051.jpg,1.0128873e-05,7.484283e-05,3.5353245e-05,0.9998796,d
test_2052.jpg,0.00015836355,0.00033525564,0.00012333365,0.999383,d
test_2053.jpg,3.1199947e-05,5.1440016e-05,0.9999058,1.14778195e-05,c
test_2054.jpg,0.004906647,0.0002768141,0.9350414,0.059775196,c
test_2055.jpg,4.450846e-07,3.4663228e-07,0.99999857,6.4759433e-07,c
test_2056.jpg,5.3686597e-07,0.9999826,5.4221537e-06,1.14787e-05,b
test_2057.jpg,0.9999974,1.5534962e-06,5.3687387e-07,4.4508405e-07,a
test_2058.jpg,0.00054896483,0.9925517,0.0016909308,0.005208433,b
test_2059.jpg,0.00036862626,0.96974003,0.0006077619,0.029283611,b
test_2060.jpg,4.222741e-06,0.9999739,8.939543e-06,1.3006958e-05,b
test_2061.jpg,1.9947213e-06,1.3709505e-06,0.9999937,2.9023022e-06,c
test_2062.jpg,2.2602926e-06,2.561247e-06,0.99998367,1.1478713e-05,c
test_2063.jpg,1.1477866e-05,7.484509e-05,3.7263173e-06,0.9999099,d
test_2064.jpg,0.0017429397,0.37637016,0.0013574028,0.6205295,d
test_2065.jpg,0.0041605043,0.20046432,0.79285175,0.0025234735,c
test_2066.jpg,0.996855,0.00037893347,0.0024709566,0.00029511368,a
test_2067.jpg,4.7850476e-06,7.889209e-06,1.9947045e-06,0.99998534,d
test_2068.jpg,1.4738422e-05,1.892451e-05,0.9999473,1.892451e-05,c
test_2069.jpg,0.00013981212,3.11963e-05,4.0056835e-05,0.99978894,d
test_2070.jpg,5.1438554e-05,4.006038e-05,3.119906e-05,0.99987733,d
test_2071.jpg,0.99993837,3.120096e-05,1.892434e-05,1.1478192e-05,a
test_2072.jpg,6.961823e-06,0.99993086,1.6700546e-05,4.539679e-05,b
test_2073.jpg,1.1476972e-05,0.99983203,1.6698896e-05,0.00013981815,b
test_2074.jpg,0.9999956,1.994725e-06,1.0676994e-06,1.3709531e-06,a
test_2075.jpg,0.9749349,0.022928271,0.0016609186,0.00047586113,a
test_2076.jpg,1.5534949e-06,1.3709544e-06,4.1811745e-07,0.99999654,d
test_2077.jpg,0.99975985,7.483386e-05,0.00015842327,6.9606326e-06,a
test_2078.jpg,5.1437466e-05,8.480604e-05,7.4102695e-06,0.99985623,d
test_2079.jpg,0.000108857,0.9995246,0.00033530314,3.118805e-05,b
test_2080.jpg,8.3151406e-07,0.99998236,1.1478697e-05,5.4221528e-06,b
test_2081.jpg,0.99999857,5.368745e-07,5.368745e-07,3.2563088e-07,a
test_2082.jpg,0.00042511264,0.0016813533,0.0109638,0.9869298,d
test_2083.jpg,0.0053374683,0.79215056,0.002224988,0.20028701,b
test_2084.jpg,2.699555e-07,0.9999914,2.9022956e-06,5.422202e-06,b
test_2085.jpg,4.0060833e-05,4.0060833e-05,0.99988866,3.119941e-05,c
test_2086.jpg,2.9022933e-06,5.4221973e-06,1.2098558e-06,0.9999906,d
test_2087.jpg,1.6700416e-05,4.5396442e-05,1.4738065e-05,0.9999231,d
test_2088.jpg,0.00055241305,3.5314588e-05,0.9987863,0.000625966,c
test_2089.jpg,1.2098516e-06,6.1441333e-06,5.422178e-06,0.9999871,d
test_2090.jpg,1.5534899e-06,0.9999933,2.9023013e-06,2.2603144e-06,b
test_2091.jpg,0.00029590877,4.004689e-05,0.00012335311,0.9995407,d
test_2092.jpg,9.4224214e-07,2.2603213e-06,0.9999964,3.466315e-07,c
test_2093.jpg,0.00042990336,0.0010312845,0.99805176,0.00048714434,c
test_2094.jpg,5.4222005e-06,1.9947163e-06,1.3709471e-06,0.9999912,d
test_2095.jpg,0.99998856,5.4221864e-06,1.2098533e-06,4.785063e-06,a
test_2096.jpg,2.1444754e-05,4.2227225e-06,0.9999695,4.7849717e-06,c
test_2097.jpg,0.99994516,3.1201176e-05,6.9619227e-06,1.6700786e-05,a
test_2098.jpg,0.99997854,6.1440805e-06,2.260281e-06,1.3007018e-05,a
test_2099.jpg,0.0002592598,0.0066863988,0.0007047413,0.9923496,d
test_2100.jpg,6.604314e-05,1.3004666e-05,0.99979764,0.00012338483,c
test_2101.jpg,4.737894e-07,6.4759337e-07,1.7603413e-06,0.99999714,d
test_2102.jpg,0.9999962,1.0030112e-06,2.2603208e-06,5.714986e-07,a
test_2103.jpg,0.9993436,0.00012332879,0.00048777487,4.537013e-05,a
test_2104.jpg,0.00013973282,0.00062623894,1.2209716e-05,0.9992218,d
test_2105.jpg,0.00091027154,0.00023015268,0.00062561984,0.9982339,d
test_2106.jpg,4.450848e-07,3.4663242e-07,1.7429771e-07,0.99999905,d
test_2107.jpg,1.8924653e-05,2.4299736e-05,1.760267e-06,0.99995494,d
test_2108.jpg,4.181166e-07,0.9999945,1.3709516e-06,3.7266327e-06,b
test_2109.jpg,0.00029337325,0.00015703136,0.99097604,0.008573622,c
test_2110.jpg,0.99570173,0.0008012741,0.002468098,0.0010288563,a
test_2111.jpg,0.99983835,3.5351786e-05,7.4839736e-05,5.1436546e-05,a
test_2112.jpg,0.00048470846,0.005904957,0.0005492466,0.9930611,d
test_2113.jpg,0.00013966256,0.00091071427,0.99871945,0.00023026462,c
test_2114.jpg,0.003125731,0.014008553,0.00079030846,0.9820754,d
test_2115.jpg,0.99999607,7.811459e-07,1.3709538e-06,1.7603394e-06,a
test_2116.jpg,5.7150004e-07,2.3823665e-07,0.9999987,4.4508462e-07,c
test_2117.jpg,0.9999968,1.2098633e-06,1.0677006e-06,9.422425e-07,a
test_2118.jpg,0.0038093952,0.08670144,0.18354695,0.72594225,d
test_2119.jpg,0.01589964,0.0003299865,0.9836759,9.454272e-05,c
test_2120.jpg,2.8736662e-07,0.9999931,1.2098587e-06,5.422211e-06,b
test_2121.jpg,0.999979,1.1478659e-05,3.288691e-06,6.1440837e-06,a
test_2122.jpg,0.0006983052,0.015893353,0.00012134725,0.983287,d
test_2123.jpg,5.8288762e-05,2.1443238e-05,0.9998988,2.1443238e-05,c
test_2124.jpg,3.534874e-05,8.937562e-06,0.9997522,0.00020341796,c
test_2125.jpg,1.2098628e-06,5.7149873e-07,0.9999964,1.7603401e-06,c
test_2126.jpg,3.119266e-05,3.5345915e-05,0.9996723,0.0002611729,c
test_2127.jpg,5.8278565e-05,0.99972385,0.0001088787,0.0001088787,b
test_2128.jpg,2.1419113e-05,0.001169444,3.5314148e-05,0.9987739,d
test_2129.jpg,2.9022847e-06,2.561257e-06,0.9999876,6.9622183e-06,c
test_2130.jpg,5.1440526e-05,1.1477932e-05,2.14436e-05,0.9999157,d
test_2131.jpg,1.1478581e-05,4.784985e-06,1.1478581e-05,0.9999722,d
test_2132.jpg,2.5612335e-06,0.9999784,4.2227603e-06,1.473888e-05,b
test_2133.jpg,9.42242e-07,2.260321e-06,5.043458e-07,0.9999963,d
test_2134.jpg,8.3151497e-07,0.99998343,7.8891935e-06,7.8891935e-06,b
test_2135.jpg,3.535487e-05,1.1478046e-05,0.9999256,2.7534403e-05,c
test_2136.jpg,7.889242e-06,2.2603058e-06,3.9278223e-07,0.9999895,d
test_2137.jpg,0.999984,2.5612478e-06,1.0129931e-05,3.2887074e-06,a
test_2138.jpg,0.99993634,2.4299285e-05,3.535525e-05,3.9667493e-06,a
test_2139.jpg,6.6010696e-05,0.00048775683,0.00013974466,0.99930656,d
test_2140.jpg,7.478499e-05,0.00070954015,0.00010881152,0.99910694,d
test_2141.jpg,0.00020936843,0.03307707,5.9985057e-05,0.96665365,d
test_2142.jpg,1.1478628e-05,8.31509e-07,0.9999763,1.1478628e-05,c
test_2143.jpg,2.536008e-07,0.99999547,1.7603384e-06,2.5612771e-06,b
test_2144.jpg,2.7532526e-05,1.8922809e-05,0.9998574,9.609795e-05,c
test_2145.jpg,2.6995727e-07,3.4663202e-07,0.99999785,1.553497e-06,c
test_2146.jpg,0.0007080106,0.0021808262,0.00015797852,0.9969531,d
test_2147.jpg,4.222452e-06,0.99990547,2.4298533e-05,6.605026e-05,b
test_2148.jpg,0.99959666,1.8917872e-05,0.00012336002,0.00026115315,a
test_2149.jpg,4.4508454e-07,5.043469e-07,6.475942e-07,0.99999845,d
test_2150.jpg,0.040508237,0.7180256,0.03574839,0.20571779,b
test_2151.jpg,0.0016825406,0.98762673,0.004036205,0.0066545764,b
test_2152.jpg,0.0003798322,0.00013973247,0.9992193,0.00026105458,c
test_2153.jpg,3.466322e-07,2.2380256e-07,0.99999833,1.0677022e-06,c
test_2154.jpg,1.5534694e-06,0.9999801,6.962166e-06,1.1478672e-05,b
test_2155.jpg,3.8891056e-08,0.99999845,2.699574e-07,1.2098653e-06,b
test_2156.jpg,6.9622365e-06,1.7603292e-06,1.0676936e-06,0.9999902,d
test_2157.jpg,1.3709368e-06,7.889196e-06,6.962192e-06,0.9999838,d
test_2158.jpg,0.0006614654,0.06747131,0.9314127,0.00045461813,c
test_2159.jpg,0.028674392,0.013544823,0.9495654,0.00821535,c
test_2160.jpg,0.17037228,0.0058298185,0.46311983,0.36067808,c
test_2161.jpg,0.9840217,0.0024391462,0.012387006,0.0011521709,a
test_2162.jpg,0.065947756,0.018894348,0.004777239,0.91038066,d
test_2163.jpg,1.3709558e-06,1.8553871e-07,0.9999976,7.338198e-07,c
test_2164.jpg,0.00010881331,0.00070955185,5.824356e-05,0.9991234,d
test_2165.jpg,3.466324e-07,1.5381718e-07,0.9999989,5.043471e-07,c
test_2166.jpg,3.11999e-05,1.30060525e-05,0.9999043,5.1439936e-05,c
test_2167.jpg,0.00070872897,0.0002954422,0.0010311946,0.99796474,d
test_2168.jpg,0.047055542,0.0072162007,0.0005923418,0.94513583,d
test_2169.jpg,1.3709538e-06,1.9947258e-06,5.368732e-07,0.99999607,d
test_2170.jpg,0.9975643,0.00062520016,0.0013235487,0.0004869064,a
test_2171.jpg,0.0010575777,0.00030300108,0.7971008,0.20153864,c
test_2172.jpg,0.0002301601,0.0011688494,0.99826616,0.00033488098,c
test_2173.jpg,9.4224345e-07,2.2380245e-07,0.99999785,9.4224345e-07,c
test_2174.jpg,0.9959843,0.00055086333,0.00317,0.0002948559,a
test_2175.jpg,3.2885914e-06,7.88892e-06,4.0063238e-05,0.99994874,d
test_2176.jpg,2.2602287e-06,1.4738542e-05,2.7535223e-05,0.9999554,d
test_2177.jpg,0.0003793135,0.0016999653,6.59148e-05,0.99785477,d
test_2178.jpg,0.9999881,6.144139e-06,1.99471e-06,3.7266088e-06,a
test_2179.jpg,0.011598784,0.0020155662,0.49319282,0.49319282,c
test_2180.jpg,0.99996364,2.4299947e-05,7.889038e-06,4.2226975e-06,a
test_2181.jpg,0.00012338301,3.534983e-05,5.828201e-05,0.999783,d
test_2182.jpg,1.0129121e-05,0.99990404,2.7533808e-05,5.8289068e-05,b
test_2183.jpg,2.5612685e-06,3.288734e-06,1.994718e-06,0.99999213,d
test_2184.jpg,7.484208e-05,4.5394012e-05,0.9998696,1.0128772e-05,c
test_2185.jpg,0.9999255,1.8924096e-05,2.429902e-05,3.120056e-05,a
test_2186.jpg,3.432126e-08,0.99999917,3.92786e-07,3.92786e-07,b
test_2187.jpg,2.2603006e-06,1.5534805e-06,0.99998724,8.939663e-06,c
test_2188.jpg,0.9999939,4.7850885e-06,6.475913e-07,7.338171e-07,a
test_2189.jpg,5.828843e-05,0.99989307,2.4298233e-05,2.4298233e-05,b
test_2190.jpg,6.601448e-05,0.00043046853,0.00013975266,0.99936384,d
test_2191.jpg,0.9999982,5.0434676e-07,9.422438e-07,3.2563077e-07,a
test_2192.jpg,0.0023052716,0.06736991,0.9300128,0.00031198456,c
test_2193.jpg,0.0004670537,0.95689046,0.042042833,0.00059970876,b
test_2194.jpg,0.0004296096,1.8875728e-05,0.99736977,0.0021817377,c
test_2195.jpg,2.749311e-05,4.5328474e-05,0.9984261,0.0015010728,c
test_2196.jpg,1.3709539e-06,1.2098625e-06,0.9999962,1.2098625e-06,c
test_2197.jpg,5.8287624e-05,0.99987924,3.1199117e-05,3.1199117e-05,b
test_2198.jpg,0.99946946,6.602146e-05,0.00020336043,0.00026111992,a
test_2199.jpg,2.2603115e-06,1.5534879e-06,0.999992,4.2228176e-06,c
test_2200.jpg,5.1439503e-05,2.1443175e-05,0.9998958,3.1199634e-05,c
test_2201.jpg,0.0024698141,0.00080183125,0.00033425298,0.9963941,d
test_2202.jpg,0.0013145097,0.53031105,0.00037661332,0.46799785,b
test_2203.jpg,0.002468629,0.99591595,0.0009081578,0.000707274,b
test_2204.jpg,1.892485e-05,7.889051e-06,7.889051e-06,0.9999653,d
test_2205.jpg,0.0003350555,0.9987864,0.00080375635,7.4760996e-05,b
test_2206.jpg,0.99971336,7.483038e-05,0.00020341005,8.395735e-06,a
test_2207.jpg,1.5534949e-06,1.3709544e-06,5.043459e-07,0.99999654,d
test_2208.jpg,0.9999733,3.7265536e-06,1.14785935e-05,1.14785935e-05,a
test_2209.jpg,5.1436546e-05,7.4839736e-05,3.5351786e-05,0.99983835,d
test_2210.jpg,0.08893038,0.12939294,0.744605,0.037071697,c
test_2211.jpg,7.734403e-08,0.9999976,7.338198e-07,1.5534965e-06,b
test_2212.jpg,0.9999474,6.1438896e-06,2.7535003e-05,1.8924511e-05,a
test_2213.jpg,0.00025886446,0.9908364,0.0085724145,0.00033238856,b
test_2214.jpg,2.2380242e-07,0.99999774,8.3152685e-07,1.2098644e-06,b
test_2215.jpg,0.0024050907,0.9702828,0.022818865,0.0044933013,b
test_2216.jpg,0.9830383,0.0123746265,0.0021503875,0.0024367084,a
test_2217.jpg,0.0001233635,2.1437361e-05,0.00023047335,0.9996247,d
test_2218.jpg,0.9127655,0.001762052,0.0005720545,0.08490042,a
test_2219.jpg,0.00062456756,0.0014982597,0.996555,0.0013222096,c
test_2220.jpg,1.2878561e-06,0.9999683,8.939493e-06,2.1444728e-05,b
test_2221.jpg,0.97033024,0.008395001,0.020138562,0.0011361399,a
test_2222.jpg,5.043438e-07,1.7603329e-06,0.9999924,5.422207e-06,c
test_2223.jpg,0.9999914,3.2887317e-06,3.7266211e-06,1.553487e-06,a
test_2224.jpg,0.9992224,5.140486e-05,0.00043040758,0.00029581453,a
test_2225.jpg,1.0676894e-06,3.726602e-06,0.9999863,8.9396535e-06,c
test_2226.jpg,1.0129014e-05,2.1443126e-05,7.484387e-05,0.99989355,d
test_2227.jpg,0.9996903,4.538587e-05,8.479196e-05,0.00017950458,a
test_2228.jpg,8.3152634e-07,0.99999714,1.2098637e-06,8.3152634e-07,b
test_2229.jpg,1.6699432e-05,1.0128718e-05,0.9998642,0.00010889399,c
test_2230.jpg,3.2884768e-06,0.99991393,6.605082e-05,1.6700264e-05,b
test_2231.jpg,1.1478689e-05,5.4221487e-06,1.5534717e-06,0.99998164,d
test_2232.jpg,0.0035561244,0.0058630574,0.0045661544,0.9860147,d
test_2233.jpg,6.6039036e-05,0.00017951272,1.89205e-05,0.99973553,d
test_2234.jpg,2.2602674e-06,0.9999726,6.144044e-06,1.8924988e-05,b
test_2235.jpg,6.962172e-06,1.1478681e-05,6.893484e-07,0.9999809,d
test_2236.jpg,0.011583637,0.0033187675,0.49254876,0.49254876,c
test_2237.jpg,0.0010232298,0.0075607016,0.0011594712,0.99025655,d
test_2238.jpg,0.99995565,6.14394e-06,3.1201504e-05,6.961996e-06,a
test_2239.jpg,0.9999541,2.4299716e-05,6.961985e-06,1.4738522e-05,a
test_2240.jpg,1.892471e-05,2.1444506e-05,1.6536228e-06,0.9999579,d
test_2241.jpg,0.26587602,0.009097776,0.0023002783,0.7227259,d
test_2242.jpg,0.9999615,2.1444583e-05,1.0129703e-05,6.962037e-06,a
test_2243.jpg,7.888461e-06,0.99989057,1.6699873e-05,8.480895e-05,b
test_2244.jpg,0.002164691,0.98957705,0.0075555136,0.0007027723,b
test_2245.jpg,0.0091878455,0.0007541842,0.93718565,0.052872397,c
test_2246.jpg,1.3574322e-07,4.4508485e-07,0.99999917,3.0590206e-07,c
test_2247.jpg,0.9931571,0.0007992263,0.0035818839,0.0024617903,a
test_2248.jpg,0.00013978063,0.00026114457,0.99956375,3.5342076e-05,c
test_2249.jpg,0.00070927764,6.5973094e-05,0.9987373,0.00048747894,c
test_2250.jpg,1.3006831e-05,2.1444639e-05,1.3709099e-06,0.9999641,d
test_2251.jpg,1.0676954e-06,0.9999919,2.9022972e-06,4.222817e-06,b
test_2252.jpg,0.9999958,1.3709534e-06,1.5534938e-06,1.2878916e-06,a
test_2253.jpg,1.7603373e-06,1.3709521e-06,0.9999949,1.9947236e-06,c
test_2254.jpg,2.9022297e-06,4.222719e-06,0.99996865,2.4300069e-05,c
test_2255.jpg,0.015663767,0.004487745,0.01076554,0.96908295,d
test_2256.jpg,1.0129276e-05,0.9999194,5.144072e-05,1.8923982e-05,b
test_2257.jpg,0.999995,9.422408e-07,1.9947238e-06,1.9947238e-06,a
test_2258.jpg,1.2098593e-06,1.5534903e-06,0.99999356,3.726629e-06,c
test_2259.jpg,1.2098428e-06,4.222766e-06,1.4738902e-05,0.99997985,d
test_2260.jpg,0.755627,0.090246774,0.022817958,0.13130827,a
test_2261.jpg,0.9912441,0.007568241,0.0007039561,0.00048382155,a
test_2262.jpg,1.3709501e-06,2.561272e-06,0.99999344,2.561272e-06,c
test_2263.jpg,0.99308324,0.002172361,0.0035816175,0.0011627809,a
test_2264.jpg,3.7266084e-06,1.3709426e-06,0.99998796,6.962221e-06,c
test_2265.jpg,9.514588e-06,6.6044326e-05,0.00010888869,0.99981564,d
test_2266.jpg,0.0006260456,0.00023030934,0.00023030934,0.9989134,d
test_2267.jpg,5.714994e-07,1.3709558e-06,3.927854e-07,0.9999976,d
test_2268.jpg,0.99630797,0.00031397448,0.0024696006,0.00090851524,a
test_2269.jpg,2.1444608e-05,8.9394425e-06,6.962045e-06,0.9999627,d
test_2270.jpg,0.05303729,0.0063344007,0.00051995926,0.9401084,d
test_2271.jpg,0.902611,0.095134504,0.0010568488,0.0011975666,a
test_2272.jpg,0.00037969984,0.00062601914,0.00012327048,0.998871,d
test_2273.jpg,0.015829641,0.9793452,0.0045352685,0.00028993,b
test_2274.jpg,0.9998833,4.5394634e-05,3.1199244e-05,4.006062e-05,a
test_2275.jpg,4.785052e-06,1.9947065e-06,0.9999863,6.962209e-06,c
test_2276.jpg,1.3574287e-07,0.99999654,8.315258e-07,2.5612799e-06,b
test_2277.jpg,0.999703,9.608311e-05,0.00017950687,2.143904e-05,a
test_2278.jpg,2.5360166e-07,3.0590198e-07,0.9999989,5.043471e-07,c
test_2279.jpg,0.99999833,8.3152736e-07,4.181182e-07,3.256308e-07,a
test_2280.jpg,0.8615199,0.009570622,0.10289388,0.026015647,a
test_2281.jpg,0.99997175,8.9395235e-06,1.1478575e-05,7.889102e-06,a
test_2282.jpg,0.0008039813,8.4739004e-05,0.99906594,4.5357523e-05,c
test_2283.jpg,0.0019222039,0.00042890164,0.77547234,0.22217657,c
test_2284.jpg,2.1024273e-07,0.9999969,1.0677007e-06,1.7603409e-06,b
test_2285.jpg,0.00055124983,0.00029506278,0.99668306,0.0024705303,c
test_2286.jpg,1.1478029e-05,5.1440955e-05,0.99992406,1.300631e-05,c
test_2287.jpg,0.69791955,0.009955288,0.29093614,0.0011889897,a
test_2288.jpg,0.0005351259,0.9675303,0.029216886,0.0027175937,b
test_2289.jpg,6.9622183e-06,2.561257e-06,0.9999876,2.9022847e-06,c
test_2290.jpg,0.9996494,3.1191947e-05,5.8274225e-05,0.00026116695,a
test_2291.jpg,1.3707246e-06,0.99982893,8.480372e-05,8.480372e-05,b
test_2292.jpg,1.2098623e-06,5.7149845e-07,0.99999595,2.2603203e-06,c
test_2293.jpg,5.043471e-07,8.764239e-08,0.9999989,5.043471e-07,c
test_2294.jpg,7.338196e-07,5.0434636e-07,0.9999974,1.3709555e-06,c
test_2295.jpg,0.08419516,0.008874105,0.9051833,0.0017474149,c
test_2296.jpg,2.4298944e-05,7.888712e-06,0.9999224,4.539641e-05,c
test_2297.jpg,0.23768298,0.028387183,0.73211515,0.001814732,c
test_2298.jpg,0.796285,0.20133236,0.0017418663,0.0006407968,a
test_2299.jpg,1.067699e-06,2.260319e-06,1.3709528e-06,0.99999535,d
test_2300.jpg,2.5612078e-06,2.7535581e-05,0.9999684,1.5534512e-06,c
test_2301.jpg,0.000108886954,0.99979967,5.1434556e-05,4.0057268e-05,b
test_2302.jpg,0.99955744,0.00017948073,0.00013977975,0.00012335519,a
test_2303.jpg,0.001024117,0.0075672576,0.00029341446,0.9911152,d
test_2304.jpg,1.5381697e-07,0.9999975,9.4224316e-07,1.3709557e-06,b
test_2305.jpg,6.143788e-06,0.999931,3.535506e-05,2.753455e-05,b
test_2306.jpg,0.8219393,0.031870045,0.14283162,0.003359078,a
test_2307.jpg,0.9999007,5.1439754e-05,1.6700042e-05,3.1199786e-05,a
test_2308.jpg,1.1475012e-05,0.9996613,0.00026117006,6.603413e-05,b
test_2309.jpg,0.014017165,0.0005435045,0.0027601437,0.9826791,d
test_2310.jpg,0.06639259,0.91652143,0.014814189,0.0022718296,b
test_2311.jpg,7.338123e-07,0.9999875,6.9622174e-06,4.7850576e-06,b
test_2312.jpg,0.9998584,3.5352496e-05,9.609805e-05,1.0128659e-05,a
test_2313.jpg,0.9995171,0.00020337012,0.0001397741,0.0001397741,a
test_2314.jpg,1.3709554e-06,5.043463e-07,0.99999726,8.3152645e-07,c
test_2315.jpg,0.99967575,7.482756e-05,0.0002304851,1.8919369e-05,a
test_2316.jpg,0.0010313562,0.0005520452,0.9981211,0.0002954885,c
test_2317.jpg,1.9947122e-06,6.9622292e-06,1.9947122e-06,0.99998915,d
test_2318.jpg,3.5337587e-05,0.9994368,4.004273e-05,0.0004878204,b
test_2319.jpg,0.0003796974,0.00020323736,0.0005524564,0.99886465,d
test_2320.jpg,3.4663213e-07,2.1024302e-07,0.9999982,1.209865e-06,c
test_2321.jpg,2.259997e-06,0.9998529,2.1442254e-05,0.00012339166,b
test_2322.jpg,8.938247e-06,6.6045206e-05,9.609522e-05,0.99982893,d
test_2323.jpg,0.00033420973,0.003170894,0.99626523,0.00022969877,c
test_2324.jpg,0.99969506,8.4792366e-05,0.00020340632,1.6696607e-05,a
test_2325.jpg,0.00037989212,8.476539e-05,0.00015836259,0.99937695,d
test_2326.jpg,0.0073437006,0.40095246,0.58338237,0.008321502,c
test_2327.jpg,8.315262e-07,1.5534956e-06,5.714991e-07,0.999997,d
test_2328.jpg,0.052975103,0.5026138,0.391436,0.052975103,b
test_2329.jpg,1.7603396e-06,1.0676999e-06,1.0030112e-06,0.9999962,d
test_2330.jpg,0.014750798,0.5535196,0.0006481048,0.4310815,b
test_2331.jpg,0.00048771864,0.00026105694,2.2810904e-05,0.99922836,d
test_2332.jpg,0.00048753183,0.00017935292,0.9988456,0.00048753183,c
test_2333.jpg,4.0059585e-05,0.99985754,2.753253e-05,7.484118e-05,b
test_2334.jpg,1.370949e-06,2.2603128e-06,0.9999926,3.7266257e-06,c
test_2335.jpg,2.1439306e-05,0.9997154,0.00012337467,0.00013980184,b
test_2336.jpg,6.4757694e-07,0.99997175,6.1440387e-06,2.1444803e-05,b
test_2337.jpg,0.17737484,0.79493886,0.024005074,0.0036812974,b
test_2338.jpg,0.99999535,1.9947245e-06,2.260319e-06,4.1811697e-07,a
test_2339.jpg,0.00061995775,0.009697772,0.9891995,0.0004828236,c
test_2340.jpg,1.01292135e-05,0.9999132,4.539599e-05,3.120018e-05,b
test_2341.jpg,0.00590515,0.00079917524,0.00020206314,0.9930936,d
test_2342.jpg,9.42242e-07,4.4508357e-07,0.9999963,2.260321e-06,c
test_2343.jpg,2.561275e-06,1.994723e-06,7.338176e-07,0.99999464,d
test_2344.jpg,0.00042902917,0.0003786169,0.9960223,0.0031701205,c
test_2345.jpg,0.99998176,3.2886999e-06,1.0129908e-05,4.7850303e-06,a
test_2346.jpg,0.9999831,5.4221564e-06,5.4221564e-06,6.1441083e-06,a
test_2347.jpg,0.0001794876,0.9995957,4.5381574e-05,0.0001794876,b
test_2348.jpg,0.0006950229,0.020311547,0.9786652,0.00032830558,c
test_2349.jpg,4.539537e-05,2.7533684e-05,2.7533684e-05,0.9998995,d
test_2350.jpg,6.962212e-06,1.0676898e-06,0.99998665,5.422176e-06,c
test_2351.jpg,7.3381733e-07,1.7603362e-06,0.9999943,3.288741e-06,c
test_2352.jpg,0.0024281743,0.015833683,0.97959536,0.0021428561,c
test_2353.jpg,0.004066802,0.00033382344,0.9951137,0.00048571028,c
test_2354.jpg,0.7094492,0.2032606,0.08473162,0.0025586733,a
test_2355.jpg,7.483204e-05,3.1194635e-05,0.99973553,0.00015841941,c
test_2356.jpg,2.750168e-05,0.0010319928,0.00020321144,0.9987373,d
test_2357.jpg,0.00026102213,0.00062615954,1.776278e-05,0.9990951,d
test_2358.jpg,2.2603194e-06,8.31525e-07,0.9999956,1.3709531e-06,c
test_2359.jpg,0.00048781544,4.53739e-05,4.0042323e-05,0.9994267,d
test_2360.jpg,6.4759445e-07,3.0590195e-07,2.3823668e-07,0.9999988,d
test_2361.jpg,4.784819e-06,5.144165e-05,6.1438286e-06,0.99993753,d
test_2362.jpg,0.99946934,8.477322e-05,6.602145e-05,0.00037992725,a
test_2363.jpg,7.2658025e-08,0.9999981,7.338201e-07,1.067702e-06,b
test_2364.jpg,0.99883515,7.476464e-05,0.00017935103,0.00091081974,a
test_2365.jpg,2.7534019e-05,2.5610625e-06,0.99991167,5.8289515e-05,c
test_2366.jpg,0.9999957,7.338184e-07,2.5612778e-06,1.0676995e-06,a
test_2367.jpg,0.99900395,0.0006261024,0.0002303302,0.00013970234,a
test_2368.jpg,0.91361785,0.00543257,0.066182256,0.0147672575,a
test_2369.jpg,1.670004e-05,7.484439e-05,7.8885405e-06,0.9999006,d
test_2370.jpg,5.8216054e-05,0.0003796164,0.00091065234,0.99865156,d
test_2371.jpg,0.028261412,0.0038247663,0.9358894,0.032024372,c
test_2372.jpg,2.1024309e-07,9.422441e-07,0.99999857,2.3823662e-07,c
test_2373.jpg,0.032118715,0.50242126,0.44338518,0.022074848,b
test_2374.jpg,3.0590203e-07,4.450848e-07,2.2380272e-07,0.99999905,d
test_2375.jpg,0.0004295578,0.00013945701,0.99724954,0.0021814746,c
test_2376.jpg,6.4759024e-07,0.99999225,4.2228185e-06,2.902298e-06,b
test_2377.jpg,7.889236e-06,2.2603042e-06,1.0676921e-06,0.9999888,d
test_2378.jpg,6.4759445e-07,2.1024313e-07,0.9999988,4.4508468e-07,c
test_2379.jpg,0.0001397764,0.00012335223,0.00020337345,0.99953353,d
test_2380.jpg,0.9937144,0.00090615026,0.004061084,0.0013184408,a
test_2381.jpg,1.3709536e-06,1.9947256e-06,6.0835697e-07,0.99999595,d
test_2382.jpg,0.00062543683,0.00010868463,0.9979419,0.0013240498,c
test_2383.jpg,9.4224333e-07,5.0434653e-07,0.99999774,8.3152685e-07,c
test_2384.jpg,0.9987872,8.4715364e-05,0.0010320444,9.599509e-05,a
test_2385.jpg,2.561221e-06,2.1444841e-05,0.99997354,2.561221e-06,c
test_2386.jpg,0.7896229,0.0019572796,0.008771919,0.19964793,a
test_2387.jpg,0.000552507,0.9989561,0.00023031919,0.0002609858,b
test_2388.jpg,0.9518495,0.0030295285,0.019755006,0.02536593,a
test_2389.jpg,0.00022850205,0.00012230834,0.008574476,0.99107474,d
test_2390.jpg,0.00012338103,5.1432868e-05,0.9997669,5.8281075e-05,c
test_2391.jpg,0.00015839214,7.481916e-05,0.9995634,0.00020337953,c
test_2392.jpg,0.9999713,4.22273e-06,1.3006924e-05,1.147857e-05,a
test_2393.jpg,0.99665064,0.00026038347,0.00090882776,0.0021801644,a
test_2394.jpg,7.889149e-06,2.9022558e-06,0.9999777,1.1478644e-05,c
test_2395.jpg,6.142984e-06,0.99980015,3.5350433e-05,0.00015842964,b
test_2396.jpg,0.0040681143,0.00029469322,0.00020253948,0.9954347,d
test_2397.jpg,0.0011541796,0.0124086,0.0007000453,0.9857372,d
test_2398.jpg,0.99550074,0.00062390685,0.00070697913,0.003168461,a
test_2399.jpg,0.9999989,3.466324e-07,2.6995755e-07,5.043471e-07,a
test_2400.jpg,0.034432456,0.5386142,0.3701838,0.05676952,b
test_2401.jpg,1.1475842e-05,0.00020341418,5.1431158e-05,0.9997336,d
test_2402.jpg,1.6697673e-05,0.9997589,6.604058e-05,0.00015842312,b
test_2403.jpg,0.015807977,0.005815429,0.9780049,0.000371768,c
test_2404.jpg,0.17797899,0.016554624,0.79764646,0.007819852,c
test_2405.jpg,0.99998343,8.939628e-06,2.9022724e-06,4.7850385e-06,a
test_2406.jpg,6.1439055e-06,4.0063293e-05,0.99995005,3.726467e-06,c
test_2407.jpg,2.1444632e-05,1.30068265e-05,1.7602825e-06,0.99996376,d
test_2408.jpg,3.5349403e-05,0.99977094,8.4798805e-05,0.000108883825,b
test_2409.jpg,5.71498e-07,0.9999951,3.2887438e-06,1.0676988e-06,b
test_2410.jpg,4.2228003e-06,1.7603252e-06,0.99998796,6.1441383e-06,c
test_2411.jpg,7.2658125e-08,0.9999994,2.536018e-07,2.1024326e-07,b
test_2412.jpg,0.98929614,0.003567959,0.003567959,0.003567959,a
test_2413.jpg,2.3823625e-07,0.999997,1.370955e-06,1.370955e-06,b
test_2414.jpg,0.00012332585,0.00029584338,0.9993198,0.00026108083,c
test_2415.jpg,0.0007528474,0.72858715,0.0026276957,0.26803225,b
test_2416.jpg,0.9992803,6.6008964e-05,0.00062627555,2.7516631e-05,a
test_2417.jpg,0.99998236,4.2227766e-06,1.1478697e-05,1.9946986e-06,a
test_2418.jpg,2.144342e-05,3.1199994e-05,0.99990726,4.006158e-05,c
test_2419.jpg,0.00079859776,0.00013877549,0.992376,0.006686577,c
test_2420.jpg,0.99981457,1.6698603e-05,0.00012338691,4.5391513e-05,a
test_2421.jpg,0.9994267,0.00026110877,0.00020335172,0.00010884634,a
test_2422.jpg,6.893574e-07,0.99999404,1.5534911e-06,3.726631e-06,b
test_2423.jpg,0.74574596,0.006451967,0.24210827,0.0056938403,a
test_2424.jpg,0.9999428,1.1478243e-05,2.4299441e-05,2.144418e-05,a
test_2425.jpg,1.3709538e-06,1.7603394e-06,7.811459e-07,0.99999607,d
test_2426.jpg,6.961693e-06,7.484526e-05,0.99991214,6.1436726e-06,c
test_2427.jpg,3.7266216e-06,3.2887322e-06,1.3709475e-06,0.99999154,d
test_2428.jpg,1.892169e-05,2.429593e-05,0.00015842936,0.99979836,d
test_2429.jpg,8.476917e-05,0.0003352686,0.00015836966,0.9994216,d
test_2430.jpg,4.005857e-05,1.892233e-05,0.99983215,0.0001088905,c
test_2431.jpg,0.9995951,2.4290992e-05,0.00029592487,8.478389e-05,a
test_2432.jpg,0.08189337,0.8804367,0.011083063,0.026586885,b
test_2433.jpg,0.00015832674,0.00048768078,0.99915075,0.00020329558,c
test_2434.jpg,7.888983e-06,0.9999567,2.753526e-05,7.888983e-06,b
test_2435.jpg,0.00042974812,0.9976914,0.00017914566,0.001699687,b
test_2436.jpg,0.40629503,0.001660435,0.0008887667,0.59115577,d
test_2437.jpg,0.000356655,0.00012325666,0.2688124,0.7307077,d
test_2438.jpg,0.99997866,6.962156e-06,1.01298765e-05,4.222761e-06,a
test_2439.jpg,3.119549e-05,6.604085e-05,0.00013980849,0.99976295,d
test_2440.jpg,0.0001583459,0.00013973977,0.9992716,0.00043042877,c
test_2441.jpg,3.0590087e-07,0.99999523,1.9947242e-06,2.5612765e-06,b
test_2442.jpg,0.0012716374,0.7012086,0.039559484,0.25796026,b
test_2443.jpg,8.4741034e-05,0.99908984,0.0008040006,2.1425889e-05,b
test_2444.jpg,0.997626,9.5883486e-05,9.5883486e-05,0.002182298,a
test_2445.jpg,3.7265595e-06,1.670128e-05,4.784997e-06,0.99997485,d
test_2446.jpg,0.990767,0.002455866,0.0066757356,0.00010136569,a
test_2447.jpg,0.017964413,0.00078930124,0.98082376,0.00042248252,c
test_2448.jpg,0.00023002774,0.9976921,0.0009097774,0.0011681772,b
test_2449.jpg,0.0003350616,0.0004302276,0.0004302276,0.99880457,d
test_2450.jpg,0.0007774498,6.793281e-05,0.9660966,0.033058006,c
test_2451.jpg,3.4663233e-07,2.6995752e-07,0.9999988,5.715001e-07,c
test_2452.jpg,0.15988652,0.63236344,0.14109936,0.066650614,b
test_2453.jpg,0.003210905,0.28903642,0.014390277,0.69336236,d
test_2454.jpg,2.2603147e-06,1.9947206e-06,2.2603147e-06,0.99999344,d
test_2455.jpg,6.0835737e-07,2.56128e-06,1.742973e-07,0.99999666,d
test_2456.jpg,2.2603208e-06,1.0676999e-06,4.4508351e-07,0.9999962,d
test_2457.jpg,5.71497e-07,5.422213e-06,5.71497e-07,0.99999344,d
test_2458.jpg,0.0044735014,0.009470402,0.96600723,0.02004884,c
test_2459.jpg,0.015533989,0.019946037,0.0034661016,0.9610539,d
test_2460.jpg,0.9997193,0.00023049515,3.119413e-05,1.8920195e-05,a
test_2461.jpg,1.4449779e-07,0.99999833,5.714998e-07,9.422439e-07,b
test_2462.jpg,0.9996532,0.00013979315,0.00017949793,2.7526901e-05,a
test_2463.jpg,0.99999213,1.7603325e-06,4.222818e-06,1.994718e-06,a
test_2464.jpg,0.9968811,0.0019244333,0.0007079594,0.00048657297,a
test_2465.jpg,0.9752481,0.00657117,0.0024173984,0.015763417,a
test_2466.jpg,0.999923,3.1200485e-05,2.4298959e-05,2.1443757e-05,a
test_2467.jpg,0.0007961254,0.00020129202,0.9893037,0.009698793,c
test_2468.jpg,0.002798302,0.0002296986,0.9962645,0.0007075215,c
test_2469.jpg,0.99999785,7.811473e-07,9.4224345e-07,3.6898783e-07,a
test_2470.jpg,5.1431165e-05,0.99973375,3.5348086e-05,0.0001795124,b
test_2471.jpg,0.99875355,0.0002609329,7.4758536e-05,0.00091074535,a
test_2472.jpg,0.012264995,0.9743292,0.012264995,0.0011408222,b
test_2473.jpg,0.059601042,0.0009633612,0.9323172,0.0071183294,c
test_2474.jpg,0.0009192444,0.0032084784,0.10625021,0.8896221,d
test_2475.jpg,5.8283018e-05,0.99980026,4.539086e-05,9.609245e-05,b
test_2476.jpg,0.00023026133,0.00026092023,0.99870515,0.00080369104,c
test_2477.jpg,0.00026101773,0.9990783,0.00043034554,0.00023034734,b
test_2478.jpg,0.9975063,0.00026060705,0.0013234718,0.00090960803,a
test_2479.jpg,0.0017005783,7.471819e-05,1.0112007e-05,0.9982146,d
test_2480.jpg,0.999997,1.5534956e-06,9.422427e-07,4.1811765e-07,a
test_2481.jpg,0.01901818,0.15923727,0.013070991,0.80867356,d
test_2482.jpg,8.3152725e-07,6.475941e-07,3.9278564e-07,0.9999982,d
test_2483.jpg,1.892407e-05,5.421837e-06,0.9999242,5.1440962e-05,c
test_2484.jpg,0.9997845,5.1433777e-05,0.0001398115,2.4295594e-05,a
test_2485.jpg,6.1439546e-06,0.99995804,1.1478418e-05,2.429981e-05,b
test_2486.jpg,0.99949384,0.00033529283,7.481395e-05,9.6063006e-05,a
test_2487.jpg,0.9989196,8.472659e-05,8.472659e-05,0.00091089675,a
test_2488.jpg,3.535545e-05,3.726437e-06,0.99994195,1.8924407e-05,c
test_2489.jpg,6.962181e-06,0.99998224,2.902269e-06,7.889184e-06,b
test_2490.jpg,0.0008036278,0.00013964958,0.9986266,0.00043015095,c
test_2491.jpg,2.1024316e-07,0.9999989,3.0590198e-07,6.4759456e-07,b
test_2492.jpg,8.938835e-06,0.99989474,2.1443151e-05,7.4843956e-05,b
test_2493.jpg,1.1475709e-05,5.4207408e-06,0.99972194,0.0002611859,c
test_2494.jpg,0.9999968,9.422425e-07,1.1365614e-06,1.0677006e-06,a
test_2495.jpg,0.046243027,0.01324885,0.9288161,0.0116920695,c
test_2496.jpg,0.004066666,0.0006236434,0.99508035,0.00022942558,c
test_2497.jpg,4.5396377e-05,2.144373e-05,0.9999217,1.1478001e-05,c
test_2498.jpg,0.00022851079,0.008574804,0.99111265,8.406442e-05,c
test_2499.jpg,9.6090414e-05,0.99977905,4.005644e-05,8.479949e-05,b
test_2500.jpg,8.939517e-06,6.9621033e-06,0.99997103,1.3006921e-05,c
test_2501.jpg,6.962152e-06,1.0129871e-05,4.7850126e-06,0.99997807,d
test_2502.jpg,2.382368e-07,8.2332434e-08,0.9999993,3.9278606e-07,c
test_2503.jpg,1.0129628e-05,1.1478373e-05,0.9999541,2.4299716e-05,c
test_2504.jpg,1.7429724e-07,0.9999963,1.5534946e-06,1.9947265e-06,b
test_2505.jpg,0.00062390685,0.00070697913,0.99550074,0.003168461,c
test_2506.jpg,0.015769668,0.9756349,0.008440895,0.00015460039,b
test_2507.jpg,0.9999968,8.3152605e-07,1.0677006e-06,1.3709547e-06,a
test_2508.jpg,1.3709539e-06,4.4508351e-07,0.9999962,1.9947263e-06,c
test_2509.jpg,4.2227985e-06,7.889225e-06,4.7378484e-07,0.9999875,d
test_2510.jpg,0.12975678,0.05409068,0.74669874,0.0694538,c
test_2511.jpg,1.0676997e-06,7.338186e-07,0.99999595,2.2603203e-06,c
test_2512.jpg,0.002529544,0.90058,0.0019700108,0.09492043,b
test_2513.jpg,9.9311926e-08,1.1253515e-07,5.6586227e-08,0.99999976,d
test_2514.jpg,0.99999666,1.7603404e-06,8.3152594e-07,7.8114635e-07,a
test_2515.jpg,0.0021796033,0.00080183125,0.9963941,0.00062446675,c
test_2516.jpg,8.939296e-06,4.7848603e-06,0.99994624,4.006314e-05,c
test_2517.jpg,0.99996936,1.3006899e-05,1.1478548e-05,6.144024e-06,a
test_2518.jpg,0.951787,0.047386684,0.00046456273,0.00036180182,a
test_2519.jpg,4.537626e-05,0.99947864,9.606154e-05,0.00037993077,b
test_2520.jpg,2.5612576e-06,0.99998784,5.4221823e-06,4.2228e-06,b
test_2521.jpg,0.00023047425,0.99962866,6.603198e-05,7.482404e-05,b
test_2522.jpg,1.8924444e-05,3.5355515e-05,1.7602475e-06,0.99994385,d
test_2523.jpg,0.00017930646,0.0008035958,0.00043013383,0.9985869,d
test_2524.jpg,0.000108892265,1.1477159e-05,0.99984837,3.1198157e-05,c
test_2525.jpg,8.477075e-05,0.00033527482,0.00013976335,0.99944013,d
test_2526.jpg,0.997905,0.0002607112,0.0008030471,0.0010311329,a
test_2527.jpg,0.00097016233,0.0001088492,0.9388992,0.060021814,c
test_2528.jpg,4.9937118e-08,0.9999987,3.9278584e-07,8.3152764e-07,b
test_2529.jpg,0.002794495,0.0008006362,0.9949091,0.0014957853,c
test_2530.jpg,5.1440034e-05,3.5354184e-05,6.9616517e-06,0.9999062,d
test_2531.jpg,4.7843114e-06,5.421334e-06,0.00015843462,0.99983144,d
test_2532.jpg,1.5534899e-06,9.422392e-07,0.9999933,4.222823e-06,c
test_2533.jpg,0.015691519,0.0012880383,0.97079986,0.012220567,c
test_2534.jpg,6.1440783e-06,4.222759e-06,1.147865e-05,0.9999782,d
test_2535.jpg,0.9672469,0.003488437,0.003488437,0.025776256,a
test_2536.jpg,0.00048777563,0.9993451,0.000108837456,5.825649e-05,b
test_2537.jpg,0.66256565,0.31297386,0.013751111,0.010709376,a
test_2538.jpg,2.873673e-07,0.99999547,1.7603384e-06,2.5612771e-06,b
test_2539.jpg,1.147841e-05,0.9999573,2.4299794e-05,6.962008e-06,b
test_2540.jpg,9.4224146e-07,7.338184e-07,0.9999957,2.5612778e-06,c
test_2541.jpg,1.0677e-06,1.9947265e-06,6.4759286e-07,0.9999963,d
test_2542.jpg,3.9278362e-07,0.9999931,1.7603342e-06,4.7850845e-06,b
test_2543.jpg,6.4759445e-07,3.0590195e-07,0.9999988,3.0590195e-07,c
test_2544.jpg,0.00017949729,9.607798e-05,0.99964964,7.482561e-05,c
test_2545.jpg,0.99913836,0.0004303714,0.0003351736,9.602884e-05,a
test_2546.jpg,3.6898788e-07,2.8736804e-07,1.3709564e-06,0.999998,d
test_2547.jpg,5.3686665e-07,0.9999839,2.5612476e-06,1.30070885e-05,b
test_2548.jpg,0.0010319018,0.00017931765,0.9986492,0.00013965274,c
test_2549.jpg,0.9991387,0.00029578977,0.00023036129,0.0003351737,a
test_2550.jpg,1.2097894e-06,5.8290916e-05,0.99993575,4.7848102e-06,c
test_2551.jpg,0.033354472,0.015755538,0.09066685,0.8602232,d
test_2552.jpg,5.7150004e-07,1.8553891e-07,0.9999987,5.04347e-07,c
test_2553.jpg,3.2562886e-07,0.9999924,1.9947186e-06,5.422207e-06,b
test_2554.jpg,0.9994941,4.0045023e-05,3.5339614e-05,0.0004305246,a
test_2555.jpg,2.4299832e-05,7.889e-06,0.9999589,8.939409e-06,c
test_2556.jpg,0.0010321009,7.476514e-05,0.9988418,5.138528e-05,c
test_2557.jpg,0.997964,0.00037935504,0.00062545063,0.0010311939,a
test_2558.jpg,0.0043319403,0.00042892015,0.9354386,0.059800584,c
test_2559.jpg,2.1444399e-05,4.2226525e-06,0.9999529,2.1444399e-05,c
test_2560.jpg,0.0031723427,0.9967204,8.454006e-05,2.275365e-05,b
test_2561.jpg,5.043454e-07,3.6898695e-07,0.99999547,3.7266364e-06,c
test_2562.jpg,0.86980075,0.023179404,0.0031369913,0.10388289,a
test_2563.jpg,0.0019256129,0.00020295811,0.9974922,0.00037917568,c
test_2564.jpg,0.00029592033,5.8270165e-05,6.602874e-05,0.9995797,d
test_2565.jpg,0.99548763,0.00055058865,0.00279612,0.0011655962,a
test_2566.jpg,0.9984113,0.00033492967,0.0011690194,8.468348e-05,a
test_2567.jpg,0.9999975,1.0677013e-06,5.368739e-07,8.315266e-07,a
test_2568.jpg,0.00015830858,0.9990362,0.0007094899,9.6019015e-05,b
test_2569.jpg,0.004518514,0.8610764,0.11653402,0.01787107,b
test_2570.jpg,4.2228035e-06,3.2887226e-06,3.7266109e-06,0.9999887,d
test_2571.jpg,0.010900565,0.28112927,0.033576105,0.6743941,d
test_2572.jpg,2.1024266e-07,0.99999654,2.2603217e-06,9.4224225e-07,b
test_2573.jpg,0.99998665,5.422176e-06,3.7266034e-06,4.222795e-06,a
test_2574.jpg,0.9988771,0.0008038294,0.00017935857,0.0001396846,a
test_2575.jpg,0.9999963,6.8935896e-07,2.5612792e-06,5.043458e-07,a
test_2576.jpg,0.99997675,1.14786335e-05,2.902253e-06,8.939569e-06,a
test_2577.jpg,2.7530425e-05,5.1433606e-05,0.9997812,0.00013981103,c
test_2578.jpg,0.76207435,0.10313555,0.017922271,0.11686789,a
test_2579.jpg,0.00013921685,0.0040685125,0.00026009127,0.99553216,d
test_2580.jpg,0.00020332461,0.99929345,0.0001233226,0.0003798604,b
test_2581.jpg,0.13322996,0.008517107,0.7666855,0.091567524,c
test_2582.jpg,0.99949515,0.00043052508,5.141889e-05,2.2816994e-05,a
test_2583.jpg,8.3151616e-07,0.99998486,5.422166e-06,8.939641e-06,b
test_2584.jpg,0.0044348543,0.9576618,0.0007706621,0.037132576,b
test_2585.jpg,5.4218235e-06,2.7534294e-05,0.9999217,4.5396377e-05,c
test_2586.jpg,2.1024323e-07,1.8553902e-07,0.9999993,2.6995764e-07,c
test_2587.jpg,0.01796654,0.00061478117,0.9809398,0.0004787921,c
test_2588.jpg,3.520319e-05,0.9956357,0.0040689358,0.00026011834,b
test_2589.jpg,0.3688378,0.5366558,0.0012496418,0.09325679,b
test_2590.jpg,0.0009232066,0.7884727,0.19935712,0.011246959,b
test_2591.jpg,2.429929e-05,3.1200907e-05,7.888824e-06,0.9999366,d
test_2592.jpg,1.2098603e-06,4.2228276e-06,1.742969e-07,0.9999944,d
test_2593.jpg,1.2098507e-06,0.9999864,5.4221746e-06,6.96221e-06,b
test_2594.jpg,1.0129772e-05,1.1478536e-05,1.0129772e-05,0.9999683,d
test_2595.jpg,0.0015696866,0.7175739,0.01687572,0.26398072,b
test_2596.jpg,0.0010119926,0.0016684938,0.017937997,0.9793815,d
test_2597.jpg,0.00015828246,0.99887127,0.0007093728,0.00026096366,b
test_2598.jpg,2.7533995e-05,1.012919e-05,0.99991083,5.1440275e-05,c
test_2599.jpg,1.5533057e-06,0.9998747,0.00010889513,1.4737352e-05,b
test_2600.jpg,0.99634886,0.00022971806,0.0019234058,0.0014979499,a
test_2601.jpg,0.00069920765,0.014043961,0.98455775,0.00069920765,c
test_2602.jpg,1.3709497e-06,4.222822e-06,1.3709497e-06,0.9999931,d
test_2603.jpg,0.009409113,0.21415041,0.028982107,0.7474584,d
test_2604.jpg,2.9023072e-06,1.3709528e-06,3.059009e-07,0.99999535,d
test_2605.jpg,5.4221164e-06,1.6701295e-05,2.2602744e-06,0.9999757,d
test_2606.jpg,1.14777795e-05,1.3708253e-06,0.99990237,8.480995e-05,c
test_2607.jpg,0.9967879,0.00037890795,0.0019242533,0.0009089529,a
test_2608.jpg,0.000108886205,0.99979275,4.0056988e-05,5.828258e-05,b
test_2609.jpg,7.3381995e-07,3.4663202e-07,0.99999785,1.0677018e-06,c
test_2610.jpg,0.99992526,7.888735e-06,4.5396537e-05,2.1443806e-05,a
test_2611.jpg,0.0024263456,0.017928403,0.9788576,0.00078771904,c
test_2612.jpg,6.1441297e-06,5.422175e-06,1.994707e-06,0.9999865,d
test_2613.jpg,7.889165e-06,6.1440887e-06,0.99997985,6.1440887e-06,c
test_2614.jpg,0.99989843,4.0061226e-05,4.0061226e-05,2.1443231e-05,a
test_2615.jpg,6.962199e-06,0.99998486,6.144119e-06,1.9947036e-06,b
test_2616.jpg,0.00023019171,0.00033492697,0.0010316477,0.99840325,d
test_2617.jpg,0.9596802,0.0004133751,0.0026955444,0.03721084,a
test_2618.jpg,4.2228153e-06,3.2887322e-06,9.4223753e-07,0.99999154,d
test_2619.jpg,0.0010141302,0.9814502,0.0016720182,0.015863664,b
test_2620.jpg,9.4224333e-07,9.4224333e-07,3.9278547e-07,0.99999774,d
test_2621.jpg,0.0013156711,0.0011610757,0.0058964286,0.99162686,d
test_2622.jpg,8.31517e-07,0.99998593,7.8892135e-06,5.422172e-06,b
test_2623.jpg,0.99999416,3.2887408e-06,1.2098601e-06,1.3709512e-06,a
test_2624.jpg,0.0004287743,0.9954306,0.0035900832,0.0005505571,b
test_2625.jpg,0.0009045642,0.0052054077,0.9919751,0.0019149625,c
test_2626.jpg,0.94025075,0.04681233,0.011836011,0.0011009204,a
test_2627.jpg,0.01590182,0.000121411904,0.0001659504,0.98381084,d
test_2628.jpg,0.0014964174,0.0007068576,0.0024671755,0.9953296,d
test_2629.jpg,9.422425e-07,2.6995696e-07,0.9999968,1.9947274e-06,c
test_2630.jpg,3.256311e-07,2.6995764e-07,1.9750524e-07,0.9999993,d
test_2631.jpg,7.3381995e-07,7.3381995e-07,7.3381995e-07,0.99999785,d
test_2632.jpg,4.2226993e-06,0.999964,4.2226993e-06,2.753546e-05,b
test_2633.jpg,0.7156437,0.26327065,0.004255373,0.016830327,a
test_2634.jpg,4.222691e-06,0.9999621,1.473864e-05,1.892479e-05,b
test_2635.jpg,0.8148472,0.11027757,0.06688673,0.007988481,a
test_2636.jpg,0.9980247,9.59218e-05,0.00017920551,0.0017002547,a
test_2637.jpg,4.006227e-05,0.99992454,2.7534374e-05,7.888729e-06,b
test_2638.jpg,4.2228053e-06,3.7266127e-06,0.99998915,2.9022892e-06,c
test_2639.jpg,0.9999682,1.670117e-05,6.144017e-06,8.939492e-06,a
test_2640.jpg,1.473818e-05,0.99993086,8.939158e-06,4.539679e-05,b
test_2641.jpg,6.4759314e-07,1.9947274e-06,0.9999968,6.4759314e-07,c
test_2642.jpg,1.3006213e-05,1.8923927e-05,5.144057e-05,0.99991655,d
test_2643.jpg,0.9999615,1.4738631e-05,1.4738631e-05,8.9394325e-06,a
test_2644.jpg,0.69278604,0.044288326,0.19848652,0.06443914,a
test_2645.jpg,0.0012987623,0.0018896881,0.9788826,0.017928861,c
test_2646.jpg,2.1441543e-05,0.9998198,0.00012338757,3.535113e-05,b
test_2647.jpg,0.99978894,7.483604e-05,5.1434003e-05,8.4800326e-05,a
test_2648.jpg,0.9999813,5.422147e-06,7.889177e-06,5.422147e-06,a
test_2649.jpg,3.927859e-07,6.4759445e-07,2.2380266e-07,0.9999988,d
test_2650.jpg,0.015535468,0.0057151793,0.9611454,0.017603993,c
test_2651.jpg,4.4508258e-07,0.99999404,1.7603359e-06,3.726631e-06,b
test_2652.jpg,1.9947076e-06,0.9999869,4.2227957e-06,6.9622133e-06,b
test_2653.jpg,0.99999857,3.9278578e-07,8.3152753e-07,2.5360157e-07,a
test_2654.jpg,2.260302e-06,9.42234e-07,0.99998784,8.939667e-06,c
test_2655.jpg,7.338183e-07,0.9999956,8.31525e-07,2.9023079e-06,b
test_2656.jpg,3.927856e-07,1.3709565e-06,1.05716815e-07,0.9999981,d
test_2657.jpg,2.753373e-05,4.0061335e-05,3.11998e-05,0.9999012,d
test_2658.jpg,0.9999262,1.4738111e-05,1.892411e-05,4.0062336e-05,a
test_2659.jpg,1.4738882e-05,2.5612337e-06,4.2227607e-06,0.99997854,d
test_2660.jpg,0.00029584384,0.99932134,0.00017943834,0.00020333029,b
test_2661.jpg,5.043471e-07,1.9750517e-07,3.466324e-07,0.9999989,d
test_2662.jpg,0.7730279,0.0019161446,0.22147621,0.0035798296,a
test_2663.jpg,0.9997378,3.1194704e-05,0.00020341502,2.7529231e-05,a
test_2664.jpg,0.9999989,3.466324e-07,4.1811845e-07,2.3823671e-07,a
test_2665.jpg,0.08938456,0.0011251856,0.061433055,0.84805715,d
test_2666.jpg,1.7603317e-06,0.99999166,3.2887324e-06,3.2887324e-06,b
test_2667.jpg,0.9998902,4.5394947e-05,4.5394947e-05,1.8923429e-05,a
test_2668.jpg,3.9278535e-07,0.9999975,5.7149936e-07,1.5534964e-06,b
test_2669.jpg,0.5619661,0.00022739687,0.00014681845,0.43765965,a
test_2670.jpg,1.0127712e-05,0.00020342055,2.1440368e-05,0.999765,d
test_2671.jpg,0.00026010262,0.99557555,0.00406869,9.568641e-05,b
test_2672.jpg,2.1441068e-05,8.480107e-05,0.99979764,9.6092204e-05,c
test_2673.jpg,0.9998542,1.2217444e-05,1.0128616e-05,0.00012339182,a
test_2674.jpg,2.902184e-06,0.9999529,1.6700915e-05,2.7535154e-05,b
test_2675.jpg,2.4287718e-05,0.9994604,0.00043051012,8.4772466e-05,b
test_2676.jpg,4.2228007e-06,1.5534818e-06,0.9999881,6.144139e-06,c
test_2677.jpg,0.0014935568,0.0019177649,0.9934268,0.0031618597,c
test_2678.jpg,2.561272e-06,1.3709501e-06,2.561272e-06,0.99999344,d
test_2679.jpg,0.999998,6.4759394e-07,7.3382006e-07,6.4759394e-07,a
test_2680.jpg,3.5353674e-05,5.1439296e-05,0.99989176,2.1443087e-05,c
test_2681.jpg,1.7602518e-06,0.99994636,2.7534974e-05,2.4299527e-05,b
test_2682.jpg,0.9994593,0.00043050965,7.481137e-05,3.5338384e-05,a
test_2683.jpg,0.0066906167,0.00025942334,7.4326046e-05,0.9929756,d
test_2684.jpg,7.4836265e-05,0.99979204,7.4836265e-05,5.8282538e-05,b
test_2685.jpg,4.2228075e-06,4.2228075e-06,1.994713e-06,0.9999896,d
test_2686.jpg,0.08704371,0.3442646,0.06778972,0.500902,d
test_2687.jpg,0.01680521,0.007005453,0.91753334,0.05865594,c
test_2688.jpg,0.99815744,0.00055206526,0.00080325024,0.00048719594,a
test_2689.jpg,0.9999937,2.2603151e-06,1.5534905e-06,2.5612726e-06,a
test_2690.jpg,7.484257e-05,2.753304e-05,2.1442753e-05,0.99987614,d
test_2691.jpg,0.9102896,0.0017572723,0.0032830168,0.08467012,a
test_2692.jpg,0.9990428,0.00055255496,0.00010880453,0.0002957614,a
test_2693.jpg,1.5534926e-06,2.561276e-06,9.422408e-07,0.999995,d
test_2694.jpg,2.6995767e-07,2.536018e-07,1.2751899e-07,0.9999994,d
test_2695.jpg,9.422401e-07,2.5612742e-06,2.2603165e-06,0.9999943,d
test_2696.jpg,2.4299847e-05,4.784924e-06,0.99995947,1.1478434e-05,c
test_2697.jpg,1.9947183e-06,2.561269e-06,3.2887344e-06,0.99999225,d
test_2698.jpg,0.7385361,0.04166536,0.21159415,0.008204396,a
test_2699.jpg,0.9946542,0.0002598619,0.0019201343,0.0031657664,a
test_2700.jpg,1.1478466e-05,1.4738642e-05,1.1478466e-05,0.9999622,d
test_2701.jpg,0.99997926,8.939591e-06,1.653658e-06,1.0129883e-05,a
test_2702.jpg,3.2886921e-06,0.9999794,2.561236e-06,1.4738895e-05,b
test_2703.jpg,0.0021821295,0.00020296968,0.997549,6.58946e-05,c
test_2704.jpg,1.8918576e-05,0.9996338,5.1426025e-05,0.00029593633,b
test_2705.jpg,0.9940726,0.002174525,0.00016768137,0.0035851856,a
test_2706.jpg,1.0676923e-06,0.99998903,7.889238e-06,1.994712e-06,b
test_2707.jpg,6.0835356e-07,0.99999034,6.1441533e-06,2.9022926e-06,b
test_2708.jpg,1.4737791e-05,0.9999045,4.5395594e-05,3.5354125e-05,b
test_2709.jpg,0.00026113298,9.6065465e-05,0.0001233505,0.99951947,d
test_2710.jpg,0.0003792375,0.0019259269,3.997133e-05,0.9976548,d
test_2711.jpg,1.8553888e-07,0.99999857,6.4759433e-07,5.715e-07,b
test_2712.jpg,3.6898822e-07,4.4508474e-07,2.2380269e-07,0.9999989,d
test_2713.jpg,0.99993896,4.006285e-05,1.4738299e-05,6.1438373e-06,a
test_2714.jpg,5.8277343e-05,0.9997029,0.00020340792,3.5346995e-05,b
test_2715.jpg,8.479196e-05,0.00017950458,0.9996903,4.538587e-05,c
test_2716.jpg,1.5534929e-06,1.9947242e-06,1.1365596e-06,0.99999523,d
test_2717.jpg,0.9999962,6.475928e-07,1.7603396e-06,1.3709539e-06,a
test_2718.jpg,2.4298106e-05,1.3005839e-05,0.9998878,7.484344e-05,c
test_2719.jpg,1.7603346e-06,3.2887378e-06,1.5534899e-06,0.9999933,d
test_2720.jpg,0.9998393,2.7532027e-05,7.483981e-05,5.8285295e-05,a
test_2721.jpg,0.7687597,0.002446794,0.22025336,0.00854015,a
test_2722.jpg,7.888836e-06,2.5611303e-06,0.99993813,5.144168e-05,c
test_2723.jpg,4.00625e-05,1.3006391e-05,1.6700536e-05,0.99993026,d
test_2724.jpg,0.006502543,0.005738474,0.022696106,0.965063,d
test_2725.jpg,9.42241e-07,1.2098614e-06,0.99999523,2.5612765e-06,c
test_2726.jpg,7.8114135e-07,0.9999902,4.785071e-06,4.22281e-06,b
test_2727.jpg,0.012505404,0.018195257,0.19561744,0.77368194,d
test_2728.jpg,1.30065955e-05,2.429952e-05,1.6700798e-05,0.999946,d
test_2729.jpg,1.0677013e-06,5.043464e-07,9.4224316e-07,0.9999975,d
test_2730.jpg,1.4738812e-05,8.939542e-06,2.5612217e-06,0.9999738,d
test_2731.jpg,0.99762875,0.0009097197,0.0005517728,0.0009097197,a
test_2732.jpg,1.538168e-07,0.9999964,1.2098628e-06,2.2603213e-06,b
test_2733.jpg,0.00070871395,0.9979436,0.00017919095,0.0011684718,b
test_2734.jpg,0.38779137,0.56423306,0.04087291,0.0071026464,b
test_2735.jpg,0.5989249,0.026314924,0.2829121,0.09184811,a
test_2736.jpg,0.0008940764,0.86526513,0.13269271,0.0011480169,b
test_2737.jpg,1.2098633e-06,9.422425e-07,1.0030119e-06,0.9999968,d
test_2738.jpg,4.222796e-06,0.999987,6.9622142e-06,1.7603235e-06,b
test_2739.jpg,0.001028751,0.00020257308,0.99559987,0.0031687764,c
test_2740.jpg,0.99976593,5.143282e-05,0.00015842423,2.4295143e-05,a
test_2741.jpg,5.1417726e-05,9.606096e-05,0.99947256,0.00037992848,c
test_2742.jpg,0.51974905,0.0107870465,0.4586769,0.0107870465,a
test_2743.jpg,0.00037210522,0.18107682,0.81153,0.0070211105,c
test_2744.jpg,3.2887128e-06,0.9999857,4.785049e-06,6.1441247e-06,b
test_2745.jpg,0.001922387,0.9958211,0.00033406078,0.001922387,b
test_2746.jpg,0.9998921,4.5395034e-05,3.119952e-05,3.119952e-05,a
test_2747.jpg,0.0075559313,0.11819465,0.0009024273,0.8733469,d
test_2748.jpg,0.9999869,2.561255e-06,8.939659e-06,1.5534799e-06,a
test_2749.jpg,8.474526e-05,6.599967e-05,0.99913967,0.00070956344,c
test_2750.jpg,1.5534961e-06,7.3381955e-07,0.99999726,5.043463e-07,c
test_2751.jpg,0.00048675475,0.0003345413,0.0019251524,0.9972536,d
test_2752.jpg,1.8553847e-07,0.9999963,6.4759286e-07,2.90231e-06,b
test_2753.jpg,0.9999956,1.0676994e-06,1.994725e-06,1.3709531e-06,a
test_2754.jpg,0.020325147,0.00019926073,0.0001551844,0.9793204,d
test_2755.jpg,1.4738865e-05,1.7603064e-06,0.99997735,6.1440733e-06,c
test_2756.jpg,0.00012297487,0.99647576,0.003171564,0.00022974731,b
test_2757.jpg,2.9023054e-06,1.5534921e-06,7.3381767e-07,0.99999475,d
test_2758.jpg,1.9947197e-06,4.785084e-06,2.6995593e-07,0.99999297,d
test_2759.jpg,8.477409e-05,0.9994796,0.00013976886,0.00029589067,b
test_2760.jpg,0.0640035,0.7797222,0.1354954,0.020778893,b
test_2761.jpg,0.0062403954,0.06709058,0.9261568,0.00051224284,c
test_2762.jpg,0.0013179531,0.00012258872,0.9933468,0.0052126055,c
test_2763.jpg,6.475937e-07,3.927854e-07,0.9999976,1.3709558e-06,c
test_2764.jpg,6.144132e-06,5.4221773e-06,1.5534799e-06,0.9999869,d
test_2765.jpg,1.2098645e-06,2.536014e-07,0.99999785,6.475939e-07,c
test_2766.jpg,2.561275e-06,1.3709517e-06,1.3709517e-06,0.99999464,d
test_2767.jpg,0.99998593,7.8892135e-06,4.7850504e-06,1.3709398e-06,a
test_2768.jpg,1.3709521e-06,3.9278433e-07,0.9999949,3.288743e-06,c
test_2769.jpg,0.015007058,0.010314191,0.9284538,0.046224993,c
test_2770.jpg,0.11854778,0.87595624,0.003579833,0.0019161465,b
test_2771.jpg,0.008560198,0.00070266385,0.98942435,0.0013127489,c
test_2772.jpg,2.5612717e-06,1.2098591e-06,2.9023013e-06,0.9999933,d
test_2773.jpg,0.0019777124,0.2935185,0.7041143,0.0003894346,c
test_2774.jpg,0.98350257,0.00022675621,0.015896838,0.00037385782,a
test_2775.jpg,0.9939585,0.00048514645,0.004062081,0.0014943561,a
test_2776.jpg,0.046583984,0.93566436,0.0026280887,0.015123606,b
test_2777.jpg,0.0014943561,0.9939585,0.004062081,0.00048514645,b
test_2778.jpg,0.012305787,0.97756976,0.0005406785,0.009583757,b
test_2779.jpg,8.479712e-05,2.429478e-05,0.99975103,0.00013980681,c
test_2780.jpg,0.9999285,3.089283e-06,1.0129368e-05,5.8290494e-05,a
test_2781.jpg,0.9265623,0.004290835,0.0020268469,0.067119956,a
test_2782.jpg,2.4299628e-05,0.9999505,1.892457e-05,6.1439086e-06,b
test_2783.jpg,0.9990428,0.00010880453,0.00055255496,0.0002957614,a
test_2784.jpg,2.9022617e-06,0.99997973,2.561237e-06,1.47389e-05,b
test_2785.jpg,3.2887258e-06,2.9022906e-06,4.2228075e-06,0.9999896,d
test_2786.jpg,5.0697257e-05,0.98546785,0.00042448295,0.014056943,b
test_2787.jpg,5.714998e-07,4.4508448e-07,0.99999833,5.714998e-07,c
test_2788.jpg,0.0018597328,0.14773686,0.00023643849,0.850167,d
test_2789.jpg,0.00015830448,0.0008039365,2.7509197e-05,0.9990102,d
test_2790.jpg,1.2098614e-06,3.2887442e-06,2.2380186e-07,0.99999523,d
test_2791.jpg,0.9991922,4.0032926e-05,0.0007096007,5.824757e-05,a
test_2792.jpg,0.99986255,6.143368e-06,0.00012339285,7.88824e-06,a
test_2793.jpg,0.9909923,0.00520025,0.0027834936,0.00102399,a
test_2794.jpg,0.9080075,0.07453379,0.016630737,0.00082799565,a
test_2795.jpg,5.827763e-05,3.4998438e-06,0.99970776,0.00023049249,c
test_2796.jpg,0.0024679925,0.001165797,0.99565923,0.00070709165,c
test_2797.jpg,6.962172e-06,4.2227707e-06,7.889174e-06,0.9999809,d
test_2798.jpg,0.0014996756,0.00029530365,0.0007083966,0.99749666,d
test_2799.jpg,9.4224293e-07,1.3709554e-06,3.2563045e-07,0.99999726,d
test_2800.jpg,0.94783264,0.025258884,0.0072367913,0.019671638,a
test_2801.jpg,0.99811363,0.00070883473,0.0006255444,0.00055204105,a
test_2802.jpg,8.3152656e-07,1.0677012e-06,0.9999974,7.338196e-07,c
test_2803.jpg,0.3049882,0.03214552,0.64566004,0.017206257,c
test_2804.jpg,0.0013197014,0.0035873207,0.99466455,0.00042844433,c
test_2805.jpg,0.00017934048,0.9987764,0.00033505214,0.0007093054,b
test_2806.jpg,0.00029522416,0.0019251034,0.9972282,0.00055155135,c
test_2807.jpg,4.2227757e-06,2.260289e-06,0.9999821,1.1478694e-05,c
test_2808.jpg,2.902306e-06,1.2098611e-06,0.999995,9.422408e-07,c
test_2809.jpg,0.00048750697,0.00048750697,0.00023028196,0.9987947,d
test_2810.jpg,5.714995e-07,9.4224345e-07,0.99999785,5.714995e-07,c
test_2811.jpg,0.00017947996,0.00010886011,0.00015839051,0.99955314,d
test_2812.jpg,4.2227907e-06,1.2098499e-06,0.9999857,8.939648e-06,c
test_2813.jpg,0.9999449,5.4219495e-06,4.539743e-05,4.222619e-06,a
test_2814.jpg,9.6048665e-05,0.99934465,0.00037987987,0.00017944253,b
test_2815.jpg,0.9999926,2.2603128e-06,2.9022992e-06,2.2603128e-06,a
test_2816.jpg,0.022817342,0.75560653,0.005091237,0.2164849,b
test_2817.jpg,1.6697917e-05,0.99977344,5.1433206e-05,0.00015842542,b
test_2818.jpg,4.222724e-06,1.3006906e-05,0.99996984,1.3006906e-05,c
test_2819.jpg,2.902269e-06,0.99998224,6.962181e-06,7.889184e-06,b
test_2820.jpg,0.9996209,3.53441e-05,8.394959e-06,0.00033533547,a
test_2821.jpg,1.8924964e-05,4.2227302e-06,0.9999714,5.422093e-06,c
test_2822.jpg,0.00090960955,0.9975079,0.0010307226,0.00055170606,b
test_2823.jpg,1.9947229e-06,2.9023047e-06,6.0835606e-07,0.9999945,d
test_2824.jpg,1.7603282e-06,0.99998975,3.726615e-06,4.7850685e-06,b
test_2825.jpg,0.00017732424,0.32060978,0.0004820173,0.6787309,d
test_2826.jpg,0.0011692981,0.9986493,0.00012324311,5.8215923e-05,b
test_2827.jpg,3.1199947e-05,1.14778195e-05,0.9999058,5.1440016e-05,c
test_2828.jpg,0.99995196,1.0129606e-05,1.8924597e-05,1.8924597e-05,a
test_2829.jpg,0.9999019,2.1443304e-05,3.1199826e-05,4.5395478e-05,a
test_2830.jpg,3.2886207e-06,0.9999577,1.1478414e-05,2.7535285e-05,b
test_2831.jpg,0.74624115,0.0020960378,0.24226902,0.00939379,a
test_2832.jpg,4.0007613e-05,0.99856037,7.474408e-05,0.0013248703,b
test_2833.jpg,0.99857974,0.0002302324,0.00015823626,0.0010318301,a
test_2834.jpg,0.91783136,0.004250403,0.07534019,0.0025779996,a
test_2835.jpg,5.143681e-05,8.9383775e-06,0.9998435,9.609661e-05,c
test_2836.jpg,0.00070871407,0.00017919097,0.9979437,0.0011684719,c
test_2837.jpg,2.5596748e-06,0.9993699,0.00013975352,0.00048778774,b
test_2838.jpg,0.006192025,0.045753215,0.71570075,0.232354,c
test_2839.jpg,9.422426e-07,1.0677007e-06,0.9999969,1.0677007e-06,c
test_2840.jpg,0.99999833,5.714998e-07,5.368744e-07,4.4508448e-07,a
test_2841.jpg,3.7265438e-06,0.9999707,8.939514e-06,1.6701211e-05,b
test_2842.jpg,6.961996e-06,0.99995565,1.3006721e-05,2.4299754e-05,b
test_2843.jpg,0.9999089,7.484502e-05,1.1477855e-05,4.784682e-06,a
test_2844.jpg,0.001678466,0.985235,0.0045625437,0.008523953,b
test_2845.jpg,0.005338864,0.20033939,0.7923576,0.0019640583,c
test_2846.jpg,5.422196e-06,1.3709459e-06,0.99999034,2.9022926e-06,c
test_2847.jpg,4.535215e-05,0.00020325423,0.99894756,0.00080388604,c
test_2848.jpg,0.99591523,0.00042898307,0.00048610152,0.0031697801,a
test_2849.jpg,8.9392e-06,1.012944e-05,4.5397002e-05,0.9999355,d
test_2850.jpg,5.7149975e-07,5.7149975e-07,0.9999982,5.7149975e-07,c
test_2851.jpg,0.34724018,0.011881906,0.57250226,0.06837565,c
test_2852.jpg,0.9999864,5.4221746e-06,3.288715e-06,4.7850526e-06,a
test_2853.jpg,3.5354416e-05,2.429871e-05,2.7534048e-05,0.99991274,d
test_2854.jpg,0.17695932,0.79307663,0.01131263,0.018651376,b
test_2855.jpg,5.7149975e-07,6.475941e-07,5.7149975e-07,0.9999982,d
test_2856.jpg,2.42988e-05,0.99991643,5.1440562e-05,7.888665e-06,b
test_2857.jpg,0.0004302201,0.9987871,0.0005524135,0.00023028022,b
test_2858.jpg,0.9999782,6.1440783e-06,1.147865e-05,4.222759e-06,a
test_2859.jpg,2.1024326e-07,1.4449795e-07,0.9999994,2.1024326e-07,c
test_2860.jpg,3.0590206e-07,1.2751896e-07,0.99999917,3.0590206e-07,c
test_2861.jpg,2.1444785e-05,4.7849785e-06,2.9022362e-06,0.9999709,d
test_2862.jpg,0.0011685491,0.00048712376,0.00033479492,0.9980096,d
test_2863.jpg,2.561261e-06,2.9022892e-06,5.4221896e-06,0.99998915,d
test_2864.jpg,3.1197542e-05,0.9998287,3.1197542e-05,0.00010889012,b
test_2865.jpg,3.11999e-05,1.30060525e-05,0.9999043,5.1439936e-05,c
test_2866.jpg,3.2885278e-06,0.9999294,5.829055e-05,8.939145e-06,b
test_2867.jpg,0.16132249,0.009101193,0.8192633,0.010313003,c
test_2868.jpg,6.083576e-07,1.2098635e-06,1.2098635e-06,0.999997,d
test_2869.jpg,0.99999714,1.5534958e-06,7.3381943e-07,6.4759337e-07,a
test_2870.jpg,2.2603072e-06,0.9999901,5.4221946e-06,2.2603072e-06,b
test_2871.jpg,6.4759325e-07,0.9999969,9.422426e-07,1.5534955e-06,b
test_2872.jpg,0.0021823968,0.00013951598,6.9460907e-06,0.9976712,d
test_2873.jpg,0.0003348695,0.000108716216,0.0013244345,0.99823195,d
test_2874.jpg,5.142361e-05,0.9995869,0.00020338432,0.00015839585,b
test_2875.jpg,0.9921812,0.0058997246,0.001491684,0.00042737465,a
test_2876.jpg,0.006690126,0.00022892351,0.0001782858,0.9929027,d
test_2877.jpg,0.9998258,0.00013981726,1.0128328e-05,2.4296596e-05,a
test_2878.jpg,0.79692,0.0011981208,0.0003889729,0.20149294,a
test_2879.jpg,5.422195e-06,3.7266168e-06,6.4758893e-07,0.9999902,d
test_2880.jpg,1.2098643e-06,8.3152673e-07,3.927854e-07,0.9999976,d
test_2881.jpg,3.5352583e-05,1.8922874e-05,0.9998609,8.480643e-05,c
test_2882.jpg,0.99997306,7.889112e-06,8.939535e-06,1.012982e-05,a
test_2883.jpg,0.9999938,1.3709506e-06,2.2603153e-06,2.5612728e-06,a
test_2884.jpg,7.888461e-06,0.99989057,5.421655e-06,9.610114e-05,b
test_2885.jpg,0.0013222635,0.00015792184,0.77614933,0.22237052,c
test_2886.jpg,2.3823554e-07,0.99999404,2.9023033e-06,2.9023033e-06,b
test_2887.jpg,0.38112214,0.18002936,0.0069804955,0.431868,d
test_2888.jpg,4.993711e-08,0.99999857,3.4663228e-07,1.0677026e-06,b
test_2889.jpg,0.11845408,0.7724176,0.10453535,0.0045929626,b
test_2890.jpg,0.00968929,0.9883344,0.0016837462,0.00029259123,b
test_2891.jpg,1.8921832e-05,0.99980587,0.00013981448,3.5350637e-05,b
test_2892.jpg,1.4738763e-05,7.889092e-06,6.9620987e-06,0.99997044,d
test_2893.jpg,5.3687023e-07,0.9999906,1.994715e-06,6.9622392e-06,b
test_2894.jpg,1.8891993e-05,0.9982292,5.1353763e-05,0.0017006032,b
test_2895.jpg,4.4508388e-07,0.999997,1.370955e-06,1.2098635e-06,b
test_2896.jpg,5.144109e-05,1.8924118e-05,0.9999267,2.9021078e-06,c
test_2897.jpg,0.99998164,6.962177e-06,2.5612417e-06,8.939613e-06,a
test_2898.jpg,0.9999969,7.3381926e-07,1.2098634e-06,1.2098634e-06,a
test_2899.jpg,0.00046948378,0.9618691,0.037295714,0.00036563433,b
test_2900.jpg,1.1253481e-07,0.9999968,1.0677006e-06,1.9947274e-06,b
test_2901.jpg,2.260311e-06,0.9999919,2.561268e-06,3.2887333e-06,b
test_2902.jpg,3.6898743e-07,1.7603406e-06,1.0677006e-06,0.9999968,d
test_2903.jpg,0.003159511,0.9926887,0.0024606294,0.0016911643,b
test_2904.jpg,0.03861354,0.081744865,0.8788401,0.0008013985,c
test_2905.jpg,8.233234e-08,0.9999982,6.475941e-07,1.0677021e-06,b
test_2906.jpg,0.00010888856,3.1197094e-05,0.99981445,4.5391505e-05,c
test_2907.jpg,0.24783246,0.6736784,0.0074838917,0.07100518,b
test_2908.jpg,2.9023e-06,2.5612703e-06,1.7603337e-06,0.99999285,d
test_2909.jpg,8.3152116e-07,1.9947158e-06,6.144157e-06,0.99999094,d
test_2910.jpg,5.422147e-06,1.7603134e-06,1.1478685e-05,0.9999813,d
test_2911.jpg,0.54263717,0.030613497,0.42260626,0.004143086,a
test_2912.jpg,3.2886912e-06,0.99997914,6.144084e-06,1.1478661e-05,b
test_2913.jpg,0.0010055361,0.40566218,0.590235,0.003097269,c
test_2914.jpg,9.422425e-07,6.893593e-07,1.5534953e-06,0.9999968,d
test_2915.jpg,8.3152077e-07,5.4221964e-06,0.99999046,3.2887285e-06,c
test_2916.jpg,2.4296385e-05,0.00012338722,3.5351033e-05,0.9998171,d
test_2917.jpg,8.480147e-05,9.609266e-05,0.9998024,1.6698401e-05,c
test_2918.jpg,3.9278467e-07,0.9999957,1.3709532e-06,2.5612778e-06,b
test_2919.jpg,0.00037827628,0.0040668533,0.9951261,0.00042864316,c
test_2920.jpg,0.99999475,1.5534921e-06,2.2603176e-06,1.4593708e-06,a
test_2921.jpg,0.0030537515,0.017573126,0.01991296,0.95946014,d
test_2922.jpg,7.3382023e-07,3.4663213e-07,0.9999982,7.3382023e-07,c
test_2923.jpg,0.99998844,4.785062e-06,3.72661e-06,3.0894682e-06,a
test_2924.jpg,6.475931e-07,1.7603404e-06,9.4224237e-07,0.99999666,d
test_2925.jpg,6.1437136e-06,1.6700345e-05,0.9999188,5.828993e-05,c
test_2926.jpg,0.0008036909,0.0002302613,0.998705,0.0002609202,c
test_2927.jpg,1.0129908e-05,4.7850303e-06,0.99998176,3.2886999e-06,c
test_2928.jpg,0.008479008,0.46293816,0.0040051998,0.5245777,d
test_2929.jpg,2.5611246e-06,0.99993587,4.0062725e-05,2.1444033e-05,b
test_2930.jpg,0.9967257,0.00062467455,0.002470636,0.00017897227,a
test_2931.jpg,1.670009e-05,0.99990356,5.8289042e-05,2.144334e-05,b
test_2932.jpg,8.3148836e-07,0.9999515,2.2602198e-06,4.539773e-05,b
test_2933.jpg,0.99992144,2.5610875e-06,7.484596e-05,1.1364758e-06,a
test_2934.jpg,1.6373703e-07,0.9999958,1.5534938e-06,2.561278e-06,b
test_2935.jpg,4.22264e-06,0.99995005,2.1444337e-05,2.4299618e-05,b
test_2936.jpg,3.288735e-06,1.7603329e-06,0.9999924,2.5612692e-06,c
test_2937.jpg,0.12663856,0.5008653,0.028256886,0.34423932,b
test_2938.jpg,5.8279697e-05,0.0001795141,0.9997433,1.8920648e-05,c
test_2939.jpg,0.00033446724,0.0019247261,0.99703276,0.00070806715,c
test_2940.jpg,4.0028146e-05,0.9990728,0.0006261456,0.0002610163,b
test_2941.jpg,5.1432024e-05,0.00012337901,7.483316e-05,0.99975044,d
test_2942.jpg,0.99278766,0.00042763588,9.5418465e-05,0.0066893506,a
test_2943.jpg,0.000624058,0.9957419,0.0011658939,0.0024681976,b
test_2944.jpg,0.9999943,2.902304e-06,1.3709513e-06,1.3709513e-06,a
test_2945.jpg,0.99972576,6.603839e-05,0.00012337595,8.479497e-05,a
test_2946.jpg,9.564772e-05,0.0001228141,0.99517304,0.004608566,c
test_2947.jpg,6.1440696e-06,1.0129857e-05,0.99997675,6.962143e-06,c
test_2948.jpg,4.2227725e-06,1.3709337e-06,0.9999814,1.3007056e-05,c
test_2949.jpg,1.3709121e-06,0.99996567,5.4220623e-06,2.7535505e-05,b
test_2950.jpg,0.0002959267,5.142435e-05,0.9996013,5.142435e-05,c
test_2951.jpg,0.0021774617,0.0019216032,0.9954151,0.00048585742,c
test_2952.jpg,0.00070955075,0.00012330143,4.5360062e-05,0.99912184,d
test_2953.jpg,0.9999924,1.9947186e-06,3.7266248e-06,1.9947186e-06,a
test_2954.jpg,0.001013061,0.017956937,0.9804155,0.0006144526,c
test_2955.jpg,0.06742098,0.9307179,0.0015855896,0.00027553414,b
test_2956.jpg,3.4663165e-07,6.4759314e-07,0.9999968,2.2603222e-06,c
test_2957.jpg,0.6754378,0.005157031,0.31905425,0.0003509404,a
test_2958.jpg,0.99969065,8.4791995e-05,0.00013979837,8.4791995e-05,a
test_2959.jpg,0.7460447,0.24220525,0.0044361437,0.0073139654,a
test_2960.jpg,0.9988973,5.8230384e-05,0.0007093913,0.0003350927,a
test_2961.jpg,0.0029813347,0.00042950196,0.059881706,0.9367075,d
test_2962.jpg,7.3381375e-07,0.9999894,3.7266136e-06,6.1441474e-06,b
test_2963.jpg,4.785069e-06,3.2887265e-06,1.9947136e-06,0.99998987,d
test_2964.jpg,4.2227e-06,0.99996424,1.6701104e-05,1.4738671e-05,b
test_2965.jpg,0.51613724,0.4554895,0.017661244,0.010712086,a
test_2966.jpg,0.00048781533,5.826123e-05,2.7520657e-05,0.9994265,d
test_2967.jpg,1.1476801e-05,0.9998172,1.3004919e-05,0.00015843235,b
test_2968.jpg,0.005168129,0.9848711,0.007519583,0.0024412514,b
test_2969.jpg,0.9502279,0.04730906,0.0003845051,0.0020786151,a
test_2970.jpg,3.2887176e-06,4.7850563e-06,4.7850563e-06,0.9999871,d
test_2971.jpg,0.9993358,0.00023040673,0.00020333324,0.00023040673,a
test_2972.jpg,2.902225e-06,2.5612044e-06,2.7535545e-05,0.9999671,d
test_2973.jpg,0.00039881506,0.81708443,0.0002005368,0.18231618,b
test_2974.jpg,5.7149987e-07,3.2563082e-07,5.7149987e-07,0.99999845,d
test_2975.jpg,0.99996996,1.0129788e-05,6.9620955e-06,1.3006907e-05,a
test_2976.jpg,1.14768845e-05,0.99982446,0.00013981709,2.4296565e-05,b
test_2977.jpg,0.00015841282,0.999694,9.6082236e-05,5.1429117e-05,b
test_2978.jpg,0.0138736265,0.9726164,0.009535196,0.003974861,b
test_2979.jpg,0.00010885422,9.606351e-05,0.9994991,0.00029589646,c
test_2980.jpg,0.9999956,1.2098618e-06,1.2098618e-06,1.994725e-06,a
test_2981.jpg,0.00010878367,0.9988513,0.000552449,0.00048753462,b
test_2982.jpg,0.0046054944,8.435256e-05,0.9945098,0.0008003149,c
test_2983.jpg,1.2098571e-06,2.2603108e-06,4.785078e-06,0.9999918,d
test_2984.jpg,0.009473795,0.16792704,0.0700024,0.75259674,d
test_2985.jpg,0.9999324,3.535511e-05,2.4299188e-05,7.8887915e-06,a
test_2986.jpg,0.3995182,0.5812955,0.017553603,0.0016327396,b
test_2987.jpg,0.0001233296,9.6049196e-05,0.00043046262,0.99935013,d
test_2988.jpg,1.9947213e-06,1.3709505e-06,0.9999937,2.9023022e-06,c
test_2989.jpg,6.1435458e-06,0.9998915,7.4843716e-05,2.7533464e-05,b
test_2990.jpg,2.6995755e-07,6.4759456e-07,1.742977e-07,0.9999989,d
test_2991.jpg,3.7265977e-06,4.2227884e-06,6.962201e-06,0.9999851,d
test_2992.jpg,0.998845,0.0007093541,0.0003796899,6.598021e-05,a
test_2993.jpg,0.9996766,0.00026117405,5.1428222e-05,1.0779941e-05,a
test_2994.jpg,1.2098631e-06,3.9278504e-07,0.99999666,1.7603404e-06,c
test_2995.jpg,0.001324147,0.00010869261,0.99801517,0.00055198657,c
test_2996.jpg,0.9999826,7.889187e-06,6.9621838e-06,2.5612442e-06,a
test_2997.jpg,0.00043045558,0.9993338,0.00013974847,9.6047625e-05,b
test_2998.jpg,2.1024299e-07,0.9999981,5.714997e-07,1.067702e-06,b
test_2999.jpg,2.1440306e-05,1.30042035e-05,0.9997621,0.00020341997,c
test_3000.jpg,0.0035918094,0.00042898045,7.002914e-05,0.9959092,d
test_3001.jpg,0.99945873,0.00017946301,0.00020335824,0.00015837555,a
test_3002.jpg,0.07548356,0.9195781,0.0020115688,0.0029268155,b
test_3003.jpg,0.0015191932,0.00023297578,0.8917442,0.10650366,c
test_3004.jpg,3.1201045e-05,1.4738329e-05,1.300653e-05,0.999941,d
test_3005.jpg,1.4736641e-05,1.8922221e-05,0.9998265,0.00013981736,c
test_3006.jpg,2.699557e-07,0.99999213,1.3709483e-06,6.144164e-06,b
test_3007.jpg,0.99997485,1.1478612e-05,1.1478612e-05,2.2602726e-06,a
test_3008.jpg,2.699575e-07,7.3382057e-07,3.0590192e-07,0.9999987,d
test_3009.jpg,6.9620733e-06,1.4738708e-05,1.1478518e-05,0.99996674,d
test_3010.jpg,2.753431e-05,3.5354755e-05,1.4738053e-05,0.9999223,d
test_3011.jpg,5.043437e-07,0.99999213,2.5612685e-06,4.78508e-06,b
test_3012.jpg,0.009648528,0.9841765,0.0040221047,0.0021528774,b
test_3013.jpg,6.4759445e-07,3.927859e-07,2.3823668e-07,0.9999988,d
test_3014.jpg,0.0023234587,0.00040375654,0.05992278,0.93735003,d
test_3015.jpg,0.0009420535,0.002560767,0.08480095,0.9116962,d
test_3016.jpg,5.368745e-07,6.0835856e-07,2.3823662e-07,0.99999857,d
test_3017.jpg,0.09466333,0.03073268,0.2573216,0.6172824,d
test_3018.jpg,6.4759416e-07,2.8736812e-07,8.3152736e-07,0.99999833,d
test_3019.jpg,3.5350065e-05,6.604261e-05,0.99978966,0.00010888586,c
test_3020.jpg,3.2887308e-06,4.222814e-06,1.3709471e-06,0.9999912,d
test_3021.jpg,4.6911605e-08,0.99999917,2.1024321e-07,5.715003e-07,b
test_3022.jpg,0.0014812959,0.6771666,0.0014812959,0.31987086,b
test_3023.jpg,0.9999659,1.1478509e-05,1.4738695e-05,7.889055e-06,a
test_3024.jpg,4.002987e-05,0.00080402155,4.002987e-05,0.9991159,d
test_3025.jpg,0.14933011,0.59061205,0.042783793,0.21727405,b
test_3026.jpg,7.88908e-06,1.3006895e-05,1.0129779e-05,0.999969,d
test_3027.jpg,1.5534825e-06,1.994711e-06,7.889234e-06,0.99998856,d
test_3028.jpg,3.0590098e-07,0.9999956,1.5534935e-06,2.5612774e-06,b
test_3029.jpg,1.12535e-07,0.99999845,3.9278575e-07,1.0677023e-06,b
test_3030.jpg,2.7535285e-05,6.96201e-06,7.888991e-06,0.9999577,d
test_3031.jpg,0.9998136,2.4296301e-05,6.6044195e-05,9.609374e-05,a
test_3032.jpg,8.939602e-06,6.9621688e-06,3.7265804e-06,0.99998045,d
test_3033.jpg,0.00044128453,0.095290914,0.90409505,0.00017280948,c
test_3034.jpg,1.1253508e-07,2.1024321e-07,0.99999917,5.0434727e-07,c
test_3035.jpg,0.9999342,1.1478145e-05,1.892426e-05,3.5355173e-05,a
test_3036.jpg,0.00013981483,0.9998084,2.7531174e-05,2.4296174e-05,b
test_3037.jpg,3.0590138e-07,0.9999969,1.7603409e-06,1.0677007e-06,b
test_3038.jpg,6.4759354e-07,8.233228e-08,0.9999974,1.9947286e-06,c
test_3039.jpg,0.0002959327,5.8272602e-05,2.4291634e-05,0.9996215,d
test_3040.jpg,1.9947213e-06,5.368719e-07,0.9999937,3.7266295e-06,c
test_3041.jpg,4.7378884e-07,0.99999595,7.338186e-07,2.9023088e-06,b
test_3042.jpg,1.3709405e-06,8.939654e-06,3.288715e-06,0.9999864,d
test_3043.jpg,0.00017948222,0.99956566,5.1422518e-05,0.00020338,b
test_3044.jpg,0.0072774524,0.019782167,0.9531582,0.019782167,c
test_3045.jpg,2.56123e-06,0.9999771,8.939572e-06,1.1478637e-05,b
test_3046.jpg,0.999258,0.000552674,0.00012331823,6.6007495e-05,a
test_3047.jpg,9.329486e-08,2.699576e-07,0.99999917,3.92786e-07,c
test_3048.jpg,1.3005496e-05,2.123089e-06,0.9998615,0.0001233927,c
test_3049.jpg,0.999933,2.1443971e-05,3.5355133e-05,1.01294145e-05,a
test_3050.jpg,1.637376e-07,3.059021e-07,0.9999993,3.059021e-07,c
test_3051.jpg,0.9425664,0.025118543,0.0038520535,0.02846304,a
test_3052.jpg,6.893585e-07,3.2887453e-06,3.4663123e-07,0.9999956,d
test_3053.jpg,0.0010248332,0.006682752,0.00048409696,0.99180835,d
test_3054.jpg,0.9997887,0.00010888576,7.483602e-05,2.7530632e-05,a
test_3055.jpg,0.9994271,0.00033527042,0.00017945732,5.8261263e-05,a
test_3056.jpg,0.004063083,0.9942036,0.0010273083,0.00070605794,b
test_3057.jpg,7.4730895e-05,0.0015010099,0.99838424,4.0000556e-05,c
test_3058.jpg,0.9999671,1.8924884e-05,7.889065e-06,6.14401e-06,a
test_3059.jpg,1.1478599e-05,3.2886737e-06,0.9999738,1.1478599e-05,c
test_3060.jpg,0.00042723835,0.99186474,0.006683132,0.0010248915,b
test_3061.jpg,2.1444563e-05,7.889013e-06,1.0129694e-05,0.99996054,d
test_3062.jpg,0.9998091,0.00012338624,4.0057643e-05,2.7531194e-05,a
test_3063.jpg,0.26657513,0.008049871,0.00074875454,0.72462624,d
test_3064.jpg,0.9873197,0.012428521,0.00020088833,5.0792525e-05,a
test_3065.jpg,1.7429753e-07,0.999998,6.4759394e-07,1.2098646e-06,b
test_3066.jpg,0.00029496578,0.0005510686,0.0027985575,0.9963554,d
test_3067.jpg,0.79241276,0.0025220762,0.20035331,0.004711858,a
test_3068.jpg,0.9977442,0.0016997769,0.00026066919,0.00029537693,a
test_3069.jpg,5.4220222e-06,3.5356028e-05,8.8512076e-07,0.9999583,d
test_3070.jpg,3.058991e-07,0.9999895,3.2887253e-06,6.9622315e-06,b
test_3071.jpg,0.005217393,0.0002943452,0.00022923625,0.9942591,d
test_3072.jpg,0.99847883,0.00023020915,0.00080350885,0.0004873528,a
test_3073.jpg,0.99934524,0.00043046052,0.00015835756,6.601326e-05,a
test_3074.jpg,0.0051256213,0.9767705,0.00580809,0.012295727,b
test_3075.jpg,0.00078492594,0.97538674,0.022938898,0.0008894376,b
test_3076.jpg,0.00020322698,0.00017934717,0.9988136,0.0008037783,c
test_3077.jpg,0.0035496189,0.0013058318,0.010933597,0.98421097,d
test_3078.jpg,1.3709487e-06,0.9999924,4.222819e-06,1.9947186e-06,b
test_3079.jpg,5.714987e-07,5.714987e-07,0.9999963,2.5612792e-06,c
test_3080.jpg,3.466313e-07,0.9999958,1.5534938e-06,2.2603201e-06,b
test_3081.jpg,0.996606,0.0027992614,0.00026037183,0.00033432405,a
test_3082.jpg,0.08485148,0.00034676865,0.91223943,0.0025622929,c
test_3083.jpg,0.00010881721,0.9991592,0.00055261934,0.00017940922,b
test_3084.jpg,2.536014e-07,0.99999785,7.3381995e-07,1.2098645e-06,b
test_3085.jpg,7.33816e-07,0.9999925,2.5612694e-06,4.2228194e-06,b
test_3086.jpg,0.00029436627,0.0052177664,0.0001575629,0.9943303,d
test_3087.jpg,5.143726e-05,2.144224e-05,0.9998522,7.484078e-05,c
test_3088.jpg,0.00026105833,7.479448e-05,0.9992337,0.00043041247,c
test_3089.jpg,0.99780935,0.0015001456,0.0002606862,0.00042979894,a
test_3090.jpg,5.144138e-05,1.1478122e-05,4.784794e-06,0.9999323,d
test_3091.jpg,0.00020339452,7.482467e-05,0.999637,8.478745e-05,c
test_3092.jpg,2.561263e-06,4.222809e-06,3.288727e-06,0.99999,d
test_3093.jpg,1.5381711e-07,3.4663222e-07,0.99999845,1.0677023e-06,c
test_3094.jpg,5.143008e-05,0.00023049362,5.4206903e-06,0.99971265,d
test_3095.jpg,0.9935489,0.00015743908,0.0016926298,0.0046010446,a
test_3096.jpg,5.368712e-07,0.9999924,2.9022985e-06,4.222819e-06,b
test_3097.jpg,0.99999833,9.422439e-07,3.256308e-07,4.181182e-07,a
test_3098.jpg,1.0029903e-06,0.9999753,8.939555e-06,1.4738835e-05,b
test_3099.jpg,4.2228116e-06,3.288729e-06,0.9999906,1.994715e-06,c
test_3100.jpg,1.2098644e-06,6.4759377e-07,0.99999774,4.4508423e-07,c
test_3101.jpg,9.422427e-07,1.2098635e-06,8.315262e-07,0.999997,d
test_3102.jpg,0.00031697957,0.83387375,0.001609755,0.16419946,b
test_3103.jpg,8.939626e-06,5.4221573e-06,2.5612458e-06,0.9999832,d
test_3104.jpg,0.9999056,2.7533852e-05,2.1443384e-05,4.5395645e-05,a
test_3105.jpg,0.9976407,0.0002300159,0.0004297263,0.0016996006,a
test_3106.jpg,0.99998045,1.3007043e-05,4.785024e-06,1.7603119e-06,a
test_3107.jpg,0.0031017347,0.974536,0.01784925,0.0045129973,b
test_3108.jpg,1.0129731e-05,4.2227e-06,0.99996424,2.144464e-05,c
test_3109.jpg,0.985952,0.0006179224,0.012411305,0.0010187819,a
test_3110.jpg,4.7850504e-06,8.939651e-06,3.6898342e-07,0.99998593,d
test_3111.jpg,0.9999707,6.1440323e-06,1.3006917e-05,1.0129796e-05,a
test_3112.jpg,0.0022386424,0.00056601746,0.62071353,0.37648177,c
test_3113.jpg,0.99988914,3.5353583e-05,3.5353583e-05,4.006085e-05,a
test_3114.jpg,0.005400073,0.0352129,0.90815264,0.05123447,c
test_3115.jpg,2.5612744e-06,2.2603167e-06,7.811446e-07,0.9999944,d
test_3116.jpg,3.9278336e-07,0.9999924,4.7850813e-06,2.5612692e-06,b
test_3117.jpg,0.020180257,0.003506803,0.0039737285,0.9723393,d
test_3118.jpg,0.999348,0.000158358,0.0003352439,0.000158358,a
test_3119.jpg,3.6898646e-07,0.99999416,1.7603361e-06,3.7266313e-06,b
test_3120.jpg,0.9983992,0.00091042224,0.00048731393,0.00020314266,a
test_3121.jpg,0.9850301,0.00054480473,0.0140507,0.00037443847,a
test_3122.jpg,0.9999684,1.6701173e-05,1.0129773e-05,4.7849667e-06,a
test_3123.jpg,0.00022910362,0.99368393,0.00017842608,0.00590866,b
test_3124.jpg,1.1478116e-05,4.539683e-05,0.9999317,1.1478116e-05,c
test_3125.jpg,0.70001346,0.0013513439,0.121644095,0.17699112,a
test_3126.jpg,5.7150004e-07,1.9750513e-07,0.9999987,5.7150004e-07,c
test_3127.jpg,0.0027876466,0.0035794089,0.0011620639,0.99247086,d
test_3128.jpg,3.059013e-07,0.99999666,1.2098631e-06,1.7603404e-06,b
test_3129.jpg,1.4733134e-05,1.6694828e-05,0.99958855,0.00037997257,c
test_3130.jpg,0.9999769,1.1478634e-05,6.9621437e-06,4.785007e-06,a
test_3131.jpg,8.9395735e-06,8.9395735e-06,4.7850094e-06,0.99997735,d
test_3132.jpg,6.6039865e-05,2.7529513e-05,0.99974805,0.00015842139,c
test_3133.jpg,2.5360143e-07,0.999998,1.0677019e-06,7.3382006e-07,b
test_3134.jpg,0.0003352012,0.00010882391,0.0003352012,0.9992207,d
test_3135.jpg,6.1437795e-06,0.99992955,2.429912e-05,4.006247e-05,b
test_3136.jpg,0.0028744584,0.00056601444,0.29320273,0.7033568,d
test_3137.jpg,1.4449785e-07,0.9999987,5.7150004e-07,6.475944e-07,b
test_3138.jpg,4.0037696e-05,0.0005527034,0.9993112,9.604545e-05,c
test_3139.jpg,0.00037997097,0.9995844,1.891764e-05,1.669476e-05,b
test_3140.jpg,2.260242e-06,0.99996126,8.93943e-06,2.7535385e-05,b
test_3141.jpg,0.86586994,0.13278547,0.0008947014,0.0004498841,a
test_3142.jpg,0.0014567066,0.029258734,0.9689162,0.0003683131,c
test_3143.jpg,0.99968517,0.00015841142,1.6696442e-05,0.0001397976,a
test_3144.jpg,0.0024722232,6.5882516e-05,9.585849e-05,0.997366,d
test_3145.jpg,6.82559e-08,0.999998,8.31527e-07,1.0677019e-06,b
test_3146.jpg,3.2887324e-06,4.222816e-06,9.4223765e-07,0.99999166,d
test_3147.jpg,4.0043175e-05,0.0004878258,2.4287414e-05,0.9994479,d
test_3148.jpg,2.6995693e-07,0.99999666,1.553495e-06,1.553495e-06,b
test_3149.jpg,1.3709375e-06,0.99998426,4.222785e-06,1.0129934e-05,b
test_3150.jpg,1.9947129e-06,2.2603058e-06,0.9999895,6.144148e-06,c
test_3151.jpg,5.422116e-06,0.99997556,1.0129846e-05,8.939558e-06,b
test_3152.jpg,3.5348494e-05,0.9997452,0.00012337836,9.608716e-05,b
test_3153.jpg,2.561253e-06,1.37094e-06,0.99998605,1.0129952e-05,c
test_3154.jpg,8.939619e-06,5.4221528e-06,3.288702e-06,0.99998236,d
test_3155.jpg,0.8644619,0.13256954,0.0012996659,0.0016688041,a
test_3156.jpg,7.734415e-08,0.99999905,3.9278598e-07,5.043472e-07,b
test_3157.jpg,4.784952e-06,2.75355e-05,0.9999654,2.2602512e-06,c
test_3158.jpg,0.00017899755,0.9968665,0.0010300599,0.0019244051,b
test_3159.jpg,0.9999851,6.962201e-06,5.4221673e-06,2.5612505e-06,a
test_3160.jpg,0.0009083176,0.00020267305,0.9960912,0.0027978155,c
test_3161.jpg,0.6625178,0.02267011,0.0018608762,0.31295127,a
test_3162.jpg,5.714976e-07,0.9999944,8.3152406e-07,4.2228276e-06,b
test_3163.jpg,0.0062331473,0.8163813,0.12519613,0.052189507,b
test_3164.jpg,0.037314173,0.00011876283,0.9623452,0.00022187817,c
test_3165.jpg,0.62071586,0.0017434632,0.3764832,0.0010574639,a
test_3166.jpg,0.00026042687,0.002799853,0.00012301694,0.9968167,d
test_3167.jpg,1.9947036e-06,8.939641e-06,0.99998486,4.222787e-06,c
test_3168.jpg,1.473845e-05,3.12013e-05,4.784875e-06,0.9999492,d
test_3169.jpg,0.9999641,1.6701102e-05,1.3006831e-05,6.143992e-06,a
test_3170.jpg,8.3152395e-07,0.9999943,1.5534914e-06,3.288741e-06,b
test_3171.jpg,3.535487e-05,7.888738e-06,3.1200565e-05,0.9999256,d
test_3172.jpg,0.99910897,0.0007095416,0.00012329985,5.8242724e-05,a
test_3173.jpg,0.9753866,0.022938896,0.0007849258,0.0008894375,a
test_3174.jpg,0.9998845,4.0060666e-05,3.5353416e-05,4.0060666e-05,a
test_3175.jpg,0.7255192,0.2669036,0.005539407,0.0020378341,a
test_3176.jpg,0.9992943,0.00029583584,0.00023039716,0.00017943348,a
test_3177.jpg,0.00048682455,0.77677333,0.00019064326,0.22254929,b
test_3178.jpg,0.002799261,0.00048643863,0.00010853913,0.9966059,d
test_3179.jpg,7.888323e-06,1.0128807e-05,0.00010889495,0.99987304,d
test_3180.jpg,0.99950016,0.00020336667,3.5339828e-05,0.00026112795,a
test_3181.jpg,0.020233272,0.00088898797,0.0039841677,0.9748936,d
test_3182.jpg,0.8903896,0.002833915,0.106341876,0.00043459496,a
test_3183.jpg,0.16418874,0.0016096499,0.00038232535,0.83381927,d
test_3184.jpg,0.9999939,2.2603158e-06,2.2603158e-06,1.5534908e-06,a
test_3185.jpg,3.7264972e-06,0.99995816,2.1444512e-05,1.6701002e-05,b
test_3186.jpg,1.5534764e-06,3.7265959e-06,0.9999846,1.0129937e-05,c
test_3187.jpg,0.99988973,6.604922e-05,3.1199444e-05,1.3005863e-05,a
test_3188.jpg,0.99745744,0.0007083687,0.00033460968,0.0014996165,a
test_3189.jpg,0.0003785953,0.000486126,0.0031699396,0.99596536,d
test_3190.jpg,1.7603361e-06,2.2603163e-06,1.7603361e-06,0.99999416,d
test_3191.jpg,0.0010308996,0.9976793,0.0008028654,0.00048696253,b
test_3192.jpg,0.999997,9.422427e-07,8.315262e-07,1.2098635e-06,a
test_3193.jpg,0.19874738,0.78606117,0.0052964385,0.00989505,b
test_3194.jpg,0.0006249653,0.00048672353,0.001698832,0.9971896,d
test_3195.jpg,1.0129654e-05,2.4299776e-05,0.9999566,8.939388e-06,c
test_3196.jpg,0.008515928,0.0066322116,0.0005444051,0.98430747,d
test_3197.jpg,4.5357017e-05,0.99905473,0.0008039723,9.60208e-05,b
test_3198.jpg,0.9809154,0.000789375,0.017966093,0.00032906045,a
test_3199.jpg,1.0129787e-05,1.3006906e-05,0.99996984,6.9620946e-06,c
test_3200.jpg,6.9619928e-06,1.8924658e-05,0.9999552,1.8924658e-05,c
test_3201.jpg,1.370949e-06,2.2603128e-06,3.7266257e-06,0.9999926,d
test_3202.jpg,1.8553904e-07,1.1253511e-07,0.9999994,2.6995767e-07,c
test_3203.jpg,1.0677005e-06,9.4224237e-07,0.99999666,1.3709546e-06,c
test_3204.jpg,9.422438e-07,3.6898797e-07,4.4508442e-07,0.9999982,d
test_3205.jpg,0.99999154,2.902296e-06,3.2887322e-06,2.2603103e-06,a
test_3206.jpg,4.737874e-07,6.1441683e-06,5.368714e-07,0.99999285,d
test_3207.jpg,0.9999542,1.0129629e-05,1.892464e-05,1.6700937e-05,a
test_3208.jpg,0.0003284387,0.97906196,0.020319782,0.00028984615,b
test_3209.jpg,5.714994e-07,2.382364e-07,0.9999976,1.5534965e-06,c
test_3210.jpg,6.144138e-06,5.0434153e-07,0.99998784,5.4221823e-06,c
test_3211.jpg,0.0010321029,5.822726e-05,6.598012e-05,0.99884367,d
test_3212.jpg,0.39829138,0.01982976,0.5795105,0.0023683272,c
test_3213.jpg,0.9999795,8.939593e-06,5.4221373e-06,6.1440865e-06,a
test_3214.jpg,6.6050925e-05,1.147793e-05,6.9617163e-06,0.9999155,d
test_3215.jpg,0.9983224,0.00070898305,5.819687e-05,0.0009103522,a
test_3216.jpg,2.260318e-06,1.3709523e-06,0.999995,1.3709523e-06,c
test_3217.jpg,9.6066346e-05,0.0003353045,4.004641e-05,0.99952865,d
test_3218.jpg,6.96216e-06,3.7265759e-06,1.0129883e-05,0.99997926,d
test_3219.jpg,0.0033780367,0.052841384,0.5013451,0.4424355,c
test_3220.jpg,0.86632824,0.000542951,0.13285574,0.00027301293,a
test_3221.jpg,5.714994e-07,0.9999976,8.3152673e-07,9.422432e-07,b
test_3222.jpg,0.9994702,9.606073e-05,0.00020336057,0.0002304377,a
test_3223.jpg,1.3006268e-05,5.829005e-05,0.99992085,7.8887e-06,c
test_3224.jpg,0.99970007,9.6082826e-05,4.5386314e-05,0.0001584138,a
test_3225.jpg,2.2380235e-07,0.9999974,1.209864e-06,1.209864e-06,b
test_3226.jpg,0.00048772278,0.00017942316,0.9992368,9.6038304e-05,c
test_3227.jpg,0.11638465,0.017848164,0.8599727,0.0057944506,c
test_3228.jpg,2.1024253e-07,0.99999595,1.3709536e-06,2.5612783e-06,b
test_3229.jpg,4.785062e-06,4.2228025e-06,0.99998844,2.5612592e-06,c
test_3230.jpg,0.05299014,0.9392726,0.0043496955,0.003387546,b
test_3231.jpg,0.0014366716,0.0419857,0.000987409,0.9555901,d
test_3232.jpg,0.86660707,0.0003732845,0.1328985,0.000121187746,a
test_3233.jpg,6.9614966e-06,0.9998839,2.429801e-05,8.480839e-05,b
test_3234.jpg,0.9999858,1.0129949e-05,1.5534782e-06,2.5612524e-06,a
test_3235.jpg,0.9998789,5.143863e-05,2.4297888e-05,4.5394434e-05,a
test_3236.jpg,5.4221746e-06,7.889217e-06,3.4662804e-07,0.9999864,d
test_3237.jpg,0.99992836,2.1443871e-05,1.8924151e-05,3.1200652e-05,a
test_3238.jpg,0.99891806,7.477085e-05,0.00080386235,0.00020324823,a
test_3239.jpg,0.00043357757,0.00076095236,0.16431995,0.8344856,d
test_3240.jpg,4.5393703e-05,8.48066e-05,6.9613498e-06,0.9998628,d
test_3241.jpg,1.3006848e-05,1.0129743e-05,0.9999654,1.1478503e-05,c
test_3242.jpg,0.6200146,0.37605786,0.0028712375,0.0010562693,a
test_3243.jpg,0.9999962,1.2098625e-06,1.2098625e-06,1.3709539e-06,a
test_3244.jpg,5.4221637e-06,0.9999844,4.785043e-06,5.4221637e-06,b
test_3245.jpg,0.98896164,0.00969544,0.00079585006,0.0005469792,a
test_3246.jpg,0.0007926463,0.014049992,0.98498046,0.0001768633,c
test_3247.jpg,4.2225706e-06,0.9999336,1.6700591e-05,4.5396915e-05,b
test_3248.jpg,0.40571016,0.00047503773,0.5903048,0.0035100803,c
test_3249.jpg,0.00017951314,5.8279387e-05,2.4294462e-05,0.9997379,d
test_3250.jpg,9.4224225e-07,1.7603402e-06,7.33819e-07,0.99999654,d
test_3251.jpg,0.0058429833,0.00401582,0.0075025386,0.9826387,d
test_3252.jpg,0.99999833,5.043468e-07,6.4759416e-07,5.714998e-07,a
test_3253.jpg,3.1200936e-05,6.96187e-06,0.99993753,2.4299314e-05,c
test_3254.jpg,8.478455e-05,0.00010886553,0.00020338758,0.999603,d
test_3255.jpg,1.6699247e-05,4.539326e-05,8.480577e-05,0.999853,d
test_3256.jpg,1.0129259e-05,6.1437063e-06,0.9999176,6.605106e-05,c
test_3257.jpg,0.8431321,0.14651439,0.009366352,0.0009872061,a
test_3258.jpg,0.99992657,3.5354904e-05,1.6700475e-05,2.1443833e-05,a
test_3259.jpg,0.8815615,0.072362974,0.04389036,0.0021851726,a
test_3260.jpg,3.9278345e-07,0.9999926,3.2887356e-06,3.7266257e-06,b
test_3261.jpg,0.9999236,2.4298974e-05,3.53548e-05,1.6700424e-05,a
test_3262.jpg,0.9677106,0.001454894,0.020084193,0.010750295,a
test_3263.jpg,0.6015892,0.00357718,0.029951362,0.3648823,a
test_3264.jpg,1.14786835e-05,4.7850276e-06,2.5612405e-06,0.99998116,d
test_3265.jpg,0.14261366,0.004879971,0.820685,0.03182141,c
test_3266.jpg,4.2227953e-06,4.2227953e-06,0.99998677,4.7850544e-06,c
test_3267.jpg,0.047079373,0.0023439443,0.9456145,0.0049621295,c
test_3268.jpg,0.9999883,4.222802e-06,4.222802e-06,3.2887215e-06,a
test_3269.jpg,3.7265697e-06,1.994689e-06,1.6701326e-05,0.9999776,d
test_3270.jpg,2.2602185e-06,0.9999509,3.5355766e-05,1.1478336e-05,b
test_3271.jpg,0.99999547,7.3381824e-07,1.2098617e-06,2.5612771e-06,a
test_3272.jpg,8.938921e-06,1.8736997e-06,0.9999044,8.4810126e-05,c
test_3273.jpg,0.99986255,9.609845e-05,3.1198597e-05,1.01287005e-05,a
test_3274.jpg,4.003123e-05,0.9991498,0.0003798058,0.00043037633,b
test_3275.jpg,0.0040680515,0.9954194,0.000333926,0.0001787377,b
test_3276.jpg,0.28715456,0.11970383,0.47343782,0.11970383,c
test_3277.jpg,0.53640276,0.25337875,0.056536436,0.15368198,a
test_3278.jpg,1.3709506e-06,5.0434454e-07,0.9999938,4.222825e-06,c
test_3279.jpg,0.99684274,0.00020282596,0.0019243592,0.0010300352,a
test_3280.jpg,1.9947242e-06,1.7603379e-06,0.99999523,9.42241e-07,c
test_3281.jpg,0.99110305,0.0035744759,0.0031544638,0.002168029,a
test_3282.jpg,0.99959403,0.0001233597,0.00026115248,2.1436703e-05,a
test_3283.jpg,1.3709538e-06,2.8736747e-07,0.99999607,2.2603206e-06,c
test_3284.jpg,5.139975e-05,2.1426604e-05,0.00080402737,0.99912316,d
test_3285.jpg,3.5352605e-05,6.96134e-06,0.9998615,9.609834e-05,c
test_3286.jpg,6.0235685e-08,0.99999905,3.0590203e-07,5.715002e-07,b
test_3287.jpg,9.42241e-07,0.99999523,1.5534929e-06,2.2603188e-06,b
test_3288.jpg,3.535461e-05,2.7534199e-05,1.8923958e-05,0.9999182,d
test_3289.jpg,0.999863,4.0059807e-05,5.1437815e-05,4.5393714e-05,a
test_3290.jpg,1.3005663e-05,3.726185e-06,0.99987435,0.000108895096,c
test_3291.jpg,0.7515822,0.029142004,0.21533191,0.0039439416,a
test_3292.jpg,0.26226074,0.0004467925,0.024394045,0.7128985,d
test_3293.jpg,0.9999907,6.96224e-06,6.475892e-07,1.76033e-06,a
test_3294.jpg,4.535643e-05,0.00070949394,0.00020327342,0.99904186,d
test_3295.jpg,2.5612765e-06,1.3709525e-06,7.811452e-07,0.99999523,d
test_3296.jpg,1.30068065e-05,2.1444597e-05,3.2886355e-06,0.9999622,d
test_3297.jpg,0.0006252675,0.0014999388,0.00020299465,0.9976718,d
test_3298.jpg,0.00080007984,0.00037793096,0.99421775,0.004604142,c
test_3299.jpg,0.99816495,0.0001792307,0.00048719958,0.0011687309,a
test_3300.jpg,3.2886956e-06,1.1478675e-05,4.785024e-06,0.99998045,d
test_3301.jpg,6.475917e-07,0.9999945,1.9947229e-06,2.9023047e-06,b
test_3302.jpg,3.92786e-07,2.2380274e-07,2.2380274e-07,0.99999917,d
test_3303.jpg,0.9999769,1.4738857e-05,4.2227534e-06,4.2227534e-06,a
test_3304.jpg,1.7603121e-06,2.9022642e-06,0.99998057,1.4738912e-05,c
test_3305.jpg,9.422302e-07,3.7265927e-06,0.9999838,1.14787135e-05,c
test_3306.jpg,0.99999905,2.8736832e-07,3.9278598e-07,3.4663242e-07,a
test_3307.jpg,1.4737097e-05,0.00010889325,1.8922809e-05,0.9998574,d
test_3308.jpg,0.002799298,0.996619,0.00020278044,0.00037884375,b
test_3309.jpg,2.4299716e-05,1.0129628e-05,0.9999541,1.1478373e-05,c
test_3310.jpg,0.6267997,0.0022605925,0.07486055,0.29607922,a
test_3311.jpg,0.001027826,0.99470466,0.004065131,0.00020239093,b
test_3312.jpg,0.004603014,0.0007998838,0.99397415,0.0006229501,c
test_3313.jpg,0.9999902,4.22281e-06,1.7603292e-06,3.7266168e-06,a
test_3314.jpg,2.7533353e-05,1.8923376e-05,6.604907e-05,0.99988747,d
test_3315.jpg,3.2887062e-06,1.0129927e-05,0.99998367,2.9022733e-06,c
test_3316.jpg,0.0005463701,0.010974138,0.00061911845,0.9878604,d
test_3317.jpg,0.047143817,0.0049689217,0.9469089,0.0009784386,c
test_3318.jpg,0.9999324,5.8290723e-05,4.2225656e-06,5.093387e-06,a
test_3319.jpg,2.7535056e-05,1.012958e-05,1.3006638e-05,0.99994934,d
test_3320.jpg,0.08286955,0.018490696,0.89093167,0.007708069,c
test_3321.jpg,0.044704486,0.15603396,0.7924059,0.0068556545,c
test_3322.jpg,0.00020326542,8.473363e-05,0.9990025,0.000709466,c
test_3323.jpg,0.49696627,0.49696627,0.0055207973,0.00054663286,a
test_3324.jpg,7.4798256e-05,1.4728648e-05,0.9992842,0.00062627805,c
test_3325.jpg,1.0676879e-06,1.0676879e-06,0.99998486,1.30071e-05,c
test_3326.jpg,1.2751887e-07,0.99999857,9.422441e-07,3.9278578e-07,b
test_3327.jpg,0.048098702,0.8525699,0.0898602,0.009471197,b
test_3328.jpg,0.030159516,0.8813903,0.04972464,0.038725585,b
test_3329.jpg,0.03293821,0.0009946476,0.9625955,0.0034716616,c
test_3330.jpg,2.699576e-07,9.931186e-08,0.99999917,4.4508485e-07,c
test_3331.jpg,3.2887122e-06,8.939646e-06,2.2602965e-06,0.99998546,d
test_3332.jpg,0.99544287,0.00070693804,0.00026006796,0.0035901277,a
test_3333.jpg,4.4508474e-07,3.0590198e-07,0.9999989,3.466324e-07,c
test_3334.jpg,4.7850594e-06,4.7850594e-06,2.5612576e-06,0.99998784,d
test_3335.jpg,1.8553769e-07,0.99999213,2.9022979e-06,4.78508e-06,b
test_3336.jpg,0.0002287387,0.007574785,0.99210113,9.535248e-05,c
test_3337.jpg,0.03495327,0.9014567,0.044880886,0.018709136,b
test_3338.jpg,5.4221346e-06,2.561235e-06,0.999979,1.3007025e-05,c
test_3339.jpg,0.99951637,4.5377972e-05,0.00037994512,5.826647e-05,a
test_3340.jpg,0.0051598977,0.11743873,0.86776143,0.009639959,c
test_3341.jpg,0.9994831,0.00033528922,0.00012334602,5.8264533e-05,a
test_3342.jpg,0.0008017117,0.99624556,0.0010294182,0.0019232065,b
test_3343.jpg,1.892435e-05,0.99993885,3.535534e-05,6.961879e-06,b
test_3344.jpg,0.9999976,9.422432e-07,9.422432e-07,5.043465e-07,a
test_3345.jpg,0.003171564,0.00022974731,0.99647576,0.00012297487,c
test_3346.jpg,6.9621065e-06,1.8924968e-05,2.5612158e-06,0.9999715,d
test_3347.jpg,3.0590178e-07,8.3152725e-07,6.475941e-07,0.9999982,d
test_3348.jpg,6.1441624e-06,1.4593666e-06,5.714962e-07,0.9999919,d
test_3349.jpg,3.5349654e-05,6.9607595e-06,0.9997781,0.00017952036,c
test_3350.jpg,0.00062598544,0.99881727,0.0002956946,0.00026094954,b
test_3351.jpg,1.8924502e-05,2.9021667e-06,0.99994695,3.120123e-05,c
test_3352.jpg,0.9999864,3.288715e-06,3.288715e-06,6.96221e-06,a
test_3353.jpg,1.209858e-06,0.9999925,4.2228194e-06,1.9947188e-06,b
test_3354.jpg,0.99782556,0.0016999156,0.00017916976,0.00029540103,a
test_3355.jpg,0.0010292914,0.9961229,0.00037865518,0.002469142,b
test_3356.jpg,2.5612694e-06,3.7266252e-06,1.209858e-06,0.9999925,d
test_3357.jpg,0.9999825,4.222777e-06,5.422153e-06,7.889186e-06,a
test_3358.jpg,0.0010317557,0.00023021582,0.9985078,0.00023021582,c
test_3359.jpg,0.9999608,2.4299878e-05,4.78493e-06,1.01296955e-05,a
test_3360.jpg,0.00090655306,0.9941561,0.0046038567,0.00033350222,b
test_3361.jpg,8.93916e-06,1.4738182e-05,0.999931,4.53968e-05,c
test_3362.jpg,3.889107e-08,0.9999988,5.715001e-07,5.715001e-07,b
test_3363.jpg,0.99999535,1.1365598e-06,1.2878909e-06,2.260319e-06,a
test_3364.jpg,1.3574278e-07,0.99999595,1.3709536e-06,2.5612783e-06,b
test_3365.jpg,6.9620514e-06,0.99996364,7.889038e-06,2.1444628e-05,b
test_3366.jpg,0.016713424,0.035382316,0.91252196,0.035382316,c
test_3367.jpg,9.422428e-07,1.067701e-06,8.3152634e-07,0.99999714,d
test_3368.jpg,3.7265954e-06,4.7850435e-06,6.962197e-06,0.9999845,d
test_3369.jpg,2.2603e-06,2.9022829e-06,7.889222e-06,0.999987,d
test_3370.jpg,1.2098587e-06,4.222822e-06,1.5534896e-06,0.9999931,d
test_3371.jpg,0.999353,0.00010883831,0.00015835879,0.00037988301,a
test_3372.jpg,3.9278504e-07,0.99999666,1.2098631e-06,1.7603404e-06,b
test_3373.jpg,2.902294e-06,0.9999908,3.726619e-06,2.5612653e-06,b
test_3374.jpg,0.99999404,1.3709509e-06,1.994722e-06,2.5612735e-06,a
test_3375.jpg,1.0677022e-06,4.181182e-07,1.05716836e-07,0.99999833,d
test_3376.jpg,0.0018957421,0.00021269635,0.9820187,0.015872853,c
test_3377.jpg,6.143746e-06,0.99992406,5.8290236e-05,1.1478029e-05,b
test_3378.jpg,1.0129641e-05,0.9999554,2.4299747e-05,1.0129641e-05,b
test_3379.jpg,4.4508346e-07,0.99999607,2.5612787e-06,9.422418e-07,b
test_3380.jpg,7.88919e-06,3.7265897e-06,0.99998295,5.422156e-06,c
test_3381.jpg,0.9999883,3.7266097e-06,4.222802e-06,3.7266097e-06,a
test_3382.jpg,8.3152497e-07,3.9278456e-07,0.99999547,3.288745e-06,c
test_3383.jpg,0.99984884,2.753229e-05,2.753229e-05,9.609713e-05,a
test_3384.jpg,0.0075563453,0.11820112,0.00084779836,0.8733947,d
test_3385.jpg,6.962004e-06,2.1444483e-05,1.4738563e-05,0.99995685,d
test_3386.jpg,1.8922954e-05,6.961366e-06,0.9998652,0.00010889409,c
test_3387.jpg,0.00010886394,0.9995883,0.000123359,0.00017948628,b
test_3388.jpg,0.99953926,0.00037995382,3.534121e-05,4.5379013e-05,a
test_3389.jpg,3.466324e-07,3.0590198e-07,0.9999989,4.4508474e-07,c
test_3390.jpg,0.99995935,8.9394125e-06,2.7535332e-05,4.2226798e-06,a
test_3391.jpg,0.9968907,7.943161e-05,0.00022984298,0.002800061,a
test_3392.jpg,0.007249787,0.006397915,0.9495348,0.036817458,c
test_3393.jpg,5.043426e-07,0.99999,4.78507e-06,4.78507e-06,b
test_3394.jpg,4.784833e-06,3.2885644e-06,0.9999405,5.1441802e-05,c
test_3395.jpg,2.699572e-07,0.99999774,1.0677016e-06,9.4224333e-07,b
test_3396.jpg,1.994717e-06,4.785077e-06,1.7603314e-06,0.99999154,d
test_3397.jpg,0.00010888134,0.99974805,8.479686e-05,5.8279977e-05,b
test_3398.jpg,7.48309e-05,0.9997203,0.00010887831,9.608477e-05,b
test_3399.jpg,1.6700957e-05,8.939378e-06,0.9999554,1.8924662e-05,c
test_3400.jpg,0.0030352,0.041899644,0.9536315,0.001433727,c
test_3401.jpg,2.7533468e-05,0.99989164,3.535367e-05,4.5395012e-05,b
test_3402.jpg,9.9311734e-08,0.99999785,1.0677018e-06,9.4224345e-07,b
test_3403.jpg,0.99443805,0.0003335968,0.004064041,0.0011643672,a
test_3404.jpg,0.8928333,0.10663373,0.00043578772,9.723738e-05,a
test_3405.jpg,8.3152275e-07,5.4222096e-06,9.422387e-07,0.99999285,d
test_3406.jpg,1.1478529e-05,1.4738722e-05,0.9999677,6.144014e-06,c
test_3407.jpg,7.88908e-06,1.0129779e-05,1.3006895e-05,0.999969,d
test_3408.jpg,2.1024326e-07,7.7344176e-08,0.9999994,3.0590215e-07,c
test_3409.jpg,0.0013852853,0.0015697341,0.9214109,0.07563402,c
test_3410.jpg,7.480437e-05,0.0003798879,0.00017944633,0.99936587,d
test_3411.jpg,0.9990926,0.00070952997,0.00013971474,5.8241763e-05,a
test_3412.jpg,1.2098607e-06,4.4508283e-07,0.99999464,3.7266332e-06,c
test_3413.jpg,2.90217e-06,0.99994814,8.9393125e-06,4.0063216e-05,b
test_3414.jpg,0.00042853225,0.0046071564,9.561847e-05,0.99486864,d
test_3415.jpg,0.0008036663,0.00026091223,0.9986745,0.00026091223,c
test_3416.jpg,0.9997069,0.00020340875,1.4734879e-05,7.48299e-05,a
test_3417.jpg,0.9999925,1.5534886e-06,1.7603331e-06,4.2228194e-06,a
test_3418.jpg,1.2098621e-06,9.4224157e-07,0.9999958,1.9947254e-06,c
test_3419.jpg,0.00060354517,0.14768262,0.8498549,0.00185905,c
test_3420.jpg,5.714998e-07,5.714998e-07,0.99999833,4.4508448e-07,c
test_3421.jpg,6.962235e-06,2.561263e-06,5.043426e-07,0.99999,d
test_3422.jpg,0.9999882,3.288721e-06,6.9622224e-06,1.6536728e-06,a
test_3423.jpg,0.00012327584,0.0009108921,0.9989145,5.1389015e-05,c
test_3424.jpg,0.99999607,1.9947258e-06,7.811459e-07,1.0676998e-06,a
test_3425.jpg,3.7262382e-06,0.99988866,9.610095e-05,1.1477622e-05,b
test_3426.jpg,1.357431e-07,0.9999982,5.7149975e-07,1.0677021e-06,b
test_3427.jpg,0.0004868057,0.0019253538,0.9973579,0.0002299507,c
test_3428.jpg,1.3709497e-06,4.222822e-06,1.3709497e-06,0.9999931,d
test_3429.jpg,0.99996114,1.3006792e-05,6.962034e-06,1.8924771e-05,a
test_3430.jpg,0.9997888,7.4097698e-06,0.00015842785,4.539034e-05,a
test_3431.jpg,1.209853e-06,0.9999883,4.222802e-06,6.1441406e-06,b
test_3432.jpg,7.889192e-06,1.9947004e-06,0.9999832,6.962188e-06,c
test_3433.jpg,0.99990094,6.6049965e-05,2.7533724e-05,5.421711e-06,a
test_3434.jpg,7.3381557e-07,0.9999919,3.726623e-06,3.726623e-06,b
test_3435.jpg,3.0590132e-07,2.2603222e-06,0.9999968,5.7149896e-07,c
test_3436.jpg,4.2227966e-06,6.962215e-06,0.9999871,1.7603237e-06,c
test_3437.jpg,0.0051519712,0.9817919,0.0123589365,0.0006972435,b
test_3438.jpg,0.9972536,0.0019251524,0.00048675475,0.0003345413,a
test_3439.jpg,1.1477239e-05,0.9998553,0.000108893015,2.4297315e-05,b
test_3440.jpg,0.9999722,1.1478581e-05,1.3006937e-05,3.2886685e-06,a
test_3441.jpg,0.00048736608,0.0002031644,0.99850607,0.0008035308,c
test_3442.jpg,0.94553643,0.0043787025,0.047075484,0.0030094353,a
test_3443.jpg,4.4508374e-07,0.99999666,1.0677005e-06,1.7603404e-06,b
test_3444.jpg,1.0676999e-06,0.9999962,9.422419e-07,1.7603396e-06,b
test_3445.jpg,0.9987324,5.822077e-05,4.0014507e-05,0.0011693954,a
test_3446.jpg,8.31527e-07,7.3382006e-07,4.737898e-07,0.999998,d
test_3447.jpg,1.9947038e-06,0.999985,6.14412e-06,6.9622e-06,b
test_3448.jpg,6.9620746e-06,0.999967,1.3006868e-05,1.3006868e-05,b
test_3449.jpg,0.999948,1.1478303e-05,2.753502e-05,1.3006622e-05,a
test_3450.jpg,6.144118e-06,7.8892035e-06,1.3709381e-06,0.9999846,d
test_3451.jpg,7.3381926e-07,4.4508383e-07,0.9999969,1.9947277e-06,c
test_3452.jpg,0.99986863,1.4737262e-05,5.8287005e-05,5.8287005e-05,a
test_3453.jpg,0.9995844,4.538106e-05,0.00013978351,0.00023046404,a
test_3454.jpg,1.0029996e-06,0.9999846,5.422165e-06,8.939639e-06,b
test_3455.jpg,0.9998186,5.143553e-05,6.5392933e-06,0.00012338742,a
test_3456.jpg,0.00020327469,0.99904805,0.00048763063,0.00026100985,b
test_3457.jpg,3.2887176e-06,0.9999871,4.7850563e-06,4.7850563e-06,b
test_3458.jpg,0.99992096,3.120042e-05,1.670038e-05,3.120042e-05,a
test_3459.jpg,1.3709468e-06,3.2887306e-06,4.2228135e-06,0.99999106,d
test_3460.jpg,4.4069377e-08,0.9999993,2.6995764e-07,3.9278606e-07,b
test_3461.jpg,0.002788739,0.0040575913,0.00029393093,0.9928598,d
test_3462.jpg,5.0434636e-07,0.9999974,7.338196e-07,1.3709555e-06,b
test_3463.jpg,0.094925806,0.0032481828,0.900631,0.0011949396,c
test_3464.jpg,0.0010078384,0.022938298,0.0006926766,0.9753612,d
test_3465.jpg,1.5534864e-06,0.99999106,3.7266198e-06,3.7266198e-06,b
test_3466.jpg,0.0108609,0.97766703,0.009584711,0.0018873414,b
test_3467.jpg,0.9999471,1.4738418e-05,3.1201234e-05,6.9619364e-06,a
test_3468.jpg,0.586601,0.4031646,0.0018670225,0.008367414,a
test_3469.jpg,1.3709546e-06,3.689874e-07,0.99999666,1.553495e-06,c
test_3470.jpg,0.9994733,0.0002958888,0.00017946561,5.1417763e-05,a
test_3471.jpg,2.3823495e-07,0.99999154,5.4222023e-06,2.902296e-06,b
test_3472.jpg,1.0677018e-06,7.3381995e-07,3.927855e-07,0.99999785,d
test_3473.jpg,6.475912e-07,0.9999938,3.2887394e-06,2.2603153e-06,b
test_3474.jpg,1.067702e-06,5.043467e-07,0.9999981,3.466321e-07,c
test_3475.jpg,0.0034165292,0.8359971,0.1452745,0.015311821,b
test_3476.jpg,0.0005521616,8.467672e-05,0.9983316,0.0010315736,c
test_3477.jpg,8.4792424e-05,0.00012337226,0.9996958,9.608241e-05,c
test_3478.jpg,8.93963e-06,6.144112e-06,1.2098474e-06,0.99998367,d
test_3479.jpg,0.99898344,0.00017937768,0.00080391497,3.318153e-05,a
test_3480.jpg,0.9989718,0.0005525157,4.5353252e-05,0.00043029967,a
test_3481.jpg,8.3152617e-07,3.256303e-07,0.9999969,1.9947277e-06,c
test_3482.jpg,2.7534832e-05,2.4299403e-05,6.9618955e-06,0.99994123,d
test_3483.jpg,2.5612662e-06,2.5612662e-06,3.7266202e-06,0.9999912,d
test_3484.jpg,5.422147e-06,0.9999813,7.889177e-06,5.422147e-06,b
test_3485.jpg,1.6701099e-05,7.889041e-06,1.1478487e-05,0.999964,d
test_3486.jpg,1.8924895e-05,7.88907e-06,0.9999677,5.422073e-06,c
test_3487.jpg,0.0047278414,0.37557897,0.619225,0.0004681197,c
test_3488.jpg,0.9922335,0.005900036,0.0011617859,0.0007046588,a
test_3489.jpg,0.999979,5.4221346e-06,1.012988e-05,5.4221346e-06,a
test_3490.jpg,2.2602926e-06,0.99998367,6.144112e-06,7.889195e-06,b
test_3491.jpg,0.9999981,4.7378987e-07,5.714997e-07,8.3152713e-07,a
test_3492.jpg,4.5387904e-05,0.00017951263,4.0054678e-05,0.99973506,d
test_3493.jpg,9.606525e-05,0.9995172,0.00033530066,5.1420026e-05,b
test_3494.jpg,0.99996376,4.222698e-06,1.892482e-05,1.30068265e-05,a
test_3495.jpg,0.9997478,1.4735481e-05,0.00023050171,6.960549e-06,a
test_3496.jpg,3.466324e-07,2.6995755e-07,0.9999989,4.4508474e-07,c
test_3497.jpg,1.8924495e-05,2.4299534e-05,1.0129552e-05,0.9999466,d
test_3498.jpg,6.603245e-05,0.0001397907,0.0001584036,0.9996358,d
test_3499.jpg,0.00020325046,0.0001582916,0.99892896,0.0007094138,c
test_3500.jpg,2.8736704e-07,0.9999945,1.5534918e-06,3.7266327e-06,b
test_3501.jpg,0.999995,9.422408e-07,1.5534926e-06,2.561276e-06,a
test_3502.jpg,0.00013981442,4.0057497e-05,1.473633e-05,0.9998054,d
test_3503.jpg,8.93966e-06,0.999987,1.9947079e-06,1.9947079e-06,b
test_3504.jpg,0.0001087463,0.99850816,5.8207697e-05,0.0013248011,b
test_3505.jpg,0.010954838,0.0010189586,0.8702506,0.117775604,c
test_3506.jpg,3.9278592e-07,2.3823671e-07,0.9999989,5.043471e-07,c
test_3507.jpg,7.889218e-06,4.785053e-06,0.9999865,7.8113845e-07,c
test_3508.jpg,0.9997335,8.479563e-05,5.827913e-05,0.00012337691,a
test_3509.jpg,0.9996693,0.00020340108,9.607987e-05,3.119257e-05,a
test_3510.jpg,0.6190734,0.07393777,0.29242957,0.014559211,a
test_3511.jpg,0.00023023087,0.0011692088,2.7497159e-05,0.99857306,d
test_3512.jpg,0.05700462,0.09398472,0.3717168,0.47729382,d
test_3513.jpg,0.00010835401,0.9949062,0.00037819266,0.00460733,b
test_3514.jpg,0.0011692045,0.99856937,5.8211266e-05,0.00020317729,b
test_3515.jpg,8.315231e-07,1.209859e-06,0.9999932,4.7850854e-06,c
test_3516.jpg,2.8736716e-07,0.999995,1.3709523e-06,3.2887435e-06,b
test_3517.jpg,4.2227803e-06,4.785037e-06,0.9999832,7.889192e-06,c
test_3518.jpg,4.785049e-06,2.5612521e-06,0.9999857,6.962205e-06,c
test_3519.jpg,0.999966,2.5612017e-06,1.6701133e-05,1.4738697e-05,a
test_3520.jpg,0.99998677,4.7850544e-06,4.2227953e-06,4.2227953e-06,a
test_3521.jpg,0.041919783,0.0023649524,0.9540899,0.0016254066,c
test_3522.jpg,0.9995566,9.606904e-05,0.0002959135,5.1422052e-05,a
test_3523.jpg,4.222749e-06,0.9999758,3.2886803e-06,1.6701297e-05,b
test_3524.jpg,0.99954045,0.00026113846,0.00015838849,4.004688e-05,a
test_3525.jpg,7.889143e-06,8.939571e-06,0.999977,6.144071e-06,c
test_3526.jpg,1.7603346e-06,4.222823e-06,7.3381665e-07,0.9999933,d
test_3527.jpg,0.001026613,0.00022906832,0.0052135712,0.9935308,d
test_3528.jpg,0.0003790117,0.99706084,0.0021810618,0.0003790117,b
test_3529.jpg,6.605031e-05,1.4737816e-05,1.3006077e-05,0.9999062,d
test_3530.jpg,0.9999685,6.9620855e-06,1.3006888e-05,1.1478539e-05,a
test_3531.jpg,1.0677016e-06,7.338199e-07,0.99999774,5.0434653e-07,c
test_3532.jpg,5.043467e-07,0.9999981,9.422437e-07,5.043467e-07,b
test_3533.jpg,0.99906176,0.00062613864,0.00020327746,0.00010880659,a
test_3534.jpg,7.483899e-05,4.539214e-05,0.99982834,5.1436033e-05,c
test_3535.jpg,0.00103171,7.4736825e-05,0.9984635,0.0004300807,c
test_3536.jpg,0.9968561,0.0013226091,0.0016982639,0.00012302182,a
test_3537.jpg,0.8994759,0.009992274,0.08366428,0.0068675824,a
test_3538.jpg,0.0004488896,0.006596384,0.97899026,0.013964545,c
test_3539.jpg,1.1253503e-07,0.9999987,5.7150004e-07,6.475944e-07,b
test_3540.jpg,2.536016e-07,0.9999987,4.4508462e-07,6.475944e-07,b
test_3541.jpg,0.00012321389,0.9984125,0.0013246741,0.00013961963,b
test_3542.jpg,2.4257313e-05,0.99820924,6.593821e-05,0.0017005692,b
test_3543.jpg,1.4738731e-05,5.4220764e-06,0.9999683,1.1478536e-05,c
test_3544.jpg,0.00015843291,1.4736556e-05,0.99982077,6.143111e-06,c
test_3545.jpg,8.3152645e-07,1.3709554e-06,5.043463e-07,0.99999726,d
test_3546.jpg,6.604346e-05,0.99980253,9.609267e-05,3.535052e-05,b
test_3547.jpg,0.99453664,0.00037805218,0.0019199073,0.0031653922,a
test_3548.jpg,0.9951971,0.0014962183,0.00013916999,0.0031674944,a
test_3549.jpg,0.029169653,0.00039087355,0.0044733114,0.9659662,d
test_3550.jpg,0.99926895,0.00020331962,4.0036004e-05,0.00048773846,a
test_3551.jpg,0.98462164,0.0013063767,0.003133835,0.010938159,a
test_3552.jpg,1.9947245e-06,6.4759223e-07,0.99999535,1.9947245e-06,c
test_3553.jpg,0.9884531,0.0051869256,0.0004824593,0.0058775567,a
test_3554.jpg,2.5612137e-06,0.9999707,1.0129796e-05,1.6701211e-05,b
test_3555.jpg,1.0677e-06,1.5534946e-06,1.0677e-06,0.9999963,d
test_3556.jpg,0.9999703,2.4300109e-05,2.5612128e-06,2.9022344e-06,a
test_3557.jpg,3.1200663e-05,8.939139e-06,3.1200663e-05,0.9999287,d
test_3558.jpg,0.078231014,0.0197799,0.8410627,0.06092638,c
test_3559.jpg,8.233233e-08,0.999998,3.9278555e-07,1.5534971e-06,b
test_3560.jpg,0.052482553,0.93027544,0.00553162,0.01171044,b
test_3561.jpg,2.902287e-06,6.1441415e-06,0.99998844,2.5612592e-06,c
test_3562.jpg,6.144167e-06,7.3381614e-07,5.7149657e-07,0.9999926,d
test_3563.jpg,2.3823605e-07,0.9999962,1.3709539e-06,2.2603208e-06,b
test_3564.jpg,0.0003339706,4.5198005e-05,0.0040685944,0.99555224,d
test_3565.jpg,0.0035077923,0.02287368,0.0010049993,0.9726136,d
test_3566.jpg,2.143391e-05,0.99946386,0.00017946392,0.00033528276,b
test_3567.jpg,1.2098639e-06,1.0677011e-06,5.043463e-07,0.99999726,d
test_3568.jpg,0.9999558,2.7535234e-05,3.7264883e-06,1.3006723e-05,a
test_3569.jpg,5.043455e-07,0.9999957,1.7603388e-06,1.9947252e-06,b
test_3570.jpg,1.209858e-06,3.7266252e-06,2.5612694e-06,0.9999925,d
test_3571.jpg,7.88788e-06,0.99981695,3.535103e-05,0.00013981604,b
test_3572.jpg,0.0008032304,0.99813277,0.0008032304,0.0002607707,b
test_3573.jpg,1.2098634e-06,1.2098634e-06,7.3381926e-07,0.9999969,d
test_3574.jpg,0.0069208164,0.014651368,0.1784902,0.7999376,d
test_3575.jpg,0.000261069,0.99927455,0.000261069,0.00020332076,b
test_3576.jpg,0.041598402,0.010517724,0.0011085599,0.9467753,d
test_3577.jpg,0.0003241861,0.9663852,0.033067882,0.00022280963,b
test_3578.jpg,0.99823785,0.00037945912,0.0013244424,5.819194e-05,a
test_3579.jpg,0.99954396,5.826808e-05,0.00037995563,1.7770762e-05,a
test_3580.jpg,9.597412e-05,0.00062582985,0.998569,0.00070915814,c
test_3581.jpg,2.7535316e-05,2.2602362e-06,0.99995875,1.1478426e-05,c
test_3582.jpg,6.1436886e-06,7.4845455e-05,4.2224915e-06,0.99991477,d
test_3583.jpg,5.043465e-07,1.2098643e-06,7.338198e-07,0.9999976,d
test_3584.jpg,0.903294,0.00056611846,0.095206484,0.0009333716,a
test_3585.jpg,9.6035874e-05,0.99921155,0.0005526483,0.00013973138,b
test_3586.jpg,0.00043044332,0.00017943548,8.475932e-05,0.99930537,d
test_3587.jpg,2.9020723e-06,0.9999144,1.670027e-05,6.605085e-05,b
test_3588.jpg,0.00023049812,3.119453e-05,0.9997322,6.142567e-06,c
test_3589.jpg,0.0003775318,0.0059055905,0.0005493055,0.9931677,d
test_3590.jpg,0.99417627,0.0001785145,0.00042823402,0.0052169585,a
test_3591.jpg,1.8922572e-05,0.9998449,4.005908e-05,9.609675e-05,b
test_3592.jpg,8.3152685e-07,5.0434653e-07,0.99999774,9.4224333e-07,c
test_3593.jpg,2.1440796e-05,0.9997849,8.479998e-05,0.000108885346,b
test_3594.jpg,1.0676932e-06,0.99998987,3.7266154e-06,5.422193e-06,b
test_3595.jpg,3.6898683e-07,0.9999951,1.994724e-06,2.5612762e-06,b
test_3596.jpg,1.1365503e-06,0.999987,2.9022829e-06,8.93966e-06,b
test_3597.jpg,1.553487e-06,8.3152156e-07,0.9999914,6.1441597e-06,c
test_3598.jpg,1.3006665e-05,1.6700887e-05,0.99995136,1.8924586e-05,c
test_3599.jpg,0.000802451,0.00033451134,0.0016987888,0.9971642,d
test_3600.jpg,2.9022915e-06,0.99999,4.222809e-06,2.9022915e-06,b
test_3601.jpg,4.222753e-06,1.0129857e-05,0.99997675,8.939569e-06,c
test_3602.jpg,0.00020339787,8.478884e-05,5.827446e-05,0.99965346,d
test_3603.jpg,0.99995923,2.1444534e-05,1.1478432e-05,7.8890025e-06,a
test_3604.jpg,1.2098631e-06,1.3709546e-06,7.338191e-07,0.99999666,d
test_3605.jpg,9.422426e-07,1.0677007e-06,1.0677007e-06,0.9999969,d
test_3606.jpg,0.020317104,0.0003283954,0.00042166802,0.97893286,d
test_3607.jpg,1.760326e-06,0.99998844,2.902287e-06,6.9622242e-06,b
test_3608.jpg,5.7149896e-07,6.4759314e-07,0.9999968,1.9947274e-06,c
test_3609.jpg,4.222742e-06,0.99997413,1.14786035e-05,1.0129831e-05,b
test_3610.jpg,0.99999285,3.2887365e-06,3.2887365e-06,5.043441e-07,a
test_3611.jpg,2.2602655e-06,0.99997175,1.300693e-05,1.300693e-05,b
test_3612.jpg,3.2563045e-07,1.7603415e-06,5.714992e-07,0.99999726,d
test_3613.jpg,0.001318283,0.0046012606,0.0004849693,0.99359554,d
test_3614.jpg,0.008400588,0.97097594,0.012222784,0.008400588,b
test_3615.jpg,7.889162e-06,1.0129884e-05,2.561236e-06,0.9999794,d
test_3616.jpg,0.027311597,0.22867721,0.12240207,0.62160903,d
test_3617.jpg,4.1811566e-07,0.99999225,2.561269e-06,4.7850804e-06,b
test_3618.jpg,0.9990433,0.00043033046,0.00043033046,9.601971e-05,a
test_3619.jpg,0.99999464,1.994723e-06,2.2603174e-06,1.0676983e-06,a
test_3620.jpg,1.7603289e-06,7.889246e-06,2.8736576e-07,0.9999901,d
test_3621.jpg,0.00015060387,0.8928314,0.00038458046,0.10663351,b
test_3622.jpg,1.6373765e-07,7.265814e-08,0.99999964,2.1024331e-07,c
test_3623.jpg,0.033052184,0.9659264,0.00060537184,0.0004160656,b
test_3624.jpg,0.63336486,0.09712965,0.00547968,0.26402575,a
test_3625.jpg,4.538525e-05,1.66963e-05,0.9996767,0.00026117408,c
test_3626.jpg,3.9993498e-05,0.99820805,0.0017005672,5.1352676e-05,b
test_3627.jpg,0.00017946932,0.00020336539,0.99949384,0.00012334734,c
test_3628.jpg,2.7535007e-05,1.4738425e-05,0.99994755,1.0129562e-05,c
test_3629.jpg,1.9947188e-06,0.9999925,3.2887351e-06,2.2603124e-06,b
test_3630.jpg,0.9949765,0.00033377743,0.00062357826,0.0040662414,a
test_3631.jpg,0.0010306342,0.99742234,0.0011678614,0.00037914913,b
test_3632.jpg,0.9999857,4.785049e-06,4.785049e-06,4.785049e-06,a
test_3633.jpg,4.539731e-05,6.1438577e-06,6.1438577e-06,0.9999423,d
test_3634.jpg,0.99997866,8.939585e-06,6.1440815e-06,6.1440815e-06,a
test_3635.jpg,0.00015834231,4.0035204e-05,0.000552669,0.9992489,d
test_3636.jpg,7.338154e-07,2.2603106e-06,0.99999166,5.4222032e-06,c
test_3637.jpg,0.35290745,0.0039204475,0.061326113,0.581846,d
test_3638.jpg,6.083544e-07,0.9999918,2.2603108e-06,5.4222037e-06,b
test_3639.jpg,0.005212859,0.001163146,0.00022903702,0.99339503,d
test_3640.jpg,0.0035691431,0.0066680373,0.98962444,0.00013839071,c
test_3641.jpg,0.99973136,3.5348003e-05,0.00015841876,7.4831725e-05,a
test_3642.jpg,1.2098576e-06,1.2098576e-06,0.99999213,5.4222055e-06,c
test_3643.jpg,0.9020846,0.09507901,0.0025337702,0.00030261566,a
test_3644.jpg,0.99980265,0.00017952477,8.938012e-06,8.938012e-06,a
test_3645.jpg,0.9999672,1.8924886e-05,6.9620764e-06,6.9620764e-06,a
test_3646.jpg,1.459361e-06,1.0129972e-05,2.8736517e-07,0.9999881,d
test_3647.jpg,0.9719062,0.0016557588,0.0005375461,0.025900424,a
test_3648.jpg,8.939334e-06,1.3006655e-05,0.9999505,2.7535089e-05,c
test_3649.jpg,0.0053460808,0.0008198481,0.8990726,0.09476155,c
test_3650.jpg,7.4767566e-05,0.0010321343,1.8904198e-05,0.9988741,d
test_3651.jpg,0.98839915,0.00048243295,0.010980124,0.00013821936,a
test_3652.jpg,0.999912,3.535439e-05,2.1443522e-05,3.120014e-05,a
test_3653.jpg,8.3152645e-07,1.5534961e-06,3.689876e-07,0.99999726,d
test_3654.jpg,1.9947158e-06,9.4223697e-07,0.99999094,6.144157e-06,c
test_3655.jpg,3.1190615e-05,6.603053e-05,0.9996068,0.00029592833,c
test_3656.jpg,2.429957e-05,3.2885894e-06,0.99994814,2.429957e-05,c
test_3657.jpg,5.0434573e-07,0.9999962,1.5534944e-06,1.7603396e-06,b
test_3658.jpg,1.0677016e-06,8.3152685e-07,3.256306e-07,0.99999774,d
test_3659.jpg,0.99990773,1.1477841e-05,6.605041e-05,1.4737839e-05,a
test_3660.jpg,1.1478461e-05,1.01297055e-05,0.99996173,1.6701062e-05,c
test_3661.jpg,0.14263645,0.036064144,0.0004832598,0.82081616,d
test_3662.jpg,2.8736738e-07,0.9999957,1.5534936e-06,2.5612778e-06,b
test_3663.jpg,0.032978762,0.00017305667,0.96378076,0.003067503,c
test_3664.jpg,0.9998816,6.6048684e-05,6.9614807e-06,4.5394558e-05,a
test_3665.jpg,0.978295,0.0011454656,0.00025558792,0.020303866,a
test_3666.jpg,0.9999342,5.144148e-05,5.4218913e-06,8.939188e-06,a
test_3667.jpg,1.0782124e-05,7.484278e-05,3.5353223e-05,0.999879,d
test_3668.jpg,0.0004026297,0.72797155,0.2678058,0.0038200442,b
test_3669.jpg,6.596569e-05,0.99862516,0.00013964938,0.0011692698,b
test_3670.jpg,0.9999957,2.2603197e-06,1.2098619e-06,7.811456e-07,a
test_3671.jpg,1.0129847e-05,6.1440637e-06,7.8891335e-06,0.9999758,d
test_3672.jpg,0.9998882,2.1443011e-05,2.4298113e-05,6.604912e-05,a
test_3673.jpg,1.5534879e-06,5.422205e-06,1.0676955e-06,0.999992,d
test_3674.jpg,0.0066874647,0.99250776,0.0004275153,0.00037728096,b
test_3675.jpg,2.9022888e-06,0.99998903,3.2887237e-06,4.7850654e-06,b
test_3676.jpg,1.5534953e-06,3.0590132e-07,0.9999968,1.3709547e-06,c
test_3677.jpg,0.025861494,0.97044545,0.001287568,0.0024054938,b
test_3678.jpg,0.00020318475,0.0011692476,0.99860615,2.1415517e-05,c
test_3679.jpg,0.0010256385,0.0059021423,0.99258775,0.00048447738,c
test_3680.jpg,0.63712704,0.34102955,0.019239571,0.0026037928,a
test_3681.jpg,0.9342636,0.031968743,0.028212316,0.005555334,a
test_3682.jpg,1.5534581e-06,0.9999728,8.9395335e-06,1.6701246e-05,b
test_3683.jpg,1.6700771e-05,1.1478261e-05,0.9999443,2.7534918e-05,c
test_3684.jpg,1.760335e-06,1.760335e-06,0.99999356,2.902302e-06,c
test_3685.jpg,3.7264938e-06,0.9999572,1.4738567e-05,2.429979e-05,b
test_3686.jpg,1.6696085e-05,0.99966383,0.0002611707,5.8275065e-05,b
test_3687.jpg,1.3007071e-05,1.5534732e-06,2.9022701e-06,0.9999826,d
test_3688.jpg,0.99999726,1.0677011e-06,4.45084e-07,1.2098639e-06,a
test_3689.jpg,0.0003337729,0.004607593,9.562754e-05,0.99496305,d
test_3690.jpg,0.9999933,1.5534899e-06,3.2887378e-06,1.7603346e-06,a
test_3691.jpg,3.6898683e-07,0.9999951,2.2603183e-06,2.2603183e-06,b
test_3692.jpg,0.99885345,0.00091083645,0.0001396813,9.600146e-05,a
test_3693.jpg,0.005909572,0.00013055946,0.00012264925,0.9938372,d
test_3694.jpg,3.5352496e-05,1.0128659e-05,0.9998584,9.609805e-05,c
test_3695.jpg,0.00037994285,5.8266123e-05,5.1419676e-05,0.9995104,d
test_3696.jpg,0.9929293,0.0027889342,0.0027889342,0.0014928087,a
test_3697.jpg,0.42400452,0.094608195,0.42400452,0.05738277,a
test_3698.jpg,0.9984207,0.00020314704,5.1363615e-05,0.001324685,a
test_3699.jpg,0.0007939383,0.00020073904,0.012419284,0.986586,d
test_3700.jpg,0.0001794501,0.0002033436,0.9993868,0.00023041849,c
test_3701.jpg,0.002174068,0.9938637,0.0003777964,0.0035844322,b
test_3702.jpg,1.4738492e-05,1.9946383e-06,0.9999521,3.120139e-05,c
test_3703.jpg,8.3150036e-07,0.9999659,8.939472e-06,2.4300003e-05,b
test_3704.jpg,0.00013980565,9.608692e-05,2.143989e-05,0.9997427,d
test_3705.jpg,5.42217e-06,4.7850485e-06,0.9999856,4.2227903e-06,c
test_3706.jpg,0.590916,0.0024149388,0.40613022,0.00053884566,a
test_3707.jpg,8.48012e-05,8.48012e-05,0.9997992,3.119662e-05,c
test_3708.jpg,0.28926176,0.004126097,0.6939029,0.012709275,c
test_3709.jpg,0.15573072,0.7908659,0.044617604,0.008785727,b
test_3710.jpg,0.015883468,0.0013037944,0.00013741893,0.9826753,d
test_3711.jpg,0.017900225,0.000786481,0.9773192,0.0039940802,c
test_3712.jpg,8.764233e-08,0.9999982,6.475941e-07,1.0677021e-06,b
test_3713.jpg,0.9999167,1.8923929e-05,1.8923929e-05,4.5396147e-05,a
test_3714.jpg,2.7532877e-05,6.143415e-06,0.9998702,9.6099175e-05,c
test_3715.jpg,7.338091e-07,0.9999831,4.7850367e-06,1.1478705e-05,b
test_3716.jpg,1.2878895e-06,0.9999943,3.288741e-06,1.2098602e-06,b
test_3717.jpg,4.7850194e-06,0.9999795,7.889163e-06,7.889163e-06,b
test_3718.jpg,0.99845684,0.00048734207,0.00062575954,0.00043007784,a
test_3719.jpg,8.851461e-07,1.147875e-05,8.315178e-07,0.9999869,d
test_3720.jpg,6.4759337e-07,1.3709551e-06,8.3152634e-07,0.99999714,d
test_3721.jpg,1.0129584e-05,0.9999497,3.1201318e-05,8.939327e-06,b
test_3722.jpg,0.9999893,6.1441465e-06,1.9947124e-06,2.5612612e-06,a
test_3723.jpg,2.7493445e-05,0.001501091,3.316342e-05,0.9984382,d
test_3724.jpg,0.0014986027,0.0011671128,0.00055130513,0.996783,d
test_3725.jpg,4.5395405e-05,3.535398e-05,0.99990034,1.892362e-05,c
test_3726.jpg,0.9974946,0.00037917658,0.0008027168,0.0013234563,a
test_3727.jpg,2.429957e-05,2.1444297e-05,6.1438936e-06,0.99994814,d
test_3728.jpg,0.9996356,8.478732e-05,0.00013979067,0.00013979067,a
test_3729.jpg,0.99999416,2.2603163e-06,1.7603361e-06,1.7603361e-06,a
test_3730.jpg,3.0590166e-07,0.99999785,7.3381995e-07,1.0677018e-06,b
test_3731.jpg,0.0009108976,0.00012327658,4.5350924e-05,0.99892056,d
test_3732.jpg,4.222604e-06,0.99994147,8.939253e-06,4.5397275e-05,b
test_3733.jpg,0.99999297,1.9947197e-06,3.726627e-06,1.2878878e-06,a
test_3734.jpg,0.99917907,4.536266e-05,6.600228e-05,0.0007095914,a
test_3735.jpg,1.8738085e-06,3.1201715e-05,4.495033e-06,0.99996245,d
test_3736.jpg,0.99996173,1.6701062e-05,1.01297055e-05,1.1478461e-05,a
test_3737.jpg,1.3709517e-06,0.99999464,1.7603369e-06,2.2603174e-06,b
test_3738.jpg,0.99999106,4.2228135e-06,2.5612658e-06,2.2603092e-06,a
test_3739.jpg,0.014033303,0.0016760392,0.00048019327,0.98381054,d
test_3740.jpg,0.9969645,0.002180851,0.00062482426,0.00022986,a
test_3741.jpg,0.00029574972,7.477724e-05,0.99900347,0.0006261021,c
test_3742.jpg,2.1443626e-05,3.2884866e-06,0.9999169,5.828982e-05,c
test_3743.jpg,0.99990284,5.1439863e-05,2.1443326e-05,2.429847e-05,a
test_3744.jpg,5.7149606e-07,0.9999918,6.144162e-06,1.5534876e-06,b
test_3745.jpg,0.03638747,0.44329014,0.07703227,0.44329014,b
test_3746.jpg,2.1024279e-07,0.99999714,1.2098637e-06,1.3709551e-06,b
test_3747.jpg,0.9994593,0.00013976602,0.00013976602,0.00026111727,a
test_3748.jpg,0.0047242776,0.2922807,0.0018500538,0.701145,d
test_3749.jpg,0.9938684,0.0011637002,0.00090629066,0.004061713,a
test_3750.jpg,5.714977e-07,4.2228285e-06,0.99999464,5.714977e-07,c
test_3751.jpg,2.5612712e-06,2.9023008e-06,1.3709498e-06,0.9999932,d
test_3752.jpg,0.9999777,5.4221273e-06,1.1478644e-05,5.4221273e-06,a
test_3753.jpg,0.00012232599,0.9912178,0.008575714,8.407334e-05,b
test_3754.jpg,0.99989545,5.1439485e-05,1.3005938e-05,4.0061106e-05,a
test_3755.jpg,4.7850663e-06,5.42219e-06,6.083529e-07,0.9999893,d
test_3756.jpg,9.4224237e-07,1.7603404e-06,6.0835737e-07,0.99999666,d
test_3757.jpg,0.99955446,3.534175e-05,7.481849e-05,0.00033531318,a
test_3758.jpg,0.00070295244,0.00090260885,0.9898308,0.008563714,c
test_3759.jpg,0.00066132855,0.06745735,0.00066132855,0.93121994,d
test_3760.jpg,4.4508437e-07,7.338201e-07,7.338201e-07,0.9999981,d
test_3761.jpg,6.604719e-05,5.8286445e-05,0.999859,1.6699345e-05,c
test_3762.jpg,0.9996057,9.607375e-05,0.0001397865,0.00015839883,a
test_3763.jpg,2.7533228e-05,5.828784e-05,0.99988294,3.1199233e-05,c
test_3764.jpg,0.0014880977,0.98979574,0.0011589316,0.0075571835,b
test_3765.jpg,0.99994564,3.120119e-05,4.2226216e-06,1.8924477e-05,a
test_3766.jpg,0.9996675,3.119251e-05,0.00026117166,4.005197e-05,a
test_3767.jpg,0.999984,4.222784e-06,4.7850413e-06,6.9621933e-06,a
test_3768.jpg,1.892148e-05,0.9997873,0.0001584276,3.5349978e-05,b
test_3769.jpg,0.9999976,1.5534965e-06,2.5360134e-07,5.714994e-07,a
test_3770.jpg,0.00048769766,3.1177467e-05,0.9991854,0.0002958036,c
test_3771.jpg,0.9988512,0.00055244897,0.00010878366,0.00048753456,a
test_3772.jpg,2.561197e-06,0.99996424,2.4299961e-05,8.939456e-06,b
test_3773.jpg,8.939068e-06,4.2225165e-06,0.9999207,6.605127e-05,c
test_3774.jpg,6.1436344e-06,0.99990594,1.3006074e-05,7.484479e-05,b
test_3775.jpg,1.30063645e-05,0.99992824,3.120065e-05,2.7534476e-05,b
test_3776.jpg,0.992035,0.0009046188,0.0011615534,0.005898855,a
test_3777.jpg,2.5611978e-06,0.9999645,1.14784925e-05,2.1444646e-05,b
test_3778.jpg,1.7603073e-06,3.7265706e-06,0.9999778,1.670133e-05,c
test_3779.jpg,0.9793158,0.0024274813,0.0024274813,0.015829166,a
test_3780.jpg,1.6701379e-05,1.9946954e-06,5.3686495e-07,0.9999807,d
test_3781.jpg,5.8275185e-05,4.538476e-05,0.00023048282,0.99966586,d
test_3782.jpg,4.181173e-07,0.9999962,1.3709539e-06,1.9947263e-06,b
test_3783.jpg,1.8553862e-07,0.99999714,1.067701e-06,1.5534958e-06,b
test_3784.jpg,4.00601e-05,4.784497e-06,0.9998703,8.480723e-05,c
test_3785.jpg,0.99992895,4.5396704e-05,8.9391415e-06,1.6700515e-05,a
test_3786.jpg,0.21856153,0.015832543,0.7628547,0.0027512836,c
test_3787.jpg,0.004042155,0.9890827,0.001685021,0.0051902295,b
test_3788.jpg,0.98706144,0.01242527,0.0001380323,0.00037521066,a
test_3789.jpg,0.00033532924,3.1190477e-05,0.9996024,3.1190477e-05,c
test_3790.jpg,0.019895906,0.9586384,0.012067477,0.009398161,b
test_3791.jpg,0.0013193347,0.000706189,0.003586324,0.99438816,d
test_3792.jpg,0.00010886368,0.9995859,7.482084e-05,0.00023046439,b
test_3793.jpg,1.2098635e-06,1.370955e-06,2.8736775e-07,0.999997,d
test_3794.jpg,0.0019878405,0.90873075,0.074593164,0.014688265,b
test_3795.jpg,5.714986e-07,0.9999962,2.2603208e-06,9.422419e-07,b
test_3796.jpg,0.99997413,5.422108e-06,1.6701268e-05,3.7265568e-06,a
test_3797.jpg,0.99999726,1.0677011e-06,1.6373725e-07,1.5534961e-06,a
test_3798.jpg,3.4663228e-07,3.9278578e-07,0.99999857,7.338205e-07,c
test_3799.jpg,1.7603111e-06,1.5534691e-06,0.99998,1.6701366e-05,c
test_3800.jpg,6.962204e-06,4.2227903e-06,3.2887124e-06,0.9999856,d
test_3801.jpg,0.90400004,0.00056656095,0.0952809,0.00015248782,a
test_3802.jpg,9.5361735e-05,0.4686809,0.531085,0.0001387505,c
test_3803.jpg,0.0015362012,0.9017276,0.012862453,0.083873734,b
test_3804.jpg,0.0186762,0.17719486,0.79413223,0.00999665,c
test_3805.jpg,7.8876965e-06,4.0057028e-05,0.9997937,0.00015842862,c
test_3806.jpg,0.9999795,4.222765e-06,6.1440865e-06,1.0129886e-05,a
test_3807.jpg,1.0677011e-06,1.0677011e-06,6.475935e-07,0.99999726,d
test_3808.jpg,5.1377705e-05,0.9986946,8.4707506e-05,0.001169351,b
test_3809.jpg,1.7603064e-06,0.99997735,7.889146e-06,1.3007003e-05,b
test_3810.jpg,2.4295721e-05,2.7530661e-05,0.9997898,0.00015842801,c
test_3811.jpg,1.3709503e-06,3.726629e-06,1.3709503e-06,0.99999356,d
test_3812.jpg,4.222778e-06,8.939622e-06,0.9999827,4.222778e-06,c
test_3813.jpg,0.00010843435,0.99564385,0.000178778,0.004068969,b
test_3814.jpg,0.00012334884,0.0002958985,7.481486e-05,0.999506,d
test_3815.jpg,5.368705e-07,0.99999106,4.2228135e-06,4.2228135e-06,b
test_3816.jpg,4.2227666e-06,8.939597e-06,0.99998,6.962165e-06,c
test_3817.jpg,8.315246e-07,2.902306e-06,1.3709523e-06,0.999995,d
test_3818.jpg,1.7603322e-06,1.3709482e-06,4.7850795e-06,0.999992,d
test_3819.jpg,0.0010187138,0.9858861,0.008529586,0.004565559,b
test_3820.jpg,1.7603367e-06,1.3709516e-06,2.260317e-06,0.9999945,d
test_3821.jpg,0.00037975798,0.00026100356,0.99902403,0.00033513524,c
test_3822.jpg,0.0011678014,0.00090948475,0.00055163034,0.9973711,d
test_3823.jpg,0.9794415,0.001146808,0.017939098,0.0014725308,a
test_3824.jpg,0.000108890716,5.1436335e-05,5.421349e-06,0.9998342,d
test_3825.jpg,0.9994541,3.1185853e-05,0.00017946218,0.0003352795,a
test_3826.jpg,4.7850704e-06,4.7850704e-06,3.2562812e-07,0.9999901,d
test_3827.jpg,6.962049e-06,2.429994e-05,5.422049e-06,0.9999633,d
test_3828.jpg,1.8923798e-05,0.99990976,4.0061677e-05,3.120007e-05,b
test_3829.jpg,0.0002611267,0.00020336571,4.0045077e-05,0.9994954,d
test_3830.jpg,2.9021992e-06,1.147842e-05,2.75353e-05,0.99995816,d
test_3831.jpg,0.99999344,5.422213e-06,5.3687177e-07,5.71497e-07,a
test_3832.jpg,1.3006389e-05,4.539676e-05,0.99993014,1.1478098e-05,c
test_3833.jpg,6.0835674e-07,0.9999956,9.4224134e-07,2.9023079e-06,b
test_3834.jpg,5.4218353e-06,4.7847534e-06,0.9999238,6.605147e-05,c
test_3835.jpg,5.714992e-07,1.5534961e-06,5.714992e-07,0.99999726,d
test_3836.jpg,0.003657578,0.29055738,0.697011,0.008774074,c
test_3837.jpg,0.0005527413,2.7519369e-05,0.99937963,4.004044e-05,c
test_3838.jpg,2.1443453e-05,2.4298615e-05,4.539579e-05,0.9999088,d
test_3839.jpg,0.99989486,6.6049564e-05,2.4298275e-05,1.4737649e-05,a
test_3840.jpg,0.0001584146,2.7528333e-05,0.99970514,0.000108876666,c
test_3841.jpg,3.7266088e-06,1.2098527e-06,0.9999881,6.9622215e-06,c
test_3842.jpg,0.99998367,6.144112e-06,6.962191e-06,3.2887062e-06,a
test_3843.jpg,0.00043041626,0.00026106063,6.600647e-05,0.99924254,d
test_3844.jpg,0.99999034,3.7266173e-06,3.288728e-06,2.561264e-06,a
test_3845.jpg,0.0016694791,0.01794859,0.97995985,0.00042211037,c
test_3846.jpg,7.338183e-07,1.3709531e-06,2.2603194e-06,0.9999956,d
test_3847.jpg,0.07310808,0.03453381,0.0017193372,0.8906387,d
test_3848.jpg,0.0031215744,0.0002562344,0.9807695,0.015852662,c
test_3849.jpg,0.0007921585,0.014041344,0.9843742,0.0007921585,c
test_3850.jpg,0.9977858,0.0015001103,0.00033471987,0.0003792873,a
test_3851.jpg,0.00013980853,4.5389184e-05,5.1432686e-05,0.9997633,d
test_3852.jpg,1.3574329e-07,5.3157837e-08,0.99999964,2.3823688e-07,c
test_3853.jpg,5.7150004e-07,4.4508462e-07,2.1024312e-07,0.9999987,d
test_3854.jpg,1.0676989e-06,2.5612765e-06,1.2098614e-06,0.99999523,d
test_3855.jpg,4.2220736e-06,0.9998159,4.0057916e-05,0.00013981588,b
test_3856.jpg,1.5381679e-07,0.9999963,1.5534946e-06,1.9947265e-06,b
test_3857.jpg,1.1477931e-05,5.1440522e-05,2.1443599e-05,0.9999156,d
test_3858.jpg,9.4224214e-07,1.7603401e-06,0.9999964,8.3152577e-07,c
test_3859.jpg,6.604991e-05,1.8923618e-05,1.4737728e-05,0.9999002,d
test_3860.jpg,0.003592692,0.0001788696,7.456395e-05,0.9961539,d
test_3861.jpg,0.00015839766,0.00020338662,0.9995982,4.0049195e-05,c
test_3862.jpg,0.9999157,3.1200256e-05,1.3006202e-05,4.0061917e-05,a
test_3863.jpg,0.99963427,1.1474702e-05,0.00033533995,1.8918585e-05,a
test_3864.jpg,0.77594966,0.22231331,0.00070757454,0.0010295148,a
test_3865.jpg,0.19381268,0.091550626,0.038163982,0.6764727,d
test_3866.jpg,0.0024719955,9.584966e-05,0.00015802938,0.9972741,d
test_3867.jpg,2.902184e-06,0.9999529,1.6700915e-05,2.7535154e-05,b
test_3868.jpg,1.4738776e-05,6.9621055e-06,6.9621055e-06,0.9999714,d
test_3869.jpg,0.00012331638,0.00043041646,0.999243,0.00020331434,c
test_3870.jpg,0.0005466497,0.00010764172,0.010979754,0.9883659,d
test_3871.jpg,1.7603213e-06,6.962206e-06,0.9999858,5.4221714e-06,c
test_3872.jpg,1.3002071e-05,0.00015839766,0.9995982,0.00023046722,c
test_3873.jpg,1.3709525e-06,1.9947242e-06,1.3709525e-06,0.99999523,d
test_3874.jpg,0.0027959154,0.99541473,0.0011655109,0.00062385295,b
test_3875.jpg,2.2603015e-06,7.889226e-06,0.9999876,2.2603015e-06,c
test_3876.jpg,4.539226e-05,2.7531796e-05,0.99983096,9.6095406e-05,c
test_3877.jpg,0.00023046936,6.6030574e-05,9.607393e-05,0.9996075,d
test_3878.jpg,4.2228185e-06,1.7603327e-06,0.99999225,1.7603327e-06,c
test_3879.jpg,9.6098534e-05,2.1442482e-05,1.8922923e-05,0.9998635,d
test_3880.jpg,1.855386e-07,0.999997,1.5534956e-06,1.2098635e-06,b
test_3881.jpg,0.99996626,3.288649e-06,6.144005e-06,2.430001e-05,a
test_3882.jpg,1.7603123e-06,2.9022644e-06,1.4738914e-05,0.9999807,d
test_3883.jpg,2.4299243e-05,1.670061e-05,0.9999347,2.4299243e-05,c
test_3884.jpg,0.00080226955,0.9969388,0.0019245447,0.0003344357,b
test_3885.jpg,0.0003353087,9.606755e-05,0.99954116,2.7523816e-05,c
test_3886.jpg,1.2098468e-06,0.9999832,5.4221573e-06,1.0129923e-05,b
test_3887.jpg,0.9999943,1.8738682e-06,1.9947224e-06,1.8738682e-06,a
test_3888.jpg,0.9950997,0.0010282341,0.0021767719,0.0016952717,a
test_3889.jpg,3.7266109e-06,2.9022876e-06,0.9999887,4.7850635e-06,c
test_3890.jpg,0.06672122,0.55864996,0.07560505,0.29902378,b
test_3891.jpg,7.338203e-07,4.4508448e-07,4.7378998e-07,0.99999833,d
test_3892.jpg,4.5394634e-05,0.9998833,1.300578e-05,5.828786e-05,b
test_3893.jpg,0.00015842353,4.005574e-05,4.005574e-05,0.9997615,d
test_3894.jpg,0.9999155,3.120025e-05,4.5396093e-05,7.888658e-06,a
test_3895.jpg,6.0835373e-07,6.96224e-06,1.76033e-06,0.9999907,d
test_3896.jpg,4.222812e-06,8.8514946e-07,0.9999907,4.222812e-06,c
test_3897.jpg,0.9649226,0.033017837,0.0016438614,0.00041563323,a
test_3898.jpg,3.689834e-07,0.9999858,3.7266002e-06,1.0129949e-05,b
test_3899.jpg,2.4298419e-05,1.6700042e-05,0.9999007,5.8288875e-05,c
test_3900.jpg,1.209841e-06,0.9999784,1.1478653e-05,8.9395835e-06,b
test_3901.jpg,0.9999876,6.9622183e-06,2.561257e-06,2.9022847e-06,a
test_3902.jpg,0.99999285,2.9023e-06,2.5612703e-06,1.7603337e-06,a
test_3903.jpg,8.480907e-05,1.0128999e-05,1.3005893e-05,0.999892,d
test_3904.jpg,2.9022024e-06,3.535606e-05,0.99995923,2.5611844e-06,c
test_3905.jpg,2.1444765e-05,7.889087e-06,7.337995e-07,0.99996996,d
test_3906.jpg,5.8287966e-05,5.143895e-05,5.093146e-06,0.9998851,d
test_3907.jpg,3.9278518e-07,0.999997,1.9947279e-06,6.475933e-07,b
test_3908.jpg,4.0055747e-05,0.99976176,0.0001233804,7.4834e-05,b
test_3909.jpg,1.1478137e-05,0.9999335,2.753462e-05,2.753462e-05,b
test_3910.jpg,0.99918157,0.00023037117,0.0005526317,3.5328565e-05,a
test_3911.jpg,1.3709536e-06,1.0676997e-06,0.99999595,1.553494e-06,c
test_3912.jpg,4.0060895e-05,1.1477639e-05,0.9998902,5.8288264e-05,c
test_3913.jpg,6.0835526e-07,4.2228226e-06,0.9999932,1.9947202e-06,c
test_3914.jpg,1.994685e-06,3.7265618e-06,1.8925042e-05,0.99997544,d
test_3915.jpg,0.0012230396,0.81349456,0.18151519,0.0037672275,b
test_3916.jpg,0.020249385,0.0024184443,0.97567004,0.001662171,c
test_3917.jpg,1.7603279e-06,1.7603279e-06,0.9999895,6.9622315e-06,c
test_3918.jpg,0.9950623,0.0005503534,0.0024665128,0.0019209222,a
test_3919.jpg,0.0021815102,0.00048676072,0.9972658,6.5875895e-05,c
test_3920.jpg,0.004320423,0.0018010203,0.26729515,0.7265835,d
test_3921.jpg,1.3842967e-05,0.00012338102,9.6089236e-05,0.99976677,d
test_3922.jpg,1.8924698e-05,2.1444494e-05,2.260233e-06,0.9999573,d
test_3923.jpg,0.0001398133,5.828285e-05,4.494291e-06,0.9997974,d
test_3924.jpg,0.99997306,1.1478591e-05,1.1478591e-05,3.966895e-06,a
test_3925.jpg,0.9999678,5.4220736e-06,5.4220736e-06,2.144472e-05,a
test_3926.jpg,1.3709532e-06,6.083568e-07,0.9999957,2.2603197e-06,c
test_3927.jpg,0.0035091802,0.000609804,0.022882728,0.9729984,d
test_3928.jpg,0.00013959272,0.00013959272,0.99822,0.0015007631,c
test_3929.jpg,0.99977905,4.005644e-05,9.6090414e-05,8.479949e-05,a
test_3930.jpg,0.01402616,0.0024373813,0.9833098,0.00022671177,c
test_3931.jpg,2.9022567e-06,2.5612323e-06,1.6701333e-05,0.99997795,d
test_3932.jpg,0.00010866501,0.9977617,0.00042977842,0.0016998068,b
test_3933.jpg,0.9994011,0.00015836641,0.00017945266,0.00026110208,a
test_3934.jpg,0.003666142,0.09455104,0.0047074193,0.89707536,d
test_3935.jpg,4.7850326e-06,2.902269e-06,0.99998224,1.0129913e-05,c
test_3936.jpg,0.024902532,0.14330417,0.007134695,0.82465863,d
test_3937.jpg,0.99928015,0.000108830376,0.0004877439,0.00012332096,a
test_3938.jpg,3.1200267e-05,3.1200267e-05,0.9999161,2.144361e-05,c
test_3939.jpg,5.0434693e-07,2.5360157e-07,0.99999857,6.4759433e-07,c
test_3940.jpg,2.9022985e-06,0.9999924,2.9022985e-06,1.7603329e-06,b
test_3941.jpg,0.0024615503,0.0013175729,0.99306023,0.003160693,c
test_3942.jpg,0.9984182,4.5328117e-05,3.5301575e-05,0.001501061,a
test_3943.jpg,9.422374e-07,2.26031e-06,5.422202e-06,0.9999914,d
test_3944.jpg,0.94553643,0.047075484,0.0030094353,0.0043787025,a
test_3945.jpg,2.260314e-06,2.5612712e-06,1.9947202e-06,0.9999932,d
test_3946.jpg,1.7603373e-06,1.3709521e-06,0.9999949,1.9947236e-06,c
test_3947.jpg,0.79721445,0.00093344215,0.00028468377,0.20156738,a
test_3948.jpg,9.608716e-05,1.8920684e-05,0.9997452,0.000139806,c
test_3949.jpg,8.480891e-05,0.9998901,1.8923427e-05,6.143537e-06,b
test_3950.jpg,0.017873606,0.97586584,0.0035195218,0.0027410064,b
test_3951.jpg,0.0010290429,0.9958824,0.0019225053,0.0011660584,b
test_3952.jpg,0.00023044017,0.9994809,5.8264402e-05,0.00023044017,b
test_3953.jpg,7.3380465e-07,0.999977,3.2886842e-06,1.8925071e-05,b
test_3954.jpg,7.3381915e-07,0.9999968,7.3381915e-07,1.7603406e-06,b
test_3955.jpg,0.010981602,0.9885322,0.00025826247,0.00022791584,b
test_3956.jpg,7.889206e-06,4.222788e-06,2.902277e-06,0.999985,d
test_3957.jpg,0.9929062,0.00048463285,0.00070513657,0.005904036,a
test_3958.jpg,0.00013981144,6.604224e-05,1.0127906e-05,0.99978405,d
test_3959.jpg,6.1439628e-06,1.0129681e-05,0.99995935,2.4299843e-05,c
test_3960.jpg,5.0434676e-07,8.3152725e-07,4.4508442e-07,0.9999982,d
test_3961.jpg,4.7849853e-06,6.1440423e-06,0.99997234,1.6701239e-05,c
test_3962.jpg,0.00012338177,8.4798965e-05,1.8921208e-05,0.99977285,d
test_3963.jpg,6.604596e-05,0.9998404,6.604596e-05,2.7532056e-05,b
test_3964.jpg,9.609883e-05,0.9998666,1.3005562e-05,2.429759e-05,b
test_3965.jpg,0.9913492,0.0052021234,0.00029348372,0.0031552475,a
test_3966.jpg,8.764219e-08,0.99999666,2.260322e-06,9.4224237e-07,b
test_3967.jpg,0.021475952,0.4887904,0.058377687,0.431356,b
test_3968.jpg,1.4734157e-05,0.0002611692,6.6033914e-05,0.999658,d
test_3969.jpg,0.00010886169,2.7524547e-05,0.9995677,0.00029591678,c
test_3970.jpg,4.2228025e-06,4.785062e-06,2.5612592e-06,0.99998844,d
test_3971.jpg,0.99997795,6.962151e-06,6.144077e-06,8.939579e-06,a
test_3972.jpg,1.7603347e-06,1.067697e-06,3.7266288e-06,0.99999344,d
test_3973.jpg,0.9999851,6.962201e-06,6.144121e-06,1.7603201e-06,a
test_3974.jpg,0.9999757,1.473884e-05,3.5007818e-06,6.144063e-06,a
test_3975.jpg,8.31527e-07,1.7429753e-07,0.999998,1.0677019e-06,c
test_3976.jpg,0.0016919662,0.000549301,0.004599241,0.9931594,d
test_3977.jpg,5.043364e-07,0.9999777,1.8925084e-05,2.9022558e-06,b
test_3978.jpg,0.99892586,0.00012327725,0.0009109025,4.002226e-05,a
test_3979.jpg,0.0021820671,0.00013949489,0.0001580684,0.9975204,d
test_3980.jpg,0.0001087477,4.5332785e-05,0.99852103,0.0013248181,c
test_3981.jpg,1.9947076e-06,0.9999869,4.2227957e-06,6.9622133e-06,b
test_3982.jpg,0.9999026,5.1439853e-05,3.119985e-05,1.4737763e-05,a
test_3983.jpg,0.0011525928,0.0004240152,0.0140414545,0.984382,d
test_3984.jpg,1.0129866e-05,3.2886862e-06,8.939576e-06,0.9999776,d
test_3985.jpg,6.6049804e-05,7.888524e-06,0.99989855,2.7533657e-05,c
test_3986.jpg,0.0011692389,0.00012323688,0.00010875617,0.99859875,d
test_3987.jpg,4.785027e-06,1.2098442e-06,0.99998105,1.3007051e-05,c
test_3988.jpg,0.97514015,0.0018824633,0.020238388,0.0027389682,a
test_3989.jpg,0.9999727,2.1444823e-05,1.6536472e-06,4.222736e-06,a
test_3990.jpg,0.022748627,0.009483038,0.0004721327,0.9672962,d
test_3991.jpg,6.1437795e-06,0.99992955,4.5396733e-05,1.8924173e-05,b
test_3992.jpg,1.370932e-06,0.9999802,6.962167e-06,1.1478673e-05,b
test_3993.jpg,0.9868282,0.0008998708,0.010962672,0.0013093043,a
test_3994.jpg,1.209856e-06,0.9999908,1.0676943e-06,6.9622406e-06,b
test_3995.jpg,0.00015789735,0.0031714533,0.0002297393,0.99644095,d
test_3996.jpg,0.00037945286,7.47187e-05,0.99822134,0.0013244206,c
test_3997.jpg,1.1476848e-05,8.938178e-06,0.99982125,0.00015843299,c
test_3998.jpg,0.0031359966,0.0006175143,0.98530084,0.010945705,c
test_3999.jpg,4.2225583e-06,0.9999306,5.8290618e-05,6.961822e-06,b
test_4000.jpg,7.3381767e-07,8.3152435e-07,0.99999475,3.7266336e-06,c
test_4001.jpg,0.0013239457,0.00026070036,0.9978635,0.0005519027,c
test_4002.jpg,0.00012310395,0.0019256697,0.9975216,0.00042967498,c
test_4003.jpg,0.00080237474,0.00042948025,0.0016986275,0.99706954,d
test_4004.jpg,4.737875e-07,0.9999931,2.2603137e-06,4.222822e-06,b
test_4005.jpg,0.0026469196,0.21027087,0.053164802,0.7339174,d
test_4006.jpg,6.144138e-06,4.7850594e-06,1.2098525e-06,0.99998784,d
test_4007.jpg,0.9805515,0.0031208806,0.00047860254,0.015849138,a
test_4008.jpg,2.260305e-06,4.2228057e-06,0.9999893,4.2228057e-06,c
test_4009.jpg,2.7531383e-05,0.999816,0.00013981591,1.6698626e-05,b
test_4010.jpg,0.020308439,0.0010110977,0.00016505715,0.9785154,d
test_4011.jpg,1.8924524e-05,1.1478305e-05,2.1444297e-05,0.99994814,d
test_4012.jpg,0.99999285,1.7603337e-06,2.5612703e-06,2.9023e-06,a
test_4013.jpg,3.28873e-06,5.422199e-06,3.927828e-07,0.99999094,d
test_4014.jpg,0.9999876,3.726607e-06,2.561257e-06,6.144136e-06,a
test_4015.jpg,0.7322743,0.0049340255,0.23773466,0.02505705,a
test_4016.jpg,0.99985766,4.539347e-05,5.1437542e-05,4.539347e-05,a
test_4017.jpg,4.2227894e-06,2.5612512e-06,0.99998534,7.889209e-06,c
test_4018.jpg,8.4789455e-05,0.99966073,0.00015840757,9.607904e-05,b
test_4019.jpg,0.020298408,0.9780321,0.0012976339,0.00037177835,b
test_4020.jpg,0.99863786,0.0004301558,0.00037961119,0.000552331,a
test_4021.jpg,0.00020284017,0.0028001221,8.4556355e-05,0.9969125,d
test_4022.jpg,0.0002610163,4.0028146e-05,0.0006261456,0.9990728,d
test_4023.jpg,1.3005395e-05,0.00010889285,2.4297276e-05,0.99985373,d
test_4024.jpg,1.5534882e-06,4.7850804e-06,0.99999225,1.3709486e-06,c
test_4025.jpg,0.99353844,0.00029413184,0.0002595704,0.0059077954,a
test_4026.jpg,1.6701102e-05,1.3006831e-05,6.143992e-06,0.9999641,d
test_4027.jpg,3.7266211e-06,1.2098568e-06,0.9999914,3.7266211e-06,c
test_4028.jpg,2.902302e-06,1.0676972e-06,0.99999356,2.5612721e-06,c
test_4029.jpg,5.368735e-07,2.56128e-06,2.8736764e-07,0.99999666,d
test_4030.jpg,2.1444184e-05,1.8924426e-05,0.9999429,1.6700747e-05,c
test_4031.jpg,1.01299165e-05,4.7850344e-06,2.5612442e-06,0.9999826,d
test_4032.jpg,0.00010889522,1.0128832e-05,0.99987555,5.4215734e-06,c
test_4033.jpg,6.602144e-05,0.9994692,0.0003799272,8.477321e-05,b
test_4034.jpg,0.0011664338,0.00070747786,0.0019231242,0.996203,d
test_4035.jpg,0.000108874236,8.479133e-05,0.00012337067,0.9996829,d
test_4036.jpg,0.00017943972,0.9993291,0.00023040517,0.00026108325,b
test_4037.jpg,0.015366218,0.03253028,0.0014292808,0.95067424,d
test_4038.jpg,0.9998871,2.1442987e-05,4.006077e-05,5.1439056e-05,a
test_4039.jpg,1.5534926e-06,1.9947238e-06,1.3709523e-06,0.999995,d
test_4040.jpg,2.5612576e-06,4.7850594e-06,4.7850594e-06,0.99998784,d
test_4041.jpg,3.12013e-05,2.9021733e-06,0.9999492,1.6700853e-05,c
test_4042.jpg,0.9999995,1.3574326e-07,2.2380281e-07,1.3574326e-07,a
test_4043.jpg,3.9278535e-07,1.35743e-07,0.9999975,1.9947288e-06,c
test_4044.jpg,7.7344176e-08,1.1253511e-07,0.9999994,3.0590215e-07,c
test_4045.jpg,6.4759445e-07,2.6995752e-07,3.4663233e-07,0.9999988,d
test_4046.jpg,0.0024695797,0.99629956,0.0008017551,0.00042914858,b
test_4047.jpg,6.0835305e-07,0.9999895,3.726614e-06,6.144148e-06,b
test_4048.jpg,3.9278484e-07,0.9999962,1.2098625e-06,2.2603208e-06,b
test_4049.jpg,0.10575735,0.0041006575,0.8854954,0.0046466533,c
test_4050.jpg,0.004589371,0.99102813,0.00033245288,0.0040501053,b
test_4051.jpg,6.962004e-06,1.4738563e-05,0.99995685,2.1444483e-05,c
test_4052.jpg,0.01242559,0.9870869,0.00033113075,0.00015641509,b
test_4053.jpg,0.9991887,4.53631e-05,0.00013972819,0.0006262182,a
test_4054.jpg,7.4836134e-05,1.1476493e-05,0.99979025,0.00012338391,c
test_4055.jpg,0.9986212,0.0010318729,0.00029563656,5.1373932e-05,a
test_4056.jpg,0.9998425,2.4297005e-05,2.4297005e-05,0.000108891625,a
test_4057.jpg,1.3709415e-06,8.939661e-06,2.5612558e-06,0.9999871,d
test_4058.jpg,1.5534936e-06,1.5534936e-06,1.2098619e-06,0.9999957,d
test_4059.jpg,0.9934296,0.00017838042,0.0004848883,0.005907148,a
test_4060.jpg,7.4755575e-05,0.00017932928,0.99871397,0.0010319687,c
test_4061.jpg,2.6995755e-07,4.4508474e-07,3.0590198e-07,0.9999989,d
test_4062.jpg,3.1199663e-05,6.604968e-05,6.1435776e-06,0.99989665,d
test_4063.jpg,0.00048652475,0.0002604179,0.9967823,0.0024707764,c
test_4064.jpg,0.00091066933,0.00026091113,0.9986702,0.0001582506,c
test_4065.jpg,0.029293116,0.00030570113,0.9700548,0.0003464047,c
test_4066.jpg,0.99996006,2.4299861e-05,1.1478442e-05,4.2226825e-06,a
test_4067.jpg,0.9999871,2.2603003e-06,3.7266052e-06,6.962215e-06,a
test_4068.jpg,0.99962425,0.00033533658,2.143735e-05,1.8918396e-05,a
test_4069.jpg,5.7149987e-07,8.315274e-07,1.8553887e-07,0.99999845,d
test_4070.jpg,1.5534858e-06,1.5534858e-06,0.9999907,6.144155e-06,c
test_4071.jpg,6.96199e-06,0.9999548,1.6700946e-05,2.1444439e-05,b
test_4072.jpg,9.6062126e-05,0.99948466,0.00029589218,0.00012334621,b
test_4073.jpg,1.1478282e-05,0.99994624,3.5355602e-05,6.9619305e-06,b
test_4074.jpg,0.0010319531,0.99869883,0.00020320363,6.5970555e-05,b
test_4075.jpg,7.88907e-06,0.9999677,1.1478529e-05,1.3006877e-05,b
test_4076.jpg,0.028796362,0.00934881,0.008250295,0.9536045,d
test_4077.jpg,0.9985361,0.00012322914,0.0009105471,0.00043011198,a
test_4078.jpg,5.7150015e-07,3.9278592e-07,9.329484e-08,0.9999989,d
test_4079.jpg,0.99977964,4.5389927e-05,0.00010888477,6.604195e-05,a
test_4080.jpg,0.0007907537,0.015882712,0.9826286,0.0006978377,c
test_4081.jpg,3.1199776e-05,5.8288853e-05,1.0129083e-05,0.99990034,d
test_4082.jpg,0.007550011,0.9888564,0.0019089419,0.0016846354,b
test_4083.jpg,4.7849544e-06,7.889055e-06,2.1444677e-05,0.9999659,d
test_4084.jpg,0.99978024,9.609053e-05,0.00010888484,1.4735959e-05,a
test_4085.jpg,5.7149975e-07,7.3382023e-07,5.0434676e-07,0.9999982,d
test_4086.jpg,0.005732319,0.0011287605,0.9640279,0.029111119,c
test_4087.jpg,0.0014798976,0.00013765194,0.98434156,0.014040878,c
test_4088.jpg,6.083537e-07,0.9999906,2.5612646e-06,6.1441547e-06,b
test_4089.jpg,0.0021082698,0.03297889,0.0011284755,0.9637844,d
test_4090.jpg,5.043454e-07,0.99999547,1.7603384e-06,2.2603192e-06,b
test_4091.jpg,0.002471587,0.99710935,0.0003344929,8.4573054e-05,b
test_4092.jpg,0.99997413,1.8925017e-05,4.222742e-06,2.7264073e-06,a
test_4093.jpg,0.013946207,0.055158317,0.5233276,0.40756792,c
test_4094.jpg,0.0009104362,0.0002955754,0.9984145,0.0003795263,c
test_4095.jpg,0.99999833,2.3823657e-07,3.059018e-07,1.0677022e-06,a
test_4096.jpg,2.9022199e-06,0.9999653,4.222705e-06,2.7535496e-05,b
test_4097.jpg,0.9996137,0.00029593037,2.4291443e-05,6.603099e-05,a
test_4098.jpg,0.9999571,2.1444488e-05,4.784912e-06,1.6700984e-05,a
test_4099.jpg,0.0014996725,0.9974947,0.0008027169,0.00020295862,b
test_4100.jpg,5.8288195e-05,3.1199423e-05,2.144303e-05,0.999889,d
test_4101.jpg,9.6086e-05,7.4831856e-05,0.99973303,9.6086e-05,c
test_4102.jpg,0.009679415,0.98732716,0.0024473395,0.0005460752,b
test_4103.jpg,1.2098621e-06,1.5534938e-06,1.3709534e-06,0.9999958,d
test_4104.jpg,4.4508187e-07,0.9999925,2.9022988e-06,4.2228194e-06,b
test_4105.jpg,0.9996426,2.1437745e-05,4.0050974e-05,0.00029593895,a
test_4106.jpg,3.1200452e-05,1.1478005e-05,3.5354744e-05,0.99992204,d
test_4107.jpg,0.001168238,0.00070857216,0.99774396,0.00037927137,c
test_4108.jpg,0.30371675,0.017134527,0.56741756,0.11173114,c
test_4109.jpg,9.586768e-05,0.99746156,0.00026059535,0.0021819384,b
test_4110.jpg,7.338163e-07,4.7850835e-06,1.6536806e-06,0.99999285,d
test_4111.jpg,0.9996393,0.00015840416,2.2820284e-05,0.00017949543,a
test_4112.jpg,0.00015839768,0.00015839768,0.99959844,8.478417e-05,c
test_4113.jpg,2.9023015e-06,2.9023015e-06,7.8114385e-07,0.99999344,d
test_4114.jpg,0.9998037,2.14412e-05,6.604354e-05,0.0001088874,a
test_4115.jpg,0.003170914,0.00017889071,0.00037871167,0.9962715,d
test_4116.jpg,0.9997634,4.538919e-05,0.00013980856,5.1432693e-05,a
test_4117.jpg,0.0008009904,0.9953492,0.00026004348,0.0035897898,b
test_4118.jpg,0.9999913,4.785076e-06,2.1233645e-06,1.760331e-06,a
test_4119.jpg,0.00043030994,0.0005525289,0.9989957,2.1423872e-05,c
test_4120.jpg,1.3007043e-05,4.785024e-06,1.7603119e-06,0.99998045,d
test_4121.jpg,3.4663114e-07,0.99999535,1.7603381e-06,2.561277e-06,b
test_4122.jpg,0.9999331,1.0129415e-05,1.6700584e-05,4.0062616e-05,a
test_4123.jpg,1.994686e-06,1.3006986e-05,8.939562e-06,0.99997604,d
test_4124.jpg,4.006278e-05,7.88883e-06,0.9999373,1.4738274e-05,c
test_4125.jpg,2.4297236e-05,0.99985206,2.7532378e-05,9.6097436e-05,b
test_4126.jpg,6.1440205e-06,1.8924915e-05,6.1440205e-06,0.99996877,d
test_4127.jpg,0.99959177,0.00020338531,9.6072414e-05,0.00010886431,a
test_4128.jpg,3.5349545e-05,3.1195865e-05,0.999775,0.00015842567,c
test_4129.jpg,0.00025979106,0.005218044,0.00013905617,0.9943831,d
test_4130.jpg,2.1442153e-05,0.000108892236,2.1442153e-05,0.9998481,d
test_4131.jpg,3.2886278e-06,3.5356083e-05,1.4593197e-06,0.9999598,d
test_4132.jpg,3.466325e-07,6.8255986e-08,0.9999993,3.466325e-07,c
test_4133.jpg,0.0014892027,0.0027821972,0.9905308,0.0051978286,c
test_4134.jpg,4.2226825e-06,0.99996006,1.6701033e-05,1.8924751e-05,b
test_4135.jpg,0.9999813,6.962174e-06,6.962174e-06,4.785028e-06,a
test_4136.jpg,4.222608e-06,0.9999424,7.888871e-06,4.5397315e-05,b
test_4137.jpg,0.9999865,6.1441297e-06,5.422175e-06,1.994707e-06,a
test_4138.jpg,1.6701179e-05,1.5534517e-06,0.99996877,1.3006891e-05,c
test_4139.jpg,6.144112e-06,0.99998367,5.4221596e-06,4.7850394e-06,b
test_4140.jpg,0.00037985618,0.00015834761,0.00017943134,0.9992824,d
test_4141.jpg,6.9614175e-06,0.99987257,1.14774375e-05,0.0001088949,b
test_4142.jpg,0.999972,1.6701233e-05,3.5007688e-06,7.8891035e-06,a
test_4143.jpg,0.99507517,0.0009073911,0.0035888015,0.0004286212,a
test_4144.jpg,7.478389e-05,0.0007095298,0.99909234,0.00012329778,c
test_4145.jpg,1.3006842e-05,5.422058e-06,1.6701115e-05,0.99996495,d
test_4146.jpg,0.9939201,9.55273e-05,0.0059100646,7.439675e-05,a
test_4147.jpg,0.00020261935,0.99582726,0.0003785428,0.003591514,b
test_4148.jpg,6.475931e-07,2.260322e-06,3.9278504e-07,0.99999666,d
test_4149.jpg,0.60302436,0.011044777,0.25137794,0.13455293,a
test_4150.jpg,0.0002957715,0.99907696,0.00013971256,0.00048764475,b
test_4151.jpg,0.0036110012,0.60727704,0.36833215,0.020779878,b
test_4152.jpg,0.009239195,0.9424234,0.046920497,0.0014168763,b
test_4153.jpg,0.99981683,8.480269e-05,4.0057956e-05,5.8283986e-05,a
test_4154.jpg,0.9759006,0.009567393,0.013920474,0.0006116229,a
test_4155.jpg,0.39922324,0.31091538,0.27438185,0.015479565,a
test_4156.jpg,2.56121e-06,0.99996924,1.1478547e-05,1.6701188e-05,b
test_4157.jpg,2.428803e-05,0.9994733,1.4731435e-05,0.00048783817,b
test_4158.jpg,9.4224146e-07,8.3152514e-07,0.9999957,2.5612778e-06,c
test_4159.jpg,0.008366401,0.0018667965,0.022742238,0.9670245,d
test_4160.jpg,0.9999969,1.2098634e-06,1.2098634e-06,6.8935935e-07,a
test_4161.jpg,3.7265816e-06,1.0129898e-05,0.9999808,5.422144e-06,c
test_4162.jpg,0.6504497,0.23928708,0.09974969,0.010513539,a
test_4163.jpg,0.00033525564,0.00012333365,0.999383,0.00015836355,c
test_4164.jpg,0.005813015,0.0007867061,0.9775989,0.015801415,c
test_4165.jpg,0.0058664572,0.98658645,0.0066475673,0.0008996504,b
test_4166.jpg,0.014059875,0.00022725672,3.9491293e-05,0.9856734,d
test_4167.jpg,1.670044e-05,3.1200532e-05,2.7534374e-05,0.99992454,d
test_4168.jpg,0.98309636,0.0024368523,0.0035455993,0.010921215,a
test_4169.jpg,0.0001397827,0.99957854,0.00015839454,0.0001233578,b
test_4170.jpg,2.382368e-07,2.1024323e-07,0.9999993,2.6995764e-07,c
test_4171.jpg,0.99847776,0.00070909335,0.00055224245,0.00026086083,a
test_4172.jpg,0.51721054,0.4564367,0.015618405,0.0107343625,a
test_4173.jpg,0.00070811075,0.99709415,0.001030295,0.0011674772,b
test_4174.jpg,0.9999933,2.2603144e-06,1.5534899e-06,2.9023013e-06,a
test_4175.jpg,1.3708271e-06,0.9999037,8.481006e-05,1.0129117e-05,b
test_4176.jpg,7.482404e-05,3.5344372e-05,0.00026116153,0.99962866,d
test_4177.jpg,0.99979776,8.4801075e-05,6.604315e-05,5.1434457e-05,a
test_4178.jpg,0.0014872794,0.008558702,0.98925143,0.00070254103,c
test_4179.jpg,0.00015840847,3.5345707e-05,0.99966645,0.000139795,c
test_4180.jpg,0.00091066957,0.00012324571,0.99867046,0.00029565115,c
test_4181.jpg,1.9947179e-06,1.7603322e-06,0.999992,4.2228176e-06,c
test_4182.jpg,0.00012324088,0.00033500345,0.9986312,0.00091063377,c
test_4183.jpg,6.1438036e-06,5.8290785e-05,2.1232418e-06,0.9999335,d
test_4184.jpg,9.931182e-08,0.9999987,5.7150004e-07,6.475944e-07,b
test_4185.jpg,2.102428e-07,0.99999726,9.4224293e-07,1.5534961e-06,b
test_4186.jpg,1.067702e-06,6.47594e-07,2.1024299e-07,0.9999981,d
test_4187.jpg,0.000108486216,0.9961201,0.00017886351,0.00359257,b
test_4188.jpg,0.1644072,0.0005232721,0.8349287,0.00014083678,c
test_4189.jpg,0.00047846357,0.98026675,0.017954212,0.0013005987,b
test_4190.jpg,1.9750527e-07,9.329488e-08,0.9999994,2.1024326e-07,c
test_4191.jpg,2.4292036e-05,2.2595113e-06,0.9996381,0.00033534123,c
test_4192.jpg,0.99998784,5.4221823e-06,4.7850594e-06,1.9947095e-06,a
test_4193.jpg,3.927857e-07,0.99999833,7.338203e-07,6.4759416e-07,b
test_4194.jpg,8.3152696e-07,9.4224345e-07,4.18118e-07,0.99999785,d
test_4195.jpg,3.726543e-06,6.9620987e-06,0.99997044,1.8924946e-05,c
test_4196.jpg,0.023132328,0.10367191,0.86803424,0.00516152,c
test_4197.jpg,4.2227375e-06,0.99997306,7.889112e-06,1.4738801e-05,b
test_4198.jpg,0.9999976,8.3152673e-07,9.422432e-07,6.475937e-07,a
test_4199.jpg,1.994715e-06,2.5612646e-06,0.9999906,4.7850726e-06,c
test_4200.jpg,0.99982566,5.82845e-05,3.1197444e-05,8.480344e-05,a
test_4201.jpg,0.99635625,0.0013219459,0.000624443,0.0016974123,a
test_4202.jpg,0.00945054,0.9639812,0.02568923,0.0008790371,b
test_4203.jpg,2.1443433e-05,3.5354242e-05,3.5354242e-05,0.99990785,d
test_4204.jpg,0.0004304094,0.00013973347,0.99922657,0.000203311,c
test_4205.jpg,0.99986815,1.1477387e-05,1.1477387e-05,0.00010889442,a
test_4206.jpg,0.00036539434,0.037271235,0.0011254937,0.9612378,d
test_4207.jpg,1.30023145e-05,0.99961686,0.00026115845,0.00010886705,b
test_4208.jpg,6.475912e-07,4.222825e-06,1.3709506e-06,0.9999938,d
test_4209.jpg,2.429823e-05,1.6699913e-05,0.99989295,6.604943e-05,c
test_4210.jpg,0.9903418,0.0007969607,0.0002931855,0.008568135,a
test_4211.jpg,8.939552e-06,4.784997e-06,1.1478612e-05,0.99997485,d
test_4212.jpg,8.462294e-05,0.0021824546,0.99769753,3.527609e-05,c
test_4213.jpg,7.338199e-07,3.9278547e-07,0.99999774,1.2098644e-06,c
test_4214.jpg,1.2098616e-06,2.561277e-06,0.99999535,9.422411e-07,c
test_4215.jpg,3.2887172e-06,7.889222e-06,0.999987,1.7603235e-06,c
test_4216.jpg,0.0009039089,0.9912565,0.001160642,0.0066790334,b
test_4217.jpg,4.006207e-05,1.8923984e-05,0.99991953,2.1443682e-05,c
test_4218.jpg,0.99998534,4.2227894e-06,7.889209e-06,2.5612512e-06,a
test_4219.jpg,0.00037309455,0.017976701,0.98149467,0.00015552893,c
test_4220.jpg,1.8553902e-07,2.873684e-07,2.382368e-07,0.9999993,d
test_4221.jpg,7.484032e-05,2.7532215e-05,0.9998461,5.1436946e-05,c
test_4222.jpg,0.0014448178,0.0002845015,0.03726234,0.9610084,d
test_4223.jpg,3.0590087e-07,0.99999523,1.9947242e-06,2.5612765e-06,b
test_4224.jpg,6.083584e-07,5.714998e-07,4.181182e-07,0.99999833,d
test_4225.jpg,0.0019244814,0.0002604502,0.996906,0.0009090606,c
test_4226.jpg,1.209842e-06,0.99997926,1.4738893e-05,4.7850185e-06,b
test_4227.jpg,1.4738597e-05,1.3006767e-05,1.3006767e-05,0.99995923,d
test_4228.jpg,0.0018729621,0.022817349,0.97021836,0.0050912388,c
test_4229.jpg,0.0046080216,0.00017867237,0.99505556,0.00015767782,c
test_4230.jpg,6.892924e-07,0.99989974,1.473772e-05,8.4809726e-05,b
test_4231.jpg,2.699575e-07,3.9278584e-07,0.9999987,7.3382057e-07,c
test_4232.jpg,7.889138e-06,1.1478629e-05,4.2227516e-06,0.9999764,d
test_4233.jpg,2.2602726e-06,0.99997485,6.144058e-06,1.670128e-05,b
test_4234.jpg,0.00012336524,5.8273614e-05,0.9996389,0.00017949537,c
test_4235.jpg,2.3823668e-07,5.0434704e-07,0.9999988,5.0434704e-07,c
test_4236.jpg,2.7535043e-05,1.6700846e-05,6.9619487e-06,0.99994886,d
test_4237.jpg,0.009677261,0.0013096748,0.98710746,0.0019055657,c
test_4238.jpg,2.75257e-05,2.75257e-05,0.00033533166,0.99960965,d
test_4239.jpg,3.2562815e-07,0.9999902,1.553485e-06,7.889247e-06,b
test_4240.jpg,2.9022804e-06,1.0129953e-05,8.3151724e-07,0.9999862,d
test_4241.jpg,0.0016971063,0.22227706,0.7758232,0.00020269043,c
test_4242.jpg,0.9993278,0.00037987344,0.0002610829,3.118191e-05,a
test_4243.jpg,1.147452e-05,0.9996184,0.00010886722,0.00026115886,b
test_4244.jpg,0.96834004,0.0011338096,0.0012847746,0.029241337,a
test_4245.jpg,0.99943846,5.826193e-05,0.0001233405,0.00037991552,a
test_4246.jpg,8.938236e-06,4.005839e-05,0.9998276,0.00012338853,c
test_4247.jpg,1.3709491e-06,4.7378734e-07,0.9999927,5.4222087e-06,c
test_4248.jpg,1.5534958e-06,2.8736778e-07,0.99999714,1.067701e-06,c
test_4249.jpg,5.422167e-06,1.7603198e-06,0.999985,7.889206e-06,c
test_4250.jpg,4.539356e-05,1.0128671e-05,0.9998597,8.4806336e-05,c
test_4251.jpg,4.5395256e-05,6.14358e-06,0.999897,5.1439565e-05,c
test_4252.jpg,0.99997866,3.2886896e-06,1.01298765e-05,7.889156e-06,a
test_4253.jpg,0.9422621,0.025110435,0.022159882,0.010467587,a
test_4254.jpg,0.9999851,5.4221673e-06,6.962201e-06,2.5612505e-06,a
test_4255.jpg,0.010911927,0.0016733982,0.005154429,0.9822603,d
test_4256.jpg,0.9963618,0.00042917542,0.0021795325,0.0010295382,a
test_4257.jpg,3.119926e-05,0.9998838,6.604883e-05,1.8923307e-05,b
test_4258.jpg,0.003015572,0.047171477,0.0023485299,0.94746447,d
test_4259.jpg,2.7535016e-05,7.888913e-06,0.9999479,1.6700831e-05,c
test_4260.jpg,8.764224e-08,0.99999726,1.2098639e-06,1.3709554e-06,b
test_4261.jpg,0.0021811347,0.0002951845,0.99709415,0.00042949087,c
test_4262.jpg,0.997543,0.00017911902,9.5875504e-05,0.0021821165,a
test_4263.jpg,0.033002514,0.96447486,0.00087948726,0.0016430987,b
test_4264.jpg,3.2886408e-06,0.99996376,1.1478484e-05,2.1444632e-05,b
test_4265.jpg,5.8187205e-05,0.9981566,0.0017004795,8.466188e-05,b
test_4266.jpg,0.0011689031,0.00013960557,0.998312,0.00037948732,c
test_4267.jpg,3.2880641e-06,0.99978846,0.0001233837,8.480029e-05,b
test_4268.jpg,0.9999982,8.3152725e-07,6.475941e-07,4.1811816e-07,a
test_4269.jpg,7.88883e-06,0.9999373,1.4738274e-05,4.006278e-05,b
test_4270.jpg,1.0128992e-05,9.6101205e-05,2.5610102e-06,0.9998913,d
test_4271.jpg,0.9978702,2.4249075e-05,0.0019263427,0.00017917778,a
test_4272.jpg,1.1477447e-05,0.9998734,6.143435e-06,0.00010889499,b
test_4273.jpg,0.99997926,1.0129883e-05,6.96216e-06,3.7265759e-06,a
test_4274.jpg,1.2098554e-06,0.99999034,4.2228103e-06,4.2228103e-06,b
test_4275.jpg,1.2098559e-06,3.2887294e-06,0.9999907,4.785073e-06,c
test_4276.jpg,7.482944e-05,0.9997008,0.0001584139,6.603674e-05,b
test_4277.jpg,1.1979297e-07,1.6373757e-07,0.99999917,5.0434727e-07,c
test_4278.jpg,4.7850776e-06,1.9947172e-06,1.5534873e-06,0.99999166,d
test_4279.jpg,1.7603364e-06,2.5612744e-06,1.3709514e-06,0.9999944,d
test_4280.jpg,1.3006895e-05,3.288658e-06,0.999969,1.4738742e-05,c
test_4281.jpg,0.9997348,0.00017951259,7.483199e-05,1.0780569e-05,a
test_4282.jpg,1.9750378e-07,0.9999919,6.1441624e-06,1.760332e-06,b
test_4283.jpg,0.00023044321,0.00017946935,9.606303e-05,0.9994941,d
test_4284.jpg,3.256294e-07,0.99999404,1.994722e-06,3.726631e-06,b
test_4285.jpg,2.1441738e-05,0.9998288,7.483902e-05,7.483902e-05,b
test_4286.jpg,0.99998593,5.422172e-06,5.422172e-06,3.2887137e-06,a
test_4287.jpg,0.99999726,7.811468e-07,6.8935964e-07,1.2098639e-06,a
test_4288.jpg,0.99998295,4.7850363e-06,8.9396235e-06,3.2887037e-06,a
test_4289.jpg,0.98569053,0.004028292,0.00966337,0.00061775855,a
test_4290.jpg,1.3006926e-05,2.5612155e-06,0.9999714,1.3006926e-05,c
test_4291.jpg,1.5381703e-07,0.99999785,5.043466e-07,1.3709562e-06,b
test_4292.jpg,0.99375594,0.0046020034,0.00014793115,0.0014940517,a
test_4293.jpg,1.1478474e-05,8.939445e-06,1.6701082e-05,0.9999629,d
test_4294.jpg,9.4220854e-07,0.9999608,2.9022067e-06,3.5356115e-05,b
test_4295.jpg,6.962201e-06,5.4221673e-06,2.5612505e-06,0.9999851,d
test_4296.jpg,0.9944898,0.0035866904,0.0016942327,0.00022928944,a
test_4297.jpg,0.86160254,0.13213104,0.005123276,0.0011431574,a
test_4298.jpg,1.7603337e-06,0.99999285,2.9023e-06,2.5612703e-06,b
test_4299.jpg,7.338199e-07,1.8553872e-07,0.99999774,1.370956e-06,c
test_4300.jpg,2.2603153e-06,1.3709506e-06,2.5612728e-06,0.9999938,d
test_4301.jpg,1.7603197e-06,1.0129939e-05,3.28871e-06,0.99998486,d
test_4302.jpg,0.059937883,0.9375863,0.0006658498,0.0018099673,b
test_4303.jpg,0.24907646,0.41065764,0.02044544,0.3198205,b
test_4304.jpg,8.468076e-05,0.000910404,0.0006257109,0.99837923,d
test_4305.jpg,4.5396842e-05,1.4738195e-05,7.888788e-06,0.99993193,d
test_4306.jpg,8.3152554e-07,7.3381875e-07,0.9999962,2.2603208e-06,c
test_4307.jpg,2.1444148e-05,3.1201052e-05,6.1438514e-06,0.99994123,d
test_4308.jpg,1.4737905e-05,6.6050714e-05,6.961694e-06,0.99991226,d
test_4309.jpg,6.144052e-06,1.3006958e-05,6.962123e-06,0.9999739,d
test_4310.jpg,0.19760194,0.7815308,0.016220154,0.004647152,b
test_4311.jpg,4.0062423e-05,1.0129367e-05,2.1443871e-05,0.99992836,d
test_4312.jpg,1.3006596e-05,4.0063136e-05,8.3148393e-07,0.9999461,d
test_4313.jpg,0.92633855,0.01321351,0.0012290479,0.059218843,a
test_4314.jpg,0.00010889503,4.2223182e-06,0.99987376,1.3005656e-05,c
test_4315.jpg,0.0031681976,0.0007069204,0.0007069204,0.9954181,d
test_4316.jpg,0.0006260368,0.0001396877,0.00033509335,0.9988992,d
test_4317.jpg,0.00037857651,0.99591595,0.002797323,0.0009081578,b
test_4318.jpg,0.9999968,1.2098633e-06,1.0677006e-06,8.8515486e-07,a
test_4319.jpg,1.0676994e-06,8.31525e-07,0.9999956,2.5612774e-06,c
test_4320.jpg,0.99980026,3.1196654e-05,0.00015842967,1.0128069e-05,a
test_4321.jpg,0.74364465,0.0072904364,0.061042074,0.18802282,a
test_4322.jpg,0.009678341,0.0027728912,0.0003311746,0.9872176,d
test_4323.jpg,0.60628414,0.36772993,0.0024777448,0.023508187,a
test_4324.jpg,1.8922186e-05,0.9998246,1.669877e-05,0.0001398171,b
test_4325.jpg,2.9023058e-06,1.3709521e-06,7.338178e-07,0.9999949,d
test_4326.jpg,0.0010173479,0.0003742614,0.014044055,0.9845643,d
test_4327.jpg,1.7603359e-06,5.0434465e-07,0.99999404,3.726631e-06,c
test_4328.jpg,0.00010886583,0.9996057,0.0002611555,2.4291248e-05,b
test_4329.jpg,0.99992657,3.1200594e-05,2.7534428e-05,1.4738116e-05,a
test_4330.jpg,9.42244e-07,3.9278575e-07,0.99999845,1.6373745e-07,c
test_4331.jpg,0.9989785,0.00080391095,0.00010879752,0.00010879752,a
test_4332.jpg,1.3709479e-06,4.2228166e-06,0.9999918,2.5612676e-06,c
test_4333.jpg,0.001164606,0.9946419,0.0031657272,0.0010277611,b
test_4334.jpg,0.6786038,0.0006188066,0.32054976,0.00022764622,a
test_4335.jpg,1.9750492e-07,1.0677015e-06,1.0677015e-06,0.9999976,d
test_4336.jpg,0.9986921,0.00020320225,0.00055236096,0.00055236096,a
test_4337.jpg,2.753413e-05,3.5354522e-05,0.9999157,2.14436e-05,c
test_4338.jpg,2.9022926e-06,1.9947145e-06,0.99999034,4.7850713e-06,c
test_4339.jpg,7.3381665e-07,5.7149697e-07,0.9999933,5.422212e-06,c
test_4340.jpg,2.9023054e-06,1.9947233e-06,3.2562963e-07,0.99999475,d
test_4341.jpg,0.6730081,0.2805515,0.008471921,0.03796852,a
test_4342.jpg,0.99961495,0.00012336229,0.00020339004,5.827222e-05,a
test_4343.jpg,0.007502047,0.00029088595,0.9825743,0.009632819,c
test_4344.jpg,0.86411196,0.015826764,0.0031164745,0.116944835,a
test_4345.jpg,1.1478238e-05,4.0062983e-05,6.1438577e-06,0.9999423,d
test_4346.jpg,2.7534827e-05,1.6700715e-05,0.999941,1.4738329e-05,c
test_4347.jpg,3.2887306e-06,5.4221996e-06,2.6995542e-07,0.99999106,d
test_4348.jpg,0.0009100371,0.00020305673,0.0009100371,0.99797684,d
test_4349.jpg,0.7541462,0.24483542,0.0008830144,0.00013541464,a
test_4350.jpg,0.8793845,0.11901175,0.0008018949,0.0008018949,a
test_4351.jpg,4.4508405e-07,1.7603417e-06,0.9999974,3.4663185e-07,c
test_4352.jpg,3.9278453e-07,0.99999535,1.3709528e-06,2.9023072e-06,b
test_4353.jpg,0.00010889042,0.99983144,3.5351542e-05,2.4296734e-05,b
test_4354.jpg,0.0016997821,0.0004297722,0.99774724,0.00012313179,c
test_4355.jpg,0.0005414614,0.00015513129,0.9789852,0.02031819,c
test_4356.jpg,1.6700988e-05,1.3006743e-05,0.9999573,1.3006743e-05,c
test_4357.jpg,6.8255886e-08,0.99999785,8.3152696e-07,1.2098645e-06,b
test_4358.jpg,1.8924951e-05,7.8890935e-06,2.5612137e-06,0.9999707,d
test_4359.jpg,0.9999945,1.3709516e-06,2.5612746e-06,1.5534918e-06,a
test_4360.jpg,0.006244828,0.49608812,0.0015789398,0.49608812,b
test_4361.jpg,9.600674e-05,8.4725645e-05,0.9989084,0.00091088656,c
test_4362.jpg,0.00216851,0.00405131,0.9913229,0.0024572439,c
test_4363.jpg,4.737874e-07,2.5612703e-06,4.222821e-06,0.99999285,d
test_4364.jpg,3.288718e-06,0.99998724,6.144134e-06,3.288718e-06,b
test_4365.jpg,0.99969053,0.0002034054,6.603606e-05,4.0052895e-05,a
test_4366.jpg,0.99999034,1.7603293e-06,4.2228103e-06,3.7266173e-06,a
test_4367.jpg,1.5534846e-06,6.475887e-07,0.99998987,7.889244e-06,c
test_4368.jpg,7.889163e-06,8.939593e-06,0.9999795,3.7265768e-06,c
test_4369.jpg,0.0066590332,0.8721613,0.1180342,0.003145505,b
test_4370.jpg,1.3709542e-06,1.5534947e-06,6.475929e-07,0.9999964,d
test_4371.jpg,0.9999964,5.0434585e-07,1.9947267e-06,1.0030114e-06,a
test_4372.jpg,1.8553813e-07,0.9999945,4.222828e-06,1.0676982e-06,b
test_4373.jpg,0.9815801,0.0013023412,0.009623073,0.007494456,a
test_4374.jpg,1.8924127e-05,5.1441115e-05,2.4059327e-06,0.99992716,d
test_4375.jpg,0.3764947,0.0022387195,0.00053174247,0.6207348,d
test_4376.jpg,0.0027982395,0.00080170896,0.00015786584,0.99624217,d
test_4377.jpg,2.75329e-05,1.6699547e-05,8.4807296e-05,0.999871,d
test_4378.jpg,0.9987866,0.000487503,0.00029568552,0.0004302199,a
test_4379.jpg,0.9999188,2.4298859e-05,3.535463e-05,2.1443668e-05,a
test_4380.jpg,7.482349e-05,7.886337e-06,0.9996213,0.00029593264,c
test_4381.jpg,6.603531e-05,0.0002304859,0.9996792,2.4293035e-05,c
test_4382.jpg,0.99947864,4.537626e-05,0.00037993077,9.606154e-05,a
test_4383.jpg,0.99997437,4.784995e-06,7.889123e-06,1.3006964e-05,a
test_4384.jpg,0.0013210126,0.00022955758,0.9956528,0.002796584,c
test_4385.jpg,0.99995923,3.1201613e-05,4.7849226e-06,4.7849226e-06,a
test_4386.jpg,5.8288988e-05,3.119985e-05,7.888556e-06,0.9999026,d
test_4387.jpg,0.9999691,8.939501e-06,1.3006896e-05,8.939501e-06,a
test_4388.jpg,0.9998839,3.5353398e-05,6.604884e-05,1.4737488e-05,a
test_4389.jpg,2.561271e-06,6.4759075e-07,0.9999931,3.7266275e-06,c
test_4390.jpg,1.4738631e-05,2.2602424e-06,0.9999615,2.1444583e-05,c
test_4391.jpg,0.009659565,0.0031360015,0.9853023,0.0019020811,c
test_4392.jpg,0.99798065,0.0015004032,0.00037936136,0.00013955924,a
test_4393.jpg,3.466313e-07,0.9999958,1.5534938e-06,2.2603201e-06,b
test_4394.jpg,2.2380208e-07,0.9999962,1.5534944e-06,1.9947263e-06,b
test_4395.jpg,1.6373741e-07,0.9999982,8.3152725e-07,8.3152725e-07,b
test_4396.jpg,0.99910575,0.00020328643,0.00020328643,0.0004876588,a
test_4397.jpg,0.99999094,3.28873e-06,1.9947158e-06,3.7266195e-06,a
test_4398.jpg,0.99998736,6.962217e-06,1.45936e-06,4.222798e-06,a
test_4399.jpg,0.99838865,0.0013246424,0.00026083755,2.5826417e-05,a
test_4400.jpg,0.999899,2.4298377e-05,3.1199736e-05,4.5395347e-05,a
test_4401.jpg,0.00033524545,0.00020333665,0.99935263,0.00010883827,c
test_4402.jpg,2.1024289e-07,0.9999976,1.5534965e-06,5.714994e-07,b
test_4403.jpg,0.0016920906,0.0035821556,0.9932325,0.0014932646,c
test_4404.jpg,0.0016438176,0.033016954,0.00044242747,0.96489686,d
test_4405.jpg,0.981543,0.0006970667,0.015865164,0.0018948237,a
test_4406.jpg,8.480832e-05,0.9998832,1.3005778e-05,1.8923296e-05,b
test_4407.jpg,3.726616e-06,3.288727e-06,2.9022915e-06,0.99999,d
test_4408.jpg,0.0007269437,0.095210835,0.9033353,0.0007269437,c
test_4409.jpg,1.9946383e-06,0.9999521,1.4738492e-05,3.120139e-05,b
test_4410.jpg,0.99955326,4.537965e-05,6.6026994e-05,0.00033531277,a
test_4411.jpg,7.889098e-06,4.22273e-06,1.670122e-05,0.9999713,d
test_4412.jpg,0.99995923,4.7849226e-06,3.1201613e-05,4.7849226e-06,a
test_4413.jpg,0.037128996,0.11436536,0.0034535348,0.84505206,d
test_4414.jpg,0.00062537775,0.00020303045,0.9978477,0.0013239247,c
test_4415.jpg,4.5385605e-05,8.936955e-06,0.99968445,0.0002611761,c
test_4416.jpg,3.9278535e-07,1.637373e-07,0.9999975,1.9947288e-06,c
test_4417.jpg,2.6995767e-07,1.5381727e-07,0.9999994,2.3823682e-07,c
test_4418.jpg,2.2603033e-06,1.3709433e-06,0.99998844,7.8892335e-06,c
test_4419.jpg,3.500546e-06,8.4810454e-05,3.2884584e-06,0.9999083,d
test_4420.jpg,0.0001398194,1.3005229e-05,6.1432356e-06,0.999841,d
test_4421.jpg,0.0019767056,0.3766934,0.6210624,0.00026751801,c
test_4422.jpg,7.48405e-05,3.119816e-05,4.539305e-05,0.9998485,d
test_4423.jpg,3.9278598e-07,3.9278598e-07,1.7429771e-07,0.99999905,d
test_4424.jpg,1.0677005e-06,1.3709546e-06,8.3152594e-07,0.99999666,d
test_4425.jpg,0.33819783,0.005466459,0.024498967,0.6318367,d
test_4426.jpg,4.0062358e-05,3.1200598e-05,1.9945876e-06,0.9999267,d
test_4427.jpg,0.047234863,0.0038772738,0.00015033821,0.9487376,d
test_4428.jpg,3.689871e-07,0.9999958,1.5534938e-06,2.2603201e-06,b
test_4429.jpg,4.003226e-05,0.00015833067,0.00062620995,0.9991755,d
test_4430.jpg,2.2603176e-06,1.7603371e-06,1.2098608e-06,0.99999475,d
test_4431.jpg,1.1253499e-07,0.99999833,6.4759416e-07,9.422439e-07,b
test_4432.jpg,0.017962629,0.9807263,0.0006146473,0.0006964867,b
test_4433.jpg,0.01357013,0.8395542,0.14589263,0.0009830168,b
test_4434.jpg,1.3709557e-06,3.0590155e-07,0.9999975,7.338197e-07,c
test_4435.jpg,5.8284415e-05,5.1435818e-05,6.604489e-05,0.9998242,d
test_4436.jpg,0.0073958063,0.40379736,0.0012851985,0.5875217,d
test_4437.jpg,1.5534915e-06,1.2098603e-06,0.9999944,2.9023042e-06,c
test_4438.jpg,0.99652654,0.0024701424,0.00062454975,0.00037880862,a
test_4439.jpg,8.315138e-07,0.999982,4.2227753e-06,1.3007064e-05,b
test_4440.jpg,0.9365634,0.05987249,0.0023215087,0.0012426139,a
test_4441.jpg,7.889069e-06,7.889069e-06,0.9999676,1.6701159e-05,c
test_4442.jpg,0.0035894068,0.995243,0.00090754416,0.00026001575,b
test_4443.jpg,1.6700118e-05,3.2884482e-06,0.9999052,7.484474e-05,c
test_4444.jpg,0.18133369,0.005475803,0.8126812,0.00050932897,c
test_4445.jpg,9.422408e-07,2.260318e-06,0.999995,1.7603375e-06,c
test_4446.jpg,0.9902586,0.0021661818,0.0016870243,0.0058882926,a
test_4447.jpg,0.00020233341,0.9944219,0.0052182474,0.00015757741,b
test_4448.jpg,1.6701086e-05,5.4220486e-06,1.4738655e-05,0.99996316,d
test_4449.jpg,0.9999659,1.4738695e-05,1.1478509e-05,7.889055e-06,a
test_4450.jpg,8.476291e-05,1.4729585e-05,0.99934775,0.0005527236,c
test_4451.jpg,0.9685763,0.002118752,0.006526216,0.022778733,a
test_4452.jpg,2.902279e-06,2.5612521e-06,8.939648e-06,0.9999857,d
test_4453.jpg,0.0057884604,0.020203713,0.00053841074,0.97346944,d
test_4454.jpg,0.9993735,0.00012333249,0.00037989081,0.00012333249,a
test_4455.jpg,0.17868851,0.4857257,0.0017518004,0.33383408,b
test_4456.jpg,0.0009106546,0.0001396534,0.00029564628,0.998654,d
test_4457.jpg,0.0020143087,0.07558638,0.0015687454,0.92083055,d
test_4458.jpg,0.59059095,0.24619493,0.14932477,0.013889369,a
test_4459.jpg,0.9999702,6.9620974e-06,1.6701202e-05,6.144029e-06,a
test_4460.jpg,0.04385934,0.32407913,0.6054595,0.026602034,c
test_4461.jpg,2.260315e-06,2.902302e-06,1.3709503e-06,0.99999356,d
test_4462.jpg,1.0677006e-06,1.3709547e-06,7.3381915e-07,0.9999968,d
test_4463.jpg,1.6701211e-05,4.784977e-06,0.9999707,7.8890935e-06,c
test_4464.jpg,0.98689437,0.0004816985,0.00020080179,0.012423167,a
test_4465.jpg,0.0005526483,9.6035874e-05,0.99921155,0.00013973138,c
test_4466.jpg,0.00029580234,0.00048769562,3.532855e-05,0.9991812,d
test_4467.jpg,6.4759223e-07,7.338181e-07,3.2887447e-06,0.99999535,d
test_4468.jpg,1.0677005e-06,1.2098631e-06,1.0677005e-06,0.99999666,d
test_4469.jpg,0.99992275,7.888715e-06,3.288506e-06,6.6051405e-05,a
test_4470.jpg,0.9999449,2.1444228e-05,2.7534934e-05,6.143874e-06,a
test_4471.jpg,0.0006653669,0.26842818,0.7296634,0.0012430691,c
test_4472.jpg,7.4837444e-05,0.9998078,5.143497e-05,6.604381e-05,b
test_4473.jpg,2.7535187e-05,6.961985e-06,1.1478373e-05,0.9999541,d
test_4474.jpg,7.950342e-05,0.11916924,0.00020301908,0.88054824,d
test_4475.jpg,0.00062601786,0.00043025537,0.998869,7.476718e-05,c
test_4476.jpg,0.00029439075,7.443364e-05,0.9944131,0.005218201,c
test_4477.jpg,5.1437695e-05,1.3005485e-05,0.99986064,7.484141e-05,c
test_4478.jpg,0.0013089664,0.9865736,0.0024454715,0.009672027,b
test_4479.jpg,0.99948406,0.00026112376,2.4288294e-05,0.00023044091,a
test_4480.jpg,0.00013977742,0.00026113857,0.9995408,5.826789e-05,c
test_4481.jpg,0.0072245956,0.04157468,0.0049653873,0.9462353,d
test_4482.jpg,2.9023026e-06,8.3152355e-07,0.9999938,2.5612728e-06,c
test_4483.jpg,6.143825e-06,5.4219063e-06,0.99993694,5.1441617e-05,c
test_4484.jpg,0.9953544,0.00014816909,0.0035898085,0.00090764574,a
test_4485.jpg,0.003585147,0.0021745015,0.00017849395,0.9940619,d
test_4486.jpg,0.00010879278,0.0009109108,0.9989349,4.5351575e-05,c
test_4487.jpg,0.9999602,6.9620273e-06,1.14784425e-05,2.1444555e-05,a
test_4488.jpg,0.9999862,4.7850513e-06,6.9622083e-06,2.1233536e-06,a
test_4489.jpg,3.1195515e-05,0.00010888305,9.608895e-05,0.9997638,d
test_4490.jpg,0.009793523,0.88158476,0.026621554,0.08200016,b
test_4491.jpg,1.5534914e-06,1.5534914e-06,0.9999943,2.5612742e-06,c
test_4492.jpg,5.143392e-05,2.1440846e-05,0.9997873,0.00013981189,c
test_4493.jpg,8.315083e-07,0.99997544,1.4738836e-05,8.939557e-06,b
test_4494.jpg,4.222794e-06,1.5534791e-06,0.9999864,7.889217e-06,c
test_4495.jpg,0.0011644894,0.00358688,0.0007062985,0.99454236,d
test_4496.jpg,0.9999714,1.4738776e-05,6.9621055e-06,6.9621055e-06,a
test_4497.jpg,0.9934727,0.0021732126,0.0040600956,0.00029411237,a
test_4498.jpg,4.5395347e-05,3.1199736e-05,0.999899,2.4298377e-05,c
test_4499.jpg,0.15056701,0.52553046,0.31875035,0.00515212,b
test_4500.jpg,0.99997115,1.3006922e-05,6.9621037e-06,8.939518e-06,a
test_4501.jpg,9.422393e-07,0.99999344,8.3152327e-07,4.7850863e-06,b
test_4502.jpg,1.9750442e-07,0.9999951,1.3709524e-06,3.2887438e-06,b
test_4503.jpg,0.9999907,4.222812e-06,2.5612649e-06,2.5612649e-06,a
test_4504.jpg,2.1024269e-07,0.99999666,1.3709546e-06,1.7603404e-06,b
test_4505.jpg,2.1443782e-05,3.535482e-05,1.892407e-05,0.9999242,d
test_4506.jpg,6.962161e-06,1.3007029e-05,6.0834685e-07,0.9999794,d
test_4507.jpg,0.9994017,0.00013975796,0.00012333597,0.00033526192,a
test_4508.jpg,3.2887258e-06,9.422357e-07,0.9999896,6.1441488e-06,c
test_4509.jpg,0.9977314,0.00013952439,0.0019260746,0.00020300677,a
test_4510.jpg,1.7603014e-06,0.9999745,1.8925024e-05,4.784996e-06,b
test_4511.jpg,0.9998123,1.8921954e-05,0.00012338664,4.5391407e-05,a
test_4512.jpg,0.990742,0.0040489365,0.004588046,0.00062092446,a
test_4513.jpg,6.9620573e-06,2.4299967e-05,4.222701e-06,0.9999645,d
test_4514.jpg,0.9999912,1.7603307e-06,2.902295e-06,4.222814e-06,a
test_4515.jpg,5.143342e-05,0.9997776,9.6090276e-05,7.483519e-05,b
test_4516.jpg,1.6536504e-06,0.9999746,1.4738825e-05,8.939549e-06,b
test_4517.jpg,1.3709499e-06,4.785086e-06,5.7149697e-07,0.9999933,d
test_4518.jpg,0.0002943531,0.0052175336,0.00020230573,0.9942859,d
test_4519.jpg,0.9906555,0.0011599383,0.0075637475,0.0006208702,a
test_4520.jpg,0.002174068,0.0035844322,0.9938637,0.0003777964,c
test_4521.jpg,3.1201358e-05,1.300666e-05,4.784883e-06,0.999951,d
test_4522.jpg,6.143764e-06,0.99992704,2.1443844e-05,4.539662e-05,b
test_4523.jpg,0.9767299,0.017889433,0.00025517904,0.0051254085,a
test_4524.jpg,0.9617913,0.015545908,0.01996134,0.002701474,a
test_4525.jpg,0.14475438,0.004953223,0.83300406,0.017288446,c
test_4526.jpg,0.00012265198,0.00010824,0.005909703,0.99385935,d
test_4527.jpg,0.0002033768,0.00012335426,0.00012335426,0.9995499,d
test_4528.jpg,5.422158e-06,3.2887053e-06,0.99998343,7.8891935e-06,c
test_4529.jpg,0.0059075993,0.00054949237,3.7393424e-05,0.9935055,d
test_4530.jpg,0.014694726,0.07462598,0.9091305,0.0015488128,c
test_4531.jpg,0.99981374,1.892198e-05,0.00013981559,2.7531321e-05,a
test_4532.jpg,9.4224356e-07,2.5360143e-07,0.999998,8.31527e-07,c
test_4533.jpg,2.9022715e-06,2.5612453e-06,0.9999831,1.1478705e-05,c
test_4534.jpg,0.0015681912,0.18125826,0.004830369,0.8123432,d
test_4535.jpg,0.9990128,0.00043031733,0.00026100065,0.0002957525,a
test_4536.jpg,6.1439628e-06,0.99995935,1.3006769e-05,2.1444537e-05,b
test_4537.jpg,1.5534938e-06,1.3709534e-06,1.2098621e-06,0.9999958,d
test_4538.jpg,0.00037992105,5.8262776e-05,0.0001088492,0.999453,d
test_4539.jpg,0.20258144,0.42886487,0.10843402,0.2601197,b
test_4540.jpg,0.00590729,0.0006226238,1.6592363e-05,0.9934535,d
test_4541.jpg,2.5360066e-07,0.999995,2.260318e-06,2.561276e-06,b
test_4542.jpg,5.143688e-05,1.8922568e-05,8.480507e-05,0.9998448,d
test_4543.jpg,0.033008892,0.00087965716,0.9646612,0.0014503094,c
test_4544.jpg,0.99999666,1.2098631e-06,1.3709546e-06,7.338191e-07,a
test_4545.jpg,0.2808858,0.0013007593,0.1930498,0.5247637,d
test_4546.jpg,0.0051956307,0.990112,0.0019113658,0.002781021,b
test_4547.jpg,2.1440126e-05,0.99975365,2.1440126e-05,0.00020341825,b
test_4548.jpg,0.99999726,1.5534961e-06,2.873678e-07,9.4224293e-07,a
test_4549.jpg,0.0021658435,0.00017778327,0.52996445,0.467692,c
test_4550.jpg,2.4297877e-05,3.119909e-05,0.9998784,6.604847e-05,c
test_4551.jpg,2.1444597e-05,6.14398e-06,0.9999622,1.012971e-05,c
test_4552.jpg,1.4738812e-05,5.422106e-06,6.1440514e-06,0.9999738,d
test_4553.jpg,0.18398993,0.5667289,0.08691069,0.16237055,b
test_4554.jpg,0.0072568306,0.0005256831,0.95045733,0.04176018,c
test_4555.jpg,0.9999926,2.2603128e-06,1.7603334e-06,3.2887356e-06,a
test_4556.jpg,0.99997365,5.4221055e-06,1.670126e-05,4.22274e-06,a
test_4557.jpg,0.048506975,0.0027365761,0.27913836,0.6696181,d
test_4558.jpg,0.9965617,0.00026036025,0.00037882198,0.002799137,a
test_4559.jpg,0.005015085,0.84340763,0.14656225,0.005015085,b
test_4560.jpg,3.7266084e-06,1.3709426e-06,0.99998796,6.962221e-06,c
test_4561.jpg,6.144106e-06,0.9999827,3.288703e-06,7.889188e-06,b
test_4562.jpg,0.9999963,6.8935896e-07,5.043458e-07,2.5612792e-06,a
test_4563.jpg,1.7603367e-06,8.315242e-07,0.9999945,2.9023047e-06,c
test_4564.jpg,0.9999907,2.9022935e-06,4.222812e-06,2.2603085e-06,a
test_4565.jpg,2.3823671e-07,7.3382074e-07,1.4449787e-07,0.9999989,d
test_4566.jpg,0.99998724,2.561256e-06,5.422179e-06,4.7850567e-06,a
test_4567.jpg,0.9999676,1.6701159e-05,1.1478528e-05,4.2227143e-06,a
test_4568.jpg,0.0003346927,0.00169971,0.0002606589,0.9977049,d
test_4569.jpg,2.260282e-06,0.999979,1.994692e-06,1.670135e-05,b
test_4570.jpg,1.2098601e-06,1.7603361e-06,0.99999416,2.9023035e-06,c
test_4571.jpg,0.00032911796,0.017969232,0.9810868,0.00061487325,c
test_4572.jpg,1.2098552e-06,1.7603289e-06,0.9999901,6.962236e-06,c
test_4573.jpg,0.012420332,0.00029209824,0.9866692,0.0006183719,c
test_4574.jpg,0.00043054888,1.4732572e-05,4.2209526e-06,0.9995504,d
test_4575.jpg,7.338197e-07,4.450841e-07,0.9999975,1.3709557e-06,c
test_4576.jpg,0.9998235,4.005822e-05,0.00010888955,2.753159e-05,a
test_4577.jpg,2.5360126e-07,0.99999726,9.4224293e-07,1.5534961e-06,b
test_4578.jpg,0.99998844,4.785062e-06,2.5612592e-06,4.2228025e-06,a
test_4579.jpg,0.00090714294,0.0014956258,0.994803,0.0027941973,c
test_4580.jpg,2.7535089e-05,8.939334e-06,0.9999505,1.3006655e-05,c
test_4581.jpg,0.00037936136,0.0015004032,0.00013955924,0.99798065,d
test_4582.jpg,0.00012307614,0.0024720505,0.9972963,0.00010861432,c
test_4583.jpg,0.00023015583,2.1407828e-05,0.9982476,0.0015008046,c
test_4584.jpg,9.422395e-07,4.2228244e-06,1.2098595e-06,0.9999937,d
test_4585.jpg,8.9375035e-06,0.9997458,0.00023050125,1.4735451e-05,b
test_4586.jpg,8.932428e-06,0.00080407155,8.932428e-06,0.999178,d
test_4587.jpg,2.6995755e-07,2.3823671e-07,0.9999989,5.7150015e-07,c
test_4588.jpg,0.24489899,0.0005357144,0.75434196,0.00022331899,c
test_4589.jpg,0.040695008,0.003785225,0.23418358,0.72133625,d
test_4590.jpg,0.99942136,0.0003352685,4.004211e-05,0.00020335063,a
test_4591.jpg,0.001142618,0.02025339,0.975863,0.0027409985,c
test_4592.jpg,0.9940157,0.001693425,0.0007059245,0.0035849805,a
test_4593.jpg,0.0027974031,0.0005508413,0.0007072942,0.99594444,d
test_4594.jpg,0.99990356,6.605014e-05,2.144334e-05,8.938914e-06,a
test_4595.jpg,0.99935263,0.00010883827,0.00033524545,0.00020333665,a
test_4596.jpg,6.475864e-07,0.9999863,2.9022808e-06,1.0129954e-05,b
test_4597.jpg,0.001025944,0.9928833,0.0014927397,0.0045979624,b
test_4598.jpg,1.6700507e-05,3.288525e-06,0.9999286,5.1441188e-05,c
test_4599.jpg,1.5534923e-06,2.9023058e-06,7.338178e-07,0.9999949,d
test_4600.jpg,0.9998704,4.0060102e-05,3.1198844e-05,5.828711e-05,a
test_4601.jpg,5.04347e-07,6.083586e-07,2.699575e-07,0.9999987,d
test_4602.jpg,0.00062628556,6.601001e-05,1.1470821e-05,0.9992962,d
test_4603.jpg,0.0006260561,0.0003351037,0.00010879225,0.99893004,d
test_4604.jpg,0.99998236,3.288702e-06,1.0129914e-05,4.2227766e-06,a
test_4605.jpg,0.005701241,0.14703694,0.8461392,0.0011226409,c
test_4606.jpg,0.29947346,0.38453156,0.20582491,0.11017013,b
test_4607.jpg,9.422425e-07,1.2098633e-06,0.9999968,1.0677006e-06,c
test_4608.jpg,1.3574311e-07,3.927857e-07,0.99999833,1.2098651e-06,c
test_4609.jpg,2.902302e-06,1.760335e-06,0.99999356,1.760335e-06,c
test_4610.jpg,9.4224316e-07,6.475936e-07,9.4224316e-07,0.9999975,d
test_4611.jpg,0.0012977857,0.003113226,0.13237774,0.8632113,d
test_4612.jpg,1.2751883e-07,0.9999982,5.7149975e-07,1.0677021e-06,b
test_4613.jpg,0.9960246,0.0001229192,0.0035922257,0.00026021994,a
test_4614.jpg,0.19771525,0.012639513,0.781979,0.007666253,c
test_4615.jpg,0.9992249,0.00010882436,4.003424e-05,0.0006262409,a
test_4616.jpg,0.9986297,0.0007092012,0.00055232644,0.00010875953,a
test_4617.jpg,1.4449787e-07,3.466324e-07,0.9999989,5.7150015e-07,c
test_4618.jpg,0.99921155,0.00013973138,0.0005526483,9.6035874e-05,a
test_4619.jpg,1.5534688e-06,1.9946933e-06,1.6701362e-05,0.99997973,d
test_4620.jpg,7.338198e-07,9.422432e-07,0.9999976,7.338198e-07,c
test_4621.jpg,6.1441547e-06,2.9022933e-06,3.9278265e-07,0.9999906,d
test_4622.jpg,0.9996804,0.00017950281,0.00010887397,3.1192914e-05,a
test_4623.jpg,3.2887258e-06,9.422357e-07,0.9999896,6.1441488e-06,c
test_4624.jpg,0.9263124,0.004289678,0.06710184,0.002296099,a
test_4625.jpg,8.3152435e-07,4.222829e-06,1.9750435e-07,0.99999475,d
test_4626.jpg,0.99993503,3.5355206e-05,5.421896e-06,2.4299252e-05,a
test_4627.jpg,0.98415,0.0027642748,0.01093292,0.0021528194,a
test_4628.jpg,4.4508315e-07,0.99999535,8.3152486e-07,3.2887447e-06,b
test_4629.jpg,0.0009064207,0.0031637193,0.994011,0.0019188927,c
test_4630.jpg,2.8736724e-07,0.99999523,8.3152474e-07,3.7266354e-06,b
test_4631.jpg,0.9999963,1.370954e-06,9.42242e-07,1.370954e-06,a
test_4632.jpg,2.8736838e-07,3.0590206e-07,1.85539e-07,0.99999917,d
test_4633.jpg,5.421743e-06,0.9999068,2.90205e-06,8.481032e-05,b
test_4634.jpg,3.256266e-07,0.99998546,1.2098495e-06,1.30071085e-05,b
test_4635.jpg,0.00029579777,0.9991658,0.00033518276,0.00020329862,b
test_4636.jpg,0.18056363,0.80923,0.008989735,0.0012166281,b
test_4637.jpg,2.6995596e-07,0.9999931,2.9023006e-06,3.7266275e-06,b
test_4638.jpg,0.0073241247,0.24254169,0.747081,0.0030531494,c
test_4639.jpg,0.0003344953,0.8799521,0.11908857,0.0006249194,b
test_4640.jpg,0.9997931,9.609177e-05,1.4736149e-05,9.609177e-05,a
test_4641.jpg,0.99999666,1.2878926e-06,5.0434596e-07,1.553495e-06,a
test_4642.jpg,0.99981827,2.144151e-05,0.00010888898,5.1435512e-05,a
test_4643.jpg,0.9999709,5.4220905e-06,1.473877e-05,8.939516e-06,a
test_4644.jpg,0.8647625,0.00047828662,0.13261563,0.002143532,a
test_4645.jpg,2.9023e-06,1.7603337e-06,0.99999285,2.5612703e-06,c
test_4646.jpg,0.6387665,0.3419071,0.017022552,0.002303752,a
test_4647.jpg,3.5353543e-05,0.99988806,4.539485e-05,3.1199394e-05,b
test_4648.jpg,0.99980646,6.604372e-05,4.222034e-06,0.00012338591,a
test_4649.jpg,7.888147e-06,0.99985063,9.60973e-05,4.539315e-05,b
test_4650.jpg,4.5395856e-05,3.535433e-05,8.938974e-06,0.99991024,d
test_4651.jpg,0.94388777,0.00052204955,0.002339664,0.053250507,a
test_4652.jpg,0.6569224,0.007297749,0.025471644,0.3103082,a
test_4653.jpg,1.994708e-06,0.9999871,6.1441333e-06,4.7850563e-06,b
test_4654.jpg,0.9999957,1.9947252e-06,7.811456e-07,1.4593721e-06,a
test_4655.jpg,5.1399606e-05,0.9991203,0.0008040251,2.4279454e-05,b
test_4656.jpg,0.0018969346,0.0109161055,0.98263645,0.0045505096,c
test_4657.jpg,0.9993529,0.0001088383,0.000379883,0.00015835877,a
test_4658.jpg,2.4299747e-05,1.0129641e-05,1.0129641e-05,0.9999554,d
test_4659.jpg,3.5353394e-05,1.4737486e-05,6.604883e-05,0.9998838,d
test_4660.jpg,1.4738566e-05,1.1478407e-05,0.9999571,1.6700984e-05,c
test_4661.jpg,1.6701064e-05,4.7849353e-06,0.99996185,1.6701064e-05,c
test_4662.jpg,0.0006262198,0.00015833316,0.9991912,2.4281177e-05,c
test_4663.jpg,0.0018449315,0.00046647174,0.95569813,0.041990448,c
test_4664.jpg,7.470572e-05,0.99804795,0.0007087881,0.001168594,b
test_4665.jpg,6.9621933e-06,0.999984,4.222784e-06,4.7850413e-06,b
test_4666.jpg,0.0010186981,0.00070014026,0.9858709,0.012410283,c
test_4667.jpg,0.02924965,0.96861535,0.0011341319,0.0010008679,b
test_4668.jpg,6.9619296e-06,6.9619296e-06,0.9999461,4.0063136e-05,c
test_4669.jpg,0.99988353,9.610046e-05,1.1477563e-05,8.938735e-06,a
test_4670.jpg,3.7265684e-06,0.99997723,1.0129862e-05,8.939573e-06,b
test_4671.jpg,0.00020275971,0.99651706,0.00010852946,0.0031716956,b
test_4672.jpg,4.2226216e-06,0.99994564,1.0129543e-05,4.0063114e-05,b
test_4673.jpg,3.1195108e-05,1.4735523e-05,0.9997507,0.00020341764,c
test_4674.jpg,0.9947491,0.0040653124,0.0010278719,0.00015762926,a
test_4675.jpg,0.0023211422,0.03630877,0.93641555,0.024954628,c
test_4676.jpg,0.99634296,0.0010295188,0.00015788182,0.0024696875,a
test_4677.jpg,0.9951527,0.00029460972,0.004066962,0.00048572934,a
test_4678.jpg,0.00020234822,0.0052186297,8.435129e-05,0.99449474,d
test_4679.jpg,1.4737952e-05,0.9999155,1.147793e-05,5.8289737e-05,b
test_4680.jpg,2.2602978e-06,1.5534786e-06,0.99998605,1.0129952e-05,c
test_4681.jpg,7.889181e-06,4.2227744e-06,0.99998176,6.1441006e-06,c
test_4682.jpg,0.9999956,1.3709531e-06,7.811455e-07,2.2603194e-06,a
test_4683.jpg,0.004562592,0.0035533502,0.9852455,0.006638532,c
test_4684.jpg,0.99913186,0.00013972023,0.00070955785,1.8909075e-05,a
test_4685.jpg,1.5534879e-06,4.2228176e-06,0.999992,2.2603115e-06,c
test_4686.jpg,0.052980546,0.0029889578,0.9391026,0.004927958,c
test_4687.jpg,0.9999503,3.1201336e-05,1.6700871e-05,1.8737858e-06,a
test_4688.jpg,1.3709558e-06,7.338198e-07,2.6995718e-07,0.9999976,d
test_4689.jpg,3.119886e-05,0.9998709,1.3005619e-05,8.480728e-05,b
test_4690.jpg,0.99694854,0.0014988515,0.0013227317,0.00022985632,a
test_4691.jpg,4.5372475e-05,0.99939525,0.00017945161,0.00037989908,b
test_4692.jpg,7.88637e-06,0.99962556,3.1191204e-05,0.000335337,b
test_4693.jpg,3.466304e-07,0.9999932,2.260314e-06,4.2228226e-06,b
test_4694.jpg,0.89036465,0.106338896,0.00046261091,0.0028338355,a
test_4695.jpg,0.9997435,7.483264e-05,5.827971e-05,0.00012337815,a
test_4696.jpg,2.2380135e-07,0.99999297,5.42221e-06,1.3709495e-06,b
test_4697.jpg,0.0009975798,0.9654331,0.033035304,0.000533966,b
test_4698.jpg,0.9974037,0.0011678396,0.00026058024,0.0011678396,a
test_4699.jpg,4.005742e-05,1.6698417e-05,0.9998035,0.00013981415,c
test_4700.jpg,0.9999614,2.5611898e-06,3.1201682e-05,4.784933e-06,a
test_4701.jpg,0.99962485,0.00015840188,5.8272795e-05,0.00015840188,a
test_4702.jpg,2.5612692e-06,1.3709487e-06,0.9999924,3.7266248e-06,c
test_4703.jpg,6.600039e-05,0.00029579326,0.9991505,0.00048768066,c
test_4704.jpg,1.067699e-06,0.99999535,1.067699e-06,2.561277e-06,b
test_4705.jpg,5.658621e-08,3.9278612e-07,1.9750527e-07,0.9999994,d
test_4706.jpg,2.9022835e-06,0.99998724,6.962216e-06,2.9022835e-06,b
test_4707.jpg,0.9841113,0.014037593,0.00069889065,0.0011522758,a
test_4708.jpg,0.01088019,0.97940344,0.0031172265,0.0065991683,b
test_4709.jpg,0.9948736,0.004065821,0.0008006076,0.0002599192,a
test_4710.jpg,2.5612649e-06,1.9947151e-06,0.9999907,4.785073e-06,c
test_4711.jpg,8.938406e-06,0.9998467,0.00010889208,3.535208e-05,b
test_4712.jpg,7.888929e-06,6.9619555e-06,3.5355726e-05,0.9999498,d
test_4713.jpg,0.93043154,0.06740024,0.0015851017,0.00058312627,a
test_4714.jpg,0.015780084,0.0058051683,0.9762792,0.0021356023,c
test_4715.jpg,0.00070930185,0.00013966982,0.00037966194,0.99877137,d
test_4716.jpg,0.00022900154,0.9932412,0.0052120513,0.001317813,b
test_4717.jpg,0.9759025,0.017874278,0.005802928,0.00042036272,a
test_4718.jpg,4.5396246e-05,2.4298859e-05,1.1477968e-05,0.9999188,d
test_4719.jpg,2.1444665e-05,7.889051e-06,5.42206e-06,0.9999653,d
test_4720.jpg,0.99502325,0.0021766045,0.0021766045,0.0006236076,a
test_4721.jpg,1.209821e-06,1.553441e-06,3.535615e-05,0.99996185,d
test_4722.jpg,2.902268e-06,3.7265856e-06,0.9999819,1.1478692e-05,c
test_4723.jpg,0.9996667,0.000108872475,0.0001584085,6.603449e-05,a
test_4724.jpg,0.99999046,1.9947147e-06,6.9622383e-06,6.083536e-07,a
test_4725.jpg,3.7265995e-06,0.9999856,1.760321e-06,8.939647e-06,b
test_4726.jpg,0.08955242,0.3541867,0.45478472,0.10147619,c
test_4727.jpg,2.7533973e-05,5.8289417e-05,4.222471e-06,0.99991,d
test_4728.jpg,0.99996614,7.889057e-06,1.8924866e-05,6.962069e-06,a
test_4729.jpg,0.00015841883,0.99973184,5.1431067e-05,5.827903e-05,b
test_4730.jpg,0.9999975,5.368739e-07,1.5534964e-06,3.6898768e-07,a
test_4731.jpg,8.3152395e-07,3.288741e-06,0.9999943,1.5534914e-06,c
test_4732.jpg,3.466324e-07,1.6373754e-07,0.9999989,5.043471e-07,c
test_4733.jpg,5.4221996e-06,1.5534864e-06,1.994716e-06,0.99999106,d
test_4734.jpg,0.007551494,0.0027780398,0.9890506,0.0006198644,c
test_4735.jpg,1.0676968e-06,0.9999932,1.9947202e-06,3.726628e-06,b
test_4736.jpg,3.535429e-05,0.99990916,3.1200052e-05,2.4298624e-05,b
test_4737.jpg,3.288741e-06,1.5534914e-06,9.422401e-07,0.9999943,d
test_4738.jpg,0.49129313,0.0025780697,0.014835767,0.49129313,a
test_4739.jpg,3.5001299e-06,0.99978954,2.7530656e-05,0.00017952241,b
test_4740.jpg,1.0571669e-07,0.9999969,9.422426e-07,1.9947277e-06,b
test_4741.jpg,1.0676948e-06,6.1441597e-06,1.3709473e-06,0.9999914,d
test_4742.jpg,2.6995755e-07,4.4508474e-07,2.6995755e-07,0.9999989,d
test_4743.jpg,0.99968433,5.1428622e-05,0.00017950352,8.4791456e-05,a
test_4744.jpg,1.4738327e-05,3.535541e-05,8.939248e-06,0.9999409,d
test_4745.jpg,0.00051837415,0.059915904,0.0023231918,0.9372425,d
test_4746.jpg,0.012356792,0.98162156,0.00454581,0.0014758083,b
test_4747.jpg,4.7850194e-06,1.1478664e-05,0.9999795,4.222765e-06,c
test_4748.jpg,9.606962e-05,0.0002959153,0.9995627,4.538008e-05,c
test_4749.jpg,5.828078e-05,0.00015842359,2.1440303e-05,0.9997619,d
test_4750.jpg,5.422156e-06,3.7265897e-06,7.88919e-06,0.99998295,d
test_4751.jpg,2.8736832e-07,1.05716914e-07,0.99999905,6.475946e-07,c
test_4752.jpg,0.9998828,2.7533224e-05,7.484307e-05,1.4737471e-05,a
test_4753.jpg,0.00037117314,0.97644,0.00022512788,0.02296367,b
test_4754.jpg,0.00033503753,0.0003796473,0.00055238354,0.99873286,d
test_4755.jpg,0.99979836,1.892169e-05,2.429593e-05,0.00015842936,a
test_4756.jpg,2.3823685e-07,2.3823685e-07,5.6586213e-08,0.9999995,d
test_4757.jpg,0.9992773,0.0002610697,3.1180334e-05,0.00043043125,a
test_4758.jpg,0.03172908,0.23444794,0.011672476,0.7221505,d
test_4759.jpg,0.00033460325,0.0021818874,0.9974382,4.5283625e-05,c
test_4760.jpg,0.99981254,0.0001584316,1.8921957e-05,1.0128194e-05,a
test_4761.jpg,5.827398e-05,3.5344958e-05,0.99964523,0.00026116584,c
test_4762.jpg,1.067699e-06,3.059009e-07,0.99999535,3.2887447e-06,c
test_4763.jpg,0.9999198,4.006208e-05,3.1200383e-05,8.939059e-06,a
test_4764.jpg,0.9998072,4.0057566e-05,0.00013981467,1.3004789e-05,a
test_4765.jpg,6.4759337e-07,3.0590144e-07,0.99999714,1.994728e-06,c
test_4766.jpg,3.5352183e-05,0.99984956,9.6097196e-05,1.892266e-05,b
test_4767.jpg,0.9999589,8.939409e-06,2.4299832e-05,7.889e-06,a
test_4768.jpg,6.14394e-06,0.99995565,6.961996e-06,3.1201504e-05,b
test_4769.jpg,1.9947133e-06,7.8892435e-06,3.466292e-07,0.99998975,d
test_4770.jpg,0.00013960301,0.0015008736,0.9982936,6.594379e-05,c
test_4771.jpg,2.7520202e-05,0.9994099,0.00048780727,7.480766e-05,b
test_4772.jpg,1.4738418e-05,2.1444273e-05,0.9999471,1.6700817e-05,c
test_4773.jpg,1.8923853e-05,0.9999126,1.0129208e-05,5.828957e-05,b
test_4774.jpg,4.7850385e-06,2.9022724e-06,0.99998343,8.939628e-06,c
test_4775.jpg,0.000802736,0.0001791146,0.9975184,0.0014997082,c
test_4776.jpg,0.9998902,4.0060895e-05,2.4298162e-05,4.5394947e-05,a
test_4777.jpg,5.143428e-05,4.5390592e-05,0.00010888637,0.9997943,d
test_4778.jpg,1.2098526e-06,5.4221828e-06,0.99998796,5.4221828e-06,c
test_4779.jpg,0.0062807854,0.14295001,0.82262063,0.02814853,c
test_4780.jpg,0.0005513806,0.001498808,0.0010301147,0.99691963,d
test_4781.jpg,1.9947063e-06,4.7850513e-06,0.9999862,6.9622083e-06,c
test_4782.jpg,0.602965,0.22181846,0.0024641803,0.17275238,a
test_4783.jpg,0.9999964,1.0677002e-06,1.5534947e-06,9.4224214e-07,a
test_4784.jpg,0.0016993922,0.00029531008,0.9975184,0.000486884,c
test_4785.jpg,1.05716815e-07,0.9999981,6.47594e-07,1.2098649e-06,b
test_4786.jpg,0.9987324,0.00013966436,0.0010319878,9.598982e-05,a
test_4787.jpg,1.0129338e-05,0.9999255,2.429902e-05,4.006231e-05,b
test_4788.jpg,1.473812e-05,0.9999268,1.3006345e-05,4.539661e-05,b
test_4789.jpg,0.9960724,0.00037863597,0.0031702803,0.00037863597,a
test_4790.jpg,3.432126e-08,0.99999917,2.699576e-07,4.4508485e-07,b
test_4791.jpg,2.260311e-06,3.2887333e-06,2.561268e-06,0.9999919,d
test_4792.jpg,0.9998834,8.4808344e-05,2.4297999e-05,7.410471e-06,a
test_4793.jpg,4.539682e-05,1.3006406e-05,0.99993145,1.0129399e-05,c
test_4794.jpg,0.97039557,0.029303407,7.7320496e-05,0.00022373427,a
test_4795.jpg,5.8210193e-05,0.99855095,0.0013248578,6.596079e-05,b
test_4796.jpg,1.538166e-07,0.9999951,2.2603183e-06,2.5612762e-06,b
test_4797.jpg,1.2098593e-06,3.2887388e-06,0.99999356,1.994721e-06,c
test_4798.jpg,0.14798714,0.00032372057,8.184938e-05,0.8516072,d
test_4799.jpg,1.0129042e-05,0.99989617,5.828861e-05,3.535383e-05,b
test_4800.jpg,0.00017949102,0.9996147,6.6031054e-05,0.00013978776,b
test_4801.jpg,1.3002872e-05,0.9996598,0.00029594402,3.119227e-05,b
test_4802.jpg,1.3006574e-05,0.9999443,1.1478261e-05,3.120115e-05,b
test_4803.jpg,1.0676948e-06,0.9999914,3.2887317e-06,4.222815e-06,b
test_4804.jpg,2.2602424e-06,0.9999615,2.1444583e-05,1.4738631e-05,b
test_4805.jpg,0.00015828732,0.0002303067,0.0007093946,0.99890196,d
test_4806.jpg,2.4299805e-05,8.939399e-06,0.9999578,8.939399e-06,c
test_4807.jpg,0.00089063286,0.004523007,0.01788884,0.9766975,d
test_4808.jpg,0.9999354,1.6700622e-05,3.120087e-05,1.6700622e-05,a
test_4809.jpg,6.1424003e-06,0.999705,2.752833e-05,0.00026118147,b
test_4810.jpg,6.1422375e-06,0.9996786,8.479097e-05,0.00023048576,b
test_4811.jpg,2.4296274e-05,4.7842204e-06,0.99981254,0.0001584316,c
test_4812.jpg,4.450831e-07,0.99999523,1.7603379e-06,2.5612765e-06,b
test_4813.jpg,1.4738872e-05,3.7265706e-06,3.7265706e-06,0.9999778,d
test_4814.jpg,0.9999186,4.006203e-05,1.0129268e-05,3.1200347e-05,a
test_4815.jpg,0.0035723958,0.0045870473,0.9905263,0.0013142109,c
test_4816.jpg,0.999982,4.7850317e-06,5.4221505e-06,7.889183e-06,a
test_4817.jpg,8.939387e-06,0.9999565,3.2886169e-06,3.120153e-05,b
test_4818.jpg,0.022868082,0.0007825027,0.9723756,0.0039738766,c
test_4819.jpg,0.9902688,0.0075607956,0.0019116686,0.0002587162,a
test_4820.jpg,6.1432947e-06,0.99985063,5.8285957e-05,8.4805564e-05,b
test_4821.jpg,0.99991655,5.144057e-05,1.8923927e-05,1.3006213e-05,a
test_4822.jpg,9.422426e-07,9.422426e-07,1.2098634e-06,0.9999969,d
test_4823.jpg,2.902294e-06,0.9999908,2.902294e-06,3.2887297e-06,b
test_4824.jpg,2.4295143e-05,0.99976593,5.143282e-05,0.00015842423,b
test_4825.jpg,0.08483855,0.07486976,0.035365973,0.8049258,d
test_4826.jpg,5.8243873e-05,0.0008040319,8.931987e-06,0.99912876,d
test_4827.jpg,0.9983059,0.00026081596,0.00010872428,0.0013245328,a
test_4828.jpg,0.0011452144,0.9780805,0.008462055,0.012312217,b
test_4829.jpg,0.9999981,7.338201e-07,2.8736807e-07,9.422437e-07,a
test_4830.jpg,3.534978e-05,0.000179521,3.5001024e-06,0.99978167,d
test_4831.jpg,0.9999913,3.2887312e-06,2.5612665e-06,2.9022954e-06,a
test_4832.jpg,1.4737728e-05,7.484437e-05,0.9999002,1.01290825e-05,c
test_4833.jpg,0.0008033944,0.99833655,0.00043002603,0.00043002603,b
test_4834.jpg,1.5534932e-06,1.9947247e-06,9.4224123e-07,0.99999547,d
test_4835.jpg,0.0016962889,0.9956968,0.0021780778,0.00042888898,b
test_4836.jpg,0.0010314232,0.00048720985,0.0002955077,0.99818593,d
test_4837.jpg,5.825572e-05,0.00043045476,0.00017944023,0.9993319,d
test_4838.jpg,6.6049935e-05,0.9999006,1.670004e-05,1.670004e-05,b
test_4839.jpg,3.2887176e-06,4.7850563e-06,4.7850563e-06,0.9999871,d
test_4840.jpg,6.144104e-06,1.3709349e-06,0.99998236,1.0129914e-05,c
test_4841.jpg,0.9999219,4.5396388e-05,2.75343e-05,5.093333e-06,a
test_4842.jpg,8.3151923e-07,0.99998856,3.7266104e-06,6.962225e-06,b
test_4843.jpg,0.0014772938,0.9826096,0.0035438437,0.012369229,b
test_4844.jpg,0.01618919,0.006748657,0.09316234,0.88389975,d
test_4845.jpg,9.4224214e-07,3.9278495e-07,0.9999964,2.2603213e-06,c
test_4846.jpg,3.119741e-05,3.53513e-05,0.9998246,0.00010888967,c
test_4847.jpg,1.4733722e-05,0.00033533797,0.9996284,2.143744e-05,c
test_4848.jpg,1.3709536e-06,1.9947256e-06,0.99999595,6.475926e-07,c
test_4849.jpg,0.99998116,1.0129902e-05,5.422146e-06,3.288698e-06,a
test_4850.jpg,9.4224214e-07,1.3709542e-06,0.9999964,1.2098628e-06,c
test_4851.jpg,4.539195e-05,0.9998242,2.1441638e-05,0.00010888963,b
test_4852.jpg,0.9999087,4.5395787e-05,3.1200037e-05,1.4737852e-05,a
test_4853.jpg,0.9830383,0.0123746265,0.0024367084,0.0021503875,a
test_4854.jpg,1.670061e-05,0.9999347,2.4299243e-05,2.4299243e-05,b
test_4855.jpg,3.7266104e-06,2.2603035e-06,5.4221864e-06,0.99998856,d
test_4856.jpg,8.939542e-06,4.2227402e-06,0.9999738,1.3006957e-05,c
test_4857.jpg,2.4299365e-05,3.1201005e-05,4.784829e-06,0.9999397,d
test_4858.jpg,0.99991417,2.4298744e-05,4.0061856e-05,2.1443568e-05,a
test_4859.jpg,0.999998,6.4759394e-07,7.3382006e-07,6.4759394e-07,a
test_4860.jpg,0.9999585,1.3006758e-05,2.1444519e-05,6.962016e-06,a
test_4861.jpg,5.0434363e-07,0.999992,3.2887335e-06,4.2228176e-06,b
test_4862.jpg,6.1440287e-06,2.1444766e-05,2.260262e-06,0.9999701,d
test_4863.jpg,8.480976e-05,8.938883e-06,6.1435985e-06,0.9999001,d
test_4864.jpg,8.938858e-06,7.4844145e-05,1.8923562e-05,0.99989724,d
test_4865.jpg,7.4839685e-05,2.1441927e-05,0.99983764,6.604578e-05,c
test_4866.jpg,6.962188e-06,8.939626e-06,8.851428e-07,0.9999832,d
test_4867.jpg,0.017972682,0.98127514,0.0006149913,0.00013722312,b
test_4868.jpg,3.9278535e-07,9.4224316e-07,0.9999975,1.2098641e-06,c
test_4869.jpg,0.0001582091,0.00010873543,0.0013246686,0.9984084,d
test_4870.jpg,0.0006097577,0.02592756,0.00053810934,0.97292453,d
test_4871.jpg,0.00012330596,0.0004876846,0.9991586,0.00023036587,c
test_4872.jpg,0.99996734,2.7535552e-05,2.9022258e-06,2.2602555e-06,a
test_4873.jpg,1.5534832e-06,1.5534832e-06,0.99998903,7.889238e-06,c
test_4874.jpg,1.05716836e-07,0.99999833,7.338203e-07,8.3152736e-07,b
test_4875.jpg,0.99996734,8.939484e-06,1.8924888e-05,4.784961e-06,a
test_4876.jpg,0.00017875087,0.9954927,0.0040683514,0.00026008097,b
test_4877.jpg,2.2603194e-06,6.475924e-07,0.9999956,1.5534935e-06,c
test_4878.jpg,0.00017946765,7.481325e-05,0.00026112387,0.99948454,d
test_4879.jpg,2.1024321e-07,3.0590206e-07,0.99999917,2.3823677e-07,c
test_4880.jpg,4.7850585e-06,2.9022847e-06,0.9999876,4.7850585e-06,c
test_4881.jpg,0.99989617,4.5395216e-05,1.3005947e-05,4.5395216e-05,a
test_4882.jpg,3.5341956e-05,0.00037996183,0.9995603,2.4290146e-05,c
test_4883.jpg,0.99150944,0.00012236198,0.0075702677,0.0007979004,a
test_4884.jpg,6.475926e-07,3.2887465e-06,1.0571659e-07,0.99999595,d
test_4885.jpg,0.99999726,5.368738e-07,5.043463e-07,1.7603415e-06,a
test_4886.jpg,4.5293207e-05,0.99764925,0.0001231197,0.0021823489,b
test_4887.jpg,2.9022808e-06,5.422174e-06,5.422174e-06,0.9999863,d
test_4888.jpg,9.422392e-07,1.5534899e-06,0.9999933,4.222823e-06,c
test_4889.jpg,4.5396137e-05,1.6700305e-05,0.99991643,2.1443617e-05,c
test_4890.jpg,1.2098641e-06,6.475936e-07,0.9999975,6.475936e-07,c
test_4891.jpg,0.00020291777,3.111845e-05,0.9972939,0.0024720444,c
test_4892.jpg,3.1197498e-05,9.609506e-05,0.9998273,4.539209e-05,c
test_4893.jpg,0.002795119,0.0016953255,0.99513125,0.0003782782,c
test_4894.jpg,3.7266163e-06,4.7850704e-06,1.3709456e-06,0.9999901,d
test_4895.jpg,3.5354118e-05,8.9389205e-06,5.1439936e-05,0.9999043,d
test_4896.jpg,4.4508263e-07,0.99999416,2.9023035e-06,2.5612737e-06,b
test_4897.jpg,0.3479427,0.0005927621,0.0014219623,0.65004253,d
test_4898.jpg,1.7603411e-06,5.043462e-07,0.999997,7.338194e-07,c
test_4899.jpg,0.99767846,0.00048696212,0.00033468383,0.0014999488,a
test_4900.jpg,1.3709532e-06,3.4663128e-07,0.9999957,2.5612778e-06,c
test_4901.jpg,7.8888015e-06,0.9999337,4.5396922e-05,1.3006435e-05,b
test_4902.jpg,0.033030916,0.9653049,0.00053389504,0.0011302559,b
test_4903.jpg,0.00037976273,9.601905e-05,0.99903655,0.00048762502,c
test_4904.jpg,0.00090937637,0.00013945739,0.0016989389,0.9972523,d
test_4905.jpg,1.0129406e-05,6.143796e-06,5.1441373e-05,0.99993217,d
test_4906.jpg,0.041789908,0.004404624,0.0026715396,0.9511339,d
test_4907.jpg,9.931177e-08,0.9999982,7.3382023e-07,9.422438e-07,b
test_4908.jpg,6.603198e-05,0.99962866,7.482404e-05,0.00023047425,b
test_4909.jpg,1.0128608e-05,0.9998534,2.7532415e-05,0.00010889281,b
test_4910.jpg,1.5381643e-07,0.99999404,3.2887403e-06,2.5612735e-06,b
test_4911.jpg,0.18117511,0.0054710144,0.81197053,0.0013832892,c
test_4912.jpg,4.7848657e-06,1.670082e-05,3.120124e-05,0.9999473,d
test_4913.jpg,0.99999857,4.737901e-07,5.715e-07,3.6898808e-07,a
test_4914.jpg,5.42186e-06,0.99992836,5.1441177e-05,1.4738142e-05,b
test_4915.jpg,1.5534955e-06,9.422426e-07,5.3687364e-07,0.9999969,d
test_4916.jpg,9.4224e-07,3.7266313e-06,1.2098601e-06,0.99999416,d
test_4917.jpg,2.260282e-06,1.994692e-06,0.999979,1.670135e-05,c
test_4918.jpg,4.0051054e-05,0.00023047793,0.99964464,8.4788095e-05,c
test_4919.jpg,0.00020260915,0.99577713,0.00042892358,0.0035913333,b
test_4920.jpg,0.0023595875,0.0038903018,0.041824687,0.95192546,d
test_4921.jpg,1.669929e-05,4.222242e-06,0.99985564,0.00012339199,c
test_4922.jpg,1.1476391e-05,0.9997814,0.00017952095,2.7530432e-05,b
test_4923.jpg,0.9999827,6.144106e-06,7.889188e-06,3.288703e-06,a
test_4924.jpg,6.475916e-07,8.3152406e-07,0.9999944,4.2228276e-06,c
test_4925.jpg,0.0019262861,0.00015811919,7.469022e-05,0.9978409,d
test_4926.jpg,5.1440755e-05,2.1443695e-05,6.9617486e-06,0.9999201,d
test_4927.jpg,0.9999883,2.260303e-06,6.9622233e-06,2.5612587e-06,a
test_4928.jpg,0.9999534,5.0934937e-06,3.5355853e-05,6.143926e-06,a
test_4929.jpg,0.00012324691,0.00048745103,0.000709237,0.99868006,d
test_4930.jpg,1.1979289e-07,0.99999845,5.7149987e-07,8.315274e-07,b
test_4931.jpg,0.000108624314,0.99738806,3.1121384e-05,0.002472278,b
test_4932.jpg,1.4738699e-05,1.3006857e-05,6.1440046e-06,0.99996614,d
test_4933.jpg,2.7535385e-05,7.889019e-06,3.2886326e-06,0.99996126,d
test_4934.jpg,0.0003977056,0.92330235,0.07578927,0.0005106641,b
test_4935.jpg,6.023569e-08,0.99999917,2.1024321e-07,6.475947e-07,b
test_4936.jpg,0.99386734,0.0016931723,0.00037779775,0.0040617087,a
test_4937.jpg,0.99995375,6.143928e-06,8.9393625e-06,3.120144e-05,a
test_4938.jpg,6.5990556e-05,0.0009109716,2.1423999e-05,0.9990017,d
test_4939.jpg,0.99991155,7.4845215e-05,5.7714424e-06,7.888627e-06,a
test_4940.jpg,0.0017004255,0.00010870456,6.593264e-05,0.9981249,d
test_4941.jpg,5.422124e-06,1.6701319e-05,7.3380477e-07,0.9999771,d
test_4942.jpg,0.008585955,0.10459834,0.87579113,0.011024584,c
test_4943.jpg,0.0002598139,5.1160398e-05,0.9944705,0.005218502,c
test_4944.jpg,0.017647648,0.0016414871,0.85031134,0.13039948,c
test_4945.jpg,1.3709441e-06,2.5612605e-06,0.99998903,6.9622283e-06,c
test_4946.jpg,0.8090532,0.18052417,0.0042455215,0.0061771967,a
test_4947.jpg,0.02245991,0.2736177,0.04754763,0.65637475,d
test_4948.jpg,0.0004800048,0.015895575,0.98342437,0.00020009576,c
test_4949.jpg,1.1476972e-05,0.99983203,0.00013981815,1.6698896e-05,b
test_4950.jpg,5.1437964e-05,3.1198702e-05,5.1437964e-05,0.9998659,d
test_4951.jpg,0.00017945732,0.9994271,0.00033527042,5.8261263e-05,b
test_4952.jpg,2.1444273e-05,1.6700817e-05,1.4738418e-05,0.9999471,d
test_4953.jpg,1.012996e-05,1.9947076e-06,9.4223316e-07,0.9999869,d
test_4954.jpg,0.00091088394,0.99890554,0.00010878958,7.4769916e-05,b
test_4955.jpg,2.9022988e-06,3.7266252e-06,8.8515105e-07,0.9999925,d
test_4956.jpg,9.329466e-08,0.999997,5.714991e-07,2.2603226e-06,b
test_4957.jpg,0.98451126,0.0027652897,0.00033026675,0.012393168,a
test_4958.jpg,0.00070879434,6.592814e-05,0.9980567,0.0011686042,c
test_4959.jpg,0.9993666,0.000552734,4.5371173e-05,3.5335106e-05,a
test_4960.jpg,2.1444539e-05,1.0129683e-05,8.939414e-06,0.99995947,d
test_4961.jpg,0.46730328,0.0016853589,0.001487324,0.529524,d
test_4962.jpg,4.7850217e-06,3.7265786e-06,0.99998,1.147867e-05,c
test_4963.jpg,5.714933e-07,1.06769e-06,1.147875e-05,0.9999869,d
test_4964.jpg,0.586492,0.40308967,0.00947976,0.0009386234,a
test_4965.jpg,0.0007979663,3.97284e-05,0.99159133,0.007570893,c
test_4966.jpg,3.2887035e-06,1.3007074e-05,9.422293e-07,0.99998283,d
test_4967.jpg,2.7533228e-05,3.1199233e-05,0.99988294,5.828784e-05,c
test_4968.jpg,1.9947197e-06,3.2887367e-06,1.7603339e-06,0.99999297,d
test_4969.jpg,1.5534876e-06,5.7149606e-07,0.9999918,6.144162e-06,c
test_4970.jpg,0.0030768944,0.02919276,0.9667314,0.0009989213,c
test_4971.jpg,4.222795e-06,2.2602992e-06,0.99998665,6.962212e-06,c
test_4972.jpg,8.939063e-06,4.784736e-06,6.605124e-05,0.99992025,d
test_4973.jpg,0.91352254,0.0037333579,0.05839954,0.02434455,a
test_4974.jpg,7.338113e-07,0.99998605,4.222792e-06,8.939652e-06,b
test_4975.jpg,0.016271226,0.09363444,0.19822413,0.69187015,d
test_4976.jpg,1.3006857e-05,7.889057e-06,0.99996614,1.3006857e-05,c
test_4977.jpg,0.013163057,0.2643871,0.71867853,0.003771279,c
test_4978.jpg,3.7265722e-06,0.9999783,1.0129873e-05,7.8891535e-06,b
test_4979.jpg,1.2098606e-06,5.7149765e-07,0.9999945,3.7266327e-06,c
test_4980.jpg,0.99996483,1.300684e-05,1.6701113e-05,5.4220577e-06,a
test_4981.jpg,1.012898e-05,9.610109e-05,3.7262437e-06,0.9998901,d
test_4982.jpg,0.00020331994,0.9992705,0.00029582877,0.00023039167,b
test_4983.jpg,3.5344256e-05,0.9996253,0.00010886797,0.00023047348,b
test_4984.jpg,0.96628946,0.0044748085,0.003484984,0.025750741,a
test_4985.jpg,1.1476859e-05,7.887921e-06,0.00015843315,0.9998222,d
test_4986.jpg,4.222821e-06,1.3709493e-06,1.5534891e-06,0.99999285,d
test_4987.jpg,5.422176e-06,2.5612546e-06,0.99998665,5.422176e-06,c
test_4988.jpg,8.3152696e-07,4.4508425e-07,0.99999785,8.3152696e-07,c
test_4989.jpg,0.0031648476,0.0019195771,0.00054996804,0.9943656,d
test_4990.jpg,3.256291e-07,0.9999931,3.2887372e-06,3.2887372e-06,b
test_4991.jpg,0.00015842573,5.1433304e-05,1.4735887e-05,0.99977535,d
test_4992.jpg,2.536018e-07,7.7344176e-08,0.9999994,2.238028e-07,c
test_4993.jpg,4.0043622e-05,1.3000262e-05,0.9994591,0.00048783125,c
test_4994.jpg,0.14242192,0.013247303,0.8195816,0.024749221,c
test_4995.jpg,0.3197837,0.67698205,0.0007926645,0.0024415785,b
test_4996.jpg,5.7149487e-07,0.9999896,2.9022906e-06,6.9622324e-06,b
test_4997.jpg,0.9896207,0.0097019,0.00054734375,0.00013000554,a
test_4998.jpg,0.03198119,0.0038196081,0.23631078,0.72788846,d
test_4999.jpg,0.9998272,9.609504e-05,1.0781565e-05,6.604509e-05,a
test_5000.jpg,1.4738618e-05,1.6701044e-05,7.889014e-06,0.99996066,d
test_5001.jpg,0.00033446838,0.0024714058,0.00015799167,0.9970362,d
test_5002.jpg,5.143919e-05,3.1199444e-05,0.99988973,2.7533415e-05,c
test_5003.jpg,0.999972,8.939526e-06,1.0129809e-05,8.939526e-06,a
test_5004.jpg,5.043468e-07,6.4759416e-07,0.99999833,5.043468e-07,c
test_5005.jpg,0.9999981,1.2098649e-06,3.466321e-07,3.689879e-07,a
test_5006.jpg,8.8515145e-07,0.99999297,3.2887367e-06,2.9023001e-06,b
test_5007.jpg,5.4221946e-06,2.2603072e-06,2.2603072e-06,0.9999901,d
test_5008.jpg,1.8920837e-05,0.9997533,2.4294835e-05,0.00020341818,b
test_5009.jpg,2.14339e-05,0.9994634,8.477271e-05,0.0004305114,b
test_5010.jpg,9.595099e-05,0.9983284,7.472671e-05,0.001500926,b
test_5011.jpg,0.99999917,2.3823677e-07,3.689883e-07,2.8736838e-07,a
test_5012.jpg,0.0037512146,0.6308573,0.027717937,0.3376736,b
test_5013.jpg,0.00070660026,0.9949673,0.00025994368,0.004066204,b
test_5014.jpg,0.00015833361,0.0006262216,2.1428124e-05,0.9991941,d
test_5015.jpg,0.0004304358,0.00015834847,0.00012332192,0.9992879,d
test_5016.jpg,6.604019e-05,0.99975306,9.608792e-05,8.4797284e-05,b
test_5017.jpg,1.3006831e-05,1.1478488e-05,1.1478488e-05,0.9999641,d
test_5018.jpg,6.1419505e-06,0.9996319,6.603219e-05,0.00029593578,b
test_5019.jpg,0.00020342128,3.7257907e-06,0.99976856,2.4295206e-05,c
test_5020.jpg,0.9863657,0.0058651445,0.0058651445,0.0019041337,a
test_5021.jpg,0.04197968,0.2131904,0.00072230026,0.7441076,d
test_5022.jpg,0.00017934754,0.0007093333,0.00029569413,0.99881566,d
test_5023.jpg,0.007094533,0.0043030526,0.92920053,0.059401803,c
test_5024.jpg,3.2887324e-06,3.2887324e-06,1.7603317e-06,0.99999166,d
test_5025.jpg,8.9392615e-06,2.4299432e-05,2.4299432e-05,0.9999424,d
test_5026.jpg,0.0006262489,8.475357e-05,0.99923766,5.140564e-05,c
test_5027.jpg,0.001593533,0.16254477,0.01039114,0.8254705,d
test_5028.jpg,0.00037973808,0.9989717,9.601282e-05,0.0005525156,b
test_5029.jpg,0.0017415493,0.0008226496,0.20129573,0.7961401,d
test_5030.jpg,1.4449722e-07,0.9999944,2.5612744e-06,2.9023042e-06,b
test_5031.jpg,9.6090276e-05,0.9997776,5.143342e-05,7.483519e-05,b
test_5032.jpg,0.0004874581,0.9986946,0.0001087666,0.0007092473,b
test_5033.jpg,0.99968743,0.00010887473,0.00015841179,4.538574e-05,a
test_5034.jpg,5.043468e-07,7.338203e-07,4.4508448e-07,0.99999833,d
test_5035.jpg,8.939533e-06,0.9999727,6.9621146e-06,1.1478586e-05,b
test_5036.jpg,0.017931597,0.97903204,0.0018899764,0.0011463286,b
test_5037.jpg,2.75189e-05,0.99936265,0.00017944575,0.000430468,b
test_5038.jpg,0.9998246,3.53513e-05,0.00010888967,3.119741e-05,a
test_5039.jpg,0.98805165,0.00054647593,0.00042559588,0.010976263,a
test_5040.jpg,0.00048710807,0.00062545907,0.99797744,0.0009100376,c
test_5041.jpg,0.9563897,0.04202083,0.0014378737,0.00015155078,a
test_5042.jpg,0.19739848,0.32545507,0.25346467,0.2236818,b
test_5043.jpg,0.34649056,0.64732957,0.0043616723,0.0018182157,b
test_5044.jpg,0.00017932548,9.598601e-05,0.9986928,0.0010319469,c
test_5045.jpg,0.000709533,3.5325567e-05,0.9990969,0.0001583182,c
test_5046.jpg,0.00022977414,0.0007077542,0.99659216,0.002470305,c
test_5047.jpg,3.6898476e-07,0.9999895,2.2603058e-06,7.889242e-06,b
test_5048.jpg,0.8152336,0.00084237894,0.18190321,0.0020207623,a
test_5049.jpg,5.7149975e-07,5.0434676e-07,0.9999982,7.3382023e-07,c
test_5050.jpg,4.4508215e-07,0.9999931,1.0676966e-06,5.422211e-06,b
test_5051.jpg,0.068491966,0.036661107,0.8344029,0.06044395,c
test_5052.jpg,7.338188e-07,9.42242e-07,0.9999963,1.9947265e-06,c
test_5053.jpg,2.699576e-07,1.4449792e-07,0.99999917,4.4508485e-07,c
test_5054.jpg,0.991569,0.006681139,0.0014907636,0.00025905584,a
test_5055.jpg,0.00017944565,0.99936205,0.00012333108,0.00033524862,b
test_5056.jpg,0.011252124,0.19944867,0.7888348,0.0004644306,c
test_5057.jpg,5.368688e-07,0.99998796,6.1441383e-06,5.4221828e-06,b
test_5058.jpg,2.1444228e-05,2.7534934e-05,6.143874e-06,0.9999449,d
test_5059.jpg,0.0035908613,0.00042886724,0.9956463,0.00033400214,c
test_5060.jpg,0.0010257085,0.9926555,0.003159405,0.003159405,b
test_5061.jpg,0.9580921,0.007315123,0.012060599,0.022532167,a
test_5062.jpg,3.726614e-06,5.4221914e-06,1.3709447e-06,0.9999895,d
test_5063.jpg,0.0010802642,0.92260915,0.0005782238,0.07573237,b
test_5064.jpg,5.824757e-05,0.9991922,0.0007096007,4.0032926e-05,b
test_5065.jpg,1.3006329e-05,2.1443811e-05,0.9999255,4.006231e-05,c
test_5066.jpg,3.7266318e-06,1.2098602e-06,8.3152395e-07,0.9999943,d
test_5067.jpg,4.005898e-05,9.609651e-05,0.9998424,2.1442029e-05,c
test_5068.jpg,9.592176e-05,0.0015004687,0.00037937792,0.9980242,d
test_5069.jpg,7.338196e-07,9.4224305e-07,0.9999974,9.4224305e-07,c
test_5070.jpg,4.5387027e-05,0.00023049433,8.395755e-06,0.99971575,d
test_5071.jpg,1.6536274e-06,3.535611e-05,2.2602405e-06,0.99996066,d
test_5072.jpg,8.8514713e-07,0.9999881,4.785061e-06,6.144139e-06,b
test_5073.jpg,1.85539e-07,1.5381723e-07,0.99999917,4.4508485e-07,c
test_5074.jpg,0.99996674,6.9620733e-06,2.1444695e-05,4.7849585e-06,a
