id,p_a,p_b,p_c,p_d,answer
test_0001.jpg,0.00048770878,0.0002958103,8.391492e-06,0.99920815,d
test_0002.jpg,0.64401793,0.34471798,0.0008544704,0.010409581,a
test_0003.jpg,7.889068e-06,3.2886528e-06,0.99996746,2.144471e-05,c
test_0004.jpg,0.9995977,0.00026115344,0.00012336015,1.7771717e-05,a
test_0005.jpg,0.0046028607,0.99394107,0.0009063569,0.00054973323,b
test_0006.jpg,0.000539857,0.9760844,0.022955306,0.00042044107,b
test_0007.jpg,0.9999778,8.939578e-06,5.422128e-06,7.88915e-06,a
test_0008.jpg,3.0893696e-06,0.9999565,2.1444475e-05,1.8924682e-05,b
test_0009.jpg,0.0025896416,0.024569834,0.33917612,0.63366437,d
test_0010.jpg,1.147833e-05,0.9999503,6.9619587e-06,3.1201336e-05,b
test_0011.jpg,0.007572093,0.00062155526,5.781365e-05,0.9917486,d
test_0012.jpg,2.102425e-07,0.9999958,1.4593722e-06,2.561278e-06,b
test_0013.jpg,0.9997019,4.0053354e-05,2.7528244e-05,0.00023049115,a
test_0014.jpg,0.0058051674,0.97627914,0.015780082,0.0021356018,b
test_0015.jpg,0.023493227,0.001811603,0.7779888,0.19670637,c
test_0016.jpg,0.00010878727,0.0009108647,9.600443e-05,0.9988844,d
test_0017.jpg,0.999199,6.6003595e-05,0.0006262246,0.000108821536,a
test_0018.jpg,0.00077708747,0.96564627,0.00053408387,0.0330426,b
test_0019.jpg,0.0003323494,0.99071956,0.008571404,0.0003766012,b
test_0020.jpg,2.5612524e-06,0.9999858,5.4221714e-06,6.144125e-06,b
test_0021.jpg,5.3687296e-07,0.9999957,1.2098619e-06,2.5612778e-06,b
test_0022.jpg,0.00055118237,0.00070773216,0.9965611,0.0021799686,c
test_0023.jpg,7.8114385e-07,0.99999344,3.2887383e-06,2.561272e-06,b
test_0024.jpg,0.9946319,0.00033366182,0.0046060598,0.00042843027,a
test_0025.jpg,0.0026483492,0.16384754,0.0014175592,0.83208656,d
test_0026.jpg,2.7535101e-05,1.6700882e-05,4.784883e-06,0.999951,d
test_0027.jpg,1.0129857e-05,4.222753e-06,8.939569e-06,0.99997675,d
test_0028.jpg,0.6494472,0.34762403,0.002067048,0.0008616738,a
test_0029.jpg,1.9946592e-06,7.889029e-06,0.99996257,2.753542e-05,c
test_0030.jpg,3.466305e-07,0.99999344,2.561272e-06,3.7266288e-06,b
test_0031.jpg,0.9970591,0.00042947577,3.9947463e-05,0.0024714624,a
test_0032.jpg,0.00012338512,0.9998,4.539085e-05,3.1196647e-05,b
test_0033.jpg,0.009298867,0.8370573,0.1283669,0.02527694,b
test_0034.jpg,0.000108866625,0.00020338962,7.482286e-05,0.999613,d
test_0035.jpg,2.7533044e-05,1.1477479e-05,8.480774e-05,0.99987626,d
test_0036.jpg,3.726511e-06,3.2886344e-06,0.99996185,3.1201696e-05,c
test_0037.jpg,0.0023958418,0.11543811,0.029187325,0.8529787,d
test_0038.jpg,0.99867994,0.0010319336,0.00017932318,0.00010876501,a
test_0039.jpg,3.466304e-07,0.9999932,1.0676968e-06,5.4222114e-06,b
test_0040.jpg,0.9999088,5.8289348e-05,2.753394e-05,5.421754e-06,a
test_0041.jpg,0.9998658,9.609875e-05,6.96137e-06,3.11987e-05,a
test_0042.jpg,0.9883366,0.010979429,0.0002582114,0.00042571864,a
test_0043.jpg,3.534734e-05,2.1439246e-05,0.99971265,0.00023049362,c
test_0044.jpg,0.99992704,2.1443844e-05,4.539662e-05,6.143764e-06,a
test_0045.jpg,0.9970107,0.0016985274,0.00026047757,0.0010302088,a
test_0046.jpg,0.99964786,8.4788364e-05,0.00010887042,0.00015840551,a
test_0047.jpg,6.144149e-06,2.9022908e-06,0.99998975,1.2098548e-06,c
test_0048.jpg,3.2886783e-06,0.9999752,4.784999e-06,1.6701286e-05,b
test_0049.jpg,0.00015748323,0.0007997658,0.0052151284,0.9938275,d
test_0050.jpg,0.27029628,0.003855569,0.07744118,0.64840704,d
test_0051.jpg,6.4759007e-07,6.1441633e-06,1.136556e-06,0.999992,d
test_0052.jpg,7.889211e-06,2.260297e-06,4.2227903e-06,0.9999856,d
test_0053.jpg,0.7451013,0.010628299,0.0023714942,0.24189897,a
test_0054.jpg,0.34668767,0.6476978,0.004364154,0.001250351,b
test_0055.jpg,3.6898783e-07,0.99999785,7.3381995e-07,1.0677018e-06,b
test_0056.jpg,0.0029702848,0.6414029,0.052649554,0.30297726,b
test_0057.jpg,0.0013863952,0.16024546,0.81379366,0.02457444,c
test_0058.jpg,0.07328204,0.0019529003,0.78785616,0.13690886,c
test_0059.jpg,4.181179e-07,7.338198e-07,0.9999976,1.2098643e-06,c
test_0060.jpg,0.99999225,2.902298e-06,2.1233666e-06,2.7264566e-06,a
test_0061.jpg,0.9999857,1.6536687e-06,1.0129948e-05,2.5612521e-06,a
test_0062.jpg,0.0001397589,0.0004304877,2.1432721e-05,0.99940836,d
test_0063.jpg,1.0030125e-06,1.209864e-06,3.9278532e-07,0.9999974,d
test_0064.jpg,0.9999982,6.475941e-07,3.9278564e-07,7.8114755e-07,a
test_0065.jpg,0.8851331,0.09329234,0.00075823494,0.020816335,a
test_0066.jpg,1.370945e-06,0.99998975,1.0030049e-06,7.8892435e-06,b
test_0067.jpg,3.6898615e-07,0.9999933,9.422392e-07,5.422212e-06,b
test_0068.jpg,1.6694406e-05,4.0047795e-05,0.9995633,0.00037996296,c
test_0069.jpg,6.962188e-06,1.0029983e-06,0.9999832,8.939626e-06,c
test_0070.jpg,2.123139e-06,0.9998851,1.6699782e-05,9.610061e-05,b
test_0071.jpg,1.300699e-05,8.939565e-06,1.6536534e-06,0.9999764,d
test_0072.jpg,0.9826324,0.0024357024,0.010916061,0.004015794,a
test_0073.jpg,1.8924615e-05,1.147836e-05,0.9999529,1.6700915e-05,c
test_0074.jpg,1.1365505e-06,0.99998724,5.422179e-06,6.144134e-06,b
test_0075.jpg,0.99996793,1.2218833e-05,1.4738725e-05,5.093568e-06,a
test_0076.jpg,0.99379504,0.0035841847,0.00015747808,0.0024633717,a
test_0077.jpg,0.0013244073,0.9982114,0.00037944905,8.466652e-05,b
test_0078.jpg,1.1478168e-05,4.5397035e-05,0.9999362,6.961861e-06,c
test_0079.jpg,0.0011685146,0.00080310757,4.8230362e-05,0.9979802,d
test_0080.jpg,1.0676948e-06,0.9999914,3.2887317e-06,4.222815e-06,b
test_0081.jpg,0.10609027,0.004113566,0.0015132965,0.8882829,d
test_0082.jpg,9.609187e-05,0.9997942,5.1434272e-05,5.8282665e-05,b
test_0083.jpg,0.9999548,1.6700946e-05,2.1444439e-05,6.96199e-06,a
test_0084.jpg,2.1233473e-06,1.6536646e-06,0.9999832,1.3007079e-05,c
test_0085.jpg,0.0023958392,0.7527502,0.00047176864,0.24438222,b
test_0086.jpg,4.785021e-06,5.422138e-06,0.99997973,1.0129887e-05,c
test_0087.jpg,9.4223697e-07,0.99999094,4.7850745e-06,3.28873e-06,b
test_0088.jpg,0.052968696,0.0018124891,0.9388926,0.0063262084,c
test_0089.jpg,5.3687336e-07,0.9999964,1.0677002e-06,1.9947267e-06,b
test_0090.jpg,3.2563102e-07,1.4449789e-07,0.99999905,5.043472e-07,c
test_0091.jpg,0.00080145,0.0031697962,0.00010846446,0.9959203,d
test_0092.jpg,1.3709516e-06,0.9999945,2.5612746e-06,1.5534918e-06,b
test_0093.jpg,0.0019260978,0.00029537667,3.5277713e-05,0.99774337,d
test_0094.jpg,1.5381717e-07,0.9999988,7.338207e-07,3.4663233e-07,b
test_0095.jpg,0.03726733,0.9611372,0.0009931407,0.00060237024,b
test_0096.jpg,0.0015003753,0.9979621,0.00037935431,0.0001581384,b
test_0097.jpg,4.785069e-06,1.6536757e-06,0.99998987,3.7266154e-06,c
test_0098.jpg,0.99982893,9.609522e-05,1.6698845e-05,5.828469e-05,a
test_0099.jpg,4.7850713e-06,3.7266173e-06,0.99999034,1.2098554e-06,c
test_0100.jpg,0.9958722,0.0006241397,0.003169643,0.0003340779,a
test_0101.jpg,6.4758945e-07,0.99999106,2.9022947e-06,5.4221996e-06,b
test_0102.jpg,1.2878857e-06,0.9999913,3.7266207e-06,3.7266207e-06,b
test_0103.jpg,0.6844533,0.043755636,0.22220945,0.049581636,a
test_0104.jpg,0.00062628847,0.99930084,2.7517199e-05,4.536819e-05,b
test_0105.jpg,0.00013981387,2.7530983e-05,3.119669e-05,0.99980146,d
test_0106.jpg,0.17707822,0.005347299,0.02396493,0.7936095,d
test_0107.jpg,5.8201123e-05,0.0015010267,0.9983954,4.532708e-05,c
test_0108.jpg,6.1439787e-06,3.12017e-05,6.083363e-07,0.999962,d
test_0109.jpg,0.99998283,6.144107e-06,6.144107e-06,4.7850353e-06,a
test_0110.jpg,1.8924435e-05,2.7534892e-05,1.0129519e-05,0.9999434,d
test_0111.jpg,2.2602621e-06,6.144029e-06,0.9999702,2.144477e-05,c
test_0112.jpg,5.043465e-07,0.9999976,6.8935987e-07,1.2098643e-06,b
test_0113.jpg,0.009822743,0.10560444,0.00035779338,0.8842151,d
test_0114.jpg,0.15384258,0.17432646,0.41818747,0.2536435,c
test_0115.jpg,4.006333e-05,6.1439114e-06,2.7263443e-06,0.999951,d
test_0116.jpg,0.0019222047,0.9957267,0.0019222047,0.00042890184,b
test_0117.jpg,0.93899965,0.0071693505,0.05297474,0.00085625687,a
test_0118.jpg,1.1365613e-06,0.99999666,1.0030118e-06,1.2098631e-06,b
test_0119.jpg,0.04198727,0.0012679057,0.0011189228,0.95562583,d
test_0120.jpg,8.939276e-06,6.9619155e-06,0.9999441,4.0063052e-05,c
test_0121.jpg,0.08872195,0.0004108642,0.06909673,0.84177047,d
test_0122.jpg,0.9928773,0.00029393611,0.0066899545,0.00013884559,a
test_0123.jpg,0.99998486,1.30071e-05,8.851443e-07,1.2878774e-06,a
test_0124.jpg,1.3007058e-05,1.653662e-06,3.7265847e-06,0.99998164,d
test_0125.jpg,9.422354e-07,0.9999893,6.1441465e-06,3.7266132e-06,b
test_0126.jpg,0.9999577,1.0129665e-05,2.4299803e-05,7.888991e-06,a
test_0127.jpg,3.7266034e-06,4.222795e-06,0.99998665,5.422176e-06,c
test_0128.jpg,1.9750495e-07,0.99999774,5.368741e-07,1.5534968e-06,b
test_0129.jpg,4.0017978e-05,0.99881905,0.0010320774,0.000108780165,b
test_0130.jpg,8.938965e-06,7.484505e-05,6.961673e-06,0.9999093,d
test_0131.jpg,0.9999459,2.1444248e-05,2.7534961e-05,5.0934555e-06,a
test_0132.jpg,0.00012338815,3.53513e-05,1.669877e-05,0.9998246,d
test_0133.jpg,4.539626e-05,2.7534226e-05,7.888687e-06,0.9999192,d
test_0134.jpg,4.0059702e-05,1.4737141e-05,0.9998604,8.4806394e-05,c
test_0135.jpg,0.0014775352,0.004016357,0.31905878,0.6754474,d
test_0136.jpg,0.97924954,0.001668269,0.0011465832,0.017935582,a
test_0137.jpg,0.99486935,0.0009072034,0.0001576483,0.0040658037,a
test_0138.jpg,0.9966918,5.1274674e-05,8.453764e-05,0.0031722519,a
test_0139.jpg,0.09525414,0.9037462,0.00049984787,0.00049984787,b
test_0140.jpg,0.9782355,0.003528068,0.0024248036,0.015811704,a
test_0141.jpg,1.7429747e-07,0.9999976,6.8935987e-07,1.5534965e-06,b
test_0142.jpg,1.8924096e-05,1.0129338e-05,0.9999255,4.5396548e-05,c
test_0143.jpg,2.2380055e-07,0.9999894,2.5612615e-06,7.889241e-06,b
test_0144.jpg,2.902263e-06,0.9999802,5.422141e-06,1.1478673e-05,b
test_0145.jpg,0.9981377,0.00020308945,0.0013243096,0.0003348379,a
test_0146.jpg,1.1475491e-05,0.999703,2.4293613e-05,0.00026118095,b
test_0147.jpg,0.9999391,3.1200987e-05,1.30065055e-05,1.6700684e-05,a
test_0148.jpg,1.0676998e-06,1.1365606e-06,0.99999607,1.7603394e-06,c
test_0149.jpg,3.2563062e-07,0.99999785,1.0677018e-06,7.3381995e-07,b
test_0150.jpg,3.2887278e-06,4.22281e-06,0.9999902,2.2603074e-06,c
test_0151.jpg,0.99479795,0.004065512,0.00022936048,0.00090713834,a
test_0152.jpg,0.0019652913,0.7928551,0.20046516,0.0047144885,b
test_0153.jpg,0.00012334282,0.0001583753,0.9994572,0.00026111671,c
test_0154.jpg,1.3006957e-05,8.939542e-06,4.2227402e-06,0.9999738,d
test_0155.jpg,0.9999738,7.889118e-06,1.6701262e-05,1.6536491e-06,a
test_0156.jpg,2.1444164e-05,5.4219336e-06,0.99994195,3.1201074e-05,c
test_0157.jpg,0.008402424,0.85707045,0.13143602,0.0030910787,b
test_0158.jpg,6.1441247e-06,4.785049e-06,0.9999857,3.2887128e-06,c
test_0159.jpg,0.99999714,8.8515515e-07,6.893595e-07,1.2878933e-06,a
test_0160.jpg,7.888592e-06,0.99990714,1.01291525e-05,7.484489e-05,b
test_0161.jpg,1.9947154e-06,4.2228125e-06,0.9999908,2.902294e-06,c
test_0162.jpg,3.2887203e-06,1.7603252e-06,0.99998796,6.962221e-06,c
test_0163.jpg,0.0010405647,0.88870347,0.106140494,0.004115514,b
test_0164.jpg,0.9942655,0.001919384,0.0035858813,0.00022923772,a
test_0165.jpg,6.475907e-07,0.99999297,2.2603135e-06,4.2228216e-06,b
test_0166.jpg,0.00022993256,0.9972792,0.0013231705,0.0011676939,b
test_0167.jpg,2.1441738e-05,0.9998288,7.483902e-05,7.483902e-05,b
test_0168.jpg,3.119036e-05,0.0002304673,0.99959856,0.0001397855,c
test_0169.jpg,0.99784946,0.0008030024,0.00017917405,0.0011683615,a
test_0170.jpg,0.00062632427,1.147153e-05,4.22014e-06,0.999358,d
test_0171.jpg,4.0060895e-05,6.604925e-05,3.7262441e-06,0.9998902,d
test_0172.jpg,8.939533e-06,0.9999727,6.9621146e-06,1.1478586e-05,b
test_0173.jpg,0.997519,0.0005517122,0.00042967388,0.0014997091,a
test_0174.jpg,0.8009716,0.0061154934,0.03519224,0.15772066,a
test_0175.jpg,3.1201147e-05,1.670077e-05,7.888884e-06,0.9999442,d
test_0176.jpg,0.0008017238,0.00013931871,0.9962606,0.0027982912,c
test_0177.jpg,0.99978584,0.00012338338,4.5390207e-05,4.5390207e-05,a
test_0178.jpg,0.0019261068,0.99774796,9.589521e-05,0.00023004063,b
test_0179.jpg,8.936692e-06,0.999655,7.482601e-05,0.0002611684,b
test_0180.jpg,0.9992994,0.00029583735,0.00010883248,0.00029583735,a
test_0181.jpg,0.5884844,0.0057692984,0.40445903,0.0012873044,a
test_0182.jpg,1.0129792e-05,1.4738761e-05,0.9999703,4.7849758e-06,c
test_0183.jpg,1.1478402e-05,1.3006733e-05,1.8924686e-05,0.9999566,d
test_0184.jpg,0.00070357585,0.006675342,0.0019125175,0.9907086,d
test_0185.jpg,0.9998683,7.484198e-05,2.1442584e-05,3.5352845e-05,a
test_0186.jpg,0.99996996,1.4738755e-05,5.0935782e-06,1.0129788e-05,a
test_0187.jpg,0.00029589978,3.534019e-05,0.00015838371,0.9995103,d
test_0188.jpg,8.480448e-05,1.8922437e-05,5.8285215e-05,0.9998379,d
test_0189.jpg,3.7266252e-06,2.40609e-06,1.3709488e-06,0.9999925,d
test_0190.jpg,5.421932e-06,1.4592933e-06,0.9999417,5.1441864e-05,c
test_0191.jpg,0.9999355,6.1438163e-06,1.3006459e-05,4.5397002e-05,a
test_0192.jpg,3.533659e-05,3.286815e-06,0.9994086,0.0005527573,c
test_0193.jpg,0.4951633,0.43698007,0.06701306,0.0008435701,a
test_0194.jpg,0.00033067254,0.18234006,0.00013784484,0.8171914,d
test_0195.jpg,4.006087e-05,1.8923418e-05,0.9998896,5.1439183e-05,c
test_0196.jpg,0.010647164,0.0006006719,0.24232833,0.74642384,d
test_0197.jpg,9.6099175e-05,0.9998702,1.4737285e-05,1.8923049e-05,b
test_0198.jpg,0.53057647,0.0010242535,0.4682321,0.00016720481,a
test_0199.jpg,0.98150706,0.00047906896,3.6941827e-05,0.017976929,a
test_0200.jpg,5.4221337e-06,1.1478658e-05,0.9999789,4.222762e-06,c
test_0201.jpg,0.99530387,0.00029465448,0.00033388723,0.0040675793,a
test_0202.jpg,5.1441304e-05,1.1478106e-05,0.99993086,6.1437877e-06,c
test_0203.jpg,0.4645772,0.52643496,0.0014786475,0.0075091906,b
test_0204.jpg,0.00088970055,0.00061148166,0.5917769,0.40672192,c
test_0205.jpg,0.00035070212,0.55957747,0.4357994,0.0042724265,b
test_0206.jpg,1.4738787e-05,4.2227334e-06,8.939527e-06,0.9999721,d
test_0207.jpg,2.2603e-06,0.999987,2.9022829e-06,7.889222e-06,b
test_0208.jpg,0.0010273934,0.00062314555,0.994286,0.0040634195,c
test_0209.jpg,0.0014571609,0.96921843,0.022793833,0.0065305424,b
test_0210.jpg,0.99999404,2.1233702e-06,1.0030091e-06,2.9023033e-06,a
test_0211.jpg,9.59729e-05,0.0013248649,2.2795562e-05,0.9985563,d
test_0212.jpg,0.9999919,1.760332e-06,1.5534877e-06,4.785079e-06,a
test_0213.jpg,0.9999659,1.4738695e-05,7.889055e-06,1.1478509e-05,a
test_0214.jpg,0.28975922,0.014426262,0.0007182413,0.69509625,d
test_0215.jpg,1.6536425e-06,9.4221707e-07,0.99996984,2.753562e-05,c
test_0216.jpg,4.7850444e-06,2.5612496e-06,0.99998474,7.889204e-06,c
test_0217.jpg,5.4221528e-06,3.288702e-06,0.99998236,8.939619e-06,c
test_0218.jpg,0.9999523,1.4738495e-05,1.14783525e-05,2.1444386e-05,a
test_0219.jpg,0.99987876,4.5394427e-05,5.1438627e-05,2.4297886e-05,a
test_0220.jpg,0.3669513,0.6050004,0.018269429,0.009778921,b
test_0221.jpg,0.0016782837,0.000792765,0.012400931,0.985128,d
test_0222.jpg,0.0022839876,0.9214263,0.0006543734,0.07563528,b
test_0223.jpg,0.00062611763,8.47358e-05,0.9990282,0.00026100464,c
test_0224.jpg,0.99996567,1.6701128e-05,1.1478506e-05,6.1440014e-06,a
test_0225.jpg,0.9996556,0.00015840675,2.7526967e-05,0.00015840675,a
test_0226.jpg,0.99998677,2.2602994e-06,8.939658e-06,1.9947074e-06,a
test_0227.jpg,3.5353434e-05,7.484323e-05,4.7845674e-06,0.99988496,d
test_0228.jpg,0.00015837129,0.00017945818,0.00023042886,0.9994318,d
test_0229.jpg,1.0129725e-05,2.4299947e-05,1.8738108e-06,0.99996364,d
test_0230.jpg,0.00020291514,0.0021815433,0.99728096,0.00033455048,c
test_0231.jpg,0.0066916863,3.5114746e-05,0.99313426,0.00013888151,c
test_0232.jpg,2.1024226e-07,0.99999464,1.7603369e-06,3.2887422e-06,b
test_0233.jpg,7.889191e-06,2.9022715e-06,0.9999831,6.1441083e-06,c
test_0234.jpg,6.144005e-06,3.288649e-06,0.99996626,2.430001e-05,c
test_0235.jpg,0.99608225,9.573511e-05,0.0035924334,0.00022965658,a
test_0236.jpg,6.8935304e-07,7.889227e-06,3.7266075e-06,0.9999877,d
test_0237.jpg,0.00015841812,5.42077e-06,0.9997273,0.000108879074,c
test_0238.jpg,0.0027761564,0.008551163,0.00029260473,0.9883801,d
test_0239.jpg,0.00017950639,7.4829404e-05,4.5386325e-05,0.9997003,d
test_0240.jpg,0.3723484,0.6138987,0.0025088638,0.011243948,b
test_0241.jpg,1.1478686e-05,4.2227725e-06,2.9022667e-06,0.9999814,d
test_0242.jpg,2.5612674e-06,5.4222032e-06,3.6898555e-07,0.99999166,d
test_0243.jpg,1.8553882e-07,0.9999982,2.6995735e-07,1.2878946e-06,b
test_0244.jpg,1.892468e-05,3.2886164e-06,0.99995637,2.1444474e-05,c
test_0245.jpg,0.00043031154,0.0005525309,1.776108e-05,0.9989994,d
test_0246.jpg,0.040277805,0.55601794,0.021559155,0.38214517,b
test_0247.jpg,0.004819384,0.07538785,0.91841197,0.0013807765,c
test_0248.jpg,0.999977,6.144071e-06,1.078318e-05,6.144071e-06,a
test_0249.jpg,0.99998057,5.4221427e-06,3.9669244e-06,1.01298965e-05,a
test_0250.jpg,5.422141e-06,2.902263e-06,0.9999802,1.1478673e-05,c
test_0251.jpg,1.1365621e-06,3.6898766e-07,0.9999974,1.0030125e-06,c
test_0252.jpg,1.2098548e-06,0.99998975,4.222808e-06,4.7850685e-06,b
test_0253.jpg,0.98626626,0.01241526,0.00070042105,0.0006181194,a
test_0254.jpg,0.9999927,4.7850826e-06,1.2878876e-06,1.1365568e-06,a
test_0255.jpg,0.99977046,2.1440486e-05,0.00012338147,8.479876e-05,a
test_0256.jpg,2.5360129e-07,0.9999974,6.893597e-07,1.6536881e-06,b
test_0257.jpg,0.00012338301,0.999783,3.534983e-05,5.828201e-05,b
test_0258.jpg,1.0030121e-06,0.999997,1.0677009e-06,9.422427e-07,b
test_0259.jpg,6.604653e-05,7.484053e-05,1.0128563e-05,0.99984896,d
test_0260.jpg,8.8515213e-07,0.9999937,2.5612726e-06,2.9023022e-06,b
test_0261.jpg,0.9999883,3.2887215e-06,2.260303e-06,6.1441406e-06,a
test_0262.jpg,0.020217594,0.003513291,0.9741382,0.0021309187,c
test_0263.jpg,0.9999881,2.4060794e-06,6.144139e-06,3.2887208e-06,a
test_0264.jpg,2.5612721e-06,2.4060926e-06,1.459369e-06,0.99999356,d
test_0265.jpg,1.0129706e-05,0.99996185,3.726511e-06,2.4299903e-05,b
test_0266.jpg,0.8798921,0.004074709,0.07222594,0.043807246,a
test_0267.jpg,0.00019716399,0.24500549,0.00012729866,0.75467,d
test_0268.jpg,2.5612771e-06,1.4593718e-06,5.043454e-07,0.99999547,d
test_0269.jpg,0.0003352984,9.60646e-05,5.8266123e-05,0.9995104,d
test_0270.jpg,0.99653,0.00026035195,0.001029712,0.0021799004,a
test_0271.jpg,0.5300382,0.0019116162,0.00029315584,0.46775705,a
test_0272.jpg,4.0060524e-05,1.3005749e-05,0.9998809,6.604864e-05,c
test_0273.jpg,0.9995939,3.5343142e-05,0.00029592452,7.482144e-05,a
test_0274.jpg,0.9999901,3.5008322e-06,2.902292e-06,3.5008322e-06,a
test_0275.jpg,5.4219595e-06,0.9999467,2.4059798e-06,4.539751e-05,b
test_0276.jpg,0.0024712957,0.99699175,0.00037898545,0.00015798463,b
test_0277.jpg,0.0019261475,0.00023004551,7.4684845e-05,0.9977691,d
test_0278.jpg,0.0028006062,0.9970848,7.463363e-05,3.9948496e-05,b
test_0279.jpg,0.0008039029,0.00017937498,4.8278125e-05,0.9989685,d
test_0280.jpg,0.00061420345,0.8648629,0.00189188,0.13263103,b
test_0281.jpg,0.9965745,0.0001579185,9.578242e-05,0.0031718784,a
test_0282.jpg,1.8918141e-05,0.00023047013,0.99961084,0.00013978721,c
test_0283.jpg,0.00023048991,0.9996966,5.142925e-05,2.1438902e-05,b
test_0284.jpg,1.3709549e-06,5.71499e-07,0.9999969,1.0677007e-06,c
test_0285.jpg,3.1195905e-05,0.9997763,0.00017952004,1.3004388e-05,b
test_0286.jpg,2.4295592e-05,0.9997844,0.00013981148,5.143377e-05,b
test_0287.jpg,3.2886683e-06,0.9999721,7.889104e-06,1.6701235e-05,b
test_0288.jpg,0.94524115,0.0006712861,0.0007606668,0.05332686,a
test_0289.jpg,2.9022583e-06,0.99997854,1.8738386e-06,1.6701342e-05,b
test_0290.jpg,6.144144e-06,3.2887235e-06,1.5534831e-06,0.9999889,d
test_0291.jpg,4.222826e-06,1.0030091e-06,8.315238e-07,0.99999404,d
test_0292.jpg,0.5087828,0.14576872,0.036856104,0.30859235,a
test_0293.jpg,2.9023026e-06,1.136558e-06,0.9999938,2.2603153e-06,c
test_0294.jpg,0.002849887,0.79019463,0.17631626,0.03063917,b
test_0295.jpg,2.9022876e-06,6.144143e-06,0.9999887,2.2603037e-06,c
test_0296.jpg,0.008521941,0.0013068818,0.98500234,0.005168818,c
test_0297.jpg,0.09301997,0.023519132,0.0009119357,0.8825489,d
test_0298.jpg,2.1444786e-05,3.2886646e-06,0.99997103,4.222729e-06,c
test_0299.jpg,0.0013241479,0.9980159,0.0004298879,0.0002301024,b
test_0300.jpg,5.143824e-05,0.99987125,5.8287158e-05,1.892307e-05,b
test_0301.jpg,0.9999975,4.450841e-07,2.6995716e-07,1.7603419e-06,a
test_0302.jpg,7.481728e-05,5.1421113e-05,0.9995384,0.00033530776,c
test_0303.jpg,0.0009083615,0.99613935,0.0010293084,0.0019230014,b
test_0304.jpg,0.00033508718,0.9988808,7.476806e-05,0.00070937956,b
test_0305.jpg,1.6697164e-05,0.9997284,5.143089e-05,0.0002034131,b
test_0306.jpg,0.008522054,0.0045615267,0.8692731,0.11764332,c
test_0307.jpg,0.00015842516,0.9997718,1.147628e-05,5.828136e-05,b
test_0308.jpg,0.0005518504,0.997769,0.001500085,0.0001791596,b
test_0309.jpg,0.0004303916,0.00012330926,0.00026104567,0.99918526,d
test_0310.jpg,1.6700202e-05,0.99991024,5.828943e-05,1.4737875e-05,b
test_0311.jpg,0.16391867,0.0034020238,0.00023151062,0.83244777,d
test_0312.jpg,0.9386295,0.052953858,0.00029579783,0.008120736,a
test_0313.jpg,0.9999962,1.7603396e-06,8.3152554e-07,1.2098625e-06,a
test_0314.jpg,0.9666717,0.00017357577,7.7023775e-05,0.033077687,a
test_0315.jpg,2.26029e-06,0.9999826,8.939621e-06,6.1441056e-06,b
test_0316.jpg,0.00020317192,0.0011691736,8.469465e-05,0.998543,d
test_0317.jpg,2.9023e-06,1.7603337e-06,0.99999285,2.5612703e-06,c
test_0318.jpg,0.005976845,0.105942115,0.88704246,0.0010386199,c
test_0319.jpg,3.1199634e-05,2.7533582e-05,4.53952e-05,0.9998958,d
test_0320.jpg,0.9999845,2.561249e-06,1.1478722e-05,1.4593558e-06,a
test_0321.jpg,1.4593168e-06,4.00636e-05,6.893324e-07,0.9999578,d
test_0322.jpg,1.012958e-05,1.3006638e-05,2.7535056e-05,0.99994934,d
test_0323.jpg,1.653683e-06,2.5612742e-06,1.5534914e-06,0.9999943,d
test_0324.jpg,0.9977101,0.002182482,2.2776245e-05,8.462401e-05,a
test_0325.jpg,0.0008816484,0.96684486,0.0030772553,0.029196186,b
test_0326.jpg,0.9999795,3.7265768e-06,7.889163e-06,8.939593e-06,a
test_0327.jpg,6.962167e-06,1.0129893e-05,2.7264239e-06,0.9999802,d
test_0328.jpg,1.4738301e-05,0.9999391,6.143838e-06,4.0062852e-05,b
test_0329.jpg,0.99969566,0.00026117903,2.4293435e-05,1.8919745e-05,a
test_0330.jpg,0.9218117,0.07566691,0.0007418123,0.0017795152,a
test_0331.jpg,2.260274e-06,0.99997544,3.2886792e-06,1.8925042e-05,b
test_0332.jpg,1.01299265e-05,4.785039e-06,1.5534747e-06,0.99998355,d
test_0333.jpg,0.99996734,8.939484e-06,8.939484e-06,1.4738717e-05,a
test_0334.jpg,0.9984572,0.0015011197,2.27933e-05,1.8896308e-05,a
test_0335.jpg,8.939573e-06,1.0129862e-05,3.7265684e-06,0.99997723,d
test_0336.jpg,0.00013980658,9.608756e-05,1.4735504e-05,0.99974936,d
test_0337.jpg,4.0060524e-05,1.3005749e-05,0.9998809,6.604864e-05,c
test_0338.jpg,7.81143e-07,0.9999924,4.7850813e-06,1.9947186e-06,b
test_0339.jpg,0.99769753,8.462294e-05,3.527609e-05,0.0021824546,a
test_0340.jpg,1.3007043e-05,5.4221423e-06,1.1365429e-06,0.99998045,d
test_0341.jpg,0.036958836,0.0064224824,0.0034377072,0.9531809,d
test_0342.jpg,9.422437e-07,3.466321e-07,0.9999981,6.47594e-07,c
test_0343.jpg,4.006235e-05,1.6700475e-05,0.99992657,1.6700475e-05,c
test_0344.jpg,0.9999527,5.7716798e-06,6.143922e-06,3.5355828e-05,a
test_0345.jpg,7.483847e-05,1.8922126e-05,0.9998215,8.480309e-05,c
test_0346.jpg,0.039715234,0.005374872,0.9039145,0.050995372,c
test_0347.jpg,0.40054885,0.0011250593,0.58279514,0.015530964,c
test_0348.jpg,3.119413e-05,0.9997193,0.00023049515,1.8920195e-05,b
test_0349.jpg,0.99954283,5.826801e-05,0.00037995516,1.8916853e-05,a
test_0350.jpg,5.714988e-07,0.99999654,8.315258e-07,1.994727e-06,b
test_0351.jpg,0.9998838,6.604883e-05,3.119926e-05,1.8923307e-05,a
test_0352.jpg,0.9997905,4.5390418e-05,2.429574e-05,0.00013981233,a
test_0353.jpg,5.368741e-07,1.2098644e-06,5.7149947e-07,0.99999774,d
test_0354.jpg,0.99998903,4.7850654e-06,1.4593624e-06,4.7850654e-06,a
test_0355.jpg,0.99921477,5.1404466e-05,0.00070961675,2.428175e-05,a
test_0356.jpg,1.2098612e-06,2.9023065e-06,7.8114516e-07,0.9999951,d
test_0357.jpg,0.99868876,0.00013965827,0.0010319427,0.00013965827,a
test_0358.jpg,7.3381176e-07,8.939657e-06,3.7266034e-06,0.99998665,d
test_0359.jpg,0.8667077,0.13291393,0.00016566322,0.00021271582,a
test_0360.jpg,9.6023774e-05,0.000108809196,0.99908566,0.000709525,c
test_0361.jpg,8.479686e-05,0.99974805,0.00010888134,5.8279977e-05,b
test_0362.jpg,2.90217e-06,8.9393125e-06,0.99994814,4.0063216e-05,c
test_0363.jpg,0.0005511634,0.0027990388,0.00012298118,0.9965268,d
test_0364.jpg,0.98167586,0.014002854,0.0040118853,0.00030936336,a
test_0365.jpg,8.315222e-07,0.99999213,3.7266238e-06,3.288734e-06,b
test_0366.jpg,0.39210546,0.00091304583,0.036471486,0.57051,d
test_0367.jpg,0.0003946911,0.0084388675,0.015765881,0.9754005,d
test_0368.jpg,0.001889753,0.009596959,0.009596959,0.9789163,d
test_0369.jpg,0.9998627,2.753267e-05,5.1437797e-05,5.828666e-05,a
test_0370.jpg,8.939621e-06,4.7850344e-06,3.7265884e-06,0.9999826,d
test_0371.jpg,0.99952376,2.1435195e-05,0.0004305374,2.4289257e-05,a
test_0372.jpg,6.601263e-05,0.000552717,4.536978e-05,0.9993358,d
test_0373.jpg,0.99304754,0.00012255179,0.00013886939,0.0066911015,a
test_0374.jpg,0.00026113522,0.00020337234,7.407837e-06,0.99952805,d
test_0375.jpg,0.004038083,0.007544132,0.00033146603,0.98808634,d
test_0376.jpg,3.7266127e-06,0.99998915,2.9022892e-06,4.2228053e-06,b
test_0377.jpg,0.9987625,0.0002956784,0.0009107535,3.1164273e-05,a
test_0378.jpg,0.3180811,0.0045371833,0.00400405,0.6733777,d
test_0379.jpg,0.9978399,0.00042981212,0.00023006184,0.0015001916,a
test_0380.jpg,0.012424706,0.9870166,0.00033110718,0.00022756642,b
test_0381.jpg,8.479105e-05,5.092099e-06,0.99967957,0.00023048598,c
test_0382.jpg,0.0006262644,6.6007786e-05,0.9992624,4.5366443e-05,c
test_0383.jpg,1.14782715e-05,2.4299501e-05,0.9999453,1.8924471e-05,c
test_0384.jpg,0.999992,5.422205e-06,1.2878867e-06,1.2878867e-06,a
test_0385.jpg,4.0053936e-05,0.99971646,4.0053936e-05,0.00020341069,b
test_0386.jpg,0.99990535,1.4737803e-05,1.3844886e-05,6.6050256e-05,a
test_0387.jpg,2.1444452e-05,1.0129641e-05,1.3006717e-05,0.9999554,d
test_0388.jpg,3.0894557e-06,1.0029994e-06,0.9999844,1.1478721e-05,c
test_0389.jpg,1.0129547e-05,3.7264524e-06,4.0063136e-05,0.9999461,d
test_0390.jpg,0.99694854,0.00022985632,0.0013227317,0.0014988515,a
test_0391.jpg,6.1441274e-06,4.7850513e-06,2.9022804e-06,0.9999862,d
test_0392.jpg,8.851551e-07,8.851551e-07,0.999997,1.2098635e-06,c
test_0393.jpg,0.9998578,6.604711e-05,6.604711e-05,1.0128652e-05,a
test_0394.jpg,0.99999046,3.7266177e-06,2.5612644e-06,3.2887285e-06,a
test_0395.jpg,0.9811075,0.0006967574,0.01796961,0.00022620399,a
test_0396.jpg,0.999995,1.6536841e-06,7.8114505e-07,2.561276e-06,a
test_0397.jpg,1.4738847e-05,1.136538e-06,0.99997616,7.889136e-06,c
test_0398.jpg,1.0129942e-05,1.0676881e-06,0.9999851,3.7265977e-06,c
test_0399.jpg,6.475923e-07,0.99999547,2.5612771e-06,1.2878911e-06,b
test_0400.jpg,0.9999815,1.4738926e-05,2.1233436e-06,1.5534716e-06,a
test_0401.jpg,0.99910164,0.00043035558,3.7604048e-05,0.00043035558,a
test_0402.jpg,7.889196e-06,5.4221605e-06,2.9022735e-06,0.9999838,d
test_0403.jpg,0.0016795751,0.002769151,0.985886,0.009665286,c
test_0404.jpg,0.9999988,6.083587e-07,1.9750514e-07,3.927859e-07,a
test_0405.jpg,8.939639e-06,4.222786e-06,2.2602947e-06,0.9999846,d
test_0406.jpg,0.9473024,0.015311717,0.004970987,0.032414906,a
test_0407.jpg,1.5534873e-06,6.144161e-06,5.71496e-07,0.99999166,d
test_0408.jpg,2.1443871e-05,1.0129367e-05,0.99992836,4.0062423e-05,c
test_0409.jpg,3.7262103e-06,0.99988115,9.610023e-05,1.8923258e-05,b
test_0410.jpg,0.98995835,0.007558425,0.00079665217,0.0016865127,a
test_0411.jpg,4.222775e-06,0.9999819,6.9621788e-06,6.9621788e-06,b
test_0412.jpg,0.0001794993,0.99966085,8.478946e-05,7.482645e-05,b
test_0413.jpg,0.9999021,1.1477777e-05,7.484451e-05,1.1477777e-05,a
test_0414.jpg,3.1199193e-05,1.2217779e-05,7.4842974e-05,0.9998816,d
test_0415.jpg,2.5612737e-06,1.5534912e-06,1.7603361e-06,0.99999416,d
test_0416.jpg,1.6699812e-05,2.1442986e-05,0.999887,7.484338e-05,c
test_0417.jpg,0.028889654,0.95669395,0.013646506,0.00076988316,b
test_0418.jpg,0.99999034,2.9022926e-06,4.2228103e-06,2.561264e-06,a
test_0419.jpg,0.00015815198,0.9980478,0.0011685939,0.0006255032,b
test_0420.jpg,0.035051752,0.54830164,0.33256176,0.08408479,b
test_0421.jpg,0.000108652086,0.0021823354,6.5900815e-05,0.99764305,d
test_0422.jpg,0.62043303,0.039662957,0.3320939,0.0078100995,a
test_0423.jpg,0.000334982,0.9985672,6.596186e-05,0.0010318172,b
test_0424.jpg,0.9990482,0.00020327471,0.0004876307,0.00026100987,a
test_0425.jpg,0.9692625,0.02926919,0.00068834535,0.0007799975,a
test_0426.jpg,3.726622e-06,2.9022963e-06,1.7603317e-06,0.99999166,d
test_0427.jpg,0.0005526933,5.825345e-05,0.99929297,9.60437e-05,c
test_0428.jpg,0.02031175,0.00022564318,0.978675,0.00078757206,c
test_0429.jpg,2.1444112e-05,2.4299363e-05,0.99993956,1.4738308e-05,c
test_0430.jpg,0.003368362,0.05970564,0.9339534,0.002972569,c
test_0431.jpg,0.99997973,7.889164e-06,5.422138e-06,6.9621638e-06,a
test_0432.jpg,3.7266225e-06,3.7266225e-06,8.315219e-07,0.9999918,d
test_0433.jpg,3.535579e-05,1.0129603e-05,2.90218e-06,0.9999516,d
test_0434.jpg,0.05990709,0.00232285,0.0006655077,0.9371046,d
test_0435.jpg,0.00017931765,0.9986492,0.00013965274,0.0010319018,b
test_0436.jpg,0.99999285,2.9023e-06,2.2603133e-06,1.9947195e-06,a
test_0437.jpg,3.2887053e-06,5.422158e-06,7.8891935e-06,0.99998343,d
test_0438.jpg,3.927854e-07,0.9999976,1.3709558e-06,6.475937e-07,b
test_0439.jpg,0.9943236,0.00070614315,0.00090670574,0.004063573,a
test_0440.jpg,0.0020230648,0.00017677345,0.5609398,0.43686035,c
test_0441.jpg,0.8799714,0.043811195,0.049644593,0.026572835,a
test_0442.jpg,6.6050816e-05,1.6700262e-05,3.500565e-06,0.9999138,d
test_0443.jpg,0.9998579,7.48412e-05,5.1437553e-05,1.5687569e-05,a
test_0444.jpg,0.99997795,6.144077e-06,6.962151e-06,8.939579e-06,a
test_0445.jpg,1.5534949e-06,1.5534949e-06,3.6898734e-07,0.99999654,d
test_0446.jpg,0.001699723,0.0004297572,0.00015809883,0.9977125,d
test_0447.jpg,5.4221828e-06,2.9022856e-06,3.7266084e-06,0.99998796,d
test_0448.jpg,0.99996626,1.8924868e-05,7.889058e-06,6.96207e-06,a
test_0449.jpg,0.010818427,0.009547228,0.0057906862,0.9738437,d
test_0450.jpg,2.1442742e-05,0.99987566,5.1438466e-05,5.1438466e-05,b
test_0451.jpg,1.1478496e-05,0.99996483,8.939462e-06,1.473868e-05,b
test_0452.jpg,3.9278376e-07,0.99999344,1.3709501e-06,4.7850863e-06,b
test_0453.jpg,1.9947215e-06,2.9023026e-06,1.3709506e-06,0.9999938,d
test_0454.jpg,1.6536618e-06,0.9999815,5.422148e-06,1.1478688e-05,b
test_0455.jpg,8.9395635e-06,6.9621387e-06,0.99997616,7.889136e-06,c
test_0456.jpg,0.00013980996,3.534949e-05,0.99977344,5.1433206e-05,c
test_0457.jpg,9.422426e-07,1.7603409e-06,4.181176e-07,0.9999969,d
test_0458.jpg,0.99429363,0.004063451,0.00014801118,0.00149486,a
test_0459.jpg,0.2320142,0.6306799,0.10959573,0.027710142,b
test_0460.jpg,0.041149642,0.93656147,0.015138106,0.007150735,b
test_0461.jpg,0.9999453,2.4299501e-05,8.939287e-06,2.1444235e-05,a
test_0462.jpg,1.1477281e-05,6.143346e-06,0.999859,0.0001233924,c
test_0463.jpg,0.99891675,4.535075e-05,5.7657003e-06,0.0010321783,a
test_0464.jpg,9.605214e-05,0.9993808,3.533561e-05,0.00048779306,b
test_0465.jpg,0.0040407963,0.98875016,0.006662146,0.00054686225,b
test_0466.jpg,0.0018628206,0.00015290962,0.9649649,0.033019282,c
test_0467.jpg,0.037312742,0.00032281847,5.609744e-05,0.9623083,d
test_0468.jpg,3.0894782e-06,2.9022963e-06,2.406088e-06,0.99999166,d
test_0469.jpg,3.120059e-05,6.9617927e-06,0.99992645,3.53549e-05,c
test_0470.jpg,0.0014989277,0.00017902139,0.99699926,0.001322799,c
test_0471.jpg,0.34410635,0.0026272843,0.64287525,0.010391111,c
test_0472.jpg,0.9141424,0.0007356405,9.352619e-05,0.08502848,a
test_0473.jpg,3.466311e-07,0.99999523,2.9023067e-06,1.5534929e-06,b
test_0474.jpg,0.0011257336,0.00015235148,0.9614427,0.03727918,c
test_0475.jpg,0.99995816,1.0129669e-05,2.4299814e-05,7.411025e-06,a
test_0476.jpg,0.0035534066,0.055584628,0.8694899,0.07137208,c
test_0477.jpg,3.5350255e-05,0.999795,8.480084e-05,8.480084e-05,b
test_0478.jpg,5.4218344e-06,0.9999237,4.7847525e-06,6.605146e-05,b
test_0479.jpg,0.0023032783,0.49736962,0.0029574677,0.49736962,b
test_0480.jpg,2.5360126e-07,0.99999726,5.043463e-07,1.9947283e-06,b
test_0481.jpg,3.120073e-05,0.99993086,1.8924198e-05,1.8924198e-05,b
test_0482.jpg,3.3129265e-05,8.459854e-05,0.002472332,0.9974099,d
test_0483.jpg,0.99995255,2.7535145e-05,1.4738499e-05,5.0934896e-06,a
test_0484.jpg,5.143987e-05,3.535407e-05,0.99990296,1.012911e-05,c
test_0485.jpg,0.0013246934,0.99842703,0.00010873746,0.00013962167,b
test_0486.jpg,1.3006733e-05,8.939388e-06,2.1444477e-05,0.9999566,d
test_0487.jpg,0.053383518,0.9462455,0.000280131,9.0945214e-05,b
test_0488.jpg,0.99991703,2.144363e-05,4.006197e-05,2.144363e-05,a
test_0489.jpg,0.004550602,0.00042327188,0.012369818,0.98265636,d
test_0490.jpg,1.1477318e-05,0.9998622,7.4841526e-05,5.1437775e-05,b
test_0491.jpg,4.2228075e-06,7.8114084e-07,0.9999896,5.422192e-06,c
test_0492.jpg,5.826681e-05,0.0001583856,0.9995222,0.0002611337,c
test_0493.jpg,0.99997747,1.6701324e-05,1.0676799e-06,4.78501e-06,a
test_0494.jpg,2.1233702e-06,8.851524e-07,0.99999404,2.9023033e-06,c
test_0495.jpg,3.2886355e-06,2.4299912e-05,0.9999622,1.012971e-05,c
test_0496.jpg,0.9996791,4.538536e-05,9.608081e-05,0.00017950257,a
test_0497.jpg,6.962199e-06,7.889205e-06,3.058977e-07,0.99998486,d
test_0498.jpg,0.00043043282,0.999281,0.00023039409,5.8252746e-05,b
test_0499.jpg,2.699572e-07,0.99999774,5.7149947e-07,1.370956e-06,b
test_0500.jpg,0.00017942316,3.117907e-05,0.9992368,0.00055266224,c
test_0501.jpg,2.4060523e-06,1.7603056e-06,0.9999769,1.8925068e-05,c
test_0502.jpg,0.000378392,0.00012284589,0.9954306,0.0040680976,c
test_0503.jpg,0.0008014458,0.00048610146,0.9959151,0.0027973207,c
test_0504.jpg,0.0019031136,0.0013079895,0.9858372,0.010951662,c
test_0505.jpg,0.03150281,0.045836315,0.0020139073,0.920647,d
test_0506.jpg,0.9997621,0.00020341997,2.1440306e-05,1.30042035e-05,a
test_0507.jpg,0.99924076,0.00010882608,0.0006262508,2.428238e-05,a
test_0508.jpg,0.007368252,0.75158215,0.2153319,0.025717726,b
test_0509.jpg,8.939651e-06,2.9022797e-06,2.2602976e-06,0.99998593,d
test_0510.jpg,0.56433886,0.05249169,0.34228885,0.040880572,a
test_0511.jpg,1.20986e-06,0.99999404,1.3709509e-06,3.2887403e-06,b
test_0512.jpg,0.99997556,5.422116e-06,1.4738838e-05,4.222748e-06,a
test_0513.jpg,1.892505e-05,4.2227493e-06,9.422228e-07,0.9999759,d
test_0514.jpg,0.0028000546,0.0001085699,0.00020283528,0.99688846,d
test_0515.jpg,1.4593448e-06,0.999977,1.012986e-05,1.1478636e-05,b
test_0516.jpg,0.00037978005,0.00015831587,0.9990821,0.00037978005,c
test_0517.jpg,2.260316e-06,2.9023033e-06,7.811443e-07,0.99999404,d
test_0518.jpg,4.222814e-06,3.7266202e-06,9.422372e-07,0.9999912,d
test_0519.jpg,0.059934147,0.93752784,0.0020508338,0.00048711573,b
test_0520.jpg,6.962127e-06,1.8738311e-06,0.9999745,1.6701275e-05,c
test_0521.jpg,8.468946e-05,0.00010874343,0.0013247661,0.9984818,d
test_0522.jpg,0.001087754,0.06729696,0.92900586,0.0026093863,c
test_0523.jpg,2.5612433e-06,0.99998224,1.1478696e-05,3.726587e-06,b
test_0524.jpg,0.96957254,0.0003685626,0.00078024704,0.029278554,a
test_0525.jpg,0.0001794673,0.0001794673,0.99948263,0.00015837935,c
test_0526.jpg,0.9370445,0.05990325,0.0018089215,0.0012432523,a
test_0527.jpg,0.00048784277,1.4731573e-05,1.4731573e-05,0.99948263,d
test_0528.jpg,0.9997527,6.604017e-05,0.00015842213,2.2822873e-05,a
test_0529.jpg,0.9988716,7.476738e-05,2.142121e-05,0.0010321317,a
test_0530.jpg,0.0005523742,0.998716,0.0005523742,0.00017932964,b
test_0531.jpg,2.902282e-06,0.99998665,7.889219e-06,2.5612546e-06,b
test_0532.jpg,7.811316e-07,0.9999777,2.5612317e-06,1.8925084e-05,b
test_0533.jpg,0.00406906,0.00022956065,0.99566615,3.520427e-05,c
test_0534.jpg,0.0014865049,8.386287e-05,0.0096932305,0.98873633,d
test_0535.jpg,7.887646e-06,0.99978715,9.609119e-05,0.00010888559,b
test_0536.jpg,0.0027973158,0.0010290749,0.9959133,0.00026019086,c
test_0537.jpg,1.3709525e-06,1.9947242e-06,1.3709525e-06,0.99999523,d
test_0538.jpg,0.017936146,0.001890456,0.0008929882,0.9792804,d
test_0539.jpg,0.37644258,0.6206489,0.0019753894,0.00093310786,b
test_0540.jpg,0.0031528007,0.0058902064,0.9905805,0.00037654833,c
test_0541.jpg,1.2878805e-06,0.99998724,6.144134e-06,5.422179e-06,b
test_0542.jpg,0.0004646763,0.000117488555,0.9520197,0.047398265,c
test_0543.jpg,0.0058022533,0.0010082804,0.13205868,0.8611308,d
test_0544.jpg,1.9947174e-06,0.9999918,2.9022967e-06,3.2887328e-06,b
test_0545.jpg,1.892407e-05,5.421837e-06,0.9999242,5.1440962e-05,c
test_0546.jpg,1.0676987e-06,1.3709523e-06,0.999995,2.561276e-06,c
test_0547.jpg,0.04734093,0.0003614525,0.950868,0.0014295722,c
test_0548.jpg,0.9999914,3.7266211e-06,3.2887317e-06,1.553487e-06,a
test_0549.jpg,7.889232e-06,3.288721e-06,5.36869e-07,0.9999882,d
test_0550.jpg,6.4759416e-07,4.7378998e-07,0.99999833,5.714998e-07,c
test_0551.jpg,0.99994767,6.9619405e-06,5.4219645e-06,4.0063198e-05,a
test_0552.jpg,1.6536841e-06,1.5534926e-06,0.999995,1.7603375e-06,c
test_0553.jpg,4.5355548e-05,0.00037975734,0.99902236,0.0005525437,c
test_0554.jpg,0.04739682,0.00052653113,8.595385e-05,0.9519906,d
test_0555.jpg,0.99976176,7.4834e-05,0.0001233804,4.0055747e-05,a
test_0556.jpg,0.00048778448,0.99936324,4.003978e-05,0.00010883943,b
test_0557.jpg,1.8915624e-05,0.00012334535,0.9994778,0.00037993045,c
test_0558.jpg,0.8241086,0.013320475,0.0002942876,0.1622766,a
test_0559.jpg,0.00020317025,0.9985348,0.00023022204,0.0010317836,b
test_0560.jpg,9.42238e-07,0.999992,4.2228176e-06,2.9022974e-06,b
test_0561.jpg,4.53745e-05,0.9994399,0.00017945963,0.00033527473,b
test_0562.jpg,0.003578081,0.0031576455,0.0011616327,0.9921027,d
test_0563.jpg,9.422428e-07,3.6898757e-07,0.99999714,1.5534958e-06,c
test_0564.jpg,0.0026511305,0.0002316532,0.05324938,0.9438678,d
test_0565.jpg,0.9967879,0.0019242533,0.0009089529,0.00037890795,a
test_0566.jpg,2.7521963e-05,1.0777755e-05,0.99947387,0.00048783846,c
test_0567.jpg,0.010982783,0.9886386,0.00020115668,0.00017752014,b
test_0568.jpg,0.6344474,0.016907452,0.33959526,0.009049906,a
test_0569.jpg,1.760267e-06,0.99995494,7.888969e-06,3.5355908e-05,b
test_0570.jpg,1.3006978e-05,3.7265618e-06,0.99997544,7.889131e-06,c
test_0571.jpg,0.00017951263,4.0054678e-05,4.5387904e-05,0.99973506,d
test_0572.jpg,6.604931e-05,2.1443073e-05,2.1443073e-05,0.99989104,d
test_0573.jpg,1.7603398e-06,1.5534946e-06,3.4663148e-07,0.9999963,d
test_0574.jpg,0.0031275195,0.76527876,0.038100988,0.19349279,b
test_0575.jpg,0.9992644,0.00023039027,0.0004304257,7.479678e-05,a
test_0576.jpg,1.459366e-06,2.2603103e-06,0.99999154,4.785077e-06,c
test_0577.jpg,3.989869e-05,0.0013212633,0.9958417,0.0027971147,c
test_0578.jpg,0.02102684,0.08316276,0.69631326,0.1994971,c
test_0579.jpg,0.00015805477,0.00070835237,0.99743444,0.0016992491,c
test_0580.jpg,1.2878618e-06,2.4300167e-05,1.6536472e-06,0.9999727,d
test_0581.jpg,0.9997602,7.887433e-06,0.00023050458,1.4590285e-06,a
test_0582.jpg,9.467071e-05,0.31978515,0.67698514,0.0031350635,c
test_0583.jpg,2.753392e-05,0.9999081,4.006161e-05,2.4298597e-05,b
test_0584.jpg,5.3686904e-07,0.9999883,3.2887215e-06,7.889233e-06,b
test_0585.jpg,1.2098641e-06,4.450841e-07,0.9999975,8.851555e-07,c
test_0586.jpg,1.5534832e-06,7.889238e-06,1.5534832e-06,0.99998903,d
test_0587.jpg,0.99890864,0.00055248075,0.0004875626,5.1388717e-05,a
test_0588.jpg,0.00037707042,9.533833e-05,0.9919539,0.007573661,c
test_0589.jpg,0.9976942,0.00033468913,0.0008028775,0.0011681798,a
test_0590.jpg,0.99996674,1.3006865e-05,1.0129756e-05,1.0129756e-05,a
test_0591.jpg,3.5355264e-05,1.8924307e-05,8.939211e-06,0.9999367,d
test_0592.jpg,1.0129758e-05,1.670115e-05,0.999967,6.1440096e-06,c
test_0593.jpg,9.5986645e-05,0.0011693566,3.5311514e-05,0.9986993,d
test_0594.jpg,0.9976548,8.461932e-05,0.00033467592,0.0019259269,a
test_0595.jpg,0.0027987608,0.0007076375,6.582054e-05,0.99642783,d
test_0596.jpg,3.1197356e-05,6.1431233e-06,0.9998228,0.00013981685,c
test_0597.jpg,0.99988747,3.535352e-05,5.8288104e-05,1.8923376e-05,a
test_0598.jpg,0.99989784,4.5395293e-05,4.00612e-05,1.6699994e-05,a
test_0599.jpg,0.99999285,1.2098585e-06,4.222821e-06,1.7603337e-06,a
test_0600.jpg,4.006135e-05,1.3006017e-05,0.99990153,4.539546e-05,c
test_0601.jpg,0.9999485,3.1201278e-05,1.0129571e-05,1.0129571e-05,a
test_0602.jpg,1.0030079e-06,0.99999285,1.9947195e-06,4.222821e-06,b
test_0603.jpg,0.00012338148,6.604135e-05,0.9997706,4.00561e-05,c
test_0604.jpg,5.422173e-06,2.2602983e-06,6.1441274e-06,0.9999862,d
test_0605.jpg,2.4299432e-05,8.9392615e-06,0.9999424,2.4299432e-05,c
test_0606.jpg,0.9999876,4.222799e-06,3.2887192e-06,4.7850585e-06,a
test_0607.jpg,0.99984384,3.1198015e-05,8.480499e-05,4.0059036e-05,a
test_0608.jpg,0.0013144345,0.0004267344,0.0075640474,0.99069476,d
test_0609.jpg,0.0058578528,0.0014810972,0.9851394,0.0075216317,c
test_0610.jpg,3.927841e-07,0.9999943,1.9947224e-06,3.288741e-06,b
test_0611.jpg,0.0025709108,0.0069884593,0.07513302,0.9153076,d
test_0612.jpg,0.015758084,0.008434694,0.00088901026,0.9749181,d
test_0613.jpg,1.670064e-05,3.5355257e-05,1.1478171e-05,0.99993646,d
test_0614.jpg,0.00017947622,0.99953234,8.477856e-05,0.00020337322,b
test_0615.jpg,0.995965,0.0031699385,0.0007073088,0.00015782194,a
test_0616.jpg,0.0024373243,0.98328674,0.012377754,0.00189819,b
test_0617.jpg,0.00070781825,0.0024705287,0.99668235,0.00013937769,c
test_0618.jpg,0.99997663,2.726414e-06,1.6536537e-06,1.8925064e-05,a
test_0619.jpg,6.0835424e-07,0.99999154,3.7266216e-06,4.2228153e-06,b
test_0620.jpg,7.458936e-05,0.0031716202,0.9964934,0.0002603424,c
test_0621.jpg,1.0129768e-05,1.300688e-05,0.99996793,8.93949e-06,c
test_0622.jpg,5.368734e-07,0.99999654,1.7603402e-06,1.1365611e-06,b
test_0623.jpg,1.8925073e-05,2.9022542e-06,1.0676796e-06,0.9999771,d
test_0624.jpg,0.00033524304,5.82565e-05,0.99934536,0.00026108752,c
test_0625.jpg,0.001031762,7.4740594e-05,0.9985139,0.00037956407,c
test_0626.jpg,2.260316e-06,0.99999404,1.20986e-06,2.5612735e-06,b
test_0627.jpg,0.0008003167,0.9945121,0.004064344,0.0006232872,b
test_0628.jpg,6.1437304e-06,6.1437304e-06,6.6051325e-05,0.99992156,d
test_0629.jpg,0.003296388,0.031275257,0.80659956,0.15882885,c
test_0630.jpg,0.00022870122,0.99193853,0.0075735436,0.0002591524,b
test_0631.jpg,1.300704e-05,0.9999802,3.7265795e-06,3.0894428e-06,b
test_0632.jpg,5.1438466e-05,2.1442742e-05,5.1438466e-05,0.99987566,d
test_0633.jpg,0.93644,0.0029804835,0.019435192,0.041144304,a
test_0634.jpg,0.9851533,0.014052457,0.00069963065,9.4684714e-05,a
test_0635.jpg,0.005266063,0.08237509,0.026743276,0.88561565,d
test_0636.jpg,5.7149714e-07,0.9999937,2.9023022e-06,2.9023022e-06,b
test_0637.jpg,0.99996245,1.6701073e-05,1.3006809e-05,7.889028e-06,a
test_0638.jpg,0.0058708256,0.004034956,0.98732114,0.002773182,c
test_0639.jpg,0.9997168,0.00023049458,3.119405e-05,2.1439337e-05,a
test_0640.jpg,7.483249e-05,7.483249e-05,0.000108880624,0.9997415,d
test_0641.jpg,0.9998343,0.00010889073,3.5351644e-05,2.1441856e-05,a
test_0642.jpg,6.60416e-05,7.483494e-05,8.479909e-05,0.9997743,d
test_0643.jpg,4.5397053e-05,1.4738263e-05,0.9999366,3.2885514e-06,c
test_0644.jpg,0.98468333,0.012395334,0.002440786,0.0004806193,a
test_0645.jpg,1.0129496e-05,0.9999411,3.2885662e-06,4.5397257e-05,b
test_0646.jpg,1.0129739e-05,0.9999651,2.1444659e-05,3.288645e-06,b
test_0647.jpg,0.00012326495,0.9988262,0.0009108116,0.00013967749,b
test_0648.jpg,1.3709487e-06,0.9999924,1.4593672e-06,4.7850813e-06,b
test_0649.jpg,2.2603153e-06,2.2603153e-06,0.9999938,1.6536821e-06,c
test_0650.jpg,0.99927026,0.00043042822,9.604151e-05,0.0002033199,a
test_0651.jpg,2.5612787e-06,1.2098624e-06,2.3823603e-07,0.99999607,d
test_0652.jpg,0.004597334,0.9927477,0.001162388,0.0014925358,b
test_0653.jpg,2.5612335e-06,0.9999784,4.2227603e-06,1.473888e-05,b
test_0654.jpg,0.9999343,2.4299236e-05,3.1200838e-05,1.0129427e-05,a
test_0655.jpg,8.3152526e-07,0.9999958,1.5534938e-06,1.7603389e-06,b
test_0656.jpg,7.476353e-05,0.99882025,0.00055243185,0.00055243185,b
test_0657.jpg,9.6098745e-05,0.99986565,6.9613693e-06,3.1198695e-05,b
test_0658.jpg,0.005452102,0.9169026,0.019029707,0.05861562,b
test_0659.jpg,6.604891e-05,2.1442942e-05,2.7533284e-05,0.99988496,d
test_0660.jpg,4.4508064e-07,0.99998975,2.9022908e-06,6.9622333e-06,b
test_0661.jpg,0.99636936,0.00022972278,0.0031712253,0.00022972278,a
test_0662.jpg,0.9995839,8.4782936e-05,3.534279e-05,0.00029592155,a
test_0663.jpg,0.0035645457,0.5290255,0.0005466408,0.46686336,b
test_0664.jpg,4.7378666e-07,0.9999913,2.9022954e-06,5.422201e-06,b
test_0665.jpg,0.0002610036,0.99902415,0.000379758,0.00033513526,b
test_0666.jpg,0.9999448,2.1444224e-05,1.4738385e-05,1.8924462e-05,a
test_0667.jpg,0.9999783,1.1478651e-05,2.4060557e-06,7.8891535e-06,a
test_0668.jpg,2.726133e-06,0.9998735,1.4737335e-05,0.000108895,b
test_0669.jpg,3.5006904e-06,0.9999496,1.14783215e-05,3.535572e-05,b
test_0670.jpg,6.1441574e-06,1.994716e-06,7.33815e-07,0.99999106,d
test_0671.jpg,1.14783525e-05,0.9999523,1.4738495e-05,2.1444386e-05,b
test_0672.jpg,4.006319e-05,1.0129562e-05,2.260211e-06,0.99994755,d
test_0673.jpg,0.0031427748,0.002773489,0.98743045,0.0066532544,c
test_0674.jpg,0.0007096487,2.7516067e-05,3.087217e-06,0.99925977,d
test_0675.jpg,0.013276901,0.9307827,0.0150447,0.040895738,b
test_0676.jpg,0.0007982121,0.00062164816,0.9918968,0.0066833477,c
test_0677.jpg,0.00025912546,0.0075727557,0.0003327237,0.99183536,d
test_0678.jpg,6.4759143e-07,0.99999416,2.9023035e-06,2.2603163e-06,b
test_0679.jpg,3.7265036e-06,0.9999598,8.939417e-06,2.7535345e-05,b
test_0680.jpg,4.5268087e-05,0.0028006374,0.99709594,5.8125373e-05,c
test_0681.jpg,0.999941,1.4738329e-05,3.1201045e-05,1.300653e-05,a
test_0682.jpg,6.893521e-07,0.9999863,6.1441283e-06,6.962209e-06,b
test_0683.jpg,1.0030036e-06,0.99998856,4.222803e-06,6.144142e-06,b
test_0684.jpg,0.00013973666,5.8250902e-05,0.00055266917,0.9992493,d
test_0685.jpg,0.00037429892,0.984663,0.010938618,0.0040240926,b
test_0686.jpg,0.99997294,6.144046e-06,6.144046e-06,1.4738799e-05,a
test_0687.jpg,0.00033493302,7.473367e-05,0.9984213,0.0011690311,c
test_0688.jpg,0.9971284,0.00013944006,0.0024716344,0.0002605083,a
test_0689.jpg,0.99999166,4.7850776e-06,2.2603106e-06,1.2878861e-06,a
test_0690.jpg,0.805578,0.09621257,0.0019968285,0.09621257,a
test_0691.jpg,7.889098e-06,0.9999713,1.3006924e-05,7.889098e-06,b
test_0692.jpg,1.3004334e-05,0.00020342201,1.1476284e-05,0.99977213,d
test_0693.jpg,0.0849372,0.00083269505,0.0010692015,0.913161,d
test_0694.jpg,0.0019689437,0.20083772,0.0028647962,0.7943286,d
test_0695.jpg,0.000230438,0.00013976773,0.00015837757,0.9994715,d
test_0696.jpg,0.0001578387,0.99607086,0.00017885468,0.0035923924,b
test_0697.jpg,3.726634e-06,1.00301e-06,5.043451e-07,0.9999949,d
test_0698.jpg,8.4805746e-05,3.119829e-05,0.9998528,3.119829e-05,c
test_0699.jpg,3.7266025e-06,7.889217e-06,1.9947067e-06,0.9999864,d
test_0700.jpg,8.395647e-06,0.99970275,0.00023049134,5.8277335e-05,b
test_0701.jpg,0.9999913,3.2887312e-06,1.6536779e-06,3.7266207e-06,a
test_0702.jpg,8.939567e-06,2.9022528e-06,0.99997663,1.1478632e-05,c
test_0703.jpg,0.8041812,0.0016525583,0.014729093,0.17943709,a
test_0704.jpg,0.18846959,0.35210755,0.0073077595,0.45211506,d
test_0705.jpg,0.005143041,0.0024294006,0.98009014,0.012337514,c
test_0706.jpg,8.851419e-07,0.9999821,1.0129912e-05,6.96218e-06,b
test_0707.jpg,0.00029593968,4.0051076e-05,1.891879e-05,0.9996451,d
test_0708.jpg,0.00033533655,3.5344212e-05,5.0918165e-06,0.99962413,d
test_0709.jpg,6.962017e-06,1.0129674e-05,0.99995863,2.4299825e-05,c
test_0710.jpg,0.99877375,0.0011694438,3.5314144e-05,2.1419111e-05,a
test_0711.jpg,1.1365427e-06,3.72658e-06,0.99998033,1.4738908e-05,c
test_0712.jpg,0.00033792068,0.00011678226,0.8351037,0.16444165,c
test_0713.jpg,3.5340912e-05,0.00023045168,0.9995308,0.0002033729,c
test_0714.jpg,1.3005121e-05,5.828491e-05,0.99983263,9.609557e-05,c
test_0715.jpg,0.8709633,0.11787206,0.01096381,0.00020080917,a
test_0716.jpg,0.9999877,3.2887194e-06,6.9622192e-06,2.1233568e-06,a
test_0717.jpg,0.001678869,0.8696757,0.010947601,0.117697805,b
test_0718.jpg,2.8736812e-07,0.99999833,3.466322e-07,1.0677022e-06,b
test_0719.jpg,0.012200801,0.8553422,0.001285955,0.13117099,b
test_0720.jpg,0.008268779,0.5796862,0.013632913,0.39841214,b
test_0721.jpg,2.260315e-06,1.8738668e-06,2.260315e-06,0.99999356,d
test_0722.jpg,0.014044823,0.9846182,0.00079235475,0.0005445769,b
test_0723.jpg,1.01292135e-05,3.120018e-05,0.9999132,4.539599e-05,c
test_0724.jpg,3.966915e-06,7.889152e-06,1.0129871e-05,0.99997807,d
test_0725.jpg,1.7603334e-06,3.2887356e-06,0.9999926,2.2603128e-06,c
test_0726.jpg,0.9995844,0.00013978351,4.538106e-05,0.00023046404,a
test_0727.jpg,2.7531207e-05,4.4943454e-06,0.99980956,0.00015843114,c
test_0728.jpg,5.8285652e-05,0.9998454,2.1442092e-05,7.484027e-05,b
test_0729.jpg,6.604623e-05,5.8285597e-05,0.99984443,3.1198033e-05,c
test_0730.jpg,1.012985e-05,6.962138e-06,6.962138e-06,0.99997604,d
test_0731.jpg,4.78501e-06,1.3007005e-05,0.99997747,4.78501e-06,c
test_0732.jpg,0.31414732,0.0030797923,0.01772298,0.66504985,d
test_0733.jpg,0.0014761719,0.98186344,0.0007901379,0.015870344,b
test_0734.jpg,0.9999672,1.8924886e-05,1.0129761e-05,3.726531e-06,a
test_0735.jpg,3.2887122e-06,7.88921e-06,0.99998546,3.2887122e-06,c
test_0736.jpg,0.9998343,3.5351644e-05,0.00010889073,2.1441856e-05,a
test_0737.jpg,8.480865e-05,1.6699812e-05,1.1477603e-05,0.999887,d
test_0738.jpg,0.45995948,0.5212024,0.0030991826,0.01573895,b
test_0739.jpg,0.43341494,0.058656335,0.49112347,0.016805321,c
test_0740.jpg,1.2098548e-06,0.99998975,6.144149e-06,2.9022908e-06,b
test_0741.jpg,1.7603398e-06,6.8935896e-07,0.9999963,1.2098627e-06,c
test_0742.jpg,0.99803287,0.0001581496,0.0017002687,0.000108694534,a
test_0743.jpg,0.9998559,5.8286263e-05,2.7532484e-05,5.8286263e-05,a
test_0744.jpg,0.0021650428,0.52976847,0.46751904,0.00054740853,b
test_0745.jpg,0.00022848391,0.99099606,0.00020163634,0.008573796,b
test_0746.jpg,1.0129684e-05,2.7263675e-06,0.9999596,2.7535338e-05,c
test_0747.jpg,3.288728e-06,2.561264e-06,0.99999034,3.7266173e-06,c
test_0748.jpg,0.00033427737,2.7439159e-05,0.99646676,0.0031715354,c
test_0749.jpg,0.99908864,0.00017939655,0.00017939655,0.0005525803,a
test_0750.jpg,0.00012300785,0.996743,0.0027996462,0.00033437,b
test_0751.jpg,0.006261038,0.6386432,0.3418411,0.013254616,b
test_0752.jpg,5.138353e-05,0.0010320657,0.00010877893,0.9988078,d
test_0753.jpg,1.3006886e-05,1.6701171e-05,1.9946706e-06,0.9999683,d
test_0754.jpg,0.99977547,0.0001233821,5.0925873e-06,9.609007e-05,a
test_0755.jpg,1.0676869e-06,0.9999839,6.1441137e-06,8.939633e-06,b
test_0756.jpg,2.2380256e-07,0.99999833,5.043468e-07,9.422439e-07,b
test_0757.jpg,0.9999908,6.144156e-06,1.7603302e-06,1.209856e-06,a
test_0758.jpg,0.9998518,1.6699227e-05,3.5352263e-05,9.6097414e-05,a
test_0759.jpg,0.99962986,2.282007e-05,0.00029593517,5.142582e-05,a
test_0760.jpg,0.000103040045,0.053376064,0.00040753128,0.94611335,d
test_0761.jpg,1.7603314e-06,3.7266216e-06,0.99999154,2.902296e-06,c
test_0762.jpg,7.8114624e-07,1.0677004e-06,0.99999654,1.5534949e-06,c
test_0763.jpg,0.017963404,0.9807686,0.00047870853,0.0007892569,b
test_0764.jpg,0.9994449,0.00037991797,3.5337875e-05,0.00013976402,a
test_0765.jpg,0.00010889348,1.6699356e-05,0.9998596,1.4737129e-05,c
test_0766.jpg,0.0022798034,0.49230042,0.49230042,0.013119361,b
test_0767.jpg,0.9998523,5.1437266e-05,2.1442242e-05,7.4840784e-05,a
test_0768.jpg,0.9979068,0.0004870736,0.00080304855,0.00080304855,a
test_0769.jpg,0.99999344,4.2228235e-06,1.4593688e-06,8.851519e-07,a
test_0770.jpg,5.422162e-06,1.0129931e-05,3.9278007e-07,0.999984,d
test_0771.jpg,0.00062600884,0.99885464,0.00037969358,0.00013968146,b
test_0772.jpg,0.98980194,0.009703677,0.00020139338,0.00029302566,a
test_0773.jpg,2.1233448e-06,2.9022683e-06,0.999982,1.3007064e-05,c
test_0774.jpg,0.001031722,0.0003349511,0.99847513,0.00015821969,c
test_0775.jpg,8.939564e-06,1.3006989e-05,0.9999763,1.7603046e-06,c
test_0776.jpg,4.0049898e-05,8.936341e-06,0.99961567,0.0003353337,c
test_0777.jpg,8.938568e-06,5.143791e-05,0.9998648,7.4841715e-05,c
test_0778.jpg,0.9997181,2.752869e-05,0.00017950959,7.4830736e-05,a
test_0779.jpg,0.0006260776,0.00017937423,0.00023032108,0.9989643,d
test_0780.jpg,9.60489e-05,0.99934703,0.00026108796,0.00029585144,b
test_0781.jpg,0.9992211,2.9289566e-05,4.0034087e-05,0.00070962124,a
test_0782.jpg,0.9969013,0.0028000907,9.5813826e-05,0.00020283788,a
test_0783.jpg,0.9997267,4.0054343e-05,7.483138e-05,0.00015841801,a
test_0784.jpg,0.99997175,4.495075e-06,1.8924971e-05,4.7849826e-06,a
test_0785.jpg,0.0063409014,0.30552173,0.04134787,0.6467895,d
test_0786.jpg,0.9218972,0.010241353,0.06678201,0.0010794306,a
test_0787.jpg,0.56125665,0.052204996,0.0007926911,0.38574567,a
test_0788.jpg,0.9998047,2.4296083e-05,0.00013981432,3.1196792e-05,a
test_0789.jpg,6.0835646e-07,0.9999951,1.3709524e-06,2.9023065e-06,b
test_0790.jpg,0.026880814,0.000150155,0.8901703,0.082798734,c
test_0791.jpg,1.9947263e-06,1.4593728e-06,3.9278484e-07,0.9999962,d
test_0792.jpg,0.00013979158,0.999642,1.4733922e-05,0.00020339554,b
test_0793.jpg,0.00029591547,0.9995633,7.4819145e-05,6.602766e-05,b
test_0794.jpg,0.0001581576,0.99808335,5.8182934e-05,0.0017003547,b
test_0795.jpg,9.4224316e-07,0.9999975,7.338197e-07,8.315266e-07,b
test_0796.jpg,0.99889356,6.198568e-05,0.00033509143,0.0007093886,a
test_0797.jpg,1.3006978e-05,5.422115e-06,0.99997544,6.1440614e-06,c
test_0798.jpg,0.9918526,0.0024585568,0.0052047647,0.00048411856,a
test_0799.jpg,1.2098635e-06,1.287893e-06,4.4508388e-07,0.999997,d
test_0800.jpg,0.0008002639,0.00014803393,0.004605201,0.9944464,d
test_0801.jpg,0.99926394,0.00026106625,0.0003352157,0.00013973871,a
test_0802.jpg,0.0002034086,6.60371e-05,2.4293691e-05,0.9997062,d
test_0803.jpg,1.6700613e-05,0.9999349,3.53552e-05,1.3006451e-05,b
test_0804.jpg,0.69336236,0.003210905,0.014390277,0.28903642,a
test_0805.jpg,0.9999448,1.4738385e-05,1.8924462e-05,2.1444224e-05,a
test_0806.jpg,0.0016985001,0.00013942138,0.99699473,0.0011673608,c
test_0807.jpg,8.9396335e-06,3.2887074e-06,0.999984,3.7265936e-06,c
test_0808.jpg,0.00054647593,0.00042559588,0.98805165,0.010976263,c
test_0809.jpg,0.892044,0.0011835465,0.106539465,0.00023305412,a
test_0810.jpg,0.9998097,9.514531e-06,9.609336e-05,8.4802086e-05,a
test_0811.jpg,2.4299457e-05,7.888879e-06,0.9999435,2.4299457e-05,c
test_0812.jpg,8.939433e-06,1.4738633e-05,0.9999616,1.4738633e-05,c
test_0813.jpg,6.143779e-06,4.0062467e-05,0.9999294,2.4299115e-05,c
test_0814.jpg,0.99936587,7.480437e-05,6.536332e-06,0.0005527336,a
test_0815.jpg,1.8924924e-05,8.939502e-06,0.99996924,2.9022312e-06,c
test_0816.jpg,0.0011269342,0.9624681,0.032933846,0.003471202,b
test_0817.jpg,0.9999658,2.7535509e-05,4.784954e-06,1.8738148e-06,a
test_0818.jpg,2.429759e-05,2.429759e-05,0.9998666,8.480692e-05,c
test_0819.jpg,6.9616335e-06,0.99990356,5.8289042e-05,3.1199877e-05,b
test_0820.jpg,0.00037738326,0.002788506,0.9927769,0.0040572523,c
test_0821.jpg,4.222799e-06,1.2098521e-06,0.9999876,6.9622183e-06,c
test_0822.jpg,2.1438886e-05,0.9996959,2.1438886e-05,0.00026117908,b
test_0823.jpg,3.5008084e-06,0.9999833,1.760317e-06,1.1478708e-05,b
test_0824.jpg,0.000626055,0.99892825,6.598571e-05,0.00037972158,b
test_0825.jpg,0.00967761,0.0010200125,0.987143,0.0021593666,c
test_0826.jpg,0.99993205,2.1443951e-05,1.892422e-05,2.753458e-05,a
test_0827.jpg,0.2880309,0.008697779,0.60976136,0.09350994,c
test_0828.jpg,0.01098324,0.9886797,7.877736e-05,0.000258301,b
test_0829.jpg,0.99992824,3.120065e-05,1.30063645e-05,2.7534476e-05,a
test_0830.jpg,0.9792804,0.001890456,0.0008929882,0.017936146,a
test_0831.jpg,0.9999989,3.0590198e-07,1.8553895e-07,5.043471e-07,a
test_0832.jpg,0.01115089,0.8858249,0.072712936,0.030311262,b
test_0833.jpg,3.7264408e-06,4.5397344e-05,0.999943,7.888875e-06,c
test_0834.jpg,0.00070880464,5.1345636e-05,0.99807125,0.0011686212,c
test_0835.jpg,1.8925e-05,2.4060437e-06,5.4221036e-06,0.9999733,d
test_0836.jpg,0.05317594,0.0038520521,0.0004060033,0.94256604,d
test_0837.jpg,0.0035846815,0.0013187305,0.9939328,0.0011637756,c
test_0838.jpg,1.3006493e-05,4.5397122e-05,3.50065e-06,0.99993813,d
test_0839.jpg,3.288718e-06,3.288718e-06,0.99998724,6.144134e-06,c
test_0840.jpg,0.86907864,0.0040246327,0.07133832,0.05555834,a
test_0841.jpg,2.260262e-06,2.4300103e-05,3.2886614e-06,0.9999701,d
test_0842.jpg,2.3823583e-07,0.99999523,2.2603188e-06,2.2603188e-06,b
test_0843.jpg,0.0018790094,0.02289102,0.97335094,0.0018790094,c
test_0844.jpg,0.00010889479,1.3005628e-05,6.5396403e-06,0.9998716,d
test_0845.jpg,6.1441515e-06,2.123362e-06,1.653676e-06,0.9999901,d
test_0846.jpg,1.892485e-05,0.9999653,7.889051e-06,7.889051e-06,b
test_0847.jpg,0.6899726,0.0036206439,0.08240548,0.2240013,a
test_0848.jpg,0.0066520376,0.0002276202,0.9872499,0.0058704023,c
test_0849.jpg,3.2887435e-06,8.315246e-07,9.422408e-07,0.999995,d
test_0850.jpg,2.26028e-06,0.9999782,4.785013e-06,1.4738876e-05,b
test_0851.jpg,0.00848334,0.0058305087,0.005145406,0.9805408,d
test_0852.jpg,0.058210853,0.910571,0.0037212956,0.027496861,b
test_0853.jpg,0.00017951778,1.6697755e-05,0.9997638,4.005583e-05,c
test_0854.jpg,1.0676945e-06,2.5612658e-06,5.4221996e-06,0.99999106,d
test_0855.jpg,1.4738715e-05,0.9999672,1.0129761e-05,7.889066e-06,b
test_0856.jpg,0.0015005356,0.99806875,0.00033481474,9.5926036e-05,b
test_0857.jpg,7.338178e-07,0.9999949,1.5534923e-06,2.9023058e-06,b
test_0858.jpg,1.0676945e-06,4.2228135e-06,3.7266198e-06,0.99999106,d
test_0859.jpg,4.7850817e-06,1.7603331e-06,8.8515105e-07,0.9999925,d
test_0860.jpg,7.4823816e-05,0.00020339222,0.9996257,9.607568e-05,c
test_0861.jpg,3.2887037e-06,4.7850363e-06,8.9396235e-06,0.99998295,d
test_0862.jpg,0.99997175,1.300693e-05,5.0935873e-06,1.01298065e-05,a
test_0863.jpg,0.9998454,4.5392913e-05,8.480512e-05,2.4297075e-05,a
test_0864.jpg,0.9999813,6.962174e-06,4.785028e-06,6.962174e-06,a
test_0865.jpg,6.9621033e-06,2.1444786e-05,5.7148424e-07,0.99997103,d
test_0866.jpg,0.00012338732,7.4099844e-06,0.9998178,5.1435487e-05,c
test_0867.jpg,6.962054e-06,0.999964,1.8924824e-05,1.0129728e-05,b
test_0868.jpg,9.329474e-08,0.99999785,6.083581e-07,1.3709562e-06,b
test_0869.jpg,0.004066649,0.9950761,0.0004286216,0.0004286216,b
test_0870.jpg,0.0021409832,0.13245791,0.76224273,0.10315834,c
test_0871.jpg,8.939601e-06,5.4221414e-06,5.4221414e-06,0.99998033,d
test_0872.jpg,4.5390894e-05,0.0001398138,1.3843441e-05,0.999801,d
test_0873.jpg,1.1478607e-05,6.1440555e-06,7.8891235e-06,0.9999745,d
test_0874.jpg,3.726619e-06,4.7850735e-06,6.893552e-07,0.9999908,d
test_0875.jpg,0.00042998572,0.0011688223,0.0001581829,0.998243,d
test_0876.jpg,0.998779,0.0008037504,3.7591908e-05,0.00037966482,a
test_0877.jpg,0.9999914,2.4060873e-06,2.5612667e-06,3.7266211e-06,a
test_0878.jpg,4.5390207e-05,0.99978584,0.00012338338,4.5390207e-05,b
test_0879.jpg,0.990952,0.0013147758,0.0075660115,0.00016715498,a
test_0880.jpg,1.9947163e-06,2.5612662e-06,0.9999912,4.222814e-06,c
test_0881.jpg,1.6699589e-05,9.4212635e-07,0.9998735,0.000108895,c
test_0882.jpg,0.9998778,3.5353183e-05,5.1438576e-05,3.5353183e-05,a
test_0883.jpg,0.9999912,4.222814e-06,8.851499e-07,3.7266202e-06,a
test_0884.jpg,0.00078039884,0.029284252,0.00017413052,0.9697612,d
test_0885.jpg,0.0019260476,0.00026066217,9.589226e-05,0.9977174,d
test_0886.jpg,0.00079614425,0.00017764379,0.009699022,0.9893272,d
test_0887.jpg,1.1365549e-06,0.99999106,8.315213e-07,6.9622424e-06,b
test_0888.jpg,1.7603394e-06,3.927848e-07,0.99999607,1.7603394e-06,c
test_0889.jpg,0.00012322208,0.00048735287,0.99847895,0.00091049494,c
test_0890.jpg,4.006287e-05,0.99993956,1.1478206e-05,8.939236e-06,b
test_0891.jpg,0.0010320585,2.7503429e-05,0.99880075,0.00013967394,c
test_0892.jpg,0.022943605,0.0012943895,0.00017517657,0.97558683,d
test_0893.jpg,0.00025939022,0.99284875,0.006689762,0.00020201333,b
test_0894.jpg,2.5612044e-06,0.9999671,8.9394825e-06,2.1444703e-05,b
test_0895.jpg,1.0129604e-05,0.9999517,2.1444373e-05,1.6700895e-05,b
test_0896.jpg,0.0021004288,0.9601999,0.03723099,0.00046866905,b
test_0897.jpg,2.5612737e-06,2.5612737e-06,7.338173e-07,0.99999416,d
test_0898.jpg,0.99826175,5.819333e-05,0.0015008257,0.00017924808,a
test_0899.jpg,5.4221905e-06,1.4593629e-06,0.9999894,3.7266136e-06,c
test_0900.jpg,0.9999187,3.120035e-05,3.5354627e-05,1.4738001e-05,a
test_0901.jpg,0.047101658,0.00046176845,0.94606215,0.0063745165,c
test_0902.jpg,2.8736807e-07,0.9999981,6.47594e-07,9.422437e-07,b
test_0903.jpg,0.98702514,0.0002922036,0.00025786873,0.012424813,a
test_0904.jpg,0.99987555,5.143846e-05,4.539428e-05,2.7533024e-05,a
test_0905.jpg,0.984168,0.0021528588,0.008514722,0.00516444,a
test_0906.jpg,0.9999621,1.473864e-05,1.3006805e-05,1.0129709e-05,a
test_0907.jpg,2.2603076e-06,0.99999034,1.2098554e-06,6.1441533e-06,b
test_0908.jpg,4.785088e-06,1.0676974e-06,3.466306e-07,0.9999938,d
test_0909.jpg,0.029299011,0.97025,0.0002534861,0.0001974152,b
test_0910.jpg,2.7264246e-06,0.99998045,7.88917e-06,8.939602e-06,b
test_0911.jpg,0.0027889202,0.00022892849,0.004057855,0.99292433,d
test_0912.jpg,0.00012331117,0.99920076,0.00055264233,0.00012331117,b
test_0913.jpg,3.5355777e-05,1.0129599e-05,3.2885996e-06,0.99995124,d
test_0914.jpg,1.4737018e-05,0.000108892666,0.99985206,2.4297236e-05,c
test_0915.jpg,0.40446037,0.5884863,0.0039651897,0.003088093,b
test_0916.jpg,0.0031360395,0.98531425,0.0040267543,0.0075229667,b
test_0917.jpg,0.0065647215,0.042807363,0.19184928,0.75877863,d
test_0918.jpg,3.7261505e-06,0.99986506,0.00012339315,7.88826e-06,b
test_0919.jpg,0.9999989,1.742977e-07,1.742977e-07,7.3382074e-07,a
test_0920.jpg,0.0013228961,0.00080237706,0.99707234,0.00080237706,c
test_0921.jpg,0.19199738,0.0057978183,0.04284041,0.75936437,d
test_0922.jpg,0.0006945486,0.020297684,0.0010105622,0.97799724,d
test_0923.jpg,0.93526524,0.059789505,0.0023182908,0.0026269676,a
test_0924.jpg,7.484233e-05,0.99987304,3.5353012e-05,1.669958e-05,b
test_0925.jpg,9.422408e-07,0.999995,1.7603375e-06,2.260318e-06,b
test_0926.jpg,3.0892859e-06,6.605184e-05,1.4592754e-06,0.9999294,d
test_0927.jpg,2.5612787e-06,1.0030111e-06,4.1811725e-07,0.99999607,d
test_0928.jpg,0.4282992,0.22925204,0.008889066,0.33355975,a
test_0929.jpg,3.927834e-07,0.9999925,9.4223844e-07,6.1441665e-06,b
test_0930.jpg,0.99993956,8.939236e-06,4.006287e-05,1.1478206e-05,a
test_0931.jpg,0.999982,8.939615e-06,5.4221505e-06,3.726586e-06,a
test_0932.jpg,3.119696e-05,0.00013981506,1.892191e-05,0.99981004,d
test_0933.jpg,0.99170774,0.0058969096,0.0014909722,0.00090432045,a
test_0934.jpg,0.9997658,5.1432813e-05,2.429514e-05,0.00015842421,a
test_0935.jpg,3.118823e-05,7.885619e-06,0.9995303,0.0004305402,c
test_0936.jpg,0.8313043,0.0016047949,0.003397351,0.16369352,a
test_0937.jpg,2.5612762e-06,1.3709524e-06,8.851534e-07,0.9999951,d
test_0938.jpg,0.0016996511,0.99767035,0.00029535507,0.00033468113,b
test_0939.jpg,0.9999136,1.6700258e-05,1.1477908e-05,5.8289625e-05,a
test_0940.jpg,0.9962727,0.000486276,7.0054695e-05,0.0031709177,a
test_0941.jpg,0.031293917,0.0025687616,0.9145424,0.051594954,c
test_0942.jpg,2.4299832e-05,8.939409e-06,7.889e-06,0.9999589,d
test_0943.jpg,6.0835265e-07,0.9999889,2.5612603e-06,7.889237e-06,b
test_0944.jpg,0.87472844,0.11838162,0.0016886231,0.0052013253,a
test_0945.jpg,0.99930644,0.00012332421,0.00013974465,0.0004304438,a
test_0946.jpg,0.05565671,0.05565671,0.87061745,0.018069088,c
test_0947.jpg,3.2887335e-06,4.2228176e-06,5.7149623e-07,0.999992,d
test_0948.jpg,1.6685746e-05,0.9990447,0.0009110109,2.7510147e-05,b
test_0949.jpg,0.99657416,0.0014982886,0.00022977,0.0016977836,a
test_0950.jpg,0.001168421,2.140038e-05,0.99790025,0.00090996723,c
test_0951.jpg,0.98854816,0.00029265447,0.0001775039,0.010981779,a
test_0952.jpg,0.99996674,5.4220677e-06,1.8924877e-05,8.939479e-06,a
test_0953.jpg,0.0007090092,0.0005521769,0.00037950528,0.99835926,d
test_0954.jpg,1.3709341e-06,1.4738929e-05,2.1233443e-06,0.99998176,d
test_0955.jpg,2.4298528e-05,0.9999052,1.8923713e-05,5.1439987e-05,b
test_0956.jpg,0.9988141,0.0004302317,0.00020322707,0.0005524285,a
test_0957.jpg,1.6701288e-05,5.4221146e-06,2.5612255e-06,0.9999753,d
test_0958.jpg,4.5384408e-05,0.9996581,3.5345412e-05,0.00026116922,b
test_0959.jpg,0.999561,0.00033531536,5.8269074e-05,4.5380002e-05,a
test_0960.jpg,0.0018140244,0.9396879,0.041287005,0.017210985,b
test_0961.jpg,2.4299527e-05,0.99994636,7.888902e-06,2.1444259e-05,b
test_0962.jpg,0.00026097437,2.280369e-05,0.99891233,0.00080385775,c
test_0963.jpg,1.0127376e-05,0.99973184,2.7529068e-05,0.00023049803,b
test_0964.jpg,3.1199503e-05,1.8923452e-05,5.828834e-05,0.9998915,d
test_0965.jpg,7.3381045e-07,0.99998486,1.4593563e-06,1.30071e-05,b
test_0966.jpg,2.726133e-06,0.9998735,1.4737335e-05,0.000108895,b
test_0967.jpg,0.00029579777,0.00020329862,0.9991658,0.00033518276,c
test_0968.jpg,0.9999906,4.7850726e-06,2.5612646e-06,2.123363e-06,a
test_0969.jpg,0.0058453344,0.00020001637,0.98303413,0.010920524,c
test_0970.jpg,4.539741e-05,4.7848516e-06,5.421947e-06,0.99994445,d
test_0971.jpg,0.0003785785,0.99592113,0.000108464556,0.0035918525,b
test_0972.jpg,2.5612665e-06,2.9022954e-06,3.2887312e-06,0.9999913,d
test_0973.jpg,0.041817304,0.95175743,0.0056593562,0.0007659106,b
test_0974.jpg,0.02800652,0.12551652,0.8184705,0.02800652,c
test_0975.jpg,4.1811475e-07,0.9999901,1.5534849e-06,7.889246e-06,b
test_0976.jpg,1.9947176e-06,4.222817e-06,1.9947176e-06,0.9999919,d
test_0977.jpg,5.421911e-06,0.9999378,2.1444073e-05,3.53553e-05,b
test_0978.jpg,1.4738654e-05,3.2886383e-06,0.99996305,1.8924808e-05,c
test_0979.jpg,0.9999982,4.1811816e-07,2.873681e-07,1.136563e-06,a
test_0980.jpg,0.99997866,1.6701344e-05,1.0029937e-06,3.7265736e-06,a
test_0981.jpg,2.1440483e-05,0.99977034,0.00012338145,8.4798754e-05,b
test_0982.jpg,0.9994247,0.0001233388,2.143307e-05,0.00043049472,a
test_0983.jpg,4.0055394e-05,0.00017951583,2.7529648e-05,0.99975294,d
test_0984.jpg,0.00020336057,0.9994702,9.606073e-05,0.0002304377,b
test_0985.jpg,0.021894613,0.56466955,0.30224583,0.11119001,b
test_0986.jpg,0.9983102,0.00026081706,0.0006256676,0.0008033732,a
test_0987.jpg,0.0015849787,0.0006607174,0.067395,0.9303593,d
test_0988.jpg,1.473891e-05,3.7265804e-06,1.0676831e-06,0.99998045,d
test_0989.jpg,0.9999548,1.300671e-05,2.4299732e-05,7.888968e-06,a
test_0990.jpg,0.041553933,0.9457632,0.0092719365,0.0034109545,b
test_0991.jpg,0.99999547,2.9023074e-06,9.4224123e-07,6.893584e-07,a
test_0992.jpg,0.0001568577,0.9898801,0.00025861463,0.009704444,b
test_0993.jpg,0.999736,0.00015841948,9.608628e-05,9.51383e-06,a
test_0994.jpg,1.3709546e-06,1.3709546e-06,5.0434596e-07,0.99999666,d
test_0995.jpg,0.0008765459,0.9612493,0.00060244056,0.03727168,b
test_0996.jpg,2.1444803e-05,2.5612164e-06,0.99997175,4.222732e-06,c
test_0997.jpg,0.99970704,5.8277587e-05,3.1193747e-05,0.00020340877,a
test_0998.jpg,1.1478711e-05,0.99998355,1.6536652e-06,3.2887058e-06,b
test_0999.jpg,0.011240227,0.0015211994,0.1992378,0.78800076,d
test_1000.jpg,1.8738677e-06,1.8738677e-06,0.99999404,2.1233702e-06,c
test_1001.jpg,2.9022967e-06,4.2228166e-06,1.2098571e-06,0.9999918,d
test_1002.jpg,0.0021794408,0.00033422804,0.0011665705,0.9963198,d
test_1003.jpg,0.99986255,3.1198597e-05,2.1442462e-05,8.4806576e-05,a
test_1004.jpg,0.003166982,0.0016951633,0.000101802456,0.99503607,d
test_1005.jpg,0.06696731,0.007998104,0.0005793807,0.92445517,d
test_1006.jpg,0.00017948395,0.9995753,1.4732939e-05,0.00023046194,b
test_1007.jpg,3.726511e-06,0.99996185,2.144459e-05,1.3006801e-05,b
test_1008.jpg,0.04176508,0.9505688,0.0012611961,0.0064048823,b
test_1009.jpg,0.9994392,8.477067e-05,0.0003799158,9.605775e-05,a
test_1010.jpg,2.1440126e-05,0.99975365,4.5388748e-05,0.00017951596,b
test_1011.jpg,1.994707e-06,0.9999865,2.5612542e-06,8.939656e-06,b
test_1012.jpg,0.0010222007,0.007553098,0.002163999,0.9892607,d
test_1013.jpg,0.00062614854,0.00023034718,6.599558e-05,0.99907756,d
test_1014.jpg,1.1478488e-05,0.9999641,1.3006831e-05,1.1478488e-05,b
test_1015.jpg,0.05451516,0.06999885,0.8527606,0.0227253,c
test_1016.jpg,0.9994492,0.0004305053,1.1472577e-05,0.000108848784,a
test_1017.jpg,1.8924993e-05,6.144046e-06,1.99468e-06,0.99997294,d
test_1018.jpg,6.144109e-06,3.7265906e-06,6.962188e-06,0.9999832,d
test_1019.jpg,0.1997344,0.008775718,0.001524991,0.7899649,d
test_1020.jpg,3.7266104e-06,0.99998856,2.9022874e-06,4.785063e-06,b
test_1021.jpg,0.99998105,1.4738919e-05,2.1233427e-06,2.1233427e-06,a
test_1022.jpg,2.5612644e-06,3.7266177e-06,3.2887285e-06,0.99999046,d
test_1023.jpg,7.483138e-05,1.8920335e-05,0.9997267,0.00017951113,c
test_1024.jpg,0.99999475,2.9023054e-06,1.2098608e-06,1.2098608e-06,a
test_1025.jpg,6.475927e-07,0.99999607,1.2098624e-06,1.9947258e-06,b
test_1026.jpg,2.902282e-06,7.889219e-06,0.99998665,2.5612546e-06,c
test_1027.jpg,2.1444475e-05,5.4220122e-06,1.6700975e-05,0.9999565,d
test_1028.jpg,3.256303e-07,0.9999969,7.811465e-07,1.9947277e-06,b
test_1029.jpg,0.8874845,0.018419152,0.0005562102,0.09354017,a
test_1030.jpg,0.99998856,7.889234e-06,1.3709434e-06,2.1233586e-06,a
test_1031.jpg,0.0020690712,0.9458649,0.010507611,0.041558404,b
test_1032.jpg,1.3006144e-05,5.14403e-05,0.9999113,2.4298675e-05,c
test_1033.jpg,0.0010309465,0.9977246,0.00090980704,0.00033469932,b
test_1034.jpg,0.042050555,0.00059981894,0.95706624,0.00028333443,c
test_1035.jpg,0.037039626,0.95526457,0.0026831417,0.0050127683,b
test_1036.jpg,6.4759337e-07,1.994728e-06,1.5381691e-07,0.99999714,d
test_1037.jpg,0.00048571557,0.00080080953,0.0035889794,0.9951245,d
test_1038.jpg,7.3382006e-07,8.31527e-07,0.999998,5.368742e-07,c
test_1039.jpg,0.00017951545,2.4294775e-05,0.9997508,4.5388617e-05,c
test_1040.jpg,4.222784e-06,4.7850413e-06,6.9621933e-06,0.999984,d
test_1041.jpg,0.042043615,0.000988771,5.9380312e-05,0.9569083,d
test_1042.jpg,0.00023048311,7.482692e-05,0.99966717,2.7527285e-05,c
test_1043.jpg,0.18882556,0.061302688,0.0030520812,0.7468196,d
test_1044.jpg,1.8553872e-07,0.99999774,9.4224333e-07,1.2098644e-06,b
test_1045.jpg,0.00062456756,2.1371528e-05,0.996555,0.002799118,c
test_1046.jpg,1.3005731e-05,9.610007e-05,1.1477517e-05,0.9998795,d
test_1047.jpg,0.005908819,0.00017843088,0.99371064,0.00020218868,c
test_1048.jpg,0.0052158185,0.00062294066,0.99395907,0.00020223923,c
test_1049.jpg,0.9701994,0.0021223025,0.013839151,0.013839151,a
test_1050.jpg,0.014048803,0.0008981099,0.0001560681,0.98489714,d
test_1051.jpg,3.1201173e-05,0.99994504,8.939285e-06,1.4738388e-05,b
test_1052.jpg,3.2887124e-06,7.889211e-06,3.2887124e-06,0.9999856,d
test_1053.jpg,3.7266177e-06,2.9022929e-06,2.9022929e-06,0.99999046,d
test_1054.jpg,2.6995744e-07,0.99999857,5.715e-07,5.715e-07,b
test_1055.jpg,0.99999475,1.9947233e-06,1.0030099e-06,2.2603176e-06,a
test_1056.jpg,5.4221605e-06,8.939632e-06,1.8738485e-06,0.9999838,d
test_1057.jpg,6.9622142e-06,4.222796e-06,1.8738546e-06,0.999987,d
test_1058.jpg,3.2887133e-06,0.9999858,6.144125e-06,4.78505e-06,b
test_1059.jpg,5.0434494e-07,0.99999464,1.2098607e-06,3.7266332e-06,b
test_1060.jpg,1.8738666e-06,3.2887383e-06,1.3709501e-06,0.99999344,d
test_1061.jpg,4.539169e-05,9.6094205e-05,0.9998185,4.005802e-05,c
test_1062.jpg,0.99998343,6.962189e-06,4.222781e-06,5.422158e-06,a
test_1063.jpg,0.9922706,0.001690452,0.00013876075,0.0059002563,a
test_1064.jpg,0.9999833,4.7850376e-06,1.0129924e-05,1.760317e-06,a
test_1065.jpg,0.00010884285,0.0004304818,6.601652e-05,0.99939466,d
test_1066.jpg,0.99999607,1.2878918e-06,8.315254e-07,1.7603394e-06,a
test_1067.jpg,0.00017951314,5.143138e-05,0.9997379,3.1194708e-05,c
test_1068.jpg,0.9097873,0.0025554053,0.07467989,0.012977418,a
test_1069.jpg,7.8113686e-07,0.9999845,3.288709e-06,1.1478722e-05,b
test_1070.jpg,0.72998124,0.26854512,0.0012436106,0.00023004483,a
test_1071.jpg,0.094764926,0.0019667833,0.0041636806,0.8991046,d
test_1072.jpg,3.119594e-05,0.00013981052,0.9997775,5.1433413e-05,c
test_1073.jpg,0.0001792852,0.0013247484,0.99846846,2.7494278e-05,c
test_1074.jpg,2.1444732e-05,7.889075e-06,2.260258e-06,0.9999684,d
test_1075.jpg,0.0068581374,0.3744416,0.0013504473,0.6173498,d
test_1076.jpg,0.20157751,0.00072700204,0.79725456,0.00044094902,c
test_1077.jpg,7.3382023e-07,0.9999982,4.1811816e-07,5.368743e-07,b
test_1078.jpg,8.851442e-07,2.9022763e-06,0.99998474,1.1478724e-05,c
test_1079.jpg,0.9999895,7.889242e-06,8.3152e-07,1.7603279e-06,a
test_1080.jpg,0.0046090377,0.9952749,5.8019217e-05,5.8019217e-05,b
test_1081.jpg,0.9999975,6.083579e-07,9.4224316e-07,8.851555e-07,a
test_1082.jpg,1.9947129e-06,1.553484e-06,6.9622315e-06,0.9999895,d
test_1083.jpg,0.9999696,1.8924931e-05,5.4220836e-06,6.1440255e-06,a
test_1084.jpg,0.99997425,1.1478604e-05,4.2227425e-06,1.0129832e-05,a
test_1085.jpg,1.4737826e-05,7.4844866e-05,3.500541e-06,0.9999069,d
test_1086.jpg,0.10878014,0.0037222519,0.33506644,0.55243117,d
test_1087.jpg,2.2603097e-06,0.9999913,2.2603097e-06,4.2228144e-06,b
test_1088.jpg,0.00023047629,6.603256e-05,6.603256e-05,0.9996375,d
test_1089.jpg,0.36874855,0.60796356,0.020803368,0.002484608,b
test_1090.jpg,6.962138e-06,6.962138e-06,1.012985e-05,0.99997604,d
test_1091.jpg,3.7556303e-05,0.9978331,0.001926271,0.00020302746,b
test_1092.jpg,4.00389e-05,6.601299e-05,0.00055272,0.9993412,d
test_1093.jpg,0.99961084,3.5343743e-05,0.00023047013,0.00012336177,a
test_1094.jpg,4.7850704e-06,2.2603072e-06,0.9999901,2.902292e-06,c
test_1095.jpg,0.020318894,0.00037215353,0.97901917,0.00028983346,c
test_1096.jpg,0.99919873,0.0006262245,3.532917e-05,0.00013972959,a
test_1097.jpg,1.892484e-05,1.1478496e-05,4.7849494e-06,0.99996483,d
test_1098.jpg,0.99991405,2.7534084e-05,4.5396027e-05,1.300618e-05,a
test_1099.jpg,1.4738733e-05,0.9999684,8.9394935e-06,7.889075e-06,b
test_1100.jpg,0.00055197865,0.00012316309,0.0013241279,0.9980008,d
test_1101.jpg,0.99996674,1.6701146e-05,1.1478518e-05,5.0935614e-06,a
test_1102.jpg,0.99969304,7.482886e-05,0.00012337192,0.00010887534,a
test_1103.jpg,0.0007951174,0.010976258,0.9880512,0.00017741467,c
test_1104.jpg,3.2887074e-06,3.7265936e-06,0.999984,8.9396335e-06,c
test_1105.jpg,1.4737791e-05,3.5354125e-05,0.9999045,4.5395594e-05,c
test_1106.jpg,1.892353e-05,4.006111e-05,0.9998956,4.539519e-05,c
test_1107.jpg,8.939601e-06,1.0129894e-05,5.714895e-07,0.99998033,d
test_1108.jpg,3.2887137e-06,0.99998593,5.422172e-06,5.422172e-06,b
test_1109.jpg,0.992405,0.0003772419,0.0059010554,0.0013167035,a
test_1110.jpg,2.4060391e-06,2.1444795e-05,4.784981e-06,0.9999714,d
test_1111.jpg,0.0004872665,0.0010315431,0.998302,0.00017925531,c
test_1112.jpg,0.00013940896,0.0010301006,0.0019244814,0.996906,d
test_1113.jpg,0.0034390327,0.0011164905,0.041895997,0.95354843,d
test_1114.jpg,0.9999691,8.939501e-06,1.3006896e-05,8.939501e-06,a
test_1115.jpg,7.338196e-07,1.0677012e-06,0.9999974,8.851554e-07,c
test_1116.jpg,0.0011688955,0.00023016917,0.99830544,0.00029554308,c
test_1117.jpg,0.99999607,1.9947258e-06,1.0676998e-06,8.315254e-07,a
test_1118.jpg,0.25763634,0.70032805,0.0025257773,0.039509807,b
test_1119.jpg,1.4738721e-05,1.1478528e-05,0.9999676,6.1440132e-06,c
test_1120.jpg,0.66135263,0.025643423,0.31240088,0.00060307555,a
test_1121.jpg,7.483689e-05,0.9998004,8.48013e-05,4.0057294e-05,b
test_1122.jpg,0.9999795,7.889163e-06,4.7850194e-06,7.889163e-06,a
test_1123.jpg,6.9622083e-06,2.72644e-06,0.9999862,4.222793e-06,c
test_1124.jpg,1.2878859e-06,0.9999914,1.8738629e-06,5.422202e-06,b
test_1125.jpg,0.00037956133,0.0009105203,0.00020316454,0.9985067,d
test_1126.jpg,8.474052e-05,0.0008039957,2.7511222e-05,0.99908376,d
test_1127.jpg,0.00023048335,6.603458e-05,0.9996681,3.5345765e-05,c
test_1128.jpg,0.0066920244,0.9931845,6.56063e-05,5.7897356e-05,b
test_1129.jpg,5.1409403e-05,1.1470988e-05,0.99931073,0.0006262947,c
test_1130.jpg,0.8355893,0.03239931,0.12814178,0.0038695463,a
test_1131.jpg,0.00044104925,0.20162334,0.79743576,0.00049977424,c
test_1132.jpg,7.008615e-05,3.751441e-05,0.0031723415,0.99672,d
test_1133.jpg,0.0002959423,3.119209e-05,1.8918956e-05,0.99965394,d
test_1134.jpg,0.7444396,0.012032745,0.12936419,0.11416351,a
test_1135.jpg,0.99135005,0.00070403144,0.00037684088,0.007569051,a
test_1136.jpg,0.29390252,0.00082551164,0.70503545,0.00023651305,c
test_1137.jpg,0.99999833,5.043468e-07,1.9750506e-07,8.851562e-07,a
test_1138.jpg,6.1439596e-06,3.12016e-05,0.9999589,3.7265e-06,c
test_1139.jpg,5.1433628e-05,8.396309e-06,0.99978167,0.00015842672,c
test_1140.jpg,4.785057e-06,6.1441347e-06,1.6536715e-06,0.99998736,d
test_1141.jpg,0.67109287,0.21787196,0.06242136,0.04861381,a
test_1142.jpg,0.00029560304,0.9985079,0.000487367,0.00070911477,b
test_1143.jpg,1.0030022e-06,0.99998724,8.939663e-06,2.9022835e-06,b
test_1144.jpg,0.005216798,0.00025972904,0.99414563,0.00037790358,c
test_1145.jpg,2.9022563e-06,3.6898044e-07,0.9999778,1.8925086e-05,c
test_1146.jpg,0.000378174,0.9948571,0.00015764637,0.004607103,b
test_1147.jpg,0.011654365,0.9258208,0.0033390312,0.059185743,b
test_1148.jpg,0.0072405906,0.3488712,0.5751914,0.06869681,c
test_1149.jpg,0.3538975,0.06968655,0.5149178,0.061498165,c
test_1150.jpg,3.5348843e-05,0.00020341855,6.1427077e-06,0.9997551,d
test_1151.jpg,3.1183696e-05,0.999385,9.605254e-05,0.0004877951,b
test_1152.jpg,0.99746156,0.0021819384,0.00026059535,9.586768e-05,a
test_1153.jpg,8.937334e-06,0.99972683,8.4795065e-05,0.00017951115,b
test_1154.jpg,6.962171e-06,1.147868e-05,8.3151275e-07,0.9999808,d
test_1155.jpg,0.9986243,0.00015824333,4.8261492e-05,0.0011692689,a
test_1156.jpg,2.7535312e-05,6.962017e-06,6.962017e-06,0.99995863,d
test_1157.jpg,0.00070455234,0.99208355,0.0031575845,0.0040544188,b
test_1158.jpg,6.9614566e-06,0.99987817,4.006041e-05,7.484272e-05,b
test_1159.jpg,3.2886992e-06,3.7265843e-06,1.1478688e-05,0.9999815,d
test_1160.jpg,0.99864286,0.00043015796,0.00080364087,0.00012324232,a
test_1161.jpg,0.9602994,0.00036503762,0.037234847,0.0021006465,a
test_1162.jpg,0.34356874,0.013321606,0.5664491,0.07666054,c
test_1163.jpg,8.4781575e-05,5.1422627e-05,0.0002959168,0.9995678,d
test_1164.jpg,0.00028826355,4.705773e-05,0.025948655,0.9737161,d
test_1165.jpg,4.785073e-06,3.2887294e-06,1.2098559e-06,0.9999907,d
test_1166.jpg,1.6697564e-05,0.99975234,0.00020341798,2.7529632e-05,b
test_1167.jpg,0.0045947563,0.0004273789,0.0027868606,0.992191,d
test_1168.jpg,2.9022478e-06,1.6701282e-05,0.99997497,5.4221127e-06,c
test_1169.jpg,0.0021430827,0.9796989,0.0058255023,0.012332589,b
test_1170.jpg,0.999987,2.5612555e-06,8.93966e-06,1.4593594e-06,a
test_1171.jpg,9.608716e-05,0.000139806,1.8920684e-05,0.9997452,d
test_1172.jpg,0.0006252229,0.0016995323,0.9976006,7.4672236e-05,c
test_1173.jpg,8.478254e-05,4.0048435e-05,0.00029592018,0.99957925,d
test_1174.jpg,0.00012337009,0.99967825,4.00524e-05,0.00015841033,b
test_1175.jpg,0.9994659,5.8263526e-05,0.00043051247,4.537568e-05,a
test_1176.jpg,4.0061725e-05,2.7533999e-05,0.99991095,2.1443499e-05,c
test_1177.jpg,5.422061e-06,0.9999654,4.784952e-06,2.429999e-05,b
test_1178.jpg,0.7762988,0.22241333,0.00090895244,0.00037890777,a
test_1179.jpg,0.00010888114,0.99974626,0.00012337849,2.1439968e-05,b
test_1180.jpg,1.3709499e-06,0.9999933,3.2887378e-06,1.9947204e-06,b
test_1181.jpg,1.1476659e-05,0.00017952514,0.9998048,4.2220267e-06,c
test_1182.jpg,1.8923729e-05,8.938937e-06,0.99990606,6.60503e-05,c
test_1183.jpg,0.26217228,0.71265805,0.00078388077,0.024385817,b
test_1184.jpg,0.00013937138,5.1271865e-05,0.9966372,0.003172078,c
test_1185.jpg,0.9162252,0.051689893,0.013069251,0.019015647,a
test_1186.jpg,0.99992263,8.939085e-06,5.8290152e-05,1.0129309e-05,a
test_1187.jpg,6.1441156e-06,0.99998426,5.4221628e-06,4.222785e-06,b
test_1188.jpg,0.9956714,0.0009079348,0.0027966362,0.0006240138,a
test_1189.jpg,0.9994417,0.00043050206,1.891494e-05,0.00010884797,a
test_1190.jpg,1.459365e-06,0.9999908,2.902294e-06,4.7850735e-06,b
test_1191.jpg,0.0002607344,0.9979938,4.530885e-05,0.0017002021,b
test_1192.jpg,0.00033412827,0.0035922176,5.1240233e-05,0.9960224,d
test_1193.jpg,0.9998869,5.8288068e-05,4.006076e-05,1.4737531e-05,a
test_1194.jpg,0.012326126,0.21848582,0.7625904,0.0065976996,c
test_1195.jpg,3.2887328e-06,1.6536787e-06,0.9999918,3.2887328e-06,c
test_1196.jpg,0.9998267,9.6095e-05,1.8922226e-05,5.828456e-05,a
test_1197.jpg,0.0010152031,0.0006157518,0.9824885,0.015880449,c
test_1198.jpg,8.939514e-06,1.6701211e-05,0.9999707,3.7265438e-06,c
test_1199.jpg,7.8887e-06,5.829005e-05,1.3006268e-05,0.99992085,d
test_1200.jpg,0.0016963743,0.00037851225,0.9957469,0.0021781875,c
test_1201.jpg,9.4224356e-07,7.811474e-07,3.059017e-07,0.999998,d
test_1202.jpg,2.2602994e-06,0.99998677,4.7850544e-06,6.144131e-06,b
test_1203.jpg,0.99378455,0.0006228313,0.0052149026,0.0003777663,a
test_1204.jpg,1.1478051e-05,0.9999261,3.120058e-05,3.120058e-05,b
test_1205.jpg,0.9961868,0.0002026925,1.7711076e-05,0.0035928106,a
test_1206.jpg,0.00091081305,0.00020322985,5.8226327e-05,0.99882776,d
test_1207.jpg,0.9996581,4.5384408e-05,6.603392e-05,0.00023048103,a
test_1208.jpg,9.587617e-05,0.0013235296,0.99754983,0.0010307658,c
test_1209.jpg,1.3006865e-05,1.3709135e-06,0.99996674,1.8924877e-05,c
test_1210.jpg,0.0020650078,0.94400734,0.0006704098,0.053257253,b
test_1211.jpg,0.9999484,4.0063227e-05,5.4219686e-06,6.1438955e-06,a
test_1212.jpg,0.0004303704,0.00023036066,0.99913603,0.00020329257,c
test_1213.jpg,0.00137153,0.07488301,0.9122617,0.01148368,c
test_1214.jpg,0.0038531953,0.8320585,0.16384202,0.00024632653,b
test_1215.jpg,0.56187046,0.43758515,0.00033080418,0.00021358325,a
test_1216.jpg,2.1444217e-05,0.99994445,6.5401164e-06,2.7534921e-05,b
test_1217.jpg,1.5534938e-06,1.9947254e-06,6.0835686e-07,0.9999958,d
test_1218.jpg,0.004016937,0.00069803896,0.012373037,0.98291206,d
test_1219.jpg,0.00037977204,0.0001793916,0.99906105,0.00037977204,c
test_1220.jpg,0.04492502,0.90234315,0.04492502,0.007806798,b
test_1221.jpg,0.0001584085,0.9996667,0.00012336866,5.1427716e-05,b
test_1222.jpg,0.00070956576,0.999143,5.1400773e-05,9.602929e-05,b
test_1223.jpg,0.0075621167,0.0019120027,8.400753e-05,0.9904419,d
test_1224.jpg,0.0011690063,9.595789e-05,0.99840015,0.00033492595,c
test_1225.jpg,0.00012337172,0.9996915,0.00013979849,4.5385925e-05,b
test_1226.jpg,2.9022012e-06,0.9999589,6.9620182e-06,3.12016e-05,b
test_1227.jpg,7.484233e-05,3.5353012e-05,0.99987304,1.669958e-05,c
test_1228.jpg,7.483435e-05,3.5349243e-05,0.00012338097,0.9997664,d
test_1229.jpg,4.003116e-05,0.0008040474,7.882603e-06,0.999148,d
test_1230.jpg,0.9974039,0.0010306151,0.0014995361,6.588502e-05,a
test_1231.jpg,5.422192e-06,2.123361e-06,0.9999896,2.9022906e-06,c
test_1232.jpg,0.20237671,0.035167802,0.62336415,0.13909136,c
test_1233.jpg,1.370952e-06,0.99999475,1.370952e-06,2.5612753e-06,b
test_1234.jpg,0.003546218,0.009639621,0.98326796,0.003546218,c
test_1235.jpg,5.1439747e-05,1.670004e-05,0.9999006,3.1199783e-05,c
test_1236.jpg,5.824762e-05,0.0002610477,0.999193,0.00048770139,c
test_1237.jpg,0.99997985,1.1478669e-05,5.422139e-06,3.2886937e-06,a
test_1238.jpg,1.8738629e-06,3.7266211e-06,0.9999914,2.9022956e-06,c
test_1239.jpg,0.00012314138,0.0005518813,0.9978249,0.001500169,c
test_1240.jpg,0.00020340431,6.603571e-05,4.5385637e-05,0.99968517,d
test_1241.jpg,1.8924908e-05,8.9394935e-06,0.9999684,3.7265354e-06,c
test_1242.jpg,0.0031645834,0.9942825,0.00037795556,0.0021749842,b
test_1243.jpg,0.99334466,0.0021729327,0.0027901009,0.0016922818,a
test_1244.jpg,1.0129728e-05,0.999964,1.8924824e-05,6.962054e-06,b
test_1245.jpg,4.222738e-06,7.889113e-06,1.4738803e-05,0.9999732,d
test_1246.jpg,8.4794236e-05,0.00013980207,0.99971706,5.827817e-05,c
test_1247.jpg,0.5843762,0.4016355,0.0018599414,0.012128341,a
test_1248.jpg,0.0006201242,0.0002143092,0.009700377,0.98946524,d
test_1249.jpg,0.99982136,6.6044704e-05,3.7259874e-06,0.00010888932,a
test_1250.jpg,0.0005724514,0.08495932,0.00106948,0.9133988,d
test_1251.jpg,0.000376973,0.4986569,0.4986569,0.0023092397,b
test_1252.jpg,6.6048975e-05,4.0060728e-05,7.888426e-06,0.99988604,d
test_1253.jpg,2.8736784e-07,0.9999974,1.209864e-06,1.0677012e-06,b
test_1254.jpg,1.3006646e-05,3.535573e-05,1.6536096e-06,0.99994993,d
test_1255.jpg,0.00022981461,0.00020281068,0.0027997154,0.99676764,d
test_1256.jpg,0.00012332946,0.0004877775,4.003921e-05,0.99934894,d
test_1257.jpg,0.0005527473,4.0040875e-05,0.9993905,1.6691522e-05,c
test_1258.jpg,0.96226966,0.00943376,0.01997127,0.008325264,a
test_1259.jpg,0.9882031,0.0027756593,0.0058760704,0.003145234,a
test_1260.jpg,0.11911374,0.00062505156,0.00012307995,0.88013816,d
test_1261.jpg,1.1478741e-05,1.3709401e-06,9.422325e-07,0.9999862,d
test_1262.jpg,1.0129956e-05,2.2602987e-06,1.2098507e-06,0.9999864,d
test_1263.jpg,2.2380256e-07,0.99999833,3.68988e-07,1.0677022e-06,b
test_1264.jpg,2.2603067e-06,6.962235e-06,8.315204e-07,0.99999,d
test_1265.jpg,0.0046037836,0.0005498435,0.000706013,0.9941403,d
test_1266.jpg,4.006277e-05,1.1478176e-05,0.99993694,1.1478176e-05,c
test_1267.jpg,0.0071480405,0.052817278,0.0038260708,0.9362086,d
test_1268.jpg,1.1478675e-05,6.1440924e-06,1.8738423e-06,0.99998045,d
test_1269.jpg,6.9620964e-06,6.1440287e-06,1.67012e-05,0.9999701,d
test_1270.jpg,1.0676989e-06,3.2887442e-06,3.9278447e-07,0.99999523,d
test_1271.jpg,2.7535007e-05,1.0129562e-05,0.99994755,1.4738425e-05,c
test_1272.jpg,0.0013238145,0.9977646,0.0007085868,0.00020301354,b
test_1273.jpg,0.0004281331,0.0010270379,0.004602865,0.99394196,d
test_1274.jpg,0.0021231454,0.9705847,0.009515278,0.017776879,b
test_1275.jpg,0.9719517,0.025901634,0.00027030782,0.0018763082,a
test_1276.jpg,0.0007081199,0.00026050277,0.8799439,0.11908745,c
test_1277.jpg,7.483847e-05,5.8284255e-05,0.9998215,4.5391826e-05,c
test_1278.jpg,0.0013246761,0.00023019417,3.1153395e-05,0.9984139,d
test_1279.jpg,8.478745e-05,0.999637,0.00020339452,7.482467e-05,b
test_1280.jpg,1.8923316e-05,4.5394678e-05,0.99988425,5.1438907e-05,c
test_1281.jpg,0.15699331,0.5479605,0.29330215,0.0017440383,b
test_1282.jpg,2.1233739e-06,1.2878913e-06,0.9999957,8.851539e-07,c
test_1283.jpg,0.006676814,0.00022846801,0.9909271,0.0021676442,c
test_1284.jpg,0.9999654,6.144e-06,1.8924851e-05,9.516013e-06,a
test_1285.jpg,3.2887242e-06,6.9622292e-06,6.475882e-07,0.99998915,d
test_1286.jpg,0.9999677,1.1478529e-05,1.3006877e-05,7.88907e-06,a
test_1287.jpg,0.0009088556,0.0021802313,0.99668115,0.00022979468,c
test_1288.jpg,0.0040678447,0.0002294921,0.99536884,0.00033390903,c
test_1289.jpg,0.9957243,0.0013211075,0.0001577838,0.002796785,a
test_1290.jpg,1.9946958e-06,2.2602862e-06,0.9999809,1.4738917e-05,c
test_1291.jpg,3.2886783e-06,4.784999e-06,0.9999752,1.6701286e-05,c
test_1292.jpg,2.6995596e-07,0.9999931,2.9023006e-06,3.7266275e-06,b
test_1293.jpg,0.93295056,0.04644887,0.0012378205,0.01936277,a
test_1294.jpg,0.0001790833,0.9973441,0.0021816813,0.00029525848,b
test_1295.jpg,0.9998989,1.0782339e-05,6.6049826e-05,2.4298375e-05,a
test_1296.jpg,3.7266195e-06,4.222813e-06,1.1365547e-06,0.99999094,d
test_1297.jpg,0.00013967261,0.0001582698,0.00091077987,0.9987914,d
test_1298.jpg,0.8641437,0.020322714,0.10320725,0.012326348,a
test_1299.jpg,0.59149736,0.0014661754,0.4065298,0.00050669664,a
test_1300.jpg,3.689866e-07,0.9999945,8.851529e-07,4.222828e-06,b
test_1301.jpg,2.699572e-07,0.99999774,5.7149947e-07,1.370956e-06,b
test_1302.jpg,0.29373062,0.0015413568,0.00010489065,0.7046231,d
test_1303.jpg,5.8284455e-05,7.887943e-06,0.99982494,0.000108889704,c
test_1304.jpg,0.0009106586,9.5982716e-05,0.0003350126,0.9986584,d
test_1305.jpg,0.0046391212,0.47320324,0.36853105,0.15362659,b
test_1306.jpg,5.14376e-05,1.4737118e-05,0.99985886,7.484127e-05,c
test_1307.jpg,0.9997155,8.4794105e-05,2.0140365e-05,0.00017950912,a
test_1308.jpg,0.00010889051,0.9998323,2.7531833e-05,3.1197655e-05,b
test_1309.jpg,0.999933,3.1200794e-05,1.1478131e-05,2.4299203e-05,a
test_1310.jpg,5.8288264e-05,0.9998902,4.0060895e-05,1.1477639e-05,b
test_1311.jpg,2.2380259e-07,0.99999845,3.4663222e-07,9.42244e-07,b
test_1312.jpg,5.422155e-06,1.0129919e-05,1.653664e-06,0.99998283,d
test_1313.jpg,0.16431737,0.0011071617,0.000102982085,0.8344725,d
test_1314.jpg,0.99993515,1.8924278e-05,3.1200863e-05,1.47382425e-05,a
test_1315.jpg,0.0006253661,0.0015001755,0.99782914,4.5301374e-05,c
test_1316.jpg,0.99992454,2.7534374e-05,7.888729e-06,4.006227e-05,a
test_1317.jpg,0.012093043,0.0016366155,0.96066934,0.02560097,c
test_1318.jpg,0.5264399,0.005848219,0.0031303258,0.46458158,a
test_1319.jpg,6.1440996e-06,4.222774e-06,0.99998164,7.88918e-06,c
test_1320.jpg,5.135174e-05,0.99818987,5.8189144e-05,0.0017005362,b
test_1321.jpg,2.2603015e-06,2.2603015e-06,0.9999876,7.889226e-06,c
test_1322.jpg,0.4951634,0.06701308,0.38563365,0.05218984,a
test_1323.jpg,0.99968946,4.005285e-05,4.005285e-05,0.00023048825,a
test_1324.jpg,0.9999789,1.0129879e-05,1.3709302e-06,9.516141e-06,a
test_1325.jpg,0.06482029,0.0010477223,0.89481646,0.039315492,c
test_1326.jpg,1.760326e-06,0.99998844,2.902287e-06,6.9622242e-06,b
test_1327.jpg,9.5992975e-05,0.0003350484,0.99876523,0.00080373936,c
test_1328.jpg,8.4807725e-05,2.753304e-05,1.1477478e-05,0.99987614,d
test_1329.jpg,0.00080393994,0.00012328818,0.9990145,5.8237216e-05,c
test_1330.jpg,1.1478474e-05,0.9999629,8.939445e-06,1.6701082e-05,b
test_1331.jpg,0.0004859243,0.9955521,0.0027963014,0.0011656716,b
test_1332.jpg,4.0061812e-05,1.1477902e-05,0.9999131,3.5354427e-05,c
test_1333.jpg,3.531106e-05,0.9986865,0.0011693416,0.00010876572,b
test_1334.jpg,0.99977523,3.5349552e-05,6.6041655e-05,0.00012338207,a
test_1335.jpg,1.670073e-05,4.006296e-05,1.4592935e-06,0.9999418,d
test_1336.jpg,0.9979741,0.0009100346,8.4646395e-05,0.0010312042,a
test_1337.jpg,0.0052156216,0.0004851284,0.00037781836,0.9939215,d
test_1338.jpg,0.00029585144,0.00026108796,0.99934703,9.60489e-05,c
test_1339.jpg,4.450843e-07,0.999998,1.0677019e-06,4.737898e-07,b
test_1340.jpg,0.0010305232,0.00048678473,0.0011677358,0.997315,d
test_1341.jpg,0.0014915032,0.9920609,0.00054869335,0.0058990093,b
test_1342.jpg,0.9675913,0.0027177648,0.029218726,0.00047227673,a
test_1343.jpg,0.029246705,0.0014561076,0.96851784,0.00077939825,c
test_1344.jpg,2.902119e-06,3.1200718e-05,3.5355046e-05,0.9999305,d
test_1345.jpg,0.00029369345,0.007574453,7.425733e-05,0.9920576,d
test_1346.jpg,1.0129882e-05,5.422135e-06,5.422135e-06,0.99997914,d
test_1347.jpg,0.0022362713,0.09508866,0.90217614,0.0004989795,c
test_1348.jpg,0.0009105821,0.9985745,0.0004301285,8.469733e-05,b
test_1349.jpg,2.9023026e-06,2.2603153e-06,1.0676974e-06,0.9999938,d
test_1350.jpg,0.9999883,3.7266097e-06,1.7603257e-06,6.1441406e-06,a
test_1351.jpg,0.005805667,0.13213637,0.00042056115,0.8616374,d
test_1352.jpg,4.7850103e-06,2.9022556e-06,0.9999776,1.4738868e-05,c
test_1353.jpg,5.4221987e-06,1.7603302e-06,1.9947154e-06,0.9999908,d
test_1354.jpg,4.7850676e-06,4.7850676e-06,9.422356e-07,0.9999895,d
test_1355.jpg,0.9990771,0.000108808264,1.0120744e-05,0.00080399035,a
test_1356.jpg,4.0062747e-05,1.8924304e-05,4.494916e-06,0.99993646,d
test_1357.jpg,0.9999485,3.1201278e-05,1.0129571e-05,1.0129571e-05,a
test_1358.jpg,0.00042990607,0.998058,0.00070879527,0.00080317026,b
test_1359.jpg,2.2380195e-07,0.9999956,8.31525e-07,3.2887453e-06,b
test_1360.jpg,0.99889815,0.00013968756,0.00015828673,0.00080384634,a
test_1361.jpg,1.5534929e-06,0.99999523,1.3709525e-06,1.7603379e-06,b
test_1362.jpg,1.1478713e-05,2.2602926e-06,2.561247e-06,0.99998367,d
test_1363.jpg,8.315247e-07,2.5612762e-06,1.5534927e-06,0.9999951,d
test_1364.jpg,0.9966742,0.0013223678,0.0019240339,7.9414356e-05,a
test_1365.jpg,8.477336e-05,0.00033528515,0.999471,0.00010885116,c
test_1366.jpg,0.0152642345,0.23877281,0.010490945,0.735472,d
test_1367.jpg,4.737894e-07,0.99999714,6.4759337e-07,1.7603413e-06,b
test_1368.jpg,2.9018468e-06,0.9998367,0.00010889099,5.1436462e-05,b
test_1369.jpg,0.9999918,2.2603108e-06,2.5612676e-06,3.500838e-06,a
test_1370.jpg,0.99994504,3.535556e-05,1.4738388e-05,4.784855e-06,a
test_1371.jpg,0.00029594035,2.1437847e-05,0.9996474,3.5345034e-05,c
test_1372.jpg,0.00012337067,0.9996829,8.479133e-05,0.000108874236,b
test_1373.jpg,1.30062135e-05,1.8923929e-05,0.9999167,5.1440576e-05,c
test_1374.jpg,0.22251324,0.7766475,0.00070821086,0.00013100584,b
test_1375.jpg,0.5898175,0.00083302904,0.0039741592,0.40537527,a
test_1376.jpg,0.008961317,0.15884314,0.62823683,0.20395865,c
test_1377.jpg,3.1189913e-05,0.00026114992,0.99958426,0.00012335849,c
test_1378.jpg,0.99983394,1.4736751e-05,1.1476994e-05,0.00013981841,a
test_1379.jpg,0.0075616115,0.00090310577,0.0011596107,0.9903757,d
test_1380.jpg,0.00010889126,2.4296924e-05,0.9998392,2.7532024e-05,c
test_1381.jpg,1.9946565e-06,1.370906e-06,0.99996126,3.535613e-05,c
test_1382.jpg,0.00042854968,0.0014957853,0.0031665778,0.9949091,d
test_1383.jpg,3.2887187e-06,5.4221805e-06,0.9999875,3.7266066e-06,c
test_1384.jpg,0.00013981834,1.8922352e-05,7.88801e-06,0.99983335,d
test_1385.jpg,0.0004305398,3.11882e-05,8.935569e-06,0.99952936,d
test_1386.jpg,0.9999181,1.8923956e-05,3.5354606e-05,2.7534195e-05,a
test_1387.jpg,0.997189,0.002181342,0.00033451963,0.00029521255,a
test_1388.jpg,1.2098575e-06,0.999992,2.5612683e-06,4.2228176e-06,b
test_1389.jpg,0.0021823165,0.00010865114,0.9976344,7.467477e-05,c
test_1390.jpg,0.003168219,0.0010285701,0.0003783898,0.9954248,d
test_1391.jpg,0.9999807,6.96217e-06,5.4221437e-06,6.96217e-06,a
test_1392.jpg,2.4299501e-05,2.7534945e-05,2.902162e-06,0.9999453,d
test_1393.jpg,1.6373748e-07,0.99999857,5.368745e-07,7.338205e-07,b
test_1394.jpg,0.9998739,8.4807536e-05,3.119895e-05,1.0128815e-05,a
test_1395.jpg,0.99998164,5.4221487e-06,8.939613e-06,3.966929e-06,a
test_1396.jpg,6.9614966e-06,8.480839e-05,2.429801e-05,0.9998839,d
test_1397.jpg,0.99921274,0.00029581168,0.00026105286,0.00023037835,a
test_1398.jpg,1.4593612e-06,1.4593612e-06,0.9999882,8.939671e-06,c
test_1399.jpg,0.9999788,7.889157e-06,1.8738391e-06,1.1478656e-05,a
test_1400.jpg,0.0061967326,0.43442446,0.0015667793,0.55781204,d
test_1401.jpg,0.00017933086,0.0010319778,0.99872273,6.597213e-05,c
test_1402.jpg,0.059130885,0.00095576176,0.014950629,0.9249627,d
test_1403.jpg,6.4759064e-07,0.99999285,4.222821e-06,2.2603133e-06,b
test_1404.jpg,0.00010888536,6.60423e-05,0.999785,4.005668e-05,c
test_1405.jpg,0.0066881585,0.99261075,0.0006220956,7.909058e-05,b
test_1406.jpg,5.043459e-07,0.99999654,1.7603402e-06,1.209863e-06,b
test_1407.jpg,0.9724097,0.02591384,0.0005378246,0.0011385747,a
test_1408.jpg,0.99998367,2.9022733e-06,3.2887062e-06,1.0129927e-05,a
test_1409.jpg,2.3823529e-07,0.99999297,1.9947197e-06,4.785084e-06,b
test_1410.jpg,0.0002591899,8.414664e-05,0.0075746393,0.992082,d
test_1411.jpg,0.5501236,0.25986,0.01141745,0.17859899,a
test_1412.jpg,0.00020341818,3.5348778e-05,7.887378e-06,0.9997533,d
test_1413.jpg,0.0023540445,0.94968927,0.00067444495,0.04728224,b
test_1414.jpg,0.989643,0.001487868,0.007556017,0.001313039,a
test_1415.jpg,0.0019248005,0.99707127,0.0003790157,0.00062489114,b
test_1416.jpg,0.00013981413,0.99980336,2.144119e-05,3.535055e-05,b
test_1417.jpg,0.9996126,5.1424933e-05,4.0049774e-05,0.00029593005,a
test_1418.jpg,0.99998045,5.4221423e-06,1.1478675e-05,2.7264246e-06,a
test_1419.jpg,0.9998789,2.7533117e-05,6.604851e-05,2.7533117e-05,a
test_1420.jpg,2.5612655e-06,3.28873e-06,0.99999094,3.28873e-06,c
test_1421.jpg,7.888965e-06,2.7535198e-05,1.0129632e-05,0.99995446,d
test_1422.jpg,0.0016291275,0.0050180657,0.95627403,0.037078768,c
test_1423.jpg,1.8921175e-05,5.143309e-05,0.9997712,0.00015842506,c
test_1424.jpg,1.0676968e-06,3.726628e-06,0.9999932,1.9947202e-06,c
test_1425.jpg,0.9999887,1.8738576e-06,6.962226e-06,2.5612596e-06,a
test_1426.jpg,0.99676585,0.0002950873,0.0027997103,0.00013938936,a
test_1427.jpg,0.9911152,0.00029341446,0.006678082,0.0019133025,a
test_1428.jpg,1.8924771e-05,6.962034e-06,1.3006792e-05,0.99996114,d
test_1429.jpg,5.422115e-06,0.99997544,6.1440614e-06,1.3006978e-05,b
test_1430.jpg,0.99740076,3.112178e-05,0.0024723094,9.586183e-05,a
test_1431.jpg,0.99990714,1.8923749e-05,7.888592e-06,6.605037e-05,a
test_1432.jpg,1.5534705e-06,0.9999808,1.147868e-05,6.1440946e-06,b
test_1433.jpg,2.4297002e-05,0.9998424,2.4297002e-05,0.00010889161,b
test_1434.jpg,1.0129837e-05,3.726559e-06,1.147861e-05,0.9999747,d
test_1435.jpg,0.99863964,0.0011692868,5.137488e-05,0.0001396514,a
test_1436.jpg,0.00020508653,0.65078324,0.3483392,0.0006724528,b
test_1437.jpg,0.99994946,2.753506e-05,1.5534217e-06,2.1444324e-05,a
test_1438.jpg,6.6044384e-05,2.1441472e-05,9.609401e-05,0.9998165,d
test_1439.jpg,0.000108881424,0.9997489,1.8920753e-05,0.0001233788,b
test_1440.jpg,0.00022972799,0.00090859184,0.0024698088,0.99639195,d
test_1441.jpg,2.4292644e-05,5.142753e-05,0.9996631,0.00026117053,c
test_1442.jpg,4.7850463e-06,0.9999851,4.7850463e-06,5.4221673e-06,b
test_1443.jpg,2.1444672e-05,8.93947e-06,3.9668657e-06,0.99996567,d
test_1444.jpg,0.9836062,0.00037389723,0.00012138665,0.015898515,a
test_1445.jpg,0.010138974,0.0022623108,0.07491744,0.9126813,d
test_1446.jpg,0.9974922,0.0019256129,0.00037917568,0.00020295811,a
test_1447.jpg,0.0008040247,6.599836e-05,1.0121176e-05,0.9991198,d
test_1448.jpg,2.4060923e-06,2.7264598e-06,1.4593688e-06,0.99999344,d
test_1449.jpg,0.9999876,2.1233566e-06,1.287881e-06,8.939665e-06,a
test_1450.jpg,0.9999975,1.1365622e-06,3.256305e-07,1.0030126e-06,a
test_1451.jpg,4.4948442e-06,0.9999205,1.6700373e-05,5.829003e-05,b
test_1452.jpg,2.4060835e-06,0.99998975,3.726615e-06,4.222808e-06,b
test_1453.jpg,9.4223833e-07,0.9999924,2.5612692e-06,4.222819e-06,b
test_1454.jpg,6.1440937e-06,0.9999807,6.96217e-06,6.1440937e-06,b
test_1455.jpg,2.9022892e-06,5.4221896e-06,0.99998915,2.561261e-06,c
test_1456.jpg,4.7850344e-06,0.9999826,4.7850344e-06,7.889187e-06,b
test_1457.jpg,0.00015843133,2.429623e-05,6.539242e-06,0.99981076,d
test_1458.jpg,0.9984434,0.0013247152,0.0001232177,0.000108739245,a
test_1459.jpg,0.9999721,1.3006935e-05,1.012981e-05,4.784984e-06,a
test_1460.jpg,0.000997978,0.033048492,0.00013506164,0.9658185,d
test_1461.jpg,2.7526166e-05,0.00026116098,8.478655e-05,0.9996265,d
test_1462.jpg,4.5397166e-05,5.421918e-06,1.0129476e-05,0.9999391,d
test_1463.jpg,0.99969566,0.00017950554,8.479242e-05,4.00531e-05,a
test_1464.jpg,1.067694e-06,6.9622392e-06,1.4593646e-06,0.9999906,d
test_1465.jpg,2.5612742e-06,2.902304e-06,2.8736696e-07,0.9999943,d
test_1466.jpg,1.670112e-05,0.9999653,7.889051e-06,1.0129742e-05,b
test_1467.jpg,2.9022954e-06,2.9022954e-06,0.9999913,2.9022954e-06,c
test_1468.jpg,0.01988542,0.9581333,0.01988542,0.002095908,b
test_1469.jpg,1.6697833e-05,0.99976844,1.14762415e-05,0.00020342125,b
test_1470.jpg,6.1441383e-06,3.2887203e-06,0.99998796,2.5612578e-06,c
test_1471.jpg,0.007566962,0.001024077,0.00033246912,0.99107647,d
test_1472.jpg,8.3152634e-07,5.0434625e-07,0.99999714,1.5534958e-06,c
test_1473.jpg,1.2878851e-06,0.9999908,1.6536771e-06,6.144156e-06,b
test_1474.jpg,0.99999666,1.553495e-06,1.2098631e-06,6.0835737e-07,a
test_1475.jpg,1.2098608e-06,1.7603371e-06,0.99999475,2.2603176e-06,c
test_1476.jpg,1.077979e-05,0.00012336815,0.9996625,0.0002033997,c
test_1477.jpg,0.00033440936,0.00033440936,0.99686027,0.0024709697,c
test_1478.jpg,0.7991546,0.13887224,0.030986585,0.030986585,a
test_1479.jpg,1.4593478e-06,0.999979,4.785017e-06,1.4738889e-05,b
test_1480.jpg,0.9954852,0.0014966513,0.00055058725,0.002467561,a
test_1481.jpg,0.9968166,0.0007079136,0.0002951023,0.0021805274,a
test_1482.jpg,0.008576458,6.548206e-05,5.428654e-05,0.9913038,d
test_1483.jpg,0.008554803,0.0014866018,0.98880076,0.0011577667,c
test_1484.jpg,9.609245e-05,5.8283018e-05,0.99980026,4.539086e-05,c
test_1485.jpg,1.5534918e-06,1.3709516e-06,0.9999945,2.5612746e-06,c
test_1486.jpg,1.0129463e-05,1.6700662e-05,0.9999378,3.53553e-05,c
test_1487.jpg,6.144041e-06,0.9999721,6.9621105e-06,1.4738787e-05,b
test_1488.jpg,0.01794462,0.97974306,0.0010123661,0.0012999038,b
test_1489.jpg,0.00012697012,0.03307231,0.0002861316,0.96651465,d
test_1490.jpg,0.00033348892,0.00033348892,0.9941164,0.005216644,c
test_1491.jpg,0.4973048,0.0043025296,0.4973048,0.0010878498,a
test_1492.jpg,0.9999914,6.962245e-06,5.714959e-07,1.0676948e-06,a
test_1493.jpg,0.0022161,0.011254284,0.2902518,0.69627786,d
test_1494.jpg,0.99888116,8.472333e-05,0.0002303019,0.00080383266,a
test_1495.jpg,1.4593646e-06,0.9999906,1.067694e-06,6.9622392e-06,b
test_1496.jpg,1.9946656e-06,7.889054e-06,0.9999658,2.43e-05,c
test_1497.jpg,3.1195454e-05,0.00017951742,2.752989e-05,0.99976176,d
test_1498.jpg,0.009502163,0.0011348714,0.020116078,0.9692469,d
test_1499.jpg,8.3152656e-07,0.9999974,6.083578e-07,1.209864e-06,b
test_1500.jpg,4.005714e-05,4.005714e-05,0.0001233847,0.99979657,d
test_1501.jpg,0.9999137,3.1200194e-05,2.7534075e-05,2.7534075e-05,a
test_1502.jpg,7.889152e-06,0.99997807,2.5612326e-06,1.1478648e-05,b
test_1503.jpg,3.5086774e-05,0.007576633,0.9923431,4.505231e-05,c
test_1504.jpg,8.939248e-06,3.120104e-05,1.8924387e-05,0.9999409,d
test_1505.jpg,4.006268e-05,2.144401e-05,3.7264101e-06,0.9999348,d
test_1506.jpg,4.539254e-05,0.99983716,5.1436487e-05,6.604575e-05,b
test_1507.jpg,3.1200885e-05,2.7534685e-05,5.4219004e-06,0.99993587,d
test_1508.jpg,1.9947188e-06,0.9999925,3.2887351e-06,2.2603124e-06,b
test_1509.jpg,0.005628524,0.047127053,0.0006722313,0.9465722,d
test_1510.jpg,0.007114201,0.00025913471,0.26695845,0.7256682,d
test_1511.jpg,0.00392235,0.02898246,0.9597673,0.0073279133,c
test_1512.jpg,1.3006415e-05,4.0062576e-05,1.4738199e-05,0.99993217,d
test_1513.jpg,0.00020233338,0.0001575774,0.9944218,0.0052182465,c
test_1514.jpg,1.0030119e-06,9.422425e-07,0.9999968,1.3709547e-06,c
test_1515.jpg,2.4297422e-05,0.9998597,8.4806336e-05,3.119851e-05,b
test_1516.jpg,0.9999145,1.8923889e-05,3.120022e-05,3.535448e-05,a
test_1517.jpg,0.99933237,0.00048776943,4.0038547e-05,0.00013974827,a
test_1518.jpg,5.1437775e-05,0.9998622,1.1477318e-05,7.4841526e-05,b
test_1519.jpg,5.4221136e-06,0.9999752,7.889129e-06,1.1478615e-05,b
test_1520.jpg,0.00023016961,0.0005521482,0.99830735,0.0009103385,c
test_1521.jpg,8.480783e-05,1.8923185e-05,1.8923185e-05,0.99987733,d
test_1522.jpg,0.00010882774,0.00062626036,8.933125e-06,0.99925596,d
test_1523.jpg,0.999977,7.889143e-06,8.939571e-06,6.144071e-06,a
test_1524.jpg,0.31313336,0.022683304,0.5162696,0.14791372,c
test_1525.jpg,0.000552507,0.00023031919,0.9989561,0.0002609858,c
test_1526.jpg,1.6696607e-05,0.00020340632,8.4792366e-05,0.99969506,d
test_1527.jpg,3.5318586e-05,0.0010321604,3.3178738e-05,0.99889934,d
test_1528.jpg,0.9999627,1.6701077e-05,1.4738648e-05,5.7717375e-06,a
test_1529.jpg,0.00022963749,0.003592135,0.99599946,0.00017884186,c
test_1530.jpg,9.4223674e-07,0.9999907,4.222812e-06,4.222812e-06,b
test_1531.jpg,0.9998423,8.480486e-05,2.7532109e-05,4.539277e-05,a
test_1532.jpg,4.2228e-06,2.5612576e-06,5.4221823e-06,0.99998784,d
test_1533.jpg,0.9999044,3.1199903e-05,5.828909e-05,6.143625e-06,a
test_1534.jpg,0.94013464,0.009216757,0.046806548,0.0038421154,a
test_1535.jpg,0.03297714,0.003067352,0.9637334,0.00022219823,c
test_1536.jpg,0.00017937443,0.0008039004,0.9989654,5.1391635e-05,c
test_1537.jpg,0.99966586,4.538476e-05,0.00023048282,5.8275185e-05,a
test_1538.jpg,0.001030997,0.99777347,0.0007085932,0.00048700854,b
test_1539.jpg,0.0013242433,0.0001581583,0.00042991884,0.9980877,d
test_1540.jpg,4.450832e-07,0.99999547,1.7603384e-06,2.2603192e-06,b
test_1541.jpg,0.0005527303,6.601422e-05,2.1431679e-05,0.9993598,d
test_1542.jpg,7.88874e-06,0.99992585,1.4738105e-05,5.144105e-05,b
test_1543.jpg,0.009663821,0.00215629,0.98573655,0.0024433967,c
test_1544.jpg,0.99999225,1.7603327e-06,1.1365563e-06,4.7850804e-06,a
test_1545.jpg,3.2887322e-06,4.2228153e-06,1.0030066e-06,0.99999154,d
test_1546.jpg,0.0014994717,0.00022995145,0.9973611,0.0009094756,c
test_1547.jpg,0.0031712137,0.0002027289,0.00026030905,0.99636567,d
test_1548.jpg,0.99949455,1.3839198e-05,0.00023044333,0.0002611265,a
test_1549.jpg,0.9998548,5.82862e-05,5.1437393e-05,3.535237e-05,a
test_1550.jpg,0.0014930784,0.00079918734,0.99310863,0.004599006,c
test_1551.jpg,1.9947215e-06,1.5534906e-06,0.9999938,2.5612728e-06,c
test_1552.jpg,0.0016954662,0.0024668886,0.99521387,0.00062372704,c
test_1553.jpg,6.1441465e-06,3.7266132e-06,9.422354e-07,0.9999893,d
test_1554.jpg,0.0040064245,0.0016701262,0.0139837945,0.9803397,d
test_1555.jpg,0.9998809,2.7533171e-05,5.1438736e-05,4.0060524e-05,a
test_1556.jpg,1.9947147e-06,0.99999046,1.2878846e-06,6.1441538e-06,b
test_1557.jpg,0.06661073,0.0007399784,0.9195328,0.0131164305,c
test_1558.jpg,5.828117e-05,0.00015842465,1.4735787e-05,0.99976856,d
test_1559.jpg,1.0676998e-06,1.2878918e-06,1.5534941e-06,0.99999607,d
test_1560.jpg,0.9999906,3.7266182e-06,2.4060853e-06,3.288729e-06,a
test_1561.jpg,0.9999931,4.7850845e-06,1.4593683e-06,7.338165e-07,a
test_1562.jpg,7.484307e-05,6.961489e-06,0.9998828,3.5353358e-05,c
test_1563.jpg,0.9970599,0.0013228796,0.0007080864,0.0009092009,a
test_1564.jpg,1.47382425e-05,3.535521e-05,0.99993515,1.47382425e-05,c
test_1565.jpg,0.99983895,1.669901e-05,3.5351808e-05,0.00010889124,a
test_1566.jpg,8.93922e-06,0.9999378,7.888833e-06,4.5397104e-05,b
test_1567.jpg,0.0024543842,0.9901693,0.0014886592,0.0058877612,b
test_1568.jpg,0.05162206,0.9150228,0.024384532,0.008970569,b
test_1569.jpg,0.0043136775,0.725449,0.2668778,0.0033594957,b
test_1570.jpg,0.33395678,0.03519879,0.006931052,0.6239134,d
test_1571.jpg,0.0011832383,0.10651173,0.8918118,0.0004932471,c
test_1572.jpg,0.9873963,0.0058712726,0.0045725526,0.0021599208,a
test_1573.jpg,0.9823139,0.0040144925,0.010912523,0.0027591176,a
test_1574.jpg,0.9999833,5.4221578e-06,3.288705e-06,7.889193e-06,a
test_1575.jpg,0.043310445,0.005861432,0.080914564,0.8699136,d
test_1576.jpg,4.00547e-05,0.00015841941,0.99973553,6.6039036e-05,c
test_1577.jpg,0.999841,0.00010889146,1.4736855e-05,3.535188e-05,a
test_1578.jpg,0.0008035024,0.000295592,0.9984707,0.00043008383,c
test_1579.jpg,4.784934e-06,1.4738633e-05,0.9999616,1.892478e-05,c
test_1580.jpg,0.99652654,0.00037880862,0.0024701424,0.00062454975,a
test_1581.jpg,5.0434596e-07,0.99999666,1.553495e-06,1.2878926e-06,b
test_1582.jpg,0.20012288,0.001527957,0.79150134,0.006847828,c
test_1583.jpg,0.99999654,1.5534949e-06,9.4224225e-07,1.0030116e-06,a
test_1584.jpg,0.105909616,0.41888064,0.0005557626,0.47465396,d
test_1585.jpg,2.260314e-06,1.209859e-06,0.9999932,3.2887376e-06,c
test_1586.jpg,0.09532192,0.0001840146,0.00010484836,0.9043892,d
test_1587.jpg,0.00055113254,0.99647105,0.00017892654,0.0027988823,b
test_1588.jpg,0.99998724,7.8892235e-06,2.9022835e-06,1.9947083e-06,a
test_1589.jpg,1.3006943e-05,5.4221005e-06,8.939533e-06,0.9999727,d
test_1590.jpg,0.9999969,7.3381926e-07,5.71499e-07,1.7603409e-06,a
test_1591.jpg,1.3003158e-05,0.00023048648,0.9996817,7.482801e-05,c
test_1592.jpg,1.4737494e-05,4.784564e-06,0.99988437,9.610054e-05,c
test_1593.jpg,1.1477793e-05,1.8923682e-05,0.99990356,6.605014e-05,c
test_1594.jpg,0.7785612,0.08205974,0.004085514,0.13529363,a
test_1595.jpg,1.4593705e-06,0.99999464,6.083562e-07,3.2887422e-06,b
test_1596.jpg,2.5612587e-06,6.9622233e-06,2.260303e-06,0.9999883,d
test_1597.jpg,6.962186e-06,1.2098466e-06,0.99998295,8.9396235e-06,c
test_1598.jpg,0.0005527548,2.428635e-05,1.8914228e-05,0.9994041,d
test_1599.jpg,0.000910095,0.9980404,0.0001395676,0.000910095,b
test_1600.jpg,1.6536733e-06,0.99998844,3.72661e-06,6.1441415e-06,b
test_1601.jpg,3.726586e-06,1.0129911e-05,0.999982,4.2227753e-06,c
test_1602.jpg,0.9999589,2.4299832e-05,5.4220254e-06,1.1478428e-05,a
test_1603.jpg,3.7266266e-06,1.2098585e-06,0.99999285,2.2603133e-06,c
test_1604.jpg,2.5612792e-06,5.714987e-07,5.368733e-07,0.9999963,d
test_1605.jpg,6.6044195e-05,0.9998136,2.4296301e-05,9.609374e-05,b
test_1606.jpg,4.222804e-06,2.2603042e-06,0.9999888,4.785064e-06,c
test_1607.jpg,3.1189677e-05,0.9995766,1.2214052e-05,0.00037996803,b
test_1608.jpg,8.9396035e-06,3.5007993e-06,6.96217e-06,0.9999807,d
test_1609.jpg,6.8935674e-07,5.422211e-06,8.8515156e-07,0.9999931,d
test_1610.jpg,7.483724e-05,0.99980503,8.480169e-05,3.5350608e-05,b
test_1611.jpg,7.889209e-06,2.5612512e-06,0.99998534,4.2227894e-06,c
test_1612.jpg,8.93961e-06,4.2227725e-06,0.9999814,5.4221473e-06,c
test_1613.jpg,0.9998871,6.604905e-05,1.1477604e-05,3.535351e-05,a
test_1614.jpg,9.609675e-05,1.8922572e-05,4.005908e-05,0.9998449,d
test_1615.jpg,1.3004738e-05,4.2220204e-06,0.99980325,0.00017952487,c
test_1616.jpg,2.8736784e-07,0.9999974,8.3152656e-07,1.5534962e-06,b
test_1617.jpg,0.99981374,7.4837895e-05,4.5391473e-05,6.60442e-05,a
test_1618.jpg,0.00062302785,0.0035852778,0.9940982,0.0016935655,c
test_1619.jpg,5.1438754e-05,8.938715e-06,0.99988127,5.8287744e-05,c
test_1620.jpg,3.927851e-07,2.2603222e-06,6.083575e-07,0.9999968,d
test_1621.jpg,1.892402e-05,0.99992144,3.5354726e-05,2.4298923e-05,b
test_1622.jpg,3.7265838e-06,0.9999814,1.0129905e-05,4.7850285e-06,b
test_1623.jpg,1.275188e-07,0.999998,6.893601e-07,1.2098646e-06,b
test_1624.jpg,1.1477772e-05,3.5354027e-05,0.9999018,5.143981e-05,c
test_1625.jpg,8.4804335e-05,0.9998361,1.3005166e-05,6.604568e-05,b
test_1626.jpg,3.2562997e-07,0.9999958,1.0030109e-06,2.9023086e-06,b
test_1627.jpg,0.9917169,0.0027855288,0.00029359257,0.0052040527,a
test_1628.jpg,0.9996331,2.7526348e-05,0.00023047527,0.000108868815,a
test_1629.jpg,0.9999777,1.6701328e-05,1.0676803e-06,4.4951016e-06,a
test_1630.jpg,0.12977403,0.84623295,0.0014416593,0.022551343,b
test_1631.jpg,0.059777133,0.004906806,0.9350717,0.0002442955,c
test_1632.jpg,0.0009110183,0.9990528,1.4725238e-05,2.1425096e-05,b
test_1633.jpg,3.2887324e-06,2.5612674e-06,2.5612674e-06,0.99999166,d
test_1634.jpg,0.21512084,0.00834114,0.025692519,0.7508455,d
test_1635.jpg,0.0017005783,7.471819e-05,0.9982146,1.0112007e-05,c
test_1636.jpg,1.994718e-06,3.288734e-06,2.5612685e-06,0.99999213,d
test_1637.jpg,0.8496034,0.02907183,0.079025425,0.042299263,a
test_1638.jpg,0.99953985,4.0046856e-05,0.00033530826,8.47792e-05,a
test_1639.jpg,2.7528273e-05,6.603689e-05,0.999703,0.00020340795,c
test_1640.jpg,0.9999503,1.147833e-05,3.1201336e-05,6.9619587e-06,a
test_1641.jpg,0.99918,0.00015833139,3.532851e-05,0.00062621274,a
test_1642.jpg,1.2098627e-06,1.0030113e-06,0.9999963,1.459373e-06,c
test_1643.jpg,1.4738742e-05,4.7849694e-06,0.999969,1.1478544e-05,c
test_1644.jpg,0.0011092194,0.047165208,0.9473385,0.004387048,c
test_1645.jpg,0.00042034517,0.4067997,0.59189004,0.0008898707,c
test_1646.jpg,1.1474829e-05,0.00020339621,0.99964535,0.00013979204,c
test_1647.jpg,0.0006250998,4.5282082e-05,0.99740416,0.0019254431,c
test_1648.jpg,6.893601e-07,5.7149964e-07,6.893601e-07,0.999998,d
test_1649.jpg,0.025935156,0.0006911485,0.00016416216,0.97320956,d
test_1650.jpg,4.0053863e-05,0.00023049409,0.9997147,1.4734993e-05,c
test_1651.jpg,1.8738691e-06,2.2603176e-06,1.1365591e-06,0.99999475,d
test_1652.jpg,0.00013949291,0.0010307209,0.9975063,0.0013234718,c
test_1653.jpg,0.0008023781,0.99707365,0.00062489265,0.0014990396,b
test_1654.jpg,0.016881581,0.7178231,0.2640724,0.0012228978,b
test_1655.jpg,0.05069143,0.1561406,0.00022052524,0.7929474,d
test_1656.jpg,2.5612612e-06,0.9999893,1.9947124e-06,6.1441465e-06,b
test_1657.jpg,3.5351943e-05,1.3005253e-05,0.000108891654,0.99984276,d
test_1658.jpg,0.0059082755,0.99361914,0.00017841446,0.00029415573,b
test_1659.jpg,0.00013972112,0.9991381,0.0006261865,9.6028816e-05,b
test_1660.jpg,8.3152645e-07,0.99999726,1.0677011e-06,7.811468e-07,b
test_1661.jpg,1.2878867e-06,0.999992,2.5612683e-06,4.2228176e-06,b
test_1662.jpg,0.9948567,0.004607101,0.00033373723,0.00020242187,a
test_1663.jpg,0.99978083,3.5349753e-05,0.0001088849,7.483543e-05,a
test_1664.jpg,0.0029347318,0.18156543,0.8137198,0.0017800048,c
test_1665.jpg,0.99321246,0.00054933026,0.0010262841,0.005211901,a
test_1666.jpg,0.0013244154,0.00012318983,0.0003348647,0.9982175,d
test_1667.jpg,2.9023e-06,2.2603133e-06,0.99999285,1.9947195e-06,c
test_1668.jpg,0.99928695,0.00033522342,4.261887e-05,0.00033522342,a
test_1669.jpg,5.421823e-06,6.6051325e-05,6.9617586e-06,0.99992156,d
test_1670.jpg,0.0021739588,0.99381375,0.00042807785,0.0035842522,b
test_1671.jpg,0.9745651,0.00843164,0.003101827,0.013901424,a
test_1672.jpg,7.889156e-06,1.9946913e-06,0.99997866,1.1478655e-05,c
test_1673.jpg,1.1478626e-05,6.144066e-06,6.144066e-06,0.99997616,d
test_1674.jpg,0.48981598,0.48981598,0.018992227,0.0013757923,a
test_1675.jpg,6.143866e-06,0.9999436,1.0129522e-05,4.0063034e-05,b
test_1676.jpg,7.888917e-06,3.7264608e-06,0.9999484,4.0063227e-05,c
test_1677.jpg,2.9022829e-06,2.2603e-06,0.999987,7.889222e-06,c
test_1678.jpg,0.0003351502,0.9990687,0.0003351502,0.0002610152,b
test_1679.jpg,1.1478094e-05,3.1200696e-05,0.9999298,2.7534517e-05,c
test_1680.jpg,0.99342525,0.003161855,0.0006226061,0.0027903272,a
test_1681.jpg,0.9996062,0.00023046906,4.0049516e-05,0.0001233612,a
test_1682.jpg,0.9999856,6.1441237e-06,2.9022788e-06,5.42217e-06,a
test_1683.jpg,2.7535463e-05,6.143992e-06,2.1233068e-06,0.9999641,d
test_1684.jpg,8.9396335e-06,2.2602933e-06,0.999984,4.7850413e-06,c
test_1685.jpg,2.4060378e-06,0.9999708,1.8924953e-05,7.889094e-06,b
test_1686.jpg,0.00017952408,1.8921699e-05,0.99979883,2.7259293e-06,c
test_1687.jpg,1.670104e-05,3.966845e-06,1.8924757e-05,0.9999604,d
test_1688.jpg,0.9999795,6.1440865e-06,2.902261e-06,1.1478664e-05,a
test_1689.jpg,2.4299849e-05,1.3006772e-05,3.089379e-06,0.9999596,d
test_1690.jpg,0.9999902,1.4593642e-06,6.9622365e-06,1.3709457e-06,a
test_1691.jpg,0.99986625,2.144254e-05,2.7532767e-05,8.480689e-05,a
test_1692.jpg,0.0009078656,0.9955955,0.0024678346,0.0010287465,b
test_1693.jpg,0.9995939,0.00029592452,7.482144e-05,3.5343142e-05,a
test_1694.jpg,1.2878925e-06,0.99999654,6.47593e-07,1.5534949e-06,b
test_1695.jpg,0.00015786263,0.9962218,0.0019231605,0.0016971834,b
test_1696.jpg,3.119323e-05,0.0002034054,7.482867e-05,0.99969053,d
test_1697.jpg,1.8738122e-06,0.99996436,2.7535469e-05,6.1439932e-06,b
test_1698.jpg,3.4663128e-07,0.9999957,1.0676995e-06,2.902308e-06,b
test_1699.jpg,1.2098519e-06,0.99998736,8.9396635e-06,2.5612565e-06,b
test_1700.jpg,0.0006260362,9.6005766e-05,0.00037971017,0.99889827,d
test_1701.jpg,0.014022056,0.0014779138,0.9830221,0.0014779138,c
test_1702.jpg,0.00012312144,3.1129977e-05,0.9976634,0.0021823798,c
test_1703.jpg,1.4593683e-06,0.9999931,1.7603342e-06,3.7266275e-06,b
test_1704.jpg,6.96221e-06,3.288715e-06,3.288715e-06,0.9999864,d
test_1705.jpg,0.9999466,1.8924495e-05,3.120122e-05,3.2885844e-06,a
test_1706.jpg,0.97340673,0.020202411,0.003978091,0.0024128342,a
test_1707.jpg,0.0028698584,0.0015361244,0.37587723,0.6197168,d
test_1708.jpg,8.939347e-06,0.99995196,1.473849e-05,2.4299663e-05,b
test_1709.jpg,4.2226084e-06,5.1441908e-05,1.7602451e-06,0.99994254,d
test_1710.jpg,0.003066399,0.96343386,0.0005328602,0.032966893,b
test_1711.jpg,0.99981827,4.539168e-05,1.3004934e-05,0.00012338738,a
test_1712.jpg,2.7534892e-05,1.8924435e-05,1.0129519e-05,0.9999434,d
test_1713.jpg,5.422181e-06,3.726607e-06,3.2887192e-06,0.9999876,d
test_1714.jpg,0.97871333,0.017925762,0.001471436,0.0018893613,a
test_1715.jpg,1.9947108e-06,0.99998844,4.2228025e-06,5.4221855e-06,b
test_1716.jpg,1.6535193e-06,0.99989533,6.961576e-06,9.61016e-05,b
test_1717.jpg,0.00043030042,0.0003351183,0.9989736,0.00026099037,c
test_1718.jpg,0.11892631,0.8787532,0.000624068,0.0016963928,b
test_1719.jpg,5.144148e-05,1.1478145e-05,2.9021296e-06,0.9999342,d
test_1720.jpg,6.96137e-06,9.609875e-05,3.11987e-05,0.9998658,d
test_1721.jpg,0.9999541,1.3006701e-05,1.1478373e-05,2.1444424e-05,a
test_1722.jpg,4.004985e-05,0.00033533332,0.9996145,1.0126188e-05,c
test_1723.jpg,0.002799562,0.00037887951,0.0001085508,0.99671304,d
test_1724.jpg,0.0029268155,0.07548356,0.9195781,0.0020115688,c
test_1725.jpg,2.4296625e-05,0.00013981744,0.99982697,8.938229e-06,c
test_1726.jpg,2.7535394e-05,6.9620373e-06,3.9668494e-06,0.9999616,d
test_1727.jpg,1.669965e-05,0.9998772,7.484265e-05,3.1199055e-05,b
test_1728.jpg,0.00012335599,0.999564,0.00026114463,5.1422434e-05,b
test_1729.jpg,0.99979347,0.0001233843,8.396408e-06,7.4836375e-05,a
test_1730.jpg,1.7603356e-06,3.28874e-06,9.4223975e-07,0.9999939,d
test_1731.jpg,0.0005525352,0.0002609991,0.99900705,0.0001793819,c
test_1732.jpg,1.4736804e-05,0.9998375,0.00012338975,2.4296884e-05,b
test_1733.jpg,3.059017e-07,0.999998,1.0677019e-06,6.0835816e-07,b
test_1734.jpg,0.5480728,0.29336226,0.0015394238,0.1570255,a
test_1735.jpg,1.4593742e-06,1.9750482e-07,0.99999714,1.2878933e-06,c
test_1736.jpg,0.0013227675,0.9969754,0.0014988919,0.00020285297,b
test_1737.jpg,1.6687134e-05,0.9991278,0.00080403115,5.139999e-05,b
test_1738.jpg,0.9999529,1.6700915e-05,8.939355e-06,2.1444399e-05,a
test_1739.jpg,2.1233336e-06,0.99997675,2.1233336e-06,1.8925066e-05,b
test_1740.jpg,8.4785745e-05,0.00013978808,0.999617,0.00015840062,c
test_1741.jpg,1.6694317e-05,0.9995579,0.00037996093,4.537986e-05,b
test_1742.jpg,0.09458264,0.8973751,0.006851543,0.0011906198,b
test_1743.jpg,0.0012804844,0.9651065,0.00446933,0.029143691,b
test_1744.jpg,1.8902158e-05,0.9987663,4.534392e-05,0.001169435,b
test_1745.jpg,0.00052827207,0.04196585,0.0023675512,0.95513827,d
test_1746.jpg,0.99997985,5.7718366e-06,1.0129889e-05,4.222766e-06,a
test_1747.jpg,1.5534806e-06,0.99998736,4.222798e-06,6.962217e-06,b
test_1748.jpg,0.97859883,0.000613314,0.020310171,0.00047764948,a
test_1749.jpg,0.9997545,0.00015842242,7.483346e-05,1.22162255e-05,a
test_1750.jpg,1.2098611e-06,0.999995,8.8515327e-07,2.902306e-06,b
test_1751.jpg,0.6184722,0.006063289,0.00034206733,0.37512237,a
test_1752.jpg,4.222356e-06,0.9998827,0.000108896,4.222356e-06,b
test_1753.jpg,7.888126e-06,0.00013982039,4.2222096e-06,0.999848,d
test_1754.jpg,0.0007014454,0.9877087,0.0019067264,0.009683155,b
test_1755.jpg,0.022040902,0.82707876,0.14372472,0.007155633,b
test_1756.jpg,3.28874e-06,2.2603158e-06,5.043446e-07,0.9999939,d
test_1757.jpg,0.9998822,2.1442884e-05,2.1442884e-05,7.484302e-05,a
test_1758.jpg,0.9964205,0.0001578941,0.0019235441,0.0014980576,a
test_1759.jpg,0.17807922,0.09531893,0.5485226,0.17807922,c
test_1760.jpg,4.5394467e-05,8.9387e-06,0.9998796,6.604855e-05,c
test_1761.jpg,0.029946176,0.002458132,0.77232206,0.19527361,c
test_1762.jpg,4.2227916e-06,1.9947058e-06,0.99998593,7.8892135e-06,c
test_1763.jpg,3.53552e-05,1.6700613e-05,0.9999349,1.3006451e-05,c
test_1764.jpg,0.99715877,0.0004295187,0.0019249693,0.00048670848,a
test_1765.jpg,0.99999523,3.2887442e-06,8.851535e-07,6.893582e-07,a
test_1766.jpg,0.008470847,0.3178662,0.0007401744,0.67292273,d
test_1767.jpg,4.4508369e-07,0.99999654,9.4224225e-07,1.994727e-06,b
test_1768.jpg,0.0003335968,0.004064041,0.99443805,0.0011643672,c
test_1769.jpg,0.9887156,0.00079565204,0.00079565204,0.009693027,a
test_1770.jpg,2.1439728e-05,1.3003852e-05,0.00023049877,0.99973506,d
test_1771.jpg,0.008797944,0.6167835,0.3740981,0.00032046507,b
test_1772.jpg,3.11902e-05,0.99959344,4.0049003e-05,0.00033532624,b
test_1773.jpg,3.1200874e-05,2.7534676e-05,5.7715806e-06,0.9999355,d
test_1774.jpg,0.000782086,0.025899129,0.0014611289,0.97185767,d
test_1775.jpg,1.3709498e-06,0.9999932,2.9023008e-06,2.5612712e-06,b
test_1776.jpg,0.99998116,1.14786835e-05,5.422146e-06,1.9946963e-06,a
test_1777.jpg,0.9995664,5.8269386e-05,4.0047922e-05,0.00033531716,a
test_1778.jpg,1.994722e-06,0.99999404,1.994722e-06,1.994722e-06,b
test_1779.jpg,0.99977094,3.5349403e-05,0.000108883825,8.4798805e-05,a
test_1780.jpg,9.604041e-05,1.8911476e-05,0.00062626204,0.9992587,d
test_1781.jpg,0.99998486,7.889205e-06,4.222787e-06,3.089457e-06,a
test_1782.jpg,0.00015841999,2.7529271e-05,0.9997392,7.4832315e-05,c
test_1783.jpg,0.005888578,0.9903066,0.0010232815,0.0027815676,b
test_1784.jpg,0.99999094,2.9022942e-06,2.9022942e-06,3.28873e-06,a
test_1785.jpg,0.9998091,2.7531194e-05,4.0057643e-05,0.00012338624,a
test_1786.jpg,0.0010319018,0.00013965274,0.00017931765,0.9986492,d
test_1787.jpg,0.0035290734,0.0021404913,0.97851425,0.01581621,c
test_1788.jpg,0.99829525,0.00029554006,8.467364e-05,0.0013245186,a
test_1789.jpg,0.9998976,1.0782324e-05,5.1439594e-05,4.006119e-05,a
test_1790.jpg,1.0129866e-05,3.2886862e-06,0.9999776,8.939576e-06,c
test_1791.jpg,1.9946692e-06,0.9999676,6.1440132e-06,2.4300043e-05,b
test_1792.jpg,3.2563008e-07,0.9999962,1.2098625e-06,2.2603208e-06,b
test_1793.jpg,3.535545e-05,1.47383425e-05,7.888866e-06,0.99994195,d
test_1794.jpg,0.9999566,2.4299776e-05,8.3977775e-06,1.0782961e-05,a
test_1795.jpg,0.98628145,0.0006181289,0.00456739,0.0085330065,a
test_1796.jpg,0.00048156324,0.9866173,0.012419679,0.00048156324,b
test_1797.jpg,5.1440387e-05,0.999913,1.892386e-05,1.6700247e-05,b
test_1798.jpg,0.00055270334,8.47598e-05,0.9993111,5.140942e-05,c
test_1799.jpg,6.1435703e-06,4.0061106e-05,0.99989545,5.828857e-05,c
test_1800.jpg,0.0017004025,0.99811137,0.00010870308,7.9528865e-05,b
test_1801.jpg,0.9999944,2.4060946e-06,9.422402e-07,2.2603167e-06,a
test_1802.jpg,0.0006262326,0.99921167,9.603589e-05,6.600443e-05,b
test_1803.jpg,0.0013189961,0.00048523158,0.99413294,0.004062794,c
test_1804.jpg,0.0023124593,0.6411809,0.013307285,0.3431994,b
test_1805.jpg,8.939684e-06,9.4223583e-07,3.6898484e-07,0.99998975,d
test_1806.jpg,0.6648638,0.31405944,0.020077148,0.0009995822,a
test_1807.jpg,0.00012331345,3.1178526e-05,0.9992193,0.00062623736,c
test_1808.jpg,0.9985298,0.00017929621,0.0004873777,0.0008035499,a
test_1809.jpg,0.99980694,0.00012338598,4.5391163e-05,2.429614e-05,a
test_1810.jpg,0.999931,3.535506e-05,1.89242e-05,1.4738182e-05,a
test_1811.jpg,0.001145581,0.00015503753,0.9783935,0.02030591,c
test_1812.jpg,5.1439565e-05,1.1477718e-05,0.999897,4.0061168e-05,c
test_1813.jpg,0.0019256382,0.00042966794,0.99750525,0.00013949277,c
test_1814.jpg,1.8896686e-05,2.7223257e-06,0.99847716,0.0015011496,c
test_1815.jpg,1.3709534e-06,2.2603201e-06,5.0434556e-07,0.9999958,d
test_1816.jpg,5.421984e-06,0.99995124,7.88894e-06,3.5355777e-05,b
test_1817.jpg,0.0005515513,0.0019251031,0.9972281,0.00029522413,c
test_1818.jpg,7.4783056e-05,0.99908113,4.002848e-05,0.0008039936,b
test_1819.jpg,6.962188e-06,3.7265906e-06,0.9999832,6.144109e-06,c
test_1820.jpg,4.2227202e-06,0.999969,1.0129779e-05,1.6701182e-05,b
test_1821.jpg,8.938148e-06,0.00015843246,1.47365145e-05,0.9998179,d
test_1822.jpg,0.9999124,2.144353e-05,1.4737907e-05,5.1440355e-05,a
test_1823.jpg,6.605174e-05,4.2225465e-06,1.8737437e-06,0.9999279,d
test_1824.jpg,0.99506617,6.573059e-05,0.00025996953,0.004608071,a
test_1825.jpg,0.00015840099,1.8918301e-05,0.99961925,0.00020339091,c
test_1826.jpg,0.5768177,0.009323389,0.3964406,0.017418385,a
test_1827.jpg,0.0002756442,0.4681813,0.0010241425,0.53051895,d
test_1828.jpg,0.0059907488,0.011192192,0.09371108,0.889106,d
test_1829.jpg,2.9022794e-06,1.0129949e-05,1.20985e-06,0.9999858,d
test_1830.jpg,1.473593e-05,0.9997782,2.7530343e-05,0.00017952037,b
test_1831.jpg,2.4299534e-05,2.4299534e-05,4.784862e-06,0.9999466,d
test_1832.jpg,0.00017942316,0.00048772278,9.6038304e-05,0.9992368,d
test_1833.jpg,0.10561374,0.093203805,0.78038585,0.020796578,c
test_1834.jpg,1.3006787e-05,4.78493e-06,0.9999608,2.1444568e-05,c
test_1835.jpg,0.9999558,6.1439405e-06,1.6700962e-05,2.144446e-05,a
test_1836.jpg,0.00029563834,0.0010318791,0.9986272,4.5337605e-05,c
test_1837.jpg,0.9985355,0.0005522744,0.0007091343,0.00020317039,a
test_1838.jpg,2.2603135e-06,1.0676965e-06,0.99999297,3.726627e-06,c
test_1839.jpg,0.00015819559,0.00048727676,0.0010315648,0.998323,d
test_1840.jpg,0.999985,4.222788e-06,5.422167e-06,5.422167e-06,a
test_1841.jpg,5.1441184e-05,3.2885248e-06,0.9999285,1.6700506e-05,c
test_1842.jpg,0.9987472,0.00043020293,0.00033504236,0.0004874838,a
test_1843.jpg,0.00037384656,0.01589636,0.0002569407,0.98347294,d
test_1844.jpg,0.9999819,1.3007062e-05,2.5612424e-06,2.5612424e-06,a
test_1845.jpg,3.966901e-06,0.9999746,4.7849962e-06,1.6701277e-05,b
test_1846.jpg,7.338199e-07,6.4759377e-07,0.99999774,8.851557e-07,c
test_1847.jpg,0.9995881,0.00033532444,3.1190033e-05,4.5381228e-05,a
test_1848.jpg,0.09527693,0.0006419709,0.9039624,0.00011875269,c
test_1849.jpg,0.97302824,0.0008872869,0.00015418735,0.025930325,a
test_1850.jpg,0.001926082,0.99773514,0.00023003768,0.00010866211,b
test_1851.jpg,2.4299647e-05,1.1478341e-05,1.3006664e-05,0.99995124,d
test_1852.jpg,1.4731737e-05,0.9994937,0.00026112626,0.00023044314,b
test_1853.jpg,6.6050874e-05,1.3006189e-05,6.1436886e-06,0.99991477,d
test_1854.jpg,0.9999826,2.5612442e-06,7.889187e-06,6.9621838e-06,a
test_1855.jpg,0.9359385,0.0033755214,0.059832543,0.00085346546,a
test_1856.jpg,1.13654e-06,1.892509e-05,1.99469e-06,0.99997795,d
test_1857.jpg,0.00026059535,9.586768e-05,0.99746156,0.0021819384,c
test_1858.jpg,1.669986e-05,2.7533415e-05,0.99988973,6.604922e-05,c
test_1859.jpg,0.9998043,0.00010888746,5.1434796e-05,3.5350582e-05,a
test_1860.jpg,0.0016762172,0.00037401458,0.983915,0.014034793,c
test_1861.jpg,2.7523065e-05,0.0001233498,0.99951386,0.00033529956,c
test_1862.jpg,0.22066037,0.77018034,0.0045796596,0.0045796596,b
test_1863.jpg,0.00048781777,6.601895e-05,1.4730818e-05,0.99943143,d
test_1864.jpg,0.036845163,0.9502493,0.0072552427,0.0056503885,b
test_1865.jpg,0.012427639,0.00020087408,0.9872497,0.00012183628,c
test_1866.jpg,1.1476301e-05,3.5349494e-05,0.00017951954,0.99977356,d
test_1867.jpg,0.0004162835,8.197108e-05,0.9664323,0.033069495,c
test_1868.jpg,0.0040362114,0.0007947771,0.007540635,0.98762834,d
test_1869.jpg,3.4663196e-07,0.99999774,4.737897e-07,1.370956e-06,b
test_1870.jpg,0.010984558,0.00017754882,0.9887983,3.9616494e-05,c
test_1871.jpg,0.00020325425,0.00013969447,0.00070942705,0.9989477,d
test_1872.jpg,6.5377903e-06,0.9995888,0.00010886399,0.000295923,b
test_1873.jpg,3.2886355e-06,3.2886355e-06,0.9999622,3.1201707e-05,c
test_1874.jpg,0.9999863,8.9396535e-06,1.0676894e-06,3.726602e-06,a
test_1875.jpg,9.6100644e-05,1.3005808e-05,5.421627e-06,0.99988544,d
test_1876.jpg,0.029066268,0.9625426,0.004457457,0.003933692,b
test_1877.jpg,5.4221873e-06,4.222804e-06,1.5534829e-06,0.9999888,d
test_1878.jpg,0.99576867,0.0021782352,0.00013081319,0.0019222858,a
test_1879.jpg,0.56069946,0.052153174,0.0017845836,0.38536274,a
test_1880.jpg,4.0063172e-05,3.9667916e-06,0.9999471,8.939303e-06,c
test_1881.jpg,9.422409e-07,0.9999951,2.5612762e-06,1.3709524e-06,b
test_1882.jpg,0.0005471506,0.009698478,0.9892715,0.00048285877,c
test_1883.jpg,0.99577004,0.00026015344,0.0035913077,0.00037852104,a
test_1884.jpg,1.6701013e-05,1.3006763e-05,0.9999589,1.1478428e-05,c
test_1885.jpg,0.0015000084,0.00055182225,0.00023003374,0.9977181,d
test_1886.jpg,7.889138e-06,0.9999764,2.7264134e-06,1.300699e-05,b
test_1887.jpg,1.553484e-06,1.0676928e-06,0.9999895,7.889242e-06,c
test_1888.jpg,0.0007007503,0.98672986,0.008536886,0.0040325397,b
test_1889.jpg,0.9993611,0.0002958556,0.00020333838,0.00013975229,a
test_1890.jpg,6.9620532e-06,2.7535456e-05,1.6536327e-06,0.9999639,d
test_1891.jpg,2.5612505e-06,2.2602958e-06,1.0129942e-05,0.9999851,d
test_1892.jpg,4.539393e-05,0.9998678,3.5352827e-05,5.1438063e-05,b
test_1893.jpg,2.7529031e-05,1.1475807e-05,0.9997305,0.00023049774,c
test_1894.jpg,0.001922037,0.0002601194,0.9956398,0.0021779533,c
test_1895.jpg,6.605054e-05,5.4217585e-06,1.8923796e-05,0.99990964,d
test_1896.jpg,6.1440637e-06,0.9999758,7.8891335e-06,1.0129847e-05,b
test_1897.jpg,0.9977863,0.0016998487,0.00017916271,0.00033472,a
test_1898.jpg,7.8114516e-07,0.9999951,1.5534927e-06,2.5612762e-06,b
test_1899.jpg,2.7527643e-05,3.1192907e-05,0.99968016,0.00026117498,c
test_1900.jpg,0.0018851878,0.020267678,0.0012956694,0.9765514,d
test_1901.jpg,0.999987,1.0129961e-05,6.4758683e-07,2.2603e-06,a
test_1902.jpg,3.2887133e-06,0.9999858,1.9947056e-06,8.93965e-06,b
test_1903.jpg,0.017927863,0.0031153955,0.00012858774,0.97882813,d
test_1904.jpg,0.16172744,0.72481215,0.11115354,0.0023069181,b
test_1905.jpg,0.00012336524,0.9996389,0.00017949537,5.8273614e-05,b
test_1906.jpg,0.0013211991,0.99579334,0.00070718693,0.0021782892,b
test_1907.jpg,7.4836265e-05,7.4836265e-05,0.99979204,5.8282538e-05,c
test_1908.jpg,2.429841e-05,4.0061303e-05,3.535398e-05,0.99990034,d
test_1909.jpg,0.99998033,7.889169e-06,4.7850235e-06,6.962168e-06,a
test_1910.jpg,0.00017485596,0.025950925,7.289082e-05,0.9738013,d
test_1911.jpg,0.003170977,0.0004291451,0.00010850487,0.9962914,d
test_1912.jpg,0.004064465,0.00022930143,0.0011644887,0.9945418,d
test_1913.jpg,7.889234e-06,2.9022874e-06,6.893536e-07,0.99998856,d
test_1914.jpg,2.56126e-06,0.9999888,3.288723e-06,5.4221873e-06,b
test_1915.jpg,0.46081173,0.003104925,0.5221681,0.013915308,c
test_1916.jpg,0.00023025162,0.0010319161,7.475176e-05,0.99866307,d
test_1917.jpg,6.0835595e-07,0.9999943,2.5612742e-06,2.5612742e-06,b
test_1918.jpg,0.7180191,0.00293438,0.2641445,0.014902011,a
test_1919.jpg,0.990921,0.00042683183,0.008573147,7.895594e-05,a
test_1920.jpg,0.9999726,6.9621137e-06,3.726551e-06,1.6701242e-05,a
test_1921.jpg,0.0009072351,0.00012278091,0.99490404,0.0040659453,c
test_1922.jpg,0.0007939171,0.012418953,0.9865596,0.00022746105,c
test_1923.jpg,0.027549095,0.2613786,0.00057176326,0.71050054,d
test_1924.jpg,0.9998493,7.484056e-05,5.1437113e-05,2.429717e-05,a
test_1925.jpg,0.99852544,0.0006258025,0.00013963542,0.00070912717,a
test_1926.jpg,8.480834e-05,0.9998833,1.8923298e-05,1.300578e-05,b
test_1927.jpg,0.00017948227,0.999566,0.00015839255,9.606994e-05,b
test_1928.jpg,1.2878902e-06,7.3381767e-07,3.2887426e-06,0.99999475,d
test_1929.jpg,8.939628e-06,0.99998343,4.7850385e-06,2.9022724e-06,b
test_1930.jpg,3.531598e-05,0.0008037881,0.9988257,0.0003350687,c
test_1931.jpg,0.6834003,0.005217825,0.28488362,0.026498305,a
test_1932.jpg,1.370954e-06,1.5534946e-06,7.338188e-07,0.9999963,d
test_1933.jpg,0.99996257,1.8924798e-05,1.4738646e-05,3.7265138e-06,a
test_1934.jpg,5.7149913e-07,1.994728e-06,2.3823628e-07,0.99999714,d
test_1935.jpg,0.6029423,0.0023147957,0.32273176,0.07201119,a
test_1936.jpg,1.6697875e-05,8.937728e-06,0.00020342176,0.99977094,d
test_1937.jpg,0.00046934327,0.0050459155,0.9615813,0.0329035,c
test_1938.jpg,0.89898896,0.014530803,0.083619,0.002861285,a
test_1939.jpg,0.00070872897,0.99796474,0.0010311946,0.0002954422,b
test_1940.jpg,0.94637376,0.041580763,0.011913088,0.00013234245,a
test_1941.jpg,0.11134797,0.8227564,0.052597057,0.013298619,b
test_1942.jpg,0.00042843027,0.00033366182,0.9946319,0.0046060598,c
test_1943.jpg,0.0004877951,9.605254e-05,3.1183696e-05,0.999385,d
test_1944.jpg,3.5007693e-06,0.9999721,5.422097e-06,1.8924979e-05,b
test_1945.jpg,0.946105,0.0049647037,0.0018264124,0.047103792,a
test_1946.jpg,1.9947227e-06,1.3709514e-06,0.9999944,2.2603167e-06,c
test_1947.jpg,0.00055117137,0.000108532084,0.9965412,0.0027990793,c
test_1948.jpg,0.591918,0.0011426705,0.4068189,0.00012043659,a
test_1949.jpg,0.00033531716,4.0047922e-05,0.9995664,5.8269386e-05,c
test_1950.jpg,0.0138736265,0.003974861,0.009535196,0.9726164,d
test_1951.jpg,1.4593709e-06,2.2603178e-06,1.3709521e-06,0.9999949,d
test_1952.jpg,0.009677257,0.22025336,0.7687597,0.0013096745,c
test_1953.jpg,0.013974083,0.000541834,0.97965884,0.005825264,c
test_1954.jpg,0.99994147,3.535543e-05,1.8924398e-05,4.222604e-06,a
test_1955.jpg,0.00399555,0.86279845,0.13231443,0.00089152757,b
test_1956.jpg,1.3006292e-05,4.0062194e-05,2.429895e-05,0.99992263,d
test_1957.jpg,0.00022967046,0.0035926506,3.5221106e-05,0.99614245,d
test_1958.jpg,0.00037992973,3.533897e-05,0.9994759,0.000108851695,c
test_1959.jpg,0.00012326875,0.00010878429,0.0009108397,0.998857,d
test_1960.jpg,1.8924282e-05,2.144402e-05,2.4299257e-05,0.99993527,d
test_1961.jpg,6.8935196e-07,0.9999862,4.222793e-06,8.939653e-06,b
test_1962.jpg,0.9772792,0.0035246192,0.0012966349,0.017899493,a
test_1963.jpg,6.1440746e-06,0.9999776,4.7850103e-06,1.1478643e-05,b
test_1964.jpg,5.8016292e-05,0.9952247,0.0046088053,0.000108388704,b
test_1965.jpg,0.10520396,0.605407,0.09284218,0.19654688,b
test_1966.jpg,0.00012339132,1.8922672e-05,7.4102254e-06,0.9998503,d
test_1967.jpg,2.2603217e-06,8.315258e-07,4.1811745e-07,0.99999654,d
test_1968.jpg,0.00191705,0.9930565,0.0045987642,0.00042775166,b
test_1969.jpg,4.222788e-06,0.999985,5.422167e-06,5.422167e-06,b
test_1970.jpg,3.4663213e-07,1.209865e-06,2.5360148e-07,0.9999982,d
test_1971.jpg,0.99999535,2.260319e-06,7.8114533e-07,1.553493e-06,a
test_1972.jpg,0.91398984,0.04015791,0.045504875,0.00034743402,a
test_1973.jpg,6.962225e-06,3.5008268e-06,1.0676919e-06,0.99998856,d
test_1974.jpg,0.9999684,1.8924908e-05,3.7265354e-06,8.9394935e-06,a
test_1975.jpg,0.9997439,3.1194893e-05,2.1439915e-05,0.00020341626,a
test_1976.jpg,0.9998683,7.484198e-05,4.539395e-05,1.1477388e-05,a
test_1977.jpg,1.4593737e-06,2.238022e-07,0.9999968,1.5534953e-06,c
test_1978.jpg,0.001484481,0.00015646315,0.98739016,0.010968914,c
test_1979.jpg,0.99986196,5.8286616e-05,5.8286616e-05,2.1442449e-05,a
test_1980.jpg,0.15589878,0.0006782135,0.61659163,0.2268314,c
test_1981.jpg,1.8924511e-05,2.7535003e-05,6.1438896e-06,0.9999474,d
test_1982.jpg,1.0129839e-05,7.889127e-06,0.99997497,6.9621306e-06,c
test_1983.jpg,0.0035916474,0.00048607666,5.8053574e-05,0.9958643,d
test_1984.jpg,0.00015841558,4.5386827e-05,8.479375e-05,0.99971133,d
test_1985.jpg,2.5612167e-06,8.939524e-06,0.99997187,1.6701231e-05,c
test_1986.jpg,8.480744e-05,2.753295e-05,0.9998728,1.4737324e-05,c
test_1987.jpg,6.083566e-07,0.99999535,1.553493e-06,2.561277e-06,b
test_1988.jpg,3.7266284e-06,2.2603144e-06,6.893569e-07,0.9999933,d
test_1989.jpg,1.2098134e-06,0.99995553,7.888973e-06,3.535593e-05,b
test_1990.jpg,0.9789202,0.0031156885,0.0021413793,0.015822772,a
test_1991.jpg,0.7949424,0.0015345998,0.0025301275,0.20099291,a
test_1992.jpg,0.53187966,0.01103881,0.32260132,0.13448024,a
test_1993.jpg,1.0129817e-05,1.0129817e-05,6.9621155e-06,0.9999728,d
test_1994.jpg,4.2228057e-06,4.4508045e-07,0.9999893,6.1441465e-06,c
test_1995.jpg,0.00012339091,0.99984694,1.3005307e-05,1.6699145e-05,b
test_1996.jpg,6.0835725e-07,2.5612796e-06,5.0434585e-07,0.9999964,d
test_1997.jpg,0.0003352225,0.9992842,4.5367433e-05,0.0003352225,b
test_1998.jpg,2.7528105e-05,0.99969697,0.00017950578,9.608253e-05,b
test_1999.jpg,0.99973005,0.00020341345,3.1194464e-05,3.5347955e-05,a
test_2000.jpg,5.1441748e-05,6.1438404e-06,2.9021448e-06,0.99993944,d
test_2001.jpg,0.99996865,2.4300069e-05,2.9022297e-06,4.222719e-06,a
test_2002.jpg,0.00017952069,0.99978,2.7530392e-05,1.30044355e-05,b
test_2003.jpg,0.0138084395,0.010754025,0.9680464,0.007391125,c
test_2004.jpg,0.00048781504,7.4808864e-05,1.147231e-05,0.9994259,d
test_2005.jpg,4.0058563e-05,0.99983203,0.00010889048,1.8922328e-05,b
test_2006.jpg,0.9993851,0.00012333393,0.0002304181,0.0002610979,a
test_2007.jpg,0.99997294,1.670125e-05,3.288671e-06,6.9621165e-06,a
test_2008.jpg,0.464005,0.5257866,0.009630117,0.00057833345,b
test_2009.jpg,3.288702e-06,5.4221528e-06,8.939619e-06,0.99998236,d
test_2010.jpg,0.029169653,0.00039087355,0.9659662,0.0044733114,c
test_2011.jpg,0.00017538609,9.993198e-05,0.022971047,0.9767537,d
test_2012.jpg,0.022961846,0.00025508305,0.9763625,0.0004205609,c
test_2013.jpg,1.4593701e-06,0.9999943,1.4593701e-06,2.902304e-06,b
test_2014.jpg,0.00033394268,0.9954691,0.0010286159,0.00316836,b
test_2015.jpg,1.3709516e-06,3.288742e-06,7.338175e-07,0.9999945,d
test_2016.jpg,3.1189113e-05,0.00033531457,0.9995586,7.48188e-05,c
test_2017.jpg,1.3006222e-05,5.828984e-05,1.14779505e-05,0.99991727,d
test_2018.jpg,0.9993605,5.1411964e-05,3.533489e-05,0.00055273063,a
test_2019.jpg,0.0035813432,0.9930072,0.0006223441,0.002789153,b
test_2020.jpg,5.129786e-05,0.0006249358,0.9971425,0.0021812404,c
test_2021.jpg,1.4738673e-05,6.1439932e-06,0.99996436,1.4738673e-05,c
test_2022.jpg,0.9999267,2.7534432e-05,2.1443837e-05,2.429905e-05,a
test_2023.jpg,1.147852e-05,1.0129757e-05,1.147852e-05,0.99996686,d
test_2024.jpg,0.0072568306,0.0005256831,0.95045733,0.04176018,c
test_2025.jpg,0.99978215,8.479975e-05,5.8281963e-05,7.483553e-05,a
test_2026.jpg,6.144121e-06,6.144121e-06,2.5612505e-06,0.9999851,d
test_2027.jpg,0.007278856,0.010590673,0.028788434,0.953342,d
test_2028.jpg,4.784355e-06,0.9998406,0.00013981936,1.4736849e-05,b
test_2029.jpg,0.99999464,3.7266332e-06,8.315243e-07,7.8114476e-07,a
test_2030.jpg,4.4508144e-07,0.99999154,1.1365554e-06,6.9622456e-06,b
test_2031.jpg,0.037163217,0.0039169746,0.0004678159,0.95845205,d
test_2032.jpg,0.0046650236,0.014369284,0.6923509,0.28861478,c
test_2033.jpg,1.9946126e-06,0.9999392,2.7534777e-05,3.120099e-05,b
test_2034.jpg,0.8791443,0.0014977278,0.118979245,0.00037868487,a
test_2035.jpg,0.025949284,0.97373974,0.00013616936,0.0001748449,b
test_2036.jpg,1.637372e-07,0.9999969,9.422426e-07,1.9947277e-06,b
test_2037.jpg,0.99978715,0.00012338354,5.8282254e-05,3.1196243e-05,a
test_2038.jpg,1.4738687e-05,1.30068465e-05,6.9620633e-06,0.9999653,d
test_2039.jpg,0.00015832917,0.99916613,0.00037981197,0.0002957979,b
test_2040.jpg,6.9619073e-06,0.9999429,1.8924426e-05,3.1201103e-05,b
test_2041.jpg,0.9999714,7.889099e-06,1.760296e-06,1.8924964e-05,a
test_2042.jpg,6.604743e-05,5.828666e-05,1.3005511e-05,0.9998627,d
test_2043.jpg,0.00015842427,4.0055926e-05,0.9997662,3.5349232e-05,c
test_2044.jpg,9.608672e-05,4.00549e-05,0.99974054,0.00012337779,c
test_2045.jpg,0.0013181015,0.9934587,0.0040600384,0.0011632205,b
test_2046.jpg,0.9995123,0.00017947263,1.2213266e-05,0.00029590036,a
test_2047.jpg,0.0075626415,0.99051064,0.0009032288,0.0010234923,b
test_2048.jpg,0.013991102,0.98085195,0.0011484595,0.004008518,b
test_2049.jpg,0.0040665786,0.0007066654,0.00016784774,0.995059,d
test_2050.jpg,3.28874e-06,9.4223975e-07,0.9999939,1.7603356e-06,c
test_2051.jpg,1.5685735e-05,0.0001584203,8.479627e-05,0.99974114,d
test_2052.jpg,0.00033472705,0.0016998844,0.00015811386,0.9978073,d
test_2053.jpg,0.00023040731,0.00037987746,0.9993383,5.1410825e-05,c
test_2054.jpg,0.0042601535,0.0002899071,0.91993695,0.07551303,c
test_2055.jpg,1.5534932e-06,1.0030105e-06,0.99999547,1.9947247e-06,c
test_2056.jpg,1.0676833e-06,0.99998057,5.4221427e-06,1.3007045e-05,b
test_2057.jpg,0.99999285,4.7850835e-06,9.422387e-07,1.3709493e-06,a
test_2058.jpg,0.0018478268,0.95719796,0.012049344,0.028904874,b
test_2059.jpg,0.0009333012,0.90322596,0.00064144796,0.09519931,b
test_2060.jpg,4.005508e-05,0.9997451,3.5348487e-05,0.00017951442,b
test_2061.jpg,1.0129707e-05,8.939436e-06,0.999962,1.8924786e-05,c
test_2062.jpg,1.300631e-05,1.1478029e-05,0.99992406,5.1440955e-05,c
test_2063.jpg,2.1440444e-05,0.00020342128,6.538966e-06,0.99976856,d
test_2064.jpg,0.0034675654,0.14744462,0.0006025725,0.84848523,d
test_2065.jpg,0.011614392,0.26434237,0.718557,0.00548625,c
test_2066.jpg,0.9975184,0.0002606102,0.0019256636,0.00029531008,a
test_2067.jpg,1.8924626e-05,2.4299701e-05,3.288607e-06,0.9999535,d
test_2068.jpg,1.4738446e-05,2.1444313e-05,0.999949,1.4738446e-05,c
test_2069.jpg,0.0003799239,7.4811454e-05,8.477247e-05,0.9994605,d
test_2070.jpg,0.00037969358,0.00062600884,0.00013968146,0.99885464,d
test_2071.jpg,0.99989843,5.8288744e-05,2.7533655e-05,1.5688203e-05,a
test_2072.jpg,7.888866e-06,0.99994195,1.47383425e-05,3.535545e-05,b
test_2073.jpg,1.300429e-05,0.9997688,1.47357905e-05,0.00020342132,b
test_2074.jpg,0.99999464,2.2603174e-06,8.8515293e-07,2.2603174e-06,a
test_2075.jpg,0.94370276,0.053240072,0.002650667,0.00040649294,a
test_2076.jpg,6.144139e-06,4.785061e-06,1.0030031e-06,0.9999881,d
test_2077.jpg,0.99972326,0.00010887864,0.00015841748,9.513709e-06,a
test_2078.jpg,0.00037890728,0.0027997673,3.5243866e-05,0.9967861,d
test_2079.jpg,0.00062600034,0.9988411,0.0004875296,4.5347315e-05,b
test_2080.jpg,7.338107e-07,0.9999852,7.889208e-06,6.1441215e-06,b
test_2081.jpg,0.99999774,8.851557e-07,6.8936e-07,6.8936e-07,a
test_2082.jpg,0.0005419355,0.0016692791,0.017946439,0.97984236,d
test_2083.jpg,0.036434326,0.56992877,0.0019309487,0.39170596,b
test_2084.jpg,3.9278353e-07,0.99999285,1.9947195e-06,4.7850835e-06,b
test_2085.jpg,0.00012336686,0.00013979297,0.999652,8.478872e-05,c
test_2086.jpg,7.889087e-06,1.6701199e-05,5.4220855e-06,0.99996996,d
test_2087.jpg,2.429755e-05,9.609867e-05,1.47372075e-05,0.99986494,d
test_2088.jpg,0.0013235795,5.8154023e-05,0.99758744,0.0010308047,c
test_2089.jpg,1.994689e-06,1.1478643e-05,8.939576e-06,0.9999776,d
test_2090.jpg,1.0129887e-05,0.99997973,5.422138e-06,4.785021e-06,b
test_2091.jpg,0.0007095182,7.478268e-05,0.00013971243,0.999076,d
test_2092.jpg,5.4221864e-06,5.4221864e-06,0.99998856,6.4758785e-07,c
test_2093.jpg,0.0010289531,0.0024683303,0.9957955,0.00070718845,c
test_2094.jpg,1.0129941e-05,3.7265972e-06,1.209849e-06,0.999985,d
test_2095.jpg,0.99996567,1.8924857e-05,2.4060255e-06,1.3006851e-05,a
test_2096.jpg,2.1444745e-05,4.7849694e-06,0.999969,4.7849694e-06,c
test_2097.jpg,0.9998684,8.480707e-05,1.1477389e-05,3.535285e-05,a
test_2098.jpg,0.99994934,6.961952e-06,3.7264645e-06,4.0063263e-05,a
test_2099.jpg,0.00038628708,0.041943587,0.0030383833,0.9546316,d
test_2100.jpg,0.00013979065,2.1437589e-05,0.99963534,0.00020339417,c
test_2101.jpg,2.5612546e-06,2.902282e-06,7.889219e-06,0.99998665,d
test_2102.jpg,0.9999881,3.2887208e-06,6.9622215e-06,1.7603253e-06,a
test_2103.jpg,0.9982712,0.00029553295,0.0013244867,0.000108720495,a
test_2104.jpg,0.0002608409,0.0013246596,1.2986505e-05,0.99840146,d
test_2105.jpg,0.0139679,0.001668228,0.0051385034,0.9792254,d
test_2106.jpg,1.9947272e-06,1.0030118e-06,3.9278504e-07,0.99999666,d
test_2107.jpg,4.53957e-05,4.53957e-05,2.4058838e-06,0.9999068,d
test_2108.jpg,2.902275e-06,0.99998426,2.7264348e-06,1.0129934e-05,b
test_2109.jpg,0.0007025522,0.00033186216,0.98926723,0.009698435,c
test_2110.jpg,0.9919957,0.0014914051,0.0040540597,0.0024589116,a
test_2111.jpg,0.99966204,7.482654e-05,0.00013979437,0.0001233681,a
test_2112.jpg,7.476265e-05,0.0010320664,8.471717e-05,0.9988085,d
test_2113.jpg,0.00013948485,0.0021819102,0.9974486,0.00022997163,c
test_2114.jpg,0.0024265698,0.01793006,0.00069522386,0.97894806,d
test_2115.jpg,0.9999714,3.5007668e-06,3.7265465e-06,2.1444795e-05,a
test_2116.jpg,3.7266261e-06,1.553489e-06,0.9999927,1.9947192e-06,c
test_2117.jpg,0.9999944,2.4060946e-06,1.2098603e-06,1.9947227e-06,a
test_2118.jpg,0.0038140253,0.08680682,0.3433276,0.56605154,d
test_2119.jpg,0.03307218,0.00032422825,0.9665108,9.289295e-05,c
test_2120.jpg,6.0835356e-07,0.99999034,1.136554e-06,7.889248e-06,b
test_2121.jpg,0.9999826,1.01299165e-05,1.8738463e-06,5.4221537e-06,a
test_2122.jpg,0.0016563217,0.025909226,0.00019781939,0.9722366,d
test_2123.jpg,5.144057e-05,1.3006213e-05,0.99991655,1.8923927e-05,c
test_2124.jpg,5.143246e-05,1.0127651e-05,0.9997589,0.00017951691,c
test_2125.jpg,4.2228e-06,1.8738561e-06,0.99998784,6.144138e-06,c
test_2126.jpg,0.0007068576,0.0014964174,0.9953296,0.0024671755,c
test_2127.jpg,5.143225e-05,0.99975485,8.479744e-05,0.00010888207,b
test_2128.jpg,3.9934777e-05,0.0031724127,4.5252036e-05,0.9967424,d
test_2129.jpg,1.300668e-05,1.0129613e-05,0.99995255,2.4299678e-05,c
test_2130.jpg,4.539625e-05,1.8923973e-05,1.6700347e-05,0.99991894,d
test_2131.jpg,2.4299527e-05,7.888902e-06,2.1444259e-05,0.99994636,d
test_2132.jpg,3.288647e-06,0.99996567,3.5007465e-06,2.7535505e-05,b
test_2133.jpg,1.7603362e-06,3.288741e-06,6.0835595e-07,0.9999943,d
test_2134.jpg,8.315183e-07,0.9999875,4.7850576e-06,6.9622174e-06,b
test_2135.jpg,4.0061994e-05,1.4737984e-05,0.9999176,2.7534183e-05,c
test_2136.jpg,3.5355977e-05,6.962004e-06,8.851195e-07,0.99995685,d
test_2137.jpg,0.99998116,3.726583e-06,8.939608e-06,6.144097e-06,a
test_2138.jpg,0.9999168,3.120029e-05,4.5396155e-05,6.5399354e-06,a
test_2139.jpg,0.00010879594,0.00080389925,0.00012328195,0.99896395,d
test_2140.jpg,9.582148e-05,0.0028003142,0.00012303721,0.99698085,d
test_2141.jpg,0.0017213095,0.10649365,0.00012469124,0.8916604,d
test_2142.jpg,5.1440293e-05,1.9945567e-06,0.9999112,3.5354362e-05,c
test_2143.jpg,7.811424e-07,0.99999154,2.902296e-06,4.785077e-06,b
test_2144.jpg,6.603593e-05,6.603593e-05,0.9996885,0.00017950426,c
test_2145.jpg,1.2098578e-06,1.1365563e-06,0.99999225,5.4222064e-06,c
test_2146.jpg,0.00062371884,0.0040671583,0.0001083861,0.99520075,d
test_2147.jpg,1.892063e-05,0.9997423,3.5348392e-05,0.00020341594,b
test_2148.jpg,0.9998068,1.1476683e-05,5.82834e-05,0.00012338597,a
test_2149.jpg,2.1233673e-06,2.4060903e-06,2.9022992e-06,0.9999926,d
test_2150.jpg,0.01878613,0.79880655,0.10810671,0.07430058,b
test_2151.jpg,0.0011579067,0.9889204,0.0040414915,0.0058803353,b
test_2152.jpg,0.0016983489,0.0004865851,0.996906,0.0009090606,c
test_2153.jpg,8.8515424e-07,5.368732e-07,0.99999607,2.5612787e-06,c
test_2154.jpg,4.784977e-06,0.9999707,7.8890935e-06,1.6701211e-05,b
test_2155.jpg,1.4449762e-07,0.99999714,4.181177e-07,2.260323e-06,b
test_2156.jpg,9.610119e-05,8.938803e-06,3.7262475e-06,0.99989116,d
test_2157.jpg,1.3709296e-06,1.0129875e-05,1.0129875e-05,0.9999784,d
test_2158.jpg,0.00089910557,0.0124117695,0.985989,0.00070022413,c
test_2159.jpg,0.08148467,0.029976534,0.8760428,0.012496078,c
test_2160.jpg,0.48278108,0.0078034294,0.17760526,0.33181027,a
test_2161.jpg,0.9764505,0.004521863,0.017884314,0.0011433059,a
test_2162.jpg,0.109320104,0.058514837,0.024392612,0.8077724,d
test_2163.jpg,4.7850817e-06,6.8935634e-07,0.9999925,1.9947188e-06,c
test_2164.jpg,0.0001583443,0.00055267586,2.7516115e-05,0.99926144,d
test_2165.jpg,1.2098635e-06,5.714991e-07,0.999997,1.2098635e-06,c
test_2166.jpg,0.00012337975,3.5348894e-05,0.9997565,8.479758e-05,c
test_2167.jpg,0.0014954937,0.0006234145,0.0031659605,0.99471515,d
test_2168.jpg,0.130151,0.019959303,0.0011986493,0.8486911,d
test_2169.jpg,1.0129867e-05,1.0129867e-05,1.9946892e-06,0.9999777,d
test_2170.jpg,0.99527776,0.0019213381,0.0021771614,0.0006237671,a
test_2171.jpg,0.0022359425,0.00044028315,0.7960506,0.20127311,c
test_2172.jpg,0.0012520654,0.053239178,0.94368696,0.0018217444,c
test_2173.jpg,4.222816e-06,8.315218e-07,0.99999166,3.2887324e-06,c
test_2174.jpg,0.99644524,0.00026032983,0.0031714668,0.0001229711,a
test_2175.jpg,1.3004388e-05,3.1195905e-05,0.00017952004,0.9997763,d
test_2176.jpg,7.887844e-06,4.0057774e-05,0.00013981538,0.9998123,d
test_2177.jpg,0.00080264255,0.0016991944,9.586198e-05,0.9974023,d
test_2178.jpg,0.9999802,8.939599e-06,1.8738418e-06,8.939599e-06,a
test_2179.jpg,0.014016181,0.0014772948,0.8671505,0.117356054,c
test_2180.jpg,0.9999268,4.539661e-05,1.473812e-05,1.3006345e-05,a
test_2181.jpg,0.0006261127,0.0001232889,0.00023033399,0.99902034,d
test_2182.jpg,3.1197847e-05,0.9998385,4.53926e-05,8.480453e-05,b
test_2183.jpg,1.30068975e-05,1.30068975e-05,4.7849703e-06,0.99996924,d
test_2184.jpg,7.4837626e-05,9.6093405e-05,0.99981016,1.8921914e-05,c
test_2185.jpg,0.99989676,2.4298322e-05,2.7533608e-05,5.143955e-05,a
test_2186.jpg,1.5381706e-07,0.9999981,9.422437e-07,8.85156e-07,b
test_2187.jpg,1.473799e-05,8.939043e-06,0.999918,5.8289883e-05,c
test_2188.jpg,0.99998784,1.012997e-05,7.338126e-07,1.2878812e-06,a
test_2189.jpg,6.604943e-05,0.99989295,1.6699913e-05,2.429823e-05,b
test_2190.jpg,0.0007999987,0.0031640562,0.0019190972,0.9941169,d
test_2191.jpg,0.9999932,2.1233686e-06,3.2887376e-06,1.3709498e-06,a
test_2192.jpg,0.0026824437,0.041960478,0.9550161,0.0003410344,c
test_2193.jpg,0.00093278167,0.90272313,0.09514631,0.0011977154,b
test_2194.jpg,0.00055077905,2.576028e-05,0.9958319,0.0035915307,c
test_2195.jpg,5.8120855e-05,0.00012304184,0.99701846,0.0028004197,c
test_2196.jpg,1.01298865e-05,5.4221377e-06,0.9999796,4.7850203e-06,c
test_2197.jpg,1.473871e-05,0.99996686,6.962074e-06,1.147852e-05,b
test_2198.jpg,0.9995291,5.1420637e-05,0.0001583867,0.00026113552,a
test_2199.jpg,4.2227803e-06,3.7265906e-06,0.9999832,8.939626e-06,c
test_2200.jpg,0.00012338403,4.539045e-05,0.9997912,4.0056926e-05,c
test_2201.jpg,0.010960022,0.0019045662,0.0005456673,0.98658967,d
test_2202.jpg,0.00084938254,0.06747482,0.00021475753,0.9314611,d
test_2203.jpg,0.004603065,0.99398524,0.0007059028,0.0007059028,b
test_2204.jpg,4.539579e-05,2.1443453e-05,2.4298615e-05,0.9999088,d
test_2205.jpg,0.00043025913,0.9988777,0.0006260233,6.598237e-05,b
test_2206.jpg,0.99969506,6.603636e-05,0.00023048955,8.395581e-06,a
test_2207.jpg,6.9622142e-06,4.7850554e-06,1.2098515e-06,0.999987,d
test_2208.jpg,0.9999398,8.3976365e-06,2.7534794e-05,2.4299368e-05,a
test_2209.jpg,4.5393157e-05,8.480557e-05,1.8922681e-05,0.99985075,d
test_2210.jpg,0.36600903,0.19591053,0.36600903,0.07207145,a
test_2211.jpg,2.6995676e-07,0.99999595,9.422417e-07,2.9023088e-06,b
test_2212.jpg,0.99994767,6.5401373e-06,2.429956e-05,2.1444286e-05,a
test_2213.jpg,0.00012315263,0.99791604,0.0017000696,0.0002607141,b
test_2214.jpg,7.8114607e-07,0.9999963,1.0677e-06,1.7603398e-06,b
test_2215.jpg,0.0011264136,0.9620235,0.032918632,0.0039315703,b
test_2216.jpg,0.9908546,0.0058918367,0.0007973734,0.0024560832,a
test_2217.jpg,0.00026099157,5.139229e-05,0.00070944865,0.99897814,d
test_2218.jpg,0.2673954,0.004897517,0.00085106085,0.726856,d
test_2219.jpg,0.0011611851,0.0052040704,0.9917203,0.0019144706,c
test_2220.jpg,2.2602335e-06,0.99995756,8.939397e-06,3.120156e-05,b
test_2221.jpg,0.9424234,0.009239195,0.046920497,0.0014168763,a
test_2222.jpg,1.0029968e-06,4.2227744e-06,0.99998176,1.300706e-05,c
test_2223.jpg,0.99998045,8.939602e-06,6.9621688e-06,3.7265804e-06,a
test_2224.jpg,0.9994425,3.1185493e-05,0.0002958797,0.00023043132,a
test_2225.jpg,2.561197e-06,8.939456e-06,0.99996424,2.4299961e-05,c
test_2226.jpg,1.6697802e-05,5.828106e-05,0.00015842434,0.99976665,d
test_2227.jpg,0.99903655,8.473651e-05,7.477972e-05,0.0008039577,a
test_2228.jpg,3.7266266e-06,0.99999285,1.9947195e-06,1.3709493e-06,b
test_2229.jpg,5.1430143e-05,3.119396e-05,0.99971384,0.00020341015,c
test_2230.jpg,1.994652e-06,0.999959,2.7535321e-05,1.1478429e-05,b
test_2231.jpg,3.5355613e-05,1.4738412e-05,3.2885844e-06,0.9999466,d
test_2232.jpg,0.0037796479,0.019194635,0.05217643,0.92484933,d
test_2233.jpg,0.00023031095,0.00080386427,4.5350916e-05,0.99892044,d
test_2234.jpg,5.4220363e-06,0.9999609,6.1439723e-06,2.7535374e-05,b
test_2235.jpg,2.7534987e-05,2.429954e-05,1.2878285e-06,0.99994683,d
test_2236.jpg,0.048020616,0.012141513,0.35482702,0.5850108,d
test_2237.jpg,0.0020756056,0.047240563,0.0018317156,0.9488521,d
test_2238.jpg,0.9999225,1.300629e-05,5.1440875e-05,1.300629e-05,a
test_2239.jpg,0.9999126,4.5395966e-05,1.0782486e-05,3.120016e-05,a
test_2240.jpg,5.1440034e-05,4.0061535e-05,2.2601173e-06,0.9999062,d
test_2241.jpg,0.17979856,0.011494136,0.002906173,0.8058012,d
test_2242.jpg,0.9999627,2.4299925e-05,6.962045e-06,6.1439832e-06,a
test_2243.jpg,6.1434025e-06,0.99986815,1.66995e-05,0.00010889442,b
test_2244.jpg,0.0021664116,0.99036354,0.006673017,0.00079697825,b
test_2245.jpg,0.016780073,0.00069259625,0.9161609,0.06636647,c
test_2246.jpg,3.927855e-07,1.0677018e-06,0.99999785,6.8936004e-07,c
test_2247.jpg,0.9935621,0.00048495297,0.0031622904,0.0027907116,a
test_2248.jpg,0.0014993022,0.0011676578,0.99724835,8.458484e-05,c
test_2249.jpg,0.0035898085,0.00014816909,0.9953544,0.00090764574,c
test_2250.jpg,2.7534024e-05,5.8289526e-05,2.2601303e-06,0.9999119,d
test_2251.jpg,2.9022935e-06,0.9999907,2.2603085e-06,4.222812e-06,b
test_2252.jpg,0.9999918,2.9022967e-06,2.2603108e-06,3.0894785e-06,a
test_2253.jpg,8.939615e-06,4.7850317e-06,0.999982,4.2227753e-06,c
test_2254.jpg,1.01292835e-05,1.1477983e-05,0.9999201,5.8290007e-05,c
test_2255.jpg,0.03169679,0.010290441,0.03169679,0.92631596,d
test_2256.jpg,8.939263e-06,0.99994266,3.5355475e-05,1.3006552e-05,b
test_2257.jpg,0.9999912,1.7603307e-06,2.902295e-06,4.222814e-06,a
test_2258.jpg,3.2887122e-06,3.2887122e-06,0.99998546,7.88921e-06,c
test_2259.jpg,2.561198e-06,1.1478493e-05,2.144465e-05,0.9999646,d
test_2260.jpg,0.7318153,0.09904043,0.02504134,0.14410296,a
test_2261.jpg,0.8777886,0.11879577,0.0014954183,0.0019201549,a
test_2262.jpg,3.2886992e-06,8.939611e-06,0.9999815,6.1440987e-06,c
test_2263.jpg,0.9857621,0.0035552133,0.009664073,0.0010185856,a
test_2264.jpg,1.473877e-05,4.2227284e-06,0.9999709,1.0129798e-05,c
test_2265.jpg,1.147452e-05,0.00010886722,0.00026115886,0.9996184,d
test_2266.jpg,0.0013239336,0.00048704798,0.00033474283,0.9978543,d
test_2267.jpg,8.8515435e-07,2.561279e-06,4.7378896e-07,0.9999962,d
test_2268.jpg,0.99418193,0.0003133045,0.00358558,0.0019192226,a
test_2269.jpg,0.0002033993,9.607902e-05,4.005169e-05,0.9996605,d
test_2270.jpg,0.09421601,0.011252498,0.0006348225,0.8938967,d
test_2271.jpg,0.9307651,0.0674244,0.0008487479,0.0009617574,a
test_2272.jpg,0.0007080456,0.002180934,0.00010858232,0.9970024,d
test_2273.jpg,0.022820937,0.9703709,0.0065383078,0.00026986818,b
test_2274.jpg,0.99984443,6.604623e-05,3.1198033e-05,5.8285597e-05,a
test_2275.jpg,1.8924728e-05,5.4220254e-06,0.9999589,1.6701013e-05,c
test_2276.jpg,2.8736758e-07,0.9999964,7.811462e-07,2.5612796e-06,b
test_2277.jpg,0.9990239,0.00048761885,0.0004303221,5.823776e-05,a
test_2278.jpg,7.8114635e-07,1.3709546e-06,0.99999666,1.1365613e-06,c
test_2279.jpg,0.9999975,1.5534964e-06,4.1811785e-07,4.450841e-07,a
test_2280.jpg,0.88840735,0.0052826633,0.082634754,0.023675254,a
test_2281.jpg,0.99991417,2.4298744e-05,2.1443568e-05,4.0061856e-05,a
test_2282.jpg,0.022958672,0.0006932918,0.9762275,0.00012047605,c
test_2283.jpg,0.009482148,0.0006868845,0.58663976,0.4031912,c
test_2284.jpg,2.6995696e-07,0.9999968,7.3381915e-07,2.2603222e-06,b
test_2285.jpg,0.0014909722,0.00090432045,0.99170774,0.0058969096,c
test_2286.jpg,4.53788e-05,0.00037995205,0.9995346,4.0046645e-05,c
test_2287.jpg,0.9388596,0.019485408,0.041250613,0.00040440675,a
test_2288.jpg,0.00061874086,0.9872579,0.010967446,0.0011559601,b
test_2289.jpg,4.0062692e-05,1.4738241e-05,0.99993503,1.01294345e-05,c
test_2290.jpg,0.9995634,1.8917244e-05,3.762143e-05,0.00037996302,a
test_2291.jpg,1.9943016e-06,0.99978334,7.483562e-05,0.00013981134,b
test_2292.jpg,7.8891935e-06,3.2887053e-06,0.99998343,5.422158e-06,c
test_2293.jpg,1.5534958e-06,2.536012e-07,0.99999714,1.0030122e-06,c
test_2294.jpg,2.9023001e-06,1.2878878e-06,0.99999297,2.9023001e-06,c
test_2295.jpg,0.022401176,0.022401176,0.9525222,0.002675439,c
test_2296.jpg,0.0002033745,2.7523747e-05,0.99953866,0.00023045349,c
test_2297.jpg,0.1611213,0.019243198,0.81824154,0.0013939725,c
test_2298.jpg,0.94522005,0.05332567,0.00086192915,0.0005923946,a
test_2299.jpg,6.14409e-06,8.939598e-06,4.7850226e-06,0.9999801,d
test_2300.jpg,1.8738326e-06,2.144488e-05,0.9999753,1.3709252e-06,c
test_2301.jpg,0.00029593345,0.999624,4.005023e-05,4.005023e-05,b
test_2302.jpg,0.9993031,0.00033522883,0.00015835089,0.00020332658,a
test_2303.jpg,0.0016729134,0.015872158,0.0004792977,0.98197573,d
test_2304.jpg,3.2563037e-07,0.999997,8.315262e-07,1.7603411e-06,b
test_2305.jpg,1.6700142e-05,0.99990666,4.5395693e-05,3.1199972e-05,b
test_2306.jpg,0.4958909,0.16099219,0.3408205,0.0022964305,a
test_2307.jpg,0.9996973,0.00015841336,3.53468e-05,0.00010887581,a
test_2308.jpg,2.428269e-05,0.99925345,0.0006262588,9.6039905e-05,b
test_2309.jpg,0.02561408,0.0011254041,0.012099235,0.96116126,d
test_2310.jpg,0.572569,0.39352056,0.032302137,0.0016082287,a
test_2311.jpg,2.2602862e-06,0.9999809,7.889174e-06,8.939606e-06,b
test_2312.jpg,0.9999008,4.5395427e-05,4.5395427e-05,8.397309e-06,a
test_2313.jpg,0.99918646,0.0003798197,0.00020330284,0.00023037229,a
test_2314.jpg,8.939637e-06,2.9022754e-06,0.9999844,3.726595e-06,c
test_2315.jpg,0.99966884,0.00010887271,0.00020340098,1.8919238e-05,a
test_2316.jpg,0.004603351,0.0005497918,0.9940469,0.0007999424,c
test_2317.jpg,2.7264277e-06,1.1478689e-05,4.222774e-06,0.99998164,d
test_2318.jpg,7.469487e-05,0.997903,9.591011e-05,0.0019264059,b
test_2319.jpg,0.00017934233,0.00012326006,0.0009107755,0.9987866,d
test_2320.jpg,1.5534847e-06,1.5534847e-06,0.99999,6.962235e-06,c
test_2321.jpg,8.936382e-06,0.9996203,3.5344077e-05,0.00033533527,b
test_2322.jpg,4.0035986e-05,0.00043042743,0.0002610674,0.9992685,d
test_2323.jpg,0.0011251369,0.037259415,0.960933,0.00068243,c
test_2324.jpg,0.9996871,0.00015841173,0.00012337118,3.119312e-05,a
test_2325.jpg,0.0010316295,0.0002031399,0.00037951532,0.99838567,d
test_2326.jpg,0.011289782,0.5439722,0.42364597,0.02109209,b
test_2327.jpg,4.2228044e-06,5.422188e-06,1.4593622e-06,0.9999889,d
test_2328.jpg,0.025516663,0.65808344,0.27433,0.042069864,b
test_2329.jpg,6.962225e-06,1.994711e-06,2.4060805e-06,0.99998856,d
test_2330.jpg,0.017571058,0.39991543,0.0006400257,0.58187354,d
test_2331.jpg,0.002471315,0.0004866308,4.252132e-05,0.99699956,d
test_2332.jpg,0.00048754812,0.00020324028,0.998879,0.00043025968,c
test_2333.jpg,0.000108882086,0.99975497,4.0055475e-05,9.60881e-05,b
test_2334.jpg,3.7265727e-06,8.9395835e-06,0.9999784,8.9395835e-06,c
test_2335.jpg,0.000108808315,0.99907756,0.00026101756,0.0005525742,b
test_2336.jpg,1.7602853e-06,0.9999653,5.42206e-06,2.7535496e-05,b
test_2337.jpg,0.7978389,0.17802194,0.021261688,0.0028774566,a
test_2338.jpg,0.9999907,3.7266186e-06,4.785073e-06,8.31521e-07,a
test_2339.jpg,0.0010896743,0.06741577,0.93064594,0.00084863923,c
test_2340.jpg,1.30063645e-05,0.99992824,2.7534476e-05,3.120065e-05,b
test_2341.jpg,0.004605494,0.00070627534,0.00017857437,0.99450976,d
test_2342.jpg,1.994717e-06,1.0030066e-06,0.99999154,5.4222023e-06,c
test_2343.jpg,6.144139e-06,4.785061e-06,1.0676913e-06,0.9999881,d
test_2344.jpg,0.0013181015,0.00062262703,0.9934587,0.004600627,c
test_2345.jpg,0.9999331,1.6700584e-05,3.1200798e-05,1.892424e-05,a
test_2346.jpg,0.9999715,1.0129805e-05,6.9621065e-06,1.1478573e-05,a
test_2347.jpg,0.00013979204,0.99964535,3.534496e-05,0.00017949652,b
test_2348.jpg,0.0021771626,0.118869044,0.87833005,0.0006237675,c
test_2349.jpg,0.00048774763,0.00013974203,8.475782e-05,0.9992878,d
test_2350.jpg,2.4299881e-05,3.2886312e-06,0.9999609,1.1478452e-05,c
test_2351.jpg,3.7265816e-06,5.422144e-06,0.9999808,1.0129898e-05,c
test_2352.jpg,0.0023215087,0.05987249,0.9365634,0.0012426139,c
test_2353.jpg,0.03718752,0.0006811132,0.95907885,0.0030525378,c
test_2354.jpg,0.6901916,0.2877147,0.020841982,0.0012516583,a
test_2355.jpg,4.0060524e-05,2.7533171e-05,0.9998809,5.1438736e-05,c
test_2356.jpg,5.8091704e-05,0.0027990153,0.0006245446,0.9965184,d
test_2357.jpg,0.00029576657,0.0006261377,1.7762164e-05,0.99906033,d
test_2358.jpg,1.0129923e-05,2.9022717e-06,0.9999832,3.7265906e-06,c
test_2359.jpg,0.015898336,0.0003299594,0.00017661454,0.98359513,d
test_2360.jpg,1.7603411e-06,7.338194e-07,5.043462e-07,0.999997,d
test_2361.jpg,8.938789e-06,8.480886e-05,1.6699854e-05,0.9998895,d
test_2362.jpg,0.9995778,7.482024e-05,5.1423143e-05,0.00029591977,a
test_2363.jpg,1.3574302e-07,0.99999774,7.338199e-07,1.370956e-06,b
test_2364.jpg,0.9988562,7.476622e-05,0.00015828008,0.00091083895,a
test_2365.jpg,9.608823e-05,7.887402e-06,0.9997563,0.00013980755,c
test_2366.jpg,0.9999914,1.8738629e-06,4.7850767e-06,1.9947167e-06,a
test_2367.jpg,0.99904746,0.0007094979,0.00015831039,8.473744e-05,a
test_2368.jpg,0.8653919,0.005145808,0.11711805,0.012344152,a
test_2369.jpg,3.119661e-05,0.00015842947,1.1476592e-05,0.99979895,d
test_2370.jpg,0.00013048339,0.00070538645,0.0059061283,0.9932581,d
test_2371.jpg,0.0031033803,0.003984819,0.9750531,0.017858721,c
test_2372.jpg,1.5534831e-06,8.939677e-06,0.9999889,6.475881e-07,c
test_2373.jpg,0.017635573,0.7498836,0.21484526,0.017635573,b
test_2374.jpg,8.8515526e-07,1.4593744e-06,4.7378947e-07,0.99999726,d
test_2375.jpg,0.0022599446,0.001209661,0.91172665,0.08480378,c
test_2376.jpg,8.851518e-07,0.9999933,3.2887378e-06,2.5612717e-06,b
test_2377.jpg,5.14416e-05,8.93921e-06,3.089308e-06,0.9999366,d
test_2378.jpg,2.9023065e-06,7.8114516e-07,0.9999951,1.2098612e-06,c
test_2379.jpg,0.00015840221,0.00013978948,7.482392e-05,0.999627,d
test_2380.jpg,0.9929195,0.00037743748,0.005904115,0.00079903513,a
test_2381.jpg,5.422174e-06,6.962209e-06,1.3709404e-06,0.9999863,d
test_2382.jpg,0.00080174854,0.00010850487,0.9962914,0.0027983775,c
test_2383.jpg,2.2603167e-06,1.5534915e-06,0.9999944,1.7603364e-06,c
test_2384.jpg,0.9983517,5.1360064e-05,0.001500961,9.5953226e-05,a
test_2385.jpg,3.2885162e-06,6.605161e-05,0.99992585,4.784763e-06,c
test_2386.jpg,0.74579716,0.0014397273,0.010638225,0.24212489,a
test_2387.jpg,0.0004875595,0.9989023,0.00023030679,0.0003797117,b
test_2388.jpg,0.8737842,0.005195711,0.049295533,0.07172458,a
test_2389.jpg,0.00088056835,0.000415951,0.033043083,0.9656604,d
test_2390.jpg,0.0013246855,9.59599e-05,0.9984211,0.00015821111,c
test_2391.jpg,0.0010302404,0.00022987771,0.9970413,0.0016985794,c
test_2392.jpg,0.9999776,3.2886862e-06,8.939576e-06,1.0129866e-05,a
test_2393.jpg,0.9945036,0.00021540046,0.0016942562,0.00358674,a
test_2394.jpg,1.6700993e-05,4.2226725e-06,0.9999577,2.14445e-05,c
test_2395.jpg,7.887411e-06,0.99975747,3.119532e-05,0.00020341903,b
test_2396.jpg,0.0017004911,8.466245e-05,5.1350376e-05,0.9981634,d
test_2397.jpg,0.0034835674,0.029167553,0.0014521669,0.96589667,d
test_2398.jpg,0.99622166,0.00042911505,0.00055099465,0.002798182,a
test_2399.jpg,0.999998,6.4759394e-07,3.9278555e-07,1.0677019e-06,a
test_2400.jpg,0.043606244,0.68211645,0.25093666,0.023340741,b
test_2401.jpg,2.0122703e-05,0.0009108231,0.00023029213,0.99883884,d
test_2402.jpg,1.6698845e-05,0.99982893,4.5392168e-05,0.00010889015,b
test_2403.jpg,0.025591059,0.013697906,0.9602974,0.00041364096,c
test_2404.jpg,0.35664514,0.03759012,0.5880084,0.017756315,c
test_2405.jpg,0.9999826,8.939621e-06,2.26029e-06,6.1441056e-06,a
test_2406.jpg,7.8879575e-06,0.00015843386,0.9998267,6.9610983e-06,c
test_2407.jpg,7.4842996e-05,4.006056e-05,3.2883713e-06,0.99988186,d
test_2408.jpg,6.604015e-05,0.99975234,5.8280228e-05,0.00012337924,b
test_2409.jpg,1.9947126e-06,0.9999894,6.1441474e-06,2.5612615e-06,b
test_2410.jpg,7.889156e-06,3.2886896e-06,0.99997866,1.01298765e-05,c
test_2411.jpg,1.5381723e-07,0.99999917,3.0590206e-07,3.0590206e-07,b
test_2412.jpg,0.99312085,0.0027894722,0.002172443,0.0019171743,a
test_2413.jpg,7.81145e-07,0.9999949,1.8738693e-06,2.5612756e-06,b
test_2414.jpg,0.00048608403,0.0024685385,0.9958794,0.0011660549,c
test_2415.jpg,0.0008874873,0.5903048,0.0030976352,0.40571016,b
test_2416.jpg,0.9992537,8.475493e-05,0.00062625896,3.5331115e-05,a
test_2417.jpg,0.9999795,3.500795e-06,1.4738896e-05,2.260283e-06,a
test_2418.jpg,4.00584e-05,6.604513e-05,0.99982786,6.604513e-05,c
test_2419.jpg,0.0013010734,0.00011368653,0.9806245,0.017960764,c
test_2420.jpg,0.99952054,3.534055e-05,0.00033530177,0.000108856555,a
test_2421.jpg,0.99923277,0.0004877208,0.00013973434,0.00013973434,a
test_2422.jpg,2.406077e-06,0.9999871,2.5612558e-06,7.889223e-06,b
test_2423.jpg,0.8764603,0.0024617969,0.11861601,0.0024617969,a
test_2424.jpg,0.9999343,1.3006444e-05,2.1444e-05,3.1200838e-05,a
test_2425.jpg,3.0894812e-06,2.5612699e-06,1.7603334e-06,0.9999926,d
test_2426.jpg,2.1438322e-05,0.00029594693,0.99966955,1.3002999e-05,c
test_2427.jpg,2.1444625e-05,1.147848e-05,3.7265168e-06,0.9999634,d
test_2428.jpg,8.4641324e-05,7.4695716e-05,0.0019264277,0.99791425,d
test_2429.jpg,0.00012326571,0.00070934516,0.00033507094,0.9988324,d
test_2430.jpg,0.00029581253,0.00010882335,0.9992156,0.0003798308,c
test_2431.jpg,0.99961495,3.1190873e-05,0.0002304711,0.00012336229,a
test_2432.jpg,0.03205326,0.93673354,0.009183412,0.022029862,b
test_2433.jpg,0.00042980205,0.0013238835,0.99781656,0.00042980205,c
test_2434.jpg,1.147842e-05,0.99995816,2.1444512e-05,8.9394025e-06,b
test_2435.jpg,0.0010286159,0.9954691,0.00033394268,0.00316836,b
test_2436.jpg,0.2922175,0.006064781,0.0007243348,0.70099336,d
test_2437.jpg,0.0003973134,0.00021266653,0.13288313,0.8665069,d
test_2438.jpg,0.999964,1.1478487e-05,1.6701099e-05,7.889041e-06,a
test_2439.jpg,5.1419363e-05,0.000108854794,0.00033529635,0.9995043,d
test_2440.jpg,0.00013974465,6.601069e-05,0.99930644,0.00048775677,c
test_2441.jpg,6.4759183e-07,0.99999475,1.7603371e-06,2.9023054e-06,b
test_2442.jpg,0.0017413625,0.9020481,0.030866388,0.06534415,b
test_2443.jpg,0.00042878828,0.9954631,0.0040682303,3.988352e-05,b
test_2444.jpg,0.9967278,5.4583576e-05,4.5251374e-05,0.0031723664,a
test_2445.jpg,5.8280617e-05,0.00015842314,2.4294975e-05,0.999759,d
test_2446.jpg,0.9894688,0.0058835964,0.00458215,6.536085e-05,a
test_2447.jpg,0.022952685,0.0007853977,0.975973,0.00028893168,c
test_2448.jpg,0.0008007396,0.9950376,0.0024664518,0.001695166,b
test_2449.jpg,0.00070802163,0.0016984557,0.0006248268,0.9969687,d
test_2450.jpg,0.00048607666,5.8053574e-05,0.9958643,0.0035916474,c
test_2451.jpg,2.260318e-06,1.2098611e-06,0.999995,1.5534926e-06,c
test_2452.jpg,0.056228977,0.8795692,0.030097201,0.034104597,b
test_2453.jpg,0.01050485,0.4466776,0.036665533,0.50615203,d
test_2454.jpg,1.3006935e-05,7.889104e-06,6.9621105e-06,0.9999721,d
test_2455.jpg,1.287888e-06,5.422211e-06,2.5360018e-07,0.9999931,d
test_2456.jpg,7.889229e-06,3.2887199e-06,8.8514696e-07,0.99998784,d
test_2457.jpg,8.8515e-07,6.9622442e-06,8.8515e-07,0.9999913,d
test_2458.jpg,0.0061400747,0.051410217,0.9112679,0.031181872,c
test_2459.jpg,0.058210853,0.027496861,0.0037212956,0.910571,d
test_2460.jpg,0.9989975,0.0009109678,5.139329e-05,4.0025127e-05,a
test_2461.jpg,3.9278532e-07,0.9999974,7.338196e-07,1.5534962e-06,b
test_2462.jpg,0.99927133,0.00033521818,0.00033521818,5.8252186e-05,a
test_2463.jpg,0.9999902,3.2887278e-06,4.22281e-06,2.2603074e-06,a
test_2464.jpg,0.9934669,0.0046006646,0.0010265469,0.00090592453,a
test_2465.jpg,0.98046094,0.004540435,0.001013108,0.013985524,a
test_2466.jpg,0.9999019,4.5395478e-05,3.1199826e-05,2.1443304e-05,a
test_2467.jpg,0.0014793904,0.0004802878,0.9840042,0.014036065,c
test_2468.jpg,0.0027994236,0.00015793266,0.99666375,0.00037886077,c
test_2469.jpg,0.9999937,2.5612726e-06,2.5612726e-06,1.2098595e-06,a
test_2470.jpg,4.0054678e-05,0.99973506,2.1439728e-05,0.00020341447,b
test_2471.jpg,0.9977175,0.00048698118,9.5892276e-05,0.0016997315,a
test_2472.jpg,0.025466943,0.95564,0.015446482,0.0034465762,b
test_2473.jpg,0.07513396,0.0005736548,0.91531897,0.008973472,c
test_2474.jpg,0.0013280732,0.009813208,0.10550193,0.8833568,d
test_2475.jpg,7.4837226e-05,0.9998048,2.4296087e-05,9.609289e-05,b
test_2476.jpg,0.001162592,0.0013173893,0.9929219,0.0045981407,c
test_2477.jpg,0.0002958282,0.9992686,0.0002958282,0.00013973935,b
test_2478.jpg,0.9962387,0.00026027588,0.0021792634,0.00132179,a
test_2479.jpg,0.009706328,0.00020144839,1.9946092e-05,0.99007225,d
test_2480.jpg,0.99999094,4.222813e-06,3.28873e-06,1.4593652e-06,a
test_2481.jpg,0.0051246076,0.52272415,0.010848794,0.46130246,b
test_2482.jpg,4.2228226e-06,1.7603344e-06,8.315231e-07,0.9999932,d
test_2483.jpg,5.8284393e-05,8.938201e-06,0.99982387,0.00010888959,c
test_2484.jpg,0.99948394,9.606206e-05,0.0003799328,4.004462e-05,a
test_2485.jpg,5.1439863e-05,0.99990284,2.1443326e-05,2.429847e-05,b
test_2486.jpg,0.9979304,0.0017000942,0.00010868338,0.00026071785,a
test_2487.jpg,0.99871325,6.597151e-05,5.1378665e-05,0.0011693729,a
test_2488.jpg,0.0003353173,1.3001663e-05,0.99956685,8.4781495e-05,c
test_2489.jpg,1.0129906e-05,0.9999815,2.1233436e-06,6.1440987e-06,b
test_2490.jpg,0.00043046748,8.476407e-05,0.99936146,0.000123331,c
test_2491.jpg,9.422428e-07,0.99999714,5.0434625e-07,1.3709551e-06,b
test_2492.jpg,1.14777395e-05,0.9998989,1.4737709e-05,7.484427e-05,b
test_2493.jpg,1.8914527e-05,8.393271e-06,0.9994199,0.0005527635,c
test_2494.jpg,0.9999964,1.0677002e-06,9.4224214e-07,1.5534947e-06,a
test_2495.jpg,0.07432026,0.01139738,0.90540606,0.008876289,c
test_2496.jpg,0.014034793,0.0016762172,0.983915,0.00037401458,c
test_2497.jpg,0.00020341158,5.1430503e-05,0.9997209,2.4294048e-05,c
test_2498.jpg,0.0006795751,0.04204382,0.95691293,0.00036375033,c
test_2499.jpg,6.604749e-05,0.9998635,1.8922923e-05,5.143784e-05,b
test_2500.jpg,1.1478446e-05,1.1478446e-05,0.9999604,1.670104e-05,c
test_2501.jpg,4.006212e-05,3.1200416e-05,7.8887e-06,0.99992085,d
test_2502.jpg,8.3152696e-07,4.18118e-07,0.99999785,8.851558e-07,c
test_2503.jpg,4.005983e-05,2.1442484e-05,0.9998636,7.484163e-05,c
test_2504.jpg,6.893571e-07,0.99999356,1.994721e-06,3.726629e-06,b
test_2505.jpg,0.0021652922,0.0013133159,0.98985183,0.006669569,c
test_2506.jpg,0.029140951,0.96501577,0.005738193,0.00010509868,b
test_2507.jpg,0.99999523,1.1365596e-06,1.4593714e-06,2.2603188e-06,a
test_2508.jpg,5.422181e-06,1.5534811e-06,0.9999876,5.422181e-06,c
test_2509.jpg,1.1478629e-05,1.1478629e-05,6.4757995e-07,0.9999764,d
test_2510.jpg,0.3302509,0.094618455,0.4805122,0.094618455,c
test_2511.jpg,5.4221628e-06,4.222785e-06,0.99998426,6.1441156e-06,c
test_2512.jpg,0.0018939673,0.9810993,0.0011487491,0.015857993,b
test_2513.jpg,5.0434704e-07,5.3687467e-07,1.275189e-07,0.9999988,d
test_2514.jpg,0.99999,6.144151e-06,1.7603287e-06,2.1233616e-06,a
test_2515.jpg,0.017884314,0.004521863,0.9764505,0.0011433059,c
test_2516.jpg,2.4297402e-05,7.888211e-06,0.99985886,0.00010889341,c
test_2517.jpg,0.9999739,1.3006958e-05,6.540309e-06,6.540309e-06,a
test_2518.jpg,0.53080577,0.46843442,0.0004840322,0.00027579322,a
test_2519.jpg,4.5385987e-05,0.9996929,5.827676e-05,0.00020340589,b
test_2520.jpg,1.4593681e-06,0.99999297,3.2887367e-06,2.2603135e-06,b
test_2521.jpg,0.0010320639,0.998806,6.5977634e-05,9.59969e-05,b
test_2522.jpg,3.120005e-05,5.8289363e-05,1.4592457e-06,0.99990904,d
test_2523.jpg,0.00029506325,0.0016979718,0.0013223817,0.9966846,d
test_2524.jpg,0.0010319612,5.8219262e-05,0.9987066,0.0002032052,c
test_2525.jpg,0.00037812223,0.0046064723,0.0002944819,0.99472094,d
test_2526.jpg,0.99841404,0.0002301942,0.0005522072,0.00080345676,a
test_2527.jpg,0.0018108275,0.00019085982,0.93803185,0.05996637,c
test_2528.jpg,1.3574314e-07,0.99999857,3.4663228e-07,9.422441e-07,b
test_2529.jpg,0.0008033136,0.00033487094,0.9982362,0.00062562124,c
test_2530.jpg,0.00020340359,9.608105e-05,1.891948e-05,0.9996816,d
test_2531.jpg,2.1439546e-05,2.1439546e-05,0.00023049682,0.9997266,d
test_2532.jpg,5.422133e-06,2.902259e-06,0.9999788,1.3007022e-05,c
test_2533.jpg,0.009638881,0.0005437884,0.98319256,0.0066246996,c
test_2534.jpg,1.6701011e-05,7.888999e-06,1.6701011e-05,0.99995875,d
test_2535.jpg,0.98761255,0.0016825164,0.0021603936,0.008544522,a
test_2536.jpg,0.0017001805,0.99798113,0.00017919768,0.00013955931,b
test_2537.jpg,0.88475394,0.10566879,0.005961425,0.0036157873,a
test_2538.jpg,5.043452e-07,0.9999951,1.5534927e-06,2.9023065e-06,b
test_2539.jpg,7.484019e-05,0.9998443,6.6046225e-05,1.4736904e-05,b
test_2540.jpg,2.9022895e-06,1.7603275e-06,0.9999893,6.1441465e-06,c
test_2541.jpg,3.2887247e-06,6.1441465e-06,1.2098542e-06,0.9999893,d
test_2542.jpg,1.5534781e-06,0.9999857,2.5612521e-06,1.0129948e-05,b
test_2543.jpg,2.9023054e-06,1.5534921e-06,0.99999475,8.3152435e-07,c
test_2544.jpg,5.8287013e-05,4.5393972e-05,0.99986875,2.7532837e-05,c
test_2545.jpg,0.9992581,0.00048773317,0.00017942699,7.4796306e-05,a
test_2546.jpg,1.067698e-06,8.8515276e-07,3.7266323e-06,0.9999944,d
test_2547.jpg,4.7378367e-07,0.999985,1.553477e-06,1.3007102e-05,b
test_2548.jpg,0.0015004032,0.00037936136,0.99798065,0.00013955924,c
test_2549.jpg,0.9994124,0.00023042438,9.605518e-05,0.00026110501,a
test_2550.jpg,2.122731e-06,0.00029595385,0.99969304,8.937031e-06,c
test_2551.jpg,0.07014963,0.04821309,0.21607608,0.6655612,d
test_2552.jpg,1.5534955e-06,5.0434613e-07,0.9999969,1.0677007e-06,c
test_2553.jpg,5.0434255e-07,0.99998987,1.7603285e-06,7.889244e-06,b
test_2554.jpg,0.99992037,1.670037e-05,1.1477986e-05,5.1440766e-05,a
test_2555.jpg,0.00013981432,3.1196792e-05,0.9998047,2.4296083e-05,c
test_2556.jpg,0.0097057065,0.0002014355,0.99000895,8.397081e-05,c
test_2557.jpg,0.99574184,0.00062405795,0.0011658937,0.0024681974,a
test_2558.jpg,0.010789961,0.00060872786,0.8571527,0.13144863,c
test_2559.jpg,8.4802596e-05,1.4736481e-05,0.99981564,8.4802596e-05,c
test_2560.jpg,0.003593242,0.9963064,7.4575364e-05,2.5772555e-05,b
test_2561.jpg,4.222734e-06,2.123324e-06,0.9999722,2.1444814e-05,c
test_2562.jpg,0.91383123,0.010151749,0.0010051591,0.075011835,a
test_2563.jpg,0.0066877613,0.00033296403,0.9925518,0.00042753428,c
test_2564.jpg,0.0004877842,7.480413e-05,7.480413e-05,0.99936265,d
test_2565.jpg,0.9940388,0.0006229906,0.0031638078,0.002174451,a
test_2566.jpg,0.99381953,0.0013185802,0.0046022977,0.00025964383,a
test_2567.jpg,0.9999931,3.2887372e-06,1.0676966e-06,2.561271e-06,a
test_2568.jpg,0.00037949355,0.9983284,0.0011689223,0.00012320351,b
test_2569.jpg,0.01221041,0.5883305,0.35684052,0.042618524,b
test_2570.jpg,1.4738684e-05,1.4738684e-05,5.422059e-06,0.9999651,d
test_2571.jpg,0.016305622,0.32750717,0.044323277,0.6118639,d
test_2572.jpg,5.043448e-07,0.9999944,3.2887415e-06,1.7603364e-06,b
test_2573.jpg,0.9999815,6.1440987e-06,5.422148e-06,6.962176e-06,a
test_2574.jpg,0.9988796,0.0008038314,0.00015828379,0.00015828379,a
test_2575.jpg,0.9999962,1.0030112e-06,1.9947263e-06,8.3152554e-07,a
test_2576.jpg,0.999969,2.1444745e-05,1.6536411e-06,7.88908e-06,a
test_2577.jpg,7.4810676e-05,0.00013976474,0.99945015,0.00033527816,c
test_2578.jpg,0.8011641,0.17876388,0.0053982013,0.014673833,a
test_2579.jpg,0.0001577148,0.0040675187,0.00048579584,0.99528897,d
test_2580.jpg,0.00020332461,0.99929345,0.0001233226,0.0003798604,b
test_2581.jpg,0.14313385,0.007126215,0.6414814,0.20825851,c
test_2582.jpg,0.9996569,0.00029594317,2.4292494e-05,2.2820686e-05,a
test_2583.jpg,1.7603146e-06,0.999982,4.7850317e-06,1.14786935e-05,b
test_2584.jpg,0.013887631,0.6691435,0.0008878065,0.31608102,b
test_2585.jpg,1.6696606e-05,0.00017950541,0.99969494,0.000108875545,c
test_2586.jpg,1.3709547e-06,1.0677006e-06,0.9999968,7.3381915e-07,c
test_2587.jpg,0.4054846,0.0024110994,0.5899766,0.0021277878,c
test_2588.jpg,1.8881787e-05,0.99768996,0.002182438,0.00010865719,b
test_2589.jpg,0.59173614,0.3589061,0.0007851039,0.04857266,a
test_2590.jpg,0.0007805853,0.4043532,0.5883304,0.006535761,c
test_2591.jpg,0.00010888166,0.00012337908,1.6697542e-05,0.99975103,d
test_2592.jpg,3.2887222e-06,7.889234e-06,3.256276e-07,0.99998856,d
test_2593.jpg,3.7265897e-06,0.99998295,5.422156e-06,7.88919e-06,b
test_2594.jpg,5.143846e-05,4.539428e-05,2.7533024e-05,0.99987555,d
test_2595.jpg,0.00063777814,0.617226,0.0077697285,0.3743665,b
test_2596.jpg,0.005968174,0.002487905,0.10578842,0.88575554,d
test_2597.jpg,0.00013970611,0.99903095,0.0006261193,0.0002032712,b
test_2598.jpg,9.608896e-05,3.119552e-05,0.9997639,0.00010888306,c
test_2599.jpg,1.2877841e-06,0.9999124,7.484528e-05,1.1477894e-05,b
test_2600.jpg,0.9934168,0.00025953862,0.003161828,0.003161828,a
test_2601.jpg,0.0036752708,0.09478648,0.8993091,0.0022291646,c
test_2602.jpg,1.1478468e-05,2.14446e-05,4.7849376e-06,0.99996233,d
test_2603.jpg,0.0049181203,0.6441467,0.04666183,0.30427334,b
test_2604.jpg,2.7535532e-05,4.784958e-06,1.0676684e-06,0.9999666,d
test_2605.jpg,4.5394627e-05,6.6048786e-05,5.421615e-06,0.9998832,d
test_2606.jpg,2.1443491e-05,1.8737113e-06,0.9999106,6.60506e-05,c
test_2607.jpg,0.9966112,0.00017895171,0.0021800783,0.001029796,a
test_2608.jpg,0.0005526821,0.99927264,5.140744e-05,0.00012332003,b
test_2609.jpg,1.7603371e-06,1.2098608e-06,0.99999475,2.2603176e-06,c
test_2610.jpg,0.99989784,1.6699994e-05,4.5395293e-05,4.00612e-05,a
test_2611.jpg,0.0042589325,0.07549138,0.9196733,0.0005763838,c
test_2612.jpg,1.6701235e-05,8.939527e-06,2.2602665e-06,0.9999721,d
test_2613.jpg,2.1444228e-05,1.8924464e-05,0.9999449,1.4738387e-05,c
test_2614.jpg,0.99989784,3.535389e-05,4.5395293e-05,2.1443218e-05,a
test_2615.jpg,3.5355675e-05,0.9999484,1.1478308e-05,4.7848707e-06,b
test_2616.jpg,0.0009687182,0.0015971465,0.05993247,0.9375016,d
test_2617.jpg,0.94807047,0.000979639,0.009294556,0.04165531,a
test_2618.jpg,6.6050605e-05,1.8923816e-05,4.222474e-06,0.9999107,d
test_2619.jpg,0.00036347436,0.95618695,0.0014375689,0.042011924,b
test_2620.jpg,4.2228153e-06,3.2887322e-06,9.4223753e-07,0.99999154,d
test_2621.jpg,0.017123722,0.0014056007,0.0465471,0.9349235,d
test_2622.jpg,2.5612417e-06,0.99998164,7.88918e-06,7.88918e-06,b
test_2623.jpg,0.99999,6.144151e-06,1.5534847e-06,2.2603067e-06,a
test_2624.jpg,0.00054992933,0.99429554,0.004604502,0.00054992933,b
test_2625.jpg,0.0062093805,0.066757135,0.92155373,0.0054797586,c
test_2626.jpg,0.83237714,0.14464545,0.019575635,0.0034017353,a
test_2627.jpg,0.04740056,0.0003000321,0.00023366523,0.9520657,d
test_2628.jpg,0.0055111703,0.0005126187,0.067139804,0.9268364,d
test_2629.jpg,2.2603124e-06,5.0434386e-07,0.9999925,4.7850817e-06,c
test_2630.jpg,1.2098641e-06,7.8114704e-07,4.450841e-07,0.9999975,d
test_2631.jpg,2.902298e-06,2.902298e-06,1.9947183e-06,0.99999225,d
test_2632.jpg,3.288636e-06,0.99996233,3.0893875e-06,3.120171e-05,b
test_2633.jpg,0.8717962,0.11798479,0.003562832,0.006656246,a
test_2634.jpg,1.4738204e-05,0.9999325,2.1443962e-05,3.120078e-05,b
test_2635.jpg,0.8362335,0.1131719,0.04717707,0.0034174954,a
test_2636.jpg,0.9969013,9.5813826e-05,0.00020283788,0.0028000907,a
test_2637.jpg,0.00010889255,0.999851,3.1198237e-05,8.938445e-06,b
test_2638.jpg,7.889165e-06,6.1440887e-06,0.99997985,6.1440887e-06,c
test_2639.jpg,0.9999043,5.1439936e-05,1.6700102e-05,2.7533815e-05,a
test_2640.jpg,2.1443713e-05,0.99992096,6.1437268e-06,5.1440795e-05,b
test_2641.jpg,1.7603314e-06,5.4222023e-06,0.99999154,1.2098569e-06,c
test_2642.jpg,3.1197203e-05,2.7531436e-05,0.00012338733,0.9998179,d
test_2643.jpg,0.9999012,4.0061335e-05,3.11998e-05,2.753373e-05,a
test_2644.jpg,0.836097,0.04716937,0.08812397,0.028609665,a
test_2645.jpg,0.0007593973,0.0023391084,0.9436636,0.05323786,c
test_2646.jpg,2.4297966e-05,0.9998821,6.604872e-05,2.7533204e-05,b
test_2647.jpg,0.9998191,6.604455e-05,4.0058043e-05,7.4838295e-05,a
test_2648.jpg,0.9999864,4.7850526e-06,3.288715e-06,5.4221746e-06,a
test_2649.jpg,1.9947242e-06,2.2603188e-06,5.043453e-07,0.99999523,d
test_2650.jpg,0.039905418,0.016635053,0.9082431,0.035216406,c
test_2651.jpg,1.2098585e-06,0.99999285,1.7603337e-06,4.222821e-06,b
test_2652.jpg,4.785003e-06,0.99997604,6.144065e-06,1.3006986e-05,b
test_2653.jpg,0.99999857,4.181183e-07,6.8936055e-07,3.4663228e-07,a
test_2654.jpg,6.9620955e-06,1.6536427e-06,0.99996996,2.1444765e-05,c
test_2655.jpg,1.5534906e-06,0.9999938,9.4223964e-07,3.72663e-06,b
test_2656.jpg,1.7603334e-06,5.4222082e-06,2.6995585e-07,0.9999926,d
test_2657.jpg,9.6084965e-05,0.00012337553,5.8278474e-05,0.9997223,d
test_2658.jpg,0.9997427,6.603951e-05,5.1431623e-05,0.00013980565,a
test_2659.jpg,5.829053e-05,4.7847784e-06,7.888765e-06,0.9999291,d
test_2660.jpg,0.00033525017,0.9993667,0.00013975307,0.00015836097,b
test_2661.jpg,3.2887426e-06,7.811449e-07,1.0676985e-06,0.99999475,d
test_2662.jpg,0.55800974,0.002584098,0.43457842,0.0048277304,a
test_2663.jpg,0.99989474,1.8923514e-05,7.4843956e-05,1.1477692e-05,a
test_2664.jpg,0.9999958,1.2878916e-06,1.6536854e-06,1.2098621e-06,a
test_2665.jpg,0.376343,0.0019748667,0.07410633,0.54757583,d
test_2666.jpg,1.3006937e-05,0.9999722,7.889105e-06,6.9621115e-06,b
test_2667.jpg,0.9996873,0.00015841177,9.6081596e-05,5.8276433e-05,a
test_2668.jpg,1.7603356e-06,0.9999939,9.4223975e-07,3.28874e-06,b
test_2669.jpg,0.73078316,0.00026096127,0.00011580087,0.26884013,a
test_2670.jpg,3.5003068e-06,0.00013981927,1.6699028e-05,0.99984,d
test_2671.jpg,0.0016560372,0.9720696,0.025904778,0.00036951184,b
test_2672.jpg,4.004128e-05,0.00037990112,0.9994006,0.00017945257,c
test_2673.jpg,0.99964035,1.4733898e-05,9.51292e-06,0.000335342,a
test_2674.jpg,4.222604e-06,0.99994147,1.8924398e-05,3.535543e-05,b
test_2675.jpg,5.1405063e-05,0.99922633,0.0006262418,9.603729e-05,b
test_2676.jpg,1.1478551e-05,4.222723e-06,0.9999696,1.473875e-05,c
test_2677.jpg,0.0011627809,0.002172361,0.99308324,0.0035816175,c
test_2678.jpg,1.4738849e-05,4.222751e-06,4.785004e-06,0.9999763,d
test_2679.jpg,0.9999956,1.5534935e-06,1.4593719e-06,1.3709531e-06,a
test_2680.jpg,5.828737e-05,4.539425e-05,0.99987483,2.1442724e-05,c
test_2681.jpg,1.4593006e-06,0.9999467,2.7534983e-05,2.4299536e-05,b
test_2682.jpg,0.99941385,0.0004878092,5.826049e-05,4.004181e-05,a
test_2683.jpg,0.037292305,0.00077397714,0.00015240513,0.96178126,d
test_2684.jpg,0.00017950407,0.99968743,7.482844e-05,5.827644e-05,b
test_2685.jpg,1.1478594e-05,8.939539e-06,6.144049e-06,0.9999734,d
test_2686.jpg,0.18884134,0.5816723,0.015501042,0.21398531,b
test_2687.jpg,0.023701288,0.01628964,0.78487885,0.17513016,c
test_2688.jpg,0.99811363,0.0006255444,0.00070883473,0.00055204105,a
test_2689.jpg,0.99998784,4.2228e-06,2.5612576e-06,5.4221823e-06,a
test_2690.jpg,0.00013981506,3.119696e-05,1.892191e-05,0.99981004,d
test_2691.jpg,0.9739578,0.0010063883,0.002130524,0.022905292,a
test_2692.jpg,0.99540627,0.00316816,0.00026005838,0.0011655008,a
test_2693.jpg,4.222798e-06,6.962217e-06,1.5534806e-06,0.99998736,d
test_2694.jpg,1.0030129e-06,8.3152696e-07,2.8736798e-07,0.99999785,d
test_2695.jpg,1.9947038e-06,6.9622e-06,6.14412e-06,0.999985,d
test_2696.jpg,5.8289836e-05,7.888671e-06,0.99991715,1.6700316e-05,c
test_2697.jpg,5.4221637e-06,4.785043e-06,5.4221637e-06,0.9999844,d
test_2698.jpg,0.8003478,0.018822378,0.17858174,0.0022480125,a
test_2699.jpg,0.995243,0.00026001575,0.00090754416,0.0035894068,a
test_2700.jpg,0.00013974203,0.00048774763,8.475782e-05,0.9992878,d
test_2701.jpg,0.9999789,1.0129879e-05,1.9946917e-06,8.939588e-06,a
test_2702.jpg,2.2602767e-06,0.99997663,2.1233334e-06,1.8925064e-05,b
test_2703.jpg,0.012422626,0.0006184861,0.9868514,0.00010747678,c
test_2704.jpg,2.7525042e-05,0.9995857,5.1423547e-05,0.00033532362,b
test_2705.jpg,0.97388566,0.0027354446,0.000475349,0.022903597,a
test_2706.jpg,4.7850126e-06,0.99997807,1.3007012e-05,4.2227584e-06,b
test_2707.jpg,3.726568e-06,0.9999771,1.3007e-05,6.144072e-06,b
test_2708.jpg,6.603861e-05,0.999729,9.6085605e-05,0.000108879256,b
test_2709.jpg,0.00070935796,0.00017935377,0.0002609582,0.99885035,d
test_2710.jpg,0.00048585056,0.0040679765,4.519114e-05,0.995401,d
test_2711.jpg,6.475935e-07,0.99999726,8.8515526e-07,1.2098639e-06,b
test_2712.jpg,1.8738704e-06,1.7603384e-06,8.8515367e-07,0.99999547,d
test_2713.jpg,0.9999244,3.535483e-05,3.120053e-05,8.939101e-06,a
test_2714.jpg,9.608792e-05,0.99975306,0.00012337933,2.7529652e-05,b
test_2715.jpg,0.00029553298,0.0013244869,0.99827135,0.00010872051,c
test_2716.jpg,7.889197e-06,6.1441137e-06,1.9947017e-06,0.9999839,d
test_2717.jpg,0.9999957,6.8935856e-07,1.8738708e-06,1.6536853e-06,a
test_2718.jpg,6.60423e-05,4.005668e-05,0.999785,0.00010888536,c
test_2719.jpg,3.7266052e-06,6.962215e-06,2.2603003e-06,0.9999871,d
test_2720.jpg,0.999706,4.5386583e-05,0.00013980053,0.00010887675,a
test_2721.jpg,0.8258801,0.0023197273,0.16262543,0.0091747,a
test_2722.jpg,2.1443566e-05,6.1436845e-06,0.99991405,5.8289654e-05,c
test_2723.jpg,6.604975e-05,1.4737691e-05,2.1443215e-05,0.9998977,d
test_2724.jpg,0.00941793,0.0073346905,0.022592438,0.9606549,d
test_2725.jpg,4.222787e-06,4.7850453e-06,0.99998486,6.144119e-06,c
test_2726.jpg,4.222742e-06,0.99997413,1.14786035e-05,1.0129831e-05,b
test_2727.jpg,0.009379126,0.022499355,0.31059402,0.6575275,d
test_2728.jpg,1.6700515e-05,3.535499e-05,1.8924162e-05,0.99992895,d
test_2729.jpg,3.2887408e-06,1.2098601e-06,1.3709512e-06,0.99999416,d
test_2730.jpg,3.5355377e-05,2.144412e-05,3.2885623e-06,0.9999399,d
test_2731.jpg,0.99800175,0.00091005984,0.0003793694,0.0007087553,a
test_2732.jpg,3.927847e-07,0.9999958,1.2878916e-06,2.561278e-06,b
test_2733.jpg,0.0006257109,0.99837923,8.468076e-05,0.000910404,b
test_2734.jpg,0.34077755,0.6366562,0.019225353,0.0033408653,b
test_2735.jpg,0.75031507,0.01764572,0.18970937,0.04232988,a
test_2736.jpg,0.0014070392,0.7288644,0.26813424,0.0015943844,b
test_2737.jpg,6.96221e-06,3.7266025e-06,2.9022813e-06,0.9999864,d
test_2738.jpg,1.0129821e-05,0.9999732,1.3006948e-05,3.7265531e-06,b
test_2739.jpg,0.0016858596,0.00017768827,0.98957497,0.0085615,c
test_2740.jpg,0.9999043,2.7533815e-05,5.1439936e-05,1.6700102e-05,a
test_2741.jpg,0.00013961182,0.0003349113,0.9983565,0.0011689552,c
test_2742.jpg,0.21438746,0.0044494695,0.7482858,0.032877382,c
test_2743.jpg,0.00037895772,0.16274253,0.8264747,0.010403782,c
test_2744.jpg,2.1233664e-06,0.99999213,1.994718e-06,3.7266238e-06,b
test_2745.jpg,0.0085529145,0.9885825,0.000702066,0.0021625154,b
test_2746.jpg,0.99966204,7.482654e-05,0.00013979437,0.0001233681,a
test_2747.jpg,0.007846788,0.08436091,0.0008270453,0.90696526,d
test_2748.jpg,0.9999788,3.726574e-06,1.47388855e-05,2.72642e-06,a
test_2749.jpg,0.00013959272,0.00013959272,0.99822,0.0015007631,c
test_2750.jpg,5.422202e-06,1.9947167e-06,0.9999914,1.2098568e-06,c
test_2751.jpg,0.005894417,0.00090393814,0.118392535,0.8748091,d
test_2752.jpg,3.927846e-07,0.9999956,6.893585e-07,3.2887453e-06,b
test_2753.jpg,0.9999975,6.893598e-07,9.4224316e-07,8.851555e-07,a
test_2754.jpg,0.11915994,0.00024486863,0.00011566776,0.88047945,d
test_2755.jpg,3.120146e-05,2.902188e-06,0.99995434,1.1478376e-05,c
test_2756.jpg,0.00025239785,0.9660846,0.033057597,0.00060547097,b
test_2757.jpg,1.3007025e-05,6.1440837e-06,1.7603094e-06,0.999979,d
test_2758.jpg,4.78506e-06,6.962221e-06,3.9278163e-07,0.99998796,d
test_2759.jpg,3.5350797e-05,0.9998104,4.5391324e-05,0.000108888125,b
test_2760.jpg,0.059645113,0.82337534,0.11143173,0.0055478592,b
test_2761.jpg,0.069194466,0.27366942,0.65649885,0.000637259,c
test_2762.jpg,0.0024576571,0.00015711275,0.99148965,0.0058956128,c
test_2763.jpg,1.9947195e-06,9.422387e-07,0.99999285,4.222821e-06,c
test_2764.jpg,1.0129868e-05,8.939578e-06,3.0894355e-06,0.9999778,d
test_2765.jpg,6.144151e-06,1.2878841e-06,0.99999,2.561263e-06,c
test_2766.jpg,1.1478696e-05,3.726587e-06,2.5612433e-06,0.99998224,d
test_2767.jpg,0.999977,1.4738859e-05,6.144071e-06,2.123334e-06,a
test_2768.jpg,2.9022901e-06,6.893543e-07,0.9999895,6.9622315e-06,c
test_2769.jpg,0.054394744,0.015584356,0.850877,0.07914388,c
test_2770.jpg,0.047280814,0.94966054,0.0020773741,0.000981282,b
test_2771.jpg,0.025865797,0.0018737122,0.9706069,0.0016535453,c
test_2772.jpg,1.1478631e-05,4.222752e-06,7.889139e-06,0.9999765,d
test_2773.jpg,0.0025381763,0.70376587,0.29337326,0.00032269288,b
test_2774.jpg,0.9698667,0.00023803412,0.029287437,0.0006078413,a
test_2775.jpg,0.9829906,0.0003297566,0.015888564,0.000791045,a
test_2776.jpg,0.036134295,0.93191576,0.0038085268,0.028141418,b
test_2777.jpg,0.0011504991,0.98259383,0.01588215,0.0003735124,b
test_2778.jpg,0.0019068836,0.9877901,0.0006190744,0.009683954,b
test_2779.jpg,7.483539e-05,2.1440697e-05,0.99978036,0.00012338269,c
test_2780.jpg,0.9998858,5.0931494e-06,1.3005812e-05,9.610068e-05,a
test_2781.jpg,0.9684228,0.0044846875,0.0012848844,0.025807593,a
test_2782.jpg,9.609969e-05,0.99987555,2.144274e-05,6.9614384e-06,b
test_2783.jpg,0.9983083,0.00017925644,0.00080337166,0.000708973,a
test_2784.jpg,3.089429e-06,0.9999757,2.2602744e-06,1.8925046e-05,b
test_2785.jpg,1.4738373e-05,1.0129525e-05,3.1201136e-05,0.999944,d
test_2786.jpg,1.6672e-05,0.9982217,0.00026079395,0.0015007656,b
test_2787.jpg,2.5612737e-06,1.7603361e-06,0.99999416,1.5534912e-06,c
test_2788.jpg,0.002538067,0.7037356,0.0003656432,0.29336065,b
test_2789.jpg,0.0007027518,0.00970119,4.782286e-05,0.9895482,d
test_2790.jpg,3.2887183e-06,8.9396635e-06,4.1811361e-07,0.99998736,d
test_2791.jpg,0.9998084,2.4296174e-05,0.00013981483,2.7531174e-05,a
test_2792.jpg,0.99965835,2.1438082e-05,0.0002959436,2.4292529e-05,a
test_2793.jpg,0.9918229,0.0045930515,0.0027858266,0.00079815264,a
test_2794.jpg,0.92359,0.06690464,0.009054558,0.00045079994,a
test_2795.jpg,0.00013976124,4.7823664e-06,0.99942505,0.00043049487,c
test_2796.jpg,0.0011630702,0.0052125193,0.9933303,0.00029407023,c
test_2797.jpg,2.7534577e-05,1.3006413e-05,2.7534577e-05,0.99993193,d
test_2798.jpg,0.0013238998,0.00029540202,0.0005518836,0.9978289,d
test_2799.jpg,1.7603386e-06,2.2603194e-06,3.4663123e-07,0.9999956,d
test_2800.jpg,0.91461897,0.051599275,0.006162654,0.0276191,a
test_2801.jpg,0.9966839,0.0014984536,0.0009088581,0.0009088581,a
test_2802.jpg,2.9022876e-06,6.144143e-06,0.9999887,2.2603037e-06,c
test_2803.jpg,0.48368657,0.021251705,0.48368657,0.011375218,a
test_2804.jpg,0.0016436675,0.03301394,0.96480876,0.00053362065,c
test_2805.jpg,0.0001396907,0.9989207,0.00023031101,0.00070940785,b
test_2806.jpg,0.00017891343,0.0027986772,0.996398,0.0006244692,c
test_2807.jpg,2.1443957e-05,6.1437963e-06,0.9999323,4.006258e-05,c
test_2808.jpg,2.4300045e-05,5.422073e-06,0.9999677,2.561206e-06,c
test_2809.jpg,0.0016973749,0.0011665873,0.00080178306,0.9963342,d
test_2810.jpg,2.9022967e-06,3.7266225e-06,0.9999918,1.6536787e-06,c
test_2811.jpg,0.0010312175,0.00042987542,0.00055197097,0.9979869,d
test_2812.jpg,1.8924477e-05,4.2226216e-06,0.99994564,3.120119e-05,c
test_2813.jpg,0.9999641,6.143992e-06,2.429996e-05,5.4220536e-06,a
test_2814.jpg,0.0014927939,0.9929194,0.005210363,0.00037743742,b
test_2815.jpg,0.99998677,4.495142e-06,3.7266038e-06,5.0936637e-06,a
test_2816.jpg,0.04295003,0.59290683,0.004526899,0.3596162,b
test_2817.jpg,1.8917386e-05,0.9995709,7.481972e-05,0.00033531868,b
test_2818.jpg,1.3005566e-05,8.480694e-05,0.99986684,3.5352794e-05,c
test_2819.jpg,1.473868e-05,0.99996483,8.939462e-06,1.1478496e-05,b
test_2820.jpg,0.9994759,3.1186533e-05,5.091061e-06,0.00048783945,a
test_2821.jpg,6.605053e-05,1.3006121e-05,0.9999095,1.1477861e-05,c
test_2822.jpg,0.0016987016,0.997113,0.0010303145,0.00015800384,b
test_2823.jpg,2.902298e-06,4.2228185e-06,6.8935617e-07,0.99999225,d
test_2824.jpg,2.5612628e-06,0.99998987,2.2603065e-06,5.422193e-06,b
test_2825.jpg,0.00016633532,0.437576,0.00039901765,0.56185865,d
test_2826.jpg,0.029296624,0.9701709,0.00036879006,0.0001636496,b
test_2827.jpg,4.539087e-05,4.539087e-05,0.9998004,0.000108887034,c
test_2828.jpg,0.99993193,1.3006413e-05,2.7534577e-05,2.7534577e-05,a
test_2829.jpg,0.99990666,1.6700142e-05,3.1199972e-05,4.5395693e-05,a
test_2830.jpg,7.888712e-06,0.9999224,1.147801e-05,5.829014e-05,b
test_2831.jpg,0.90074164,0.0006396836,0.094937466,0.0036811254,a
test_2832.jpg,3.5317942e-05,0.99888116,5.1387302e-05,0.0010321415,b
test_2833.jpg,0.9982559,0.00033487755,8.4670304e-05,0.0013244664,a
test_2834.jpg,0.49318522,0.06674536,0.43523443,0.004835018,a
test_2835.jpg,5.828013e-05,1.1476038e-05,0.9997507,0.00017951544,c
test_2836.jpg,0.0011681009,0.00029534218,0.99762684,0.0009097179,c
test_2837.jpg,4.2194315e-06,0.99919015,9.6033815e-05,0.00070959923,b
test_2838.jpg,0.00429084,0.035926763,0.81768936,0.14209309,c
test_2839.jpg,7.889152e-06,7.889152e-06,0.99997807,6.144078e-06,c
test_2840.jpg,0.99999774,1.1365624e-06,5.0434653e-07,6.4759377e-07,a
test_2841.jpg,2.9022535e-06,0.9999769,5.4221227e-06,1.4738857e-05,b
test_2842.jpg,8.939388e-06,0.9999566,1.0129654e-05,2.4299776e-05,b
test_2843.jpg,0.9998939,9.610146e-05,6.961566e-06,3.0891763e-06,a
test_2844.jpg,0.001013108,0.98046094,0.004540435,0.013985524,b
test_2845.jpg,0.011250191,0.61423963,0.37255517,0.0019549902,b
test_2846.jpg,2.429994e-05,5.422049e-06,0.9999633,6.962049e-06,c
test_2847.jpg,0.0001788817,0.0008016922,0.9962213,0.0027981808,c
test_2848.jpg,0.99518126,0.0008008552,0.0004286669,0.0035891843,a
test_2849.jpg,4.005714e-05,4.005714e-05,0.0001233847,0.99979657,d
test_2850.jpg,1.9947236e-06,1.5534923e-06,0.9999949,1.5534923e-06,c
test_2851.jpg,0.70656127,0.006112953,0.2599294,0.027396355,a
test_2852.jpg,0.999982,8.939615e-06,2.9022683e-06,6.144102e-06,a
test_2853.jpg,8.48e-05,4.539017e-05,8.48e-05,0.999785,d
test_2854.jpg,0.40059325,0.5828597,0.0044501885,0.012096867,b
test_2855.jpg,5.4221973e-06,2.726452e-06,1.2098558e-06,0.9999906,d
test_2856.jpg,8.4804335e-05,0.9998361,6.604568e-05,1.3005166e-05,b
test_2857.jpg,0.0011685597,0.9980186,0.0005519885,0.0002607409,b
test_2858.jpg,0.9999689,1.0129777e-05,1.473874e-05,6.1440214e-06,a
test_2859.jpg,1.553495e-06,9.4224237e-07,0.99999666,8.3152594e-07,c
test_2860.jpg,1.2878935e-06,4.7378953e-07,0.9999974,7.811469e-07,c
test_2861.jpg,0.00033532854,4.5381785e-05,1.8917943e-05,0.99960035,d
test_2862.jpg,0.00091042224,0.00048731393,0.00020314266,0.9983992,d
test_2863.jpg,1.3006864e-05,8.939478e-06,1.1478517e-05,0.9999666,d
test_2864.jpg,6.603486e-05,0.9996723,5.827556e-05,0.0002034017,b
test_2865.jpg,0.00012337009,4.00524e-05,0.99967825,0.00015841033,c
test_2866.jpg,6.1437613e-06,0.99992657,5.829038e-05,8.93912e-06,b
test_2867.jpg,0.42056578,0.01847837,0.5400171,0.020938737,c
test_2868.jpg,2.5612524e-06,6.144125e-06,5.4221714e-06,0.9999858,d
test_2869.jpg,0.99999464,3.2887422e-06,1.0030097e-06,1.0676983e-06,a
test_2870.jpg,4.785062e-06,0.99998844,4.2228025e-06,2.5612592e-06,b
test_2871.jpg,2.5612735e-06,0.99999404,1.3709509e-06,1.994722e-06,b
test_2872.jpg,0.0017003655,0.00020307967,6.9490043e-06,0.9980896,d
test_2873.jpg,0.00037919974,0.0001394998,0.0019257353,0.9975555,d
test_2874.jpg,4.5376786e-05,0.99949014,0.00026112533,0.00020336463,b
test_2875.jpg,0.99781203,0.0016998926,0.00037929727,0.00010867049,a
test_2876.jpg,0.020320568,0.00028985736,0.00028985736,0.9790998,d
test_2877.jpg,0.99979216,0.00017952287,6.9608577e-06,2.144095e-05,a
test_2878.jpg,0.9905806,0.0006208233,0.00022838812,0.008570202,a
test_2879.jpg,2.4299967e-05,1.0129733e-05,1.1365247e-06,0.9999645,d
test_2880.jpg,4.222822e-06,1.99472e-06,6.4759075e-07,0.9999931,d
test_2881.jpg,0.00013978171,5.8269685e-05,0.9995715,0.00023046107,c
test_2882.jpg,0.99996257,1.3006811e-05,1.1478471e-05,1.3006811e-05,a
test_2883.jpg,0.9999882,2.7264455e-06,3.7266093e-06,5.422184e-06,a
test_2884.jpg,1.1478048e-05,0.99992573,4.494868e-06,5.8290334e-05,b
test_2885.jpg,0.0020219125,0.00027363608,0.81569767,0.18200676,c
test_2886.jpg,4.1811646e-07,0.99999416,2.5612737e-06,2.9023035e-06,b
test_2887.jpg,0.46275082,0.07096514,0.0035331459,0.46275082,a
test_2888.jpg,1.3574301e-07,0.9999976,4.4508417e-07,1.7603421e-06,b
test_2889.jpg,0.10877773,0.7093199,0.17934416,0.0025582071,b
test_2890.jpg,0.0011692045,0.99856937,0.00020317729,5.8211266e-05,b
test_2891.jpg,3.1196647e-05,0.9998,0.00012338512,4.539085e-05,b
test_2892.jpg,5.144057e-05,1.8923927e-05,1.3006213e-05,0.99991655,d
test_2893.jpg,6.475894e-07,0.99999094,1.4593652e-06,6.9622415e-06,b
test_2894.jpg,1.666445e-05,0.9977696,3.113329e-05,0.0021826122,b
test_2895.jpg,1.5534915e-06,0.9999944,1.9947227e-06,1.9947227e-06,b
test_2896.jpg,0.0005526909,0.00013974214,0.99928856,1.8912042e-05,c
test_2897.jpg,0.99989164,3.535367e-05,6.9615503e-06,6.6049346e-05,a
test_2898.jpg,0.99999607,8.315254e-07,1.5534941e-06,1.5534941e-06,a
test_2899.jpg,0.00064179726,0.9037178,0.09525116,0.0003892697,b
test_2900.jpg,1.8553848e-07,0.9999964,9.4224214e-07,2.5612796e-06,b
test_2901.jpg,5.422185e-06,0.9999883,2.5612587e-06,3.7266097e-06,b
test_2902.jpg,1.1365559e-06,3.726623e-06,3.2887333e-06,0.9999919,d
test_2903.jpg,0.0035840522,0.9937583,0.0014940551,0.0011635713,b
test_2904.jpg,0.08889132,0.3983833,0.5115343,0.0011911445,c
test_2905.jpg,2.2380239e-07,0.9999976,7.811471e-07,1.3709558e-06,b
test_2906.jpg,0.00043046748,8.476407e-05,0.99936146,0.000123331,c
test_2907.jpg,0.30197537,0.63928187,0.006267299,0.052475452,b
test_2908.jpg,7.889198e-06,4.7850413e-06,3.2887074e-06,0.999984,d
test_2909.jpg,5.42206e-06,7.889051e-06,2.1444665e-05,0.9999653,d
test_2910.jpg,3.535383e-05,1.0129042e-05,5.828861e-05,0.99989617,d
test_2911.jpg,0.97136474,0.0012887877,0.025885994,0.0014603878,a
test_2912.jpg,1.670104e-05,0.9999604,6.143969e-06,1.670104e-05,b
test_2913.jpg,0.0004504788,0.81448483,0.18173613,0.0033286132,b
test_2914.jpg,3.2887378e-06,1.3709499e-06,1.9947204e-06,0.9999933,d
test_2915.jpg,1.9946913e-06,1.1478655e-05,0.99997866,7.889156e-06,c
test_2916.jpg,4.0049774e-05,0.00029593005,5.1424933e-05,0.9996126,d
test_2917.jpg,0.0010309262,0.0011681925,0.99770504,9.5891075e-05,c
test_2918.jpg,7.3381847e-07,0.9999958,1.2098621e-06,2.2603201e-06,b
test_2919.jpg,0.0004854665,0.004605978,0.9946142,0.00029445032,c
test_2920.jpg,0.9999914,2.26031e-06,4.222815e-06,2.1233648e-06,a
test_2921.jpg,0.013206123,0.031679843,0.23408413,0.7210299,d
test_2922.jpg,2.9023033e-06,1.1365582e-06,0.99999404,1.994722e-06,c
test_2923.jpg,0.9999796,8.397971e-06,4.49511e-06,7.411184e-06,a
test_2924.jpg,1.3709497e-06,4.222822e-06,1.3709497e-06,0.9999931,d
test_2925.jpg,1.1476893e-05,4.0058287e-05,0.9998252,0.00012338822,c
test_2926.jpg,0.0027987387,0.00029498487,0.9964199,0.00048634785,c
test_2927.jpg,4.0062514e-05,2.144392e-05,0.9999306,7.888777e-06,c
test_2928.jpg,0.010136386,0.4310101,0.0054256166,0.55342793,d
test_2929.jpg,3.2886246e-06,0.9999589,1.8924728e-05,1.8924728e-05,b
test_2930.jpg,0.99704295,0.0008023534,0.0019247457,0.00022987809,a
test_2931.jpg,2.7533566e-05,0.9998952,5.8288555e-05,1.8923523e-05,b
test_2932.jpg,1.8737297e-06,0.99992037,2.9020896e-06,7.484588e-05,b
test_2933.jpg,0.99985075,6.9612656e-06,0.00013982077,2.405749e-06,a
test_2934.jpg,6.083531e-07,0.9999896,2.9022906e-06,6.9622324e-06,b
test_2935.jpg,6.1438896e-06,0.9999474,1.8924511e-05,2.7535003e-05,b
test_2936.jpg,1.8924848e-05,8.939465e-06,0.9999652,6.9620623e-06,c
test_2937.jpg,0.18123831,0.55825335,0.027793795,0.2327146,b
test_2938.jpg,0.00017931245,0.0011692641,0.9986203,3.1159834e-05,c
test_2939.jpg,0.000108778324,0.00070932374,0.9988022,0.00037967364,c
test_2940.jpg,0.000101941165,0.99639183,0.0027986597,0.00070761197,b
test_2941.jpg,0.00010886136,0.00023045948,9.606981e-05,0.9995646,d
test_2942.jpg,0.8798967,0.0008541098,0.0001681842,0.11908107,a
test_2943.jpg,0.0013152565,0.99131435,0.0021684912,0.0052019404,b
test_2944.jpg,0.99998283,1.0129919e-05,3.2887035e-06,3.7265893e-06,a
test_2945.jpg,0.9994844,0.000108852626,0.00020336347,0.00020336347,a
test_2946.jpg,0.00043876874,0.00059972575,0.9569175,0.04204402,c
test_2947.jpg,1.0129808e-05,1.0129808e-05,0.99997187,7.889103e-06,c
test_2948.jpg,1.4738473e-05,3.288598e-06,0.99995077,3.120135e-05,c
test_2949.jpg,3.2885996e-06,0.99995124,5.421984e-06,4.006334e-05,b
test_2950.jpg,0.0009108957,9.60077e-05,0.9989184,7.477088e-05,c
test_2951.jpg,0.0058243684,0.013971933,0.97950816,0.0006956216,c
test_2952.jpg,0.0019262454,0.00015811584,9.5902105e-05,0.9978198,d
test_2953.jpg,0.9999727,8.939533e-06,1.1478586e-05,6.9621146e-06,a
test_2954.jpg,0.004897984,0.059669662,0.93339056,0.0020417836,c
test_2955.jpg,0.5614033,0.4372213,0.0010837632,0.0002916909,a
test_2956.jpg,1.5534825e-06,2.9022874e-06,0.99998856,6.962225e-06,c
test_2957.jpg,0.97075313,0.0030896945,0.025869695,0.00028738636,a
test_2958.jpg,0.9994411,0.00013976348,0.0002958793,0.00012334083,a
test_2959.jpg,0.72164905,0.26547986,0.0037868666,0.009084221,a
test_2960.jpg,0.9985061,9.596808e-05,0.00091051974,0.00048736614,a
test_2961.jpg,0.006868709,0.0004391018,0.2920649,0.7006273,d
test_2962.jpg,8.315217e-07,0.99999154,2.2603103e-06,5.4222023e-06,b
test_2963.jpg,1.6701242e-05,7.889108e-06,2.902241e-06,0.9999726,d
test_2964.jpg,6.961975e-06,0.9999527,1.8924611e-05,2.1444393e-05,b
test_2965.jpg,0.37476647,0.6178855,0.003674081,0.003674081,b
test_2966.jpg,0.0015009003,0.00013960549,4.8246366e-05,0.9983113,d
test_2967.jpg,2.14391e-05,0.99970585,1.1475524e-05,0.0002611817,b
test_2968.jpg,0.015723275,0.97276455,0.008416062,0.0030960965,b
test_2969.jpg,0.96043736,0.0372402,0.00022143831,0.0021009482,a
test_2970.jpg,2.753413e-05,4.0061917e-05,1.6700293e-05,0.9999157,d
test_2971.jpg,0.99959296,0.00013978471,0.00010886444,0.00015839681,a
test_2972.jpg,2.1440268e-05,1.4735666e-05,0.00020341961,0.9997603,d
test_2973.jpg,0.00020234045,0.9944565,0.00012272569,0.005218429,b
test_2974.jpg,2.561278e-06,8.3152526e-07,8.3152526e-07,0.9999958,d
test_2975.jpg,0.999941,1.6700715e-05,6.961894e-06,3.5355417e-05,a
test_2976.jpg,1.3005746e-05,0.9998807,8.480811e-05,2.144285e-05,b
test_2977.jpg,0.000709536,0.99910116,0.00012329887,6.599713e-05,b
test_2978.jpg,0.012288036,0.9761596,0.008445435,0.0031069021,b
test_2979.jpg,0.00042994964,0.00037942923,0.9981592,0.0010313955,c
test_2980.jpg,0.99997437,6.144055e-06,4.784995e-06,1.4738821e-05,a
test_2981.jpg,0.0002301118,0.9980566,0.0008031691,0.00091010984,b
test_2982.jpg,0.037193336,0.00011837823,0.95922875,0.0034595192,c
test_2983.jpg,1.9947045e-06,3.7265986e-06,8.939645e-06,0.99998534,d
test_2984.jpg,0.009949069,0.37333605,0.07351422,0.54320073,d
test_2985.jpg,0.9998536,8.480582e-05,5.143733e-05,1.01286105e-05,a
test_2986.jpg,0.6463069,0.34594315,0.00633617,0.0014137905,a
test_2987.jpg,0.0007052121,0.00037747287,0.0059046685,0.9930126,d
test_2988.jpg,6.962182e-06,3.7265875e-06,0.99998236,6.962182e-06,c
test_2989.jpg,3.2886512e-06,0.999967,1.670115e-05,1.3006868e-05,b
test_2990.jpg,2.56127e-06,4.2228203e-06,5.3687137e-07,0.9999927,d
test_2991.jpg,8.939554e-06,6.962132e-06,8.939554e-06,0.9999752,d
test_2992.jpg,0.99800783,0.001500444,0.0004298844,6.193072e-05,a
test_2993.jpg,0.99928004,0.00062627543,7.479794e-05,1.891188e-05,a
test_2994.jpg,3.7266202e-06,9.422372e-07,0.9999912,4.222814e-06,c
test_2995.jpg,0.0031695731,0.00017881507,0.9958502,0.00080139353,c
test_2996.jpg,0.99998164,7.88918e-06,7.88918e-06,2.5612417e-06,a
test_2997.jpg,0.0008039405,0.9990152,9.601701e-05,8.4734704e-05,b
test_2998.jpg,7.338189e-07,0.9999964,8.3152577e-07,1.9947267e-06,b
test_2999.jpg,4.536819e-05,2.7517199e-05,0.99930084,0.00062628847,c
test_3000.jpg,0.007560151,0.0021660198,8.940231e-05,0.9901844,d
test_3001.jpg,0.99954104,0.00017947778,0.00013977745,0.00013977745,a
test_3002.jpg,0.49576783,0.49576783,0.0013925099,0.0070717484,a
test_3003.jpg,0.0038239702,0.00066450634,0.93569463,0.059816953,c
test_3004.jpg,9.6095995e-05,4.5392535e-05,2.1441914e-05,0.99983704,d
test_3005.jpg,2.1439611e-05,4.538766e-05,0.9997297,0.00020341338,c
test_3006.jpg,4.7378632e-07,0.9999906,1.067694e-06,7.88925e-06,b
test_3007.jpg,0.9999559,2.429976e-05,1.6700964e-05,3.0893677e-06,a
test_3008.jpg,1.2098623e-06,2.2603203e-06,5.7149845e-07,0.99999595,d
test_3009.jpg,1.30065055e-05,3.1200987e-05,1.6700684e-05,0.9999391,d
test_3010.jpg,0.00026106267,0.000379844,0.000108827124,0.99925023,d
test_3011.jpg,9.422379e-07,0.9999919,1.760332e-06,5.422204e-06,b
test_3012.jpg,0.015778484,0.97618026,0.004520612,0.003520656,b
test_3013.jpg,6.9622265e-06,2.902288e-06,1.3709438e-06,0.9999888,d
test_3014.jpg,0.006571203,0.0007848184,0.13198616,0.8606578,d
test_3015.jpg,0.0009299513,0.0053515006,0.37516916,0.61854935,d
test_3016.jpg,2.5612756e-06,1.7603373e-06,8.3152446e-07,0.9999949,d
test_3017.jpg,0.09938863,0.0531989,0.8321708,0.01524174,c
test_3018.jpg,3.7266238e-06,1.2098576e-06,2.9022979e-06,0.99999213,d
test_3019.jpg,6.600491e-05,0.0003352006,0.99921894,0.00037983208,c
test_3020.jpg,3.535558e-05,1.4738397e-05,4.2226216e-06,0.99994564,d
test_3021.jpg,1.2751889e-07,0.9999987,2.699575e-07,9.4224424e-07,b
test_3022.jpg,0.0027568622,0.67458194,0.0040112105,0.31864995,b
test_3023.jpg,0.9999621,1.473864e-05,1.3006805e-05,1.0129709e-05,a
test_3024.jpg,6.597191e-05,0.00116938,4.534179e-05,0.99871933,d
test_3025.jpg,0.09220302,0.6012392,0.055923957,0.25063378,b
test_3026.jpg,1.1478261e-05,2.7534918e-05,1.6700771e-05,0.9999443,d
test_3027.jpg,8.93936e-06,1.0129621e-05,2.7535167e-05,0.9999534,d
test_3028.jpg,7.33817e-07,0.9999938,1.7603354e-06,3.72663e-06,b
test_3029.jpg,3.4663177e-07,0.99999714,4.4508394e-07,1.994728e-06,b
test_3030.jpg,0.0004878148,5.14153e-05,3.5337183e-05,0.9994254,d
test_3031.jpg,0.9996804,3.1192914e-05,0.00010887397,0.00017950281,a
test_3032.jpg,4.5394772e-05,5.143902e-05,1.6699803e-05,0.9998864,d
test_3033.jpg,0.0003988245,0.1823205,0.8171038,0.00017697728,c
test_3034.jpg,3.4663196e-07,6.8936e-07,0.99999774,1.2098644e-06,c
test_3035.jpg,0.9996983,3.119347e-05,4.0053204e-05,0.00023049029,a
test_3036.jpg,0.00026117818,0.99969244,1.8919685e-05,2.7527982e-05,b
test_3037.jpg,9.422409e-07,0.9999951,2.2603183e-06,1.6536843e-06,b
test_3038.jpg,1.9947186e-06,2.2380122e-07,0.9999924,5.422207e-06,c
test_3039.jpg,0.0021821964,0.00020297588,3.5271918e-05,0.9975795,d
test_3040.jpg,6.144118e-06,1.2878771e-06,0.9999846,7.8892035e-06,c
test_3041.jpg,7.338181e-07,0.99999535,5.714981e-07,3.2887447e-06,b
test_3042.jpg,2.5611857e-06,2.7535345e-05,1.0129686e-05,0.9999598,d
test_3043.jpg,0.00020339988,0.99966335,2.4292649e-05,0.00010887211,b
test_3044.jpg,0.020265723,0.037861355,0.86172044,0.08015248,c
test_3045.jpg,5.422084e-06,0.9999697,1.01297865e-05,1.4738752e-05,b
test_3046.jpg,0.9982944,0.0015008749,0.00010872302,9.5947726e-05,a
test_3047.jpg,5.0434613e-07,1.3709549e-06,0.9999969,1.2098634e-06,c
test_3048.jpg,4.0046223e-05,5.419667e-06,0.999524,0.0004305375,c
test_3049.jpg,0.999912,3.120014e-05,4.006177e-05,1.670023e-05,a
test_3050.jpg,6.893597e-07,1.0030125e-06,0.9999974,8.851554e-07,c
test_3051.jpg,0.90253663,0.039654694,0.006890952,0.050917637,a
test_3052.jpg,1.2098592e-06,4.7850863e-06,6.0835544e-07,0.99999344,d
test_3053.jpg,0.0039068838,0.03706748,0.0030426844,0.955983,d
test_3054.jpg,0.9997255,0.00015841782,8.479495e-05,3.1194322e-05,a
test_3055.jpg,0.9991891,0.00043039324,0.00029580467,8.474945e-05,a
test_3056.jpg,0.014039762,0.98426336,0.0011524538,0.0005443807,b
test_3057.jpg,7.463398e-05,0.0028006195,0.99708956,3.5254594e-05,c
test_3058.jpg,0.9999778,1.3007009e-05,3.7265706e-06,5.422128e-06,a
test_3059.jpg,2.7534885e-05,7.888876e-06,0.99994314,2.144419e-05,c
test_3060.jpg,0.0008747112,0.95923734,0.037193667,0.0026943004,b
test_3061.jpg,5.828899e-05,1.1477783e-05,2.7533773e-05,0.9999027,d
test_3062.jpg,0.99969566,0.00020340644,5.827692e-05,4.2636304e-05,a
test_3063.jpg,0.7872468,0.01272466,0.0009812205,0.19904718,a
test_3064.jpg,0.9817578,0.017981522,0.00019975666,6.0922335e-05,a
test_3065.jpg,5.714988e-07,0.99999654,8.315258e-07,1.994727e-06,b
test_3066.jpg,0.0002946263,0.00090751285,0.003589283,0.9952087,d
test_3067.jpg,0.8763189,0.0010260639,0.11859686,0.0040581618,a
test_3068.jpg,0.9970036,0.002471325,0.00022986901,0.0002951577,a
test_3069.jpg,2.4297182e-05,0.00012339126,2.560904e-06,0.9998498,d
test_3070.jpg,3.059004e-07,0.9999937,1.2098595e-06,4.7850876e-06,b
test_3071.jpg,0.002471335,0.00026047675,0.00026047675,0.99700767,d
test_3072.jpg,0.9980374,0.00037938292,0.0010312697,0.00055199885,a
test_3073.jpg,0.99963534,0.00017949473,0.00013979065,4.5383375e-05,a
test_3074.jpg,0.0050749066,0.96710604,0.0050749066,0.022744155,b
test_3075.jpg,0.00017872073,0.99532485,0.0040676654,0.00042872876,b
test_3076.jpg,0.00033449507,0.000624919,0.99711573,0.0019248863,c
test_3077.jpg,0.009936388,0.0013447437,0.094273806,0.894445,d
test_3078.jpg,2.5612674e-06,0.99999166,3.726622e-06,1.9947172e-06,b
test_3079.jpg,1.3709433e-06,1.2098532e-06,0.99998844,8.939673e-06,c
test_3080.jpg,7.3381824e-07,0.99999547,1.5534932e-06,2.2603192e-06,b
test_3081.jpg,0.98680425,0.012422033,0.00029213823,0.0004816545,a
test_3082.jpg,0.43410552,0.00054106687,0.5574025,0.00795092,c
test_3083.jpg,5.1407897e-05,0.99928147,0.00048774455,0.00017943118,b
test_3084.jpg,6.083575e-07,0.9999968,8.3152605e-07,1.7603406e-06,b
test_3085.jpg,1.2878843e-06,0.9999902,2.2603074e-06,6.1441524e-06,b
test_3086.jpg,0.00033113387,0.012425708,0.00014693977,0.9870962,d
test_3087.jpg,0.00012337009,4.00524e-05,0.99967825,0.00015841033,c
test_3088.jpg,6.603689e-05,2.7528273e-05,0.999703,0.00020340795,c
test_3089.jpg,0.99619883,0.0027981177,0.00037868405,0.0006243444,a
test_3090.jpg,0.00062627683,7.479811e-05,1.6689713e-05,0.9992823,d
test_3091.jpg,0.00070936274,0.00023029637,0.99885714,0.00020323583,c
test_3092.jpg,8.939526e-06,8.939526e-06,1.0129809e-05,0.999972,d
test_3093.jpg,6.4759183e-07,9.4224055e-07,0.99999475,3.7266336e-06,c
test_3094.jpg,0.0001397741,0.00033530063,7.885515e-06,0.9995171,d
test_3095.jpg,0.98611915,0.00015626174,0.002769806,0.010954795,a
test_3096.jpg,1.653665e-06,0.99998343,4.7850385e-06,1.0129925e-05,b
test_3097.jpg,0.99999726,1.7603415e-06,3.4663182e-07,6.0835777e-07,a
test_3098.jpg,1.4593384e-06,0.9999726,6.9621137e-06,1.8924988e-05,b
test_3099.jpg,3.5354868e-05,3.120056e-05,0.9999255,7.888737e-06,c
test_3100.jpg,4.785073e-06,3.2887294e-06,0.9999907,1.287885e-06,c
test_3101.jpg,2.9023013e-06,2.2603144e-06,1.5534899e-06,0.9999933,d
test_3102.jpg,0.0005258238,0.9507117,0.0014293373,0.04733315,b
test_3103.jpg,4.006285e-05,1.6700682e-05,4.2225934e-06,0.99993896,d
test_3104.jpg,0.99992645,3.120059e-05,1.4738114e-05,2.7534426e-05,a
test_3105.jpg,0.99430096,0.00029435757,0.00080014684,0.0046045273,a
test_3106.jpg,0.9999765,1.6701308e-05,4.7850053e-06,1.994687e-06,a
test_3107.jpg,0.016921839,0.9239011,0.045998324,0.013178741,b
test_3108.jpg,2.4298357e-05,1.1477731e-05,0.9998982,6.604978e-05,c
test_3109.jpg,0.9867748,0.00025780333,0.012421662,0.0005457697,a
test_3110.jpg,1.3006803e-05,2.4299907e-05,6.893353e-07,0.999962,d
test_3111.jpg,0.9999839,3.7265931e-06,6.1441137e-06,6.1441137e-06,a
test_3112.jpg,0.0036826802,0.0019711968,0.7017946,0.29255152,c
test_3113.jpg,0.99988925,3.5353587e-05,4.0060855e-05,3.5353587e-05,a
test_3114.jpg,0.0046336516,0.082133435,0.88301766,0.030215204,c
test_3115.jpg,7.8892135e-06,4.7850504e-06,1.3709398e-06,0.99998593,d
test_3116.jpg,1.136553e-06,0.9999894,6.1441474e-06,3.288725e-06,b
test_3117.jpg,0.19574344,0.0066979723,0.023378221,0.77418035,d
test_3118.jpg,0.9979298,0.00048708482,0.0010311585,0.00055193936,a
test_3119.jpg,1.370948e-06,0.9999919,1.9947176e-06,4.785079e-06,b
test_3120.jpg,0.99602216,0.0027976213,0.0008015319,0.00037861688,a
test_3121.jpg,0.9915147,0.0006214087,0.0075703077,0.0002935327,a
test_3122.jpg,0.9999256,3.535487e-05,2.7534403e-05,1.1478046e-05,a
test_3123.jpg,0.00054662296,0.98831755,0.0001566101,0.010979217,b
test_3124.jpg,5.1428022e-05,0.00023048438,0.99967265,4.538507e-05,c
test_3125.jpg,0.83052754,0.0007573431,0.12736553,0.04134953,a
test_3126.jpg,1.9947256e-06,4.7378884e-07,0.99999595,1.553494e-06,c
test_3127.jpg,0.041585308,0.009278937,0.00265846,0.94647723,d
test_3128.jpg,6.8935856e-07,0.9999957,1.3709532e-06,2.2603197e-06,b
test_3129.jpg,2.7514905e-05,4.5364406e-05,0.9992175,0.0007096187,c
test_3130.jpg,0.9999459,3.1201198e-05,1.1478279e-05,1.1478279e-05,a
test_3131.jpg,2.1444677e-05,8.939472e-06,3.726526e-06,0.9999659,d
test_3132.jpg,3.5354053e-05,1.6700073e-05,0.9999025,4.5395504e-05,c
test_3133.jpg,7.811468e-07,0.99999726,1.0677011e-06,8.8515526e-07,b
test_3134.jpg,0.0006259007,0.00013965734,0.0005523554,0.9986821,d
test_3135.jpg,6.961841e-06,0.99993336,2.4299212e-05,3.5355144e-05,b
test_3136.jpg,0.0046609333,0.0010399948,0.10608236,0.8882167,d
test_3137.jpg,3.9278535e-07,0.9999975,6.893598e-07,1.3709557e-06,b
test_3138.jpg,6.5892826e-05,0.0021820706,0.99752206,0.00022998855,c
test_3139.jpg,0.0021825053,0.9977208,4.5296456e-05,5.132761e-05,b
test_3140.jpg,1.6699358e-05,0.9998597,2.7532587e-05,9.609817e-05,b
test_3141.jpg,0.6217344,0.37710097,0.00077492656,0.0003896575,a
test_3142.jpg,0.006571203,0.13198616,0.8606578,0.0007848184,c
test_3143.jpg,0.99963474,0.00023047565,1.1474707e-05,0.00012336472,a
test_3144.jpg,0.01242799,0.0001380625,0.0001564453,0.98727757,d
test_3145.jpg,3.0590118e-07,0.9999963,1.5534946e-06,1.7603398e-06,b
test_3146.jpg,8.939594e-06,1.01298865e-05,1.3709312e-06,0.9999796,d
test_3147.jpg,0.00012320443,0.0015009373,3.999862e-05,0.9983359,d
test_3148.jpg,1.2098595e-06,0.9999937,2.2603151e-06,2.9023022e-06,b
test_3149.jpg,8.93929e-06,0.9999455,1.0129541e-05,3.5355577e-05,b
test_3150.jpg,4.2227157e-06,8.93949e-06,0.99996793,1.8924899e-05,c
test_3151.jpg,8.4806336e-05,0.9998597,3.119851e-05,2.4297422e-05,b
test_3152.jpg,0.00048735001,0.9984731,0.0005522399,0.00048735001,b
test_3153.jpg,4.2227607e-06,2.5612337e-06,0.99997854,1.4738882e-05,c
test_3154.jpg,3.5355475e-05,1.3006552e-05,8.939263e-06,0.99994266,d
test_3155.jpg,0.9228924,0.07575562,0.00051043736,0.0008415689,a
test_3156.jpg,1.6373751e-07,0.9999988,3.689882e-07,6.893607e-07,b
test_3157.jpg,3.5350902e-05,0.00013981553,0.9998134,1.1476757e-05,c
test_3158.jpg,0.00029439433,0.99442506,0.0016941224,0.0035864569,b
test_3159.jpg,0.9999831,8.939625e-06,4.4951257e-06,3.5008075e-06,a
test_3160.jpg,0.0002608654,7.4739204e-05,0.9984952,0.0011691176,c
test_3161.jpg,0.8675936,0.048946284,0.0027613603,0.08069877,a
test_3162.jpg,3.288689e-06,0.9999784,1.5534667e-06,1.670134e-05,b
test_3163.jpg,0.007356679,0.6622271,0.2760573,0.05435891,b
test_3164.jpg,0.08507362,8.7906374e-05,0.9146276,0.00021087642,c
test_3165.jpg,0.6495689,0.0018245054,0.34768918,0.0009174189,a
test_3166.jpg,0.00033330906,0.0059080445,0.00017840748,0.99358034,d
test_3167.jpg,5.421972e-06,3.53557e-05,0.9999491,1.0129577e-05,c
test_3168.jpg,5.828573e-05,8.480523e-05,1.012854e-05,0.9998467,d
test_3169.jpg,0.99992645,2.7534426e-05,3.120059e-05,1.4738114e-05,a
test_3170.jpg,1.5534877e-06,0.9999919,1.760332e-06,4.785079e-06,b
test_3171.jpg,8.480609e-05,1.3005436e-05,4.5393434e-05,0.9998568,d
test_3172.jpg,0.99615437,0.002797993,0.0009083752,0.00013930385,a
test_3173.jpg,0.96131736,0.03727432,0.0005316896,0.00087660796,a
test_3174.jpg,0.99978894,8.4800326e-05,5.1434003e-05,7.483604e-05,a
test_3175.jpg,0.7748092,0.22198655,0.0021762797,0.0010280017,a
test_3176.jpg,0.9990994,0.0003351605,0.0003351605,0.0002303522,a
test_3177.jpg,0.0010576913,0.7971864,0.00019565322,0.20156027,b
test_3178.jpg,0.1816927,0.0029367888,0.0010803842,0.81429017,d
test_3179.jpg,2.7525599e-05,3.119059e-05,0.00033533043,0.99960595,d
test_3180.jpg,0.9994923,0.000108853485,1.8915898e-05,0.00037993598,a
test_3181.jpg,0.8869265,0.002491194,0.004654163,0.10592826,a
test_3182.jpg,0.95980364,0.0023791154,0.037215624,0.00060153456,a
test_3183.jpg,0.64941967,0.00265403,0.0003169787,0.3476093,a
test_3184.jpg,0.99999475,1.6536837e-06,1.370952e-06,2.1233718e-06,a
test_3185.jpg,3.7265168e-06,0.9999634,2.1444625e-05,1.147848e-05,b
test_3186.jpg,3.9668735e-06,6.9620796e-06,0.9999677,2.1444715e-05,c
test_3187.jpg,0.99979585,0.00013981308,4.0057115e-05,2.4295869e-05,a
test_3188.jpg,0.997905,0.0008030471,0.0002607112,0.0010311329,a
test_3189.jpg,0.00061690295,0.0010171011,0.014040647,0.9843254,d
test_3190.jpg,6.962187e-06,6.1441083e-06,3.7265902e-06,0.9999831,d
test_3191.jpg,0.00070911477,0.9985079,0.000487367,0.00029560304,b
test_3192.jpg,0.9999963,1.2098627e-06,7.338188e-07,1.7603398e-06,a
test_3193.jpg,0.5248122,0.46314517,0.0024303629,0.009612272,a
test_3194.jpg,0.0024454715,0.0013089664,0.009672027,0.9865736,d
test_3195.jpg,2.1443288e-05,6.604997e-05,0.99990106,1.1477764e-05,c
test_3196.jpg,0.2444146,0.0899151,0.00128257,0.6643877,d
test_3197.jpg,5.8208447e-05,0.99852103,0.0013248181,9.59695e-05,b
test_3198.jpg,0.9642126,0.0021092065,0.03299354,0.00068475906,a
test_3199.jpg,1.6700751e-05,3.120111e-05,0.99994314,8.939268e-06,c
test_3200.jpg,2.4290988e-05,0.00029592484,0.999595,8.4783875e-05,c
test_3201.jpg,5.422133e-06,6.962157e-06,8.939586e-06,0.9999788,d
test_3202.jpg,6.893602e-07,5.3687427e-07,0.9999981,6.083583e-07,c
test_3203.jpg,6.962201e-06,3.7265977e-06,0.9999851,4.2227884e-06,c
test_3204.jpg,3.726631e-06,1.1365582e-06,1.0676977e-06,0.99999404,d
test_3205.jpg,0.99998486,5.7718657e-06,3.9669417e-06,5.422166e-06,a
test_3206.jpg,1.002998e-06,1.4738947e-05,1.287875e-06,0.99998295,d
test_3207.jpg,0.9999428,1.3006554e-05,2.7534876e-05,1.6700746e-05,a
test_3208.jpg,0.00067954214,0.95686656,0.042041782,0.00041216312,b
test_3209.jpg,4.785046e-06,1.3709385e-06,0.999985,8.939642e-06,c
test_3210.jpg,1.6701211e-05,1.1365318e-06,0.9999707,1.14785635e-05,c
test_3211.jpg,0.0052184802,0.00015758445,0.00015758445,0.99446636,d
test_3212.jpg,0.46701005,0.06320293,0.46701005,0.0027769431,a
test_3213.jpg,0.9999391,2.7534774e-05,1.6700684e-05,1.6700684e-05,a
test_3214.jpg,0.00043052016,5.8264566e-05,2.7522236e-05,0.9994837,d
test_3215.jpg,0.9987307,0.0004301958,3.5312623e-05,0.0008037116,a
test_3216.jpg,1.3007018e-05,4.785015e-06,0.99997854,3.7265731e-06,c
test_3217.jpg,0.00042985103,0.0015003275,0.0001395522,0.9979303,d
test_3218.jpg,0.00013981148,2.4295592e-05,5.143377e-05,0.9997844,d
test_3219.jpg,0.006060972,0.083669126,0.6182359,0.29203397,c
test_3220.jpg,0.86574167,0.0010136792,0.13276578,0.00047882818,a
test_3221.jpg,2.9023035e-06,0.99999416,1.1365585e-06,1.7603361e-06,b
test_3222.jpg,0.9990707,0.00020327928,0.00029576963,0.00043034225,a
test_3223.jpg,3.534543e-05,0.00029594367,0.9996586,1.0126634e-05,c
test_3224.jpg,0.9998404,6.604596e-05,2.7532056e-05,6.604596e-05,a
test_3225.jpg,7.33817e-07,0.9999938,2.9023026e-06,2.5612728e-06,b
test_3226.jpg,0.0031697345,0.00055081723,0.9959009,0.0003785708,c
test_3227.jpg,0.21839087,0.015820181,0.762259,0.0035299598,c
test_3228.jpg,3.4663137e-07,0.99999595,8.851541e-07,2.9023088e-06,b
test_3229.jpg,2.1444344e-05,1.6700873e-05,0.9999504,1.1478331e-05,c
test_3230.jpg,0.053186227,0.94274837,0.0026479864,0.0014173648,b
test_3231.jpg,0.0032420983,0.20058152,0.0028611417,0.7933153,d
test_3232.jpg,0.53090876,0.0004272398,0.46852532,0.00013870445,a
test_3233.jpg,1.3004166e-05,0.99975926,2.429498e-05,0.00020341939,b
test_3234.jpg,0.9999721,1.8924979e-05,1.994678e-06,6.9621105e-06,a
test_3235.jpg,0.99957997,0.00020338291,5.8270176e-05,0.00015839476,a
test_3236.jpg,8.939543e-06,1.6701264e-05,5.043345e-07,0.9999739,d
test_3237.jpg,0.99993193,2.7534577e-05,1.3006413e-05,2.7534577e-05,a
test_3238.jpg,0.9969125,8.4556355e-05,0.0028001221,0.00020284017,a
test_3239.jpg,0.0005227666,0.0011066969,0.16424838,0.8341222,d
test_3240.jpg,0.0002957419,0.0007094479,1.7760683e-05,0.99897707,d
test_3241.jpg,0.000108885615,5.828227e-05,0.9997874,4.539028e-05,c
test_3242.jpg,0.347539,0.64928836,0.0020665426,0.0011061406,b
test_3243.jpg,0.9999956,1.4593719e-06,1.1365601e-06,1.7603386e-06,a
test_3244.jpg,3.535512e-05,0.99993265,1.3006422e-05,1.8924231e-05,b
test_3245.jpg,0.9653999,0.03303417,0.0008803308,0.0006856023,a
test_3246.jpg,0.0030741326,0.24420859,0.75221545,0.00050183834,c
test_3247.jpg,7.888881e-06,0.99994373,1.30065655e-05,3.535551e-05,b
test_3248.jpg,0.26692694,0.00037699437,0.7255826,0.007113362,c
test_3249.jpg,0.0005526963,0.000108832355,4.0037183e-05,0.99929833,d
test_3250.jpg,1.8738689e-06,2.406095e-06,1.1365589e-06,0.99999464,d
test_3251.jpg,0.013752898,0.013752898,0.008341555,0.96415263,d
test_3252.jpg,0.9999982,6.0835833e-07,6.0835833e-07,6.0835833e-07,a
test_3253.jpg,8.480622e-05,1.6699336e-05,0.9998584,4.0059622e-05,c
test_3254.jpg,0.00020320051,0.00048745272,0.00062590156,0.9986835,d
test_3255.jpg,5.1422518e-05,0.00020338,0.00017948222,0.99956566,d
test_3256.jpg,3.119696e-05,1.892191e-05,0.99981004,0.00013981506,c
test_3257.jpg,0.9009897,0.09496362,0.003682139,0.00036458112,a
test_3258.jpg,0.9999368,3.5355268e-05,8.9392115e-06,1.8924311e-05,a
test_3259.jpg,0.22865194,0.70429754,0.06550988,0.0015406447,b
test_3260.jpg,8.315222e-07,0.99999213,2.9022979e-06,4.222818e-06,b
test_3261.jpg,0.9999362,2.144404e-05,2.7534696e-05,1.4738259e-05,a
test_3262.jpg,0.9784143,0.003528713,0.008464942,0.009592037,a
test_3263.jpg,0.49350384,0.0013861508,0.011606098,0.49350384,a
test_3264.jpg,0.00020341881,3.1195286e-05,8.937599e-06,0.9997564,d
test_3265.jpg,0.38887814,0.0043200455,0.5658144,0.040987454,c
test_3266.jpg,1.0129797e-05,1.0129797e-05,0.9999708,8.939515e-06,c
test_3267.jpg,0.10605104,0.0013349855,0.8879545,0.0046595572,c
test_3268.jpg,0.9999778,8.939578e-06,7.88915e-06,5.422128e-06,a
test_3269.jpg,8.939497e-06,3.2886571e-06,1.8924915e-05,0.99996877,d
test_3270.jpg,1.873798e-06,0.99995685,3.120154e-05,1.01296555e-05,b
test_3271.jpg,0.999995,9.422408e-07,8.8515327e-07,3.2887435e-06,a
test_3272.jpg,3.5338824e-05,5.09104e-06,0.9994717,0.00048783742,c
test_3273.jpg,0.99977356,0.00017951954,3.5349494e-05,1.1476301e-05,a
test_3274.jpg,5.8236918e-05,0.9990094,0.00037975243,0.00055253645,b
test_3275.jpg,0.04737533,0.95155895,0.00076575094,0.0002998724,b
test_3276.jpg,0.20265774,0.06579333,0.707345,0.024204014,c
test_3277.jpg,0.06214448,0.10245892,0.5896104,0.24578619,c
test_3278.jpg,4.78505e-06,1.5534782e-06,0.9999858,7.889213e-06,c
test_3279.jpg,0.99665064,0.00013937325,0.0021801644,0.0010298367,a
test_3280.jpg,1.3006964e-05,8.939547e-06,0.99997437,3.7265577e-06,c
test_3281.jpg,0.9942967,0.0019194443,0.0024646153,0.0013192134,a
test_3282.jpg,0.99948406,0.00023044091,0.00026112376,2.4288294e-05,a
test_3283.jpg,4.222805e-06,6.4758814e-07,0.99998903,6.144145e-06,c
test_3284.jpg,0.00020268747,4.24856e-05,0.0035927214,0.99616206,d
test_3285.jpg,9.607257e-05,1.4733204e-05,0.9995933,0.00029592434,c
test_3286.jpg,1.742976e-07,0.99999833,4.7378998e-07,1.0677022e-06,b
test_3287.jpg,4.7850513e-06,0.9999862,3.7266016e-06,5.422173e-06,b
test_3288.jpg,0.00013980853,4.5389184e-05,5.1432686e-05,0.9997633,d
test_3289.jpg,0.9998481,2.7532269e-05,6.604647e-05,5.8285812e-05,a
test_3290.jpg,4.5385605e-05,8.936955e-06,0.99968445,0.0002611761,c
test_3291.jpg,0.806912,0.031287372,0.15889038,0.002910179,a
test_3292.jpg,0.12981543,0.0011231235,0.022558536,0.84650284,d
test_3293.jpg,0.9999701,2.4300103e-05,8.851312e-07,4.7849744e-06,a
test_3294.jpg,8.454147e-05,0.0027996292,0.0003788886,0.99673694,d
test_3295.jpg,1.8925019e-05,5.4221086e-06,1.4593408e-06,0.99997425,d
test_3296.jpg,3.5353874e-05,5.828868e-05,8.938859e-06,0.99989736,d
test_3297.jpg,0.0030781042,0.02920424,0.0006061146,0.9671116,d
test_3298.jpg,0.0009059575,0.00037765928,0.99350303,0.0052134255,c
test_3299.jpg,0.9989716,0.00013969782,0.00017937554,0.000709444,a
test_3300.jpg,4.2227052e-06,2.1444666e-05,8.939467e-06,0.9999654,d
test_3301.jpg,1.4593669e-06,0.99999213,2.2603117e-06,4.222818e-06,b
test_3302.jpg,1.5534962e-06,6.4759354e-07,4.181178e-07,0.9999974,d
test_3303.jpg,0.99997604,1.3006986e-05,5.093609e-06,5.771815e-06,a
test_3304.jpg,4.2226216e-06,4.7848575e-06,0.99994564,4.5397464e-05,c
test_3305.jpg,1.9946413e-06,8.939362e-06,0.9999536,3.535586e-05,c
test_3306.jpg,0.99999857,5.0434693e-07,3.9278578e-07,6.0835856e-07,a
test_3307.jpg,2.7531321e-05,0.00013981559,1.892198e-05,0.99981374,d
test_3308.jpg,0.025946992,0.97365373,0.00017482946,0.00022448547,b
test_3309.jpg,5.8288762e-05,2.1443238e-05,0.9998988,2.1443238e-05,c
test_3310.jpg,0.020283002,0.00054052373,0.0018866132,0.9772898,d
test_3311.jpg,0.0138390465,0.97019213,0.015681695,0.0002872203,b
test_3312.jpg,0.0040652864,0.0007064408,0.99474275,0.00048552925,c
test_3313.jpg,0.9999951,2.2603183e-06,6.4759206e-07,1.994724e-06,a
test_3314.jpg,4.005944e-05,3.1198328e-05,7.48409e-05,0.99985385,d
test_3315.jpg,1.1478206e-05,4.006287e-05,0.99993956,8.939236e-06,c
test_3316.jpg,0.0012416495,0.7288301,0.0018065893,0.26812166,b
test_3317.jpg,0.26552966,0.011666557,0.72178435,0.0010194124,c
test_3318.jpg,0.99993396,5.1441464e-05,6.143807e-06,8.397587e-06,a
test_3319.jpg,0.00020341069,4.0053936e-05,4.0053936e-05,0.99971646,d
test_3320.jpg,0.17937596,0.01299395,0.8039072,0.0037228293,c
test_3321.jpg,0.1972565,0.1055838,0.68849283,0.008666846,c
test_3322.jpg,0.00033501966,7.4753e-05,0.9986796,0.00091067795,c
test_3323.jpg,0.7948751,0.2009759,0.0036810024,0.0004679869,a
test_3324.jpg,8.474143e-05,1.6686578e-05,0.9990945,0.0008040043,c
test_3325.jpg,3.288492e-06,3.288492e-06,0.9999186,7.484574e-05,c
test_3326.jpg,5.0434653e-07,0.99999774,1.2098644e-06,5.7149947e-07,b
test_3327.jpg,0.24869746,0.67602974,0.071253,0.0040198197,b
test_3328.jpg,0.1929135,0.5942154,0.15024118,0.06262984,b
test_3329.jpg,0.04729533,0.0006746316,0.94995207,0.0020780119,c
test_3330.jpg,1.5534953e-06,5.368736e-07,0.9999968,1.1365614e-06,c
test_3331.jpg,1.3006811e-05,1.8924798e-05,5.4220454e-06,0.99996257,d
test_3332.jpg,0.92224693,0.0015711583,0.00047917617,0.07570264,a
test_3333.jpg,4.222813e-06,2.9022942e-06,0.99999094,1.9947158e-06,c
test_3334.jpg,7.889195e-06,6.144112e-06,2.2602926e-06,0.99998367,d
test_3335.jpg,4.7378626e-07,0.99999046,2.9022929e-06,6.1441538e-06,b
test_3336.jpg,0.0005294347,0.04205821,0.9572404,0.00017188229,c
test_3337.jpg,0.022277193,0.9472503,0.022277193,0.008195321,b
test_3338.jpg,2.1443831e-05,1.6700473e-05,0.99992645,3.53549e-05,c
test_3339.jpg,0.9974446,0.0003346054,0.0019255211,0.00029528825,a
test_3340.jpg,0.0015270083,0.3736466,0.6160391,0.008787326,c
test_3341.jpg,0.9997687,0.00015842466,5.1432962e-05,2.1440448e-05,a
test_3342.jpg,0.0016950397,0.9949635,0.0011649824,0.0021764738,b
test_3343.jpg,0.00020330897,0.99921656,0.00055265106,2.7514878e-05,b
test_3344.jpg,0.9999913,3.7266207e-06,3.2887312e-06,1.6536779e-06,a
test_3345.jpg,0.02030832,0.0008922854,0.97850966,0.00028968265,c
test_3346.jpg,1.6700458e-05,5.1441035e-05,6.1437554e-06,0.9999256,d
test_3347.jpg,1.760335e-06,2.902302e-06,1.760335e-06,0.99999356,d
test_3348.jpg,5.1441693e-05,7.888838e-06,2.26019e-06,0.99993837,d
test_3349.jpg,8.476305e-05,1.2998836e-05,0.9993494,0.0005527245,c
test_3350.jpg,0.0008037783,0.9988136,0.00017934717,0.00020322698,b
test_3351.jpg,4.539195e-05,6.9610805e-06,0.9998242,0.0001233881,c
test_3352.jpg,0.9999845,4.2227857e-06,2.4060707e-06,8.939638e-06,a
test_3353.jpg,5.4221578e-06,0.9999833,7.889193e-06,3.288705e-06,b
test_3354.jpg,0.9984952,0.0011691176,7.4739204e-05,0.0002608654,a
test_3355.jpg,0.002789836,0.99325037,0.00037756324,0.00358222,b
test_3356.jpg,3.7266047e-06,7.889222e-06,1.3709413e-06,0.999987,d
test_3357.jpg,0.9999807,4.22277e-06,6.1440937e-06,8.9396035e-06,a
test_3358.jpg,0.0016996511,0.00029535507,0.99767035,0.00033468113,c
test_3359.jpg,0.9999684,1.8924908e-05,3.7265354e-06,8.9394935e-06,a
test_3360.jpg,0.0007084938,0.9976336,0.0014998814,0.00015808633,b
test_3361.jpg,1.1477882e-05,1.8923827e-05,0.9999113,5.8289494e-05,c
test_3362.jpg,1.275188e-07,0.999998,8.31527e-07,1.0677019e-06,b
test_3363.jpg,0.9999924,1.9947186e-06,1.4593672e-06,4.222819e-06,a
test_3364.jpg,5.043448e-07,0.9999944,1.4593702e-06,3.7266323e-06,b
test_3365.jpg,3.5354595e-05,0.99991775,1.1477956e-05,3.5354595e-05,b
test_3366.jpg,0.031262156,0.096294224,0.8062616,0.06618199,c
test_3367.jpg,5.4221914e-06,3.726614e-06,1.3709447e-06,0.9999895,d
test_3368.jpg,1.8923894e-05,1.4737944e-05,5.1440482e-05,0.9999149,d
test_3369.jpg,1.8922596e-05,1.1477135e-05,0.00012339083,0.9998462,d
test_3370.jpg,3.2887156e-06,6.962211e-06,3.2887156e-06,0.9999865,d
test_3371.jpg,0.9996841,4.0052637e-05,4.5385586e-05,0.00023048703,a
test_3372.jpg,1.553488e-06,0.99999213,1.553488e-06,4.78508e-06,b
test_3373.jpg,1.3006964e-05,0.99997437,7.889123e-06,4.784995e-06,b
test_3374.jpg,0.9999902,2.9022922e-06,2.4060846e-06,4.4951576e-06,a
test_3375.jpg,4.785084e-06,1.8738657e-06,2.873666e-07,0.99999297,d
test_3376.jpg,0.0016915179,0.00020202299,0.99289626,0.0052102413,c
test_3377.jpg,7.8888015e-06,0.9999337,4.5396922e-05,1.3006435e-05,b
test_3378.jpg,2.1444297e-05,0.99994814,1.8924524e-05,1.1478305e-05,b
test_3379.jpg,9.422402e-07,0.9999944,2.9023042e-06,1.7603364e-06,b
test_3380.jpg,4.006235e-05,1.6700475e-05,0.99992657,1.6700475e-05,c
test_3381.jpg,0.9999782,6.962153e-06,7.889153e-06,6.962153e-06,a
test_3382.jpg,1.9947122e-06,9.4223526e-07,0.99998915,7.889239e-06,c
test_3383.jpg,0.9999157,2.14436e-05,1.1477932e-05,5.1440526e-05,a
test_3384.jpg,0.023559595,0.28701463,0.0009135046,0.6885123,d
test_3385.jpg,4.4948533e-06,2.7534317e-05,4.5396413e-05,0.9999225,d
test_3386.jpg,8.4776744e-05,2.4288945e-05,0.9995109,0.00037994306,c
test_3387.jpg,0.0002304214,0.9993994,0.00013975766,0.0002304214,b
test_3388.jpg,0.9994723,0.00043051524,3.118642e-05,6.602165e-05,a
test_3389.jpg,1.553493e-06,1.7603381e-06,0.99999535,1.3709528e-06,c
test_3390.jpg,0.99989474,2.1443151e-05,7.4843956e-05,8.938835e-06,a
test_3391.jpg,0.9928619,0.00011510525,0.00033306808,0.006689851,a
test_3392.jpg,0.0034045384,0.0056131342,0.9439841,0.0469982,c
test_3393.jpg,7.8114283e-07,0.99999213,2.9022979e-06,4.222818e-06,b
test_3394.jpg,1.0127867e-05,6.1428627e-06,0.99978036,0.00020342368,c
test_3395.jpg,1.5534908e-06,0.9999939,2.2603158e-06,2.2603158e-06,b
test_3396.jpg,1.0129681e-05,2.4299843e-05,6.1439628e-06,0.99995935,d
test_3397.jpg,0.00015841529,0.99970955,6.603732e-05,6.603732e-05,b
test_3398.jpg,0.0002033879,0.9996045,9.607364e-05,9.607364e-05,b
test_3399.jpg,0.00012338103,5.1432868e-05,0.9997669,5.8281075e-05,c
test_3400.jpg,0.004289678,0.06710184,0.9263124,0.002296099,c
test_3401.jpg,2.4298064e-05,0.99988616,3.1199335e-05,5.8288028e-05,b
test_3402.jpg,3.689871e-07,0.9999958,1.5534938e-06,2.2603201e-06,b
test_3403.jpg,0.99286956,0.00042767116,0.005210101,0.0014927189,a
test_3404.jpg,0.77698094,0.22260877,0.00031440158,9.5887066e-05,a
test_3405.jpg,4.222706e-06,2.7535505e-05,2.5612007e-06,0.99996567,d
test_3406.jpg,7.483098e-05,0.00017951017,0.99972135,2.429406e-05,c
test_3407.jpg,2.429574e-05,4.5390418e-05,0.00013981233,0.9997905,d
test_3408.jpg,7.811474e-07,4.450843e-07,0.999998,6.893601e-07,c
test_3409.jpg,0.0014164938,0.0033979916,0.83146113,0.1637244,c
test_3410.jpg,0.00033439446,0.0024708596,0.00037891857,0.99681586,d
test_3411.jpg,0.99839395,0.0013246496,0.00015820682,0.0001232116,a
test_3412.jpg,3.726601e-06,1.37094e-06,0.99998605,8.939652e-06,c
test_3413.jpg,2.9022258e-06,0.99996734,5.4220714e-06,2.4300038e-05,b
test_3414.jpg,0.00061631156,0.015894884,0.0001070989,0.98338175,d
test_3415.jpg,0.0009104362,0.0003795263,0.9984145,0.0002955754,c
test_3416.jpg,0.9997675,0.00013980911,7.88749e-06,8.479851e-05,a
test_3417.jpg,0.99998856,1.994711e-06,1.5534825e-06,7.889234e-06,a
test_3418.jpg,6.144121e-06,3.2887108e-06,0.9999851,5.4221673e-06,c
test_3419.jpg,0.0004561518,0.22197627,0.77477324,0.0027942688,c
test_3420.jpg,6.144134e-06,4.7850567e-06,0.99998724,1.7603238e-06,c
test_3421.jpg,1.8925055e-05,4.2227507e-06,7.811303e-07,0.99997616,d
test_3422.jpg,0.99997926,7.889161e-06,8.939591e-06,3.9669194e-06,a
test_3423.jpg,0.00015797738,0.0028002164,0.99694604,9.581813e-05,c
test_3424.jpg,0.9999937,3.7266295e-06,7.338169e-07,1.8738671e-06,a
test_3425.jpg,7.888172e-06,0.99985397,0.00012339179,1.47370465e-05,b
test_3426.jpg,3.6898757e-07,0.99999714,6.893595e-07,1.7603413e-06,b
test_3427.jpg,0.0008029615,0.001168302,0.9977986,0.00023005232,c
test_3428.jpg,1.8738576e-06,6.962226e-06,2.5612596e-06,0.9999887,d
test_3429.jpg,0.9999466,1.8924495e-05,6.9619327e-06,2.7534981e-05,a
test_3430.jpg,0.99986315,6.539585e-06,8.480663e-05,4.5393717e-05,a
test_3431.jpg,1.9947126e-06,0.9999894,3.288725e-06,5.4221905e-06,b
test_3432.jpg,4.5396922e-05,6.1438054e-06,0.9999337,1.4738222e-05,c
test_3433.jpg,0.99972874,0.00023049732,3.1194424e-05,9.513761e-06,a
test_3434.jpg,1.994714e-06,0.9999901,3.7266163e-06,4.2228094e-06,b
test_3435.jpg,1.2098554e-06,6.9622374e-06,0.99999034,1.5534853e-06,c
test_3436.jpg,8.93952e-06,1.670122e-05,0.9999713,3.0894153e-06,c
test_3437.jpg,0.0045864647,0.9904005,0.0045864647,0.0004266076,b
test_3438.jpg,0.9879824,0.0096858395,0.0013108357,0.0010208798,a
test_3439.jpg,4.784972e-06,0.9999696,1.6701193e-05,8.939504e-06,b
test_3440.jpg,0.9999219,3.535474e-05,3.120045e-05,1.1478004e-05,a
test_3441.jpg,0.0003793939,0.00023011402,0.99806625,0.0013242147,c
test_3442.jpg,0.9479598,0.0034188768,0.04719614,0.0014251999,a
test_3443.jpg,1.2098608e-06,0.99999475,1.2098608e-06,2.9023054e-06,b
test_3444.jpg,4.785062e-06,0.99998844,1.4593616e-06,5.4221855e-06,b
test_3445.jpg,0.99743253,6.588691e-05,2.9237139e-05,0.002472388,a
test_3446.jpg,2.9023022e-06,2.2603151e-06,1.1365579e-06,0.9999937,d
test_3447.jpg,8.939484e-06,0.99996734,8.939484e-06,1.4738717e-05,b
test_3448.jpg,4.5396137e-05,0.99991643,1.6700305e-05,2.1443617e-05,b
test_3449.jpg,0.99994123,1.3006534e-05,2.4299403e-05,2.1444148e-05,a
test_3450.jpg,1.0129821e-05,1.4738803e-05,1.8738286e-06,0.9999732,d
test_3451.jpg,1.2098595e-06,8.8515213e-07,0.9999937,4.2228244e-06,c
test_3452.jpg,0.99984896,1.0128563e-05,7.484053e-05,6.604653e-05,a
test_3453.jpg,0.9998627,2.753267e-05,5.1437797e-05,5.828666e-05,a
test_3454.jpg,2.9022558e-06,0.9999777,7.889149e-06,1.1478644e-05,b
test_3455.jpg,0.99979573,5.8282756e-05,6.1429573e-06,0.00013981307,a
test_3456.jpg,0.00020329257,0.99913603,0.0004303704,0.00023036066,b
test_3457.jpg,1.1478677e-05,0.99998057,3.7265809e-06,4.2227693e-06,b
test_3458.jpg,0.99985754,7.484118e-05,2.753253e-05,4.0059585e-05,a
test_3459.jpg,1.14782715e-05,2.4299501e-05,1.8924471e-05,0.9999453,d
test_3460.jpg,1.6373751e-07,0.9999988,4.181184e-07,6.083587e-07,b
test_3461.jpg,0.012205355,0.017758686,0.00044458,0.9695914,d
test_3462.jpg,1.9947206e-06,0.99999344,1.2098592e-06,3.2887383e-06,b
test_3463.jpg,0.18208192,0.0012268582,0.8160345,0.0006566899,c
test_3464.jpg,0.0011194813,0.042008225,0.0007694075,0.9561028,d
test_3465.jpg,5.4221696e-06,0.99998546,3.726599e-06,5.4221696e-06,b
test_3466.jpg,0.015731346,0.97326386,0.009541544,0.001463243,b
test_3467.jpg,0.99988556,5.1438976e-05,5.1438976e-05,1.1477587e-05,a
test_3468.jpg,0.78745574,0.1991,0.0022118012,0.0112324525,a
test_3469.jpg,5.4221928e-06,1.2098548e-06,0.99998975,3.726615e-06,c
test_3470.jpg,0.99898607,0.0004876004,0.0004303058,9.6014206e-05,a
test_3471.jpg,5.043416e-07,0.99998796,6.1441383e-06,5.4221828e-06,b
test_3472.jpg,1.0129913e-05,5.422152e-06,2.2602892e-06,0.99998224,d
test_3473.jpg,1.0676972e-06,0.99999356,2.902302e-06,2.5612721e-06,b
test_3474.jpg,4.222822e-06,1.7603342e-06,0.9999931,9.4223896e-07,c
test_3475.jpg,0.0010545151,0.9006179,0.083770506,0.0145571325,b
test_3476.jpg,0.0010312303,0.00026073583,0.99799925,0.00070875353,c
test_3477.jpg,0.0002957527,0.00048761375,0.9990134,0.00020326764,c
test_3478.jpg,2.4299918e-05,1.1478469e-05,1.7602803e-06,0.99996245,d
test_3479.jpg,0.9987533,0.00017933635,0.0010320094,3.531342e-05,a
test_3480.jpg,0.9981938,0.0010314313,6.5937194e-05,0.00070889166,a
test_3481.jpg,2.260315e-06,8.85152e-07,0.99999356,3.2887388e-06,c
test_3482.jpg,8.4803774e-05,7.483908e-05,1.078159e-05,0.99982953,d
test_3483.jpg,1.147855e-05,1.0129784e-05,8.9395035e-06,0.9999695,d
test_3484.jpg,1.30069475e-05,0.99997306,6.9621174e-06,6.9621174e-06,b
test_3485.jpg,5.1440482e-05,1.4737944e-05,1.8923894e-05,0.9999149,d
test_3486.jpg,0.0001088925,2.7532335e-05,0.9998505,1.3005353e-05,c
test_3487.jpg,0.0041184924,0.10621731,0.8893466,0.00031758397,c
test_3488.jpg,0.96573114,0.029162554,0.00271254,0.0023938082,a
test_3489.jpg,0.99995947,1.0129683e-05,1.8924738e-05,1.1478434e-05,a
test_3490.jpg,2.902282e-06,0.99998665,4.222795e-06,6.1441306e-06,b
test_3491.jpg,0.99999464,1.553492e-06,1.2098607e-06,2.561275e-06,a
test_3492.jpg,0.00010884855,0.00033527715,0.00010884855,0.99944705,d
test_3493.jpg,5.8275044e-05,0.9996635,0.0002033999,7.482665e-05,b
test_3494.jpg,0.9999528,6.1439223e-06,2.4299683e-05,1.6700913e-05,a
test_3495.jpg,0.99794227,9.5913885e-05,0.0019264818,3.5284746e-05,a
test_3496.jpg,1.4593722e-06,1.2098621e-06,0.9999958,1.5534938e-06,c
test_3497.jpg,8.480224e-05,8.480224e-05,1.8921937e-05,0.9998115,d
test_3498.jpg,0.00013975766,0.0002304214,0.0002304214,0.9993994,d
test_3499.jpg,0.0005513637,0.00037894637,0.99688894,0.0021806858,c
test_3500.jpg,4.7378802e-07,0.99999416,1.2098601e-06,4.2228266e-06,b
test_3501.jpg,0.9999932,1.4593685e-06,1.9947202e-06,3.2887376e-06,a
test_3502.jpg,0.0003799368,0.00010885372,1.6693257e-05,0.99949443,d
test_3503.jpg,0.00029595115,0.99968386,1.0126891e-05,1.0126891e-05,b
test_3504.jpg,0.00010878188,0.9988349,2.4272518e-05,0.0010320938,b
test_3505.jpg,0.022252435,0.0016119609,0.73689944,0.2392362,c
test_3506.jpg,1.9947242e-06,1.0030103e-06,0.99999523,1.7603379e-06,c
test_3507.jpg,6.6049644e-05,3.535383e-05,0.99989617,2.4058581e-06,c
test_3508.jpg,0.99977094,8.4798805e-05,3.5349403e-05,0.000108883825,a
test_3509.jpg,0.99963284,0.0002611626,7.4824355e-05,3.119143e-05,a
test_3510.jpg,0.8076543,0.075123556,0.10930412,0.007917965,a
test_3511.jpg,0.00070543226,0.0059065116,6.5615415e-05,0.99332255,d
test_3512.jpg,0.054921765,0.16917096,0.31605294,0.4598543,d
test_3513.jpg,0.00012241895,0.991971,0.0003327692,0.007573792,b
test_3514.jpg,0.007573456,0.991927,0.00012241352,0.0003770602,b
test_3515.jpg,2.9022542e-06,3.2886846e-06,0.9999771,1.6701319e-05,c
test_3516.jpg,8.8515094e-07,0.9999924,1.9947186e-06,4.7850813e-06,b
test_3517.jpg,1.0129743e-05,1.1478503e-05,0.9999654,1.3006848e-05,c
test_3518.jpg,1.3006831e-05,6.143992e-06,0.9999641,1.6701102e-05,c
test_3519.jpg,0.99996245,3.089388e-06,1.3006809e-05,2.1444603e-05,a
test_3520.jpg,0.99997914,1.1478661e-05,3.966919e-06,5.422135e-06,a
test_3521.jpg,0.2215679,0.0040581576,0.7733479,0.0010260629,c
test_3522.jpg,0.9991991,0.00012331097,0.0006262247,5.140366e-05,a
test_3523.jpg,3.72656e-06,0.99997497,2.4060478e-06,1.8925033e-05,b
test_3524.jpg,0.9988158,0.0009108021,0.00020322742,7.023352e-05,a
test_3525.jpg,1.3006622e-05,2.753502e-05,0.999948,1.1478303e-05,c
test_3526.jpg,1.1478468e-05,2.4299916e-05,1.8738083e-06,0.99996233,d
test_3527.jpg,0.001028258,0.0002599843,0.003588973,0.99512273,d
test_3528.jpg,0.0014884793,0.9900496,0.0075591216,0.0009028084,b
test_3529.jpg,0.00017952072,2.1440694e-05,1.8921344e-05,0.9997801,d
test_3530.jpg,0.99997044,5.0935805e-06,1.1478561e-05,1.3006913e-05,a
test_3531.jpg,3.7266234e-06,3.2887335e-06,0.999992,1.0030071e-06,c
test_3532.jpg,1.2098634e-06,0.9999969,1.0677007e-06,8.3152617e-07,b
test_3533.jpg,0.99856585,0.0008035789,0.0003349815,0.00029562018,a
test_3534.jpg,0.00017949729,7.482561e-05,0.99964964,9.607798e-05,c
test_3535.jpg,0.0031699971,0.00013927996,0.9959835,0.0007073219,c
test_3536.jpg,0.9943552,0.0035862047,0.0019195571,0.00013905225,a
test_3537.jpg,0.9227743,0.010251097,0.058990985,0.007983562,a
test_3538.jpg,0.001931546,0.028383862,0.73202944,0.23765516,c
test_3539.jpg,7.3381847e-07,0.9999958,1.3709534e-06,1.9947254e-06,b
test_3540.jpg,7.3381943e-07,0.99999714,6.893595e-07,1.3709551e-06,b
test_3541.jpg,0.00037870262,0.9962477,0.003170838,0.0002027049,b
test_3542.jpg,3.1087162e-05,0.9962913,8.450366e-05,0.0035931873,b
test_3543.jpg,5.1440133e-05,1.8923767e-05,0.9999081,2.1443439e-05,c
test_3544.jpg,0.000804049,3.1176365e-05,0.99915004,1.4726671e-05,c
test_3545.jpg,5.422174e-06,6.962209e-06,1.3709404e-06,0.9999863,d
test_3546.jpg,0.00023044029,0.9994814,0.00020336284,8.477424e-05,b
test_3547.jpg,0.9843634,0.00048046312,0.0027648744,0.012391306,a
test_3548.jpg,0.9939765,0.0013187885,0.00010169405,0.0046030246,a
test_3549.jpg,0.06650997,0.00050780986,0.014840379,0.9181418,d
test_3550.jpg,0.99902236,0.00037975734,4.5355548e-05,0.0005525437,a
test_3551.jpg,0.98072296,0.0008943036,0.0074879117,0.010894849,a
test_3552.jpg,3.7266211e-06,1.1365553e-06,0.9999914,3.7266211e-06,c
test_3553.jpg,0.9594043,0.0199118,0.0007720643,0.0199118,a
test_3554.jpg,1.01295955e-05,0.9999509,1.1478336e-05,2.75351e-05,b
test_3555.jpg,6.962203e-06,4.7850476e-06,2.902278e-06,0.99998534,d
test_3556.jpg,0.9999573,3.535599e-05,2.5611794e-06,4.7849135e-06,a
test_3557.jpg,0.00012337933,2.7529652e-05,9.608792e-05,0.99975306,d
test_3558.jpg,0.16405645,0.03230463,0.73524994,0.068388894,c
test_3559.jpg,3.2562997e-07,0.9999958,5.368731e-07,3.2887463e-06,b
test_3560.jpg,0.14396042,0.828435,0.008121692,0.019482926,b
test_3561.jpg,1.300668e-05,2.4299678e-05,0.99995255,1.0129613e-05,c
test_3562.jpg,9.610181e-05,3.7262716e-06,2.5610266e-06,0.9998976,d
test_3563.jpg,8.315185e-07,0.9999877,2.5612574e-06,8.939666e-06,b
test_3564.jpg,0.00033514958,4.5357567e-05,0.00055256824,0.9990669,d
test_3565.jpg,0.035163604,0.15759233,0.0069241244,0.80031997,d
test_3566.jpg,3.1166357e-05,0.9988293,0.00043023826,0.000709343,b
test_3567.jpg,3.7266288e-06,2.2603147e-06,6.0835544e-07,0.99999344,d
test_3568.jpg,0.9999521,3.120139e-05,3.7264747e-06,1.3006675e-05,a
test_3569.jpg,1.0030103e-06,0.99999523,1.5534929e-06,2.2603188e-06,b
test_3570.jpg,1.5534831e-06,5.422188e-06,4.2228044e-06,0.9999889,d
test_3571.jpg,2.1438487e-05,0.9996773,4.0052364e-05,0.00026117422,b
test_3572.jpg,0.0021805274,0.9968166,0.0007079136,0.0002951023,b
test_3573.jpg,3.7266243e-06,2.7264566e-06,1.2878869e-06,0.99999225,d
test_3574.jpg,0.0036772527,0.012834872,0.08369388,0.89979404,d
test_3575.jpg,0.00043031733,0.9990128,0.0002957525,0.00026100065,b
test_3576.jpg,0.08446354,0.006933189,0.00053463015,0.9080686,d
test_3577.jpg,0.00035707303,0.9393471,0.060050447,0.00024541243,b
test_3578.jpg,0.99927324,0.00026106866,0.0004304295,3.5331806e-05,a
test_3579.jpg,0.99936646,6.6014654e-05,0.00055273395,1.4729861e-05,a
test_3580.jpg,0.00029462806,0.002795353,0.9952146,0.0016954674,c
test_3581.jpg,9.6099255e-05,5.421549e-06,0.999871,2.75329e-05,c
test_3582.jpg,2.4288109e-05,0.00048783974,1.147289e-05,0.9994765,d
test_3583.jpg,1.9947186e-06,3.288735e-06,2.2603122e-06,0.9999924,d
test_3584.jpg,0.9227586,0.0006553195,0.07574464,0.0008414469,a
test_3585.jpg,8.4775405e-05,0.999495,0.00033529324,8.4775405e-05,b
test_3586.jpg,0.0021817177,0.00033457723,0.00012308409,0.99736065,d
test_3587.jpg,3.500512e-06,0.9998987,1.300598e-05,8.480964e-05,b
test_3588.jpg,0.00020342093,2.4295166e-05,0.9997669,5.420984e-06,c
test_3589.jpg,0.0013887101,0.18188511,0.0015736145,0.8151525,d
test_3590.jpg,0.99082255,0.00022844391,0.00037664035,0.008572294,a
test_3591.jpg,4.005508e-05,0.9997451,3.5348487e-05,0.00017951442,b
test_3592.jpg,1.9947195e-06,2.9023e-06,0.99999285,2.2603133e-06,c
test_3593.jpg,5.142739e-05,0.9996604,8.4789426e-05,0.00020339926,b
test_3594.jpg,2.9022797e-06,0.99998593,4.2227916e-06,6.962207e-06,b
test_3595.jpg,1.0676954e-06,0.9999919,2.9022972e-06,4.222817e-06,b
test_3596.jpg,5.4219245e-06,0.9999403,8.939242e-06,4.539722e-05,b
test_3597.jpg,3.288701e-06,1.5534725e-06,0.9999821,1.3007065e-05,c
test_3598.jpg,3.1200078e-05,3.1200078e-05,0.99991,2.7533973e-05,c
test_3599.jpg,0.0011669913,0.00022979421,0.0019240434,0.9966792,d
test_3600.jpg,5.422176e-06,0.99998665,3.7266034e-06,4.222795e-06,b
test_3601.jpg,2.753175e-05,8.480375e-05,0.9998293,5.8284713e-05,c
test_3602.jpg,0.00080384634,0.00013968756,0.00015828673,0.99889815,d
test_3603.jpg,0.9998907,6.604929e-05,2.4298175e-05,1.8923438e-05,a
test_3604.jpg,6.144139e-06,4.2228007e-06,1.5534818e-06,0.9999881,d
test_3605.jpg,5.42217e-06,4.2227903e-06,4.7850485e-06,0.9999856,d
test_3606.jpg,0.047397364,0.00028183503,0.00031936093,0.9520015,d
test_3607.jpg,1.7603331e-06,0.9999925,1.5534886e-06,4.2228194e-06,b
test_3608.jpg,2.5612542e-06,1.994707e-06,0.9999865,8.939656e-06,c
test_3609.jpg,7.88911e-06,0.9999728,7.88911e-06,1.1478588e-05,b
test_3610.jpg,0.99996674,1.4738708e-05,1.6701146e-05,1.8738166e-06,a
test_3611.jpg,4.7850035e-06,0.99997616,1.0129851e-05,8.9395635e-06,b
test_3612.jpg,1.3709493e-06,4.222821e-06,1.5534891e-06,0.99999285,d
test_3613.jpg,0.0027724735,0.009676884,0.00048178367,0.9870689,d
test_3614.jpg,0.0016881843,0.9909395,0.0045889607,0.0027833453,b
test_3615.jpg,2.7534763e-05,2.7534763e-05,6.143836e-06,0.9999387,d
test_3616.jpg,0.025050694,0.18510097,0.34581414,0.44403416,d
test_3617.jpg,7.8114317e-07,0.9999926,1.873865e-06,4.785082e-06,b
test_3618.jpg,0.99906653,0.00048763966,0.00037977414,6.599484e-05,a
test_3619.jpg,0.99999094,4.222813e-06,2.9022942e-06,1.9947158e-06,a
test_3620.jpg,3.726595e-06,1.1478721e-05,4.1811236e-07,0.9999844,d
test_3621.jpg,0.00016560269,0.866391,0.0005780102,0.13286537,b
test_3622.jpg,6.4759433e-07,2.6995744e-07,0.99999857,5.715e-07,c
test_3623.jpg,0.22219907,0.77555096,0.0014971655,0.0007528221,b
test_3624.jpg,0.52718604,0.21976382,0.0040251147,0.24902505,a
test_3625.jpg,0.00012330143,4.5360062e-05,0.99912184,0.00070955075,c
test_3626.jpg,0.00013897865,0.99382883,0.005909522,0.00012264821,b
test_3627.jpg,0.0019200045,0.0024653347,0.99458694,0.0010277043,c
test_3628.jpg,4.0062256e-05,2.4298988e-05,0.9999242,1.147803e-05,c
test_3629.jpg,8.939622e-06,0.9999827,4.222778e-06,4.222778e-06,b
test_3630.jpg,0.9896192,0.00079637923,0.0010225711,0.008561884,a
test_3631.jpg,0.001922387,0.9958211,0.001922387,0.00033406078,b
test_3632.jpg,0.9999707,1.0129796e-05,6.1440323e-06,1.3006917e-05,a
test_3633.jpg,0.000709631,3.1179014e-05,2.4282239e-05,0.9992349,d
test_3634.jpg,0.99995375,2.4299707e-05,8.9393625e-06,1.30066965e-05,a
test_3635.jpg,0.0007078182,0.00013937768,0.0024705285,0.9966822,d
test_3636.jpg,1.994684e-06,6.144059e-06,0.9999751,1.6701284e-05,c
test_3637.jpg,0.44251332,0.0038284904,0.3446297,0.2090285,a
test_3638.jpg,6.083554e-07,0.9999933,1.2878883e-06,4.785086e-06,b
test_3639.jpg,0.02296056,0.00047653125,0.00025506876,0.97630787,d
test_3640.jpg,0.0019212221,0.0027953617,0.9952177,6.57406e-05,c
test_3641.jpg,0.99957854,5.142318e-05,0.00026114844,0.00010886287,a
test_3642.jpg,3.2886799e-06,4.2227484e-06,0.9999757,1.6701295e-05,c
test_3643.jpg,0.9225159,0.07572472,0.0015716165,0.00018770281,a
test_3644.jpg,0.99958843,0.0003799725,1.0125924e-05,2.1436583e-05,a
test_3645.jpg,0.99987864,7.4842756e-05,1.892321e-05,2.753311e-05,a
test_3646.jpg,3.966899e-06,2.1444854e-05,4.450737e-07,0.99997413,d
test_3647.jpg,0.985947,0.0027693226,0.0003307484,0.010952883,a
test_3648.jpg,1.6699905e-05,4.539505e-05,0.9998925,4.539505e-05,c
test_3649.jpg,0.006412453,0.009330065,0.9516924,0.032565124,c
test_3650.jpg,6.596366e-05,0.0013249154,1.471848e-05,0.99859434,d
test_3651.jpg,0.99659556,0.00015792185,0.0031719455,7.459701e-05,a
test_3652.jpg,0.9998642,6.6047534e-05,2.4297531e-05,4.539377e-05,a
test_3653.jpg,1.3709531e-06,2.5612774e-06,5.0434545e-07,0.9999956,d
test_3654.jpg,1.1478442e-05,4.2226825e-06,0.99996006,2.4299861e-05,c
test_3655.jpg,8.474069e-05,0.00020328235,0.9990858,0.0006261537,c
test_3656.jpg,0.00015841631,1.6696957e-05,0.999716,0.000108877844,c
test_3657.jpg,1.0676994e-06,0.9999956,1.3709531e-06,1.994725e-06,b
test_3658.jpg,3.7266261e-06,2.9022995e-06,6.893565e-07,0.9999927,d
test_3659.jpg,0.9998815,1.4737452e-05,8.480818e-05,1.8923263e-05,a
test_3660.jpg,1.6700646e-05,1.8924311e-05,0.9999368,2.7534712e-05,c
test_3661.jpg,0.744272,0.013631818,0.00046645512,0.24162975,a
test_3662.jpg,6.893585e-07,0.9999956,1.2098618e-06,2.5612774e-06,b
test_3663.jpg,0.07495982,0.00034713285,0.9131975,0.011495461,c
test_3664.jpg,0.999874,7.4842406e-05,5.771226e-06,4.5394212e-05,a
test_3665.jpg,0.983528,0.003547156,0.000543974,0.012380791,a
test_3666.jpg,0.9999379,4.539711e-05,3.7264217e-06,1.300649e-05,a
test_3667.jpg,2.585706e-05,0.000261147,0.00013978194,0.9995732,d
test_3668.jpg,0.00045542317,0.72666955,0.26732683,0.0055481903,b
test_3669.jpg,5.8226742e-05,0.9988349,7.4764626e-05,0.0010320938,b
test_3670.jpg,0.9999918,4.785078e-06,1.8738634e-06,1.5534876e-06,a
test_3671.jpg,8.480539e-05,3.535215e-05,3.1198164e-05,0.9998486,d
test_3672.jpg,0.9997476,2.75295e-05,2.1439995e-05,0.00020341702,a
test_3673.jpg,7.88907e-06,2.1444715e-05,2.902227e-06,0.9999677,d
test_3674.jpg,0.0420339,0.95668715,0.0006794147,0.00059958134,b
test_3675.jpg,1.0129862e-05,0.99997723,3.7265684e-06,8.939573e-06,b
test_3676.jpg,6.144149e-06,1.1365535e-06,0.99998975,2.9022908e-06,c
test_3677.jpg,0.037240352,0.96044135,0.00068208086,0.001636227,b
test_3678.jpg,0.00023011139,0.0017003062,0.99805486,1.4710528e-05,c
test_3679.jpg,0.0032860637,0.08474869,0.91113436,0.00083084696,c
test_3680.jpg,0.61148345,0.37088346,0.016295481,0.0013376146,a
test_3681.jpg,0.9801789,0.013981501,0.004539129,0.0013004821,a
test_3682.jpg,1.8738409e-06,0.99997973,5.422138e-06,1.3007034e-05,b
test_3683.jpg,6.604647e-05,2.7532269e-05,0.9998481,5.8285812e-05,c
test_3684.jpg,7.889164e-06,5.422138e-06,0.99997973,6.9621638e-06,c
test_3685.jpg,2.7263875e-06,0.99996686,8.93948e-06,2.1444697e-05,b
test_3686.jpg,2.2808985e-05,0.9991443,0.0007095667,0.0001233042,b
test_3687.jpg,8.481018e-05,4.784663e-06,5.421733e-06,0.999905,d
test_3688.jpg,0.99999213,3.7266238e-06,8.315222e-07,3.288734e-06,a
test_3689.jpg,0.0004830771,0.009702863,9.512352e-05,0.9897189,d
test_3690.jpg,0.9999865,3.5008197e-06,6.1441297e-06,3.726603e-06,a
test_3691.jpg,8.8515264e-07,0.9999943,1.9947224e-06,2.902304e-06,b
test_3692.jpg,0.99287236,0.0066899215,0.00017828036,0.0002593964,a
test_3693.jpg,0.085025504,0.00025422167,0.0006098461,0.91411036,d
test_3694.jpg,5.1435272e-05,1.147676e-05,0.9998136,0.0001233868,c
test_3695.jpg,0.0006261796,0.00012330209,0.00012330209,0.9991272,d
test_3696.jpg,0.98701745,0.006650471,0.0027723291,0.0035597407,a
test_3697.jpg,0.11614891,0.19149719,0.58985287,0.10250105,c
test_3698.jpg,0.9967912,0.0003343862,7.461165e-05,0.0027997815,a
test_3699.jpg,0.0043314123,0.00055067724,0.059793297,0.93532455,d
test_3700.jpg,0.00020328954,0.0003797949,0.9991211,0.00029578456,c
test_3701.jpg,0.0035813127,0.9929987,0.0002594294,0.0031604974,b
test_3702.jpg,5.8281443e-05,1.0127796e-05,0.9997732,0.00015842538,c
test_3703.jpg,4.784471e-06,0.9998648,2.1442509e-05,0.000108894055,b
test_3704.jpg,0.0004303714,0.00037980144,5.1400537e-05,0.99913836,d
test_3705.jpg,4.539537e-05,2.7533684e-05,0.9998995,2.7533684e-05,c
test_3706.jpg,0.75064075,0.0050577777,0.24369738,0.0006040654,a
test_3707.jpg,0.00010888831,5.1435192e-05,0.99981207,2.7531276e-05,c
test_3708.jpg,0.09488288,0.00072443974,0.90022373,0.0041688634,c
test_3709.jpg,0.32869273,0.6140788,0.05040666,0.0068218,b
test_3710.jpg,0.022951433,0.0010084156,0.00012043806,0.9759197,d
test_3711.jpg,0.07524583,0.0010733241,0.9166819,0.006998952,c
test_3712.jpg,2.3823637e-07,0.9999975,7.338197e-07,1.5534964e-06,b
test_3713.jpg,0.99988496,2.7533284e-05,2.1442942e-05,6.604891e-05,a
test_3714.jpg,6.603827e-05,6.5386744e-06,0.999724,0.00020341222,c
test_3715.jpg,7.811339e-07,0.9999807,3.726581e-06,1.4738914e-05,b
test_3716.jpg,6.144143e-06,0.9999887,3.7266109e-06,1.3709436e-06,b
test_3717.jpg,1.012983e-05,0.999974,6.9621237e-06,8.939544e-06,b
test_3718.jpg,0.9950482,0.0011650816,0.0024664782,0.0013202105,a
test_3719.jpg,2.1233068e-06,3.1201766e-05,2.5611969e-06,0.9999641,d
test_3720.jpg,2.1233677e-06,3.7266266e-06,1.3709493e-06,0.99999285,d
test_3721.jpg,2.7534403e-05,0.9999256,3.535487e-05,1.1478046e-05,b
test_3722.jpg,0.9999833,1.0129924e-05,2.9022722e-06,3.7265909e-06,a
test_3723.jpg,6.144012e-05,0.009706617,0.00013006874,0.9901018,d
test_3724.jpg,0.004050238,0.0035743224,0.0013149197,0.99106055,d
test_3725.jpg,0.00012337013,0.00013979668,0.9996786,5.8275928e-05,c
test_3726.jpg,0.99905163,0.0002303412,0.0002303412,0.00048763238,a
test_3727.jpg,6.6048226e-05,5.1438412e-05,7.888335e-06,0.9998746,d
test_3728.jpg,0.9997335,5.827913e-05,8.479563e-05,0.00012337691,a
test_3729.jpg,0.9999862,6.1441274e-06,4.222793e-06,3.5008184e-06,a
test_3730.jpg,1.0030108e-06,0.9999957,1.0676995e-06,2.2603197e-06,b
test_3731.jpg,0.0031714598,0.00033426937,5.126187e-05,0.996443,d
test_3732.jpg,1.3006516e-05,0.9999399,6.9618864e-06,4.0062885e-05,b
test_3733.jpg,0.99998987,3.5008313e-06,4.2228085e-06,2.4060837e-06,a
test_3734.jpg,0.9983518,5.136007e-05,9.595324e-05,0.0015009611,a
test_3735.jpg,1.8737675e-06,5.1441802e-05,6.143847e-06,0.9999405,d
test_3736.jpg,0.9999386,3.535533e-05,1.3006499e-05,1.3006499e-05,a
test_3737.jpg,7.889186e-06,0.9999825,4.222777e-06,5.422153e-06,b
test_3738.jpg,0.9999906,3.7266182e-06,2.726452e-06,2.9022933e-06,a
test_3739.jpg,0.07518525,0.007924466,0.00094644254,0.9159438,d
test_3740.jpg,0.99039584,0.008568603,0.0007033537,0.00033224077,a
test_3741.jpg,0.0013218303,0.00022969967,0.9962691,0.00217933,c
test_3742.jpg,8.479851e-05,7.88749e-06,0.9997675,0.00013980911,c
test_3743.jpg,0.9997402,0.00015842015,3.5348316e-05,6.603934e-05,a
test_3744.jpg,2.260291e-06,0.99998295,1.1478704e-05,3.2887037e-06,b
test_3745.jpg,0.011403695,0.4848974,0.018801512,0.4848974,b
test_3746.jpg,6.8935856e-07,0.9999957,1.5534936e-06,1.9947252e-06,b
test_3747.jpg,0.9992304,0.00023038241,0.000108824956,0.00043041102,a
test_3748.jpg,0.00029368722,0.0075742924,9.534628e-05,0.9920366,d
test_3749.jpg,0.9956513,0.00080123346,0.0003784759,0.0031689398,a
test_3750.jpg,2.5611284e-06,5.8291014e-05,0.9999374,1.7602362e-06,c
test_3751.jpg,1.4738814e-05,8.939543e-06,2.4060453e-06,0.9999739,d
test_3752.jpg,0.99997663,7.4111617e-06,8.939567e-06,6.962142e-06,a
test_3753.jpg,0.0006418525,0.9037956,0.09525935,0.00030318965,b
test_3754.jpg,0.99984014,6.604595e-05,1.8922481e-05,7.4839874e-05,a
test_3755.jpg,1.4738773e-05,1.3006922e-05,1.0676732e-06,0.99997115,d
test_3756.jpg,1.5534914e-06,2.902304e-06,1.2878895e-06,0.9999943,d
test_3757.jpg,0.99970657,2.7528371e-05,3.5347126e-05,0.00023049221,a
test_3758.jpg,0.001010243,0.001010243,0.97768825,0.02029127,c
test_3759.jpg,0.0006623866,0.49924356,0.0008505213,0.49924356,b
test_3760.jpg,1.1365589e-06,2.2603174e-06,1.994723e-06,0.99999464,d
test_3761.jpg,0.000108877015,0.0001584151,0.99970835,2.4293744e-05,c
test_3762.jpg,0.9994011,0.00015836641,0.00017945266,0.00026110208,a
test_3763.jpg,3.5351437e-05,9.6095166e-05,0.99982846,4.005842e-05,c
test_3764.jpg,0.00048604226,0.9957938,0.000550758,0.0031693936,b
test_3765.jpg,0.9999399,2.144412e-05,3.2885623e-06,3.5355377e-05,a
test_3766.jpg,0.99961674,1.66953e-05,0.00033533407,3.1190928e-05,a
test_3767.jpg,0.99998,5.093629e-06,3.5007968e-06,1.147867e-05,a
test_3768.jpg,3.1192514e-05,0.99966764,0.0002611717,4.005198e-05,b
test_3769.jpg,0.99999654,2.2603217e-06,2.2380216e-07,1.0030116e-06,a
test_3770.jpg,0.0013243204,4.257021e-05,0.99814594,0.00048719032,c
test_3771.jpg,0.9981704,0.0011687373,0.000108709515,0.0005520724,a
test_3772.jpg,1.1477718e-05,0.999897,7.484413e-05,1.669998e-05,b
test_3773.jpg,2.1441827e-05,5.7709894e-06,0.999833,0.00013981828,c
test_3774.jpg,3.2885996e-06,0.99995124,5.421984e-06,4.006334e-05,b
test_3775.jpg,1.6700084e-05,0.9999032,4.0061415e-05,4.0061415e-05,b
test_3776.jpg,0.9776814,0.002746106,0.0016655975,0.01790686,a
test_3777.jpg,4.784924e-06,0.99995947,1.1478434e-05,2.4299847e-05,b
test_3778.jpg,3.726437e-06,8.939257e-06,0.99994195,4.5397297e-05,c
test_3779.jpg,0.9807793,0.001474542,0.0018933495,0.01585282,a
test_3780.jpg,6.605184e-05,3.72639e-06,8.3147006e-07,0.9999294,d
test_3781.jpg,5.824651e-05,5.824651e-05,0.00070958777,0.99917394,d
test_3782.jpg,8.851541e-07,0.99999595,1.1365604e-06,1.9947256e-06,b
test_3783.jpg,3.0590147e-07,0.99999726,8.8515526e-07,1.5534961e-06,b
test_3784.jpg,0.00015840879,1.4734312e-05,0.9996685,0.00015840879,c
test_3785.jpg,0.99994886,2.7535043e-05,6.9619487e-06,1.6700846e-05,a
test_3786.jpg,0.37264076,0.011252777,0.6143808,0.0017256693,c
test_3787.jpg,0.013579646,0.9520067,0.0018378053,0.032575876,b
test_3788.jpg,0.9520484,0.047399696,0.00014172253,0.00041008776,a
test_3789.jpg,0.00062629476,3.5333134e-05,0.99931085,2.7517473e-05,c
test_3790.jpg,0.031204019,0.9119151,0.011479318,0.04540158,b
test_3791.jpg,0.014949154,0.008001706,0.05217768,0.92487144,d
test_3792.jpg,0.0002303791,0.99921596,0.00012331305,0.00043040482,b
test_3793.jpg,4.785076e-06,3.2887312e-06,5.3687063e-07,0.9999913,d
test_3794.jpg,0.003344884,0.8184661,0.14222807,0.03596089,b
test_3795.jpg,1.5534911e-06,0.99999404,2.5612735e-06,1.7603359e-06,b
test_3796.jpg,0.9999634,1.147848e-05,1.8924813e-05,6.143988e-06,a
test_3797.jpg,0.9999939,2.5612733e-06,2.102421e-07,3.28874e-06,a
test_3798.jpg,1.2878907e-06,1.7603377e-06,0.9999951,1.7603377e-06,c
test_3799.jpg,6.9619828e-06,3.9668184e-06,0.99995375,3.5355864e-05,c
test_3800.jpg,2.7535354e-05,8.939421e-06,3.288629e-06,0.9999602,d
test_3801.jpg,0.8340957,0.0012540121,0.16424318,0.00040711818,a
test_3802.jpg,0.000119111755,0.148014,0.85176176,0.00010511575,c
test_3803.jpg,0.0016389444,0.9620364,0.01068726,0.025637401,b
test_3804.jpg,0.043848947,0.41602722,0.5341895,0.00593431,c
test_3805.jpg,1.47297305e-05,7.480376e-05,0.99935764,0.00055272906,c
test_3806.jpg,0.99998105,3.2886976e-06,4.222771e-06,1.1478683e-05,a
test_3807.jpg,3.2887392e-06,1.9947213e-06,1.0030087e-06,0.9999937,d
test_3808.jpg,5.133678e-05,0.99789906,0.00012315053,0.0019263984,b
test_3809.jpg,2.7264296e-06,0.99998236,4.785033e-06,1.0129914e-05,b
test_3810.jpg,4.0039788e-05,0.000108839435,0.99936336,0.00048778453,c
test_3811.jpg,6.962147e-06,1.3007003e-05,2.726416e-06,0.99997735,d
test_3812.jpg,7.889016e-06,2.4299881e-05,0.9999609,6.9620323e-06,c
test_3813.jpg,0.00020202492,0.99290574,0.00020202492,0.0066901464,b
test_3814.jpg,0.0001397571,0.0003798992,8.476696e-05,0.9993955,d
test_3815.jpg,1.8738505e-06,0.99998486,5.422166e-06,7.889205e-06,b
test_3816.jpg,1.6700436e-05,4.006226e-05,0.9999243,1.8924073e-05,c
test_3817.jpg,2.5612567e-06,6.9622174e-06,3.0894653e-06,0.9999875,d
test_3818.jpg,8.939518e-06,6.9621037e-06,1.3006922e-05,0.99997115,d
test_3819.jpg,0.0016616358,0.9753559,0.017864266,0.005118198,b
test_3820.jpg,8.939606e-06,4.7850262e-06,5.422145e-06,0.9999809,d
test_3821.jpg,0.0010307685,0.0007084361,0.99755234,0.0007084361,c
test_3822.jpg,0.002787899,0.0031591032,0.0014922547,0.9925607,d
test_3823.jpg,0.95993423,0.0009918978,0.03722069,0.001853109,a
test_3824.jpg,0.00043050555,0.00010884885,1.0777495e-05,0.9994498,d
test_3825.jpg,0.99922264,4.536464e-05,0.00017942062,0.00055265444,a
test_3826.jpg,8.9396135e-06,8.9396135e-06,3.4662645e-07,0.99998176,d
test_3827.jpg,2.1442609e-05,9.609911e-05,1.30056e-05,0.99986947,d
test_3828.jpg,3.5353227e-05,0.9998791,4.006045e-05,4.5394445e-05,b
test_3829.jpg,0.0011691604,0.00020316962,9.5970536e-05,0.9985317,d
test_3830.jpg,1.3005358e-05,4.005932e-05,9.609732e-05,0.99985087,d
test_3831.jpg,0.9999783,1.8925095e-05,1.0676808e-06,1.6536565e-06,a
test_3832.jpg,2.1441634e-05,0.00013981701,0.999824,1.4736604e-05,c
test_3833.jpg,1.2098595e-06,0.9999937,9.422395e-07,4.2228244e-06,b
test_3834.jpg,2.143735e-05,1.8918396e-05,0.99962425,0.00033533658,c
test_3835.jpg,1.994702e-06,1.1478716e-05,2.5612478e-06,0.999984,d
test_3836.jpg,0.0037925767,0.3413969,0.6378133,0.01699715,c
test_3837.jpg,0.00029594643,1.47343035e-05,0.9996679,2.1438285e-05,c
test_3838.jpg,3.5351248e-05,4.5391902e-05,9.6094656e-05,0.99982315,d
test_3839.jpg,0.9998878,7.484344e-05,2.4298106e-05,1.3005839e-05,a
test_3840.jpg,0.0005525786,6.59961e-05,0.99908555,0.00029577402,c
test_3841.jpg,8.939561e-06,2.1233318e-06,0.9999759,1.3006985e-05,c
test_3842.jpg,0.9999802,5.422141e-06,1.0129893e-05,4.2227675e-06,a
test_3843.jpg,0.0021809028,0.0007080354,0.0001230381,0.9969881,d
test_3844.jpg,0.999985,5.422167e-06,4.785046e-06,4.785046e-06,a
test_3845.jpg,0.0044344,0.037128773,0.95756364,0.00087318505,c
test_3846.jpg,5.4221105e-06,6.962128e-06,1.30069675e-05,0.9999746,d
test_3847.jpg,0.07415558,0.021245928,0.0011986132,0.9033999,d
test_3848.jpg,0.012103495,0.00077375054,0.9614997,0.025623098,c
test_3849.jpg,0.0023031482,0.06730785,0.9291562,0.0012327862,c
test_3850.jpg,0.9921394,0.0066849827,0.00037714094,0.0007984073,a
test_3851.jpg,0.00017950826,5.1429983e-05,5.82778e-05,0.99971074,d
test_3852.jpg,4.7379015e-07,1.5381715e-07,0.9999987,6.893606e-07,c
test_3853.jpg,2.5612765e-06,1.5534929e-06,6.083565e-07,0.99999523,d
test_3854.jpg,2.7264477e-06,6.144145e-06,1.994712e-06,0.99998903,d
test_3855.jpg,5.4213324e-06,0.9998311,4.0058527e-05,0.00012338896,b
test_3856.jpg,4.7378813e-07,0.9999944,1.7603364e-06,3.2887415e-06,b
test_3857.jpg,1.8922437e-05,8.480448e-05,5.8285215e-05,0.9998379,d
test_3858.jpg,4.2227907e-06,7.889212e-06,0.9999857,2.2602972e-06,c
test_3859.jpg,0.00012339042,1.8922534e-05,1.4736883e-05,0.9998429,d
test_3860.jpg,0.047403134,0.00036192744,0.000117500625,0.95211744,d
test_3861.jpg,0.00020335756,0.0002958835,0.9994554,4.5375207e-05,c
test_3862.jpg,0.9998683,4.539395e-05,1.1477388e-05,7.484198e-05,a
test_3863.jpg,0.9981489,6.5934226e-05,0.0017004664,8.4661224e-05,a
test_3864.jpg,0.5615826,0.437361,0.0003988216,0.00065754564,a
test_3865.jpg,0.43306744,0.058609303,0.075255826,0.43306744,a
test_3866.jpg,0.0075747003,0.00015720789,0.00017813988,0.99209,d
test_3867.jpg,2.2602308e-06,0.99995637,1.0129651e-05,3.1201525e-05,b
test_3868.jpg,8.480797e-05,2.1442815e-05,1.4737415e-05,0.999879,d
test_3869.jpg,0.00013965664,0.00080366846,0.9986771,0.0003796261,c
test_3870.jpg,0.0013061156,0.00022696886,0.0140420655,0.9844248,d
test_3871.jpg,6.9618086e-06,4.5396693e-05,0.9999287,1.8924156e-05,c
test_3872.jpg,1.891032e-05,0.00029580717,0.99919754,0.0004877036,c
test_3873.jpg,1.3709521e-06,2.5612756e-06,1.2098609e-06,0.9999949,d
test_3874.jpg,0.0066747162,0.99061567,0.0019123382,0.00079718116,b
test_3875.jpg,4.2227175e-06,2.1444728e-05,0.9999683,6.144018e-06,c
test_3876.jpg,5.8279697e-05,4.005501e-05,0.9997433,0.00015842065,c
test_3877.jpg,0.0006261475,0.00015831488,0.00013971241,0.9990759,d
test_3878.jpg,1.8924964e-05,5.422093e-06,0.9999714,4.2227302e-06,c
test_3879.jpg,3.5355373e-05,1.0129484e-05,1.4738311e-05,0.9999398,d
test_3880.jpg,7.81145e-07,0.9999949,2.5612756e-06,1.7603373e-06,b
test_3881.jpg,0.9999608,4.78493e-06,6.962032e-06,2.753537e-05,a
test_3882.jpg,1.0129016e-05,1.1477679e-05,8.480922e-05,0.99989367,d
test_3883.jpg,5.1437542e-05,4.539347e-05,0.99985766,4.539347e-05,c
test_3884.jpg,0.0045993794,0.99318933,0.0019173065,0.0002940285,b
test_3885.jpg,0.0004877775,0.00012332946,0.99934894,4.003921e-05,c
test_3886.jpg,2.1233357e-06,0.9999777,5.4221273e-06,1.473887e-05,b
test_3887.jpg,0.99999344,2.4060923e-06,1.7603347e-06,2.4060923e-06,a
test_3888.jpg,0.9941246,0.0011640001,0.0019191119,0.0027922916,a
test_3889.jpg,1.012982e-05,7.889112e-06,0.99997306,8.939535e-06,c
test_3890.jpg,0.04079262,0.63810396,0.23474535,0.08635798,b
test_3891.jpg,2.1233723e-06,1.5534926e-06,1.3709523e-06,0.999995,d
test_3892.jpg,5.8283214e-05,0.9998036,1.47363035e-05,0.00012338556,b
test_3893.jpg,0.00033531763,4.538031e-05,5.1422627e-05,0.9995678,d
test_3894.jpg,0.9998778,4.5394383e-05,6.604844e-05,1.0782111e-05,a
test_3895.jpg,6.893523e-07,1.0129957e-05,2.5612546e-06,0.99998665,d
test_3896.jpg,1.3006899e-05,2.9022317e-06,0.99996936,1.4738747e-05,c
test_3897.jpg,0.94537175,0.05333423,0.0009768504,0.0003171369,a
test_3898.jpg,1.1365436e-06,0.99998105,4.785027e-06,1.3007051e-05,b
test_3899.jpg,0.00015839856,5.8271573e-05,0.9996039,0.00017948907,c
test_3900.jpg,3.7265359e-06,0.9999685,1.3006888e-05,1.47387345e-05,b
test_3901.jpg,0.99997294,1.670125e-05,4.222737e-06,6.144046e-06,a
test_3902.jpg,0.99998534,6.1441224e-06,4.4951357e-06,3.9669435e-06,a
test_3903.jpg,0.0013248852,5.821139e-05,4.533508e-05,0.9985715,d
test_3904.jpg,6.9616176e-06,8.480986e-05,0.9999013,6.9616176e-06,c
test_3905.jpg,6.605108e-05,1.4737988e-05,1.2877912e-06,0.99991786,d
test_3906.jpg,0.0002959064,0.00015838727,1.30012195e-05,0.9995327,d
test_3907.jpg,6.893593e-07,0.9999968,1.7603406e-06,7.3381915e-07,b
test_3908.jpg,8.479975e-05,0.99978215,7.483553e-05,5.8281963e-05,b
test_3909.jpg,8.93933e-06,0.99995005,1.6700866e-05,2.4299618e-05,b
test_3910.jpg,0.99955887,0.000179481,0.00023045816,3.1189124e-05,a
test_3911.jpg,6.9622074e-06,3.726601e-06,0.99998605,3.288714e-06,c
test_3912.jpg,0.00023044017,5.8264402e-05,0.9994809,0.00023044017,c
test_3913.jpg,1.7603106e-06,1.1478667e-05,0.99997973,6.9621638e-06,c
test_3914.jpg,4.22259e-06,6.1438323e-06,5.144168e-05,0.99993813,d
test_3915.jpg,0.00083883334,0.9198925,0.07550937,0.0037593904,b
test_3916.jpg,0.052980546,0.004927958,0.9391026,0.0029889578,c
test_3917.jpg,6.9620914e-06,6.9620914e-06,0.99996936,1.670119e-05,c
test_3918.jpg,0.9968635,0.000178997,0.0024709776,0.00048656436,a
test_3919.jpg,0.0027985186,0.00080178893,0.9963415,5.8081394e-05,c
test_3920.jpg,0.004546789,0.0018953837,0.6748033,0.31875452,c
test_3921.jpg,2.4286648e-05,0.0001794554,0.0003799071,0.99941635,d
test_3922.jpg,8.479323e-05,0.0002034084,6.538552e-06,0.99970526,d
test_3923.jpg,0.00029591902,0.00012335739,5.4199454e-06,0.9995753,d
test_3924.jpg,0.999982,8.939615e-06,5.4221505e-06,3.726586e-06,a
test_3925.jpg,0.9999387,1.0129473e-05,5.7715993e-06,4.5397148e-05,a
test_3926.jpg,4.2228e-06,1.8738561e-06,0.99998784,6.144138e-06,c
test_3927.jpg,0.004436555,0.0003876618,0.037146814,0.958029,d
test_3928.jpg,0.00042900754,0.00042900754,0.9959721,0.003169961,c
test_3929.jpg,0.9996791,4.538536e-05,0.00017950257,9.608081e-05,a
test_3930.jpg,0.047025062,0.008171731,0.94452363,0.00027962125,c
test_3931.jpg,2.4297864e-05,1.300571e-05,8.480788e-05,0.9998779,d
test_3932.jpg,0.0001391312,0.9949197,0.0003337584,0.004607393,b
test_3933.jpg,0.9994061,0.00013975859,0.00015836721,0.00029586893,a
test_3934.jpg,0.011543651,0.26273233,0.011543651,0.7141804,d
test_3935.jpg,2.1443871e-05,1.0129367e-05,0.99992836,4.0062423e-05,c
test_3936.jpg,0.07495499,0.109058864,0.010144055,0.80584204,d
test_3937.jpg,0.9987464,0.00013966633,0.00091073883,0.0002032133,a
test_3938.jpg,5.1436436e-05,8.480434e-05,0.9998362,2.7531942e-05,c
test_3939.jpg,1.0677012e-06,5.3687387e-07,0.9999974,1.0677012e-06,c
test_3940.jpg,3.53557e-05,0.9999491,8.939322e-06,6.540147e-06,b
test_3941.jpg,0.0066327057,0.0031330686,0.98438084,0.0058533424,c
test_3942.jpg,0.99876094,4.5343677e-05,2.4270721e-05,0.0011694288,a
test_3943.jpg,7.888924e-06,2.1444319e-05,2.1444319e-05,0.9999492,d
test_3944.jpg,0.77239585,0.19529225,0.014146923,0.01816501,a
test_3945.jpg,1.1478634e-05,6.9621437e-06,4.785007e-06,0.9999769,d
test_3946.jpg,7.889186e-06,4.222777e-06,0.9999825,5.422153e-06,c
test_3947.jpg,0.851239,0.0006850201,0.00015284865,0.14792314,a
test_3948.jpg,0.00020338262,1.47329865e-05,0.99957854,0.00020338262,c
test_3949.jpg,0.00023049738,0.999729,2.7528988e-05,1.3003772e-05,b
test_3950.jpg,0.11815041,0.87302005,0.00666559,0.0021640004,b
test_3951.jpg,0.003572276,0.9904931,0.0031525225,0.0027820915,b
test_3952.jpg,0.00043041253,0.99923384,4.0034596e-05,0.00029581794,b
test_3953.jpg,8.3151036e-07,0.99997795,2.2602796e-06,1.892509e-05,b
test_3954.jpg,4.785075e-06,0.99999106,1.2878854e-06,2.9022947e-06,b
test_3955.jpg,0.06749566,0.9317488,0.00040134383,0.0003541847,b
test_3956.jpg,4.006268e-05,1.8924273e-05,6.143812e-06,0.9999348,d
test_3957.jpg,0.9943938,0.0003779979,0.0006232131,0.0046049575,a
test_3958.jpg,0.0015001966,0.00062537496,3.113559e-05,0.99784327,d
test_3959.jpg,1.4737842e-05,1.8923765e-05,0.999908,5.8289297e-05,c
test_3960.jpg,4.2228125e-06,3.726619e-06,1.209856e-06,0.9999908,d
test_3961.jpg,1.1478194e-05,1.4738292e-05,0.9999385,3.5355326e-05,c
test_3962.jpg,0.0003352818,0.00017946342,2.4287732e-05,0.999461,d
test_3963.jpg,2.4299638e-05,0.9999509,1.4738474e-05,1.01295955e-05,b
test_3964.jpg,0.0001233923,0.99985814,5.4214793e-06,1.3005452e-05,b
test_3965.jpg,0.9883415,0.008550829,0.00033155165,0.0027760481,a
test_3966.jpg,1.7429721e-07,0.9999962,2.2603208e-06,1.3709539e-06,b
test_3967.jpg,0.00966963,0.6778934,0.063053906,0.24938306,b
test_3968.jpg,3.5323977e-05,0.00080397003,0.000108805514,0.99905187,d
test_3969.jpg,0.00023034897,5.824134e-05,0.9990853,0.00062615337,c
test_3970.jpg,1.0129875e-05,8.9395835e-06,2.5612335e-06,0.9999784,d
test_3971.jpg,0.9999783,5.4221305e-06,4.785014e-06,1.1478651e-05,a
test_3972.jpg,8.939442e-06,4.222693e-06,2.4299921e-05,0.99996257,d
test_3973.jpg,0.99992085,4.006212e-05,3.1200416e-05,7.8887e-06,a
test_3974.jpg,0.9999709,1.6701215e-05,4.4950707e-06,7.889095e-06,a
test_3975.jpg,3.7266252e-06,5.7149646e-07,0.9999925,3.2887351e-06,c
test_3976.jpg,0.005820852,0.0012988076,0.013963497,0.97891676,d
test_3977.jpg,8.851424e-07,0.9999827,1.3007073e-05,3.288703e-06,b
test_3978.jpg,0.999589,5.1423718e-05,0.00033532476,2.4290843e-05,a
test_3979.jpg,0.037313044,0.00020842896,0.00016232465,0.96231616,d
test_3980.jpg,0.00029417215,0.0001226292,0.99367464,0.005908605,c
test_3981.jpg,1.0129834e-05,0.99997437,5.422109e-06,1.0129834e-05,b
test_3982.jpg,0.9994492,0.0003799196,9.605871e-05,7.481061e-05,a
test_3983.jpg,0.0028730838,0.00041390696,0.3762997,0.6204133,d
test_3984.jpg,1.4738787e-05,4.2227334e-06,8.939527e-06,0.9999721,d
test_3985.jpg,0.0006262338,5.1404404e-05,0.9992136,0.00010882313,c
test_3986.jpg,0.0046064015,0.00048551118,0.00020239115,0.99470574,d
test_3987.jpg,1.67004e-05,2.9020946e-06,0.99992216,5.8290127e-05,c
test_3988.jpg,0.98005986,0.0016696496,0.015841193,0.0024293256,a
test_3989.jpg,0.99989986,8.480974e-05,2.2601032e-06,1.3005995e-05,a
test_3990.jpg,0.020234307,0.0045148847,0.00030724175,0.9749435,d
test_3991.jpg,1.1478001e-05,0.9999217,4.5396377e-05,2.144373e-05,b
test_3992.jpg,1.3709405e-06,0.9999864,3.288715e-06,8.939654e-06,b
test_3993.jpg,0.96777624,0.0008824977,0.02922431,0.002117002,a
test_3994.jpg,1.5534841e-06,0.9999896,1.0030046e-06,7.889243e-06,b
test_3995.jpg,0.00037508176,0.012421001,0.0004816145,0.98672235,d
test_3996.jpg,0.0024509076,0.0002279699,0.9887666,0.008554507,c
test_3997.jpg,1.30059625e-05,1.4737686e-05,0.99989736,7.484415e-05,c
test_3998.jpg,0.0050223833,0.0007702074,0.9570968,0.03711067,c
test_3999.jpg,2.7530925e-05,0.9997993,0.00015842951,1.473624e-05,b
test_4000.jpg,1.8738527e-06,1.8738527e-06,0.99998605,1.0129952e-05,c
test_4001.jpg,0.00460364,0.00025971956,0.9941094,0.0010272108,c
test_4002.jpg,0.00042465064,0.012410112,0.98585725,0.0013080161,c
test_4003.jpg,0.0016949573,0.0016949573,0.0016949573,0.9949151,d
test_4004.jpg,8.315246e-07,0.999995,1.3709523e-06,2.902306e-06,b
test_4005.jpg,0.0023622268,0.35058555,0.06903438,0.57801783,d
test_4006.jpg,1.3006961e-05,1.14786035e-05,1.4593406e-06,0.99997413,d
test_4007.jpg,0.98036206,0.0035357377,0.00025612794,0.015846075,a
test_4008.jpg,4.222785e-06,6.1441156e-06,0.99998426,5.4221628e-06,c
test_4009.jpg,1.4738211e-05,0.999933,4.539689e-05,6.961838e-06,b
test_4010.jpg,0.18212777,0.0013905627,0.00024164356,0.81624,d
test_4011.jpg,5.1439296e-05,1.6699893e-05,4.0060957e-05,0.99989176,d
test_4012.jpg,0.9999908,2.406086e-06,2.5612653e-06,4.2228125e-06,a
test_4013.jpg,6.1440915e-06,1.3007042e-05,5.714895e-07,0.99998033,d
test_4014.jpg,0.99999356,1.8738668e-06,8.315234e-07,3.726629e-06,a
test_4015.jpg,0.7687203,0.0031415843,0.19436292,0.033775214,a
test_4016.jpg,0.9998319,5.8284866e-05,5.1436215e-05,5.8284866e-05,a
test_4017.jpg,7.889152e-06,6.144078e-06,0.99997807,7.889152e-06,c
test_4018.jpg,0.000139795,0.99966645,0.000108872446,8.478994e-05,b
test_4019.jpg,0.06744692,0.93107593,0.0009620786,0.0005149635,b
test_4020.jpg,0.99795145,0.0009100139,0.00042986014,0.00070871954,a
test_4021.jpg,0.00020166549,0.008575034,8.4066676e-05,0.99113923,d
test_4022.jpg,0.0021820054,9.587062e-05,0.00022998166,0.9974922,d
test_4023.jpg,2.7529231e-05,0.00020341502,3.1194704e-05,0.9997378,d
test_4024.jpg,6.144005e-06,2.430001e-05,0.99996626,3.288649e-06,c
test_4025.jpg,0.9978758,0.00012314765,7.4692834e-05,0.0019263536,a
test_4026.jpg,5.1440504e-05,2.4298772e-05,8.939019e-06,0.99991524,d
test_4027.jpg,1.1478655e-05,2.9022588e-06,0.99997866,6.962156e-06,c
test_4028.jpg,1.1478644e-05,2.9022558e-06,0.9999777,7.889149e-06,c
test_4029.jpg,2.2603028e-06,8.939671e-06,6.0835225e-07,0.9999882,d
test_4030.jpg,6.604716e-05,4.0059625e-05,0.9998585,3.53525e-05,c
test_4031.jpg,5.829016e-05,1.473806e-05,4.222525e-06,0.99992275,d
test_4032.jpg,0.00062630646,2.7517988e-05,0.99932957,1.6690503e-05,c
test_4033.jpg,9.600563e-05,0.99889684,0.0008038453,0.00020324392,b
test_4034.jpg,0.002781021,0.0019113658,0.0051956307,0.990112,d
test_4035.jpg,0.00043028427,0.00020325191,0.00043028427,0.9989361,d
test_4036.jpg,0.00037981715,0.99917966,0.0001794129,0.00026104422,b
test_4037.jpg,0.0019960462,0.08487404,0.0006480213,0.91248196,d
test_4038.jpg,0.99983966,4.005887e-05,4.539265e-05,7.483984e-05,a
test_4039.jpg,7.889184e-06,6.962181e-06,2.902269e-06,0.99998224,d
test_4040.jpg,2.9022488e-06,8.939554e-06,1.3006975e-05,0.9999752,d
test_4041.jpg,0.00020341248,1.3003724e-05,0.9997253,5.827865e-05,c
test_4042.jpg,0.99999917,2.699576e-07,2.8736838e-07,2.8736838e-07,a
test_4043.jpg,1.3709501e-06,3.9278376e-07,0.99999344,4.7850863e-06,c
test_4044.jpg,4.181179e-07,6.8935987e-07,0.9999976,1.2098643e-06,c
test_4045.jpg,2.5612783e-06,8.851541e-07,6.893587e-07,0.99999595,d
test_4046.jpg,0.0052161496,0.9940222,0.00042816764,0.00033345728,b
test_4047.jpg,1.2878824e-06,0.9999887,3.089469e-06,6.962226e-06,b
test_4048.jpg,9.4224066e-07,0.9999949,1.3709521e-06,2.9023058e-06,b
test_4049.jpg,0.08459092,0.0022542719,0.90943813,0.0037166658,c
test_4050.jpg,0.0021695015,0.9917761,0.00015715815,0.005897316,b
test_4051.jpg,5.1426152e-05,0.00020339437,0.9996363,0.000108869164,c
test_4052.jpg,0.03305415,0.96598387,0.0007773591,0.00018463896,b
test_4053.jpg,0.9980008,9.591951e-05,0.0002030616,0.0017002141,a
test_4054.jpg,6.604719e-05,8.938516e-06,0.999859,6.604719e-05,c
test_4055.jpg,0.9981838,0.0013243707,0.00042996023,6.194164e-05,a
test_4056.jpg,0.9998385,2.1441945e-05,3.1197847e-05,0.00010889119,a
test_4057.jpg,4.784949e-06,2.4299974e-05,6.1439955e-06,0.9999647,d
test_4058.jpg,1.14786535e-05,6.1440805e-06,3.7265731e-06,0.99997854,d
test_4059.jpg,0.9931171,0.0001783243,0.00079919415,0.00590529,a
test_4060.jpg,8.470399e-05,0.00023024932,0.99865305,0.0010319059,c
test_4061.jpg,1.5534927e-06,1.7603377e-06,1.5534927e-06,0.9999951,d
test_4062.jpg,0.0001583797,0.00033528983,2.1434362e-05,0.9994849,d
test_4063.jpg,0.00042951896,0.00022990492,0.99715936,0.0021812771,c
test_4064.jpg,0.017927088,0.0021410852,0.97878575,0.0011460403,c
test_4065.jpg,0.00970241,0.0003319982,0.98967266,0.0002929874,c
test_4066.jpg,0.9999287,4.5396693e-05,1.8924156e-05,6.9618086e-06,a
test_4067.jpg,0.9999863,2.9022808e-06,2.9022808e-06,7.889216e-06,a
test_4068.jpg,0.9998461,0.00013982011,6.143267e-06,7.88811e-06,a
test_4069.jpg,1.5534938e-06,2.2603201e-06,3.466313e-07,0.9999958,d
test_4070.jpg,4.222697e-06,4.784943e-06,0.9999635,2.7535447e-05,c
test_4071.jpg,5.4219586e-06,0.9999466,1.670081e-05,3.120122e-05,b
test_4072.jpg,0.00080278487,0.99757916,0.00070845516,0.00090967445,b
test_4073.jpg,2.4299497e-05,0.99994516,2.4299497e-05,6.1438755e-06,b
test_4074.jpg,0.0013247773,0.9984902,0.0001396305,4.5331388e-05,b
test_4075.jpg,2.1444312e-05,0.99994886,1.3006633e-05,1.6700846e-05,b
test_4076.jpg,0.06513658,0.014533935,0.021146752,0.89918274,d
test_4077.jpg,0.99837923,0.0001582045,0.000910404,0.00055218796,a
test_4078.jpg,1.5534962e-06,1.0030125e-06,1.2751872e-07,0.9999974,d
test_4079.jpg,0.9997018,5.1429524e-05,0.000123373,0.000123373,a
test_4080.jpg,0.0005425079,0.017965395,0.98087734,0.000614742,c
test_4081.jpg,5.143952e-05,4.5395216e-05,6.9615817e-06,0.99989617,d
test_4082.jpg,0.022894809,0.973512,0.002129549,0.001463616,b
test_4083.jpg,3.535231e-05,4.5393263e-05,6.604681e-05,0.99985313,d
test_4084.jpg,0.9992963,0.00033522656,0.00033522656,3.3191922e-05,a
test_4085.jpg,4.2228176e-06,2.2603115e-06,1.4593667e-06,0.999992,d
test_4086.jpg,0.01181781,0.00263691,0.9388049,0.046740346,c
test_4087.jpg,0.0061251367,0.00026911974,0.9090509,0.0845549,c
test_4088.jpg,9.4223424e-07,0.9999881,1.99471e-06,8.93967e-06,b
test_4089.jpg,0.0012773691,0.14764379,0.001447449,0.8496314,d
test_4090.jpg,1.2098582e-06,0.9999926,1.994719e-06,4.22282e-06,b
test_4091.jpg,0.26824725,0.7291715,0.0023207932,0.00026038577,b
test_4092.jpg,0.99998105,1.0129901e-05,5.7718435e-06,3.0894453e-06,a
test_4093.jpg,0.016271213,0.17493203,0.61057276,0.19822395,c
test_4094.jpg,0.0010315396,0.0003348919,0.9982987,0.0003348919,c
test_4095.jpg,0.99999833,2.8736812e-07,2.3823657e-07,1.1365631e-06,a
test_4096.jpg,4.222598e-06,0.99994004,4.222598e-06,5.1441777e-05,b
test_4097.jpg,0.99954945,0.00029591136,3.118883e-05,0.0001233542,a
test_4098.jpg,0.9999609,1.8924766e-05,3.50073e-06,1.6701048e-05,a
test_4099.jpg,0.00055266917,0.9992493,0.00013973666,5.8250902e-05,b
test_4100.jpg,0.0006262102,0.00013972638,5.824662e-05,0.99917585,d
test_4101.jpg,0.00037976966,0.0003351455,0.99905473,0.00023034192,c
test_4102.jpg,0.0059034713,0.99281126,0.0010258695,0.0002593804,b
test_4103.jpg,6.962187e-06,6.1441083e-06,3.7265902e-06,0.9999831,d
test_4104.jpg,6.4759007e-07,0.999992,2.5612683e-06,4.7850795e-06,b
test_4105.jpg,0.9994905,2.7522421e-05,5.141865e-05,0.0004305231,a
test_4106.jpg,0.00023044321,9.606303e-05,0.00017946935,0.9994941,d
test_4107.jpg,0.0027940078,0.0019202915,0.99473554,0.0005501727,c
test_4108.jpg,0.44238636,0.11185279,0.23679237,0.20896854,a
test_4109.jpg,0.00022841946,0.9907165,0.00048356407,0.008571378,b
test_4110.jpg,1.7603071e-06,1.473887e-05,5.7718244e-06,0.9999777,d
test_4111.jpg,0.9983352,0.00043002542,6.594653e-05,0.0011689302,a
test_4112.jpg,0.00070882164,0.00070882164,0.9980952,0.00048716555,c
test_4113.jpg,6.9622e-06,6.14412e-06,1.8738507e-06,0.999985,d
test_4114.jpg,0.9996842,2.7527754e-05,8.479145e-05,0.00020340411,a
test_4115.jpg,0.0027995284,7.008482e-05,0.00042932155,0.99670106,d
test_4116.jpg,0.9997451,4.005508e-05,0.00017951442,3.5348487e-05,a
test_4117.jpg,0.0016857232,0.98949486,0.000258514,0.008560808,b
test_4118.jpg,0.9999808,1.0129898e-05,3.7265816e-06,5.422144e-06,a
test_4119.jpg,0.001030658,0.0014995985,0.99744546,2.4238752e-05,c
test_4120.jpg,9.610045e-05,1.6699754e-05,3.7262187e-06,0.9998834,d
test_4121.jpg,6.0835555e-07,0.9999937,2.9023022e-06,2.9023022e-06,b
test_4122.jpg,0.99995553,5.4220072e-06,7.888973e-06,3.12015e-05,a
test_4123.jpg,3.9666866e-06,3.5354693e-05,4.0062114e-05,0.9999206,d
test_4124.jpg,0.00017951727,2.4295021e-05,0.9997609,3.5349047e-05,c
test_4125.jpg,4.0060022e-05,0.9998684,1.6699503e-05,7.4841984e-05,b
test_4126.jpg,4.5390763e-05,0.0001398134,1.6698328e-05,0.9997981,d
test_4127.jpg,0.99952924,0.00029590537,6.602541e-05,0.0001088575,a
test_4128.jpg,6.602766e-05,7.4819145e-05,0.9995633,0.00029591547,c
test_4129.jpg,0.00037626104,0.009703901,9.513369e-05,0.9898247,d
test_4130.jpg,0.00012324107,0.0011692788,7.474949e-05,0.9986327,d
test_4131.jpg,6.539616e-06,0.0001233935,2.1231026e-06,0.9998679,d
test_4132.jpg,1.5534956e-06,2.6995704e-07,0.999997,1.1365617e-06,c
test_4133.jpg,0.00399555,0.007464669,0.9776788,0.010861031,c
test_4134.jpg,6.962004e-06,0.99995685,1.4738563e-05,2.1444483e-05,b
test_4135.jpg,0.99992955,2.7534512e-05,2.1443897e-05,2.1443897e-05,a
test_4136.jpg,4.7849403e-06,0.9999629,4.7849403e-06,2.753543e-05,b
test_4137.jpg,0.99996793,8.93949e-06,1.8924899e-05,4.2227157e-06,a
test_4138.jpg,7.484313e-05,6.1434976e-06,0.99988365,3.5353387e-05,c
test_4139.jpg,1.3006997e-05,0.9999769,4.785007e-06,5.4221227e-06,b
test_4140.jpg,0.0006260832,0.0002609903,0.00013969805,0.99897325,d
test_4141.jpg,1.6697777e-05,0.9997651,1.4735736e-05,0.00020342057,b
test_4142.jpg,0.9999765,1.1478631e-05,3.0894314e-06,8.939566e-06,a
test_4143.jpg,0.9874413,0.0007946266,0.010969482,0.0007946266,a
test_4144.jpg,0.00022869334,0.0075732833,0.99190444,0.00029364807,c
test_4145.jpg,2.1444423e-05,7.888962e-06,1.6700933e-05,0.999954,d
test_4146.jpg,0.9888094,0.000122028774,0.010984681,8.386906e-05,a
test_4147.jpg,3.1196e-05,0.9997793,3.1196e-05,0.00015842634,b
test_4148.jpg,2.2603072e-06,6.962236e-06,7.3381426e-07,0.9999901,d
test_4149.jpg,0.7206718,0.008005941,0.16080362,0.110518605,a
test_4150.jpg,0.00029580132,0.99917775,9.603263e-05,0.00043038838,b
test_4151.jpg,0.0023552552,0.7399991,0.24024254,0.017403113,b
test_4152.jpg,0.0112425145,0.89310354,0.094132416,0.001521509,b
test_4153.jpg,0.9997788,8.479947e-05,2.753036e-05,0.000108884684,a
test_4154.jpg,0.97496265,0.0065692468,0.017857065,0.0006110351,a
test_4155.jpg,0.20474753,0.4911638,0.2979059,0.0061828396,b
test_4156.jpg,2.7263447e-06,0.99995124,1.473848e-05,3.1201365e-05,b
test_4157.jpg,1.6698636e-05,0.9998165,8.396601e-06,0.00015843223,b
test_4158.jpg,2.5612658e-06,2.2603092e-06,0.99999106,4.2228135e-06,c
test_4159.jpg,0.03953592,0.009996247,0.1563676,0.7941002,d
test_4160.jpg,0.99999714,1.2878933e-06,8.8515515e-07,6.893595e-07,a
test_4161.jpg,1.0129543e-05,3.120119e-05,0.99994564,1.3006591e-05,c
test_4162.jpg,0.41186655,0.41186655,0.17169152,0.0045754244,a
test_4163.jpg,0.00043043678,0.00013974236,0.9992901,0.00013974236,c
test_4164.jpg,0.009415981,0.0011245785,0.9604562,0.029003264,c
test_4165.jpg,0.04677339,0.9394687,0.0134008005,0.00035711928,b
test_4166.jpg,0.03307237,0.00036740088,4.3879776e-05,0.9665164,d
test_4167.jpg,5.1433875e-05,6.60424e-05,9.609113e-05,0.99978644,d
test_4168.jpg,0.9890541,0.0009019006,0.0014869827,0.008556995,a
test_4169.jpg,3.5353733e-05,0.9998934,3.119956e-05,4.0061022e-05,b
test_4170.jpg,1.7603396e-06,1.0676999e-06,0.9999962,1.0030112e-06,c
test_4171.jpg,0.9965318,0.0021799044,0.000801942,0.00048640245,a
test_4172.jpg,0.4554895,0.51613724,0.010712086,0.017661244,b
test_4173.jpg,0.002789294,0.99305737,0.0024615433,0.0016917924,b
test_4174.jpg,0.9999703,1.0129792e-05,4.7849758e-06,1.4738761e-05,a
test_4175.jpg,4.7838894e-06,0.9997433,0.00023050068,2.1439902e-05,b
test_4176.jpg,0.00022992176,6.587368e-05,0.002471892,0.9972324,d
test_4177.jpg,0.9997446,0.00012337828,6.603963e-05,6.603963e-05,a
test_4178.jpg,0.0057267067,0.029082617,0.963084,0.0021067378,c
test_4179.jpg,0.0004304102,4.5364905e-05,0.9992285,0.00029581634,c
test_4180.jpg,0.0066874945,0.00017821569,0.9925122,0.00062203384,c
test_4181.jpg,4.2227484e-06,5.4221164e-06,0.9999757,1.473884e-05,c
test_4182.jpg,0.00026047803,0.00080232887,0.9970125,0.001924687,c
test_4183.jpg,3.1192474e-05,0.00029594597,6.5382974e-06,0.99966633,d
test_4184.jpg,3.6898766e-07,0.9999974,1.0677012e-06,1.209864e-06,b
test_4185.jpg,3.9278484e-07,0.9999962,1.1365607e-06,2.2603208e-06,b
test_4186.jpg,3.7266313e-06,1.7603361e-06,3.6898646e-07,0.99999416,d
test_4187.jpg,0.00010838169,0.9951603,0.00012281253,0.004608507,b
test_4188.jpg,0.24487892,0.0005356705,0.7542802,0.00030521583,c
test_4189.jpg,0.00054318743,0.982106,0.015874265,0.0014765365,b
test_4190.jpg,9.4224356e-07,4.737898e-07,0.999998,6.0835816e-07,c
test_4191.jpg,6.602346e-05,3.7247887e-06,0.9994997,0.00043052703,c
test_4192.jpg,0.99998224,1.0129913e-05,4.7850326e-06,2.902269e-06,a
test_4193.jpg,2.2603188e-06,0.99999523,1.3709525e-06,1.2098614e-06,b
test_4194.jpg,2.260317e-06,2.5612746e-06,6.893577e-07,0.9999945,d
test_4195.jpg,1.1477693e-05,3.5353783e-05,0.99989486,5.8288533e-05,c
test_4196.jpg,0.061118074,0.35171023,0.57987213,0.007299513,c
test_4197.jpg,1.0129718e-05,0.99996305,7.8890325e-06,1.8924808e-05,b
test_4198.jpg,0.9999958,1.3709534e-06,1.2098621e-06,1.5534938e-06,a
test_4199.jpg,4.2227625e-06,7.889159e-06,0.999979,8.939589e-06,c
test_4200.jpg,0.99980074,6.604334e-05,2.4295989e-05,0.00010888707,a
test_4201.jpg,0.9917176,0.004592564,0.0009043294,0.0027855309,a
test_4202.jpg,0.017622238,0.9621415,0.01996861,0.00026757954,b
test_4203.jpg,4.005871e-05,6.604565e-05,5.828508e-05,0.9998356,d
test_4204.jpg,0.0006261226,0.00015830858,0.9990362,0.00017938713,c
test_4205.jpg,0.9997491,1.14760205e-05,8.9375335e-06,0.00023050202,a
test_4206.jpg,0.001198257,0.29320377,0.0022386387,0.7033593,d
test_4207.jpg,1.3001086e-05,0.99952245,0.00026113377,0.00020337121,b
test_4208.jpg,2.2602721e-06,1.8925026e-05,4.222744e-06,0.9999746,d
test_4209.jpg,5.8275196e-05,9.607956e-05,0.9996661,0.00017950025,c
test_4210.jpg,0.9848675,0.0007925554,0.00029156485,0.01404838,a
test_4211.jpg,4.0061677e-05,1.4737869e-05,3.535431e-05,0.99990976,d
test_4212.jpg,0.00054001034,0.022961825,0.97636163,0.00013653601,c
test_4213.jpg,4.2228025e-06,2.5612592e-06,0.99998844,4.785062e-06,c
test_4214.jpg,4.7850012e-06,1.6701295e-05,0.9999757,2.9022501e-06,c
test_4215.jpg,6.962065e-06,2.4299994e-05,0.99996555,3.2886467e-06,c
test_4216.jpg,0.00029325855,0.99058855,0.000547879,0.008570271,b
test_4217.jpg,0.00012338189,5.1433224e-05,0.9997738,5.1433224e-05,c
test_4218.jpg,0.9999728,7.88911e-06,1.1478588e-05,7.88911e-06,a
test_4219.jpg,0.0002607241,0.0017001351,0.99795437,8.464473e-05,c
test_4220.jpg,7.8114704e-07,1.0677013e-06,6.475936e-07,0.9999975,d
test_4221.jpg,0.00055264117,0.00010882151,0.99919873,0.00013972959,c
test_4222.jpg,0.01996075,0.0011261085,0.13016044,0.8487527,d
test_4223.jpg,3.9278484e-07,0.9999962,1.2098625e-06,2.2603208e-06,b
test_4224.jpg,2.5612765e-06,1.5534929e-06,6.475922e-07,0.99999523,d
test_4225.jpg,0.0046019736,0.00048504444,0.9937495,0.001163561,c
test_4226.jpg,3.7265168e-06,0.9999634,2.1444625e-05,1.147848e-05,b
test_4227.jpg,7.484005e-05,5.8285485e-05,2.4297005e-05,0.9998425,d
test_4228.jpg,0.00088898797,0.020233272,0.9748936,0.0039841677,c
test_4229.jpg,0.022961317,0.00037113513,0.97634,0.00032752557,c
test_4230.jpg,1.0029222e-06,0.9999074,1.6700154e-05,7.48449e-05,b
test_4231.jpg,1.0676988e-06,1.5534927e-06,0.9999951,2.2603183e-06,c
test_4232.jpg,4.006203e-05,3.1200347e-05,1.0129268e-05,0.9999186,d
test_4233.jpg,2.72642e-06,0.9999788,3.726574e-06,1.47388855e-05,b
test_4234.jpg,0.0007092528,0.00015825569,0.9987023,0.00043018357,c
test_4235.jpg,9.422411e-07,1.9947245e-06,0.99999535,1.7603381e-06,c
test_4236.jpg,3.535539e-05,1.8924376e-05,5.4219245e-06,0.9999403,d
test_4237.jpg,0.022866612,0.0024101234,0.9723131,0.0024101234,c
test_4238.jpg,4.534139e-05,7.475531e-05,0.0011693698,0.9987105,d
test_4239.jpg,9.4222383e-07,0.999977,3.0894328e-06,1.8925071e-05,b
test_4240.jpg,1.012951e-05,4.5397315e-05,1.994619e-06,0.9999424,d
test_4241.jpg,0.0023964355,0.24444304,0.7529376,0.00022290323,c
test_4242.jpg,0.99915874,0.00055261905,0.00026103875,2.7513286e-05,a
test_4243.jpg,1.8917945e-05,0.99960047,8.478434e-05,0.00029592647,b
test_4244.jpg,0.9373023,0.0018094191,0.0009685122,0.05991973,a
test_4245.jpg,0.9992623,4.536644e-05,0.00013973848,0.0005526763,a
test_4246.jpg,2.4283412e-05,0.0001397414,0.99928325,0.0005526879,c
test_4247.jpg,4.2227666e-06,1.0676827e-06,0.99998,1.4738903e-05,c
test_4248.jpg,8.939647e-06,1.2098496e-06,0.9999856,4.2227903e-06,c
test_4249.jpg,2.4299878e-05,4.78493e-06,0.9999608,1.01296955e-05,c
test_4250.jpg,0.00010888811,1.4736402e-05,0.9998103,6.604397e-05,c
test_4251.jpg,0.00013978322,1.6694725e-05,0.99958235,0.00026114943,c
test_4252.jpg,0.99996674,4.2227107e-06,1.0129756e-05,1.8924877e-05,a
test_4253.jpg,0.7707195,0.13393097,0.08123324,0.014116221,a
test_4254.jpg,0.99998415,5.4221623e-06,7.889199e-06,2.561248e-06,a
test_4255.jpg,0.092843845,0.0028036414,0.0234746,0.88087785,d
test_4256.jpg,0.9967225,0.00029507445,0.0021803216,0.0008020955,a
test_4257.jpg,5.828645e-05,0.9998591,5.828645e-05,2.4297407e-05,b
test_4258.jpg,0.0079116,0.07506317,0.0025685206,0.91445667,d
test_4259.jpg,7.484233e-05,1.669958e-05,0.99987304,3.5353012e-05,c
test_4260.jpg,3.4663077e-07,0.9999943,2.5612742e-06,2.902304e-06,b
test_4261.jpg,0.0046034465,0.00062300864,0.99406755,0.0007059613,c
test_4262.jpg,0.9976864,9.5889285e-05,3.5275698e-05,0.0021824301,a
test_4263.jpg,0.2443672,0.75270396,0.0010630818,0.0018657667,b
test_4264.jpg,5.4220072e-06,0.99995553,1.4738543e-05,2.429975e-05,b
test_4265.jpg,0.0001230409,0.9970107,0.002800398,6.585904e-05,b
test_4266.jpg,0.0031697673,0.0002948343,0.99591124,0.0006241641,c
test_4267.jpg,1.9943434e-06,0.9998043,0.00010888746,8.4801635e-05,b
test_4268.jpg,0.9999963,1.9947265e-06,1.0030113e-06,7.8114607e-07,a
test_4269.jpg,1.1478192e-05,0.99993837,1.0129469e-05,4.0062823e-05,b
test_4270.jpg,1.7685506e-05,0.005219962,1.3773485e-05,0.99474865,d
test_4271.jpg,0.997929,2.1400994e-05,0.0019264561,0.00012315421,a
test_4272.jpg,2.7531627e-05,0.9998248,7.887942e-06,0.00013981713,b
test_4273.jpg,0.99996376,2.1444632e-05,7.889039e-06,6.9620523e-06,a
test_4274.jpg,2.9022874e-06,0.99998856,3.7266104e-06,4.785063e-06,b
test_4275.jpg,2.5612421e-06,7.889181e-06,0.99998176,7.889181e-06,c
test_4276.jpg,0.00020337093,0.99952114,0.00017947421,9.6065625e-05,b
test_4277.jpg,5.714988e-07,6.083573e-07,0.99999654,2.2603217e-06,c
test_4278.jpg,1.4738898e-05,3.7265772e-06,1.994693e-06,0.9999796,d
test_4279.jpg,4.222798e-06,6.1441347e-06,2.2603008e-06,0.99998736,d
test_4280.jpg,4.006177e-05,7.8886305e-06,0.999912,4.006177e-05,c
test_4281.jpg,0.99957067,0.00029591765,0.00012335682,1.0125744e-05,a
test_4282.jpg,3.0590047e-07,0.9999939,4.2228257e-06,1.5534908e-06,b
test_4283.jpg,0.0021807805,0.0007079958,0.00017900937,0.99693227,d
test_4284.jpg,4.4508258e-07,0.99999404,1.7603359e-06,3.726631e-06,b
test_4285.jpg,6.60416e-05,0.9997743,7.483494e-05,8.479909e-05,b
test_4286.jpg,0.99998116,7.889176e-06,6.144097e-06,4.7850276e-06,a
test_4287.jpg,0.9999962,1.287892e-06,7.81146e-07,1.6536861e-06,a
test_4288.jpg,0.9999881,4.2228007e-06,4.785061e-06,2.902286e-06,a
test_4289.jpg,0.98265636,0.004550602,0.012369818,0.00042327188,a
test_4290.jpg,5.143904e-05,1.0128947e-05,0.9998869,5.143904e-05,c
test_4291.jpg,5.7149833e-07,0.9999957,8.3152514e-07,2.902308e-06,b
test_4292.jpg,0.99210924,0.0045943777,0.00013873818,0.0031576664,a
test_4293.jpg,5.828737e-05,2.1442724e-05,4.539425e-05,0.99987483,d
test_4294.jpg,1.2878252e-06,0.9999443,2.902159e-06,5.1442e-05,b
test_4295.jpg,1.8924886e-05,1.0129761e-05,3.726531e-06,0.9999672,d
test_4296.jpg,0.9942129,0.004063121,0.0014947386,0.0002292256,a
test_4297.jpg,0.8470809,0.14720057,0.0044450723,0.0012735345,a
test_4298.jpg,2.9023022e-06,0.9999937,1.5534905e-06,1.8738671e-06,b
test_4299.jpg,4.7850644e-06,8.8514787e-07,0.9999889,5.422188e-06,c
test_4300.jpg,6.962172e-06,4.2227707e-06,7.889174e-06,0.9999809,d
test_4301.jpg,3.2886803e-06,1.6701297e-05,4.222749e-06,0.9999758,d
test_4302.jpg,0.041970756,0.95524997,0.0004114668,0.002367828,b
test_4303.jpg,0.51977885,0.27821755,0.010787665,0.19121596,a
test_4304.jpg,0.00029341446,0.0019133025,0.006678082,0.9911152,d
test_4305.jpg,0.00037995222,6.6025794e-05,1.8916708e-05,0.9995351,d
test_4306.jpg,4.222778e-06,4.222778e-06,0.9999827,8.939622e-06,c
test_4307.jpg,5.1437877e-05,7.484167e-05,9.51505e-06,0.9998642,d
test_4308.jpg,3.5347643e-05,0.00023049557,1.3003671e-05,0.9997211,d
test_4309.jpg,8.938974e-06,4.5395856e-05,3.535433e-05,0.99991024,d
test_4310.jpg,0.40015796,0.58222634,0.013692652,0.0039230105,b
test_4311.jpg,7.484208e-05,1.0128772e-05,4.5394012e-05,0.9998696,d
test_4312.jpg,3.119692e-05,0.00015843102,1.5532033e-06,0.99980885,d
test_4313.jpg,0.91789466,0.0061847256,0.00057526905,0.07534538,a
test_4314.jpg,0.0007096495,1.4728305e-05,0.99926096,1.4728305e-05,c
test_4315.jpg,0.012398904,0.0011532777,0.0014808379,0.98496693,d
test_4316.jpg,0.0009103689,0.00012320503,0.0006256868,0.9983407,d
test_4317.jpg,0.0014851091,0.9878079,0.008546213,0.002160821,b
test_4318.jpg,0.9999924,3.288735e-06,2.2603122e-06,2.1233668e-06,a
test_4319.jpg,6.1441056e-06,3.2887026e-06,0.9999826,7.889187e-06,c
test_4320.jpg,0.99981123,2.7531252e-05,0.00013981524,2.144136e-05,a
test_4321.jpg,0.16395234,0.001821346,0.64844406,0.18578233,c
test_4322.jpg,0.01795355,0.0016699405,0.00014591776,0.9802306,d
test_4323.jpg,0.7161569,0.26345944,0.0012987461,0.019084934,a
test_4324.jpg,2.1438196e-05,0.9996637,1.8919141e-05,0.00029594518,b
test_4325.jpg,7.889226e-06,3.2887192e-06,1.2098521e-06,0.9999876,d
test_4326.jpg,0.0014609767,0.0008861272,0.025896432,0.97175646,d
test_4327.jpg,6.9621688e-06,1.1365429e-06,0.99998045,1.1478675e-05,c
test_4328.jpg,0.00091016194,0.99811375,0.00091016194,6.5931905e-05,b
test_4329.jpg,0.9999021,5.1439827e-05,2.7533757e-05,1.8923654e-05,a
test_4330.jpg,4.222825e-06,1.5534906e-06,0.9999938,4.1811631e-07,c
test_4331.jpg,0.9981171,0.0015006083,0.0001792221,0.00020308525,a
test_4332.jpg,6.962045e-06,2.1444608e-05,0.9999627,8.9394425e-06,c
test_4333.jpg,0.00043000065,0.99827766,0.001031518,0.00026080856,b
test_4334.jpg,0.29378766,0.0012006431,0.70476,0.00025166845,c
test_4335.jpg,4.1811705e-07,1.994725e-06,1.994725e-06,0.9999956,d
test_4336.jpg,0.9986921,0.00020320225,0.00055236096,0.00055236096,a
test_4337.jpg,4.5391684e-05,8.480283e-05,0.9998184,5.1435516e-05,c
test_4338.jpg,7.889087e-06,5.4220855e-06,0.99996996,1.6701199e-05,c
test_4339.jpg,1.5534731e-06,1.2878743e-06,0.9999825,1.473894e-05,c
test_4340.jpg,3.1201722e-05,5.093541e-06,9.4221036e-07,0.9999627,d
test_4341.jpg,0.66643775,0.3148029,0.0030862193,0.015673114,a
test_4342.jpg,0.99889404,0.00055247266,0.00043026614,0.0001232733,a
test_4343.jpg,0.040731065,0.00051272847,0.9270348,0.031721387,c
test_4344.jpg,0.9873931,0.0011561183,0.00048194188,0.010968947,a
test_4345.jpg,3.1193093e-05,0.00026117652,2.1438676e-05,0.9996861,d
test_4346.jpg,0.00013980603,7.483277e-05,0.9997453,4.005509e-05,c
test_4347.jpg,6.9621738e-06,1.14786835e-05,4.1811103e-07,0.99998116,d
test_4348.jpg,0.002789836,0.00037756324,0.00358222,0.99325037,d
test_4349.jpg,0.62200516,0.37726521,0.0005671953,0.00016250416,a
test_4350.jpg,0.7050312,0.29390073,0.0005673619,0.0005006951,a
test_4351.jpg,2.5612542e-06,1.01299565e-05,0.9999865,8.8514577e-07,c
test_4352.jpg,1.0030091e-06,0.99999404,1.20986e-06,3.726631e-06,b
test_4353.jpg,0.0003799559,0.9995447,3.5341403e-05,4.0047053e-05,b
test_4354.jpg,0.0031709312,0.00042913886,0.9962769,0.00012295034,c
test_4355.jpg,0.00096996233,0.00031490065,0.9387057,0.060009442,c
test_4356.jpg,0.00012337365,8.4793384e-05,0.99970704,8.4793384e-05,c
test_4357.jpg,1.6373723e-07,0.999997,1.0677009e-06,1.7603411e-06,b
test_4358.jpg,6.605082e-05,1.6700264e-05,3.2884768e-06,0.99991393,d
test_4359.jpg,0.9999914,2.5612667e-06,3.0894773e-06,2.9022956e-06,a
test_4360.jpg,0.0037695458,0.43570027,0.001079993,0.5594502,d
test_4361.jpg,0.00022980139,0.00026039907,0.9967103,0.0027995543,c
test_4362.jpg,0.0016920738,0.004059074,0.9932226,0.0010262945,c
test_4363.jpg,1.0676827e-06,4.2227666e-06,1.4738903e-05,0.99998,d
test_4364.jpg,1.0129857e-05,0.99997675,6.962143e-06,6.1440696e-06,b
test_4365.jpg,0.99952316,0.0003799477,5.142033e-05,4.537828e-05,a
test_4366.jpg,0.99998,3.7265786e-06,6.144089e-06,1.012989e-05,a
test_4367.jpg,4.2227657e-06,1.3709314e-06,0.99997973,1.47389e-05,c
test_4368.jpg,1.8924477e-05,2.7534954e-05,0.99994564,7.888895e-06,c
test_4369.jpg,0.020792702,0.6885597,0.2870344,0.0036132298,b
test_4370.jpg,8.939607e-06,7.889175e-06,2.1233427e-06,0.99998105,d
test_4371.jpg,0.9999924,1.3709487e-06,4.222819e-06,2.1233668e-06,a
test_4372.jpg,5.7149646e-07,0.9999925,5.4222073e-06,1.5534886e-06,b
test_4373.jpg,0.9904944,0.0003765156,0.0066738985,0.0024551903,a
test_4374.jpg,8.4800144e-05,0.00012338349,5.092645e-06,0.9997868,d
test_4375.jpg,0.7036413,0.0025377267,0.000499708,0.2933213,a
test_4376.jpg,0.0004304936,9.605611e-05,5.141513e-05,0.9994221,d
test_4377.jpg,4.0060375e-05,1.669965e-05,6.604839e-05,0.9998772,d
test_4378.jpg,0.9990982,0.0002610229,0.0002610229,0.00037978616,a
test_4379.jpg,0.99991417,2.4298744e-05,4.0061856e-05,2.1443568e-05,a
test_4380.jpg,0.00033509883,4.0021845e-05,0.99891555,0.00070940424,c
test_4381.jpg,2.429889e-05,4.5396304e-05,0.9999201,1.01292835e-05,c
test_4382.jpg,0.99981385,1.8921983e-05,0.0001088885,5.828381e-05,a
test_4383.jpg,0.9999652,6.9620623e-06,8.939465e-06,1.8924848e-05,a
test_4384.jpg,0.0035573265,0.00042486205,0.98634803,0.009669816,c
test_4385.jpg,0.9999286,5.82905e-05,4.784776e-06,8.397543e-06,a
test_4386.jpg,8.480564e-05,5.8286005e-05,5.421443e-06,0.99985147,d
test_4387.jpg,0.99993813,2.1444082e-05,2.1444082e-05,1.8924335e-05,a
test_4388.jpg,0.9997563,9.608823e-05,0.00012337972,2.4294908e-05,a
test_4389.jpg,8.939613e-06,1.5534717e-06,0.99998164,7.88918e-06,c
test_4390.jpg,7.4840704e-05,7.888151e-06,0.9998512,6.604668e-05,c
test_4391.jpg,0.029227339,0.0021172212,0.9678765,0.0007788822,c
test_4392.jpg,0.9826566,0.015883164,0.0011505726,0.0003096724,a
test_4393.jpg,6.8935816e-07,0.9999951,1.3709524e-06,2.9023065e-06,b
test_4394.jpg,3.927846e-07,0.9999956,1.5534935e-06,2.5612774e-06,b
test_4395.jpg,4.7378947e-07,0.99999726,1.2098639e-06,1.0677011e-06,b
test_4396.jpg,0.99918574,0.0002033027,0.00012330932,0.00048769783,a
test_4397.jpg,0.99997795,8.939579e-06,4.222758e-06,8.939579e-06,a
test_4398.jpg,0.99998975,5.4221928e-06,1.0676931e-06,3.726615e-06,a
test_4399.jpg,0.99691665,0.0028001338,0.00026045297,2.2758131e-05,a
test_4400.jpg,0.9997222,5.827847e-05,4.0054165e-05,0.00017951032,a
test_4401.jpg,0.001500182,0.00048703785,0.99783355,0.00017917118,c
test_4402.jpg,5.0434585e-07,0.9999964,1.9947267e-06,1.0677002e-06,b
test_4403.jpg,0.005106329,0.01782284,0.97309405,0.003976813,c
test_4404.jpg,0.0030613632,0.14750473,0.00060281815,0.8488312,d
test_4405.jpg,0.9894298,0.0007962268,0.004581969,0.0051920507,a
test_4406.jpg,0.00017952372,0.9997968,6.96089e-06,1.6698306e-05,b
test_4407.jpg,1.0129872e-05,6.962153e-06,4.785013e-06,0.9999782,d
test_4408.jpg,0.00077844353,0.24457967,0.7533585,0.0012834365,c
test_4409.jpg,3.5006394e-06,0.99993503,2.1444015e-05,4.0062692e-05,b
test_4410.jpg,0.99924076,7.4795e-05,5.8250404e-05,0.0006262508,a
test_4411.jpg,1.3006308e-05,4.784754e-06,5.829023e-05,0.99992394,d
test_4412.jpg,0.9999238,8.939095e-06,5.829022e-05,8.939095e-06,a
test_4413.jpg,0.055801302,0.41231894,0.0024517383,0.529428,d
test_4414.jpg,0.001922639,0.00042899876,0.99595165,0.0016967232,c
test_4415.jpg,7.4791875e-05,1.6688322e-05,0.999199,0.0007096055,c
test_4416.jpg,1.5534862e-06,5.368704e-07,0.99999094,6.9622415e-06,c
test_4417.jpg,1.0030129e-06,5.043466e-07,0.99999785,6.475939e-07,c
test_4418.jpg,2.9022801e-06,9.4223236e-07,0.99998605,1.0129952e-05,c
test_4419.jpg,5.0923195e-06,0.00026118616,1.0780441e-05,0.9997229,d
test_4420.jpg,0.004609103,7.449921e-05,2.7406726e-05,0.99528897,d
test_4421.jpg,0.0011837143,0.10655456,0.89217037,9.1278234e-05,c
test_4422.jpg,0.00026114998,5.827044e-05,9.6071715e-05,0.9995845,d
test_4423.jpg,1.7603398e-06,1.5534946e-06,3.927849e-07,0.9999963,d
test_4424.jpg,3.2887344e-06,2.902298e-06,1.5534882e-06,0.99999225,d
test_4425.jpg,0.27949402,0.025996992,0.10282009,0.5916888,d
test_4426.jpg,0.00013980814,9.608863e-05,3.7257605e-06,0.99976045,d
test_4427.jpg,0.43563217,0.004839436,0.00016559642,0.55936277,d
test_4428.jpg,7.811442e-07,0.9999939,1.5534908e-06,3.7266304e-06,b
test_4429.jpg,0.000108575165,0.0010301324,0.0019245407,0.9969368,d
test_4430.jpg,7.889202e-06,4.785043e-06,2.9022754e-06,0.9999844,d
test_4431.jpg,3.4663194e-07,0.9999976,5.714994e-07,1.3709558e-06,b
test_4432.jpg,0.008572294,0.99082255,0.00022844391,0.00037664035,b
test_4433.jpg,0.048593998,0.6708194,0.27963912,0.00094743207,b
test_4434.jpg,4.7850835e-06,8.851514e-07,0.99999285,1.5534891e-06,c
test_4435.jpg,0.0002610979,0.00012333393,0.0002304181,0.9993851,d
test_4436.jpg,0.013319404,0.34351197,0.0014038548,0.6417648,d
test_4437.jpg,4.785051e-06,2.2602978e-06,0.99998605,6.9622074e-06,c
test_4438.jpg,0.98338044,0.012378933,0.0027621135,0.0014784527,a
test_4439.jpg,1.9946956e-06,0.9999808,4.2227703e-06,1.3007048e-05,b
test_4440.jpg,0.987143,0.00967761,0.0021593666,0.0010200125,a
test_4441.jpg,2.1442942e-05,2.7533284e-05,0.99988496,6.604891e-05,c
test_4442.jpg,0.059857942,0.9363358,0.0033769542,0.00042933153,b
test_4443.jpg,4.538839e-05,5.42087e-06,0.9997458,0.00020341665,c
test_4444.jpg,0.5273933,0.0066389013,0.4654229,0.0005449542,a
test_4445.jpg,2.9022756e-06,8.939638e-06,0.9999845,3.7265954e-06,c
test_4446.jpg,0.99513227,0.0011651801,0.0009074432,0.002795122,a
test_4447.jpg,0.00051941763,0.93912905,0.06003651,0.0003150427,b
test_4448.jpg,0.00015841336,3.53468e-05,0.00010887581,0.9996973,d
test_4449.jpg,0.9999713,1.3006924e-05,7.889098e-06,7.889098e-06,a
test_4450.jpg,0.0001793601,2.427375e-05,0.9988856,0.0009108657,c
test_4451.jpg,0.9716455,0.0010039989,0.0044996114,0.022850912,a
test_4452.jpg,2.1442673e-05,4.0060182e-05,6.604808e-05,0.99987245,d
test_4453.jpg,0.032472588,0.12843159,0.0016167151,0.8374791,d
test_4454.jpg,0.99947196,0.000108851265,0.00029588843,0.00012334464,a
test_4455.jpg,0.0240649,0.79692,0.0011981208,0.1778169,b
test_4456.jpg,0.0024707585,0.00020281221,0.0005513007,0.9967751,d
test_4457.jpg,0.0013093043,0.010962672,0.0008998708,0.9868282,d
test_4458.jpg,0.76606417,0.17093202,0.055493504,0.0075102295,a
test_4459.jpg,0.9999509,1.01295955e-05,2.75351e-05,1.1478336e-05,a
test_4460.jpg,0.024159165,0.25973552,0.7060343,0.010071038,c
test_4461.jpg,6.962184e-06,7.889188e-06,2.4060664e-06,0.9999827,d
test_4462.jpg,5.422184e-06,4.222801e-06,2.2603028e-06,0.9999882,d
test_4463.jpg,2.753502e-05,1.1478303e-05,0.999948,1.3006622e-05,c
test_4464.jpg,0.97331595,0.000610003,0.00013611009,0.025937991,a
test_4465.jpg,0.00055265025,0.00012331294,0.9992151,0.0001088233,c
test_4466.jpg,0.0008033072,0.00091026636,5.8191377e-05,0.99822825,d
test_4467.jpg,2.9022622e-06,2.5612371e-06,1.4738902e-05,0.99997985,d
test_4468.jpg,4.785064e-06,4.222804e-06,2.2603042e-06,0.9999888,d
test_4469.jpg,0.99954516,1.8916899e-05,5.419782e-06,0.00043054664,a
test_4470.jpg,0.9999255,3.5354868e-05,3.120056e-05,7.888737e-06,a
test_4471.jpg,0.0005662979,0.37666833,0.6210211,0.0017443205,c
test_4472.jpg,0.00012338301,0.999783,3.534983e-05,5.828201e-05,b
test_4473.jpg,5.144014e-05,1.8923769e-05,2.144344e-05,0.9999082,d
test_4474.jpg,3.5224868e-05,0.003593034,0.00012294686,0.9962488,d
test_4475.jpg,0.002469349,0.0011664378,0.9962064,0.00015786018,c
test_4476.jpg,0.00062018144,0.00012212097,0.9895565,0.009701272,c
test_4477.jpg,0.00013979558,3.119261e-05,0.9996706,0.00015840912,c
test_4478.jpg,0.003107252,0.97626954,0.0027421406,0.017881002,b
test_4479.jpg,0.99954706,0.00017947887,1.2213691e-05,0.0002611402,a
test_4480.jpg,0.00029586055,0.0002304164,0.9993777,9.6051845e-05,c
test_4481.jpg,0.004735747,0.08394312,0.008847541,0.9024736,d
test_4482.jpg,1.3006983e-05,3.2886803e-06,0.9999758,7.8891335e-06,c
test_4483.jpg,3.534493e-05,2.4292189e-05,0.9996444,0.00029593948,c
test_4484.jpg,0.9791404,0.00017581464,0.017933583,0.002750204,a
test_4485.jpg,0.02918264,0.003949441,0.00047169346,0.96639633,d
test_4486.jpg,0.00010883943,0.00048778448,0.99936324,4.003978e-05,c
test_4487.jpg,0.9999553,1.1478387e-05,8.939377e-06,2.4299745e-05,a
test_4488.jpg,0.9999814,5.4221473e-06,1.0129905e-05,3.0894464e-06,a
test_4489.jpg,4.00524e-05,0.00012337009,0.00015841033,0.99967825,d
test_4490.jpg,0.012852601,0.7017282,0.05760136,0.2278178,b
test_4491.jpg,5.4221437e-06,6.96217e-06,0.9999807,6.96217e-06,c
test_4492.jpg,0.000158383,7.4814845e-05,0.99950576,0.0002611294,c
test_4493.jpg,1.6536394e-06,0.99996793,1.8924899e-05,1.1478532e-05,b
test_4494.jpg,1.3006941e-05,2.902241e-06,0.9999726,1.1478585e-05,c
test_4495.jpg,0.0021713255,0.0045966962,0.0006220951,0.9926099,d
test_4496.jpg,0.99997187,1.3006932e-05,6.1440396e-06,8.939524e-06,a
test_4497.jpg,0.9646627,0.0016434186,0.03300894,0.0006850787,a
test_4498.jpg,7.483693e-05,6.604335e-05,0.99980086,5.8283054e-05,c
test_4499.jpg,0.5740605,0.1130392,0.30727243,0.005627891,a
test_4500.jpg,0.9999758,1.3006983e-05,4.222749e-06,6.9621365e-06,a
test_4501.jpg,1.0676978e-06,0.99999416,6.0835583e-07,4.2228266e-06,b
test_4502.jpg,4.7378796e-07,0.99999404,1.3709509e-06,4.222826e-06,b
test_4503.jpg,0.999977,8.939571e-06,6.144071e-06,7.889143e-06,a
test_4504.jpg,8.8514923e-07,0.99999046,3.2887285e-06,5.4221964e-06,b
test_4505.jpg,0.000108868255,0.00012336389,0.00013978961,0.99962795,d
test_4506.jpg,2.4299698e-05,2.1444408e-05,8.3148996e-07,0.9999534,d
test_4507.jpg,0.9994104,0.00015836788,9.605498e-05,0.00033526483,a
test_4508.jpg,1.1478599e-05,1.7603002e-06,0.9999738,1.3006957e-05,c
test_4509.jpg,0.9958008,0.00017880619,0.0035914185,0.00042893377,a
test_4510.jpg,1.669901e-05,0.99983895,0.00010889124,3.5351808e-05,b
test_4511.jpg,0.9998958,2.1443175e-05,5.1439503e-05,3.1199634e-05,a
test_4512.jpg,0.9868057,0.005178281,0.007534354,0.00048165518,a
test_4513.jpg,1.473818e-05,4.539679e-05,8.939158e-06,0.99993086,d
test_4514.jpg,0.9999895,2.2603058e-06,2.9022901e-06,5.4221914e-06,a
test_4515.jpg,0.00013979836,0.99969053,8.479198e-05,8.479198e-05,b
test_4516.jpg,2.4060612e-06,0.99998057,1.01298965e-05,6.9621697e-06,b
test_4517.jpg,5.4221437e-06,1.3007047e-05,8.851406e-07,0.9999807,d
test_4518.jpg,0.0010079205,0.022940166,0.00061133463,0.9754406,d
test_4519.jpg,0.9905748,0.0013142752,0.007563131,0.0005478714,a
test_4520.jpg,0.019958498,0.017613314,0.96165437,0.000773875,c
test_4521.jpg,3.535556e-05,1.4738388e-05,4.784855e-06,0.99994504,d
test_4522.jpg,1.4737287e-05,0.9998703,4.00601e-05,7.484213e-05,b
test_4523.jpg,0.9462793,0.047112472,0.00023224506,0.0063759796,a
test_4524.jpg,0.9625274,0.025650484,0.009436287,0.0023858668,a
test_4525.jpg,0.34410635,0.0026272843,0.64287525,0.010391111,c
test_4526.jpg,0.00013783919,0.000121642646,0.014059978,0.9856806,d
test_4527.jpg,0.00020334545,0.00013975715,0.0002611007,0.99939585,d
test_4528.jpg,1.8924042e-05,1.3006292e-05,0.99992263,4.539642e-05,c
test_4529.jpg,0.14795077,0.00060464104,4.662491e-05,0.851398,d
test_4530.jpg,0.034589205,0.17565846,0.78724664,0.0025056335,c
test_4531.jpg,0.99977845,1.777493e-05,0.00017952042,2.4295447e-05,a
test_4532.jpg,5.4221987e-06,8.851496e-07,0.9999908,2.902294e-06,c
test_4533.jpg,1.4738142e-05,1.1478078e-05,0.99992836,4.539668e-05,c
test_4534.jpg,0.0005828734,0.49780816,0.003800812,0.49780816,b
test_4535.jpg,0.99938023,0.0004304756,0.00012333332,6.601557e-05,a
test_4536.jpg,1.3006519e-05,0.99994016,1.1478213e-05,3.5355384e-05,b
test_4537.jpg,1.012992e-05,4.2227794e-06,2.7264314e-06,0.99998295,d
test_4538.jpg,0.00037991477,7.480966e-05,0.0001088474,0.99943644,d
test_4539.jpg,0.097062044,0.632924,0.16002825,0.109985694,b
test_4540.jpg,0.015890041,0.0010158163,1.2012501e-05,0.9830821,d
test_4541.jpg,6.47591e-07,0.99999344,2.2603147e-06,3.7266288e-06,b
test_4542.jpg,0.00070837716,0.00012309749,0.0016993086,0.9974693,d
test_4543.jpg,0.012385105,0.0013053805,0.98387074,0.0024387718,c
test_4544.jpg,0.9999939,2.2603158e-06,2.2603158e-06,1.5534908e-06,a
test_4545.jpg,0.5844227,0.0012009639,0.101557426,0.31281894,a
test_4546.jpg,0.009648528,0.9841765,0.0021528774,0.0040221047,b
test_4547.jpg,6.601299e-05,0.9993412,4.00389e-05,0.00055272,b
test_4548.jpg,0.9999937,3.2887392e-06,4.1811626e-07,2.5612726e-06,a
test_4549.jpg,0.0031655952,0.00031343638,0.7745956,0.22192536,c
test_4550.jpg,8.4788364e-05,0.00010887042,0.99964786,0.00015840551,c
test_4551.jpg,9.609867e-05,1.47372075e-05,0.99986494,2.429755e-05,c
test_4552.jpg,8.480887e-05,1.6699858e-05,8.9387895e-06,0.9998896,d
test_4553.jpg,0.34540135,0.44350412,0.09895915,0.1121354,b
test_4554.jpg,0.0551885,0.0012192728,0.8632934,0.08029879,c
test_4555.jpg,0.9999933,2.5612717e-06,1.1365574e-06,2.9023013e-06,a
test_4556.jpg,0.99997306,4.4950807e-06,1.6701251e-05,5.7717975e-06,a
test_4557.jpg,0.24877664,0.0035486082,0.15089066,0.5967841,d
test_4558.jpg,0.99728096,0.00020291514,0.00033455048,0.0021815433,a
test_4559.jpg,0.0020476321,0.9360641,0.059840575,0.0020476321,b
test_4560.jpg,1.3006888e-05,3.7265359e-06,0.9999685,1.47387345e-05,c
test_4561.jpg,1.0129868e-05,0.9999778,3.0894355e-06,8.939578e-06,b
test_4562.jpg,0.9999914,1.2878859e-06,1.1365553e-06,6.1441597e-06,a
test_4563.jpg,4.78504e-06,2.5612471e-06,0.9999838,8.939632e-06,c
test_4564.jpg,0.9999871,4.7850563e-06,4.7850563e-06,3.2887176e-06,a
test_4565.jpg,8.315258e-07,2.2603217e-06,3.256302e-07,0.99999654,d
test_4566.jpg,0.99998283,3.2887035e-06,6.962185e-06,6.962185e-06,a
test_4567.jpg,0.9999689,1.670118e-05,1.0129777e-05,4.22272e-06,a
test_4568.jpg,0.00037971017,0.0006260362,9.6005766e-05,0.99889827,d
test_4569.jpg,3.5007813e-06,0.99997556,1.9946851e-06,1.8925044e-05,b
test_4570.jpg,4.2227803e-06,4.785037e-06,0.9999832,7.889192e-06,c
test_4571.jpg,0.00059606106,0.047351,0.95107025,0.0009827387,c
test_4572.jpg,4.7849226e-06,4.7849226e-06,0.99995923,3.1201613e-05,c
test_4573.jpg,0.05331262,0.0005922496,0.9449887,0.001106468,c
test_4574.jpg,0.02032914,0.00013697668,2.1006053e-05,0.9795129,d
test_4575.jpg,3.2887322e-06,1.873863e-06,0.99999154,3.2887322e-06,c
test_4576.jpg,0.99983954,4.0058865e-05,9.6096235e-05,2.4296933e-05,a
test_4577.jpg,6.0835714e-07,0.9999963,1.0677e-06,1.9947265e-06,b
test_4578.jpg,0.9999652,1.4738685e-05,5.4220595e-06,1.4738685e-05,a
test_4579.jpg,0.00042727138,0.004053838,0.99194145,0.0035774997,c
test_4580.jpg,0.00029591864,4.538059e-05,0.999574,8.47821e-05,c
test_4581.jpg,0.0024479607,0.009681872,0.00029236721,0.98757774,d
test_4582.jpg,0.00017829484,0.006690465,0.992953,0.00017829484,c
test_4583.jpg,0.0013194935,0.00010831063,0.99450785,0.004064326,c
test_4584.jpg,6.144066e-06,1.4738847e-05,2.9022515e-06,0.99997616,d
test_4585.jpg,3.2885596e-06,0.9999391,5.144173e-05,6.143838e-06,b
test_4586.jpg,9.48597e-06,0.0031726228,9.48597e-06,0.99680835,d
test_4587.jpg,9.422427e-07,6.8935947e-07,0.999997,1.370955e-06,c
test_4588.jpg,0.222526,0.0004867736,0.77669203,0.00029524314,c
test_4589.jpg,0.08941755,0.002382897,0.45409977,0.45409977,c
test_4590.jpg,0.9989874,0.000626092,5.139277e-05,0.00033512292,a
test_4591.jpg,0.0014442687,0.032871403,0.9606433,0.0050409934,c
test_4592.jpg,0.98711944,0.0040341318,0.0013096908,0.0075367494,a
test_4593.jpg,0.08456389,0.0008825034,0.0054059885,0.90914756,d
test_4594.jpg,0.9998741,8.480756e-05,2.4297771e-05,1.6699598e-05,a
test_4595.jpg,0.999201,0.0001233112,0.00037982524,0.0002958082,a
test_4596.jpg,1.5534708e-06,0.99998105,2.56124e-06,1.4738919e-05,b
test_4597.jpg,0.0024320048,0.98114073,0.0024320048,0.01399522,b
test_4598.jpg,3.5350513e-05,3.7259167e-06,0.9998024,0.00015843,c
test_4599.jpg,1.1478577e-05,1.4738784e-05,1.8738261e-06,0.99997187,d
test_4600.jpg,0.9996697,8.479021e-05,6.6034685e-05,0.00017950089,a
test_4601.jpg,1.7603398e-06,1.459373e-06,5.043458e-07,0.9999963,d
test_4602.jpg,0.017978592,0.00037313375,5.049816e-05,0.9815978,d
test_4603.jpg,0.00013981329,3.5350335e-05,2.7530868e-05,0.9997973,d
test_4604.jpg,0.9999795,5.4221373e-06,8.939593e-06,6.1440865e-06,a
test_4605.jpg,0.020138701,0.4583547,0.51938397,0.0021226036,c
test_4606.jpg,0.4598543,0.31605294,0.16917096,0.054921765,a
test_4607.jpg,4.2227994e-06,4.785059e-06,0.9999877,3.2887194e-06,c
test_4608.jpg,4.181164e-07,1.20986e-06,0.99999404,4.222826e-06,c
test_4609.jpg,1.1478636e-05,6.144071e-06,0.999977,5.4221236e-06,c
test_4610.jpg,3.7266248e-06,2.2603122e-06,1.6536798e-06,0.9999924,d
test_4611.jpg,0.002316897,0.010383612,0.16242701,0.82487243,d
test_4612.jpg,3.0590158e-07,0.9999976,6.0835794e-07,1.3709558e-06,b
test_4613.jpg,0.9948125,0.00020241288,0.004606896,0.00037815704,a
test_4614.jpg,0.60342544,0.026512664,0.36599603,0.0040658484,a
test_4615.jpg,0.99917245,8.474804e-05,3.3187807e-05,0.00070958666,a
test_4616.jpg,0.9979996,0.0011685374,0.00070875377,0.00012316294,a
test_4617.jpg,5.043459e-07,1.209863e-06,0.99999654,1.7603402e-06,c
test_4618.jpg,0.9982008,0.0002955121,0.0013243933,0.00017923713,a
test_4619.jpg,6.143778e-06,6.143778e-06,5.829054e-05,0.9999293,d
test_4620.jpg,4.222805e-06,4.7850654e-06,0.99998903,1.994712e-06,c
test_4621.jpg,4.53973e-05,1.1478235e-05,1.0676422e-06,0.99994206,d
test_4622.jpg,0.9996762,0.0002034025,9.6080534e-05,2.4292962e-05,a
test_4623.jpg,6.9621406e-06,1.9946867e-06,0.9999764,1.473885e-05,c
test_4624.jpg,0.9286353,0.0023018569,0.06727012,0.0017926879,a
test_4625.jpg,1.6536803e-06,5.4222087e-06,2.536001e-07,0.9999927,d
test_4626.jpg,0.99991393,3.535446e-05,5.4217817e-06,4.5396024e-05,a
test_4627.jpg,0.96430546,0.0044656205,0.029119503,0.0021094098,a
test_4628.jpg,6.475926e-07,0.99999595,5.043456e-07,2.9023088e-06,b
test_4629.jpg,0.0010246208,0.0052034543,0.99160284,0.0021691225,c
test_4630.jpg,1.7603265e-06,0.9999888,1.5534829e-06,7.889236e-06,b
test_4631.jpg,0.99999547,1.7603384e-06,9.4224123e-07,1.7603384e-06,a
test_4632.jpg,1.7603396e-06,1.3709539e-06,5.714986e-07,0.9999962,d
test_4633.jpg,5.421799e-06,0.99991715,2.5610766e-06,7.484564e-05,b
test_4634.jpg,1.0029914e-06,0.9999764,1.1365382e-06,2.1444903e-05,b
test_4635.jpg,0.00043030042,0.9989736,0.0003351183,0.00026099037,b
test_4636.jpg,0.49611136,0.49611136,0.007076648,0.0007006831,a
test_4637.jpg,7.3381506e-07,0.9999912,3.2887308e-06,4.7850754e-06,b
test_4638.jpg,0.009945021,0.29063612,0.6971998,0.0022190344,c
test_4639.jpg,9.961933e-05,0.9736978,0.025948167,0.00025438686,b
test_4640.jpg,0.9997353,9.6086216e-05,1.0127412e-05,0.00015841938,a
test_4641.jpg,0.99999535,1.8738701e-06,5.0434534e-07,2.260319e-06,a
test_4642.jpg,0.9997447,5.143173e-05,4.538834e-05,0.00015842087,a
test_4643.jpg,0.9999784,4.7850144e-06,7.889154e-06,8.9395835e-06,a
test_4644.jpg,0.9693998,0.00032519738,0.029273337,0.0010016785,a
test_4645.jpg,1.3006958e-05,6.962123e-06,0.9999739,6.144052e-06,c
test_4646.jpg,0.6430535,0.34420174,0.011777936,0.00096679176,a
test_4647.jpg,7.4841555e-05,0.9998627,3.11986e-05,3.11986e-05,b
test_4648.jpg,0.99972636,6.603843e-05,4.2216957e-06,0.0002034127,a
test_4649.jpg,7.888133e-06,0.99984896,8.4805426e-05,5.828586e-05,b
test_4650.jpg,5.8288526e-05,4.0061077e-05,6.961572e-06,0.99989474,d
test_4651.jpg,0.8785038,0.0009077559,0.0016959113,0.11889256,a
test_4652.jpg,0.6569224,0.007297749,0.025471644,0.3103082,a
test_4653.jpg,3.726601e-06,0.99998605,5.4221728e-06,4.785051e-06,b
test_4654.jpg,0.99999166,4.222816e-06,8.851503e-07,3.2887324e-06,a
test_4655.jpg,0.00037794915,0.9942656,0.005217427,0.00013903972,b
test_4656.jpg,0.0078026527,0.17758755,0.7958922,0.01871759,c
test_4657.jpg,0.99922657,0.00013973347,0.0004304094,0.000203311,a
test_4658.jpg,1.4738831e-05,5.422113e-06,4.7849985e-06,0.9999751,d
test_4659.jpg,3.119891e-05,1.14774375e-05,8.480743e-05,0.99987257,d
test_4660.jpg,3.53539e-05,3.53539e-05,0.9998981,3.1199706e-05,c
test_4661.jpg,4.0062358e-05,8.939121e-06,0.9999267,2.429905e-05,c
test_4662.jpg,0.003591387,0.000550757,0.99579203,6.577854e-05,c
test_4663.jpg,0.0034730206,0.0006035204,0.96297234,0.0329511,c
test_4664.jpg,9.5840296e-05,0.99717665,0.000802461,0.0019250038,b
test_4665.jpg,1.1478703e-05,0.99998283,1.9946995e-06,3.7265893e-06,b
test_4666.jpg,0.0016414862,0.0018600473,0.96352834,0.032970127,c
test_4667.jpg,0.020297684,0.97799724,0.0010105622,0.0006945486,b
test_4668.jpg,1.669903e-05,5.8285346e-05,0.99984014,8.480468e-05,c
test_4669.jpg,0.99993706,4.5397075e-05,7.4108684e-06,1.0129455e-05,a
test_4670.jpg,2.1444313e-05,0.999949,1.4738446e-05,1.4738446e-05,b
test_4671.jpg,0.00025997154,0.99507385,5.8007496e-05,0.0046081063,b
test_4672.jpg,3.966746e-06,0.9999356,8.939201e-06,5.144155e-05,b
test_4673.jpg,0.00015823913,7.474688e-05,0.9985978,0.0011692378,c
test_4674.jpg,0.99911565,0.0007095463,0.00010881246,6.599809e-05,a
test_4675.jpg,0.0033199894,0.03569325,0.92054105,0.040445752,c
test_4676.jpg,0.9962249,0.0011664594,0.00013931372,0.0024693946,a
test_4677.jpg,0.9990477,0.00026100976,0.00043033235,0.00026100976,a
test_4678.jpg,0.00012320637,0.0015009608,2.4260773e-05,0.9983516,d
test_4679.jpg,1.1477704e-05,0.9998958,7.888502e-06,8.48094e-05,b
test_4680.jpg,1.1478116e-05,5.421878e-06,0.9999317,5.1441348e-05,c
test_4681.jpg,4.539661e-05,1.3006345e-05,0.9999268,1.473812e-05,c
test_4682.jpg,0.9999931,2.4060914e-06,8.8515156e-07,3.7266275e-06,a
test_4683.jpg,0.009543663,0.007432611,0.97348005,0.009543663,c
test_4684.jpg,0.9989415,0.00023031581,0.0008038812,2.4275108e-05,a
test_4685.jpg,6.143914e-06,3.5355784e-05,0.9999515,6.961967e-06,c
test_4686.jpg,0.1463538,0.0050079515,0.84220797,0.0064303367,c
test_4687.jpg,0.9999199,5.8289992e-05,1.892399e-05,2.9020882e-06,a
test_4688.jpg,5.4222037e-06,2.2603108e-06,5.3687086e-07,0.9999918,d
test_4689.jpg,2.7532802e-05,0.99986744,8.938591e-06,9.609891e-05,b
test_4690.jpg,0.9936202,0.0035835542,0.0024629384,0.00033332244,a
test_4691.jpg,8.4735744e-05,0.9990275,0.00033513637,0.00055254647,b
test_4692.jpg,2.750239e-05,0.9987631,4.0015737e-05,0.0011694313,b
test_4693.jpg,9.4223844e-07,0.9999925,1.7603331e-06,4.7850817e-06,b
test_4694.jpg,0.9553729,0.041976158,0.00028283312,0.0023681328,a
test_4695.jpg,0.9996728,0.00012336942,4.5385073e-05,0.00015840947,a
test_4696.jpg,7.338098e-07,0.999984,1.300709e-05,2.2602933e-06,b
test_4697.jpg,0.0011422449,0.97554433,0.022942604,0.00037083265,b
test_4698.jpg,0.99527776,0.0019213381,0.00033387847,0.002467047,a
test_4699.jpg,0.00010886687,4.538246e-05,0.9996152,0.00023047115,c
test_4700.jpg,0.99998,1.9946938e-06,1.4738903e-05,3.288694e-06,a
test_4701.jpg,0.99933416,0.00029584763,0.00010883626,0.00026108458,a
test_4702.jpg,1.3006843e-05,8.939464e-06,0.9999651,1.3006843e-05,c
test_4703.jpg,0.00017897302,0.0011670507,0.99672985,0.0019241413,c
test_4704.jpg,1.9947236e-06,0.9999949,6.083563e-07,2.5612756e-06,b
test_4705.jpg,3.6898757e-07,1.7603413e-06,7.3381943e-07,0.99999714,d
test_4706.jpg,8.939547e-06,0.99997437,1.3006964e-05,3.7265577e-06,b
test_4707.jpg,0.9890814,0.009696613,0.00042603942,0.00079594646,a
test_4708.jpg,0.3412776,0.43820912,0.059305154,0.16120814,b
test_4709.jpg,0.98936987,0.0096994415,0.00070262514,0.00022810898,a
test_4710.jpg,6.962153e-06,4.785013e-06,0.9999782,1.0129872e-05,c
test_4711.jpg,8.396561e-06,0.9998117,0.0001398153,4.005775e-05,b
test_4712.jpg,7.483575e-05,3.119618e-05,0.00010888537,0.9997851,d
test_4713.jpg,0.9310122,0.0674423,0.0009620127,0.0005834902,a
test_4714.jpg,0.01690548,0.059005912,0.92300785,0.001080731,c
test_4715.jpg,0.0019236191,0.00029499654,0.0013220827,0.9964593,d
test_4716.jpg,0.00027473745,0.98787946,0.00968483,0.0021609776,b
test_4717.jpg,0.96212256,0.032922022,0.004455512,0.0004998945,a
test_4718.jpg,0.00015842097,7.483277e-05,2.1439946e-05,0.9997453,d
test_4719.jpg,0.00012339189,1.4737058e-05,6.961294e-06,0.9998548,d
test_4720.jpg,0.9700561,0.0074064694,0.020132873,0.002404529,a
test_4721.jpg,1.4733266e-05,7.8861485e-06,0.00037997597,0.9995975,d
test_4722.jpg,7.888926e-06,1.147832e-05,0.99994946,3.120131e-05,c
test_4723.jpg,0.99895895,0.00037973325,0.0005525086,0.00010879539,a
test_4724.jpg,0.9999882,3.0894676e-06,7.889232e-06,8.315189e-07,a
test_4725.jpg,5.422174e-06,0.9999863,1.3709404e-06,6.962209e-06,b
test_4726.jpg,0.118300416,0.3643909,0.412909,0.10439974,c
test_4727.jpg,0.00012331571,0.0006262488,1.299738e-05,0.99923754,d
test_4728.jpg,0.9999703,7.889091e-06,1.4738761e-05,6.9620983e-06,a
test_4729.jpg,0.00037991806,0.99944514,6.601986e-05,0.00010884835,b
test_4730.jpg,0.9999939,1.1365581e-06,4.2228257e-06,7.811442e-07,a
test_4731.jpg,2.260299e-06,7.889218e-06,0.9999865,3.2887156e-06,c
test_4732.jpg,1.2098633e-06,4.7378924e-07,0.9999968,1.5534953e-06,c
test_4733.jpg,2.1444757e-05,4.784972e-06,4.222723e-06,0.9999696,d
test_4734.jpg,0.022684487,0.012142131,0.9645689,0.0006045211,c
test_4735.jpg,1.7603367e-06,0.9999945,1.2098606e-06,2.5612746e-06,b
test_4736.jpg,6.604872e-05,0.9998821,2.4297966e-05,2.7533204e-05,b
test_4737.jpg,2.144472e-05,7.889071e-06,2.9022272e-06,0.9999678,d
test_4738.jpg,0.6084362,0.0017089724,0.020819543,0.36903524,a
test_4739.jpg,4.221944e-06,0.9997851,3.119618e-05,0.00017952161,b
test_4740.jpg,2.536009e-07,0.9999958,1.0030109e-06,2.9023086e-06,b
test_4741.jpg,1.8738425e-06,1.4738912e-05,2.7264248e-06,0.99998057,d
test_4742.jpg,1.0677006e-06,1.5534953e-06,5.7149896e-07,0.9999968,d
test_4743.jpg,0.99814,0.00020308992,0.0010313757,0.00062556093,a
test_4744.jpg,3.5352186e-05,9.609721e-05,1.8922661e-05,0.9998497,d
test_4745.jpg,0.0009399637,0.08461283,0.0047735297,0.9096737,d
test_4746.jpg,0.020230876,0.97477823,0.003983696,0.0010072361,b
test_4747.jpg,4.0059622e-05,8.480622e-05,0.9998584,1.6699336e-05,c
test_4748.jpg,0.0011563377,0.010971027,0.9875803,0.00029236797,c
test_4749.jpg,0.00023025963,0.0010319521,4.001312e-05,0.99869776,d
test_4750.jpg,1.4738548e-05,7.888976e-06,2.1444463e-05,0.9999559,d
test_4751.jpg,8.8515486e-07,3.6898743e-07,0.9999968,1.9947274e-06,c
test_4752.jpg,0.99993145,2.4299165e-05,3.1200747e-05,1.3006406e-05,a
test_4753.jpg,0.00022941954,0.9950541,0.00010837013,0.004608015,b
test_4754.jpg,0.000708339,0.000708339,0.0011678535,0.99741554,d
test_4755.jpg,0.99942684,4.537391e-05,4.0042327e-05,0.0004878155,a
test_4756.jpg,1.209864e-06,1.209864e-06,2.3823634e-07,0.9999974,d
test_4757.jpg,0.99891996,0.0004875681,4.002202e-05,0.000552487,a
test_4758.jpg,0.04943566,0.4690325,0.012499293,0.4690325,b
test_4759.jpg,0.0014823884,0.012411887,0.9859983,0.000107383865,c
test_4760.jpg,0.99940085,0.000552753,2.7519953e-05,1.8914167e-05,a
test_4761.jpg,9.6081596e-05,5.8276433e-05,0.9996873,0.00015841177,c
test_4762.jpg,3.2887172e-06,7.33812e-07,0.999987,8.93966e-06,c
test_4763.jpg,0.9999329,3.535513e-05,2.42992e-05,7.4108375e-06,a
test_4764.jpg,0.9995838,9.607165e-05,0.00029592152,2.4290715e-05,a
test_4765.jpg,2.5612674e-06,1.0676952e-06,0.99999166,4.7850776e-06,c
test_4766.jpg,0.000139795,0.99966645,0.00015840847,3.5345707e-05,b
test_4767.jpg,0.99997413,6.5403106e-06,1.14786035e-05,7.889121e-06,a
test_4768.jpg,1.1478087e-05,0.9999292,7.888766e-06,5.144122e-05,b
test_4769.jpg,6.144091e-06,1.300704e-05,6.8934787e-07,0.9999802,d
test_4770.jpg,0.00033394463,0.0040682782,0.9954749,0.00012285136,c
test_4771.jpg,1.6695505e-05,0.999629,0.00029593494,5.827304e-05,b
test_4772.jpg,4.539505e-05,4.539505e-05,0.9998925,1.6699905e-05,c
test_4773.jpg,3.1200303e-05,0.99991727,6.143704e-06,4.5396177e-05,b
test_4774.jpg,2.7534517e-05,1.1478094e-05,0.9999298,3.1200696e-05,c
test_4775.jpg,0.002174068,0.0003777964,0.9938637,0.0035844322,c
test_4776.jpg,0.9998956,4.006111e-05,1.892353e-05,4.539519e-05,a
test_4777.jpg,7.482645e-05,8.478946e-05,0.0001794993,0.99966085,d
test_4778.jpg,3.726531e-06,1.8924886e-05,0.9999672,1.0129761e-05,c
test_4779.jpg,0.025865825,0.10230132,0.7559102,0.11592259,c
test_4780.jpg,0.001166463,0.0016971938,0.0009084423,0.996228,d
test_4781.jpg,5.422e-06,2.1444426e-05,0.9999542,1.892464e-05,c
test_4782.jpg,0.51468456,0.35373718,0.001445643,0.13013263,a
test_4783.jpg,0.9999883,2.4060798e-06,6.1441406e-06,3.0894678e-06,a
test_4784.jpg,0.0046030963,0.00037784514,0.9939919,0.0010270895,c
test_4785.jpg,2.8736778e-07,0.99999714,7.8114675e-07,1.7603413e-06,b
test_4786.jpg,0.9942631,0.00025975972,0.005217414,0.00025975972,a
test_4787.jpg,2.7533015e-05,0.9998752,3.1198993e-05,6.604826e-05,b
test_4788.jpg,3.535391e-05,0.99989843,1.4737701e-05,5.1439638e-05,b
test_4789.jpg,0.9985983,0.00013964562,0.0010318492,0.00023023668,a
test_4790.jpg,1.8553878e-07,0.999998,6.0835816e-07,1.2098646e-06,b
test_4791.jpg,6.9621647e-06,8.939596e-06,4.222766e-06,0.99997985,d
test_4792.jpg,0.99985695,9.609791e-05,3.5352445e-05,1.1477258e-05,a
test_4793.jpg,0.00033531457,6.602735e-05,0.9995586,4.004761e-05,c
test_4794.jpg,0.93934256,0.06005016,0.00014884946,0.00045848868,a
test_4795.jpg,0.00010872787,0.99833894,0.0015009419,5.135941e-05,b
test_4796.jpg,3.9278373e-07,0.9999933,2.5612717e-06,3.7266284e-06,b
test_4797.jpg,4.222738e-06,1.4738803e-05,0.9999732,7.889113e-06,c
test_4798.jpg,0.40700486,0.0006933815,0.00011319142,0.59218854,d
test_4799.jpg,1.300541e-05,0.9998549,6.604692e-05,6.604692e-05,b
test_4800.jpg,0.0013241172,0.99799275,0.00013110536,0.00055197417,b
test_4801.jpg,4.5366796e-05,0.99927014,0.00062626926,5.8252117e-05,b
test_4802.jpg,4.0061324e-05,0.99990094,1.892363e-05,4.0061324e-05,b
test_4803.jpg,6.9621174e-06,0.99997306,6.9621174e-06,1.30069475e-05,b
test_4804.jpg,2.902195e-06,0.9999567,1.8924688e-05,2.144448e-05,b
test_4805.jpg,0.0040072105,0.0014741704,0.013986539,0.9805321,d
test_4806.jpg,7.4842756e-05,2.753311e-05,0.99987864,1.892321e-05,c
test_4807.jpg,0.0017765798,0.019100033,0.05883224,0.9202911,d
test_4808.jpg,0.99992585,2.1443819e-05,3.1200572e-05,2.1443819e-05,a
test_4809.jpg,1.0124771e-05,0.9994746,2.7521983e-05,0.0004878388,b
test_4810.jpg,7.886342e-06,0.999622,0.00010886761,0.0002611598,b
test_4811.jpg,0.00010882711,1.4728146e-05,0.9992501,0.0006262567,c
test_4812.jpg,5.7149833e-07,0.9999957,1.2098619e-06,2.5612778e-06,b
test_4813.jpg,0.00010889444,1.4737258e-05,7.888287e-06,0.9998684,d
test_4814.jpg,0.99971133,0.00017950837,1.3003543e-05,9.608391e-05,a
test_4815.jpg,0.0035655051,0.0066612405,0.9886157,0.0011575499,c
test_4816.jpg,0.9999713,7.889098e-06,7.889098e-06,1.3006924e-05,a
test_4817.jpg,1.6700786e-05,0.99994516,2.7263281e-06,3.5355562e-05,b
test_4818.jpg,0.053068947,0.0006680394,0.94066954,0.0055934256,c
test_4819.jpg,0.9975787,0.0019257799,0.00042969958,6.589656e-05,a
test_4820.jpg,1.22149295e-05,0.99964845,0.00010887049,0.0002304788,b
test_4821.jpg,0.9998211,0.00012338773,3.1197305e-05,2.4296483e-05,a
test_4822.jpg,6.962204e-06,3.7265995e-06,3.7265995e-06,0.9999856,d
test_4823.jpg,3.7266163e-06,0.9999901,1.994714e-06,4.2228094e-06,b
test_4824.jpg,2.7528933e-05,0.99972695,6.603847e-05,0.00017951117,b
test_4825.jpg,0.25337875,0.153682,0.05653644,0.5364028,d
test_4826.jpg,7.477739e-05,0.000910975,8.930884e-06,0.9990054,d
test_4827.jpg,0.99647117,0.0005511326,0.00017892655,0.0027988825,a
test_4828.jpg,0.003097764,0.9732885,0.0178264,0.0057873847,b
test_4829.jpg,0.99999666,1.3709546e-06,3.2563025e-07,1.553495e-06,a
test_4830.jpg,7.479254e-05,0.00070961175,7.883074e-06,0.9992078,d
test_4831.jpg,0.9999809,6.962172e-06,4.2227707e-06,7.889174e-06,a
test_4832.jpg,4.5386547e-05,0.00023049189,0.99970514,1.8919925e-05,c
test_4833.jpg,0.0019249695,0.9971589,0.00042951875,0.00048670854,b
test_4834.jpg,7.88919e-06,6.962186e-06,2.260291e-06,0.99998295,d
test_4835.jpg,0.0014985416,0.9967424,0.0014985416,0.00026040745,b
test_4836.jpg,0.004061516,0.001318581,0.0007997599,0.99382013,d
test_4837.jpg,9.593314e-05,0.0015006467,0.0002607733,0.9981426,d
test_4838.jpg,0.00043054175,0.9995339,1.6693915e-05,1.8916684e-05,b
test_4839.jpg,1.4738571e-05,1.4738571e-05,1.3006744e-05,0.99995744,d
test_4840.jpg,6.6047025e-05,1.1477253e-05,0.9998565,6.6047025e-05,c
test_4841.jpg,0.99993336,4.0062623e-05,2.1443979e-05,5.093392e-06,a
test_4842.jpg,1.9946974e-06,0.99998176,4.7850303e-06,1.1478691e-05,b
test_4843.jpg,0.0019034466,0.9860097,0.0035561065,0.008530656,b
test_4844.jpg,0.25415704,0.009854738,0.5380505,0.19793773,c
test_4845.jpg,2.902275e-06,1.3709375e-06,0.99998426,1.1478719e-05,c
test_4846.jpg,6.602929e-05,8.478329e-05,0.9995881,0.0002611509,c
test_4847.jpg,1.8902347e-05,0.0011694467,0.99877626,3.5314235e-05,c
test_4848.jpg,5.422164e-06,7.889203e-06,0.9999845,2.2602944e-06,c
test_4849.jpg,0.99998236,1.0129914e-05,4.2227766e-06,3.288702e-06,a
test_4850.jpg,3.7266113e-06,4.222804e-06,0.9999888,3.288723e-06,c
test_4851.jpg,9.60885e-05,0.99975914,2.1440243e-05,0.00012338007,b
test_4852.jpg,0.99993503,4.0062692e-05,1.4738241e-05,1.01294345e-05,a
test_4853.jpg,0.9856749,0.012407816,0.0010184955,0.0008988192,a
test_4854.jpg,3.5354416e-05,0.99991274,2.7534048e-05,2.429871e-05,b
test_4855.jpg,2.4299403e-05,1.0129497e-05,2.4299403e-05,0.99994123,d
test_4856.jpg,4.5395594e-05,1.4737791e-05,0.9999045,3.5354125e-05,c
test_4857.jpg,5.143878e-05,4.539456e-05,2.1442873e-05,0.99988174,d
test_4858.jpg,0.99971706,5.827817e-05,0.00013980207,8.4794236e-05,a
test_4859.jpg,0.9999975,8.851555e-07,7.8114704e-07,8.315266e-07,a
test_4860.jpg,0.99987614,2.4297822e-05,8.4807725e-05,1.4737373e-05,a
test_4861.jpg,8.851504e-07,0.9999918,2.5612676e-06,4.785078e-06,b
test_4862.jpg,3.1199703e-05,6.604977e-05,4.7846293e-06,0.99989796,d
test_4863.jpg,0.0019264378,0.00010868219,4.5305474e-05,0.9979195,d
test_4864.jpg,1.14768845e-05,0.00013981709,2.4296565e-05,0.99982446,d
test_4865.jpg,0.000108874716,2.4293231e-05,0.9996873,0.00017950404,c
test_4866.jpg,4.0062987e-05,1.473835e-05,2.7263209e-06,0.9999424,d
test_4867.jpg,0.037295334,0.96185935,0.00068308786,0.00016224758,b
test_4868.jpg,2.260299e-06,6.962211e-06,0.9999865,4.2227944e-06,c
test_4869.jpg,0.0002297393,0.00015789735,0.0031714533,0.99644095,d
test_4870.jpg,0.0007608265,0.05333806,0.00046146463,0.94543964,d
test_4871.jpg,0.0002606102,0.0019256636,0.9975184,0.00029531008,c
test_4872.jpg,0.9998222,0.00015843315,7.887921e-06,1.1476859e-05,a
test_4873.jpg,2.902231e-06,3.7265381e-06,0.9999691,2.4300081e-05,c
test_4874.jpg,4.181172e-07,0.99999595,1.553494e-06,1.9947256e-06,b
test_4875.jpg,0.99997103,6.1440346e-06,1.6701217e-05,6.1440346e-06,a
test_4876.jpg,0.00037660127,0.9907197,0.008571405,0.00033234945,b
test_4877.jpg,2.4299941e-05,3.2886396e-06,0.9999634,8.939449e-06,c
test_4878.jpg,0.0010318826,0.00015824432,0.00017931432,0.99863064,d
test_4879.jpg,1.0677006e-06,1.3709547e-06,0.9999968,8.3152605e-07,c
test_4880.jpg,7.889153e-06,6.962153e-06,0.9999782,6.962153e-06,c
test_4881.jpg,0.99988556,4.5394736e-05,1.0782194e-05,5.828799e-05,a
test_4882.jpg,7.477466e-05,0.0009109418,0.99896896,4.535312e-05,c
test_4883.jpg,0.9952134,9.565161e-05,0.00406721,0.00062372675,a
test_4884.jpg,1.2878882e-06,5.4222114e-06,1.8553789e-07,0.9999932,d
test_4885.jpg,0.99999785,4.7378975e-07,3.4663202e-07,1.2878942e-06,a
test_4886.jpg,5.1339273e-05,0.9979475,7.4698204e-05,0.001926492,b
test_4887.jpg,8.939514e-06,1.14785635e-05,8.939514e-06,0.9999707,d
test_4888.jpg,2.1233507e-06,4.2227866e-06,0.99998474,8.93964e-06,c
test_4889.jpg,9.609643e-05,3.1197942e-05,0.9998416,3.1197942e-05,c
test_4890.jpg,7.889216e-06,2.9022808e-06,0.9999863,2.9022808e-06,c
test_4891.jpg,0.00033309046,4.7986232e-05,0.9929287,0.006690301,c
test_4892.jpg,0.000108819484,0.00062621286,0.99918014,8.4748695e-05,c
test_4893.jpg,0.006637209,0.007520943,0.9850492,0.0007927016,c
test_4894.jpg,3.120111e-05,2.144419e-05,4.222611e-06,0.99994314,d
test_4895.jpg,0.00012338409,1.8921563e-05,6.604275e-05,0.9997917,d
test_4896.jpg,1.1365559e-06,0.9999919,3.2887333e-06,3.726623e-06,b
test_4897.jpg,0.7050727,0.0005673953,0.00044188785,0.293918,a
test_4898.jpg,8.939663e-06,2.2603006e-06,0.99998724,1.5534805e-06,c
test_4899.jpg,0.98996884,0.0013134712,0.0011591343,0.007558505,a
test_4900.jpg,6.962192e-06,1.3709368e-06,0.9999838,7.889196e-06,c
test_4901.jpg,1.3006077e-05,0.9999062,6.605031e-05,1.4737816e-05,b
test_4902.jpg,0.06746896,0.9313803,0.00040118513,0.00074951246,b
test_4903.jpg,0.0010307018,0.00015806324,0.9974878,0.0013234472,c
test_4904.jpg,0.0035611712,0.00048195216,0.008542806,0.98741406,d
test_4905.jpg,7.482527e-05,1.891879e-05,0.0002611658,0.9996451,d
test_4906.jpg,0.29160446,0.004713347,0.004159514,0.69952273,d
test_4907.jpg,4.4508369e-07,0.99999654,9.4224225e-07,1.994727e-06,b
test_4908.jpg,0.00026104567,0.99918526,0.00012330926,0.0004303916,b
test_4909.jpg,4.005574e-05,0.9997615,4.005574e-05,0.00015842353,b
test_4910.jpg,4.737866e-07,0.9999912,4.222814e-06,4.222814e-06,b
test_4911.jpg,0.58703226,0.008373565,0.40346098,0.0011332389,a
test_4912.jpg,5.827223e-05,9.607467e-05,0.00023047115,0.9996152,d
test_4913.jpg,0.999998,8.31527e-07,5.368742e-07,6.4759394e-07,a
test_4914.jpg,3.7265288e-06,0.9999666,1.6701144e-05,1.3006864e-05,b
test_4915.jpg,6.1441547e-06,2.5612646e-06,7.8114164e-07,0.9999906,d
test_4916.jpg,2.5612405e-06,1.3007053e-05,3.288698e-06,0.99998116,d
test_4917.jpg,4.784963e-06,3.2886537e-06,0.9999677,2.4300045e-05,c
test_4918.jpg,0.00010834237,0.004606835,0.99479926,0.0004855568,c
test_4919.jpg,0.0013091473,0.9867099,0.001019565,0.0109613575,b
test_4920.jpg,0.005981834,0.023658613,0.08257667,0.8877829,d
test_4921.jpg,3.534677e-05,6.9601915e-06,0.9996965,0.00026117923,c
test_4922.jpg,2.1437934e-05,0.99965143,0.00029594154,3.119201e-05,b
test_4923.jpg,0.9999722,7.889105e-06,1.4738789e-05,5.0935896e-06,a
test_4924.jpg,2.5612362e-06,3.2886924e-06,0.9999795,1.4738896e-05,c
test_4925.jpg,0.010981082,0.00042578275,0.00010765474,0.98848546,d
test_4926.jpg,0.0001794919,0.0001794919,2.1437252e-05,0.9996196,d
test_4927.jpg,0.99998236,3.288702e-06,1.0129914e-05,4.2227766e-06,a
test_4928.jpg,0.9999403,4.222599e-06,4.539722e-05,1.0129488e-05,a
test_4929.jpg,0.000178816,0.001497208,0.0024684789,0.9958554,d
test_4930.jpg,2.1024309e-07,0.99999857,4.450846e-07,8.3152753e-07,b
test_4931.jpg,0.00026011418,0.99561983,5.1219526e-05,0.004068871,b
test_4932.jpg,5.143921e-05,4.5394943e-05,1.3005868e-05,0.9998901,d
test_4933.jpg,0.0001584314,2.144136e-05,8.938088e-06,0.99981123,d
test_4934.jpg,0.00071750936,0.8916117,0.10648783,0.0011829729,b
test_4935.jpg,2.1024306e-07,0.99999845,3.0590184e-07,1.0677023e-06,b
test_4936.jpg,0.970794,0.002726761,0.0006084225,0.025870785,a
test_4937.jpg,0.99987054,1.6699538e-05,1.6699538e-05,9.609921e-05,a
test_4938.jpg,0.00010858759,0.002800511,3.9947136e-05,0.9970509,d
test_4939.jpg,0.9999268,5.8290396e-05,5.4218513e-06,9.515646e-06,a
test_4940.jpg,0.0075750737,0.0002018689,8.415147e-05,0.9921389,d
test_4941.jpg,8.939496e-06,2.1444735e-05,9.4221593e-07,0.99996865,d
test_4942.jpg,0.005452102,0.05861562,0.9169026,0.019029707,c
test_4943.jpg,0.00059658155,0.0001103565,0.9519007,0.047392346,c
test_4944.jpg,0.12268633,0.0028853058,0.80001533,0.07441302,c
test_4945.jpg,4.7849812e-06,6.9621065e-06,0.9999715,1.6701224e-05,c
test_4946.jpg,0.79215056,0.20028701,0.002224988,0.0053374683,a
test_4947.jpg,0.015055718,0.43999255,0.046374872,0.49857688,d
test_4948.jpg,0.00089228543,0.020308323,0.9785098,0.00028968268,c
test_4949.jpg,7.888991e-06,0.9999577,2.4299803e-05,1.0129665e-05,b
test_4950.jpg,0.0007089887,0.00033490255,0.00062568026,0.9983304,d
test_4951.jpg,0.00023044544,0.99950373,0.00023044544,3.5339956e-05,b
test_4952.jpg,7.483973e-05,5.1436542e-05,3.5351783e-05,0.99983823,d
test_4953.jpg,4.5397475e-05,6.14388e-06,2.56115e-06,0.9999459,d
test_4954.jpg,0.0035927193,0.99616146,0.0001229361,0.0001229361,b
test_4955.jpg,1.0129904e-05,6.962174e-06,1.6536615e-06,0.9999813,d
test_4956.jpg,3.2562974e-07,0.9999951,8.315247e-07,3.726635e-06,b
test_4957.jpg,0.96795416,0.0023993186,0.00041693903,0.029229682,a
test_4958.jpg,0.0027875232,0.00018969331,0.992427,0.0045958487,c
test_4959.jpg,0.9985884,0.0013249075,3.5307592e-05,5.1372244e-05,a
test_4960.jpg,5.1440355e-05,2.144353e-05,1.4737907e-05,0.9999124,d
test_4961.jpg,0.7949424,0.0025301275,0.0015345998,0.20099291,a
test_4962.jpg,8.939467e-06,8.939467e-06,0.9999654,1.6701124e-05,c
test_4963.jpg,1.7602677e-06,2.9021908e-06,4.0063504e-05,0.9999553,d
test_4964.jpg,0.9611862,0.029025307,0.009423138,0.0003653747,a
test_4965.jpg,0.0012980327,6.462524e-05,0.9783327,0.020304646,c
test_4966.jpg,6.9620555e-06,2.7535467e-05,1.2878509e-06,0.99996424,d
test_4967.jpg,0.00015839435,8.478238e-05,0.99957734,0.00017948431,c
test_4968.jpg,1.3006766e-05,1.8924733e-05,8.939411e-06,0.9999591,d
test_4969.jpg,2.2602844e-06,8.851401e-07,0.9999801,1.6701368e-05,c
test_4970.jpg,0.0068478337,0.09453143,0.89688927,0.0017314036,c
test_4971.jpg,4.006213e-05,1.4738033e-05,0.99992096,2.429891e-05,c
test_4972.jpg,2.1440306e-05,1.30042035e-05,0.00020341997,0.9997621,d
test_4973.jpg,0.9289085,0.0055234917,0.040813394,0.024754575,a
test_4974.jpg,1.067686e-06,0.9999831,2.9022715e-06,1.30070775e-05,b
test_4975.jpg,0.016978938,0.3009589,0.3410311,0.3410311,c
test_4976.jpg,2.7534827e-05,1.4738329e-05,0.999941,1.6700715e-05,c
test_4977.jpg,0.011538443,0.06639916,0.916612,0.0054503744,c
test_4978.jpg,4.222781e-06,0.99998343,5.422158e-06,6.962189e-06,b
test_4979.jpg,6.144023e-06,3.2886583e-06,0.9999691,2.1444746e-05,c
test_4980.jpg,0.99997675,1.0129857e-05,8.939569e-06,4.222753e-06,a
test_4981.jpg,1.0127889e-05,0.00020342412,3.966139e-06,0.9997825,d
test_4982.jpg,0.0003351518,0.9990734,0.00029577044,0.00029577044,b
test_4983.jpg,7.482646e-05,0.99966097,8.478948e-05,0.00017949933,b
test_4984.jpg,0.8567179,0.0035012104,0.008398967,0.13138194,a
test_4985.jpg,1.0126913e-05,7.886848e-06,0.00029595182,0.9996861,d
test_4986.jpg,3.5355835e-05,6.961977e-06,4.7848926e-06,0.9999529,d
test_4987.jpg,2.1444393e-05,6.961975e-06,0.9999527,1.8924611e-05,c
test_4988.jpg,2.2603192e-06,9.4224123e-07,0.99999547,1.3709529e-06,c
test_4989.jpg,0.013998574,0.0040106587,0.0006150544,0.9813758,d
test_4990.jpg,1.0676894e-06,0.9999863,4.785052e-06,7.889216e-06,b
test_4991.jpg,0.0008039837,9.6022166e-05,3.1173833e-05,0.9990689,d
test_4992.jpg,1.2098643e-06,3.4663194e-07,0.9999976,8.851556e-07,c
test_4993.jpg,3.1196654e-05,1.0128069e-05,0.99980026,0.00015842967,c
test_4994.jpg,0.31206647,0.0073391,0.6606447,0.019949742,c
test_4995.jpg,0.18173613,0.81448483,0.00084160524,0.002937491,b
test_4996.jpg,2.26028e-06,0.9999782,4.785013e-06,1.4738876e-05,b
test_4997.jpg,0.988359,0.010979678,0.0005466459,0.000114583214,a
test_4998.jpg,0.055651635,0.012417558,0.46596545,0.46596545,c
test_4999.jpg,0.9997794,0.00013981079,1.4735947e-05,6.604193e-05,a
test_5000.jpg,0.00010889095,4.0058738e-05,1.4736786e-05,0.9998363,d
test_5001.jpg,0.001156358,0.010971221,0.00027465913,0.98759776,d
test_5002.jpg,7.484163e-05,4.005983e-05,0.9998636,2.1442484e-05,c
test_5003.jpg,0.99995136,1.8924586e-05,1.3006665e-05,1.6700887e-05,a
test_5004.jpg,1.0677004e-06,1.209863e-06,0.99999654,1.209863e-06,c
test_5005.jpg,0.9999901,6.962236e-06,1.2878842e-06,1.653676e-06,a
test_5006.jpg,3.726599e-06,0.99998546,5.4221696e-06,5.4221696e-06,b
test_5007.jpg,1.1478694e-05,3.7265866e-06,2.726429e-06,0.9999821,d
test_5008.jpg,2.4295521e-05,0.99978155,1.4735979e-05,0.00017952097,b
test_5009.jpg,3.118233e-05,0.9993412,7.480253e-05,0.00055272,b
test_5010.jpg,6.59623e-05,0.9985738,3.5307075e-05,0.0013248882,b
test_5011.jpg,0.99999833,5.043468e-07,6.4759416e-07,5.368744e-07,a
test_5012.jpg,0.0037219133,0.6259296,0.035312533,0.335036,b
test_5013.jpg,0.00070757227,0.996336,0.00015788071,0.002798503,b
test_5014.jpg,0.00055099756,0.0031707722,5.125076e-05,0.996227,d
test_5015.jpg,0.0016998487,0.00033472,0.00017916271,0.9977863,d
test_5016.jpg,0.00010888411,0.99977356,6.6041546e-05,5.1433213e-05,b
test_5017.jpg,5.8284768e-05,4.5392226e-05,6.604529e-05,0.99983025,d
test_5018.jpg,4.783952e-06,0.9997564,3.5348887e-05,0.00020341881,b
test_5019.jpg,0.0011694554,6.953836e-06,0.99878365,4.001656e-05,c
test_5020.jpg,0.9801543,0.009609095,0.0074835694,0.0027530517,a
test_5021.jpg,0.06155919,0.27588916,0.0007279661,0.6618237,d
test_5022.jpg,0.00029495734,0.0024696474,0.00090853253,0.99632686,d
test_5023.jpg,0.004193217,0.006101094,0.9054827,0.08422301,c
test_5024.jpg,1.3006975e-05,8.939554e-06,2.9022488e-06,0.9999752,d
test_5025.jpg,3.1196694e-05,0.000108887165,5.8283094e-05,0.9998016,d
test_5026.jpg,0.0031711806,0.00033423994,0.9963553,0.00013933195,c
test_5027.jpg,0.0011053247,0.19787572,0.018405309,0.78261364,d
test_5028.jpg,0.0002033222,0.9992816,8.4757296e-05,0.00043043308,b
test_5029.jpg,0.002043094,0.002972684,0.26759252,0.7273918,d
test_5030.jpg,2.6995627e-07,0.99999416,2.2603163e-06,3.2887408e-06,b
test_5031.jpg,0.0003352837,0.9994666,7.4811906e-05,0.00012334397,b
test_5032.jpg,0.0004874747,0.9987286,7.475667e-05,0.00070927147,b
test_5033.jpg,0.9997291,9.608562e-05,0.00012337638,5.1430925e-05,a
test_5034.jpg,2.2603151e-06,2.5612726e-06,1.5534905e-06,0.9999937,d
test_5035.jpg,1.1478564e-05,0.9999708,4.784978e-06,1.30069175e-05,b
test_5036.jpg,0.06726367,0.9285463,0.0026080955,0.00158189,b
test_5037.jpg,3.5323024e-05,0.99902487,0.00023033503,0.0007094819,b
test_5038.jpg,0.99970907,4.5386725e-05,0.00017950796,6.603729e-05,a
test_5039.jpg,0.9758447,0.00078529445,0.00042033783,0.022949668,a
test_5040.jpg,0.0007082721,0.0008025775,0.9973214,0.0011677432,c
test_5041.jpg,0.89280057,0.106629826,0.00049379404,7.5725766e-05,a
test_5042.jpg,0.21956882,0.46482718,0.03367197,0.28193194,b
test_5043.jpg,0.26793987,0.728336,0.0023181338,0.0014060192,b
test_5044.jpg,0.00043009693,0.00015822382,0.9985012,0.0009105152,c
test_5045.jpg,0.0066887876,0.00012250942,0.99270415,0.0004845342,c
test_5046.jpg,0.000122511,0.0035802964,0.9927169,0.0035802964,c
test_5047.jpg,3.256286e-07,0.99999166,1.1365556e-06,6.9622465e-06,b
test_5048.jpg,0.90167356,0.0010557511,0.09503569,0.0022350254,a
test_5049.jpg,3.2887322e-06,2.2603103e-06,0.99999154,2.902296e-06,c
test_5050.jpg,1.5534891e-06,0.99999285,8.3152275e-07,4.7850835e-06,b
test_5051.jpg,0.5790775,0.16590849,0.24139541,0.013618598,a
test_5052.jpg,3.726587e-06,6.1441033e-06,0.99998224,7.889184e-06,c
test_5053.jpg,7.811472e-07,4.1811796e-07,0.99999774,1.0030128e-06,c
test_5054.jpg,0.9934862,0.005907485,0.00042793676,0.00017839058,a
test_5055.jpg,0.0016968085,0.9960018,0.00037860914,0.0019227358,b
test_5056.jpg,0.022015017,0.041129462,0.9361023,0.0007533124,c
test_5057.jpg,1.2878771e-06,0.9999846,7.8892035e-06,6.144118e-06,b
test_5058.jpg,0.00015841941,6.6039036e-05,4.00547e-05,0.99973553,d
test_5059.jpg,0.03302802,0.0012806354,0.9652203,0.00047111948,c
test_5060.jpg,0.00055037206,0.995096,0.0021767637,0.0021767637,b
test_5061.jpg,0.9629425,0.003064835,0.008331085,0.025661549,a
test_5062.jpg,8.939578e-06,1.1478645e-05,1.7603073e-06,0.9999778,d
test_5063.jpg,0.00042895775,0.99585646,0.00012289845,0.0035916194,b
test_5064.jpg,0.0004844827,0.99259865,0.006688077,0.0002288534,b
test_5065.jpg,3.535119e-05,5.8284255e-05,0.9998215,8.480309e-05,c
test_5066.jpg,2.7535496e-05,4.7849517e-06,2.4060246e-06,0.9999653,d
test_5067.jpg,8.4793166e-05,0.00017950713,0.9997044,3.1193664e-05,c
test_5068.jpg,0.0002593804,0.0059034713,0.0010258695,0.99281126,d
test_5069.jpg,3.2887274e-06,3.2887274e-06,0.9999901,3.2887274e-06,c
test_5070.jpg,0.0001232654,0.0010320885,1.4721952e-05,0.9988299,d
test_5071.jpg,2.7262522e-06,7.4845644e-05,5.0933095e-06,0.99991727,d
test_5072.jpg,1.3709447e-06,0.9999895,3.726614e-06,5.4221914e-06,b
test_5073.jpg,9.4224237e-07,5.7149884e-07,0.99999666,1.7603404e-06,c
test_5074.jpg,0.9999554,1.0129641e-05,2.7535223e-05,6.961994e-06,a
