id,p_a,p_b,p_c,p_d,answer
test_0001.jpg,0.0004304487,0.00020332958,4.829501e-05,0.9993179,d
test_0002.jpg,0.24073482,0.74151546,0.0023600813,0.015389662,b
test_0003.jpg,3.5354387e-05,2.1443519e-05,0.9999119,3.1200136e-05,c
test_0004.jpg,0.99979466,0.00013981292,4.5390607e-05,2.014196e-05,a
test_0005.jpg,0.02017961,0.97230816,0.005102205,0.002410111,b
test_0006.jpg,0.0020188626,0.81446725,0.18173222,0.00178164,b
test_0007.jpg,0.99999154,2.7264548e-06,2.5612671e-06,3.2887322e-06,a
test_0008.jpg,6.202231e-05,0.9994837,0.00029589192,0.00015837951,b
test_0009.jpg,0.0013007568,0.0066057886,0.67380875,0.31828472,c
test_0010.jpg,8.4805375e-05,0.99984837,2.1442158e-05,4.5393048e-05,b
test_0011.jpg,0.0024715592,0.00033448913,9.5832744e-05,0.9970981,d
test_0012.jpg,1.8738139e-06,0.9999653,1.3845716e-05,1.892485e-05,b
test_0013.jpg,0.99992144,1.3006276e-05,2.0144515e-05,4.5396366e-05,a
test_0014.jpg,0.051800113,0.6310546,0.2980891,0.019056197,b
test_0015.jpg,0.0036762338,0.001967746,0.09481131,0.8995447,d
test_0016.jpg,0.0019204413,0.0024658954,0.000800559,0.9948132,d
test_0017.jpg,0.9999553,1.2218678e-05,1.5689095e-05,1.6700955e-05,a
test_0018.jpg,0.052980546,0.9391026,0.0029889578,0.004927958,b
test_0019.jpg,0.0018580762,0.8494097,0.14760526,0.0011269802,b
test_0020.jpg,8.3977675e-06,0.9999554,1.4738542e-05,2.1444452e-05,b
test_0021.jpg,3.96687e-06,0.99996674,7.8890625e-06,2.1444695e-05,b
test_0022.jpg,0.002296099,0.06710184,0.9263124,0.004289678,c
test_0023.jpg,4.7849667e-06,0.9999684,1.0129773e-05,1.6701173e-05,b
test_0024.jpg,0.9997757,5.828159e-05,0.00012338212,4.2639716e-05,a
test_0025.jpg,0.0021062063,0.03294661,0.0021062063,0.96284103,d
test_0026.jpg,4.5396187e-05,2.144364e-05,1.5688503e-05,0.9999175,d
test_0027.jpg,3.5355846e-05,5.7716825e-06,5.7716825e-06,0.99995315,d
test_0028.jpg,0.067194715,0.92759436,0.002605422,0.002605422,b
test_0029.jpg,5.0934923e-06,2.282745e-05,0.99995315,1.892462e-05,c
test_0030.jpg,2.2602774e-06,0.999977,6.9621447e-06,1.3845878e-05,b
test_0031.jpg,0.997529,0.00042967816,0.00011564631,0.0019256839,a
test_0032.jpg,0.00013980674,0.99975044,5.1432024e-05,5.8280115e-05,b
test_0033.jpg,0.015872646,0.10350265,0.8666171,0.01400756,c
test_0034.jpg,6.603855e-05,0.00013980363,6.603855e-05,0.99972814,d
test_0035.jpg,0.00013980862,2.1440344e-05,7.483416e-05,0.9997639,d
test_0036.jpg,1.0782544e-05,2.586598e-05,0.999918,4.539621e-05,c
test_0037.jpg,0.001979582,0.074283265,0.01878175,0.9049554,d
test_0038.jpg,0.9987525,0.0007092884,0.00033504414,0.00020321454,a
test_0039.jpg,3.288669e-06,0.99997234,5.422098e-06,1.8924982e-05,b
test_0040.jpg,0.9998877,6.604909e-05,3.5353532e-05,1.0782218e-05,a
test_0041.jpg,0.99998844,4.49515e-06,1.9947108e-06,5.093672e-06,a
test_0042.jpg,0.9933322,0.005212529,0.0005493965,0.0009058017,a
test_0043.jpg,5.143501e-05,3.119691e-05,0.9998085,0.000108887914,c
test_0044.jpg,0.9999826,4.2227775e-06,8.397996e-06,4.7850344e-06,a
test_0045.jpg,0.9888748,0.002777546,0.0016846668,0.006662986,a
test_0046.jpg,0.99944645,6.201999e-05,0.00023043224,0.00026111392,a
test_0047.jpg,8.939633e-06,4.785041e-06,0.9999839,2.4060694e-06,c
test_0048.jpg,1.4737484e-05,0.99988365,1.6699758e-05,8.4808366e-05,b
test_0049.jpg,0.0027133033,0.0021131225,0.9660028,0.029170757,c
test_0050.jpg,0.19151331,0.008414508,0.13162504,0.66844714,d
test_0051.jpg,1.7603215e-06,6.962207e-06,5.422172e-06,0.99998593,d
test_0052.jpg,1.6701324e-05,2.561231e-06,3.2886858e-06,0.99997747,d
test_0053.jpg,0.82719636,0.008109548,0.0018094847,0.16288461,a
test_0054.jpg,0.043051824,0.86471903,0.029589057,0.06264004,b
test_0055.jpg,2.7534774e-05,0.9999391,1.6700684e-05,1.6700684e-05,b
test_0056.jpg,0.0056811883,0.037046004,0.84316313,0.11410972,c
test_0057.jpg,0.0065483605,0.24572542,0.66795087,0.079775356,c
test_0058.jpg,0.26241952,0.01152991,0.6295118,0.09653876,c
test_0059.jpg,2.5612546e-06,5.422176e-06,0.99998665,5.422176e-06,c
test_0060.jpg,0.99999666,9.4224237e-07,1.1365613e-06,1.2098631e-06,a
test_0061.jpg,0.99999297,8.3152287e-07,2.7264587e-06,3.5008422e-06,a
test_0062.jpg,9.6097974e-05,3.535247e-05,1.0781894e-05,0.99985766,d
test_0063.jpg,2.7264612e-06,2.12337e-06,1.2098598e-06,0.9999939,d
test_0064.jpg,0.9999982,4.1811816e-07,6.0835833e-07,7.3382023e-07,a
test_0065.jpg,0.7140023,0.2045651,0.0061773304,0.07525528,a
test_0066.jpg,1.3845492e-05,0.9999491,9.5158575e-06,2.7535049e-05,b
test_0067.jpg,4.4950552e-06,0.99996746,6.540267e-06,2.144471e-05,b
test_0068.jpg,0.00020313611,0.0002608319,0.998367,0.0011689676,c
test_0069.jpg,2.1444393e-05,6.961975e-06,0.9999527,1.8924611e-05,c
test_0070.jpg,1.3844006e-05,0.9998418,3.535191e-05,0.00010889155,b
test_0071.jpg,1.8924746e-05,1.384564e-05,7.411037e-06,0.9999598,d
test_0072.jpg,0.9737275,0.0030991614,0.007434501,0.01573884,a
test_0073.jpg,1.7777831e-05,1.4738337e-05,0.9999416,2.586659e-05,c
test_0074.jpg,4.78493e-06,0.9999608,1.3006787e-05,2.1444568e-05,b
test_0075.jpg,0.999974,4.2227416e-06,1.7778408e-05,3.9668985e-06,a
test_0076.jpg,0.99487215,0.0024660416,0.0004855924,0.002176274,a
test_0077.jpg,0.00055263255,0.9991831,0.00017941352,8.474894e-05,b
test_0078.jpg,8.4801584e-05,6.604354e-05,0.9998037,4.5391018e-05,c
test_0079.jpg,0.006679702,0.0016888933,0.00027570422,0.9913557,d
test_0080.jpg,6.9619364e-06,0.9999471,1.4738418e-05,3.1201234e-05,b
test_0081.jpg,0.26939443,0.0771828,0.007179119,0.6462437,d
test_0082.jpg,0.0013244799,0.99826616,0.0002301601,0.00017924886,b
test_0083.jpg,0.99991417,2.4298744e-05,4.0061856e-05,2.1443568e-05,a
test_0084.jpg,6.5402382e-06,6.1439855e-06,0.99996305,2.4299932e-05,c
test_0085.jpg,0.0036816464,0.90086913,0.00049825665,0.09495091,b
test_0086.jpg,3.1198844e-05,5.828711e-05,0.9998704,4.0060102e-05,c
test_0087.jpg,3.5352186e-05,0.9998497,7.484059e-05,4.0059273e-05,b
test_0088.jpg,0.010918539,0.0016744123,0.9828555,0.0045515243,c
test_0089.jpg,3.5007868e-06,0.9999771,7.8891435e-06,1.1478637e-05,b
test_0090.jpg,2.561268e-06,2.1233657e-06,0.9999919,3.5008384e-06,c
test_0091.jpg,0.0009087962,0.0021800888,0.00029504293,0.99661607,d
test_0092.jpg,1.300631e-05,0.99992406,2.7534361e-05,3.5354817e-05,b
test_0093.jpg,0.0008040015,8.4741136e-05,2.0127785e-05,0.999091,d
test_0094.jpg,6.0835686e-07,0.9999958,1.6536854e-06,1.873871e-06,b
test_0095.jpg,0.029231923,0.9680283,0.0014553716,0.001284361,b
test_0096.jpg,0.012336456,0.9800061,0.004538329,0.0031191446,b
test_0097.jpg,1.670107e-05,8.939439e-06,0.9999622,1.2218763e-05,c
test_0098.jpg,0.9999695,1.5689318e-05,7.411109e-06,7.411109e-06,a
test_0099.jpg,1.2218941e-05,6.1440696e-06,0.99997675,4.7850062e-06,c
test_0100.jpg,0.9994394,0.0002611121,0.00020335431,9.6057774e-05,a
test_0101.jpg,8.939301e-06,0.99994683,1.6700813e-05,2.7534987e-05,b
test_0102.jpg,6.5401873e-06,0.9999553,1.6700955e-05,2.144445e-05,b
test_0103.jpg,0.082741305,0.02092028,0.47614336,0.42019504,c
test_0104.jpg,9.609382e-05,0.99981445,3.1197094e-05,5.8283844e-05,b
test_0105.jpg,0.00023048562,5.14283e-05,4.0052393e-05,0.999678,d
test_0106.jpg,0.33819783,0.005466459,0.024498967,0.6318367,d
test_0107.jpg,0.00026029404,0.0031710311,0.99630827,0.00026029404,c
test_0108.jpg,3.5007474e-06,2.7535512e-05,3.0893987e-06,0.9999659,d
test_0109.jpg,0.9999846,4.785044e-06,4.785044e-06,5.7718644e-06,a
test_0110.jpg,0.0004876616,0.0002610264,0.00013971739,0.9991115,d
test_0111.jpg,1.3845293e-05,2.0144784e-05,0.9999348,3.1200852e-05,c
test_0112.jpg,3.9669085e-06,0.9999765,6.540326e-06,1.3006992e-05,b
test_0113.jpg,0.0011624334,0.005903324,0.00014778682,0.99278647,d
test_0114.jpg,0.0013068615,0.0013068615,0.9849871,0.0123991575,c
test_0115.jpg,0.00015843211,1.5686906e-05,1.0128227e-05,0.99981576,d
test_0116.jpg,0.010930109,0.983897,0.004556347,0.00061663444,b
test_0117.jpg,0.9198819,0.0042598983,0.075508505,0.00034967376,a
test_0118.jpg,4.7850353e-06,0.99998283,5.422155e-06,6.962185e-06,b
test_0119.jpg,0.033014517,0.0008798071,0.0012801117,0.96482563,d
test_0120.jpg,1.300651e-05,1.2218485e-05,0.99993944,3.535536e-05,c
test_0121.jpg,0.022647873,0.0006035453,0.013736628,0.96301204,d
test_0122.jpg,0.9136109,0.001212161,0.08497905,0.00019787984,a
test_0123.jpg,0.9999833,1.4738953e-05,9.4222975e-07,1.0029984e-06,a
test_0124.jpg,4.53971e-05,6.1438295e-06,1.0782756e-05,0.99993765,d
test_0125.jpg,2.7532109e-05,0.9998423,8.480486e-05,4.539277e-05,b
test_0126.jpg,0.99992895,1.6700515e-05,3.535499e-05,1.8924162e-05,a
test_0127.jpg,4.006111e-05,4.006111e-05,0.9998956,2.4298293e-05,c
test_0128.jpg,1.5534823e-06,0.99998844,3.0894682e-06,6.9622242e-06,b
test_0129.jpg,7.480217e-05,0.9993364,0.0004304567,0.00015835617,b
test_0130.jpg,2.4300023e-05,4.7849585e-06,4.2227107e-06,0.99996674,d
test_0131.jpg,0.9999801,7.4111877e-06,8.939598e-06,3.500797e-06,a
test_0132.jpg,6.6047985e-05,3.5352943e-05,2.75329e-05,0.999871,d
test_0133.jpg,9.609783e-05,3.763245e-05,1.0128636e-05,0.9998561,d
test_0134.jpg,0.00048763244,0.00023034123,0.99905175,0.00023034123,c
test_0135.jpg,0.0027609528,0.0123737315,0.76553565,0.21932964,c
test_0136.jpg,0.83712244,0.013530823,0.0038766463,0.14547005,a
test_0137.jpg,0.99321085,0.0013177727,0.0002594848,0.005211892,a
test_0138.jpg,0.9972656,0.00013945925,0.00012307234,0.0024719744,a
test_0139.jpg,0.0420339,0.95668715,0.0006794147,0.00059958134,b
test_0140.jpg,0.99800855,0.0010312399,0.00062547857,0.00033479455,a
test_0141.jpg,1.3709357e-06,0.99998295,4.2227794e-06,1.1478704e-05,b
test_0142.jpg,4.0059625e-05,3.53525e-05,0.9998585,6.604716e-05,c
test_0143.jpg,2.1233154e-06,0.9999682,5.4220754e-06,2.4300058e-05,b
test_0144.jpg,1.4738515e-05,0.9999536,1.0129624e-05,2.1444414e-05,b
test_0145.jpg,0.99957734,8.478238e-05,0.00015839435,0.00017948431,a
test_0146.jpg,4.0054205e-05,0.99972326,3.3206103e-05,0.00020341207,b
test_0147.jpg,0.99992776,2.0144642e-05,2.931028e-05,2.282687e-05,a
test_0148.jpg,1.38456235e-05,1.670101e-05,0.99995863,1.0782983e-05,c
test_0149.jpg,5.422066e-06,0.9999664,1.6701139e-05,1.1478514e-05,b
test_0150.jpg,9.516118e-06,7.889138e-06,0.9999764,6.1440674e-06,c
test_0151.jpg,0.99909484,0.00033515898,0.00013971505,0.00043035264,a
test_0152.jpg,0.013084205,0.6304323,0.33744612,0.019037407,b
test_0153.jpg,0.00020329661,0.000261038,0.9991559,0.0003798081,c
test_0154.jpg,1.1478631e-05,6.962141e-06,5.0936114e-06,0.9999765,d
test_0155.jpg,0.99996495,1.0129738e-05,2.1444657e-05,3.500744e-06,a
test_0156.jpg,5.143973e-05,1.8923618e-05,0.9999002,2.9309473e-05,c
test_0157.jpg,0.70055276,0.29203382,0.006060969,0.001352385,a
test_0158.jpg,1.8923953e-05,4.5396202e-05,0.99991786,1.7777409e-05,c
test_0159.jpg,0.99999774,3.9278547e-07,6.8936e-07,1.2098644e-06,a
test_0160.jpg,0.00017949767,0.9996518,4.5384124e-05,0.00012336683,b
test_0161.jpg,8.939403e-06,1.8924717e-05,0.9999583,1.3845619e-05,c
test_0162.jpg,8.397927e-06,5.7718053e-06,0.99997437,1.1478606e-05,c
test_0163.jpg,0.0032956414,0.91379005,0.07500845,0.0079058325,b
test_0164.jpg,0.99977523,6.6041655e-05,0.00012338207,3.5349552e-05,a
test_0165.jpg,3.7265675e-06,0.999977,6.9621447e-06,1.2218944e-05,b
test_0166.jpg,0.0019042426,0.98642206,0.008534223,0.0031395652,b
test_0167.jpg,0.00037894637,0.99688894,0.0021806858,0.0005513637,b
test_0168.jpg,6.143826e-06,2.1444059e-05,0.99993706,3.5355275e-05,c
test_0169.jpg,0.99984145,4.8320315e-05,3.5351895e-05,7.483997e-05,a
test_0170.jpg,0.0008040492,2.4280182e-05,2.1427186e-05,0.9991503,d
test_0171.jpg,6.143978e-06,2.7535401e-05,4.49503e-06,0.99996185,d
test_0172.jpg,1.1478449e-05,0.99996066,8.939424e-06,1.8924762e-05,b
test_0173.jpg,0.9969478,0.0005513962,0.00080227683,0.0016984202,a
test_0174.jpg,0.38887453,0.009145452,0.036170963,0.5658091,d
test_0175.jpg,9.6097996e-05,3.119845e-05,1.4737105e-05,0.9998579,d
test_0176.jpg,0.007507489,0.0006983053,0.9832871,0.0085071,c
test_0177.jpg,0.9974371,0.001499586,0.0008026706,0.00026058897,a
test_0178.jpg,0.015885403,0.98279506,0.00042333166,0.0008961931,b
test_0179.jpg,0.0002600173,0.995249,0.001695526,0.0027954497,b
test_0180.jpg,0.9998123,5.1435203e-05,5.1435203e-05,8.480231e-05,a
test_0181.jpg,0.743657,0.03267401,0.2130613,0.010607697,a
test_0182.jpg,6.603934e-05,0.00015842015,0.9997402,3.5348316e-05,c
test_0183.jpg,0.0004303525,0.0001793976,0.00029577667,0.9990945,d
test_0184.jpg,0.0011368468,0.0050949943,0.02283418,0.97093403,d
test_0185.jpg,0.9989215,0.00055248785,0.00019093469,0.00033510083,a
test_0186.jpg,0.9999939,1.6536824e-06,1.6536824e-06,2.7264612e-06,a
test_0187.jpg,0.0017001543,0.00013110181,0.00020305444,0.9979657,d
test_0188.jpg,0.00012338824,2.0142577e-05,3.1197433e-05,0.9998253,d
test_0189.jpg,1.1478716e-05,2.4060696e-06,2.123349e-06,0.999984,d
test_0190.jpg,1.2218273e-05,7.410757e-06,0.99992204,5.829012e-05,c
test_0191.jpg,0.999967,4.2227116e-06,7.4110903e-06,2.14447e-05,a
test_0192.jpg,0.00010884822,1.6692415e-05,0.99944395,0.00043050302,c
test_0193.jpg,0.6375934,0.12554957,0.23455751,0.0022995207,a
test_0194.jpg,0.0028691848,0.20114538,0.00044000373,0.7955454,d
test_0195.jpg,0.00010888495,5.143361e-05,0.9997813,5.8281916e-05,c
test_0196.jpg,0.004521863,0.0011433059,0.017884314,0.9764505,d
test_0197.jpg,0.00037991258,0.9994307,6.60189e-05,0.00012333955,b
test_0198.jpg,0.62179357,0.00093482883,0.3771369,0.00013467486,a
test_0199.jpg,0.9856623,0.00022725416,5.0707262e-05,0.014059717,a
test_0200.jpg,8.939445e-06,1.6701082e-05,0.9999629,1.1478474e-05,c
test_0201.jpg,0.99791175,0.00015813041,0.0002300784,0.0017000624,a
test_0202.jpg,1.147846e-05,1.4738633e-05,0.9999616,1.2218756e-05,c
test_0203.jpg,0.01792225,0.9785217,0.0018889912,0.0016670291,b
test_0204.jpg,0.004297551,0.007085464,0.26588008,0.7227369,d
test_0205.jpg,0.0018806166,0.8597139,0.1318414,0.0065639964,b
test_0206.jpg,1.0783206e-05,5.4221364e-06,4.495109e-06,0.9999794,d
test_0207.jpg,5.093563e-06,0.999967,8.939481e-06,1.892488e-05,b
test_0208.jpg,0.001693425,0.0007059245,0.9940157,0.0035849805,c
test_0209.jpg,0.005400785,0.8015476,0.035217542,0.15783407,b
test_0210.jpg,0.99999523,7.811452e-07,1.4593714e-06,2.5612765e-06,a
test_0211.jpg,2.2825763e-05,8.480799e-05,1.3005727e-05,0.99987924,d
test_0212.jpg,0.9999907,1.1365545e-06,1.653677e-06,6.540419e-06,a
test_0213.jpg,0.9999523,2.4299672e-05,1.3845536e-05,9.515888e-06,a
test_0214.jpg,0.23694412,0.02829894,0.0049176184,0.7298393,d
test_0215.jpg,1.22184765e-05,8.939229e-06,0.9999387,4.0062838e-05,c
test_0216.jpg,1.1478261e-05,1.6700771e-05,0.9999443,2.7534918e-05,c
test_0217.jpg,3.1198015e-05,4.0059036e-05,0.99984384,8.480499e-05,c
test_0218.jpg,0.99994373,1.30065655e-05,1.8924442e-05,2.4299463e-05,a
test_0219.jpg,0.99996793,8.93949e-06,1.300688e-05,1.0129768e-05,a
test_0220.jpg,0.074232526,0.9043373,0.0113839265,0.01004628,b
test_0221.jpg,0.0016976729,0.0002950113,0.0014981909,0.99650913,d
test_0222.jpg,0.0056941006,0.8450795,0.0023736544,0.14685278,b
test_0223.jpg,0.0005525059,0.00015829559,0.99895406,0.00033511175,c
test_0224.jpg,0.9999782,8.397959e-06,8.397959e-06,5.09362e-06,a
test_0225.jpg,0.99995637,1.5689113e-05,5.0935087e-06,2.2827522e-05,a
test_0226.jpg,0.9999652,5.4220595e-06,2.58672e-05,3.500745e-06,a
test_0227.jpg,3.5355195e-05,2.144401e-05,8.397595e-06,0.9999348,d
test_0228.jpg,2.4297447e-05,4.0059716e-05,7.484142e-05,0.99986076,d
test_0229.jpg,0.00055195927,0.0013240814,0.00015813898,0.9979658,d
test_0230.jpg,0.009605373,0.008476712,0.97977465,0.0021432485,c
test_0231.jpg,0.00048776733,2.585072e-05,0.99932814,0.00015835486,c
test_0232.jpg,2.2602637e-06,0.9999709,5.4220905e-06,2.1444785e-05,b
test_0233.jpg,4.0060695e-05,2.9309032e-05,0.9998852,4.539472e-05,c
test_0234.jpg,0.00080139394,0.00055078947,0.9958507,0.0027971398,c
test_0235.jpg,0.9699052,0.00053643936,0.0292886,0.00026973867,a
test_0236.jpg,1.9946856e-06,1.0783167e-05,1.1478623e-05,0.9999758,d
test_0237.jpg,0.105668806,0.0036157877,0.88475406,0.005961426,c
test_0238.jpg,0.0040512304,0.0031551013,0.0014903642,0.9913033,d
test_0239.jpg,0.00070952997,5.8241763e-05,0.00013971474,0.9990926,d
test_0240.jpg,0.0127022965,0.2891029,0.0046729133,0.69352186,d
test_0241.jpg,1.3845907e-05,3.7265754e-06,3.2886912e-06,0.99997914,d
test_0242.jpg,1.3709498e-06,4.2228226e-06,1.209859e-06,0.9999932,d
test_0243.jpg,1.553482e-06,0.9999882,2.4060796e-06,7.889232e-06,b
test_0244.jpg,0.00010888118,4.831573e-05,0.9997466,9.60873e-05,c
test_0245.jpg,0.0031558808,0.00459178,0.0007041721,0.99154824,d
test_0246.jpg,0.21976659,0.36233383,0.055565696,0.36233383,b
test_0247.jpg,0.013721054,0.40098798,0.58343405,0.0018569428,c
test_0248.jpg,0.999913,1.3006166e-05,5.8289592e-05,1.568843e-05,a
test_0249.jpg,0.9999895,2.561262e-06,4.222807e-06,3.726614e-06,a
test_0250.jpg,8.479375e-05,4.5386827e-05,0.99971133,0.00015841558,c
test_0251.jpg,2.1233714e-06,9.422403e-07,0.9999945,2.4060948e-06,c
test_0252.jpg,9.515923e-06,0.9999559,1.5689106e-05,1.8924671e-05,b
test_0253.jpg,0.969073,0.02926347,0.0008836802,0.00077984505,a
test_0254.jpg,0.9999933,3.2887378e-06,1.7603346e-06,1.5534899e-06,a
test_0255.jpg,0.999691,3.3205033e-05,0.00023048861,4.5385903e-05,a
test_0256.jpg,2.1233272e-06,0.9999738,8.397922e-06,1.5689386e-05,b
test_0257.jpg,0.004605978,0.9946142,0.00029445032,0.0004854665,b
test_0258.jpg,4.4951303e-06,0.99998415,3.966939e-06,7.4112177e-06,b
test_0259.jpg,4.5396635e-05,2.1443851e-05,5.7715342e-06,0.9999274,d
test_0260.jpg,1.4738265e-05,0.9999367,2.4299292e-05,2.4299292e-05,b
test_0261.jpg,0.9999814,2.726427e-06,3.7265838e-06,1.2218998e-05,a
test_0262.jpg,0.0075296736,0.003138835,0.98619264,0.003138835,c
test_0263.jpg,0.9999503,9.515869e-06,3.1201336e-05,8.939332e-06,a
test_0264.jpg,1.5534944e-06,1.0030112e-06,1.287892e-06,0.9999962,d
test_0265.jpg,2.5864456e-05,0.9998591,1.892284e-05,9.609811e-05,b
test_0266.jpg,0.6547274,0.028766714,0.18758254,0.12892346,a
test_0267.jpg,0.004055458,0.22142053,0.0016905665,0.7728335,d
test_0268.jpg,3.9669785e-06,9.4224e-07,8.8515253e-07,0.99999416,d
test_0269.jpg,0.00012338329,5.1433806e-05,4.0056682e-05,0.9997851,d
test_0270.jpg,0.9831812,0.0008965452,0.003545905,0.012376425,a
test_0271.jpg,0.49799192,0.003355443,0.0006607259,0.49799192,a
test_0272.jpg,0.0003798322,0.00013973247,0.9992193,0.00026105458,c
test_0273.jpg,0.99876237,6.597475e-05,0.0010320188,0.00013966855,a
test_0274.jpg,0.999982,4.4951207e-06,6.962179e-06,6.540362e-06,a
test_0275.jpg,2.2826505e-05,0.9999118,1.3844975e-05,5.1440325e-05,b
test_0276.jpg,0.014041664,0.98439664,0.0010171747,0.0005444544,b
test_0277.jpg,0.0027999608,0.00026043688,8.455148e-05,0.996855,d
test_0278.jpg,0.001324882,0.99856913,6.596199e-05,4.0007966e-05,b
test_0279.jpg,0.000910678,0.00023025545,0.00017932313,0.9986797,d
test_0280.jpg,0.0016726857,0.015869997,0.0006153466,0.98184204,d
test_0281.jpg,0.99805593,0.00033481047,0.000108697044,0.0015005163,a
test_0282.jpg,4.5391105e-05,0.0001088876,0.9998056,4.0057505e-05,c
test_0283.jpg,0.00043049062,0.99941516,9.605544e-05,5.8260568e-05,b
test_0284.jpg,1.9947254e-06,7.8114573e-07,0.9999958,1.3709534e-06,c
test_0285.jpg,6.603823e-05,0.99972326,0.0001795105,3.1194253e-05,b
test_0286.jpg,0.00010882331,0.99921525,0.00055265037,0.00012331296,b
test_0287.jpg,0.00017947362,0.9995178,0.0001233503,0.00017947362,b
test_0288.jpg,0.7264289,0.002968749,0.0033640335,0.2672383,a
test_0289.jpg,1.0782965e-05,0.99995697,7.888985e-06,2.4299785e-05,b
test_0290.jpg,1.8925055e-05,3.0894303e-06,1.7603044e-06,0.99997616,d
test_0291.jpg,4.49517e-06,1.1365571e-06,1.2878878e-06,0.99999297,d
test_0292.jpg,0.5328077,0.17297733,0.07210768,0.22210729,a
test_0293.jpg,8.397973e-06,4.7850212e-06,0.99997985,6.9621647e-06,c
test_0294.jpg,0.008046814,0.56412524,0.3019545,0.12587336,b
test_0295.jpg,1.0782985e-05,2.1444526e-05,0.9999589,8.939409e-06,c
test_0296.jpg,0.0021804513,0.00048652446,0.9967817,0.0005513044,c
test_0297.jpg,0.13088179,0.012173902,0.0034878815,0.85345644,d
test_0298.jpg,5.1440667e-05,1.777742e-05,0.99991846,1.2218229e-05,c
test_0299.jpg,0.0021806231,0.99686027,0.0006247589,0.00033440936,b
test_0300.jpg,2.1443837e-05,0.9999267,2.7534432e-05,2.429905e-05,b
test_0301.jpg,0.9999981,3.927856e-07,5.043467e-07,1.067702e-06,a
test_0302.jpg,0.0035414633,0.002148006,0.9819496,0.012360921,c
test_0303.jpg,0.54454404,0.121504195,0.33028266,0.0036691087,a
test_0304.jpg,0.0040317364,0.9865334,0.000899602,0.008535187,b
test_0305.jpg,8.478452e-05,0.9996026,5.1424417e-05,0.00026115472,b
test_0306.jpg,0.00756103,0.014125863,0.87393624,0.1043768,c
test_0307.jpg,7.484045e-05,0.9998479,1.8922628e-05,5.8285797e-05,b
test_0308.jpg,0.00012336548,0.9996408,0.0001397914,9.6077136e-05,b
test_0309.jpg,0.00020339554,3.1191717e-05,0.00012336562,0.999642,d
test_0310.jpg,0.00020334727,0.9994048,0.00029586852,9.605445e-05,b
test_0311.jpg,0.0031711368,0.00037873827,0.000108510336,0.9963415,d
test_0312.jpg,0.8595092,0.10265374,0.0045102905,0.03332679,a
test_0313.jpg,0.99999547,1.6536849e-06,1.0676991e-06,1.7603384e-06,a
test_0314.jpg,0.8925066,0.0005593577,0.00033926763,0.10659472,a
test_0315.jpg,6.603839e-05,0.99972576,0.00012337595,8.479497e-05,b
test_0316.jpg,0.00017947431,0.0002611336,3.7619862e-05,0.99952173,d
test_0317.jpg,5.4221564e-06,3.7265902e-06,0.9999831,7.889191e-06,c
test_0318.jpg,0.001301794,0.015859097,0.98116755,0.0016715367,c
test_0319.jpg,5.8286554e-05,3.5352583e-05,4.5393615e-05,0.9998609,d
test_0320.jpg,0.9999913,2.406087e-06,5.093687e-06,1.1365552e-06,a
test_0321.jpg,2.1233602e-06,7.88924e-06,7.3381364e-07,0.9999893,d
test_0322.jpg,1.8924527e-05,1.384548e-05,1.8924527e-05,0.99994826,d
test_0323.jpg,3.966916e-06,1.1478653e-05,6.1440796e-06,0.9999784,d
test_0324.jpg,0.9998307,0.000108890345,1.7775861e-05,4.2642067e-05,a
test_0325.jpg,0.0029893653,0.82886815,0.00492863,0.1632138,b
test_0326.jpg,0.999972,4.222733e-06,1.3006933e-05,1.07831265e-05,a
test_0327.jpg,2.1233564e-06,7.889225e-06,2.5612567e-06,0.9999875,d
test_0328.jpg,0.00023042438,0.9994124,9.605518e-05,0.00026110501,b
test_0329.jpg,0.9997819,0.00015842676,2.429553e-05,3.534979e-05,a
test_0330.jpg,0.99583095,0.0040697334,4.8126494e-05,5.1230385e-05,a
test_0331.jpg,1.2218586e-05,0.99994767,8.939309e-06,3.1201253e-05,b
test_0332.jpg,1.3006972e-05,6.9621306e-06,5.0936037e-06,0.99997497,d
test_0333.jpg,0.99998343,4.222781e-06,6.1441106e-06,6.1441106e-06,a
test_0334.jpg,0.99772936,0.0021825242,3.997432e-05,4.821824e-05,a
test_0335.jpg,1.4738684e-05,1.22187985e-05,7.889049e-06,0.9999651,d
test_0336.jpg,0.0004878032,8.4767475e-05,2.5852622e-05,0.99940157,d
test_0337.jpg,1.0129537e-05,1.1478271e-05,0.99994516,3.3213473e-05,c
test_0338.jpg,2.1233523e-06,0.9999856,6.962204e-06,5.42217e-06,b
test_0339.jpg,0.9991891,6.600294e-05,3.532883e-05,0.0007095985,a
test_0340.jpg,1.0783162e-05,1.1478617e-05,2.4060487e-06,0.9999753,d
test_0341.jpg,0.11343438,0.028680703,0.01971194,0.838173,d
test_0342.jpg,5.0936806e-06,1.653676e-06,0.9999901,3.0894735e-06,c
test_0343.jpg,0.00013980053,0.00010887675,0.999706,4.5386583e-05,c
test_0344.jpg,0.9999548,6.143935e-06,1.1478382e-05,2.7535207e-05,a
test_0345.jpg,0.00023043141,0.00012334104,0.9994429,0.00020335501,c
test_0346.jpg,0.009372948,0.0018456428,0.9560666,0.0327148,c
test_0347.jpg,0.40346083,0.008373563,0.45718104,0.13098456,c
test_0348.jpg,2.7533684e-05,0.9998995,4.539537e-05,2.7533684e-05,b
test_0349.jpg,0.9994423,9.605805e-05,0.00043050232,3.1185486e-05,a
test_0350.jpg,1.2098554e-06,0.99999034,2.2603076e-06,6.1441533e-06,b
test_0351.jpg,0.9998211,8.4803054e-05,5.1435658e-05,4.2641655e-05,a
test_0352.jpg,0.9999454,1.3006587e-05,1.568894e-05,2.586669e-05,a
test_0353.jpg,3.089473e-06,4.222809e-06,2.7264505e-06,0.99999,d
test_0354.jpg,0.9999865,3.726603e-06,3.966948e-06,5.7718753e-06,a
test_0355.jpg,0.99969923,5.1429386e-05,0.0002304905,1.8919813e-05,a
test_0356.jpg,1.7603362e-06,3.0894862e-06,8.8515264e-07,0.9999943,d
test_0357.jpg,0.99928015,0.000108830376,0.0004877439,0.00012332096,a
test_0358.jpg,1.9947015e-06,1.14787135e-05,2.7264336e-06,0.9999838,d
test_0359.jpg,0.923726,0.075824045,0.00027346422,0.00017656176,a
test_0360.jpg,0.00026085335,0.00037953944,0.9984491,0.00091046776,c
test_0361.jpg,4.0059018e-05,0.99984336,5.8285532e-05,5.8285532e-05,b
test_0362.jpg,1.01288615e-05,4.5394412e-05,0.9998784,6.604847e-05,c
test_0363.jpg,0.0027915009,0.0031631847,0.00020221563,0.9938431,d
test_0364.jpg,0.99357176,0.0046011503,0.0014937747,0.00033330618,a
test_0365.jpg,2.429889e-05,0.9999201,2.429889e-05,3.1200394e-05,b
test_0366.jpg,0.4024218,0.005065743,0.19009061,0.4024218,a
test_0367.jpg,0.004095792,0.03885979,0.07259964,0.8844447,d
test_0368.jpg,0.0101067545,0.05132634,0.23002869,0.70853823,d
test_0369.jpg,0.999969,7.88908e-06,1.2218847e-05,1.0783095e-05,a
test_0370.jpg,3.535521e-05,1.47382425e-05,1.47382425e-05,0.99993515,d
test_0371.jpg,0.9994547,4.0043444e-05,0.00043050764,7.481102e-05,a
test_0372.jpg,9.609538e-05,4.005851e-05,3.320967e-05,0.9998306,d
test_0373.jpg,0.9928221,0.00022890493,0.00025938326,0.0066895825,a
test_0374.jpg,3.5355162e-05,2.4299223e-05,6.540047e-06,0.99993384,d
test_0375.jpg,0.0045806896,0.0045806896,0.0016851416,0.98915344,d
test_0376.jpg,1.0783108e-05,0.9999703,7.411115e-06,1.1478559e-05,b
test_0377.jpg,0.9997098,8.479362e-05,0.00017950809,2.5860594e-05,a
test_0378.jpg,0.7490654,0.005047163,0.0027015517,0.24318592,a
test_0379.jpg,0.99790895,0.0002954257,0.0002954257,0.0015002954,a
test_0380.jpg,0.0040683514,0.9954927,0.00017875087,0.00026008097,b
test_0381.jpg,6.9621237e-06,2.4060455e-06,0.999974,1.6701266e-05,c
test_0382.jpg,0.0008038918,0.0001793725,0.99895465,6.198948e-05,c
test_0383.jpg,5.82876e-05,3.5353216e-05,0.99987876,2.7533113e-05,c
test_0384.jpg,0.99998784,6.144138e-06,3.726608e-06,2.260302e-06,a
test_0385.jpg,0.00037980406,0.99914527,0.0001397221,0.0003351759,b
test_0386.jpg,0.9997087,4.263686e-05,9.026225e-05,0.00015841516,a
test_0387.jpg,7.484043e-05,4.832061e-05,2.9307928e-05,0.99984753,d
test_0388.jpg,7.4110762e-06,6.143998e-06,0.9999651,2.1444659e-05,c
test_0389.jpg,7.483267e-05,2.2822675e-05,0.00015842075,0.999744,d
test_0390.jpg,0.9996152,5.827223e-05,9.607467e-05,0.00023047115,a
test_0391.jpg,5.4221896e-06,2.9022892e-06,2.561261e-06,0.99998915,d
test_0392.jpg,4.7850294e-06,7.889179e-06,0.9999815,5.771846e-06,c
test_0393.jpg,0.9999114,4.2645508e-05,3.120012e-05,1.4737893e-05,a
test_0394.jpg,0.99998987,3.5008313e-06,3.0894726e-06,3.5008313e-06,a
test_0395.jpg,0.97897536,0.000541456,0.020317985,0.00016513474,a
test_0396.jpg,0.9999975,6.083579e-07,7.8114704e-07,1.0030126e-06,a
test_0397.jpg,3.5355195e-05,8.397595e-06,0.9999348,2.144401e-05,c
test_0398.jpg,2.4299994e-05,3.966865e-06,0.99996555,6.144001e-06,c
test_0399.jpg,3.2886921e-06,0.9999794,8.939592e-06,8.397969e-06,b
test_0400.jpg,0.9999882,4.7850613e-06,3.288721e-06,3.7266093e-06,a
test_0401.jpg,0.9999552,1.7778073e-05,6.9619928e-06,2.0145195e-05,a
test_0402.jpg,7.4112527e-06,1.8738581e-06,1.7603268e-06,0.9999889,d
test_0403.jpg,0.0007078027,0.0007078027,0.9966605,0.0019240073,c
test_0404.jpg,0.99999857,4.181183e-07,3.6898808e-07,6.4759433e-07,a
test_0405.jpg,3.5355737e-05,6.1439055e-06,8.397723e-06,0.99995005,d
test_0406.jpg,0.82597405,0.013350626,0.017142544,0.14353275,a
test_0407.jpg,5.422173e-06,7.4112327e-06,1.0676893e-06,0.9999862,d
test_0408.jpg,7.483519e-05,5.143342e-05,0.9997776,9.6090276e-05,c
test_0409.jpg,7.888954e-06,0.99995303,1.8924617e-05,2.0145151e-05,b
test_0410.jpg,0.99671704,0.0021803097,0.00055126863,0.00055126863,a
test_0411.jpg,1.300669e-05,0.99995327,1.473851e-05,1.8924622e-05,b
test_0412.jpg,0.025908269,0.97220063,0.0010045726,0.00088653225,b
test_0413.jpg,0.9999883,2.4060798e-06,6.9622233e-06,2.4060798e-06,a
test_0414.jpg,8.479744e-05,5.143225e-05,0.00010888207,0.99975485,d
test_0415.jpg,2.7264641e-06,8.8515327e-07,1.4593711e-06,0.999995,d
test_0416.jpg,6.603963e-05,6.603963e-05,0.9997446,0.00012337828,c
test_0417.jpg,0.037133366,0.95768213,0.003913828,0.0012706339,b
test_0418.jpg,0.99998343,5.422158e-06,5.7718576e-06,5.422158e-06,a
test_0419.jpg,0.013157208,0.9223916,0.058966517,0.0054847407,b
test_0420.jpg,0.021193689,0.17745258,0.42568663,0.37566712,c
test_0421.jpg,3.3203192e-05,0.00029593686,3.5344616e-05,0.9996356,d
test_0422.jpg,0.82409286,0.013320221,0.036208116,0.12637874,a
test_0423.jpg,0.0002303373,0.99903476,0.00010880365,0.0006261217,b
test_0424.jpg,0.99975306,6.604019e-05,9.608792e-05,8.4797284e-05,a
test_0425.jpg,0.9199273,0.07551223,0.0022802718,0.0022802718,a
test_0426.jpg,3.5008288e-06,4.785066e-06,2.561261e-06,0.99998915,d
test_0427.jpg,0.001031909,0.00020319494,0.99865615,0.00010876242,c
test_0428.jpg,0.0019261645,3.5278932e-05,0.9977779,0.000260678,c
test_0429.jpg,0.00020334877,0.00026110496,0.9994122,0.00012333726,c
test_0430.jpg,0.0074511226,0.010841321,0.9759045,0.00580294,c
test_0431.jpg,0.99995947,1.300677e-05,1.6701024e-05,1.0782991e-05,a
test_0432.jpg,2.2603147e-06,2.9023015e-06,1.4593688e-06,0.99999344,d
test_0433.jpg,7.484355e-05,2.7533402e-05,8.397213e-06,0.99988925,d
test_0434.jpg,0.007565689,0.00090359274,0.0006210296,0.99090976,d
test_0435.jpg,0.0057267067,0.963084,0.0021067378,0.029082617,b
test_0436.jpg,0.99999547,1.2878911e-06,1.5534932e-06,1.6536849e-06,a
test_0437.jpg,5.422173e-06,2.2602983e-06,6.1441274e-06,0.9999862,d
test_0438.jpg,2.5612412e-06,0.9999814,6.5403583e-06,9.516165e-06,b
test_0439.jpg,0.99848014,0.0001792873,0.00043008788,0.00091049605,a
test_0440.jpg,0.0103998855,0.00075336517,0.8261652,0.16268156,c
test_0441.jpg,0.64353853,0.23674463,0.059858408,0.059858408,a
test_0442.jpg,5.4221823e-06,5.4221823e-06,1.3709424e-06,0.99998784,d
test_0443.jpg,0.999064,0.00023034406,0.00062614004,7.9604775e-05,a
test_0444.jpg,0.9999777,5.4221273e-06,7.41117e-06,9.51613e-06,a
test_0445.jpg,1.6536868e-06,1.2098631e-06,5.368735e-07,0.99999666,d
test_0446.jpg,0.0024712947,0.00033445336,0.00020285622,0.9969914,d
test_0447.jpg,3.53553e-05,1.3006488e-05,1.3845335e-05,0.9999378,d
test_0448.jpg,0.99990904,4.5395802e-05,3.5354286e-05,1.0129172e-05,a
test_0449.jpg,0.012329007,0.0031172612,0.0051394943,0.9794143,d
test_0450.jpg,7.482624e-05,0.999658,0.00010887153,0.00015840713,b
test_0451.jpg,6.5401982e-06,0.99995697,1.2218699e-05,2.4299785e-05,b
test_0452.jpg,5.771783e-06,0.99997056,7.889093e-06,1.5689335e-05,b
test_0453.jpg,3.08948e-06,3.2887344e-06,1.2878869e-06,0.99999225,d
test_0454.jpg,1.3845013e-05,0.9999145,2.0144375e-05,5.1440464e-05,b
test_0455.jpg,5.8285812e-05,6.604647e-05,0.9998481,2.7532269e-05,c
test_0456.jpg,9.609408e-05,5.1435458e-05,0.9998172,3.5351037e-05,c
test_0457.jpg,1.3709525e-06,2.4060967e-06,1.0030103e-06,0.99999523,d
test_0458.jpg,0.82409436,0.1622738,0.008079137,0.005552704,a
test_0459.jpg,0.19310097,0.76372916,0.033555917,0.009613931,b
test_0460.jpg,0.013950327,0.9779935,0.0045290086,0.0035271952,b
test_0461.jpg,0.99998224,6.5403638e-06,3.2887015e-06,7.889184e-06,a
test_0462.jpg,1.1477474e-05,1.6699627e-05,0.9998758,9.609971e-05,c
test_0463.jpg,0.99991035,1.6700204e-05,6.961681e-06,6.605058e-05,a
test_0464.jpg,0.00048737164,0.99851745,8.469248e-05,0.00091053004,b
test_0465.jpg,0.022774031,0.9683764,0.0073936447,0.001455895,b
test_0466.jpg,0.0054042395,0.0012058489,0.9088534,0.08453653,c
test_0467.jpg,0.0017005821,5.1353127e-05,3.1147247e-05,0.9982168,d
test_0468.jpg,3.2887388e-06,1.2098593e-06,1.994721e-06,0.99999356,d
test_0469.jpg,5.8287693e-05,2.5865009e-05,0.99988043,3.5353274e-05,c
test_0470.jpg,0.006660523,0.001684044,0.98850924,0.0031462084,c
test_0471.jpg,0.23679747,0.011789451,0.7293875,0.022025594,c
test_0472.jpg,0.9994795,7.0280184e-05,7.0280184e-05,0.0003799311,a
test_0473.jpg,2.4060414e-06,0.99997234,1.1478583e-05,1.3845814e-05,b
test_0474.jpg,0.0046631875,0.0005569383,0.10613366,0.88864625,d
test_0475.jpg,0.99996245,6.9620432e-06,2.7535418e-05,3.089388e-06,a
test_0476.jpg,0.0060986495,0.13880463,0.42754835,0.42754835,c
test_0477.jpg,0.00062593917,0.9987435,0.00033504108,0.00029567274,b
test_0478.jpg,2.5860367e-05,0.999701,4.2636533e-05,0.00023049093,b
test_0479.jpg,0.00034641716,0.02929417,0.00026978998,0.9700897,d
test_0480.jpg,1.1365505e-06,0.99998724,2.726443e-06,8.939663e-06,b
test_0481.jpg,0.00020338758,0.999603,8.478455e-05,0.00010886553,b
test_0482.jpg,0.0021507596,0.0006162029,0.014024714,0.98320836,d
test_0483.jpg,0.999782,9.6090705e-05,9.6090705e-05,2.5862462e-05,a
test_0484.jpg,0.00048765232,0.00033515817,0.99909246,8.474125e-05,c
test_0485.jpg,0.00048780034,0.9993957,5.8259437e-05,5.8259437e-05,b
test_0486.jpg,1.4738682e-05,1.0129738e-05,1.0129738e-05,0.99996495,d
test_0487.jpg,0.047369584,0.9514436,0.0008676043,0.00031917376,b
test_0488.jpg,0.9993843,9.605248e-05,0.00037989492,0.00013975553,a
test_0489.jpg,0.0001788678,8.449117e-05,0.0035926562,0.99614394,d
test_0490.jpg,2.0143616e-05,0.99987686,5.143853e-05,5.143853e-05,b
test_0491.jpg,3.7266177e-06,1.2878846e-06,0.99999046,4.495159e-06,c
test_0492.jpg,0.00062466465,0.0011670272,0.9967098,0.0014984926,c
test_0493.jpg,0.99998057,1.3007045e-05,2.7264248e-06,3.7265809e-06,a
test_0494.jpg,6.1440865e-06,4.7850194e-06,0.9999795,9.516147e-06,c
test_0495.jpg,4.5391684e-05,8.480283e-05,0.9998184,5.1435516e-05,c
test_0496.jpg,0.99987805,2.4297868e-05,7.484271e-05,2.2825736e-05,a
test_0497.jpg,2.4060841e-06,6.540415e-06,9.4223617e-07,0.9999901,d
test_0498.jpg,0.0019256024,0.9974867,0.00042965997,0.00015806306,b
test_0499.jpg,1.2098548e-06,0.99998975,3.2887262e-06,5.771894e-06,b
test_0500.jpg,0.0002957571,0.0001232899,0.99902844,0.000552547,c
test_0501.jpg,9.515359e-06,1.892355e-05,0.99989665,7.48441e-05,c
test_0502.jpg,0.0019224873,0.0007072435,0.99587303,0.0014972345,c
test_0503.jpg,0.0006255934,0.0003794416,0.9981918,0.0008032779,c
test_0504.jpg,0.0066037634,0.005827801,0.98008543,0.007483044,c
test_0505.jpg,0.11637028,0.11637028,0.008429836,0.75882953,d
test_0506.jpg,0.9998349,0.000108890796,4.5392437e-05,1.0781649e-05,a
test_0507.jpg,0.9963754,0.00037875117,0.0031712446,7.458053e-05,a
test_0508.jpg,0.025628237,0.58329594,0.3537869,0.037288863,b
test_0509.jpg,1.473884e-05,5.0936073e-06,4.4950925e-06,0.9999757,d
test_0510.jpg,0.28843936,0.093642555,0.1982413,0.41967678,d
test_0511.jpg,2.5612485e-06,0.99998426,4.222785e-06,8.939635e-06,b
test_0512.jpg,0.9999578,7.888992e-06,2.586701e-05,8.3977875e-06,a
test_0513.jpg,1.3007056e-05,2.9022667e-06,2.726427e-06,0.9999814,d
test_0514.jpg,0.0009109139,6.598638e-05,8.4728184e-05,0.9989384,d
test_0515.jpg,1.3844284e-05,0.99986184,5.828661e-05,6.604738e-05,b
test_0516.jpg,0.009671498,0.0019044309,0.9865196,0.0019044309,c
test_0517.jpg,1.6536868e-06,1.2098631e-06,4.4508374e-07,0.99999666,d
test_0518.jpg,1.0783233e-05,5.0936387e-06,2.2602885e-06,0.9999819,d
test_0519.jpg,0.06697114,0.924508,0.0062292856,0.0022916263,b
test_0520.jpg,1.0783134e-05,5.093592e-06,0.9999727,1.1478586e-05,c
test_0521.jpg,0.00017947613,5.826737e-05,0.00023045193,0.99953187,d
test_0522.jpg,0.002278796,0.91933185,0.075463355,0.0029260318,b
test_0523.jpg,2.4297316e-05,0.9998554,7.484102e-05,4.5393368e-05,b
test_0524.jpg,0.26723105,0.0020403343,0.004319387,0.72640926,d
test_0525.jpg,2.4299017e-05,2.2826816e-05,0.9999254,2.7534395e-05,c
test_0526.jpg,0.0193657,0.028176928,0.9330917,0.0193657,c
test_0527.jpg,0.005910491,3.9824572e-05,5.7944417e-05,0.9939918,d
test_0528.jpg,0.9993105,0.00013974521,0.00048775872,6.201155e-05,a
test_0529.jpg,0.9997842,5.4750948e-05,3.762974e-05,0.00012338317,a
test_0530.jpg,0.0051385034,0.9792254,0.0139679,0.001668228,b
test_0531.jpg,1.0129715e-05,0.9999627,1.5689211e-05,1.1478472e-05,b
test_0532.jpg,2.7514905e-05,0.9992175,4.5364406e-05,0.0007096187,b
test_0533.jpg,0.0008036893,0.00033502752,0.998703,0.0001582558,c
test_0534.jpg,0.0004876354,7.478131e-05,0.00037977082,0.9990578,d
test_0535.jpg,4.004688e-05,0.99954045,0.00015838849,0.00026113846,b
test_0536.jpg,0.006656908,0.004575222,0.98797274,0.0007950543,c
test_0537.jpg,2.5612762e-06,1.4593712e-06,9.422409e-07,0.9999951,d
test_0538.jpg,0.006651002,0.0016816368,0.0045711626,0.9870962,d
test_0539.jpg,0.5274026,0.46543115,0.005858914,0.0013073004,a
test_0540.jpg,0.00037983077,0.0002958125,0.9992155,0.00010882333,c
test_0541.jpg,7.410803e-06,0.99992824,2.4299086e-05,4.006242e-05,b
test_0542.jpg,0.00089450093,0.00019959014,0.9809394,0.017966531,c
test_0543.jpg,0.011718056,0.0048848125,0.052516688,0.9308805,d
test_0544.jpg,9.515843e-06,0.99994755,2.1444284e-05,2.1444284e-05,b
test_0545.jpg,0.00037984882,9.604082e-05,0.999263,0.000261066,c
test_0546.jpg,4.784985e-06,1.2218886e-05,0.9999722,1.0783129e-05,c
test_0547.jpg,0.005212084,0.0003775621,0.9932474,0.0011629731,c
test_0548.jpg,0.99998605,4.222792e-06,6.144127e-06,3.500818e-06,a
test_0549.jpg,6.9622365e-06,1.7603292e-06,1.0030053e-06,0.9999902,d
test_0550.jpg,2.726455e-06,3.0894782e-06,0.99999166,2.5612674e-06,c
test_0551.jpg,0.99995995,9.515961e-06,6.1439664e-06,2.4299858e-05,a
test_0552.jpg,4.2228044e-06,2.9022883e-06,0.9999889,3.9669576e-06,c
test_0553.jpg,0.00015810698,0.0009098429,0.9977639,0.0011682614,c
test_0554.jpg,0.0052166902,0.0005498351,0.000108268956,0.9941251,d
test_0555.jpg,0.9998888,4.8322603e-05,4.0060837e-05,2.282598e-05,a
test_0556.jpg,0.004605797,0.99457514,0.0003336428,0.00048544744,b
test_0557.jpg,7.411016e-06,1.6700982e-05,0.99995697,1.8924691e-05,c
test_0558.jpg,0.34364143,0.013324423,0.0010274693,0.64200664,d
test_0559.jpg,0.0019201507,0.99466264,0.00062338164,0.0027938029,b
test_0560.jpg,4.7850194e-06,0.9999795,4.222765e-06,1.1478664e-05,b
test_0561.jpg,0.00092569797,0.8958677,0.008782779,0.09442376,b
test_0562.jpg,0.004062527,0.0011639334,0.0007059613,0.99406755,d
test_0563.jpg,3.7266109e-06,2.2603037e-06,0.9999887,5.422187e-06,c
test_0564.jpg,1.5679427e-05,1.8912997e-05,0.00062631245,0.99933904,d
test_0565.jpg,0.99726856,0.0008025349,0.0014993326,0.000429566,a
test_0566.jpg,7.482089e-05,4.2631655e-05,0.99958664,0.00029592236,c
test_0567.jpg,0.04734298,0.9509092,0.0009825722,0.000765228,b
test_0568.jpg,0.81208986,0.013126209,0.15990996,0.014873945,a
test_0569.jpg,6.961839e-06,0.9999331,8.397581e-06,5.144142e-05,b
test_0570.jpg,3.5355137e-05,1.6700584e-05,0.9999331,1.47382125e-05,c
test_0571.jpg,9.6097596e-05,1.8922738e-05,3.1198324e-05,0.99985373,d
test_0572.jpg,8.939595e-06,6.144088e-06,5.093628e-06,0.99997973,d
test_0573.jpg,1.994725e-06,1.4593719e-06,1.0030107e-06,0.9999956,d
test_0574.jpg,0.0053809397,0.332907,0.039760064,0.62195206,d
test_0575.jpg,0.9976615,0.0011681415,0.0010308812,0.00013951461,a
test_0576.jpg,1.0782785e-05,2.1444128e-05,0.9999403,2.7534807e-05,c
test_0577.jpg,1.3834673e-05,0.00010881814,0.9991678,0.00070958334,c
test_0578.jpg,0.023985926,0.06520051,0.2922084,0.6186052,d
test_0579.jpg,0.007042981,0.04592601,0.9224486,0.024582421,c
test_0580.jpg,1.8738282e-06,2.1444828e-05,3.7265522e-06,0.99997294,d
test_0581.jpg,0.997267,0.00020291228,0.0024719778,5.813534e-05,a
test_0582.jpg,8.4489155e-05,0.0035925703,0.9961202,0.00020267896,c
test_0583.jpg,5.828522e-05,0.999838,4.539258e-05,5.828522e-05,b
test_0584.jpg,3.9668657e-06,0.99996567,8.93947e-06,2.1444672e-05,b
test_0585.jpg,3.7266211e-06,1.9947167e-06,0.9999914,2.9022956e-06,c
test_0586.jpg,8.397959e-06,1.0783193e-05,2.7264182e-06,0.9999782,d
test_0587.jpg,0.9997291,0.00015841839,7.483156e-05,3.7627666e-05,a
test_0588.jpg,0.0009074772,0.0003338422,0.9951696,0.003589142,c
test_0589.jpg,0.99876416,0.00023027492,0.00037965918,0.0006259521,a
test_0590.jpg,0.99996305,1.3845684e-05,1.5689217e-05,7.4110612e-06,a
test_0591.jpg,2.4299536e-05,1.2218574e-05,1.6700811e-05,0.9999467,d
test_0592.jpg,1.892464e-05,1.6700937e-05,0.9999542,1.0129629e-05,c
test_0593.jpg,0.00017949569,0.0001584044,2.1437703e-05,0.9996407,d
test_0594.jpg,0.9985453,0.00020317239,0.00062581495,0.00062581495,a
test_0595.jpg,0.0024699967,0.00080189045,0.00026033568,0.9964677,d
test_0596.jpg,0.00017947317,7.481556e-05,0.9995153,0.0002304481,c
test_0597.jpg,0.99990976,3.120007e-05,4.0061677e-05,1.8923798e-05,a
test_0598.jpg,0.9998938,3.5353747e-05,3.7633865e-05,3.3211767e-05,a
test_0599.jpg,0.99999213,1.2878868e-06,4.78508e-06,1.7603325e-06,a
test_0600.jpg,0.0002611121,0.00020335431,0.9994394,9.6057774e-05,c
test_0601.jpg,0.99996626,1.777827e-05,8.939474e-06,6.96207e-06,a
test_0602.jpg,7.41086e-06,0.99993587,1.670063e-05,4.0062725e-05,b
test_0603.jpg,0.0010319996,0.00015826226,0.99874383,6.597352e-05,c
test_0604.jpg,1.670107e-05,5.422043e-06,1.5689204e-05,0.9999622,d
test_0605.jpg,4.006207e-05,1.8923984e-05,0.99991953,2.1443682e-05,c
test_0606.jpg,0.9999851,3.9669426e-06,6.144121e-06,4.7850463e-06,a
test_0607.jpg,0.9997515,3.5348716e-05,0.00015842194,5.4749158e-05,a
test_0608.jpg,0.0052013225,0.0016886223,0.0019134596,0.99119663,d
test_0609.jpg,0.003933692,0.004457457,0.9625426,0.029066268,c
test_0610.jpg,4.539347e-05,0.99985766,4.539347e-05,5.1437542e-05,b
test_0611.jpg,0.003516795,0.003985051,0.8605314,0.13196677,c
test_0612.jpg,0.012107331,0.022619473,0.0034688085,0.9618044,d
test_0613.jpg,8.939461e-06,1.8924839e-05,7.4110735e-06,0.9999647,d
test_0614.jpg,0.00055224757,0.998487,0.00033495508,0.00062577846,b
test_0615.jpg,0.99413294,0.004062794,0.0013189961,0.00048523158,a
test_0616.jpg,0.0031281186,0.9828256,0.010918207,0.0031281186,b
test_0617.jpg,0.0016924568,0.0046005743,0.99344736,0.00025954662,c
test_0618.jpg,0.99999154,3.966968e-06,1.0030066e-06,3.5008372e-06,a
test_0619.jpg,6.962015e-06,0.9999584,1.5689144e-05,1.8924718e-05,b
test_0620.jpg,0.00062280864,0.0046019685,0.9937484,0.0010268379,c
test_0621.jpg,3.5352812e-05,6.6047745e-05,0.9998673,3.1198746e-05,c
test_0622.jpg,1.873853e-06,0.9999862,5.422173e-06,6.540389e-06,b
test_0623.jpg,9.516215e-06,2.5612546e-06,1.2878797e-06,0.99998665,d
test_0624.jpg,0.0011681337,0.00055178726,0.9976548,0.00062525686,c
test_0625.jpg,0.012389961,0.0016767989,0.98425645,0.0016767989,c
test_0626.jpg,5.09365e-06,0.99998415,2.9022747e-06,7.889199e-06,b
test_0627.jpg,0.0001794129,0.99917966,0.00037981715,0.00026104422,b
test_0628.jpg,2.1442609e-05,2.4297658e-05,8.4807165e-05,0.99986947,d
test_0629.jpg,0.004383891,0.04713127,0.2112277,0.7372571,d
test_0630.jpg,0.00079598627,0.98913085,0.009697098,0.0003759973,b
test_0631.jpg,2.7535072e-05,0.99994993,1.3006646e-05,9.515866e-06,b
test_0632.jpg,6.962191e-06,5.093648e-06,4.222782e-06,0.99998367,d
test_0633.jpg,0.83348906,0.0043737493,0.017298512,0.14483866,a
test_0634.jpg,0.9919973,0.0066840253,0.0011615094,0.00015719321,a
test_0635.jpg,0.00413046,0.08296249,0.020976204,0.8919309,d
test_0636.jpg,2.1443906e-05,0.9999299,2.4299128e-05,2.4299128e-05,b
test_0637.jpg,0.9999937,2.4060928e-06,1.9947213e-06,1.8738671e-06,a
test_0638.jpg,0.017440492,0.019762667,0.9522186,0.010578194,c
test_0639.jpg,0.99996376,1.6701095e-05,1.30068265e-05,6.540243e-06,a
test_0640.jpg,0.00033527482,8.477075e-05,0.00013976335,0.99944013,d
test_0641.jpg,0.99996746,2.144471e-05,6.9620783e-06,4.222714e-06,a
test_0642.jpg,0.00010888536,6.60423e-05,4.005668e-05,0.999785,d
test_0643.jpg,1.6701051e-05,1.6701051e-05,0.99996114,5.4220377e-06,c
test_0644.jpg,0.9970943,0.0019248448,0.00042949093,0.00055147725,a
test_0645.jpg,2.144355e-05,0.99991333,6.9617013e-06,5.828961e-05,b
test_0646.jpg,4.0061033e-05,0.99989367,5.143939e-05,1.4737631e-05,b
test_0647.jpg,0.0013181015,0.9934587,0.004600627,0.00062262703,b
test_0648.jpg,6.540295e-06,0.99997175,6.962108e-06,1.4738782e-05,b
test_0649.jpg,3.7266066e-06,5.7718808e-06,0.9999875,3.0894653e-06,c
test_0650.jpg,0.99993217,2.7534583e-05,2.0144731e-05,2.0144731e-05,a
test_0651.jpg,8.39804e-06,2.4060787e-06,1.3709424e-06,0.99998784,d
test_0652.jpg,0.0031686018,0.995545,0.0009078196,0.0003784355,b
test_0653.jpg,9.607097e-05,0.99957675,6.6028544e-05,0.00026114797,b
test_0654.jpg,0.99982363,5.828438e-05,8.480327e-05,3.3209435e-05,a
test_0655.jpg,1.8924786e-05,0.999962,8.397823e-06,1.0783018e-05,b
test_0656.jpg,0.00015808239,0.99760866,0.0013236076,0.00090970134,b
test_0657.jpg,0.00029592018,0.99957925,4.0048435e-05,8.478254e-05,b
test_0658.jpg,0.016024595,0.6813831,0.08137961,0.2212127,b
test_0659.jpg,0.00029589218,9.6062126e-05,0.00012334621,0.99948466,d
test_0660.jpg,4.222656e-06,0.99995375,1.078293e-05,3.120144e-05,b
test_0661.jpg,0.97458774,0.001881397,0.022920107,0.0006108001,a
test_0662.jpg,0.99986744,2.0143427e-05,2.7532802e-05,8.480699e-05,a
test_0663.jpg,0.019627506,0.83458275,0.00076104095,0.14502873,b
test_0664.jpg,7.888847e-06,0.99993944,2.144411e-05,3.1200998e-05,b
test_0665.jpg,0.0014956701,0.9948324,0.0021761872,0.0014956701,b
test_0666.jpg,0.9999639,8.397838e-06,1.3845696e-05,1.3845696e-05,a
test_0667.jpg,0.99998236,8.397994e-06,3.500805e-06,5.771851e-06,a
test_0668.jpg,4.222496e-06,0.99991584,1.3845031e-05,6.605095e-05,b
test_0669.jpg,4.005469e-05,0.9997353,8.479578e-05,0.00013980462,b
test_0670.jpg,2.1444754e-05,5.4220827e-06,3.7265395e-06,0.9999695,d
test_0671.jpg,4.006045e-05,0.9998791,3.5353227e-05,4.5394445e-05,b
test_0672.jpg,2.7535492e-05,5.0935537e-06,2.123309e-06,0.9999652,d
test_0673.jpg,0.0013096908,0.0040341318,0.98711944,0.0075367494,c
test_0674.jpg,0.00015843389,1.0128339e-05,4.4944236e-06,0.99982697,d
test_0675.jpg,0.006485609,0.9625497,0.008327686,0.022637,b
test_0676.jpg,0.00012336888,0.00012336888,0.9996685,8.479011e-05,c
test_0677.jpg,0.0001792959,0.0010317767,0.00026087396,0.998528,d
test_0678.jpg,1.0782788e-05,0.99994063,2.4299388e-05,2.4299388e-05,b
test_0679.jpg,1.6697433e-05,0.9997445,3.534847e-05,0.00020341638,b
test_0680.jpg,0.000106927044,0.017982364,0.9818038,0.000106927044,c
test_0681.jpg,0.99975365,5.8280304e-05,0.00013980719,4.831607e-05,a
test_0682.jpg,6.540136e-06,0.9999474,1.47384235e-05,3.1201245e-05,b
test_0683.jpg,8.479257e-05,0.99969745,0.00010887582,0.00010887582,b
test_0684.jpg,0.000430279,0.0001582908,0.00048757,0.99892384,d
test_0685.jpg,0.007823467,0.5484674,0.42714682,0.016562281,b
test_0686.jpg,0.99995124,1.3845522e-05,1.473848e-05,2.0145115e-05,a
test_0687.jpg,0.00020338807,5.142456e-05,0.99960536,0.00013978644,c
test_0688.jpg,0.9990663,6.599483e-05,0.0007095113,0.00015831336,a
test_0689.jpg,0.9999902,3.2887278e-06,4.785071e-06,1.7603292e-06,a
test_0690.jpg,0.03297378,0.002706653,0.00068434904,0.96363515,d
test_0691.jpg,3.535429e-05,0.99990916,3.1200052e-05,2.4298624e-05,b
test_0692.jpg,7.483981e-05,5.8285295e-05,2.7532027e-05,0.9998393,d
test_0693.jpg,0.16197978,0.009138275,0.006280638,0.82260126,d
test_0694.jpg,0.010734498,0.13077295,0.0057457625,0.8527468,d
test_0695.jpg,1.3845688e-05,1.1478479e-05,1.1478479e-05,0.9999633,d
test_0696.jpg,0.00070609886,0.99426126,0.0004282706,0.0046043433,b
test_0697.jpg,8.398047e-06,1.9947113e-06,9.422348e-07,0.9999887,d
test_0698.jpg,0.00012338103,5.1432868e-05,0.9997669,5.8281075e-05,c
test_0699.jpg,3.7266238e-06,2.7264564e-06,1.3709483e-06,0.99999213,d
test_0700.jpg,3.1197447e-05,0.9998258,8.4803454e-05,5.8284506e-05,b
test_0701.jpg,0.99999726,9.4224293e-07,7.3381955e-07,1.136562e-06,a
test_0702.jpg,4.006174e-05,2.4298675e-05,0.9999113,2.4298675e-05,c
test_0703.jpg,0.6701193,0.009558737,0.10276612,0.21755587,a
test_0704.jpg,0.16608866,0.39842597,0.03705939,0.39842597,b
test_0705.jpg,0.028680703,0.01971194,0.838173,0.11343438,c
test_0706.jpg,6.5399595e-06,0.9999205,4.5396322e-05,2.753426e-05,b
test_0707.jpg,0.00091087085,0.00012327296,7.476884e-05,0.9988912,d
test_0708.jpg,0.00070959225,7.479048e-05,3.5328518e-05,0.99918026,d
test_0709.jpg,1.012965e-05,1.8924678e-05,0.99995625,1.4738554e-05,c
test_0710.jpg,0.99488044,0.004607211,0.0003337452,0.00017864093,a
test_0711.jpg,3.96681e-06,2.4299654e-05,0.9999516,2.0145122e-05,c
test_0712.jpg,0.00048542587,0.00037805003,0.994531,0.004605592,c
test_0713.jpg,0.00089464855,0.015858024,0.9811013,0.0021461502,c
test_0714.jpg,4.0042592e-05,9.605719e-05,0.99943334,0.00043049848,c
test_0715.jpg,0.75380325,0.1905913,0.054605324,0.0010001314,a
test_0716.jpg,0.99998665,2.406076e-06,8.39803e-06,2.5612546e-06,a
test_0717.jpg,0.0018163399,0.94088733,0.010452315,0.04684402,b
test_0718.jpg,4.222779e-06,0.99998283,3.9669335e-06,8.939623e-06,b
test_0719.jpg,0.009506646,0.8557609,0.0034972993,0.13123518,b
test_0720.jpg,0.043691754,0.07203553,0.006700347,0.87757236,d
test_0721.jpg,1.5534949e-06,7.33819e-07,1.209863e-06,0.99999654,d
test_0722.jpg,0.0027990814,0.9965419,0.000429253,0.00022976258,b
test_0723.jpg,1.5688624e-05,1.892409e-05,0.99992526,4.00623e-05,c
test_0724.jpg,5.7718066e-06,5.7718066e-06,1.38458445e-05,0.9999746,d
test_0725.jpg,1.0129628e-05,2.4299716e-05,0.9999541,1.1478373e-05,c
test_0726.jpg,0.9998752,4.0060295e-05,3.3211152e-05,5.143844e-05,a
test_0727.jpg,2.7533537e-05,1.2217932e-05,0.99989414,6.604951e-05,c
test_0728.jpg,6.6045446e-05,0.9998325,3.535158e-05,6.6045446e-05,b
test_0729.jpg,1.1478428e-05,1.6701013e-05,0.9999589,1.3006763e-05,c
test_0730.jpg,1.4738831e-05,4.7849985e-06,5.422113e-06,0.9999751,d
test_0731.jpg,3.120013e-05,3.120013e-05,0.99991167,2.5865816e-05,c
test_0732.jpg,0.24125987,0.0050071892,0.010600219,0.74313277,d
test_0733.jpg,0.002457524,0.9914358,0.0009040725,0.005202578,b
test_0734.jpg,0.99982446,7.4838696e-05,7.4838696e-05,2.586356e-05,a
test_0735.jpg,4.7850276e-06,7.889176e-06,0.99998116,6.144097e-06,c
test_0736.jpg,0.9995135,3.3199136e-05,0.000430533,2.2817412e-05,a
test_0737.jpg,1.3006954e-05,6.9621206e-06,6.5403065e-06,0.99997354,d
test_0738.jpg,0.19563636,0.46930724,0.012506614,0.32254985,b
test_0739.jpg,0.49300656,0.2990236,0.14124875,0.06672118,a
test_0740.jpg,1.6700347e-05,0.99991894,4.0062045e-05,2.429886e-05,b
test_0741.jpg,4.7850526e-06,3.0894619e-06,0.9999864,5.771875e-06,c
test_0742.jpg,0.99737096,0.00010862245,0.0024722356,4.820092e-05,a
test_0743.jpg,0.99978954,0.00015842797,2.2823713e-05,2.9306228e-05,a
test_0744.jpg,0.009363727,0.1464733,0.84289575,0.0012672425,c
test_0745.jpg,0.0031442165,0.9878834,0.0004255234,0.0085468665,b
test_0746.jpg,1.5688674e-05,1.5688674e-05,0.9999285,4.0062427e-05,c
test_0747.jpg,1.7778115e-05,1.0782971e-05,0.99995756,1.3845609e-05,c
test_0748.jpg,0.001321514,0.00017884746,0.9960306,0.0024689133,c
test_0749.jpg,0.99836403,0.00029556043,0.00043003785,0.00091039017,a
test_0750.jpg,0.0022879578,0.81456935,0.18175499,0.0013877166,b
test_0751.jpg,0.0057060276,0.1298686,0.84684956,0.0175758,c
test_0752.jpg,1.7774555e-05,0.00017951663,4.5388915e-05,0.99975735,d
test_0753.jpg,2.144481e-05,4.495076e-06,1.8738266e-06,0.9999721,d
test_0754.jpg,0.99997914,1.0129882e-05,2.9022601e-06,7.88916e-06,a
test_0755.jpg,1.07829e-05,0.999951,1.6700882e-05,2.1444357e-05,b
test_0756.jpg,1.0676957e-06,0.99999225,2.561269e-06,4.2228185e-06,b
test_0757.jpg,0.99999225,3.2887344e-06,2.561269e-06,1.9947183e-06,a
test_0758.jpg,0.9998833,1.300578e-05,3.7633472e-05,6.60488e-05,a
test_0759.jpg,0.9967026,0.00020279746,0.0027995326,0.00029506857,a
test_0760.jpg,0.0005457297,0.012420751,0.0003310018,0.9867025,d
test_0761.jpg,3.2886842e-06,9.516123e-06,0.999977,1.012986e-05,c
test_0762.jpg,3.966934e-06,6.5403683e-06,0.99998295,6.5403683e-06,c
test_0763.jpg,0.017929502,0.9789176,0.0010115132,0.0021413735,b
test_0764.jpg,0.99953353,0.00020337345,0.00012335223,0.0001397764,a
test_0765.jpg,0.004606608,0.00048553286,0.9947502,0.00015762943,c
test_0766.jpg,0.010949746,0.59783584,0.21993154,0.17128284,b
test_0767.jpg,0.99412054,0.0024641787,0.0006230419,0.0027922802,a
test_0768.jpg,0.998933,0.00017936861,0.0003351047,0.00055249425,a
test_0769.jpg,0.9999901,4.2228094e-06,3.5008322e-06,2.2603072e-06,a
test_0770.jpg,6.1440337e-06,1.8924955e-05,3.966886e-06,0.9999709,d
test_0771.jpg,0.002180416,0.9967656,0.00042934937,0.0006246996,b
test_0772.jpg,0.9858709,0.012410283,0.0010186981,0.00070014026,a
test_0773.jpg,6.9619427e-06,1.5688982e-05,0.999948,2.9310873e-05,c
test_0774.jpg,0.0006259972,0.00037968653,0.9988361,0.00015827689,c
test_0775.jpg,2.1443826e-05,4.0062336e-05,0.9999262,1.2218324e-05,c
test_0776.jpg,0.0027256848,0.0010027234,0.970411,0.025860576,c
test_0777.jpg,0.00010883626,0.00026108458,0.99933416,0.00029584763,c
test_0778.jpg,0.9997925,2.5862733e-05,0.00012338419,5.8282567e-05,a
test_0779.jpg,0.0019248446,0.0005514772,0.00042949087,0.99709415,d
test_0780.jpg,0.00055192993,0.9979127,0.0006254185,0.00090997864,b
test_0781.jpg,0.9999502,6.5401537e-06,1.0129588e-05,3.321364e-05,a
test_0782.jpg,0.99479795,0.004065512,0.00022936048,0.00090713834,a
test_0783.jpg,0.90066916,0.001534398,0.09492982,0.0028666325,a
test_0784.jpg,0.99996936,3.9668803e-06,2.014548e-05,6.540279e-06,a
test_0785.jpg,0.008610305,0.0925695,0.36611953,0.5327007,d
test_0786.jpg,0.95581836,0.0056835036,0.0370611,0.0014370148,a
test_0787.jpg,0.6114244,0.09376497,0.005994194,0.28881645,a
test_0788.jpg,0.99967253,1.3841662e-05,0.0002959478,1.7773047e-05,a
test_0789.jpg,3.2886653e-06,0.9999713,6.540292e-06,1.8924962e-05,b
test_0790.jpg,0.02027803,0.0007862645,0.8622437,0.116692,c
test_0791.jpg,5.422202e-06,1.9947167e-06,1.1365553e-06,0.9999914,d
test_0792.jpg,3.119703e-05,0.9998123,1.6698565e-05,0.00013981538,b
test_0793.jpg,0.00029592667,0.9996012,5.1424344e-05,5.1424344e-05,b
test_0794.jpg,0.0019141773,0.9915684,0.00062144233,0.0058960808,b
test_0795.jpg,3.2886992e-06,0.9999815,4.4951184e-06,1.0783229e-05,b
test_0796.jpg,0.61838603,0.0011937659,0.0053500873,0.3750701,a
test_0797.jpg,1.0129865e-05,5.422126e-06,0.99997747,6.962148e-06,c
test_0798.jpg,0.8575642,0.007419384,0.13151173,0.0035046688,a
test_0799.jpg,1.3709547e-06,1.1365614e-06,6.4759314e-07,0.9999968,d
test_0800.jpg,0.00091026124,0.00015817968,0.00070891215,0.99822265,d
test_0801.jpg,0.9992168,0.00026105394,0.00026105394,0.00026105394,a
test_0802.jpg,0.00033530066,9.606525e-05,5.1420026e-05,0.9995172,d
test_0803.jpg,4.539316e-05,0.99985087,5.8285972e-05,4.539316e-05,b
test_0804.jpg,0.9292295,0.0008473476,0.0026100145,0.06731316,a
test_0805.jpg,0.99995434,1.22186675e-05,1.6700938e-05,1.6700938e-05,a
test_0806.jpg,0.025828715,0.001871026,0.96921545,0.0030848004,c
test_0807.jpg,2.0145355e-05,1.012972e-05,0.99996316,6.5402387e-06,c
test_0808.jpg,0.0020990525,0.0011235418,0.95957077,0.037206598,c
test_0809.jpg,0.6206489,0.0019753894,0.37644258,0.00093310786,a
test_0810.jpg,0.9999548,5.422003e-06,2.5866933e-05,1.3845571e-05,a
test_0811.jpg,7.4841904e-05,1.777651e-05,0.9998673,4.005998e-05,c
test_0812.jpg,1.300631e-05,3.5354817e-05,0.99992406,2.7534361e-05,c
test_0813.jpg,1.8923376e-05,6.604907e-05,0.99988747,2.7533353e-05,c
test_0814.jpg,0.9999335,2.9310448e-05,7.8888e-06,2.9310448e-05,a
test_0815.jpg,0.0021808262,0.0007080106,0.9969531,0.00015797852,c
test_0816.jpg,0.0016407229,0.96308035,0.017639432,0.017639432,b
test_0817.jpg,0.99997985,1.3007036e-05,4.495111e-06,2.5612371e-06,a
test_0818.jpg,9.606944e-05,0.00013978021,0.9995608,0.00020337901,c
test_0819.jpg,6.9619155e-06,0.9999441,2.7534912e-05,2.144421e-05,b
test_0820.jpg,0.0033339723,0.031631846,0.9244181,0.0406161,c
test_0821.jpg,1.0129762e-05,5.7717643e-06,0.99996734,1.6701155e-05,c
test_0822.jpg,0.00017947138,0.9995053,8.477627e-05,0.0002304458,b
test_0823.jpg,1.5689004e-05,0.99994946,8.939324e-06,2.5866793e-05,b
test_0824.jpg,0.00017948764,0.99959594,8.478396e-05,0.00013978513,b
test_0825.jpg,0.004061185,0.0007057281,0.9937391,0.0014940263,c
test_0826.jpg,0.9999393,1.3006508e-05,2.0144875e-05,2.753478e-05,a
test_0827.jpg,0.33135885,0.01000617,0.6190598,0.03957517,c
test_0828.jpg,4.0061812e-05,0.9999131,1.1477902e-05,3.5354427e-05,b
test_0829.jpg,0.9998342,4.8319966e-05,4.2642212e-05,7.483942e-05,a
test_0830.jpg,0.4823218,0.0113431215,0.024013387,0.4823218,a
test_0831.jpg,0.9999982,3.6898797e-07,6.0835833e-07,8.3152725e-07,a
test_0832.jpg,0.07358768,0.89648145,0.02389042,0.006040444,b
test_0833.jpg,2.5864318e-05,9.6097596e-05,0.99985373,2.4297276e-05,c
test_0834.jpg,5.8285073e-05,2.1441881e-05,0.9998355,8.4804284e-05,c
test_0835.jpg,4.0063267e-05,3.0893477e-06,7.4109603e-06,0.99994946,d
test_0836.jpg,0.009649619,0.0051650684,0.00089755433,0.98428786,d
test_0837.jpg,0.015780084,0.0058051683,0.9762792,0.0021356023,c
test_0838.jpg,7.484221e-05,4.5394092e-05,8.397062e-06,0.9998714,d
test_0839.jpg,3.5352936e-05,3.5352936e-05,0.9998709,5.828714e-05,c
test_0840.jpg,0.86536884,0.0051456713,0.026131876,0.103353575,a
test_0841.jpg,2.4060425e-06,1.8924991e-05,5.771796e-06,0.9999728,d
test_0842.jpg,2.9022265e-06,0.9999676,1.4738721e-05,1.4738721e-05,b
test_0843.jpg,0.0024565347,0.0040501407,0.9910368,0.0024565347,c
test_0844.jpg,4.5397497e-05,4.4949606e-06,3.7264533e-06,0.99994636,d
test_0845.jpg,1.3007049e-05,3.5008e-06,2.5612399e-06,0.9999809,d
test_0846.jpg,0.00037992725,0.99946934,8.477322e-05,6.602145e-05,b
test_0847.jpg,0.07322911,0.004131304,0.030526433,0.89211315,d
test_0848.jpg,0.36180443,0.0035470058,0.59651464,0.038133904,c
test_0849.jpg,5.0936906e-06,1.5534879e-06,1.3709482e-06,0.999992,d
test_0850.jpg,1.7777118e-05,0.9999014,3.5354016e-05,4.5395456e-05,b
test_0851.jpg,0.0019237805,0.0009087296,0.00062456005,0.996543,d
test_0852.jpg,0.20396335,0.6282514,0.027603438,0.14018182,b
test_0853.jpg,0.000379931,6.6022105e-05,0.99947923,7.481285e-05,c
test_0854.jpg,2.4060744e-06,3.726601e-06,7.889214e-06,0.99998605,d
test_0855.jpg,1.3006767e-05,0.99995923,1.3006767e-05,1.4738597e-05,b
test_0856.jpg,0.00091087073,0.99889106,0.00012327294,7.4768825e-05,b
test_0857.jpg,3.966915e-06,0.99997807,6.5403365e-06,1.1478648e-05,b
test_0858.jpg,4.7850644e-06,4.2228044e-06,2.1233593e-06,0.9999889,d
test_0859.jpg,4.222826e-06,1.0676977e-06,6.893574e-07,0.99999404,d
test_0860.jpg,0.0008018087,0.0019234392,0.99636614,0.0009085683,c
test_0861.jpg,1.3006754e-05,7.411025e-06,2.1444512e-05,0.99995816,d
test_0862.jpg,0.9999689,1.1478543e-05,9.516046e-06,1.0129777e-05,a
test_0863.jpg,0.999613,0.000108866625,0.00020338962,7.482286e-05,a
test_0864.jpg,0.9999925,2.2603124e-06,2.9022988e-06,2.40609e-06,a
test_0865.jpg,8.939442e-06,2.4299921e-05,4.222693e-06,0.99996257,d
test_0866.jpg,0.00010889083,1.5687212e-05,0.99983525,4.0058694e-05,c
test_0867.jpg,1.4738418e-05,0.9999471,2.1444273e-05,1.6700817e-05,b
test_0868.jpg,1.6536483e-06,0.9999733,8.397918e-06,1.6701255e-05,b
test_0869.jpg,0.0075698495,0.9914547,0.00042706172,0.0005483581,b
test_0870.jpg,5.4672215e-05,0.00043003028,0.99834645,0.0011689435,c
test_0871.jpg,1.892499e-05,4.222736e-06,4.222736e-06,0.9999727,d
test_0872.jpg,4.5395594e-05,3.5354125e-05,1.4737791e-05,0.9999045,d
test_0873.jpg,7.4832315e-05,2.7529271e-05,0.00015841999,0.9997392,d
test_0874.jpg,1.8924784e-05,1.5689198e-05,3.5007333e-06,0.99996185,d
test_0875.jpg,0.00070919725,0.0004874237,0.00017931314,0.9986241,d
test_0876.jpg,0.99804926,0.0011685955,0.0002301101,0.0005520054,a
test_0877.jpg,0.99999464,1.553492e-06,1.3709517e-06,2.406095e-06,a
test_0878.jpg,0.000261146,0.99956924,8.47817e-05,8.47817e-05,b
test_0879.jpg,0.9836113,0.0058487663,0.009642987,0.0008969374,a
test_0880.jpg,1.1478476e-05,1.4738654e-05,0.99996305,1.078303e-05,c
test_0881.jpg,7.484025e-05,1.3844055e-05,0.99984527,6.604628e-05,c
test_0882.jpg,0.9999485,1.568899e-05,2.429958e-05,1.1478309e-05,a
test_0883.jpg,0.999995,1.8738695e-06,1.3709523e-06,1.7603375e-06,a
test_0884.jpg,0.00017933086,0.0010319778,6.597213e-05,0.99872273,d
test_0885.jpg,0.02924023,0.0014557852,0.0010005456,0.9683034,d
test_0886.jpg,0.0009076987,8.9874346e-05,0.003590018,0.9954125,d
test_0887.jpg,3.2886826e-06,0.9999765,3.5007845e-06,1.6701308e-05,b
test_0888.jpg,5.7718644e-06,2.2602947e-06,0.9999846,7.411221e-06,c
test_0889.jpg,0.000621535,0.0024582187,0.9917162,0.005204049,c
test_0890.jpg,0.000709576,0.9991574,7.478877e-05,5.8245547e-05,b
test_0891.jpg,0.00080386444,9.600791e-05,0.9989207,0.0001793664,c
test_0892.jpg,0.0097060315,0.00017777216,7.410647e-05,0.9900421,d
test_0893.jpg,0.0024474966,0.98739064,0.009680037,0.0004819407,b
test_0894.jpg,4.784787e-06,0.99993086,1.8924198e-05,4.539679e-05,b
test_0895.jpg,7.483372e-05,0.99975795,5.828055e-05,0.000108882414,b
test_0896.jpg,0.12263922,0.7997081,0.07438444,0.0032682244,b
test_0897.jpg,3.0894796e-06,2.9022979e-06,1.8738641e-06,0.99999213,d
test_0898.jpg,0.99861825,3.31694e-05,0.0011692618,0.00017931209,a
test_0899.jpg,1.8924855e-05,8.939468e-06,0.99996555,6.5402546e-06,c
test_0900.jpg,0.9999422,2.5866606e-05,1.8924411e-05,1.30065455e-05,a
test_0901.jpg,0.113258295,0.008204403,0.83687186,0.041665398,c
test_0902.jpg,1.3709441e-06,0.99998903,4.222805e-06,5.4221887e-06,b
test_0903.jpg,0.86471057,0.0016692841,0.001012472,0.13260767,a
test_0904.jpg,0.9999795,8.39797e-06,5.0936264e-06,6.962162e-06,a
test_0905.jpg,0.940458,0.002641553,0.053057015,0.003843437,a
test_0906.jpg,0.99998546,6.5403847e-06,4.785048e-06,3.2887122e-06,a
test_0907.jpg,8.939388e-06,0.9999566,6.9620028e-06,2.7535256e-05,b
test_0908.jpg,1.1478745e-05,1.4593587e-06,5.714931e-07,0.9999865,d
test_0909.jpg,0.0040693064,0.99572647,9.570092e-05,0.000108443346,b
test_0910.jpg,4.5395034e-05,0.9998921,3.119952e-05,3.119952e-05,b
test_0911.jpg,0.0021716242,0.00048455488,0.004597329,0.99274653,d
test_0912.jpg,0.0002609582,0.99885035,0.00070935796,0.00017935377,b
test_0913.jpg,8.480907e-05,1.5688103e-05,7.4105346e-06,0.999892,d
test_0914.jpg,2.5866315e-05,2.9310375e-05,0.999931,1.3845241e-05,c
test_0915.jpg,0.54972905,0.3778229,0.021315308,0.051132765,a
test_0916.jpg,0.026442919,0.60183805,0.36503324,0.0066858176,b
test_0917.jpg,0.009193138,0.036359567,0.12690736,0.82753986,d
test_0918.jpg,5.1419676e-05,0.9995104,0.00037994285,5.8266123e-05,b
test_0919.jpg,0.9999988,1.8553892e-07,3.927859e-07,6.4759445e-07,a
test_0920.jpg,0.0016932694,0.002463692,0.9939243,0.0019187253,c
test_0921.jpg,0.39595607,0.008217805,0.01971349,0.5761126,d
test_0922.jpg,0.0010215865,0.009692544,0.0006196235,0.9886663,d
test_0923.jpg,0.99835914,0.0010316022,0.00043003575,0.00017926557,a
test_0924.jpg,1.670075e-05,0.999943,2.014495e-05,2.014495e-05,b
test_0925.jpg,2.7264364e-06,0.99998486,4.4951335e-06,7.889205e-06,b
test_0926.jpg,2.406081e-06,6.9622265e-06,1.8738579e-06,0.9999888,d
test_0927.jpg,1.1478735e-05,1.6536687e-06,1.2098499e-06,0.9999857,d
test_0928.jpg,0.3520328,0.24194838,0.05398598,0.3520328,a
test_0929.jpg,4.4950243e-06,0.99996054,7.4110426e-06,2.7535365e-05,b
test_0930.jpg,0.99979264,2.7530741e-05,0.00013981263,4.0056984e-05,a
test_0931.jpg,0.9999839,5.7718603e-06,6.5403747e-06,3.7265931e-06,a
test_0932.jpg,5.8280697e-05,0.00015842335,2.2823051e-05,0.99976045,d
test_0933.jpg,0.9409343,0.04684636,0.0092245955,0.0029947876,a
test_0934.jpg,0.9998356,3.1197756e-05,2.4296836e-05,0.000108890876,a
test_0935.jpg,0.00013974465,6.601069e-05,0.99930644,0.00048775677,c
test_0936.jpg,0.48142415,0.009991639,0.027160093,0.48142415,a
test_0937.jpg,5.093689e-06,1.8738634e-06,1.2098571e-06,0.9999918,d
test_0938.jpg,0.00070948375,0.9990275,0.00012328978,0.00013970563,b
test_0939.jpg,0.9999573,8.397784e-06,1.147841e-05,2.2827544e-05,a
test_0940.jpg,0.9990876,0.0001232972,7.960665e-05,0.0007095264,a
test_0941.jpg,0.28456852,0.020614073,0.60243154,0.09238587,c
test_0942.jpg,4.5397002e-05,1.3006459e-05,6.1438163e-06,0.9999355,d
test_0943.jpg,4.7849494e-06,0.99996483,8.939462e-06,2.1444654e-05,b
test_0944.jpg,0.50675786,0.0880613,0.010517423,0.39466342,a
test_0945.jpg,0.99968696,5.1428757e-05,5.827641e-05,0.00020340468,a
test_0946.jpg,0.065581955,0.17827025,0.7050725,0.051075283,c
test_0947.jpg,1.67012e-05,1.012979e-05,3.0894114e-06,0.9999701,d
test_0948.jpg,0.00010881404,0.9991302,0.0007095566,5.1400115e-05,b
test_0949.jpg,0.98559594,0.006640893,0.0019026478,0.0058605676,a
test_0950.jpg,0.032912992,0.0007740394,0.9618587,0.0044542896,c
test_0951.jpg,0.99580586,7.002187e-05,5.4533088e-05,0.004069631,a
test_0952.jpg,0.9999113,2.1443506e-05,5.14403e-05,1.5688405e-05,a
test_0953.jpg,0.0007094589,0.00013970074,0.00015830167,0.9989925,d
test_0954.jpg,1.9946801e-06,2.0145555e-05,4.784989e-06,0.99997306,d
test_0955.jpg,1.0129463e-05,0.9999378,1.6700662e-05,3.53553e-05,b
test_0956.jpg,0.9881174,0.0066578826,0.0027754186,0.0024492983,a
test_0957.jpg,6.540363e-06,3.9669308e-06,7.4112027e-06,0.9999821,d
test_0958.jpg,8.477247e-05,0.9994605,7.4811454e-05,0.0003799239,b
test_0959.jpg,0.9997851,0.00012338329,5.1433806e-05,4.0056682e-05,a
test_0960.jpg,0.0052853255,0.32699153,0.0568226,0.6109006,d
test_0961.jpg,1.7777847e-05,0.99994254,8.397659e-06,3.1201092e-05,b
test_0962.jpg,0.0002304122,7.4803895e-05,0.99935955,0.00033524778,c
test_0963.jpg,1.147759e-05,0.9998859,1.7776842e-05,8.4808555e-05,b
test_0964.jpg,0.0021748745,0.0008000916,0.0027925943,0.99423236,d
test_0965.jpg,4.4950375e-06,0.9999635,4.4950375e-06,2.7535447e-05,b
test_0966.jpg,3.7263844e-06,0.9999279,1.0129363e-05,5.8290458e-05,b
test_0967.jpg,0.002177035,0.0016954767,0.99522,0.0009075232,c
test_0968.jpg,0.9998747,6.604823e-05,4.5394245e-05,1.3844462e-05,a
test_0969.jpg,0.050853483,0.0028689574,0.90139955,0.04487804,c
test_0970.jpg,2.1444808e-05,3.2886678e-06,3.2886678e-06,0.999972,d
test_0971.jpg,0.0052016894,0.99126655,0.00037680913,0.0031549842,b
test_0972.jpg,2.72645e-06,2.9022913e-06,4.495156e-06,0.99998987,d
test_0973.jpg,0.07492344,0.91275436,0.011489882,0.00083232427,b
test_0974.jpg,0.06779574,0.39013755,0.5009465,0.041120194,c
test_0975.jpg,3.2886396e-06,0.9999634,5.771742e-06,2.7535443e-05,b
test_0976.jpg,1.8924753e-05,1.4738612e-05,6.1439678e-06,0.9999602,d
test_0977.jpg,0.00023028196,0.9987947,0.00048750697,0.00048750697,b
test_0978.jpg,1.8924335e-05,2.1444082e-05,0.99993813,2.1444082e-05,c
test_0979.jpg,0.9999988,2.5360163e-07,2.2380266e-07,6.4759445e-07,a
test_0980.jpg,0.9999831,8.398e-06,3.0894516e-06,5.4221564e-06,a
test_0981.jpg,0.00042905085,0.99607265,0.0024690174,0.0010292395,b
test_0982.jpg,0.99841654,0.00017927587,7.955319e-05,0.0013246795,a
test_0983.jpg,2.4298084e-05,7.484338e-05,1.3844632e-05,0.999887,d
test_0984.jpg,0.0007083693,0.9974583,0.0010306713,0.0008026876,b
test_0985.jpg,0.013395153,0.11215623,0.30487227,0.5695764,d
test_0986.jpg,0.99977297,6.604151e-05,0.00012338179,3.7629317e-05,a
test_0987.jpg,0.0075442265,0.0024492517,0.2204746,0.76953197,d
test_0988.jpg,4.539759e-05,3.7264613e-06,2.405984e-06,0.9999485,d
test_0989.jpg,0.99997795,4.222758e-06,1.3007011e-05,4.785012e-06,a
test_0990.jpg,0.046902165,0.9420552,0.00719268,0.0038499644,b
test_0991.jpg,0.9999956,2.1233736e-06,1.0676994e-06,1.2098618e-06,a
test_0992.jpg,0.00052916596,0.9567545,0.0006794625,0.042036857,b
test_0993.jpg,0.9998294,0.0001088902,5.1436087e-05,1.0128365e-05,a
test_0994.jpg,3.2887403e-06,1.6536825e-06,1.0030091e-06,0.99999404,d
test_0995.jpg,0.002156846,0.9859907,0.0008991072,0.010953369,b
test_0996.jpg,7.484269e-05,2.5864942e-05,0.9998778,2.144279e-05,c
test_0997.jpg,0.99973387,5.1431172e-05,7.4831914e-05,0.00013980443,a
test_0998.jpg,6.5403533e-06,0.9999807,3.2886965e-06,9.516159e-06,b
test_0999.jpg,0.011242947,0.0032211584,0.28995943,0.6955765,d
test_1000.jpg,5.0936665e-06,3.5008225e-06,0.99998736,3.9669517e-06,c
test_1001.jpg,1.1478585e-05,8.939532e-06,6.9621137e-06,0.9999726,d
test_1002.jpg,0.013989556,0.002145368,0.003121492,0.9807436,d
test_1003.jpg,0.9999044,1.8923696e-05,3.1199903e-05,4.539559e-05,a
test_1004.jpg,0.00055157044,0.0016989567,0.00048675924,0.9972627,d
test_1005.jpg,0.14283058,0.02812501,0.007111117,0.8219333,d
test_1006.jpg,0.004057591,0.9928597,0.0002939309,0.0027887388,b
test_1007.jpg,4.539305e-05,0.9998485,3.119816e-05,7.48405e-05,b
test_1008.jpg,0.2581064,0.7016059,0.005356827,0.0349309,b
test_1009.jpg,0.9997619,4.0055755e-05,0.00013980834,5.828078e-05,a
test_1010.jpg,0.0013112545,0.988298,0.0007018639,0.009688933,b
test_1011.jpg,2.9022249e-06,0.999967,5.7717625e-06,2.4300029e-05,b
test_1012.jpg,0.00023037037,0.00029580144,0.00029580144,0.9991781,d
test_1013.jpg,0.0013243413,0.0003348459,0.00017923009,0.9981616,d
test_1014.jpg,0.0002611401,0.9995467,9.606809e-05,9.606809e-05,b
test_1015.jpg,0.051490866,0.02432256,0.9126974,0.011489165,c
test_1016.jpg,0.9999616,2.4299898e-05,5.7717316e-06,8.39782e-06,a
test_1017.jpg,4.7850617e-06,4.7850617e-06,2.1233582e-06,0.9999883,d
test_1018.jpg,4.0061917e-05,1.6700293e-05,2.753413e-05,0.9999157,d
test_1019.jpg,0.1799168,0.00479462,0.00895753,0.80633116,d
test_1020.jpg,2.5866013e-05,0.9999193,1.4738009e-05,4.006206e-05,b
test_1021.jpg,0.9999747,1.47388255e-05,6.5403146e-06,3.9669017e-06,a
test_1022.jpg,1.1478691e-05,3.7265852e-06,3.0894475e-06,0.99998176,d
test_1023.jpg,0.000108882086,4.0055475e-05,0.99975497,9.60881e-05,c
test_1024.jpg,0.99999154,3.7266216e-06,2.4060876e-06,2.4060876e-06,a
test_1025.jpg,4.785043e-06,0.9999844,5.0936515e-06,5.771863e-06,b
test_1026.jpg,9.5160485e-06,1.4738744e-05,0.9999691,6.540278e-06,c
test_1027.jpg,7.889187e-06,3.2887026e-06,6.1441056e-06,0.9999826,d
test_1028.jpg,2.4060269e-06,0.99996626,6.96207e-06,2.430001e-05,b
test_1029.jpg,0.9615211,0.0050456,0.0005318023,0.03290144,a
test_1030.jpg,0.9999931,3.9669744e-06,1.5534896e-06,1.3709497e-06,a
test_1031.jpg,0.0039230105,0.5822264,0.013692653,0.400158,b
test_1032.jpg,1.760322e-06,1.873853e-06,0.9999862,1.0129953e-05,c
test_1033.jpg,0.005208053,0.9924792,0.0016908074,0.0006220132,b
test_1034.jpg,0.5885734,0.005770171,0.4045202,0.001136214,a
test_1035.jpg,0.025618298,0.96131957,0.002382873,0.010679296,b
test_1036.jpg,1.8738704e-06,2.2603192e-06,4.450832e-07,0.99999547,d
test_1037.jpg,0.0001233527,0.00010885839,0.00023045318,0.99953735,d
test_1038.jpg,1.4593708e-06,1.9947233e-06,0.99999475,1.8738691e-06,c
test_1039.jpg,0.00091071427,0.00013966256,0.99871945,0.00023026462,c
test_1040.jpg,4.4951444e-06,2.9022835e-06,5.422179e-06,0.99998724,d
test_1041.jpg,0.017955635,0.0014738882,0.00022602807,0.9803444,d
test_1042.jpg,0.00033530215,8.4777654e-05,0.9995216,5.8266774e-05,c
test_1043.jpg,0.31646973,0.08001608,0.012270862,0.59124327,d
test_1044.jpg,1.2098494e-06,0.99998534,4.4951357e-06,8.939645e-06,b
test_1045.jpg,0.001165201,9.5645526e-05,0.99515015,0.0035890718,c
test_1046.jpg,2.7534767e-05,2.1444097e-05,1.2218477e-05,0.99993885,d
test_1047.jpg,0.0075724954,0.00033271222,0.9918012,0.00029361754,c
test_1048.jpg,0.025903504,0.0016559558,0.9720219,0.00041869117,c
test_1049.jpg,0.9873576,0.0009003536,0.0058710426,0.0058710426,a
test_1050.jpg,0.015882848,0.0011505496,0.000329638,0.982637,d
test_1051.jpg,5.8288875e-05,0.9999007,1.6700042e-05,2.4298419e-05,b
test_1052.jpg,3.1200754e-05,2.1443944e-05,1.5688725e-05,0.9999317,d
test_1053.jpg,2.1233675e-06,1.8738652e-06,3.288736e-06,0.9999927,d
test_1054.jpg,2.9022813e-06,0.9999864,3.7266025e-06,6.96221e-06,b
test_1055.jpg,0.9999912,1.9947163e-06,3.9669667e-06,2.902295e-06,a
test_1056.jpg,7.4112095e-06,6.962187e-06,2.5612453e-06,0.9999831,d
test_1057.jpg,8.397997e-06,5.093643e-06,3.7265888e-06,0.9999827,d
test_1058.jpg,2.1443724e-05,0.99992144,2.586607e-05,3.1200434e-05,b
test_1059.jpg,3.0894114e-06,0.9999701,5.422086e-06,2.1444766e-05,b
test_1060.jpg,2.4060698e-06,9.516191e-06,3.966939e-06,0.99998415,d
test_1061.jpg,3.5354173e-05,2.7533857e-05,0.9999058,3.1199947e-05,c
test_1062.jpg,0.9999943,1.5534914e-06,2.4060942e-06,1.7603362e-06,a
test_1063.jpg,0.9704598,0.008396123,0.0010027738,0.02014125,a
test_1064.jpg,0.99998415,6.144115e-06,6.144115e-06,3.5008113e-06,a
test_1065.jpg,9.6091615e-05,8.480055e-05,2.753071e-05,0.99979156,d
test_1066.jpg,0.9999924,2.726457e-06,2.1233668e-06,2.726457e-06,a
test_1067.jpg,3.535472e-05,2.7534285e-05,0.9999213,1.5688562e-05,c
test_1068.jpg,0.80641323,0.011502867,0.12366748,0.05841638,a
test_1069.jpg,1.5686437e-05,0.99978584,4.005671e-05,0.00015842739,b
test_1070.jpg,0.9724702,0.025915453,0.0010048512,0.00060947303,a
test_1071.jpg,0.46770367,0.0011593215,0.0011593215,0.5299777,d
test_1072.jpg,0.000108855456,0.0002958998,0.9995104,8.477671e-05,c
test_1073.jpg,0.0021254863,0.025893724,0.97165483,0.00032595388,c
test_1074.jpg,5.1441446e-05,9.51571e-06,5.421888e-06,0.9999336,d
test_1075.jpg,0.024324607,0.2615142,0.0032919778,0.71086925,d
test_1076.jpg,0.0015002321,0.00020303435,0.9978669,0.00042982373,c
test_1077.jpg,1.873868e-06,0.99999416,1.5534912e-06,2.406094e-06,b
test_1078.jpg,3.2886646e-06,1.6701217e-05,0.99997103,8.939517e-06,c
test_1079.jpg,0.9999945,2.9023047e-06,1.2098606e-06,1.3709516e-06,a
test_1080.jpg,0.0040687034,0.9955788,0.00012286419,0.00022954051,b
test_1081.jpg,0.9999968,4.450838e-07,1.2098633e-06,1.5534953e-06,a
test_1082.jpg,3.5008222e-06,3.5008222e-06,5.7718794e-06,0.99998724,d
test_1083.jpg,0.9999852,6.540383e-06,4.7850467e-06,3.500815e-06,a
test_1084.jpg,0.9999411,2.9310671e-05,1.38453815e-05,1.5688873e-05,a
test_1085.jpg,1.6700998e-05,2.1444506e-05,3.966835e-06,0.9999579,d
test_1086.jpg,0.0010104687,0.00078695384,0.020295806,0.9779067,d
test_1087.jpg,3.1200136e-05,0.9999119,2.1443519e-05,3.5354387e-05,b
test_1088.jpg,1.01298065e-05,7.411126e-06,1.0783124e-05,0.99997175,d
test_1089.jpg,0.9946977,0.0035874401,0.0011646713,0.00055015174,a
test_1090.jpg,1.38458e-05,7.411123e-06,7.411123e-06,0.9999714,d
test_1091.jpg,0.00033273018,0.99185467,0.005897783,0.00191473,b
test_1092.jpg,0.00010884115,2.4285742e-05,0.0004877922,0.99937904,d
test_1093.jpg,0.9996245,3.762373e-05,0.00017949278,0.00015840182,a
test_1094.jpg,3.5355137e-05,1.6700584e-05,0.9999331,1.47382125e-05,c
test_1095.jpg,0.00043037627,8.474611e-05,0.9991497,0.00033517738,c
test_1096.jpg,0.9989066,0.00080385315,0.00015828806,0.00013122542,a
test_1097.jpg,3.5355242e-05,1.7777735e-05,1.0782739e-05,0.9999361,d
test_1098.jpg,0.99992216,1.67004e-05,4.53964e-05,1.5688576e-05,a
test_1099.jpg,6.60495e-05,0.9998939,1.5688132e-05,2.4298253e-05,b
test_1100.jpg,0.0050808247,0.00088291493,0.025802556,0.96823376,d
test_1101.jpg,0.9998894,3.321162e-05,5.1439172e-05,2.586524e-05,a
test_1102.jpg,0.9993654,9.605066e-05,0.00033524973,0.00020333925,a
test_1103.jpg,0.0027648744,0.012391306,0.9843634,0.00048046312,c
test_1104.jpg,6.604284e-05,6.604284e-05,0.9997931,7.4836345e-05,c
test_1105.jpg,5.1432766e-05,7.4834235e-05,0.99976486,0.00010888316,c
test_1106.jpg,1.0129618e-05,1.892462e-05,0.99995315,1.7778037e-05,c
test_1107.jpg,1.14787e-05,4.7850344e-06,1.2098461e-06,0.9999826,d
test_1108.jpg,1.6700767e-05,0.9999441,2.144421e-05,1.7777877e-05,b
test_1109.jpg,0.8435381,0.0016284117,0.025472645,0.12936077,a
test_1110.jpg,4.494997e-06,2.4299725e-05,1.670094e-05,0.99995446,d
test_1111.jpg,0.00023041008,0.00029585243,0.99935037,0.00012332964,c
test_1112.jpg,0.0006173763,0.001901653,0.012400336,0.98508066,d
test_1113.jpg,0.00037611512,0.0004829414,0.009700137,0.98944086,d
test_1114.jpg,0.9999192,4.0062056e-05,3.1200365e-05,9.515573e-06,a
test_1115.jpg,1.0676962e-06,3.7266257e-06,0.9999926,2.5612699e-06,c
test_1116.jpg,0.002178084,0.00080127234,0.99569964,0.0013210748,c
test_1117.jpg,0.9999956,1.3709531e-06,1.7603386e-06,1.2098618e-06,a
test_1118.jpg,0.33473048,0.23005667,0.005410414,0.42980245,d
test_1119.jpg,2.4299325e-05,2.7534745e-05,0.999938,1.0129465e-05,c
test_1120.jpg,0.72626734,0.18362914,0.08674027,0.0033632854,a
test_1121.jpg,0.00091063377,0.9986312,0.00033500345,0.00012324088,b
test_1122.jpg,0.99998593,4.2227916e-06,5.422172e-06,4.4951385e-06,a
test_1123.jpg,4.5396137e-05,1.6700305e-05,0.99991643,2.1443617e-05,c
test_1124.jpg,8.939462e-06,0.99996483,9.516008e-06,1.6701113e-05,b
test_1125.jpg,0.0005524564,0.0003796974,0.00020323736,0.99886465,d
test_1126.jpg,0.00020315697,0.0011690876,0.0001582188,0.99846953,d
test_1127.jpg,0.0003352535,0.00020334155,0.9993767,8.4765365e-05,c
test_1128.jpg,0.01589796,0.98357195,0.00032995164,0.00020012578,b
test_1129.jpg,2.429799e-05,1.777679e-05,0.99988306,7.484308e-05,c
test_1130.jpg,0.88944674,0.012687276,0.093747,0.0041189557,a
test_1131.jpg,0.00023008644,0.0017001219,0.9979467,0.0001231564,c
test_1132.jpg,0.008109548,0.0018094847,0.16288461,0.82719636,d
test_1133.jpg,0.002471612,0.00022989571,0.00017904297,0.9971194,d
test_1134.jpg,0.17360201,0.030167503,0.47189918,0.32433125,c
test_1135.jpg,0.9996026,5.1424417e-05,8.478452e-05,0.00026115472,a
test_1136.jpg,0.0016998086,0.0001581068,0.9977628,0.00037927856,c
test_1137.jpg,0.999998,4.737898e-07,4.450843e-07,1.0677019e-06,a
test_1138.jpg,1.3005729e-05,8.4808e-05,0.99987936,2.2825765e-05,c
test_1139.jpg,5.828274e-05,2.282385e-05,0.9997955,0.00012338457,c
test_1140.jpg,9.6094656e-05,5.1435763e-05,2.9307213e-05,0.99982315,d
test_1141.jpg,0.48133653,0.48133653,0.018663442,0.018663442,a
test_1142.jpg,0.0014946846,0.994177,0.0011640616,0.0031642476,b
test_1143.jpg,2.4060355e-06,0.99996984,1.3006906e-05,1.4738754e-05,b
test_1144.jpg,0.002799137,0.00037882198,0.9965617,0.00026036025,c
test_1145.jpg,1.6700396e-05,3.0892627e-06,0.9999219,5.8290112e-05,c
test_1146.jpg,0.00070693804,0.99544287,0.00026006796,0.0035901277,b
test_1147.jpg,0.01194501,0.94890964,0.002352112,0.03679322,b
test_1148.jpg,0.01232224,0.76234996,0.17010328,0.05522445,b
test_1149.jpg,0.3647619,0.15205538,0.3647619,0.11842085,a
test_1150.jpg,7.4110135e-06,3.1201533e-05,4.78491e-06,0.9999566,d
test_1151.jpg,0.00029531008,0.9975184,0.000486884,0.0016993922,b
test_1152.jpg,0.968367,0.025806107,0.0039574946,0.0018693882,a
test_1153.jpg,0.00015734269,0.99294066,0.0016915936,0.0052104746,b
test_1154.jpg,1.30069675e-05,1.0129836e-05,2.2602721e-06,0.9999746,d
test_1155.jpg,0.9967609,0.00017897859,0.0002604123,0.0027996963,a
test_1156.jpg,4.0062336e-05,1.4738111e-05,1.892411e-05,0.9999262,d
test_1157.jpg,0.0018533339,0.9600507,0.015517774,0.022578228,b
test_1158.jpg,2.0143554e-05,0.99987376,4.0060237e-05,6.604817e-05,b
test_1159.jpg,3.0894832e-06,1.3709499e-06,2.1233689e-06,0.9999933,d
test_1160.jpg,0.99993336,2.9310444e-05,2.4299212e-05,1.3006431e-05,a
test_1161.jpg,0.94095445,0.0016030287,0.05308502,0.0043574837,a
test_1162.jpg,0.93045074,0.00074876443,0.067401625,0.0013988761,a
test_1163.jpg,2.5866437e-05,1.5688787e-05,2.282705e-05,0.9999356,d
test_1164.jpg,0.00062565965,4.532264e-05,0.0010315385,0.9982975,d
test_1165.jpg,6.962212e-06,4.222795e-06,2.2602992e-06,0.99998665,d
test_1166.jpg,0.00026107428,0.99929476,0.00033522604,0.00010883197,b
test_1167.jpg,2.7534195e-05,1.8923956e-05,3.5354606e-05,0.9999181,d
test_1168.jpg,7.411068e-06,1.4738668e-05,0.999964,1.3845698e-05,c
test_1169.jpg,0.008543102,0.015960615,0.87142,0.10407628,c
test_1170.jpg,0.9999925,1.7603331e-06,4.2228194e-06,1.5534886e-06,a
test_1171.jpg,2.7535145e-05,1.4738499e-05,5.0934896e-06,0.99995255,d
test_1172.jpg,0.0014984309,0.0014984309,0.99666876,0.00033434512,c
test_1173.jpg,0.0011638588,0.00022917739,0.004603151,0.99400383,d
test_1174.jpg,0.0010315648,0.998323,0.00015819559,0.00048727676,b
test_1175.jpg,0.9998821,2.4297966e-05,6.604872e-05,2.7533204e-05,a
test_1176.jpg,9.609342e-05,5.8283604e-05,0.9998103,3.5350793e-05,c
test_1177.jpg,1.6699954e-05,0.99989545,1.3005938e-05,7.4844014e-05,b
test_1178.jpg,0.376999,0.6215663,0.0009344871,0.0005001949,b
test_1179.jpg,5.8283727e-05,0.9998124,9.609362e-05,3.3209064e-05,b
test_1180.jpg,6.144078e-06,0.99997807,7.889152e-06,7.889152e-06,b
test_1181.jpg,4.0058698e-05,0.00010889085,0.9998354,1.5687214e-05,c
test_1182.jpg,3.119829e-05,3.119829e-05,0.9998528,8.4805746e-05,c
test_1183.jpg,0.09184811,0.5989249,0.026314924,0.2829121,b
test_1184.jpg,0.00054940186,0.00020211365,0.99334186,0.005906626,c
test_1185.jpg,0.9874121,0.007538984,0.0031427164,0.0019061539,a
test_1186.jpg,0.9999279,1.2218344e-05,5.144115e-05,8.3975365e-06,a
test_1187.jpg,1.1478447e-05,0.99996054,1.2218743e-05,1.5689178e-05,b
test_1188.jpg,0.9980428,0.00042989952,0.0013241837,0.00020307016,a
test_1189.jpg,0.9996381,0.00023047642,3.5344707e-05,9.607687e-05,a
test_1190.jpg,1.4738448e-05,0.9999491,1.4738448e-05,2.1444317e-05,b
test_1191.jpg,0.0004874747,0.9987286,7.475667e-05,0.00070927147,b
test_1192.jpg,0.0045299116,0.015810944,0.0014706468,0.9781885,d
test_1193.jpg,0.99958736,0.00015839592,0.0001794861,7.482095e-05,a
test_1194.jpg,0.014428557,0.6952068,0.25575233,0.03461231,b
test_1195.jpg,1.3845569e-05,1.6700944e-05,0.9999547,1.4738531e-05,c
test_1196.jpg,0.9999418,3.120107e-05,1.4738341e-05,1.2218514e-05,a
test_1197.jpg,0.010815491,0.003978797,0.316075,0.66913074,d
test_1198.jpg,1.2218615e-05,2.7535076e-05,0.99995005,1.0129587e-05,c
test_1199.jpg,5.0934286e-06,1.8924382e-05,3.5355402e-05,0.99994063,d
test_1200.jpg,0.0031629049,0.0011635675,0.9937551,0.0019183988,c
test_1201.jpg,2.1233743e-06,1.003011e-06,9.422417e-07,0.99999595,d
test_1202.jpg,1.0129648e-05,0.99995613,1.4738552e-05,1.8924677e-05,b
test_1203.jpg,0.7813679,0.006760157,0.19756074,0.014311253,a
test_1204.jpg,9.6079755e-05,0.9996681,9.6079755e-05,0.00013979523,b
test_1205.jpg,0.99874604,0.00017933504,4.2595806e-05,0.0010320019,a
test_1206.jpg,2.1444628e-05,1.0129725e-05,4.7849435e-06,0.99996364,d
test_1207.jpg,0.9992879,0.00010223746,0.00017943233,0.0004304358,a
test_1208.jpg,0.00042795402,0.003583215,0.9935262,0.0024627054,c
test_1209.jpg,8.480643e-05,1.8922874e-05,0.9998609,3.5352583e-05,c
test_1210.jpg,0.0053421455,0.79284465,0.001350706,0.20046252,b
test_1211.jpg,0.99997056,1.670121e-05,5.771783e-06,6.9620996e-06,a
test_1212.jpg,0.00062590156,0.00048745272,0.9986835,0.00020320051,c
test_1213.jpg,0.013474921,0.099566944,0.8336638,0.053294342,c
test_1214.jpg,0.0019227616,0.99601513,0.0019227616,0.00013928438,b
test_1215.jpg,0.7541539,0.24483792,0.00047264836,0.0005355808,a
test_1216.jpg,6.6044864e-05,0.99982375,3.535127e-05,7.4838645e-05,b
test_1217.jpg,1.8738708e-06,1.3709532e-06,1.0030108e-06,0.9999957,d
test_1218.jpg,0.0016980933,0.00037889578,0.0011670812,0.9967559,d
test_1219.jpg,0.005894226,0.001160642,0.9912565,0.0016887243,c
test_1220.jpg,0.00048748672,0.9987532,0.00037965502,0.00037965502,b
test_1221.jpg,5.1437546e-05,0.9998578,4.5393474e-05,4.5393474e-05,b
test_1222.jpg,0.0013243413,0.9981616,0.00017923009,0.0003348459,b
test_1223.jpg,0.0016995323,0.0006252229,7.4672236e-05,0.9976006,d
test_1224.jpg,0.000708462,0.00020297775,0.99758875,0.001499814,c
test_1225.jpg,0.0021759872,0.99474096,0.0021759872,0.00090708636,b
test_1226.jpg,5.42179e-06,0.9999155,1.3006198e-05,6.6050925e-05,b
test_1227.jpg,0.00015842138,5.827997e-05,0.99974793,3.534859e-05,c
test_1228.jpg,0.00020340127,5.1427898e-05,7.4827156e-05,0.99967027,d
test_1229.jpg,0.00015838728,0.00029590644,1.300122e-05,0.9995328,d
test_1230.jpg,0.99442506,0.0035864569,0.0016941224,0.00029439433,a
test_1231.jpg,1.012982e-05,7.889112e-06,0.99997306,8.939535e-06,c
test_1232.jpg,0.25137863,0.043683052,0.5321685,0.17276981,c
test_1233.jpg,1.8924495e-05,0.9999466,1.3006603e-05,2.1444263e-05,b
test_1234.jpg,0.030768594,0.2576223,0.70028996,0.0113191325,c
test_1235.jpg,8.480269e-05,4.0057956e-05,0.99981683,5.8283986e-05,c
test_1236.jpg,0.00062259025,0.0040597985,0.9934,0.0019177131,c
test_1237.jpg,0.99990773,3.535424e-05,4.5395744e-05,1.1477841e-05,a
test_1238.jpg,4.4951335e-06,4.7850453e-06,0.99998486,5.7718657e-06,c
test_1239.jpg,0.00013974388,0.00017943468,0.99930096,0.00037986325,c
test_1240.jpg,8.4808366e-05,2.1442913e-05,1.0128914e-05,0.99988365,d
test_1241.jpg,5.8285797e-05,7.484045e-05,0.9998479,1.8922628e-05,c
test_1242.jpg,0.005895723,0.99150825,0.00042708477,0.0021689155,b
test_1243.jpg,0.9940201,0.0014944487,0.002791998,0.0016934325,a
test_1244.jpg,0.00020338669,0.99959856,0.0001397855,5.827126e-05,b
test_1245.jpg,1.8738502e-06,8.398014e-06,5.0936533e-06,0.99998474,d
test_1246.jpg,5.828402e-05,6.604444e-05,0.99981743,5.828402e-05,c
test_1247.jpg,0.33990744,0.6350307,0.0033323353,0.021729555,b
test_1248.jpg,0.017715715,0.0034884312,0.31401858,0.6647773,d
test_1249.jpg,0.99994195,2.1444164e-05,5.4219336e-06,3.1201074e-05,a
test_1250.jpg,0.00033393697,0.0035901607,0.00062387635,0.9954521,d
test_1251.jpg,0.00017932353,0.99868196,0.00080367236,0.00033502048,b
test_1252.jpg,2.4299941e-05,6.5402405e-06,5.771742e-06,0.9999634,d
test_1253.jpg,1.8738494e-06,0.99998426,6.962195e-06,6.962195e-06,b
test_1254.jpg,1.4738005e-05,5.1440697e-05,1.4738005e-05,0.99991906,d
test_1255.jpg,0.0002304181,0.00012333393,0.0002610979,0.9993851,d
test_1256.jpg,0.00012338071,8.479824e-05,2.7529959e-05,0.99976426,d
test_1257.jpg,5.82886e-05,2.4298302e-05,0.99989593,2.1443177e-05,c
test_1258.jpg,0.9468368,0.028591996,0.007229188,0.017341923,a
test_1259.jpg,0.9728712,0.003975902,0.015724998,0.0074279625,a
test_1260.jpg,0.01588561,0.001015533,0.0002909551,0.9828079,d
test_1261.jpg,7.88924e-06,1.1365529e-06,1.6536746e-06,0.9999893,d
test_1262.jpg,2.144478e-05,5.093582e-06,2.7263977e-06,0.9999707,d
test_1263.jpg,8.315199e-07,0.9999894,2.4060826e-06,7.4112563e-06,b
test_1264.jpg,2.1233732e-06,1.8738701e-06,6.083566e-07,0.99999535,d
test_1265.jpg,0.13194318,0.0018820683,0.0057971785,0.86037755,d
test_1266.jpg,0.00017950407,7.482844e-05,0.99968743,5.827644e-05,c
test_1267.jpg,0.059542146,0.0866333,0.03187061,0.82195395,d
test_1268.jpg,4.495154e-06,4.222806e-06,1.9947126e-06,0.9999894,d
test_1269.jpg,1.5688345e-05,1.0782431e-05,6.6050394e-05,0.9999075,d
test_1270.jpg,3.7266261e-06,2.56127e-06,1.0676963e-06,0.9999927,d
test_1271.jpg,0.00070937286,0.00015828248,0.9988714,0.0002609637,c
test_1272.jpg,0.0007089296,0.99824727,0.0007089296,0.00033487464,b
test_1273.jpg,4.826902e-05,0.00013967104,0.0010320371,0.9987801,d
test_1274.jpg,0.0011630163,0.99328434,0.0014933426,0.004059326,b
test_1275.jpg,0.96326137,0.032960992,0.00030356026,0.003474063,a
test_1276.jpg,8.474232e-05,0.00037978878,0.99910504,0.00043035706,c
test_1277.jpg,0.00020338269,0.000108862914,0.9995789,0.000108862914,c
test_1278.jpg,0.029196188,0.0034869874,0.00047191247,0.966845,d
test_1279.jpg,0.00017939905,0.9991026,0.00048765723,0.00023035295,b
test_1280.jpg,5.1432908e-05,9.6089316e-05,0.9997676,8.479852e-05,c
test_1281.jpg,0.008254567,0.14631568,0.8419887,0.0034410155,c
test_1282.jpg,1.7603359e-06,2.4060937e-06,0.99999404,1.7603359e-06,c
test_1283.jpg,0.059004545,0.004843388,0.9229864,0.013165694,c
test_1284.jpg,0.999967,7.4110903e-06,1.7778282e-05,7.889064e-06,a
test_1285.jpg,1.0129846e-05,1.0129846e-05,4.222748e-06,0.99997556,d
test_1286.jpg,0.9998987,1.5688207e-05,7.4844254e-05,1.0782336e-05,a
test_1287.jpg,0.0021085495,0.032983262,0.9639122,0.0009960082,c
test_1288.jpg,0.012397001,0.0013066342,0.9848157,0.0014806105,c
test_1289.jpg,0.9922895,0.0021706244,0.00033287605,0.0052070576,a
test_1290.jpg,1.2218779e-05,9.515995e-06,0.9999635,1.4738661e-05,c
test_1291.jpg,2.4060378e-06,1.0129797e-05,0.9999708,1.6701213e-05,c
test_1292.jpg,1.5534582e-06,0.99997294,6.540303e-06,1.8924993e-05,b
test_1293.jpg,0.819549,0.14241625,0.006257334,0.031777363,a
test_1294.jpg,0.0006218789,0.992265,0.006685829,0.00042741073,b
test_1295.jpg,0.9996867,2.9303214e-05,0.0002611767,2.2821367e-05,a
test_1296.jpg,5.093666e-06,4.7850567e-06,2.9022835e-06,0.99998724,d
test_1297.jpg,0.0006259874,0.00012326424,0.00043023448,0.9988205,d
test_1298.jpg,0.7576981,0.06219565,0.13166818,0.04843802,a
test_1299.jpg,0.8755084,0.0052059633,0.11848718,0.0007983604,a
test_1300.jpg,2.7263807e-06,0.99996436,5.422055e-06,2.7535469e-05,b
test_1301.jpg,1.2098516e-06,0.9999871,5.0936655e-06,6.5403956e-06,b
test_1302.jpg,0.0011690063,0.00033492595,9.595789e-05,0.99840015,d
test_1303.jpg,4.539455e-05,1.4737452e-05,0.9998815,5.8287755e-05,c
test_1304.jpg,0.0015007096,8.4664236e-05,0.00023014126,0.9981844,d
test_1305.jpg,0.01287977,0.10784099,0.6205821,0.2586971,c
test_1306.jpg,3.5353674e-05,2.1443087e-05,0.99989176,5.1439296e-05,c
test_1307.jpg,0.9999138,4.264561e-05,1.2218172e-05,3.1200198e-05,a
test_1308.jpg,0.00017950407,0.99968743,7.482844e-05,5.827644e-05,b
test_1309.jpg,0.99994063,1.8924382e-05,1.8924382e-05,2.1444135e-05,a
test_1310.jpg,0.00048755974,0.9989028,0.00043026992,0.00017936318,b
test_1311.jpg,4.4508295e-07,0.9999949,1.2098609e-06,3.5008488e-06,b
test_1312.jpg,4.0062274e-05,2.1443793e-05,1.3845153e-05,0.99992466,d
test_1313.jpg,0.1816737,0.0037705177,0.00035071274,0.81420505,d
test_1314.jpg,0.99991465,2.4298757e-05,4.5396057e-05,1.5688458e-05,a
test_1315.jpg,0.0007090638,0.00080347457,0.99843615,5.136441e-05,c
test_1316.jpg,0.9998739,5.1438376e-05,2.9308701e-05,4.5394205e-05,a
test_1317.jpg,0.05039089,0.006018333,0.89319986,0.05039089,c
test_1318.jpg,0.018108133,0.005188067,0.10420512,0.87249875,d
test_1319.jpg,6.604342e-05,6.604342e-05,0.99980193,6.604342e-05,c
test_1320.jpg,8.4777e-05,0.99951386,6.602439e-05,0.00033529956,b
test_1321.jpg,2.726441e-06,3.2887156e-06,0.9999865,7.411235e-06,c
test_1322.jpg,0.48866528,0.14000495,0.29639047,0.07493925,a
test_1323.jpg,0.9931252,0.00048473972,0.00048473972,0.005905338,a
test_1324.jpg,0.99995244,3.12014e-05,4.22265e-06,1.2218644e-05,a
test_1325.jpg,0.0014961235,0.0002024783,0.99513406,0.0031672937,c
test_1326.jpg,2.9022576e-06,0.9999783,5.771828e-06,1.3007016e-05,b
test_1327.jpg,4.0056682e-05,5.1433806e-05,0.9997851,0.00012338329,c
test_1328.jpg,7.484253e-05,2.9308754e-05,2.0143592e-05,0.99987566,d
test_1329.jpg,0.0019258211,0.00033465752,0.9976,0.00013950601,c
test_1330.jpg,9.609171e-05,0.9997925,4.5390512e-05,6.60428e-05,b
test_1331.jpg,0.00026099037,0.9989736,0.00043030042,0.0003351183,b
test_1332.jpg,0.00013978731,0.000108866465,0.99961156,0.00013978731,c
test_1333.jpg,0.0002606862,0.99780935,0.0016998879,0.00023005478,b
test_1334.jpg,0.99926394,0.00013973871,0.00026106625,0.0003352157,a
test_1335.jpg,4.22279e-06,8.39802e-06,1.9947047e-06,0.99998546,d
test_1336.jpg,0.99919313,0.00017941532,7.479144e-05,0.0005526381,a
test_1337.jpg,0.0040666214,0.00037825468,0.00048568865,0.9950694,d
test_1338.jpg,0.00020338666,0.00012336024,0.99959844,7.482178e-05,c
test_1339.jpg,3.7266007e-06,0.99998593,6.144126e-06,4.2227916e-06,b
test_1340.jpg,0.0031368472,0.0027682579,0.008526834,0.98556805,d
test_1341.jpg,0.013921492,0.975972,0.0016626853,0.008443812,b
test_1342.jpg,0.95993423,0.001853109,0.03722069,0.0009918978,a
test_1343.jpg,0.046178676,0.024717664,0.9275235,0.0015801475,c
test_1344.jpg,5.7713078e-06,3.1199397e-05,7.484347e-05,0.9998882,d
test_1345.jpg,1.4737884e-05,6.605062e-05,8.397394e-06,0.99991083,d
test_1346.jpg,2.1444546e-05,3.9668425e-06,1.4738606e-05,0.9999598,d
test_1347.jpg,0.014734389,0.43060198,0.5529039,0.001759772,c
test_1348.jpg,9.608635e-05,0.9997367,0.0001088801,5.8279315e-05,b
test_1349.jpg,5.0936906e-06,1.7603322e-06,1.0676955e-06,0.999992,d
test_1350.jpg,0.9999932,1.9947202e-06,1.2878882e-06,3.500843e-06,a
test_1351.jpg,0.0021634754,0.0085567115,0.00025839027,0.98902136,d
test_1352.jpg,2.0144891e-05,1.2218494e-05,0.99994016,2.7534803e-05,c
test_1353.jpg,6.1441333e-06,2.2603003e-06,4.495144e-06,0.9999871,d
test_1354.jpg,3.53553e-05,1.892433e-05,7.888833e-06,0.9999378,d
test_1355.jpg,0.99996555,9.516015e-06,4.7849526e-06,2.0145402e-05,a
test_1356.jpg,6.604945e-05,2.9309267e-05,1.1477674e-05,0.9998932,d
test_1357.jpg,0.99997723,1.2218947e-05,5.093615e-06,5.422125e-06,a
test_1358.jpg,0.0021716366,0.9927522,0.0019164626,0.0031597128,b
test_1359.jpg,3.0893304e-06,0.99994385,1.3006567e-05,4.0063045e-05,b
test_1360.jpg,0.9998153,2.7531363e-05,4.831905e-05,0.00010888866,a
test_1361.jpg,6.144063e-06,0.9999757,7.411155e-06,1.07831665e-05,b
test_1362.jpg,1.1478715e-05,2.5612476e-06,2.1233488e-06,0.9999839,d
test_1363.jpg,5.7718335e-06,9.516145e-06,5.422136e-06,0.99997926,d
test_1364.jpg,0.9874636,0.0066534774,0.0051817335,0.00070127135,a
test_1365.jpg,7.483604e-05,8.4800326e-05,0.99978894,5.1434003e-05,c
test_1366.jpg,0.019540772,0.12742184,0.022142595,0.83089477,d
test_1367.jpg,3.7265995e-06,0.9999856,3.7265995e-06,6.962204e-06,b
test_1368.jpg,2.930408e-05,0.9997162,0.00015841635,9.608438e-05,b
test_1369.jpg,0.99999034,1.9947145e-06,3.9669635e-06,3.7266173e-06,a
test_1370.jpg,0.9999778,1.0129868e-05,6.9621506e-06,5.0936183e-06,a
test_1371.jpg,6.6050576e-05,1.14778695e-05,0.99991024,1.2218128e-05,c
test_1372.jpg,0.00037982882,0.99921036,0.00017941842,0.0002303778,b
test_1373.jpg,5.8281068e-05,6.6041095e-05,0.99976677,0.000108883374,c
test_1374.jpg,0.8489488,0.14752516,0.002702018,0.00082406885,a
test_1375.jpg,0.45996854,0.006561099,0.012257747,0.52121264,d
test_1376.jpg,0.03060014,0.073405914,0.69645596,0.19953798,c
test_1377.jpg,8.474271e-05,0.0006261686,0.99910957,0.00017940032,c
test_1378.jpg,0.9998704,1.7776567e-05,1.5687763e-05,9.6099204e-05,a
test_1379.jpg,0.0021811526,0.00022989178,0.00048668095,0.9971023,d
test_1380.jpg,0.00023047425,7.482404e-05,0.99962866,6.603198e-05,c
test_1381.jpg,5.09362e-06,3.7265718e-06,0.9999782,1.3007014e-05,c
test_1382.jpg,0.00019028391,0.0014966989,0.002796202,0.99551684,d
test_1383.jpg,4.0061157e-05,4.5395245e-05,0.99989676,1.7777034e-05,c
test_1384.jpg,0.00080394064,9.6017015e-05,8.473472e-05,0.99901533,d
test_1385.jpg,0.0013247962,9.596792e-05,7.4739895e-05,0.9985045,d
test_1386.jpg,0.99986076,2.4297447e-05,7.484142e-05,4.0059716e-05,a
test_1387.jpg,0.99594444,0.0007072942,0.0005508413,0.0027974031,a
test_1388.jpg,1.8924471e-05,0.9999453,1.14782715e-05,2.4299501e-05,b
test_1389.jpg,0.0010320188,0.00013966855,0.99876237,6.597475e-05,c
test_1390.jpg,0.020113038,0.008384362,0.0024021599,0.9691004,d
test_1391.jpg,0.9999529,1.6700915e-05,1.8924615e-05,1.147836e-05,a
test_1392.jpg,2.9022995e-06,3.5008413e-06,8.851513e-07,0.9999927,d
test_1393.jpg,1.45936e-06,0.99998736,4.222798e-06,6.962217e-06,b
test_1394.jpg,0.9998902,4.5394947e-05,4.0060895e-05,2.4298162e-05,a
test_1395.jpg,0.9999635,8.397836e-06,2.0145362e-05,7.889037e-06,a
test_1396.jpg,1.0129735e-05,1.5689242e-05,9.516006e-06,0.9999646,d
test_1397.jpg,0.9985214,0.00080354314,0.000295607,0.0003795669,a
test_1398.jpg,3.2887058e-06,4.2227816e-06,0.99998355,8.939629e-06,c
test_1399.jpg,0.9999887,2.2603037e-06,1.1365522e-06,7.889235e-06,a
test_1400.jpg,0.0032549317,0.7028695,0.00087605295,0.2929996,b
test_1401.jpg,0.0019236858,0.0013221286,0.9964939,0.00026034252,c
test_1402.jpg,0.07392129,0.0015341877,0.023998732,0.9005458,d
test_1403.jpg,8.397606e-06,0.9999361,3.1200892e-05,2.4299277e-05,b
test_1404.jpg,0.0007092528,0.00043018357,0.9987023,0.00015825569,c
test_1405.jpg,0.20037985,0.7925177,0.006050947,0.001051497,b
test_1406.jpg,9.515916e-06,0.9999552,1.3845576e-05,2.1444448e-05,b
test_1407.jpg,0.9931177,0.0059052934,0.00042777805,0.0005492779,a
test_1408.jpg,0.99998236,3.500805e-06,5.771851e-06,8.397994e-06,a
test_1409.jpg,1.5534143e-06,0.9999447,8.397677e-06,4.539742e-05,b
test_1410.jpg,0.00070793804,0.00026043583,0.0021806029,0.996851,d
test_1411.jpg,0.9103018,0.012984758,0.0019912773,0.074722126,a
test_1412.jpg,1.8924771e-05,1.3006792e-05,6.962034e-06,0.99996114,d
test_1413.jpg,0.00048648872,0.9967085,0.00033435845,0.0024705937,b
test_1414.jpg,0.99619883,0.0007074749,0.00246933,0.0006243444,a
test_1415.jpg,0.059634607,0.93284225,0.0062854416,0.0012376768,b
test_1416.jpg,0.00023048562,0.999678,4.0052393e-05,5.14283e-05,b
test_1417.jpg,0.9995327,6.6025634e-05,6.6025634e-05,0.00033530584,a
test_1418.jpg,0.9999553,2.144445e-05,1.6700955e-05,6.5401873e-06,a
test_1419.jpg,0.99977833,0.00010888463,9.609035e-05,1.6697999e-05,a
test_1420.jpg,6.962132e-06,8.939554e-06,0.9999752,8.939554e-06,c
test_1421.jpg,3.5008209e-06,5.4221773e-06,4.2227957e-06,0.9999869,d
test_1422.jpg,0.002774464,0.0075417743,0.8717106,0.1179732,c
test_1423.jpg,8.939296e-06,9.51583e-06,0.99994624,3.5355602e-05,c
test_1424.jpg,2.902265e-06,8.397981e-06,0.9999808,7.8891735e-06,c
test_1425.jpg,0.99999154,1.1365554e-06,4.785077e-06,2.5612671e-06,a
test_1426.jpg,0.9989207,0.0001793664,0.00080386444,9.600791e-05,a
test_1427.jpg,0.9983736,0.00048730147,0.00070901937,0.000430042,a
test_1428.jpg,1.2218718e-05,1.7778133e-05,1.1478423e-05,0.9999585,d
test_1429.jpg,1.2218731e-05,0.9999596,1.1478436e-05,1.6701026e-05,b
test_1430.jpg,0.9969645,9.581991e-05,0.0028002684,0.00013941714,a
test_1431.jpg,0.9999397,1.7777797e-05,1.6700693e-05,2.586654e-05,a
test_1432.jpg,7.8887e-06,0.99992085,4.006212e-05,3.1200416e-05,b
test_1433.jpg,0.0007085868,0.9977646,0.00020301354,0.0013238145,b
test_1434.jpg,1.0129842e-05,4.4950903e-06,1.0129842e-05,0.9999752,d
test_1435.jpg,0.9996712,0.00023048406,4.005212e-05,5.8275495e-05,a
test_1436.jpg,0.0006026484,0.96158093,0.03728454,0.00053183537,b
test_1437.jpg,0.99998,1.012989e-05,3.288694e-06,6.5403487e-06,a
test_1438.jpg,0.00020341626,2.1439915e-05,3.1194893e-05,0.9997439,d
test_1439.jpg,0.0006261668,0.9991067,0.00010881149,0.00015831977,b
test_1440.jpg,8.397618e-06,1.3845333e-05,4.0062794e-05,0.99993765,d
test_1441.jpg,0.0001397855,5.827126e-05,0.99959856,0.00020338669,c
test_1442.jpg,1.670081e-05,0.9999466,1.8924495e-05,1.777792e-05,b
test_1443.jpg,5.1440828e-05,1.4738042e-05,1.2218266e-05,0.99992156,d
test_1444.jpg,0.998108,0.00029548464,9.592981e-05,0.0015005947,a
test_1445.jpg,0.038866106,0.006753916,0.53653,0.41785,c
test_1446.jpg,0.9984491,0.00091046776,0.00037953944,0.00026085335,a
test_1447.jpg,0.16356269,0.004939165,0.0008582982,0.8306399,d
test_1448.jpg,1.8738706e-06,1.5534935e-06,1.0030107e-06,0.9999956,d
test_1449.jpg,0.99999535,7.338181e-07,6.4759223e-07,3.2887447e-06,a
test_1450.jpg,0.99999785,7.3381995e-07,6.083581e-07,7.811473e-07,a
test_1451.jpg,4.494961e-06,0.9999465,8.939298e-06,4.006315e-05,b
test_1452.jpg,1.5689062e-05,0.99995315,1.2218653e-05,1.892462e-05,b
test_1453.jpg,1.147782e-05,0.99990594,2.4298546e-05,5.828918e-05,b
test_1454.jpg,2.9308498e-05,0.99986696,5.828691e-05,4.5393892e-05,b
test_1455.jpg,1.1478342e-05,2.1444366e-05,0.99995136,1.5689033e-05,c
test_1456.jpg,0.00010888955,0.9998235,4.005822e-05,2.753159e-05,b
test_1457.jpg,7.4845055e-05,8.397381e-06,7.410664e-06,0.9999094,d
test_1458.jpg,0.9955979,0.004068781,0.00013079075,0.00020257267,a
test_1459.jpg,0.9998215,2.5863483e-05,0.00012338777,2.9307164e-05,a
test_1460.jpg,0.000108789594,0.00091088406,7.476992e-05,0.99890566,d
test_1461.jpg,5.1430652e-05,0.00017951059,4.538739e-05,0.99972373,d
test_1462.jpg,0.00010889425,1.2217595e-05,1.2217595e-05,0.9998666,d
test_1463.jpg,0.9998031,5.4751985e-05,0.00010888733,3.3208755e-05,a
test_1464.jpg,2.4060766e-06,8.398033e-06,2.2603e-06,0.999987,d
test_1465.jpg,5.7719076e-06,1.6536794e-06,4.4508172e-07,0.99999213,d
test_1466.jpg,0.00037989634,0.999388,0.00010884212,0.00012333428,b
test_1467.jpg,2.7534468e-05,2.429908e-05,0.999928,2.0144647e-05,c
test_1468.jpg,0.022782492,0.9687362,0.0057603153,0.0027209807,b
test_1469.jpg,8.939351e-06,0.99995244,7.4109826e-06,3.12014e-05,b
test_1470.jpg,1.221891e-05,6.9621256e-06,0.99997425,6.5403115e-06,c
test_1471.jpg,0.00029592452,7.482144e-05,3.5343142e-05,0.9995939,d
test_1472.jpg,6.1441137e-06,4.4951294e-06,0.9999839,5.422161e-06,c
test_1473.jpg,1.4738316e-05,0.99994016,1.3845368e-05,3.120102e-05,b
test_1474.jpg,0.99999726,8.8515526e-07,1.0030124e-06,8.8515526e-07,a
test_1475.jpg,1.568854e-05,4.0062085e-05,0.9999199,2.4298884e-05,c
test_1476.jpg,0.00033425298,0.00080183125,0.9963941,0.0024698141,c
test_1477.jpg,0.001161677,0.0007984082,0.9921405,0.0058994824,c
test_1478.jpg,0.024561489,0.05199667,0.11007696,0.8133648,d
test_1479.jpg,4.0057497e-05,0.9998054,3.1196814e-05,0.00012338578,b
test_1480.jpg,0.9996244,9.607555e-05,0.0001397891,0.0001397891,a
test_1481.jpg,0.9364106,0.0026301849,0.0010964241,0.059862725,a
test_1482.jpg,0.0015009958,6.5949156e-05,5.8199927e-05,0.9983748,d
test_1483.jpg,0.00026112382,9.606209e-05,0.9994843,0.00015837961,c
test_1484.jpg,7.483984e-05,4.539265e-05,0.99983966,4.005887e-05,c
test_1485.jpg,1.01298765e-05,5.77183e-06,0.99997866,5.4221327e-06,c
test_1486.jpg,1.3845477e-05,1.3845477e-05,0.999948,2.4299568e-05,c
test_1487.jpg,1.7777891e-05,0.9999449,1.3006581e-05,2.4299492e-05,b
test_1488.jpg,0.9008315,0.09494694,0.0028671494,0.0013543454,a
test_1489.jpg,0.00033302658,0.005903037,0.0010257941,0.9927382,d
test_1490.jpg,0.00012331296,0.00010882331,0.99921525,0.00055265037,c
test_1491.jpg,0.6694045,0.012260572,0.3162043,0.002130568,a
test_1492.jpg,0.9999956,2.7264657e-06,6.893585e-07,1.0030107e-06,a
test_1493.jpg,0.0036462129,0.011231127,0.37192383,0.61319876,d
test_1494.jpg,0.99876297,9.599276e-05,0.00023027464,0.0009107539,a
test_1495.jpg,8.939499e-06,0.999969,5.42208e-06,1.6701182e-05,b
test_1496.jpg,2.2825338e-05,5.828654e-05,0.99986064,5.828654e-05,c
test_1497.jpg,5.8270176e-05,0.00020338291,0.00015839476,0.99957997,d
test_1498.jpg,0.015463148,0.0023713508,0.02549442,0.9566711,d
test_1499.jpg,4.7850326e-06,0.99998224,5.0936405e-06,7.889184e-06,b
test_1500.jpg,0.00013980347,5.8278754e-05,7.4831405e-05,0.9997271,d
test_1501.jpg,0.999966,1.147851e-05,1.6701133e-05,5.771757e-06,a
test_1502.jpg,1.6700982e-05,0.99995697,7.411016e-06,1.8924691e-05,b
test_1503.jpg,0.0001580753,0.0021821624,0.99756396,9.587752e-05,c
test_1504.jpg,7.889025e-06,1.7778195e-05,1.2218762e-05,0.9999621,d
test_1505.jpg,3.535551e-05,1.30065655e-05,7.888881e-06,0.99994373,d
test_1506.jpg,0.0013198933,0.99480915,0.0016947768,0.0021761362,b
test_1507.jpg,3.1201034e-05,1.670071e-05,1.1478219e-05,0.99994063,d
test_1508.jpg,9.515961e-06,0.99995995,1.3845642e-05,1.6701031e-05,b
test_1509.jpg,0.004015119,0.012367437,0.0011503507,0.9824671,d
test_1510.jpg,1.4726972e-05,1.0774484e-05,0.0008040655,0.99917054,d
test_1511.jpg,0.016723093,0.3358923,0.4887204,0.15866429,c
test_1512.jpg,8.479011e-05,0.00012336888,0.00012336888,0.9996685,d
test_1513.jpg,0.00048681867,0.00042961593,0.9973845,0.0016991642,c
test_1514.jpg,1.0030104e-06,1.6536846e-06,0.99999535,1.9947245e-06,c
test_1515.jpg,0.0005522594,0.9985084,0.0007091151,0.00023021596,b
test_1516.jpg,0.99979895,5.143452e-05,7.483679e-05,7.483679e-05,a
test_1517.jpg,0.99978787,8.480024e-05,3.1196265e-05,9.6091266e-05,a
test_1518.jpg,2.4298919e-05,0.9999213,8.939073e-06,4.539636e-05,b
test_1519.jpg,5.1438277e-05,0.99987197,3.119889e-05,4.5394117e-05,b
test_1520.jpg,0.006412453,0.009330065,0.9516924,0.032565124,c
test_1521.jpg,0.00026116162,5.1425777e-05,5.827304e-05,0.999629,d
test_1522.jpg,0.00026106677,0.00043042636,4.261798e-05,0.99926597,d
test_1523.jpg,0.9999758,5.422117e-06,1.3006983e-05,5.7718134e-06,a
test_1524.jpg,0.85423636,0.0073905927,0.11560832,0.022764629,a
test_1525.jpg,0.00070906,0.00043006663,0.9984308,0.00043006663,c
test_1526.jpg,7.478465e-05,0.00048765718,0.00033516152,0.9991025,d
test_1527.jpg,3.5340912e-05,0.0002033729,0.00023045168,0.9995308,d
test_1528.jpg,0.99996936,1.3006899e-05,1.1478548e-05,6.144024e-06,a
test_1529.jpg,0.00013972528,0.0005526241,0.9991679,0.00013972528,c
test_1530.jpg,8.93931e-06,0.9999478,1.8924518e-05,2.4299561e-05,b
test_1531.jpg,0.99995136,1.8924586e-05,9.515879e-06,2.0145117e-05,a
test_1532.jpg,2.5612692e-06,1.7603329e-06,3.288735e-06,0.9999924,d
test_1533.jpg,0.9998779,4.539439e-05,4.539439e-05,3.1199077e-05,a
test_1534.jpg,0.83953404,0.01974395,0.12874672,0.011975309,a
test_1535.jpg,0.003166663,0.0016949927,0.99493587,0.00020243798,c
test_1536.jpg,0.001695958,0.0024676041,0.99550253,0.00033395388,c
test_1537.jpg,0.9999676,9.516034e-06,1.8924893e-05,3.966873e-06,a
test_1538.jpg,0.0035827844,0.9934068,0.0016923876,0.0013180326,b
test_1539.jpg,0.0016999744,0.00017917597,0.00026069948,0.99786013,d
test_1540.jpg,1.9946879e-06,0.999977,9.516123e-06,1.1478636e-05,b
test_1541.jpg,0.0001233906,2.144207e-05,1.078175e-05,0.9998443,d
test_1542.jpg,2.1443548e-05,0.9999132,1.3844995e-05,5.14404e-05,b
test_1543.jpg,0.01236919,0.0018968768,0.98260653,0.0031274213,c
test_1544.jpg,0.99999535,1.067699e-06,1.1365598e-06,2.4060969e-06,a
test_1545.jpg,3.5008088e-06,9.516185e-06,3.5008088e-06,0.99998343,d
test_1546.jpg,0.0035838357,0.0007996618,0.99369824,0.001918289,c
test_1547.jpg,5.144099e-05,1.0782617e-05,1.3006319e-05,0.9999248,d
test_1548.jpg,0.9999713,5.0935846e-06,1.147857e-05,1.2218874e-05,a
test_1549.jpg,0.99996734,1.3006873e-05,9.516031e-06,1.0129762e-05,a
test_1550.jpg,0.00055217114,0.00029555592,0.99834883,0.00080340425,c
test_1551.jpg,2.9022808e-06,2.9022808e-06,0.9999863,7.889216e-06,c
test_1552.jpg,8.479198e-05,0.00013979836,0.99969053,8.479198e-05,c
test_1553.jpg,4.785071e-06,3.2887278e-06,1.6536762e-06,0.9999902,d
test_1554.jpg,0.015732348,0.0035103613,0.0074314345,0.97332585,d
test_1555.jpg,0.9997762,4.0056326e-05,0.0001088844,7.483508e-05,a
test_1556.jpg,2.5866337e-05,0.9999318,1.3006411e-05,2.9310399e-05,b
test_1557.jpg,0.0010305961,0.0002605755,0.99738556,0.0013233116,c
test_1558.jpg,0.0024467316,0.009677011,0.0007943374,0.9870819,d
test_1559.jpg,7.411189e-06,5.7718394e-06,6.540351e-06,0.99998033,d
test_1560.jpg,0.99998844,3.0894682e-06,3.966956e-06,4.49515e-06,a
test_1561.jpg,0.99998057,9.516158e-06,7.411191e-06,2.561239e-06,a
test_1562.jpg,0.00055265025,0.00012331294,0.9992151,0.0001088233,c
test_1563.jpg,0.9993155,0.0002958421,0.00015835285,0.00023040205,a
test_1564.jpg,9.6082644e-05,0.00013979942,0.99969816,6.603656e-05,c
test_1565.jpg,0.9999136,6.5399145e-06,1.3845e-05,6.6050794e-05,a
test_1566.jpg,0.000108879365,0.99972993,2.1439617e-05,0.00013980387,b
test_1567.jpg,0.009384794,0.957275,0.004433063,0.028907198,b
test_1568.jpg,0.025708925,0.9647203,0.0065002344,0.0030704935,b
test_1569.jpg,0.020731581,0.7779469,0.19669577,0.004625841,b
test_1570.jpg,0.44986913,0.50976855,0.0034347933,0.03692751,b
test_1571.jpg,0.011756841,0.052690506,0.9339615,0.0015911155,c
test_1572.jpg,0.97216,0.0065503623,0.0138671165,0.0074225324,a
test_1573.jpg,0.99654937,0.0004292562,0.002470199,0.0005511759,a
test_1574.jpg,0.9999521,1.2218639e-05,1.147835e-05,2.4299667e-05,a
test_1575.jpg,0.06819686,0.013428758,0.0875665,0.83080786,d
test_1576.jpg,0.0002609754,0.0004875663,0.99891627,0.00033509906,c
test_1577.jpg,0.9999577,1.3845611e-05,9.515939e-06,1.8924706e-05,a
test_1578.jpg,0.00017948227,9.606994e-05,0.999566,0.00015839255,c
test_1579.jpg,1.8923809e-05,3.5354333e-05,0.99991035,3.5354333e-05,c
test_1580.jpg,0.98087734,0.000614742,0.017965395,0.0005425079,a
test_1581.jpg,1.8738514e-06,0.99998534,5.4221687e-06,7.4112263e-06,b
test_1582.jpg,0.5068234,0.013506386,0.44727007,0.032400135,a
test_1583.jpg,0.99999285,1.7603337e-06,2.1233677e-06,3.2887365e-06,a
test_1584.jpg,0.03231839,0.57285714,0.0011058744,0.3937186,b
test_1585.jpg,6.962196e-06,3.2887085e-06,0.9999844,5.4221637e-06,c
test_1586.jpg,0.0259236,0.00060966465,0.0006908406,0.97277594,d
test_1587.jpg,0.0024410454,0.98478794,0.00037434645,0.012396651,b
test_1588.jpg,0.9999838,5.4221605e-06,6.5403738e-06,4.2227825e-06,a
test_1589.jpg,2.1444692e-05,6.5402614e-06,5.4220673e-06,0.9999666,d
test_1590.jpg,0.99999714,6.4759337e-07,7.3381943e-07,1.4593742e-06,a
test_1591.jpg,0.00017919051,0.0015003437,0.9979411,0.0003793463,c
test_1592.jpg,2.7531958e-05,1.2217231e-05,0.9998368,0.00012338966,c
test_1593.jpg,1.1478335e-05,6.5401578e-06,0.99995077,3.120135e-05,c
test_1594.jpg,0.7156437,0.26327065,0.004255373,0.016830327,a
test_1595.jpg,6.540353e-06,0.99998057,3.9669244e-06,8.939603e-06,b
test_1596.jpg,1.760332e-06,3.5008384e-06,2.9022972e-06,0.9999919,d
test_1597.jpg,1.1478574e-05,5.4220945e-06,0.9999716,1.1478574e-05,c
test_1598.jpg,5.1441417e-05,6.5400413e-06,8.939178e-06,0.999933,d
test_1599.jpg,0.01086331,0.97788393,0.0016659426,0.009586837,b
test_1600.jpg,1.568869e-05,0.99992955,2.1443897e-05,3.3212957e-05,b
test_1601.jpg,2.0144778e-05,2.7534648e-05,0.99993455,1.7777706e-05,c
test_1602.jpg,0.9999863,5.771874e-06,2.1233539e-06,5.771874e-06,a
test_1603.jpg,1.670102e-05,7.411033e-06,0.99995923,1.670102e-05,c
test_1604.jpg,3.9669767e-06,1.0030087e-06,1.3709505e-06,0.9999937,d
test_1605.jpg,7.4829186e-05,0.99969745,4.831335e-05,0.00017950586,b
test_1606.jpg,1.3006907e-05,1.0129788e-05,0.99996996,6.9620955e-06,c
test_1607.jpg,5.1433984e-05,0.9997886,2.0141837e-05,0.00013981207,b
test_1608.jpg,3.726511e-06,6.962039e-06,2.7535401e-05,0.99996185,d
test_1609.jpg,1.4593613e-06,7.889233e-06,2.4060798e-06,0.9999883,d
test_1610.jpg,2.5866615e-05,0.99994254,1.3845401e-05,1.7777847e-05,b
test_1611.jpg,2.7534412e-05,2.7534412e-05,0.999926,1.8924105e-05,c
test_1612.jpg,2.4299e-05,3.535484e-05,0.99992466,1.5688614e-05,c
test_1613.jpg,0.9985348,0.00020317025,0.00023022204,0.0010317836,a
test_1614.jpg,0.0007095227,8.474039e-05,0.00012329656,0.9990823,d
test_1615.jpg,6.200844e-05,5.1406805e-05,0.99926025,0.00062626303,c
test_1616.jpg,1.9947024e-06,0.99998426,4.785042e-06,8.939635e-06,b
test_1617.jpg,0.99947745,0.00020336204,0.00013976856,0.00017946637,a
test_1618.jpg,0.0013207741,0.0021775884,0.99547297,0.0010286198,c
test_1619.jpg,0.0003352535,8.4765365e-05,0.9993767,0.00020334155,c
test_1620.jpg,1.4593709e-06,2.4060957e-06,1.2878903e-06,0.9999949,d
test_1621.jpg,0.0011671331,0.9968003,0.0016981689,0.00033438925,b
test_1622.jpg,1.8924311e-05,0.9999368,2.7534712e-05,1.6700646e-05,b
test_1623.jpg,1.5534786e-06,0.99998605,4.495139e-06,7.889214e-06,b
test_1624.jpg,5.1424013e-05,0.00012335979,0.99959475,0.00023046642,c
test_1625.jpg,0.0058905035,0.99063045,0.0010236161,0.0024555274,b
test_1626.jpg,1.5534806e-06,0.99998736,4.495145e-06,6.540397e-06,b
test_1627.jpg,0.9560666,0.009372948,0.0018456428,0.0327148,a
test_1628.jpg,0.99995184,6.5401646e-06,1.5689042e-05,2.5866855e-05,a
test_1629.jpg,0.9999553,2.4299745e-05,6.5401873e-06,1.3845577e-05,a
test_1630.jpg,0.037083473,0.9563954,0.0020921065,0.0044289897,b
test_1631.jpg,0.09428871,0.009937958,0.8945864,0.0011869196,c
test_1632.jpg,0.0006262807,0.9992884,4.0036783e-05,4.5367622e-05,b
test_1633.jpg,7.4112318e-06,4.222792e-06,2.4060744e-06,0.99998605,d
test_1634.jpg,0.5141726,0.006472478,0.025599146,0.45375574,a
test_1635.jpg,0.0010320019,0.00017933504,0.99874604,4.2595806e-05,c
test_1636.jpg,8.939569e-06,6.962143e-06,7.4111626e-06,0.99997675,d
test_1637.jpg,0.68399227,0.04372616,0.25162673,0.020654777,a
test_1638.jpg,0.999949,8.397714e-06,2.586678e-05,1.670085e-05,a
test_1639.jpg,0.00012334734,0.00017946932,0.99949384,0.00020336539,c
test_1640.jpg,0.99988544,1.8923338e-05,8.480852e-05,1.0782193e-05,a
test_1641.jpg,0.9978098,0.00048702626,0.00020302273,0.0015001463,a
test_1642.jpg,5.4221423e-06,5.7718403e-06,0.99998045,8.397978e-06,c
test_1643.jpg,2.7534501e-05,1.8924165e-05,0.9999292,2.429911e-05,c
test_1644.jpg,0.015087434,0.23600718,0.7269533,0.021952089,c
test_1645.jpg,0.0035472559,0.31931382,0.6759873,0.0011516255,c
test_1646.jpg,8.938777e-06,5.143911e-05,0.9998882,5.143911e-05,c
test_1647.jpg,0.003132037,0.00042387508,0.9840567,0.012387446,c
test_1648.jpg,1.6536845e-06,1.0030103e-06,2.1233727e-06,0.99999523,d
test_1649.jpg,0.008570566,0.00054789794,0.00025880864,0.9906227,d
test_1650.jpg,1.1478261e-05,3.120115e-05,0.9999443,1.3006574e-05,c
test_1651.jpg,5.422165e-06,5.093653e-06,4.785044e-06,0.9999846,d
test_1652.jpg,0.0036583066,0.09434897,0.8951581,0.006834616,c
test_1653.jpg,0.0016942242,0.99448484,0.0010275989,0.0027933035,b
test_1654.jpg,0.017722096,0.9675936,0.013801981,0.00088233117,b
test_1655.jpg,0.12044407,0.09380193,0.00036012122,0.78539395,d
test_1656.jpg,1.1478409e-05,0.9999572,6.962007e-06,2.429979e-05,b
test_1657.jpg,9.51594e-06,8.3977875e-06,2.4299805e-05,0.9999578,d
test_1658.jpg,0.01796116,0.980646,0.0006964297,0.0006964297,b
test_1659.jpg,6.603934e-05,0.9997402,0.00010888048,8.479619e-05,b
test_1660.jpg,1.9947158e-06,0.99999094,3.089476e-06,3.966966e-06,b
test_1661.jpg,4.2227157e-06,0.99996793,1.300688e-05,1.4738725e-05,b
test_1662.jpg,0.87947994,0.119024664,0.0005867425,0.00090876454,a
test_1663.jpg,0.9998332,3.5351604e-05,9.6095624e-05,3.5351604e-05,a
test_1664.jpg,0.02241089,0.5779845,0.39724255,0.0023620906,b
test_1665.jpg,0.99608445,0.0007073937,0.0010292517,0.002178926,a
test_1666.jpg,0.00062625634,6.6006935e-05,5.8250916e-05,0.9992495,d
test_1667.jpg,2.7534423e-05,3.5354897e-05,0.9999263,1.07826345e-05,c
test_1668.jpg,0.99550456,0.0013208159,0.0003784201,0.0027961675,a
test_1669.jpg,1.3006786e-05,1.8924762e-05,7.4110435e-06,0.99996066,d
test_1670.jpg,0.0014957853,0.9949091,0.00042854968,0.0031665778,b
test_1671.jpg,0.9695943,0.010771221,0.0039625103,0.015672032,a
test_1672.jpg,2.7534701e-05,4.7848134e-06,0.99993646,3.1200903e-05,c
test_1673.jpg,1.7778395e-05,4.2227384e-06,4.78499e-06,0.9999733,d
test_1674.jpg,0.029296136,0.97015476,0.00032545067,0.00022367874,b
test_1675.jpg,2.753344e-05,0.9998907,1.5688081e-05,6.604929e-05,b
test_1676.jpg,4.539277e-05,2.7532109e-05,0.9998423,8.480486e-05,c
test_1677.jpg,1.4738673e-05,7.889043e-06,0.99996436,1.3006834e-05,c
test_1678.jpg,0.00055217696,0.9983594,0.00037950533,0.00070900924,b
test_1679.jpg,0.00013975562,0.00029586264,0.9993849,0.00017944975,c
test_1680.jpg,0.97210187,0.013866288,0.004501725,0.009530151,a
test_1681.jpg,0.9962064,0.002469349,0.0002949217,0.0010293777,a
test_1682.jpg,0.9999832,4.785037e-06,6.144109e-06,5.771856e-06,a
test_1683.jpg,5.0936746e-06,4.2228044e-06,1.8738581e-06,0.9999889,d
test_1684.jpg,1.8924866e-05,6.5402583e-06,0.99996614,8.3978575e-06,c
test_1685.jpg,8.939259e-06,0.99994206,2.1444166e-05,2.7534856e-05,b
test_1686.jpg,0.00012339083,2.4297095e-05,0.9998462,6.143268e-06,c
test_1687.jpg,0.0007095831,4.828774e-05,7.478952e-05,0.99916744,d
test_1688.jpg,0.99998033,5.093631e-06,3.0894432e-06,1.1478674e-05,a
test_1689.jpg,3.5355133e-05,2.0144747e-05,1.1478131e-05,0.999933,d
test_1690.jpg,0.99997663,2.4060519e-06,1.8925064e-05,1.9946872e-06,a
test_1691.jpg,0.9998435,2.0142945e-05,5.143681e-05,8.480496e-05,a
test_1692.jpg,0.0035580331,0.98654395,0.0058662044,0.0040317797,b
test_1693.jpg,0.9989095,0.0005524812,0.00037971442,0.00015828852,a
test_1694.jpg,5.422124e-06,0.9999771,4.495099e-06,1.3007e-05,b
test_1695.jpg,0.0011217893,0.84549737,0.1469254,0.0064554517,b
test_1696.jpg,6.9619796e-06,2.7535165e-05,1.2218654e-05,0.99995327,d
test_1697.jpg,2.753253e-05,0.99985754,7.484118e-05,4.0059585e-05,b
test_1698.jpg,2.7263663e-06,0.9999591,6.96202e-06,3.120161e-05,b
test_1699.jpg,7.481774e-05,0.99954444,0.0003353098,4.537925e-05,b
test_1700.jpg,0.00029591523,4.538007e-05,9.606961e-05,0.99956256,d
test_1701.jpg,0.01097025,0.0009004929,0.9875103,0.00061889907,c
test_1702.jpg,0.0008001989,0.00022926081,0.9943657,0.004604827,c
test_1703.jpg,4.7849644e-06,0.99996793,5.771768e-06,2.1444721e-05,b
test_1704.jpg,1.3007001e-05,3.966911e-06,5.7718216e-06,0.99997723,d
test_1705.jpg,0.9999702,8.93951e-06,1.777834e-05,3.0894118e-06,a
test_1706.jpg,0.98260653,0.01236919,0.0018968768,0.0031274213,a
test_1707.jpg,0.0048219226,0.003314056,0.18094133,0.81092274,d
test_1708.jpg,0.00020336968,0.99951494,0.00015838446,0.00012334994,b
test_1709.jpg,1.6700964e-05,2.429976e-05,3.0893677e-06,0.9999559,d
test_1710.jpg,0.008524405,0.9852872,0.001018095,0.0051703127,b
test_1711.jpg,0.999931,1.6700547e-05,1.2218382e-05,4.006253e-05,a
test_1712.jpg,5.828847e-05,3.1199572e-05,1.6699927e-05,0.9998938,d
test_1713.jpg,6.9621738e-06,5.422146e-06,6.5403565e-06,0.99998116,d
test_1714.jpg,0.9935726,0.004601154,0.0010266561,0.0007995606,a
test_1715.jpg,3.7265065e-06,0.99996066,1.6701044e-05,1.8924762e-05,b
test_1716.jpg,1.3004496e-05,0.99978465,2.2823602e-05,0.00017952154,b
test_1717.jpg,0.001688012,0.006676216,0.99083835,0.0007973603,c
test_1718.jpg,0.43492985,0.558461,0.001777459,0.0048316345,b
test_1719.jpg,0.00015843204,1.4736475e-05,1.1476779e-05,0.9998153,d
test_1720.jpg,2.2602874e-06,7.411197e-06,8.93961e-06,0.9999814,d
test_1721.jpg,0.999987,3.7266047e-06,5.771878e-06,3.5008213e-06,a
test_1722.jpg,0.00012334884,0.0003352969,0.999506,3.5340036e-05,c
test_1723.jpg,0.00023047271,9.6075324e-05,5.1425417e-05,0.999622,d
test_1724.jpg,0.003868757,0.9466536,0.047131106,0.0023465198,b
test_1725.jpg,2.586564e-05,5.143997e-05,0.9999049,1.7777178e-05,c
test_1726.jpg,1.078317e-05,8.397941e-06,4.785003e-06,0.99997604,d
test_1727.jpg,0.00023030212,0.9988821,0.0005524661,0.00033508762,b
test_1728.jpg,3.5352827e-05,0.9998678,5.1438063e-05,4.539393e-05,b
test_1729.jpg,0.99990845,5.144015e-05,6.961667e-06,3.3212254e-05,a
test_1730.jpg,1.370946e-06,6.5404174e-06,1.5534855e-06,0.99999046,d
test_1731.jpg,5.8282276e-05,0.00010888563,0.9997875,4.5390283e-05,c
test_1732.jpg,9.515531e-06,0.99991477,5.144048e-05,2.4298759e-05,b
test_1733.jpg,4.222738e-06,0.9999732,1.3006948e-05,9.516087e-06,b
test_1734.jpg,0.13821177,0.4824065,0.0036832187,0.37569857,b
test_1735.jpg,2.7264625e-06,6.475916e-07,0.9999944,2.2603167e-06,c
test_1736.jpg,0.26338887,0.7159651,0.019079823,0.0015661673,b
test_1737.jpg,5.8274454e-05,0.99965334,0.00017949795,0.00010887102,b
test_1738.jpg,0.9998486,8.480539e-05,3.1198164e-05,3.535215e-05,a
test_1739.jpg,6.9617845e-06,0.99992526,9.515631e-06,5.8290305e-05,b
test_1740.jpg,4.5390207e-05,4.5390207e-05,0.99978584,0.00012338338,c
test_1741.jpg,0.0021672144,0.9907306,0.00667549,0.00042674982,b
test_1742.jpg,0.0921941,0.8747133,0.026414054,0.006678518,b
test_1743.jpg,0.0011540522,0.9856285,0.0035547314,0.009662762,b
test_1744.jpg,0.00037729988,0.9925575,0.00037729988,0.0066878,b
test_1745.jpg,0.0033463822,0.067213885,0.0015807191,0.927859,d
test_1746.jpg,0.999977,4.222754e-06,1.2218944e-05,6.540329e-06,a
test_1747.jpg,8.93931e-06,0.9999478,1.5688978e-05,2.7535014e-05,b
test_1748.jpg,0.812219,0.005472689,0.18123057,0.0010776363,a
test_1749.jpg,0.99869955,0.0009106961,0.0003350264,5.4691554e-05,a
test_1750.jpg,7.889134e-06,0.9999759,4.7850026e-06,1.14786235e-05,b
test_1751.jpg,0.0024719865,0.00020291298,5.461329e-05,0.9972704,d
test_1752.jpg,6.602995e-05,0.99959797,0.0002959257,4.0049184e-05,b
test_1753.jpg,2.1444619e-05,1.1478477e-05,3.9668557e-06,0.99996316,d
test_1754.jpg,0.00048458736,0.99281305,0.00079894945,0.005903482,b
test_1755.jpg,0.08639553,0.6383814,0.26611698,0.009106022,b
test_1756.jpg,1.9947272e-06,1.0030118e-06,4.4508374e-07,0.99999666,d
test_1757.jpg,0.99984396,3.119802e-05,4.0059043e-05,8.4805e-05,a
test_1758.jpg,0.9998324,3.119766e-05,6.604544e-05,7.0305e-05,a
test_1759.jpg,0.17103896,0.03816395,0.5969846,0.19381252,c
test_1760.jpg,0.00017949239,7.482357e-05,0.99962234,0.00012336319,c
test_1761.jpg,0.106589735,0.023783388,0.5413074,0.32831952,c
test_1762.jpg,3.5353783e-05,2.4298275e-05,0.99989486,4.5395158e-05,c
test_1763.jpg,4.0060833e-05,4.0060833e-05,0.99988866,3.119941e-05,c
test_1764.jpg,0.99840325,0.00023019171,0.0010316477,0.00033492697,a
test_1765.jpg,0.99999535,2.1233732e-06,1.067699e-06,1.4593716e-06,a
test_1766.jpg,0.017424766,0.24054146,0.0011139279,0.7409199,d
test_1767.jpg,5.7718153e-06,0.99997616,5.7718153e-06,1.2218934e-05,b
test_1768.jpg,0.002360931,0.036931172,0.9524675,0.008240459,c
test_1769.jpg,0.92719215,0.0033439773,0.0022982797,0.067165576,a
test_1770.jpg,2.144117e-05,1.7775357e-05,0.00015843,0.9998024,d
test_1771.jpg,0.0021321273,0.9746907,0.022922529,0.00025464626,b
test_1772.jpg,0.0004302201,0.9987871,0.00023028022,0.0005524135,b
test_1773.jpg,3.1200696e-05,2.4299125e-05,1.4738163e-05,0.9999298,d
test_1774.jpg,0.0003791098,0.0014994083,0.00080257544,0.9973189,d
test_1775.jpg,1.3006831e-05,0.9999641,1.1478488e-05,1.1478488e-05,b
test_1776.jpg,0.9999596,2.1444543e-05,1.4738603e-05,4.2226807e-06,a
test_1777.jpg,0.9997943,5.143428e-05,4.5390592e-05,0.00010888637,a
test_1778.jpg,1.4738666e-05,0.9999639,8.397838e-06,1.3006827e-05,b
test_1779.jpg,0.999323,0.00012332626,0.00043045092,0.00012332626,a
test_1780.jpg,0.00017943575,2.5850173e-05,0.00048775697,0.9993069,d
test_1781.jpg,0.99997354,1.384583e-05,8.39792e-06,4.2227393e-06,a
test_1782.jpg,0.0003352012,0.00010882391,0.9992207,0.0003352012,c
test_1783.jpg,0.0040576127,0.9928651,0.0009053758,0.0021718836,b
test_1784.jpg,0.9999919,2.561268e-06,3.089479e-06,2.4060885e-06,a
test_1785.jpg,0.99993694,6.961866e-06,1.0782748e-05,4.5397068e-05,a
test_1786.jpg,0.0031706868,0.0003341879,0.00029491982,0.99620014,d
test_1787.jpg,0.015618297,0.007377561,0.96626985,0.010734289,c
test_1788.jpg,0.999731,5.8278983e-05,3.1194493e-05,0.0001795119,a
test_1789.jpg,0.99993,7.888772e-06,4.5396755e-05,1.6700533e-05,a
test_1790.jpg,1.892468e-05,1.3845593e-05,0.99995637,1.0782958e-05,c
test_1791.jpg,1.8922809e-05,0.9998574,1.4737097e-05,0.00010889325,b
test_1792.jpg,5.4220736e-06,0.9999678,1.0129767e-05,1.6701162e-05,b
test_1793.jpg,8.480403e-05,5.1436247e-05,3.1197662e-05,0.9998325,d
test_1794.jpg,0.9999262,3.5354893e-05,2.2826835e-05,1.568864e-05,a
test_1795.jpg,0.7788208,0.00594637,0.19691673,0.01831611,a
test_1796.jpg,0.0031433487,0.98761076,0.008544507,0.0007013759,b
test_1797.jpg,0.0005527099,0.999323,5.82552e-05,6.601179e-05,b
test_1798.jpg,2.0144904e-05,1.8924386e-05,0.99994075,2.0144904e-05,c
test_1799.jpg,1.1478285e-05,2.429953e-05,0.9999465,1.7777918e-05,c
test_1800.jpg,0.58900297,0.40481544,0.003090804,0.003090804,a
test_1801.jpg,0.9999932,1.9947202e-06,1.5534897e-06,3.2887376e-06,a
test_1802.jpg,0.0017000103,0.9978811,0.00026070495,0.00015812556,b
test_1803.jpg,0.0019165182,0.0007050476,0.992781,0.0045974883,c
test_1804.jpg,0.0022118012,0.1991,0.0112324525,0.78745574,d
test_1805.jpg,7.88924e-06,1.9947124e-06,7.811406e-07,0.9999893,d
test_1806.jpg,0.57359374,0.21101338,0.21101338,0.004379442,a
test_1807.jpg,3.5352845e-05,2.1442584e-05,0.9998683,7.484198e-05,c
test_1808.jpg,0.9988519,0.00023029516,0.000430248,0.00048753488,a
test_1809.jpg,0.99997485,1.300697e-05,7.889126e-06,4.222745e-06,a
test_1810.jpg,0.9999691,1.777832e-05,6.540278e-06,6.540278e-06,a
test_1811.jpg,0.010433932,0.028362365,0.3915304,0.56967336,d
test_1812.jpg,0.00023045874,0.00012335567,0.99956137,8.478103e-05,c
test_1813.jpg,0.004062081,0.0014943561,0.9939585,0.00048514645,c
test_1814.jpg,0.0001777737,6.539929e-05,0.99005073,0.009706116,c
test_1815.jpg,1.8738713e-06,1.4593725e-06,6.893587e-07,0.99999595,d
test_1816.jpg,3.535064e-05,0.999806,3.535064e-05,0.00012338585,b
test_1817.jpg,0.0005522222,0.0008034786,0.99844116,0.0002031512,c
test_1818.jpg,0.0011569867,0.9881346,0.0010210372,0.0096873315,b
test_1819.jpg,0.00015841231,8.4792e-05,0.9996908,6.6036075e-05,c
test_1820.jpg,8.4799096e-05,0.9997744,7.483495e-05,6.6041604e-05,b
test_1821.jpg,6.604685e-05,4.005944e-05,4.005944e-05,0.99985385,d
test_1822.jpg,0.99991894,2.144367e-05,2.429886e-05,3.5354635e-05,a
test_1823.jpg,1.012996e-05,1.7603232e-06,1.1365502e-06,0.9999869,d
test_1824.jpg,0.9998306,1.777586e-05,4.264206e-05,0.00010889033,a
test_1825.jpg,0.0002304741,4.5383047e-05,0.99962807,9.6075906e-05,c
test_1826.jpg,0.002469997,0.00026033574,0.9964678,0.00080189056,c
test_1827.jpg,3.3173023e-05,0.0011693893,7.0227296e-05,0.99872726,d
test_1828.jpg,0.028295392,0.067877114,0.07691485,0.8269126,d
test_1829.jpg,6.5403883e-06,5.09366e-06,2.2602978e-06,0.99998605,d
test_1830.jpg,0.00023042332,0.99940777,6.601738e-05,0.00029586942,b
test_1831.jpg,0.00026111287,0.00023043131,6.6019675e-05,0.9994424,d
test_1832.jpg,2.4299612e-05,1.568901e-05,1.0129585e-05,0.9999498,d
test_1833.jpg,0.71477973,0.2629528,0.01681001,0.0054574106,a
test_1834.jpg,2.1443875e-05,1.4738144e-05,0.9999285,3.5354973e-05,c
test_1835.jpg,0.9999573,8.939395e-06,1.2218704e-05,2.1444494e-05,a
test_1836.jpg,0.0034730206,0.0329511,0.96297234,0.0006035204,c
test_1837.jpg,0.9962004,0.0019231192,0.0014977267,0.00037868464,a
test_1838.jpg,2.144407e-05,1.6700656e-05,0.99993753,2.4299314e-05,c
test_1839.jpg,0.0004298429,0.00033476198,0.0013240093,0.9979114,d
test_1840.jpg,0.9999856,1.6536685e-06,6.1441237e-06,6.5403856e-06,a
test_1841.jpg,4.5396137e-05,1.6700305e-05,0.99991643,2.1443617e-05,c
test_1842.jpg,0.99955744,0.00013977975,0.00017948073,0.00012335519,a
test_1843.jpg,8.477321e-05,0.0003799272,6.602144e-05,0.9994692,d
test_1844.jpg,0.9999926,3.7266257e-06,2.1233673e-06,1.5534888e-06,a
test_1845.jpg,1.8923709e-05,0.999905,1.777718e-05,5.8289126e-05,b
test_1846.jpg,3.2887297e-06,3.0894755e-06,0.9999908,2.7264527e-06,c
test_1847.jpg,0.9999534,2.2827455e-05,1.3006691e-05,1.07829255e-05,a
test_1848.jpg,0.006688453,0.00054902164,0.99265444,0.000108108776,c
test_1849.jpg,0.9103919,0.0037205638,0.0012078902,0.08467964,a
test_1850.jpg,8.480174e-05,0.9998055,5.1434854e-05,5.8283324e-05,b
test_1851.jpg,5.771878e-06,4.222796e-06,3.0894637e-06,0.999987,d
test_1852.jpg,1.3005121e-05,0.99983263,5.828491e-05,9.609557e-05,b
test_1853.jpg,3.535581e-05,7.4109807e-06,5.0934877e-06,0.9999522,d
test_1854.jpg,0.99999154,7.811424e-07,5.4222023e-06,2.2603103e-06,a
test_1855.jpg,0.8435202,0.008269582,0.14658183,0.0016283771,a
test_1856.jpg,1.9946724e-06,2.4300083e-05,4.4950634e-06,0.99996924,d
test_1857.jpg,0.00037920597,0.00012311015,0.9975719,0.0019257668,c
test_1858.jpg,4.0057268e-05,5.1434556e-05,0.99979967,0.000108886954,c
test_1859.jpg,0.9994454,0.00033527656,0.00012334136,9.605835e-05,a
test_1860.jpg,0.008491988,0.0014756862,0.9815403,0.008491988,c
test_1861.jpg,1.0782045e-05,5.1438263e-05,0.99987173,6.604804e-05,c
test_1862.jpg,0.07555033,0.92039144,0.0022814225,0.0017767736,b
test_1863.jpg,0.00015843182,1.3004876e-05,1.4736454e-05,0.99981385,d
test_1864.jpg,0.004592699,0.9917468,0.001491031,0.0021694375,b
test_1865.jpg,0.0951589,0.0013573688,0.9028425,0.00064117566,c
test_1866.jpg,6.5402114e-06,1.3006765e-05,2.144453e-05,0.999959,d
test_1867.jpg,0.0006236434,0.00022942558,0.99508035,0.004066666,c
test_1868.jpg,0.0011657382,0.00042885114,0.0027964609,0.995609,d
test_1869.jpg,2.4060764e-06,0.9999869,3.2887167e-06,7.4112377e-06,b
test_1870.jpg,0.0010320076,0.00015826349,0.9987515,5.8221885e-05,c
test_1871.jpg,0.00080333085,0.00023015813,0.00070893695,0.9982576,d
test_1872.jpg,0.00014808141,0.9947654,0.0019203491,0.0031661203,b
test_1873.jpg,1.1477943e-05,5.771472e-06,0.9999167,6.6051005e-05,c
test_1874.jpg,0.99998486,7.4112227e-06,1.8738505e-06,5.7718657e-06,a
test_1875.jpg,2.43e-05,4.784954e-06,5.093557e-06,0.9999658,d
test_1876.jpg,0.015848365,0.98050356,0.0027540328,0.00089410355,b
test_1877.jpg,5.771871e-06,5.771871e-06,2.726439e-06,0.9999858,d
test_1878.jpg,0.9210572,0.045856737,0.0015691315,0.031516846,a
test_1879.jpg,0.62112063,0.33246192,0.011376222,0.03504123,a
test_1880.jpg,0.00017952299,1.3004602e-05,0.99979275,1.4736143e-05,c
test_1881.jpg,1.147852e-05,0.99996686,1.147852e-05,1.0129757e-05,b
test_1882.jpg,0.0044748085,0.025750741,0.96628946,0.003484984,c
test_1883.jpg,0.9984492,0.00026085338,0.0009104679,0.00037953947,a
test_1884.jpg,6.5402583e-06,1.7778268e-05,0.99996614,9.51602e-06,c
test_1885.jpg,0.0010319554,0.0001087673,0.00015825548,0.998701,d
test_1886.jpg,0.0001795105,0.99972326,3.1194253e-05,6.603823e-05,b
test_1887.jpg,8.397892e-06,4.784975e-06,0.9999702,1.6701202e-05,c
test_1888.jpg,0.0030974655,0.97319466,0.02019801,0.003509888,b
test_1889.jpg,0.99953246,0.00020337323,0.00017947625,8.477858e-05,a
test_1890.jpg,1.892488e-05,1.0129758e-05,3.9668707e-06,0.999967,d
test_1891.jpg,7.411174e-06,4.22276e-06,1.0129873e-05,0.9999783,d
test_1892.jpg,0.00015841231,0.9996908,6.6036075e-05,8.4792e-05,b
test_1893.jpg,0.00029573965,0.000108796536,0.99896944,0.0006260808,c
test_1894.jpg,0.00020336667,6.602349e-05,0.99950016,0.00023044462,c
test_1895.jpg,5.1440704e-05,5.0933195e-06,2.4298866e-05,0.9999192,d
test_1896.jpg,1.147845e-05,0.9999608,1.3006787e-05,1.473862e-05,b
test_1897.jpg,0.9998592,6.604721e-05,2.9308272e-05,4.539354e-05,a
test_1898.jpg,4.784992e-06,0.9999738,8.397922e-06,1.3006957e-05,b
test_1899.jpg,1.0782566e-05,1.7777447e-05,0.99992,5.1440747e-05,c
test_1900.jpg,0.0073093143,0.0289089,0.0064504477,0.9573313,d
test_1901.jpg,0.999874,7.4842406e-05,1.568782e-05,3.535305e-05,a
test_1902.jpg,1.3845449e-05,0.999946,8.939293e-06,3.12012e-05,b
test_1903.jpg,0.115198486,0.02912674,0.00446673,0.8512081,d
test_1904.jpg,0.46169263,0.46169263,0.07080286,0.005811853,a
test_1905.jpg,0.00017947803,0.99954236,0.00020337525,7.481758e-05,b
test_1906.jpg,0.00026088435,0.9985677,0.00026088435,0.0009105759,b
test_1907.jpg,0.0016964744,0.0016964744,0.9958056,0.0008013577,c
test_1908.jpg,5.8287158e-05,1.892307e-05,5.143824e-05,0.99987125,d
test_1909.jpg,0.99997103,8.397899e-06,8.397899e-06,1.2218871e-05,a
test_1910.jpg,0.0011564706,0.010972289,0.00017735052,0.9876939,d
test_1911.jpg,0.0024719802,0.0001580284,0.0001020308,0.99726796,d
test_1912.jpg,0.001169306,5.1375722e-05,0.00012324394,0.99865603,d
test_1913.jpg,1.1478715e-05,3.0894541e-06,1.4593548e-06,0.9999839,d
test_1914.jpg,3.1200783e-05,0.99993265,1.4738206e-05,2.1443964e-05,b
test_1915.jpg,0.43311784,0.0037472034,0.5561343,0.007000698,c
test_1916.jpg,2.144449e-05,1.4738567e-05,6.5402e-06,0.9999572,d
test_1917.jpg,5.0935614e-06,0.99996674,1.1478518e-05,1.6701146e-05,b
test_1918.jpg,0.0328359,0.0018524748,0.9596057,0.005706024,c
test_1919.jpg,0.52997017,0.0021658668,0.467697,0.00016701373,a
test_1920.jpg,0.99995863,6.540209e-06,8.939406e-06,2.5867032e-05,a
test_1921.jpg,0.0024668889,0.00062372716,0.995214,0.0016954665,c
test_1922.jpg,0.0027540326,0.015848363,0.98050344,0.00089410343,c
test_1923.jpg,0.080812454,0.31961948,0.0024403248,0.5971278,d
test_1924.jpg,0.9999094,3.3212287e-05,4.264542e-05,1.4737863e-05,a
test_1925.jpg,0.99208015,0.0013162725,0.0007045499,0.005899124,a
test_1926.jpg,3.5355297e-05,0.99993765,1.2218463e-05,1.473828e-05,b
test_1927.jpg,0.0014996233,0.9974619,0.0005516806,0.00048685647,b
test_1928.jpg,4.4951644e-06,7.338154e-07,3.0894782e-06,0.99999166,d
test_1929.jpg,3.5355326e-05,0.9999385,1.4738292e-05,1.1478194e-05,b
test_1930.jpg,0.00012313802,0.0016998681,0.9977977,0.0003792918,c
test_1931.jpg,0.07374365,0.006859228,0.37450117,0.54489595,d
test_1932.jpg,1.8738697e-06,1.6536843e-06,1.3709524e-06,0.9999951,d
test_1933.jpg,0.9999727,1.6701244e-05,6.9621146e-06,3.7265515e-06,a
test_1934.jpg,1.287892e-06,1.9947263e-06,5.0434573e-07,0.9999962,d
test_1935.jpg,0.2775583,0.008381534,0.048232403,0.66582775,d
test_1936.jpg,3.5353394e-05,1.4737486e-05,6.604883e-05,0.9998838,d
test_1937.jpg,1.5684416e-05,6.603385e-05,0.99965703,0.00026116893,c
test_1938.jpg,0.98186344,0.0014761719,0.015870344,0.0007901379,a
test_1939.jpg,0.020237634,0.97510386,0.0035167737,0.0011417292,b
test_1940.jpg,0.5840378,0.101490535,0.3126129,0.0018588642,a
test_1941.jpg,0.7688294,0.17154904,0.029810753,0.029810753,a
test_1942.jpg,0.0024329277,0.0051505077,0.981513,0.010903626,c
test_1943.jpg,8.480885e-05,1.5688061e-05,1.01289725e-05,0.9998894,d
test_1944.jpg,2.4298675e-05,0.9999113,1.8923827e-05,4.5395904e-05,b
test_1945.jpg,0.96978015,0.002723913,0.0016521368,0.025843766,a
test_1946.jpg,1.3845779e-05,7.4111113e-06,0.99996984,8.939507e-06,c
test_1947.jpg,0.64779997,0.0016057356,0.34674236,0.0038519592,a
test_1948.jpg,0.05311782,0.004940727,0.94153583,0.00040555955,c
test_1949.jpg,0.00015842427,3.5349232e-05,0.9997662,4.0055926e-05,c
test_1950.jpg,0.009610031,0.0035353329,0.006604871,0.98024976,d
test_1951.jpg,4.2228203e-06,1.9947192e-06,1.0676963e-06,0.9999927,d
test_1952.jpg,0.00062500365,0.0014993058,0.99725074,0.00062500365,c
test_1953.jpg,0.0040646414,0.0005500894,0.994585,0.00080037536,c
test_1954.jpg,0.99996245,2.1444603e-05,9.515985e-06,6.540234e-06,a
test_1955.jpg,0.005342484,0.69972736,0.29168975,0.003240381,b
test_1956.jpg,2.9022729e-06,5.0936474e-06,8.398004e-06,0.99998355,d
test_1957.jpg,0.00010886863,0.00023047488,2.9301593e-05,0.9996314,d
test_1958.jpg,0.0021791877,0.00029492102,0.9962042,0.0013217442,c
test_1959.jpg,0.00033494402,0.00017928262,0.0010317003,0.9984541,d
test_1960.jpg,9.607472e-05,8.4785635e-05,0.00020339018,0.99961567,d
test_1961.jpg,4.2226093e-06,0.99994266,1.3006552e-05,4.0062998e-05,b
test_1962.jpg,0.974498,0.007440383,0.0057945764,0.012267119,a
test_1963.jpg,3.5354886e-05,0.999926,7.4107866e-06,3.1200576e-05,b
test_1964.jpg,0.00042884814,0.995602,0.0035907016,0.00037845716,b
test_1965.jpg,0.08019708,0.2470244,0.14982787,0.52295065,d
test_1966.jpg,0.00015843053,2.429611e-05,1.147667e-05,0.99980575,d
test_1967.jpg,3.0894878e-06,1.0030099e-06,1.2098608e-06,0.99999475,d
test_1968.jpg,0.0010272423,0.9941398,0.004603781,0.00022920873,b
test_1969.jpg,5.1439147e-05,0.9998889,2.4298131e-05,3.5353572e-05,b
test_1970.jpg,1.2878907e-06,2.9023065e-06,7.8114516e-07,0.9999951,d
test_1971.jpg,0.9999964,1.4593732e-06,7.338189e-07,1.3709542e-06,a
test_1972.jpg,0.5106941,0.036994558,0.45068595,0.0016254274,a
test_1973.jpg,1.5689402e-05,6.540315e-06,2.9022476e-06,0.99997485,d
test_1974.jpg,0.99996316,1.892481e-05,8.397833e-06,9.515992e-06,a
test_1975.jpg,0.99968016,3.1192907e-05,2.7527643e-05,0.00026117498,a
test_1976.jpg,0.9998348,9.609578e-05,5.8285033e-05,1.0781647e-05,a
test_1977.jpg,5.09367e-06,1.7603253e-06,0.9999881,5.09367e-06,c
test_1978.jpg,0.009267728,0.0038633635,0.94533384,0.041535072,c
test_1979.jpg,0.9999025,4.5395504e-05,3.5354053e-05,1.6700073e-05,a
test_1980.jpg,0.095017545,0.0017403071,0.70208997,0.20115215,c
test_1981.jpg,1.012988e-05,8.939589e-06,1.8738396e-06,0.999979,d
test_1982.jpg,5.1437815e-05,4.5393714e-05,0.999863,4.0059807e-05,c
test_1983.jpg,0.010976926,0.0006192757,0.0002925252,0.9881114,d
test_1984.jpg,0.00013981287,2.586278e-05,4.005705e-05,0.9997943,d
test_1985.jpg,5.771602e-06,2.7534777e-05,0.9999392,2.7534777e-05,c
test_1986.jpg,9.609686e-05,4.0059127e-05,0.9998461,1.7776134e-05,c
test_1987.jpg,5.4219963e-06,0.9999535,1.6700924e-05,2.4299701e-05,b
test_1988.jpg,3.7266332e-06,9.4224043e-07,6.893578e-07,0.99999464,d
test_1989.jpg,4.7846743e-06,0.9999074,1.3006093e-05,7.48449e-05,b
test_1990.jpg,0.6298042,0.011535266,0.021550713,0.3371099,a
test_1991.jpg,0.9932505,0.0024620218,0.00070538104,0.0035822205,a
test_1992.jpg,0.0537736,0.017457733,0.35064796,0.5781207,d
test_1993.jpg,7.8891335e-06,8.93956e-06,7.411156e-06,0.9999758,d
test_1994.jpg,6.540338e-06,2.1233368e-06,0.9999783,1.3007016e-05,c
test_1995.jpg,9.516011e-06,0.9999652,1.1478501e-05,1.3845714e-05,b
test_1996.jpg,3.966937e-06,1.0129927e-05,2.2602926e-06,0.99998367,d
test_1997.jpg,9.6084004e-05,0.9997123,3.320574e-05,0.00015841573,b
test_1998.jpg,0.000203164,0.99850416,0.001031752,0.00026086773,b
test_1999.jpg,0.9999801,5.771838e-06,6.14409e-06,7.889167e-06,a
test_2000.jpg,0.00012339081,1.669913e-05,1.38440655e-05,0.9998461,d
test_2001.jpg,0.9999926,3.5008409e-06,1.994719e-06,1.873865e-06,a
test_2002.jpg,0.0002959347,0.9996283,5.142574e-05,2.42918e-05,b
test_2003.jpg,0.013220409,0.04072173,0.92682225,0.019235581,c
test_2004.jpg,0.0005527094,9.604649e-05,2.9292525e-05,0.99932206,d
test_2005.jpg,0.00033503506,0.9987255,0.00070926925,0.00023026601,b
test_2006.jpg,0.9987073,0.00017932808,0.00062591647,0.0004874643,a
test_2007.jpg,0.9999939,2.4060935e-06,1.4593695e-06,2.2603158e-06,a
test_2008.jpg,0.91623443,0.0752091,0.0069955355,0.0015609153,a
test_2009.jpg,1.3006123e-05,2.5865764e-05,5.1440213e-05,0.99990964,d
test_2010.jpg,0.19702914,0.009809503,0.68769926,0.105462104,c
test_2011.jpg,0.0006208044,0.00025878975,0.00856994,0.9905504,d
test_2012.jpg,0.004607393,0.0003337584,0.9949197,0.0001391312,c
test_2013.jpg,2.1444324e-05,0.99994946,1.0129581e-05,1.892455e-05,b
test_2014.jpg,0.0013181015,0.9934587,0.0011632205,0.0040600384,b
test_2015.jpg,2.123367e-06,3.2887351e-06,1.9947188e-06,0.9999925,d
test_2016.jpg,5.1427378e-05,0.00017949917,0.99966013,0.00010887176,c
test_2017.jpg,7.484004e-05,5.1436757e-05,3.119797e-05,0.9998424,d
test_2018.jpg,0.9994265,5.826123e-05,8.4769585e-05,0.00043049548,a
test_2019.jpg,0.009552842,0.9744163,0.002131527,0.013899302,b
test_2020.jpg,4.0042087e-05,5.1415063e-05,0.99942076,0.00048781253,c
test_2021.jpg,1.8924347e-05,1.4738295e-05,0.9999387,2.7534763e-05,c
test_2022.jpg,0.99984336,5.8285532e-05,5.8285532e-05,4.0059018e-05,a
test_2023.jpg,7.411173e-06,6.540337e-06,7.889153e-06,0.9999782,d
test_2024.jpg,0.0033761587,0.00066480506,0.9361152,0.059843842,c
test_2025.jpg,0.999801,9.6092524e-05,5.143462e-05,5.143462e-05,a
test_2026.jpg,6.5403924e-06,3.966949e-06,2.902282e-06,0.99998665,d
test_2027.jpg,0.00062575703,0.00029558674,0.00062575703,0.9984529,d
test_2028.jpg,1.8923227e-05,0.9998796,6.604855e-05,3.5353245e-05,b
test_2029.jpg,0.9999908,6.144156e-06,1.7603302e-06,1.2878851e-06,a
test_2030.jpg,3.5007115e-06,0.99995565,5.4220077e-06,3.5355934e-05,b
test_2031.jpg,0.04725065,0.0030206332,0.0006739943,0.94905466,d
test_2032.jpg,0.009101618,0.04079062,0.38701063,0.5630971,d
test_2033.jpg,4.4949675e-06,0.9999479,1.2218588e-05,3.535566e-05,b
test_2034.jpg,0.007569846,0.00079785596,0.99145424,0.00017802572,c
test_2035.jpg,0.0013247321,0.9984561,9.596327e-05,0.00012321927,b
test_2036.jpg,1.1365433e-06,0.9999809,6.540355e-06,1.1478681e-05,b
test_2037.jpg,0.99959594,0.00017948764,0.00013978513,8.478396e-05,a
test_2038.jpg,2.1444721e-05,3.7265336e-06,6.9620814e-06,0.99996793,d
test_2039.jpg,0.003516239,0.9749556,0.020234559,0.001293552,b
test_2040.jpg,0.00090928405,0.9971511,0.00090928405,0.0010303538,b
test_2041.jpg,0.99997306,1.012982e-05,5.4221023e-06,1.1478591e-05,a
test_2042.jpg,0.00017951778,4.005583e-05,1.6697755e-05,0.9997638,d
test_2043.jpg,0.00026115766,8.478548e-05,0.99961394,4.0049825e-05,c
test_2044.jpg,0.00033519077,0.00017941468,0.99918956,0.0002958048,c
test_2045.jpg,0.0021721257,0.99297583,0.0031604245,0.0016916534,b
test_2046.jpg,0.9999628,1.670108e-05,4.78494e-06,1.5689213e-05,a
test_2047.jpg,0.0024690973,0.99610496,0.0006242855,0.00080159854,b
test_2048.jpg,0.12711854,0.82891697,0.011823865,0.032140598,b
test_2049.jpg,0.0031675613,0.00070677843,0.00090752146,0.9952181,d
test_2050.jpg,1.4738795e-05,6.5403005e-06,0.9999726,6.144044e-06,c
test_2051.jpg,6.597692e-05,0.00080376345,0.00033505846,0.99879515,d
test_2052.jpg,0.0027910108,0.0031626294,0.00037772223,0.9936686,d
test_2053.jpg,9.608934e-05,9.608934e-05,0.99976784,4.005599e-05,c
test_2054.jpg,0.015463148,0.0023713508,0.9566711,0.02549442,c
test_2055.jpg,2.5612662e-06,3.7266202e-06,0.9999912,2.5612662e-06,c
test_2056.jpg,6.540065e-06,0.9999366,2.1444048e-05,3.535526e-05,b
test_2057.jpg,0.99999297,2.7264587e-06,2.4060912e-06,1.8738657e-06,a
test_2058.jpg,0.00029544794,0.99798405,0.0005519694,0.0011685191,b
test_2059.jpg,0.005078784,0.025792193,0.0012841177,0.9678449,d
test_2060.jpg,3.5354416e-05,0.99991274,2.7534048e-05,2.429871e-05,b
test_2061.jpg,1.1478333e-05,1.8924573e-05,0.99995065,1.8924573e-05,c
test_2062.jpg,0.000108876084,5.142942e-05,0.99969983,0.00013979965,c
test_2063.jpg,7.889103e-06,1.6701231e-05,3.5007683e-06,0.99997187,d
test_2064.jpg,0.006240395,0.06709057,0.0005122428,0.9261567,d
test_2065.jpg,0.040159784,0.14017141,0.8066308,0.013037973,c
test_2066.jpg,0.947726,0.0020731422,0.047184497,0.003016404,a
test_2067.jpg,3.120126e-05,1.300662e-05,7.888913e-06,0.9999479,d
test_2068.jpg,4.4951166e-06,6.5403556e-06,0.99998105,7.889175e-06,c
test_2069.jpg,0.00043051146,6.6021064e-05,4.0043797e-05,0.9994635,d
test_2070.jpg,0.00091071427,0.00023026462,0.00013966256,0.99871945,d
test_2071.jpg,0.9999738,1.3845834e-05,6.5403083e-06,5.7718016e-06,a
test_2072.jpg,8.479824e-05,0.99976426,6.6040935e-05,8.479824e-05,b
test_2073.jpg,1.8923452e-05,0.9998915,1.47375995e-05,7.4843716e-05,b
test_2074.jpg,0.99999464,1.0030097e-06,1.7603369e-06,2.561275e-06,a
test_2075.jpg,0.76748526,0.21988823,0.010947589,0.0016788673,a
test_2076.jpg,2.144484e-05,2.9022435e-06,2.2602694e-06,0.9999734,d
test_2077.jpg,0.99956256,0.00017948165,0.000230459,2.7524406e-05,a
test_2078.jpg,8.4806896e-05,4.2643587e-05,6.1433916e-06,0.99986637,d
test_2079.jpg,0.00023046264,0.9995783,0.00013978266,5.142317e-05,b
test_2080.jpg,1.6700495e-05,0.99992776,2.4299075e-05,3.120063e-05,b
test_2081.jpg,0.99999523,1.5534929e-06,1.9947242e-06,1.1365596e-06,a
test_2082.jpg,0.0019089419,0.0016846354,0.007550011,0.9888564,d
test_2083.jpg,0.11798358,0.104120135,0.008546702,0.7693495,d
test_2084.jpg,6.540051e-06,0.99993443,1.8924266e-05,4.0062667e-05,b
test_2085.jpg,0.00037974108,0.00037974108,0.9989795,0.00026099195,c
test_2086.jpg,5.422032e-06,2.1444552e-05,1.3006778e-05,0.99996006,d
test_2087.jpg,4.0060997e-05,5.1439343e-05,1.5688114e-05,0.9998927,d
test_2088.jpg,0.0004877083,7.479249e-05,0.9992072,0.00023037706,c
test_2089.jpg,6.962049e-06,1.300682e-05,1.6701088e-05,0.9999633,d
test_2090.jpg,0.00017951032,0.9997222,5.827847e-05,4.0054165e-05,b
test_2091.jpg,0.0019258969,0.00013951151,0.00029534588,0.9976393,d
test_2092.jpg,7.4111936e-06,8.939606e-06,0.9999809,2.7264257e-06,c
test_2093.jpg,0.0014970909,0.0016964264,0.9957775,0.0010289345,c
test_2094.jpg,1.0129937e-05,3.2887094e-06,1.8738501e-06,0.9999846,d
test_2095.jpg,0.99998343,6.1441106e-06,1.9947008e-06,8.398003e-06,a
test_2096.jpg,0.00010888963,4.539195e-05,0.9998242,2.1441638e-05,c
test_2097.jpg,0.99987805,8.480789e-05,2.1442793e-05,1.5687883e-05,a
test_2098.jpg,0.9999658,2.2827739e-05,1.8738148e-06,9.516017e-06,a
test_2099.jpg,0.00017691441,0.012402658,0.002155259,0.9852652,d
test_2100.jpg,0.00010887332,5.8275684e-05,0.99967444,0.00015840973,c
test_2101.jpg,3.7266202e-06,1.2878855e-06,3.7266202e-06,0.9999912,d
test_2102.jpg,0.9999957,1.2098619e-06,2.1233739e-06,8.851539e-07,a
test_2103.jpg,0.9967957,0.0003343877,0.002799794,7.0091475e-05,a
test_2104.jpg,2.4298219e-05,7.484379e-05,8.397239e-06,0.9998925,d
test_2105.jpg,0.017832892,0.0027347626,0.005789492,0.9736429,d
test_2106.jpg,1.8738733e-06,7.338194e-07,4.1811765e-07,0.999997,d
test_2107.jpg,4.4951407e-06,7.4112345e-06,1.6536699e-06,0.9999864,d
test_2108.jpg,2.4298255e-05,0.999894,1.5688134e-05,6.6049506e-05,b
test_2109.jpg,0.005730482,0.0014488926,0.9637189,0.029101789,c
test_2110.jpg,0.9973139,0.00062504323,0.0010305222,0.0010305222,a
test_2111.jpg,0.999848,3.7632144e-05,6.6046465e-05,4.832063e-05,a
test_2112.jpg,7.961914e-05,0.0005526664,0.00012331654,0.99924433,d
test_2113.jpg,8.478429e-05,0.0002304676,0.9995999,8.478429e-05,c
test_2114.jpg,0.0009073911,0.0035888015,0.0004286212,0.99507517,d
test_2115.jpg,0.99999344,1.2878885e-06,2.4060923e-06,2.9023015e-06,a
test_2116.jpg,7.889151e-06,5.7718257e-06,0.99997795,8.397957e-06,c
test_2117.jpg,0.9999931,2.726459e-06,2.2603137e-06,1.8738659e-06,a
test_2118.jpg,0.0038921954,0.013585097,0.74172115,0.2408016,c
test_2119.jpg,0.00857199,0.00048359862,0.9907873,0.00015700147,c
test_2120.jpg,1.0676847e-06,0.9999819,2.2602885e-06,1.4738931e-05,b
test_2121.jpg,0.9999877,5.771882e-06,1.3709423e-06,5.0936683e-06,a
test_2122.jpg,0.0036366263,0.1062778,0.00023248173,0.8898531,d
test_2123.jpg,5.828784e-05,3.1199233e-05,0.99988294,2.7533228e-05,c
test_2124.jpg,0.00043039786,0.00010882162,0.9991998,0.00026104948,c
test_2125.jpg,6.5403237e-06,5.7718153e-06,0.99997616,1.1478626e-05,c
test_2126.jpg,0.00037921238,0.000708462,0.99758875,0.0013235812,c
test_2127.jpg,1.8923827e-05,0.9999113,2.4298675e-05,4.5395904e-05,b
test_2128.jpg,0.00070582575,0.005215386,0.00020222247,0.99387664,d
test_2129.jpg,3.1198055e-05,2.7532187e-05,0.99984515,9.609677e-05,c
test_2130.jpg,0.00023049221,2.7528371e-05,3.5347126e-05,0.99970657,d
test_2131.jpg,4.00631e-05,5.0934523e-06,9.515822e-06,0.9999453,d
test_2132.jpg,1.2218648e-05,0.9999528,7.4109853e-06,2.753515e-05,b
test_2133.jpg,3.0894837e-06,2.7264598e-06,7.338167e-07,0.99999344,d
test_2134.jpg,2.1442724e-05,0.99987483,4.539425e-05,5.828737e-05,b
test_2135.jpg,0.00013980347,7.4831405e-05,0.9997271,5.8278754e-05,c
test_2136.jpg,2.7535418e-05,7.889028e-06,2.1233031e-06,0.99996245,d
test_2137.jpg,0.99997175,5.422095e-06,1.670123e-05,6.1440387e-06,a
test_2138.jpg,0.9997682,3.762914e-05,0.00017951858,1.4735781e-05,a
test_2139.jpg,0.00015838626,0.00023045066,8.477806e-05,0.9995264,d
test_2140.jpg,0.00090829993,0.0024690153,0.00055091176,0.9960718,d
test_2141.jpg,0.00499792,0.041847073,0.00072001864,0.95243496,d
test_2142.jpg,1.1478613e-05,2.1233298e-06,0.99997497,1.1478613e-05,c
test_2143.jpg,1.3006034e-05,0.99990284,2.5865587e-05,5.8289e-05,b
test_2144.jpg,0.00048768078,0.00015832674,0.99915075,0.00020329558,c
test_2145.jpg,3.7265497e-06,8.397909e-06,0.9999722,1.568936e-05,c
test_2146.jpg,0.0035704805,0.0058867265,0.0005475509,0.98999524,d
test_2147.jpg,5.1431736e-05,0.99974483,4.5388348e-05,0.00015842088,b
test_2148.jpg,0.99987245,1.7776601e-05,5.8287227e-05,5.14383e-05,a
test_2149.jpg,3.72663e-06,1.2098596e-06,1.287889e-06,0.9999938,d
test_2150.jpg,0.13778104,0.33051953,0.107303984,0.4243955,d
test_2151.jpg,0.006502906,0.9651168,0.008349896,0.020030359,b
test_2152.jpg,0.0024655536,0.001164645,0.9946753,0.0016945486,c
test_2153.jpg,3.2887046e-06,2.7264318e-06,0.9999832,1.07832475e-05,c
test_2154.jpg,2.7532382e-05,0.9998522,3.5352277e-05,8.4805695e-05,b
test_2155.jpg,1.0029921e-06,0.9999771,2.9022542e-06,1.8925073e-05,b
test_2156.jpg,0.00043053477,2.7523169e-05,2.428911e-05,0.9995177,d
test_2157.jpg,3.2886246e-06,1.8924728e-05,1.8924728e-05,0.9999589,d
test_2158.jpg,0.0022334957,0.9010564,0.09497064,0.001739448,b
test_2159.jpg,0.07093894,0.0552473,0.86421317,0.009600542,c
test_2160.jpg,0.00048490742,0.0001389283,0.99346876,0.005907381,c
test_2161.jpg,0.9912881,0.0019136362,0.005894414,0.00090393773,a
test_2162.jpg,0.0011682763,0.00042978488,0.0006253332,0.9977767,d
test_2163.jpg,8.9396135e-06,3.500803e-06,0.99998176,5.771848e-06,c
test_2164.jpg,0.00043025104,0.0005524533,0.0001582805,0.9988589,d
test_2165.jpg,6.962196e-06,4.2227853e-06,0.9999844,4.4951316e-06,c
test_2166.jpg,0.00043043678,0.00013974236,0.9992901,0.00013974236,c
test_2167.jpg,0.022532322,0.012060682,0.45257375,0.51283324,d
test_2168.jpg,0.0368096,0.008213332,0.0056449347,0.9493321,d
test_2169.jpg,3.1201103e-05,1.8924426e-05,6.9619073e-06,0.9999429,d
test_2170.jpg,0.9989255,0.00026097783,0.00055249006,0.00026097783,a
test_2171.jpg,0.05445498,0.0039447057,0.85181916,0.089781076,c
test_2172.jpg,0.005729401,0.025677394,0.9635371,0.0050561787,c
test_2173.jpg,1.5689295e-05,5.422075e-06,0.99996805,1.0783084e-05,c
test_2174.jpg,0.9978536,0.0001581212,0.0019263106,6.192115e-05,a
test_2175.jpg,6.604314e-05,5.143445e-05,8.480107e-05,0.99979764,d
test_2176.jpg,0.00010887042,8.4788364e-05,0.00015840551,0.99964786,d
test_2177.jpg,0.0075040893,0.008503248,0.0011507894,0.9828418,d
test_2178.jpg,0.9999726,1.0129816e-05,5.0935914e-06,1.221889e-05,a
test_2179.jpg,0.022505956,0.0034514002,0.8445298,0.12951285,c
test_2180.jpg,0.99989283,5.143935e-05,4.0061e-05,1.5688116e-05,a
test_2181.jpg,0.00012338613,2.5863137e-05,4.26411e-05,0.99980813,d
test_2182.jpg,7.4108634e-06,0.99993634,1.0782742e-05,4.5397042e-05,b
test_2183.jpg,1.892483e-05,1.0783043e-05,6.143993e-06,0.99996424,d
test_2184.jpg,4.005802e-05,9.6094205e-05,0.9998185,4.539169e-05,c
test_2185.jpg,0.9999528,1.2218648e-05,1.4738503e-05,2.0145146e-05,a
test_2186.jpg,1.287875e-06,0.99998295,7.88919e-06,7.88919e-06,b
test_2187.jpg,2.1442986e-05,1.6699812e-05,0.999887,7.484338e-05,c
test_2188.jpg,0.9999857,1.0129948e-05,1.7603212e-06,2.4060737e-06,a
test_2189.jpg,0.00015842138,0.99974793,4.5388486e-05,4.8315796e-05,b
test_2190.jpg,0.0021621075,0.0035647128,0.0058772173,0.98839605,d
test_2191.jpg,0.9999969,8.3152617e-07,1.2878929e-06,9.422426e-07,a
test_2192.jpg,0.00012334397,0.0003352837,0.9994666,7.4811906e-05,c
test_2193.jpg,0.0040016323,0.6729711,0.31788906,0.0051381974,b
test_2194.jpg,0.0027914257,0.00022913415,0.9938164,0.0031630998,c
test_2195.jpg,3.3202854e-05,4.5382927e-05,0.99962544,0.00029593386,c
test_2196.jpg,3.5008047e-06,8.939617e-06,0.99998224,5.422152e-06,c
test_2197.jpg,0.00015842268,0.99975616,4.538886e-05,4.0055525e-05,b
test_2198.jpg,0.9995085,8.477654e-05,0.00020336837,0.00020336837,a
test_2199.jpg,2.7534668e-05,1.5688782e-05,0.99993527,2.144402e-05,c
test_2200.jpg,7.484126e-05,3.1198477e-05,0.9998586,3.5352503e-05,c
test_2201.jpg,0.0027983633,0.00048628263,0.00042914288,0.9962863,d
test_2202.jpg,0.00017940572,0.0006261875,5.4715656e-05,0.99913967,d
test_2203.jpg,0.00855311,0.98860514,0.0011575376,0.0016842074,b
test_2204.jpg,0.0001584269,2.7530472e-05,3.119611e-05,0.99978286,d
test_2205.jpg,0.00012337479,0.9997162,0.00010887787,5.1430263e-05,b
test_2206.jpg,0.9998598,2.4297424e-05,0.00010889351,6.961329e-06,a
test_2207.jpg,1.4738854e-05,6.1440687e-06,2.4060519e-06,0.99997663,d
test_2208.jpg,0.9998363,2.7531945e-05,9.609592e-05,4.0058738e-05,a
test_2209.jpg,7.484248e-05,3.535308e-05,1.4737356e-05,0.99987495,d
test_2210.jpg,0.80581665,0.17980202,0.008951815,0.00542955,a
test_2211.jpg,3.2886462e-06,0.9999654,6.962064e-06,2.429999e-05,b
test_2212.jpg,0.99995387,5.093496e-06,2.429971e-05,1.670093e-05,a
test_2213.jpg,0.000996473,0.964362,0.03299865,0.0016429063,b
test_2214.jpg,8.3978775e-06,0.9999685,1.0129774e-05,1.3006888e-05,b
test_2215.jpg,0.0043192585,0.93270004,0.052619338,0.010361362,b
test_2216.jpg,0.99799925,0.0010312303,0.00026073583,0.00070875353,a
test_2217.jpg,0.0021798252,0.00029500725,0.0010296764,0.99649554,d
test_2218.jpg,0.492755,0.010226804,0.0042631663,0.492755,a
test_2219.jpg,0.012016095,0.019811193,0.9545567,0.01361602,c
test_2220.jpg,1.2216878e-05,0.9998079,4.0057595e-05,0.00013981477,b
test_2221.jpg,0.85502994,0.1311231,0.012196346,0.001650596,a
test_2222.jpg,8.397661e-06,1.7777851e-05,0.99994266,3.1201096e-05,c
test_2223.jpg,0.999992,3.7266234e-06,1.8738639e-06,2.4060887e-06,a
test_2224.jpg,0.9996126,5.1424933e-05,0.0002611573,7.482284e-05,a
test_2225.jpg,8.9389205e-06,5.1439936e-05,0.9999043,3.5354118e-05,c
test_2226.jpg,2.1443519e-05,3.5354387e-05,3.1200136e-05,0.9999119,d
test_2227.jpg,0.9981712,0.00023013822,0.00042995482,0.0011687384,a
test_2228.jpg,1.1478562e-05,0.99997056,1.0129795e-05,7.889093e-06,b
test_2229.jpg,0.0001583459,0.00013973977,0.9992716,0.00043042877,c
test_2230.jpg,4.0060768e-05,0.999887,5.143905e-05,2.1442986e-05,b
test_2231.jpg,1.4738884e-05,4.222761e-06,2.4060566e-06,0.99997866,d
test_2232.jpg,7.956152e-05,0.0002302189,0.001169148,0.99852115,d
test_2233.jpg,0.00015842204,5.8280213e-05,3.119515e-05,0.9997521,d
test_2234.jpg,1.47382425e-05,0.99993515,1.47382425e-05,3.535521e-05,b
test_2235.jpg,1.6700933e-05,2.1444423e-05,7.888962e-06,0.999954,d
test_2236.jpg,0.33446956,0.0054061967,0.035252832,0.6248714,d
test_2237.jpg,0.0010232815,0.005888578,0.0027815676,0.9903066,d
test_2238.jpg,0.9999423,1.1478238e-05,3.321338e-05,1.3006547e-05,a
test_2239.jpg,0.99994326,2.4299452e-05,1.2218532e-05,2.0144955e-05,a
test_2240.jpg,2.0144966e-05,2.586665e-05,1.01295245e-05,0.99994385,d
test_2241.jpg,0.14484484,0.015266536,0.006364038,0.8335246,d
test_2242.jpg,0.9999567,2.144448e-05,1.5689118e-05,6.1439464e-06,a
test_2243.jpg,0.00015830054,0.99898535,0.00023032592,0.00062609074,b
test_2244.jpg,0.0024647827,0.99436426,0.0024647827,0.000706172,b
test_2245.jpg,0.11612118,0.0057813334,0.520419,0.3576784,c
test_2246.jpg,1.8738511e-06,8.939644e-06,0.9999852,3.966943e-06,c
test_2247.jpg,0.99970514,3.3205502e-05,5.8277477e-05,0.00020340839,a
test_2248.jpg,0.009181832,0.052837793,0.93657225,0.0014080794,c
test_2249.jpg,0.0016971065,0.0004290957,0.9961767,0.0016971065,c
test_2250.jpg,1.7777596e-05,4.539668e-05,8.39754e-06,0.99992836,d
test_2251.jpg,3.1200674e-05,0.9999291,1.2218358e-05,2.7534497e-05,b
test_2252.jpg,0.9999865,3.5008197e-06,6.1441297e-06,3.726603e-06,a
test_2253.jpg,2.1444046e-05,2.4299286e-05,0.99993646,1.777774e-05,c
test_2254.jpg,5.093559e-06,1.0783065e-05,0.99996626,1.777827e-05,c
test_2255.jpg,0.07570702,0.024578473,0.0857873,0.8139272,d
test_2256.jpg,5.8285263e-05,0.9998387,5.1436567e-05,5.1436567e-05,b
test_2257.jpg,0.99997926,5.422136e-06,7.889161e-06,7.4111813e-06,a
test_2258.jpg,1.0129463e-05,2.2827098e-05,0.9999378,2.9310573e-05,c
test_2259.jpg,5.0936046e-06,1.2218922e-05,7.4111513e-06,0.9999752,d
test_2260.jpg,0.0504471,0.61457145,0.006025047,0.32895643,b
test_2261.jpg,0.66598105,0.2776222,0.013821995,0.04257474,a
test_2262.jpg,1.01297055e-05,1.6701062e-05,0.99996173,1.1478461e-05,c
test_2263.jpg,0.96651214,0.008361968,0.022730187,0.0023957442,a
test_2264.jpg,0.00013980898,5.8281053e-05,0.9997665,3.5349247e-05,c
test_2265.jpg,1.2999883e-05,0.000295876,0.0002611096,0.99943,d
test_2266.jpg,0.005888468,0.0019117058,0.0019117058,0.99028814,d
test_2267.jpg,1.7603377e-06,2.2603183e-06,8.315247e-07,0.9999951,d
test_2268.jpg,0.987512,0.00090049434,0.009681227,0.0019063465,a
test_2269.jpg,2.7535381e-05,6.1439737e-06,5.093533e-06,0.99996114,d
test_2270.jpg,0.041709904,0.008213167,0.0007639435,0.949313,d
test_2271.jpg,0.9925684,0.006687873,0.00025931696,0.00048446792,a
test_2272.jpg,0.009506408,0.020125065,0.00068864186,0.96967995,d
test_2273.jpg,0.05934652,0.63803524,0.30138654,0.0012316979,b
test_2274.jpg,0.9999021,3.3212047e-05,2.9309529e-05,3.535404e-05,a
test_2275.jpg,3.53539e-05,3.1199706e-05,0.9998981,3.53539e-05,c
test_2276.jpg,1.5534703e-06,0.9999807,4.7850253e-06,1.3007047e-05,b
test_2277.jpg,0.9999112,3.1200114e-05,4.53959e-05,1.221814e-05,a
test_2278.jpg,3.0894664e-06,3.2887199e-06,0.99998784,5.771883e-06,c
test_2279.jpg,0.99999785,1.0677018e-06,4.4508425e-07,6.083581e-07,a
test_2280.jpg,0.9402749,0.009218131,0.028393842,0.022113146,a
test_2281.jpg,0.9999113,2.4298675e-05,4.5395904e-05,1.8923827e-05,a
test_2282.jpg,0.0075622946,0.0014891041,0.99046516,0.00048344137,c
test_2283.jpg,0.0050330944,0.001442006,0.8464364,0.14708859,c
test_2284.jpg,1.37094e-06,0.99998605,2.4060744e-06,1.0129952e-05,b
test_2285.jpg,0.010222393,0.0029287646,0.92019045,0.06665838,c
test_2286.jpg,2.9305385e-05,0.00015842341,0.9997608,5.143256e-05,c
test_2287.jpg,0.8613146,0.03339679,0.10286936,0.0024192554,a
test_2288.jpg,0.0018785394,0.9731075,0.022885295,0.002128664,b
test_2289.jpg,6.604866e-05,3.1199183e-05,0.99988127,2.1442862e-05,c
test_2290.jpg,0.99808794,9.5927884e-05,0.00011571112,0.0017003625,a
test_2291.jpg,7.409737e-06,0.9997844,8.479995e-05,0.0001233832,b
test_2292.jpg,0.00013980444,7.483192e-05,0.999734,5.1431176e-05,c
test_2293.jpg,7.411227e-06,2.406073e-06,0.99998546,4.785048e-06,c
test_2294.jpg,1.1478471e-05,1.3006811e-05,0.99996257,1.3006811e-05,c
test_2295.jpg,0.51895255,0.01567101,0.45797402,0.0074024606,a
test_2296.jpg,0.0059021427,0.00048447744,0.99258786,0.0010256387,c
test_2297.jpg,0.3774269,0.06558696,0.5491529,0.007833245,c
test_2298.jpg,0.7271039,0.2674866,0.0020422854,0.0033671593,a
test_2299.jpg,8.397972e-06,5.422138e-06,6.5403474e-06,0.99997973,d
test_2300.jpg,5.4220186e-06,3.1201565e-05,0.9999577,5.771709e-06,c
test_2301.jpg,0.0002958998,0.9995104,8.477671e-05,0.000108855456,b
test_2302.jpg,0.99955493,0.00023045726,0.0001397794,7.481853e-05,a
test_2303.jpg,0.00048722673,0.0010314588,0.00026079363,0.9982205,d
test_2304.jpg,2.726402e-06,0.9999722,8.397909e-06,1.6701237e-05,b
test_2305.jpg,0.00010887302,0.9996717,9.60801e-05,0.00012336929,b
test_2306.jpg,0.37284887,0.32903796,0.290375,0.007738231,a
test_2307.jpg,0.9998522,5.828605e-05,3.1198273e-05,5.828605e-05,a
test_2308.jpg,1.3006286e-05,0.9999223,3.5354755e-05,2.931012e-05,b
test_2309.jpg,0.009461799,0.002710851,0.022697676,0.9651297,d
test_2310.jpg,0.15448913,0.78456056,0.05683338,0.004116996,b
test_2311.jpg,5.8273057e-05,0.9996294,0.00020339296,0.000108868415,b
test_2312.jpg,0.99996305,8.397832e-06,2.2827675e-05,5.77174e-06,a
test_2313.jpg,0.9991897,0.00029580484,0.0001794147,0.0003351908,a
test_2314.jpg,1.4738801e-05,7.4111354e-06,0.99997306,4.784989e-06,c
test_2315.jpg,0.9997427,9.608692e-05,0.00013980565,2.143989e-05,a
test_2316.jpg,0.0007094838,0.00013970565,0.9990276,0.00012328979,c
test_2317.jpg,8.939259e-06,3.1201078e-05,1.777784e-05,0.99994206,d
test_2318.jpg,0.0018664077,0.9668231,0.0021149172,0.029195528,b
test_2319.jpg,0.0057995175,0.0010078051,0.017863773,0.9753289,d
test_2320.jpg,3.966944e-06,4.785048e-06,0.99998546,5.771869e-06,c
test_2321.jpg,3.119386e-05,0.99971074,2.7528486e-05,0.00023049317,b
test_2322.jpg,4.0054892e-05,0.00017951359,4.0054892e-05,0.9997404,d
test_2323.jpg,0.0013174758,0.005210718,0.9929871,0.00048467232,c
test_2324.jpg,0.9999653,1.7778253e-05,1.0783055e-05,6.143999e-06,a
test_2325.jpg,0.00080382347,0.00012327032,0.00020323839,0.9988697,d
test_2326.jpg,0.036464635,0.39203173,0.5033787,0.0681249,c
test_2327.jpg,1.01298265e-05,1.2218903e-05,3.966897e-06,0.99997365,d
test_2328.jpg,0.0078485925,0.17863312,0.8005781,0.0129401395,c
test_2329.jpg,6.1441456e-06,2.4060819e-06,2.2603049e-06,0.99998915,d
test_2330.jpg,0.08918017,0.4528943,0.0050312015,0.4528943,b
test_2331.jpg,0.0031661065,0.0016946947,0.00037813748,0.99476105,d
test_2332.jpg,0.00026111503,0.00020335661,0.99945074,8.4771644e-05,c
test_2333.jpg,0.0007090822,0.9984621,0.00020315545,0.0006257628,b
test_2334.jpg,1.30063345e-05,1.5688636e-05,0.999926,4.539657e-05,c
test_2335.jpg,0.00055051286,0.9953506,0.0021773207,0.0019214788,b
test_2336.jpg,1.6699712e-05,0.9998809,2.7533171e-05,7.484292e-05,b
test_2337.jpg,0.11815041,0.87302005,0.00666559,0.0021640004,b
test_2338.jpg,0.9999931,2.4060914e-06,3.2887372e-06,1.2098587e-06,a
test_2339.jpg,0.02982036,0.2829277,0.67870826,0.008543676,c
test_2340.jpg,7.48405e-05,0.9998485,3.119816e-05,4.539305e-05,b
test_2341.jpg,0.0013248578,6.596079e-05,5.8210193e-05,0.99855095,d
test_2342.jpg,3.0894712e-06,2.1233604e-06,0.9999894,5.4221905e-06,c
test_2343.jpg,1.8924977e-05,6.1440405e-06,2.9022392e-06,0.999972,d
test_2344.jpg,0.066193596,0.003295585,0.91377443,0.016736362,c
test_2345.jpg,0.9999293,1.1478089e-05,4.5396722e-05,1.3845218e-05,a
test_2346.jpg,0.9999757,8.397938e-06,8.939559e-06,6.9621356e-06,a
test_2347.jpg,0.0058978377,0.99186385,0.0005485844,0.001689759,b
test_2348.jpg,0.007290863,0.03702606,0.9549146,0.0007684513,c
test_2349.jpg,0.012400584,0.0014810385,0.0010179019,0.98510045,d
test_2350.jpg,5.8289417e-05,7.410668e-06,0.99991,2.4298644e-05,c
test_2351.jpg,7.888891e-06,2.4299496e-05,0.99994504,2.2827264e-05,c
test_2352.jpg,0.0071988106,0.04694214,0.94285816,0.0030009109,c
test_2353.jpg,0.12992635,0.007329943,0.8472262,0.01551749,c
test_2354.jpg,0.51315826,0.45286056,0.028950408,0.0050308267,a
test_2355.jpg,0.00012337828,6.603963e-05,0.9997446,6.603963e-05,c
test_2356.jpg,0.0003325494,0.0058945785,0.0024572262,0.9913157,d
test_2357.jpg,0.00013979893,0.00013979893,2.58602e-05,0.9996946,d
test_2358.jpg,1.4738754e-05,6.9620946e-06,0.99996984,8.397889e-06,c
test_2359.jpg,0.0028001922,0.00012303184,0.00013941336,0.9969374,d
test_2360.jpg,4.222824e-06,1.3709503e-06,7.8114397e-07,0.99999356,d
test_2361.jpg,7.88903e-06,2.4299925e-05,5.093541e-06,0.9999627,d
test_2362.jpg,0.9994529,0.00015837462,0.00015837462,0.00023043372,a
test_2363.jpg,1.7603056e-06,0.9999769,8.397948e-06,1.3006997e-05,b
test_2364.jpg,0.99863064,0.00015824432,0.00017931432,0.0010318826,a
test_2365.jpg,1.38455525e-05,8.397752e-06,0.9999535,2.4299701e-05,c
test_2366.jpg,0.999995,8.8515327e-07,2.561276e-06,1.6536841e-06,a
test_2367.jpg,0.9996666,0.00010887246,0.00013979501,8.478995e-05,a
test_2368.jpg,0.876169,0.006689633,0.10464347,0.01249788,a
test_2369.jpg,5.1426512e-05,0.00023047763,7.482514e-05,0.9996433,d
test_2370.jpg,0.0004811637,0.0027689058,0.010951236,0.9857987,d
test_2371.jpg,0.0050769323,0.0016482387,0.96749204,0.02578279,c
test_2372.jpg,2.5612364e-06,1.4738898e-05,0.9999796,3.089441e-06,c
test_2373.jpg,0.23094375,0.55400527,0.14007448,0.07497646,b
test_2374.jpg,2.1233748e-06,7.81146e-07,8.3152554e-07,0.9999962,d
test_2375.jpg,0.0074279904,0.017818822,0.21707769,0.7576756,d
test_2376.jpg,6.540228e-06,0.9999615,1.8924777e-05,1.30067965e-05,b
test_2377.jpg,4.0063183e-05,7.888909e-06,4.7848657e-06,0.9999473,d
test_2378.jpg,1.0129928e-05,2.406069e-06,0.9999838,3.7265927e-06,c
test_2379.jpg,0.00080350245,0.00029559206,0.00043008386,0.99847084,d
test_2380.jpg,0.9858898,0.0005452802,0.0124105215,0.0011543583,a
test_2381.jpg,5.0936765e-06,4.2228057e-06,1.4593627e-06,0.9999893,d
test_2382.jpg,0.0019229634,0.0002602448,0.99611974,0.0016970094,c
test_2383.jpg,7.889107e-06,1.22188885e-05,0.99997246,7.411131e-06,c
test_2384.jpg,0.993436,0.00042791513,0.005907186,0.00022904646,a
test_2385.jpg,0.00029543677,0.0017001212,0.9979463,5.8174945e-05,c
test_2386.jpg,0.03687911,0.002671514,0.0093245,0.95112485,d
test_2387.jpg,0.0035878043,0.99479866,0.0007064805,0.000907139,b
test_2388.jpg,0.73375386,0.009236598,0.1125248,0.1444847,a
test_2389.jpg,0.0024146445,0.00053878,0.022909509,0.97413707,d
test_2390.jpg,0.0009104362,0.0003795263,0.9984145,0.0002955754,c
test_2391.jpg,0.002177035,0.0009075232,0.99522,0.0016954767,c
test_2392.jpg,0.99997604,2.5612273e-06,8.397941e-06,1.3006986e-05,a
test_2393.jpg,0.9446884,0.00160939,0.028527118,0.025175093,a
test_2394.jpg,1.8924267e-05,1.8924267e-05,0.99993455,2.7534648e-05,c
test_2395.jpg,1.3843915e-05,0.99983525,2.7531914e-05,0.00012338947,b
test_2396.jpg,0.00029591148,9.606838e-05,5.8268422e-05,0.9995498,d
test_2397.jpg,0.014901044,0.05893477,0.004269221,0.92189497,d
test_2398.jpg,0.97489583,0.002132576,0.0027382819,0.020233316,a
test_2399.jpg,0.99999857,2.873682e-07,4.181183e-07,6.4759433e-07,a
test_2400.jpg,0.512426,0.4522144,0.0289091,0.006450492,a
test_2401.jpg,3.2883338e-06,5.1438197e-05,7.484214e-05,0.9998704,d
test_2402.jpg,0.00015837178,0.9994349,0.0002033534,0.0002033534,b
test_2403.jpg,0.07513396,0.008973472,0.91531897,0.0005736548,c
test_2404.jpg,0.15239637,0.030008625,0.77393264,0.043662295,c
test_2405.jpg,0.9999865,6.1441297e-06,1.5534794e-06,5.7718753e-06,a
test_2406.jpg,4.0057643e-05,0.00012338624,0.9998091,2.7531194e-05,c
test_2407.jpg,0.00012338911,3.535157e-05,8.9382775e-06,0.9998323,d
test_2408.jpg,0.00033521443,0.9992601,0.0001088282,0.0002958257,b
test_2409.jpg,1.8738505e-06,0.99998486,7.889205e-06,5.422166e-06,b
test_2410.jpg,2.4299e-05,1.5688614e-05,0.99992466,3.535484e-05,c
test_2411.jpg,2.2603078e-06,0.99999046,3.2887285e-06,3.966964e-06,b
test_2412.jpg,0.9888911,0.005880161,0.002451216,0.0027775918,a
test_2413.jpg,2.9022754e-06,0.9999844,5.771863e-06,6.962196e-06,b
test_2414.jpg,0.0014758083,0.012356792,0.98162156,0.00454581,c
test_2415.jpg,0.0023032783,0.49736962,0.0029574677,0.49736962,b
test_2416.jpg,0.9997764,2.9305844e-05,0.00017952005,1.4735903e-05,a
test_2417.jpg,0.99995446,1.2218668e-05,2.5866922e-05,7.4109976e-06,a
test_2418.jpg,1.1478449e-05,8.939424e-06,0.99996066,1.8924762e-05,c
test_2419.jpg,9.595292e-05,5.4672324e-05,0.9983485,0.0015009561,c
test_2420.jpg,0.9995407,7.481746e-05,0.00026113854,0.00012335311,a
test_2421.jpg,0.9997106,0.00012337409,0.00012337409,4.2636944e-05,a
test_2422.jpg,2.4299481e-05,0.99994445,6.961918e-06,2.4299481e-05,b
test_2423.jpg,0.89494693,0.006030105,0.09432671,0.0046962504,a
test_2424.jpg,0.99993026,2.1443913e-05,1.8924185e-05,2.9310353e-05,a
test_2425.jpg,4.4951125e-06,7.411188e-06,7.889168e-06,0.9999802,d
test_2426.jpg,9.6017015e-05,0.00080394064,0.99901533,8.473472e-05,c
test_2427.jpg,3.120062e-05,2.7534452e-05,1.38451915e-05,0.9999274,d
test_2428.jpg,8.4801504e-05,3.7630438e-05,7.483707e-05,0.99980277,d
test_2429.jpg,7.482646e-05,0.00017949933,8.478948e-05,0.99966097,d
test_2430.jpg,0.0016983144,0.0007079627,0.9968857,0.0007079627,c
test_2431.jpg,0.9998747,1.3844462e-05,6.604823e-05,4.5394245e-05,a
test_2432.jpg,0.015596007,0.9648908,0.0073670316,0.012146182,b
test_2433.jpg,0.0010291396,0.0014973893,0.99597603,0.0014973893,c
test_2434.jpg,3.5354627e-05,0.9999187,3.120035e-05,1.4738001e-05,b
test_2435.jpg,0.00013973666,0.9992493,5.8250902e-05,0.00055266917,b
test_2436.jpg,0.117607966,0.010939245,0.0024408756,0.8690119,d
test_2437.jpg,0.0041142977,0.0013357168,0.106109135,0.88844085,d
test_2438.jpg,0.9999858,4.495138e-06,5.771871e-06,3.9669453e-06,a
test_2439.jpg,1.8924096e-05,2.429902e-05,3.120056e-05,0.9999255,d
test_2440.jpg,0.00023040202,0.00015835284,0.9993154,0.00029584207,c
test_2441.jpg,2.4299128e-05,0.9999299,2.1443906e-05,2.4299128e-05,b
test_2442.jpg,0.0036812972,0.17737482,0.02400507,0.79493874,d
test_2443.jpg,0.00517387,0.98596513,0.008530269,0.00033075444,b
test_2444.jpg,0.99990106,8.397311e-06,1.5688245e-05,7.484443e-05,a
test_2445.jpg,0.0004877166,0.00020331051,8.475243e-05,0.9992242,d
test_2446.jpg,0.9062126,0.06564582,0.02736525,0.00077629235,a
test_2447.jpg,0.010966513,0.0014841561,0.98717403,0.00037525344,c
test_2448.jpg,0.002438831,0.9838945,0.009645763,0.004020952,b
test_2449.jpg,0.011805124,0.041203927,0.0091938395,0.93779707,d
test_2450.jpg,0.0035603906,0.00070108246,0.9871976,0.008540933,c
test_2451.jpg,1.3006904e-05,8.939505e-06,0.9999697,8.3978875e-06,c
test_2452.jpg,0.07321467,0.8919373,0.016336402,0.018511567,b
test_2453.jpg,0.017854743,0.40637207,0.40637207,0.16940108,b
test_2454.jpg,3.120072e-05,1.6700542e-05,2.144392e-05,0.9999306,d
test_2455.jpg,1.7603314e-06,5.4222023e-06,1.287886e-06,0.99999154,d
test_2456.jpg,1.670134e-05,3.0894373e-06,1.7603084e-06,0.9999784,d
test_2457.jpg,1.136547e-06,1.3007091e-05,1.7603185e-06,0.99998415,d
test_2458.jpg,0.021444147,0.38010663,0.5530519,0.045397263,c
test_2459.jpg,0.015649587,0.01218791,0.0039568353,0.96820563,d
test_2460.jpg,0.99977404,0.00015842551,4.005624e-05,2.7530228e-05,a
test_2461.jpg,3.500762e-06,0.9999701,7.411113e-06,1.892494e-05,b
test_2462.jpg,0.99813074,0.0005520505,0.0011686909,0.00014858237,a
test_2463.jpg,0.9999896,2.9022906e-06,4.2228075e-06,3.2887258e-06,a
test_2464.jpg,0.9966978,0.0016979942,0.0008020756,0.0008020756,a
test_2465.jpg,0.9930575,0.0013175693,0.001026124,0.004598769,a
test_2466.jpg,0.9997937,9.6091826e-05,7.48364e-05,3.5350207e-05,a
test_2467.jpg,0.0057267067,0.0021067378,0.963084,0.029082617,c
test_2468.jpg,0.0008036526,5.1375795e-05,0.99865746,0.00048744,c
test_2469.jpg,0.9999982,4.7378992e-07,8.3152725e-07,4.4508442e-07,a
test_2470.jpg,4.0060128e-05,0.999871,2.2825574e-05,6.6047985e-05,b
test_2471.jpg,0.99986506,3.1198677e-05,1.8922952e-05,8.480679e-05,a
test_2472.jpg,0.9858709,0.012410283,0.0010186981,0.00070014026,a
test_2473.jpg,0.07435187,0.003266793,0.90579116,0.016590144,c
test_2474.jpg,0.0018684035,0.004482067,0.025792515,0.96785694,d
test_2475.jpg,0.00023045835,0.9995597,5.1422212e-05,0.00015839156,b
test_2476.jpg,0.0021656263,0.0011591762,0.9900046,0.0066705984,c
test_2477.jpg,9.02684e-05,0.9997769,4.2639767e-05,9.02684e-05,b
test_2478.jpg,0.9915691,0.0002590559,0.00668114,0.0014907637,a
test_2479.jpg,0.008575228,0.00020167003,6.150588e-05,0.9911616,d
test_2480.jpg,0.9999956,1.8738706e-06,1.3709531e-06,1.1365601e-06,a
test_2481.jpg,0.0007844733,0.022925671,0.001465589,0.9748243,d
test_2482.jpg,5.7718985e-06,1.7603297e-06,1.8738613e-06,0.9999906,d
test_2483.jpg,0.00010885924,8.4779655e-05,0.99954516,0.0002611397,c
test_2484.jpg,0.999683,0.00010887425,0.00012337069,8.479135e-05,a
test_2485.jpg,2.4060382e-06,0.99997103,5.0935837e-06,2.1444786e-05,b
test_2486.jpg,0.998338,0.0010315803,0.00033490508,0.00029555272,a
test_2487.jpg,0.9996841,4.5385586e-05,4.0052637e-05,0.00023048703,a
test_2488.jpg,0.00033531716,4.0047922e-05,0.9995664,5.8269386e-05,c
test_2489.jpg,4.0062525e-05,0.99993086,1.0129393e-05,1.8924198e-05,b
test_2490.jpg,0.00048776052,0.00012332517,0.9993142,7.4800504e-05,c
test_2491.jpg,2.4060887e-06,0.999992,1.8738639e-06,3.7266234e-06,b
test_2492.jpg,0.00020336667,0.99950016,6.602349e-05,0.00023044462,b
test_2493.jpg,5.8257232e-05,3.118285e-05,0.9993579,0.00055272924,c
test_2494.jpg,0.99999404,1.4593696e-06,2.5612735e-06,1.994722e-06,a
test_2495.jpg,0.04197123,0.0020896245,0.95526075,0.00067840173,c
test_2496.jpg,0.008554793,0.0021629904,0.98879963,0.0004826284,c
test_2497.jpg,0.00012338148,6.604135e-05,0.9997706,4.00561e-05,c
test_2498.jpg,0.0012942423,0.022940995,0.9754759,0.0002887845,c
test_2499.jpg,2.4299185e-05,0.9999323,1.2218397e-05,3.1200772e-05,b
test_2500.jpg,0.00013978948,0.00015840221,0.999627,7.482392e-05,c
test_2501.jpg,0.00029591378,0.00010886059,3.7621212e-05,0.99955755,d
test_2502.jpg,5.0936737e-06,1.8738579e-06,0.9999888,4.222804e-06,c
test_2503.jpg,0.00012336316,9.607534e-05,0.9996221,0.00015840144,c
test_2504.jpg,4.2226716e-06,0.99995744,1.0782969e-05,2.753528e-05,b
test_2505.jpg,0.017343737,0.06053559,0.65081894,0.2713017,c
test_2506.jpg,0.066370636,0.80855983,0.123996675,0.0010727814,b
test_2507.jpg,0.99998856,2.7264466e-06,4.4951503e-06,4.222803e-06,a
test_2508.jpg,2.586603e-05,1.892399e-05,0.9999199,3.5354667e-05,c
test_2509.jpg,8.397933e-06,1.3006974e-05,3.5007795e-06,0.9999751,d
test_2510.jpg,0.3360384,0.05153316,0.5540337,0.05839472,c
test_2511.jpg,2.5866093e-05,2.5866093e-05,0.9999224,2.5866093e-05,c
test_2512.jpg,0.008521941,0.98500234,0.0013068818,0.005168818,b
test_2513.jpg,8.3152725e-07,5.368743e-07,3.2563077e-07,0.9999982,d
test_2514.jpg,0.9999932,3.500843e-06,1.2878882e-06,1.9947202e-06,a
test_2515.jpg,0.025610846,0.009421704,0.9610399,0.0039275507,c
test_2516.jpg,0.00033529408,5.8265374e-05,0.99949753,0.00010885405,c
test_2517.jpg,0.9999366,2.014482e-05,2.429929e-05,1.8924306e-05,a
test_2518.jpg,0.04200945,0.9561307,0.0009879676,0.00087187835,b
test_2519.jpg,0.00026104948,0.9991998,0.00010882162,0.00043039786,b
test_2520.jpg,1.6700706e-05,0.9999404,2.144413e-05,2.144413e-05,b
test_2521.jpg,6.60494e-05,0.99989235,2.0143929e-05,2.14431e-05,b
test_2522.jpg,4.539568e-05,4.539568e-05,2.7262226e-06,0.9999064,d
test_2523.jpg,0.0005442174,0.0109308995,0.004556677,0.98396814,d
test_2524.jpg,0.00015841876,3.5348003e-05,0.99973136,7.4831725e-05,c
test_2525.jpg,0.0071152104,0.059574928,0.0014010681,0.9319087,d
test_2526.jpg,0.9963754,0.00042918127,0.0014979898,0.001697445,a
test_2527.jpg,0.00405194,0.0013154722,0.99147695,0.003155654,c
test_2528.jpg,6.0835237e-07,0.99998844,3.0894682e-06,7.8892335e-06,b
test_2529.jpg,0.0019237803,0.0009087295,0.9965429,0.00062456,c
test_2530.jpg,1.1478539e-05,1.3006888e-05,6.9620855e-06,0.9999685,d
test_2531.jpg,7.483667e-05,1.8921672e-05,0.00010888671,0.9997974,d
test_2532.jpg,2.144404e-05,1.4738259e-05,0.9999362,2.7534696e-05,c
test_2533.jpg,0.0040369215,0.0006190819,0.9878021,0.0075419615,c
test_2534.jpg,2.1444259e-05,1.078285e-05,2.1444259e-05,0.99994636,d
test_2535.jpg,0.7646752,0.009625841,0.006615737,0.21908313,a
test_2536.jpg,0.00080381444,0.9988586,0.00017935524,0.00015828044,b
test_2537.jpg,0.7416474,0.24077767,0.009335964,0.008238959,a
test_2538.jpg,6.540269e-06,0.9999678,8.939489e-06,1.6701162e-05,b
test_2539.jpg,0.00013977643,0.9995338,0.00023045237,9.606684e-05,b
test_2540.jpg,0.0002032712,0.00013970611,0.99903095,0.0006261193,c
test_2541.jpg,1.1478685e-05,3.7265834e-06,3.5008013e-06,0.9999813,d
test_2542.jpg,1.8923814e-05,0.9999106,1.8923814e-05,5.1440264e-05,b
test_2543.jpg,4.222815e-06,2.1233648e-06,0.9999914,2.26031e-06,c
test_2544.jpg,0.0001233675,0.0001233675,0.9996573,9.6078715e-05,c
test_2545.jpg,0.99872094,0.00070926605,0.0004301916,0.00013966278,a
test_2546.jpg,8.3980185e-06,2.1233516e-06,4.222789e-06,0.9999852,d
test_2547.jpg,5.0934755e-06,0.9999498,5.0934755e-06,4.006328e-05,b
test_2548.jpg,0.0035679135,0.00666574,0.98928356,0.00048286462,c
test_2549.jpg,0.9996717,9.60801e-05,0.00012336929,0.00010887302,a
test_2550.jpg,8.3970035e-06,9.6098614e-05,0.99986434,3.1198655e-05,c
test_2551.jpg,0.037759464,0.022902273,0.07993678,0.85940146,d
test_2552.jpg,1.0129868e-05,6.9621506e-06,0.9999778,5.0936183e-06,c
test_2553.jpg,4.222705e-06,0.9999653,6.143999e-06,2.4299989e-05,b
test_2554.jpg,0.9999174,2.7534175e-05,2.7534175e-05,2.7534175e-05,a
test_2555.jpg,5.82876e-05,2.7533113e-05,0.99987876,3.5353216e-05,c
test_2556.jpg,0.2919217,0.006058642,0.7002838,0.0017358301,c
test_2557.jpg,0.97788393,0.0016659426,0.009586837,0.01086331,a
test_2558.jpg,0.010712831,0.0023903558,0.58490074,0.40199602,c
test_2559.jpg,9.609557e-05,3.1197666e-05,0.99983263,4.005859e-05,c
test_2560.jpg,0.16411008,0.8334198,0.0016088787,0.0008611707,b
test_2561.jpg,5.77163e-06,1.0129526e-05,0.9999441,4.0063052e-05,c
test_2562.jpg,0.6907996,0.018409185,0.00282314,0.2879681,a
test_2563.jpg,0.010963831,0.0013094428,0.9869326,0.0007942172,c
test_2564.jpg,5.8288555e-05,1.8923523e-05,2.7533566e-05,0.9998952,d
test_2565.jpg,0.9989641,0.00012328196,0.0007094387,0.00020325759,a
test_2566.jpg,0.98461306,0.0035510692,0.010938064,0.0008978509,a
test_2567.jpg,0.9999931,2.2603137e-06,1.5534896e-06,3.0894826e-06,a
test_2568.jpg,0.000108862914,0.9995789,0.00020338269,0.000108862914,b
test_2569.jpg,0.06053559,0.65081894,0.2713017,0.017343737,b
test_2570.jpg,2.7535243e-05,4.222666e-06,1.2218689e-05,0.99995613,d
test_2571.jpg,0.018092314,0.1945107,0.018092314,0.76930475,d
test_2572.jpg,3.2886937e-06,0.99997985,8.939596e-06,7.889165e-06,b
test_2573.jpg,0.9999839,6.5403747e-06,4.785041e-06,4.785041e-06,a
test_2574.jpg,0.9995499,0.0002033768,0.00012335426,0.00012335426,a
test_2575.jpg,0.99999666,6.8935924e-07,1.8738726e-06,7.8114635e-07,a
test_2576.jpg,0.9999684,1.6701173e-05,3.5007563e-06,1.1478537e-05,a
test_2577.jpg,7.481713e-05,0.00015838785,0.9995364,0.00023045296,c
test_2578.jpg,0.6427635,0.20867474,0.021994157,0.12656763,a
test_2579.jpg,0.007248801,0.14559606,0.009307645,0.83784753,d
test_2580.jpg,0.001915642,0.99232703,0.0011618955,0.0045953863,b
test_2581.jpg,0.6048374,0.0076137795,0.36685243,0.020696398,a
test_2582.jpg,0.99738353,0.0021817677,0.00029527015,0.00013947574,a
test_2583.jpg,7.410947e-06,0.99994767,9.515844e-06,3.535565e-05,b
test_2584.jpg,0.010846669,0.012290885,0.00047656937,0.97638595,d
test_2585.jpg,7.481556e-05,0.00017947317,0.9995153,0.0002304481,c
test_2586.jpg,2.4060876e-06,3.5008372e-06,0.99999154,2.5612671e-06,c
test_2587.jpg,0.003167626,0.0011653043,0.9952384,0.00042869154,c
test_2588.jpg,0.00061520946,0.9816233,0.015866462,0.0018949787,b
test_2589.jpg,0.39663476,0.57710016,0.0038884704,0.0223766,b
test_2590.jpg,0.00441137,0.39709887,0.509885,0.088604726,c
test_2591.jpg,8.480767e-05,2.753302e-05,1.2217703e-05,0.9998754,d
test_2592.jpg,3.5008125e-06,1.0129936e-05,1.8738499e-06,0.9999845,d
test_2593.jpg,5.1437233e-05,0.9998517,4.53932e-05,5.1437233e-05,b
test_2594.jpg,0.00012337067,8.479133e-05,0.000108874236,0.9996829,d
test_2595.jpg,0.0003843987,0.047295965,0.0023547276,0.9499649,d
test_2596.jpg,0.02388209,0.00878573,0.17646609,0.79086614,d
test_2597.jpg,9.606073e-05,0.9994702,0.0002304377,0.00020336057,b
test_2598.jpg,0.00091010454,0.00048714387,0.9980508,0.0005520063,c
test_2599.jpg,1.2216738e-05,0.99979645,0.00013981317,5.143439e-05,b
test_2600.jpg,0.994038,0.00037786263,0.0027920483,0.0027920483,a
test_2601.jpg,0.0016941224,0.0035864569,0.99442506,0.00029439433,c
test_2602.jpg,0.00023043636,0.00023043636,7.481174e-05,0.99946433,d
test_2603.jpg,0.0060373973,0.47960988,0.47960988,0.034742825,b
test_2604.jpg,2.14447e-05,7.889064e-06,3.7265302e-06,0.999967,d
test_2605.jpg,1.6701119e-05,1.3006845e-05,5.0935537e-06,0.9999652,d
test_2606.jpg,6.604494e-05,1.300502e-05,0.99982494,9.6094824e-05,c
test_2607.jpg,0.9998647,1.7776465e-05,7.484171e-05,4.2643514e-05,a
test_2608.jpg,0.00026115892,0.99961865,4.5382618e-05,7.482329e-05,b
test_2609.jpg,8.397846e-06,1.2218794e-05,0.9999647,1.4738678e-05,c
test_2610.jpg,0.99981993,2.1441547e-05,0.00012338758,3.5351135e-05,a
test_2611.jpg,0.003867549,0.047116388,0.94635797,0.002658125,c
test_2612.jpg,1.0783151e-05,9.516098e-06,5.4221086e-06,0.99997425,d
test_2613.jpg,0.0001398065,6.603991e-05,0.99974877,4.5388526e-05,c
test_2614.jpg,0.9999068,3.5354205e-05,3.7634356e-05,2.014422e-05,a
test_2615.jpg,5.1440526e-05,0.9999157,2.14436e-05,1.1477932e-05,b
test_2616.jpg,0.000621535,0.0024582187,0.005204049,0.9917162,d
test_2617.jpg,0.9920853,0.0016901363,0.0021701779,0.0040544257,a
test_2618.jpg,2.1444577e-05,1.384566e-05,3.500731e-06,0.99996126,d
test_2619.jpg,9.556892e-05,0.99435306,0.00033356828,0.005217886,b
test_2620.jpg,1.2218971e-05,6.96216e-06,1.5534681e-06,0.99997926,d
test_2621.jpg,0.009477865,0.0065140342,0.13083789,0.85317016,d
test_2622.jpg,4.539305e-05,0.9998485,4.0059225e-05,6.60465e-05,b
test_2623.jpg,0.99999297,2.7264587e-06,2.2603135e-06,1.9947197e-06,a
test_2624.jpg,0.0057375617,0.8515297,0.13058631,0.012146418,b
test_2625.jpg,0.000230351,0.00029577655,0.9990941,0.00037978461,c
test_2626.jpg,0.88429296,0.082252055,0.026703333,0.0067516593,a
test_2627.jpg,0.053305183,0.00097631844,0.000861598,0.94485694,d
test_2628.jpg,1.22157035e-05,1.4734951e-05,0.00026118325,0.9997118,d
test_2629.jpg,7.889144e-06,6.540331e-06,0.99997723,8.397951e-06,c
test_2630.jpg,1.3709555e-06,5.3687387e-07,6.083578e-07,0.9999974,d
test_2631.jpg,2.9023058e-06,1.2878903e-06,8.8515316e-07,0.9999949,d
test_2632.jpg,2.4297922e-05,0.9998803,2.930889e-05,6.6048604e-05,b
test_2633.jpg,0.100459576,0.578105,0.011998186,0.3094373,b
test_2634.jpg,5.1435203e-05,0.9998123,5.1435203e-05,8.480231e-05,b
test_2635.jpg,0.53961337,0.12040403,0.32729208,0.012690491,a
test_2636.jpg,0.99736506,0.00015804378,0.00029526468,0.0021817272,a
test_2637.jpg,7.484163e-05,0.9998636,4.005983e-05,2.1442484e-05,b
test_2638.jpg,3.5353107e-05,6.604829e-05,0.99987566,2.2825681e-05,c
test_2639.jpg,0.99996364,1.6701093e-05,9.515997e-06,1.0129725e-05,a
test_2640.jpg,8.4797764e-05,0.99975866,1.669767e-05,0.00013980789,b
test_2641.jpg,2.7264325e-06,1.0129925e-05,0.99998343,3.7265913e-06,c
test_2642.jpg,3.966917e-06,8.939585e-06,8.397963e-06,0.99997866,d
test_2643.jpg,0.9996358,0.0001397907,0.0001584036,6.603245e-05,a
test_2644.jpg,0.253315,0.4732547,0.049880676,0.2235497,b
test_2645.jpg,0.0006150544,0.002146751,0.9813758,0.015862463,c
test_2646.jpg,0.00020331728,0.9992574,0.00043042266,0.0001088279,b
test_2647.jpg,0.99985695,5.1437502e-05,5.1437502e-05,4.0059564e-05,a
test_2648.jpg,0.9999815,5.771846e-06,6.962176e-06,5.771846e-06,a
test_2649.jpg,1.0677009e-06,1.0677009e-06,8.315262e-07,0.999997,d
test_2650.jpg,0.069282494,0.03272673,0.84403354,0.053957257,c
test_2651.jpg,8.939456e-06,0.99996424,7.8890425e-06,1.892483e-05,b
test_2652.jpg,3.1199994e-05,0.99990726,2.144342e-05,4.006158e-05,b
test_2653.jpg,0.99999845,2.5360154e-07,8.8515634e-07,4.7379004e-07,a
test_2654.jpg,2.1443926e-05,2.0144704e-05,0.99993086,2.7534546e-05,c
test_2655.jpg,2.7264352e-06,0.9999844,2.7264352e-06,1.0129935e-05,b
test_2656.jpg,5.771885e-06,5.422184e-06,6.0835225e-07,0.9999882,d
test_2657.jpg,0.00020333737,0.0001794446,0.00026109035,0.9993562,d
test_2658.jpg,0.99996424,1.0129731e-05,7.8890425e-06,1.7778233e-05,a
test_2659.jpg,4.49517e-06,1.2098586e-06,1.2878878e-06,0.99999297,d
test_2660.jpg,0.020255141,0.9759473,0.002134876,0.0016626434,b
test_2661.jpg,8.939647e-06,2.4060732e-06,3.0894594e-06,0.9999856,d
test_2662.jpg,0.464388,0.005845783,0.52622056,0.0035456463,c
test_2663.jpg,0.9999504,8.939333e-06,2.5866819e-05,1.4738467e-05,a
test_2664.jpg,0.9999974,6.893597e-07,1.1365621e-06,7.811469e-07,a
test_2665.jpg,0.13869165,0.0053776596,0.057815287,0.79811543,d
test_2666.jpg,2.561256e-06,0.99998724,3.966951e-06,6.144134e-06,b
test_2667.jpg,0.99967444,0.00015840973,0.00010887332,5.8275684e-05,a
test_2668.jpg,1.6700988e-05,0.9999573,6.962008e-06,1.8924698e-05,b
test_2669.jpg,0.93919754,0.00040455232,0.0003570162,0.060040887,a
test_2670.jpg,1.9946456e-06,2.7535234e-05,1.4738546e-05,0.9999558,d
test_2671.jpg,0.005021868,0.95699865,0.037106864,0.0008726698,b
test_2672.jpg,2.4295989e-05,6.604334e-05,0.99980074,0.00010888707,c
test_2673.jpg,0.9990682,7.960511e-05,4.8282942e-05,0.00080398313,a
test_2674.jpg,7.4107456e-06,0.9999205,1.3845096e-05,5.829003e-05,b
test_2675.jpg,0.00026108083,0.9993198,0.00029584338,0.00012332585,b
test_2676.jpg,0.00010888503,2.4295534e-05,0.999782,8.479974e-05,c
test_2677.jpg,0.0014983697,0.00055121945,0.9966281,0.0013223067,c
test_2678.jpg,4.0062823e-05,1.1478192e-05,1.0129469e-05,0.99993837,d
test_2679.jpg,0.9999969,6.4759325e-07,1.1365615e-06,1.2098634e-06,a
test_2680.jpg,0.00017948232,0.00017948232,0.99956626,7.481937e-05,c
test_2681.jpg,9.515588e-06,0.9999207,2.4298904e-05,4.5396333e-05,b
test_2682.jpg,0.99530125,0.004067569,0.0004287186,0.00020251232,a
test_2683.jpg,0.02928193,0.00078033697,0.0002533383,0.9696843,d
test_2684.jpg,9.608792e-05,0.99975306,6.604019e-05,8.4797284e-05,b
test_2685.jpg,5.771606e-06,1.892437e-05,3.5355377e-05,0.9999399,d
test_2686.jpg,0.8637593,0.13246177,0.0018894657,0.0018894657,a
test_2687.jpg,0.060364034,0.060364034,0.572718,0.3065539,c
test_2688.jpg,0.9990994,0.0002303522,0.0003351605,0.0003351605,a
test_2689.jpg,0.99997365,9.516091e-06,7.889116e-06,8.939541e-06,a
test_2690.jpg,0.0005526725,9.604007e-05,9.604007e-05,0.99925524,d
test_2691.jpg,0.90989184,0.0017565045,0.0037185203,0.08463313,a
test_2692.jpg,0.9998203,0.0001088892,3.3209326e-05,3.7631096e-05,a
test_2693.jpg,7.411182e-06,9.516146e-06,3.7265763e-06,0.9999794,d
test_2694.jpg,2.2603208e-06,1.0030112e-06,6.083571e-07,0.9999962,d
test_2695.jpg,1.1478482e-05,8.397836e-06,1.6701091e-05,0.9999635,d
test_2696.jpg,0.00010888637,4.5390592e-05,0.9997943,5.143428e-05,c
test_2697.jpg,1.1478575e-05,7.889102e-06,8.9395235e-06,0.99997175,d
test_2698.jpg,0.93510157,0.009167413,0.052754823,0.0029762234,a
test_2699.jpg,0.9973201,0.0002029231,0.00055160216,0.0019252808,a
test_2700.jpg,0.00010888967,3.119741e-05,3.53513e-05,0.9998246,d
test_2701.jpg,0.9999609,1.4738622e-05,6.540224e-06,1.7778175e-05,a
test_2702.jpg,2.5865404e-05,0.9998957,2.0143996e-05,5.8288584e-05,b
test_2703.jpg,0.0052156188,0.00070585724,0.99392104,0.00015749804,c
test_2704.jpg,1.4737394e-05,0.9998776,2.2825725e-05,8.480785e-05,b
test_2705.jpg,0.8122184,0.0062013636,0.021644887,0.15993528,a
test_2706.jpg,1.8924347e-05,0.9999387,2.7534763e-05,1.4738295e-05,b
test_2707.jpg,2.7534265e-05,0.9999206,2.7534265e-05,2.42989e-05,b
test_2708.jpg,0.00010887302,0.9996717,0.00012336929,9.60801e-05,b
test_2709.jpg,3.535444e-05,2.014435e-05,3.1200183e-05,0.99991333,d
test_2710.jpg,0.00048726736,0.0011688935,3.9997336e-05,0.9983038,d
test_2711.jpg,3.726579e-06,0.9999801,5.4221405e-06,1.0783214e-05,b
test_2712.jpg,2.9023054e-06,1.4593708e-06,8.8515304e-07,0.99999475,d
test_2713.jpg,0.9999403,2.429938e-05,2.5866557e-05,9.515774e-06,a
test_2714.jpg,4.539316e-05,0.99985087,5.8285972e-05,4.539316e-05,b
test_2715.jpg,0.0002958719,0.00020334957,0.9994161,8.4768704e-05,c
test_2716.jpg,5.4221764e-06,4.7850544e-06,3.089463e-06,0.99998677,d
test_2717.jpg,0.9999938,7.33817e-07,3.2887394e-06,2.1233698e-06,a
test_2718.jpg,8.4789295e-05,2.5859275e-05,0.9996588,0.0002304812,c
test_2719.jpg,0.00013981148,5.143377e-05,2.4295592e-05,0.9997844,d
test_2720.jpg,0.9996075,6.6030574e-05,0.00023046936,9.607393e-05,a
test_2721.jpg,0.9967871,0.00048652705,0.0019242517,0.00080214744,a
test_2722.jpg,0.00037987498,0.000108836,0.9993318,0.00017944022,c
test_2723.jpg,6.962176e-06,5.771846e-06,5.771846e-06,0.9999815,d
test_2724.jpg,0.012443877,0.010981684,0.10419131,0.8723832,d
test_2725.jpg,3.5354045e-05,3.1199837e-05,0.99990225,3.1199837e-05,c
test_2726.jpg,2.1444e-05,0.9999343,1.6700604e-05,2.7534643e-05,b
test_2727.jpg,0.018532977,0.03923431,0.32850486,0.61372787,d
test_2728.jpg,3.1201034e-05,1.1478219e-05,1.670071e-05,0.99994063,d
test_2729.jpg,1.3007069e-05,1.3709351e-06,3.0894498e-06,0.9999825,d
test_2730.jpg,3.1201485e-05,8.939374e-06,4.7849026e-06,0.99995506,d
test_2731.jpg,0.9992368,0.00048772278,0.00017942316,9.6038304e-05,a
test_2732.jpg,4.784878e-06,0.99994993,1.777798e-05,2.7535072e-05,b
test_2733.jpg,0.00010888066,0.99974185,2.5861424e-05,0.00012337795,b
test_2734.jpg,0.40142348,0.5840677,0.012121938,0.0023869511,b
test_2735.jpg,0.73524994,0.03230463,0.16405645,0.068388894,a
test_2736.jpg,0.0022293378,0.7004371,0.29198563,0.005347903,b
test_2737.jpg,1.0129895e-05,5.7718403e-06,3.7265804e-06,0.99998045,d
test_2738.jpg,5.143988e-05,0.9999032,2.7533786e-05,1.7777149e-05,b
test_2739.jpg,0.00013973762,5.1406598e-05,0.9992562,0.000552673,c
test_2740.jpg,0.99942565,0.00013976131,0.00037991063,5.4731314e-05,a
test_2741.jpg,0.00080055895,0.001920441,0.9948131,0.0024658951,c
test_2742.jpg,0.66512555,0.020085052,0.27726558,0.037523817,a
test_2743.jpg,0.0013101472,0.0066534765,0.9874635,0.0045728637,c
test_2744.jpg,1.3006843e-05,0.9999651,8.939464e-06,1.3006843e-05,b
test_2745.jpg,0.043879546,0.5345623,0.0052406644,0.41631752,b
test_2746.jpg,0.9999207,4.2645905e-05,1.3845099e-05,2.2826709e-05,a
test_2747.jpg,0.082675226,0.37052464,0.0076899934,0.5391102,d
test_2748.jpg,0.99994874,1.0129574e-05,3.535569e-05,5.771657e-06,a
test_2749.jpg,0.00023026837,0.00023026837,0.9987357,0.0008037156,c
test_2750.jpg,9.5161e-06,1.0129836e-05,0.9999746,5.7718066e-06,c
test_2751.jpg,0.0036784976,0.0013532436,0.9000987,0.094869696,c
test_2752.jpg,1.1477919e-05,0.9999145,1.5688456e-05,5.8289683e-05,b
test_2753.jpg,0.9999902,2.7264512e-06,4.22281e-06,2.9022922e-06,a
test_2754.jpg,0.06002791,0.0004583188,0.0005193432,0.9389945,d
test_2755.jpg,0.00026114305,8.478074e-05,0.9995579,9.606916e-05,c
test_2756.jpg,0.0025263154,0.8994305,0.09479927,0.003243853,b
test_2757.jpg,2.1444685e-05,6.96207e-06,5.4220654e-06,0.99996626,d
test_2758.jpg,2.726445e-06,7.411246e-06,1.8738564e-06,0.99998796,d
test_2759.jpg,0.00020333838,0.9993611,0.00013975229,0.0002958556,b
test_2760.jpg,0.022689486,0.96478146,0.009458385,0.003070688,b
test_2761.jpg,0.08032776,0.150072,0.76212853,0.0074716457,c
test_2762.jpg,0.0011672867,0.00020284402,0.99693143,0.0016983923,c
test_2763.jpg,5.093648e-06,4.222782e-06,0.99998367,6.962191e-06,c
test_2764.jpg,8.939465e-06,1.8924848e-05,6.9620623e-06,0.9999652,d
test_2765.jpg,8.939632e-06,3.2887067e-06,0.9999838,3.9669376e-06,c
test_2766.jpg,3.1201256e-05,9.515846e-06,1.1478301e-05,0.9999478,d
test_2767.jpg,0.9999819,8.39799e-06,6.144101e-06,3.5008034e-06,a
test_2768.jpg,1.0783086e-05,8.939492e-06,0.9999682,1.2218836e-05,c
test_2769.jpg,0.19514465,0.01247518,0.7718121,0.020568095,c
test_2770.jpg,0.059882104,0.93671376,0.0015958042,0.001808283,b
test_2771.jpg,0.046902165,0.00719268,0.9420552,0.0038499644,c
test_2772.jpg,1.147871e-05,2.7264325e-06,2.4060682e-06,0.99998343,d
test_2773.jpg,0.00029582146,0.99924576,0.0003352096,0.00012331671,b
test_2774.jpg,0.8341222,0.0011066969,0.16424838,0.0005227666,a
test_2775.jpg,0.9988844,9.600443e-05,0.0009108647,0.00010878727,a
test_2776.jpg,0.93673354,0.0363211,0.0049155266,0.022029862,a
test_2777.jpg,0.014352323,0.8879468,0.093588896,0.0041120094,b
test_2778.jpg,0.0040234076,0.98449534,0.000544509,0.010936756,b
test_2779.jpg,0.00010888694,3.320864e-05,0.99979955,5.8282978e-05,c
test_2780.jpg,0.99968576,1.7773282e-05,6.603575e-05,0.0002304874,a
test_2781.jpg,0.9826325,0.0040157945,0.0024357026,0.010916062,a
test_2782.jpg,0.0019262455,0.9978199,0.00017916874,7.468865e-05,b
test_2783.jpg,0.9936187,0.00042799383,0.0027908706,0.0031624706,a
test_2784.jpg,1.2218446e-05,0.9999362,1.1478168e-05,4.006274e-05,b
test_2785.jpg,1.1478669e-05,5.422139e-06,3.2886937e-06,0.99997985,d
test_2786.jpg,0.00097246806,0.16354397,0.0049386,0.8305449,d
test_2787.jpg,2.5612683e-06,2.9022974e-06,0.999992,2.5612683e-06,c
test_2788.jpg,0.013309839,0.16214703,0.0010925381,0.82345057,d
test_2789.jpg,0.0070779794,0.49620467,0.0005127271,0.49620467,b
test_2790.jpg,1.9947151e-06,5.422198e-06,1.9947151e-06,0.9999907,d
test_2791.jpg,0.9998733,2.4297751e-05,7.4842355e-05,2.7532962e-05,a
test_2792.jpg,0.9999769,3.96691e-06,1.3006997e-05,6.1440705e-06,a
test_2793.jpg,0.9987318,0.0003796469,0.00070927374,0.00017933248,a
test_2794.jpg,0.88171875,0.10530629,0.009795011,0.0031799744,a
test_2795.jpg,3.535391e-05,7.888523e-06,0.99989843,5.8288744e-05,c
test_2796.jpg,0.0003794752,0.0009103137,0.99828017,0.00043000173,c
test_2797.jpg,4.0062692e-05,1.01294345e-05,1.4738241e-05,0.99993503,d
test_2798.jpg,6.6047745e-05,3.1198746e-05,3.5352812e-05,0.9998673,d
test_2799.jpg,1.459373e-06,1.6536862e-06,5.368733e-07,0.9999963,d
test_2800.jpg,0.9746191,0.01575325,0.005114332,0.004513382,a
test_2801.jpg,0.9964721,0.00070766895,0.0013220997,0.0014981352,a
test_2802.jpg,2.7534745e-05,2.4299325e-05,0.999938,1.0129465e-05,c
test_2803.jpg,0.28937516,0.007711587,0.6941749,0.0087383725,c
test_2804.jpg,0.008159135,0.046952575,0.9430677,0.001820549,c
test_2805.jpg,0.0006254185,0.9979127,0.00055192993,0.00090997864,b
test_2806.jpg,0.005087521,0.5880375,0.40415186,0.002723154,b
test_2807.jpg,0.00015841231,6.6036075e-05,0.9996908,8.4792e-05,c
test_2808.jpg,0.00070952997,0.00013971474,0.9990926,5.8241763e-05,c
test_2809.jpg,0.0058662044,0.0035580331,0.0040317797,0.98654395,d
test_2810.jpg,7.889101e-06,1.473878e-05,0.9999716,5.7717893e-06,c
test_2811.jpg,0.0085529145,0.0021625154,0.000702066,0.9885825,d
test_2812.jpg,0.00012337974,4.538887e-05,0.9997564,7.48336e-05,c
test_2813.jpg,0.9999502,6.9619578e-06,3.535574e-05,7.4109657e-06,a
test_2814.jpg,3.534746e-05,0.999716,0.000108877844,0.00013980192,b
test_2815.jpg,0.9999925,2.2603124e-06,2.7264573e-06,2.5612694e-06,a
test_2816.jpg,0.08280687,0.8902578,0.003210771,0.023724565,b
test_2817.jpg,9.007631e-05,0.9976494,0.00033467409,0.0019259164,b
test_2818.jpg,6.60065e-05,0.00048772577,0.999243,0.00020331434,c
test_2819.jpg,1.6700073e-05,0.9999025,3.5354053e-05,4.5395504e-05,b
test_2820.jpg,0.99983156,2.930746e-05,1.5687154e-05,0.00012338902,a
test_2821.jpg,8.480756e-05,2.4297771e-05,0.9998741,1.6699598e-05,c
test_2822.jpg,3.5349854e-05,0.9997837,9.6090866e-05,8.479988e-05,b
test_2823.jpg,5.0936824e-06,3.7266177e-06,7.811415e-07,0.99999046,d
test_2824.jpg,9.516121e-06,0.99997675,5.4221223e-06,8.397947e-06,b
test_2825.jpg,0.0012775863,0.1476689,0.0012775863,0.8497759,d
test_2826.jpg,0.037259415,0.960933,0.0011251369,0.00068243,b
test_2827.jpg,6.962123e-06,6.144052e-06,0.9999739,1.3006958e-05,c
test_2828.jpg,0.9999591,9.515953e-06,1.6701018e-05,1.4738595e-05,a
test_2829.jpg,0.9999553,6.1439378e-06,7.4110035e-06,3.1201493e-05,a
test_2830.jpg,2.144151e-05,0.99981827,5.1435512e-05,0.00010888898,b
test_2831.jpg,0.79285175,0.0025234735,0.20046432,0.0041605043,a
test_2832.jpg,0.0005470756,0.98913586,0.0006199178,0.009697148,b
test_2833.jpg,0.9931773,0.0013177282,0.0009056605,0.004599324,a
test_2834.jpg,0.70126814,0.13808787,0.15647407,0.0041698925,a
test_2835.jpg,0.00048756626,0.00010879073,0.99891615,0.00048756626,c
test_2836.jpg,0.001499291,0.00055155833,0.9972409,0.00070821494,c
test_2837.jpg,7.885955e-06,0.99957293,0.0001233571,0.00029591832,b
test_2838.jpg,0.00089063286,0.004523007,0.9766975,0.01788884,c
test_2839.jpg,1.6700975e-05,1.3845594e-05,0.9999565,1.3006732e-05,c
test_2840.jpg,0.99999523,1.4593714e-06,1.8738699e-06,1.3709525e-06,a
test_2841.jpg,2.4299221e-05,0.9999337,1.0782714e-05,3.120082e-05,b
test_2842.jpg,3.5352667e-05,0.99986327,3.5352667e-05,6.6047476e-05,b
test_2843.jpg,0.99988794,8.480873e-05,1.7776878e-05,9.515276e-06,a
test_2844.jpg,0.0008965452,0.9831812,0.003545905,0.012376425,b
test_2845.jpg,0.024972636,0.14370759,0.8269802,0.0043395935,c
test_2846.jpg,6.604907e-05,1.8923376e-05,0.99988747,2.7533353e-05,c
test_2847.jpg,0.0009048513,0.0009048513,0.99228996,0.0059003714,c
test_2848.jpg,0.988203,0.0058760694,0.0027756589,0.0031452335,a
test_2849.jpg,3.5353918e-05,2.586548e-05,4.0061233e-05,0.9998987,d
test_2850.jpg,3.089473e-06,4.222809e-06,0.99999,2.7264505e-06,c
test_2851.jpg,0.781979,0.007666253,0.19771525,0.012639513,a
test_2852.jpg,0.99998784,5.4221823e-06,3.5008243e-06,3.2887199e-06,a
test_2853.jpg,9.5160585e-06,9.5160585e-06,1.0783107e-05,0.9999702,d
test_2854.jpg,0.3066381,0.6491528,0.01188965,0.032319415,b
test_2855.jpg,7.889177e-06,5.771845e-06,5.0936355e-06,0.9999813,d
test_2856.jpg,0.0005524368,0.9988292,0.0005524368,6.597917e-05,b
test_2857.jpg,0.0007092884,0.9987525,0.00033504414,0.00020321454,b
test_2858.jpg,0.99998343,4.222781e-06,7.8891935e-06,4.495127e-06,a
test_2859.jpg,2.9022935e-06,2.7264525e-06,0.9999907,3.7266186e-06,c
test_2860.jpg,3.5008354e-06,2.7264534e-06,0.99999106,2.7264534e-06,c
test_2861.jpg,1.3007064e-05,2.2602887e-06,2.7264286e-06,0.999982,d
test_2862.jpg,0.0058928765,0.0024565167,0.0006211046,0.9910295,d
test_2863.jpg,6.604703e-05,2.5864392e-05,5.1437484e-05,0.9998566,d
test_2864.jpg,0.00070926925,0.9987255,0.00033503506,0.00023026601,b
test_2865.jpg,0.00043046268,0.00012332962,0.99935025,9.60492e-05,c
test_2866.jpg,5.1422317e-05,0.9995617,0.0003353156,5.1422317e-05,b
test_2867.jpg,0.25855708,0.027251713,0.702831,0.011360205,c
test_2868.jpg,6.54041e-06,2.2603056e-06,1.7603277e-06,0.9999894,d
test_2869.jpg,0.99999344,2.4060923e-06,1.7603347e-06,2.4060923e-06,a
test_2870.jpg,1.1478504e-05,0.99996555,1.2218804e-05,1.0783057e-05,b
test_2871.jpg,5.093604e-06,0.9999751,5.093604e-06,1.4738831e-05,b
test_2872.jpg,0.00026117923,3.534677e-05,6.9601915e-06,0.9996965,d
test_2873.jpg,0.0027858266,0.00079815264,0.0045930515,0.9918229,d
test_2874.jpg,0.0003793308,0.99790025,0.001168421,0.000551923,b
test_2875.jpg,0.9998627,5.1437797e-05,5.828666e-05,2.753267e-05,a
test_2876.jpg,0.033061486,0.0004161827,0.00032412342,0.9661983,d
test_2877.jpg,0.9999676,1.7778293e-05,5.093566e-06,9.516034e-06,a
test_2878.jpg,0.9932848,0.0005493703,0.00025950413,0.005906287,a
test_2879.jpg,1.2218969e-05,6.9621587e-06,1.8738396e-06,0.999979,d
test_2880.jpg,3.2887383e-06,1.8738666e-06,1.3709501e-06,0.99999344,d
test_2881.jpg,0.0001398023,4.538716e-05,0.9997187,9.608462e-05,c
test_2882.jpg,0.9999925,1.3709488e-06,1.2878872e-06,4.7850817e-06,a
test_2883.jpg,0.99998856,2.4060805e-06,4.4951503e-06,4.4951503e-06,a
test_2884.jpg,0.0002610909,0.99935836,8.476381e-05,0.00029585478,b
test_2885.jpg,0.003851222,0.00075835054,0.1637581,0.8316323,d
test_2886.jpg,3.9668257e-06,0.99995565,2.1444457e-05,1.8924668e-05,b
test_2887.jpg,0.2543992,0.04420795,0.009864126,0.6915287,d
test_2888.jpg,1.6536602e-06,0.99998057,4.785025e-06,1.3007045e-05,b
test_2889.jpg,0.025144324,0.3933234,0.57228214,0.009250079,c
test_2890.jpg,0.0046062404,0.9946709,0.0004284471,0.0002944671,b
test_2891.jpg,0.00020336345,0.9994843,0.00020336345,0.00010885261,b
test_2892.jpg,2.75351e-05,1.01295955e-05,1.1478336e-05,0.9999509,d
test_2893.jpg,5.0935746e-06,0.99996924,4.222721e-06,2.1444748e-05,b
test_2894.jpg,0.00037736606,0.99273163,0.00020198949,0.006688973,b
test_2895.jpg,1.2218692e-05,0.99995637,1.4738555e-05,1.6700971e-05,b
test_2896.jpg,0.0013243256,0.00042994556,0.99814975,9.593382e-05,c
test_2897.jpg,0.9999299,1.7777624e-05,1.2218368e-05,4.0062485e-05,a
test_2898.jpg,0.99999475,1.0030099e-06,1.7603371e-06,2.4060953e-06,a
test_2899.jpg,0.005802941,0.86123276,0.13207433,0.0008899098,b
test_2900.jpg,2.1233411e-06,0.99998033,6.1440915e-06,1.1478674e-05,b
test_2901.jpg,2.0145151e-05,0.99995303,7.888954e-06,1.8924617e-05,b
test_2902.jpg,8.939378e-06,1.6700957e-05,1.8924662e-05,0.9999554,d
test_2903.jpg,0.0024671138,0.9953047,0.0009076004,0.0013205508,b
test_2904.jpg,0.13069566,0.11533852,0.7521016,0.0018642736,c
test_2905.jpg,3.5007945e-06,0.9999794,6.962161e-06,1.0129884e-05,b
test_2906.jpg,0.00017950317,2.9303088e-05,0.9996824,0.000108874185,c
test_2907.jpg,0.6824334,0.28448057,0.009734389,0.023351587,a
test_2908.jpg,9.515984e-06,1.6701071e-05,1.1478468e-05,0.99996233,d
test_2909.jpg,0.00020327454,0.00012329224,0.0006261296,0.99904734,d
test_2910.jpg,8.480274e-05,1.3004923e-05,8.480274e-05,0.99981743,d
test_2911.jpg,0.99238825,0.001161967,0.0059009558,0.0005488744,a
test_2912.jpg,2.7534361e-05,0.99992406,1.300631e-05,3.5354817e-05,b
test_2913.jpg,0.0007817614,0.025888383,0.97145444,0.0018753483,c
test_2914.jpg,5.7718967e-06,1.2878843e-06,2.7264512e-06,0.9999902,d
test_2915.jpg,8.939259e-06,3.1201078e-05,0.99994206,1.777784e-05,c
test_2916.jpg,6.604448e-05,8.4802785e-05,3.1197203e-05,0.9998179,d
test_2917.jpg,0.001498987,0.0013228514,0.9970387,0.00013942752,c
test_2918.jpg,3.726575e-06,0.999979,5.771832e-06,1.1478659e-05,b
test_2919.jpg,0.0505388,0.15567046,0.7905599,0.0032308376,c
test_2920.jpg,0.9999864,3.9669476e-06,7.4112345e-06,2.2602987e-06,a
test_2921.jpg,0.0002760499,0.2214787,0.0052086795,0.7730366,d
test_2922.jpg,8.939582e-06,5.42213e-06,0.9999782,7.411173e-06,c
test_2923.jpg,0.9999852,5.7718676e-06,4.4951353e-06,4.4951353e-06,a
test_2924.jpg,3.288707e-06,7.411216e-06,5.422161e-06,0.9999839,d
test_2925.jpg,1.777554e-05,8.480234e-05,0.99981266,8.480234e-05,c
test_2926.jpg,0.08296466,0.016336711,0.8919542,0.008744412,c
test_2927.jpg,1.8924626e-05,1.6700924e-05,0.9999535,1.0782927e-05,c
test_2928.jpg,0.0048456453,0.06689207,0.0048456453,0.92341655,d
test_2929.jpg,5.421947e-06,0.99994445,1.473838e-05,3.5355537e-05,b
test_2930.jpg,0.99764484,0.0006252506,0.0014998984,0.00023001686,a
test_2931.jpg,1.0782772e-05,0.9999391,1.8924353e-05,3.1200987e-05,b
test_2932.jpg,5.77067e-06,0.99977773,1.3004406e-05,0.00020342314,b
test_2933.jpg,0.99985504,2.7260826e-06,0.00013982136,2.4057592e-06,a
test_2934.jpg,2.5862528e-05,0.9997845,3.1196163e-05,0.00015842718,b
test_2935.jpg,1.0782902e-05,0.9999511,2.144436e-05,1.6700884e-05,b
test_2936.jpg,0.00023046977,0.00010886622,0.9996093,5.1424762e-05,c
test_2937.jpg,0.3783622,0.48582667,0.027408468,0.10840259,b
test_2938.jpg,0.0008020006,0.002470336,0.99660456,0.00012299076,c
test_2939.jpg,0.00020329555,0.00048768072,0.99915063,0.00015832673,c
test_2940.jpg,0.00069751055,0.9226614,0.024588093,0.052053,b
test_2941.jpg,0.00013979764,0.00012337098,5.1428677e-05,0.9996854,d
test_2942.jpg,0.7016105,0.003681714,0.0022330724,0.29247475,a
test_2943.jpg,0.012180099,0.96758515,0.0107489005,0.0094858715,b
test_2944.jpg,0.99984634,0.00010889204,2.5864127e-05,1.8922598e-05,a
test_2945.jpg,0.99996185,8.397822e-06,1.8924784e-05,1.0783017e-05,a
test_2946.jpg,0.001445779,0.0064795315,0.74893206,0.24314263,c
test_2947.jpg,3.535354e-05,4.5394845e-05,0.99988794,3.119939e-05,c
test_2948.jpg,0.00012335567,8.478103e-05,0.99956137,0.00023045874,c
test_2949.jpg,2.1441843e-05,0.9998337,2.1441843e-05,0.00012338928,b
test_2950.jpg,0.0052160597,0.0005497686,0.994005,0.00022917766,c
test_2951.jpg,0.038536634,0.08158205,0.87708974,0.0027915845,c
test_2952.jpg,0.0075571835,0.0011589316,0.0014880977,0.98979574,d
test_2953.jpg,0.99995637,1.7778095e-05,1.5689113e-05,1.0129651e-05,a
test_2954.jpg,0.0008017955,0.002469704,0.9963497,0.0003787414,c
test_2955.jpg,0.85028076,0.14775662,0.0012783454,0.000684249,a
test_2956.jpg,5.771796e-06,4.7849876e-06,0.9999728,1.6701246e-05,c
test_2957.jpg,0.9994752,0.00015837816,0.00033528655,3.1186508e-05,a
test_2958.jpg,0.99988616,3.1199335e-05,5.8288028e-05,2.4298064e-05,a
test_2959.jpg,0.9087196,0.08452409,0.001987816,0.004768523,a
test_2960.jpg,0.9989894,4.8279137e-05,0.00080391974,0.00015830118,a
test_2961.jpg,0.01088647,0.0016694943,0.46290448,0.52453953,d
test_2962.jpg,5.7718166e-06,0.9999764,4.785005e-06,1.300699e-05,b
test_2963.jpg,6.605101e-05,1.012925e-05,6.9617254e-06,0.9999168,d
test_2964.jpg,0.00070822734,0.9972583,0.00033454288,0.0016989491,b
test_2965.jpg,0.18135601,0.8127813,0.002931347,0.002931347,b
test_2966.jpg,0.00015843096,2.0142239e-05,1.30048065e-05,0.9998085,d
test_2967.jpg,1.6699192e-05,0.9998498,1.0128571e-05,0.00012339126,b
test_2968.jpg,0.019548021,0.9418765,0.03222924,0.0063463137,b
test_2969.jpg,0.8181018,0.14216477,0.0037885632,0.035944887,a
test_2970.jpg,9.5161495e-06,5.422138e-06,5.422138e-06,0.99997973,d
test_2971.jpg,0.9995883,0.00010886394,0.000123359,0.00017948628,a
test_2972.jpg,0.00033509012,6.598316e-05,0.0007093858,0.9988896,d
test_2973.jpg,7.4838434e-05,0.999821,2.930715e-05,7.4838434e-05,b
test_2974.jpg,4.2228194e-06,1.3709488e-06,1.8738648e-06,0.9999925,d
test_2975.jpg,0.9998609,3.7632628e-05,3.5352583e-05,6.6047316e-05,a
test_2976.jpg,0.000123359,0.9995883,0.00017948628,0.00010886394,b
test_2977.jpg,0.00062608876,0.99898213,0.0002957434,9.601383e-05,b
test_2978.jpg,0.006641878,0.9857421,0.0051726997,0.0024434105,b
test_2979.jpg,0.00023044608,0.00013977262,0.9995065,0.0001233489,c
test_2980.jpg,0.9999871,3.9669508e-06,4.2227966e-06,4.7850563e-06,a
test_2981.jpg,0.0011640848,0.9941968,0.0024643675,0.0021747968,b
test_2982.jpg,0.28493908,0.0014952231,0.6835333,0.030032359,c
test_2983.jpg,5.0936683e-06,2.4060785e-06,4.785059e-06,0.9999877,d
test_2984.jpg,0.014787134,0.4896826,0.33655363,0.15897667,b
test_2985.jpg,0.9996325,0.00013979024,0.0001794942,4.8310216e-05,a
test_2986.jpg,0.2207521,0.67996436,0.055814873,0.043468665,b
test_2987.jpg,0.0014887766,0.0007032483,0.0075606313,0.9902473,d
test_2988.jpg,8.479949e-05,9.6090414e-05,0.99977905,4.005644e-05,c
test_2989.jpg,6.6032146e-05,0.99963117,0.00017949397,0.00012336428,b
test_2990.jpg,7.411186e-06,1.0129889e-05,2.5612371e-06,0.99997985,d
test_2991.jpg,1.4738752e-05,6.540282e-06,8.939505e-06,0.9999697,d
test_2992.jpg,0.9410021,0.053087708,0.004937926,0.00097233517,a
test_2993.jpg,0.87775195,0.11879081,0.0027936923,0.00066356006,a
test_2994.jpg,1.3006864e-05,7.4110876e-06,0.9999666,1.3006864e-05,c
test_2995.jpg,0.001168703,0.00020309014,0.99814105,0.00048718794,c
test_2996.jpg,0.99999535,2.1233732e-06,1.4593716e-06,1.067699e-06,a
test_2997.jpg,0.0005526949,0.99929583,4.2619253e-05,0.000108832086,b
test_2998.jpg,2.123352e-06,0.99998546,3.5008159e-06,8.939646e-06,b
test_2999.jpg,0.00048599328,0.00022956695,0.99569345,0.0035910315,c
test_3000.jpg,0.047224928,0.0038764584,0.0003605668,0.94853806,d
test_3001.jpg,0.99969816,0.00013979942,9.6082644e-05,6.603656e-05,a
test_3002.jpg,0.022885295,0.9731075,0.002128664,0.0018785394,b
test_3003.jpg,0.012739928,0.0017241618,0.6955765,0.28995943,c
test_3004.jpg,0.0002611612,6.60319e-05,4.5383018e-05,0.9996275,d
test_3005.jpg,2.0143592e-05,2.9308754e-05,0.99987566,7.484253e-05,c
test_3006.jpg,5.7716375e-06,0.9999453,8.939287e-06,4.00631e-05,b
test_3007.jpg,0.999979,8.397966e-06,9.516142e-06,3.0894391e-06,a
test_3008.jpg,1.8738691e-06,1.9947233e-06,1.2878902e-06,0.99999475,d
test_3009.jpg,4.539537e-05,2.7533684e-05,2.7533684e-05,0.9998995,d
test_3010.jpg,0.0009106405,0.00033500593,0.00011577496,0.9986386,d
test_3011.jpg,7.410964e-06,0.99994993,1.1478325e-05,3.1201325e-05,b
test_3012.jpg,0.33872458,0.6328208,0.016864102,0.011590517,b
test_3013.jpg,5.4222073e-06,1.067696e-06,1.0030076e-06,0.9999925,d
test_3014.jpg,0.0035415445,0.00047929597,0.014007079,0.98197216,d
test_3015.jpg,0.0028346833,0.014395708,0.28914553,0.6936241,d
test_3016.jpg,1.6536854e-06,1.7603389e-06,7.8114573e-07,0.9999958,d
test_3017.jpg,0.8069741,0.02150513,0.14023106,0.031289782,a
test_3018.jpg,6.540413e-06,1.2098548e-06,2.5612626e-06,0.99998975,d
test_3019.jpg,0.006311068,0.16276458,0.8265868,0.0043375297,c
test_3020.jpg,4.0062892e-05,1.3006517e-05,6.9618873e-06,0.99994004,d
test_3021.jpg,7.811424e-07,0.99999154,2.2603103e-06,5.4222023e-06,b
test_3022.jpg,0.007883164,0.48771408,0.016688658,0.48771408,b
test_3023.jpg,0.9998142,5.8283833e-05,8.480247e-05,4.264136e-05,a
test_3024.jpg,0.0003791191,0.0021816797,9.585632e-05,0.99734336,d
test_3025.jpg,0.056708623,0.19793256,0.32633558,0.4190232,d
test_3026.jpg,3.2887167e-06,4.785055e-06,5.093664e-06,0.9999869,d
test_3027.jpg,0.00033515276,0.00015831494,0.00043034466,0.99907625,d
test_3028.jpg,8.3977575e-06,0.9999542,1.3006702e-05,2.4299718e-05,b
test_3029.jpg,2.7264375e-06,0.9999852,3.0894582e-06,8.939644e-06,b
test_3030.jpg,0.00023049951,1.8920553e-05,1.2216027e-05,0.9997383,d
test_3031.jpg,0.99994946,1.147832e-05,2.0145078e-05,1.892455e-05,a
test_3032.jpg,5.1441213e-05,1.3006375e-05,6.540016e-06,0.9999291,d
test_3033.jpg,0.00403624,0.46652588,0.5286431,0.0007947827,c
test_3034.jpg,4.2227557e-06,1.0129864e-05,0.99997735,8.397952e-06,c
test_3035.jpg,0.99980706,3.3208886e-05,8.480187e-05,7.483739e-05,a
test_3036.jpg,4.0061954e-05,0.9999167,1.5688489e-05,2.7534157e-05,b
test_3037.jpg,2.9022754e-06,0.9999844,6.1441165e-06,6.5403774e-06,b
test_3038.jpg,1.892473e-05,3.0893773e-06,0.999959,1.892473e-05,c
test_3039.jpg,0.0075713415,0.00062149356,0.00015713819,0.9916501,d
test_3040.jpg,7.411131e-06,4.495078e-06,0.99997246,1.5689364e-05,c
test_3041.jpg,6.9621506e-06,0.9999778,5.0936183e-06,1.0129868e-05,b
test_3042.jpg,3.2886321e-06,1.6701051e-05,1.8924771e-05,0.99996114,d
test_3043.jpg,6.604344e-05,0.9998022,2.2824002e-05,0.00010888723,b
test_3044.jpg,0.07930815,0.5171541,0.31366983,0.089867905,b
test_3045.jpg,5.1437964e-05,0.9998659,3.1198702e-05,5.1437964e-05,b
test_3046.jpg,0.9990711,0.0007095147,0.00012329518,9.602238e-05,a
test_3047.jpg,5.771811e-06,1.1478618e-05,0.99997544,7.411153e-06,c
test_3048.jpg,3.119942e-05,1.38446585e-05,0.9998889,6.6049164e-05,c
test_3049.jpg,0.99991393,2.2826554e-05,4.5396024e-05,1.777734e-05,a
test_3050.jpg,6.144065e-06,1.3006986e-05,0.99997604,4.785003e-06,c
test_3051.jpg,0.978399,0.013956112,0.0031140295,0.0045308867,a
test_3052.jpg,1.9946956e-06,1.47389155e-05,2.4060619e-06,0.9999808,d
test_3053.jpg,0.0042836554,0.046053633,0.024650734,0.925012,d
test_3054.jpg,0.9999362,1.4738259e-05,3.1200896e-05,1.7777737e-05,a
test_3055.jpg,0.9980464,0.000708787,0.0009101005,0.00033480726,a
test_3056.jpg,0.017904168,0.9775344,0.0024230657,0.0021383478,b
test_3057.jpg,0.00054940186,0.005906626,0.99334186,0.00020211365,c
test_3058.jpg,0.9999875,4.2227985e-06,4.7850576e-06,3.500823e-06,a
test_3059.jpg,2.7535256e-05,5.09351e-06,0.9999566,1.0782961e-05,c
test_3060.jpg,0.0021510033,0.9833198,0.01237817,0.0021510033,b
test_3061.jpg,0.00026098546,7.47736e-05,0.0007094321,0.9989548,d
test_3062.jpg,0.999607,0.0001233613,9.025306e-05,0.00017948964,a
test_3063.jpg,0.074853845,0.011479209,0.0017603937,0.91190654,d
test_3064.jpg,0.9665471,0.03307342,0.0002525187,0.00012697438,a
test_3065.jpg,2.1233543e-06,0.9999865,3.5008197e-06,7.889218e-06,b
test_3066.jpg,0.00048526662,0.0007060587,0.0046040816,0.9942047,d
test_3067.jpg,0.8286445,0.0043483274,0.16316977,0.0038373857,a
test_3068.jpg,0.98415273,0.012388655,0.0021528255,0.0013057546,a
test_3069.jpg,0.0005517121,0.001699393,0.00022998781,0.9975189,d
test_3070.jpg,5.7713587e-06,0.999897,3.1199674e-05,6.60497e-05,b
test_3071.jpg,3.535521e-05,1.47382425e-05,1.47382425e-05,0.99993515,d
test_3072.jpg,0.9980063,0.0003347938,0.0003347938,0.0013241352,a
test_3073.jpg,0.9929999,0.004598502,0.0019169408,0.00048467857,a
test_3074.jpg,0.016546505,0.9034085,0.014602238,0.065442696,b
test_3075.jpg,0.0016817392,0.9871564,0.009677741,0.0014841296,b
test_3076.jpg,0.0013111657,0.0019077349,0.9882311,0.008549875,c
test_3077.jpg,0.0006183346,0.00035231645,0.012419584,0.98660976,d
test_3078.jpg,7.88911e-06,0.9999728,1.1478588e-05,7.88911e-06,b
test_3079.jpg,4.495078e-06,1.0783132e-05,0.99997246,1.22188885e-05,c
test_3080.jpg,1.0129657e-05,0.99995697,1.1478406e-05,2.1444486e-05,b
test_3081.jpg,0.9985751,0.0009105826,0.00033498462,0.00017930435,a
test_3082.jpg,0.0027997815,7.461165e-05,0.9967912,0.0003343862,c
test_3083.jpg,0.0013200971,0.9949628,0.0031667487,0.00055029837,b
test_3084.jpg,1.4593573e-06,0.9999856,3.9669444e-06,8.939647e-06,b
test_3085.jpg,7.889075e-06,0.9999684,6.9620846e-06,1.6701173e-05,b
test_3086.jpg,0.003114948,0.017925289,0.00027218112,0.9786876,d
test_3087.jpg,0.0005524414,0.00023029184,0.99883753,0.0003796871,c
test_3088.jpg,0.00070863304,0.00055188395,0.9978296,0.00090990285,c
test_3089.jpg,0.99890244,0.00048755956,0.00023030682,0.00037971177,a
test_3090.jpg,0.00026118202,1.7773664e-05,1.3842142e-05,0.99970716,d
test_3091.jpg,0.0021807086,0.0006247834,0.99689937,0.0002951268,c
test_3092.jpg,2.5612585e-06,3.5008254e-06,5.771885e-06,0.9999882,d
test_3093.jpg,6.1439628e-06,1.3006769e-05,0.99995935,2.1444537e-05,c
test_3094.jpg,1.3006651e-05,3.1201336e-05,5.4219786e-06,0.9999503,d
test_3095.jpg,0.99298805,0.00020204166,0.00090548786,0.0059045223,a
test_3096.jpg,3.7264747e-06,0.9999521,1.3006675e-05,3.120139e-05,b
test_3097.jpg,0.9999981,8.3152713e-07,4.4508437e-07,6.47594e-07,a
test_3098.jpg,8.939206e-06,0.9999362,1.4738259e-05,4.006274e-05,b
test_3099.jpg,1.8924698e-05,1.6700988e-05,0.9999573,6.962008e-06,c
test_3100.jpg,7.411213e-06,4.785039e-06,0.99998355,4.2227816e-06,c
test_3101.jpg,2.9022826e-06,5.7718776e-06,4.4951425e-06,0.9999869,d
test_3102.jpg,0.0019169509,0.22156939,0.0031605177,0.77335316,d
test_3103.jpg,3.5355864e-05,6.9619828e-06,3.9668184e-06,0.99995375,d
test_3104.jpg,0.99984705,6.604641e-05,3.5352095e-05,5.1436997e-05,a
test_3105.jpg,0.9600721,0.0006017028,0.0021001492,0.037226036,a
test_3106.jpg,0.999966,1.6701133e-05,1.147851e-05,5.771757e-06,a
test_3107.jpg,0.046168987,0.81836486,0.11075364,0.024712477,b
test_3108.jpg,5.1434934e-05,4.539117e-05,0.99980706,9.609311e-05,c
test_3109.jpg,0.95659465,0.0003870814,0.042029835,0.000988447,a
test_3110.jpg,0.00013981201,5.828231e-05,1.3843262e-05,0.9997881,d
test_3111.jpg,0.99997234,3.966892e-06,1.6701239e-05,6.9621124e-06,a
test_3112.jpg,0.020231,0.0031025244,0.75916266,0.21750376,c
test_3113.jpg,0.9999261,2.282683e-05,3.535489e-05,1.5688638e-05,a
test_3114.jpg,0.006239316,0.04610265,0.3860128,0.56164527,d
test_3115.jpg,8.398021e-06,3.2887124e-06,2.7264384e-06,0.9999856,d
test_3116.jpg,2.4297877e-05,0.9998784,6.604847e-05,3.119909e-05,b
test_3117.jpg,0.5828597,0.0044501885,0.012096867,0.40059325,a
test_3118.jpg,0.9976935,0.00042974902,0.001168179,0.00070853636,a
test_3119.jpg,3.53539e-05,0.9998981,3.1199706e-05,3.53539e-05,b
test_3120.jpg,0.9875261,0.007539855,0.0021602048,0.0027737578,a
test_3121.jpg,0.9548373,0.0026819417,0.041952625,0.0005281056,a
test_3122.jpg,0.99957675,9.607097e-05,0.00026114797,6.6028544e-05,a
test_3123.jpg,0.00033504414,0.9987525,0.00020321454,0.0007092884,b
test_3124.jpg,0.00015839713,0.00012335982,0.999595,0.00012335982,c
test_3125.jpg,0.5085467,0.007254029,0.27220547,0.21199381,a
test_3126.jpg,7.41122e-06,2.7264355e-06,0.9999845,5.422164e-06,c
test_3127.jpg,0.03260086,0.008242789,0.0064194906,0.95273685,d
test_3128.jpg,2.7264277e-06,0.99998164,6.1440996e-06,9.516168e-06,b
test_3129.jpg,2.1442092e-05,2.4297075e-05,0.9998454,0.00010889194,c
test_3130.jpg,0.9994361,0.00017945895,0.00012334021,0.0002611112,a
test_3131.jpg,5.8287013e-05,4.5393972e-05,2.7532837e-05,0.99986875,d
test_3132.jpg,0.0016978293,0.0013222707,0.996601,0.0003788369,c
test_3133.jpg,5.422135e-06,0.99997914,6.5403433e-06,8.93959e-06,b
test_3134.jpg,0.0002958756,9.6056734e-05,0.0001794576,0.9994286,d
test_3135.jpg,0.00015833954,0.99923146,0.00037983683,0.00023038266,b
test_3136.jpg,0.0039905733,0.0021359997,0.13214964,0.8617238,d
test_3137.jpg,2.5612621e-06,0.9999896,2.7264496e-06,5.0936783e-06,b
test_3138.jpg,0.0010255724,0.0059017614,0.9925237,0.00054894935,c
test_3139.jpg,0.0019263406,0.99786913,0.00010867671,9.590686e-05,b
test_3140.jpg,0.00012332965,0.9993505,0.0002304101,0.00029585246,b
test_3141.jpg,0.37556988,0.61921,0.00197081,0.003249316,b
test_3142.jpg,0.0051259995,0.13220127,0.86206055,0.00061221333,c
test_3143.jpg,0.9996605,0.0002033993,4.005169e-05,9.607902e-05,a
test_3144.jpg,0.0035927582,9.574376e-05,0.00013930636,0.99617225,d
test_3145.jpg,5.77167e-06,0.999951,1.8924578e-05,2.429964e-05,b
test_3146.jpg,6.9622e-06,5.422167e-06,2.7264368e-06,0.999985,d
test_3147.jpg,0.00023044726,0.00023044726,2.7523001e-05,0.9995116,d
test_3148.jpg,3.50074e-06,0.99996376,8.3978375e-06,2.429995e-05,b
test_3149.jpg,3.1198993e-05,0.9998752,2.7533015e-05,6.604826e-05,b
test_3150.jpg,2.1443177e-05,3.1199637e-05,0.99989593,5.1439507e-05,c
test_3151.jpg,7.888487e-06,0.9998938,4.0061037e-05,5.828847e-05,b
test_3152.jpg,0.0011677432,0.9973214,0.0008025775,0.0007082721,b
test_3153.jpg,1.3006552e-05,4.2226093e-06,0.99994266,4.0062998e-05,c
test_3154.jpg,5.093652e-06,6.962197e-06,3.5008125e-06,0.9999845,d
test_3155.jpg,0.9606347,0.037247848,0.0009926215,0.0011247875,a
test_3156.jpg,8.8515253e-07,0.99999416,2.1233705e-06,2.9023035e-06,b
test_3157.jpg,1.7777202e-05,5.8289195e-05,0.9999062,1.7777202e-05,c
test_3158.jpg,0.006890952,0.90253663,0.039654694,0.050917637,b
test_3159.jpg,0.9999645,1.3006836e-05,1.3006836e-05,9.516004e-06,a
test_3160.jpg,5.1425402e-05,0.00012336312,0.99962175,0.00020339142,c
test_3161.jpg,0.17862816,0.016615007,0.0042009316,0.8005559,d
test_3162.jpg,1.0129611e-05,0.99995244,6.14392e-06,3.12014e-05,b
test_3163.jpg,0.025074465,0.7327833,0.20994593,0.032196254,b
test_3164.jpg,0.24410646,0.0027117778,0.75190085,0.0012809533,c
test_3165.jpg,0.7277206,0.0029740278,0.2677135,0.0015918824,a
test_3166.jpg,0.00020311073,0.0013244483,0.00023015459,0.99824226,d
test_3167.jpg,1.1478173e-05,2.7534708e-05,0.9999367,2.4299292e-05,c
test_3168.jpg,0.00015842542,5.1433206e-05,1.6697917e-05,0.99977344,d
test_3169.jpg,0.9999281,3.535496e-05,2.4299085e-05,1.22183465e-05,a
test_3170.jpg,8.397867e-06,0.9999672,5.4220704e-06,1.8924886e-05,b
test_3171.jpg,7.4843556e-05,1.147763e-05,2.4298142e-05,0.9998894,d
test_3172.jpg,0.998418,0.0015010607,5.820244e-05,2.2792403e-05,a
test_3173.jpg,0.9947995,0.004606836,0.00033371805,0.00025989985,a
test_3174.jpg,0.99989223,3.1199525e-05,4.5395038e-05,3.1199525e-05,a
test_3175.jpg,0.9803218,0.017955221,0.0013006718,0.0004222663,a
test_3176.jpg,0.99951494,0.00020336968,0.00015838446,0.00012334994,a
test_3177.jpg,0.0018237006,0.83369505,0.00031691164,0.16416427,b
test_3178.jpg,0.005884636,0.0035692125,0.00090243825,0.9896437,d
test_3179.jpg,0.00033487068,0.00026079753,0.0011688136,0.99823546,d
test_3180.jpg,0.99827516,0.00026080792,0.00013960044,0.0013244919,a
test_3181.jpg,0.49180618,0.0048214984,0.011566172,0.49180618,a
test_3182.jpg,0.99615556,0.00055095804,0.003170545,0.00012293537,a
test_3183.jpg,0.6317898,0.027758908,0.0022785899,0.33817273,a
test_3184.jpg,0.9999943,1.5534914e-06,1.5534914e-06,2.5612742e-06,a
test_3185.jpg,1.892266e-05,0.99984956,9.6097196e-05,3.5352183e-05,b
test_3186.jpg,8.939188e-06,2.931047e-05,0.9999342,2.753464e-05,c
test_3187.jpg,0.99993956,2.7534787e-05,2.282714e-05,1.0129481e-05,a
test_3188.jpg,0.99898535,0.00023032592,0.00015830054,0.00062609074,a
test_3189.jpg,7.4823816e-05,9.607568e-05,0.00020339222,0.9996257,d
test_3190.jpg,1.0129898e-05,6.1440946e-06,2.902265e-06,0.9999808,d
test_3191.jpg,0.0006260264,0.9988827,0.00026096663,0.00023030226,b
test_3192.jpg,0.9999858,4.78505e-06,3.9669453e-06,5.4221714e-06,a
test_3193.jpg,0.66216433,0.3127843,0.005055687,0.019995632,a
test_3194.jpg,0.002611888,0.008045182,0.059446298,0.92989653,d
test_3195.jpg,5.8280213e-05,0.00015842204,0.9997521,3.119515e-05,c
test_3196.jpg,0.10702063,0.09444538,0.007752549,0.79078144,d
test_3197.jpg,3.5350793e-05,0.9998103,9.609342e-05,5.8283604e-05,b
test_3198.jpg,0.6420631,0.007132677,0.34367162,0.007132677,a
test_3199.jpg,0.0005524877,0.0004302778,0.99892116,9.600796e-05,c
test_3200.jpg,0.00048615065,0.0024688765,0.99601585,0.0010291808,c
test_3201.jpg,8.397913e-06,7.4111326e-06,1.1478586e-05,0.9999727,d
test_3202.jpg,3.288722e-06,3.72661e-06,0.99998844,4.49515e-06,c
test_3203.jpg,5.1438976e-05,3.5353456e-05,0.99988556,2.75333e-05,c
test_3204.jpg,5.093687e-06,1.3709472e-06,2.1233645e-06,0.9999913,d
test_3205.jpg,0.9999882,2.9022863e-06,5.422184e-06,3.5008254e-06,a
test_3206.jpg,1.9946797e-06,2.1444826e-05,3.726552e-06,0.9999728,d
test_3207.jpg,0.9998486,3.535215e-05,8.480539e-05,3.1198164e-05,a
test_3208.jpg,0.005553134,0.9338935,0.059701815,0.00085160066,b
test_3209.jpg,1.8924182e-05,1.5688698e-05,0.99993,3.5355028e-05,c
test_3210.jpg,4.006247e-05,6.1437795e-06,0.99992955,2.429912e-05,c
test_3211.jpg,0.00055271795,5.141078e-05,5.8256042e-05,0.9993375,d
test_3212.jpg,0.2394757,0.30749288,0.4473995,0.0056319283,c
test_3213.jpg,0.9999763,6.5403246e-06,5.771816e-06,1.1478628e-05,a
test_3214.jpg,4.5397366e-05,6.54011e-06,4.4949475e-06,0.9999435,d
test_3215.jpg,0.9999347,1.3006448e-05,6.96185e-06,4.5396966e-05,a
test_3216.jpg,4.0062547e-05,1.892421e-05,0.99993145,9.51569e-06,c
test_3217.jpg,0.0024506534,0.00855362,0.00033165983,0.9886641,d
test_3218.jpg,2.4299745e-05,8.939377e-06,1.1478387e-05,0.9999553,d
test_3219.jpg,0.047374014,0.05368179,0.44947213,0.44947213,c
test_3220.jpg,0.90241313,0.0019740209,0.09511364,0.0004991106,a
test_3221.jpg,6.1440433e-06,0.99997246,8.397911e-06,1.3006939e-05,b
test_3222.jpg,0.99913603,0.00020329257,0.00023036066,0.0004303704,a
test_3223.jpg,4.5393048e-05,8.4805375e-05,0.99984837,2.1442158e-05,c
test_3224.jpg,0.99991274,2.429871e-05,3.5354416e-05,2.7534048e-05,a
test_3225.jpg,3.96691e-06,0.9999769,6.1440705e-06,1.3006997e-05,b
test_3226.jpg,0.006678229,0.0010241396,0.99113715,0.0011605022,c
test_3227.jpg,0.21213841,0.036864124,0.7404358,0.010561748,c
test_3228.jpg,1.1365432e-06,0.9999808,5.0936333e-06,1.3007048e-05,b
test_3229.jpg,2.4299203e-05,3.1200794e-05,0.999933,1.1478131e-05,c
test_3230.jpg,0.04197774,0.95540893,0.0018443732,0.0007688491,b
test_3231.jpg,0.030877888,0.2585374,0.0078071533,0.7027775,d
test_3232.jpg,0.8347057,0.0007611531,0.1643633,0.00016983622,a
test_3233.jpg,0.0016808897,0.9866577,0.000700699,0.010960777,b
test_3234.jpg,0.9998348,6.604559e-05,2.4296816e-05,7.4839474e-05,a
test_3235.jpg,0.9998485,8.480538e-05,8.39687e-06,5.8285834e-05,a
test_3236.jpg,1.0783033e-05,2.144462e-05,4.4950366e-06,0.9999633,d
test_3237.jpg,0.9999466,1.670081e-05,1.777792e-05,1.8924495e-05,a
test_3238.jpg,0.9998807,1.3005746e-05,8.480811e-05,2.144285e-05,a
test_3239.jpg,0.0031126558,0.0031126558,0.01580737,0.9779674,d
test_3240.jpg,0.007995997,0.066949666,0.00084277184,0.92421156,d
test_3241.jpg,2.4299075e-05,1.6700495e-05,0.99992776,3.120063e-05,c
test_3242.jpg,0.08328564,0.895405,0.006836501,0.014472874,b
test_3243.jpg,0.9999944,1.5534915e-06,1.6536832e-06,2.4060946e-06,a
test_3244.jpg,5.1438907e-05,0.99988425,2.4298019e-05,4.0060655e-05,b
test_3245.jpg,0.97842926,0.02030665,0.000892212,0.0003719293,a
test_3246.jpg,0.003583395,0.9935761,0.002462829,0.00037768707,b
test_3247.jpg,9.608973e-05,0.9997719,6.604144e-05,6.604144e-05,b
test_3248.jpg,0.016258547,0.002493329,0.88768655,0.09356147,c
test_3249.jpg,0.0006262644,6.6007786e-05,4.5366443e-05,0.9992624,d
test_3250.jpg,1.8738585e-06,4.495153e-06,4.495153e-06,0.99998915,d
test_3251.jpg,0.04333546,0.06305273,0.0231958,0.870416,d
test_3252.jpg,0.9999956,1.2098618e-06,2.1233736e-06,1.0030107e-06,a
test_3253.jpg,0.00013980578,5.827972e-05,0.99974364,5.827972e-05,c
test_3254.jpg,0.0007091633,0.00033498503,0.0003795878,0.9985763,d
test_3255.jpg,0.00020335398,0.00017945924,0.00017945924,0.99943775,d
test_3256.jpg,6.603104e-05,5.827219e-05,0.9996145,0.00026115784,c
test_3257.jpg,0.9446918,0.053295866,0.0014202866,0.00059206353,a
test_3258.jpg,0.99997985,7.411186e-06,6.540348e-06,6.1440887e-06,a
test_3259.jpg,0.33972913,0.49430296,0.16047667,0.00549121,b
test_3260.jpg,7.4109357e-06,0.9999461,1.8924486e-05,2.7534967e-05,b
test_3261.jpg,0.9998845,4.0060666e-05,4.0060666e-05,3.5353416e-05,a
test_3262.jpg,0.82894415,0.011824253,0.015182642,0.14404888,a
test_3263.jpg,0.032674022,0.0018433423,0.010607704,0.95487493,d
test_3264.jpg,0.0015007631,0.00013959272,0.00013959272,0.99822,d
test_3265.jpg,0.082436614,0.0076678,0.88627714,0.023618486,c
test_3266.jpg,2.4299501e-05,1.5688938e-05,0.9999453,1.4738392e-05,c
test_3267.jpg,0.041706085,0.0034234438,0.9492261,0.005644304,c
test_3268.jpg,0.9999312,1.5688718e-05,4.006254e-05,1.3006403e-05,a
test_3269.jpg,1.4738852e-05,3.7265656e-06,5.0936114e-06,0.9999765,d
test_3270.jpg,2.4297531e-05,0.9998642,6.6047534e-05,4.539377e-05,b
test_3271.jpg,0.99998224,1.9946983e-06,2.7264293e-06,1.3007067e-05,a
test_3272.jpg,3.1193205e-05,1.7773355e-05,0.9996898,0.00026117748,c
test_3273.jpg,0.99991584,5.1440533e-05,2.4298786e-05,8.3974355e-06,a
test_3274.jpg,4.5384008e-05,0.9996493,7.4825584e-05,0.000230479,b
test_3275.jpg,0.0031710311,0.99630827,0.00026029404,0.00026029404,b
test_3276.jpg,0.09179423,0.023209216,0.8709194,0.014077102,c
test_3277.jpg,0.03128978,0.021505129,0.80697405,0.14023104,c
test_3278.jpg,1.012981e-05,4.784984e-06,0.9999721,1.3006935e-05,c
test_3279.jpg,0.99632204,0.00017889978,0.0024696356,0.0010294971,a
test_3280.jpg,4.5394558e-05,4.5394558e-05,0.9998816,2.7533191e-05,c
test_3281.jpg,0.9975266,0.0014997205,0.00048688802,0.00048688802,a
test_3282.jpg,0.9998267,4.5392062e-05,0.0001088899,1.8922226e-05,a
test_3283.jpg,1.4738766e-05,3.7265438e-06,0.9999707,1.0783112e-05,c
test_3284.jpg,0.00017943443,3.319203e-05,0.0004877534,0.9992995,d
test_3285.jpg,5.1436167e-05,2.1441783e-05,0.99983096,9.6095406e-05,c
test_3286.jpg,1.4593688e-06,0.99999344,1.3709501e-06,3.7266288e-06,b
test_3287.jpg,4.53954e-05,0.9999002,1.8923618e-05,3.5353973e-05,b
test_3288.jpg,7.4825584e-05,4.5384008e-05,0.000230479,0.9996493,d
test_3289.jpg,0.99988437,2.7533268e-05,4.2644355e-05,4.539468e-05,a
test_3290.jpg,0.0005520643,0.0002607767,0.99815565,0.0010313919,c
test_3291.jpg,0.8226207,0.028148532,0.14295003,0.0062807864,a
test_3292.jpg,0.017946437,0.00054193544,0.0016692788,0.97984225,d
test_3293.jpg,0.99991226,5.8289548e-05,6.539906e-06,2.2826516e-05,a
test_3294.jpg,0.0002295469,0.0024678619,0.0016961352,0.9956065,d
test_3295.jpg,1.4738849e-05,5.771816e-06,3.288682e-06,0.9999763,d
test_3296.jpg,9.516158e-06,6.144093e-06,3.7265809e-06,0.99998057,d
test_3297.jpg,0.00043047802,0.00010884189,7.480587e-05,0.99938583,d
test_3298.jpg,5.142993e-05,3.5347242e-05,0.9997098,0.00020340932,c
test_3299.jpg,0.99938786,0.00012333426,0.00010884211,0.0003798963,a
test_3300.jpg,5.093523e-06,1.8924735e-05,1.670102e-05,0.99995923,d
test_3301.jpg,7.4111017e-06,0.9999685,7.4111017e-06,1.6701175e-05,b
test_3302.jpg,1.8738729e-06,6.893593e-07,6.4759314e-07,0.9999968,d
test_3303.jpg,0.999967,1.670115e-05,8.939481e-06,7.4110903e-06,a
test_3304.jpg,1.4737452e-05,5.8287755e-05,0.9998815,4.539455e-05,c
test_3305.jpg,4.4949315e-06,2.429937e-05,0.9999399,3.1201012e-05,c
test_3306.jpg,0.9999982,3.9278564e-07,6.8936026e-07,7.3382023e-07,a
test_3307.jpg,0.00017949102,0.00013978776,6.6031054e-05,0.9996147,d
test_3308.jpg,0.00043050232,0.9994423,3.1185486e-05,9.605805e-05,b
test_3309.jpg,5.82875e-05,3.5353158e-05,0.9998771,2.9308796e-05,c
test_3310.jpg,0.09483324,0.0017369314,0.0036770839,0.89975274,d
test_3311.jpg,0.011977681,0.7410329,0.24057816,0.0064111906,b
test_3312.jpg,0.00023039716,0.00029583584,0.9992943,0.00017943348,c
test_3313.jpg,0.99999595,1.2878917e-06,1.003011e-06,1.7603392e-06,a
test_3314.jpg,0.00026113162,8.477703e-05,0.0001397737,0.9995142,d
test_3315.jpg,7.88914e-06,8.939567e-06,0.99997663,6.540327e-06,c
test_3316.jpg,0.00048494063,0.004060358,0.0019179772,0.9935368,d
test_3317.jpg,0.42433926,0.027127102,0.5448624,0.003671254,c
test_3318.jpg,0.99993694,3.535527e-05,1.3845323e-05,1.3845323e-05,a
test_3319.jpg,8.480706e-05,3.1198775e-05,1.568773e-05,0.9998683,d
test_3320.jpg,0.103958026,0.01594248,0.8704299,0.009669604,c
test_3321.jpg,0.04659674,0.64324814,0.30384892,0.006306183,b
test_3322.jpg,0.0024637426,0.0007998601,0.9939447,0.0027917863,c
test_3323.jpg,0.022950502,0.97588015,0.0006930451,0.0004763225,b
test_3324.jpg,0.00029580825,0.00012331121,0.9992011,0.00037982527,c
test_3325.jpg,2.0137653e-05,1.8917575e-05,0.9995809,0.00037996966,c
test_3326.jpg,2.406074e-06,0.9999858,6.962206e-06,4.78505e-06,b
test_3327.jpg,0.15655148,0.79503405,0.039582413,0.008832031,b
test_3328.jpg,0.34760466,0.5057618,0.09959039,0.047043175,b
test_3329.jpg,0.13122682,0.006533398,0.85570633,0.006533398,c
test_3330.jpg,4.222796e-06,3.7266047e-06,0.999987,5.0936646e-06,c
test_3331.jpg,1.8924718e-05,1.4738585e-05,7.888996e-06,0.9999584,d
test_3332.jpg,0.9379701,0.00096920226,0.00109825,0.05996242,a
test_3333.jpg,6.144121e-06,2.9022774e-06,0.9999851,5.771867e-06,c
test_3334.jpg,1.4738617e-05,1.7778168e-05,6.96203e-06,0.99996054,d
test_3335.jpg,6.14362e-06,0.99990356,2.4298488e-05,6.605014e-05,b
test_3336.jpg,0.0007062179,0.0046051196,0.9944289,0.00025980303,c
test_3337.jpg,0.051560473,0.9139312,0.01015286,0.024355441,b
test_3338.jpg,0.00026103455,0.00026103455,0.99914265,0.00033517502,c
test_3339.jpg,0.99775547,0.00029538025,0.0013238024,0.00062531995,a
test_3340.jpg,0.006943319,0.17907056,0.8025386,0.011447597,c
test_3341.jpg,0.9999554,2.28275e-05,1.221868e-05,9.5159185e-06,a
test_3342.jpg,0.0014974318,0.9960043,0.0008015175,0.0016968128,b
test_3343.jpg,0.0015001906,0.9978393,0.0005518893,0.00010867345,b
test_3344.jpg,0.99993145,2.0144716e-05,3.535508e-05,1.3006406e-05,a
test_3345.jpg,0.020234559,0.003516239,0.9749556,0.001293552,c
test_3346.jpg,8.397743e-06,3.12014e-05,7.888949e-06,0.99995244,d
test_3347.jpg,2.4060885e-06,3.2887333e-06,2.4060885e-06,0.9999919,d
test_3348.jpg,3.3214e-05,3.7265079e-06,2.1233002e-06,0.999961,d
test_3349.jpg,0.00070585724,0.00015749804,0.99392104,0.0052156188,c
test_3350.jpg,0.001168662,0.998106,0.00029548403,0.00042992673,b
test_3351.jpg,0.0002958257,0.0001088282,0.9992601,0.00033521443,c
test_3352.jpg,0.9999877,3.2887194e-06,3.966953e-06,5.0936683e-06,a
test_3353.jpg,1.8924473e-05,0.9999454,1.8924473e-05,1.670079e-05,b
test_3354.jpg,0.99899334,0.00062609575,8.473285e-05,0.00029574672,a
test_3355.jpg,0.017355228,0.83622175,0.0011094827,0.14531355,b
test_3356.jpg,1.7603297e-06,5.0936833e-06,2.5612646e-06,0.9999906,d
test_3357.jpg,0.9999927,1.1365568e-06,1.8738652e-06,4.2228203e-06,a
test_3358.jpg,0.0006262058,0.00010881827,0.999169,9.603178e-05,c
test_3359.jpg,0.9999318,4.5396835e-05,8.939167e-06,1.3845252e-05,a
test_3360.jpg,0.0065785605,0.9763449,0.015781146,0.0012953953,b
test_3361.jpg,1.3006087e-05,4.0061565e-05,0.9999069,4.0061565e-05,c
test_3362.jpg,1.2878772e-06,0.99998474,6.1441187e-06,7.889204e-06,b
test_3363.jpg,0.9999889,1.9947117e-06,3.7266118e-06,5.422188e-06,a
test_3364.jpg,4.784897e-06,0.99995387,1.3845558e-05,2.7535181e-05,b
test_3365.jpg,5.828201e-05,0.999783,3.534983e-05,0.00012338301,b
test_3366.jpg,0.025265692,0.0153244175,0.30779916,0.6516108,d
test_3367.jpg,1.1478675e-05,4.495114e-06,3.5007984e-06,0.99998045,d
test_3368.jpg,0.00010881351,0.00013971931,0.00062617846,0.9991253,d
test_3369.jpg,7.483575e-05,3.119618e-05,0.00010888537,0.9997851,d
test_3370.jpg,2.561269e-06,3.5008397e-06,1.7603327e-06,0.99999225,d
test_3371.jpg,0.998459,0.00029558854,0.00033494568,0.0009104767,a
test_3372.jpg,6.1440205e-06,0.99996877,8.39788e-06,1.6701179e-05,b
test_3373.jpg,4.006141e-05,0.9999031,3.5354074e-05,2.144333e-05,b
test_3374.jpg,0.999987,2.5612555e-06,3.9669503e-06,6.5403947e-06,a
test_3375.jpg,6.1441633e-06,1.2098575e-06,6.4759007e-07,0.999992,d
test_3376.jpg,0.005163752,0.0011521887,0.984037,0.009647159,c
test_3377.jpg,1.8923374e-05,0.99988735,5.8288097e-05,3.5353518e-05,b
test_3378.jpg,1.0129665e-05,0.9999577,1.0782972e-05,2.14445e-05,b
test_3379.jpg,3.0894553e-06,0.99998426,5.771862e-06,6.962195e-06,b
test_3380.jpg,0.0006259874,0.00043023448,0.9988205,0.00012326424,c
test_3381.jpg,0.9999652,8.39785e-06,1.8924848e-05,7.411077e-06,a
test_3382.jpg,2.5612524e-06,2.123353e-06,0.9999858,9.516208e-06,c
test_3383.jpg,0.9996879,6.6035886e-05,4.2635973e-05,0.00020340487,a
test_3384.jpg,0.0115581425,0.06651252,0.0037523794,0.91817695,d
test_3385.jpg,6.5399317e-06,2.5865933e-05,5.144055e-05,0.9999162,d
test_3386.jpg,9.607308e-05,7.482179e-05,0.9995987,0.00023046733,c
test_3387.jpg,0.0001233762,0.99972767,4.0054383e-05,0.00010887912,b
test_3388.jpg,0.9996087,0.00029592888,2.9300927e-05,6.6030654e-05,a
test_3389.jpg,6.54033e-06,8.939572e-06,0.9999771,7.4111654e-06,c
test_3390.jpg,0.99990714,1.568834e-05,5.828925e-05,1.8923749e-05,a
test_3391.jpg,0.72832316,0.00204571,0.0016959531,0.26793516,a
test_3392.jpg,0.0011498982,0.0008955417,0.9820807,0.015873855,c
test_3393.jpg,5.421967e-06,0.99994814,1.8924524e-05,2.7535023e-05,b
test_3394.jpg,0.00015831566,5.1397572e-05,0.9990808,0.0007095216,c
test_3395.jpg,5.0936246e-06,0.99997914,7.88916e-06,7.88916e-06,b
test_3396.jpg,1.0129843e-05,8.397935e-06,6.144061e-06,0.9999753,d
test_3397.jpg,0.00026113298,0.99951947,0.0001233505,9.6065465e-05,b
test_3398.jpg,0.00020339631,0.9996458,8.478819e-05,6.603311e-05,b
test_3399.jpg,0.0008036105,0.0002956318,0.9986051,0.0002956318,c
test_3400.jpg,0.018886253,0.4870829,0.4870829,0.0069478643,b
test_3401.jpg,0.0004875446,0.99887174,0.0003797001,0.00026096377,b
test_3402.jpg,2.7263939e-06,0.99996924,6.5402787e-06,2.1444748e-05,b
test_3403.jpg,0.96839106,0.0030821764,0.025806747,0.0027200114,a
test_3404.jpg,0.7543947,0.2449161,0.0005357518,0.00015349546,a
test_3405.jpg,6.144065e-06,1.47388455e-05,3.0894298e-06,0.99997604,d
test_3406.jpg,5.1432686e-05,0.00013980853,0.9997633,4.5389184e-05,c
test_3407.jpg,0.00070309284,0.00070309284,0.008565424,0.99002844,d
test_3408.jpg,3.2887317e-06,2.5612667e-06,0.9999914,2.7264543e-06,c
test_3409.jpg,0.0052826637,0.012672451,0.88840747,0.09363745,c
test_3410.jpg,0.00043028122,0.00026097873,0.00037972184,0.99892896,d
test_3411.jpg,0.9997112,0.00013980125,0.00010887733,4.0053725e-05,a
test_3412.jpg,2.429955e-05,6.9619377e-06,0.9999473,2.1444279e-05,c
test_3413.jpg,1.2217777e-05,0.9998815,2.1442867e-05,8.480818e-05,b
test_3414.jpg,0.00015808486,0.0021822944,3.5273504e-05,0.99762434,d
test_3415.jpg,0.004596421,0.0016909288,0.9925505,0.0011621572,c
test_3416.jpg,0.9999752,1.2218922e-05,3.7265609e-06,8.939554e-06,a
test_3417.jpg,0.99999285,1.3709493e-06,2.2603133e-06,3.5008418e-06,a
test_3418.jpg,4.006021e-05,5.143834e-05,0.99987316,3.5353016e-05,c
test_3419.jpg,0.0024979734,0.10621653,0.8893401,0.0019454237,c
test_3420.jpg,6.604847e-05,3.53532e-05,0.9998784,2.0143647e-05,c
test_3421.jpg,4.2228266e-06,1.1365585e-06,4.7378802e-07,0.99999416,d
test_3422.jpg,0.99998975,2.4060835e-06,5.0936787e-06,2.7264498e-06,a
test_3423.jpg,0.000379556,0.0010317402,0.9984927,9.596679e-05,c
test_3424.jpg,0.9999949,2.5612756e-06,6.4759195e-07,1.9947236e-06,a
test_3425.jpg,8.4788364e-05,0.99964786,0.00015840551,0.00010887042,b
test_3426.jpg,1.2878851e-06,0.9999908,2.5612653e-06,5.4221987e-06,b
test_3427.jpg,0.00043003575,0.0010316022,0.99835914,0.00017926557,c
test_3428.jpg,2.9022694e-06,8.939619e-06,5.771851e-06,0.99998236,d
test_3429.jpg,0.9999366,2.014482e-05,1.5688802e-05,2.7534705e-05,a
test_3430.jpg,0.99998176,2.1233443e-06,1.300706e-05,3.0894475e-06,a
test_3431.jpg,8.939473e-06,0.99996614,1.012975e-05,1.4738699e-05,b
test_3432.jpg,5.828902e-05,1.5688278e-05,0.9999032,2.2826309e-05,c
test_3433.jpg,0.9999168,4.5396155e-05,3.120029e-05,6.5399354e-06,a
test_3434.jpg,1.6700926e-05,0.9999536,1.3006695e-05,1.6700926e-05,b
test_3435.jpg,1.4593675e-06,3.5008404e-06,0.9999925,2.5612694e-06,c
test_3436.jpg,8.939622e-06,2.9022704e-06,0.9999827,5.4221546e-06,c
test_3437.jpg,0.017860325,0.8605587,0.11646395,0.0051170685,b
test_3438.jpg,0.9771324,0.013938044,0.001469059,0.0074604973,a
test_3439.jpg,4.0060208e-05,0.99987304,5.1438332e-05,3.5353012e-05,b
test_3440.jpg,0.9998367,5.8285143e-05,8.480438e-05,2.0142807e-05,a
test_3441.jpg,0.0006242369,0.00055088714,0.99602735,0.002797636,c
test_3442.jpg,0.94307226,0.0056077125,0.046952803,0.0043672915,a
test_3443.jpg,9.516062e-06,0.99997056,6.1440314e-06,1.3845789e-05,b
test_3444.jpg,1.473851e-05,0.99995327,6.1439255e-06,2.5866892e-05,b
test_3445.jpg,0.99384624,0.00017845523,6.565001e-05,0.0059096254,a
test_3446.jpg,6.962226e-06,2.7264468e-06,1.6536736e-06,0.9999887,d
test_3447.jpg,0.00091024314,0.9982028,0.00033485974,0.00055209035,b
test_3448.jpg,0.0013243096,0.9981377,0.0003348379,0.00020308945,b
test_3449.jpg,0.99981374,2.5863283e-05,5.143528e-05,0.00010888849,a
test_3450.jpg,8.939653e-06,3.7266016e-06,1.1365494e-06,0.9999862,d
test_3451.jpg,5.0936355e-06,3.5008013e-06,0.9999813,1.0129904e-05,c
test_3452.jpg,0.99939895,3.533625e-05,0.00023042128,0.000335261,a
test_3453.jpg,0.9998568,2.9308201e-05,9.6097894e-05,1.7776325e-05,a
test_3454.jpg,5.8281075e-05,0.9997669,5.1432868e-05,0.00012338103,b
test_3455.jpg,0.99997914,5.7718325e-06,2.9022601e-06,1.221897e-05,a
test_3456.jpg,0.00023039966,0.9993051,0.000261077,0.00020332698,b
test_3457.jpg,0.00023049137,0.9997029,3.1193616e-05,3.5346995e-05,b
test_3458.jpg,0.9999583,2.0145257e-05,1.1478421e-05,1.012967e-05,a
test_3459.jpg,1.6701162e-05,8.939489e-06,6.540269e-06,0.9999678,d
test_3460.jpg,7.3381557e-07,0.9999919,2.561268e-06,4.785079e-06,b
test_3461.jpg,0.0006260004,0.00048752967,4.5347322e-05,0.9988412,d
test_3462.jpg,5.0936546e-06,0.999985,3.7265972e-06,6.14412e-06,b
test_3463.jpg,0.16370161,0.0038498933,0.83134544,0.0011030128,c
test_3464.jpg,0.002168315,0.005894091,0.00070394884,0.99123377,d
test_3465.jpg,0.00012337595,0.99972576,6.603839e-05,8.479497e-05,b
test_3466.jpg,0.35792774,0.59012306,0.048440248,0.0035089997,b
test_3467.jpg,0.99975914,9.60885e-05,0.00012338007,2.1440243e-05,a
test_3468.jpg,0.96487814,0.022691758,0.0050632157,0.007366935,a
test_3469.jpg,2.4299627e-05,1.384551e-05,0.9999504,1.1478331e-05,c
test_3470.jpg,0.9997515,8.479715e-05,0.000108881715,5.4749158e-05,a
test_3471.jpg,1.7603178e-06,0.9999838,6.144113e-06,8.398006e-06,b
test_3472.jpg,1.4738906e-05,3.0894428e-06,1.9946942e-06,0.9999802,d
test_3473.jpg,6.5403424e-06,0.999979,7.889159e-06,6.5403424e-06,b
test_3474.jpg,6.5403883e-06,4.495139e-06,0.99998605,2.9022801e-06,c
test_3475.jpg,0.0010260639,0.11859686,0.8763189,0.0040581618,c
test_3476.jpg,0.0021774617,0.00048585742,0.9954151,0.0019216032,c
test_3477.jpg,0.00070858095,0.000909836,0.9977563,0.0006253205,c
test_3478.jpg,1.4738903e-05,2.9022624e-06,2.4060598e-06,0.99998,d
test_3479.jpg,0.99855715,0.00043012106,0.00091056625,0.000102162696,a
test_3480.jpg,0.9999428,2.7534876e-05,6.9619064e-06,2.2827213e-05,a
test_3481.jpg,4.7850285e-06,3.7265838e-06,0.9999814,1.0129905e-05,c
test_3482.jpg,7.4829804e-05,0.00017950735,4.00535e-05,0.9997056,d
test_3483.jpg,1.6701188e-05,6.1440232e-06,7.889082e-06,0.99996924,d
test_3484.jpg,5.143936e-05,0.99989307,2.4298233e-05,3.119955e-05,b
test_3485.jpg,5.0936296e-06,7.889167e-06,6.962166e-06,0.9999801,d
test_3486.jpg,5.82872e-05,4.5394117e-05,0.99987197,2.429772e-05,c
test_3487.jpg,0.013624718,0.2415039,0.7438844,0.0009869712,c
test_3488.jpg,0.71659726,0.26362142,0.016852753,0.0029285692,a
test_3489.jpg,0.99997973,5.771836e-06,8.397972e-06,6.144088e-06,a
test_3490.jpg,2.0144545e-05,0.999923,2.1443757e-05,3.535478e-05,b
test_3491.jpg,0.99999464,1.3709517e-06,1.8738689e-06,2.1233716e-06,a
test_3492.jpg,1.3006708e-05,2.1444437e-05,1.078294e-05,0.9999547,d
test_3493.jpg,0.00750749,0.9832872,0.008507101,0.0006983054,b
test_3494.jpg,0.9999515,6.961967e-06,3.5355784e-05,6.143914e-06,a
test_3495.jpg,0.9964594,0.00022974354,0.0031715122,0.00013934652,a
test_3496.jpg,2.1233677e-06,2.7264582e-06,0.99999285,2.2603133e-06,c
test_3497.jpg,5.828508e-05,6.604565e-05,4.005871e-05,0.9998356,d
test_3498.jpg,0.00015841231,6.6036075e-05,8.4792e-05,0.9996908,d
test_3499.jpg,0.0009083587,0.0004862094,0.99613625,0.002469175,c
test_3500.jpg,7.889026e-06,0.9999622,8.397825e-06,2.1444597e-05,b
test_3501.jpg,0.99998057,3.7265809e-06,6.144093e-06,9.516158e-06,a
test_3502.jpg,0.00029593596,5.1425955e-05,2.0138694e-05,0.9996325,d
test_3503.jpg,0.00020341626,0.9997439,2.1439915e-05,3.1194893e-05,b
test_3504.jpg,6.601728e-05,0.9994062,4.0041505e-05,0.00048780546,b
test_3505.jpg,0.046258863,0.008038585,0.8199579,0.12574463,c
test_3506.jpg,6.9621838e-06,5.0936424e-06,0.9999826,5.4221537e-06,c
test_3507.jpg,0.00023049406,4.5386972e-05,0.99971455,9.5136265e-06,c
test_3508.jpg,0.9997547,3.534883e-05,5.1432246e-05,0.00015842245,a
test_3509.jpg,0.9993051,0.000261077,0.00020332698,0.00023039966,a
test_3510.jpg,0.17745258,0.021193689,0.37566712,0.42568663,d
test_3511.jpg,0.0005523796,0.00062592805,9.5989184e-05,0.9987257,d
test_3512.jpg,0.13351421,0.11782587,0.28264958,0.46601036,d
test_3513.jpg,2.281917e-05,0.99959046,5.142379e-05,0.00033532523,b
test_3514.jpg,0.4967012,0.4967012,0.0042973077,0.002300183,a
test_3515.jpg,0.00013976343,0.0001583727,0.9994407,0.00026111244,c
test_3516.jpg,6.143945e-06,0.9999565,1.3006732e-05,2.4299774e-05,b
test_3517.jpg,5.1437964e-05,5.1437964e-05,0.9998659,3.1198702e-05,c
test_3518.jpg,8.480107e-05,6.604314e-05,0.99979764,5.143445e-05,c
test_3519.jpg,0.9999397,4.784829e-06,2.4299365e-05,3.1201005e-05,a
test_3520.jpg,0.99999106,2.4060864e-06,1.994716e-06,4.4951616e-06,a
test_3521.jpg,0.008553484,0.0013117193,0.98864836,0.0014863727,c
test_3522.jpg,0.9998903,2.5865265e-05,6.604926e-05,1.777692e-05,a
test_3523.jpg,1.6699436e-05,0.99986434,2.2825423e-05,9.6098614e-05,b
test_3524.jpg,0.9907041,0.0027826843,0.005198738,0.0013144468,a
test_3525.jpg,6.962113e-06,8.397911e-06,0.99997246,1.22188885e-05,c
test_3526.jpg,3.1200998e-05,2.144411e-05,7.888847e-06,0.99993944,d
test_3527.jpg,0.0013224679,0.00022981045,0.0016980825,0.99674964,d
test_3528.jpg,0.0019093198,0.9890521,0.0075515057,0.0014869797,b
test_3529.jpg,7.8891635e-06,7.411184e-06,5.0936274e-06,0.9999796,d
test_3530.jpg,0.99995935,1.2218728e-05,1.8924737e-05,9.515956e-06,a
test_3531.jpg,5.771839e-06,7.889168e-06,0.9999802,6.144091e-06,c
test_3532.jpg,2.1233636e-06,0.99999094,2.726453e-06,4.222813e-06,b
test_3533.jpg,0.99900407,0.00062610244,0.00026099835,0.000108800305,a
test_3534.jpg,0.0010311645,0.0008030718,0.99793565,0.0002300839,c
test_3535.jpg,0.0019254639,0.00022996386,0.99741495,0.00042962906,c
test_3536.jpg,0.9903115,0.0035716211,0.0058886074,0.00022832608,a
test_3537.jpg,0.5888722,0.04265776,0.27816352,0.090306476,a
test_3538.jpg,0.14199355,0.49560615,0.3406248,0.021775415,b
test_3539.jpg,3.7265702e-06,0.9999777,7.889149e-06,1.0783188e-05,b
test_3540.jpg,2.726453e-06,0.99999094,2.1233636e-06,4.222813e-06,b
test_3541.jpg,0.0019222047,0.9957267,0.0019222047,0.00042890184,b
test_3542.jpg,1.1477148e-05,0.9998474,1.7776158e-05,0.00012339097,b
test_3543.jpg,0.0016999829,0.00029541273,0.99786514,0.00013954309,c
test_3544.jpg,0.0019263219,0.00013954229,0.9978594,7.469161e-05,c
test_3545.jpg,1.4738693e-05,1.4738693e-05,4.7849535e-06,0.99996567,d
test_3546.jpg,0.0013240221,0.99792105,0.0005519345,0.00020304536,b
test_3547.jpg,0.7432475,0.0018423265,0.013613054,0.24129714,a
test_3548.jpg,0.9992636,0.0003352156,6.600786e-05,0.0003352156,a
test_3549.jpg,0.6350307,0.0033323353,0.021729555,0.33990744,a
test_3550.jpg,0.99743587,0.0011678772,0.00048684372,0.00090954377,a
test_3551.jpg,0.8177425,0.008016866,0.013217577,0.16102304,a
test_3552.jpg,1.5689187e-05,1.3006792e-05,0.99996114,1.0129699e-05,c
test_3553.jpg,0.9774965,0.0058124065,0.00089136144,0.015799759,a
test_3554.jpg,1.0782592e-05,0.9999224,2.1443744e-05,4.539641e-05,b
test_3555.jpg,1.5689304e-05,8.3978775e-06,7.4111017e-06,0.9999685,d
test_3556.jpg,0.99998796,8.398041e-06,1.7603252e-06,1.8738564e-06,a
test_3557.jpg,0.00017951487,2.75295e-05,4.538847e-05,0.9997476,d
test_3558.jpg,0.29323733,0.035022207,0.62078345,0.050957005,c
test_3559.jpg,2.9022342e-06,0.9999702,5.422087e-06,2.144477e-05,b
test_3560.jpg,0.6105381,0.28839782,0.082627356,0.018436655,a
test_3561.jpg,9.515884e-06,3.1201384e-05,0.99995184,7.410978e-06,c
test_3562.jpg,7.889247e-06,1.1365539e-06,6.8935475e-07,0.9999902,d
test_3563.jpg,5.4219395e-06,0.999943,1.1478246e-05,4.006301e-05,b
test_3564.jpg,0.0016960831,0.00026010274,0.0024677864,0.995576,d
test_3565.jpg,0.05976596,0.08695895,0.02823144,0.8250436,d
test_3566.jpg,0.00054933387,0.99321896,0.004059059,0.0021726578,b
test_3567.jpg,3.2887388e-06,1.6536817e-06,1.459369e-06,0.99999356,d
test_3568.jpg,0.99985313,7.484084e-05,2.9308094e-05,4.264302e-05,a
test_3569.jpg,7.889121e-06,0.99997413,7.889121e-06,1.0129831e-05,b
test_3570.jpg,7.4112e-06,6.5403606e-06,4.2227744e-06,0.99998176,d
test_3571.jpg,3.5349247e-05,0.9997665,5.8281053e-05,0.00013980898,b
test_3572.jpg,0.022629155,0.96221614,0.009433236,0.0057215462,b
test_3573.jpg,1.568941e-05,5.7718107e-06,3.2886787e-06,0.9999753,d
test_3574.jpg,0.0026405768,0.010443684,0.04680534,0.9401104,d
test_3575.jpg,0.00091046776,0.9984491,0.00026085335,0.00037953944,b
test_3576.jpg,0.009683371,0.0021606518,0.00042545758,0.98773056,d
test_3577.jpg,0.0018625736,0.96483696,0.033014905,0.00028563492,b
test_3578.jpg,0.99954295,0.00013977772,0.00029590944,2.1435606e-05,a
test_3579.jpg,0.99461454,0.00055010576,0.0046059797,0.00022931819,a
test_3580.jpg,0.00042813426,0.0024637426,0.9939447,0.0031635081,c
test_3581.jpg,0.0010318492,0.00013964562,0.9985983,0.00023023668,c
test_3582.jpg,1.2218297e-05,5.1440955e-05,1.2218297e-05,0.99992406,d
test_3583.jpg,1.0129779e-05,1.3006895e-05,7.88908e-06,0.999969,d
test_3584.jpg,0.64564335,0.0049295477,0.345588,0.0038391356,a
test_3585.jpg,0.0010306342,0.99742234,0.0011678614,0.00037914913,b
test_3586.jpg,0.00856864,0.00054777483,0.00048340962,0.99040014,d
test_3587.jpg,6.143866e-06,0.9999436,1.0129522e-05,4.0063034e-05,b
test_3588.jpg,3.535512e-05,1.8924231e-05,0.99993265,1.3006422e-05,c
test_3589.jpg,0.0029543717,0.49684897,0.003347742,0.49684897,b
test_3590.jpg,0.9997956,2.0141979e-05,2.5862813e-05,0.00015842893,a
test_3591.jpg,0.00010888331,0.9997662,4.0055926e-05,8.47984e-05,b
test_3592.jpg,1.30068465e-05,1.2218801e-05,0.9999653,9.516012e-06,c
test_3593.jpg,0.0024695115,0.99627197,0.0005510225,0.0007075268,b
test_3594.jpg,1.8923713e-05,0.9999052,2.4298528e-05,5.1439987e-05,b
test_3595.jpg,4.2227225e-06,0.9999695,1.147855e-05,1.4738748e-05,b
test_3596.jpg,1.012958e-05,0.99994934,1.3006638e-05,2.7535056e-05,b
test_3597.jpg,1.0129616e-05,5.771681e-06,0.9999529,3.1201416e-05,c
test_3598.jpg,1.8923889e-05,3.120022e-05,0.9999145,3.535448e-05,c
test_3599.jpg,0.0007089253,0.00013959568,0.0009102781,0.9982412,d
test_3600.jpg,4.539682e-05,0.99993145,8.3975665e-06,1.4738188e-05,b
test_3601.jpg,1.4737139e-05,4.00597e-05,0.9998603,8.480639e-05,c
test_3602.jpg,0.0010272108,0.00025971956,0.00460364,0.9941094,d
test_3603.jpg,0.9999739,1.07831465e-05,6.962123e-06,8.397923e-06,a
test_3604.jpg,1.7778279e-05,8.939479e-06,6.5402623e-06,0.99996674,d
test_3605.jpg,1.2218903e-05,5.771801e-06,8.397921e-06,0.99997365,d
test_3606.jpg,0.037272528,0.00077356666,0.00068267016,0.96127117,d
test_3607.jpg,3.2886917e-06,0.99997926,4.4951084e-06,1.30070275e-05,b
test_3608.jpg,5.1433875e-05,6.60424e-05,0.99978644,9.609113e-05,c
test_3609.jpg,1.4738306e-05,0.99993944,2.144411e-05,2.429936e-05,b
test_3610.jpg,0.9999801,9.516153e-06,7.889167e-06,2.5612378e-06,a
test_3611.jpg,1.4738406e-05,0.99994624,2.4299525e-05,1.4738406e-05,b
test_3612.jpg,1.2218695e-05,1.8924686e-05,1.2218695e-05,0.9999566,d
test_3613.jpg,0.0013211082,0.002468155,0.00048600856,0.9957248,d
test_3614.jpg,0.0051550795,0.9823843,0.006619253,0.0058414703,b
test_3615.jpg,8.480525e-05,5.143699e-05,1.6699145e-05,0.99984694,d
test_3616.jpg,0.0021528588,0.008514722,0.00516444,0.984168,d
test_3617.jpg,2.726391e-06,0.9999682,8.939492e-06,2.0145455e-05,b
test_3618.jpg,0.9976921,0.0011681772,0.0009097774,0.00023002774,a
test_3619.jpg,0.99999404,1.4593696e-06,2.5612735e-06,1.994722e-06,a
test_3620.jpg,2.9022688e-06,1.3007065e-05,1.994698e-06,0.9999821,d
test_3621.jpg,0.000696209,0.017955469,0.0010129781,0.98033535,d
test_3622.jpg,2.2603144e-06,2.4060919e-06,0.9999933,1.9947204e-06,c
test_3623.jpg,0.8482048,0.14739588,0.0034664192,0.00093297404,a
test_3624.jpg,0.97017324,0.003087849,0.0008846835,0.025854241,a
test_3625.jpg,0.0016873999,0.0011597318,0.99047905,0.0066737956,c
test_3626.jpg,0.00029496563,0.99635494,0.0031711794,0.00017890568,b
test_3627.jpg,0.00017950257,9.608081e-05,0.9996791,4.538536e-05,c
test_3628.jpg,9.609566e-05,5.1436302e-05,0.9998336,1.8922357e-05,c
test_3629.jpg,5.144055e-05,0.9999162,1.5688482e-05,1.6700302e-05,b
test_3630.jpg,0.9986584,0.00015824873,0.000379619,0.00080365344,a
test_3631.jpg,0.07473961,0.91051483,0.011461691,0.0032838294,b
test_3632.jpg,0.9999759,6.5403224e-06,7.4111567e-06,1.0129849e-05,a
test_3633.jpg,0.00017952078,2.4295496e-05,1.5686352e-05,0.9997805,d
test_3634.jpg,0.99994457,2.2827253e-05,1.4738382e-05,1.7777884e-05,a
test_3635.jpg,0.0019214136,0.00029465833,0.0024671438,0.99531686,d
test_3636.jpg,8.397532e-06,4.006238e-05,0.9999273,2.4299065e-05,c
test_3637.jpg,0.19705416,0.014274554,0.5356487,0.25302255,c
test_3638.jpg,3.726586e-06,0.999982,4.7850317e-06,9.516171e-06,b
test_3639.jpg,0.00037992385,8.4772466e-05,7.481145e-05,0.9994604,d
test_3640.jpg,0.00070879434,0.0011686042,0.9980567,6.592814e-05,c
test_3641.jpg,0.9979411,0.00017919051,0.0015003437,0.0003793463,a
test_3642.jpg,1.9946945e-06,6.1440915e-06,0.99998033,1.1478674e-05,c
test_3643.jpg,0.9922706,0.0066858665,0.00090483367,0.00013876075,a
test_3644.jpg,0.9999689,1.670118e-05,7.889079e-06,6.5402764e-06,a
test_3645.jpg,0.9997093,0.00013980099,6.6037304e-05,8.479358e-05,a
test_3646.jpg,1.4593594e-06,1.0129961e-05,1.3709413e-06,0.999987,d
test_3647.jpg,0.4357596,0.0033270656,0.0013869273,0.55952644,d
test_3648.jpg,6.9621487e-06,3.9669126e-06,0.9999776,1.1478643e-05,c
test_3649.jpg,0.02199185,0.041086186,0.8252381,0.11168383,c
test_3650.jpg,0.0009083752,0.002797993,0.00013930385,0.99615437,d
test_3651.jpg,0.9808837,0.0008944502,0.017965512,0.00025626426,a
test_3652.jpg,0.99981683,8.480269e-05,4.0057956e-05,5.8283986e-05,a
test_3653.jpg,8.939648e-06,3.966945e-06,1.4593575e-06,0.9999857,d
test_3654.jpg,0.0002958501,0.00015835713,0.9993425,0.0002033346,c
test_3655.jpg,0.0021645203,0.0024527228,0.989499,0.0058837757,c
test_3656.jpg,0.00015842263,2.7529726e-05,0.9997558,5.8280428e-05,c
test_3657.jpg,5.4220677e-06,0.99996674,8.939479e-06,1.8924877e-05,b
test_3658.jpg,5.771909e-06,1.0030075e-06,9.4223833e-07,0.9999924,d
test_3659.jpg,0.9997471,2.9304985e-05,0.00020341692,2.0141002e-05,a
test_3660.jpg,4.539485e-05,3.5353543e-05,0.99988806,3.1199394e-05,c
test_3661.jpg,0.007949698,0.55731684,0.0006946369,0.43403882,b
test_3662.jpg,5.771791e-06,0.999972,7.411127e-06,1.47387855e-05,b
test_3663.jpg,0.008523596,0.00042436487,0.9851938,0.0058581764,c
test_3664.jpg,0.9997615,0.00012338038,3.534907e-05,7.966035e-05,a
test_3665.jpg,0.6328208,0.016864102,0.011590517,0.33872458,a
test_3666.jpg,0.99990714,7.484489e-05,6.539872e-06,1.1477834e-05,a
test_3667.jpg,0.00017903834,0.00080239424,0.0019248436,0.9970937,d
test_3668.jpg,0.0011233934,0.1471355,0.8467064,0.0050347,c
test_3669.jpg,2.7525042e-05,0.9995857,5.1423547e-05,0.00033532362,b
test_3670.jpg,0.9999919,2.561268e-06,3.5008384e-06,2.1233657e-06,a
test_3671.jpg,0.00013981604,1.892204e-05,2.4296382e-05,0.99981695,d
test_3672.jpg,0.999703,5.1429583e-05,6.603689e-05,0.00017950687,a
test_3673.jpg,0.0002611106,0.0002304293,7.4809446e-05,0.9994337,d
test_3674.jpg,0.0027993715,0.99664515,0.00029505158,0.00026038208,b
test_3675.jpg,7.889123e-06,0.99997437,4.784995e-06,1.3006964e-05,b
test_3676.jpg,3.535546e-05,1.221852e-05,0.9999423,1.0129508e-05,c
test_3677.jpg,0.14718254,0.8469771,0.0023789846,0.003461402,b
test_3678.jpg,0.00042989154,0.0015004688,0.99802434,4.5310237e-05,c
test_3679.jpg,0.0027159704,0.029199433,0.9669524,0.0011321849,c
test_3680.jpg,0.64176285,0.34351093,0.011754297,0.0029719518,a
test_3681.jpg,0.99216956,0.0040547703,0.0024593426,0.0013163912,a
test_3682.jpg,4.005668e-05,0.999785,6.60423e-05,0.00010888536,b
test_3683.jpg,1.5688907e-05,2.4299452e-05,0.99994326,1.6700753e-05,c
test_3684.jpg,0.00010888132,8.4796855e-05,0.99974793,5.827997e-05,c
test_3685.jpg,5.0935987e-06,0.999974,7.88912e-06,1.3006959e-05,b
test_3686.jpg,0.000203227,0.99881375,0.0008037784,0.00017934719,b
test_3687.jpg,0.00026118237,8.937171e-06,2.1439157e-05,0.9997085,d
test_3688.jpg,0.9999933,2.4060919e-06,1.6536814e-06,2.5612717e-06,a
test_3689.jpg,0.0003351732,0.00048767414,4.0030725e-05,0.9991372,d
test_3690.jpg,0.9999925,1.9947188e-06,3.2887351e-06,2.123367e-06,a
test_3691.jpg,1.3006665e-05,0.99995136,1.6700887e-05,1.8924586e-05,b
test_3692.jpg,0.9857372,0.0124086,0.0007000453,0.0011541796,a
test_3693.jpg,0.24319883,0.0019766022,0.005719488,0.7491051,d
test_3694.jpg,0.00012336524,5.8273614e-05,0.9996389,0.00017949537,c
test_3695.jpg,0.001923425,0.0005510705,0.0011666162,0.9963588,d
test_3696.jpg,0.99989593,3.321184e-05,3.7633945e-05,3.321184e-05,a
test_3697.jpg,0.0056391153,0.017369699,0.9483534,0.028637793,c
test_3698.jpg,0.999678,5.827589e-05,3.32046e-05,0.00023048562,a
test_3699.jpg,0.0016830574,0.0007016026,0.009685326,0.98793006,d
test_3700.jpg,4.0058232e-05,5.1435793e-05,0.99982375,8.480328e-05,c
test_3701.jpg,0.002795119,0.99513125,0.0003782782,0.0016953255,b
test_3702.jpg,3.120082e-05,1.2218416e-05,0.9999337,2.2827006e-05,c
test_3703.jpg,0.00023002751,0.99769104,0.00037925126,0.0016996863,b
test_3704.jpg,0.00070956344,8.474526e-05,6.599967e-05,0.99913967,d
test_3705.jpg,0.00010887721,8.4793646e-05,0.99971014,9.608379e-05,c
test_3706.jpg,0.051647156,0.031325582,0.9154677,0.001559609,c
test_3707.jpg,0.00026114285,0.00012335516,0.9995572,5.826885e-05,c
test_3708.jpg,0.025892863,0.0006089417,0.9716225,0.0018756727,c
test_3709.jpg,0.3586365,0.5912916,0.037800007,0.012271865,b
test_3710.jpg,9.609274e-05,7.483711e-05,2.5863012e-05,0.99980325,d
test_3711.jpg,0.08382029,0.0036828069,0.9011531,0.011343843,c
test_3712.jpg,3.500783e-06,0.99997604,7.411157e-06,1.3006986e-05,b
test_3713.jpg,0.99992347,1.777751e-05,2.7534345e-05,3.12005e-05,a
test_3714.jpg,0.000179376,4.2605534e-05,0.9989742,0.0008039075,c
test_3715.jpg,1.30054805e-05,0.9998603,1.7776387e-05,0.00010889356,b
test_3716.jpg,4.0061965e-05,0.9999169,2.2826622e-05,2.0144424e-05,b
test_3717.jpg,8.48e-05,0.999785,4.539017e-05,8.48e-05,b
test_3718.jpg,0.99774134,0.00037927038,0.0015000434,0.00037927038,a
test_3719.jpg,1.6536567e-06,1.473888e-05,5.093621e-06,0.9999784,d
test_3720.jpg,1.07830765e-05,1.5689284e-05,6.144012e-06,0.99996734,d
test_3721.jpg,0.00026110167,0.99939954,0.00023042141,0.00010884338,b
test_3722.jpg,0.9999833,7.4112113e-06,4.4951266e-06,4.7850376e-06,a
test_3723.jpg,0.0003331854,0.005905852,0.00054932985,0.9932116,d
test_3724.jpg,0.00043031364,0.0003351286,0.00023033029,0.9990043,d
test_3725.jpg,0.0003352406,0.0002033337,0.9993381,0.00012332812,c
test_3726.jpg,0.99870265,0.00043018372,0.0003796358,0.00048746206,a
test_3727.jpg,0.00026114887,0.000123358,3.534266e-05,0.9995802,d
test_3728.jpg,0.99897337,0.000108796965,0.0004303003,0.00048759417,a
test_3729.jpg,0.99999464,1.553492e-06,1.994723e-06,1.7603369e-06,a
test_3730.jpg,4.4951325e-06,0.9999846,3.9669408e-06,6.962198e-06,b
test_3731.jpg,0.033051908,0.00077730644,0.00025235442,0.96591836,d
test_3732.jpg,0.00091053225,0.99851984,0.00013963465,0.00043010496,b
test_3733.jpg,0.9999912,2.902295e-06,3.2887308e-06,2.5612662e-06,a
test_3734.jpg,0.999691,3.5346577e-05,7.0295064e-05,0.00020340549,a
test_3735.jpg,2.4060103e-06,3.1201616e-05,6.962022e-06,0.99995935,d
test_3736.jpg,0.9998448,7.484022e-05,3.763202e-05,4.2642667e-05,a
test_3737.jpg,9.609826e-05,0.99986064,1.8922869e-05,2.4297446e-05,b
test_3738.jpg,0.9999883,4.222802e-06,4.222802e-06,3.2887215e-06,a
test_3739.jpg,0.067282185,0.002956173,0.0009597288,0.9288019,d
test_3740.jpg,0.98814666,0.0066580796,0.0040383297,0.0011570007,a
test_3741.jpg,0.0040326314,0.0016810511,0.9867524,0.007533947,c
test_3742.jpg,8.397693e-06,5.093458e-06,0.9999465,4.006315e-05,c
test_3743.jpg,0.99979657,0.0001233847,4.005714e-05,4.005714e-05,a
test_3744.jpg,7.888895e-06,0.99994564,2.7534954e-05,1.8924477e-05,b
test_3745.jpg,0.0037957642,0.059375737,0.008035633,0.92879283,d
test_3746.jpg,2.9022574e-06,0.9999782,7.411173e-06,1.147865e-05,b
test_3747.jpg,0.99782556,0.00029540103,0.00017916976,0.0016999156,a
test_3748.jpg,0.0038186912,0.059734378,0.002043998,0.93440294,d
test_3749.jpg,0.99834895,0.0005521712,0.00029555595,0.0008034044,a
test_3750.jpg,5.093553e-06,2.1444659e-05,0.9999651,8.397848e-06,c
test_3751.jpg,0.00026114626,0.00012335676,4.5380417e-05,0.9995702,d
test_3752.jpg,0.99996424,8.939456e-06,1.6701104e-05,1.0129731e-05,a
test_3753.jpg,0.0006796723,0.95704985,0.042049836,0.00022065728,b
test_3754.jpg,0.9997029,0.00023049137,3.1193616e-05,3.5346995e-05,a
test_3755.jpg,1.4738859e-05,6.540329e-06,1.7603058e-06,0.999977,d
test_3756.jpg,3.0894482e-06,1.0129911e-05,4.7850317e-06,0.999982,d
test_3757.jpg,0.99979323,2.9306337e-05,3.763008e-05,0.00013981272,a
test_3758.jpg,0.010356809,0.00489221,0.82274324,0.16200775,c
test_3759.jpg,2.7389171e-05,0.005219452,0.00010176311,0.9946515,d
test_3760.jpg,3.28874e-06,1.2878891e-06,1.4593695e-06,0.9999939,d
test_3761.jpg,0.00023041602,0.00033525334,0.9993761,5.8258294e-05,c
test_3762.jpg,0.9999485,1.568899e-05,1.3006628e-05,2.2827344e-05,a
test_3763.jpg,3.1199394e-05,3.5353543e-05,0.99988806,4.539485e-05,c
test_3764.jpg,0.00048626133,0.99624264,0.00080170936,0.0024694386,b
test_3765.jpg,0.99991786,2.2826644e-05,1.6700329e-05,4.264578e-05,a
test_3766.jpg,0.9998011,2.5862955e-05,0.00013981381,3.320869e-05,a
test_3767.jpg,0.99997854,4.4951053e-06,9.516138e-06,7.411176e-06,a
test_3768.jpg,2.0145102e-05,0.99995065,1.7777993e-05,1.1478333e-05,b
test_3769.jpg,0.9999976,8.851556e-07,4.181179e-07,1.0030127e-06,a
test_3770.jpg,0.032948457,0.0006838234,0.9628951,0.003472742,c
test_3771.jpg,0.9999368,2.4299296e-05,1.30064755e-05,2.5866468e-05,a
test_3772.jpg,4.5391473e-05,0.99981374,7.4837895e-05,6.60442e-05,b
test_3773.jpg,1.3006519e-05,1.1478213e-05,0.99994016,3.5355384e-05,c
test_3774.jpg,3.534781e-05,0.9997259,3.534781e-05,0.0002034126,b
test_3775.jpg,0.00026112385,0.9994844,0.00015837963,9.6062104e-05,b
test_3776.jpg,0.69585294,0.008759496,0.0053129024,0.29007465,a
test_3777.jpg,5.4220322e-06,0.9999602,1.012969e-05,2.4299863e-05,b
test_3778.jpg,7.4107916e-06,2.5866204e-05,0.9999267,4.0062358e-05,c
test_3779.jpg,0.9977884,0.00033472074,0.00070860377,0.0011682902,a
test_3780.jpg,3.1201755e-05,3.7265181e-06,1.3709094e-06,0.99996376,d
test_3781.jpg,0.00012322524,0.00020316408,0.0011691286,0.9985045,d
test_3782.jpg,5.093609e-06,0.99997604,7.411157e-06,1.1478625e-05,b
test_3783.jpg,1.8738525e-06,0.99998593,3.2887137e-06,8.939651e-06,b
test_3784.jpg,5.828666e-05,2.753267e-05,0.9998627,5.1437797e-05,c
test_3785.jpg,0.9999521,3.120139e-05,4.494986e-06,1.2218639e-05,a
test_3786.jpg,0.041634314,0.0063848286,0.9475926,0.004388225,c
test_3787.jpg,0.013885835,0.97347224,0.0030983489,0.0095435865,b
test_3788.jpg,0.9655078,0.03303786,0.00032389179,0.0011304934,a
test_3789.jpg,0.001925861,0.00029534035,0.99762064,0.00015808428,c
test_3790.jpg,0.1062544,0.69286567,0.064446546,0.13643333,b
test_3791.jpg,0.007993191,0.009057472,0.059062134,0.92388725,d
test_3792.jpg,5.827984e-05,0.99974567,3.762829e-05,0.00015842103,b
test_3793.jpg,1.670133e-05,3.966914e-06,1.5534658e-06,0.9999778,d
test_3794.jpg,0.012375486,0.76564425,0.071216,0.15076427,b
test_3795.jpg,3.120096e-05,0.99993837,1.892434e-05,1.1478192e-05,b
test_3796.jpg,0.9999833,3.9669353e-06,8.939627e-06,3.7265909e-06,a
test_3797.jpg,0.9999963,1.0030113e-06,4.1811737e-07,2.260321e-06,a
test_3798.jpg,1.4738506e-05,2.14444e-05,0.99995303,1.0782922e-05,c
test_3799.jpg,9.515875e-06,1.670088e-05,0.9999509,2.2827398e-05,c
test_3800.jpg,3.120147e-05,8.397762e-06,5.7716916e-06,0.9999547,d
test_3801.jpg,0.52993745,0.0019112529,0.46766815,0.00048324038,a
test_3802.jpg,8.30779e-05,0.020328492,0.97948164,0.000106674146,c
test_3803.jpg,0.014288093,0.25326255,0.044010423,0.6884389,d
test_3804.jpg,0.17212719,0.46789014,0.3215759,0.038406763,b
test_3805.jpg,0.00022966872,0.0011663539,0.9961349,0.0024691715,c
test_3806.jpg,0.9999856,2.9022788e-06,4.4951366e-06,6.962204e-06,a
test_3807.jpg,6.1441488e-06,2.123361e-06,2.123361e-06,0.9999896,d
test_3808.jpg,3.1192343e-05,0.99966216,4.5384593e-05,0.00026117027,b
test_3809.jpg,2.1442484e-05,0.9998636,4.005983e-05,7.484163e-05,b
test_3810.jpg,0.0007069204,0.0031681976,0.9954181,0.0007069204,c
test_3811.jpg,9.6091615e-05,8.480055e-05,2.753071e-05,0.99979156,d
test_3812.jpg,0.00012334273,0.00033528032,0.9994566,8.477214e-05,c
test_3813.jpg,0.0003795244,0.99840957,0.00017927462,0.0010316542,b
test_3814.jpg,0.0016979107,0.0011669557,0.00048645952,0.9966487,d
test_3815.jpg,3.5354522e-05,0.9999157,2.14436e-05,2.753413e-05,b
test_3816.jpg,4.5391826e-05,7.483847e-05,0.9998215,5.8284255e-05,c
test_3817.jpg,1.7777627e-05,3.535503e-05,1.6700535e-05,0.99993014,d
test_3818.jpg,1.89248e-05,6.1439832e-06,1.2218769e-05,0.9999627,d
test_3819.jpg,0.033521086,0.76293635,0.13257845,0.070964135,b
test_3820.jpg,5.82896e-05,1.3844993e-05,1.4737918e-05,0.9999131,d
test_3821.jpg,0.0035671762,0.0051902104,0.98907906,0.0021636018,c
test_3822.jpg,0.007544951,0.0027756328,0.0014856891,0.9881937,d
test_3823.jpg,0.86147875,0.0024197167,0.13211206,0.0039894385,a
test_3824.jpg,5.4221964e-06,3.0894744e-06,1.0676938e-06,0.99999046,d
test_3825.jpg,0.99995613,4.7849076e-06,1.4738552e-05,2.4299765e-05,a
test_3826.jpg,2.9022835e-06,8.939663e-06,9.422335e-07,0.99998724,d
test_3827.jpg,0.00020337293,0.0002304517,3.5340916e-05,0.9995309,d
test_3828.jpg,1.4738218e-05,0.9999335,2.4299214e-05,2.753462e-05,b
test_3829.jpg,1.4738817e-05,6.9621246e-06,4.222742e-06,0.99997413,d
test_3830.jpg,8.396926e-06,2.7532464e-05,0.000108893,0.99985516,d
test_3831.jpg,0.99999034,6.9622374e-06,1.2098554e-06,1.4593643e-06,a
test_3832.jpg,5.143572e-05,7.4838536e-05,0.9998223,5.143572e-05,c
test_3833.jpg,8.939524e-06,0.99997187,6.1440396e-06,1.3006932e-05,b
test_3834.jpg,0.0003792615,0.00020300405,0.997718,0.0016997323,c
test_3835.jpg,8.93958e-06,9.516133e-06,3.50079e-06,0.99997807,d
test_3836.jpg,0.013946207,0.40756792,0.5233276,0.055158317,c
test_3837.jpg,0.00091069733,0.00023026034,0.99870086,0.00015825545,c
test_3838.jpg,1.2218777e-05,1.1478479e-05,1.300682e-05,0.9999633,d
test_3839.jpg,0.9999733,1.3845826e-05,8.397918e-06,4.4950816e-06,a
test_3840.jpg,0.0007095111,8.473901e-05,0.99906605,0.00013971103,c
test_3841.jpg,3.120053e-05,8.939101e-06,0.9999244,3.535483e-05,c
test_3842.jpg,0.99997497,8.397932e-06,1.0129839e-05,6.540316e-06,a
test_3843.jpg,0.00091077853,0.00020322217,9.5995354e-05,0.99878997,d
test_3844.jpg,0.9999784,6.9621547e-06,5.7718285e-06,8.9395835e-06,a
test_3845.jpg,0.0035651298,0.0075473795,0.9885117,0.00037576194,c
test_3846.jpg,0.00026097658,0.00010879124,0.00070940796,0.9989208,d
test_3847.jpg,0.006673017,0.0021664116,0.00079697825,0.99036354,d
test_3848.jpg,0.07547203,0.0033160097,0.81140083,0.10981116,c
test_3849.jpg,0.0027811858,0.0066717174,0.99017066,0.00037639256,c
test_3850.jpg,0.9996045,0.0002033879,9.607364e-05,9.607364e-05,a
test_3851.jpg,0.00012338928,2.1441843e-05,2.1441843e-05,0.9998337,d
test_3852.jpg,1.1365588e-06,1.2098606e-06,0.9999945,3.0894869e-06,c
test_3853.jpg,1.8738731e-06,7.3381926e-07,5.3687364e-07,0.9999969,d
test_3854.jpg,1.2878921e-06,1.6536862e-06,7.8114607e-07,0.9999963,d
test_3855.jpg,8.3972745e-06,0.99989665,2.0144014e-05,7.48441e-05,b
test_3856.jpg,5.7716516e-06,0.9999478,1.8924518e-05,2.7535014e-05,b
test_3857.jpg,6.962069e-06,1.8924866e-05,7.889057e-06,0.99996614,d
test_3858.jpg,8.397895e-06,1.2218865e-05,0.99997056,8.9395135e-06,c
test_3859.jpg,0.00012338857,2.429665e-05,2.429665e-05,0.999828,d
test_3860.jpg,0.0035917596,0.00033408566,0.00017882317,0.9958954,d
test_3861.jpg,0.0019221936,0.0021781307,0.9957209,0.00017879184,c
test_3862.jpg,0.9999417,2.0144922e-05,1.6700727e-05,2.1444159e-05,a
test_3863.jpg,0.99945515,4.8301645e-05,0.00043050785,6.602051e-05,a
test_3864.jpg,0.7026283,0.29289907,0.002236312,0.002236312,a
test_3865.jpg,0.041265745,0.004349378,0.01518082,0.93920404,d
test_3866.jpg,0.0066899545,0.00029393611,0.00013884559,0.9928773,d
test_3867.jpg,1.8923325e-05,0.9998847,2.1442936e-05,7.484321e-05,b
test_3868.jpg,3.5355657e-05,8.93931e-06,7.8889125e-06,0.9999478,d
test_3869.jpg,0.00026086083,0.00070909335,0.99847776,0.00055224245,c
test_3870.jpg,0.00062593503,8.47111e-05,0.00055238575,0.9987369,d
test_3871.jpg,2.1443802e-05,2.5866164e-05,0.99992514,2.753439e-05,c
test_3872.jpg,0.0006156005,0.014011003,0.9822472,0.0031262776,c
test_3873.jpg,2.902298e-06,2.1233666e-06,2.7264566e-06,0.99999225,d
test_3874.jpg,0.008518778,0.9846369,0.0051669003,0.001677447,b
test_3875.jpg,4.0059273e-05,7.484059e-05,0.9998497,3.5352186e-05,c
test_3876.jpg,0.00037980944,0.00023036606,0.99915946,0.00023036606,c
test_3877.jpg,0.0059003714,0.0009048513,0.0009048513,0.99228996,d
test_3878.jpg,5.1440034e-05,2.7533868e-05,0.9999062,1.4737816e-05,c
test_3879.jpg,8.480049e-05,5.828247e-05,6.604269e-05,0.99979085,d
test_3880.jpg,3.0894307e-06,0.9999763,8.397943e-06,1.2218935e-05,b
test_3881.jpg,0.9999858,2.5612524e-06,5.0936587e-06,6.540387e-06,a
test_3882.jpg,1.8924267e-05,1.8924267e-05,2.7534648e-05,0.99993455,d
test_3883.jpg,0.00020337092,0.0001794742,0.999521,9.606562e-05,c
test_3884.jpg,0.007484866,0.98032403,0.010890417,0.0013006747,b
test_3885.jpg,3.1199994e-05,4.006158e-05,0.99990726,2.144342e-05,c
test_3886.jpg,1.1478159e-05,0.9999354,1.7777722e-05,3.5355217e-05,b
test_3887.jpg,0.99999654,8.8515463e-07,1.4593734e-06,1.1365611e-06,a
test_3888.jpg,0.9854294,0.0014815332,0.004563444,0.008525635,a
test_3889.jpg,3.1200267e-05,3.1200267e-05,0.9999161,2.144361e-05,c
test_3890.jpg,0.51059085,0.18783589,0.08872738,0.21284592,a
test_3891.jpg,2.902304e-06,1.3709513e-06,1.3709513e-06,0.9999943,d
test_3892.jpg,0.00055248773,0.9989213,9.600797e-05,0.00043027787,b
test_3893.jpg,2.1444455e-05,1.2218682e-05,1.0782949e-05,0.99995553,d
test_3894.jpg,0.9999584,1.6701006e-05,2.0145259e-05,4.7849185e-06,a
test_3895.jpg,8.851477e-07,5.422187e-06,5.0936733e-06,0.9999887,d
test_3896.jpg,1.7778239e-05,6.9620573e-06,0.9999645,1.0783046e-05,c
test_3897.jpg,0.9251709,0.06701916,0.0062337527,0.0015761396,a
test_3898.jpg,1.3005003e-05,0.99982363,4.0058225e-05,0.00012338803,b
test_3899.jpg,0.00029583307,0.00012332156,0.99928504,0.00029583307,c
test_3900.jpg,1.8923452e-05,0.9998915,3.1199503e-05,5.828834e-05,b
test_3901.jpg,0.9980118,0.001700233,0.00017920321,0.00010869225,a
test_3902.jpg,0.9999796,6.962163e-06,8.397971e-06,5.0936274e-06,a
test_3903.jpg,0.00015843166,1.3004864e-05,1.5686861e-05,0.9998129,d
test_3904.jpg,1.5688322e-05,6.605029e-05,0.99990594,1.2218075e-05,c
test_3905.jpg,6.605029e-05,2.1443391e-05,6.5398644e-06,0.99990594,d
test_3906.jpg,0.02025851,0.0027416914,0.0008900969,0.97610974,d
test_3907.jpg,2.561264e-06,0.99999034,3.7266173e-06,3.288728e-06,b
test_3908.jpg,0.00015841091,0.99968195,8.479125e-05,7.482803e-05,b
test_3909.jpg,3.5352943e-05,0.999871,3.5352943e-05,5.8287143e-05,b
test_3910.jpg,0.9995801,0.00012335798,0.00026114882,3.5342655e-05,a
test_3911.jpg,1.6700604e-05,3.1200838e-05,0.9999343,1.7777702e-05,c
test_3912.jpg,0.00026113677,0.00010885801,0.9995339,9.6066855e-05,c
test_3913.jpg,6.5402737e-06,1.47387345e-05,0.9999685,1.0129774e-05,c
test_3914.jpg,1.777766e-05,2.2826966e-05,2.7534577e-05,0.99993193,d
test_3915.jpg,0.02448115,0.63137716,0.33795187,0.0061898045,b
test_3916.jpg,0.12975474,0.01206907,0.8461071,0.01206907,c
test_3917.jpg,1.0129494e-05,2.144414e-05,0.9999409,2.7534823e-05,c
test_3918.jpg,0.9781813,0.00037183505,0.020301504,0.0011453325,a
test_3919.jpg,0.004598628,0.002172238,0.99302703,0.0002020496,c
test_3920.jpg,0.009263711,0.013478619,0.9449242,0.032333527,c
test_3921.jpg,7.472203e-05,0.0003348809,0.0013244796,0.9982659,d
test_3922.jpg,3.535535e-05,1.8924355e-05,6.5400823e-06,0.9999392,d
test_3923.jpg,0.00015841893,8.479554e-05,2.429433e-05,0.99973243,d
test_3924.jpg,0.9999484,1.892453e-05,2.4299576e-05,8.397708e-06,a
test_3925.jpg,0.99997735,3.9669117e-06,3.9669117e-06,1.4738865e-05,a
test_3926.jpg,6.9620028e-06,8.939388e-06,0.9999566,2.7535256e-05,c
test_3927.jpg,0.0010080859,0.00044733542,0.02294393,0.9756007,d
test_3928.jpg,0.00026094954,0.0002956946,0.99881727,0.00062598544,c
test_3929.jpg,0.99887913,0.000115802846,0.0007093784,0.00029571293,a
test_3930.jpg,0.005204654,0.0027858505,0.9918315,0.00017809345,c
test_3931.jpg,1.0129777e-05,6.1440214e-06,1.473874e-05,0.9999689,d
test_3932.jpg,0.00026074093,0.99801874,0.00055198855,0.0011685598,b
test_3933.jpg,0.9991598,0.00017940934,0.00023036615,0.00043038063,a
test_3934.jpg,0.23378216,0.38544163,0.040625248,0.34015104,b
test_3935.jpg,0.00010888207,5.143225e-05,0.99975485,8.479744e-05,c
test_3936.jpg,0.021628734,0.33833033,0.0079567665,0.63208425,d
test_3937.jpg,0.99896944,0.00029573965,0.0006260808,0.000108796536,a
test_3938.jpg,0.00023043476,0.00020335797,0.9994574,0.00010884968,c
test_3939.jpg,6.1440937e-06,6.1440937e-06,0.9999807,6.96217e-06,c
test_3940.jpg,3.7635367e-05,0.9999337,1.3845279e-05,1.4738222e-05,b
test_3941.jpg,0.002796066,0.00070695614,0.9954684,0.0010286152,c
test_3942.jpg,0.9993242,7.4801246e-05,4.8295315e-05,0.00055271055,a
test_3943.jpg,2.2603058e-06,4.4951544e-06,3.726614e-06,0.9999895,d
test_3944.jpg,0.53869176,0.41953355,0.020887345,0.020887345,a
test_3945.jpg,2.4299627e-05,1.1478331e-05,1.384551e-05,0.9999504,d
test_3946.jpg,3.1200292e-05,2.4298812e-05,0.9999169,2.7534163e-05,c
test_3947.jpg,0.9764606,0.00042060312,0.00015473124,0.022964153,a
test_3948.jpg,0.0015000848,0.00017915957,0.9977689,0.00055185036,c
test_3949.jpg,0.00023049233,0.99970704,3.1193747e-05,3.1193747e-05,b
test_3950.jpg,0.5067776,0.44722962,0.036710847,0.009281955,a
test_3951.jpg,0.012282862,0.97574854,0.007449932,0.0045186128,b
test_3952.jpg,0.00010887407,0.99968135,5.142847e-05,0.00015841082,b
test_3953.jpg,3.9668093e-06,0.9999515,4.4949834e-06,4.006335e-05,b
test_3954.jpg,8.939571e-06,0.999977,3.9669103e-06,1.012986e-05,b
test_3955.jpg,0.14764379,0.8496314,0.0012773691,0.001447449,b
test_3956.jpg,4.006254e-05,1.5688718e-05,1.3006403e-05,0.9999312,d
test_3957.jpg,0.99771774,0.0002953691,0.0004869813,0.0015000079,a
test_3958.jpg,0.005215716,0.0007058704,0.00013899413,0.9939395,d
test_3959.jpg,6.603585e-05,0.00012337121,0.9996873,0.00012337121,c
test_3960.jpg,1.012988e-05,7.4111795e-06,3.5007934e-06,0.999979,d
test_3961.jpg,1.6700416e-05,2.0144547e-05,0.9999231,4.0062212e-05,c
test_3962.jpg,0.0005526546,0.0001583382,6.600518e-05,0.999223,d
test_3963.jpg,0.0015006398,0.99813807,0.00020308953,0.00015816628,b
test_3964.jpg,0.025935596,0.9732261,0.00041920986,0.00041920986,b
test_3965.jpg,0.98669064,0.006648269,0.0014834293,0.005177677,a
test_3966.jpg,3.2562934e-07,0.9999939,2.4060935e-06,3.28874e-06,b
test_3967.jpg,0.006154532,0.2309471,0.051531266,0.71136713,d
test_3968.jpg,7.9590136e-05,0.0005524651,0.00048754876,0.9988803,d
test_3969.jpg,0.0058578528,0.0014810972,0.9851394,0.0075216317,c
test_3970.jpg,2.1444703e-05,6.9620755e-06,4.495054e-06,0.9999671,d
test_3971.jpg,0.9999825,3.966932e-06,5.771852e-06,7.889186e-06,a
test_3972.jpg,3.1201303e-05,4.7848753e-06,1.4738452e-05,0.99994934,d
test_3973.jpg,0.9999479,1.300662e-05,3.120126e-05,7.888913e-06,a
test_3974.jpg,0.9999713,1.0783118e-05,7.889098e-06,1.0129802e-05,a
test_3975.jpg,8.939588e-06,4.222762e-06,0.9999789,7.889158e-06,c
test_3976.jpg,0.0051093856,0.0010060976,0.02020801,0.97367656,d
test_3977.jpg,1.8922874e-05,0.9998609,8.480643e-05,3.5352583e-05,b
test_3978.jpg,0.99910235,5.8242334e-05,0.0008040106,3.5325764e-05,a
test_3979.jpg,0.9832903,0.00020006848,0.0006162542,0.015893407,a
test_3980.jpg,0.00080051296,0.00037813556,0.994756,0.0040653404,c
test_3981.jpg,7.4842166e-05,0.9998708,1.8923061e-05,3.5352932e-05,b
test_3982.jpg,0.9994307,0.00037991258,0.00012333955,6.60189e-05,a
test_3983.jpg,0.003072608,0.0009975298,0.24408749,0.7518424,d
test_3984.jpg,1.8925011e-05,3.7265559e-06,3.5007754e-06,0.9999739,d
test_3985.jpg,0.00070952985,7.478391e-05,0.99909246,0.0001232978,c
test_3986.jpg,0.0005527097,4.003815e-05,8.4760766e-05,0.99932253,d
test_3987.jpg,3.535383e-05,1.0129042e-05,0.99989617,5.828861e-05,c
test_3988.jpg,0.9449855,0.0030076818,0.04704806,0.004958829,a
test_3989.jpg,0.99986196,0.00010889374,8.938542e-06,2.0143316e-05,a
test_3990.jpg,0.001169106,0.00026086278,8.468975e-05,0.99848527,d
test_3991.jpg,3.5352583e-05,0.9998609,5.8286554e-05,4.5393615e-05,b
test_3992.jpg,1.892407e-05,0.9999242,1.147803e-05,4.539649e-05,b
test_3993.jpg,0.73883116,0.0056410455,0.068722,0.18680578,a
test_3994.jpg,1.2218617e-05,0.9999502,1.0129588e-05,2.753508e-05,b
test_3995.jpg,0.0011294123,0.03300627,0.0012797919,0.9645845,d
test_3996.jpg,0.013868213,0.001656322,0.9722368,0.012238655,c
test_3997.jpg,0.00020325827,0.00020325827,0.9989674,0.0006260795,c
test_3998.jpg,0.015826745,0.003116471,0.76257527,0.21848148,c
test_3999.jpg,4.5389184e-05,0.9997633,0.00013980853,5.1432686e-05,b
test_4000.jpg,6.96205e-06,1.670109e-05,0.9999634,1.3006822e-05,c
test_4001.jpg,0.025770726,0.00211539,0.96703935,0.005074557,c
test_4002.jpg,0.018938795,0.26144204,0.7106731,0.008946054,c
test_4003.jpg,0.008368602,0.0121762445,0.0121762445,0.9672789,d
test_4004.jpg,1.1478382e-05,0.9999548,1.2218673e-05,2.1444439e-05,b
test_4005.jpg,0.0045965738,0.06345375,0.055997733,0.87595195,d
test_4006.jpg,1.6701251e-05,7.4111354e-06,2.9022424e-06,0.99997306,d
test_4007.jpg,0.95717317,0.015471263,0.0018477789,0.0255078,a
test_4008.jpg,2.4298812e-05,3.1200292e-05,0.9999169,2.7534163e-05,c
test_4009.jpg,6.6040266e-05,0.99975413,0.00013980725,4.005544e-05,b
test_4010.jpg,0.067183234,0.0042948807,0.0010859158,0.92743593,d
test_4011.jpg,3.28871e-06,5.422166e-06,6.5403806e-06,0.99998486,d
test_4012.jpg,0.9999927,1.4593678e-06,2.9022995e-06,2.9022995e-06,a
test_4013.jpg,5.093651e-06,8.39801e-06,2.260294e-06,0.99998426,d
test_4014.jpg,0.9999913,1.3709472e-06,1.5534868e-06,5.771903e-06,a
test_4015.jpg,0.099240296,0.0038479639,0.7332921,0.1636196,c
test_4016.jpg,0.9998154,5.8283902e-05,7.483802e-05,5.1435363e-05,a
test_4017.jpg,4.006111e-05,4.006111e-05,0.9998956,2.4298293e-05,c
test_4018.jpg,0.00029585714,0.99936634,0.00017944642,0.00015836091,b
test_4019.jpg,0.010965518,0.9870843,0.0011557569,0.00079433934,b
test_4020.jpg,0.9990238,0.0003797579,0.00010880246,0.0004876188,a
test_4021.jpg,0.00023014356,0.0015007245,7.4716685e-05,0.9981944,d
test_4022.jpg,0.18172142,0.0022875352,0.0015721984,0.81441885,d
test_4023.jpg,0.0002957916,0.00037980394,0.00017940666,0.9991449,d
test_4024.jpg,3.5352932e-05,7.4842166e-05,0.9998708,1.8923061e-05,c
test_4025.jpg,0.9985933,0.0004301366,6.5963584e-05,0.0009105992,a
test_4026.jpg,0.000108891625,2.4297005e-05,2.4297005e-05,0.9998425,d
test_4027.jpg,4.006226e-05,1.6700436e-05,0.9999243,1.8924073e-05,c
test_4028.jpg,1.4738585e-05,5.4220227e-06,0.9999584,2.1444517e-05,c
test_4029.jpg,4.4951407e-06,6.96221e-06,2.123354e-06,0.9999864,d
test_4030.jpg,0.00017949888,9.6078824e-05,0.99965847,6.603394e-05,c
test_4031.jpg,3.1201245e-05,1.47384235e-05,6.540136e-06,0.9999474,d
test_4032.jpg,0.0007095701,9.602987e-05,0.9991491,4.53613e-05,c
test_4033.jpg,0.0011672552,0.99690455,0.0014987853,0.0004294092,b
test_4034.jpg,0.012133977,0.0039393255,0.020005545,0.9639212,d
test_4035.jpg,0.0001794719,0.00020336831,0.00010885522,0.99950826,d
test_4036.jpg,0.0014995132,0.99738866,0.00048682067,0.00062509003,b
test_4037.jpg,0.000892251,0.020307539,0.0003282408,0.97847205,d
test_4038.jpg,0.9999436,1.078282e-05,2.2827231e-05,2.2827231e-05,a
test_4039.jpg,7.4112018e-06,6.962179e-06,3.726586e-06,0.999982,d
test_4040.jpg,2.9022178e-06,1.777824e-05,1.4738676e-05,0.9999646,d
test_4041.jpg,0.00023046846,4.2632375e-05,0.99960357,0.00012336088,c
test_4042.jpg,0.9999988,1.7429767e-07,6.083587e-07,4.181184e-07,a
test_4043.jpg,4.7850144e-06,2.1233373e-06,0.9999784,1.473888e-05,c
test_4044.jpg,3.966927e-06,8.397984e-06,0.99998116,6.5403565e-06,c
test_4045.jpg,7.889236e-06,1.459362e-06,1.8738579e-06,0.9999888,d
test_4046.jpg,0.004607211,0.99488044,0.0003337452,0.00017864093,b
test_4047.jpg,6.540051e-06,0.99993443,1.8924266e-05,4.0062667e-05,b
test_4048.jpg,6.962045e-06,0.9999627,8.9394425e-06,2.1444608e-05,b
test_4049.jpg,0.07541669,0.004254719,0.91876334,0.0015652236,c
test_4050.jpg,0.0014986637,0.99682367,0.00017898985,0.0014986637,b
test_4051.jpg,9.6083386e-05,0.00013980051,0.99970585,5.8277517e-05,c
test_4052.jpg,0.059480667,0.9304342,0.008049834,0.0020353165,b
test_4053.jpg,0.99913245,6.200051e-05,9.602827e-05,0.00070955826,a
test_4054.jpg,0.00012338244,4.0056413e-05,0.99977833,5.828174e-05,c
test_4055.jpg,0.99252546,0.004056225,0.0031589912,0.00025930576,a
test_4056.jpg,0.9993808,0.00015836321,0.0002304171,0.0002304171,a
test_4057.jpg,5.7718307e-06,1.1478656e-05,3.9669176e-06,0.9999788,d
test_4058.jpg,3.535495e-05,1.8924142e-05,1.7777587e-05,0.9999279,d
test_4059.jpg,0.99966145,3.320405e-05,7.4826494e-05,0.0002304818,a
test_4060.jpg,0.0011618955,0.001915642,0.99232703,0.0045953863,c
test_4061.jpg,3.2887312e-06,2.9022954e-06,2.5612665e-06,0.9999913,d
test_4062.jpg,0.0007086695,0.001031108,0.00037932344,0.9978809,d
test_4063.jpg,0.00062575703,0.00029558674,0.9984529,0.00062575703,c
test_4064.jpg,0.0031701205,0.00042902917,0.9960223,0.0003786169,c
test_4065.jpg,0.850356,0.0009956645,0.1477697,0.00087867083,a
test_4066.jpg,0.9999746,1.30069675e-05,6.962128e-06,5.4221105e-06,a
test_4067.jpg,0.99998677,2.7264416e-06,4.7850544e-06,5.7718767e-06,a
test_4068.jpg,0.99991727,5.828984e-05,1.3006222e-05,1.14779505e-05,a
test_4069.jpg,3.2887383e-06,2.561272e-06,7.8114385e-07,0.99999344,d
test_4070.jpg,7.410803e-06,2.4299086e-05,0.99992824,4.006242e-05,c
test_4071.jpg,0.00012335982,0.999595,0.00012335982,0.00015839713,b
test_4072.jpg,0.0003797129,0.9989054,0.0003797129,0.00033509545,b
test_4073.jpg,0.00037983226,0.9992194,0.0002610546,0.00013973248,b
test_4074.jpg,0.006688973,0.99273163,0.00037736606,0.00020198949,b
test_4075.jpg,0.000123379,0.9997503,5.1432016e-05,7.4833144e-05,b
test_4076.jpg,0.08398592,0.035010535,0.70320547,0.17779818,c
test_4077.jpg,0.99926645,0.00012331927,0.00037985013,0.00023039074,a
test_4078.jpg,3.72663e-06,1.8738673e-06,5.7149725e-07,0.9999938,d
test_4079.jpg,0.99724054,0.00014844986,0.00042955394,0.0021814548,a
test_4080.jpg,0.0030352,0.041899644,0.9536315,0.001433727,c
test_4081.jpg,0.00010889124,3.5351808e-05,1.669901e-05,0.99983895,d
test_4082.jpg,0.008421831,0.9734312,0.01573405,0.002412895,b
test_4083.jpg,1.1478503e-05,8.397852e-06,1.4738689e-05,0.9999654,d
test_4084.jpg,0.999871,5.1438226e-05,6.6047985e-05,1.1477419e-05,a
test_4085.jpg,1.994722e-06,2.4060937e-06,1.5534911e-06,0.99999404,d
test_4086.jpg,0.04443996,0.012732261,0.7877171,0.15511069,c
test_4087.jpg,0.02022267,0.003514173,0.85988975,0.11637342,c
test_4088.jpg,4.4951043e-06,0.9999783,4.22276e-06,1.3007016e-05,b
test_4089.jpg,0.00012230461,0.008574215,0.00025891885,0.9910445,d
test_4090.jpg,5.093621e-06,0.9999784,5.093621e-06,1.1478653e-05,b
test_4091.jpg,0.67484796,0.31877562,0.0051525277,0.0012238326,a
test_4092.jpg,0.9999713,1.670122e-05,6.9621046e-06,5.0935846e-06,a
test_4093.jpg,0.004325212,0.028203925,0.14323135,0.82423955,d
test_4094.jpg,0.006662986,0.002777546,0.9888748,0.0016846668,c
test_4095.jpg,0.999997,4.1811765e-07,5.714991e-07,1.9947279e-06,a
test_4096.jpg,1.078298e-05,0.9999584,6.540208e-06,2.429982e-05,b
test_4097.jpg,0.9980153,0.0006254828,0.00019076148,0.0011685557,a
test_4098.jpg,0.9999223,4.264597e-05,1.0782591e-05,2.4298943e-05,a
test_4099.jpg,0.0017001464,0.99796104,0.00023008976,0.00010868671,b
test_4100.jpg,0.0001795053,7.4828946e-05,5.142913e-05,0.9996942,d
test_4101.jpg,0.0009102617,0.00048722798,0.9982231,0.00037945353,c
test_4102.jpg,0.03296963,0.96351385,0.0023883122,0.0011281588,b
test_4103.jpg,2.753504e-05,1.2218598e-05,1.14783115e-05,0.99994874,d
test_4104.jpg,7.8890025e-06,0.99995923,1.1478432e-05,2.1444534e-05,b
test_4105.jpg,0.99803585,8.4651634e-05,0.00017920752,0.0017002738,a
test_4106.jpg,0.0031678244,0.0006237815,0.00090759684,0.99530077,d
test_4107.jpg,0.00020333874,0.00023041296,0.9993629,0.00020333874,c
test_4108.jpg,0.3788722,0.15793742,0.20279567,0.26039478,a
test_4109.jpg,0.002973746,0.9343232,0.002973746,0.05972928,b
test_4110.jpg,1.9946901e-06,1.3845893e-05,6.144078e-06,0.99997807,d
test_4111.jpg,0.9654434,0.0011304179,0.000390662,0.033035655,a
test_4112.jpg,0.0011682762,0.00042978482,0.99777657,0.00062533317,c
test_4113.jpg,2.1444608e-05,1.07830265e-05,5.093541e-06,0.9999627,d
test_4114.jpg,0.99975306,2.7529652e-05,9.608792e-05,0.00012337933,a
test_4115.jpg,5.1439507e-05,2.1443177e-05,3.1199637e-05,0.99989593,d
test_4116.jpg,0.99837756,0.00013961476,0.0013246278,0.00015820423,a
test_4117.jpg,0.0006256007,0.9982034,0.0001395904,0.0010314413,b
test_4118.jpg,0.9999937,3.2887392e-06,1.3709505e-06,1.5534905e-06,a
test_4119.jpg,0.0014967476,0.002796293,0.9955492,0.00015775603,c
test_4120.jpg,4.00632e-05,7.410948e-06,4.784868e-06,0.9999478,d
test_4121.jpg,1.300657e-05,0.9999441,2.144421e-05,2.144421e-05,b
test_4122.jpg,0.9999826,1.6536636e-06,2.7264302e-06,1.3007071e-05,a
test_4123.jpg,2.143904e-05,9.608311e-05,0.00017950687,0.999703,d
test_4124.jpg,0.00015842542,2.2823348e-05,0.99977344,4.5389646e-05,c
test_4125.jpg,1.892253e-05,0.99984276,2.930779e-05,0.000108891654,b
test_4126.jpg,0.00012336388,0.00020339264,4.5383036e-05,0.9996278,d
test_4127.jpg,0.9996544,0.00013979331,0.00013979331,6.603368e-05,a
test_4128.jpg,0.00017942756,0.00017942756,0.9992613,0.00037984818,c
test_4129.jpg,0.004571597,0.0075372886,0.0007010771,0.98719007,d
test_4130.jpg,4.006231e-05,2.429902e-05,1.0129338e-05,0.9999255,d
test_4131.jpg,2.7525748e-05,0.00033533224,2.5858046e-05,0.9996113,d
test_4132.jpg,2.7264575e-06,1.1365566e-06,0.9999926,3.5008409e-06,c
test_4133.jpg,0.0051586204,0.0051586204,0.98305905,0.0066238,c
test_4134.jpg,6.603861e-05,0.999729,0.000108879256,9.6085605e-05,b
test_4135.jpg,0.999977,6.144071e-06,1.1478636e-05,5.4221236e-06,a
test_4136.jpg,7.483138e-05,0.9997267,4.0054343e-05,0.00015841801,b
test_4137.jpg,0.9998714,1.7776583e-05,9.609929e-05,1.4737303e-05,a
test_4138.jpg,1.8924584e-05,8.397733e-06,0.99995124,2.1444363e-05,c
test_4139.jpg,1.8924753e-05,0.9999602,1.012969e-05,1.0782999e-05,b
test_4140.jpg,0.0013246093,0.00020313541,0.00010873055,0.99836355,d
test_4141.jpg,0.000108828586,0.9992637,7.479672e-05,0.00055267714,b
test_4142.jpg,0.9999685,1.47387345e-05,6.5402737e-06,1.0129774e-05,a
test_4143.jpg,0.99881566,0.00029569413,0.0007093333,0.00017934754,a
test_4144.jpg,0.00070484,0.0059015527,0.9924886,0.00090503244,c
test_4145.jpg,1.5689302e-05,5.09357e-06,1.0783087e-05,0.9999684,d
test_4146.jpg,0.99427056,0.0003335406,0.005217453,0.00017853142,a
test_4147.jpg,0.00043039775,0.99919957,0.0001397297,0.00023037531,b
test_4148.jpg,1.3845666e-05,1.8924782e-05,5.422041e-06,0.99996173,d
test_4149.jpg,0.34149885,0.019266047,0.56303644,0.07619869,c
test_4150.jpg,0.0016975305,0.99642557,0.00037877023,0.0014980652,b
test_4151.jpg,0.0031395634,0.22010039,0.7682258,0.008534218,c
test_4152.jpg,0.0010291808,0.99601585,0.0024688765,0.00048615065,b
test_4153.jpg,0.999321,0.00010883482,0.00013974668,0.00043045005,a
test_4154.jpg,0.9975794,0.0006252096,0.0016994962,9.5879004e-05,a
test_4155.jpg,0.08629091,0.26579472,0.6376084,0.010305979,c
test_4156.jpg,2.4297531e-05,0.9998642,4.539377e-05,6.6047534e-05,b
test_4157.jpg,0.00037949905,0.9983429,0.0001087283,0.0011689393,b
test_4158.jpg,8.939558e-06,5.422116e-06,0.99997556,1.0129846e-05,c
test_4159.jpg,0.008523249,0.0011534963,0.005169612,0.9851537,d
test_4160.jpg,0.9999951,1.5534927e-06,1.994724e-06,1.2878907e-06,a
test_4161.jpg,2.144303e-05,5.8288195e-05,0.999889,3.1199423e-05,c
test_4162.jpg,0.23757981,0.34567657,0.3917029,0.025040727,c
test_4163.jpg,0.0027968413,0.0009080014,0.9957444,0.0005507307,c
test_4164.jpg,0.011726372,0.0043138913,0.82208216,0.16187757,c
test_4165.jpg,5.8281956e-05,0.999782,7.4835516e-05,8.479974e-05,b
test_4166.jpg,0.032999534,0.0023904783,0.0002223491,0.9643877,d
test_4167.jpg,9.609245e-05,3.7630343e-05,6.604331e-05,0.99980026,d
test_4168.jpg,0.9393642,0.002054851,0.0055856635,0.052995306,a
test_4169.jpg,5.1438976e-05,0.99988556,2.75333e-05,3.5353456e-05,b
test_4170.jpg,6.5403674e-06,4.4951244e-06,0.99998283,6.144107e-06,c
test_4171.jpg,0.98398167,0.012386502,0.0014793565,0.002152451,a
test_4172.jpg,0.40473685,0.58888865,0.0039679003,0.0024066532,b
test_4173.jpg,0.0031343827,0.9847937,0.008520136,0.0035517209,b
test_4174.jpg,0.9999794,6.962161e-06,5.771834e-06,7.889162e-06,a
test_4175.jpg,0.00015795136,0.9967818,0.0027997552,0.00026041776,b
test_4176.jpg,0.006560907,0.0018797313,0.017834395,0.9737249,d
test_4177.jpg,0.99979895,7.483679e-05,7.483679e-05,5.143452e-05,a
test_4178.jpg,0.023338486,0.0923055,0.8757702,0.008585749,c
test_4179.jpg,0.001031133,0.00026071124,0.99790514,0.0008030472,c
test_4180.jpg,0.004063083,0.00070605794,0.9942036,0.0010273083,c
test_4181.jpg,1.4738594e-05,1.1478429e-05,0.999959,1.4738594e-05,c
test_4182.jpg,0.00054987276,0.0024643587,0.99419326,0.0027924844,c
test_4183.jpg,4.2227816e-06,1.01299265e-05,2.123348e-06,0.99998355,d
test_4184.jpg,1.9947167e-06,0.9999914,1.8738629e-06,4.7850767e-06,b
test_4185.jpg,2.406065e-06,0.9999821,4.785032e-06,1.0783236e-05,b
test_4186.jpg,6.96224e-06,1.653677e-06,6.893551e-07,0.9999907,d
test_4187.jpg,0.00042753428,0.9925518,0.00033296403,0.0066877613,b
test_4188.jpg,0.26849845,0.0012433946,0.7298544,0.00040367106,c
test_4189.jpg,0.0016701262,0.9803397,0.015845716,0.0021444843,b
test_4190.jpg,3.2887328e-06,2.1233654e-06,0.9999918,2.7264553e-06,c
test_4191.jpg,6.5401796e-06,3.96682e-06,0.9999541,3.535588e-05,c
test_4192.jpg,0.99998856,4.222803e-06,4.785063e-06,2.4060805e-06,a
test_4193.jpg,4.7850444e-06,0.99998474,4.2227866e-06,6.1441187e-06,b
test_4194.jpg,6.1441383e-06,3.5008247e-06,2.4060791e-06,0.99998796,d
test_4195.jpg,8.4800835e-05,7.4836484e-05,0.9997949,4.5390618e-05,c
test_4196.jpg,0.033258535,0.1024435,0.8577489,0.0065489938,c
test_4197.jpg,8.939393e-06,0.9999572,9.515935e-06,2.429979e-05,b
test_4198.jpg,0.99999654,7.33819e-07,1.4593734e-06,1.2878925e-06,a
test_4199.jpg,4.005944e-05,6.604685e-05,0.99985385,4.005944e-05,c
test_4200.jpg,0.9998964,2.7533599e-05,1.7777029e-05,5.8288624e-05,a
test_4201.jpg,0.9817794,0.0058378736,0.0014760456,0.010906585,a
test_4202.jpg,0.0002958282,0.9992686,0.0002958282,0.00013973935,b
test_4203.jpg,5.8287515e-05,4.006038e-05,2.429785e-05,0.99987733,d
test_4204.jpg,3.535231e-05,6.604681e-05,0.99985313,4.5393263e-05,c
test_4205.jpg,0.99987733,1.0782106e-05,1.5687872e-05,9.6099866e-05,a
test_4206.jpg,0.0019040937,0.0109573025,0.00079374434,0.98634493,d
test_4207.jpg,6.188628e-05,0.99729174,0.0013231871,0.0013231871,b
test_4208.jpg,3.7265968e-06,7.889205e-06,3.5008138e-06,0.99998486,d
test_4209.jpg,0.0002958927,0.000108852844,0.99948645,0.000108852844,c
test_4210.jpg,0.99816704,0.00023013726,0.00010212279,0.0015006835,a
test_4211.jpg,2.4299925e-05,6.962045e-06,6.1439832e-06,0.9999627,d
test_4212.jpg,0.0021582958,0.010960731,0.9866535,0.0002274827,c
test_4213.jpg,1.14785635e-05,8.397896e-06,0.9999707,9.516063e-06,c
test_4214.jpg,6.540269e-06,1.7778297e-05,0.9999678,7.889071e-06,c
test_4215.jpg,1.670077e-05,3.1201147e-05,0.9999442,7.888884e-06,c
test_4216.jpg,3.534781e-05,0.9997259,3.534781e-05,0.0002034126,b
test_4217.jpg,0.0001398115,5.1433777e-05,0.9997845,2.4295594e-05,c
test_4218.jpg,0.9999459,1.0782845e-05,3.5355588e-05,7.888898e-06,a
test_4219.jpg,0.003823632,0.059811663,0.93561184,0.0007529178,c
test_4220.jpg,1.2098641e-06,7.338197e-07,6.083579e-07,0.9999975,d
test_4221.jpg,0.0013240315,0.000487084,0.99792814,0.00026071724,c
test_4222.jpg,0.0011630703,0.00029407025,0.00521252,0.9933304,d
test_4223.jpg,5.771761e-06,0.99996674,1.078307e-05,1.6701146e-05,b
test_4224.jpg,2.260318e-06,1.5534926e-06,1.2098611e-06,0.999995,d
test_4225.jpg,0.00026114663,5.8269692e-05,0.9995716,0.00010886212,c
test_4226.jpg,1.1478407e-05,0.9999571,1.6700984e-05,1.4738566e-05,b
test_4227.jpg,7.484142e-05,4.0059716e-05,2.4297447e-05,0.99986076,d
test_4228.jpg,0.0010141615,0.012355017,0.98148054,0.0051503372,c
test_4229.jpg,0.0021815442,0.00037909552,0.9972813,0.00015803051,c
test_4230.jpg,2.405983e-06,0.999948,9.5158475e-06,4.0063213e-05,b
test_4231.jpg,9.609087e-05,8.4799896e-05,0.9997838,3.5349858e-05,c
test_4232.jpg,6.96218e-06,8.397992e-06,2.561243e-06,0.9999821,d
test_4233.jpg,8.397681e-06,0.99994504,6.5401205e-06,4.0063092e-05,b
test_4234.jpg,0.0059026694,0.00062213675,0.9926764,0.0007988395,c
test_4235.jpg,1.4593636e-06,3.9669617e-06,0.99998987,4.785069e-06,c
test_4236.jpg,3.1201434e-05,9.5159e-06,5.7716848e-06,0.9999535,d
test_4237.jpg,0.022783317,0.003959147,0.9687713,0.0044863014,c
test_4238.jpg,0.002725321,0.0011360827,0.025857124,0.9702814,d
test_4239.jpg,4.495015e-06,0.9999585,5.7717134e-06,3.120159e-05,b
test_4240.jpg,1.1478632e-05,1.01298565e-05,1.7603052e-06,0.99997663,d
test_4241.jpg,0.015063331,0.34283987,0.6405091,0.0015876635,c
test_4242.jpg,0.9992632,0.00026106604,0.0004304252,4.5366483e-05,a
test_4243.jpg,0.0019070248,0.9878633,0.0016829435,0.008546692,b
test_4244.jpg,0.99610573,0.0004290651,0.00029489188,0.0031703864,a
test_4245.jpg,0.9999323,1.3006417e-05,2.1443957e-05,3.3213048e-05,a
test_4246.jpg,2.7522101e-05,0.00015837874,0.9994789,0.0003352878,c
test_4247.jpg,1.2218731e-05,1.1478436e-05,0.9999596,1.6701026e-05,c
test_4248.jpg,2.7535305e-05,5.093519e-06,0.9999584,8.939404e-06,c
test_4249.jpg,0.000108885615,5.828227e-05,0.9997874,4.539028e-05,c
test_4250.jpg,0.00037990182,0.00010884369,0.9994024,0.00010884369,c
test_4251.jpg,0.001692257,0.00037759353,0.99333006,0.0046000313,c
test_4252.jpg,0.9998165,2.1441472e-05,6.6044384e-05,9.609401e-05,a
test_4253.jpg,0.29477426,0.48600057,0.20259517,0.016630026,b
test_4254.jpg,0.99998367,7.411214e-06,6.540373e-06,2.4060687e-06,a
test_4255.jpg,0.012184927,0.0021174229,0.017728964,0.96796864,d
test_4256.jpg,0.99914217,7.4787626e-05,0.0005526099,0.00023036209,a
test_4257.jpg,0.00043034466,0.99907625,0.00033515276,0.00015831494,b
test_4258.jpg,0.00954373,0.45984262,0.00954373,0.52106994,d
test_4259.jpg,0.0016998359,0.00026067824,0.99777883,0.00026067824,c
test_4260.jpg,2.7263584e-06,0.99995625,1.670097e-05,2.4299768e-05,b
test_4261.jpg,0.03281811,0.006462269,0.95908576,0.0016339176,c
test_4262.jpg,0.9994666,5.141742e-05,5.141742e-05,0.00043051277,a
test_4263.jpg,0.90324795,0.09520163,0.0008236555,0.0007268734,a
test_4264.jpg,3.119912e-05,0.99987936,3.119912e-05,5.828763e-05,b
test_4265.jpg,0.0077562407,0.791158,0.20003606,0.001049693,b
test_4266.jpg,0.0007093861,0.00013968641,0.99889,0.00026096852,c
test_4267.jpg,2.9293662e-05,0.99936086,0.00043046722,0.00017944543,b
test_4268.jpg,0.999997,6.8935947e-07,1.287893e-06,9.422427e-07,a
test_4269.jpg,2.7532835e-05,0.99986863,1.892302e-05,8.480709e-05,b
test_4270.jpg,2.1233652e-06,5.4222032e-06,8.851503e-07,0.99999166,d
test_4271.jpg,0.99946743,2.9296787e-05,0.00037992653,0.00012334407,a
test_4272.jpg,1.6699636e-05,0.9998764,1.0782095e-05,9.609977e-05,b
test_4273.jpg,0.99994075,3.1201038e-05,2.1444139e-05,6.5400923e-06,a
test_4274.jpg,1.012969e-05,0.9999602,1.0782999e-05,1.8924753e-05,b
test_4275.jpg,1.4738014e-05,4.5396282e-05,0.99991965,2.0144478e-05,c
test_4276.jpg,0.00013979297,0.999652,8.478872e-05,0.00012336686,b
test_4277.jpg,1.7603205e-06,5.4221687e-06,0.99998534,7.4112263e-06,c
test_4278.jpg,1.1478651e-05,5.771828e-06,4.4951043e-06,0.9999783,d
test_4279.jpg,2.9022988e-06,2.7264573e-06,1.8738648e-06,0.9999925,d
test_4280.jpg,9.609362e-05,5.143521e-05,0.9998124,4.0057777e-05,c
test_4281.jpg,0.9991352,0.0003798002,0.00043037,5.471541e-05,a
test_4282.jpg,1.7602838e-06,0.9999645,1.8924833e-05,1.47386745e-05,b
test_4283.jpg,0.0027988988,0.000429225,0.00029500175,0.99647695,d
test_4284.jpg,3.9669253e-06,0.9999807,6.96217e-06,8.39798e-06,b
test_4285.jpg,0.0002610426,0.99917334,0.00023036927,0.00033518532,b
test_4286.jpg,0.99997854,6.962155e-06,6.540339e-06,7.889155e-06,a
test_4287.jpg,0.99999213,1.7603325e-06,2.9022979e-06,3.288734e-06,a
test_4288.jpg,0.9999865,3.5008197e-06,6.962211e-06,3.0894623e-06,a
test_4289.jpg,0.98092467,0.0058327913,0.0123480195,0.00089448754,a
test_4290.jpg,0.00015842268,4.0055525e-05,0.99975616,4.538886e-05,c
test_4291.jpg,3.0894475e-06,0.99998176,3.7265852e-06,1.1478691e-05,b
test_4292.jpg,0.99917644,0.00048769332,7.4790194e-05,0.00026104337,a
test_4293.jpg,0.00015842065,5.8279697e-05,4.005501e-05,0.9997433,d
test_4294.jpg,6.143914e-06,0.9999515,6.961967e-06,3.5355784e-05,b
test_4295.jpg,3.120111e-05,1.7777858e-05,7.888876e-06,0.99994314,d
test_4296.jpg,0.99493587,0.0016949927,0.003166663,0.00020243798,a
test_4297.jpg,0.6297795,0.33709672,0.031354874,0.0017689213,a
test_4298.jpg,6.962168e-06,0.99998033,4.7850235e-06,7.889169e-06,b
test_4299.jpg,1.2218922e-05,5.0936046e-06,0.9999752,7.4111513e-06,c
test_4300.jpg,8.939659e-06,1.7603232e-06,2.4060764e-06,0.9999869,d
test_4301.jpg,1.2218823e-05,1.6701151e-05,3.966871e-06,0.9999671,d
test_4302.jpg,0.6456407,0.34558657,0.0016003833,0.0071724206,a
test_4303.jpg,0.21404594,0.11457053,0.012075646,0.6593079,d
test_4304.jpg,2.9305987e-05,0.00012338281,6.6042056e-05,0.9997813,d
test_4305.jpg,0.00091087876,0.00012327403,6.598383e-05,0.9988998,d
test_4306.jpg,1.5689197e-05,9.5159785e-06,0.99996173,1.30068e-05,c
test_4307.jpg,5.8287602e-05,4.264412e-05,2.0143658e-05,0.9998789,d
test_4308.jpg,0.0002958722,0.00026110627,2.5853024e-05,0.9994172,d
test_4309.jpg,2.4291634e-05,5.8272602e-05,0.0002959327,0.9996215,d
test_4310.jpg,0.037215777,0.9598076,0.0018528645,0.0011238192,b
test_4311.jpg,0.00015837264,6.601954e-05,0.0003352749,0.9994404,d
test_4312.jpg,7.411201e-06,9.5161695e-06,1.2098452e-06,0.9999819,d
test_4313.jpg,0.89494234,0.008773707,0.0019576785,0.09432623,a
test_4314.jpg,0.0010321161,6.5980974e-05,0.99885654,4.5348017e-05,c
test_4315.jpg,0.00020340465,5.142875e-05,5.8276408e-05,0.99968684,d
test_4316.jpg,0.00080198754,0.00013936455,0.0024702956,0.99658835,d
test_4317.jpg,0.008471554,0.97917855,0.009599529,0.0027503113,b
test_4318.jpg,0.99997866,7.4111767e-06,6.54034e-06,7.4111767e-06,a
test_4319.jpg,1.2218535e-05,1.6700757e-05,0.9999435,2.7534896e-05,c
test_4320.jpg,0.9998443,2.2824965e-05,0.0001233906,9.514861e-06,a
test_4321.jpg,0.048489306,0.0030998178,0.66937417,0.27903667,c
test_4322.jpg,0.0021809856,0.0006248628,0.00016817955,0.997026,d
test_4323.jpg,0.55775785,0.33829725,0.0070211357,0.096923776,a
test_4324.jpg,0.0016920756,0.99322367,0.00048478777,0.004599538,b
test_4325.jpg,1.47389e-05,3.7265777e-06,1.8738409e-06,0.99997973,d
test_4326.jpg,0.019336035,0.002616848,0.046384737,0.9316624,d
test_4327.jpg,2.429871e-05,2.2826527e-05,0.99991274,4.0061797e-05,c
test_4328.jpg,0.0008039173,0.9989863,0.0001583007,5.139271e-05,b
test_4329.jpg,0.9998977,2.93094e-05,5.14396e-05,2.1443215e-05,a
test_4330.jpg,3.726616e-06,3.966962e-06,0.99999,2.406084e-06,c
test_4331.jpg,0.9972365,0.0021814462,0.00020290609,0.0003790785,a
test_4332.jpg,3.763132e-05,8.480348e-05,0.99982613,5.1435916e-05,c
test_4333.jpg,0.00029555592,0.99834883,0.00080340425,0.00055217114,b
test_4334.jpg,0.34790704,0.0012547487,0.64997584,0.00086237525,c
test_4335.jpg,3.7265825e-06,7.889175e-06,7.4111945e-06,0.99998105,d
test_4336.jpg,0.9982205,0.00026079363,0.00048722673,0.0010314588,a
test_4337.jpg,0.00023043838,0.00023043838,0.99947315,6.6021705e-05,c
test_4338.jpg,1.568843e-05,3.1200172e-05,0.999913,4.006181e-05,c
test_4339.jpg,4.222669e-06,1.4738563e-05,0.99995685,2.4299783e-05,c
test_4340.jpg,9.4224345e-07,7.811473e-07,3.2563062e-07,0.99999785,d
test_4341.jpg,0.49645394,0.43811905,0.019249609,0.04617741,a
test_4342.jpg,0.9958222,0.000801371,0.0024683964,0.0009080723,a
test_4343.jpg,0.13564393,0.001506868,0.780577,0.08227221,c
test_4344.jpg,0.977239,0.0014692195,0.0010097787,0.020281948,a
test_4345.jpg,0.00012329304,0.00033514525,0.0004876335,0.9990539,d
test_4346.jpg,0.0005525911,0.00023035424,0.99910814,0.00010881165,c
test_4347.jpg,4.222773e-06,1.22189995e-05,1.994697e-06,0.9999815,d
test_4348.jpg,0.009495172,0.0018697102,0.020101277,0.9685338,d
test_4349.jpg,0.62135994,0.37687388,0.0011995069,0.00056660693,a
test_4350.jpg,0.99827135,0.0013244869,0.00029553298,0.00010872051,a
test_4351.jpg,8.939476e-06,1.892487e-05,0.9999664,5.771759e-06,c
test_4352.jpg,3.966898e-06,0.9999739,5.422107e-06,1.6701264e-05,b
test_4353.jpg,0.0011691811,0.9985494,0.00015823146,0.00012323078,b
test_4354.jpg,0.00037993802,8.4775624e-05,0.99949765,3.7618956e-05,c
test_4355.jpg,0.004169884,0.0022319783,0.7012667,0.29233146,c
test_4356.jpg,0.0010310159,0.00055186305,0.99779177,0.0006253427,c
test_4357.jpg,2.406021e-06,0.99996376,9.515998e-06,2.429995e-05,b
test_4358.jpg,0.00010889382,1.8922907e-05,9.515035e-06,0.9998627,d
test_4359.jpg,0.9999924,2.1233668e-06,3.288735e-06,2.1233668e-06,a
test_4360.jpg,0.002048944,0.059878916,0.0014082171,0.93666387,d
test_4361.jpg,0.01077122,0.00396251,0.9695942,0.01567203,c
test_4362.jpg,0.00091022043,0.00070888037,0.9981779,0.00020309763,c
test_4363.jpg,1.7777234e-05,2.2826418e-05,5.144013e-05,0.999908,d
test_4364.jpg,2.1444184e-05,0.9999429,1.8924426e-05,1.6700747e-05,b
test_4365.jpg,0.9995633,0.00029591547,6.602766e-05,7.4819145e-05,a
test_4366.jpg,0.99998474,3.0894569e-06,4.7850444e-06,7.4112218e-06,a
test_4367.jpg,9.5159585e-06,1.3006774e-05,0.9999597,1.7778153e-05,c
test_4368.jpg,1.6700684e-05,2.7534774e-05,0.9999391,1.6700684e-05,c
test_4369.jpg,0.29754072,0.6298937,0.066390306,0.006175261,b
test_4370.jpg,5.8289374e-05,2.0144269e-05,1.2218116e-05,0.9999093,d
test_4371.jpg,0.9999918,1.0030068e-06,4.495165e-06,2.7264553e-06,a
test_4372.jpg,6.540055e-06,0.99993503,4.539698e-05,1.3006453e-05,b
test_4373.jpg,0.9965306,0.00037881013,0.0019237566,0.0011668173,a
test_4374.jpg,4.4951316e-06,8.939637e-06,2.1233498e-06,0.9999844,d
test_4375.jpg,0.49695408,0.0042994954,0.0017922963,0.49695408,a
test_4376.jpg,0.00037990548,0.00012333725,8.476836e-05,0.99941206,d
test_4377.jpg,9.605871e-05,7.481061e-05,0.0003799196,0.9994492,d
test_4378.jpg,0.9992107,0.00017941848,0.00017941848,0.00043040258,a
test_4379.jpg,0.9999343,1.6700604e-05,3.1200838e-05,1.7777702e-05,a
test_4380.jpg,6.6043445e-05,2.2824004e-05,0.9998023,0.00010888724,c
test_4381.jpg,0.00010887962,0.00012337677,0.9997323,3.5348035e-05,c
test_4382.jpg,0.99984705,3.5352095e-05,5.1436997e-05,6.604641e-05,a
test_4383.jpg,0.9999862,3.7266016e-06,5.422173e-06,4.7850513e-06,a
test_4384.jpg,0.015317972,0.0030162875,0.8363329,0.14533286,c
test_4385.jpg,0.99992764,5.144114e-05,1.147807e-05,9.515654e-06,a
test_4386.jpg,9.6097196e-05,3.5352183e-05,1.892266e-05,0.99984956,d
test_4387.jpg,0.99986434,5.8286754e-05,5.1437884e-05,2.5864592e-05,a
test_4388.jpg,0.9997706,7.4834665e-05,0.00012338148,3.1195726e-05,a
test_4389.jpg,2.4299612e-05,6.9619555e-06,0.9999498,1.8924557e-05,c
test_4390.jpg,0.00023047271,5.1425417e-05,0.999622,9.6075324e-05,c
test_4391.jpg,0.0066614915,0.0019085493,0.988653,0.002776923,c
test_4392.jpg,0.9962754,0.0021793437,0.0011665185,0.00037871316,a
test_4393.jpg,1.012967e-05,0.9999583,1.012967e-05,2.1444514e-05,b
test_4394.jpg,2.4060698e-06,0.99998415,4.4951303e-06,8.939634e-06,b
test_4395.jpg,1.9947138e-06,0.99999,3.5008318e-06,4.4951566e-06,b
test_4396.jpg,0.99945015,0.00033527816,7.4810676e-05,0.00013976474,a
test_4397.jpg,0.9999795,7.889163e-06,4.7850194e-06,7.889163e-06,a
test_4398.jpg,0.9999838,7.411215e-06,3.2887067e-06,5.4221605e-06,a
test_4399.jpg,0.9880399,0.010976133,0.0007951083,0.00018885477,a
test_4400.jpg,0.9996829,0.00012337067,0.000108874236,8.479133e-05,a
test_4401.jpg,0.003584975,0.0014944399,0.9940142,0.0009064236,c
test_4402.jpg,4.7850317e-06,0.999982,6.962179e-06,6.144102e-06,b
test_4403.jpg,0.0208557,0.08248589,0.8868069,0.009851536,c
test_4404.jpg,0.026555147,0.36658248,0.0024700135,0.60439235,d
test_4405.jpg,0.61254525,0.0032143425,0.37152746,0.01271297,a
test_4406.jpg,0.00048782022,0.99943644,2.4287136e-05,5.141587e-05,b
test_4407.jpg,3.1201238e-05,1.1478294e-05,1.0129558e-05,0.9999472,d
test_4408.jpg,0.0009046188,0.005898855,0.992035,0.0011615534,c
test_4409.jpg,1.777649e-05,0.9998661,3.119871e-05,8.480688e-05,b
test_4410.jpg,0.99814665,0.00033484088,0.00048719067,0.0010313826,a
test_4411.jpg,7.478993e-05,4.2614014e-05,0.00070958707,0.999173,d
test_4412.jpg,0.9994479,4.0043175e-05,0.0004878258,2.4287414e-05,a
test_4413.jpg,0.072378956,0.7781471,0.014252262,0.13522168,b
test_4414.jpg,0.001029976,0.00048652623,0.9967854,0.0016981435,c
test_4415.jpg,2.7533337e-05,1.0782209e-05,0.9998869,7.484337e-05,c
test_4416.jpg,2.406069e-06,3.7265927e-06,0.9999838,1.0129928e-05,c
test_4417.jpg,2.5612728e-06,1.9947215e-06,0.9999938,1.7603354e-06,c
test_4418.jpg,5.0936374e-06,3.0894473e-06,0.99998164,1.0129907e-05,c
test_4419.jpg,5.771348e-06,7.4843985e-05,2.4298282e-05,0.9998951,d
test_4420.jpg,0.00048782522,4.537481e-05,2.013495e-05,0.9994467,d
test_4421.jpg,0.00042970717,0.001925814,0.9975963,4.8211812e-05,c
test_4422.jpg,2.4298943e-05,2.5866091e-05,2.753431e-05,0.9999223,d
test_4423.jpg,6.540409e-06,2.561261e-06,1.7603272e-06,0.99998915,d
test_4424.jpg,1.8925008e-05,3.966897e-06,3.5007745e-06,0.99997365,d
test_4425.jpg,0.91895753,0.005464321,0.009009142,0.06656906,a
test_4426.jpg,8.397945e-06,1.3006992e-05,2.1233332e-06,0.9999765,d
test_4427.jpg,0.3436309,0.011758403,0.0026236542,0.641987,d
test_4428.jpg,7.888886e-06,0.99994445,1.22185465e-05,3.5355537e-05,b
test_4429.jpg,2.4299188e-05,1.5688736e-05,2.753459e-05,0.9999324,d
test_4430.jpg,6.6050554e-05,1.6700196e-05,7.410667e-06,0.9999099,d
test_4431.jpg,1.2098487e-06,0.99998474,5.0936533e-06,8.93964e-06,b
test_4432.jpg,0.022933103,0.9751404,0.0007847276,0.0011417719,b
test_4433.jpg,0.11538302,0.66398346,0.21556388,0.005069576,b
test_4434.jpg,1.8924893e-05,6.962079e-06,0.9999676,6.540268e-06,c
test_4435.jpg,0.00020333016,9.6046366e-05,0.00037987076,0.99932075,d
test_4436.jpg,0.039887022,0.15775622,0.0012044837,0.8011522,d
test_4437.jpg,2.1443688e-05,2.7534243e-05,0.9999198,3.1200383e-05,c
test_4438.jpg,0.98102784,0.012349318,0.0051479614,0.0014749157,a
test_4439.jpg,1.4738102e-05,0.9999256,2.4299023e-05,3.535487e-05,b
test_4440.jpg,0.674633,0.31867412,0.0045456416,0.0021472091,a
test_4441.jpg,8.4775456e-05,0.00026112676,0.9994956,0.0001583814,c
test_4442.jpg,0.029067647,0.96258825,0.0064858687,0.0018582324,b
test_4443.jpg,2.0138476e-05,2.2819882e-05,0.9996216,0.0003353357,c
test_4444.jpg,0.13140953,0.27819398,0.5889366,0.001459828,c
test_4445.jpg,1.2878788e-06,5.7718717e-06,0.99998593,6.962207e-06,c
test_4446.jpg,0.99600285,0.0011661995,0.00090823707,0.0019227379,a
test_4447.jpg,0.0014818346,0.98562986,0.012407249,0.00048108128,b
test_4448.jpg,0.0011684078,0.00013954642,0.0008030342,0.997889,d
test_4449.jpg,0.9999902,3.5008325e-06,3.2887278e-06,2.9022922e-06,a
test_4450.jpg,0.0021706244,0.00033287605,0.9922895,0.0052070576,c
test_4451.jpg,0.98549104,0.00079305714,0.0027680416,0.010947817,a
test_4452.jpg,0.000230438,0.00015837757,0.00013976773,0.9994715,d
test_4453.jpg,0.10350535,0.21912082,0.0024342125,0.67493963,d
test_4454.jpg,0.9999598,1.4738606e-05,1.0782996e-05,1.4738606e-05,a
test_4455.jpg,0.025717728,0.21533191,0.007368253,0.7515822,d
test_4456.jpg,0.00091076054,0.00013966966,0.00017933937,0.9987702,d
test_4457.jpg,0.0024619314,0.0031611826,0.001162934,0.993214,d
test_4458.jpg,0.8277857,0.16300066,0.0071617495,0.0020518757,a
test_4459.jpg,0.99989283,1.2217915e-05,8.4809144e-05,1.0129007e-05,a
test_4460.jpg,0.097200334,0.43562168,0.43562168,0.03155633,b
test_4461.jpg,1.3006977e-05,6.5403183e-06,5.0936055e-06,0.9999753,d
test_4462.jpg,2.1444423e-05,1.6700933e-05,7.888962e-06,0.999954,d
test_4463.jpg,9.6095624e-05,3.5351604e-05,0.9998332,3.5351604e-05,c
test_4464.jpg,0.95038754,0.0014288499,0.0008666413,0.04731701,a
test_4465.jpg,0.0024682784,0.0014970865,0.99577457,0.0002601546,c
test_4466.jpg,0.00015841432,0.00010887647,2.9303703e-05,0.99970335,d
test_4467.jpg,3.0894819e-06,2.4060907e-06,1.6536806e-06,0.99999285,d
test_4468.jpg,8.397967e-06,7.4111804e-06,5.0936246e-06,0.99997914,d
test_4469.jpg,0.99996054,7.4110426e-06,4.4950243e-06,2.7535365e-05,a
test_4470.jpg,0.999876,5.1438485e-05,5.475598e-05,1.7776665e-05,a
test_4471.jpg,0.0042230343,0.26126993,0.7102052,0.024301885,c
test_4472.jpg,0.0011656716,0.9955521,0.0004859243,0.0027963014,b
test_4473.jpg,6.144071e-06,8.939571e-06,7.889143e-06,0.999977,d
test_4474.jpg,9.555441e-05,0.005217094,0.00048526534,0.9942021,d
test_4475.jpg,0.0058814753,0.0045804977,0.9891121,0.00042605263,c
test_4476.jpg,0.00685643,0.0022259569,0.2915428,0.69937485,d
test_4477.jpg,0.00023044608,0.0001233489,0.9995065,0.00013977262,c
test_4478.jpg,0.015422296,0.9541437,0.0050068866,0.025427068,b
test_4479.jpg,0.9998796,6.204687e-05,1.30057315e-05,4.5394467e-05,a
test_4480.jpg,0.0007091611,0.00048739885,0.9985732,0.0002302309,c
test_4481.jpg,0.00088701356,0.022876382,0.0035082067,0.9727285,d
test_4482.jpg,1.6701046e-05,9.515969e-06,0.9999608,1.3006787e-05,c
test_4483.jpg,9.6071715e-05,5.827044e-05,0.9995845,0.00026114998,c
test_4484.jpg,0.814344,0.0017813703,0.058990885,0.124883704,a
test_4485.jpg,0.052618854,0.005545986,0.009143786,0.9326914,d
test_4486.jpg,0.0016812581,0.01096318,0.9868739,0.0004816885,c
test_4487.jpg,0.99998236,4.2227766e-06,6.962182e-06,6.540364e-06,a
test_4488.jpg,0.9999672,6.5402655e-06,2.1444706e-05,4.7849608e-06,a
test_4489.jpg,4.5391826e-05,7.483847e-05,5.8284255e-05,0.9998215,d
test_4490.jpg,0.00055068196,0.9956564,0.0006240044,0.0031689561,b
test_4491.jpg,3.2887046e-06,6.962188e-06,0.9999832,6.5403697e-06,c
test_4492.jpg,0.00020339628,6.6033106e-05,0.9996457,8.478818e-05,c
test_4493.jpg,1.4737339e-05,0.9998739,4.5394205e-05,6.6048175e-05,b
test_4494.jpg,5.82886e-05,2.1443177e-05,0.99989593,2.4298302e-05,c
test_4495.jpg,0.0014967528,0.0019218687,0.0010287021,0.9955526,d
test_4496.jpg,0.9999765,1.3006992e-05,3.9669085e-06,6.540326e-06,a
test_4497.jpg,0.99922836,0.00037983563,0.0002958163,9.603749e-05,a
test_4498.jpg,0.00048763244,0.00023034123,0.99905175,0.00023034123,c
test_4499.jpg,0.001913145,0.9910336,0.005892901,0.001160381,b
test_4500.jpg,0.99998283,6.962185e-06,2.726431e-06,7.4112077e-06,a
test_4501.jpg,8.3978575e-06,0.99996614,6.5402583e-06,1.8924866e-05,b
test_4502.jpg,7.889079e-06,0.9999689,6.5402764e-06,1.670118e-05,b
test_4503.jpg,0.9999918,2.5612676e-06,3.0894785e-06,2.5612676e-06,a
test_4504.jpg,3.089434e-06,0.99997735,6.5403315e-06,1.3007003e-05,b
test_4505.jpg,5.422112e-06,1.670128e-05,3.0894262e-06,0.99997485,d
test_4506.jpg,2.1444379e-05,2.1444379e-05,5.0934864e-06,0.99995196,d
test_4507.jpg,0.99961567,9.607472e-05,8.4785635e-05,0.00020339018,a
test_4508.jpg,3.535424e-05,2.753391e-05,0.99990773,2.9309693e-05,c
test_4509.jpg,0.99789584,0.00010867962,0.0017000353,0.00029542184,a
test_4510.jpg,0.00010886691,0.99961555,0.00017949118,9.6074706e-05,b
test_4511.jpg,0.99966633,4.5384782e-05,0.00017950029,0.00010887243,a
test_4512.jpg,0.8448862,0.089050345,0.054011766,0.012051654,a
test_4513.jpg,5.4221596e-06,8.93963e-06,1.9947013e-06,0.99998367,d
test_4514.jpg,0.999984,3.2887074e-06,6.540375e-06,6.144114e-06,a
test_4515.jpg,0.0011681791,0.9976936,0.00042974908,0.0007085365,b
test_4516.jpg,1.3006492e-05,0.999938,2.1444079e-05,2.7534745e-05,b
test_4517.jpg,5.0936405e-06,1.0129913e-05,2.5612433e-06,0.99998224,d
test_4518.jpg,0.00042976518,0.0016997545,0.00013952433,0.99773103,d
test_4519.jpg,0.9829075,0.005157825,0.010919116,0.0010156359,a
test_4520.jpg,0.05893477,0.016885096,0.92189497,0.0022851492,c
test_4521.jpg,0.00013981867,1.3005161e-05,1.1477015e-05,0.9998357,d
test_4522.jpg,3.5350207e-05,0.9997937,3.1196447e-05,0.00013981278,b
test_4523.jpg,0.9962059,0.0035928797,6.181891e-05,0.00013931107,a
test_4524.jpg,0.9957639,0.0021782247,0.0010289205,0.0010289205,a
test_4525.jpg,0.1159184,0.007410415,0.8565275,0.020143598,c
test_4526.jpg,0.00023017632,0.0001087276,0.0013245733,0.9983365,d
test_4527.jpg,0.00020317575,0.00020317575,0.0010318115,0.9985618,d
test_4528.jpg,4.0061022e-05,3.119956e-05,0.9998934,3.5353733e-05,c
test_4529.jpg,0.0009109387,9.6012234e-05,2.7507967e-05,0.9989656,d
test_4530.jpg,0.16634804,0.16634804,0.6579192,0.009384714,c
test_4531.jpg,0.99926347,6.2008636e-05,0.0006262651,4.8292382e-05,a
test_4532.jpg,9.5161695e-06,2.4060644e-06,0.9999819,6.144101e-06,c
test_4533.jpg,6.604444e-05,5.828402e-05,0.99981743,5.828402e-05,c
test_4534.jpg,0.00034123685,0.041985385,0.0020903293,0.955583,d
test_4535.jpg,0.99810433,0.0017003905,7.952831e-05,0.00011571302,a
test_4536.jpg,1.4738197e-05,0.99993205,1.7777662e-05,3.53551e-05,b
test_4537.jpg,2.753515e-05,1.0129615e-05,9.515893e-06,0.9999528,d
test_4538.jpg,0.00070954213,9.602609e-05,8.474272e-05,0.9991097,d
test_4539.jpg,0.01861718,0.48014337,0.48014337,0.021096028,b
test_4540.jpg,0.1325327,0.0031168703,0.0001286486,0.86422175,d
test_4541.jpg,5.093545e-06,0.9999635,1.4738661e-05,1.6701091e-05,b
test_4542.jpg,0.011996877,0.0023623253,0.032610893,0.95303,d
test_4543.jpg,0.019993434,0.0083345035,0.9633376,0.0083345035,c
test_4544.jpg,0.9999851,4.7850463e-06,7.889207e-06,2.2602958e-06,a
test_4545.jpg,0.6868553,0.004084191,0.056380518,0.25267997,a
test_4546.jpg,0.052486405,0.93034375,0.00804905,0.00912077,b
test_4547.jpg,1.3845611e-05,0.9999577,6.96201e-06,2.14445e-05,b
test_4548.jpg,0.9999976,9.422432e-07,3.6898774e-07,1.0677015e-06,a
test_4549.jpg,0.027332725,0.0036990817,0.4844841,0.4844841,c
test_4550.jpg,4.539305e-05,6.60465e-05,0.9998485,4.0059225e-05,c
test_4551.jpg,0.00015841992,5.1431423e-05,0.99973875,5.1431423e-05,c
test_4552.jpg,0.00012338748,3.3209286e-05,2.4296434e-05,0.9998191,d
test_4553.jpg,0.20441304,0.5556522,0.035521656,0.20441304,b
test_4554.jpg,0.16156143,0.011703469,0.43916944,0.38756567,c
test_4555.jpg,0.9999809,5.422145e-06,6.144095e-06,7.4111936e-06,a
test_4556.jpg,0.99985063,2.1442205e-05,0.00010889251,1.892268e-05,a
test_4557.jpg,0.0016697565,0.0002560654,0.9801226,0.017951572,c
test_4558.jpg,0.99366426,0.00016761248,0.00025960326,0.0059085432,a
test_4559.jpg,0.0045823976,0.9895223,0.0045823976,0.0013128788,b
test_4560.jpg,5.1438976e-05,2.75333e-05,0.99988556,3.5353456e-05,c
test_4561.jpg,0.00017950936,0.9997168,4.5387074e-05,5.8278158e-05,b
test_4562.jpg,0.9999964,5.3687336e-07,4.7378907e-07,2.5612796e-06,a
test_4563.jpg,8.939571e-06,3.9669103e-06,0.999977,1.012986e-05,c
test_4564.jpg,0.99997365,1.01298265e-05,8.397921e-06,7.889116e-06,a
test_4565.jpg,2.4060914e-06,3.5008427e-06,1.0030082e-06,0.9999931,d
test_4566.jpg,0.9999788,3.5007924e-06,1.2218966e-05,5.422133e-06,a
test_4567.jpg,0.9999956,1.8738706e-06,1.1365601e-06,1.3709531e-06,a
test_4568.jpg,0.0024705303,0.00055124983,0.00029506278,0.99668306,d
test_4569.jpg,6.604085e-05,0.99976295,3.119549e-05,0.00013980849,b
test_4570.jpg,2.1443087e-05,5.1439296e-05,0.99989176,3.5353674e-05,c
test_4571.jpg,0.0132411355,0.4384862,0.16131006,0.38696268,b
test_4572.jpg,0.00033513765,0.00020327127,0.9990313,0.00043032528,c
test_4573.jpg,0.61655307,0.004154302,0.37395835,0.005334229,a
test_4574.jpg,0.0017005424,6.593718e-05,3.9992916e-05,0.99819356,d
test_4575.jpg,7.88907e-06,1.221883e-05,0.9999677,1.221883e-05,c
test_4576.jpg,0.99991965,2.0144478e-05,4.0062074e-05,2.0144478e-05,a
test_4577.jpg,2.4060612e-06,0.99998057,4.785025e-06,1.2218988e-05,b
test_4578.jpg,0.99997866,7.4111767e-06,6.54034e-06,7.4111767e-06,a
test_4579.jpg,0.0001397296,0.00010882152,0.99919885,0.0005526412,c
test_4580.jpg,0.00070947496,0.00017938335,0.9990151,9.601699e-05,c
test_4581.jpg,0.013766048,0.020029482,0.001129986,0.9650745,d
test_4582.jpg,0.0008013283,0.003169315,0.99576914,0.00026015317,c
test_4583.jpg,0.00013975828,2.5852683e-05,0.99940395,0.0004304858,c
test_4584.jpg,9.6092204e-05,8.480107e-05,2.1441068e-05,0.99979764,d
test_4585.jpg,0.0008006321,0.99490404,0.0040659453,0.00022938494,b
test_4586.jpg,1.8924295e-05,4.006273e-05,5.093405e-06,0.999936,d
test_4587.jpg,4.2227894e-06,5.0936565e-06,0.99998534,5.4221687e-06,c
test_4588.jpg,0.6186391,0.0041683572,0.37522358,0.0019689926,a
test_4589.jpg,0.032743704,0.003045639,0.51219773,0.4520129,c
test_4590.jpg,0.99994695,1.4738416e-05,8.9393025e-06,2.9310842e-05,a
test_4591.jpg,0.24991761,0.67934644,0.06318906,0.007546858,b
test_4592.jpg,0.9927261,0.0027883635,0.00090524903,0.0035803295,a
test_4593.jpg,0.26648432,0.002034633,0.0071015665,0.7243794,d
test_4594.jpg,0.9999056,4.006151e-05,3.535416e-05,1.892372e-05,a
test_4595.jpg,0.99190897,0.0004272574,0.0024586967,0.005205061,a
test_4596.jpg,6.1437504e-06,0.9999248,1.0782617e-05,5.829028e-05,b
test_4597.jpg,0.03877418,0.77880025,0.00865169,0.17377384,b
test_4598.jpg,0.0035647496,0.00048243644,0.9884063,0.0075465743,c
test_4599.jpg,1.3845676e-05,2.014534e-05,3.5007354e-06,0.99996245,d
test_4600.jpg,0.9999306,1.3845236e-05,2.4299145e-05,3.120072e-05,a
test_4601.jpg,1.6536861e-06,1.287892e-06,8.3152554e-07,0.9999962,d
test_4602.jpg,0.012422856,0.0006184975,8.910302e-05,0.98686963,d
test_4603.jpg,0.0019255211,0.00029528825,0.0003346054,0.9974446,d
test_4604.jpg,0.9999932,1.8738662e-06,2.4060917e-06,2.5612712e-06,a
test_4605.jpg,0.13545734,0.3682112,0.47279257,0.023538955,c
test_4606.jpg,0.58679545,0.16811971,0.21587,0.029214824,a
test_4607.jpg,7.411137e-06,1.14785935e-05,0.9999733,7.8891135e-06,c
test_4608.jpg,6.143718e-06,2.2826682e-05,0.99991953,5.1440722e-05,c
test_4609.jpg,0.00017951487,4.538847e-05,0.9997476,2.75295e-05,c
test_4610.jpg,1.0783239e-05,3.726588e-06,3.0894498e-06,0.9999825,d
test_4611.jpg,0.0013911959,0.006234908,0.06703158,0.9253424,d
test_4612.jpg,1.0676928e-06,0.9999895,3.726614e-06,5.7718926e-06,b
test_4613.jpg,0.9992724,6.600844e-05,0.0005526819,0.00010882953,a
test_4614.jpg,0.4830962,0.050917964,0.4263309,0.03965495,a
test_4615.jpg,0.99933416,5.4726304e-05,0.00012332763,0.0004877703,a
test_4616.jpg,0.9999026,1.8923663e-05,5.8288988e-05,2.0144134e-05,a
test_4617.jpg,2.56123e-06,8.939572e-06,0.9999771,1.1478637e-05,c
test_4618.jpg,0.9983083,0.00043001387,0.0010315496,0.00023016983,a
test_4619.jpg,1.8924495e-05,6.9619327e-06,2.7534981e-05,0.9999466,d
test_4620.jpg,1.8924586e-05,1.6700887e-05,0.99995136,1.3006665e-05,c
test_4621.jpg,2.4300098e-05,4.495066e-06,1.287858e-06,0.99996984,d
test_4622.jpg,0.9999697,8.3978875e-06,1.5689322e-05,6.1440264e-06,a
test_4623.jpg,2.7534386e-05,7.4107793e-06,0.999925,4.006229e-05,c
test_4624.jpg,0.9621571,0.0030623353,0.032923203,0.0018574002,a
test_4625.jpg,2.4060698e-06,1.1478718e-05,1.9947022e-06,0.99998415,d
test_4626.jpg,0.9999294,4.0062467e-05,6.143779e-06,2.4299115e-05,a
test_4627.jpg,0.6087699,0.044099145,0.25377303,0.09335789,a
test_4628.jpg,2.561236e-06,0.9999794,3.2886921e-06,1.4738895e-05,b
test_4629.jpg,0.0004302276,0.0003350616,0.99880457,0.0004302276,c
test_4630.jpg,7.889094e-06,0.9999708,6.5402887e-06,1.4738768e-05,b
test_4631.jpg,0.99999475,1.1365591e-06,1.9947233e-06,2.1233718e-06,a
test_4632.jpg,2.7264641e-06,1.2878904e-06,9.422408e-07,0.999995,d
test_4633.jpg,7.888819e-06,0.99993587,4.7848107e-06,5.1441562e-05,b
test_4634.jpg,5.771643e-06,0.99994624,7.888901e-06,4.006314e-05,b
test_4635.jpg,0.61319876,0.37192383,0.011231127,0.0036462129,a
test_4636.jpg,0.3717918,0.6129811,0.012722016,0.0025051136,b
test_4637.jpg,4.222551e-06,0.99992895,2.1443884e-05,4.5396704e-05,b
test_4638.jpg,0.07849965,0.0692757,0.8439508,0.008273804,c
test_4639.jpg,0.001668269,0.97924954,0.017935582,0.0011465832,b
test_4640.jpg,0.99997497,9.516104e-06,4.784998e-06,1.0783158e-05,a
test_4641.jpg,0.99999475,1.4593708e-06,1.2098608e-06,2.5612753e-06,a
test_4642.jpg,0.99991035,1.3006132e-05,4.539586e-05,3.120009e-05,a
test_4643.jpg,0.9999727,2.7264034e-06,8.939533e-06,1.568937e-05,a
test_4644.jpg,0.7915045,0.0036653935,0.20012368,0.0047064577,a
test_4645.jpg,6.604847e-05,3.53532e-05,0.9998784,2.0143647e-05,c
test_4646.jpg,0.57878166,0.39779043,0.0224418,0.000986024,a
test_4647.jpg,0.00020322962,0.99882656,0.00026095196,0.000709341,b
test_4648.jpg,0.99958616,0.00012335872,2.9300267e-05,0.00026115042,a
test_4649.jpg,8.9392e-06,0.9999355,2.4299263e-05,3.1200874e-05,b
test_4650.jpg,0.0002304892,5.8276793e-05,1.777342e-05,0.9996935,d
test_4651.jpg,0.99443805,0.0003335968,0.0011643672,0.004064041,a
test_4652.jpg,0.8556678,0.010771268,0.017758818,0.11580205,a
test_4653.jpg,4.539566e-05,0.99990594,2.4298546e-05,2.4298546e-05,b
test_4654.jpg,0.9999945,1.0030096e-06,1.4593704e-06,3.0894869e-06,a
test_4655.jpg,0.0014861367,0.9884914,0.00969083,0.0003316019,b
test_4656.jpg,0.20253421,0.13919958,0.22950134,0.4287649,d
test_4657.jpg,0.99820375,0.00033486006,0.0010314416,0.00042996882,a
test_4658.jpg,7.4843956e-05,1.8923514e-05,1.1477692e-05,0.99989474,d
test_4659.jpg,5.4221573e-06,3.966935e-06,7.4112104e-06,0.9999832,d
test_4660.jpg,3.5354566e-05,2.0144424e-05,0.9999169,2.7534163e-05,c
test_4661.jpg,0.00012338733,3.1197203e-05,0.9998179,2.7531436e-05,c
test_4662.jpg,0.0021785707,0.0016966728,0.9959221,0.00020263865,c
test_4663.jpg,0.0065107825,0.0014527519,0.96628577,0.025750643,c
test_4664.jpg,0.00054663693,0.9883428,0.00754609,0.0035645207,b
test_4665.jpg,4.5396268e-05,0.9999193,1.3845079e-05,2.1443679e-05,b
test_4666.jpg,0.0067804186,0.012667488,0.6103538,0.3701983,c
test_4667.jpg,0.40319854,0.58665043,0.0050755204,0.0050755204,b
test_4668.jpg,3.0894528e-06,3.2887053e-06,0.99998343,1.0129925e-05,c
test_4669.jpg,0.9999924,3.288735e-06,2.4060896e-06,1.9947186e-06,a
test_4670.jpg,8.4805746e-05,0.9998528,3.119829e-05,3.119829e-05,b
test_4671.jpg,0.00037922058,0.99761033,8.4615545e-05,0.001925841,b
test_4672.jpg,3.320975e-05,0.9998331,3.7631584e-05,9.609562e-05,b
test_4673.jpg,0.0003795519,0.00033495337,0.9984819,0.00080351136,c
test_4674.jpg,0.9926489,0.006688416,0.00048450724,0.00017824024,a
test_4675.jpg,0.01807298,0.32035124,0.5984949,0.0630809,c
test_4676.jpg,0.999765,3.5349192e-05,2.0141362e-05,0.000179518,a
test_4677.jpg,0.9956714,0.0009079348,0.0027966362,0.0006240138,a
test_4678.jpg,0.00015838374,0.0002958998,3.5340192e-05,0.9995104,d
test_4679.jpg,0.00012336567,0.9996424,5.4743185e-05,0.00017949598,b
test_4680.jpg,0.00010885801,9.6066855e-05,0.9995339,0.00026113677,c
test_4681.jpg,0.0016996255,0.00048695083,0.9976553,0.00015808978,c
test_4682.jpg,0.99999475,1.2098608e-06,1.6536837e-06,2.4060953e-06,a
test_4683.jpg,0.003580435,0.0014925472,0.99275535,0.0021716435,c
test_4684.jpg,0.99884075,0.0003796883,0.0007093511,7.023527e-05,a
test_4685.jpg,2.4299336e-05,2.144409e-05,0.9999385,1.568883e-05,c
test_4686.jpg,0.1779975,0.011378998,0.7977294,0.012894095,c
test_4687.jpg,0.99990356,5.4757485e-05,3.3212094e-05,8.397333e-06,a
test_4688.jpg,2.144481e-05,4.495076e-06,1.8738266e-06,0.9999721,d
test_4689.jpg,3.7634538e-05,0.99991167,1.3006149e-05,3.7634538e-05,b
test_4690.jpg,0.9829747,0.008504398,0.0075051044,0.0010157054,a
test_4691.jpg,0.0010296009,0.9964224,0.00062448444,0.0019235477,b
test_4692.jpg,0.0014911309,0.9918133,0.0007981449,0.0058975373,b
test_4693.jpg,1.2218535e-05,0.9999435,1.3006563e-05,3.120112e-05,b
test_4694.jpg,0.8099851,0.1807321,0.0022750816,0.007007744,a
test_4695.jpg,0.99990773,3.3212233e-05,2.144343e-05,3.7634392e-05,a
test_4696.jpg,4.222679e-06,0.99995923,2.429984e-05,1.2218727e-05,b
test_4697.jpg,0.015801413,0.9775988,0.005129968,0.0014697603,b
test_4698.jpg,0.9996667,0.00012336866,5.1427716e-05,0.0001584085,a
test_4699.jpg,0.00020336488,7.481376e-05,0.99949133,0.00023044259,c
test_4700.jpg,0.9999409,4.784835e-06,4.5397246e-05,8.939248e-06,a
test_4701.jpg,0.9985079,0.00070911477,0.000487367,0.00029560304,a
test_4702.jpg,1.6701073e-05,1.0129713e-05,0.99996245,1.0783024e-05,c
test_4703.jpg,0.0021257594,0.012232901,0.97177964,0.013861692,c
test_4704.jpg,5.0936583e-06,0.9999857,1.873852e-06,7.411229e-06,b
test_4705.jpg,1.2098585e-06,4.222821e-06,1.7603337e-06,0.99999285,d
test_4706.jpg,7.48409e-05,0.99985385,3.1198328e-05,4.005944e-05,b
test_4707.jpg,0.7477549,0.24276046,0.0050383327,0.004446313,a
test_4708.jpg,0.063990995,0.88336843,0.00866024,0.043980323,b
test_4709.jpg,0.9954306,0.0040680976,0.000378392,0.00012284589,a
test_4710.jpg,3.5354453e-05,2.144356e-05,0.9999138,2.9309871e-05,c
test_4711.jpg,1.6699905e-05,0.9998925,4.539505e-05,4.539505e-05,b
test_4712.jpg,0.0002033479,0.00015836749,0.00023042333,0.9994079,d
test_4713.jpg,0.6730486,0.31792566,0.0065983366,0.0024273924,a
test_4714.jpg,0.3674434,0.012573222,0.3674434,0.25253993,a
test_4715.jpg,0.0024688547,0.00020265592,0.0013214826,0.996007,d
test_4716.jpg,0.002858681,0.69949615,0.29159337,0.006051827,b
test_4717.jpg,0.82409286,0.12637874,0.036208116,0.013320221,a
test_4718.jpg,0.0003353116,7.481814e-05,4.0047256e-05,0.9995498,d
test_4719.jpg,0.017963927,0.000696537,0.00054246356,0.9807972,d
test_4720.jpg,0.984312,0.009649856,0.0045582694,0.0014798532,a
test_4721.jpg,4.0060586e-05,1.1477551e-05,6.604874e-05,0.99988246,d
test_4722.jpg,5.1435418e-05,6.6044384e-05,0.9998165,6.6044384e-05,c
test_4723.jpg,0.9934337,0.0021731274,0.004059937,0.00033325987,a
test_4724.jpg,0.99997675,5.093613e-06,1.5689431e-05,2.406052e-06,a
test_4725.jpg,4.5396137e-05,0.99991643,1.384504e-05,2.42988e-05,b
test_4726.jpg,0.19739848,0.32545507,0.25346467,0.2236818,b
test_4727.jpg,0.00015841662,0.000108878055,1.473504e-05,0.9997179,d
test_4728.jpg,0.9997359,5.1431274e-05,0.00017951278,3.3206525e-05,a
test_4729.jpg,5.8287013e-05,0.99986875,2.1442595e-05,5.143811e-05,b
test_4730.jpg,0.9999939,7.811442e-07,4.2228257e-06,1.0676976e-06,a
test_4731.jpg,8.397857e-06,1.6701133e-05,0.999966,8.9394725e-06,c
test_4732.jpg,7.88917e-06,4.2227684e-06,0.99998045,7.41119e-06,c
test_4733.jpg,4.006344e-05,2.9021865e-06,3.2886078e-06,0.99995375,d
test_4734.jpg,0.07240725,0.03875681,0.88210094,0.0067349235,c
test_4735.jpg,9.516017e-06,0.9999658,6.9620664e-06,1.7778262e-05,b
test_4736.jpg,0.0013236246,0.9976215,0.00042971803,0.00062523596,b
test_4737.jpg,8.4808424e-05,1.7776814e-05,1.3005793e-05,0.99988437,d
test_4738.jpg,0.15783408,0.0054007857,0.035217546,0.80154765,d
test_4739.jpg,0.0002951268,0.99689937,0.0006247834,0.0021807086,b
test_4740.jpg,5.422073e-06,0.9999677,7.88907e-06,1.8924895e-05,b
test_4741.jpg,2.2602885e-06,1.0129909e-05,5.7718485e-06,0.9999819,d
test_4742.jpg,3.089482e-06,2.4060912e-06,1.5534894e-06,0.99999297,d
test_4743.jpg,0.99684405,0.00042938313,0.0019243617,0.0008021933,a
test_4744.jpg,4.0060982e-05,4.0060982e-05,2.7533488e-05,0.99989235,d
test_4745.jpg,0.0010248821,0.0052047805,0.0019147318,0.9918556,d
test_4746.jpg,0.037039623,0.95526445,0.005012768,0.0026831415,b
test_4747.jpg,6.6039865e-05,0.00015842139,0.99974805,2.7529513e-05,c
test_4748.jpg,0.0021793887,0.0013218661,0.996296,0.00020271473,c
test_4749.jpg,0.00070894725,0.0009103063,0.00010872059,0.99827206,d
test_4750.jpg,3.1200663e-05,1.5688678e-05,2.42991e-05,0.9999287,d
test_4751.jpg,1.994719e-06,1.1365566e-06,0.9999926,4.22282e-06,c
test_4752.jpg,0.9997496,9.6087584e-05,9.6087584e-05,5.8280068e-05,a
test_4753.jpg,0.0011670751,0.99675083,0.00015794644,0.0019241817,b
test_4754.jpg,0.00033518532,0.0002610426,0.00023036927,0.99917334,d
test_4755.jpg,0.9981805,0.0001792335,0.0001395872,0.0015007036,a
test_4756.jpg,6.1441647e-06,1.2878869e-06,3.4663006e-07,0.99999225,d
test_4757.jpg,0.9998528,3.5352296e-05,1.5687487e-05,9.609751e-05,a
test_4758.jpg,0.05259286,0.49898717,0.008065376,0.44035462,b
test_4759.jpg,0.0004301237,0.0009105719,0.99856335,9.597357e-05,c
test_4760.jpg,0.99956244,0.00037996264,3.3200762e-05,2.4290199e-05,a
test_4761.jpg,0.0010310917,0.0005519036,0.99786514,0.0005519036,c
test_4762.jpg,8.397889e-06,5.0935773e-06,0.99996984,1.6701197e-05,c
test_4763.jpg,0.99941003,0.00013975913,0.0003799047,7.02753e-05,a
test_4764.jpg,0.9991672,0.00015832935,0.0006262047,4.828773e-05,a
test_4765.jpg,5.4221327e-06,4.4951057e-06,0.99997866,1.1478655e-05,c
test_4766.jpg,0.00026114454,0.99956363,0.00013978062,3.5342073e-05,b
test_4767.jpg,0.9999845,4.2227857e-06,4.7850435e-06,6.5403783e-06,a
test_4768.jpg,0.0004302001,0.99874073,0.00020321214,0.0006259374,b
test_4769.jpg,2.406086e-06,5.4221987e-06,1.459365e-06,0.9999908,d
test_4770.jpg,0.001028258,0.003588973,0.99512273,0.0002599843,c
test_4771.jpg,2.0143862e-05,0.999889,4.5394892e-05,4.5394892e-05,b
test_4772.jpg,0.0006259874,0.00043023448,0.9988205,0.00012326424,c
test_4773.jpg,9.609401e-05,0.9998165,2.1441472e-05,6.6044384e-05,b
test_4774.jpg,2.4298792e-05,2.4298792e-05,0.9999161,3.5354533e-05,c
test_4775.jpg,0.007279226,0.002363219,0.95339054,0.036966965,c
test_4776.jpg,0.99993944,2.144411e-05,1.4738306e-05,2.429936e-05,a
test_4777.jpg,5.1439296e-05,1.6699893e-05,4.0060957e-05,0.99989176,d
test_4778.jpg,1.6699712e-05,2.7533171e-05,0.9998809,7.484292e-05,c
test_4779.jpg,0.05133408,0.429815,0.3793104,0.1395405,b
test_4780.jpg,0.0051798634,0.004571214,0.0031417462,0.9871072,d
test_4781.jpg,1.0782551e-05,3.5354624e-05,0.9999186,3.5354624e-05,c
test_4782.jpg,0.91800946,0.014838241,0.0006519468,0.06650039,a
test_4783.jpg,0.9999925,1.8738648e-06,2.5612694e-06,3.0894807e-06,a
test_4784.jpg,0.11838814,0.0040510194,0.8747766,0.0027842221,c
test_4785.jpg,3.288671e-06,0.99997294,4.784988e-06,1.8924993e-05,b
test_4786.jpg,0.99969196,7.029513e-05,0.00017950489,5.8276706e-05,a
test_4787.jpg,0.00042945932,0.9970209,0.0006248596,0.0019247031,b
test_4788.jpg,0.0004303696,0.99913424,0.00013972056,0.00029578843,b
test_4789.jpg,0.99936146,8.476407e-05,0.00043046748,0.000123331,a
test_4790.jpg,6.8935475e-07,0.9999902,2.9022922e-06,6.1441524e-06,b
test_4791.jpg,2.1444423e-05,1.384556e-05,1.0782932e-05,0.999954,d
test_4792.jpg,0.99981636,9.6094e-05,5.8283957e-05,2.9307013e-05,a
test_4793.jpg,0.0021803973,0.00080212334,0.9967571,0.0002604113,c
test_4794.jpg,0.86821604,0.11750026,0.0018992149,0.012384436,a
test_4795.jpg,2.1440126e-05,0.99975365,0.00017951596,4.5388748e-05,b
test_4796.jpg,6.1439223e-06,0.9999528,1.6700913e-05,2.4299683e-05,b
test_4797.jpg,5.143349e-05,8.479948e-05,0.9997789,8.479948e-05,c
test_4798.jpg,0.09518726,0.0013577733,0.0003432989,0.9031116,d
test_4799.jpg,0.000108871616,0.9996588,0.0001233677,0.000108871616,b
test_4800.jpg,0.13240328,0.86337787,0.0014708678,0.0027479427,b
test_4801.jpg,0.00048718794,0.99814105,0.001168703,0.00020309014,b
test_4802.jpg,7.484219e-05,0.99987113,2.2825578e-05,3.1198866e-05,b
test_4803.jpg,7.8890225e-06,0.99996173,8.939434e-06,2.1444588e-05,b
test_4804.jpg,3.1195064e-05,0.99974936,0.00012337886,9.608756e-05,b
test_4805.jpg,0.0007089788,0.00048727356,0.00048727356,0.9983165,d
test_4806.jpg,0.0005525379,0.00029575225,0.999012,0.00013970348,c
test_4807.jpg,0.0010680424,0.005095345,0.022835754,0.9710009,d
test_4808.jpg,0.9999541,1.2218664e-05,2.1444424e-05,1.2218664e-05,a
test_4809.jpg,0.000102165955,0.998589,0.00013964433,0.0011692275,b
test_4810.jpg,6.1435453e-06,0.9998914,2.753346e-05,7.484371e-05,b
test_4811.jpg,3.5352536e-05,2.0143269e-05,0.9998596,8.480632e-05,c
test_4812.jpg,6.9619364e-06,0.9999471,1.4738418e-05,3.1201234e-05,b
test_4813.jpg,6.6051136e-05,5.7714838e-06,9.515568e-06,0.9999187,d
test_4814.jpg,0.9999511,1.4738478e-05,6.54016e-06,2.7535105e-05,a
test_4815.jpg,0.0003797117,0.0004875595,0.9989023,0.00023030679,c
test_4816.jpg,0.9999505,1.6700875e-05,1.892457e-05,1.3845512e-05,a
test_4817.jpg,0.00017949357,0.9996289,3.320297e-05,0.00015840252,b
test_4818.jpg,0.017849987,0.0010070273,0.9745763,0.0065666432,c
test_4819.jpg,0.9993319,0.00043045476,0.00017944023,5.825572e-05,a
test_4820.jpg,0.0004849693,0.99359554,0.0046012606,0.001318283,b
test_4821.jpg,0.99998,1.012989e-05,4.7850217e-06,5.093629e-06,a
test_4822.jpg,4.5395136e-05,2.0143969e-05,4.0061062e-05,0.9998944,d
test_4823.jpg,3.0894403e-06,0.9999794,6.1440855e-06,1.14786635e-05,b
test_4824.jpg,4.2227507e-06,0.99997616,4.7850035e-06,1.4738847e-05,b
test_4825.jpg,0.40851712,0.19296983,0.03799801,0.3605151,a
test_4826.jpg,3.1197233e-05,0.0001398163,1.0128258e-05,0.99981886,d
test_4827.jpg,0.988101,0.0024492575,0.0009010315,0.008548749,a
test_4828.jpg,0.005696818,0.9580575,0.028930832,0.007314859,b
test_4829.jpg,0.99999654,8.8515463e-07,7.8114624e-07,1.7603402e-06,a
test_4830.jpg,2.1444279e-05,2.7535e-05,3.7264567e-06,0.9999473,d
test_4831.jpg,0.99998665,2.902282e-06,6.1441306e-06,4.222795e-06,a
test_4832.jpg,0.00080193667,0.002470139,0.9965251,0.00020276134,c
test_4833.jpg,0.008545245,0.98769605,0.0024482538,0.0013104557,b
test_4834.jpg,8.9396435e-06,2.9022774e-06,3.089458e-06,0.9999851,d
test_4835.jpg,0.053281352,0.9444345,0.0018231876,0.00046097403,b
test_4836.jpg,0.0016988735,0.00037906988,0.00070819573,0.9972139,d
test_4837.jpg,0.0005505129,0.002177321,0.001921479,0.9953507,d
test_4838.jpg,0.015891796,0.98319066,0.0005437874,0.00037373925,b
test_4839.jpg,8.480367e-05,3.5351433e-05,5.1436033e-05,0.99982834,d
test_4840.jpg,0.00033527482,8.477075e-05,0.99944013,0.00013976335,c
test_4841.jpg,0.9998049,0.00010888753,6.604362e-05,2.0142166e-05,a
test_4842.jpg,1.3006633e-05,0.99994886,1.6700846e-05,2.1444312e-05,b
test_4843.jpg,0.004034956,0.98732114,0.002773182,0.0058708256,b
test_4844.jpg,0.0049337605,0.0018150291,0.053042926,0.9402083,d
test_4845.jpg,1.3006754e-05,7.411025e-06,0.99995816,2.1444512e-05,c
test_4846.jpg,5.142739e-05,8.4789426e-05,0.9996604,0.00020339926,c
test_4847.jpg,0.00023003771,0.0019260822,0.99773526,0.00010866213,c
test_4848.jpg,3.9669358e-06,8.398003e-06,0.99998343,4.222781e-06,c
test_4849.jpg,0.999984,6.540375e-06,6.9621933e-06,2.5612478e-06,a
test_4850.jpg,4.5395165e-05,3.5353787e-05,0.999895,2.4298279e-05,c
test_4851.jpg,3.3210243e-05,0.9998479,2.2825046e-05,9.6097036e-05,b
test_4852.jpg,0.999926,2.7534412e-05,2.7534412e-05,1.8924105e-05,a
test_4853.jpg,0.9739232,0.02290448,0.0012921822,0.0018801141,a
test_4854.jpg,1.2218474e-05,0.9999385,1.3845345e-05,3.5355326e-05,b
test_4855.jpg,2.7535332e-05,5.7717184e-06,7.411034e-06,0.99995935,d
test_4856.jpg,0.00026109655,0.00017944885,0.9993799,0.00017944885,c
test_4857.jpg,1.873865e-06,2.4060903e-06,3.0894812e-06,0.9999926,d
test_4858.jpg,0.9999559,1.6700964e-05,1.8924671e-05,8.397772e-06,a
test_4859.jpg,0.99999774,5.7149947e-07,7.338199e-07,1.0030128e-06,a
test_4860.jpg,0.999258,0.00012331823,0.000552674,6.6007495e-05,a
test_4861.jpg,3.966873e-06,0.9999676,9.516034e-06,1.8924893e-05,b
test_4862.jpg,5.1439667e-05,4.0061248e-05,9.515382e-06,0.999899,d
test_4863.jpg,0.0021821747,0.00013950178,0.00010864409,0.9975696,d
test_4864.jpg,2.406072e-06,8.9396435e-06,3.5008147e-06,0.9999851,d
test_4865.jpg,5.475151e-05,5.475151e-05,0.9997944,9.609189e-05,c
test_4866.jpg,3.5008193e-06,7.4112345e-06,2.7264407e-06,0.9999864,d
test_4867.jpg,0.047346607,0.95098203,0.0012617444,0.00040962844,b
test_4868.jpg,1.3006633e-05,2.1444312e-05,0.99994886,1.6700846e-05,c
test_4869.jpg,0.0002302993,9.600303e-05,0.0008038236,0.99886984,d
test_4870.jpg,0.0049966006,0.041836023,0.000983889,0.9521835,d
test_4871.jpg,0.0014886346,0.0066715977,0.9901529,0.0016868443,c
test_4872.jpg,0.99964833,0.00026116666,7.482551e-05,1.568428e-05,a
test_4873.jpg,4.4949215e-06,1.7777762e-05,0.99993765,4.0062794e-05,c
test_4874.jpg,1.9946956e-06,0.9999808,5.771842e-06,1.147868e-05,b
test_4875.jpg,0.9999889,4.2228044e-06,3.9669576e-06,2.9022883e-06,a
test_4876.jpg,0.011748336,0.9332859,0.052652393,0.0023133846,b
test_4877.jpg,3.535541e-05,8.939248e-06,0.9999409,1.4738327e-05,c
test_4878.jpg,0.005901672,0.0004275157,0.0011621082,0.9925087,d
test_4879.jpg,1.5534888e-06,2.5612699e-06,0.9999926,3.2887356e-06,c
test_4880.jpg,2.42989e-05,2.7534265e-05,0.9999206,2.7534265e-05,c
test_4881.jpg,0.9998215,8.480309e-05,1.8922126e-05,7.483847e-05,a
test_4882.jpg,0.0002303923,0.0004304295,0.99927324,6.60085e-05,c
test_4883.jpg,0.99710935,0.00015800325,0.002181168,0.0005514856,a
test_4884.jpg,1.0676945e-06,6.9622424e-06,1.0030061e-06,0.99999106,d
test_4885.jpg,0.9999958,7.3381847e-07,1.0676996e-06,2.406098e-06,a
test_4886.jpg,0.0022835631,0.9212551,0.0008400759,0.075621225,b
test_4887.jpg,1.8924653e-05,1.14783825e-05,1.4738534e-05,0.99995494,d
test_4888.jpg,8.397609e-06,2.7534705e-05,0.9999366,2.7534705e-05,c
test_4889.jpg,9.609297e-05,5.828333e-05,0.9998056,4.0057505e-05,c
test_4890.jpg,1.8924782e-05,7.8890225e-06,0.99996173,1.1478461e-05,c
test_4891.jpg,0.0013212501,0.0003785445,0.9958318,0.0024684202,c
test_4892.jpg,0.0021164713,0.029216986,0.9675337,0.0011328654,c
test_4893.jpg,0.0010317729,0.00033496763,0.9985245,0.00010874808,c
test_4894.jpg,1.3006959e-05,9.516095e-06,3.5007758e-06,0.999974,d
test_4895.jpg,4.00628e-05,8.397619e-06,1.3845335e-05,0.9999378,d
test_4896.jpg,7.889098e-06,0.9999713,7.889098e-06,1.3006924e-05,b
test_4897.jpg,0.55902344,0.0033240747,0.002284601,0.4353679,a
test_4898.jpg,1.6701279e-05,5.0936023e-06,0.9999747,3.5007783e-06,c
test_4899.jpg,0.9894456,0.0024525905,0.0005472469,0.00755451,a
test_4900.jpg,8.4803236e-05,2.5863528e-05,0.9998233,6.604483e-05,c
test_4901.jpg,9.607472e-05,0.99961567,0.00020339018,8.4785635e-05,b
test_4902.jpg,0.106343895,0.89040655,0.0010425588,0.0022070971,b
test_4903.jpg,0.002177586,0.00042879212,0.99547195,0.0019217129,c
test_4904.jpg,0.052903622,0.0012441739,0.008113033,0.93773913,d
test_4905.jpg,6.603428e-05,4.005181e-05,0.00023048227,0.9996635,d
test_4906.jpg,0.009688495,0.0011571256,0.00090117037,0.9882533,d
test_4907.jpg,1.5534705e-06,0.9999808,6.1440946e-06,1.147868e-05,b
test_4908.jpg,0.00037985414,0.99927706,0.00013974053,0.00020332127,b
test_4909.jpg,0.00012337217,0.99969506,5.8276884e-05,0.00012337217,b
test_4910.jpg,1.8738286e-06,0.9999732,1.0129821e-05,1.4738803e-05,b
test_4911.jpg,0.87246746,0.0075483224,0.11807563,0.0019085149,a
test_4912.jpg,0.0002957306,0.00033510666,0.00043028546,0.99893886,d
test_4913.jpg,0.99999845,3.4663222e-07,7.338204e-07,5.043469e-07,a
test_4914.jpg,2.7533959e-05,0.9999095,2.7533959e-05,3.5354304e-05,b
test_4915.jpg,5.7718803e-06,4.785057e-06,2.1233561e-06,0.99998736,d
test_4916.jpg,7.889195e-06,5.771859e-06,2.7264332e-06,0.99998367,d
test_4917.jpg,6.5400773e-06,9.515757e-06,0.9999385,4.5397137e-05,c
test_4918.jpg,0.004334234,0.3443109,0.64325744,0.008097416,c
test_4919.jpg,0.0024641783,0.9941204,0.00062304176,0.00279228,b
test_4920.jpg,0.011710299,0.011710299,0.04631513,0.9302643,d
test_4921.jpg,1.7777566e-05,1.012935e-05,0.9999267,4.5396602e-05,c
test_4922.jpg,8.4770676e-05,0.9994393,0.00037991584,9.605777e-05,b
test_4923.jpg,0.99997413,7.411143e-06,1.4738817e-05,3.7265568e-06,a
test_4924.jpg,3.5352186e-05,4.0059273e-05,0.9998497,7.484059e-05,c
test_4925.jpg,0.041959558,0.0023671961,0.000678213,0.9549951,d
test_4926.jpg,5.8289992e-05,1.6700364e-05,5.093323e-06,0.9999199,d
test_4927.jpg,0.9999751,3.0894269e-06,1.6701284e-05,5.093604e-06,a
test_4928.jpg,0.999946,6.9619286e-06,2.2827286e-05,2.429952e-05,a
test_4929.jpg,0.00029355843,0.004052449,0.004052449,0.9916015,d
test_4930.jpg,1.9947058e-06,0.99998593,4.2227916e-06,7.8892135e-06,b
test_4931.jpg,0.0018762037,0.97189754,0.0003260353,0.025900193,b
test_4932.jpg,0.00015842885,1.8921628e-05,2.7530808e-05,0.99979514,d
test_4933.jpg,0.00023049812,2.4294322e-05,1.3003814e-05,0.9997322,d
test_4934.jpg,0.0055870125,0.053008106,0.93959105,0.0018138374,c
test_4935.jpg,1.2878833e-06,0.9999894,2.4060826e-06,6.962231e-06,b
test_4936.jpg,0.77324224,0.004057603,0.0011625226,0.22153762,a
test_4937.jpg,0.9999851,2.5612505e-06,3.5008147e-06,8.9396435e-06,a
test_4938.jpg,7.4828946e-05,0.00020340615,2.752803e-05,0.9996942,d
test_4939.jpg,0.9999689,2.014547e-05,6.1440214e-06,4.784969e-06,a
test_4940.jpg,0.0040693525,0.00010844457,8.445671e-05,0.9957377,d
test_4941.jpg,6.5402464e-06,2.4299965e-05,4.784947e-06,0.99996436,d
test_4942.jpg,0.061498165,0.3538975,0.5149178,0.06968655,c
test_4943.jpg,0.0014512424,0.00023690882,0.9652817,0.033030123,c
test_4944.jpg,0.043848947,0.00593431,0.41602722,0.5341895,d
test_4945.jpg,6.5401614e-06,1.7778006e-05,0.99995136,2.4299648e-05,c
test_4946.jpg,0.6887619,0.28711867,0.014294797,0.009824661,a
test_4947.jpg,0.017647643,0.18973005,0.13039942,0.6622229,d
test_4948.jpg,0.008984761,0.18046375,0.80878234,0.0017692043,c
test_4949.jpg,0.0001088745,0.9996853,0.00013979762,6.603572e-05,b
test_4950.jpg,0.004062864,0.0011640299,0.00062306033,0.99415004,d
test_4951.jpg,6.604708e-05,0.9998573,4.5393455e-05,3.1198433e-05,b
test_4952.jpg,0.00013980994,5.14332e-05,3.5349487e-05,0.9997733,d
test_4953.jpg,0.00013981959,8.938367e-06,8.938367e-06,0.9998423,d
test_4954.jpg,0.0024721767,0.99734724,9.5856696e-05,8.459323e-05,b
test_4955.jpg,5.7718084e-06,1.384585e-05,5.4221127e-06,0.99997497,d
test_4956.jpg,9.515465e-06,0.99990773,1.670016e-05,6.605041e-05,b
test_4957.jpg,0.76703364,0.009655529,0.0035520706,0.21975882,a
test_4958.jpg,0.06684195,0.0013872604,0.92272466,0.009046075,c
test_4959.jpg,0.99964535,0.00029593977,3.119182e-05,2.7526685e-05,a
test_4960.jpg,0.00013981688,2.1441612e-05,1.568702e-05,0.99982303,d
test_4961.jpg,0.4625561,0.0074765226,0.0058227223,0.5241447,d
test_4962.jpg,9.607593e-05,0.00017949347,0.9996283,9.607593e-05,c
test_4963.jpg,1.8738555e-06,3.7266066e-06,6.9622174e-06,0.9999875,d
test_4964.jpg,0.57888675,0.39786267,0.019808415,0.0034421864,a
test_4965.jpg,0.004552946,0.00054377184,0.31918615,0.6757171,d
test_4966.jpg,5.093552e-06,2.4299976e-05,5.7717502e-06,0.99996483,d
test_4967.jpg,0.0016973749,0.00080178306,0.9963342,0.0011665873,c
test_4968.jpg,1.8924728e-05,1.1478428e-05,1.0782985e-05,0.9999589,d
test_4969.jpg,8.939327e-06,1.38455e-05,0.9999497,2.7535065e-05,c
test_4970.jpg,0.017469315,0.3975998,0.57850426,0.006426602,c
test_4971.jpg,4.539434e-05,4.006036e-05,0.99987686,3.763323e-05,c
test_4972.jpg,8.480096e-05,2.282387e-05,9.609207e-05,0.99979633,d
test_4973.jpg,0.9538719,0.0038982565,0.019796979,0.022432918,a
test_4974.jpg,5.4219167e-06,0.99993885,1.5688838e-05,4.0062845e-05,b
test_4975.jpg,0.017410247,0.16518381,0.308604,0.508802,d
test_4976.jpg,3.535452e-05,2.7534126e-05,0.9999156,2.1443599e-05,c
test_4977.jpg,0.02311679,0.091428675,0.86745113,0.018003372,c
test_4978.jpg,0.00012337719,0.9997358,6.603905e-05,7.483206e-05,b
test_4979.jpg,1.7777678e-05,1.3845269e-05,0.999933,3.5355133e-05,c
test_4980.jpg,0.9999465,1.7777918e-05,2.429953e-05,1.1478285e-05,a
test_4981.jpg,1.6700662e-05,4.00628e-05,5.421911e-06,0.9999378,d
test_4982.jpg,0.0008037735,0.99880767,0.00015827238,0.00023028496,b
test_4983.jpg,0.0066326438,0.9843716,0.0014799428,0.0075157695,b
test_4984.jpg,0.9686835,0.00077953155,0.0012852303,0.029251706,a
test_4985.jpg,7.4109994e-06,2.5611728e-06,3.53559e-05,0.9999547,d
test_4986.jpg,1.6701264e-05,3.966898e-06,5.422107e-06,0.9999739,d
test_4987.jpg,1.0129819e-05,5.4221014e-06,0.99997294,1.1478589e-05,c
test_4988.jpg,1.5534914e-06,1.8738682e-06,0.9999943,2.2603165e-06,c
test_4989.jpg,0.041527174,0.011897735,0.0014209817,0.94515413,d
test_4990.jpg,2.0143629e-05,0.99987745,2.7533077e-05,7.484266e-05,b
test_4991.jpg,0.00062618876,0.00012330388,0.0001088153,0.9991417,d
test_4992.jpg,5.771882e-06,2.5612574e-06,0.9999877,3.966953e-06,c
test_4993.jpg,0.00020337751,8.478035e-05,0.9995534,0.00015839055,c
test_4994.jpg,0.67608017,0.012382841,0.28183213,0.02970489,a
test_4995.jpg,0.017858721,0.9750531,0.0031033803,0.003984819,b
test_4996.jpg,0.00013978884,0.99962246,5.8272657e-05,0.00017949242,b
test_4997.jpg,0.9990068,0.00080393377,0.00012328723,6.59909e-05,a
test_4998.jpg,0.115309164,0.05446819,0.5167798,0.3134428,c
test_4999.jpg,0.9997075,0.00017950768,3.3205582e-05,7.965605e-05,a
test_5000.jpg,0.0021816413,0.00033456553,0.00015803757,0.9973258,d
test_5001.jpg,0.007429632,0.017822761,0.0016577751,0.97308975,d
test_5002.jpg,0.00048763564,0.00029576596,0.9990583,0.00015831209,c
test_5003.jpg,0.99997497,6.540316e-06,8.397932e-06,1.0129839e-05,a
test_5004.jpg,6.962183e-06,6.1441046e-06,0.9999825,4.495123e-06,c
test_5005.jpg,0.99995553,2.429975e-05,1.2218682e-05,7.888973e-06,a
test_5006.jpg,1.4738367e-05,0.9999436,2.0144962e-05,2.1444199e-05,b
test_5007.jpg,2.144464e-05,6.9620555e-06,7.41107e-06,0.99996424,d
test_5008.jpg,1.8923436e-05,0.99989057,1.568808e-05,7.484364e-05,b
test_5009.jpg,7.483083e-05,0.9997193,6.603797e-05,0.00013980239,b
test_5010.jpg,2.0144424e-05,0.9999169,1.1477946e-05,5.1440587e-05,b
test_5011.jpg,0.9999987,1.9750513e-07,5.7150004e-07,4.7379015e-07,a
test_5012.jpg,0.0026677996,0.57608426,0.025311377,0.39593655,b
test_5013.jpg,3.1197145e-05,0.999816,1.3004904e-05,0.00013981591,b
test_5014.jpg,0.0031433487,0.008544507,0.0007013759,0.98761076,d
test_5015.jpg,0.0045939917,0.0016900352,0.0016900352,0.9920259,d
test_5016.jpg,0.00020338235,0.9995772,0.00012335763,9.607102e-05,b
test_5017.jpg,0.0002030804,0.0002030804,0.0015005724,0.9980932,d
test_5018.jpg,1.3844185e-05,0.9998547,3.5352365e-05,9.609769e-05,b
test_5019.jpg,0.0021821023,5.131813e-05,0.99753654,0.00022999189,c
test_5020.jpg,0.9977451,0.0005518372,0.0015000491,0.00020300958,a
test_5021.jpg,0.11713741,0.11713741,0.0018933498,0.7638318,d
test_5022.jpg,0.000543974,0.0018986558,0.014029274,0.983528,d
test_5023.jpg,0.003342954,0.0026034953,0.9269085,0.06714503,c
test_5024.jpg,1.1478644e-05,6.5403337e-06,4.222757e-06,0.9999777,d
test_5025.jpg,0.00012337226,8.4792424e-05,9.608241e-05,0.9996958,d
test_5026.jpg,0.0024715886,0.00026050347,0.99710995,0.00015800336,c
test_5027.jpg,0.0027610408,0.19356391,0.03811499,0.7655601,d
test_5028.jpg,0.0010302924,0.99709153,0.00037902337,0.0014990665,b
test_5029.jpg,0.018659951,0.011317832,0.5453237,0.42469853,c
test_5030.jpg,6.1438336e-06,0.99993837,2.4299334e-05,3.120096e-05,b
test_5031.jpg,5.1439638e-05,0.99989843,1.8923583e-05,3.1199717e-05,b
test_5032.jpg,0.0003798037,0.9991443,9.602941e-05,0.0003798037,b
test_5033.jpg,0.9997358,0.00012337719,7.483206e-05,6.603905e-05,a
test_5034.jpg,2.4060919e-06,2.1233689e-06,2.1233689e-06,0.9999933,d
test_5035.jpg,7.484096e-05,0.9998547,1.8922756e-05,5.1437386e-05,b
test_5036.jpg,0.017909266,0.97781277,0.002138957,0.002138957,b
test_5037.jpg,0.00014832921,0.9964301,0.001498072,0.0019235626,b
test_5038.jpg,0.9998154,2.5863324e-05,0.00012338701,3.5350975e-05,a
test_5039.jpg,0.9979621,0.00037935431,0.0001581384,0.0015003753,a
test_5040.jpg,0.019636938,0.00182652,0.94616073,0.03237584,c
test_5041.jpg,0.002471971,0.99726427,0.00017906897,8.4586194e-05,b
test_5042.jpg,0.30427462,0.30427462,0.087176144,0.30427462,a
test_5043.jpg,0.106141225,0.8887096,0.0019440444,0.0032051874,b
test_5044.jpg,0.0096258465,0.0018954414,0.98186296,0.0066157407,c
test_5045.jpg,0.00012338527,3.5350473e-05,0.9998012,4.005733e-05,c
test_5046.jpg,3.5338384e-05,7.481137e-05,0.9994593,0.00043050965,c
test_5047.jpg,3.5007413e-06,0.9999641,4.7849458e-06,2.7535463e-05,b
test_5048.jpg,0.8854954,0.0046466533,0.10575735,0.0041006575,a
test_5049.jpg,8.397952e-06,5.4221255e-06,0.99997735,8.9395735e-06,c
test_5050.jpg,2.4060694e-06,0.9999839,2.260293e-06,1.1478715e-05,b
test_5051.jpg,0.0062687187,0.0026131908,0.26655275,0.7245654,d
test_5052.jpg,5.09357e-06,1.0783087e-05,0.9999684,1.5689302e-05,c
test_5053.jpg,5.0936746e-06,2.9022883e-06,0.9999889,3.0894696e-06,c
test_5054.jpg,0.6485032,0.34711877,0.0034030324,0.0009749851,a
test_5055.jpg,0.0011682902,0.9977884,0.00033472074,0.00070860377,b
test_5056.jpg,0.017816758,0.00841604,0.972762,0.0010051526,c
test_5057.jpg,5.7716757e-06,0.99995196,1.473849e-05,2.7535129e-05,b
test_5058.jpg,8.93943e-06,2.1444577e-05,8.397817e-06,0.99996126,d
test_5059.jpg,0.032987125,0.0021087963,0.9640251,0.0008790771,c
test_5060.jpg,0.007408853,0.9703683,0.015684543,0.00653829,b
test_5061.jpg,0.7020477,0.008837476,0.030845825,0.25826895,a
test_5062.jpg,4.2228007e-06,6.144139e-06,1.459361e-06,0.9999881,d
test_5063.jpg,0.0040165633,0.98282063,0.00079090823,0.0123718865,b
test_5064.jpg,0.003817403,0.72746825,0.26762065,0.0010937043,b
test_5065.jpg,7.482858e-05,0.00013979818,0.99968934,9.608179e-05,c
test_5066.jpg,3.1201573e-05,6.962012e-06,3.966835e-06,0.9999579,d
test_5067.jpg,1.3844588e-05,7.4843134e-05,0.9998838,2.7533251e-05,c
test_5068.jpg,0.0011439138,0.017893823,0.0039926516,0.9769696,d
test_5069.jpg,4.2227725e-06,7.411197e-06,0.9999814,6.962175e-06,c
test_5070.jpg,9.607665e-05,0.0002304759,3.7624155e-05,0.9996358,d
test_5071.jpg,4.8275666e-05,0.0009108949,0.00012327622,0.9989176,d
test_5072.jpg,4.0060266e-05,0.9998745,4.5394234e-05,4.0060266e-05,b
test_5073.jpg,3.5008147e-06,4.495135e-06,0.9999851,6.962201e-06,c
test_5074.jpg,0.9999217,1.6700393e-05,5.1440835e-05,1.01293e-05,a
