id,p_a,p_b,p_c,p_d,answer
test_0001.jpg,6.604811e-05,5.8287256e-05,2.7261312e-06,0.9998729,d
test_0002.jpg,0.18123059,0.81221914,0.0010776364,0.0054726894,b
test_0003.jpg,1.760328e-06,6.4758854e-07,0.9999896,7.889243e-06,c
test_0004.jpg,0.9998417,0.00012339027,2.7532093e-05,7.4101617e-06,a
test_0005.jpg,0.00043035715,0.9991053,0.00026102478,0.00020328633,b
test_0006.jpg,0.00013886456,0.99301296,0.0066908686,0.00015735414,b
test_0007.jpg,0.99999154,2.902296e-06,2.2603103e-06,3.2887322e-06,a
test_0008.jpg,2.1233116e-06,0.9999664,1.6701139e-05,1.4738703e-05,b
test_0009.jpg,0.0018942369,0.0051490692,0.31856167,0.674395,d
test_0010.jpg,8.939315e-06,0.9999484,1.1478308e-05,3.1201274e-05,b
test_0011.jpg,0.0019261598,0.00026067736,3.755414e-05,0.9977755,d
test_0012.jpg,6.412045e-08,0.9999975,9.4224316e-07,1.5534964e-06,b
test_0013.jpg,0.9998429,1.8922534e-05,1.4736883e-05,0.00012339042,a
test_0014.jpg,0.006450496,0.9573385,0.03275832,0.003452702,b
test_0015.jpg,0.002874737,0.0004692879,0.70342493,0.29323113,c
test_0016.jpg,8.939158e-06,4.539679e-05,1.473818e-05,0.99993086,d
test_0017.jpg,0.9996929,4.5385987e-05,0.00020340589,5.827676e-05,a
test_0018.jpg,3.532817e-05,0.9991704,8.4747866e-05,0.0007095852,b
test_0019.jpg,7.472345e-05,0.99828476,0.0015008604,0.00013960178,b
test_0020.jpg,1.3709412e-06,0.9999869,6.9622133e-06,4.785055e-06,b
test_0021.jpg,1.1979277e-07,0.9999975,8.315266e-07,1.5534964e-06,b
test_0022.jpg,7.481854e-05,0.00010886033,0.9995552,0.00026114233,c
test_0023.jpg,2.2380216e-07,0.99999654,1.7603402e-06,1.3709544e-06,b
test_0024.jpg,0.99794346,0.00026072125,0.0015003473,0.00029543592,a
test_0025.jpg,0.0026472833,0.1637816,0.0018194494,0.83175164,d
test_0026.jpg,2.9023006e-06,2.9023006e-06,1.2098587e-06,0.9999931,d
test_0027.jpg,1.5534897e-06,1.5534897e-06,3.726628e-06,0.9999932,d
test_0028.jpg,0.6211608,0.3767531,0.0013587838,0.00072730455,a
test_0029.jpg,8.8514486e-07,2.2602965e-06,0.99998546,1.1478733e-05,c
test_0030.jpg,4.4508104e-07,0.9999906,4.7850726e-06,4.2228116e-06,b
test_0031.jpg,0.9995072,0.00013977272,1.7770108e-05,0.0003352973,a
test_0032.jpg,1.4738595e-05,0.9999591,1.4738595e-05,1.1478431e-05,b
test_0033.jpg,0.0033237897,0.7177387,0.26404133,0.014896191,b
test_0034.jpg,6.1440696e-06,1.0129857e-05,6.962143e-06,0.99997675,d
test_0035.jpg,1.3709454e-06,7.338142e-07,7.889245e-06,0.99999,d
test_0036.jpg,1.9946924e-06,1.9946924e-06,0.99997926,1.6701355e-05,c
test_0037.jpg,0.00051090395,0.01402619,0.002150986,0.9833119,d
test_0038.jpg,0.9996026,0.00026115472,8.478452e-05,5.1424417e-05,a
test_0039.jpg,7.734396e-08,0.99999666,7.338191e-07,2.56128e-06,b
test_0040.jpg,0.99996173,2.4299901e-05,1.1478461e-05,2.5611907e-06,a
test_0041.jpg,0.99998236,1.1478697e-05,1.3709349e-06,4.785033e-06,a
test_0042.jpg,0.994869,0.004607158,0.00022937686,0.00029452573,a
test_0043.jpg,2.1441303e-05,1.1476703e-05,0.9998086,0.000158431,c
test_0044.jpg,0.9999838,3.7265927e-06,1.0129928e-05,2.406069e-06,a
test_0045.jpg,0.99950886,0.00026113022,9.02442e-05,0.00013977295,a
test_0046.jpg,0.999897,2.7533615e-05,3.535386e-05,4.0061168e-05,a
test_0047.jpg,9.422438e-07,4.4508442e-07,0.9999982,3.4663213e-07,c
test_0048.jpg,9.422374e-07,0.9999914,2.9022956e-06,4.7850767e-06,b
test_0049.jpg,5.8250986e-05,0.00020331593,0.00048772956,0.9992507,d
test_0050.jpg,0.90944207,0.0012066299,0.014699762,0.07465155,a
test_0051.jpg,4.181175e-07,2.56128e-06,4.7378919e-07,0.99999666,d
test_0052.jpg,4.181184e-07,2.8736827e-07,5.715001e-07,0.9999988,d
test_0053.jpg,0.34788418,0.001421723,0.00076099345,0.64993316,d
test_0054.jpg,0.46664187,0.5287745,0.0035628546,0.001020775,b
test_0055.jpg,1.1979289e-07,0.99999845,6.475942e-07,8.315274e-07,b
test_0056.jpg,0.0014425527,0.8467573,0.03720392,0.11459614,b
test_0057.jpg,0.0004777155,0.012320445,0.97873414,0.00846771,c
test_0058.jpg,0.026853131,0.0011798443,0.88925356,0.08271346,c
test_0059.jpg,7.7344176e-08,1.1253511e-07,0.9999994,3.9278612e-07,c
test_0060.jpg,0.99999654,1.1365611e-06,1.209863e-06,1.1365611e-06,a
test_0061.jpg,0.999997,4.7378936e-07,1.7603411e-06,6.8935947e-07,a
test_0062.jpg,0.0001088574,0.0003353044,2.7523462e-05,0.9995283,d
test_0063.jpg,1.5381728e-07,2.2380281e-07,9.3294894e-08,0.9999995,d
test_0064.jpg,0.99999845,5.7149987e-07,3.9278575e-07,6.0835845e-07,a
test_0065.jpg,0.9702518,0.025856335,0.0003926077,0.0034992746,a
test_0066.jpg,1.2098544e-06,0.9999895,1.3709447e-06,7.889242e-06,b
test_0067.jpg,1.3574272e-07,0.99999547,7.3381824e-07,3.7266364e-06,b
test_0068.jpg,7.888043e-06,1.4736804e-05,0.9998375,0.00013981892,c
test_0069.jpg,1.5534888e-06,3.689859e-07,0.9999926,5.4222082e-06,c
test_0070.jpg,1.87379e-06,0.99995255,1.0129613e-05,3.5355824e-05,b
test_0071.jpg,1.2098631e-06,1.7603404e-06,3.059013e-07,0.99999666,d
test_0072.jpg,0.99684405,0.00042938313,0.0019243617,0.0008021933,a
test_0073.jpg,3.2887265e-06,1.9947136e-06,0.99998987,4.785069e-06,c
test_0074.jpg,6.0835356e-07,0.99999034,4.2228103e-06,4.7850713e-06,b
test_0075.jpg,0.9999739,1.0129828e-05,1.1478601e-05,4.4950843e-06,a
test_0076.jpg,0.9985782,0.000552298,6.596259e-05,0.00080358883,a
test_0077.jpg,0.0002958748,0.999426,0.00020335158,7.480887e-05,b
test_0078.jpg,5.7149947e-07,1.0677016e-06,0.99999774,5.7149947e-07,c
test_0079.jpg,0.00023046098,0.00017948319,1.891739e-05,0.99957114,d
test_0080.jpg,1.6373714e-07,0.99999654,1.5534949e-06,1.7603402e-06,b
test_0081.jpg,0.0021819347,0.0001791041,0.0001791041,0.99745995,d
test_0082.jpg,2.4298792e-05,0.9999161,3.5354533e-05,2.4298792e-05,b
test_0083.jpg,0.99998915,3.7266127e-06,5.4221896e-06,1.7603272e-06,a
test_0084.jpg,6.475918e-07,5.368724e-07,0.99999464,4.2228285e-06,c
test_0085.jpg,0.00032657484,0.9735059,0.00022445139,0.025943054,b
test_0086.jpg,1.5534794e-06,1.7603226e-06,0.9999865,1.01299565e-05,c
test_0087.jpg,4.450821e-07,0.99999297,3.726627e-06,2.9023001e-06,b
test_0088.jpg,0.0140070785,0.0008954426,0.98197204,0.003125402,c
test_0089.jpg,2.382362e-07,0.9999968,1.2098633e-06,1.7603406e-06,b
test_0090.jpg,1.1979301e-07,6.8256e-08,0.9999995,3.0590218e-07,c
test_0091.jpg,0.0001233597,0.00026115248,2.1436703e-05,0.99959403,d
test_0092.jpg,3.0590155e-07,0.9999975,1.3709557e-06,8.315266e-07,b
test_0093.jpg,4.539662e-05,2.1443844e-05,6.143764e-06,0.99992704,d
test_0094.jpg,5.3157816e-08,0.9999993,4.450849e-07,2.6995764e-07,b
test_0095.jpg,0.012417668,0.9864575,0.000793835,0.00033091963,b
test_0096.jpg,9.6087584e-05,0.9997496,9.6087584e-05,5.8280068e-05,b
test_0097.jpg,1.0677006e-06,5.7149896e-07,0.9999968,1.5534953e-06,c
test_0098.jpg,0.99985135,5.8285998e-05,2.4297218e-05,6.604669e-05,a
test_0099.jpg,3.4663248e-07,2.3823677e-07,0.99999917,2.1024321e-07,c
test_0100.jpg,0.9987437,0.0002609303,0.0009107364,8.4711675e-05,a
test_0101.jpg,2.6995616e-07,0.9999938,2.2603153e-06,3.72663e-06,b
test_0102.jpg,1.0676933e-06,0.99999,4.78507e-06,4.222809e-06,b
test_0103.jpg,0.8916288,0.012718402,0.082934394,0.012718402,a
test_0104.jpg,4.539625e-05,0.99991894,1.6700347e-05,1.8923973e-05,b
test_0105.jpg,1.1478692e-05,2.4060644e-06,4.222775e-06,0.9999819,d
test_0106.jpg,0.006674705,0.0010235992,0.0016876298,0.99061406,d
test_0107.jpg,2.1436277e-05,0.00037996712,0.99957424,2.4290484e-05,c
test_0108.jpg,2.5612585e-06,8.939671e-06,3.256275e-07,0.9999882,d
test_0109.jpg,0.9999932,2.5612712e-06,2.5612712e-06,1.7603344e-06,a
test_0110.jpg,1.8924542e-05,1.8924542e-05,1.30066355e-05,0.9999491,d
test_0111.jpg,1.3709421e-06,1.994709e-06,0.9999876,8.939665e-06,c
test_0112.jpg,1.6373741e-07,0.9999982,6.475941e-07,9.422438e-07,b
test_0113.jpg,0.005145686,0.013987425,0.0002727114,0.9805942,d
test_0114.jpg,0.052237295,0.046099253,0.63638055,0.26528287,c
test_0115.jpg,2.9023074e-06,1.0676991e-06,5.3687285e-07,0.99999547,d
test_0116.jpg,0.00015835877,0.9993529,0.000379883,0.0001088383,b
test_0117.jpg,0.9924879,0.0013168135,0.0059015485,0.00029382083,a
test_0118.jpg,7.338194e-07,0.999997,1.0677009e-06,1.2098635e-06,b
test_0119.jpg,0.003591815,0.00020263634,0.00029483414,0.99591076,d
test_0120.jpg,4.784965e-06,2.9022278e-06,0.99996805,2.4300054e-05,c
test_0121.jpg,0.032430213,0.00015018167,0.019669918,0.94774973,d
test_0122.jpg,0.9980901,0.00015815867,0.0017003663,5.1346608e-05,a
test_0123.jpg,0.999982,1.67014e-05,6.0834844e-07,6.475836e-07,a
test_0124.jpg,2.2603208e-06,4.181173e-07,1.0676999e-06,0.9999962,d
test_0125.jpg,1.9750425e-07,0.9999943,3.288741e-06,2.2603165e-06,b
test_0126.jpg,0.9999856,3.7265995e-06,6.962204e-06,3.7265995e-06,a
test_0127.jpg,1.0676994e-06,8.31525e-07,0.9999956,2.5612774e-06,c
test_0128.jpg,9.329474e-08,0.99999785,6.475939e-07,1.3709562e-06,b
test_0129.jpg,3.5292283e-05,0.9981554,0.0017004776,0.000108707885,b
test_0130.jpg,3.2886921e-06,1.4738895e-05,2.561236e-06,0.9999794,d
test_0131.jpg,0.99998605,5.4221728e-06,6.9622074e-06,1.5534786e-06,a
test_0132.jpg,7.8892135e-06,2.9022797e-06,3.2887137e-06,0.99998593,d
test_0133.jpg,6.1441187e-06,6.1441187e-06,2.9022763e-06,0.99998474,d
test_0134.jpg,5.422101e-06,2.9022417e-06,0.9999728,1.8924991e-05,c
test_0135.jpg,0.0010897829,0.00074899616,0.06742249,0.9307387,d
test_0136.jpg,0.99767846,0.00048696212,0.00033468383,0.0014999488,a
test_0137.jpg,0.9972089,0.00048673296,0.00012306536,0.0021813856,a
test_0138.jpg,0.999143,5.1400773e-05,9.602929e-05,0.00070956576,a
test_0139.jpg,0.022958895,0.97623706,0.0004764967,0.00032749106,b
test_0140.jpg,0.99318963,0.00079925254,0.00079925254,0.0052117812,a
test_0141.jpg,7.2658054e-08,0.99999845,5.043469e-07,9.42244e-07,b
test_0142.jpg,3.288714e-06,1.6536693e-06,0.99998605,8.939652e-06,c
test_0143.jpg,2.5359853e-07,0.9999865,4.2227944e-06,8.939656e-06,b
test_0144.jpg,1.0676877e-06,0.9999846,5.422165e-06,8.939639e-06,b
test_0145.jpg,0.9996797,6.603535e-05,0.00017950268,7.482786e-05,a
test_0146.jpg,2.9019584e-06,0.9998752,1.3005674e-05,0.00010889518,b
test_0147.jpg,0.99997115,1.4738773e-05,6.144035e-06,7.889097e-06,a
test_0148.jpg,1.8553892e-07,2.6995752e-07,0.9999988,7.338207e-07,c
test_0149.jpg,1.12535e-07,0.99999845,8.315274e-07,6.475942e-07,b
test_0150.jpg,7.338196e-07,1.0677012e-06,0.9999974,8.3152656e-07,c
test_0151.jpg,0.996906,0.0019244814,0.0002604502,0.0009090606,a
test_0152.jpg,0.0019044674,0.4660078,0.528056,0.0040317574,c
test_0153.jpg,8.939301e-06,1.3006606e-05,0.99994683,3.1201227e-05,c
test_0154.jpg,1.2098624e-06,1.7603394e-06,9.422418e-07,0.99999607,d
test_0155.jpg,0.99998903,3.2887237e-06,6.9622283e-06,7.3381347e-07,a
test_0156.jpg,4.222771e-06,1.760313e-06,0.99998105,1.3007051e-05,c
test_0157.jpg,0.0027247826,0.58838916,0.40439358,0.0044924067,b
test_0158.jpg,1.3709544e-06,8.315258e-07,0.99999654,1.209863e-06,c
test_0159.jpg,0.9999988,2.8736827e-07,3.0590195e-07,5.715001e-07,a
test_0160.jpg,2.561206e-06,0.9999677,5.422073e-06,2.4300045e-05,b
test_0161.jpg,5.0434653e-07,7.338199e-07,0.99999774,1.0677016e-06,c
test_0162.jpg,1.7603334e-06,8.315226e-07,0.9999926,4.785082e-06,c
test_0163.jpg,0.00060861756,0.9711052,0.025879078,0.0024071294,b
test_0164.jpg,0.9980799,0.00048715807,0.0013242329,0.000108699656,a
test_0165.jpg,3.927844e-07,0.999995,1.7603375e-06,2.902306e-06,b
test_0166.jpg,0.00023005932,0.997829,0.0010310544,0.00090990233,b
test_0167.jpg,1.01292135e-05,0.9999132,3.120018e-05,4.539599e-05,b
test_0168.jpg,2.7529726e-05,5.8280428e-05,0.9997558,0.00015842263,c
test_0169.jpg,0.998993,0.00037974617,7.477646e-05,0.0005525274,a
test_0170.jpg,3.5356086e-05,3.2886282e-06,1.3709042e-06,0.99995995,d
test_0171.jpg,1.1478434e-05,2.7535334e-05,1.4593193e-06,0.99995947,d
test_0172.jpg,1.0676947e-06,0.9999913,2.9022954e-06,4.785076e-06,b
test_0173.jpg,0.9987306,0.00017933227,0.00017933227,0.00091072446,a
test_0174.jpg,0.7507412,0.0050584543,0.029109394,0.21509096,a
test_0175.jpg,4.7850613e-06,4.222801e-06,2.9022863e-06,0.9999882,d
test_0176.jpg,0.00029543677,5.8174945e-05,0.9979463,0.0017001212,c
test_0177.jpg,0.99985313,6.604681e-05,4.5393263e-05,3.535231e-05,a
test_0178.jpg,0.0002959072,0.99953544,4.5378838e-05,0.00012335247,b
test_0179.jpg,5.770744e-06,0.9997905,2.429574e-05,0.00017952258,b
test_0180.jpg,0.99941576,0.0001794553,0.000108845146,0.00029587178,a
test_0181.jpg,0.94242567,0.0038514782,0.05316802,0.00055485807,a
test_0182.jpg,2.9022942e-06,3.28873e-06,0.99999094,2.9022942e-06,c
test_0183.jpg,1.7603337e-06,2.5612703e-06,2.9023e-06,0.99999285,d
test_0184.jpg,0.00012331919,0.0004877369,0.00012331919,0.99926573,d
test_0185.jpg,0.99992657,3.5354904e-05,1.384518e-05,2.4299046e-05,a
test_0186.jpg,0.9999937,2.9023022e-06,1.3709505e-06,1.9947213e-06,a
test_0187.jpg,6.604704e-05,1.8922794e-05,5.828631e-05,0.9998567,d
test_0188.jpg,1.670099e-05,6.9620082e-06,1.89247e-05,0.99995744,d
test_0189.jpg,3.9278592e-07,3.9278592e-07,2.6995755e-07,0.9999989,d
test_0190.jpg,1.9946576e-06,7.3379357e-07,0.99996185,3.535615e-05,c
test_0191.jpg,0.99999106,1.5534864e-06,3.7266198e-06,3.7266198e-06,a
test_0192.jpg,8.939096e-06,1.0676229e-06,0.99992394,6.6051485e-05,c
test_0193.jpg,0.38819504,0.5648204,0.046363283,0.00062126835,b
test_0194.jpg,6.179363e-05,0.0040696017,7.0021364e-05,0.99579865,d
test_0195.jpg,1.4738259e-05,8.939206e-06,0.9999362,4.006274e-05,c
test_0196.jpg,0.0039286297,0.00030294334,0.14742072,0.8483477,d
test_0197.jpg,1.6701084e-05,0.99996305,1.0129718e-05,1.0129718e-05,b
test_0198.jpg,0.119014286,0.0013221293,0.87940323,0.0002603427,c
test_0199.jpg,0.9927043,0.0005490492,5.7869358e-05,0.0066887885,a
test_0200.jpg,4.4508437e-07,6.47594e-07,0.9999981,7.338201e-07,c
test_0201.jpg,0.999345,8.476268e-05,0.00013975005,0.0004304604,a
test_0202.jpg,5.4222032e-06,1.7603317e-06,0.99999166,1.209857e-06,c
test_0203.jpg,0.4326162,0.5554902,0.0029149451,0.008978663,b
test_0204.jpg,0.0001843319,0.00014355785,0.2941185,0.70555365,d
test_0205.jpg,0.00026697683,0.09505033,0.90181243,0.0028702714,c
test_0206.jpg,1.0677016e-06,4.1811796e-07,7.338199e-07,0.99999774,d
test_0207.jpg,3.0590124e-07,0.9999964,1.2098628e-06,1.9947267e-06,b
test_0208.jpg,0.0005516952,0.00026060233,0.99748826,0.0016993409,c
test_0209.jpg,0.00025900445,0.9913722,0.0066798134,0.0016889215,b
test_0210.jpg,0.99999833,6.4759416e-07,3.68988e-07,6.4759416e-07,a
test_0211.jpg,4.5385605e-05,0.0002611761,8.936955e-06,0.99968445,d
test_0212.jpg,0.99998844,2.902287e-06,2.5612592e-06,6.1441415e-06,a
test_0213.jpg,0.99997866,8.939585e-06,6.1440815e-06,6.1440815e-06,a
test_0214.jpg,0.014049958,0.00089818385,7.3727424e-05,0.9849782,d
test_0215.jpg,6.0835094e-07,3.4662793e-07,0.99998605,1.3007117e-05,c
test_0216.jpg,1.370952e-06,5.7149776e-07,0.99999475,3.2887426e-06,c
test_0217.jpg,7.3381847e-07,5.714984e-07,0.9999958,2.9023086e-06,c
test_0218.jpg,0.99998677,2.9022822e-06,4.2227953e-06,6.144131e-06,a
test_0219.jpg,0.99997294,7.889111e-06,1.3006946e-05,6.144046e-06,a
test_0220.jpg,0.30966634,0.65556365,0.02541896,0.009351113,b
test_0221.jpg,0.0006242366,0.00017884678,0.0031701354,0.9960269,d
test_0222.jpg,0.00064592174,0.7540232,0.00053548795,0.24479547,b
test_0223.jpg,5.828666e-05,1.3005511e-05,0.9998627,6.604743e-05,c
test_0224.jpg,0.99997854,1.14786535e-05,6.1440805e-06,3.7265731e-06,a
test_0225.jpg,0.9999311,2.7534554e-05,1.0129395e-05,3.1200736e-05,a
test_0226.jpg,0.9999894,2.90229e-06,6.1441474e-06,1.4593629e-06,a
test_0227.jpg,3.2887312e-06,4.2228144e-06,1.2098566e-06,0.9999913,d
test_0228.jpg,5.1435818e-05,5.8284415e-05,6.604489e-05,0.9998242,d
test_0229.jpg,1.0676997e-06,2.5612783e-06,4.7378884e-07,0.99999595,d
test_0230.jpg,3.5350608e-05,7.483724e-05,0.99980503,8.480169e-05,c
test_0231.jpg,0.0035922176,5.1240233e-05,0.9960224,0.00033412827,c
test_0232.jpg,1.5381659e-07,0.999995,1.9947238e-06,2.902306e-06,b
test_0233.jpg,2.5612658e-06,1.0676945e-06,0.99999106,5.4221996e-06,c
test_0234.jpg,8.315211e-07,4.4508113e-07,0.9999908,7.889252e-06,c
test_0235.jpg,0.9989643,4.00238e-05,0.00091093755,8.473039e-05,a
test_0236.jpg,5.714973e-07,4.2228257e-06,1.2878891e-06,0.9999939,d
test_0237.jpg,8.939536e-06,1.1365346e-06,0.9999732,1.6701253e-05,c
test_0238.jpg,0.0002956334,0.0010318619,6.196812e-05,0.9986105,d
test_0239.jpg,3.1201005e-05,1.8924364e-05,1.0129482e-05,0.9999397,d
test_0240.jpg,0.052752204,0.93505514,0.0018050811,0.010387525,b
test_0241.jpg,1.2098637e-06,8.3152634e-07,8.3152634e-07,0.99999714,d
test_0242.jpg,1.3709536e-06,2.5612783e-06,2.2380202e-07,0.99999595,d
test_0243.jpg,8.233239e-08,0.9999988,2.2380266e-07,8.3152776e-07,b
test_0244.jpg,5.422158e-06,1.0676863e-06,0.99998343,1.0129925e-05,c
test_0245.jpg,4.006015e-05,8.480735e-05,3.5004173e-06,0.9998716,d
test_0246.jpg,0.012978679,0.4870213,0.012978679,0.4870213,b
test_0247.jpg,0.0036835335,0.29261932,0.7019572,0.0017399781,c
test_0248.jpg,0.9999831,6.962187e-06,5.7718553e-06,4.22278e-06,a
test_0249.jpg,0.99998343,5.422158e-06,4.222781e-06,6.962189e-06,a
test_0250.jpg,7.338199e-07,3.4663196e-07,0.99999774,1.2098644e-06,c
test_0251.jpg,1.1979303e-07,4.4069395e-08,0.99999964,2.3823688e-07,c
test_0252.jpg,7.8114317e-07,0.9999926,3.2887356e-06,3.2887356e-06,b
test_0253.jpg,0.9844504,0.012392402,0.0016771293,0.0014800612,a
test_0254.jpg,0.999997,1.7603411e-06,6.8935947e-07,5.368737e-07,a
test_0255.jpg,0.9997687,1.6697837e-05,0.00013980929,7.483452e-05,a
test_0256.jpg,1.3574301e-07,0.9999976,7.338198e-07,1.5534965e-06,b
test_0257.jpg,2.1443897e-05,0.99992955,2.1443897e-05,2.7534512e-05,b
test_0258.jpg,3.4663205e-07,0.999998,8.31527e-07,8.31527e-07,b
test_0259.jpg,1.8924688e-05,1.8924688e-05,5.4220136e-06,0.9999567,d
test_0260.jpg,2.3823617e-07,0.99999666,1.553495e-06,1.553495e-06,b
test_0261.jpg,0.9999794,6.962161e-06,4.785019e-06,8.939592e-06,a
test_0262.jpg,0.002179422,0.00070755475,0.99631125,0.00080176455,c
test_0263.jpg,0.9999919,4.785079e-06,1.760332e-06,1.5534877e-06,a
test_0264.jpg,2.1024319e-07,3.4663242e-07,3.9278598e-07,0.99999905,d
test_0265.jpg,3.7265265e-06,0.999966,2.7263852e-06,2.7535516e-05,b
test_0266.jpg,0.87708974,0.0027915845,0.08158205,0.038536634,a
test_0267.jpg,2.8783661e-05,0.017985262,2.3862493e-05,0.981962,d
test_0268.jpg,3.6898837e-07,2.6995764e-07,1.5381724e-07,0.9999993,d
test_0269.jpg,1.8924738e-05,1.0129683e-05,1.1478434e-05,0.99995947,d
test_0270.jpg,0.9993381,0.00012332812,0.0002033337,0.0003352406,a
test_0271.jpg,0.37725508,0.00060376,0.00015265445,0.6219885,d
test_0272.jpg,3.1197334e-05,6.961066e-06,0.9998221,0.00013981675,c
test_0273.jpg,0.9999217,1.01293e-05,5.1440835e-05,1.6700393e-05,a
test_0274.jpg,0.99999714,1.0030122e-06,1.067701e-06,8.3152634e-07,a
test_0275.jpg,2.902202e-06,0.9999591,2.561184e-06,3.5356057e-05,b
test_0276.jpg,0.00033525345,0.9993765,0.00017944824,0.00010884086,b
test_0277.jpg,0.00029593377,5.1425577e-05,2.7526128e-05,0.9996251,d
test_0278.jpg,0.00017952127,0.9997832,2.4295563e-05,1.3004477e-05,b
test_0279.jpg,4.539636e-05,2.7534285e-05,5.7714988e-06,0.9999213,d
test_0280.jpg,0.00048075715,0.9849658,0.002154604,0.01239889,b
test_0281.jpg,0.9984433,0.00012321769,0.00010873924,0.001324715,a
test_0282.jpg,2.9022362e-06,1.1478566e-05,0.9999709,1.473877e-05,c
test_0283.jpg,1.8924682e-05,0.9999565,1.6700975e-05,7.888982e-06,b
test_0284.jpg,2.699576e-07,9.931186e-08,0.99999917,4.4508485e-07,c
test_0285.jpg,6.961687e-06,0.9999113,7.48452e-05,6.961687e-06,b
test_0286.jpg,1.0129005e-05,0.9998926,6.604941e-05,3.1199535e-05,b
test_0287.jpg,1.2098495e-06,0.99998546,5.4221696e-06,7.88921e-06,b
test_0288.jpg,0.99630827,0.00026029404,0.00026029404,0.0031710311,a
test_0289.jpg,1.2878817e-06,0.9999882,1.553482e-06,8.939671e-06,b
test_0290.jpg,4.4508474e-07,3.9278592e-07,2.6995755e-07,0.9999989,d
test_0291.jpg,7.338207e-07,2.2380266e-07,2.6995752e-07,0.9999988,d
test_0292.jpg,0.20754482,0.49787417,0.02808814,0.26649284,b
test_0293.jpg,5.714998e-07,2.1024303e-07,0.99999833,8.3152736e-07,c
test_0294.jpg,0.0021276383,0.45944193,0.52061594,0.017814497,c
test_0295.jpg,3.059019e-07,5.0434693e-07,0.99999857,5.715e-07,c
test_0296.jpg,0.0066423784,0.0008989482,0.98581636,0.0066423784,c
test_0297.jpg,0.029199235,0.0034873514,0.00036756412,0.9669458,d
test_0298.jpg,3.288742e-06,9.422403e-07,0.9999945,1.2098606e-06,c
test_0299.jpg,0.00043036955,0.9991341,0.0002957884,0.00013972055,b
test_0300.jpg,0.00013975859,0.9994061,0.00029586893,0.00015836721,b
test_0301.jpg,0.99999905,2.2380272e-07,1.8553898e-07,4.7379032e-07,a
test_0302.jpg,3.535175e-05,3.119781e-05,0.9998373,9.609602e-05,c
test_0303.jpg,0.00023035784,0.99912375,0.00015832247,0.00048766757,b
test_0304.jpg,0.00015836966,0.9994216,8.476917e-05,0.0003352686,b
test_0305.jpg,1.3004934e-05,0.99981827,4.539168e-05,0.00012338738,b
test_0306.jpg,0.0030352,0.001433727,0.9536315,0.041899644,c
test_0307.jpg,8.480499e-05,0.99984384,1.3005267e-05,5.828556e-05,b
test_0308.jpg,0.00026090562,0.9986492,0.0009106502,0.00017931765,b
test_0309.jpg,5.8285295e-05,2.7532027e-05,7.483981e-05,0.9998393,d
test_0310.jpg,2.9021867e-06,0.99995387,3.535587e-05,7.888961e-06,b
test_0311.jpg,0.010981387,0.0003757624,0.00012986001,0.988513,d
test_0312.jpg,0.9337401,0.059692007,0.00027642885,0.0062914914,a
test_0313.jpg,0.99999845,6.475942e-07,4.4508454e-07,4.1811825e-07,a
test_0314.jpg,0.9705146,0.00010569755,7.26448e-05,0.029307002,a
test_0315.jpg,7.8113874e-07,0.9999869,6.9622133e-06,5.4221773e-06,b
test_0316.jpg,8.4787134e-05,0.00023047531,5.1426e-05,0.9996333,d
test_0317.jpg,5.7149975e-07,3.6898797e-07,0.9999982,8.3152725e-07,c
test_0318.jpg,0.0014800612,0.012392402,0.9844504,0.0016771293,c
test_0319.jpg,6.1440987e-06,5.422148e-06,6.962176e-06,0.9999815,d
test_0320.jpg,0.99999166,1.3709476e-06,6.144161e-06,8.315218e-07,a
test_0321.jpg,5.714963e-07,6.96225e-06,3.9278325e-07,0.99999213,d
test_0322.jpg,1.3709499e-06,1.9947204e-06,3.2887378e-06,0.9999933,d
test_0323.jpg,6.893601e-07,9.4224356e-07,3.6898788e-07,0.999998,d
test_0324.jpg,0.9984055,0.0015010419,2.7492544e-05,6.595118e-05,a
test_0325.jpg,0.0011409111,0.5910066,0.001660016,0.4061925,b
test_0326.jpg,0.999992,1.3709482e-06,3.2887335e-06,3.2887335e-06,a
test_0327.jpg,2.2603158e-06,3.28874e-06,5.3687205e-07,0.9999939,d
test_0328.jpg,7.889055e-06,0.9999659,4.7849544e-06,2.1444677e-05,b
test_0329.jpg,0.99992466,5.8290272e-05,1.012933e-05,6.9617804e-06,a
test_0330.jpg,0.97232383,0.025911551,0.00047458668,0.0012900602,a
test_0331.jpg,6.475899e-07,0.9999918,1.3709479e-06,6.144162e-06,b
test_0332.jpg,8.3152696e-07,9.4224345e-07,3.2563062e-07,0.99999785,d
test_0333.jpg,0.9999875,2.9022842e-06,4.2227985e-06,5.4221805e-06,a
test_0334.jpg,0.99982494,0.00015843357,1.0128319e-05,6.5393347e-06,a
test_0335.jpg,1.7603381e-06,1.7603381e-06,1.067699e-06,0.99999535,d
test_0336.jpg,3.1201005e-05,2.4299365e-05,4.784829e-06,0.9999397,d
test_0337.jpg,7.889038e-06,4.2226975e-06,0.99996364,2.4299947e-05,c
test_0338.jpg,3.4663148e-07,0.9999963,2.260321e-06,1.0677e-06,b
test_0339.jpg,0.9996284,2.143744e-05,1.4733722e-05,0.00033533797,a
test_0340.jpg,3.2887392e-06,2.5612726e-06,4.737878e-07,0.9999937,d
test_0341.jpg,0.0066763805,0.001912815,0.00054803066,0.9908627,d
test_0342.jpg,2.536018e-07,9.329488e-08,0.9999994,3.0590215e-07,c
test_0343.jpg,1.0129855e-05,5.422121e-06,0.9999765,7.889139e-06,c
test_0344.jpg,0.9999671,3.2886517e-06,5.42207e-06,2.430003e-05,a
test_0345.jpg,6.60447e-05,1.6698714e-05,0.99982125,9.609447e-05,c
test_0346.jpg,0.0051503372,0.0010141615,0.98148054,0.012355017,c
test_0347.jpg,0.014036202,0.0002736624,0.98401374,0.0016763854,c
test_0348.jpg,1.5534476e-06,0.99996614,2.753552e-05,4.7849558e-06,b
test_0349.jpg,0.9998839,1.3005788e-05,9.610049e-05,6.9614966e-06,a
test_0350.jpg,3.4663177e-07,0.99999714,7.8114675e-07,1.7603413e-06,b
test_0351.jpg,0.9998864,5.143902e-05,4.5394772e-05,1.6699803e-05,a
test_0352.jpg,0.9998745,3.1198968e-05,9.515148e-06,8.480759e-05,a
test_0353.jpg,1.1253512e-07,2.2380281e-07,1.742978e-07,0.9999995,d
test_0354.jpg,0.99999607,1.5534941e-06,6.475927e-07,1.7603394e-06,a
test_0355.jpg,0.99982125,2.7531529e-05,0.00013981664,1.1476848e-05,a
test_0356.jpg,8.315258e-07,1.994727e-06,5.714988e-07,0.99999654,d
test_0357.jpg,0.99929297,9.60437e-05,0.0004877502,0.00012332255,a
test_0358.jpg,1.1979286e-07,1.0677021e-06,6.475941e-07,0.9999982,d
test_0359.jpg,0.9575361,0.0420712,0.00017193537,0.00022076939,a
test_0360.jpg,3.1193747e-05,3.1193747e-05,0.99970704,0.00023049233,c
test_0361.jpg,1.30064755e-05,0.9999368,3.1200914e-05,1.8924311e-05,b
test_0362.jpg,7.81139e-07,1.7603238e-06,0.99998724,1.0129964e-05,c
test_0363.jpg,5.1432005e-05,0.00015842172,4.005528e-05,0.9997501,d
test_0364.jpg,0.99635243,0.0024697108,0.0010295286,0.00014831766,a
test_0365.jpg,2.873675e-07,0.9999962,1.7603396e-06,1.7603396e-06,b
test_0366.jpg,0.025896352,0.00047430827,0.0018759255,0.9717534,d
test_0367.jpg,8.9937814e-05,0.0006242921,0.0031704174,0.99611545,d
test_0368.jpg,0.000295478,0.0007088148,0.00091013627,0.9980856,d
test_0369.jpg,0.99997306,5.4221023e-06,1.1478591e-05,1.012982e-05,a
test_0370.jpg,1.0677007e-06,1.0677007e-06,9.422426e-07,0.9999969,d
test_0371.jpg,0.9999293,6.9618127e-06,5.829054e-05,5.421865e-06,a
test_0372.jpg,8.938925e-06,7.4844706e-05,1.1477807e-05,0.99990475,d
test_0373.jpg,0.9991844,4.0032617e-05,6.6002634e-05,0.0007095952,a
test_0374.jpg,6.604742e-05,6.604742e-05,5.4215025e-06,0.99986243,d
test_0375.jpg,0.0005522956,0.0008035854,7.021651e-05,0.9985739,d
test_0376.jpg,9.4223975e-07,0.9999939,2.2603158e-06,2.9023029e-06,b
test_0377.jpg,0.99974865,4.0055224e-05,0.00020341724,7.887342e-06,a
test_0378.jpg,0.014039865,0.000792075,0.00089753856,0.9842705,d
test_0379.jpg,0.9995845,9.6071715e-05,5.827044e-05,0.00026114998,a
test_0380.jpg,0.005217657,0.9943094,0.0002943601,0.00017853841,b
test_0381.jpg,1.0129388e-05,1.1364859e-06,0.9999304,5.8290607e-05,c
test_0382.jpg,3.535543e-05,1.01295e-05,0.99994147,1.3006536e-05,c
test_0383.jpg,6.9620373e-06,1.670106e-05,0.9999616,1.4738633e-05,c
test_0384.jpg,0.9999956,3.2887453e-06,6.475924e-07,5.368729e-07,a
test_0385.jpg,2.7530425e-05,0.9997812,5.1433606e-05,0.00013981103,b
test_0386.jpg,0.99998057,3.9669244e-06,5.4221427e-06,1.01298965e-05,a
test_0387.jpg,3.2887335e-06,2.123366e-06,2.5612683e-06,0.999992,d
test_0388.jpg,9.422403e-07,3.0590064e-07,0.9999945,4.222828e-06,c
test_0389.jpg,1.3709467e-06,6.8935526e-07,6.9622415e-06,0.99999094,d
test_0390.jpg,0.99822265,0.00015817968,0.00091026124,0.00070891215,a
test_0391.jpg,5.714995e-07,8.3152696e-07,7.3381995e-07,0.99999785,d
test_0392.jpg,1.1979299e-07,1.9750524e-07,0.9999993,4.450849e-07,c
test_0393.jpg,0.99992704,2.1443844e-05,4.539662e-05,6.143764e-06,a
test_0394.jpg,0.9999924,2.9022985e-06,2.5612692e-06,2.2603122e-06,a
test_0395.jpg,0.957389,0.00041238818,0.042064738,0.00013388284,a
test_0396.jpg,0.999998,6.0835816e-07,3.6898788e-07,1.0677019e-06,a
test_0397.jpg,3.726622e-06,4.181154e-07,0.99999166,4.222816e-06,c
test_0398.jpg,1.2098645e-06,1.6373735e-07,0.99999785,7.3381995e-07,c
test_0399.jpg,1.6373741e-07,0.9999982,1.0677021e-06,6.475941e-07,b
test_0400.jpg,0.9999951,3.2887438e-06,8.851534e-07,7.8114516e-07,a
test_0401.jpg,0.99963784,0.000139791,1.8918652e-05,0.00020339468,a
test_0402.jpg,1.0677012e-06,7.338196e-07,8.3152656e-07,0.9999974,d
test_0403.jpg,0.00055022707,0.00055022707,0.9948338,0.0040656584,c
test_0404.jpg,0.9999994,3.2563113e-07,1.2751899e-07,1.7429778e-07,a
test_0405.jpg,1.7603401e-06,9.4224214e-07,8.3152577e-07,0.9999964,d
test_0406.jpg,0.8675746,0.0075059906,0.0075059906,0.11741345,a
test_0407.jpg,5.0434625e-07,1.994728e-06,3.0590144e-07,0.99999714,d
test_0408.jpg,2.5612612e-06,1.2098542e-06,0.9999893,6.96223e-06,c
test_0409.jpg,3.2885087e-06,0.9999236,5.829021e-05,1.4738072e-05,b
test_0410.jpg,0.99975485,0.00010888207,5.143225e-05,8.479744e-05,a
test_0411.jpg,1.5534829e-06,0.9999888,5.4221873e-06,4.222804e-06,b
test_0412.jpg,0.00020337345,0.99953353,0.0001397764,0.00012335223,b
test_0413.jpg,0.99999344,1.6536816e-06,3.7266288e-06,1.2098592e-06,a
test_0414.jpg,1.0129756e-05,4.2227107e-06,1.8924877e-05,0.99996674,d
test_0415.jpg,5.043468e-07,5.043468e-07,7.338203e-07,0.99999833,d
test_0416.jpg,3.7265531e-06,4.222738e-06,0.9999732,1.8924999e-05,c
test_0417.jpg,0.0096192965,0.9811949,0.008488999,0.00069681945,b
test_0418.jpg,0.9999933,2.5612717e-06,2.5612717e-06,1.6536814e-06,a
test_0419.jpg,7.4768395e-05,0.9988852,0.00055246777,0.00048755115,b
test_0420.jpg,0.015167948,0.12699966,0.7308327,0.12699966,c
test_0421.jpg,2.42955e-05,0.00017952081,1.5686353e-05,0.9997806,d
test_0422.jpg,0.84657985,0.0050339475,0.1471135,0.0012727813,a
test_0423.jpg,0.00023027955,0.99878424,7.4760836e-05,0.00091077335,b
test_0424.jpg,0.99918693,0.00020330295,0.00043039233,0.0001794142,a
test_0425.jpg,0.99653107,0.00317174,0.00015791162,0.00013935653,a
test_0426.jpg,9.422432e-07,1.0677015e-06,3.927854e-07,0.9999976,d
test_0427.jpg,9.6096956e-05,1.1477145e-05,0.99984705,4.539299e-05,c
test_0428.jpg,0.0085727,7.41684e-05,0.9908695,0.00048363872,c
test_0429.jpg,3.2887172e-06,5.4221778e-06,0.999987,4.222796e-06,c
test_0430.jpg,0.0010072326,0.02292451,0.97477496,0.0012933123,c
test_0431.jpg,0.9999832,1.3007079e-05,1.7603168e-06,1.9947004e-06,a
test_0432.jpg,7.3382006e-07,8.31527e-07,4.450843e-07,0.999998,d
test_0433.jpg,7.889209e-06,4.7850476e-06,1.9947045e-06,0.99998534,d
test_0434.jpg,0.00013981387,2.7530983e-05,3.119669e-05,0.99980146,d
test_0435.jpg,0.00026027483,0.9962347,0.00033419952,0.003170797,b
test_0436.jpg,0.99999845,8.315274e-07,3.9278575e-07,3.9278575e-07,a
test_0437.jpg,4.181174e-07,1.2098628e-06,1.9947267e-06,0.9999964,d
test_0438.jpg,1.8553878e-07,0.999998,1.3709564e-06,5.0434664e-07,b
test_0439.jpg,0.9973845,0.00048681867,0.00042961593,0.0016991642,a
test_0440.jpg,0.00080247375,7.9455654e-05,0.7766143,0.22250374,c
test_0441.jpg,0.7951893,0.039590143,0.057603322,0.10761717,a
test_0442.jpg,1.8924951e-05,7.8890935e-06,2.5612137e-06,0.9999707,d
test_0443.jpg,0.9999441,3.5355526e-05,1.4738374e-05,5.77163e-06,a
test_0444.jpg,0.9999924,3.7266248e-06,1.7603329e-06,2.1233668e-06,a
test_0445.jpg,7.3382023e-07,8.3152725e-07,2.5360148e-07,0.9999982,d
test_0446.jpg,0.0004303978,0.00026104946,0.00010882161,0.9991997,d
test_0447.jpg,2.5612717e-06,1.5534899e-06,2.5612717e-06,0.9999933,d
test_0448.jpg,0.9999888,5.4221873e-06,2.902288e-06,2.902288e-06,a
test_0449.jpg,0.002465662,0.0013197737,0.0014954995,0.994719,d
test_0450.jpg,8.938878e-06,0.9998995,4.0061266e-05,5.1439692e-05,b
test_0451.jpg,4.222757e-06,0.9999777,7.889149e-06,1.0129867e-05,b
test_0452.jpg,3.6898606e-07,0.9999931,1.7603342e-06,4.7850845e-06,b
test_0453.jpg,1.9750524e-07,3.9278606e-07,1.8553902e-07,0.9999993,d
test_0454.jpg,2.6995627e-07,0.99999416,2.2603163e-06,3.2887408e-06,b
test_0455.jpg,1.9947222e-06,1.5534912e-06,0.99999416,2.2603163e-06,c
test_0456.jpg,3.120096e-05,8.939225e-06,0.99993837,2.1444086e-05,c
test_0457.jpg,1.5381724e-07,3.466325e-07,1.4449793e-07,0.9999993,d
test_0458.jpg,0.99900573,0.0005525344,6.199264e-05,0.000379751,a
test_0459.jpg,0.25267556,0.5349142,0.1736612,0.038749054,b
test_0460.jpg,0.031799115,0.9293064,0.031799115,0.0070953416,b
test_0461.jpg,0.9999585,1.892472e-05,7.888997e-06,1.4738587e-05,a
test_0462.jpg,9.422282e-07,7.3380806e-07,0.99998164,1.6701393e-05,c
test_0463.jpg,0.9992988,6.601019e-05,8.933508e-06,0.0006262872,a
test_0464.jpg,1.6696598e-05,0.9996946,2.752804e-05,0.00026117873,b
test_0465.jpg,0.00062512583,0.9974457,0.0016992684,0.00022997094,b
test_0466.jpg,0.00042828717,5.44506e-05,0.99429965,0.0052176057,c
test_0467.jpg,0.0021825708,4.5297813e-05,2.139717e-05,0.9977507,d
test_0468.jpg,6.4759377e-07,8.3152685e-07,8.3152685e-07,0.99999774,d
test_0469.jpg,7.8891435e-06,1.994688e-06,0.9999771,1.3007e-05,c
test_0470.jpg,0.00037975243,5.8236918e-05,0.9990094,0.00055253645,c
test_0471.jpg,0.31525397,0.003502155,0.6673926,0.0138512915,c
test_0472.jpg,0.9702626,0.00032548682,0.00011248525,0.029299391,a
test_0473.jpg,8.233233e-08,0.999998,1.2098646e-06,7.3382006e-07,b
test_0474.jpg,0.0004852799,6.5675486e-05,0.9942319,0.0052172504,c
test_0475.jpg,0.9999807,5.4221437e-06,1.0129897e-05,3.726581e-06,a
test_0476.jpg,0.0030076492,0.010497728,0.9449753,0.041519318,c
test_0477.jpg,1.8921482e-05,0.9997874,0.000108885615,8.4800195e-05,b
test_0478.jpg,3.2886035e-06,0.99995244,4.22265e-06,4.0063387e-05,b
test_0479.jpg,0.0018194494,0.1637816,0.0026472833,0.83175164,d
test_0480.jpg,1.3574295e-07,0.99999714,5.0434625e-07,2.260323e-06,b
test_0481.jpg,6.962049e-06,0.9999633,1.6701088e-05,1.300682e-05,b
test_0482.jpg,3.966386e-06,1.1477118e-05,0.00013981994,0.9998448,d
test_0483.jpg,0.9999639,1.8924822e-05,1.1478485e-05,5.771745e-06,a
test_0484.jpg,4.222813e-06,2.9022942e-06,0.99999094,1.9947158e-06,c
test_0485.jpg,0.00020338758,0.999603,8.478455e-05,0.00010886553,b
test_0486.jpg,1.9947088e-06,1.5534808e-06,8.939664e-06,0.9999875,d
test_0487.jpg,0.00970687,0.99012756,0.00010783358,5.771915e-05,b
test_0488.jpg,0.9999665,7.88906e-06,1.670114e-05,8.939477e-06,a
test_0489.jpg,0.00217669,0.00029458298,0.0024665128,0.9950623,d
test_0490.jpg,1.0128541e-05,0.9998468,8.4805244e-05,5.8285736e-05,b
test_0491.jpg,3.4663222e-07,6.825593e-08,0.99999845,1.0677023e-06,c
test_0492.jpg,7.888824e-06,1.0129451e-05,0.9999366,4.5397053e-05,c
test_0493.jpg,0.99998724,8.939663e-06,9.422335e-07,2.9022835e-06,a
test_0494.jpg,5.043467e-07,2.238025e-07,0.9999981,1.2098649e-06,c
test_0495.jpg,3.9278513e-07,1.3709549e-06,0.9999969,1.3709549e-06,c
test_0496.jpg,0.9999144,1.0129226e-05,4.0061863e-05,3.5354475e-05,a
test_0497.jpg,2.5612753e-06,2.5612753e-06,1.2751839e-07,0.99999475,d
test_0498.jpg,0.00023041423,0.99936837,0.00033525072,6.601478e-05,b
test_0499.jpg,1.197929e-07,0.99999857,3.6898808e-07,9.422441e-07,b
test_0500.jpg,3.1193445e-05,1.0127028e-05,0.99969745,0.0002611795,c
test_0501.jpg,4.1811631e-07,2.8736682e-07,0.9999938,5.4222146e-06,c
test_0502.jpg,3.1194315e-05,1.3003724e-05,0.9997253,0.00023049653,c
test_0503.jpg,7.481774e-05,4.537925e-05,0.99954444,0.0003353098,c
test_0504.jpg,0.00015820682,0.0001232116,0.99839395,0.0013246496,c
test_0505.jpg,0.0013222505,0.0019238631,0.00016810528,0.9965857,d
test_0506.jpg,0.99993587,5.1441562e-05,8.939203e-06,3.7264142e-06,a
test_0507.jpg,0.99976045,4.5389057e-05,0.00017951718,1.4735668e-05,a
test_0508.jpg,0.001399742,0.9310267,0.05252493,0.0150486445,b
test_0509.jpg,1.3709547e-06,9.422425e-07,9.422425e-07,0.9999968,d
test_0510.jpg,0.6722495,0.009589124,0.2473068,0.070854574,a
test_0511.jpg,1.8553875e-07,0.99999785,5.714995e-07,1.3709562e-06,b
test_0512.jpg,0.99998903,2.5612605e-06,6.144145e-06,2.2603047e-06,a
test_0513.jpg,8.3152753e-07,4.450846e-07,1.6373748e-07,0.99999857,d
test_0514.jpg,0.00017950893,3.1193977e-05,7.483046e-05,0.99971443,d
test_0515.jpg,1.2878706e-06,0.9999796,8.939594e-06,1.01298865e-05,b
test_0516.jpg,9.608081e-05,4.538536e-05,0.9996791,0.00017950257,c
test_0517.jpg,5.04347e-07,5.7150004e-07,2.536016e-07,0.9999987,d
test_0518.jpg,1.067702e-06,6.47594e-07,2.8736807e-07,0.9999981,d
test_0519.jpg,0.007561807,0.9904013,0.0014890081,0.0005477755,b
test_0520.jpg,2.2602994e-06,8.315177e-07,0.99998677,1.0129959e-05,c
test_0521.jpg,1.8920993e-05,4.005574e-05,0.00017951737,0.9997615,d
test_0522.jpg,0.00013963098,0.0010317412,0.9984937,0.00033495732,c
test_0523.jpg,1.9947013e-06,0.99998367,1.0129927e-05,4.222782e-06,b
test_0524.jpg,0.997001,9.001777e-05,0.00010858216,0.0028003708,a
test_0525.jpg,3.1198877e-05,3.1198877e-05,0.9998715,6.6048015e-05,c
test_0526.jpg,0.9808014,0.01399038,0.0035373222,0.0016709128,a
test_0527.jpg,2.4300116e-05,2.2602628e-06,2.902235e-06,0.99997056,d
test_0528.jpg,0.9998784,4.5394412e-05,6.604847e-05,1.01288615e-05,a
test_0529.jpg,0.9988071,0.00012326258,3.7592963e-05,0.001032065,a
test_0530.jpg,0.00015838446,0.99951494,0.00020336968,0.00012334994,b
test_0531.jpg,9.4223674e-07,0.9999907,6.144155e-06,2.2603085e-06,b
test_0532.jpg,5.0433636e-07,0.9999776,2.9022556e-06,1.8925082e-05,b
test_0533.jpg,0.00055273395,6.6014654e-05,0.99936646,1.4729861e-05,c
test_0534.jpg,0.00023028959,3.116631e-05,0.00091081305,0.99882776,d
test_0535.jpg,1.2878306e-06,0.9999485,3.1201278e-05,1.8924531e-05,b
test_0536.jpg,0.00026114797,9.607097e-05,0.99957675,6.6028544e-05,c
test_0537.jpg,5.0434676e-07,7.3382023e-07,5.7149975e-07,0.9999982,d
test_0538.jpg,0.0005526626,0.000139735,7.0263166e-05,0.9992374,d
test_0539.jpg,0.29389802,0.7050247,0.000825499,0.00025176298,b
test_0540.jpg,0.00070900115,0.0008034036,0.998348,0.00013961061,c
test_0541.jpg,3.6898635e-07,0.9999938,3.2887394e-06,2.5612728e-06,b
test_0542.jpg,0.00015620045,5.0710863e-05,0.9857324,0.014060716,c
test_0543.jpg,0.00403762,0.00045300846,0.5288239,0.46668547,c
test_0544.jpg,9.422372e-07,0.9999912,3.7266202e-06,4.222814e-06,b
test_0545.jpg,3.2886744e-06,1.2098357e-06,0.999974,2.1444852e-05,c
test_0546.jpg,1.8553895e-07,1.8553895e-07,0.9999989,6.4759456e-07,c
test_0547.jpg,0.0031695731,0.00017881507,0.9958502,0.00080139353,c
test_0548.jpg,0.999997,1.2098635e-06,1.2098635e-06,5.368737e-07,a
test_0549.jpg,1.7603415e-06,8.3152645e-07,1.8553864e-07,0.99999726,d
test_0550.jpg,1.1253513e-07,7.734419e-08,0.99999964,1.9750532e-07,c
test_0551.jpg,0.99998856,1.7603262e-06,1.7603262e-06,7.889234e-06,a
test_0552.jpg,3.4663233e-07,1.9750514e-07,0.9999988,6.4759445e-07,c
test_0553.jpg,1.0128114e-05,4.539106e-05,0.9998047,0.00013981432,c
test_0554.jpg,0.004608863,0.00012282204,3.1054275e-05,0.99523723,d
test_0555.jpg,0.99987304,3.5353012e-05,7.484233e-05,1.669958e-05,a
test_0556.jpg,4.539467e-05,0.9998841,1.8923314e-05,5.1438903e-05,b
test_0557.jpg,6.9613297e-06,2.4297427e-05,0.9998599,0.000108893524,c
test_0558.jpg,0.89733744,0.0077634896,0.00032043748,0.09457866,a
test_0559.jpg,1.300519e-05,0.999838,4.0058803e-05,0.00010889113,b
test_0560.jpg,2.2380202e-07,0.99999595,1.9947256e-06,1.7603392e-06,b
test_0561.jpg,2.5863106e-05,0.99980694,5.8283407e-05,0.00010888775,b
test_0562.jpg,0.0014992912,0.00070821506,0.0005515584,0.997241,d
test_0563.jpg,2.699574e-07,1.2751886e-07,0.99999845,1.2098653e-06,c
test_0564.jpg,0.0010290394,0.00029482474,0.0027972192,0.99587893,d
test_0565.jpg,0.99845636,0.00091047434,0.00043007763,0.00020315428,a
test_0566.jpg,6.143185e-06,2.5608604e-06,0.99983275,0.00015843482,c
test_0567.jpg,0.0052182474,0.9944219,0.00020233341,0.00015757741,b
test_0568.jpg,0.87319946,0.004043716,0.118174694,0.0045821304,a
test_0569.jpg,1.2098238e-06,0.99996424,6.9620555e-06,2.7535467e-05,b
test_0570.jpg,8.3152685e-07,2.699572e-07,0.99999774,1.2098644e-06,c
test_0571.jpg,1.4738721e-05,6.1440132e-06,1.1478528e-05,0.9999676,d
test_0572.jpg,1.4738825e-05,6.962128e-06,3.7265586e-06,0.9999746,d
test_0573.jpg,3.4663248e-07,3.92786e-07,1.3574322e-07,0.99999917,d
test_0574.jpg,0.0016846363,0.87266326,0.0075500165,0.118102126,b
test_0575.jpg,0.9993892,0.00017945052,0.00037989678,5.1413437e-05,a
test_0576.jpg,3.0590164e-07,5.7149947e-07,0.99999774,1.370956e-06,c
test_0577.jpg,1.0118946e-05,0.00017936261,0.9988996,0.00091087853,c
test_0578.jpg,0.0076388298,0.016171401,0.7791818,0.19700801,c
test_0579.jpg,4.784573e-06,1.3005817e-05,0.99988616,9.610071e-05,c
test_0580.jpg,7.338141e-07,8.939685e-06,4.1811467e-07,0.99998987,d
test_0581.jpg,0.99986315,1.0128707e-05,0.00012339292,3.28831e-06,a
test_0582.jpg,4.7792205e-06,0.0011694366,0.9987676,5.822282e-05,c
test_0583.jpg,6.1439027e-06,0.9999496,2.7535063e-05,1.6700858e-05,b
test_0584.jpg,1.3574274e-07,0.9999956,1.3709531e-06,2.9023079e-06,b
test_0585.jpg,2.6995764e-07,1.125351e-07,0.9999993,3.059021e-07,c
test_0586.jpg,8.3152446e-07,3.288743e-06,9.4224066e-07,0.9999949,d
test_0587.jpg,0.99906665,0.00037977417,0.0004876397,6.599485e-05,a
test_0588.jpg,7.465913e-05,2.746556e-05,0.9974255,0.0024723709,c
test_0589.jpg,0.9993716,5.825803e-05,0.00013975376,0.00043047185,a
test_0590.jpg,0.9999862,4.222793e-06,5.422173e-06,4.222793e-06,a
test_0591.jpg,4.7850704e-06,2.5612635e-06,2.5612635e-06,0.9999901,d
test_0592.jpg,9.42242e-07,1.370954e-06,0.9999963,1.370954e-06,c
test_0593.jpg,3.5346424e-05,0.0002611767,1.6696467e-05,0.9996867,d
test_0594.jpg,0.99741346,8.459884e-05,0.0008026515,0.0016992134,a
test_0595.jpg,0.00048777918,0.00013975108,2.0133051e-05,0.9993524,d
test_0596.jpg,1.14781515e-05,2.260182e-06,0.9999348,5.1441508e-05,c
test_0597.jpg,0.9999763,6.1440664e-06,1.1478628e-05,6.1440664e-06,a
test_0598.jpg,0.99997175,1.1478575e-05,1.300693e-05,3.726548e-06,a
test_0599.jpg,0.9999969,5.71499e-07,1.5534955e-06,9.422426e-07,a
test_0600.jpg,2.902267e-06,2.5612414e-06,0.9999815,1.30070575e-05,c
test_0601.jpg,0.9999901,5.4221946e-06,2.5612635e-06,1.994714e-06,a
test_0602.jpg,2.8736747e-07,0.99999607,1.3709538e-06,2.2603206e-06,b
test_0603.jpg,2.4299634e-05,1.0129595e-05,0.99995077,1.4738473e-05,c
test_0604.jpg,7.338198e-07,4.4508417e-07,1.2098643e-06,0.9999976,d
test_0605.jpg,1.5534938e-06,5.714984e-07,0.9999958,1.9947254e-06,c
test_0606.jpg,0.9999949,1.3709521e-06,1.9947236e-06,1.7603373e-06,a
test_0607.jpg,0.9999646,6.9620583e-06,2.144465e-05,6.9620583e-06,a
test_0608.jpg,0.0002608222,8.4676576e-05,0.0013245646,0.99832994,d
test_0609.jpg,0.0006248051,0.0002604575,0.99693394,0.0021807842,c
test_0610.jpg,1.3574287e-07,0.99999654,1.5534949e-06,1.7603402e-06,b
test_0611.jpg,0.00026031226,0.00019044853,0.0031712528,0.996378,d
test_0612.jpg,0.0019245404,0.00090908847,0.00022985355,0.99693656,d
test_0613.jpg,4.222786e-06,7.8892035e-06,3.2887094e-06,0.9999846,d
test_0614.jpg,2.1442673e-05,0.99987245,4.0060182e-05,6.604808e-05,b
test_0615.jpg,0.9985061,0.00091051974,0.00048736614,9.596808e-05,a
test_0616.jpg,0.0012984356,0.9786364,0.017924352,0.0021407586,b
test_0617.jpg,0.00043011198,0.0009105471,0.9985361,0.00012322914,c
test_0618.jpg,0.99998975,2.9022908e-06,1.1365535e-06,6.144149e-06,a
test_0619.jpg,1.1979269e-07,0.9999968,1.5534953e-06,1.5534953e-06,b
test_0620.jpg,2.7523816e-05,0.0003353087,0.99954116,9.606755e-05,c
test_0621.jpg,1.7603352e-06,1.9947213e-06,0.9999937,2.5612726e-06,c
test_0622.jpg,2.1024273e-07,0.9999969,1.7603409e-06,1.0677007e-06,b
test_0623.jpg,1.370956e-06,6.4759377e-07,2.5360137e-07,0.99999774,d
test_0624.jpg,2.7534616e-05,7.888799e-06,0.99993336,3.1200805e-05,c
test_0625.jpg,0.00013980632,1.6697482e-05,0.99974746,9.608738e-05,c
test_0626.jpg,7.338189e-07,0.9999964,1.0677002e-06,1.7603401e-06,b
test_0627.jpg,0.00020312108,0.9982931,0.001168881,0.00033489004,b
test_0628.jpg,2.2602683e-06,3.288671e-06,2.1444828e-05,0.99997294,d
test_0629.jpg,0.0030919134,0.013856993,0.6676673,0.31538373,c
test_0630.jpg,0.00013943524,0.9970939,0.0024715487,0.0002951844,b
test_0631.jpg,1.994722e-06,0.99999404,1.994722e-06,1.994722e-06,b
test_0632.jpg,4.2227753e-06,3.726586e-06,1.0129911e-05,0.999982,d
test_0633.jpg,0.96922284,0.0012859459,0.013825221,0.015666028,a
test_0634.jpg,0.99830973,0.0015008979,0.00015819348,3.1150146e-05,a
test_0635.jpg,0.0031151292,0.012320574,0.005819827,0.97874445,d
test_0636.jpg,2.5360063e-07,0.9999949,2.5612756e-06,2.2603178e-06,b
test_0637.jpg,0.99999034,4.2228103e-06,2.9022926e-06,2.561264e-06,a
test_0638.jpg,0.0011677156,0.0006250331,0.9972978,0.0009094179,c
test_0639.jpg,0.9999565,3.120153e-05,6.143945e-06,6.143945e-06,a
test_0640.jpg,1.6699989e-05,2.7533628e-05,5.8288686e-05,0.9998975,d
test_0641.jpg,0.9999281,3.535496e-05,2.7534472e-05,8.939133e-06,a
test_0642.jpg,2.1444184e-05,1.8924426e-05,1.6700747e-05,0.9999429,d
test_0643.jpg,2.260319e-06,1.7603381e-06,0.99999535,6.4759223e-07,c
test_0644.jpg,0.9956285,0.0031688674,0.0009078957,0.0002947506,a
test_0645.jpg,4.7849226e-06,0.99995923,4.7849226e-06,3.1201613e-05,b
test_0646.jpg,1.0676914e-06,0.9999882,8.939671e-06,1.7603255e-06,b
test_0647.jpg,4.5376768e-05,0.9994898,0.00037993502,8.477496e-05,b
test_0648.jpg,6.0835595e-07,0.9999943,1.7603362e-06,3.288741e-06,b
test_0649.jpg,1.5534941e-06,1.3709538e-06,0.99999607,1.0676998e-06,c
test_0650.jpg,0.99967086,0.00013979561,6.6034765e-05,0.00012336919,a
test_0651.jpg,4.4508485e-07,2.8736838e-07,1.1979297e-07,0.99999917,d
test_0652.jpg,0.0009096529,0.9975555,0.00062519463,0.0009096529,b
test_0653.jpg,1.2098467e-06,0.9999831,4.22278e-06,1.1478705e-05,b
test_0654.jpg,0.99998236,6.144104e-06,8.939619e-06,2.5612435e-06,a
test_0655.jpg,6.4759286e-07,0.9999963,1.5534946e-06,1.5534946e-06,b
test_0656.jpg,4.0033017e-05,0.99919444,0.0003351924,0.00043039556,b
test_0657.jpg,2.7534616e-05,0.99993336,7.888799e-06,3.1200805e-05,b
test_0658.jpg,0.00042841752,0.99460226,0.0021756836,0.0027936334,b
test_0659.jpg,1.01298565e-05,5.4221214e-06,7.88914e-06,0.99997663,d
test_0660.jpg,2.536002e-07,0.9999932,1.7603344e-06,4.7850854e-06,b
test_0661.jpg,0.9986613,8.470468e-05,0.0011693122,8.470468e-05,a
test_0662.jpg,0.9996264,8.4786545e-05,5.8272886e-05,0.00023047373,a
test_0663.jpg,0.0014297554,0.047346994,0.00023340117,0.95098984,d
test_0664.jpg,1.6373697e-07,0.99999547,1.5534932e-06,2.9023074e-06,b
test_0665.jpg,8.4789455e-05,0.99966073,9.607904e-05,0.00015840757,b
test_0666.jpg,0.9999838,5.4221605e-06,5.4221605e-06,5.4221605e-06,a
test_0667.jpg,0.99999106,6.1441574e-06,1.0676945e-06,1.7603306e-06,a
test_0668.jpg,2.5609813e-06,0.99987996,2.1442835e-05,9.610011e-05,b
test_0669.jpg,2.9022092e-06,0.9999616,7.889022e-06,2.7535394e-05,b
test_0670.jpg,9.422439e-07,4.181182e-07,3.059018e-07,0.99999833,d
test_0671.jpg,2.2602555e-06,0.99996734,1.1478525e-05,1.8924888e-05,b
test_0672.jpg,6.96223e-06,2.9022895e-06,8.851482e-07,0.9999893,d
test_0673.jpg,0.0006240044,0.00055068196,0.9956564,0.0031689561,c
test_0674.jpg,2.4300136e-05,3.7265465e-06,6.475767e-07,0.9999714,d
test_0675.jpg,0.0016852169,0.9891977,0.002451976,0.0066651613,b
test_0676.jpg,7.48162e-05,6.602505e-05,0.9995239,0.0003353029,c
test_0677.jpg,3.1185722e-05,0.0004878268,3.1185722e-05,0.9994499,d
test_0678.jpg,2.5360058e-07,0.99999464,2.561275e-06,2.561275e-06,b
test_0679.jpg,5.421911e-06,0.9999378,1.6700662e-05,4.00628e-05,b
test_0680.jpg,4.001502e-05,0.0011694104,0.9987452,4.5342964e-05,c
test_0681.jpg,0.9999887,2.9022876e-06,6.144143e-06,2.2603037e-06,a
test_0682.jpg,5.3686836e-07,0.9999871,6.1441333e-06,6.1441333e-06,b
test_0683.jpg,2.5360038e-07,0.9999938,2.2603153e-06,3.72663e-06,b
test_0684.jpg,2.4296884e-05,1.4736804e-05,0.00012338975,0.9998375,d
test_0685.jpg,0.0001683458,0.9980116,0.0009100688,0.0009100688,b
test_0686.jpg,0.9999809,5.422145e-06,4.7850262e-06,8.939606e-06,a
test_0687.jpg,7.889027e-06,2.2602444e-06,0.99996233,2.7535414e-05,c
test_0688.jpg,0.9986765,5.821751e-05,0.00116933,9.598445e-05,a
test_0689.jpg,0.999997,1.5534956e-06,9.422427e-07,4.7378936e-07,a
test_0690.jpg,0.6323621,0.06665047,0.002280654,0.29870674,a
test_0691.jpg,2.2602958e-06,0.9999851,8.9396435e-06,3.7265977e-06,b
test_0692.jpg,2.5612212e-06,1.8925008e-05,4.7849917e-06,0.99997365,d
test_0693.jpg,0.0021822078,0.00010206321,0.00013105177,0.9975847,d
test_0694.jpg,0.0006145257,0.017959075,0.0008941296,0.9805322,d
test_0695.jpg,4.006148e-05,2.7533832e-05,2.7533832e-05,0.9999049,d
test_0696.jpg,5.1348405e-05,0.998125,0.00012317841,0.0017004258,b
test_0697.jpg,7.338207e-07,2.5360163e-07,2.2380266e-07,0.9999988,d
test_0698.jpg,4.53961e-05,1.4737954e-05,0.9999156,2.429878e-05,c
test_0699.jpg,1.5534918e-06,2.9023047e-06,1.0676982e-06,0.9999945,d
test_0700.jpg,1.7602028e-06,0.99991846,5.8289912e-05,2.144366e-05,b
test_0701.jpg,0.9999957,1.9947252e-06,9.4224146e-07,1.3709532e-06,a
test_0702.jpg,1.9947213e-06,5.7149714e-07,0.9999937,3.7266295e-06,c
test_0703.jpg,0.22233203,0.00048634928,0.0011666913,0.776015,d
test_0704.jpg,0.49530149,0.0080058025,0.0013912,0.49530149,a
test_0705.jpg,0.0006239587,0.0006239587,0.9955835,0.003168724,c
test_0706.jpg,1.0676868e-06,0.9999838,8.939632e-06,6.144113e-06,b
test_0707.jpg,5.1441104e-05,1.1478061e-05,1.0129353e-05,0.9999269,d
test_0708.jpg,7.484479e-05,1.6700129e-05,2.561048e-06,0.99990594,d
test_0709.jpg,1.003009e-06,1.3709508e-06,0.9999939,3.7266304e-06,c
test_0710.jpg,0.9998498,0.00012339126,1.6699192e-05,1.0128571e-05,a
test_0711.jpg,7.3381506e-07,1.9947163e-06,0.9999912,6.1441583e-06,c
test_0712.jpg,0.0002525336,6.7968496e-05,0.9666041,0.033075374,c
test_0713.jpg,1.6700385e-05,1.6700385e-05,0.9999212,4.5396355e-05,c
test_0714.jpg,3.726531e-06,4.7849608e-06,0.9999672,2.4300034e-05,c
test_0715.jpg,0.91884136,0.07542309,0.00546363,0.00027201817,a
test_0716.jpg,0.9999894,3.288725e-06,5.4221905e-06,1.9947126e-06,a
test_0717.jpg,0.0014288824,0.9504092,0.0064038066,0.041758064,b
test_0718.jpg,2.1024276e-07,0.999997,7.338194e-07,1.9947279e-06,b
test_0719.jpg,0.00432771,0.9345251,0.0014050015,0.059742186,b
test_0720.jpg,0.0013187802,0.22178471,0.0027918576,0.7741047,d
test_0721.jpg,2.6995755e-07,3.466324e-07,5.043471e-07,0.9999989,d
test_0722.jpg,0.0027982423,0.99624324,0.00062437216,0.00033420237,b
test_0723.jpg,2.9022344e-06,5.4220873e-06,0.9999703,2.1444772e-05,c
test_0724.jpg,1.7603252e-06,4.2228003e-06,6.1441383e-06,0.99998796,d
test_0725.jpg,2.3823671e-07,3.0590198e-07,0.9999989,5.7150015e-07,c
test_0726.jpg,0.9998956,4.539519e-05,1.892353e-05,4.006111e-05,a
test_0727.jpg,4.7849576e-06,1.136527e-06,0.9999665,2.7535529e-05,c
test_0728.jpg,4.5392197e-05,0.99982965,4.005847e-05,8.480379e-05,b
test_0729.jpg,2.753458e-05,2.1443951e-05,0.99993205,1.892422e-05,c
test_0730.jpg,2.5612703e-06,1.9947195e-06,2.5612703e-06,0.99999285,d
test_0731.jpg,2.9022908e-06,4.7850685e-06,0.99998975,2.5612626e-06,c
test_0732.jpg,0.04704287,0.00086162024,0.0072142575,0.9448813,d
test_0733.jpg,0.0003344225,0.9968995,0.00029512684,0.0024710668,b
test_0734.jpg,0.9999801,1.3007038e-05,4.495112e-06,2.40606e-06,a
test_0735.jpg,3.4663213e-07,7.3382023e-07,0.9999982,7.3382023e-07,c
test_0736.jpg,0.9999201,1.1477983e-05,5.8290007e-05,1.01292835e-05,a
test_0737.jpg,1.8924868e-05,7.889058e-06,6.96207e-06,0.99996626,d
test_0738.jpg,0.7505374,0.24366382,0.0018603964,0.003938459,a
test_0739.jpg,0.19590892,0.020648647,0.7748348,0.008607638,c
test_0740.jpg,9.422364e-07,0.99999034,5.422196e-06,3.288728e-06,b
test_0741.jpg,2.382368e-07,8.764242e-08,0.9999993,3.466325e-07,c
test_0742.jpg,0.99935573,5.1411716e-05,0.000552728,4.0039482e-05,a
test_0743.jpg,0.99998,1.012989e-05,3.7265786e-06,6.144089e-06,a
test_0744.jpg,0.0006927586,0.9754767,0.022941014,0.00088951964,b
test_0745.jpg,8.463721e-05,0.99786586,0.00012314643,0.0019263342,b
test_0746.jpg,9.4224123e-07,2.873673e-07,0.99999547,3.288745e-06,c
test_0747.jpg,5.714997e-07,3.927856e-07,0.9999981,9.422437e-07,c
test_0748.jpg,4.5385794e-05,4.7836274e-06,0.9996886,0.0002611772,c
test_0749.jpg,0.9997743,6.60416e-05,7.483494e-05,8.479909e-05,a
test_0750.jpg,4.8285394e-05,0.99911886,0.00070954865,0.00012330106,b
test_0751.jpg,0.0040276875,0.7675414,0.2199043,0.008526615,b
test_0752.jpg,2.4296382e-05,0.00013981604,1.892204e-05,0.99981695,d
test_0753.jpg,1.3709538e-06,1.9947258e-06,5.368732e-07,0.99999607,d
test_0754.jpg,0.9998857,5.8288e-05,4.494688e-06,5.1438983e-05,a
test_0755.jpg,5.368701e-07,0.99999034,3.7266173e-06,5.422196e-06,b
test_0756.jpg,7.734412e-08,0.9999987,3.466323e-07,8.3152764e-07,b
test_0757.jpg,0.99999714,1.5534958e-06,8.3152634e-07,4.4508394e-07,a
test_0758.jpg,0.999895,3.5353787e-05,2.4298279e-05,4.5395165e-05,a
test_0759.jpg,0.999728,3.5347886e-05,0.00020341303,3.3206263e-05,a
test_0760.jpg,3.3014298e-05,0.005910234,0.000108249726,0.9939486,d
test_0761.jpg,2.8736798e-07,5.043466e-07,0.99999785,1.3709562e-06,c
test_0762.jpg,1.1253507e-07,2.1024319e-07,0.99999905,5.715002e-07,c
test_0763.jpg,0.0019253382,0.99734986,0.0002952602,0.000429601,b
test_0764.jpg,0.99993896,3.5355344e-05,8.939231e-06,1.6700682e-05,a
test_0765.jpg,5.422187e-06,1.7603264e-06,0.9999887,4.2228035e-06,c
test_0766.jpg,0.0015671832,0.18114175,0.811821,0.0054700067,c
test_0767.jpg,0.9999604,1.670104e-05,6.143969e-06,1.670104e-05,a
test_0768.jpg,0.9987978,0.00033505933,0.00048750849,0.00037967198,a
test_0769.jpg,0.999998,1.2098646e-06,4.1811805e-07,3.2563068e-07,a
test_0770.jpg,1.2098614e-06,3.2887442e-06,1.7429706e-07,0.99999523,d
test_0771.jpg,0.00015836979,0.99942243,0.00029587376,0.00012333853,b
test_0772.jpg,0.9909831,0.008573684,0.00021463797,0.00022848095,a
test_0773.jpg,9.4223765e-07,1.209857e-06,0.99999166,6.144161e-06,c
test_0774.jpg,6.6048204e-05,3.535306e-05,0.99987435,2.4297779e-05,c
test_0775.jpg,9.422425e-07,1.7603406e-06,0.9999968,5.04346e-07,c
test_0776.jpg,6.1437017e-06,1.994568e-06,0.9999169,7.4845615e-05,c
test_0777.jpg,3.726478e-06,7.888954e-06,0.99995303,3.5355843e-05,c
test_0778.jpg,0.99993014,1.3006389e-05,3.535503e-05,2.144391e-05,a
test_0779.jpg,8.480593e-05,4.005948e-05,2.0143174e-05,0.9998549,d
test_0780.jpg,4.537926e-05,0.9995447,0.00023045488,0.00017947845,b
test_0781.jpg,0.9997209,2.4294048e-05,2.4294048e-05,0.00023049551,a
test_0782.jpg,0.99913967,0.00070956344,6.599967e-05,8.474526e-05,a
test_0783.jpg,0.9999,2.42984e-05,2.42984e-05,5.1439718e-05,a
test_0784.jpg,0.9999895,1.3709447e-06,6.9622315e-06,2.2603058e-06,a
test_0785.jpg,0.0023530289,0.02866576,0.019701669,0.94927955,d
test_0786.jpg,0.67229897,0.008462995,0.31757158,0.0016664626,a
test_0787.jpg,0.041947942,0.0030386988,0.000282643,0.95473075,d
test_0788.jpg,0.9999405,6.143847e-06,4.539723e-05,7.888855e-06,a
test_0789.jpg,1.1253492e-07,0.99999774,7.338199e-07,1.370956e-06,b
test_0790.jpg,0.005805017,6.0580787e-05,0.9762538,0.017880712,c
test_0791.jpg,4.1811856e-07,3.4663248e-07,1.0571693e-07,0.99999917,d
test_0792.jpg,3.1198597e-05,0.99986255,1.01287005e-05,9.609845e-05,b
test_0793.jpg,0.00012337691,0.9997335,8.479563e-05,5.827913e-05,b
test_0794.jpg,8.4718566e-05,0.9988249,5.822616e-05,0.0010320834,b
test_0795.jpg,3.059018e-07,0.99999833,7.338203e-07,5.714998e-07,b
test_0796.jpg,0.99971575,4.2637163e-05,6.203671e-05,0.00017950917,a
test_0797.jpg,2.5612737e-06,1.0676978e-06,0.99999416,2.2603163e-06,c
test_0798.jpg,0.9962435,0.00090845645,0.0024694407,0.000378701,a
test_0799.jpg,2.6995758e-07,4.450848e-07,2.2380272e-07,0.99999905,d
test_0800.jpg,7.48028e-05,2.7518412e-05,0.000552722,0.9993449,d
test_0801.jpg,0.999613,0.000108866625,0.00020338962,7.482286e-05,a
test_0802.jpg,3.535522e-05,1.8924286e-05,1.012944e-05,0.9999355,d
test_0803.jpg,6.9620323e-06,0.9999609,2.4299881e-05,7.889016e-06,b
test_0804.jpg,0.04573343,0.004253872,0.031432096,0.91858053,d
test_0805.jpg,0.99998236,3.7265875e-06,6.962182e-06,6.962182e-06,a
test_0806.jpg,0.00012336648,2.42923e-05,0.9996489,0.00020339694,c
test_0807.jpg,2.2603197e-06,6.8935856e-07,0.9999957,1.3709532e-06,c
test_0808.jpg,0.00013955931,0.00017919768,0.99798113,0.0017001805,c
test_0809.jpg,0.9513781,0.0011139492,0.047366325,0.00014162275,a
test_0810.jpg,0.9999198,8.939059e-06,4.006208e-05,3.1200383e-05,a
test_0811.jpg,7.8891235e-06,2.9022465e-06,0.9999745,1.4738823e-05,c
test_0812.jpg,1.0676983e-06,1.994723e-06,0.99999464,2.2603174e-06,c
test_0813.jpg,9.4223964e-07,1.9947215e-06,0.9999938,3.2887394e-06,c
test_0814.jpg,0.99976975,4.5389475e-05,5.4209995e-06,0.00017951886,a
test_0815.jpg,1.9947242e-06,1.5534929e-06,0.99999523,1.2098614e-06,c
test_0816.jpg,0.0007834763,0.97358537,0.022896534,0.002734601,b
test_0817.jpg,0.9999871,1.0129963e-05,1.7603237e-06,1.0030021e-06,a
test_0818.jpg,3.726575e-06,2.561235e-06,0.999979,1.4738889e-05,c
test_0819.jpg,8.315073e-07,0.99997425,1.4738819e-05,1.0129832e-05,b
test_0820.jpg,0.0002296986,0.0007075215,0.9962645,0.002798302,c
test_0821.jpg,9.4224214e-07,3.9278495e-07,0.9999964,2.2603213e-06,c
test_0822.jpg,1.3002922e-05,0.9996636,2.7527187e-05,0.00029594515,b
test_0823.jpg,1.994711e-06,0.99998856,1.5534825e-06,7.889234e-06,b
test_0824.jpg,5.1435363e-05,0.9998154,2.4296345e-05,0.00010888867,b
test_0825.jpg,0.0013241278,0.00012316307,0.9980007,0.0005519786,c
test_0826.jpg,0.99997425,7.889122e-06,8.939546e-06,8.939546e-06,a
test_0827.jpg,0.04053688,0.0037705177,0.81420505,0.14148761,c
test_0828.jpg,0.004605973,0.9946131,0.0001576077,0.00062335056,b
test_0829.jpg,0.9999529,1.8924615e-05,1.147836e-05,1.6700915e-05,a
test_0830.jpg,0.9972933,0.0005515873,0.0002299358,0.001925229,a
test_0831.jpg,0.9999993,2.1024323e-07,1.8553902e-07,3.059021e-07,a
test_0832.jpg,0.0021563412,0.9857599,0.008528494,0.0035552054,b
test_0833.jpg,8.315214e-07,5.4222005e-06,0.9999912,2.5612662e-06,c
test_0834.jpg,5.143246e-05,1.0127651e-05,0.9997589,0.00017951691,c
test_0835.jpg,4.2228203e-06,7.811433e-07,2.260313e-06,0.9999927,d
test_0836.jpg,0.067504674,0.0004548429,0.00016732734,0.9318732,d
test_0837.jpg,0.0006259523,0.00017933836,0.9987645,0.00043021035,c
test_0838.jpg,1.0676987e-06,3.2887435e-06,5.7149794e-07,0.999995,d
test_0839.jpg,5.0434636e-07,5.714993e-07,0.9999974,1.5534962e-06,c
test_0840.jpg,0.9234602,0.0025938097,0.06689523,0.007050705,a
test_0841.jpg,1.2878807e-06,1.0129965e-05,1.2098519e-06,0.99998736,d
test_0842.jpg,9.9311535e-08,0.9999958,2.2603201e-06,1.7603389e-06,b
test_0843.jpg,0.00042856944,0.0035883682,0.994955,0.0010280847,c
test_0844.jpg,1.1478704e-05,3.5008072e-06,2.1233468e-06,0.99998295,d
test_0845.jpg,9.4224356e-07,6.0835816e-07,5.0434664e-07,0.999998,d
test_0846.jpg,3.7265902e-06,0.9999831,6.962187e-06,6.1441083e-06,b
test_0847.jpg,0.7252611,0.0016888228,0.1112224,0.16182764,a
test_0848.jpg,0.0005521862,4.0000232e-05,0.99837613,0.0010316197,c
test_0849.jpg,5.7150015e-07,1.5381718e-07,3.25631e-07,0.9999989,d
test_0850.jpg,9.4222617e-07,0.9999795,4.7850194e-06,1.4738896e-05,b
test_0851.jpg,0.00043018378,0.00048746212,0.00037963587,0.99870276,d
test_0852.jpg,0.013794085,0.96704,0.0014538858,0.017711956,b
test_0853.jpg,3.120132e-05,2.260216e-06,0.9999498,1.6700862e-05,c
test_0854.jpg,9.931184e-08,3.9278592e-07,6.4759456e-07,0.9999989,d
test_0855.jpg,1.3709512e-06,0.99999416,2.2603163e-06,2.2603163e-06,b
test_0856.jpg,0.00026116258,0.9996327,6.603225e-05,4.0050578e-05,b
test_0857.jpg,2.3823594e-07,0.9999957,1.5534936e-06,2.5612778e-06,b
test_0858.jpg,4.4508374e-07,1.0677005e-06,1.7603404e-06,0.99999666,d
test_0859.jpg,5.7150004e-07,3.466323e-07,3.466323e-07,0.9999987,d
test_0860.jpg,2.7531538e-05,8.48031e-05,0.9998216,6.604472e-05,c
test_0861.jpg,5.7149896e-07,8.3152605e-07,1.7603406e-06,0.9999968,d
test_0862.jpg,0.9999784,1.0129875e-05,4.495105e-06,6.9621547e-06,a
test_0863.jpg,0.9999479,1.6700831e-05,2.7535016e-05,7.888913e-06,a
test_0864.jpg,0.99999166,2.5612674e-06,2.9022963e-06,2.9022963e-06,a
test_0865.jpg,3.2887306e-06,5.4221996e-06,2.8736605e-07,0.99999106,d
test_0866.jpg,1.3006915e-05,1.6536437e-06,0.99997056,1.4738765e-05,c
test_0867.jpg,1.9946915e-06,0.9999788,1.3007022e-05,6.144082e-06,b
test_0868.jpg,2.2159467e-08,0.9999989,3.466324e-07,7.3382074e-07,b
test_0869.jpg,0.0027974031,0.99594444,0.0007072942,0.0005508413,b
test_0870.jpg,0.0017776715,0.07558852,0.8126531,0.10998064,c
test_0871.jpg,1.0677006e-06,1.0677006e-06,1.0677006e-06,0.9999968,d
test_0872.jpg,7.88904e-06,2.4299952e-05,3.9668585e-06,0.9999639,d
test_0873.jpg,1.3709479e-06,1.3709479e-06,5.4222037e-06,0.9999918,d
test_0874.jpg,7.338198e-07,1.3709558e-06,2.382364e-07,0.9999976,d
test_0875.jpg,5.828078e-05,0.00013980834,4.0055755e-05,0.9997619,d
test_0876.jpg,0.9996203,0.00023047233,2.585828e-05,0.00012336294,a
test_0877.jpg,0.99999344,1.7603347e-06,2.561272e-06,2.2603147e-06,a
test_0878.jpg,3.5350284e-05,0.99979585,0.00012338461,4.539066e-05,b
test_0879.jpg,0.99851745,0.00048737164,0.00091053004,8.469248e-05,a
test_0880.jpg,5.7149896e-07,6.4759314e-07,0.9999968,1.9947274e-06,c
test_0881.jpg,2.561179e-06,3.927695e-07,0.9999571,4.0063573e-05,c
test_0882.jpg,0.99989605,1.892354e-05,6.604964e-05,1.892354e-05,a
test_0883.jpg,0.9999982,1.0677021e-06,2.5360148e-07,5.0434676e-07,a
test_0884.jpg,0.00026023254,0.0035923999,7.455788e-05,0.9960729,d
test_0885.jpg,0.0004877874,8.4764724e-05,5.825789e-05,0.9993692,d
test_0886.jpg,0.000260434,9.580832e-05,0.0027999296,0.99684393,d
test_0887.jpg,2.53601e-07,0.9999963,5.368733e-07,2.90231e-06,b
test_0888.jpg,2.1024323e-07,5.3157816e-08,0.9999993,4.450849e-07,c
test_0889.jpg,4.0051167e-05,5.1426723e-05,0.9996474,0.00026116642,c
test_0890.jpg,2.1444414e-05,0.9999536,1.4738515e-05,1.0129624e-05,b
test_0891.jpg,0.00029592606,8.936193e-06,0.99959916,9.607313e-05,c
test_0892.jpg,0.0007096139,5.8248654e-05,2.1428483e-05,0.9992107,d
test_0893.jpg,7.469391e-05,0.9978902,0.0019263813,0.00010867899,b
test_0894.jpg,1.9750452e-07,0.9999956,1.994725e-06,2.2603194e-06,b
test_0895.jpg,2.902269e-06,0.99998224,7.889184e-06,6.962181e-06,b
test_0896.jpg,0.00054650323,0.988101,0.010976811,0.00037560583,b
test_0897.jpg,4.4508462e-07,6.475944e-07,2.8736824e-07,0.9999987,d
test_0898.jpg,0.9984267,0.000108737426,0.0011690374,0.00029557897,a
test_0899.jpg,1.370954e-06,5.043458e-07,0.9999963,1.7603398e-06,c
test_0900.jpg,0.99997365,1.01298265e-05,1.1478598e-05,4.7849917e-06,a
test_0901.jpg,0.0014982886,0.00022977,0.99657416,0.0016977836,c
test_0902.jpg,9.329482e-08,0.9999988,4.4508468e-07,5.715001e-07,b
test_0903.jpg,0.9937942,0.0001389738,0.00015747795,0.0059093162,a
test_0904.jpg,0.99995065,2.4299632e-05,1.6700877e-05,8.3977275e-06,a
test_0905.jpg,0.99823546,0.0004299825,0.00062562077,0.0007089213,a
test_0906.jpg,0.9999871,3.2887176e-06,4.7850563e-06,4.7850563e-06,a
test_0907.jpg,5.043436e-07,0.9999919,6.4759e-07,6.9622483e-06,b
test_0908.jpg,1.209865e-06,3.0590178e-07,1.8553882e-07,0.9999982,d
test_0909.jpg,0.0015010267,0.9983954,4.532708e-05,5.8201123e-05,b
test_0910.jpg,4.1811646e-07,0.99999416,2.5612737e-06,2.9023035e-06,b
test_0911.jpg,0.0007091661,8.469781e-05,0.00062583684,0.9985802,d
test_0912.jpg,4.5380217e-05,0.9995658,0.00023045974,0.00015839252,b
test_0913.jpg,3.7266327e-06,1.1365588e-06,5.7149765e-07,0.9999945,d
test_0914.jpg,1.1477932e-05,5.1440526e-05,0.9999157,2.14436e-05,c
test_0915.jpg,0.0035881635,0.99489826,0.001028026,0.00048560515,b
test_0916.jpg,0.0027434698,0.9767428,0.013932487,0.0065812413,b
test_0917.jpg,0.00090151984,0.0019085176,0.008553382,0.98863655,d
test_0918.jpg,5.7148304e-07,0.999969,2.7535598e-05,2.9022306e-06,b
test_0919.jpg,0.9999995,9.93119e-08,9.3294894e-08,3.0590218e-07,a
test_0920.jpg,0.00033516955,0.00020329062,0.9991264,0.00033516955,c
test_0921.jpg,0.028897764,0.002093347,0.01204638,0.9569625,d
test_0922.jpg,5.139853e-05,0.00070953474,0.00013971569,0.9990994,d
test_0923.jpg,0.9622654,0.03292691,0.0021049469,0.0027028054,a
test_0924.jpg,4.006158e-05,0.99990726,3.1199994e-05,2.144342e-05,b
test_0925.jpg,1.8553887e-07,0.99999845,4.4508454e-07,9.42244e-07,b
test_0926.jpg,1.55347e-06,1.6701377e-05,1.136543e-06,0.99998057,d
test_0927.jpg,4.4508485e-07,2.2380274e-07,1.2751896e-07,0.99999917,d
test_0928.jpg,0.10569152,0.10569152,0.007656269,0.7809606,d
test_0929.jpg,1.5381643e-07,0.99999404,1.0676977e-06,4.785089e-06,b
test_0930.jpg,0.9999863,2.5612537e-06,7.889216e-06,3.2887149e-06,a
test_0931.jpg,0.9999881,6.9622215e-06,2.902286e-06,2.1233577e-06,a
test_0932.jpg,1.6700102e-05,6.605018e-05,1.30060525e-05,0.9999043,d
test_0933.jpg,0.9851356,0.010943869,0.0027670434,0.0011534751,a
test_0934.jpg,0.9999223,3.120046e-05,1.8924035e-05,2.753431e-05,a
test_0935.jpg,6.961572e-06,2.2600916e-06,0.99989474,9.610154e-05,c
test_0936.jpg,0.83155024,0.002061207,0.0026466423,0.16374193,a
test_0937.jpg,3.466325e-07,2.873684e-07,1.8553902e-07,0.9999993,d
test_0938.jpg,0.0007093,0.99876875,0.00026093688,0.00026093688,b
test_0939.jpg,0.9999876,2.9022847e-06,2.561257e-06,6.9622183e-06,a
test_0940.jpg,0.9991196,0.00013971851,3.1175416e-05,0.0007095491,a
test_0941.jpg,0.0051395106,0.0014724944,0.9794174,0.013970638,c
test_0942.jpg,2.2603167e-06,1.5534915e-06,1.7603364e-06,0.9999944,d
test_0943.jpg,3.4662978e-07,0.9999914,2.9022956e-06,5.422202e-06,b
test_0944.jpg,0.997247,0.0019251396,0.00020290821,0.00062500127,a
test_0945.jpg,0.99918586,9.603341e-05,0.00023037216,0.0004876979,a
test_0946.jpg,0.0075198268,0.0040250737,0.984903,0.0035521148,c
test_0947.jpg,5.714998e-07,9.422439e-07,1.6373744e-07,0.99999833,d
test_0948.jpg,1.3708582e-06,0.9999263,6.605164e-05,6.14376e-06,b
test_0949.jpg,0.99934465,0.00017944253,9.6048665e-05,0.00037987987,a
test_0950.jpg,4.005865e-05,2.4057092e-06,0.9998342,0.00012338934,c
test_0951.jpg,0.9951822,0.00013916791,6.997802e-05,0.0046086083,a
test_0952.jpg,0.9999865,2.260299e-06,7.889218e-06,3.2887156e-06,a
test_0953.jpg,9.6094656e-05,4.5391902e-05,3.5351248e-05,0.99982315,d
test_0954.jpg,6.475909e-07,5.422212e-06,6.083554e-07,0.9999933,d
test_0955.jpg,4.7849853e-06,0.99997234,6.1440423e-06,1.6701239e-05,b
test_0956.jpg,0.9998184,5.1435516e-05,4.5391684e-05,8.480283e-05,a
test_0957.jpg,6.1441474e-06,3.288725e-06,1.136553e-06,0.9999894,d
test_0958.jpg,0.0002303373,0.99903476,0.00010880365,0.0006261217,b
test_0959.jpg,0.9998085,0.000108887914,5.143501e-05,3.119691e-05,a
test_0960.jpg,0.0003130311,0.99331445,0.0035824513,0.0027900161,b
test_0961.jpg,1.3006638e-05,0.99994934,1.012958e-05,2.7535056e-05,b
test_0962.jpg,0.00013965626,1.667956e-05,0.9986744,0.0011693274,c
test_0963.jpg,6.1430987e-06,0.99981874,1.6698672e-05,0.0001584326,b
test_0964.jpg,4.222773e-06,4.222773e-06,1.0129906e-05,0.9999815,d
test_0965.jpg,2.536006e-07,0.99999475,8.3152435e-07,4.222829e-06,b
test_0966.jpg,1.7601759e-06,0.9999032,1.01291125e-05,8.4810024e-05,b
test_0967.jpg,0.0001397585,7.4807336e-05,0.9994055,0.00037990298,c
test_0968.jpg,0.9999958,1.9947254e-06,1.2098621e-06,9.4224157e-07,a
test_0969.jpg,8.476318e-05,1.1471449e-05,0.99935097,0.0005527254,c
test_0970.jpg,2.9023072e-06,6.8935833e-07,1.067699e-06,0.99999535,d
test_0971.jpg,0.0007925246,0.98482925,0.0003303734,0.014047834,b
test_0972.jpg,5.71499e-07,9.422426e-07,1.5534955e-06,0.9999969,d
test_0973.jpg,0.0075558033,0.98961496,0.0024530103,0.00037618133,b
test_0974.jpg,0.013034368,0.0147698745,0.9137798,0.058415987,c
test_0975.jpg,3.6898535e-07,0.9999912,2.2603094e-06,6.1441583e-06,b
test_0976.jpg,1.9750514e-07,6.4759445e-07,3.689882e-07,0.9999988,d
test_0977.jpg,1.5534541e-06,0.9999703,1.1478559e-05,1.6701204e-05,b
test_0978.jpg,2.9022874e-06,7.338131e-07,0.99998856,7.889234e-06,c
test_0979.jpg,0.9999993,2.1024323e-07,1.1979299e-07,4.450849e-07,a
test_0980.jpg,0.99998665,1.0129957e-05,1.0030017e-06,2.2602992e-06,a
test_0981.jpg,4.5370183e-05,0.99934477,0.00043046032,0.00017944255,b
test_0982.jpg,0.9997633,6.604087e-05,1.2216333e-05,0.00015842382,a
test_0983.jpg,1.4738288e-05,4.006282e-05,6.961875e-06,0.99993825,d
test_0984.jpg,2.7532686e-05,0.99986327,2.429751e-05,8.4806634e-05,b
test_0985.jpg,0.021738155,0.7198688,0.20624587,0.052147124,b
test_0986.jpg,0.99956375,6.602769e-05,0.00023045928,0.00013978063,a
test_0987.jpg,3.534076e-05,5.826706e-05,0.00037994896,0.9995265,d
test_0988.jpg,1.3709558e-06,7.338198e-07,2.8736793e-07,0.9999976,d
test_0989.jpg,0.99996614,1.012975e-05,1.8924866e-05,4.7849558e-06,a
test_0990.jpg,0.16117486,0.8185135,0.013230039,0.0070815296,b
test_0991.jpg,0.99999905,5.715002e-07,2.8736832e-07,1.8553898e-07,a
test_0992.jpg,4.5228433e-05,0.9962225,0.00013931339,0.0035929393,b
test_0993.jpg,0.9998474,8.4805295e-05,5.828577e-05,9.514891e-06,a
test_0994.jpg,1.8553902e-07,3.059021e-07,1.2751897e-07,0.9999993,d
test_0995.jpg,6.585904e-05,0.9970107,0.0001230409,0.002800398,b
test_0996.jpg,3.2887403e-06,5.7149737e-07,0.99999404,1.994722e-06,c
test_0997.jpg,0.99981004,3.5350786e-05,3.119696e-05,0.00012338636,a
test_0998.jpg,4.1811816e-07,0.9999982,5.0434676e-07,8.3152725e-07,b
test_0999.jpg,0.0008027986,0.00027743977,0.0013235911,0.9975962,d
test_1000.jpg,2.6995758e-07,2.1024319e-07,0.99999905,5.043472e-07,c
test_1001.jpg,3.2563088e-07,8.3152753e-07,3.059019e-07,0.99999857,d
test_1002.jpg,0.00037976276,9.601907e-05,0.00048762508,0.99903667,d
test_1003.jpg,0.99992085,1.47380315e-05,1.3006268e-05,5.144079e-05,a
test_1004.jpg,0.00020338611,0.0001794876,2.1436737e-05,0.9995957,d
test_1005.jpg,0.0040654223,0.0010278997,0.00013068279,0.994776,d
test_1006.jpg,4.538674e-05,0.9997094,1.4734916e-05,0.00023049288,b
test_1007.jpg,1.760292e-06,0.9999691,1.8924922e-05,1.012978e-05,b
test_1008.jpg,0.0035859914,0.994296,0.00062315183,0.0014948635,b
test_1009.jpg,0.99949384,9.6063006e-05,0.00033529283,7.481395e-05,a
test_1010.jpg,4.2224374e-06,0.999902,1.8923653e-05,7.48445e-05,b
test_1011.jpg,1.9946986e-06,0.99998236,4.2227766e-06,1.1478697e-05,b
test_1012.jpg,0.00070668093,0.003588822,0.0006236437,0.9950808,d
test_1013.jpg,0.00026115475,9.607347e-05,4.0049377e-05,0.99960274,d
test_1014.jpg,1.9947017e-06,0.9999839,7.889197e-06,6.1441137e-06,b
test_1015.jpg,0.045911502,0.010244242,0.9221572,0.02168706,c
test_1016.jpg,0.9997085,0.00023049265,9.513568e-06,5.1429866e-05,a
test_1017.jpg,3.726623e-06,3.2887333e-06,1.0030069e-06,0.9999919,d
test_1018.jpg,6.4759354e-07,7.338196e-07,1.209864e-06,0.9999974,d
test_1019.jpg,0.047077373,0.00637123,0.0009770597,0.94557434,d
test_1020.jpg,1.553488e-06,0.99999213,2.5612685e-06,3.7266238e-06,b
test_1021.jpg,0.9999938,4.222825e-06,9.4223964e-07,1.0676974e-06,a
test_1022.jpg,4.4508442e-07,6.475941e-07,7.3382023e-07,0.9999982,d
test_1023.jpg,1.0129645e-05,2.9021921e-06,0.9999558,3.1201507e-05,c
test_1024.jpg,0.9999975,1.2098641e-06,7.338197e-07,6.083579e-07,a
test_1025.jpg,2.382362e-07,0.9999968,1.2098633e-06,1.7603406e-06,b
test_1026.jpg,3.4663228e-07,5.715e-07,0.99999857,4.450846e-07,c
test_1027.jpg,2.2603137e-06,9.4223896e-07,3.7266275e-06,0.9999931,d
test_1028.jpg,2.2380237e-07,0.9999975,8.315266e-07,1.3709557e-06,b
test_1029.jpg,0.431892,0.0130420085,0.00050569355,0.5545603,d
test_1030.jpg,0.9999958,2.561278e-06,8.3152526e-07,7.8114573e-07,a
test_1031.jpg,0.0007919029,0.9840567,0.002764013,0.012387446,b
test_1032.jpg,4.7849912e-06,6.9621206e-06,0.99997354,1.4738808e-05,c
test_1033.jpg,0.000108849476,0.9994555,0.00029588354,0.0001397655,b
test_1034.jpg,0.014059428,0.00017698208,0.985642,0.00012163789,c
test_1035.jpg,0.0051902295,0.9890827,0.001685021,0.004042155,b
test_1036.jpg,2.5360166e-07,7.3382074e-07,9.329484e-08,0.9999989,d
test_1037.jpg,0.00026095862,0.00026095862,0.0006260072,0.998852,d
test_1038.jpg,9.931191e-08,1.2751902e-07,0.99999964,1.4449797e-07,c
test_1039.jpg,2.144453e-05,4.7849217e-06,0.999959,1.4738594e-05,c
test_1040.jpg,1.3709521e-06,2.2603178e-06,1.4593709e-06,0.9999949,d
test_1041.jpg,0.0017003408,0.00020307672,2.1404128e-05,0.9980751,d
test_1042.jpg,4.5396137e-05,2.1443617e-05,0.99991643,1.6700305e-05,c
test_1043.jpg,0.0287638,0.017446127,0.0012637932,0.9525262,d
test_1044.jpg,5.315778e-08,0.99999857,6.4759433e-07,7.338205e-07,b
test_1045.jpg,8.4733365e-05,4.7803296e-06,0.9989994,0.00091096957,c
test_1046.jpg,1.0676954e-06,4.785079e-06,2.260311e-06,0.9999919,d
test_1047.jpg,0.00055273954,3.533546e-05,0.9993766,3.533546e-05,c
test_1048.jpg,0.0035914173,0.0003785326,0.99580044,0.0002295916,c
test_1049.jpg,0.98232746,0.0016735126,0.008498798,0.0075001623,a
test_1050.jpg,0.0040686354,0.00029473094,7.451966e-05,0.9955622,d
test_1051.jpg,6.9621387e-06,0.99997616,7.889136e-06,8.9395635e-06,b
test_1052.jpg,6.4759314e-07,1.5534953e-06,1.0677006e-06,0.9999968,d
test_1053.jpg,7.338199e-07,7.338199e-07,8.3152685e-07,0.99999774,d
test_1054.jpg,9.329484e-08,0.9999989,5.043471e-07,5.043471e-07,b
test_1055.jpg,0.99999774,8.3152685e-07,5.0434653e-07,9.4224333e-07,a
test_1056.jpg,1.13656e-06,2.5612771e-06,8.3152497e-07,0.99999547,d
test_1057.jpg,1.5534946e-06,1.370954e-06,7.338188e-07,0.9999963,d
test_1058.jpg,1.7603165e-06,0.9999831,8.939625e-06,6.1441083e-06,b
test_1059.jpg,1.4449768e-07,0.9999975,9.4224316e-07,1.3709557e-06,b
test_1060.jpg,1.3709531e-06,2.2603194e-06,7.338183e-07,0.9999956,d
test_1061.jpg,2.1443599e-05,3.535452e-05,0.9999156,2.7534126e-05,c
test_1062.jpg,0.9999949,1.9947236e-06,1.5534923e-06,1.5534923e-06,a
test_1063.jpg,0.99578345,0.00048603717,0.00013925198,0.0035913559,a
test_1064.jpg,0.99999404,1.5534911e-06,3.726631e-06,6.893574e-07,a
test_1065.jpg,4.5391018e-05,0.00012338557,2.7531045e-05,0.9998037,d
test_1066.jpg,0.9999981,6.47594e-07,5.043467e-07,7.338201e-07,a
test_1067.jpg,0.00043048355,7.480683e-05,0.9993987,9.605386e-05,c
test_1068.jpg,0.9410882,0.0016032567,0.046854023,0.010454547,a
test_1069.jpg,3.6898206e-07,0.99998224,2.5612433e-06,1.4738936e-05,b
test_1070.jpg,0.9228191,0.0757496,0.00108051,0.00035079027,a
test_1071.jpg,0.014044055,0.0003742614,0.0010173479,0.9845643,d
test_1072.jpg,1.1477889e-05,4.5395933e-05,0.9999119,3.1200136e-05,c
test_1073.jpg,5.1434163e-05,0.00013981255,0.99979204,1.6698226e-05,c
test_1074.jpg,6.1441574e-06,1.994716e-06,7.81142e-07,0.99999106,d
test_1075.jpg,0.0015376913,0.09513358,0.0007263539,0.9026023,d
test_1076.jpg,0.020305756,0.00061318075,0.9783862,0.00069482485,c
test_1077.jpg,2.6995752e-07,0.9999988,3.927859e-07,4.4508468e-07,b
test_1078.jpg,4.737878e-07,1.0676973e-06,0.9999937,4.7850876e-06,c
test_1079.jpg,0.99999547,3.288745e-06,4.450832e-07,7.3381824e-07,a
test_1080.jpg,0.0013249225,0.9985997,4.000919e-05,3.5307992e-05,b
test_1081.jpg,0.9999989,2.5360166e-07,3.9278592e-07,4.4508474e-07,a
test_1082.jpg,3.4663205e-07,4.450843e-07,1.2098646e-06,0.999998,d
test_1083.jpg,0.99999416,3.2887408e-06,1.3709512e-06,1.0676978e-06,a
test_1084.jpg,0.9999765,1.3006992e-05,3.5007845e-06,6.962141e-06,a
test_1085.jpg,6.14397e-06,3.1201656e-05,2.1232993e-06,0.99996054,d
test_1086.jpg,0.0045247404,0.0005076618,0.017895695,0.9770718,d
test_1087.jpg,4.181172e-07,0.99999595,1.3709536e-06,2.2603203e-06,b
test_1088.jpg,2.7535089e-05,1.3006655e-05,8.939334e-06,0.9999505,d
test_1089.jpg,0.83314586,0.16405614,0.0018224992,0.0009755134,a
test_1090.jpg,1.2878912e-06,1.2878912e-06,1.7603386e-06,0.9999956,d
test_1091.jpg,1.6692815e-05,0.999468,0.00043051338,8.4773106e-05,b
test_1092.jpg,5.421964e-06,6.9619396e-06,4.006319e-05,0.99994755,d
test_1093.jpg,0.9998061,1.8921835e-05,0.00010888765,6.604369e-05,a
test_1094.jpg,5.715e-07,2.1024309e-07,0.99999857,5.715e-07,c
test_1095.jpg,0.0027987398,0.00022973453,0.9964204,0.00055110455,c
test_1096.jpg,0.99981886,0.0001398163,1.3843688e-05,2.7531461e-05,a
test_1097.jpg,3.2887372e-06,1.99472e-06,1.5534896e-06,0.9999931,d
test_1098.jpg,0.9999783,6.9621537e-06,1.1478651e-05,3.2886885e-06,a
test_1099.jpg,3.2887156e-06,0.9999865,4.785053e-06,5.422175e-06,b
test_1100.jpg,7.483685e-05,2.9306528e-05,9.609241e-05,0.9997998,d
test_1101.jpg,0.99996305,1.6701084e-05,1.4738654e-05,5.4220477e-06,a
test_1102.jpg,0.999683,8.479135e-05,0.00012337069,0.00010887425,a
test_1103.jpg,8.477541e-05,0.00037993706,0.99949515,4.0045066e-05,c
test_1104.jpg,1.0676974e-06,9.4223964e-07,0.9999938,4.222825e-06,c
test_1105.jpg,2.9022451e-06,4.2227416e-06,0.999974,1.8925015e-05,c
test_1106.jpg,2.9022724e-06,4.7850385e-06,0.99998343,8.939628e-06,c
test_1107.jpg,9.4224345e-07,1.0677018e-06,1.4449772e-07,0.99999785,d
test_1108.jpg,1.3709378e-06,0.9999844,8.939637e-06,5.4221637e-06,b
test_1109.jpg,0.9991423,0.0001397217,0.00048767665,0.00023036211,a
test_1110.jpg,1.3709459e-06,6.9622374e-06,1.3709459e-06,0.99999034,d
test_1111.jpg,7.4834235e-05,0.00010888316,0.99976486,5.1432766e-05,c
test_1112.jpg,1.777683e-05,4.5394725e-05,5.143896e-05,0.9998853,d
test_1113.jpg,0.00062473107,0.00037891857,0.0021805258,0.99681586,d
test_1114.jpg,0.99998784,4.2228e-06,3.726608e-06,4.2228e-06,a
test_1115.jpg,2.3823674e-07,3.0590203e-07,0.99999905,3.9278598e-07,c
test_1116.jpg,0.0002304664,6.602973e-05,0.9995946,0.000108864624,c
test_1117.jpg,0.9999982,9.422438e-07,5.0434676e-07,3.9278564e-07,a
test_1118.jpg,0.0469413,0.9428412,0.0009742356,0.00924329,b
test_1119.jpg,1.3709531e-06,1.3709531e-06,0.9999956,1.5534935e-06,c
test_1120.jpg,0.8297561,0.0063352655,0.16338864,0.0005200302,a
test_1121.jpg,4.538993e-05,0.99977976,0.00012338262,5.143353e-05,b
test_1122.jpg,0.9999924,2.5612692e-06,2.1233668e-06,2.9022985e-06,a
test_1123.jpg,1.209863e-06,4.7378913e-07,0.99999654,1.7603402e-06,c
test_1124.jpg,2.6995693e-07,0.99999666,6.0835737e-07,2.56128e-06,b
test_1125.jpg,0.00010885801,0.00026113677,9.6066855e-05,0.9995339,d
test_1126.jpg,2.1442747e-05,9.609973e-05,6.539668e-06,0.9998759,d
test_1127.jpg,6.604979e-05,1.8923582e-05,0.9998983,1.6700002e-05,c
test_1128.jpg,0.00020342057,0.9997651,1.6697777e-05,1.4735736e-05,b
test_1129.jpg,1.47350565e-05,5.0922995e-06,0.99971896,0.0002611851,c
test_1130.jpg,0.38654625,0.046166368,0.5624215,0.004865899,c
test_1131.jpg,7.390274e-05,0.012428529,0.9873203,0.00017728344,c
test_1132.jpg,1.07804e-05,8.937265e-06,0.00026118514,0.9997191,d
test_1133.jpg,3.120153e-05,6.143945e-06,6.143945e-06,0.9999565,d
test_1134.jpg,0.922423,0.0054849274,0.04052844,0.03156358,a
test_1135.jpg,0.99018234,0.00070320215,0.00054765434,0.008566756,a
test_1136.jpg,0.017971005,0.00042263753,0.98118365,0.00042263753,c
test_1137.jpg,0.9999994,2.238028e-07,1.3574325e-07,2.6995767e-07,a
test_1138.jpg,1.7603226e-06,1.01299565e-05,0.9999865,1.5534794e-06,c
test_1139.jpg,2.7532102e-05,6.961205e-06,0.99984205,0.00012339032,c
test_1140.jpg,5.368738e-07,1.3709554e-06,7.3381955e-07,0.99999726,d
test_1141.jpg,0.10062026,0.84248316,0.053858142,0.0030384688,b
test_1142.jpg,4.5381446e-05,0.99959284,0.0001583968,0.00020338553,b
test_1143.jpg,1.9750453e-07,0.9999957,2.902308e-06,1.2098619e-06,b
test_1144.jpg,0.00037993508,4.5376775e-05,0.9994899,8.477497e-05,c
test_1145.jpg,8.315195e-07,9.9310846e-08,0.9999889,1.0129981e-05,c
test_1146.jpg,7.46773e-05,0.9976682,7.46773e-05,0.0021823905,b
test_1147.jpg,0.0042663245,0.5587783,0.0017784688,0.43517697,b
test_1148.jpg,0.0016716076,0.003122974,0.9812092,0.013996198,c
test_1149.jpg,0.20498031,0.027741067,0.71545154,0.05182714,c
test_1150.jpg,6.961962e-06,4.006332e-05,2.2602183e-06,0.99995077,d
test_1151.jpg,1.3004849e-05,0.9998118,3.5350848e-05,0.00013981531,b
test_1152.jpg,0.99964225,0.00023047738,9.607727e-05,3.1191725e-05,a
test_1153.jpg,6.5397744e-06,0.9998921,3.535369e-05,6.604938e-05,b
test_1154.jpg,1.2098633e-06,1.7603406e-06,2.6995696e-07,0.9999968,d
test_1155.jpg,0.9994567,0.00012334275,4.0043527e-05,0.00037992245,a
test_1156.jpg,2.9023029e-06,1.3709508e-06,1.7603356e-06,0.9999939,d
test_1157.jpg,0.00010880365,0.99903476,0.0002303373,0.0006261217,b
test_1158.jpg,1.653618e-06,0.99995506,1.8924655e-05,2.429974e-05,b
test_1159.jpg,6.893585e-07,1.2098618e-06,2.5612774e-06,0.9999956,d
test_1160.jpg,0.9991425,0.00026103453,0.00048767676,0.00010881539,a
test_1161.jpg,0.9865596,0.00022746105,0.012418953,0.0007939171,a
test_1162.jpg,0.14833789,0.008368652,0.753322,0.08997148,c
test_1163.jpg,1.8924347e-05,1.4738295e-05,2.7534763e-05,0.9999387,d
test_1164.jpg,1.8905523e-05,4.780065e-06,0.0010322066,0.9989441,d
test_1165.jpg,8.3152713e-07,7.338201e-07,3.256307e-07,0.9999981,d
test_1166.jpg,4.222311e-06,0.9998721,0.00010889485,1.4737313e-05,b
test_1167.jpg,0.0021784455,0.00026017817,0.0016965751,0.99586475,d
test_1168.jpg,5.0434573e-07,1.7603396e-06,0.9999962,1.5534944e-06,c
test_1169.jpg,0.002382873,0.96131957,0.010679296,0.025618298,b
test_1170.jpg,0.9999938,1.5534906e-06,3.72663e-06,9.4223964e-07,a
test_1171.jpg,1.0129821e-05,1.3006948e-05,3.7265531e-06,0.9999732,d
test_1172.jpg,7.4831194e-05,0.00017951068,0.9997242,2.1439495e-05,c
test_1173.jpg,1.3005762e-05,8.938721e-06,9.610031e-05,0.999882,d
test_1174.jpg,2.4298113e-05,0.9998882,2.1443011e-05,6.604912e-05,b
test_1175.jpg,0.9992879,0.00015834847,0.0004304358,0.00012332192,a
test_1176.jpg,1.1478588e-05,4.2227366e-06,0.9999728,1.1478588e-05,c
test_1177.jpg,1.9946858e-06,0.9999759,5.4221177e-06,1.6701299e-05,b
test_1178.jpg,0.14786606,0.8509105,0.0008792438,0.0003443168,b
test_1179.jpg,1.3006448e-05,0.9999347,4.5396966e-05,6.96185e-06,b
test_1180.jpg,1.357431e-07,0.9999982,1.0677021e-06,5.7149975e-07,b
test_1181.jpg,1.0676945e-06,6.9622424e-06,0.99999106,9.422371e-07,c
test_1182.jpg,1.0129636e-05,3.7264851e-06,0.99995494,3.120148e-05,c
test_1183.jpg,0.37406403,0.61672735,0.00041144787,0.008797143,b
test_1184.jpg,2.7513148e-05,1.4726725e-05,0.99915373,0.000804052,c
test_1185.jpg,0.96749014,0.015638022,0.00948494,0.007386878,a
test_1186.jpg,0.99999225,1.5534882e-06,4.7850804e-06,1.3709486e-06,a
test_1187.jpg,5.71498e-07,0.9999951,2.2603183e-06,1.994724e-06,b
test_1188.jpg,0.996639,0.00037885137,0.002180139,0.00080202834,a
test_1189.jpg,0.9998869,8.4808635e-05,6.961517e-06,2.1442982e-05,a
test_1190.jpg,6.8935503e-07,0.9999906,2.5612646e-06,6.1441547e-06,b
test_1191.jpg,0.00013962763,0.99846965,6.595542e-05,0.00132475,b
test_1192.jpg,4.0055333e-05,0.00020341779,5.0924646e-06,0.9997514,d
test_1193.jpg,0.99998546,6.9622033e-06,5.4221696e-06,2.2602965e-06,a
test_1194.jpg,0.0027518964,0.01583607,0.97974294,0.0016691096,c
test_1195.jpg,7.338201e-07,2.6995733e-07,0.9999981,9.422437e-07,c
test_1196.jpg,0.99997497,1.4738829e-05,4.2227457e-06,6.1440587e-06,a
test_1197.jpg,0.0002601752,0.00029481718,0.9958534,0.0035916083,c
test_1198.jpg,6.4759337e-07,1.5534958e-06,0.99999714,7.3381943e-07,c
test_1199.jpg,4.2227894e-06,7.889209e-06,2.5612512e-06,0.99998534,d
test_1200.jpg,0.0002033242,7.47988e-05,0.9992914,0.00043043733,c
test_1201.jpg,3.689883e-07,3.689883e-07,1.6373757e-07,0.99999917,d
test_1202.jpg,5.714967e-07,0.99999285,3.2887365e-06,3.2887365e-06,b
test_1203.jpg,0.99945897,0.00013976598,0.00033528113,6.6020766e-05,a
test_1204.jpg,1.0129226e-05,0.9999144,3.5354475e-05,4.0061863e-05,b
test_1205.jpg,0.99858654,7.4746036e-05,1.3826625e-05,0.0013249051,a
test_1206.jpg,9.60954e-05,5.8284804e-05,1.4736705e-05,0.99983084,d
test_1207.jpg,0.9998784,2.4297877e-05,3.119909e-05,6.604847e-05,a
test_1208.jpg,2.7526696e-05,0.00012336607,0.9996457,0.00020339628,c
test_1209.jpg,4.7850294e-06,6.893488e-07,0.9999815,1.30070575e-05,c
test_1210.jpg,0.0009825722,0.9509092,0.000765228,0.04734298,b
test_1211.jpg,0.99996173,2.7535398e-05,5.422041e-06,5.422041e-06,a
test_1212.jpg,5.828368e-05,4.5391374e-05,0.9998116,8.480225e-05,c
test_1213.jpg,0.0006223441,0.0035813432,0.9930072,0.002789153,c
test_1214.jpg,0.000333572,0.99436414,0.0052179443,8.434021e-05,b
test_1215.jpg,0.6509176,0.34841108,0.00026339066,0.0004079474,a
test_1216.jpg,5.422116e-06,0.99997556,4.222748e-06,1.4738838e-05,b
test_1217.jpg,6.47594e-07,8.3152713e-07,3.689879e-07,0.9999981,d
test_1218.jpg,0.0019218096,0.00037842675,0.0021776955,0.995522,d
test_1219.jpg,0.0013242821,0.0001792221,0.9981171,0.00037941322,c
test_1220.jpg,0.013394412,0.9390208,0.041257694,0.006327072,b
test_1221.jpg,5.1437233e-05,0.9998517,5.1437233e-05,4.53932e-05,b
test_1222.jpg,0.0002033999,0.9996635,5.8275044e-05,7.482665e-05,b
test_1223.jpg,0.00023048375,8.4790234e-05,1.4734333e-05,0.9996699,d
test_1224.jpg,0.0008038236,9.600303e-05,0.99886984,0.0002302993,c
test_1225.jpg,1.8924287e-05,0.9999356,3.5355224e-05,1.0129441e-05,b
test_1226.jpg,5.043428e-07,0.99999034,2.9022926e-06,6.1441533e-06,b
test_1227.jpg,1.0129905e-05,4.7850285e-06,0.9999814,3.7265838e-06,c
test_1228.jpg,1.3006801e-05,6.143978e-06,1.8924784e-05,0.99996185,d
test_1229.jpg,1.3005476e-05,0.00012339251,3.7261314e-06,0.9998599,d
test_1230.jpg,0.99942017,0.0002958731,0.00026110705,2.2815282e-05,a
test_1231.jpg,1.3709547e-06,5.7149896e-07,0.9999968,1.2098633e-06,c
test_1232.jpg,0.23378216,0.040625248,0.34015104,0.38544163,d
test_1233.jpg,3.689876e-07,0.99999726,9.4224293e-07,1.3709554e-06,b
test_1234.jpg,0.0009089081,0.0010299277,0.99673873,0.0013224534,c
test_1235.jpg,1.892464e-05,7.888963e-06,0.9999542,1.892464e-05,c
test_1236.jpg,3.1194704e-05,5.1431372e-05,0.9997378,0.00017951312,c
test_1237.jpg,0.9999857,7.889212e-06,4.2227907e-06,2.2602972e-06,a
test_1238.jpg,3.0590192e-07,3.466323e-07,0.9999987,5.7150004e-07,c
test_1239.jpg,2.7526128e-05,5.1425577e-05,0.9996251,0.00029593377,c
test_1240.jpg,8.939641e-06,4.222787e-06,1.9947036e-06,0.99998486,d
test_1241.jpg,2.9023042e-06,1.3709514e-06,0.9999944,1.3709514e-06,c
test_1242.jpg,0.0013224679,0.99674964,0.00022981045,0.0016980825,b
test_1243.jpg,0.989176,0.002778392,0.0058818553,0.0021638137,a
test_1244.jpg,9.4223697e-07,0.99999094,4.7850745e-06,3.28873e-06,b
test_1245.jpg,3.0894682e-06,3.72661e-06,4.785062e-06,0.99998844,d
test_1246.jpg,2.1443966e-05,2.4299197e-05,0.99993277,2.1443966e-05,c
test_1247.jpg,0.43320304,0.5562437,0.0015623742,0.008990842,b
test_1248.jpg,6.603458e-05,3.5345765e-05,0.00023048335,0.9996681,d
test_1249.jpg,0.9999422,2.4299427e-05,2.2601987e-06,3.120108e-05,a
test_1250.jpg,0.00020135511,0.009701833,0.00048302583,0.98961383,d
test_1251.jpg,0.0002934498,0.99123454,0.007568169,0.00090388895,b
test_1252.jpg,7.889166e-06,1.012989e-05,1.9946938e-06,0.99998,d
test_1253.jpg,8.764235e-08,0.99999845,8.315274e-07,6.475942e-07,b
test_1254.jpg,6.9621697e-06,1.1478677e-05,1.0676833e-06,0.99998057,d
test_1255.jpg,3.1185587e-05,3.53379e-05,0.0004878247,0.9994456,d
test_1256.jpg,2.753373e-05,5.8288904e-05,1.30060125e-05,0.9999012,d
test_1257.jpg,9.4224356e-07,3.4663205e-07,0.999998,7.3382006e-07,c
test_1258.jpg,0.98913693,0.0040423768,0.0027782822,0.0040423768,a
test_1259.jpg,0.9897344,0.0010226902,0.0016861313,0.007556715,a
test_1260.jpg,0.0035932395,6.581247e-05,3.522688e-05,0.9963057,d
test_1261.jpg,9.422441e-07,2.238026e-07,2.3823662e-07,0.99999857,d
test_1262.jpg,1.370956e-06,5.368741e-07,3.4663196e-07,0.99999774,d
test_1263.jpg,7.265808e-08,0.9999988,3.4663233e-07,7.338207e-07,b
test_1264.jpg,7.33819e-07,2.2603217e-06,4.4508369e-07,0.99999654,d
test_1265.jpg,0.00043046512,0.00012333032,9.0230395e-05,0.999356,d
test_1266.jpg,4.7850663e-06,1.7603275e-06,0.9999893,4.2228057e-06,c
test_1267.jpg,0.04581397,0.02778758,0.006200247,0.9201982,d
test_1268.jpg,2.2603176e-06,2.2603176e-06,7.3381767e-07,0.99999475,d
test_1269.jpg,2.260313e-06,2.56127e-06,2.56127e-06,0.9999927,d
test_1270.jpg,5.0434653e-07,1.370956e-06,2.8736795e-07,0.99999774,d
test_1271.jpg,7.889159e-06,4.2227625e-06,0.999979,8.939589e-06,c
test_1272.jpg,0.00023039703,0.9992937,0.0003798605,9.604377e-05,b
test_1273.jpg,0.00043012417,0.00037958325,0.00062582694,0.9985644,d
test_1274.jpg,0.0049157077,0.93676805,0.041158717,0.017157506,b
test_1275.jpg,0.97388566,0.022903597,0.000475349,0.0027354446,a
test_1276.jpg,3.5323068e-05,2.7509635e-05,0.9990262,0.00091099396,c
test_1277.jpg,1.4738446e-05,1.4738446e-05,0.999949,2.1444313e-05,c
test_1278.jpg,0.00017951682,4.5388962e-05,1.6697666e-05,0.9997584,d
test_1279.jpg,3.5350793e-05,0.9998103,9.609342e-05,5.8283604e-05,b
test_1280.jpg,1.3006499e-05,1.3006499e-05,0.9999386,3.535533e-05,c
test_1281.jpg,0.113375865,0.5757702,0.3081876,0.0026663453,b
test_1282.jpg,5.0434704e-07,3.2563094e-07,0.9999988,3.689882e-07,c
test_1283.jpg,0.00013980658,1.4735504e-05,0.99974936,9.608756e-05,c
test_1284.jpg,0.9999795,6.1440865e-06,8.939593e-06,5.4221373e-06,a
test_1285.jpg,2.8736827e-07,7.338207e-07,1.8553892e-07,0.9999988,d
test_1286.jpg,0.99998224,6.1441033e-06,7.889184e-06,3.726587e-06,a
test_1287.jpg,0.00017915713,0.0019261207,0.9977552,0.00013952772,c
test_1288.jpg,0.0004304962,4.5373967e-05,0.9994281,9.605669e-05,c
test_1289.jpg,0.9994338,0.00017945854,5.1415736e-05,0.0003352727,a
test_1290.jpg,7.3381784e-07,5.7149794e-07,0.999995,3.7266345e-06,c
test_1291.jpg,1.3709462e-06,1.067694e-06,0.9999906,6.9622392e-06,c
test_1292.jpg,1.444973e-07,0.999995,2.561276e-06,2.260318e-06,b
test_1293.jpg,0.97188896,0.017800769,0.00078211114,0.009528065,a
test_1294.jpg,0.00010872051,0.99827135,0.0013244869,0.00029553298,b
test_1295.jpg,0.9998709,2.144264e-05,8.480728e-05,2.2825572e-05,a
test_1296.jpg,3.927857e-07,9.422439e-07,3.68988e-07,0.99999833,d
test_1297.jpg,6.962006e-06,4.784912e-06,3.1201547e-05,0.9999571,d
test_1298.jpg,0.959645,0.005706257,0.022568688,0.012080148,a
test_1299.jpg,0.99223256,0.00070465816,0.0066856104,0.00037717636,a
test_1300.jpg,8.2332285e-08,0.9999975,4.1811785e-07,1.9947288e-06,b
test_1301.jpg,7.734409e-08,0.99999833,5.043468e-07,1.0677022e-06,b
test_1302.jpg,0.060004856,0.001245361,0.00011583663,0.9386339,d
test_1303.jpg,1.147839e-05,1.8737956e-06,0.99995553,3.12015e-05,c
test_1304.jpg,3.1201358e-05,4.784883e-06,1.300666e-05,0.999951,d
test_1305.jpg,0.004164645,0.107407615,0.7936409,0.09478689,c
test_1306.jpg,3.726607e-06,1.7603245e-06,0.9999876,6.9622183e-06,c
test_1307.jpg,0.99993515,1.47382425e-05,4.7848075e-06,4.5396988e-05,a
test_1308.jpg,7.889122e-06,0.99997425,8.939546e-06,8.939546e-06,b
test_1309.jpg,0.9999815,8.939611e-06,3.2886992e-06,6.1440987e-06,a
test_1310.jpg,2.753444e-05,0.9999269,3.535492e-05,1.0129353e-05,b
test_1311.jpg,4.993714e-08,0.99999917,2.3823677e-07,5.715003e-07,b
test_1312.jpg,1.3709525e-06,2.5612765e-06,9.42241e-07,0.99999523,d
test_1313.jpg,0.007574935,0.00025920002,4.5042212e-05,0.99212074,d
test_1314.jpg,0.99999094,2.9022942e-06,4.222813e-06,1.9947158e-06,a
test_1315.jpg,0.00010886665,0.0002611575,0.9996132,1.669524e-05,c
test_1316.jpg,0.9999559,1.4738548e-05,7.888976e-06,2.1444463e-05,a
test_1317.jpg,0.0014945827,0.0003334865,0.9941093,0.0040626973,c
test_1318.jpg,0.5902867,0.0035099727,0.0005056595,0.4056977,a
test_1319.jpg,1.2098618e-06,9.4224134e-07,0.9999956,2.2603194e-06,c
test_1320.jpg,1.3001828e-05,0.9995795,2.7524871e-05,0.00037996913,b
test_1321.jpg,4.450841e-07,2.873679e-07,0.9999975,1.7603419e-06,c
test_1322.jpg,0.40282962,0.037468992,0.51724344,0.04245793,c
test_1323.jpg,0.9999864,3.288715e-06,3.288715e-06,6.96221e-06,a
test_1324.jpg,0.9999839,7.889197e-06,1.1365468e-06,6.962193e-06,a
test_1325.jpg,0.015612622,0.0007773067,0.9659187,0.017691419,c
test_1326.jpg,7.338133e-07,0.9999888,4.222804e-06,6.1441438e-06,b
test_1327.jpg,2.1440126e-05,4.5388748e-05,0.99975365,0.00017951596,c
test_1328.jpg,1.1478645e-05,6.144076e-06,4.495102e-06,0.9999778,d
test_1329.jpg,0.00026117495,3.1192903e-05,0.99968004,2.752764e-05,c
test_1330.jpg,2.902261e-06,0.9999795,6.1440865e-06,1.1478664e-05,b
test_1331.jpg,0.0008012723,0.9956995,0.0021780839,0.0013210746,b
test_1332.jpg,1.9947142e-06,1.553485e-06,0.9999902,6.1441524e-06,c
test_1333.jpg,2.142381e-05,0.99899286,0.0009109636,7.477645e-05,b
test_1334.jpg,0.99992406,1.300631e-05,2.7534361e-05,3.5354817e-05,a
test_1335.jpg,4.7849994e-06,1.8925039e-05,8.851359e-07,0.9999753,d
test_1336.jpg,0.99948406,0.0002033634,5.141832e-05,0.00026112376,a
test_1337.jpg,0.00043049647,6.6018765e-05,7.4809075e-05,0.9994287,d
test_1338.jpg,9.608792e-05,8.4797284e-05,0.99975306,6.604019e-05,c
test_1339.jpg,1.3574318e-07,0.9999988,7.338207e-07,3.4663233e-07,b
test_1340.jpg,9.608562e-05,5.1430925e-05,0.00012337638,0.9997291,d
test_1341.jpg,0.0013114597,0.98845273,0.0016839479,0.008551792,b
test_1342.jpg,0.9884515,0.0013114581,0.0096904375,0.00054669706,a
test_1343.jpg,0.002181159,0.00033449157,0.9971053,0.0003790286,c
test_1344.jpg,1.7603131e-06,1.0129902e-05,6.9621738e-06,0.99998116,d
test_1345.jpg,5.8265367e-05,0.00043052607,1.3839238e-05,0.9994974,d
test_1346.jpg,1.2098618e-06,1.3709531e-06,1.7603386e-06,0.9999956,d
test_1347.jpg,0.00020312535,0.0013245436,0.99831414,0.00015819418,c
test_1348.jpg,0.00026111057,0.9994336,0.00023042927,7.480944e-05,b
test_1349.jpg,3.466324e-07,4.4508474e-07,2.6995755e-07,0.9999989,d
test_1350.jpg,0.99998665,7.889219e-06,1.7603228e-06,3.7266034e-06,a
test_1351.jpg,0.0014569559,0.029263744,0.00019717755,0.96908206,d
test_1352.jpg,2.561256e-06,1.3709416e-06,0.99998724,8.939663e-06,c
test_1353.jpg,2.2603197e-06,8.3152514e-07,1.2098619e-06,0.9999957,d
test_1354.jpg,9.422426e-07,1.7603409e-06,3.689875e-07,0.9999969,d
test_1355.jpg,0.9996952,6.6036366e-05,8.395582e-06,0.00023048958,a
test_1356.jpg,7.88919e-06,6.144108e-06,2.902271e-06,0.99998295,d
test_1357.jpg,0.999985,7.889206e-06,4.222788e-06,2.902277e-06,a
test_1358.jpg,6.6012755e-05,0.9993376,0.0002610855,0.00033524042,b
test_1359.jpg,9.931163e-08,0.9999968,6.4759314e-07,2.5612806e-06,b
test_1360.jpg,0.9997433,5.8279697e-05,4.005501e-05,0.00015842065,a
test_1361.jpg,5.043464e-07,0.9999975,1.0677013e-06,9.4224316e-07,b
test_1362.jpg,2.2603208e-06,7.3381875e-07,8.3152554e-07,0.9999962,d
test_1363.jpg,1.4449789e-07,5.043472e-07,2.8736832e-07,0.99999905,d
test_1364.jpg,0.9993431,0.00029585027,0.00033524225,2.5851108e-05,a
test_1365.jpg,6.604094e-05,8.4798245e-05,0.9997644,8.4798245e-05,c
test_1366.jpg,0.0047094487,0.0945918,0.0032367534,0.897462,d
test_1367.jpg,1.3574318e-07,0.9999988,3.927859e-07,7.338207e-07,b
test_1368.jpg,1.4592086e-06,0.99988365,7.484313e-05,4.0060633e-05,b
test_1369.jpg,0.99999607,1.0030111e-06,1.3709538e-06,1.5534941e-06,a
test_1370.jpg,0.9999889,6.144144e-06,3.7266118e-06,1.2098537e-06,a
test_1371.jpg,3.5355675e-05,4.7848707e-06,0.9999484,1.1478308e-05,c
test_1372.jpg,1.0129494e-05,0.9999409,2.144414e-05,2.7534823e-05,b
test_1373.jpg,5.422099e-06,3.2886694e-06,0.99997246,1.8924984e-05,c
test_1374.jpg,0.0075756516,0.9922146,0.00016736795,4.2317242e-05,b
test_1375.jpg,0.5599793,0.0005786253,0.0033297588,0.43611234,a
test_1376.jpg,0.008414508,0.13162504,0.66844714,0.19151331,c
test_1377.jpg,1.3005701e-05,5.8287507e-05,0.9998772,5.1438547e-05,c
test_1378.jpg,0.99993014,5.4218694e-06,6.143783e-06,5.8290592e-05,a
test_1379.jpg,0.0009105084,0.000260865,0.00033495732,0.9984937,d
test_1380.jpg,1.6701151e-05,4.7849603e-06,0.9999671,1.14785225e-05,c
test_1381.jpg,1.2098473e-06,5.714914e-07,0.99998355,1.47389555e-05,c
test_1382.jpg,6.202316e-05,0.00017946996,0.00026112725,0.9994974,d
test_1383.jpg,4.4508425e-07,7.3381995e-07,0.99999785,9.4224345e-07,c
test_1384.jpg,7.88922e-06,3.2887165e-06,1.9947074e-06,0.99998677,d
test_1385.jpg,3.53559e-05,6.143934e-06,3.7264845e-06,0.9999547,d
test_1386.jpg,0.9999548,7.888968e-06,2.4299732e-05,1.300671e-05,a
test_1387.jpg,0.9616627,0.03728771,0.0008769229,0.00017267636,a
test_1388.jpg,3.927846e-07,0.9999956,1.5534935e-06,2.5612774e-06,b
test_1389.jpg,1.8925037e-05,2.5612253e-06,0.9999752,3.2886783e-06,c
test_1390.jpg,0.00033526483,0.00015836788,9.605498e-05,0.9994104,d
test_1391.jpg,0.99998784,4.7850594e-06,3.726608e-06,3.726608e-06,a
test_1392.jpg,9.422427e-07,1.7603411e-06,3.059014e-07,0.999997,d
test_1393.jpg,4.993714e-08,0.99999917,3.4663248e-07,4.4508485e-07,b
test_1394.jpg,0.99997234,1.6701239e-05,7.889106e-06,3.0894184e-06,a
test_1395.jpg,0.9999863,4.2227935e-06,6.962209e-06,2.5612537e-06,a
test_1396.jpg,1.9946974e-06,1.300706e-05,3.2886999e-06,0.99998176,d
test_1397.jpg,0.9998356,6.604565e-05,5.828508e-05,4.005871e-05,a
test_1398.jpg,2.3823651e-07,2.8736807e-07,0.9999981,1.3709565e-06,c
test_1399.jpg,0.9999938,1.7603354e-06,7.33817e-07,3.72663e-06,a
test_1400.jpg,0.0026301849,0.059862725,0.0010964241,0.9364106,d
test_1401.jpg,4.005932e-05,8.4805586e-05,0.99985087,2.4297207e-05,c
test_1402.jpg,0.0109234825,0.00061626063,0.0051598875,0.98330045,d
test_1403.jpg,1.4449755e-07,0.99999666,1.9947272e-06,1.2098631e-06,b
test_1404.jpg,1.892459e-05,1.4738485e-05,0.9999516,1.4738485e-05,c
test_1405.jpg,0.00026109087,0.99935824,0.00033524734,4.5370794e-05,b
test_1406.jpg,1.538171e-07,0.99999833,8.3152736e-07,7.338203e-07,b
test_1407.jpg,0.99555606,0.0035905358,0.00022953526,0.00062394154,a
test_1408.jpg,0.99999523,7.811452e-07,1.3709525e-06,2.5612765e-06,a
test_1409.jpg,7.26579e-08,0.9999963,1.0677e-06,2.5612792e-06,b
test_1410.jpg,9.5861826e-05,3.1121777e-05,0.0024723092,0.99740064,d
test_1411.jpg,0.6518258,0.1283521,0.008205276,0.21161684,a
test_1412.jpg,1.4738791e-05,1.0129813e-05,2.7264023e-06,0.99997234,d
test_1413.jpg,0.0020894355,0.9551744,0.0007686604,0.041967433,b
test_1414.jpg,0.9922759,0.0014918264,0.005206986,0.0010253163,a
test_1415.jpg,0.00026110496,0.9994122,0.00012333726,0.00020334877,b
test_1416.jpg,2.4299374e-05,0.99994004,1.6700698e-05,1.8924371e-05,b
test_1417.jpg,0.999897,1.669998e-05,1.1477718e-05,7.484413e-05,a
test_1418.jpg,0.9999894,3.7266136e-06,4.7850667e-06,2.1233604e-06,a
test_1419.jpg,0.9999201,4.5396304e-05,2.1443695e-05,1.3006259e-05,a
test_1420.jpg,2.8736807e-07,5.714997e-07,0.9999981,1.067702e-06,c
test_1421.jpg,3.288709e-06,8.939638e-06,3.288709e-06,0.9999845,d
test_1422.jpg,0.0002951789,0.00015799787,0.9970753,0.0024715026,c
test_1423.jpg,4.784888e-06,7.888945e-06,0.99995196,3.5355803e-05,c
test_1424.jpg,2.6995744e-07,5.715e-07,0.99999857,5.715e-07,c
test_1425.jpg,0.9999964,5.7149873e-07,2.2603213e-06,6.8935907e-07,a
test_1426.jpg,0.99921155,0.00013973138,0.0005526483,9.6035874e-05,a
test_1427.jpg,0.9924494,0.00015726485,0.0059013194,0.0014920873,a
test_1428.jpg,3.7266202e-06,1.7603307e-06,3.2887308e-06,0.9999912,d
test_1429.jpg,1.2098517e-06,0.99998724,3.7266057e-06,7.8892235e-06,b
test_1430.jpg,0.9992888,1.8912047e-05,0.00062628096,6.6009525e-05,a
test_1431.jpg,0.99967456,4.5385157e-05,1.8919347e-05,0.0002611735,a
test_1432.jpg,6.475839e-07,0.9999825,1.1478699e-05,5.422153e-06,b
test_1433.jpg,4.0039482e-05,0.99935573,5.1411716e-05,0.000552728,b
test_1434.jpg,1.0676985e-06,8.3152435e-07,3.2887426e-06,0.99999475,d
test_1435.jpg,0.9997236,0.00020341214,2.752884e-05,4.5387384e-05,a
test_1436.jpg,0.00010314983,0.65094644,0.34842652,0.0005238381,b
test_1437.jpg,0.9999924,4.222819e-06,5.043438e-07,2.9022985e-06,a
test_1438.jpg,7.8891335e-06,3.2886803e-06,1.3006983e-05,0.9999758,d
test_1439.jpg,1.0129604e-05,0.9999517,6.9619687e-06,3.120138e-05,b
test_1440.jpg,0.00026105394,0.00026105394,0.00026105394,0.9992168,d
test_1441.jpg,2.4294193e-05,4.538753e-05,0.99972683,0.0002034128,c
test_1442.jpg,8.851514e-07,0.99999285,2.9023e-06,3.2887365e-06,b
test_1443.jpg,3.72663e-06,1.3709506e-06,1.0676974e-06,0.9999938,d
test_1444.jpg,0.99426454,0.00042827203,8.97707e-05,0.0052174213,a
test_1445.jpg,0.0047208653,0.0008203634,0.09482112,0.8996377,d
test_1446.jpg,0.9998115,0.00010888824,5.8283673e-05,2.1441365e-05,a
test_1447.jpg,3.1201576e-05,7.888993e-06,2.9021987e-06,0.99995804,d
test_1448.jpg,8.315266e-07,1.0677013e-06,5.7149936e-07,0.9999975,d
test_1449.jpg,0.9999949,8.8515316e-07,7.338178e-07,3.5008488e-06,a
test_1450.jpg,0.99999845,7.811478e-07,2.699574e-07,5.7149987e-07,a
test_1451.jpg,4.7847134e-06,0.9999155,2.1443597e-05,5.8289737e-05,b
test_1452.jpg,7.8114255e-07,0.9999918,3.2887328e-06,4.2228166e-06,b
test_1453.jpg,3.689866e-07,0.9999945,2.5612746e-06,2.5612746e-06,b
test_1454.jpg,2.561248e-06,0.99998415,7.889199e-06,5.4221623e-06,b
test_1455.jpg,9.4224237e-07,1.0677005e-06,0.99999666,1.3709546e-06,c
test_1456.jpg,4.2227903e-06,0.9999856,5.42217e-06,4.7850485e-06,b
test_1457.jpg,5.8290356e-05,1.1478051e-05,4.2225392e-06,0.9999261,d
test_1458.jpg,0.996644,0.0024704335,0.00055122824,0.0003343368,a
test_1459.jpg,0.999992,3.7266234e-06,2.5612683e-06,1.7603322e-06,a
test_1460.jpg,0.000429579,0.0021815822,9.0044654e-05,0.9972988,d
test_1461.jpg,4.7848907e-06,3.1201405e-05,1.1478355e-05,0.99995255,d
test_1462.jpg,3.28874e-06,1.3709508e-06,1.3709508e-06,0.9999939,d
test_1463.jpg,0.9996786,0.00013979668,0.00012337013,5.8275928e-05,a
test_1464.jpg,7.811455e-07,2.9023079e-06,7.338183e-07,0.9999956,d
test_1465.jpg,5.7150004e-07,6.475944e-07,8.764237e-08,0.9999987,d
test_1466.jpg,1.5534882e-06,0.99999225,2.902298e-06,3.2887344e-06,b
test_1467.jpg,4.4508425e-07,5.043466e-07,0.99999785,1.2098645e-06,c
test_1468.jpg,0.002163999,0.9892607,0.007553098,0.0010222007,b
test_1469.jpg,8.938642e-06,0.99987316,8.938642e-06,0.000108894965,b
test_1470.jpg,5.714998e-07,4.4508448e-07,0.99999833,5.714998e-07,c
test_1471.jpg,0.0008038812,0.00020325299,5.1390405e-05,0.9989415,d
test_1472.jpg,1.9750514e-07,1.4449786e-07,0.9999988,8.3152776e-07,c
test_1473.jpg,5.714955e-07,0.9999907,1.76033e-06,6.96224e-06,b
test_1474.jpg,0.9999988,5.0434704e-07,4.4508468e-07,1.8553892e-07,a
test_1475.jpg,4.4508425e-07,4.4508425e-07,0.99999785,1.2098645e-06,c
test_1476.jpg,2.5611505e-06,1.147828e-05,0.999946,4.006313e-05,c
test_1477.jpg,0.00012326265,0.00015827238,0.99880767,0.0009107947,c
test_1478.jpg,0.8804366,0.07227064,0.020705884,0.026586883,a
test_1479.jpg,5.7149225e-07,0.9999851,4.2227884e-06,1.0129942e-05,b
test_1480.jpg,0.9988212,0.0004302348,0.00026095056,0.00048751992,a
test_1481.jpg,0.99947256,9.606096e-05,5.1417726e-05,0.00037992848,a
test_1482.jpg,0.00010889553,4.784536e-06,7.888365e-06,0.9998784,d
test_1483.jpg,0.0013239334,0.0003347428,0.9978542,0.00048704792,c
test_1484.jpg,2.7534563e-05,1.6700556e-05,0.99993145,2.4299165e-05,c
test_1485.jpg,3.9278575e-07,3.0590184e-07,0.99999845,9.42244e-07,c
test_1486.jpg,6.143992e-06,5.4220536e-06,0.9999641,2.429996e-05,c
test_1487.jpg,1.994692e-06,0.999979,4.2227625e-06,1.4738889e-05,b
test_1488.jpg,0.00033526192,0.9994017,0.00013975796,0.00012333597,b
test_1489.jpg,3.1131483e-05,0.0021824855,7.468055e-05,0.99771166,d
test_1490.jpg,0.00022990054,0.00015800819,0.9971404,0.002471664,c
test_1491.jpg,0.0066852793,0.00079844275,0.9921834,0.00033284046,c
test_1492.jpg,0.99999726,1.9947283e-06,3.0590147e-07,4.45084e-07,a
test_1493.jpg,0.00042841752,0.0027936334,0.0021756836,0.99460226,d
test_1494.jpg,0.9994869,5.8264755e-05,7.481343e-05,0.00037993395,a
test_1495.jpg,8.3152196e-07,0.9999919,1.0676954e-06,6.1441624e-06,b
test_1496.jpg,1.3709374e-06,2.9022747e-06,0.99998415,1.1478718e-05,c
test_1497.jpg,5.7717434e-06,2.753545e-05,3.0893916e-06,0.99996364,d
test_1498.jpg,0.0021797963,0.00042922737,0.0009086743,0.9964824,d
test_1499.jpg,1.3574314e-07,0.99999857,5.0434693e-07,8.3152753e-07,b
test_1500.jpg,1.0129541e-05,8.93929e-06,3.5355577e-05,0.9999455,d
test_1501.jpg,0.9999471,1.6700817e-05,2.1444273e-05,1.4738418e-05,a
test_1502.jpg,6.475928e-07,0.9999962,9.422419e-07,2.2603208e-06,b
test_1503.jpg,6.1407077e-06,0.0005527689,0.9994295,1.1472352e-05,c
test_1504.jpg,1.0676954e-06,3.726623e-06,3.2887333e-06,0.9999919,d
test_1505.jpg,3.2887383e-06,2.561272e-06,7.338167e-07,0.99999344,d
test_1506.jpg,7.4829935e-05,0.9997074,0.00010887691,0.00010887691,b
test_1507.jpg,7.889182e-06,6.9621788e-06,3.2887003e-06,0.9999819,d
test_1508.jpg,9.4223896e-07,0.9999931,3.7266275e-06,2.2603137e-06,b
test_1509.jpg,0.0007072939,0.0031698714,0.0001788319,0.99594396,d
test_1510.jpg,0.00041932857,0.00013613606,0.025942938,0.9735016,d
test_1511.jpg,0.0010289345,0.0016964264,0.9957775,0.0014970909,c
test_1512.jpg,1.3709468e-06,5.4221996e-06,2.2603092e-06,0.99999106,d
test_1513.jpg,9.5909156e-05,8.4639534e-05,0.99789315,0.001926387,c
test_1514.jpg,2.3823677e-07,1.4449792e-07,0.99999917,4.4508485e-07,c
test_1515.jpg,1.01294145e-05,0.999933,3.5355133e-05,2.1443971e-05,b
test_1516.jpg,0.9999635,6.962051e-06,1.4738661e-05,1.4738661e-05,a
test_1517.jpg,0.99957114,0.00033531876,2.7524642e-05,6.602818e-05,a
test_1518.jpg,6.6044195e-05,0.9998136,2.4296301e-05,9.609374e-05,b
test_1519.jpg,2.9022597e-06,0.999979,7.889159e-06,1.012988e-05,b
test_1520.jpg,1.892191e-05,3.119696e-05,0.99981004,0.00013981506,c
test_1521.jpg,1.14786235e-05,4.7850026e-06,7.889134e-06,0.9999759,d
test_1522.jpg,2.7533986e-05,5.8289446e-05,3.7263196e-06,0.9999105,d
test_1523.jpg,0.9999956,1.994725e-06,1.0676994e-06,1.3709531e-06,a
test_1524.jpg,0.15605193,0.006856444,0.6993762,0.13771534,c
test_1525.jpg,9.608991e-05,4.538966e-05,0.9997738,8.4799045e-05,c
test_1526.jpg,5.421947e-06,4.0063067e-05,1.012953e-05,0.99994445,d
test_1527.jpg,7.410698e-06,7.4845404e-05,3.7263328e-06,0.99991405,d
test_1528.jpg,0.9999826,6.1441056e-06,8.939621e-06,2.26029e-06,a
test_1529.jpg,5.825649e-05,0.00048777563,0.9993451,0.000108837456,c
test_1530.jpg,5.7149595e-07,0.99999154,3.7266216e-06,4.2228153e-06,b
test_1531.jpg,0.9999691,1.1478545e-05,7.889081e-06,1.1478545e-05,a
test_1532.jpg,4.4508442e-07,4.4508442e-07,8.3152725e-07,0.9999982,d
test_1533.jpg,0.9999789,8.939588e-06,1.0129879e-05,1.9946917e-06,a
test_1534.jpg,0.92540526,0.01694939,0.035881855,0.021763446,a
test_1535.jpg,0.005903558,0.0011624795,0.99282587,0.000108127446,c
test_1536.jpg,4.0053037e-05,0.00023048933,0.9996941,3.5346686e-05,c
test_1537.jpg,0.99992096,1.892401e-05,4.5396344e-05,1.4738033e-05,a
test_1538.jpg,0.00037977294,0.99906343,0.00029576747,0.00026101383,b
test_1539.jpg,0.00015842245,3.534883e-05,5.1432246e-05,0.9997547,d
test_1540.jpg,1.6373728e-07,0.9999974,1.209864e-06,1.209864e-06,b
test_1541.jpg,6.9622292e-06,2.561261e-06,1.3709442e-06,0.99998915,d
test_1542.jpg,6.9616276e-06,0.9999027,2.4298468e-05,6.605008e-05,b
test_1543.jpg,0.0016981689,0.00033438925,0.9968003,0.0011671331,c
test_1544.jpg,0.9999956,9.4224134e-07,1.2098618e-06,2.2603194e-06,a
test_1545.jpg,1.8738699e-06,2.5612765e-06,4.181169e-07,0.99999523,d
test_1546.jpg,5.828702e-05,2.1442596e-05,0.99986887,5.1438117e-05,c
test_1547.jpg,0.00033532147,4.5380828e-05,4.0048435e-05,0.99957925,d
test_1548.jpg,0.99984896,7.888133e-06,5.828586e-05,8.4805426e-05,a
test_1549.jpg,0.999899,4.5395347e-05,3.1199736e-05,2.4298377e-05,a
test_1550.jpg,0.00017932059,0.00012324512,0.9986656,0.0010319188,c
test_1551.jpg,4.450846e-07,3.4663228e-07,0.99999857,6.4759433e-07,c
test_1552.jpg,0.00010886444,0.00015839681,0.99959296,0.00013978471,c
test_1553.jpg,1.3709554e-06,1.0677011e-06,2.873678e-07,0.99999726,d
test_1554.jpg,0.000705271,0.00029400073,0.005905162,0.9930956,d
test_1555.jpg,0.9999181,1.8923956e-05,3.5354606e-05,2.7534195e-05,a
test_1556.jpg,1.5534861e-06,0.9999908,1.3709465e-06,6.144156e-06,b
test_1557.jpg,0.0003351544,9.602334e-05,0.99908113,0.0004876468,c
test_1558.jpg,5.422148e-06,1.0129906e-05,2.902267e-06,0.9999815,d
test_1559.jpg,1.8553902e-07,2.6995764e-07,3.059021e-07,0.9999993,d
test_1560.jpg,0.9999913,3.2887312e-06,2.5612665e-06,2.9022954e-06,a
test_1561.jpg,0.99999726,1.7603415e-06,6.475935e-07,3.4663182e-07,a
test_1562.jpg,1.6701179e-05,1.5534517e-06,0.99996877,1.3006891e-05,c
test_1563.jpg,0.99846554,0.00055223564,0.00043008156,0.00055223564,a
test_1564.jpg,2.5612615e-06,3.288725e-06,0.9999894,4.7850667e-06,c
test_1565.jpg,0.9998838,1.4737486e-05,3.5353394e-05,6.604883e-05,a
test_1566.jpg,5.421947e-06,0.99994445,1.012953e-05,4.0063067e-05,b
test_1567.jpg,0.0027692786,0.9859314,0.0027692786,0.008529978,b
test_1568.jpg,0.11168383,0.8252381,0.041086186,0.02199185,b
test_1569.jpg,0.001126334,0.7491716,0.24322042,0.0064816047,b
test_1570.jpg,0.047033623,0.0056173652,0.0026534558,0.9446956,d
test_1571.jpg,7.962921e-05,0.0004877881,0.99937063,6.2015286e-05,c
test_1572.jpg,0.9975916,0.0008027949,0.0008027949,0.0008027949,a
test_1573.jpg,0.9929563,0.0014928494,0.0040579857,0.0014928494,a
test_1574.jpg,0.9999945,1.7603367e-06,1.2098606e-06,2.5612746e-06,a
test_1575.jpg,0.035081822,0.0010593793,0.7046373,0.25922158,c
test_1576.jpg,7.888963e-06,1.892464e-05,0.9999542,1.892464e-05,c
test_1577.jpg,0.9998442,9.609668e-05,2.4297045e-05,3.5351994e-05,a
test_1578.jpg,9.608462e-05,4.538716e-05,0.9997187,0.0001398023,c
test_1579.jpg,1.9947063e-06,2.9022804e-06,0.9999862,8.939653e-06,c
test_1580.jpg,0.9985043,0.00026086776,0.0010317521,0.00020316403,a
test_1581.jpg,2.102429e-07,0.99999774,1.370956e-06,7.338199e-07,b
test_1582.jpg,0.014030172,0.00048008614,0.983591,0.0018987773,c
test_1583.jpg,0.99999833,6.4759416e-07,4.4508448e-07,5.043468e-07,a
test_1584.jpg,0.032508083,0.12857196,0.00052544416,0.83839446,d
test_1585.jpg,6.4759377e-07,3.0590164e-07,0.99999774,1.370956e-06,c
test_1586.jpg,0.029308693,6.411251e-05,5.6579087e-05,0.9705706,d
test_1587.jpg,0.00012313967,0.99781114,0.00013953554,0.0019262286,b
test_1588.jpg,0.9999949,2.9023058e-06,1.3709521e-06,8.3152446e-07,a
test_1589.jpg,1.370955e-06,7.338194e-07,9.422427e-07,0.999997,d
test_1590.jpg,0.9999987,6.893606e-07,2.8736824e-07,3.6898814e-07,a
test_1591.jpg,6.9618955e-06,2.7534832e-05,0.99994123,2.4299403e-05,c
test_1592.jpg,2.5612248e-06,9.42222e-07,0.9999751,2.1444874e-05,c
test_1593.jpg,6.961962e-06,6.961962e-06,0.99995077,3.5355763e-05,c
test_1594.jpg,0.7582522,0.04847344,0.0015581762,0.19171618,a
test_1595.jpg,1.2098617e-06,0.99999547,8.3152497e-07,2.5612771e-06,b
test_1596.jpg,3.9278547e-07,1.2098644e-06,6.4759377e-07,0.99999774,d
test_1597.jpg,1.7603367e-06,4.181166e-07,0.9999945,3.288742e-06,c
test_1598.jpg,8.4809326e-05,1.0129029e-05,1.0129029e-05,0.999895,d
test_1599.jpg,0.00023037706,0.9992072,7.479249e-05,0.0004877083,b
test_1600.jpg,6.893558e-07,0.99999166,2.9022963e-06,4.7850776e-06,b
test_1601.jpg,1.0676994e-06,1.5534935e-06,0.9999956,1.7603386e-06,c
test_1602.jpg,0.99996674,1.8924877e-05,5.4220677e-06,8.939479e-06,a
test_1603.jpg,6.475942e-07,2.1024306e-07,0.99999845,7.338204e-07,c
test_1604.jpg,4.450849e-07,1.7429775e-07,1.5381724e-07,0.9999993,d
test_1605.jpg,1.6700258e-05,0.9999136,1.1477908e-05,5.8289625e-05,b
test_1606.jpg,6.475936e-07,3.256305e-07,0.9999975,1.5534964e-06,c
test_1607.jpg,1.8918523e-05,0.99963105,1.47337605e-05,0.00033533885,b
test_1608.jpg,3.726623e-06,2.1233657e-06,2.260311e-06,0.9999919,d
test_1609.jpg,5.368731e-07,3.2887463e-06,3.466313e-07,0.9999958,d
test_1610.jpg,2.753392e-05,0.9999081,4.539576e-05,1.8923767e-05,b
test_1611.jpg,1.3709546e-06,5.0434596e-07,0.99999666,1.3709546e-06,c
test_1612.jpg,1.7603375e-06,1.2098611e-06,0.999995,1.9947238e-06,c
test_1613.jpg,0.9999255,4.006231e-05,1.3006329e-05,2.1443811e-05,a
test_1614.jpg,4.785075e-06,1.5534864e-06,2.5612658e-06,0.99999106,d
test_1615.jpg,6.1438477e-06,1.7602418e-06,0.99994063,5.144181e-05,c
test_1616.jpg,9.329477e-08,0.9999982,5.0434676e-07,1.209865e-06,b
test_1617.jpg,0.99988866,4.0060833e-05,3.119941e-05,4.0060833e-05,a
test_1618.jpg,8.477195e-05,0.00023043405,0.9994543,0.00023043405,c
test_1619.jpg,5.422119e-06,1.7603044e-06,0.99997616,1.6701302e-05,c
test_1620.jpg,4.6911616e-08,3.2563113e-07,1.4449795e-07,0.9999994,d
test_1621.jpg,4.7848657e-06,0.9999473,3.120124e-05,1.670082e-05,b
test_1622.jpg,7.3381534e-07,0.99999154,5.4222023e-06,2.2603103e-06,b
test_1623.jpg,3.653478e-08,0.9999988,5.0434704e-07,6.4759445e-07,b
test_1624.jpg,3.7265568e-06,5.422108e-06,0.99997413,1.6701268e-05,c
test_1625.jpg,7.4839874e-05,0.99984014,1.8922481e-05,6.604595e-05,b
test_1626.jpg,1.12534856e-07,0.99999714,7.3381943e-07,1.994728e-06,b
test_1627.jpg,0.99753004,0.0010307455,0.000115646435,0.0013235033,a
test_1628.jpg,0.9998678,1.473725e-05,6.6047774e-05,5.1438063e-05,a
test_1629.jpg,0.99998116,1.4738921e-05,1.2098444e-06,2.902266e-06,a
test_1630.jpg,0.017748794,0.9690513,0.0010013185,0.012198555,b
test_1631.jpg,0.012402366,0.002155208,0.98524195,0.00020046557,c
test_1632.jpg,0.000108895496,0.99987805,6.143463e-06,6.9614557e-06,b
test_1633.jpg,4.4508468e-07,3.927859e-07,4.181184e-07,0.9999988,d
test_1634.jpg,0.013970638,0.0014724944,0.0051395106,0.9794174,d
test_1635.jpg,9.610109e-05,1.012898e-05,0.9998901,3.7262437e-06,c
test_1636.jpg,4.1811805e-07,9.4224356e-07,6.893601e-07,0.999998,d
test_1637.jpg,0.9595246,0.0064652255,0.028975131,0.005035123,a
test_1638.jpg,0.9998938,1.6699927e-05,5.828847e-05,3.1199572e-05,a
test_1639.jpg,7.888766e-06,1.1478087e-05,0.9999292,5.144122e-05,c
test_1640.jpg,0.99997234,5.422098e-06,1.8924982e-05,3.288669e-06,a
test_1641.jpg,0.99963975,7.482487e-05,2.4292076e-05,0.00026116442,a
test_1642.jpg,2.5360166e-07,2.2380269e-07,0.9999989,5.7150015e-07,c
test_1643.jpg,1.3709512e-06,7.338173e-07,0.99999416,3.7266313e-06,c
test_1644.jpg,0.0004268585,0.0066771903,0.99098295,0.0019130472,c
test_1645.jpg,0.00016028737,0.89266646,0.10661381,0.00055945787,b
test_1646.jpg,7.888133e-06,5.828586e-05,0.99984896,8.4805426e-05,c
test_1647.jpg,7.482047e-05,8.93603e-06,0.9995809,0.00033532202,c
test_1648.jpg,1.742978e-07,1.5381728e-07,1.9750529e-07,0.9999995,d
test_1649.jpg,0.0019264626,9.5912925e-05,4.5306057e-05,0.9979323,d
test_1650.jpg,3.2886896e-06,1.4738884e-05,0.99997866,3.2886896e-06,c
test_1651.jpg,1.9750522e-07,3.4663248e-07,2.3823677e-07,0.99999917,d
test_1652.jpg,3.5340036e-05,0.00012334884,0.999506,0.0003352969,c
test_1653.jpg,0.00015823888,0.99859625,0.00033499172,0.0009106019,b
test_1654.jpg,0.004663492,0.8887043,0.1061406,0.0004915285,b
test_1655.jpg,0.0050846254,0.025821857,0.00013550068,0.968958,d
test_1656.jpg,1.5534877e-06,0.9999919,1.760332e-06,4.785079e-06,b
test_1657.jpg,1.6700797e-05,6.14388e-06,3.1201198e-05,0.9999459,d
test_1658.jpg,0.0004877208,0.99923277,0.00013973434,0.00013973434,b
test_1659.jpg,2.1441712e-05,0.9998276,0.00012338853,2.7531705e-05,b
test_1660.jpg,3.0590184e-07,0.99999845,7.338204e-07,5.043469e-07,b
test_1661.jpg,3.927842e-07,0.9999945,2.260317e-06,2.9023047e-06,b
test_1662.jpg,0.99817324,0.0015006927,0.00023013868,9.593608e-05,a
test_1663.jpg,0.9999162,1.3006208e-05,3.535454e-05,3.535454e-05,a
test_1664.jpg,0.00070391083,0.007567754,0.99118024,0.00054820627,c
test_1665.jpg,0.9944707,0.0006232613,0.0013194443,0.0035866215,a
test_1666.jpg,0.00017951487,2.75295e-05,4.538847e-05,0.9997476,d
test_1667.jpg,4.4508454e-07,4.4508454e-07,0.99999845,6.475942e-07,c
test_1668.jpg,0.99973756,0.00012337741,1.5685679e-05,0.00012337741,a
test_1669.jpg,7.3381597e-07,5.422207e-06,1.5534885e-06,0.9999924,d
test_1670.jpg,0.003146831,0.98870486,0.0014864575,0.0066618407,b
test_1671.jpg,0.9638862,0.0039391825,0.0030678385,0.02910684,a
test_1672.jpg,3.7266025e-06,9.422327e-07,0.9999864,8.939654e-06,c
test_1673.jpg,9.4224356e-07,5.7149964e-07,4.450843e-07,0.999998,d
test_1674.jpg,0.6364047,0.3006163,0.059194855,0.0037842004,a
test_1675.jpg,8.939006e-06,0.9999138,1.8923874e-05,5.828964e-05,b
test_1676.jpg,1.9946935e-06,1.3709315e-06,0.99997985,1.6701364e-05,c
test_1677.jpg,1.3709497e-06,7.338165e-07,0.9999931,4.7850845e-06,c
test_1678.jpg,0.0002610229,0.9990982,0.00037978616,0.0002610229,b
test_1679.jpg,3.726587e-06,6.1441033e-06,0.99998224,7.889184e-06,c
test_1680.jpg,0.9972409,0.001499291,0.00055155833,0.00070821494,a
test_1681.jpg,0.9998827,5.8287827e-05,1.8923287e-05,4.0060593e-05,a
test_1682.jpg,0.99999607,1.5534941e-06,9.422418e-07,1.3709538e-06,a
test_1683.jpg,7.88924e-06,2.260305e-06,5.7149464e-07,0.9999893,d
test_1684.jpg,9.422432e-07,3.0590158e-07,0.9999976,1.0677015e-06,c
test_1685.jpg,1.0029989e-06,0.9999839,8.939633e-06,6.1441137e-06,b
test_1686.jpg,1.4738914e-05,3.726581e-06,0.9999807,8.315127e-07,c
test_1687.jpg,8.3152656e-07,5.0434636e-07,1.3709555e-06,0.9999974,d
test_1688.jpg,0.99997866,7.889156e-06,3.2886896e-06,1.01298765e-05,a
test_1689.jpg,7.889204e-06,6.1441187e-06,1.1365477e-06,0.99998474,d
test_1690.jpg,0.99999464,9.4224043e-07,3.7266332e-06,6.893578e-07,a
test_1691.jpg,0.9998895,1.6699854e-05,1.8923414e-05,7.484356e-05,a
test_1692.jpg,0.0002606812,0.9977902,0.0013238485,0.0006253417,b
test_1693.jpg,0.9997402,0.00015842015,6.603934e-05,3.5348316e-05,a
test_1694.jpg,2.8736812e-07,0.99999833,4.4508448e-07,9.422439e-07,b
test_1695.jpg,6.6012755e-05,0.9993376,0.0002610855,0.00033524042,b
test_1696.jpg,1.1478008e-05,5.1440864e-05,1.4738053e-05,0.9999223,d
test_1697.jpg,4.7378563e-07,0.99998915,7.889239e-06,2.561261e-06,b
test_1698.jpg,9.9311784e-08,0.99999833,6.4759416e-07,9.422439e-07,b
test_1699.jpg,4.1811572e-07,0.9999924,5.422207e-06,1.7603329e-06,b
test_1700.jpg,8.480507e-05,1.8922568e-05,5.143688e-05,0.9998448,d
test_1701.jpg,0.002798805,0.00037877707,0.99644357,0.00037877707,c
test_1702.jpg,5.1424442e-05,1.0126072e-05,0.9996031,0.00033532947,c
test_1703.jpg,4.1811697e-07,0.99999535,1.3709528e-06,2.9023072e-06,b
test_1704.jpg,6.083583e-07,5.3687427e-07,7.338201e-07,0.9999981,d
test_1705.jpg,0.999984,5.422162e-06,8.9396335e-06,1.5534755e-06,a
test_1706.jpg,0.98403674,0.010931661,0.0031319733,0.0018996377,a
test_1707.jpg,0.00029071892,0.00018770224,0.13290063,0.8666209,d
test_1708.jpg,3.2886207e-06,0.9999577,1.47385745e-05,2.4299803e-05,b
test_1709.jpg,1.7603182e-06,1.300709e-05,1.2098478e-06,0.999984,d
test_1710.jpg,0.00037866773,0.9961559,0.00029490673,0.0031705461,b
test_1711.jpg,0.9999684,8.9394935e-06,3.7265354e-06,1.8924908e-05,a
test_1712.jpg,2.260316e-06,2.5612735e-06,1.20986e-06,0.99999404,d
test_1713.jpg,6.475937e-07,8.3152673e-07,9.422432e-07,0.9999976,d
test_1714.jpg,0.9953243,0.003167899,0.0008009703,0.0007068538,a
test_1715.jpg,5.714964e-07,0.9999924,2.9022985e-06,4.222819e-06,b
test_1716.jpg,1.2097387e-06,0.9998938,8.938827e-06,9.6101445e-05,b
test_1717.jpg,6.6040855e-05,7.4834104e-05,0.9997631,9.608888e-05,c
test_1718.jpg,0.047312822,0.95030344,0.0007647406,0.001618956,b
test_1719.jpg,4.222821e-06,1.9947195e-06,9.422387e-07,0.99999285,d
test_1720.jpg,2.2602787e-06,1.4738868e-05,5.422127e-06,0.9999776,d
test_1721.jpg,0.99996305,1.0129718e-05,1.0129718e-05,1.6701084e-05,a
test_1722.jpg,4.784963e-06,2.4300045e-05,0.9999677,3.2886537e-06,c
test_1723.jpg,0.0013246761,0.00020314565,5.8202204e-05,0.9984139,d
test_1724.jpg,0.00042938083,0.0021805759,0.9968387,0.0005513359,c
test_1725.jpg,4.222801e-06,5.422184e-06,0.9999882,2.2603028e-06,c
test_1726.jpg,7.889223e-06,3.2887176e-06,1.6536711e-06,0.9999871,d
test_1727.jpg,2.9021987e-06,0.99995804,2.429981e-05,1.473858e-05,b
test_1728.jpg,3.119802e-05,0.99984396,8.4805e-05,4.0059043e-05,b
test_1729.jpg,0.99991405,5.8289654e-05,6.1436845e-06,2.1443566e-05,a
test_1730.jpg,8.3152656e-07,1.3709555e-06,3.2563048e-07,0.9999974,d
test_1731.jpg,8.480172e-05,5.8283316e-05,0.9998054,5.143485e-05,c
test_1732.jpg,1.3709214e-06,0.99997246,2.1444817e-05,4.784986e-06,b
test_1733.jpg,6.412055e-08,0.99999905,5.715002e-07,3.0590203e-07,b
test_1734.jpg,0.27828896,0.3153427,0.0014603265,0.40490806,d
test_1735.jpg,3.4663242e-07,4.9937135e-08,0.99999905,5.043472e-07,c
test_1736.jpg,0.0011668173,0.9965306,0.0019237566,0.00037881013,b
test_1737.jpg,1.2995913e-05,0.9991247,0.00080402865,5.8243637e-05,b
test_1738.jpg,0.9999815,5.422148e-06,4.222773e-06,8.939611e-06,a
test_1739.jpg,1.5534796e-06,0.99998665,1.6536703e-06,1.0129957e-05,b
test_1740.jpg,4.0056682e-05,5.1433806e-05,0.9997851,0.00012338329,c
test_1741.jpg,2.2601257e-06,0.9999099,7.484509e-05,1.3006125e-05,b
test_1742.jpg,0.00969193,0.9886037,0.0011575359,0.00054678123,b
test_1743.jpg,0.0007905989,0.9824363,0.0027594615,0.014013701,b
test_1744.jpg,7.8860185e-06,0.9995809,3.118981e-05,0.00037996966,b
test_1745.jpg,0.00015680098,0.0097009335,0.00062015984,0.98952204,d
test_1746.jpg,0.9999926,2.2603128e-06,3.7266257e-06,1.4593676e-06,a
test_1747.jpg,9.422356e-07,0.9999895,4.222807e-06,5.4221914e-06,b
test_1748.jpg,0.99604994,0.00017885093,0.003592317,0.00017885093,a
test_1749.jpg,0.9999249,4.5396522e-05,2.4299006e-05,5.4218413e-06,a
test_1750.jpg,1.6373744e-07,0.99999833,3.927857e-07,1.0677022e-06,b
test_1751.jpg,0.52735496,0.0066384193,0.00061746914,0.46538913,a
test_1752.jpg,1.7602205e-06,0.9999285,6.605178e-05,3.7263867e-06,b
test_1753.jpg,8.3152e-07,8.939683e-06,6.893543e-07,0.9999895,d
test_1754.jpg,0.0002935901,0.9917086,0.0013157795,0.0066820798,b
test_1755.jpg,0.008736348,0.78642094,0.19883835,0.0060043973,b
test_1756.jpg,5.3687467e-07,4.181184e-07,1.4449786e-07,0.9999988,d
test_1757.jpg,0.9999825,3.726588e-06,3.726588e-06,1.0129916e-05,a
test_1758.jpg,0.99922836,9.603749e-05,0.0002958163,0.00037983563,a
test_1759.jpg,0.21587017,0.029214852,0.66492695,0.089988075,c
test_1760.jpg,4.2228003e-06,9.422341e-07,0.99998796,6.962221e-06,c
test_1761.jpg,0.011774702,0.0012410445,0.6428769,0.34410724,c
test_1762.jpg,5.043464e-07,3.0590155e-07,0.9999975,1.7603419e-06,c
test_1763.jpg,2.9022995e-06,1.0676963e-06,0.9999927,3.288736e-06,c
test_1764.jpg,0.9986798,0.00023025548,0.0009106781,0.00017932315,a
test_1765.jpg,0.99999845,9.42244e-07,3.6898805e-07,2.2380259e-07,a
test_1766.jpg,0.0027940064,0.22195542,0.00055017247,0.77470046,d
test_1767.jpg,2.8736767e-07,0.9999968,9.422425e-07,1.9947274e-06,b
test_1768.jpg,0.000139743,0.00023039724,0.99929464,0.000335226,c
test_1769.jpg,0.9922809,0.00048432764,0.00054881506,0.0066859364,a
test_1770.jpg,7.888866e-06,4.78484e-06,4.5397297e-05,0.99994195,d
test_1771.jpg,0.005354405,0.61888504,0.37537277,0.00038787175,b
test_1772.jpg,2.1432672e-05,0.9994061,8.476786e-05,0.0004878054,b
test_1773.jpg,6.962193e-06,6.1441137e-06,2.902274e-06,0.9999839,d
test_1774.jpg,0.0001582893,0.00080385944,0.00012327584,0.9989145,d
test_1775.jpg,5.043449e-07,0.9999945,2.9023047e-06,1.9947229e-06,b
test_1776.jpg,0.99998426,8.939635e-06,4.785042e-06,1.9947024e-06,a
test_1777.jpg,0.99979836,1.892169e-05,2.429593e-05,0.00015842936,a
test_1778.jpg,4.450841e-07,0.9999975,1.0677013e-06,9.4224316e-07,b
test_1779.jpg,0.9999031,2.144333e-05,3.5354074e-05,4.006141e-05,a
test_1780.jpg,1.6699738e-05,4.784555e-06,9.610036e-05,0.99988246,d
test_1781.jpg,0.9999881,6.9622215e-06,2.7264452e-06,2.2603024e-06,a
test_1782.jpg,1.8924777e-05,4.7849335e-06,0.9999615,1.4738631e-05,c
test_1783.jpg,0.0009098759,0.99780005,0.0004870215,0.0008029627,b
test_1784.jpg,0.9999912,3.7266202e-06,2.902295e-06,2.2603094e-06,a
test_1785.jpg,0.99984765,2.7532256e-05,4.005919e-05,8.480531e-05,a
test_1786.jpg,0.00037992105,5.8262776e-05,0.0001088492,0.999453,d
test_1787.jpg,0.00029498216,0.00012296686,0.9964108,0.0031713573,c
test_1788.jpg,0.99951446,0.00015838438,3.1187737e-05,0.000295901,a
test_1789.jpg,0.9999424,5.421936e-06,3.5355464e-05,1.6700738e-05,a
test_1790.jpg,1.0676991e-06,5.7149816e-07,0.99999547,2.9023074e-06,c
test_1791.jpg,1.7602808e-06,0.9999628,7.889031e-06,2.7535427e-05,b
test_1792.jpg,1.2751867e-07,0.999997,1.0677009e-06,1.7603411e-06,b
test_1793.jpg,8.939629e-06,5.422159e-06,2.123348e-06,0.99998355,d
test_1794.jpg,0.99999154,4.2228153e-06,1.994717e-06,2.2603103e-06,a
test_1795.jpg,0.99865997,0.00016845517,0.00026090845,0.00091066,a
test_1796.jpg,6.5898785e-05,0.99761236,0.0021822683,0.00013950774,b
test_1797.jpg,5.422156e-06,0.99998295,5.422156e-06,6.144108e-06,b
test_1798.jpg,0.00017951596,4.5388748e-05,0.99975365,2.1440126e-05,c
test_1799.jpg,2.4060048e-06,1.3006739e-05,0.9999571,2.7535269e-05,c
test_1800.jpg,0.033082783,0.96682066,4.6724486e-05,4.9737955e-05,b
test_1801.jpg,0.99999714,1.067701e-06,5.3687376e-07,1.2098637e-06,a
test_1802.jpg,3.5354973e-05,0.9999285,2.1443875e-05,1.4738144e-05,b
test_1803.jpg,0.0002956871,0.000108777196,0.9987919,0.0008037608,c
test_1804.jpg,0.01371941,0.11487121,0.022619484,0.8487899,d
test_1805.jpg,1.0677026e-06,2.6995744e-07,1.6373748e-07,0.99999857,d
test_1806.jpg,0.5275877,0.46559453,0.005860971,0.0009567771,a
test_1807.jpg,5.141921e-05,1.6693373e-05,0.99950135,0.00043052775,c
test_1808.jpg,0.99902415,0.0002610036,0.00033513526,0.000379758,a
test_1809.jpg,0.9998418,9.609645e-05,4.539275e-05,1.669906e-05,a
test_1810.jpg,0.99998724,6.144134e-06,3.7266057e-06,2.9022835e-06,a
test_1811.jpg,8.4732594e-05,1.3832217e-05,0.99899036,0.0009109613,c
test_1812.jpg,6.9621174e-06,6.9621174e-06,0.99997306,1.30069475e-05,c
test_1813.jpg,0.00037992766,7.48122e-05,0.9994704,7.48122e-05,c
test_1814.jpg,1.01236255e-05,1.9934603e-06,0.9993616,0.00062632654,c
test_1815.jpg,2.8736832e-07,5.043472e-07,1.8553898e-07,0.99999905,d
test_1816.jpg,1.0676846e-06,0.99998176,4.2227744e-06,1.300706e-05,b
test_1817.jpg,5.1432868e-05,0.00012338103,0.9997669,5.8281075e-05,c
test_1818.jpg,0.00012325203,0.99872154,0.00012325203,0.0010319767,b
test_1819.jpg,1.5534936e-06,7.338184e-07,0.9999957,1.9947252e-06,c
test_1820.jpg,1.5534679e-06,0.99997914,7.88916e-06,1.1478661e-05,b
test_1821.jpg,9.422335e-07,8.939663e-06,2.9022835e-06,0.99998724,d
test_1822.jpg,0.99987864,2.753311e-05,1.892321e-05,7.4842756e-05,a
test_1823.jpg,1.1478741e-05,1.4593581e-06,9.422325e-07,0.9999862,d
test_1824.jpg,0.9991246,4.2611948e-05,0.00012330177,0.00070955267,a
test_1825.jpg,2.7533704e-05,6.1435994e-06,0.9999002,6.604991e-05,c
test_1826.jpg,0.6618189,0.0199852,0.27588716,0.04230867,a
test_1827.jpg,0.00047044837,0.14781047,0.001128547,0.8505906,d
test_1828.jpg,0.0013072395,0.0010180791,0.012402743,0.98527193,d
test_1829.jpg,5.714992e-07,1.5534961e-06,5.714992e-07,0.99999726,d
test_1830.jpg,4.005181e-05,0.9996635,6.603428e-05,0.00023048227,b
test_1831.jpg,2.9022933e-06,4.7850726e-06,1.7603297e-06,0.9999906,d
test_1832.jpg,6.1440423e-06,1.6701239e-05,4.7849853e-06,0.99997234,d
test_1833.jpg,0.012035351,0.01984294,0.95608634,0.012035351,c
test_1834.jpg,6.144082e-06,1.9946915e-06,0.9999788,1.3007022e-05,c
test_1835.jpg,0.9999887,1.7603264e-06,4.2228035e-06,5.422187e-06,a
test_1836.jpg,3.1200347e-05,4.006203e-05,0.9999186,1.0129268e-05,c
test_1837.jpg,0.9993383,0.00023040731,0.00033524068,9.604806e-05,a
test_1838.jpg,3.9278564e-07,2.1024302e-07,0.9999982,1.209865e-06,c
test_1839.jpg,1.3006054e-05,2.4298508e-05,5.828909e-05,0.9999044,d
test_1840.jpg,0.99998415,5.4221623e-06,6.144115e-06,4.2227844e-06,a
test_1841.jpg,8.939633e-06,1.0676869e-06,0.9999839,6.1441137e-06,c
test_1842.jpg,0.9996588,0.0001233677,0.000108871616,0.000108871616,a
test_1843.jpg,0.000108581524,0.0028003545,9.5822856e-05,0.9969952,d
test_1844.jpg,0.99999416,4.2228266e-06,8.8515253e-07,8.315239e-07,a
test_1845.jpg,6.475897e-07,0.9999914,1.7603312e-06,6.1441597e-06,b
test_1846.jpg,1.5381727e-07,8.233244e-08,0.9999994,3.4663256e-07,c
test_1847.jpg,0.9999763,1.4738849e-05,4.222751e-06,4.785004e-06,a
test_1848.jpg,0.022965703,0.00037120603,0.97652656,0.00013655907,c
test_1849.jpg,0.9787532,0.00078763504,0.00014569782,0.020313375,a
test_1850.jpg,0.000108880115,0.99973685,0.000108880115,4.5387984e-05,b
test_1851.jpg,5.4221828e-06,3.7266084e-06,2.9022856e-06,0.99998796,d
test_1852.jpg,1.012697e-05,0.9996917,0.00013979852,0.00015841247,b
test_1853.jpg,1.6701271e-05,4.7849944e-06,4.2227425e-06,0.99997425,d
test_1854.jpg,0.9999939,1.1365581e-06,1.9947217e-06,2.9023029e-06,a
test_1855.jpg,0.84899116,0.0027021528,0.14753252,0.0007741797,a
test_1856.jpg,6.8935435e-07,8.9396835e-06,6.8935435e-07,0.9999896,d
test_1857.jpg,6.5981905e-05,3.116765e-05,0.9988707,0.0010321307,c
test_1858.jpg,4.784896e-06,6.143928e-06,0.99995375,3.5355864e-05,c
test_1859.jpg,0.9999443,2.4299477e-05,1.6700771e-05,1.4738378e-05,a
test_1860.jpg,0.00022991974,7.464402e-05,0.9972236,0.0024718703,c
test_1861.jpg,7.888043e-06,3.119782e-05,0.9998375,0.00012338975,c
test_1862.jpg,0.10611376,0.88847965,0.003204358,0.0022023208,b
test_1863.jpg,4.0063154e-05,7.888903e-06,5.4219586e-06,0.9999466,d
test_1864.jpg,0.012343039,0.980529,0.004007198,0.003120809,b
test_1865.jpg,0.002472211,0.00010862137,0.997361,5.8140824e-05,c
test_1866.jpg,1.7602798e-06,4.7849367e-06,3.1201707e-05,0.9999622,d
test_1867.jpg,7.468164e-05,1.6663724e-05,0.99772614,0.0021825172,c
test_1868.jpg,0.0010310544,0.00023005932,0.00090990233,0.997829,d
test_1869.jpg,1.12535e-07,0.99999845,3.2563082e-07,1.0677023e-06,b
test_1870.jpg,0.0002959495,1.8919416e-05,0.99967825,6.9600646e-06,c
test_1871.jpg,1.892386e-05,1.6700247e-05,5.1440387e-05,0.999913,d
test_1872.jpg,4.7843128e-06,0.9998318,4.0058556e-05,0.00012338905,b
test_1873.jpg,1.7603077e-06,1.2098407e-06,0.99997807,1.8925091e-05,c
test_1874.jpg,0.9999907,6.144155e-06,8.8514946e-07,2.2603085e-06,a
test_1875.jpg,4.2228226e-06,1.3709498e-06,1.1365573e-06,0.9999932,d
test_1876.jpg,0.005873899,0.9878379,0.0031440717,0.0031440717,b
test_1877.jpg,3.9278578e-07,5.715e-07,3.9278578e-07,0.99999857,d
test_1878.jpg,0.99736124,0.001499472,0.00010862139,0.0010305711,a
test_1879.jpg,0.017935857,0.0024273545,0.00037224687,0.9792646,d
test_1880.jpg,2.9023072e-06,4.1811697e-07,0.99999535,1.3709528e-06,c
test_1881.jpg,1.05716865e-07,0.99999857,8.3152753e-07,5.0434693e-07,b
test_1882.jpg,0.0001793905,0.0006261343,0.99905485,0.00013970946,c
test_1883.jpg,0.99827504,0.00013960041,0.0013244918,0.00026080786,a
test_1884.jpg,1.0676997e-06,1.2098623e-06,0.99999595,1.7603392e-06,c
test_1885.jpg,0.00020339139,0.00010886757,6.603151e-05,0.9996216,d
test_1886.jpg,2.5612565e-06,0.99998736,2.2603008e-06,7.889224e-06,b
test_1887.jpg,1.0676955e-06,7.338157e-07,0.999992,6.1441633e-06,c
test_1888.jpg,0.00022832744,0.99031734,0.006672706,0.002781598,b
test_1889.jpg,0.9996785,0.00012337012,0.00012337012,7.482777e-05,a
test_1890.jpg,9.4224146e-07,2.902308e-06,4.4508332e-07,0.9999957,d
test_1891.jpg,3.4663182e-07,3.9278527e-07,1.9947283e-06,0.99999726,d
test_1892.jpg,9.607852e-05,0.99965525,0.00010887123,0.00013979342,b
test_1893.jpg,1.9946858e-06,6.0834475e-07,0.9999759,2.1444892e-05,c
test_1894.jpg,0.0008029341,0.00010866532,0.9977646,0.0013238145,c
test_1895.jpg,4.7850685e-06,1.2098548e-06,4.222808e-06,0.99998975,d
test_1896.jpg,3.7265427e-06,0.9999703,1.3006911e-05,1.3006911e-05,b
test_1897.jpg,0.9988586,0.00080381444,0.00015828044,0.00017935524,a
test_1898.jpg,2.238022e-07,0.9999968,1.2098633e-06,1.7603406e-06,b
test_1899.jpg,3.7264297e-06,4.7848307e-06,0.99994004,5.1441777e-05,c
test_1900.jpg,0.00037882198,0.002799137,0.00026036025,0.9965617,d
test_1901.jpg,0.9999964,2.5612796e-06,2.5360103e-07,8.3152577e-07,a
test_1902.jpg,5.714977e-07,0.99999464,1.0676983e-06,3.7266332e-06,b
test_1903.jpg,5.8288235e-05,4.5394925e-05,6.5397585e-06,0.99988973,d
test_1904.jpg,0.094942465,0.7949435,0.1075839,0.002530131,b
test_1905.jpg,4.0056268e-05,0.99977475,0.00013981013,4.5389705e-05,b
test_1906.jpg,0.00048697376,0.9977023,0.00048697376,0.0013237318,b
test_1907.jpg,2.4299243e-05,1.670061e-05,0.9999347,2.4299243e-05,c
test_1908.jpg,3.7266016e-06,5.422173e-06,4.7850513e-06,0.9999862,d
test_1909.jpg,0.9999964,1.0030114e-06,1.0677002e-06,1.5534947e-06,a
test_1910.jpg,0.00012232922,0.0085759405,5.7784233e-05,0.99124396,d
test_1911.jpg,0.00033531612,6.602766e-05,3.5342062e-05,0.9995633,d
test_1912.jpg,1.4738844e-05,1.3709262e-06,7.889134e-06,0.9999759,d
test_1913.jpg,2.5612783e-06,1.0676997e-06,3.6898712e-07,0.99999595,d
test_1914.jpg,1.3709497e-06,0.9999931,2.2603137e-06,3.2887372e-06,b
test_1915.jpg,0.5599171,0.0010808943,0.4360639,0.0029381753,a
test_1916.jpg,1.6700495e-05,4.5396653e-05,1.0129361e-05,0.99992776,d
test_1917.jpg,1.975046e-07,0.99999607,1.9947258e-06,1.7603394e-06,b
test_1918.jpg,0.58312654,0.0023831048,0.40077662,0.013713822,a
test_1919.jpg,0.9887073,0.00025830822,0.010983546,5.086391e-05,a
test_1920.jpg,0.99999225,1.9947183e-06,1.5534882e-06,4.2228185e-06,a
test_1921.jpg,0.0006996384,8.3559884e-05,0.98516417,0.014052612,c
test_1922.jpg,0.0005513138,0.0024708172,0.99679875,0.00017898538,c
test_1923.jpg,0.009590703,0.3176005,0.00044856317,0.6723602,d
test_1924.jpg,0.99994946,2.1444324e-05,1.892455e-05,1.0129581e-05,a
test_1925.jpg,0.9993771,0.0002610958,6.601535e-05,0.0002958603,a
test_1926.jpg,4.539601e-05,0.9999136,2.429873e-05,1.6700258e-05,b
test_1927.jpg,2.4298406e-05,0.9999002,4.0061295e-05,3.5353973e-05,b
test_1928.jpg,1.7429774e-07,1.1253508e-07,5.0434727e-07,0.99999917,d
test_1929.jpg,3.288725e-06,0.9999894,4.7850667e-06,2.5612615e-06,b
test_1930.jpg,1.6697999e-05,0.00010888463,0.99977833,9.609035e-05,c
test_1931.jpg,0.8823539,0.0046301684,0.105382144,0.007633857,a
test_1932.jpg,4.450846e-07,5.715e-07,4.450846e-07,0.99999857,d
test_1933.jpg,0.9999914,4.7850767e-06,2.5612667e-06,1.2878859e-06,a
test_1934.jpg,1.85539e-07,6.475947e-07,1.0571693e-07,0.99999917,d
test_1935.jpg,0.02908374,0.00044161326,0.9631212,0.0073535205,c
test_1936.jpg,1.994646e-06,1.8737965e-06,4.0063533e-05,0.999956,d
test_1937.jpg,0.001195232,0.024006877,0.9008514,0.07394639,c
test_1938.jpg,0.8092181,0.024436269,0.15934448,0.0070011085,a
test_1939.jpg,0.00015836424,0.9993874,0.0002958634,0.00015836424,b
test_1940.jpg,0.9731137,0.0259326,0.0008336021,0.00012009177,a
test_1941.jpg,0.007068126,0.92574185,0.059180696,0.008009236,b
test_1942.jpg,8.4739004e-05,4.5357523e-05,0.99906594,0.0008039813,c
test_1943.jpg,6.604987e-05,2.1443253e-05,1.3005991e-05,0.9998995,d
test_1944.jpg,3.2886826e-06,0.9999765,5.422121e-06,1.4738852e-05,b
test_1945.jpg,0.92714995,0.0042935563,0.0013939135,0.06716252,a
test_1946.jpg,3.0590195e-07,2.2380266e-07,0.9999988,6.4759445e-07,c
test_1947.jpg,9.6047486e-05,1.8912871e-05,0.99933237,0.0005527151,c
test_1948.jpg,0.09530051,0.00044132894,0.90418607,7.204496e-05,c
test_1949.jpg,2.7535216e-05,4.222662e-06,0.9999552,1.3006715e-05,c
test_1950.jpg,0.00062593736,0.00020321213,0.00043020007,0.9987406,d
test_1951.jpg,2.699576e-07,3.92786e-07,2.2380274e-07,0.99999917,d
test_1952.jpg,0.0021416282,0.017931633,0.979034,0.00089276343,c
test_1953.jpg,0.0008036628,9.598383e-05,0.9986701,0.0004301697,c
test_1954.jpg,0.99997497,1.4738829e-05,7.889127e-06,2.4060478e-06,a
test_1955.jpg,0.001948897,0.890928,0.106406175,0.0007169591,b
test_1956.jpg,5.4221236e-06,1.1478636e-05,6.144071e-06,0.999977,d
test_1957.jpg,4.5377736e-05,0.00043053197,1.3000938e-05,0.9995111,d
test_1958.jpg,4.539599e-05,1.01292135e-05,0.9999132,3.120018e-05,c
test_1959.jpg,2.1440694e-05,1.8921344e-05,0.00017952072,0.9997801,d
test_1960.jpg,7.88913e-06,8.939555e-06,7.88913e-06,0.9999753,d
test_1961.jpg,2.873659e-07,0.9999906,3.7266182e-06,5.4221973e-06,b
test_1962.jpg,0.9918556,0.0019147318,0.0010248821,0.0052047805,a
test_1963.jpg,1.994711e-06,0.99998856,2.5612594e-06,6.962225e-06,b
test_1964.jpg,1.2215027e-05,0.99965644,0.00029594303,3.5345354e-05,b
test_1965.jpg,0.029799739,0.870876,0.007534554,0.091789655,b
test_1966.jpg,1.0129943e-05,3.2887112e-06,1.3709389e-06,0.9999852,d
test_1967.jpg,3.059021e-07,1.9750524e-07,1.2751897e-07,0.9999993,d
test_1968.jpg,0.00010882331,0.99921525,0.00055265037,0.00012331296,b
test_1969.jpg,7.338165e-07,0.9999931,3.2887372e-06,2.9023006e-06,b
test_1970.jpg,5.658622e-08,2.873685e-07,8.233246e-08,0.99999964,d
test_1971.jpg,0.99999845,7.338204e-07,3.2563082e-07,5.043469e-07,a
test_1972.jpg,0.9837098,0.005162035,0.010928029,0.00020015384,a
test_1973.jpg,1.2878937e-06,7.8114704e-07,3.256305e-07,0.9999975,d
test_1974.jpg,0.99997914,1.4738891e-05,1.8738398e-06,4.222763e-06,a
test_1975.jpg,0.9998609,3.5352583e-05,1.8922874e-05,8.480643e-05,a
test_1976.jpg,0.9999548,2.1444439e-05,1.8924651e-05,4.7849016e-06,a
test_1977.jpg,3.9278598e-07,4.9937135e-08,0.99999905,5.715002e-07,c
test_1978.jpg,0.00061941106,7.397812e-05,0.9883273,0.0109793255,c
test_1979.jpg,0.99996233,1.6701071e-05,1.4738644e-05,6.143981e-06,a
test_1980.jpg,0.0024644956,0.0001227,0.9942484,0.0031644749,c
test_1981.jpg,2.5612699e-06,3.7266257e-06,1.1365566e-06,0.9999926,d
test_1982.jpg,1.5534926e-06,1.2098611e-06,0.999995,2.260318e-06,c
test_1983.jpg,0.0010320264,0.00015826637,4.0016002e-05,0.9987697,d
test_1984.jpg,1.3006857e-05,7.889057e-06,1.3006857e-05,0.99996614,d
test_1985.jpg,1.0030029e-06,4.2228e-06,0.99998784,6.96222e-06,c
test_1986.jpg,0.000108891574,2.7532102e-05,0.99984205,2.1442022e-05,c
test_1987.jpg,1.6373718e-07,0.9999968,1.0677006e-06,1.9947274e-06,b
test_1988.jpg,1.5534953e-06,1.2098633e-06,4.450838e-07,0.9999968,d
test_1989.jpg,1.0676529e-06,0.9999521,1.147835e-05,3.5355806e-05,b
test_1990.jpg,0.99657154,0.00029502978,0.0003343125,0.0027991645,a
test_1991.jpg,0.37660712,0.0009335157,0.0015391073,0.6209202,d
test_1992.jpg,0.8030557,0.007872881,0.123152584,0.065918826,a
test_1993.jpg,1.0676994e-06,1.7603386e-06,1.5534935e-06,0.9999956,d
test_1994.jpg,4.4508417e-07,1.2751876e-07,0.9999976,1.7603421e-06,c
test_1995.jpg,2.2603103e-06,0.99999154,2.5612671e-06,3.7266216e-06,b
test_1996.jpg,1.1979299e-07,5.043473e-07,1.7429775e-07,0.9999993,d
test_1997.jpg,8.479317e-05,0.99970454,3.1193667e-05,0.00017950716,b
test_1998.jpg,6.143759e-06,0.9999262,4.0062336e-05,2.753442e-05,b
test_1999.jpg,0.999887,7.484338e-05,2.1442986e-05,1.6699812e-05,a
test_2000.jpg,2.260321e-06,8.3152565e-07,6.4759286e-07,0.9999963,d
test_2001.jpg,0.99998605,1.0129952e-05,1.7603218e-06,1.994706e-06,a
test_2002.jpg,1.0129769e-05,0.99996805,1.6701168e-05,5.0935682e-06,b
test_2003.jpg,0.0016964264,0.0010289345,0.9957775,0.0014970909,c
test_2004.jpg,1.6701288e-05,6.144061e-06,1.7603029e-06,0.9999753,d
test_2005.jpg,2.1443568e-05,0.99991417,5.1440446e-05,1.3006182e-05,b
test_2006.jpg,0.9992193,0.00013973247,0.0003798322,0.00026105458,a
test_2007.jpg,0.99999464,2.2603174e-06,1.0676983e-06,1.994723e-06,a
test_2008.jpg,0.559537,0.43576786,0.0042721177,0.00042299696,a
test_2009.jpg,1.9947183e-06,2.902298e-06,2.902298e-06,0.99999225,d
test_2010.jpg,0.4056704,0.0005729487,0.590247,0.0035097366,c
test_2011.jpg,1.8899793e-05,1.4719172e-05,0.0013249777,0.9986413,d
test_2012.jpg,0.0011693247,3.531055e-05,0.9986721,0.00012324593,c
test_2013.jpg,7.3381847e-07,0.9999958,1.2098621e-06,2.2603201e-06,b
test_2014.jpg,5.8216054e-05,0.99865156,0.0003796164,0.00091065234,b
test_2015.jpg,2.5360166e-07,6.4759456e-07,2.5360166e-07,0.9999989,d
test_2016.jpg,4.7849244e-06,1.8924742e-05,0.9999596,1.6701026e-05,c
test_2017.jpg,1.3709493e-06,4.222821e-06,1.5534891e-06,0.99999285,d
test_2018.jpg,0.9997898,2.7530661e-05,2.4295721e-05,0.00015842801,a
test_2019.jpg,0.00037863597,0.9960724,0.00037863597,0.0031702803,b
test_2020.jpg,0.00010871396,0.00017923901,0.99821126,0.0015007498,c
test_2021.jpg,2.561268e-06,1.370948e-06,0.9999919,4.222817e-06,c
test_2022.jpg,0.9999012,3.11998e-05,4.0061335e-05,2.753373e-05,a
test_2023.jpg,9.422409e-07,1.3709524e-06,2.5612762e-06,0.9999951,d
test_2024.jpg,0.004535268,0.00028992997,0.97934514,0.01582964,c
test_2025.jpg,0.9996958,9.608241e-05,0.00012337226,8.4792424e-05,a
test_2026.jpg,1.5534938e-06,1.7603389e-06,8.3152526e-07,0.9999958,d
test_2027.jpg,0.0021653103,0.0027803134,0.005194309,0.9898601,d
test_2028.jpg,8.851338e-07,0.99997294,2.1444828e-05,4.784988e-06,b
test_2029.jpg,0.9999951,3.2887438e-06,9.422409e-07,6.8935816e-07,a
test_2030.jpg,3.9278268e-07,0.9999907,1.9947151e-06,6.96224e-06,b
test_2031.jpg,0.008564002,0.0013133322,0.00025861044,0.98986405,d
test_2032.jpg,0.0011492306,0.0014756413,0.9815105,0.015864639,c
test_2033.jpg,1.2878493e-06,0.99996305,1.6701084e-05,1.8924808e-05,b
test_2034.jpg,0.08505084,0.00044630593,0.91438276,0.00012012161,c
test_2035.jpg,0.0097067375,0.9901141,8.397973e-05,9.51615e-05,b
test_2036.jpg,3.6534768e-08,0.99999857,3.9278578e-07,9.422441e-07,b
test_2037.jpg,0.9998683,8.480706e-05,3.1198775e-05,1.568773e-05,a
test_2038.jpg,1.553492e-06,1.994723e-06,1.7603369e-06,0.99999464,d
test_2039.jpg,1.1477388e-05,0.9998683,8.480706e-05,3.5352845e-05,b
test_2040.jpg,1.4593433e-06,0.9999759,7.889134e-06,1.4738844e-05,b
test_2041.jpg,0.99998164,6.962177e-06,1.2878733e-06,1.0129907e-05,a
test_2042.jpg,8.939578e-06,7.88915e-06,5.422128e-06,0.9999778,d
test_2043.jpg,1.8924766e-05,5.4220363e-06,0.9999609,1.4738622e-05,c
test_2044.jpg,2.7534028e-05,8.93899e-06,0.999912,5.1440336e-05,c
test_2045.jpg,0.0010281355,0.99500424,0.0031668805,0.00080071273,b
test_2046.jpg,0.999778,7.483522e-05,7.4096893e-06,0.00013981058,a
test_2047.jpg,0.0007091633,0.9985763,0.0003795878,0.00033498503,b
test_2048.jpg,0.0031619957,0.9934695,0.0009059269,0.0024625647,b
test_2049.jpg,0.0003799139,0.00015837167,2.7520871e-05,0.9994342,d
test_2050.jpg,9.4224356e-07,2.5360143e-07,0.999998,8.31527e-07,c
test_2051.jpg,8.397549e-06,4.5396726e-05,1.6700522e-05,0.9999294,d
test_2052.jpg,6.603486e-05,0.0002034017,5.827556e-05,0.9996723,d
test_2053.jpg,5.1437386e-05,7.484096e-05,0.9998547,1.8922756e-05,c
test_2054.jpg,0.0020791383,0.00013291487,0.950467,0.047320966,c
test_2055.jpg,3.0590198e-07,1.8553895e-07,0.9999989,5.7150015e-07,c
test_2056.jpg,3.927802e-07,0.9999844,3.726595e-06,1.1478721e-05,b
test_2057.jpg,0.9999981,1.2098649e-06,3.689879e-07,3.466321e-07,a
test_2058.jpg,0.0002947506,0.9956285,0.0009078957,0.0031688674,b
test_2059.jpg,0.00040130346,0.93165505,0.00045473644,0.067488864,b
test_2060.jpg,3.7265684e-06,0.99997723,8.939573e-06,1.0129862e-05,b
test_2061.jpg,1.5534911e-06,1.0676977e-06,0.99999404,3.2887403e-06,c
test_2062.jpg,1.5534812e-06,1.7603247e-06,0.9999877,8.939666e-06,c
test_2063.jpg,6.96188e-06,5.1441722e-05,2.5611325e-06,0.99993896,d
test_2064.jpg,0.0009554519,0.18207692,0.0009554519,0.81601214,d
test_2065.jpg,0.0023032783,0.49736962,0.49736962,0.0029574677,b
test_2066.jpg,0.99876887,0.0002609369,0.0007093001,0.0002609369,a
test_2067.jpg,2.5612674e-06,4.7850776e-06,1.0676952e-06,0.99999166,d
test_2068.jpg,6.962132e-06,8.939554e-06,0.9999752,8.939554e-06,c
test_2069.jpg,5.1440355e-05,1.4737907e-05,2.144353e-05,0.9999124,d
test_2070.jpg,1.8924738e-05,1.1478434e-05,1.0129683e-05,0.99995947,d
test_2071.jpg,0.9999702,1.4738759e-05,8.93951e-06,6.144029e-06,a
test_2072.jpg,2.9021958e-06,0.99995697,8.939392e-06,3.1201544e-05,b
test_2073.jpg,1.1476733e-05,0.99981123,1.8921934e-05,0.0001584314,b
test_2074.jpg,0.99999607,1.5534941e-06,1.0030111e-06,1.3709538e-06,a
test_2075.jpg,0.99430096,0.0046045273,0.00080014684,0.00029435757,a
test_2076.jpg,7.3382023e-07,8.3152725e-07,2.2380253e-07,0.9999982,d
test_2077.jpg,0.9998771,5.143854e-05,6.6048386e-05,5.421582e-06,a
test_2078.jpg,4.539547e-05,4.539547e-05,7.410607e-06,0.9999018,d
test_2079.jpg,1.6700169e-05,0.9999083,6.605045e-05,8.938957e-06,b
test_2080.jpg,4.4507954e-07,0.99998724,6.962216e-06,5.422179e-06,b
test_2081.jpg,0.99999785,1.3709562e-06,4.4508425e-07,3.2563062e-07,a
test_2082.jpg,0.0002293605,0.00090713846,0.0040655127,0.99479806,d
test_2083.jpg,0.0039726538,0.58959407,0.001211591,0.4052217,b
test_2084.jpg,1.444972e-07,0.9999943,1.3709513e-06,4.222827e-06,b
test_2085.jpg,2.7534412e-05,1.8924105e-05,0.999926,2.7534412e-05,c
test_2086.jpg,3.2887294e-06,4.785073e-06,1.2098559e-06,0.9999907,d
test_2087.jpg,3.2887167e-06,6.9622133e-06,2.9022826e-06,0.9999869,d
test_2088.jpg,0.0002610729,1.891206e-05,0.9992895,0.0004304365,c
test_2089.jpg,9.4223844e-07,3.7266252e-06,2.9022988e-06,0.9999925,d
test_2090.jpg,5.043463e-07,0.99999726,1.2098639e-06,1.0677011e-06,b
test_2091.jpg,0.00010889016,1.6698847e-05,4.539217e-05,0.99982905,d
test_2092.jpg,4.4508454e-07,8.315274e-07,0.99999845,1.9750507e-07,c
test_2093.jpg,0.00017941292,0.00037981718,0.9991798,0.00026104425,c
test_2094.jpg,2.9023072e-06,1.2098616e-06,6.083566e-07,0.99999535,d
test_2095.jpg,0.9999845,7.889203e-06,1.3709379e-06,6.1441174e-06,a
test_2096.jpg,3.1201416e-05,6.961977e-06,0.9999529,8.939355e-06,c
test_2097.jpg,0.9999622,2.753541e-05,3.2886355e-06,6.9620414e-06,a
test_2098.jpg,0.9999851,6.962201e-06,1.0030002e-06,6.962201e-06,a
test_2099.jpg,0.00013961182,0.0011689552,0.0003349113,0.9983565,d
test_2100.jpg,3.5353387e-05,6.1434976e-06,0.99988365,7.484313e-05,c
test_2101.jpg,2.699574e-07,3.9278575e-07,9.42244e-07,0.99999845,d
test_2102.jpg,0.9999974,6.4759354e-07,1.5534962e-06,4.4508405e-07,a
test_2103.jpg,0.99949515,8.477541e-05,0.00037993706,4.0045066e-05,a
test_2104.jpg,6.603839e-05,0.00020341258,4.7838053e-06,0.99972576,d
test_2105.jpg,0.00029587184,8.47687e-05,0.00020334954,0.999416,d
test_2106.jpg,3.466325e-07,2.2380277e-07,1.125351e-07,0.9999993,d
test_2107.jpg,1.3006921e-05,1.4738772e-05,1.1365321e-06,0.99997103,d
test_2108.jpg,2.3823614e-07,0.99999654,9.4224225e-07,2.2603217e-06,b
test_2109.jpg,0.00022893955,0.000108143395,0.99297225,0.006690595,c
test_2110.jpg,0.9991535,0.0001794082,0.0004876821,0.0001794082,a
test_2111.jpg,0.9999367,1.4738265e-05,2.4299292e-05,2.4299292e-05,a
test_2112.jpg,8.474272e-05,0.00070954213,9.602609e-05,0.9991097,d
test_2113.jpg,7.480356e-05,0.00043046472,0.999355,0.00013975144,c
test_2114.jpg,0.0016898682,0.0058982186,0.00048415532,0.99192786,d
test_2115.jpg,0.99999666,6.8935924e-07,8.8515475e-07,1.7603404e-06,a
test_2116.jpg,6.4759433e-07,2.5360157e-07,0.99999857,5.715e-07,c
test_2117.jpg,0.999997,1.2098635e-06,8.315262e-07,9.422427e-07,a
test_2118.jpg,0.0013409591,0.02376907,0.0829622,0.8919277,d
test_2119.jpg,0.0021824548,8.462295e-05,0.99769765,3.5276098e-05,c
test_2120.jpg,4.1811515e-07,0.99999106,1.5534864e-06,6.9622424e-06,b
test_2121.jpg,0.99998343,8.939628e-06,2.260292e-06,5.422158e-06,a
test_2122.jpg,0.00020258881,0.0040691053,5.1222476e-05,0.9956772,d
test_2123.jpg,5.8288744e-05,1.8923583e-05,0.99989843,2.4298362e-05,c
test_2124.jpg,1.3006107e-05,3.7263121e-06,0.99990845,7.484498e-05,c
test_2125.jpg,1.2098623e-06,6.0835697e-07,0.99999595,2.2603203e-06,c
test_2126.jpg,2.1440741e-05,1.6698066e-05,0.9997824,0.00017952113,c
test_2127.jpg,3.5348494e-05,0.9997452,9.608716e-05,0.00012337836,b
test_2128.jpg,2.7261174e-06,0.00012339349,6.1434002e-06,0.9998678,d
test_2129.jpg,1.3709508e-06,1.3709508e-06,0.9999939,3.28874e-06,c
test_2130.jpg,1.0129878e-05,4.2227616e-06,6.962157e-06,0.9999788,d
test_2131.jpg,6.962184e-06,3.288703e-06,6.962184e-06,0.9999827,d
test_2132.jpg,1.9946938e-06,0.99998,3.288694e-06,1.4738903e-05,b
test_2133.jpg,9.42242e-07,2.260321e-06,4.4508357e-07,0.9999963,d
test_2134.jpg,4.7378546e-07,0.9999888,5.4221873e-06,5.4221873e-06,b
test_2135.jpg,1.300684e-05,5.4220577e-06,0.99996483,1.6701113e-05,c
test_2136.jpg,2.2603213e-06,1.2098628e-06,1.7429726e-07,0.9999964,d
test_2137.jpg,0.9999927,1.553489e-06,3.7266261e-06,1.9947192e-06,a
test_2138.jpg,0.9999844,7.889202e-06,6.1441165e-06,1.5534761e-06,a
test_2139.jpg,1.300618e-05,5.1440442e-05,2.1443566e-05,0.99991405,d
test_2140.jpg,3.119347e-05,0.00023049029,4.0053204e-05,0.9996983,d
test_2141.jpg,6.600442e-05,0.00070961437,1.2997041e-05,0.99921143,d
test_2142.jpg,1.3006837e-05,9.422121e-07,0.9999646,2.144465e-05,c
test_2143.jpg,2.1024249e-07,0.9999957,1.5534936e-06,2.5612778e-06,b
test_2144.jpg,2.7532953e-05,1.4737326e-05,0.9998729,8.4807456e-05,c
test_2145.jpg,2.3823637e-07,3.0590155e-07,0.9999975,1.9947288e-06,c
test_2146.jpg,8.478361e-05,0.00029592394,2.7525213e-05,0.9995919,d
test_2147.jpg,3.7263671e-06,0.9999232,1.4738067e-05,5.829019e-05,b
test_2148.jpg,0.9997341,1.1475848e-05,7.4831936e-05,0.00017951246,a
test_2149.jpg,2.873683e-07,3.466324e-07,4.7379027e-07,0.9999989,d
test_2150.jpg,0.00596305,0.88499504,0.026724536,0.08231736,b
test_2151.jpg,0.00079884863,0.9926878,0.0019163383,0.0045970567,b
test_2152.jpg,0.0002610935,7.480455e-05,0.99936825,0.00029585772,c
test_2153.jpg,4.4508425e-07,2.6995727e-07,0.99999785,1.3709562e-06,c
test_2154.jpg,1.1365461e-06,0.9999833,5.4221578e-06,1.0129924e-05,b
test_2155.jpg,4.9937093e-08,0.9999982,2.5360148e-07,1.3709566e-06,b
test_2156.jpg,3.2887442e-06,9.42241e-07,5.7149805e-07,0.99999523,d
test_2157.jpg,7.338167e-07,3.7266288e-06,2.123369e-06,0.99999344,d
test_2158.jpg,0.00048298162,0.009700945,0.98952323,0.00029294315,c
test_2159.jpg,0.015722388,0.0057839435,0.9727098,0.0057839435,c
test_2160.jpg,0.11851792,0.0040554604,0.19540304,0.6820236,d
test_2161.jpg,0.99112785,0.0014901004,0.0066781673,0.00070387364,a
test_2162.jpg,0.05246494,0.013265213,0.0043065846,0.92996323,d
test_2163.jpg,9.422437e-07,1.1979284e-07,0.9999981,8.3152713e-07,c
test_2164.jpg,4.5386303e-05,0.00023049065,2.4293535e-05,0.99969983,d
test_2165.jpg,3.4663242e-07,1.4449789e-07,0.99999905,5.043472e-07,c
test_2166.jpg,1.6701051e-05,5.4220377e-06,0.99996114,1.6701051e-05,c
test_2167.jpg,0.0001397751,7.481622e-05,0.00026113424,0.99952424,d
test_2168.jpg,0.014037563,0.0016765482,0.00017670685,0.9841092,d
test_2169.jpg,7.3381995e-07,1.0677018e-06,3.4663202e-07,0.99999785,d
test_2170.jpg,0.9984591,0.0003349457,0.00091047684,0.00029558857,a
test_2171.jpg,0.00033307658,8.9646346e-05,0.9928873,0.006690022,c
test_2172.jpg,0.00013970234,0.0006261024,0.99900395,0.0002303302,c
test_2173.jpg,7.3382023e-07,1.4449778e-07,0.9999982,9.422438e-07,c
test_2174.jpg,0.99659216,0.00037883353,0.0027992225,0.00022977414,a
test_2175.jpg,1.3709342e-06,3.7265856e-06,1.3007062e-05,0.9999819,d
test_2176.jpg,6.47586e-07,4.785049e-06,8.939648e-06,0.9999857,d
test_2177.jpg,0.00037938415,0.0015004933,7.9523226e-05,0.9980406,d
test_2178.jpg,0.9999939,3.28874e-06,7.811442e-07,1.9947217e-06,a
test_2179.jpg,0.006532453,0.0012863162,0.40414855,0.58803266,d
test_2180.jpg,0.99997365,1.8925008e-05,4.22274e-06,3.2886733e-06,a
test_2181.jpg,3.1201274e-05,7.4109525e-06,1.3006626e-05,0.9999484,d
test_2182.jpg,7.888707e-06,0.9999217,1.8924024e-05,5.1440835e-05,b
test_2183.jpg,1.5534923e-06,1.7603373e-06,1.7603373e-06,0.9999949,d
test_2184.jpg,7.889134e-06,1.14786235e-05,0.9999759,4.7850026e-06,c
test_2185.jpg,0.9999571,1.4738566e-05,1.1478407e-05,1.6700984e-05,a
test_2186.jpg,3.028841e-08,0.9999993,3.466325e-07,3.466325e-07,b
test_2187.jpg,1.553484e-06,1.0676928e-06,0.9999895,7.889242e-06,c
test_2188.jpg,0.9999957,3.2887458e-06,4.4508332e-07,5.043455e-07,a
test_2189.jpg,5.8288057e-05,0.99988663,2.753333e-05,2.753333e-05,b
test_2190.jpg,6.60277e-05,0.0002611446,0.00010886128,0.9995639,d
test_2191.jpg,0.99999845,4.4508454e-07,8.315274e-07,3.2563082e-07,a
test_2192.jpg,0.0034043386,0.6487521,0.34725198,0.00059158535,b
test_2193.jpg,0.00036719456,0.9659737,0.0330538,0.00060540147,b
test_2194.jpg,0.0002607949,1.2984215e-05,0.9982254,0.0015007711,c
test_2195.jpg,1.4730516e-05,2.1432777e-05,0.999411,0.0005527586,c
test_2196.jpg,1.2098633e-06,8.3152605e-07,0.9999968,1.2098633e-06,c
test_2197.jpg,1.6700897e-05,0.99995184,1.4738489e-05,1.6700897e-05,b
test_2198.jpg,0.99954766,5.1421594e-05,0.00013977838,0.00026114038,a
test_2199.jpg,1.7603329e-06,1.0676958e-06,0.9999924,4.7850813e-06,c
test_2200.jpg,2.7534745e-05,1.3006492e-05,0.999938,2.1444079e-05,c
test_2201.jpg,0.00080383505,0.00020324133,0.000108787244,0.99888414,d
test_2202.jpg,0.0002022167,0.005909638,3.9818828e-05,0.9938484,d
test_2203.jpg,0.0009103597,0.99833065,0.0003794944,0.0003794944,b
test_2204.jpg,4.222809e-06,2.561263e-06,3.288727e-06,0.99999,d
test_2205.jpg,0.0002957877,0.99913174,0.00048767147,8.4744584e-05,b
test_2206.jpg,0.9998023,5.143469e-05,0.00013981399,6.5391864e-06,a
test_2207.jpg,7.338204e-07,6.475942e-07,2.699574e-07,0.99999845,d
test_2208.jpg,0.9999864,2.123354e-06,5.4221746e-06,6.1441287e-06,a
test_2209.jpg,4.7850444e-06,6.1441187e-06,4.2227866e-06,0.99998474,d
test_2210.jpg,0.21370234,0.11438661,0.65824956,0.013661534,c
test_2211.jpg,9.32947e-08,0.9999975,6.475936e-07,1.7603419e-06,b
test_2212.jpg,0.9999894,1.6536749e-06,4.7850667e-06,4.222806e-06,a
test_2213.jpg,7.4785945e-05,0.9991197,0.00070954923,9.602705e-05,b
test_2214.jpg,1.9750503e-07,0.9999982,5.7149975e-07,1.0677021e-06,b
test_2215.jpg,0.0013108328,0.9879802,0.008547704,0.002161198,b
test_2216.jpg,0.9882311,0.008549875,0.0013111657,0.0019077349,a
test_2217.jpg,2.753426e-05,6.5399595e-06,4.5396322e-05,0.9999205,d
test_2218.jpg,0.77644676,0.0008023006,0.0002951499,0.22245573,a
test_2219.jpg,0.00037932344,0.0007086695,0.9978809,0.001031108,c
test_2220.jpg,9.422202e-07,0.9999732,6.962118e-06,1.8924999e-05,b
test_2221.jpg,0.99032474,0.0024547698,0.0066727553,0.0005477331,a
test_2222.jpg,5.714955e-07,1.76033e-06,0.9999907,6.96224e-06,c
test_2223.jpg,0.9999906,3.7266182e-06,3.7266182e-06,1.994715e-06,a
test_2224.jpg,0.9991949,4.536338e-05,0.00037982294,0.00037982294,a
test_2225.jpg,1.4593561e-06,3.7265963e-06,0.99998474,1.0129938e-05,c
test_2226.jpg,3.7265336e-06,6.9620814e-06,2.1444721e-05,0.99996793,d
test_2227.jpg,0.9996666,5.142771e-05,5.142771e-05,0.00023048298,a
test_2228.jpg,4.4508423e-07,0.99999774,1.0677016e-06,7.338199e-07,b
test_2229.jpg,7.888761e-06,5.4218604e-06,0.9999285,5.8290494e-05,c
test_2230.jpg,1.9946015e-06,0.9999336,5.1441446e-05,1.3006434e-05,b
test_2231.jpg,3.7266295e-06,1.9947213e-06,5.7149714e-07,0.9999937,d
test_2232.jpg,0.0016846668,0.002777546,0.006662986,0.9888748,d
test_2233.jpg,4.539226e-05,0.00010889037,1.4736707e-05,0.99983096,d
test_2234.jpg,1.3709329e-06,0.9999808,4.785026e-06,1.3007048e-05,b
test_2235.jpg,5.422173e-06,7.889215e-06,5.043407e-07,0.9999862,d
test_2236.jpg,0.0035059329,0.0016560856,0.5896073,0.40523076,c
test_2237.jpg,0.0007049811,0.0059027346,0.0007049811,0.99268734,d
test_2238.jpg,0.99998045,3.2886956e-06,1.3007043e-05,3.2886956e-06,a
test_2239.jpg,0.99995756,2.1444499e-05,6.143952e-06,1.4738573e-05,a
test_2240.jpg,8.939609e-06,8.939609e-06,7.8113436e-07,0.9999813,d
test_2241.jpg,0.14720057,0.0044450723,0.0012735345,0.8470809,d
test_2242.jpg,0.9999789,1.1478658e-05,5.4221337e-06,4.222762e-06,a
test_2243.jpg,6.1436244e-06,0.9999043,1.4737788e-05,7.484467e-05,b
test_2244.jpg,0.0011633042,0.9935302,0.004600958,0.0007055797,b
test_2245.jpg,0.0061847256,0.00057526905,0.91789466,0.07534538,c
test_2246.jpg,1.2751897e-07,3.059021e-07,0.9999993,3.466325e-07,c
test_2247.jpg,0.9962042,0.0005509849,0.0019231265,0.0013217442,a
test_2248.jpg,0.00010888205,0.00010888205,0.9997546,2.7529693e-05,c
test_2249.jpg,0.00029587065,3.1184536e-05,0.99941194,0.0002611049,c
test_2250.jpg,8.939572e-06,1.3007e-05,9.4222395e-07,0.9999771,d
test_2251.jpg,9.4223896e-07,0.9999931,2.2603137e-06,3.7266275e-06,b
test_2252.jpg,0.999997,9.422427e-07,1.0677009e-06,9.422427e-07,a
test_2253.jpg,1.3709539e-06,8.3152554e-07,0.9999962,1.5534944e-06,c
test_2254.jpg,3.7265368e-06,3.2886571e-06,0.99996877,2.4300072e-05,c
test_2255.jpg,0.008518778,0.001677447,0.0051669003,0.9846369,d
test_2256.jpg,7.888797e-06,0.9999331,4.0062616e-05,1.892424e-05,b
test_2257.jpg,0.999995,9.422408e-07,1.7603375e-06,2.260318e-06,a
test_2258.jpg,1.553488e-06,1.553488e-06,0.99999213,4.78508e-06,c
test_2259.jpg,4.7378785e-07,1.5534906e-06,4.222825e-06,0.9999938,d
test_2260.jpg,0.8276141,0.03209008,0.013377136,0.12691873,a
test_2261.jpg,0.99453765,0.0046056234,0.00042838967,0.00042838967,a
test_2262.jpg,8.315247e-07,1.7603377e-06,0.9999951,2.2603183e-06,c
test_2263.jpg,0.9958318,0.0013212501,0.0024684202,0.0003785445,a
test_2264.jpg,1.9947174e-06,8.315219e-07,0.9999918,5.4222037e-06,c
test_2265.jpg,6.9617486e-06,2.7534252e-05,4.5396304e-05,0.9999201,d
test_2266.jpg,0.00026112964,0.00010885504,0.00012334892,0.9995066,d
test_2267.jpg,6.083581e-07,1.2098645e-06,3.2563062e-07,0.99999785,d
test_2268.jpg,0.99787307,0.00013954421,0.0015002415,0.00048705714,a
test_2269.jpg,6.144137e-06,2.902285e-06,3.2887194e-06,0.9999877,d
test_2270.jpg,0.029235741,0.002399816,0.00020969355,0.9681548,d
test_2271.jpg,0.96574354,0.033045925,0.0006052572,0.0006052572,a
test_2272.jpg,0.00017943727,0.00043044763,7.480059e-05,0.9993154,d
test_2273.jpg,0.0075646057,0.9907679,0.0014895593,0.00017790249,b
test_2274.jpg,0.9999589,1.6701013e-05,1.1478428e-05,1.3006763e-05,a
test_2275.jpg,4.2228007e-06,1.5534818e-06,0.9999881,6.144139e-06,c
test_2276.jpg,9.3294695e-08,0.9999974,5.0434636e-07,1.9947286e-06,b
test_2277.jpg,0.99985373,4.0059433e-05,9.6097596e-05,1.0128611e-05,a
test_2278.jpg,2.8736832e-07,2.8736832e-07,0.99999905,4.7379032e-07,c
test_2279.jpg,0.99999833,8.3152736e-07,4.181182e-07,3.256308e-07,a
test_2280.jpg,0.90862906,0.008907886,0.06582087,0.016642122,a
test_2281.jpg,0.9999683,1.0129772e-05,1.1478536e-05,1.0129772e-05,a
test_2282.jpg,0.00012338893,2.4296722e-05,0.99983084,2.1441781e-05,c
test_2283.jpg,0.0011334127,0.00023757623,0.75387996,0.244749,c
test_2284.jpg,2.38236e-07,0.99999595,1.3709536e-06,2.5612783e-06,b
test_2285.jpg,0.00026070495,0.00015812556,0.9978811,0.0017000103,c
test_2286.jpg,6.143957e-06,2.7535305e-05,0.9999584,7.888996e-06,c
test_2287.jpg,0.9942655,0.001919384,0.0035858813,0.00022923772,a
test_2288.jpg,0.00028548387,0.96432674,0.032997444,0.0023903272,b
test_2289.jpg,4.785073e-06,1.9947151e-06,0.9999907,2.5612649e-06,c
test_2290.jpg,0.999796,2.282386e-05,2.282386e-05,0.00015842899,a
test_2291.jpg,9.421411e-07,0.99988925,5.828821e-05,5.1439165e-05,b
test_2292.jpg,7.338194e-07,5.043462e-07,0.999997,1.7603411e-06,c
test_2293.jpg,5.043471e-07,7.265809e-08,0.9999989,5.7150015e-07,c
test_2294.jpg,6.4759377e-07,3.4663196e-07,0.99999774,1.370956e-06,c
test_2295.jpg,0.05968737,0.00555179,0.93366754,0.0010932123,c
test_2296.jpg,2.1444177e-05,4.7848425e-06,0.99994254,3.1201092e-05,c
test_2297.jpg,0.10596646,0.0059782187,0.8872463,0.00080906396,c
test_2298.jpg,0.98824674,0.0109784305,0.00048235856,0.00029256527,a
test_2299.jpg,6.4759314e-07,1.5534953e-06,1.0677006e-06,0.9999968,d
test_2300.jpg,1.3709379e-06,1.3007096e-05,0.9999845,1.0676874e-06,c
test_2301.jpg,4.539537e-05,0.9998995,2.7533684e-05,2.7533684e-05,b
test_2302.jpg,0.99974424,9.6087075e-05,7.483269e-05,8.479654e-05,a
test_2303.jpg,0.0003790042,0.002471418,0.00010858652,0.99704105,d
test_2304.jpg,1.35743e-07,0.9999975,8.315266e-07,1.5534964e-06,b
test_2305.jpg,1.9946776e-06,0.99997187,1.4738784e-05,1.1478577e-05,b
test_2306.jpg,0.798347,0.021275226,0.1781353,0.0022423926,a
test_2307.jpg,0.99984837,8.4805375e-05,2.1442158e-05,4.5393048e-05,a
test_2308.jpg,8.937417e-06,0.99973613,0.00020341469,5.143129e-05,b
test_2309.jpg,0.003589283,0.0002946263,0.00090751285,0.9952087,d
test_2310.jpg,0.23928154,0.737039,0.02225665,0.00142282,b
test_2311.jpg,5.043436e-07,0.9999919,4.222817e-06,3.2887333e-06,b
test_2312.jpg,0.9999697,6.1440264e-06,2.144476e-05,2.7263952e-06,a
test_2313.jpg,0.99975234,0.00012337924,5.8280228e-05,6.604015e-05,a
test_2314.jpg,8.3152713e-07,3.0590172e-07,0.9999981,7.338201e-07,c
test_2315.jpg,0.9998907,3.5353638e-05,6.604929e-05,7.888462e-06,a
test_2316.jpg,0.0007093436,0.00023029014,0.99883014,0.00023029014,c
test_2317.jpg,1.3709509e-06,3.726631e-06,9.4223986e-07,0.99999404,d
test_2318.jpg,1.8915058e-05,0.9994479,4.5374865e-05,0.0004878258,b
test_2319.jpg,6.6039036e-05,4.00547e-05,0.00015841941,0.99973553,d
test_2320.jpg,1.8553888e-07,1.1253501e-07,0.99999857,1.0677026e-06,c
test_2321.jpg,6.4756944e-07,0.9999602,7.889011e-06,3.1201645e-05,b
test_2322.jpg,2.9021612e-06,1.6700782e-05,3.535556e-05,0.99994504,d
test_2323.jpg,0.00026056744,0.0021817046,0.99735475,0.00020293014,c
test_2324.jpg,0.9998816,4.5394558e-05,5.8287762e-05,1.4737454e-05,a
test_2325.jpg,8.480598e-05,2.429732e-05,3.5352394e-05,0.9998555,d
test_2326.jpg,0.0031211218,0.31836307,0.6739746,0.0045412052,c
test_2327.jpg,5.3687427e-07,9.422437e-07,3.689879e-07,0.9999981,d
test_2328.jpg,0.038612977,0.32330254,0.6040086,0.034075834,c
test_2329.jpg,8.3152713e-07,5.3687427e-07,4.7378987e-07,0.9999981,d
test_2330.jpg,0.011253719,0.09422623,0.0005263435,0.8939937,d
test_2331.jpg,0.00023047897,0.00010887057,1.1474873e-05,0.99964917,d
test_2332.jpg,0.00026106896,8.475668e-05,0.9992743,0.00037985313,c
test_2333.jpg,1.4738005e-05,0.99991906,1.4738005e-05,5.1440697e-05,b
test_2334.jpg,1.0676968e-06,1.5534897e-06,0.9999932,4.2228226e-06,c
test_2335.jpg,1.3005166e-05,0.9998361,6.604568e-05,8.4804335e-05,b
test_2336.jpg,4.4507757e-07,0.99998283,3.7265893e-06,1.3007074e-05,b
test_2337.jpg,0.67293054,0.2805192,0.043019008,0.0035312152,a
test_2338.jpg,0.99999666,1.553495e-06,1.3709546e-06,3.466316e-07,a
test_2339.jpg,0.0006243444,0.0027981177,0.99619883,0.00037868405,c
test_2340.jpg,3.7265065e-06,0.99996066,1.8924762e-05,1.6701044e-05,b
test_2341.jpg,0.00048780546,7.480739e-05,3.1184358e-05,0.9994062,d
test_2342.jpg,1.0676985e-06,5.04345e-07,0.99999475,3.7266336e-06,c
test_2343.jpg,1.2098637e-06,1.2098637e-06,4.4508394e-07,0.99999714,d
test_2344.jpg,0.00015814473,0.00013956225,0.9980021,0.0017002163,c
test_2345.jpg,0.9999783,1.3007016e-05,5.4221305e-06,3.2886885e-06,a
test_2346.jpg,0.99998915,3.2887242e-06,3.2887242e-06,4.2228053e-06,a
test_2347.jpg,9.608558e-05,0.99972874,3.534791e-05,0.0001398037,b
test_2348.jpg,0.00033272372,0.0075727566,0.9918355,0.0002591255,c
test_2349.jpg,3.1200652e-05,2.1443871e-05,1.8924151e-05,0.99992836,d
test_2350.jpg,5.422188e-06,9.4223503e-07,0.9999889,4.7850644e-06,c
test_2351.jpg,1.0676965e-06,1.7603339e-06,0.99999297,4.2228216e-06,c
test_2352.jpg,0.0010253163,0.005900288,0.9922759,0.00079851714,c
test_2353.jpg,0.0017000624,0.00015813041,0.99791175,0.0002300784,c
test_2354.jpg,0.92497975,0.05218379,0.02175344,0.0010830399,a
test_2355.jpg,1.30066965e-05,8.9393625e-06,0.99995375,2.4299707e-05,c
test_2356.jpg,1.6693659e-05,0.00037994594,8.477739e-05,0.9995185,d
test_2357.jpg,9.6088275e-05,0.00013980761,7.4095324e-06,0.99975675,d
test_2358.jpg,1.9947254e-06,8.3152526e-07,0.9999958,1.3709534e-06,c
test_2359.jpg,0.00029594265,2.7526954e-05,2.1438012e-05,0.9996551,d
test_2360.jpg,3.4663248e-07,2.1024321e-07,1.9750522e-07,0.99999917,d
test_2361.jpg,4.7849558e-06,2.4300009e-05,4.7849558e-06,0.99996614,d
test_2362.jpg,0.9993999,8.476733e-05,8.476733e-05,0.00043048404,a
test_2363.jpg,6.41205e-08,0.9999982,7.3382023e-07,9.422438e-07,b
test_2364.jpg,0.9997662,1.892108e-05,3.5349232e-05,0.00017951822,a
test_2365.jpg,1.8924002e-05,2.2601498e-06,0.9999205,5.829003e-05,c
test_2366.jpg,0.999997,5.043462e-07,1.7603411e-06,7.338194e-07,a
test_2367.jpg,0.9993186,0.00048776268,0.00010883456,8.476044e-05,a
test_2368.jpg,0.9023559,0.0036877224,0.08393217,0.010024269,a
test_2369.jpg,1.1478195e-05,4.5397144e-05,4.4949256e-06,0.9999386,d
test_2370.jpg,2.5855683e-05,0.00015838524,0.00029590263,0.99951994,d
test_2371.jpg,0.01218796,0.0018690841,0.9682095,0.017733376,c
test_2372.jpg,1.8553892e-07,7.338207e-07,0.9999988,2.3823668e-07,c
test_2373.jpg,0.010573299,0.3967601,0.57728255,0.0153840585,c
test_2374.jpg,2.5360174e-07,3.92786e-07,1.85539e-07,0.99999917,d
test_2375.jpg,0.00048523527,0.0001575328,0.99414045,0.0052167703,c
test_2376.jpg,3.2562988e-07,0.9999956,2.2603194e-06,1.7603386e-06,b
test_2377.jpg,3.7266318e-06,1.3709513e-06,5.714975e-07,0.9999943,d
test_2378.jpg,4.4508474e-07,1.4449787e-07,0.9999989,4.4508474e-07,c
test_2379.jpg,0.00010885225,7.481299e-05,0.00033528853,0.999481,d
test_2380.jpg,0.99729687,0.00037910143,0.0016990148,0.0006250325,a
test_2381.jpg,6.8936004e-07,1.0677018e-06,3.927855e-07,0.99999785,d
test_2382.jpg,0.00026093898,5.138194e-05,0.99877685,0.0009107666,c
test_2383.jpg,1.0677012e-06,5.0434636e-07,0.9999974,1.0677012e-06,c
test_2384.jpg,0.9994659,5.8263526e-05,0.00043051247,4.537568e-05,a
test_2385.jpg,6.475912e-07,4.222825e-06,0.9999938,1.3709506e-06,c
test_2386.jpg,0.7744241,0.0009067573,0.0027930094,0.22187622,a
test_2387.jpg,0.00026110496,0.9994122,0.00012333726,0.00020334877,b
test_2388.jpg,0.90830255,0.002551235,0.031080402,0.058065835,a
test_2389.jpg,0.00012299599,5.809919e-05,0.0031721084,0.9966468,d
test_2390.jpg,6.604692e-05,2.7532456e-05,0.9998549,5.14374e-05,c
test_2391.jpg,2.7533757e-05,1.8923654e-05,0.9999021,5.1439827e-05,c
test_2392.jpg,0.9999863,2.9022808e-06,5.422174e-06,5.422174e-06,a
test_2393.jpg,0.998738,0.00012325405,0.00033503925,0.0008037174,a
test_2394.jpg,7.889126e-06,2.5612244e-06,0.99997485,1.4738827e-05,c
test_2395.jpg,6.143032e-06,0.9998079,2.753116e-05,0.00015843088,b
test_2396.jpg,0.00091090525,0.00010879212,5.1389758e-05,0.99892884,d
test_2397.jpg,0.00042906508,0.003170386,0.00029489183,0.9961056,d
test_2398.jpg,0.9981194,0.00029548802,0.00026076724,0.0013242853,a
test_2399.jpg,0.9999988,4.4508468e-07,1.9750514e-07,5.0434704e-07,a
test_2400.jpg,0.018126661,0.68019795,0.28354868,0.018126661,b
test_2401.jpg,2.726288e-06,4.539677e-05,2.1443915e-05,0.9999304,d
test_2402.jpg,6.961544e-06,0.9998907,2.753344e-05,7.484366e-05,b
test_2403.jpg,0.025775934,0.006517177,0.9672348,0.00047210275,c
test_2404.jpg,0.11741345,0.0075059906,0.8675746,0.0075059906,c
test_2405.jpg,0.999987,6.9622142e-06,2.2603e-06,3.7266047e-06,a
test_2406.jpg,3.7265488e-06,2.1444808e-05,0.999972,2.9022392e-06,c
test_2407.jpg,2.4299878e-05,1.3006787e-05,1.8738054e-06,0.9999608,d
test_2408.jpg,1.669903e-05,0.99984014,5.8285346e-05,8.480468e-05,b
test_2409.jpg,4.4508343e-07,0.99999595,2.5612783e-06,1.0676997e-06,b
test_2410.jpg,2.5612694e-06,8.3152247e-07,0.9999925,4.2228194e-06,c
test_2411.jpg,6.023571e-08,0.9999995,1.9750529e-07,1.8553907e-07,b
test_2412.jpg,0.99679035,0.0008021501,0.0009089552,0.0014986136,a
test_2413.jpg,1.6373738e-07,0.999998,8.31527e-07,1.0677019e-06,b
test_2414.jpg,5.8272795e-05,0.00015840188,0.99962485,0.00015840188,c
test_2415.jpg,0.0004297572,0.7299421,0.0010974235,0.2685307,b
test_2416.jpg,0.99955314,4.5379646e-05,0.00037995912,2.1435826e-05,a
test_2417.jpg,0.9999876,4.222799e-06,6.9622183e-06,1.287881e-06,a
test_2418.jpg,1.3006424e-05,1.8924235e-05,0.99993277,3.5355126e-05,c
test_2419.jpg,0.0002941889,6.564241e-05,0.9937312,0.005908942,c
test_2420.jpg,0.99992526,7.888735e-06,4.5396537e-05,2.1443806e-05,a
test_2421.jpg,0.9997708,7.483468e-05,0.00010888381,4.5389526e-05,a
test_2422.jpg,8.8515117e-07,0.9999926,1.7603334e-06,4.785082e-06,b
test_2423.jpg,0.94266224,0.0018197662,0.05318137,0.0023366262,a
test_2424.jpg,0.99997234,4.7849853e-06,1.1478583e-05,1.1478583e-05,a
test_2425.jpg,8.3152696e-07,1.0030129e-06,3.6898783e-07,0.99999785,d
test_2426.jpg,4.784896e-06,3.5355864e-05,0.99995375,6.143928e-06,c
test_2427.jpg,1.7603388e-06,1.7603388e-06,6.8935856e-07,0.9999957,d
test_2428.jpg,2.1435195e-05,2.4289257e-05,0.0004305374,0.99952376,d
test_2429.jpg,4.538886e-05,0.00015842268,4.0055525e-05,0.99975616,d
test_2430.jpg,1.6700515e-05,8.9391415e-06,0.99992895,4.5396704e-05,c
test_2431.jpg,0.99990356,8.938914e-06,6.605014e-05,2.144334e-05,a
test_2432.jpg,0.012300243,0.9771293,0.0031099885,0.0074604736,b
test_2433.jpg,5.1430925e-05,0.00012337638,0.9997291,9.608562e-05,c
test_2434.jpg,5.4220654e-06,0.99996626,2.1444685e-05,6.96207e-06,b
test_2435.jpg,0.00033478686,0.9979856,0.0001791985,0.0015004106,b
test_2436.jpg,0.43750003,0.0004812236,0.00025758042,0.56176114,d
test_2437.jpg,0.00019637501,6.3753636e-05,0.14800866,0.8517311,d
test_2438.jpg,0.9999895,4.222807e-06,4.222807e-06,2.1233607e-06,a
test_2439.jpg,1.8923307e-05,3.119926e-05,6.604883e-05,0.9998838,d
test_2440.jpg,3.5346497e-05,4.5385797e-05,0.99968874,0.00023048809,c
test_2441.jpg,2.2380186e-07,0.99999523,1.9947242e-06,2.5612765e-06,b
test_2442.jpg,0.0003964669,0.9797891,0.012333724,0.007480781,b
test_2443.jpg,6.599743e-05,0.99910563,0.00080401334,2.4279097e-05,b
test_2444.jpg,0.99887115,5.138679e-05,4.5348683e-05,0.0010321313,a
test_2445.jpg,2.2603035e-06,6.962225e-06,2.2603035e-06,0.99998856,d
test_2446.jpg,0.99821436,0.0007089063,0.0010314526,4.5318862e-05,a
test_2447.jpg,0.0011692859,9.5980824e-05,0.9986388,9.5980824e-05,c
test_2448.jpg,9.601711e-05,0.9990163,0.00033513262,0.0005525403,b
test_2449.jpg,0.00023036129,0.0003351737,0.00029578977,0.9991387,d
test_2450.jpg,0.00042518656,4.7704612e-05,0.98710144,0.012425773,c
test_2451.jpg,3.9278584e-07,2.536016e-07,0.9999987,7.3382057e-07,c
test_2452.jpg,0.14492364,0.735983,0.07757204,0.041521322,b
test_2453.jpg,0.0012078902,0.08467964,0.0037205638,0.9103919,d
test_2454.jpg,1.5534932e-06,1.2098617e-06,1.7603384e-06,0.99999547,d
test_2455.jpg,4.4508425e-07,1.553497e-06,1.2751879e-07,0.99999785,d
test_2456.jpg,1.5534964e-06,7.338197e-07,2.6995716e-07,0.9999975,d
test_2457.jpg,3.927847e-07,3.2887463e-06,3.927847e-07,0.9999958,d
test_2458.jpg,0.0011570085,0.0031450754,0.9881533,0.007544643,c
test_2459.jpg,0.009607793,0.008478846,0.0018918865,0.9800214,d
test_2460.jpg,0.99984753,0.00012339099,1.8922621e-05,1.0128549e-05,a
test_2461.jpg,1.5381708e-07,0.9999982,5.0434676e-07,1.0677021e-06,b
test_2462.jpg,0.99984455,9.6096715e-05,5.1436866e-05,7.8880985e-06,a
test_2463.jpg,0.99999535,1.067699e-06,2.260319e-06,1.3709528e-06,a
test_2464.jpg,0.99756444,0.001323549,0.0006252002,0.00048690647,a
test_2465.jpg,0.9821462,0.004013807,0.001476597,0.012363397,a
test_2466.jpg,0.99996066,1.8924762e-05,1.1478449e-05,8.939424e-06,a
test_2467.jpg,0.0002603424,7.458936e-05,0.9964934,0.0031716202,c
test_2468.jpg,0.0013242137,0.00012317105,0.9980654,0.000487151,c
test_2469.jpg,0.9999982,6.8936026e-07,7.3382023e-07,3.4663213e-07,a
test_2470.jpg,4.5385346e-05,0.99967873,4.5385346e-05,0.00023048579,b
test_2471.jpg,0.9992436,0.00015834146,4.536559e-05,0.000552666,a
test_2472.jpg,0.0035687836,0.9895247,0.005883929,0.0010224736,b
test_2473.jpg,0.0075588706,0.00025865034,0.99001676,0.0021656528,c
test_2474.jpg,0.00045419784,0.0015853063,0.067408934,0.9305516,d
test_2475.jpg,2.1443384e-05,0.9999056,2.1443384e-05,5.1440005e-05,b
test_2476.jpg,0.00020324653,0.0002609737,0.9989097,0.00062604336,c
test_2477.jpg,7.482234e-05,0.99960595,0.00017948943,0.00013978653,b
test_2478.jpg,0.9987318,0.00017933248,0.00070927374,0.0003796469,a
test_2479.jpg,0.0008040539,3.5327663e-05,4.491408e-06,0.9991561,d
test_2480.jpg,0.99999833,1.0677022e-06,3.927857e-07,2.8736812e-07,a
test_2481.jpg,0.008379933,0.1310842,0.005759438,0.8547764,d
test_2482.jpg,4.450848e-07,3.6898828e-07,2.1024319e-07,0.99999905,d
test_2483.jpg,2.7533724e-05,5.421711e-06,0.99990094,6.6049965e-05,c
test_2484.jpg,0.9998746,2.7532999e-05,8.4807594e-05,1.3005667e-05,a
test_2485.jpg,1.0129385e-05,0.99993014,2.4299134e-05,3.535503e-05,b
test_2486.jpg,0.9997191,0.00017950976,3.534757e-05,6.603795e-05,a
test_2487.jpg,0.9991497,6.6000335e-05,7.4788186e-05,0.00070957054,a
test_2488.jpg,4.539643e-05,4.2225256e-06,0.9999229,2.7534326e-05,c
test_2489.jpg,7.889192e-06,0.9999832,2.7264318e-06,6.144109e-06,b
test_2490.jpg,0.00055243185,7.476353e-05,0.99882025,0.00055243185,c
test_2491.jpg,2.2380269e-07,0.9999989,3.0590198e-07,6.4759456e-07,b
test_2492.jpg,6.1437263e-06,0.99992085,1.47380315e-05,5.829005e-05,b
test_2493.jpg,6.142909e-06,2.5607453e-06,0.99978787,0.00020342521,c
test_2494.jpg,0.99999845,5.043469e-07,4.4508454e-07,6.0835845e-07,a
test_2495.jpg,0.01089884,0.0040094587,0.9810822,0.0040094587,c
test_2496.jpg,0.0021809444,0.00055142905,0.9970072,0.00026047663,c
test_2497.jpg,4.006241e-05,1.8924144e-05,0.999928,1.3006361e-05,c
test_2498.jpg,0.00012314874,0.0019263704,0.9978846,6.591677e-05,c
test_2499.jpg,5.1437968e-05,0.999866,2.4297575e-05,5.8286852e-05,b
test_2500.jpg,5.4221273e-06,5.4221273e-06,0.9999777,1.1478644e-05,c
test_2501.jpg,3.2887237e-06,5.4221887e-06,2.2603047e-06,0.99998903,d
test_2502.jpg,2.1024321e-07,6.825598e-08,0.99999917,5.0434727e-07,c
test_2503.jpg,1.1478246e-05,1.0129515e-05,0.999943,3.5355486e-05,c
test_2504.jpg,1.8553844e-07,0.9999962,1.5534944e-06,1.9947263e-06,b
test_2505.jpg,0.0003790117,0.0003790117,0.99706084,0.0021810618,c
test_2506.jpg,0.010929046,0.9838013,0.005162515,0.000107144595,b
test_2507.jpg,0.99999785,6.475939e-07,5.714995e-07,9.4224345e-07,a
test_2508.jpg,5.714995e-07,2.1024293e-07,0.99999785,1.3709562e-06,c
test_2509.jpg,4.2228053e-06,6.1441456e-06,4.1811435e-07,0.99998915,d
test_2510.jpg,0.2562729,0.03468277,0.6147668,0.09427754,c
test_2511.jpg,7.3381926e-07,4.4508383e-07,0.9999969,1.9947277e-06,c
test_2512.jpg,0.0017786593,0.9213683,0.0012224534,0.075630516,b
test_2513.jpg,8.764246e-08,9.9311926e-08,5.315784e-08,0.99999976,d
test_2514.jpg,0.9999968,1.7603406e-06,7.3381915e-07,6.893593e-07,a
test_2515.jpg,0.0008035789,0.0003349815,0.99856585,0.00029562018,c
test_2516.jpg,8.939456e-06,2.561197e-06,0.99996424,2.4299961e-05,c
test_2517.jpg,0.9999801,8.939598e-06,6.14409e-06,4.7850226e-06,a
test_2518.jpg,0.705412,0.29405946,0.00034430824,0.0001842949,a
test_2519.jpg,1.6698226e-05,0.99979204,5.1434163e-05,0.00013981255,b
test_2520.jpg,2.2603074e-06,0.9999902,4.22281e-06,3.2887278e-06,b
test_2521.jpg,9.6094656e-05,0.99982315,3.5351248e-05,4.5391902e-05,b
test_2522.jpg,1.0129831e-05,1.4738817e-05,9.422211e-07,0.99997413,d
test_2523.jpg,0.00010886133,0.00020337974,0.00012335603,0.99956435,d
test_2524.jpg,0.000108892404,1.01285705e-05,0.9998497,3.1198197e-05,c
test_2525.jpg,1.892295e-05,8.480678e-05,3.1198673e-05,0.99986494,d
test_2526.jpg,0.99877137,0.00013966982,0.00037966194,0.00070930185,a
test_2527.jpg,0.00029269152,5.086216e-05,0.98867327,0.010983169,c
test_2528.jpg,4.4069363e-08,0.9999989,3.0590198e-07,7.3382074e-07,b
test_2529.jpg,0.0011679135,0.00033461282,0.9974668,0.00103068,c
test_2530.jpg,2.753504e-05,1.8924537e-05,4.7848725e-06,0.99994874,d
test_2531.jpg,1.5534462e-06,1.9946644e-06,3.12018e-05,0.9999652,d
test_2532.jpg,1.2098602e-06,8.3152395e-07,0.9999943,3.7266318e-06,c
test_2533.jpg,0.006650723,0.0004251665,0.9870548,0.0058692424,c
test_2534.jpg,1.3709531e-06,1.0676994e-06,1.994725e-06,0.9999956,d
test_2535.jpg,0.9533848,0.0023632047,0.0023632047,0.041888807,a
test_2536.jpg,8.480499e-05,0.99984384,4.0059036e-05,3.1198015e-05,b
test_2537.jpg,0.881195,0.105243735,0.0076238303,0.005937445,a
test_2538.jpg,1.4449762e-07,0.99999714,9.422428e-07,1.7603413e-06,b
test_2539.jpg,1.012977e-05,0.9999682,1.4738729e-05,6.9620833e-06,b
test_2540.jpg,9.422409e-07,6.4759206e-07,0.9999951,3.2887438e-06,c
test_2541.jpg,4.4508442e-07,1.0677021e-06,2.873681e-07,0.9999982,d
test_2542.jpg,2.1024226e-07,0.99999464,9.4224043e-07,4.2228285e-06,b
test_2543.jpg,4.450848e-07,2.2380272e-07,0.99999905,2.6995758e-07,c
test_2544.jpg,0.00015841231,6.6036075e-05,0.9996908,8.4792e-05,c
test_2545.jpg,0.9995722,0.00020338134,0.00015839354,6.6028246e-05,a
test_2546.jpg,2.1024316e-07,1.6373754e-07,7.3382074e-07,0.9999989,d
test_2547.jpg,4.7378396e-07,0.9999856,2.561252e-06,1.1478734e-05,b
test_2548.jpg,0.0002034073,4.5386303e-05,0.99969983,5.142942e-05,c
test_2549.jpg,0.99934524,0.00017944264,0.00017944264,0.0002958509,a
test_2550.jpg,1.0676542e-06,4.0063427e-05,0.9999534,5.4219954e-06,c
test_2551.jpg,0.050420303,0.023816865,0.13705659,0.78870624,d
test_2552.jpg,5.043471e-07,1.3574319e-07,0.9999989,5.043471e-07,c
test_2553.jpg,2.2380108e-07,0.9999918,1.7603319e-06,6.144162e-06,b
test_2554.jpg,0.9997098,3.5347242e-05,2.4293779e-05,0.00023049295,a
test_2555.jpg,6.1441356e-06,2.5612567e-06,0.9999875,3.7266066e-06,c
test_2556.jpg,0.0007096132,4.5364057e-05,0.99920976,3.532956e-05,c
test_2557.jpg,0.9992581,0.00020331742,0.00020331742,0.00033521376,a
test_2558.jpg,0.0014620007,0.00018587252,0.97243756,0.025914581,c
test_2559.jpg,1.1478612e-05,2.2602726e-06,0.99997485,1.1478612e-05,c
test_2560.jpg,0.00043053392,0.99951565,4.004589e-05,1.383949e-05,b
test_2561.jpg,3.2562994e-07,2.1024249e-07,0.9999957,3.7266373e-06,c
test_2562.jpg,0.95756364,0.0044344,0.00087318505,0.037128773,a
test_2563.jpg,0.0008038236,9.600303e-05,0.99886984,0.0002302993,c
test_2564.jpg,0.00020341056,4.538703e-05,3.5347457e-05,0.99971586,d
test_2565.jpg,0.9970578,0.00033447563,0.0016986076,0.000909199,a
test_2566.jpg,0.99902904,0.00020327081,0.0007094848,5.823806e-05,a
test_2567.jpg,0.99999845,7.338204e-07,2.699574e-07,5.3687444e-07,a
test_2568.jpg,8.478712e-05,0.9996332,0.0002304753,5.1425992e-05,b
test_2569.jpg,0.001269223,0.9566187,0.032733694,0.009378361,b
test_2570.jpg,1.5534938e-06,1.3709534e-06,1.2098621e-06,0.9999958,d
test_2571.jpg,0.0044668624,0.13054086,0.013758905,0.8512333,d
test_2572.jpg,1.8553858e-07,0.9999969,1.9947277e-06,9.422426e-07,b
test_2573.jpg,0.99998724,5.422179e-06,3.0894646e-06,4.2227975e-06,a
test_2574.jpg,0.99921525,0.00055265037,0.00012331296,0.00010882331,a
test_2575.jpg,0.99999726,5.368738e-07,1.7603415e-06,4.1811776e-07,a
test_2576.jpg,0.999984,7.889198e-06,1.873849e-06,6.144114e-06,a
test_2577.jpg,1.1477273e-05,2.1442369e-05,0.99985826,0.00010889334,c
test_2578.jpg,0.9039145,0.039715234,0.005374872,0.050995372,a
test_2579.jpg,9.592381e-05,0.0017002904,0.00015815163,0.99804556,d
test_2580.jpg,7.4824624e-05,0.9996364,5.827347e-05,0.00023047604,b
test_2581.jpg,0.031097952,0.0019880256,0.9088154,0.058098625,c
test_2582.jpg,0.9998803,9.610015e-05,1.568792e-05,7.88838e-06,a
test_2583.jpg,6.475873e-07,0.9999877,3.7266075e-06,7.889227e-06,b
test_2584.jpg,0.0033764224,0.93618834,0.0005867342,0.059848517,b
test_2585.jpg,5.4220077e-06,1.4738544e-05,0.99995565,2.4299754e-05,c
test_2586.jpg,2.699576e-07,2.1024321e-07,0.99999917,3.4663248e-07,c
test_2587.jpg,0.008571404,0.0003323494,0.99071956,0.0003766012,c
test_2588.jpg,2.1419422e-05,0.9987883,0.0010320456,0.00015826931,b
test_2589.jpg,0.18014114,0.80733657,0.0010062602,0.011516037,b
test_2590.jpg,0.00074124656,0.55868065,0.43510094,0.0054771127,b
test_2591.jpg,1.147857e-05,1.3006924e-05,4.22273e-06,0.9999713,d
test_2592.jpg,1.2098619e-06,2.902308e-06,1.6373701e-07,0.9999957,d
test_2593.jpg,1.3709412e-06,0.9999869,4.785055e-06,6.9622133e-06,b
test_2594.jpg,4.2227894e-06,6.1441224e-06,4.2227894e-06,0.99998534,d
test_2595.jpg,0.00077296654,0.748058,0.008310175,0.24285887,b
test_2596.jpg,0.0012532701,0.0008613591,0.053290404,0.944595,d
test_2597.jpg,9.6041505e-05,0.99927014,0.00043042816,0.00020331987,b
test_2598.jpg,1.147832e-05,3.726465e-06,0.99994946,3.5355715e-05,c
test_2599.jpg,1.5533027e-06,0.9998728,0.00010889492,1.6699576e-05,b
test_2600.jpg,0.9986395,0.00010876061,0.00062587403,0.00062587403,a
test_2601.jpg,0.00029481718,0.0035916083,0.9958534,0.0002601752,c
test_2602.jpg,6.893591e-07,1.994727e-06,7.8114624e-07,0.99999654,d
test_2603.jpg,0.006084155,0.48332426,0.027267292,0.48332426,b
test_2604.jpg,1.9947274e-06,9.422425e-07,2.238022e-07,0.9999968,d
test_2605.jpg,2.2603097e-06,5.422201e-06,1.0676947e-06,0.9999913,d
test_2606.jpg,5.4218985e-06,7.810986e-07,0.9999355,5.8290905e-05,c
test_2607.jpg,0.9983677,0.00020313625,0.00080341945,0.00062570366,a
test_2608.jpg,8.480379e-05,0.99982965,4.005847e-05,4.5392197e-05,b
test_2609.jpg,5.7149964e-07,2.699573e-07,0.999998,1.2098646e-06,c
test_2610.jpg,0.9999548,6.143935e-06,2.4299732e-05,1.4738533e-05,a
test_2611.jpg,0.0014793904,0.014036065,0.9840042,0.0004802878,c
test_2612.jpg,4.7850676e-06,4.222807e-06,1.553484e-06,0.9999895,d
test_2613.jpg,6.96217e-06,5.4221437e-06,0.9999807,6.96217e-06,c
test_2614.jpg,0.99993336,2.7534616e-05,2.4299212e-05,1.4738216e-05,a
test_2615.jpg,4.2228044e-06,0.9999889,4.7850644e-06,1.9947117e-06,b
test_2616.jpg,5.4749158e-05,8.479715e-05,0.000108881715,0.9997515,d
test_2617.jpg,0.97814584,0.00025554895,0.0012977847,0.020300768,a
test_2618.jpg,2.9023033e-06,2.260316e-06,7.3381716e-07,0.99999404,d
test_2619.jpg,0.0006072045,0.9688506,0.001285452,0.029256754,b
test_2620.jpg,6.475942e-07,6.475942e-07,3.4663222e-07,0.99999845,d
test_2621.jpg,0.0008018944,0.0008018944,0.0019236446,0.99647254,d
test_2622.jpg,9.4223213e-07,0.9999858,7.889213e-06,5.4221714e-06,b
test_2623.jpg,0.9999937,4.7850876e-06,6.4759115e-07,9.422395e-07,a
test_2624.jpg,0.0002030131,0.99776244,0.001699808,0.000334712,b
test_2625.jpg,0.0005506372,0.0021778124,0.9955754,0.0016960822,c
test_2626.jpg,0.61319876,0.37192383,0.011231127,0.0036462129,a
test_2627.jpg,0.0017005842,3.3156106e-05,4.8241858e-05,0.998218,d
test_2628.jpg,0.0010289013,0.00042890987,0.0027968439,0.99574536,d
test_2629.jpg,1.0676998e-06,2.8736747e-07,0.99999607,2.5612787e-06,c
test_2630.jpg,3.9278598e-07,3.2563102e-07,2.2380272e-07,0.99999905,d
test_2631.jpg,4.737901e-07,4.450846e-07,4.450846e-07,0.99999857,d
test_2632.jpg,3.2886583e-06,0.9999691,3.2886583e-06,2.4300081e-05,b
test_2633.jpg,0.97645503,0.020265678,0.0011433113,0.0021359867,a
test_2634.jpg,5.4219845e-06,0.99995136,1.8924586e-05,2.4299648e-05,b
test_2635.jpg,0.936682,0.032051492,0.028285345,0.0029812534,a
test_2636.jpg,0.9987931,6.597678e-05,0.00010877734,0.0010320506,a
test_2637.jpg,1.0129837e-05,0.9999747,1.147861e-05,3.726559e-06,b
test_2638.jpg,1.7603377e-06,1.3709524e-06,0.9999951,1.7603377e-06,c
test_2639.jpg,0.9999727,1.3006943e-05,5.4221005e-06,8.939533e-06,a
test_2640.jpg,8.93931e-06,0.9999478,7.8889125e-06,3.5355657e-05,b
test_2641.jpg,3.9278564e-07,9.422438e-07,0.9999982,5.0434676e-07,c
test_2642.jpg,8.939414e-06,1.0129683e-05,2.1444539e-05,0.99995947,d
test_2643.jpg,0.9999715,1.0129805e-05,1.30069275e-05,5.4220936e-06,a
test_2644.jpg,0.85947424,0.042790703,0.054944348,0.042790703,a
test_2645.jpg,0.00089566276,0.0010149189,0.9822135,0.015876003,c
test_2646.jpg,3.1194253e-05,0.99972326,0.0001795105,6.603823e-05,b
test_2647.jpg,0.99993086,1.8924198e-05,1.8924198e-05,3.120073e-05,a
test_2648.jpg,0.99999166,2.5612674e-06,2.9022963e-06,2.9022963e-06,a
test_2649.jpg,2.6995758e-07,4.450848e-07,1.6373755e-07,0.99999905,d
test_2650.jpg,0.006623232,0.0018975877,0.9829747,0.008504398,c
test_2651.jpg,3.6898692e-07,0.99999535,1.3709528e-06,2.9023072e-06,b
test_2652.jpg,1.2098533e-06,0.99998856,3.2887222e-06,6.962225e-06,b
test_2653.jpg,0.99999905,2.6995758e-07,4.181185e-07,1.6373755e-07,a
test_2654.jpg,2.2602999e-06,6.893525e-07,0.9999869,1.012996e-05,c
test_2655.jpg,8.3152446e-07,0.9999949,9.4224066e-07,3.288743e-06,b
test_2656.jpg,2.6995755e-07,7.3382074e-07,8.764239e-08,0.9999989,d
test_2657.jpg,1.3006633e-05,2.1444312e-05,1.6700846e-05,0.99994886,d
test_2658.jpg,0.9999577,7.888991e-06,1.3006747e-05,2.14445e-05,a
test_2659.jpg,4.785078e-06,1.3709479e-06,1.9947174e-06,0.9999918,d
test_2660.jpg,0.00010887722,0.99971026,8.479366e-05,9.608381e-05,b
test_2661.jpg,4.1811856e-07,1.6373757e-07,2.8736838e-07,0.99999917,d
test_2662.jpg,0.29305872,0.0010569347,0.70301133,0.0028730466,c
test_2663.jpg,0.9997861,3.119621e-05,0.00015842741,2.4295632e-05,a
test_2664.jpg,0.9999993,2.873684e-07,2.6995764e-07,1.9750524e-07,a
test_2665.jpg,0.09842181,0.0008515155,0.07665098,0.8240757,d
test_2666.jpg,5.4221437e-06,0.9999807,6.96217e-06,6.96217e-06,b
test_2667.jpg,0.9998871,5.1439056e-05,4.006077e-05,2.1442987e-05,a
test_2668.jpg,2.6995733e-07,0.9999981,5.043467e-07,1.2098649e-06,b
test_2669.jpg,0.20177057,0.00013461064,7.669884e-05,0.7980181,d
test_2670.jpg,2.2602335e-06,3.5356003e-05,4.7849144e-06,0.99995756,d
test_2671.jpg,0.00010862052,0.9973533,0.0024721918,6.588167e-05,b
test_2672.jpg,2.1441363e-05,5.8283666e-05,0.99981135,0.00010888823,c
test_2673.jpg,0.99991226,8.3974055e-06,4.4948074e-06,7.4845266e-05,a
test_2674.jpg,2.2602424e-06,0.9999615,1.4738631e-05,2.1444583e-05,b
test_2675.jpg,1.6697051e-05,0.9997216,0.00020341172,5.8278434e-05,b
test_2676.jpg,1.7603344e-06,8.315231e-07,0.9999932,4.2228226e-06,c
test_2677.jpg,0.00090809603,0.0013212719,0.9958482,0.0019224393,c
test_2678.jpg,9.4224305e-07,6.083578e-07,1.0677012e-06,0.9999974,d
test_2679.jpg,0.99999845,5.7149987e-07,4.7379004e-07,5.043469e-07,a
test_2680.jpg,1.0129772e-05,1.0129772e-05,0.9999683,1.1478536e-05,c
test_2681.jpg,1.5534223e-06,0.9999498,2.4299612e-05,2.4299612e-05,b
test_2682.jpg,0.99970263,0.0002304913,4.538643e-05,2.1439031e-05,a
test_2683.jpg,0.000487837,3.1186377e-05,1.0124732e-05,0.9994709,d
test_2684.jpg,3.1199244e-05,0.9998833,4.5394634e-05,4.006062e-05,b
test_2685.jpg,3.2887344e-06,2.902298e-06,1.5534882e-06,0.99999225,d
test_2686.jpg,0.026218466,0.091511436,0.014033734,0.86823636,d
test_2687.jpg,0.014159343,0.005208931,0.87600756,0.10462418,c
test_2688.jpg,0.99901295,0.00029575254,0.0004303174,0.00026100068,a
test_2689.jpg,0.99999595,1.2098623e-06,1.0676997e-06,1.7603392e-06,a
test_2690.jpg,1.4738799e-05,6.9621165e-06,5.4221014e-06,0.99997294,d
test_2691.jpg,0.9368189,0.001242953,0.0020492831,0.059888825,a
test_2692.jpg,0.99846554,0.001031712,0.00012322044,0.00037954567,a
test_2693.jpg,5.043468e-07,8.3152736e-07,3.466322e-07,0.99999833,d
test_2694.jpg,2.238028e-07,1.9750527e-07,1.0571695e-07,0.9999994,d
test_2695.jpg,5.368736e-07,1.3709547e-06,1.2098633e-06,0.9999968,d
test_2696.jpg,1.01299e-05,1.9946958e-06,0.9999809,6.962172e-06,c
test_2697.jpg,1.0676995e-06,1.2098619e-06,1.9947252e-06,0.9999957,d
test_2698.jpg,0.6999,0.034845967,0.25747883,0.007775187,a
test_2699.jpg,0.9968592,0.00015796363,0.0008022055,0.0021806206,a
test_2700.jpg,4.2228053e-06,3.2887242e-06,3.2887242e-06,0.99998915,d
test_2701.jpg,0.9999857,6.1441247e-06,1.2098499e-06,6.962205e-06,a
test_2702.jpg,2.561244e-06,0.9999825,1.9946988e-06,1.3007069e-05,b
test_2703.jpg,0.0013247603,0.00013962871,0.9984774,5.8205904e-05,c
test_2704.jpg,1.1476075e-05,0.9997539,3.1195206e-05,0.0002034183,b
test_2705.jpg,0.99698013,0.0007080298,0.00013097234,0.0021808853,a
test_2706.jpg,1.2098552e-06,0.9999901,6.1441515e-06,2.5612635e-06,b
test_2707.jpg,7.8114095e-07,0.99998975,6.144149e-06,3.2887262e-06,b
test_2708.jpg,1.4737486e-05,0.9998838,6.604883e-05,3.5353394e-05,b
test_2709.jpg,0.00015841883,5.827903e-05,5.1431067e-05,0.99973184,d
test_2710.jpg,0.00010879509,0.00091093004,2.4275463e-05,0.9989561,d
test_2711.jpg,1.5381715e-07,0.9999987,5.7150004e-07,5.7150004e-07,b
test_2712.jpg,2.382368e-07,3.059021e-07,1.7429775e-07,0.9999993,d
test_2713.jpg,0.99996567,2.1444672e-05,8.93947e-06,3.9668657e-06,a
test_2714.jpg,2.7532378e-05,0.99985206,9.6097436e-05,2.4297236e-05,b
test_2715.jpg,2.1443951e-05,2.753458e-05,0.99993205,1.892422e-05,c
test_2716.jpg,1.0677009e-06,1.287893e-06,6.475933e-07,0.999997,d
test_2717.jpg,0.9999974,5.3687387e-07,1.0677012e-06,1.0677012e-06,a
test_2718.jpg,1.6700002e-05,1.0129063e-05,0.9998983,7.4844225e-05,c
test_2719.jpg,1.3709531e-06,1.7603386e-06,1.2098618e-06,0.9999956,d
test_2720.jpg,0.9999187,1.4738001e-05,3.5354627e-05,3.120035e-05,a
test_2721.jpg,0.9182432,0.0015643374,0.07537399,0.004818498,a
test_2722.jpg,3.7265545e-06,1.3709229e-06,0.99997354,2.1444841e-05,c
test_2723.jpg,1.8924902e-05,6.9620824e-06,6.144016e-06,0.99996805,d
test_2724.jpg,0.0051394943,0.0031172612,0.012329007,0.9794143,d
test_2725.jpg,5.714991e-07,6.475933e-07,0.999997,1.7603411e-06,c
test_2726.jpg,6.475899e-07,0.9999918,4.2228166e-06,3.2887328e-06,b
test_2727.jpg,0.0067081777,0.009760343,0.10493356,0.8785979,d
test_2728.jpg,7.889051e-06,1.670112e-05,1.0129742e-05,0.9999653,d
test_2729.jpg,6.475942e-07,3.4663222e-07,5.7149987e-07,0.99999845,d
test_2730.jpg,2.9023026e-06,2.5612728e-06,8.3152355e-07,0.9999938,d
test_2731.jpg,0.99912924,0.00026103103,0.00017940384,0.00043036745,a
test_2732.jpg,1.2751876e-07,0.9999976,8.3152673e-07,1.3709558e-06,b
test_2733.jpg,0.00042989952,0.9980428,0.00020307016,0.0013241837,b
test_2734.jpg,0.38998985,0.56743187,0.036274705,0.006303599,b
test_2735.jpg,0.35684052,0.01221041,0.5883305,0.042618524,c
test_2736.jpg,0.0011655133,0.8784523,0.11888559,0.0014965489,b
test_2737.jpg,7.338201e-07,6.47594e-07,5.714997e-07,0.9999981,d
test_2738.jpg,1.5534911e-06,0.99999404,3.2887403e-06,1.0676977e-06,b
test_2739.jpg,0.0005509847,7.456767e-05,0.9962037,0.0031706982,c
test_2740.jpg,0.99987864,2.753311e-05,7.4842756e-05,1.892321e-05,a
test_2741.jpg,5.1422627e-05,4.538031e-05,0.9995678,0.00033531763,c
test_2742.jpg,0.1992378,0.0028419746,0.78800076,0.009919466,c
test_2743.jpg,0.00039591047,0.55748343,0.43416855,0.0079520745,b
test_2744.jpg,1.7603304e-06,0.99999094,2.5612655e-06,4.7850745e-06,b
test_2745.jpg,0.0014991923,0.9971752,0.00029520848,0.0010303787,b
test_2746.jpg,0.999941,2.7534827e-05,1.4738329e-05,1.6700715e-05,a
test_2747.jpg,0.0037944256,0.06725781,0.00048240708,0.9284653,d
test_2748.jpg,0.99999404,1.3709509e-06,3.726631e-06,9.4223986e-07,a
test_2749.jpg,3.118762e-05,2.752298e-05,0.99951077,0.0004305318,c
test_2750.jpg,1.5534956e-06,7.338194e-07,0.999997,7.338194e-07,c
test_2751.jpg,0.00012331117,0.00012331117,0.00055264233,0.99920076,d
test_2752.jpg,1.6373704e-07,0.99999595,5.7149845e-07,3.2887465e-06,b
test_2753.jpg,0.99999666,8.3152594e-07,1.553495e-06,9.4224237e-07,a
test_2754.jpg,0.006692011,7.434153e-05,5.1094135e-05,0.9931825,d
test_2755.jpg,6.962212e-06,1.0676898e-06,0.99998665,5.422176e-06,c
test_2756.jpg,8.456015e-05,0.9969573,0.002800248,0.00015797917,b
test_2757.jpg,1.5534956e-06,9.422427e-07,4.1811765e-07,0.999997,d
test_2758.jpg,1.994721e-06,4.222824e-06,2.3823543e-07,0.99999356,d
test_2759.jpg,2.7531276e-05,0.99981207,5.1435192e-05,0.00010888831,b
test_2760.jpg,0.039195735,0.7872674,0.15502213,0.018514754,b
test_2761.jpg,0.009127775,0.05952056,0.9310583,0.00029341184,c
test_2762.jpg,0.00080178276,6.581433e-05,0.99633384,0.002798497,c
test_2763.jpg,7.338197e-07,3.9278535e-07,0.9999975,1.3709557e-06,c
test_2764.jpg,3.7266234e-06,3.2887335e-06,9.42238e-07,0.999992,d
test_2765.jpg,1.0677018e-06,2.536014e-07,0.99999785,8.3152696e-07,c
test_2766.jpg,1.3709551e-06,7.3381943e-07,8.3152634e-07,0.99999714,d
test_2767.jpg,0.9999924,4.222819e-06,2.5612692e-06,9.4223833e-07,a
test_2768.jpg,1.3709516e-06,3.4663086e-07,0.9999945,3.7266327e-06,c
test_2769.jpg,0.008361968,0.0023957442,0.96651214,0.022730187,c
test_2770.jpg,0.059912115,0.9371832,0.00205008,0.0008546005,b
test_2771.jpg,0.0027981193,0.00029491962,0.9961994,0.00070747535,c
test_2772.jpg,2.2603167e-06,1.067698e-06,2.2603167e-06,0.9999944,d
test_2773.jpg,0.0014546383,0.75352126,0.24463254,0.00039151058,b
test_2774.jpg,0.9960918,0.00015784202,0.003592468,0.00015784202,a
test_2775.jpg,0.99046516,0.00048344137,0.0075622946,0.0014891041,a
test_2776.jpg,0.005179377,0.98701453,0.0011556752,0.0066504516,b
test_2777.jpg,0.00037950507,0.99835867,0.0010316017,0.00023018144,b
test_2778.jpg,0.013857741,0.97150266,0.0007818003,0.013857741,b
test_2779.jpg,5.143501e-05,1.6698501e-05,0.9998085,0.00012338617,c
test_2780.jpg,0.99995613,2.2602303e-06,6.1439428e-06,3.535595e-05,a
test_2781.jpg,0.97710013,0.00581005,0.0012963973,0.015793353,a
test_2782.jpg,1.3006926e-05,0.9999714,1.1478572e-05,4.2227302e-06,b
test_2783.jpg,0.99949133,7.481376e-05,0.00023044259,0.00020336488,a
test_2784.jpg,2.9022622e-06,0.99997985,2.4060596e-06,1.4738902e-05,b
test_2785.jpg,1.0677005e-06,9.4224237e-07,1.3709546e-06,0.99999666,d
test_2786.jpg,2.5642219e-05,0.991268,0.00013022193,0.008576148,b
test_2787.jpg,5.7149987e-07,3.9278575e-07,0.99999845,5.7149987e-07,c
test_2788.jpg,0.0017447798,0.3767675,0.00030319724,0.6211846,d
test_2789.jpg,8.477739e-05,0.00037994594,1.6693659e-05,0.9995185,d
test_2790.jpg,1.0677004e-06,2.2603217e-06,1.7429728e-07,0.99999654,d
test_2791.jpg,0.999843,1.4736885e-05,0.00012339043,1.8922536e-05,a
test_2792.jpg,0.99992156,5.421823e-06,6.6051325e-05,6.9617586e-06,a
test_2793.jpg,0.9980856,0.0007088148,0.00091013627,0.000295478,a
test_2794.jpg,0.98596674,0.010953102,0.0027693778,0.00031071558,a
test_2795.jpg,5.1428615e-05,3.0885283e-06,0.9996842,0.00026117603,c
test_2796.jpg,0.0010308996,0.0008028654,0.9976793,0.00048696253,c
test_2797.jpg,1.994723e-06,1.3709517e-06,1.994723e-06,0.99999464,d
test_2798.jpg,0.0006261024,0.00013970234,0.0002303302,0.99900395,d
test_2799.jpg,8.3152685e-07,1.2098644e-06,2.8736795e-07,0.99999774,d
test_2800.jpg,0.9496842,0.022334432,0.0056470283,0.022334432,a
test_2801.jpg,0.9985079,0.00070911477,0.00029560304,0.000487367,a
test_2802.jpg,7.338196e-07,1.0677012e-06,0.9999974,8.3152656e-07,c
test_2803.jpg,0.39594907,0.017396787,0.5761025,0.0105516855,c
test_2804.jpg,0.00048688406,0.0016993925,0.99751854,0.0002953101,c
test_2805.jpg,6.6020766e-05,0.99945897,0.00013976598,0.00033528113,b
test_2806.jpg,0.00020311453,0.0009102961,0.9982609,0.0006256367,c
test_2807.jpg,3.7265968e-06,1.3709383e-06,0.99998486,1.0129939e-05,c
test_2808.jpg,1.994727e-06,7.33819e-07,0.99999654,7.33819e-07,c
test_2809.jpg,0.00017946705,0.00023044026,0.00010885228,0.99948126,d
test_2810.jpg,4.4508448e-07,5.714998e-07,0.99999833,5.714998e-07,c
test_2811.jpg,0.00015839926,7.4822514e-05,0.00015839926,0.99960834,d
test_2812.jpg,2.90229e-06,8.315199e-07,0.9999894,6.962231e-06,c
test_2813.jpg,0.9999654,3.7265243e-06,2.75355e-05,3.2886462e-06,a
test_2814.jpg,0.000260757,0.99808025,0.0013242334,0.00033481861,b
test_2815.jpg,0.9999944,1.7603364e-06,1.9947227e-06,1.7603364e-06,a
test_2816.jpg,0.027127102,0.42433926,0.003671254,0.5448624,d
test_2817.jpg,1.0128295e-05,0.99982256,2.7531563e-05,0.00013981682,b
test_2818.jpg,4.2227252e-06,8.93951e-06,0.9999702,1.6701202e-05,c
test_2819.jpg,2.5612414e-06,0.9999815,6.962176e-06,8.939611e-06,b
test_2820.jpg,0.9997008,3.1193547e-05,6.960221e-06,0.00026118036,a
test_2821.jpg,8.939652e-06,1.7603218e-06,0.99998605,3.288714e-06,c
test_2822.jpg,0.0007086695,0.9978809,0.001031108,0.00037932344,b
test_2823.jpg,1.553494e-06,1.9947256e-06,4.7378884e-07,0.99999595,d
test_2824.jpg,1.3709459e-06,0.99999034,2.9022926e-06,5.422196e-06,b
test_2825.jpg,0.00011157344,0.20172949,0.00030328805,0.7978557,d
test_2826.jpg,0.00048781533,0.9994265,5.826123e-05,2.7520657e-05,b
test_2827.jpg,2.1443126e-05,1.0129014e-05,0.99989355,7.484387e-05,c
test_2828.jpg,0.99993956,1.1478206e-05,2.1444112e-05,2.7534787e-05,a
test_2829.jpg,0.9999176,1.4737984e-05,2.7534183e-05,4.0061994e-05,a
test_2830.jpg,2.5611857e-06,0.9999598,1.0129686e-05,2.7535345e-05,b
test_2831.jpg,0.9116962,0.0009420535,0.08480095,0.002560767,a
test_2832.jpg,5.8100028e-05,0.9966612,0.000108545144,0.003172154,b
test_2833.jpg,0.99906605,0.00013971103,8.473901e-05,0.0007095111,a
test_2834.jpg,0.94274837,0.0026479864,0.053186227,0.0014173648,a
test_2835.jpg,3.119872e-05,6.143392e-06,0.9998665,9.6098825e-05,c
test_2836.jpg,0.00033501632,8.470539e-05,0.9986696,0.0009106688,c
test_2837.jpg,1.6529375e-06,0.9995435,7.481767e-05,0.00037995545,b
test_2838.jpg,0.0046865093,0.03923966,0.4780369,0.4780369,c
test_2839.jpg,8.315262e-07,9.422427e-07,0.999997,1.2098635e-06,c
test_2840.jpg,0.99999845,6.475942e-07,5.043469e-07,4.7379004e-07,a
test_2841.jpg,3.7265218e-06,0.9999647,1.01297355e-05,2.1444652e-05,b
test_2842.jpg,4.2227293e-06,0.99997115,7.889097e-06,1.6701219e-05,b
test_2843.jpg,0.9999511,4.0063336e-05,6.1439123e-06,2.5611635e-06,a
test_2844.jpg,0.00079737353,0.99085474,0.0024560834,0.0058918376,b
test_2845.jpg,0.00583196,0.67408293,0.31841424,0.0016708846,b
test_2846.jpg,4.2228194e-06,1.067696e-06,0.9999925,2.2603124e-06,c
test_2847.jpg,2.7520202e-05,7.480766e-05,0.9994099,0.00048780727,c
test_2848.jpg,0.9991097,0.00015832024,0.00017940033,0.0005525919,a
test_2849.jpg,2.2602874e-06,3.2886987e-06,1.3007056e-05,0.9999814,d
test_2850.jpg,5.043468e-07,5.043468e-07,0.99999833,6.4759416e-07,c
test_2851.jpg,0.1972565,0.008666846,0.68849283,0.1055838,c
test_2852.jpg,0.9999912,3.2887308e-06,1.7603307e-06,3.7266202e-06,a
test_2853.jpg,2.1444386e-05,1.4738495e-05,1.14783525e-05,0.9999523,d
test_2854.jpg,0.19985774,0.79045266,0.0028508175,0.0068387557,b
test_2855.jpg,4.181184e-07,4.737902e-07,3.4663233e-07,0.9999988,d
test_2856.jpg,1.4738624e-05,0.999961,1.8924768e-05,5.422037e-06,b
test_2857.jpg,0.0002610614,0.9992454,0.00033520948,0.00015834175,b
test_2858.jpg,0.9999877,3.7266075e-06,6.144137e-06,2.4060785e-06,a
test_2859.jpg,1.8553904e-07,1.4449795e-07,0.9999994,2.6995767e-07,c
test_2860.jpg,1.5381728e-07,6.8256e-08,0.9999995,2.699577e-07,c
test_2861.jpg,1.3007071e-05,2.9022701e-06,1.5534732e-06,0.9999826,d
test_2862.jpg,0.0002611287,0.00013977214,9.6063886e-05,0.999503,d
test_2863.jpg,1.7603356e-06,1.9947217e-06,2.2603158e-06,0.9999939,d
test_2864.jpg,2.1442936e-05,0.9998847,1.8923325e-05,7.484321e-05,b
test_2865.jpg,1.3006849e-05,4.7849526e-06,0.99996555,1.6701126e-05,c
test_2866.jpg,3.2885914e-06,0.99994874,4.0063238e-05,7.88892e-06,b
test_2867.jpg,0.10578784,0.003194516,0.8857508,0.005266866,c
test_2868.jpg,4.181181e-07,7.338201e-07,7.338201e-07,0.9999981,d
test_2869.jpg,0.9999981,1.067702e-06,4.181181e-07,3.689879e-07,a
test_2870.jpg,1.9947188e-06,0.9999925,3.7266252e-06,1.7603331e-06,b
test_2871.jpg,3.927855e-07,0.99999785,6.475939e-07,1.0677018e-06,b
test_2872.jpg,0.0005527348,7.480453e-05,4.492361e-06,0.999368,d
test_2873.jpg,9.607347e-05,4.0049377e-05,0.00026115475,0.99960274,d
test_2874.jpg,0.00013968468,0.9988776,0.0005524636,0.00043025907,b
test_2875.jpg,0.9989428,0.0006260641,0.00033510796,9.6010044e-05,a
test_2876.jpg,0.0021824266,7.467853e-05,5.8159694e-05,0.9976847,d
test_2877.jpg,0.99986947,0.00010889456,6.961396e-06,1.4737275e-05,a
test_2878.jpg,0.98699945,0.00037518708,0.00020082317,0.0124244895,a
test_2879.jpg,3.2887378e-06,2.9023013e-06,5.368717e-07,0.9999933,d
test_2880.jpg,8.3152736e-07,6.4759416e-07,2.6995738e-07,0.99999833,d
test_2881.jpg,3.5351364e-05,1.4736641e-05,0.9998265,0.00012338838,c
test_2882.jpg,0.99997306,7.889112e-06,1.012982e-05,8.939535e-06,a
test_2883.jpg,0.99999535,1.067699e-06,1.553493e-06,1.9947245e-06,a
test_2884.jpg,4.7848885e-06,0.9999521,3.089356e-06,4.0063373e-05,b
test_2885.jpg,0.0011071617,0.000102982085,0.8344725,0.16431737,c
test_2886.jpg,1.3574287e-07,0.99999654,1.5534949e-06,1.7603402e-06,b
test_2887.jpg,0.14362402,0.02828125,0.0015955189,0.8264993,d
test_2888.jpg,4.9937103e-08,0.99999845,3.2563082e-07,1.2098653e-06,b
test_2889.jpg,0.11452099,0.846202,0.037179522,0.0020975252,b
test_2890.jpg,0.0031690737,0.9956934,0.0009079548,0.00022956693,b
test_2891.jpg,1.1477159e-05,0.99984837,0.000108892265,3.1198157e-05,b
test_2892.jpg,1.1478644e-05,5.4221273e-06,5.4221273e-06,0.9999777,d
test_2893.jpg,4.7378632e-07,0.9999906,1.994715e-06,6.9622392e-06,b
test_2894.jpg,1.14631e-05,0.9986236,4.001015e-05,0.0013249542,b
test_2895.jpg,3.2563062e-07,0.99999785,9.4224345e-07,8.3152696e-07,b
test_2896.jpg,3.120135e-05,1.4738473e-05,0.99995077,3.288598e-06,c
test_2897.jpg,0.9999938,2.2603153e-06,1.0676974e-06,2.9023026e-06,a
test_2898.jpg,0.99999845,3.9278575e-07,5.043469e-07,7.338204e-07,a
test_2899.jpg,0.00017829484,0.992953,0.006690465,0.00017829484,b
test_2900.jpg,6.412046e-08,0.9999976,7.338198e-07,1.5534965e-06,b
test_2901.jpg,2.2603117e-06,0.99999213,2.2603117e-06,3.288734e-06,b
test_2902.jpg,2.1024309e-07,8.3152753e-07,4.450846e-07,0.99999857,d
test_2903.jpg,0.0016967249,0.9959527,0.0013214105,0.0010291156,b
test_2904.jpg,0.020817293,0.09329663,0.8851738,0.0007123286,c
test_2905.jpg,9.329477e-08,0.9999982,5.7149975e-07,1.0677021e-06,b
test_2906.jpg,4.006208e-05,8.939059e-06,0.9999198,3.1200383e-05,c
test_2907.jpg,0.0674109,0.82123286,0.013273993,0.09808228,b
test_2908.jpg,1.7603386e-06,1.7603386e-06,8.851538e-07,0.9999956,d
test_2909.jpg,3.256303e-07,7.811465e-07,1.9947277e-06,0.9999969,d
test_2910.jpg,2.2603133e-06,7.338163e-07,4.222821e-06,0.99999285,d
test_2911.jpg,0.9492146,0.0072473423,0.04170558,0.0018324152,a
test_2912.jpg,2.5612405e-06,0.99998116,4.7850276e-06,1.14786835e-05,b
test_2913.jpg,0.00072495965,0.7950148,0.20101121,0.0032490438,b
test_2914.jpg,6.083583e-07,5.3687427e-07,7.338201e-07,0.9999981,d
test_2915.jpg,5.714971e-07,3.2887388e-06,0.99999356,2.5612721e-06,c
test_2916.jpg,1.0129231e-05,5.82897e-05,1.670028e-05,0.9999149,d
test_2917.jpg,7.483828e-05,8.480287e-05,0.999819,2.1441527e-05,c
test_2918.jpg,3.2563008e-07,0.9999962,1.2098625e-06,2.2603208e-06,b
test_2919.jpg,0.00020303435,0.0016999859,0.9978669,0.00023006805,c
test_2920.jpg,0.99999535,1.553493e-06,1.7603381e-06,1.2878909e-06,a
test_2921.jpg,0.0014758083,0.00454581,0.012356792,0.98162156,d
test_2922.jpg,4.4508468e-07,1.9750514e-07,0.9999988,5.715001e-07,c
test_2923.jpg,0.9999907,4.49516e-06,2.2603085e-06,2.5612649e-06,a
test_2924.jpg,3.466322e-07,8.3152736e-07,4.4508448e-07,0.99999833,d
test_2925.jpg,5.42194e-06,1.1478247e-05,0.99994314,4.0063016e-05,c
test_2926.jpg,0.00023046485,5.827064e-05,0.99958795,0.00012335894,c
test_2927.jpg,6.96221e-06,3.7266025e-06,0.9999864,2.9022813e-06,c
test_2928.jpg,0.006045736,0.37403643,0.003236049,0.6166818,d
test_2929.jpg,1.0029936e-06,0.99997854,1.14786535e-05,8.939584e-06,b
test_2930.jpg,0.997537,0.00037919273,0.0019256995,0.00015807104,a
test_2931.jpg,1.01295045e-05,0.99994195,3.1201074e-05,1.6700731e-05,b
test_2932.jpg,9.421873e-07,0.99993825,2.5611305e-06,5.8291065e-05,b
test_2933.jpg,0.9999839,8.3151537e-07,1.4738961e-05,4.7378316e-07,a
test_2934.jpg,2.2380154e-07,0.9999938,1.7603354e-06,4.222825e-06,b
test_2935.jpg,2.9021867e-06,0.99995387,1.8924633e-05,2.429971e-05,b
test_2936.jpg,2.902298e-06,1.5534882e-06,0.99999225,3.2887344e-06,c
test_2937.jpg,0.11119002,0.56466955,0.021894615,0.30224586,b
test_2938.jpg,2.1443653e-05,5.144065e-05,0.9999181,8.939044e-06,c
test_2939.jpg,0.00017930647,0.00080359593,0.998587,0.0004301339,c
test_2940.jpg,1.7774131e-05,0.9997335,0.00013980437,0.00010887975,b
test_2941.jpg,3.5348316e-05,0.00015842015,6.603934e-05,0.9997402,d
test_2942.jpg,0.9960854,0.00026023583,6.181143e-05,0.003592445,a
test_2943.jpg,0.0001582379,0.99859005,0.000625843,0.000625843,b
test_2944.jpg,0.9999956,2.2603194e-06,1.0676994e-06,1.1365601e-06,a
test_2945.jpg,0.99978644,5.1433875e-05,9.609113e-05,6.60424e-05,a
test_2946.jpg,6.196364e-05,7.474243e-05,0.9985384,0.0013248412,c
test_2947.jpg,3.2887176e-06,4.7850563e-06,0.9999871,4.7850563e-06,c
test_2948.jpg,5.422132e-06,1.3709297e-06,0.99997854,1.4738882e-05,c
test_2949.jpg,9.422209e-07,0.9999739,3.7265559e-06,2.1444848e-05,b
test_2950.jpg,0.00015842677,2.4295534e-05,0.999782,3.5349793e-05,c
test_2951.jpg,0.0013233895,0.0008026763,0.9974443,0.0004296417,c
test_2952.jpg,0.0002611698,5.8274865e-05,2.0139254e-05,0.9996604,d
test_2953.jpg,0.9999926,2.2603128e-06,3.2887356e-06,1.7603334e-06,a
test_2954.jpg,0.00048625487,0.0027982034,0.99622935,0.00048625487,c
test_2955.jpg,0.0075731846,0.9918915,0.00042724988,0.00010802569,b
test_2956.jpg,3.4663185e-07,4.4508405e-07,0.9999974,1.7603417e-06,c
test_2957.jpg,0.9858503,0.0014821659,0.012410024,0.0002575618,a
test_2958.jpg,0.9998387,5.1436567e-05,5.1436567e-05,5.8285263e-05,a
test_2959.jpg,0.8080385,0.18029776,0.003741961,0.007921731,a
test_2960.jpg,0.9996055,2.4291243e-05,0.0002304689,0.00013978645,a
test_2961.jpg,0.0017848634,0.00021317152,0.18206102,0.81594086,d
test_2962.jpg,5.7149555e-07,0.9999908,3.2887297e-06,5.4221987e-06,b
test_2963.jpg,1.7603394e-06,1.3709538e-06,6.893588e-07,0.99999607,d
test_2964.jpg,2.2602756e-06,0.99997616,1.0129851e-05,1.1478626e-05,b
test_2965.jpg,0.7473125,0.24261683,0.005035352,0.005035352,a
test_2966.jpg,0.0002611767,3.5346424e-05,1.6696467e-05,0.9996867,d
test_2967.jpg,8.938344e-06,0.9998398,1.1477061e-05,0.00013981924,b
test_2968.jpg,0.0013165832,0.9923144,0.005207188,0.0011618807,b
test_2969.jpg,0.9610084,0.03726234,0.0002845015,0.0014448178,a
test_2970.jpg,1.7603337e-06,2.9023e-06,2.5612703e-06,0.99999285,d
test_2971.jpg,0.99969053,0.00013979836,8.479198e-05,8.479198e-05,a
test_2972.jpg,1.5534777e-06,1.5534777e-06,1.1478733e-05,0.99998546,d
test_2973.jpg,0.00015705568,0.9911294,0.00013860116,0.00857495,b
test_2974.jpg,3.2563105e-07,2.1024321e-07,3.2563105e-07,0.99999917,d
test_2975.jpg,0.99997723,7.889144e-06,4.7850085e-06,1.0129862e-05,a
test_2976.jpg,5.42177e-06,0.9999118,6.605068e-05,1.6700227e-05,b
test_2977.jpg,0.00017949917,0.99966013,0.00010887176,5.1427378e-05,b
test_2978.jpg,0.010892625,0.9805228,0.0058304016,0.0027540869,b
test_2979.jpg,2.1443617e-05,1.6700305e-05,0.99991643,4.5396137e-05,c
test_2980.jpg,0.9999969,9.422426e-07,8.3152617e-07,1.3709549e-06,a
test_2981.jpg,5.8246642e-05,0.9991762,0.00033518628,0.0004303877,b
test_2982.jpg,0.006684638,6.553388e-05,0.99208826,0.0011616158,c
test_2983.jpg,9.4223986e-07,1.7603359e-06,3.2887403e-06,0.99999404,d
test_2984.jpg,0.006173559,0.058573097,0.0190159,0.9162374,d
test_2985.jpg,0.9999652,1.8924848e-05,1.3006845e-05,2.9022196e-06,a
test_2986.jpg,0.64694494,0.3462847,0.0055971704,0.0011732306,a
test_2987.jpg,0.00010883958,9.6050586e-05,0.00043046888,0.9993647,d
test_2988.jpg,1.0676997e-06,7.338186e-07,0.99999595,2.2603203e-06,c
test_2989.jpg,3.7264679e-06,0.9999503,3.1201336e-05,1.4738465e-05,b
test_2990.jpg,1.6373761e-07,3.9278612e-07,9.931189e-08,0.9999994,d
test_2991.jpg,1.7603344e-06,1.7603344e-06,3.2887376e-06,0.9999932,d
test_2992.jpg,0.99934477,0.00043046032,0.00017944255,4.5370183e-05,a
test_2993.jpg,0.9998561,0.00010889311,2.753249e-05,7.4102686e-06,a
test_2994.jpg,1.0677005e-06,3.059013e-07,0.99999666,1.9947272e-06,c
test_2995.jpg,0.0010315736,8.467672e-05,0.9983316,0.0005521616,c
test_2996.jpg,0.9999852,5.422168e-06,6.962202e-06,2.4060726e-06,a
test_2997.jpg,0.00037989003,0.99937147,0.00013975374,0.00010884032,b
test_2998.jpg,2.6995727e-07,0.99999785,6.475939e-07,1.2098645e-06,b
test_2999.jpg,6.9615444e-06,6.1435417e-06,0.9998908,9.610116e-05,c
test_3000.jpg,0.00043052566,5.8265312e-05,1.4731777e-05,0.99949646,d
test_3001.jpg,0.9997118,9.608395e-05,9.608395e-05,9.608395e-05,a
test_3002.jpg,0.64343584,0.3444064,0.0029796993,0.009178119,a
test_3003.jpg,0.00070588186,0.00012266387,0.9939557,0.0052158004,c
test_3004.jpg,4.7850704e-06,2.902292e-06,2.2603072e-06,0.9999901,d
test_3005.jpg,1.0129014e-05,1.14776785e-05,0.99989355,8.48092e-05,c
test_3006.jpg,2.3823515e-07,0.9999924,1.2098579e-06,6.1441656e-06,b
test_3007.jpg,0.99999416,2.5612737e-06,2.5612737e-06,8.315239e-07,a
test_3008.jpg,1.9750522e-07,5.0434727e-07,2.1024321e-07,0.99999917,d
test_3009.jpg,5.4221086e-06,1.1478604e-05,8.939546e-06,0.99997425,d
test_3010.jpg,8.939546e-06,1.1478604e-05,5.4221086e-06,0.99997425,d
test_3011.jpg,2.699566e-07,0.99999535,1.067699e-06,3.2887447e-06,b
test_3012.jpg,0.002793044,0.9943926,0.0014950087,0.0013193405,b
test_3013.jpg,4.450848e-07,3.0590203e-07,1.8553898e-07,0.99999905,d
test_3014.jpg,0.0010903344,0.00024328649,0.06745661,0.9312097,d
test_3015.jpg,0.0005657759,0.0015379385,0.09514888,0.90274745,d
test_3016.jpg,2.238028e-07,2.536018e-07,1.1253511e-07,0.9999994,d
test_3017.jpg,0.018708428,0.014570139,0.06529883,0.9014226,d
test_3018.jpg,4.4508468e-07,1.9750514e-07,4.737902e-07,0.9999988,d
test_3019.jpg,2.753159e-05,4.005822e-05,0.9998235,0.00010888955,c
test_3020.jpg,1.7603373e-06,2.5612756e-06,8.3152446e-07,0.9999949,d
test_3021.jpg,3.0288412e-08,0.9999994,1.3574325e-07,4.4508496e-07,b
test_3022.jpg,0.0009948325,0.70438075,0.0009948325,0.2936296,b
test_3023.jpg,0.9999747,8.939551e-06,1.0129837e-05,6.1440574e-06,a
test_3024.jpg,1.8919887e-05,0.00026118098,1.6696742e-05,0.9997031,d
test_3025.jpg,0.078260936,0.65527076,0.025407605,0.24106067,b
test_3026.jpg,5.422147e-06,7.889177e-06,5.422147e-06,0.9999813,d
test_3027.jpg,8.3152315e-07,1.0676969e-06,4.785086e-06,0.9999933,d
test_3028.jpg,2.6995684e-07,0.9999963,1.2098627e-06,2.260321e-06,b
test_3029.jpg,6.4120556e-08,0.99999917,2.1024321e-07,6.475947e-07,b
test_3030.jpg,1.4738865e-05,4.2227557e-06,3.7265688e-06,0.99997735,d
test_3031.jpg,0.99989843,1.8923583e-05,3.1199717e-05,5.1439638e-05,a
test_3032.jpg,2.5612733e-06,2.2603158e-06,1.2098598e-06,0.9999939,d
test_3033.jpg,0.00036190808,0.0474006,0.95206654,0.00017095327,c
test_3034.jpg,9.3294844e-08,1.8553898e-07,0.99999905,6.475946e-07,c
test_3035.jpg,0.9999558,6.1439405e-06,6.961997e-06,3.1201507e-05,a
test_3036.jpg,3.120072e-05,0.9999306,1.6700542e-05,2.144392e-05,b
test_3037.jpg,1.8553872e-07,0.99999774,1.2098644e-06,8.3152685e-07,b
test_3038.jpg,2.382366e-07,4.9937103e-08,0.99999845,1.2098653e-06,c
test_3039.jpg,0.00012339033,2.4296996e-05,1.0128494e-05,0.99984217,d
test_3040.jpg,1.2098623e-06,3.2563003e-07,0.99999595,2.5612783e-06,c
test_3041.jpg,5.368726e-07,0.999995,8.315246e-07,3.7266345e-06,b
test_3042.jpg,1.3709462e-06,6.1441547e-06,1.8738613e-06,0.9999906,d
test_3043.jpg,0.00020337636,0.9995478,4.5379402e-05,0.00020337636,b
test_3044.jpg,0.0024462258,0.003141016,0.98687786,0.0075349053,c
test_3045.jpg,1.2098495e-06,0.99998546,5.4221696e-06,7.88921e-06,b
test_3046.jpg,0.99943644,0.0004304998,7.480966e-05,5.8261812e-05,a
test_3047.jpg,9.329486e-08,2.3823677e-07,0.99999917,5.0434727e-07,c
test_3048.jpg,1.3005285e-05,1.873589e-06,0.99984527,0.00013982,c
test_3049.jpg,0.99996936,1.1478548e-05,1.3006899e-05,6.144024e-06,a
test_3050.jpg,2.1024316e-07,3.466324e-07,0.9999989,4.4508474e-07,c
test_3051.jpg,0.9309317,0.024808489,0.003357464,0.040902287,a
test_3052.jpg,8.851536e-07,3.2887447e-06,3.6898692e-07,0.99999535,d
test_3053.jpg,0.00029556433,0.0011689794,0.00015820417,0.9983772,d
test_3054.jpg,0.9998791,6.6048524e-05,4.006045e-05,1.4737417e-05,a
test_3055.jpg,0.99972135,0.00015841717,8.47946e-05,3.534765e-05,a
test_3056.jpg,0.008566083,0.9901046,0.00090285856,0.0004264802,b
test_3057.jpg,4.0040297e-05,0.0005527393,0.9993761,3.118342e-05,c
test_3058.jpg,0.9999709,1.6701215e-05,6.1440337e-06,6.1440337e-06,a
test_3059.jpg,6.96217e-06,2.2602858e-06,0.9999807,1.0129897e-05,c
test_3060.jpg,0.00033341636,0.9939002,0.004602671,0.0011637374,b
test_3061.jpg,1.1478643e-05,4.7850103e-06,6.1440746e-06,0.9999776,d
test_3062.jpg,0.9999001,5.828884e-05,2.1443266e-05,2.0144085e-05,a
test_3063.jpg,0.40620777,0.0024153998,0.0003479713,0.5910288,d
test_3064.jpg,0.9962691,0.0035931077,0.00010850245,2.9203036e-05,a
test_3065.jpg,1.9750496e-07,0.99999785,7.3381995e-07,1.2098645e-06,b
test_3066.jpg,0.00090503244,0.00070484,0.0059015527,0.9924886,d
test_3067.jpg,0.70280033,0.0013567238,0.29297078,0.0028721844,a
test_3068.jpg,0.9990922,0.00062615774,0.00012329777,0.00015831747,a
test_3069.jpg,6.1440196e-06,2.4300069e-05,8.8512996e-07,0.99996865,d
test_3070.jpg,1.9750406e-07,0.9999933,1.7603346e-06,4.785086e-06,b
test_3071.jpg,0.002471664,0.00022990054,0.00015800819,0.9971404,d
test_3072.jpg,0.999201,0.0001233112,0.00037982524,0.0002958082,a
test_3073.jpg,0.99889,0.0007093861,0.00026096852,0.00013968641,a
test_3074.jpg,0.002433314,0.9816689,0.003540451,0.012357388,b
test_3075.jpg,0.00066120445,0.9310452,0.06744469,0.0008490033,b
test_3076.jpg,0.00012330545,9.603039e-05,0.99915445,0.00062619674,c
test_3077.jpg,0.001689759,0.0005485844,0.0058978377,0.99186385,d
test_3078.jpg,8.315242e-07,0.9999945,2.9023047e-06,1.7603367e-06,b
test_3079.jpg,5.0434556e-07,4.4508337e-07,0.9999958,3.2887463e-06,c
test_3080.jpg,2.1024283e-07,0.9999974,8.3152656e-07,1.5534962e-06,b
test_3081.jpg,0.99799746,0.0017002084,0.00012316267,0.00017920062,a
test_3082.jpg,0.22111809,0.0004268583,0.7717779,0.0066771875,c
test_3083.jpg,4.5381807e-05,0.9996008,0.00023046782,0.00012336054,b
test_3084.jpg,2.536014e-07,0.99999785,6.475939e-07,1.2098645e-06,b
test_3085.jpg,6.47591e-07,0.99999344,1.7603347e-06,4.2228235e-06,b
test_3086.jpg,7.4795964e-05,0.00062625884,4.5366043e-05,0.9992536,d
test_3087.jpg,1.4738288e-05,6.961875e-06,0.99993825,4.006282e-05,c
test_3088.jpg,0.000108869164,2.4291992e-05,0.9996363,0.00023047601,c
test_3089.jpg,0.99906176,0.00062613864,0.00010880659,0.00020327746,a
test_3090.jpg,1.4738868e-05,5.422127e-06,2.2602787e-06,0.9999776,d
test_3091.jpg,0.00020339222,7.4823816e-05,0.9996257,9.607568e-05,c
test_3092.jpg,2.561268e-06,3.5008384e-06,2.1233657e-06,0.9999919,d
test_3093.jpg,1.3574312e-07,2.699574e-07,0.99999845,1.2098653e-06,c
test_3094.jpg,3.5352743e-05,9.6098716e-05,3.0890883e-06,0.9998654,d
test_3095.jpg,0.99671304,0.0001085508,0.0007078401,0.0024706046,a
test_3096.jpg,5.368712e-07,0.9999924,2.9022985e-06,4.222819e-06,b
test_3097.jpg,0.99999785,1.3709562e-06,3.2563062e-07,3.6898783e-07,a
test_3098.jpg,1.1365332e-06,0.999972,1.0129809e-05,1.6701233e-05,b
test_3099.jpg,2.2603178e-06,1.7603373e-06,0.9999949,1.0676986e-06,c
test_3100.jpg,7.338205e-07,3.4663228e-07,0.99999857,3.4663228e-07,c
test_3101.jpg,8.851555e-07,9.4224316e-07,6.083579e-07,0.9999975,d
test_3102.jpg,0.00021811538,0.16439448,0.00052323163,0.83486414,d
test_3103.jpg,3.2887378e-06,2.5612717e-06,9.422392e-07,0.9999933,d
test_3104.jpg,0.9999523,1.4738495e-05,1.14783525e-05,2.1444386e-05,a
test_3105.jpg,0.9987464,0.00013966633,0.0002032133,0.00091073883,a
test_3106.jpg,0.999985,1.0129941e-05,3.2887106e-06,1.553477e-06,a
test_3107.jpg,0.0018875597,0.9777801,0.015804343,0.0045280205,b
test_3108.jpg,6.9621046e-06,2.9022372e-06,0.9999713,1.8924962e-05,c
test_3109.jpg,0.99054986,0.00033229246,0.008569935,0.0005478576,a
test_3110.jpg,3.2887253e-06,6.9622315e-06,2.873656e-07,0.9999895,d
test_3111.jpg,0.9999889,2.5612603e-06,3.7266118e-06,4.7850644e-06,a
test_3112.jpg,0.0008438385,0.00029162277,0.81664616,0.18221839,c
test_3113.jpg,0.9999454,1.670079e-05,1.8924473e-05,1.8924473e-05,a
test_3114.jpg,0.0027302294,0.009529437,0.972029,0.015711384,c
test_3115.jpg,2.5612753e-06,1.9947233e-06,6.0835623e-07,0.99999475,d
test_3116.jpg,3.466304e-07,0.9999932,4.2228226e-06,2.260314e-06,b
test_3117.jpg,0.005207188,0.0013165832,0.0011618807,0.9923144,d
test_3118.jpg,0.99955183,0.00010885997,0.00023045654,0.00010885997,a
test_3119.jpg,3.2562986e-07,0.99999547,1.3709529e-06,2.9023074e-06,b
test_3120.jpg,0.9993771,0.00037989215,0.0001583626,8.4765394e-05,a
test_3121.jpg,0.9918012,0.00033271222,0.0075724954,0.00029361754,a
test_3122.jpg,0.99998474,7.889204e-06,4.7850444e-06,2.5612496e-06,a
test_3123.jpg,0.00015748052,0.9938105,0.00012264596,0.0059094126,b
test_3124.jpg,8.939371e-06,2.75352e-05,0.9999546,8.939371e-06,c
test_3125.jpg,0.93772644,0.00042996916,0.015156936,0.04668665,a
test_3126.jpg,2.699576e-07,9.931186e-08,0.99999917,4.4508485e-07,c
test_3127.jpg,0.001323472,0.0009096081,0.00026060708,0.99750644,d
test_3128.jpg,2.5360126e-07,0.99999726,9.4224293e-07,1.5534961e-06,b
test_3129.jpg,1.0127553e-05,1.0127553e-05,0.99974924,0.00023050205,c
test_3130.jpg,0.9999831,7.889191e-06,4.7850367e-06,4.22278e-06,a
test_3131.jpg,3.7266195e-06,3.28873e-06,1.9947158e-06,0.99999094,d
test_3132.jpg,4.0057887e-05,2.1441445e-05,0.99981517,0.00012338698,c
test_3133.jpg,2.5360148e-07,0.9999982,9.422438e-07,6.475941e-07,b
test_3134.jpg,0.00012336866,5.1427716e-05,0.0001584085,0.9996667,d
test_3135.jpg,4.7848657e-06,0.9999473,1.670082e-05,3.120124e-05,b
test_3136.jpg,0.0008494138,0.00017804679,0.06747729,0.9314953,d
test_3137.jpg,1.2751889e-07,0.9999987,4.4508462e-07,7.3382057e-07,b
test_3138.jpg,2.7523816e-05,0.0003353087,0.99954116,9.606755e-05,c
test_3139.jpg,8.480978e-05,0.99990034,6.961611e-06,7.888539e-06,b
test_3140.jpg,1.9946713e-06,0.99996865,7.889077e-06,2.1444735e-05,b
test_3141.jpg,0.9233841,0.07579598,0.0005787094,0.00024124197,a
test_3142.jpg,0.0012616754,0.04734402,0.9509301,0.00046414448,c
test_3143.jpg,0.9998894,5.8288217e-05,6.9615344e-06,4.539491e-05,a
test_3144.jpg,0.0009109793,2.7509193e-05,5.1393938e-05,0.9990101,d
test_3145.jpg,8.7642306e-08,0.999998,8.31527e-07,1.0677019e-06,b
test_3146.jpg,1.9947233e-06,2.5612753e-06,7.3381767e-07,0.99999475,d
test_3147.jpg,1.6697355e-05,0.00023049988,1.3003913e-05,0.9997398,d
test_3148.jpg,2.2380232e-07,0.99999726,1.3709554e-06,1.2098639e-06,b
test_3149.jpg,6.893539e-07,0.9999889,2.5612603e-06,7.889237e-06,b
test_3150.jpg,1.994712e-06,1.994712e-06,0.99998903,6.9622283e-06,c
test_3151.jpg,2.260291e-06,0.99998295,6.962186e-06,7.88919e-06,b
test_3152.jpg,1.8922794e-05,0.9998567,6.604704e-05,5.828631e-05,b
test_3153.jpg,2.5612524e-06,1.5534782e-06,0.9999858,1.0129949e-05,c
test_3154.jpg,3.2887351e-06,2.5612694e-06,1.7603331e-06,0.9999925,d
test_3155.jpg,0.97620106,0.02295805,0.00042049133,0.00042049133,a
test_3156.jpg,7.26581e-08,0.99999917,3.0590206e-07,4.4508485e-07,b
test_3157.jpg,3.2886987e-06,1.3007056e-05,0.9999814,2.2602874e-06,c
test_3158.jpg,8.47144e-05,0.9987758,0.0004302152,0.000709305,b
test_3159.jpg,0.99998903,6.144145e-06,2.9022888e-06,1.994712e-06,a
test_3160.jpg,0.0031272934,0.0002908836,0.98256636,0.014015555,c
test_3161.jpg,0.96426857,0.0057337503,0.0008792991,0.029118387,a
test_3162.jpg,3.6898686e-07,0.99999523,6.475922e-07,3.7266354e-06,b
test_3163.jpg,0.0050230543,0.84474784,0.089035764,0.061193332,b
test_3164.jpg,0.015902879,6.499143e-05,0.9838763,0.00015590634,c
test_3165.jpg,0.6501563,0.0009774704,0.34800363,0.00086261466,a
test_3166.jpg,0.00015826226,0.0010319996,6.597352e-05,0.99874383,d
test_3167.jpg,1.9947079e-06,6.1441324e-06,0.999987,4.7850554e-06,c
test_3168.jpg,1.3006853e-05,1.670113e-05,4.495048e-06,0.9999658,d
test_3169.jpg,0.9999765,1.1478631e-05,6.962141e-06,5.0936114e-06,a
test_3170.jpg,7.3381716e-07,0.99999404,1.5534911e-06,3.726631e-06,b
test_3171.jpg,2.1444386e-05,4.7848894e-06,2.1444386e-05,0.9999523,d
test_3172.jpg,0.9994332,0.00043049842,8.477016e-05,5.1415704e-05,a
test_3173.jpg,0.9939214,0.0052156206,0.0003778183,0.00048512834,a
test_3174.jpg,0.99993277,2.1443966e-05,2.1443966e-05,2.4299197e-05,a
test_3175.jpg,0.4029509,0.58629006,0.008362979,0.0023960336,b
test_3176.jpg,0.999729,0.000108879256,9.6085605e-05,6.603861e-05,a
test_3177.jpg,0.00047090786,0.8514214,0.0001528814,0.14795484,b
test_3178.jpg,0.00062611245,0.0002957546,5.8237532e-05,0.99902,d
test_3179.jpg,2.2602555e-06,2.9022258e-06,2.7535552e-05,0.99996734,d
test_3180.jpg,0.9997862,8.480009e-05,2.014179e-05,0.00010888549,a
test_3181.jpg,0.106554344,0.0005591458,0.0007179575,0.8921686,d
test_3182.jpg,0.98063457,0.001148205,0.017960949,0.00025619916,a
test_3183.jpg,0.18223502,0.0008439155,0.00020044752,0.81672066,d
test_3184.jpg,0.99999464,2.2603174e-06,1.7603369e-06,1.3709517e-06,a
test_3185.jpg,1.9946835e-06,0.99997485,1.300697e-05,1.0129838e-05,b
test_3186.jpg,1.8738467e-06,3.7265893e-06,0.99998283,1.1478703e-05,c
test_3187.jpg,0.99990106,6.604997e-05,2.1443288e-05,1.1477764e-05,a
test_3188.jpg,0.99895406,0.00033511175,0.00015829559,0.0005525059,a
test_3189.jpg,0.00020314235,0.00023019043,0.0011690034,0.99839765,d
test_3190.jpg,9.422425e-07,1.2098633e-06,1.0677006e-06,0.9999968,d
test_3191.jpg,0.0009099618,0.99789435,0.00070867897,0.0004870675,b
test_3192.jpg,0.9999975,7.338197e-07,6.083579e-07,1.2098641e-06,a
test_3193.jpg,0.22000673,0.767899,0.004566094,0.007528217,b
test_3194.jpg,0.0002609929,0.00020326149,0.000552522,0.9989832,d
test_3195.jpg,2.5612644e-06,3.7266177e-06,0.99999046,3.2887285e-06,c
test_3196.jpg,0.0075445594,0.004038312,0.00027481056,0.9881423,d
test_3197.jpg,2.4288174e-05,0.99947923,0.0004305182,6.6022105e-05,b
test_3198.jpg,0.99054986,0.0005478576,0.008569935,0.00033229246,a
test_3199.jpg,1.9947206e-06,2.2603147e-06,0.99999344,2.2603147e-06,c
test_3200.jpg,8.939171e-06,2.7534586e-05,0.9999323,3.1200772e-05,c
test_3201.jpg,9.422411e-07,1.3709528e-06,2.260319e-06,0.99999535,d
test_3202.jpg,1.3574326e-07,6.8256e-08,0.9999995,3.0590218e-07,c
test_3203.jpg,9.4224214e-07,1.0677002e-06,0.9999964,1.5534947e-06,c
test_3204.jpg,5.7150015e-07,2.3823671e-07,2.6995755e-07,0.9999989,d
test_3205.jpg,0.9999939,2.2603158e-06,2.2603158e-06,1.5534908e-06,a
test_3206.jpg,4.1811657e-07,4.785091e-06,3.6898655e-07,0.9999944,d
test_3207.jpg,0.9999782,6.962153e-06,6.962153e-06,7.889153e-06,a
test_3208.jpg,0.00020163637,0.9909961,0.008573797,0.00022848393,b
test_3209.jpg,5.043466e-07,1.5381703e-07,0.99999785,1.553497e-06,c
test_3210.jpg,5.4221828e-06,5.714939e-07,0.99998796,6.1441383e-06,c
test_3211.jpg,0.00037996605,2.4290415e-05,2.4290415e-05,0.9995714,d
test_3212.jpg,0.40153608,0.012125338,0.58423156,0.002107068,c
test_3213.jpg,0.99998593,6.144126e-06,3.7266007e-06,4.2227916e-06,a
test_3214.jpg,2.753541e-05,6.9620414e-06,3.2886355e-06,0.9999622,d
test_3215.jpg,0.9985391,0.0007091369,4.2586977e-05,0.0007091369,a
test_3216.jpg,2.5612746e-06,1.2098606e-06,0.9999945,1.7603367e-06,c
test_3217.jpg,3.119851e-05,9.609817e-05,1.3005473e-05,0.9998597,d
test_3218.jpg,3.2887265e-06,1.9947136e-06,4.785069e-06,0.99998987,d
test_3219.jpg,0.0011898356,0.01861216,0.083413914,0.89678407,d
test_3220.jpg,0.88031197,0.0003346321,0.119137265,0.00021605472,a
test_3221.jpg,2.699574e-07,0.99999845,6.475942e-07,6.475942e-07,b
test_3222.jpg,0.99953353,0.00012335223,0.0001397764,0.00020337345,a
test_3223.jpg,4.2227557e-06,1.4738865e-05,0.99997735,3.7265688e-06,c
test_3224.jpg,0.9998771,3.5353158e-05,2.1442773e-05,6.6048386e-05,a
test_3225.jpg,2.536012e-07,0.99999714,1.3709551e-06,1.2098637e-06,b
test_3226.jpg,0.00020339696,9.607792e-05,0.99964905,5.1426807e-05,c
test_3227.jpg,0.11827311,0.0058884714,0.8739267,0.0019117069,c
test_3228.jpg,1.6373718e-07,0.9999968,8.3152605e-07,2.2603222e-06,b
test_3229.jpg,4.7850544e-06,4.2227953e-06,0.99998677,4.2227953e-06,c
test_3230.jpg,0.052935608,0.93830603,0.0038346425,0.004923778,b
test_3231.jpg,0.0006558593,0.015890015,0.00037369737,0.98308045,d
test_3232.jpg,0.46866527,0.00020187408,0.5310673,6.5538916e-05,c
test_3233.jpg,6.961485e-06,0.9998822,1.4737463e-05,9.610033e-05,b
test_3234.jpg,0.9999831,1.30070775e-05,1.2878751e-06,2.5612453e-06,a
test_3235.jpg,0.99989974,4.539538e-05,1.473772e-05,4.0061277e-05,a
test_3236.jpg,4.7850635e-06,6.144143e-06,3.2562764e-07,0.9999887,d
test_3237.jpg,0.99995077,1.4738473e-05,1.3006657e-05,2.1444353e-05,a
test_3238.jpg,0.99789584,0.00010867962,0.0017000353,0.00029542184,a
test_3239.jpg,0.0003844232,0.00055933243,0.106589906,0.89246637,d
test_3240.jpg,1.3006778e-05,2.4299861e-05,2.5611864e-06,0.99996006,d
test_3241.jpg,1.0129757e-05,1.147852e-05,0.99996686,1.147852e-05,c
test_3242.jpg,0.31999424,0.67742777,0.0016791756,0.00089879794,b
test_3243.jpg,0.99999726,1.0030124e-06,7.3381955e-07,1.0677011e-06,a
test_3244.jpg,5.42217e-06,0.9999856,4.2227903e-06,4.7850485e-06,b
test_3245.jpg,0.99318177,0.0059056743,0.00048476734,0.00042780564,a
test_3246.jpg,0.00029456138,0.004607715,0.99498934,0.00010836307,c
test_3247.jpg,1.9946656e-06,0.9999658,7.889054e-06,2.43e-05,b
test_3248.jpg,0.029235346,0.00022321462,0.9681417,0.0023997833,c
test_3249.jpg,0.00012338698,4.0057887e-05,2.1441445e-05,0.99981517,d
test_3250.jpg,1.1365613e-06,1.553495e-06,6.8935924e-07,0.99999666,d
test_3251.jpg,0.0013212295,0.0011659809,0.0016964925,0.9958163,d
test_3252.jpg,0.99999845,5.3687444e-07,5.043469e-07,5.7149987e-07,a
test_3253.jpg,1.6701002e-05,3.7264972e-06,0.99995816,2.1444512e-05,c
test_3254.jpg,5.14297e-05,8.479323e-05,0.00015841462,0.99970526,d
test_3255.jpg,4.7848926e-06,1.4738504e-05,2.7535154e-05,0.9999529,d
test_3256.jpg,3.2886398e-06,1.994661e-06,0.9999635,3.1201747e-05,c
test_3257.jpg,0.85558563,0.13120832,0.012204273,0.0010017877,a
test_3258.jpg,0.9999536,2.1444414e-05,1.0129624e-05,1.4738515e-05,a
test_3259.jpg,0.908347,0.045223933,0.045223933,0.001205177,a
test_3260.jpg,3.6898572e-07,0.99999213,3.288734e-06,4.222818e-06,b
test_3261.jpg,0.99996114,1.6701051e-05,1.4738625e-05,7.411047e-06,a
test_3262.jpg,0.97789043,0.00069447275,0.013948857,0.007466285,a
test_3263.jpg,0.40229675,0.0016440949,0.010720845,0.5853383,d
test_3264.jpg,6.144144e-06,3.2887235e-06,1.5534831e-06,0.9999889,d
test_3265.jpg,0.059464548,0.0012341473,0.9301821,0.009119185,c
test_3266.jpg,2.5612628e-06,2.9022913e-06,0.99998987,4.785069e-06,c
test_3267.jpg,0.015865164,0.0006970667,0.981543,0.0018948237,c
test_3268.jpg,0.9999945,1.9947229e-06,1.7603367e-06,1.7603367e-06,a
test_3269.jpg,1.2098571e-06,8.315219e-07,6.144162e-06,0.9999918,d
test_3270.jpg,1.5534393e-06,0.9999608,2.753537e-05,1.01296955e-05,b
test_3271.jpg,0.999997,5.043462e-07,7.338194e-07,1.7603411e-06,a
test_3272.jpg,1.0129113e-05,1.7601761e-06,0.9999033,8.481003e-05,c
test_3273.jpg,0.99990356,6.605014e-05,2.144334e-05,8.938914e-06,a
test_3274.jpg,2.4290044e-05,0.9995561,0.00015839099,0.0002611426,b
test_3275.jpg,0.0004877874,0.9993692,8.4764724e-05,5.825789e-05,b
test_3276.jpg,0.036545232,0.010470385,0.94251394,0.010470385,c
test_3277.jpg,0.20654246,0.34053093,0.06705451,0.3858721,d
test_3278.jpg,8.31525e-07,3.2562988e-07,0.9999956,3.2887453e-06,c
test_3279.jpg,0.99787045,0.00015812388,0.0011683862,0.0008030193,a
test_3280.jpg,1.3709546e-06,1.0677005e-06,0.99999666,8.3152594e-07,c
test_3281.jpg,0.9959709,0.0011661621,0.001696756,0.0011661621,a
test_3282.jpg,0.99966884,0.00010887271,0.00020340098,1.8919238e-05,a
test_3283.jpg,7.338198e-07,1.4449769e-07,0.9999976,1.5534965e-06,c
test_3284.jpg,1.6698661e-05,6.961038e-06,0.00015843248,0.999818,d
test_3285.jpg,2.1443637e-05,2.902081e-06,0.9999174,5.8289846e-05,c
test_3286.jpg,5.6586188e-08,0.99999905,2.6995758e-07,6.475946e-07,b
test_3287.jpg,6.475931e-07,0.99999666,1.2098631e-06,1.3709546e-06,b
test_3288.jpg,1.8924698e-05,1.4738569e-05,8.939395e-06,0.9999573,d
test_3289.jpg,0.99992347,2.1443768e-05,2.7534345e-05,2.7534345e-05,a
test_3290.jpg,8.938814e-06,2.5610132e-06,0.99989235,9.610131e-05,c
test_3291.jpg,0.7832223,0.01625526,0.19802962,0.002492825,a
test_3292.jpg,0.18001059,0.00019800078,0.013039922,0.80675143,d
test_3293.jpg,0.9999957,2.902308e-06,3.2562994e-07,1.0676995e-06,a
test_3294.jpg,2.4292074e-05,0.0002611644,7.4824864e-05,0.99963963,d
test_3295.jpg,1.2098641e-06,8.315266e-07,4.450841e-07,0.9999975,d
test_3296.jpg,6.1440805e-06,1.3007018e-05,2.260281e-06,0.99997854,d
test_3297.jpg,0.00026103784,0.00048768296,9.603047e-05,0.9991553,d
test_3298.jpg,0.00020301793,8.463046e-05,0.99778616,0.0019261806,c
test_3299.jpg,0.99936587,7.480437e-05,0.00017944633,0.0003798879,a
test_3300.jpg,2.5612555e-06,7.889222e-06,2.5612555e-06,0.999987,d
test_3301.jpg,3.6898743e-07,0.9999968,1.0677006e-06,1.7603406e-06,b
test_3302.jpg,3.689884e-07,1.6373761e-07,1.6373761e-07,0.9999994,d
test_3303.jpg,0.99998033,1.3007042e-05,3.2886953e-06,3.2886953e-06,a
test_3304.jpg,1.5534685e-06,2.260283e-06,0.9999795,1.6701359e-05,c
test_3305.jpg,9.422292e-07,3.288703e-06,0.9999827,1.3007073e-05,c
test_3306.jpg,0.9999989,3.466324e-07,3.0590198e-07,3.9278592e-07,a
test_3307.jpg,1.0129205e-05,6.605072e-05,1.1477894e-05,0.9999124,d
test_3308.jpg,0.004606772,0.9947857,0.00022935765,0.00037814685,b
test_3309.jpg,2.4299647e-05,1.1478341e-05,0.99995124,1.3006664e-05,c
test_3310.jpg,0.059740793,0.0008521567,0.004903823,0.93450326,d
test_3311.jpg,0.00043007865,0.99845874,0.0010317051,7.955655e-05,b
test_3312.jpg,0.002470199,0.0004292562,0.99654937,0.0005511759,c
test_3313.jpg,0.9999933,2.9023013e-06,1.1365574e-06,2.5612717e-06,a
test_3314.jpg,1.3006591e-05,1.0129543e-05,3.120119e-05,0.99994564,d
test_3315.jpg,2.9022722e-06,1.0129924e-05,0.9999833,3.7265909e-06,c
test_3316.jpg,0.0003872943,0.95712084,0.00043886196,0.042052954,b
test_3317.jpg,0.02591384,0.0011385747,0.9724097,0.0005378246,c
test_3318.jpg,0.9999585,3.5356035e-05,2.9022e-06,3.2886235e-06,a
test_3319.jpg,1.4738799e-05,5.4221014e-06,6.9621165e-06,0.99997294,d
test_3320.jpg,0.052817278,0.0071480405,0.9362086,0.0038260708,c
test_3321.jpg,0.017829932,0.0065592653,0.9734813,0.0021294816,c
test_3322.jpg,0.00012334884,3.5340036e-05,0.999506,0.0003352969,c
test_3323.jpg,0.24432397,0.7525708,0.0027141941,0.00039101674,b
test_3324.jpg,2.144047e-05,5.4209995e-06,0.99976975,0.00020342151,c
test_3325.jpg,1.0676841e-06,7.811344e-07,0.9999814,1.670139e-05,c
test_3326.jpg,9.9311826e-08,0.9999988,7.338207e-07,3.4663233e-07,b
test_3327.jpg,0.034359243,0.88613653,0.07273851,0.0067657353,b
test_3328.jpg,0.024209209,0.90844387,0.03991424,0.027432628,b
test_3329.jpg,0.010972518,0.0002924077,0.9877145,0.0010206031,c
test_3330.jpg,2.699576e-07,8.764241e-08,0.99999917,5.0434727e-07,c
test_3331.jpg,2.2603108e-06,4.785078e-06,1.2098571e-06,0.9999918,d
test_3332.jpg,0.99864775,0.00023024809,9.0166446e-05,0.0010319003,a
test_3333.jpg,5.0434704e-07,2.6995752e-07,0.9999988,5.0434704e-07,c
test_3334.jpg,2.9023015e-06,2.2603147e-06,1.3709501e-06,0.99999344,d
test_3335.jpg,1.7429663e-07,0.99999285,2.2603133e-06,4.7850835e-06,b
test_3336.jpg,0.0001228167,0.0046086633,0.995194,7.44921e-05,c
test_3337.jpg,0.039190654,0.89197516,0.0503218,0.018512353,b
test_3338.jpg,6.144077e-06,2.9022567e-06,0.99997795,1.3007011e-05,c
test_3339.jpg,0.9998084,2.4296174e-05,0.00013981483,2.7531174e-05,a
test_3340.jpg,0.0014813468,0.009659596,0.9853055,0.0035535665,c
test_3341.jpg,0.9996865,0.00020340458,7.4828364e-05,3.5346417e-05,a
test_3342.jpg,0.00048675924,0.9972627,0.00055157044,0.0016989567,b
test_3343.jpg,6.144072e-06,0.9999771,1.3007e-05,3.726568e-06,b
test_3344.jpg,0.9999982,7.3382023e-07,6.475941e-07,4.1811816e-07,a
test_3345.jpg,0.0021821621,0.00015807529,0.99756384,9.5877505e-05,c
test_3346.jpg,6.962163e-06,1.1478666e-05,1.994693e-06,0.9999796,d
test_3347.jpg,2.1024313e-07,5.715001e-07,4.4508468e-07,0.9999988,d
test_3348.jpg,4.222827e-06,1.1365586e-06,3.4663077e-07,0.9999943,d
test_3349.jpg,2.4295736e-05,5.770743e-06,0.9997904,0.00017952255,c
test_3350.jpg,0.00037986325,0.99930096,0.00013974388,0.00017943468,b
test_3351.jpg,8.939434e-06,1.760279e-06,0.99996173,2.7535398e-05,c
test_3352.jpg,0.999992,1.9947179e-06,1.7603322e-06,4.2228176e-06,a
test_3353.jpg,9.4224043e-07,0.99999464,2.9023051e-06,1.553492e-06,b
test_3354.jpg,0.99926645,0.00055267866,8.4756015e-05,9.604115e-05,a
test_3355.jpg,0.000379611,0.9986374,0.00017931552,0.0008036365,b
test_3356.jpg,1.7603379e-06,2.1233727e-06,8.851535e-07,0.99999523,d
test_3357.jpg,0.9999845,3.7265954e-06,4.7850435e-06,6.962197e-06,a
test_3358.jpg,0.00033528855,7.4813e-05,0.99948114,0.00010885226,c
test_3359.jpg,0.99997544,1.4738836e-05,2.9022494e-06,6.9621337e-06,a
test_3360.jpg,0.00062537775,0.9978477,0.0013239247,0.00020303045,b
test_3361.jpg,2.260277e-06,4.222753e-06,0.99997675,1.6701313e-05,c
test_3362.jpg,2.8453321e-08,0.99999905,4.450848e-07,4.450848e-07,b
test_3363.jpg,0.99999654,8.8515463e-07,7.8114624e-07,1.7603402e-06,a
test_3364.jpg,1.1253484e-07,0.999997,8.315262e-07,1.9947279e-06,b
test_3365.jpg,3.2886867e-06,0.9999777,4.222757e-06,1.473887e-05,b
test_3366.jpg,0.0064965,0.013753091,0.96416616,0.015584294,c
test_3367.jpg,5.043469e-07,5.7149987e-07,3.9278575e-07,0.99999845,d
test_3368.jpg,3.7266127e-06,2.9022892e-06,4.2228053e-06,0.99998915,d
test_3369.jpg,9.422408e-07,1.2098611e-06,2.902306e-06,0.999995,d
test_3370.jpg,8.3152446e-07,3.288743e-06,9.4224066e-07,0.9999949,d
test_3371.jpg,0.9997875,4.5390283e-05,5.8282276e-05,0.00010888563,a
test_3372.jpg,3.2563028e-07,0.9999968,8.3152605e-07,1.9947274e-06,b
test_3373.jpg,3.7265995e-06,0.9999856,6.962204e-06,3.7265995e-06,b
test_3374.jpg,0.99999654,9.4224225e-07,9.4224225e-07,1.5534949e-06,a
test_3375.jpg,6.4759456e-07,3.0590198e-07,6.8255964e-08,0.9999989,d
test_3376.jpg,0.00042969154,8.4611274e-05,0.99756,0.0019257439,c
test_3377.jpg,2.9021987e-06,0.99995804,3.1201576e-05,7.888993e-06,b
test_3378.jpg,8.939456e-06,0.99996424,1.6701104e-05,1.0129731e-05,b
test_3379.jpg,5.0434556e-07,0.9999958,2.2603201e-06,1.3709534e-06,b
test_3380.jpg,6.962191e-06,3.2887062e-06,0.99998367,6.144112e-06,c
test_3381.jpg,0.9999926,2.2603128e-06,2.9022992e-06,2.2603128e-06,a
test_3382.jpg,8.315247e-07,3.4663105e-07,0.9999951,3.726635e-06,c
test_3383.jpg,0.99992836,2.1443871e-05,1.0129367e-05,4.0062423e-05,a
test_3384.jpg,0.008796435,0.69878733,0.0011183412,0.29129788,b
test_3385.jpg,3.7265634e-06,1.14786235e-05,8.939561e-06,0.9999759,d
test_3386.jpg,1.473795e-05,3.9666656e-06,0.99991524,6.605091e-05,c
test_3387.jpg,5.1429706e-05,0.9997054,8.4793246e-05,0.00015841464,b
test_3388.jpg,0.9997476,0.00020341702,2.1439995e-05,2.75295e-05,a
test_3389.jpg,3.0590198e-07,2.3823671e-07,0.9999989,5.043471e-07,c
test_3390.jpg,0.9999839,4.2227834e-06,1.012993e-05,1.760318e-06,a
test_3391.jpg,0.99892884,5.1389758e-05,0.00010879212,0.00091090525,a
test_3392.jpg,0.0035028679,0.0024074835,0.97124815,0.022841567,c
test_3393.jpg,5.7149595e-07,0.99999154,3.7266216e-06,4.2228153e-06,b
test_3394.jpg,2.902216e-06,1.994662e-06,0.999964,3.1201762e-05,c
test_3395.jpg,2.6995716e-07,0.9999975,1.0677013e-06,1.2098641e-06,b
test_3396.jpg,8.315258e-07,1.7603402e-06,8.315258e-07,0.99999654,d
test_3397.jpg,5.143751e-05,0.99985707,5.143751e-05,4.0059567e-05,b
test_3398.jpg,2.7533171e-05,0.9998809,4.0060524e-05,5.1438736e-05,b
test_3399.jpg,1.1478472e-05,6.962045e-06,0.9999627,1.89248e-05,c
test_3400.jpg,0.0013108357,0.0096858395,0.9879824,0.0010208798,c
test_3401.jpg,1.4738074e-05,0.9999237,2.1443773e-05,4.0062238e-05,b
test_3402.jpg,1.1253489e-07,0.9999975,1.2098641e-06,1.2098641e-06,b
test_3403.jpg,0.9973627,0.0002299518,0.0016991269,0.00070830144,a
test_3404.jpg,0.9793073,0.020324873,0.00028991877,7.803057e-05,a
test_3405.jpg,6.4759223e-07,3.2887447e-06,6.4759223e-07,0.99999535,d
test_3406.jpg,1.0129803e-05,1.1478572e-05,0.9999714,6.9621055e-06,c
test_3407.jpg,3.2887215e-06,4.222802e-06,4.222802e-06,0.9999883,d
test_3408.jpg,1.4449796e-07,4.9937157e-08,0.9999995,3.0590218e-07,c
test_3409.jpg,0.00086721714,0.0007653164,0.95101905,0.047348447,c
test_3410.jpg,6.601954e-05,0.0003352749,0.00015837264,0.9994404,d
test_3411.jpg,0.9971718,0.0024717418,0.00026051965,9.583983e-05,a
test_3412.jpg,4.4508363e-07,2.1024263e-07,0.9999964,2.9023101e-06,c
test_3413.jpg,1.5534332e-06,0.99995685,6.1439473e-06,3.5355977e-05,b
test_3414.jpg,5.8229994e-05,0.0010321514,1.8904511e-05,0.9988907,d
test_3415.jpg,0.00023045066,8.477806e-05,0.9995264,0.00015838626,c
test_3416.jpg,0.9998467,8.480523e-05,1.012854e-05,5.828573e-05,a
test_3417.jpg,0.99999523,9.42241e-07,9.42241e-07,2.9023067e-06,a
test_3418.jpg,1.0676997e-06,7.338186e-07,0.99999595,2.2603203e-06,c
test_3419.jpg,0.0005421923,0.13267009,0.86511767,0.00167007,c
test_3420.jpg,5.714998e-07,5.714998e-07,0.99999833,5.043468e-07,c
test_3421.jpg,5.422204e-06,2.260311e-06,4.1811552e-07,0.9999919,d
test_3422.jpg,0.99999464,2.1233716e-06,2.2603174e-06,9.4224043e-07,a
test_3423.jpg,5.1423143e-05,0.000335321,0.9995778,3.5342575e-05,c
test_3424.jpg,0.9999957,2.5612778e-06,8.3152514e-07,9.4224146e-07,a
test_3425.jpg,1.0029818e-06,0.99996674,2.7535536e-05,4.7849585e-06,b
test_3426.jpg,1.4449778e-07,0.9999982,5.0434676e-07,1.209865e-06,b
test_3427.jpg,0.00033512645,0.00048760613,0.99899787,0.00017938025,c
test_3428.jpg,1.7603352e-06,3.2887392e-06,1.2098595e-06,0.9999937,d
test_3429.jpg,0.9999697,1.01297865e-05,5.422084e-06,1.4738752e-05,a
test_3430.jpg,0.9999062,3.5005385e-06,6.605031e-05,2.4298552e-05,a
test_3431.jpg,4.7378853e-07,0.99999523,1.7603379e-06,2.5612765e-06,b
test_3432.jpg,6.1441324e-06,1.3709413e-06,0.999987,5.4221778e-06,c
test_3433.jpg,0.99993396,4.5396933e-05,1.6700598e-05,3.9667398e-06,a
test_3434.jpg,3.927839e-07,0.9999938,2.9023026e-06,2.9023026e-06,b
test_3435.jpg,2.1024302e-07,1.0677021e-06,0.9999982,5.0434676e-07,c
test_3436.jpg,2.5612694e-06,3.2887351e-06,0.9999925,1.7603331e-06,c
test_3437.jpg,0.0027882075,0.99267054,0.004056818,0.0004845178,b
test_3438.jpg,0.99830544,0.0011688955,0.00029554308,0.00023016917,a
test_3439.jpg,6.1438054e-06,0.9999337,4.5396922e-05,1.4738222e-05,b
test_3440.jpg,0.999987,6.1441324e-06,4.7850554e-06,2.1233554e-06,a
test_3441.jpg,0.00015837124,7.4809286e-05,0.99943155,0.00033527194,c
test_3442.jpg,0.988857,0.00090172084,0.009694413,0.00054692134,a
test_3443.jpg,2.6995718e-07,0.9999976,6.475937e-07,1.3709558e-06,b
test_3444.jpg,1.0676996e-06,0.9999958,8.3152526e-07,2.2603201e-06,b
test_3445.jpg,0.9990988,6.5996974e-05,3.1174764e-05,0.00080400775,a
test_3446.jpg,6.475942e-07,5.3687444e-07,3.4663222e-07,0.99999845,d
test_3447.jpg,1.0676923e-06,0.99998903,3.7266122e-06,6.144145e-06,b
test_3448.jpg,1.0129727e-05,0.9999639,1.3006827e-05,1.3006827e-05,b
test_3449.jpg,0.9999751,7.4111504e-06,1.0129841e-05,7.4111504e-06,a
test_3450.jpg,4.2228035e-06,6.144143e-06,9.422348e-07,0.9999887,d
test_3451.jpg,5.714991e-07,3.6898751e-07,0.999997,1.9947279e-06,c
test_3452.jpg,0.9999256,1.1478046e-05,2.7534403e-05,3.535487e-05,a
test_3453.jpg,0.99970144,3.1193573e-05,0.000108876266,0.00015841401,a
test_3454.jpg,4.7378762e-07,0.9999933,2.5612717e-06,3.7266284e-06,b
test_3455.jpg,0.9998528,4.5393248e-05,5.7711036e-06,9.609751e-05,a
test_3456.jpg,0.00020325962,0.9989741,0.00048759452,0.00033511847,b
test_3457.jpg,1.9947183e-06,0.99999225,2.902298e-06,2.902298e-06,b
test_3458.jpg,0.99996495,1.6701115e-05,6.9620605e-06,1.1478498e-05,a
test_3459.jpg,1.2098582e-06,3.2887356e-06,2.9022992e-06,0.9999926,d
test_3460.jpg,4.9937146e-08,0.9999993,2.382368e-07,5.043473e-07,b
test_3461.jpg,0.002788739,0.0040575913,0.00029393093,0.9928598,d
test_3462.jpg,5.043462e-07,0.999997,9.422427e-07,1.5534956e-06,b
test_3463.jpg,0.084815845,0.0022602659,0.91185623,0.0010676739,c
test_3464.jpg,0.0004829414,0.009700137,0.00037611512,0.98944086,d
test_3465.jpg,9.422387e-07,0.99999285,2.9023e-06,3.2887365e-06,b
test_3466.jpg,0.002462827,0.9935753,0.0031623323,0.00079956284,b
test_3467.jpg,0.99997044,1.1478561e-05,1.4738763e-05,3.2886626e-06,a
test_3468.jpg,0.9744135,0.02291601,0.00053893286,0.002131521,a
test_3469.jpg,1.2098633e-06,2.8736767e-07,0.9999968,1.7603406e-06,c
test_3470.jpg,0.99945015,0.00026111488,0.00023043308,5.826261e-05,a
test_3471.jpg,2.5359984e-07,0.99999166,4.7850776e-06,3.2887324e-06,b
test_3472.jpg,3.9278598e-07,3.2563102e-07,1.4449789e-07,0.99999905,d
test_3473.jpg,5.714969e-07,0.9999932,3.726628e-06,2.5612712e-06,b
test_3474.jpg,7.3382057e-07,2.8736824e-07,0.9999987,3.466323e-07,c
test_3475.jpg,0.0015841215,0.9298561,0.059443712,0.009115989,b
test_3476.jpg,0.00026106267,5.8250956e-05,0.99925023,0.0004304196,c
test_3477.jpg,5.8281963e-05,7.483553e-05,0.99978215,8.479975e-05,c
test_3478.jpg,5.422184e-06,5.422184e-06,1.0676914e-06,0.9999882,d
test_3479.jpg,0.99954575,9.6068e-05,0.00033531024,2.2818149e-05,a
test_3480.jpg,0.99927527,0.00043043037,3.3191223e-05,0.0002610692,a
test_3481.jpg,7.338194e-07,2.8736775e-07,0.999997,1.9947279e-06,c
test_3482.jpg,1.3006891e-05,1.4738738e-05,3.5007574e-06,0.99996877,d
test_3483.jpg,1.0676986e-06,1.5534923e-06,2.5612756e-06,0.9999949,d
test_3484.jpg,5.4221637e-06,0.9999844,5.4221637e-06,4.785043e-06,b
test_3485.jpg,1.4738776e-05,6.9621055e-06,6.9621055e-06,0.9999714,d
test_3486.jpg,4.7850704e-06,2.902292e-06,0.9999901,2.2603072e-06,c
test_3487.jpg,0.0035496398,0.6764416,0.3195284,0.00048039152,b
test_3488.jpg,0.9978543,0.0013239336,0.00048704798,0.00033474283,a
test_3489.jpg,0.9999831,4.7850367e-06,7.889191e-06,4.22278e-06,a
test_3490.jpg,1.9947065e-06,0.9999863,4.785052e-06,6.962209e-06,b
test_3491.jpg,0.99999857,4.737901e-07,3.9278578e-07,6.4759433e-07,a
test_3492.jpg,1.8923014e-05,9.609899e-05,1.6699501e-05,0.9998683,d
test_3493.jpg,7.4834665e-05,0.9997706,0.00012338148,3.1195726e-05,b
test_3494.jpg,0.99998164,2.123344e-06,1.0129907e-05,6.1440996e-06,a
test_3495.jpg,0.99974686,1.4735468e-05,0.0002305015,7.887327e-06,a
test_3496.jpg,4.181183e-07,3.059019e-07,0.99999857,6.4759433e-07,c
test_3497.jpg,6.144097e-06,8.939608e-06,3.726583e-06,0.99998116,d
test_3498.jpg,3.5350608e-05,7.483724e-05,8.480169e-05,0.99980503,d
test_3499.jpg,0.00013971729,0.00012330007,0.99911076,0.0006261694,c
test_3500.jpg,1.855382e-07,0.9999949,1.2098609e-06,3.726634e-06,b
test_3501.jpg,0.999997,6.475933e-07,7.8114664e-07,1.5534956e-06,a
test_3502.jpg,7.4844465e-05,1.6700056e-05,6.9616194e-06,0.99990153,d
test_3503.jpg,1.3709551e-06,0.99999714,6.4759337e-07,8.3152634e-07,b
test_3504.jpg,1.6693984e-05,0.99953806,1.4732389e-05,0.00043054356,b
test_3505.jpg,0.004906029,0.0004027114,0.93492365,0.059767667,c
test_3506.jpg,3.466324e-07,1.9750517e-07,0.9999989,5.7150015e-07,c
test_3507.jpg,3.7266295e-06,1.9947213e-06,0.9999937,5.7149714e-07,c
test_3508.jpg,0.9998092,7.483755e-05,3.119693e-05,8.480205e-05,a
test_3509.jpg,0.99983346,9.609565e-05,5.1436295e-05,1.8922356e-05,a
test_3510.jpg,0.819075,0.052361708,0.12560922,0.0029540458,a
test_3511.jpg,7.482333e-05,0.000295932,1.0126235e-05,0.9996191,d
test_3512.jpg,0.039926983,0.074593425,0.33430454,0.551175,d
test_3513.jpg,5.1305837e-05,0.9972976,0.00017907495,0.0024720537,b
test_3514.jpg,0.00043051303,0.9994672,2.7521779e-05,7.481196e-05,b
test_3515.jpg,5.043455e-07,5.7149833e-07,0.9999957,3.2887458e-06,c
test_3516.jpg,2.873669e-07,0.99999404,1.5534911e-06,4.222826e-06,b
test_3517.jpg,2.2603094e-06,1.7603307e-06,0.9999912,4.7850754e-06,c
test_3518.jpg,3.7266034e-06,1.7603228e-06,0.99998665,7.889219e-06,c
test_3519.jpg,0.99998033,1.7603116e-06,8.939601e-06,8.939601e-06,a
test_3520.jpg,0.9999945,2.260317e-06,1.4593704e-06,1.7603367e-06,a
test_3521.jpg,0.032982104,0.0018607229,0.96387833,0.0012788549,c
test_3522.jpg,0.9995846,0.00010886353,0.00026115,4.538107e-05,a
test_3523.jpg,3.726566e-06,0.99997663,2.9022528e-06,1.670131e-05,b
test_3524.jpg,0.99972135,0.00017951017,7.483098e-05,2.429406e-05,a
test_3525.jpg,6.9621638e-06,7.889164e-06,0.99997973,5.422138e-06,c
test_3526.jpg,1.0677006e-06,1.7603406e-06,3.2563028e-07,0.9999968,d
test_3527.jpg,0.0004862503,0.00012294331,0.00317075,0.99622005,d
test_3528.jpg,0.00017921726,0.9980901,0.0015005678,0.00023011952,b
test_3529.jpg,3.1201536e-05,7.888983e-06,4.2226684e-06,0.9999567,d
test_3530.jpg,0.99998236,3.7265875e-06,6.962182e-06,6.962182e-06,a
test_3531.jpg,8.3152736e-07,4.4508448e-07,0.99999833,3.927857e-07,c
test_3532.jpg,3.0590184e-07,0.99999845,7.338204e-07,5.043469e-07,b
test_3533.jpg,0.99902153,0.0009109897,4.002609e-05,2.7509508e-05,a
test_3534.jpg,3.5354387e-05,2.1443519e-05,0.9999119,3.1200136e-05,c
test_3535.jpg,0.0009105913,7.474589e-05,0.9985846,0.00043013287,c
test_3536.jpg,0.9980696,0.0008031795,0.001031303,9.5926116e-05,a
test_3537.jpg,0.92481804,0.0033354147,0.066993594,0.0048529995,a
test_3538.jpg,0.0001468187,0.0011548185,0.9862829,0.01241547,c
test_3539.jpg,1.1253504e-07,0.9999988,5.0434704e-07,6.4759445e-07,b
test_3540.jpg,3.927855e-07,0.99999785,6.475939e-07,1.0677018e-06,b
test_3541.jpg,6.600518e-05,0.999223,0.0006262397,8.4752326e-05,b
test_3542.jpg,1.8895767e-05,0.99842864,5.1364026e-05,0.0015010767,b
test_3543.jpg,8.939593e-06,3.7265768e-06,0.9999795,7.889163e-06,c
test_3544.jpg,5.1441562e-05,7.888819e-06,0.99993587,4.7848107e-06,c
test_3545.jpg,4.7379004e-07,8.315274e-07,2.8736815e-07,0.99999845,d
test_3546.jpg,2.7533684e-05,0.9998995,5.1439692e-05,2.1443253e-05,b
test_3547.jpg,0.99774504,0.00020300955,0.00055183715,0.0015000489,a
test_3548.jpg,0.9974964,0.00070839643,9.587103e-05,0.0016993548,a
test_3549.jpg,0.008565813,0.00020144862,0.0011592568,0.99007344,d
test_3550.jpg,0.99976057,8.4797925e-05,1.47356695e-05,0.00013980815,a
test_3551.jpg,0.9951806,0.0006237062,0.0010283177,0.0031674418,a
test_3552.jpg,1.5534941e-06,4.4508346e-07,0.99999607,1.9947258e-06,c
test_3553.jpg,0.9941858,0.0027924636,0.00022921935,0.0027924636,a
test_3554.jpg,1.0676856e-06,0.9999827,4.785035e-06,1.1478702e-05,b
test_3555.jpg,8.3152656e-07,1.0677012e-06,7.338196e-07,0.9999974,d
test_3556.jpg,0.99996626,2.7535521e-05,2.5612023e-06,3.7265274e-06,a
test_3557.jpg,2.7534586e-05,8.939171e-06,3.1200772e-05,0.9999323,d
test_3558.jpg,0.0406158,0.0070579676,0.92441136,0.027914805,c
test_3559.jpg,4.6911588e-08,0.9999988,1.8553892e-07,9.4224436e-07,b
test_3560.jpg,0.017884515,0.9764614,0.0016635191,0.0039905747,b
test_3561.jpg,2.9022835e-06,6.144134e-06,0.99998724,3.7266057e-06,c
test_3562.jpg,2.9023095e-06,4.4508351e-07,4.4508351e-07,0.9999962,d
test_3563.jpg,1.5381686e-07,0.9999968,1.0677006e-06,1.9947274e-06,b
test_3564.jpg,0.00013970686,2.012668e-05,0.0008039574,0.9990362,d
test_3565.jpg,0.0013057846,0.014038507,0.00048037135,0.9841754,d
test_3566.jpg,2.4289202e-05,0.9995215,0.00015838549,0.0002959031,b
test_3567.jpg,8.3152713e-07,7.338201e-07,3.0590172e-07,0.9999981,d
test_3568.jpg,0.999972,1.6701233e-05,2.4060407e-06,8.939526e-06,a
test_3569.jpg,3.466316e-07,0.99999666,1.2098631e-06,1.7603404e-06,b
test_3570.jpg,9.4224066e-07,2.9023058e-06,1.3709521e-06,0.9999949,d
test_3571.jpg,1.994619e-06,0.9999424,1.012951e-05,4.5397315e-05,b
test_3572.jpg,0.00033519787,0.9992107,0.0002958111,0.00015833625,b
test_3573.jpg,6.083584e-07,6.893604e-07,3.68988e-07,0.99999833,d
test_3574.jpg,0.005506248,0.008011545,0.26530594,0.7211762,d
test_3575.jpg,0.00010886444,0.99959296,0.00013978471,0.00015839681,b
test_3576.jpg,0.012396651,0.0024410454,0.00037434645,0.98478794,d
test_3577.jpg,0.00015589216,0.9837869,0.015901433,0.00015589216,b
test_3578.jpg,0.9992367,0.00017942314,0.0005526622,3.1179068e-05,a
test_3579.jpg,0.9998349,4.5392437e-05,0.000108890796,1.0781649e-05,a
test_3580.jpg,5.1411775e-05,0.00029585432,0.9993568,0.00029585432,c
test_3581.jpg,1.6701228e-05,1.5534562e-06,0.9999716,1.0129806e-05,c
test_3582.jpg,1.3005439e-05,0.00012339216,6.539545e-06,0.99985707,d
test_3583.jpg,2.6995744e-07,7.338205e-07,4.450846e-07,0.99999857,d
test_3584.jpg,0.067438744,0.0007491768,0.9309631,0.00084892847,c
test_3585.jpg,5.1417734e-05,0.9994727,0.0003799285,9.606097e-05,b
test_3586.jpg,0.00017950713,8.4793166e-05,3.1193664e-05,0.9997044,d
test_3587.jpg,2.9020723e-06,0.9999144,1.670027e-05,6.605085e-05,b
test_3588.jpg,0.00012339158,1.892271e-05,0.9998523,5.4214474e-06,c
test_3589.jpg,0.00015801247,0.002471731,0.00020289203,0.9971674,d
test_3590.jpg,0.99751914,9.587321e-05,0.0002029636,0.0021820643,a
test_3591.jpg,1.3005064e-05,0.9998282,3.535143e-05,0.0001233886,b
test_3592.jpg,1.0677006e-06,7.3381915e-07,0.9999968,1.3709547e-06,c
test_3593.jpg,8.479889e-05,0.999772,5.8281374e-05,8.479889e-05,b
test_3594.jpg,7.33816e-07,0.9999925,2.5612694e-06,4.2228194e-06,b
test_3595.jpg,3.927843e-07,0.99999475,1.9947233e-06,2.9023054e-06,b
test_3596.jpg,6.4758905e-07,0.99999046,1.9947147e-06,6.9622383e-06,b
test_3597.jpg,8.3152366e-07,5.043446e-07,0.9999939,4.7850885e-06,c
test_3598.jpg,1.1478406e-05,1.0129657e-05,0.99995697,2.1444486e-05,c
test_3599.jpg,0.00048702626,0.00020302273,0.0015001463,0.9978098,d
test_3600.jpg,1.9947183e-06,0.99999225,2.902298e-06,2.902298e-06,b
test_3601.jpg,3.2886992e-06,6.1440987e-06,0.9999815,8.939611e-06,c
test_3602.jpg,8.480424e-05,4.0058683e-05,4.0058683e-05,0.999835,d
test_3603.jpg,0.9999821,8.939616e-06,4.785032e-06,4.2227757e-06,a
test_3604.jpg,8.3152713e-07,7.338201e-07,4.181181e-07,0.9999981,d
test_3605.jpg,8.3152656e-07,8.3152656e-07,9.4224305e-07,0.9999974,d
test_3606.jpg,0.010981895,0.00020114041,0.00025826937,0.98855865,d
test_3607.jpg,1.7603293e-06,0.99999034,2.561264e-06,5.422196e-06,b
test_3608.jpg,4.4508394e-07,4.4508394e-07,0.99999714,1.994728e-06,c
test_3609.jpg,2.902266e-06,0.99998116,6.9621738e-06,8.939608e-06,b
test_3610.jpg,0.999995,2.260318e-06,2.260318e-06,4.7378842e-07,a
test_3611.jpg,3.2886383e-06,0.99996305,1.4738654e-05,1.8924808e-05,b
test_3612.jpg,1.8553888e-07,9.422441e-07,2.6995744e-07,0.99999857,d
test_3613.jpg,0.00055158726,0.0019252287,0.00022993577,0.9972932,d
test_3614.jpg,0.004534904,0.97926646,0.009600391,0.0065982454,b
test_3615.jpg,3.28873e-06,4.222813e-06,1.5534862e-06,0.99999094,d
test_3616.jpg,0.034234162,0.10544865,0.53551245,0.32480472,c
test_3617.jpg,5.3687074e-07,0.99999154,2.5612671e-06,5.4222023e-06,b
test_3618.jpg,0.9996495,0.00017949726,0.00013979262,3.119195e-05,a
test_3619.jpg,0.9999949,1.9947236e-06,1.9947236e-06,1.1365593e-06,a
test_3620.jpg,1.6536803e-06,5.4222087e-06,2.6995588e-07,0.9999927,d
test_3621.jpg,8.1657876e-05,0.9044102,0.00018401886,0.09532413,b
test_3622.jpg,9.931191e-08,4.9937164e-08,0.99999964,1.8553908e-07,c
test_3623.jpg,0.020323988,0.9792646,0.00021209984,0.00019924938,b
test_3624.jpg,0.32426485,0.1351737,0.005939118,0.5346224,d
test_3625.jpg,3.5347697e-05,1.1475717e-05,0.99972266,0.00023049592,c
test_3626.jpg,4.0001218e-05,0.99840075,0.0015010348,5.8201436e-05,b
test_3627.jpg,0.00013978269,0.00015839451,0.9995784,0.00012335778,c
test_3628.jpg,1.1478636e-05,5.4221236e-06,0.999977,6.144071e-06,c
test_3629.jpg,1.5534899e-06,0.9999933,2.5612717e-06,2.5612717e-06,b
test_3630.jpg,0.99718624,0.00020289587,0.00042953054,0.002181336,a
test_3631.jpg,0.00048750697,0.9987947,0.00048750697,0.00023028196,b
test_3632.jpg,0.99999046,3.2887285e-06,2.5612644e-06,3.7266177e-06,a
test_3633.jpg,1.3007073e-05,2.2602903e-06,1.9946992e-06,0.9999827,d
test_3634.jpg,0.9999851,6.962201e-06,3.7265977e-06,4.2227884e-06,a
test_3635.jpg,8.478728e-05,1.8918601e-05,0.00026116322,0.9996351,d
test_3636.jpg,1.209853e-06,2.5612587e-06,0.9999883,7.889233e-06,c
test_3637.jpg,0.51667124,0.0016444514,0.025723545,0.45596075,a
test_3638.jpg,6.475887e-07,0.99998987,2.5612628e-06,6.9622342e-06,b
test_3639.jpg,0.0024709154,0.0005513357,0.0001393995,0.99683833,d
test_3640.jpg,0.0004873934,0.0009105707,0.99856204,4.000768e-05,c
test_3641.jpg,0.9998393,2.7532027e-05,7.483981e-05,5.8285295e-05,a
test_3642.jpg,1.0676954e-06,9.422379e-07,0.9999919,6.1441624e-06,c
test_3643.jpg,0.9385518,0.059999608,0.0012452522,0.00020328182,a
test_3644.jpg,0.99992275,6.6051405e-05,4.222525e-06,6.9617668e-06,a
test_3645.jpg,0.9999808,1.3007048e-05,3.2886967e-06,2.902265e-06,a
test_3646.jpg,1.5534853e-06,7.889248e-06,2.6995522e-07,0.99999034,d
test_3647.jpg,0.9969599,0.00042943304,0.0001394165,0.0024712167,a
test_3648.jpg,1.0129361e-05,1.6700495e-05,0.99992776,4.5396653e-05,c
test_3649.jpg,0.0034007796,0.00046024547,0.9429419,0.05319714,c
test_3650.jpg,3.1193515e-05,0.00026118007,7.886955e-06,0.9996997,d
test_3651.jpg,0.9956441,0.00020258207,0.0040689697,8.444877e-05,a
test_3652.jpg,0.99996996,1.3006907e-05,6.9620955e-06,1.0129788e-05,a
test_3653.jpg,5.7149964e-07,1.2098646e-06,3.059017e-07,0.999998,d
test_3654.jpg,9.4224066e-07,4.4508295e-07,0.9999949,3.726634e-06,c
test_3655.jpg,2.144024e-05,4.005564e-05,0.999759,0.00017951692,c
test_3656.jpg,1.4738668e-05,2.260248e-06,0.999964,1.8924824e-05,c
test_3657.jpg,3.4663157e-07,0.99999654,1.5534949e-06,1.5534949e-06,b
test_3658.jpg,5.0434704e-07,5.0434704e-07,1.8553892e-07,0.9999988,d
test_3659.jpg,0.99995124,5.421984e-06,3.5355777e-05,7.88894e-06,a
test_3660.jpg,6.9621055e-06,6.9621055e-06,0.9999714,1.4738776e-05,c
test_3661.jpg,0.6499716,0.0018256367,0.00029802698,0.34790477,a
test_3662.jpg,2.3823617e-07,0.99999666,1.0677005e-06,1.9947272e-06,b
test_3663.jpg,0.008560055,0.00012210262,0.9894078,0.0019100064,c
test_3664.jpg,0.9999398,3.5355373e-05,3.500656e-06,2.1444117e-05,a
test_3665.jpg,0.9986143,0.00015824175,5.8213885e-05,0.0011692571,a
test_3666.jpg,0.999967,2.4300029e-05,3.2886512e-06,5.422069e-06,a
test_3667.jpg,6.14392e-06,2.7535141e-05,1.3845538e-05,0.99995244,d
test_3668.jpg,0.0002625254,0.83304906,0.16403706,0.0026514125,b
test_3669.jpg,5.138353e-05,0.9988078,0.00010877893,0.0010320657,b
test_3670.jpg,0.9999956,2.5612774e-06,1.1365601e-06,6.893585e-07,a
test_3671.jpg,3.2887333e-06,2.260311e-06,2.561268e-06,0.9999919,d
test_3672.jpg,0.99990606,1.8923729e-05,1.6700133e-05,5.8289188e-05,a
test_3673.jpg,9.422409e-07,3.2887438e-06,6.0835646e-07,0.9999951,d
test_3674.jpg,0.009700137,0.98944086,0.0004829414,0.00037611512,b
test_3675.jpg,2.2603078e-06,0.99999046,2.5612644e-06,4.785072e-06,b
test_3676.jpg,1.0677015e-06,2.2380239e-07,0.9999976,1.0677015e-06,c
test_3677.jpg,0.025899129,0.97185767,0.000782086,0.0014611289,b
test_3678.jpg,7.482333e-05,0.000295932,0.9996191,1.0126235e-05,c
test_3679.jpg,0.00062355056,0.0040660608,0.99493223,0.00037820256,c
test_3680.jpg,0.63764626,0.3413075,0.019255249,0.0017910172,a
test_3681.jpg,0.98126215,0.008489581,0.0074920286,0.0027561637,a
test_3682.jpg,1.3709222e-06,0.99997306,8.939535e-06,1.6701251e-05,b
test_3683.jpg,1.8924495e-05,1.0129552e-05,0.9999466,2.4299534e-05,c
test_3684.jpg,1.067699e-06,1.067699e-06,0.99999535,2.561277e-06,c
test_3685.jpg,1.760296e-06,0.9999714,1.0129803e-05,1.6701222e-05,b
test_3686.jpg,1.4735576e-05,0.99975425,0.00017951608,5.143222e-05,b
test_3687.jpg,6.1441597e-06,1.0676948e-06,1.3709473e-06,0.9999914,d
test_3688.jpg,0.999998,8.31527e-07,3.059017e-07,8.31527e-07,a
test_3689.jpg,0.00017901185,0.0028002167,7.462325e-05,0.99694616,d
test_3690.jpg,0.99999666,9.4224237e-07,1.3709546e-06,1.0030118e-06,a
test_3691.jpg,3.2562986e-07,0.99999547,1.9947247e-06,2.2603192e-06,b
test_3692.jpg,0.99938583,0.00043047802,0.00010884189,7.480587e-05,a
test_3693.jpg,0.0021825186,4.529673e-05,4.529673e-05,0.99772686,d
test_3694.jpg,1.8923927e-05,6.1437e-06,0.99991655,5.82898e-05,c
test_3695.jpg,4.5396057e-05,2.4298757e-05,1.5688458e-05,0.99991465,d
test_3696.jpg,0.99673873,0.0013224534,0.0010299277,0.0009089081,a
test_3697.jpg,0.69394827,0.056962743,0.19881952,0.050269447,a
test_3698.jpg,0.99895096,0.00010879453,2.928165e-05,0.0009109254,a
test_3699.jpg,0.0010175598,0.00016611208,0.01404698,0.98476934,d
test_3700.jpg,5.8277517e-05,9.6083386e-05,0.99970585,0.00013980051,c
test_3701.jpg,0.0021766045,0.99502325,0.0003337931,0.002466416,b
test_3702.jpg,1.3006508e-05,2.2601923e-06,0.9999393,4.5397177e-05,c
test_3703.jpg,8.8512553e-07,0.99996364,7.889038e-06,2.753545e-05,b
test_3704.jpg,4.5395012e-05,5.143929e-05,1.1477657e-05,0.99989164,d
test_3705.jpg,6.962174e-06,4.785028e-06,0.9999813,6.962174e-06,c
test_3706.jpg,0.816539,0.0009560688,0.18219449,0.00031039014,a
test_3707.jpg,4.0061725e-05,2.7533999e-05,0.99991095,2.1443499e-05,c
test_3708.jpg,0.04191775,0.0005979245,0.9540435,0.0034408183,c
test_3709.jpg,0.25013945,0.6799494,0.06324515,0.0066659898,b
test_3710.jpg,0.006688088,0.0006220891,8.962044e-05,0.99260026,d
test_3711.jpg,0.007560308,0.0005476669,0.99020505,0.001686933,c
test_3712.jpg,9.931172e-08,0.99999774,7.338199e-07,1.370956e-06,b
test_3713.jpg,0.9999634,8.939449e-06,6.143988e-06,2.1444625e-05,a
test_3714.jpg,1.3005997e-05,2.2601034e-06,0.9999,8.480975e-05,c
test_3715.jpg,5.714919e-07,0.9999845,4.7850435e-06,1.0129936e-05,b
test_3716.jpg,9.422411e-07,0.99999535,2.561277e-06,1.1365598e-06,b
test_3717.jpg,2.260305e-06,0.9999893,3.7266132e-06,4.7850663e-06,b
test_3718.jpg,0.99906343,0.00029576747,0.00037977294,0.00026101383,a
test_3719.jpg,1.0030044e-06,8.939682e-06,6.893542e-07,0.9999894,d
test_3720.jpg,4.7378992e-07,8.3152725e-07,5.0434676e-07,0.9999982,d
test_3721.jpg,7.889082e-06,0.99996924,1.6701188e-05,6.1440232e-06,b
test_3722.jpg,0.99997866,1.6701344e-05,1.9946913e-06,2.5612342e-06,a
test_3723.jpg,1.383906e-05,0.0004878437,1.383906e-05,0.99948454,d
test_3724.jpg,0.00070895714,0.00062565244,0.00037947742,0.99828595,d
test_3725.jpg,2.1444373e-05,1.6700895e-05,0.9999517,1.0129604e-05,c
test_3726.jpg,0.99850607,0.0002031644,0.00048736608,0.0008035308,a
test_3727.jpg,6.962215e-06,4.2227966e-06,1.7603237e-06,0.9999871,d
test_3728.jpg,0.9998116,4.5391374e-05,5.828368e-05,8.480225e-05,a
test_3729.jpg,0.99999607,1.5534941e-06,9.422418e-07,1.3709538e-06,a
test_3730.jpg,2.2380253e-07,0.9999982,5.0434676e-07,1.0677021e-06,b
test_3731.jpg,0.00048781533,5.826123e-05,2.7520657e-05,0.9994265,d
test_3732.jpg,3.7264967e-06,0.99995804,6.962013e-06,3.1201576e-05,b
test_3733.jpg,0.99999464,1.7603369e-06,2.561275e-06,1.1365589e-06,a
test_3734.jpg,0.99936706,3.761404e-05,4.262229e-05,0.0005527343,a
test_3735.jpg,1.4593509e-06,1.4738921e-05,2.5612405e-06,0.99998116,d
test_3736.jpg,0.9999784,8.9395835e-06,4.7850144e-06,7.889154e-06,a
test_3737.jpg,5.7149873e-07,0.9999964,1.2098628e-06,1.7603401e-06,b
test_3738.jpg,0.9999896,4.785068e-06,2.7264496e-06,2.9022906e-06,a
test_3739.jpg,0.0066852793,0.00079844275,0.00033284046,0.9921834,d
test_3740.jpg,0.99850416,0.001031752,0.00026086773,0.000203164,a
test_3741.jpg,0.00023038505,4.0034916e-05,0.9992418,0.0004877252,c
test_3742.jpg,1.3006578e-05,2.2602044e-06,0.9999447,4.0063078e-05,c
test_3743.jpg,0.9999509,2.75351e-05,1.01295955e-05,1.1478336e-05,a
test_3744.jpg,5.0434426e-07,0.9999932,4.7850854e-06,1.5534897e-06,b
test_3745.jpg,0.024171107,0.29446435,0.057983465,0.623381,d
test_3746.jpg,2.6995681e-07,0.9999962,1.7603396e-06,1.7603396e-06,b
test_3747.jpg,0.99968934,9.608179e-05,7.482858e-05,0.00013979818,a
test_3748.jpg,0.0004823897,0.010979139,0.00022786474,0.9883106,d
test_3749.jpg,0.99602723,0.0006242368,0.0005508871,0.0027976357,a
test_3750.jpg,4.4508394e-07,1.7603413e-06,0.99999714,5.7149913e-07,c
test_3751.jpg,1.2098628e-06,1.5534947e-06,7.811462e-07,0.9999964,d
test_3752.jpg,0.99998426,4.785042e-06,6.1441156e-06,4.785042e-06,a
test_3753.jpg,9.5271105e-05,0.9912545,0.008576032,7.419722e-05,b
test_3754.jpg,0.99995685,2.4299783e-05,4.222669e-06,1.4738563e-05,a
test_3755.jpg,2.9022967e-06,4.785078e-06,5.7149606e-07,0.9999918,d
test_3756.jpg,8.3152673e-07,1.2098643e-06,4.181179e-07,0.9999976,d
test_3757.jpg,0.99969375,2.4293387e-05,5.1429106e-05,0.00023048924,a
test_3758.jpg,0.00033322588,0.0004278705,0.9933323,0.00590657,c
test_3759.jpg,0.0006844426,0.14779842,0.000995858,0.85052127,d
test_3760.jpg,1.3574324e-07,2.6995764e-07,2.873684e-07,0.9999993,d
test_3761.jpg,2.4299588e-05,1.8924538e-05,0.99994886,7.888921e-06,c
test_3762.jpg,0.9997315,7.483174e-05,8.479546e-05,0.00010887953,a
test_3763.jpg,2.4298406e-05,4.0061295e-05,0.9999002,3.5353973e-05,c
test_3764.jpg,0.0011617861,0.99223363,0.0007046589,0.0059000365,b
test_3765.jpg,0.99994767,2.753501e-05,3.2885878e-06,2.1444286e-05,a
test_3766.jpg,0.9997451,3.5348487e-05,0.00017951442,4.005508e-05,a
test_3767.jpg,0.99998915,2.9022892e-06,2.561261e-06,5.4221896e-06,a
test_3768.jpg,1.3004904e-05,0.999816,0.00013981591,3.1197145e-05,b
test_3769.jpg,0.9999976,1.7603421e-06,1.6373733e-07,5.043465e-07,a
test_3770.jpg,0.00020338174,1.8917448e-05,0.99957424,0.00020338174,c
test_3771.jpg,0.9992842,0.0003352225,8.4757514e-05,0.00029583284,a
test_3772.jpg,1.3709305e-06,0.99997914,1.4738891e-05,4.7850176e-06,b
test_3773.jpg,8.939079e-06,3.0892627e-06,0.9999219,6.605135e-05,c
test_3774.jpg,2.2602303e-06,0.99995613,6.1439428e-06,3.535595e-05,b
test_3775.jpg,1.0129385e-05,0.99993014,2.4299134e-05,3.535503e-05,b
test_3776.jpg,0.9984743,0.00027768398,0.0002162605,0.0010317211,a
test_3777.jpg,1.5534562e-06,0.9999716,7.889101e-06,1.892497e-05,b
test_3778.jpg,1.3709338e-06,2.2602876e-06,0.9999815,1.4738926e-05,c
test_3779.jpg,0.9905025,0.0006207743,0.0013141793,0.007562579,a
test_3780.jpg,8.939683e-06,1.2098544e-06,4.1811452e-07,0.9999895,d
test_3781.jpg,3.1199637e-05,2.1443177e-05,5.1439507e-05,0.99989593,d
test_3782.jpg,2.8736778e-07,0.99999714,1.067701e-06,1.5534958e-06,b
test_3783.jpg,1.8553862e-07,0.99999714,9.422428e-07,1.7603413e-06,b
test_3784.jpg,3.1199746e-05,3.288429e-06,0.9998994,6.604986e-05,c
test_3785.jpg,0.99995697,2.7535267e-05,5.422015e-06,1.0129657e-05,a
test_3786.jpg,0.18125826,0.004830369,0.8123432,0.0015681912,c
test_3787.jpg,0.0019159034,0.9924625,0.0010255092,0.0045960136,b
test_3788.jpg,0.99208844,0.0075746886,0.00010804714,0.00022873578,a
test_3789.jpg,9.609919e-05,1.4737287e-05,0.9998703,1.8923052e-05,c
test_3790.jpg,0.022020789,0.9363477,0.013356282,0.028275251,b
test_3791.jpg,0.00090911647,0.00062482595,0.0014988796,0.99696726,d
test_3792.jpg,7.482786e-05,0.9996797,6.603535e-05,0.00017950268,b
test_3793.jpg,6.4759416e-07,8.3152736e-07,2.1024303e-07,0.99999833,d
test_3794.jpg,0.0014238172,0.94704014,0.04715035,0.0043856665,b
test_3795.jpg,3.689875e-07,0.9999969,1.7603409e-06,9.422426e-07,b
test_3796.jpg,0.99998224,4.7850326e-06,1.0129913e-05,2.902269e-06,a
test_3797.jpg,0.99999726,1.2098639e-06,1.3574297e-07,1.3709554e-06,a
test_3798.jpg,3.4663213e-07,3.6898797e-07,0.9999982,1.0677021e-06,c
test_3799.jpg,1.370942e-06,9.422337e-07,0.9999875,1.01299665e-05,c
test_3800.jpg,2.5612744e-06,1.7603364e-06,1.2098603e-06,0.9999944,d
test_3801.jpg,0.9144373,0.00039388705,0.08505592,0.000112850525,a
test_3802.jpg,8.957892e-05,0.53105456,0.468654,0.00020186923,b
test_3803.jpg,0.0009908578,0.84625083,0.0057019936,0.14705634,b
test_3804.jpg,0.01770749,0.31387275,0.66446865,0.0039510746,c
test_3805.jpg,5.4215957e-06,1.8923227e-05,0.9998796,9.6100084e-05,c
test_3806.jpg,0.9999795,4.222765e-06,6.1440865e-06,1.0129886e-05,a
test_3807.jpg,6.8936043e-07,6.475942e-07,3.0590184e-07,0.99999845,d
test_3808.jpg,4.783774e-06,0.9997192,1.473506e-05,0.0002611852,b
test_3809.jpg,1.4593535e-06,0.99998295,5.422156e-06,1.012992e-05,b
test_3810.jpg,1.8920777e-05,2.752957e-05,0.9997501,0.00020341753,c
test_3811.jpg,1.2098614e-06,2.5612765e-06,1.0030103e-06,0.99999523,d
test_3812.jpg,2.2603072e-06,4.7850704e-06,0.9999901,2.902292e-06,c
test_3813.jpg,8.4492945e-05,0.9961649,0.0001578536,0.0035927317,b
test_3814.jpg,0.00010886259,0.00023046209,8.478226e-05,0.9995759,d
test_3815.jpg,3.927836e-07,0.99999297,2.9023001e-06,3.726627e-06,b
test_3816.jpg,2.260305e-06,4.2228057e-06,0.9999893,4.2228057e-06,c
test_3817.jpg,7.811459e-07,1.9947258e-06,1.0676998e-06,0.99999607,d
test_3818.jpg,1.3709505e-06,1.2098595e-06,3.7266295e-06,0.9999937,d
test_3819.jpg,0.0009010315,0.988101,0.008548749,0.0024492575,b
test_3820.jpg,9.4224305e-07,7.338196e-07,9.4224305e-07,0.9999974,d
test_3821.jpg,0.00029582146,0.00012331671,0.99924576,0.0003352096,c
test_3822.jpg,0.00033516955,0.00033516955,0.00020329062,0.9991264,d
test_3823.jpg,0.9942046,0.00048526656,0.0046040807,0.00070605864,a
test_3824.jpg,8.480757e-05,3.535306e-05,5.421567e-06,0.99987435,d
test_3825.jpg,0.999729,1.6697175e-05,7.483155e-05,0.00017951154,a
test_3826.jpg,3.2887392e-06,2.9023022e-06,1.8553798e-07,0.9999937,d
test_3827.jpg,3.2886956e-06,1.3007043e-05,3.2886956e-06,0.99998045,d
test_3828.jpg,1.14782715e-05,0.9999453,2.4299501e-05,1.8924471e-05,b
test_3829.jpg,0.0002611316,0.00017947295,4.537787e-05,0.9995141,d
test_3830.jpg,1.7603064e-06,6.1440733e-06,1.4738865e-05,0.99997735,d
test_3831.jpg,0.99999475,4.222829e-06,3.927843e-07,6.0835623e-07,a
test_3832.jpg,6.9620523e-06,2.1444632e-05,0.99996376,7.889039e-06,c
test_3833.jpg,8.3152514e-07,0.9999957,9.4224146e-07,2.5612778e-06,b
test_3834.jpg,5.4218376e-06,4.2225315e-06,0.9999243,6.605151e-05,c
test_3835.jpg,4.4508423e-07,1.2098644e-06,5.7149947e-07,0.99999774,d
test_3836.jpg,0.002091943,0.1466565,0.84395,0.007301598,c
test_3837.jpg,8.480902e-05,6.9615485e-06,0.9998914,1.6699887e-05,c
test_3838.jpg,1.4738446e-05,1.4738446e-05,2.1444313e-05,0.999949,d
test_3839.jpg,0.9999083,5.828932e-05,1.6700169e-05,1.6700169e-05,a
test_3840.jpg,0.0001233785,2.143997e-05,0.9997464,0.000108881155,c
test_3841.jpg,2.902292e-06,9.4223617e-07,0.9999901,6.1441515e-06,c
test_3842.jpg,0.99999,3.726616e-06,4.222809e-06,2.1233616e-06,a
test_3843.jpg,0.00013980249,0.00010887829,3.119415e-05,0.99972004,d
test_3844.jpg,0.99999475,1.9947233e-06,1.5534921e-06,1.7603371e-06,a
test_3845.jpg,0.0010240315,0.0075666266,0.99103254,0.00037672019,c
test_3846.jpg,5.043463e-07,8.3152645e-07,1.3709554e-06,0.99999726,d
test_3847.jpg,0.008548992,0.0027754514,0.0005465187,0.9881291,d
test_3848.jpg,0.0045280224,0.00025545357,0.86288834,0.13232823,c
test_3849.jpg,0.00048386157,0.0075688674,0.99132603,0.00062129047,c
test_3850.jpg,0.998933,0.00055249425,0.00017936861,0.0003351047,a
test_3851.jpg,7.4841526e-05,2.7532657e-05,3.535263e-05,0.9998622,d
test_3852.jpg,1.4449796e-07,6.023571e-08,0.9999995,3.466326e-07,c
test_3853.jpg,4.450848e-07,3.0590203e-07,1.4449789e-07,0.99999905,d
test_3854.jpg,8.85154e-07,2.2603201e-06,1.0676996e-06,0.9999958,d
test_3855.jpg,3.2883793e-06,0.99988425,2.7533264e-05,8.480842e-05,b
test_3856.jpg,1.3574288e-07,0.99999666,1.2098631e-06,1.9947272e-06,b
test_3857.jpg,6.962017e-06,2.4299825e-05,1.0129674e-05,0.99995863,d
test_3858.jpg,1.0677002e-06,1.5534947e-06,0.9999964,9.4224214e-07,c
test_3859.jpg,1.47388555e-05,4.7850062e-06,3.7265665e-06,0.99997675,d
test_3860.jpg,0.002800532,9.582893e-05,4.526638e-05,0.9970584,d
test_3861.jpg,0.000108882596,9.608855e-05,0.9997596,3.5349003e-05,c
test_3862.jpg,0.9999604,1.670104e-05,6.143969e-06,1.670104e-05,a
test_3863.jpg,0.99988985,6.1435358e-06,9.610107e-05,7.888456e-06,a
test_3864.jpg,0.8660604,0.13281466,0.0005098976,0.00061505387,a
test_3865.jpg,0.15293564,0.0438168,0.02657623,0.77667135,d
test_3866.jpg,0.0011693148,5.8216763e-05,0.00010876323,0.99866366,d
test_3867.jpg,2.2602287e-06,0.9999554,1.4738542e-05,2.7535223e-05,b
test_3868.jpg,3.7266252e-06,1.9947188e-06,1.7603331e-06,0.9999925,d
test_3869.jpg,8.477071e-05,0.0002958789,0.9994398,0.0001794596,c
test_3870.jpg,5.1381296e-05,1.4720987e-05,0.0011694328,0.9987644,d
test_3871.jpg,9.422366e-07,2.260308e-06,0.9999906,6.1441547e-06,c
test_3872.jpg,8.9374225e-06,7.483213e-05,0.9997367,0.00017951294,c
test_3873.jpg,5.0434664e-07,9.4224356e-07,5.7149964e-07,0.999998,d
test_3874.jpg,0.0008035303,0.9985055,0.00043009876,0.00026086808,b
test_3875.jpg,2.260302e-06,6.96222e-06,0.99998784,2.9022854e-06,c
test_3876.jpg,3.1198597e-05,2.1442462e-05,0.99986255,8.4806576e-05,c
test_3877.jpg,0.00033528853,7.481299e-05,0.00010885225,0.999481,d
test_3878.jpg,3.2887392e-06,1.3709505e-06,0.9999937,1.5534905e-06,c
test_3879.jpg,3.1201427e-05,1.012962e-05,5.421995e-06,0.99995327,d
test_3880.jpg,1.855386e-07,0.999997,1.5534956e-06,1.2098635e-06,b
test_3881.jpg,0.9999763,1.9946865e-06,2.9022517e-06,1.8925057e-05,a
test_3882.jpg,9.422357e-07,1.5534841e-06,7.889243e-06,0.9999896,d
test_3883.jpg,1.6700771e-05,1.1478261e-05,0.9999443,2.7534918e-05,c
test_3884.jpg,0.00043029408,0.9989588,0.0004875871,0.00012328131,b
test_3885.jpg,1.670117e-05,8.939492e-06,0.9999682,6.144017e-06,c
test_3886.jpg,1.1365474e-06,0.9999845,4.2227857e-06,1.0129936e-05,b
test_3887.jpg,0.9999951,1.6536843e-06,1.3709524e-06,1.7603377e-06,a
test_3888.jpg,0.9978421,0.0005518909,0.00080299645,0.00080299645,a
test_3889.jpg,2.2603094e-06,1.7603307e-06,0.9999912,4.7850754e-06,c
test_3890.jpg,0.026070839,0.10311217,0.0074694203,0.8633476,d
test_3891.jpg,4.7379027e-07,3.6898822e-07,2.6995755e-07,0.9999989,d
test_3892.jpg,3.1200216e-05,0.9999144,8.939011e-06,4.5396046e-05,b
test_3893.jpg,7.484384e-05,1.8923485e-05,1.3005909e-05,0.9998932,d
test_3894.jpg,0.9999255,2.429902e-05,4.006231e-05,1.0129338e-05,a
test_3895.jpg,4.7378808e-07,4.222827e-06,1.0676979e-06,0.9999943,d
test_3896.jpg,2.561272e-06,7.8114385e-07,0.99999344,3.2887383e-06,c
test_3897.jpg,0.97612554,0.022956273,0.00069321936,0.00022505537,a
test_3898.jpg,3.4662867e-07,0.9999882,2.5612585e-06,8.939671e-06,b
test_3899.jpg,7.888996e-06,6.143957e-06,0.9999584,2.7535305e-05,c
test_3900.jpg,9.422266e-07,0.99998,1.012989e-05,8.939597e-06,b
test_3901.jpg,0.9999902,5.422195e-06,1.7603292e-06,2.5612637e-06,a
test_3902.jpg,0.9999958,1.5534938e-06,1.3709534e-06,1.1365603e-06,a
test_3903.jpg,3.1201595e-05,4.78492e-06,5.422024e-06,0.99995863,d
test_3904.jpg,2.2602712e-06,2.1444856e-05,0.99997425,1.9946824e-06,c
test_3905.jpg,1.473888e-05,6.1440796e-06,6.083463e-07,0.9999784,d
test_3906.jpg,2.7534954e-05,2.429951e-05,2.5611496e-06,0.99994564,d
test_3907.jpg,2.8736798e-07,0.99999785,1.3709562e-06,5.043466e-07,b
test_3908.jpg,1.473793e-05,0.99991393,4.0061845e-05,3.12002e-05,b
test_3909.jpg,7.888943e-06,0.9999517,1.8924593e-05,2.1444373e-05,b
test_3910.jpg,0.9995912,0.00012335935,0.00026115173,2.4290895e-05,a
test_3911.jpg,1.0677006e-06,7.3381915e-07,0.9999968,1.3709547e-06,c
test_3912.jpg,4.0060284e-05,1.0128826e-05,0.99987495,7.484248e-05,c
test_3913.jpg,5.3687154e-07,4.2228216e-06,0.99999297,2.2603135e-06,c
test_3914.jpg,1.1365481e-06,2.2602958e-06,1.1478729e-05,0.9999851,d
test_3915.jpg,0.00047917623,0.92224705,0.075702645,0.0015711585,b
test_3916.jpg,0.008554978,0.0013119484,0.988821,0.0013119484,c
test_3917.jpg,1.2098585e-06,1.2098585e-06,0.99999285,4.7850835e-06,c
test_3918.jpg,0.99773765,0.00023003825,0.0013237788,0.00070856774,a
test_3919.jpg,0.0011690966,0.00029559393,0.99847716,5.820589e-05,c
test_3920.jpg,0.0016276512,0.0009872202,0.95540744,0.041977674,c
test_3921.jpg,8.397245e-06,5.828844e-05,4.0061015e-05,0.9998932,d
test_3922.jpg,8.93964e-06,5.4221655e-06,1.0029997e-06,0.99998474,d
test_3923.jpg,0.00010889085,5.1436393e-05,4.222156e-06,0.9998354,d
test_3924.jpg,0.9999747,1.3006969e-05,8.939551e-06,3.2886767e-06,a
test_3925.jpg,0.99998486,3.28871e-06,2.9022767e-06,8.939641e-06,a
test_3926.jpg,1.7603384e-06,5.3687285e-07,0.99999547,2.2603192e-06,c
test_3927.jpg,0.0013118145,0.00027497127,0.009693071,0.9887201,d
test_3928.jpg,4.0042538e-05,4.0042538e-05,0.999432,0.00048781806,c
test_3929.jpg,0.9998902,2.4298162e-05,4.0060895e-05,4.5394947e-05,a
test_3930.jpg,0.00756593,0.0013147616,0.99094135,0.00017793363,c
test_3931.jpg,1.0676952e-06,1.209857e-06,6.144161e-06,0.99999166,d
test_3932.jpg,7.467703e-05,0.9976647,0.0003346792,0.0019259459,b
test_3933.jpg,0.99961543,9.607469e-05,0.000108866894,0.00017949115,a
test_3934.jpg,0.0018325569,0.047262263,0.0016172259,0.94928795,d
test_3935.jpg,2.260303e-06,1.5534821e-06,0.9999883,7.889233e-06,c
test_3936.jpg,0.0198493,0.0198493,0.003908559,0.9563929,d
test_3937.jpg,0.99971074,5.1429983e-05,0.00017950826,5.82778e-05,a
test_3938.jpg,3.120018e-05,2.4298723e-05,0.9999132,3.120018e-05,c
test_3939.jpg,3.9278592e-07,1.9750517e-07,0.9999989,5.7150015e-07,c
test_3940.jpg,6.144121e-06,0.9999851,5.4221673e-06,3.2887108e-06,b
test_3941.jpg,0.0013217442,0.0005509849,0.9962042,0.0019231265,c
test_3942.jpg,0.9988913,4.5349596e-05,3.116829e-05,0.001032152,a
test_3943.jpg,5.714985e-07,1.5534941e-06,1.7603394e-06,0.99999607,d
test_3944.jpg,0.98995835,0.007558425,0.00079665217,0.0016865127,a
test_3945.jpg,9.422426e-07,1.2098634e-06,9.422426e-07,0.9999969,d
test_3946.jpg,1.2098619e-06,1.0676995e-06,0.9999957,1.9947252e-06,c
test_3947.jpg,0.46837166,0.00070416834,0.00018952432,0.53073466,d
test_3948.jpg,0.00012337895,1.7774424e-05,0.99974996,0.00010888154,c
test_3949.jpg,2.75353e-05,0.99995816,1.0129669e-05,4.2226743e-06,b
test_3950.jpg,0.007558505,0.98996884,0.0013134712,0.0011591343,b
test_3951.jpg,0.00055176497,0.9976145,0.0010308326,0.00080281333,b
test_3952.jpg,0.000108869164,0.9996363,5.1426152e-05,0.00020339437,b
test_3953.jpg,6.0834714e-07,0.99997985,2.9022622e-06,1.6701364e-05,b
test_3954.jpg,5.043465e-07,0.9999976,5.043465e-07,1.3709558e-06,b
test_3955.jpg,0.0028003906,0.997008,9.5824085e-05,9.5824085e-05,b
test_3956.jpg,3.2887383e-06,1.9947206e-06,1.2098592e-06,0.99999344,d
test_3957.jpg,0.99620014,0.00029491982,0.0003341879,0.0031706868,a
test_3958.jpg,4.53966e-05,2.4299046e-05,3.7263796e-06,0.99992657,d
test_3959.jpg,4.784959e-06,6.962074e-06,0.99996686,2.1444697e-05,c
test_3960.jpg,3.689882e-07,5.715001e-07,2.5360163e-07,0.9999988,d
test_3961.jpg,2.9022588e-06,3.7265736e-06,0.99997866,1.4738884e-05,c
test_3962.jpg,4.0062514e-05,2.144392e-05,7.888777e-06,0.9999306,d
test_3963.jpg,3.120007e-05,0.99990976,4.0061677e-05,1.8923798e-05,b
test_3964.jpg,1.30070075e-05,0.9999777,3.089435e-06,6.1440755e-06,b
test_3965.jpg,0.99513406,0.0031672937,0.0002024783,0.0014961235,a
test_3966.jpg,1.1979259e-07,0.99999595,2.5612783e-06,1.3709536e-06,b
test_3967.jpg,0.011111451,0.47247094,0.043946642,0.47247094,b
test_3968.jpg,7.4105665e-06,7.484407e-05,2.1443184e-05,0.9998963,d
test_3969.jpg,6.603919e-05,1.6697322e-05,0.9997378,0.00017951312,c
test_3970.jpg,1.9947236e-06,1.9947236e-06,1.0676986e-06,0.9999949,d
test_3971.jpg,0.99998426,5.4221628e-06,4.222785e-06,6.1441156e-06,a
test_3972.jpg,1.5534906e-06,9.4223964e-07,3.72663e-06,0.9999938,d
test_3973.jpg,0.9999924,3.7266248e-06,2.9022985e-06,1.0676958e-06,a
test_3974.jpg,0.99997675,1.47388555e-05,3.089432e-06,5.4221223e-06,a
test_3975.jpg,8.3152673e-07,1.7429747e-07,0.9999976,1.3709558e-06,c
test_3976.jpg,0.0006249844,0.00022991891,0.0019250875,0.99722004,d
test_3977.jpg,4.45077e-07,0.9999815,1.4738926e-05,3.2886992e-06,b
test_3978.jpg,0.9996057,4.0049494e-05,0.00033533035,1.8918043e-05,a
test_3979.jpg,0.0019264807,6.592054e-05,6.592054e-05,0.9979417,d
test_3980.jpg,4.5377223e-05,2.4288676e-05,0.9994998,0.00043052708,c
test_3981.jpg,1.3709447e-06,0.9999895,2.9022901e-06,6.144148e-06,b
test_3982.jpg,0.99994385,3.1201133e-05,1.4738371e-05,1.01295245e-05,a
test_3983.jpg,0.0009008031,0.00027472942,0.010974028,0.9878505,d
test_3984.jpg,4.78506e-06,2.5612578e-06,4.78506e-06,0.99998796,d
test_3985.jpg,1.8924851e-05,2.5612003e-06,0.9999654,1.3006848e-05,c
test_3986.jpg,0.000552705,7.4800504e-05,5.8254685e-05,0.9993142,d
test_3987.jpg,5.4220945e-06,1.5534562e-06,0.9999716,2.1444801e-05,c
test_3988.jpg,0.9923955,0.0009049476,0.0052076136,0.0014920062,a
test_3989.jpg,0.99997306,2.4300176e-05,6.893429e-07,1.8738284e-06,a
test_3990.jpg,0.0035884439,0.0013201147,0.00011535035,0.99497604,d
test_3991.jpg,2.561198e-06,0.9999646,2.144465e-05,1.1478493e-05,b
test_3992.jpg,9.4223e-07,0.99998355,5.422159e-06,1.01299265e-05,b
test_3993.jpg,0.99653256,0.00037881092,0.0021799062,0.0009087201,a
test_3994.jpg,1.3709464e-06,0.9999907,1.0676941e-06,6.96224e-06,b
test_3995.jpg,5.8249818e-05,0.0006262445,8.475298e-05,0.99923074,d
test_3996.jpg,0.00020314827,4.5328507e-05,0.9984268,0.0013246931,c
test_3997.jpg,6.14362e-06,5.4217253e-06,0.99990356,8.481005e-05,c
test_3998.jpg,0.002154833,0.00037445384,0.98507047,0.012400207,c
test_3999.jpg,3.2885773e-06,0.99994445,4.539741e-05,6.961918e-06,b
test_4000.jpg,7.8114397e-07,8.315234e-07,0.99999356,4.7850867e-06,c
test_4001.jpg,0.00070927374,0.00017933248,0.9987318,0.0003796469,c
test_4002.jpg,4.003232e-05,0.0005526291,0.9991769,0.0002303701,c
test_4003.jpg,0.00026106616,0.000179428,0.00029582676,0.9992637,d
test_4004.jpg,3.9278387e-07,0.9999937,1.7603352e-06,4.2228244e-06,b
test_4005.jpg,0.0021727276,0.3653966,0.029993577,0.60243714,d
test_4006.jpg,3.2887367e-06,2.9023001e-06,8.3152287e-07,0.99999297,d
test_4007.jpg,0.9938194,0.0013185801,0.0002596438,0.004602297,a
test_4008.jpg,1.370949e-06,2.2603128e-06,0.9999926,3.7266257e-06,c
test_4009.jpg,3.5347242e-05,0.9997098,0.00023049295,2.4293779e-05,b
test_4010.jpg,0.00970433,0.00033206388,9.51379e-05,0.9898685,d
test_4011.jpg,1.1478586e-05,6.9621146e-06,8.939533e-06,0.9999727,d
test_4012.jpg,0.9999957,1.1365602e-06,1.2098619e-06,1.9947252e-06,a
test_4013.jpg,2.2603153e-06,3.72663e-06,2.6995616e-07,0.9999938,d
test_4014.jpg,0.9999857,4.785049e-06,2.5612521e-06,6.962205e-06,a
test_4015.jpg,0.6907996,0.00282314,0.2879681,0.018409185,a
test_4016.jpg,0.999974,8.939544e-06,6.9621237e-06,1.012983e-05,a
test_4017.jpg,3.7266016e-06,2.2602983e-06,0.9999862,7.889215e-06,c
test_4018.jpg,4.0058356e-05,0.99982685,7.483887e-05,5.8284568e-05,b
test_4019.jpg,0.0019259955,0.9976903,0.0002606551,0.00012312476,b
test_4020.jpg,0.9992613,0.00017942756,0.00017942756,0.00037984818,a
test_4021.jpg,9.597074e-05,0.0013248351,4.5333367e-05,0.99853384,d
test_4022.jpg,7.482284e-05,1.669523e-05,0.00029593005,0.9996126,d
test_4023.jpg,5.4220322e-06,2.4299863e-05,1.012969e-05,0.9999602,d
test_4024.jpg,1.2098606e-06,2.9023047e-06,0.9999945,1.3709516e-06,c
test_4025.jpg,0.998988,0.0001232849,8.47324e-05,0.00080391864,a
test_4026.jpg,7.889182e-06,6.9621788e-06,3.2887003e-06,0.9999819,d
test_4027.jpg,3.2887317e-06,1.0676948e-06,0.9999914,4.222815e-06,c
test_4028.jpg,2.9023008e-06,1.0676968e-06,0.9999932,2.9023008e-06,c
test_4029.jpg,3.9278532e-07,1.9947286e-06,2.5360129e-07,0.9999974,d
test_4030.jpg,8.939561e-06,6.1440646e-06,0.9999759,8.939561e-06,c
test_4031.jpg,4.2228185e-06,1.9947183e-06,1.5534882e-06,0.99999225,d
test_4032.jpg,3.535595e-05,4.7849076e-06,0.99995613,3.7264897e-06,c
test_4033.jpg,3.5347002e-05,0.999703,0.00020340795,5.827735e-05,b
test_4034.jpg,0.0005520962,0.00020310484,0.0010314514,0.9982133,d
test_4035.jpg,3.5353085e-05,3.119899e-05,5.828738e-05,0.99987507,d
test_4036.jpg,0.00015835713,0.9993425,0.0002033346,0.0002958501,b
test_4037.jpg,0.0058238283,0.013970638,0.0007881695,0.9794174,d
test_4038.jpg,0.999912,1.670023e-05,3.120014e-05,4.006177e-05,a
test_4039.jpg,6.475939e-07,7.811473e-07,6.083581e-07,0.99999785,d
test_4040.jpg,1.9947179e-06,3.0894792e-06,2.9022974e-06,0.999992,d
test_4041.jpg,1.8924824e-05,2.260248e-06,0.999964,1.4738668e-05,c
test_4042.jpg,0.99999964,1.0571698e-07,1.1979303e-07,9.931191e-08,a
test_4043.jpg,4.450838e-07,1.357429e-07,0.9999968,2.5612806e-06,c
test_4044.jpg,7.7344176e-08,1.0571695e-07,0.9999994,3.9278612e-07,c
test_4045.jpg,5.368747e-07,2.3823671e-07,2.3823671e-07,0.9999989,d
test_4046.jpg,0.001499882,0.99763393,0.0004869404,0.00037922958,b
test_4047.jpg,5.368711e-07,0.99999213,2.5612685e-06,4.78508e-06,b
test_4048.jpg,2.699571e-07,0.99999726,7.3381955e-07,1.7603415e-06,b
test_4049.jpg,0.09445702,0.0025171945,0.89618325,0.0068424433,c
test_4050.jpg,0.0021633168,0.9889488,0.00033175538,0.008556084,b
test_4051.jpg,2.9022517e-06,6.1440664e-06,0.9999763,1.4738849e-05,c
test_4052.jpg,0.005909703,0.99385935,0.00012265198,0.00010824,b
test_4053.jpg,0.99947995,3.1186657e-05,0.00010885213,0.00037993127,a
test_4054.jpg,1.1478614e-05,1.994684e-06,0.9999751,1.1478614e-05,c
test_4055.jpg,0.9995351,0.0002959071,0.00013977662,2.929877e-05,a
test_4056.jpg,0.99989545,1.6699954e-05,1.3005938e-05,7.4844014e-05,a
test_4057.jpg,7.3381744e-07,3.2887415e-06,1.5534915e-06,0.9999944,d
test_4058.jpg,5.368744e-07,6.4759416e-07,5.043468e-07,0.99999833,d
test_4059.jpg,0.9962715,0.00017889071,0.00037871167,0.003170914,a
test_4060.jpg,4.536559e-05,8.475407e-05,0.9992436,0.0006262526,c
test_4061.jpg,2.8736832e-07,3.9278598e-07,3.4663242e-07,0.99999905,d
test_4062.jpg,2.144411e-05,3.535536e-05,3.7264276e-06,0.99993944,d
test_4063.jpg,0.00017920062,0.00012316267,0.99799746,0.0017002084,c
test_4064.jpg,0.00033525564,0.00015836355,0.999383,0.00012333365,c
test_4065.jpg,0.00062626775,4.0035957e-05,0.99926776,6.6008135e-05,c
test_4066.jpg,0.9999851,8.9396435e-06,3.7265977e-06,2.2602958e-06,a
test_4067.jpg,0.99999166,1.5534873e-06,1.9947172e-06,4.7850776e-06,a
test_4068.jpg,0.9997975,0.00017952383,1.1476575e-05,1.1476575e-05,a
test_4069.jpg,3.9278592e-07,6.4759456e-07,1.1979294e-07,0.9999989,d
test_4070.jpg,1.9947083e-06,1.7603238e-06,0.99998724,8.939663e-06,c
test_4071.jpg,3.726534e-06,0.99996805,1.1478533e-05,1.6701168e-05,b
test_4072.jpg,7.4823816e-05,0.9996257,0.00020339222,9.607568e-05,b
test_4073.jpg,8.939499e-06,0.999969,1.6701182e-05,5.42208e-06,b
test_4074.jpg,0.0003353002,0.9995158,0.00010885604,4.0045892e-05,b
test_4075.jpg,3.288703e-06,0.9999827,6.144106e-06,7.889188e-06,b
test_4076.jpg,0.0052085263,0.0013169217,0.00090510614,0.9925694,d
test_4077.jpg,0.9990163,9.601711e-05,0.0005525403,0.00033513262,a
test_4078.jpg,3.6898837e-07,2.6995764e-07,5.3157816e-08,0.9999993,d
test_4079.jpg,0.9998678,3.5352827e-05,5.1438063e-05,4.539393e-05,a
test_4080.jpg,0.00048473972,0.005905338,0.9931252,0.00048473972,c
test_4081.jpg,1.300682e-05,1.8924811e-05,4.784942e-06,0.9999633,d
test_4082.jpg,0.001168438,0.99791473,0.00042984434,0.00048707746,b
test_4083.jpg,1.760318e-06,2.902274e-06,1.1478715e-05,0.9999839,d
test_4084.jpg,0.9998468,6.6046385e-05,7.484037e-05,1.2217353e-05,a
test_4085.jpg,5.043468e-07,5.714998e-07,5.714998e-07,0.99999833,d
test_4086.jpg,0.0035341822,0.0006959217,0.97993076,0.015839105,c
test_4087.jpg,0.00062091905,7.415821e-05,0.9907334,0.008571523,c
test_4088.jpg,5.368699e-07,0.99999,2.561263e-06,6.962235e-06,b
test_4089.jpg,0.0013028061,0.015871426,0.00089540466,0.98193043,d
test_4090.jpg,2.699571e-07,0.99999726,1.0677011e-06,1.3709554e-06,b
test_4091.jpg,0.001500836,0.9982685,0.0001792493,5.1355786e-05,b
test_4092.jpg,0.99998367,1.1478713e-05,2.7264332e-06,2.1233482e-06,a
test_4093.jpg,0.0046386104,0.03883861,0.8839627,0.07256008,c
test_4094.jpg,0.0004876526,0.0001583176,0.99909306,0.00026102157,c
test_4095.jpg,0.9999988,2.1024313e-07,1.9750514e-07,7.338207e-07,a
test_4096.jpg,2.2602565e-06,0.9999677,2.561206e-06,2.7535561e-05,b
test_4097.jpg,0.99982494,0.000108889704,1.4736618e-05,5.1435854e-05,a
test_4098.jpg,0.9999713,1.670122e-05,3.0894153e-06,8.93952e-06,a
test_4099.jpg,0.00023045928,0.99956375,0.00013978063,6.602769e-05,b
test_4100.jpg,4.53961e-05,2.429878e-05,1.4737954e-05,0.9999156,d
test_4101.jpg,5.828645e-05,3.119849e-05,0.9998591,5.1437615e-05,c
test_4102.jpg,0.003588358,0.9949522,0.0011649692,0.00029455035,b
test_4103.jpg,7.8114704e-07,9.4224316e-07,7.8114704e-07,0.9999975,d
test_4104.jpg,2.3823569e-07,0.99999464,1.7603369e-06,3.2887422e-06,b
test_4105.jpg,0.9997285,1.6697166e-05,2.4294233e-05,0.00023049727,a
test_4106.jpg,0.00020336824,5.8265978e-05,0.0002304464,0.9995079,d
test_4107.jpg,0.00029585714,0.00017944642,0.99936634,0.00015836091,c
test_4108.jpg,0.44408214,0.017218934,0.26934946,0.26934946,a
test_4109.jpg,7.4621465e-05,0.9969223,0.00020284216,0.0028001498,b
test_4110.jpg,7.811446e-07,3.7266323e-06,1.1365587e-06,0.9999944,d
test_4111.jpg,0.9997956,9.609201e-05,1.2216728e-05,9.609201e-05,a
test_4112.jpg,4.006021e-05,3.5353016e-05,0.99987316,5.143834e-05,c
test_4113.jpg,1.0677015e-06,1.0677015e-06,2.6995718e-07,0.9999976,d
test_4114.jpg,0.9998604,1.4737141e-05,4.0059702e-05,8.4806394e-05,a
test_4115.jpg,0.0021820883,0.00010863978,0.00017911672,0.99753016,d
test_4116.jpg,0.99991417,1.8923882e-05,4.5396035e-05,2.1443568e-05,a
test_4117.jpg,0.00042954978,0.99723095,0.00015802254,0.0021814338,b
test_4118.jpg,0.9999914,4.7850767e-06,1.8738629e-06,1.8738629e-06,a
test_4119.jpg,0.00023044267,0.00026112574,0.9994917,1.6693211e-05,c
test_4120.jpg,8.939656e-06,3.2887156e-06,1.1365497e-06,0.9999865,d
test_4121.jpg,3.0590093e-07,0.99999547,1.7603384e-06,2.5612771e-06,b
test_4122.jpg,0.99994946,7.888926e-06,1.147832e-05,3.120131e-05,a
test_4123.jpg,1.8738492e-06,8.939634e-06,5.09365e-06,0.99998415,d
test_4124.jpg,3.535544e-05,6.143854e-06,0.9999417,1.6700727e-05,c
test_4125.jpg,1.0129399e-05,0.99993145,1.3006406e-05,4.539682e-05,b
test_4126.jpg,3.2887149e-06,7.889216e-06,2.5612537e-06,0.9999863,d
test_4127.jpg,0.99960583,0.00015839886,9.607377e-05,0.00013978651,a
test_4128.jpg,2.4297658e-05,2.1442609e-05,0.99986947,8.4807165e-05,c
test_4129.jpg,8.466246e-05,0.0017004913,5.1350384e-05,0.9981635,d
test_4130.jpg,6.9619546e-06,3.5355723e-05,7.888928e-06,0.9999497,d
test_4131.jpg,1.9946904e-06,1.8925093e-05,8.315106e-07,0.9999782,d
test_4132.jpg,2.6995764e-07,6.02357e-08,0.9999993,3.6898837e-07,c
test_4133.jpg,0.0010246059,0.0014907928,0.9915884,0.0058962,c
test_4134.jpg,3.7265359e-06,0.9999685,1.3006888e-05,1.47387345e-05,b
test_4135.jpg,0.99998534,6.1441224e-06,4.7850476e-06,3.7265986e-06,a
test_4136.jpg,2.90218e-06,0.9999516,5.421986e-06,4.0063354e-05,b
test_4137.jpg,0.9999865,1.01299565e-05,2.260299e-06,1.0676896e-06,a
test_4138.jpg,1.6701179e-05,1.5534517e-06,0.99996877,1.3006891e-05,c
test_4139.jpg,2.5612683e-06,0.999992,2.9022974e-06,2.5612683e-06,b
test_4140.jpg,0.00017949726,7.4825606e-05,9.6077965e-05,0.9996495,d
test_4141.jpg,6.9615953e-06,0.9998981,1.0129061e-05,8.480959e-05,b
test_4142.jpg,0.9999763,1.4738849e-05,2.406051e-06,6.5403246e-06,a
test_4143.jpg,0.9975405,0.0006251852,0.0014997413,0.00033463753,a
test_4144.jpg,7.480478e-05,0.00043047176,0.99937135,0.00012333221,c
test_4145.jpg,1.0129846e-05,4.222748e-06,1.0129846e-05,0.99997556,d
test_4146.jpg,0.9966851,8.453707e-05,0.0031722302,5.810142e-05,a
test_4147.jpg,0.00012320273,0.99832207,0.000230173,0.0013245542,b
test_4148.jpg,4.4508425e-07,1.3709562e-06,2.2380245e-07,0.99999785,d
test_4149.jpg,0.5589852,0.004836169,0.33904165,0.09713705,a
test_4150.jpg,9.607727e-05,0.99964225,5.827381e-05,0.00020339558,b
test_4151.jpg,0.0023681428,0.74404836,0.24155714,0.012026422,b
test_4152.jpg,0.0057101855,0.9603056,0.032859847,0.0011244022,b
test_4153.jpg,0.9999113,4.5395904e-05,1.8923827e-05,2.4298675e-05,a
test_4154.jpg,0.9928941,0.0027888354,0.0040577315,0.00025940206,a
test_4155.jpg,0.20403096,0.23119733,0.5546136,0.010158102,c
test_4156.jpg,2.2602637e-06,0.9999709,7.889095e-06,1.8924955e-05,b
test_4157.jpg,1.3004014e-05,0.9997476,8.93752e-06,0.00023050167,b
test_4158.jpg,6.47593e-07,6.47593e-07,0.99999654,2.2603217e-06,c
test_4159.jpg,0.0035642614,0.00061937567,0.0075455406,0.9882708,d
test_4160.jpg,0.99999857,5.715e-07,5.0434693e-07,3.2563088e-07,a
test_4161.jpg,1.9947108e-06,4.785062e-06,0.99998844,4.785062e-06,c
test_4162.jpg,0.31374747,0.2768812,0.40285972,0.006511621,c
test_4163.jpg,0.00013980125,4.0053725e-05,0.9997112,0.00010887733,c
test_4164.jpg,0.026817787,0.002494443,0.88808316,0.0826046,c
test_4165.jpg,0.013645108,0.95659596,0.028886694,0.0008723026,b
test_4166.jpg,0.0066920696,9.5457246e-05,2.1299391e-05,0.9931912,d
test_4167.jpg,1.473851e-05,1.8924622e-05,1.300669e-05,0.99995327,d
test_4168.jpg,0.9926035,0.0010256548,0.0011622191,0.005208705,a
test_4169.jpg,4.0058043e-05,0.9998191,7.4838295e-05,6.604455e-05,b
test_4170.jpg,1.8553902e-07,1.8553902e-07,0.9999993,3.466325e-07,c
test_4171.jpg,0.99950826,0.0001794719,0.00020336831,0.00010885522,a
test_4172.jpg,0.63184565,0.33820263,0.013113538,0.016838117,a
test_4173.jpg,0.00037950533,0.9983594,0.00055217696,0.00070900924,b
test_4174.jpg,0.99999523,1.9947242e-06,1.0676989e-06,1.7603379e-06,a
test_4175.jpg,9.4218314e-07,0.99993384,5.8290807e-05,6.961844e-06,b
test_4176.jpg,2.1441334e-05,1.01281685e-05,0.00015843121,0.99981004,d
test_4177.jpg,0.9998958,4.53952e-05,3.1199634e-05,2.7533582e-05,a
test_4178.jpg,0.0006234433,0.004065361,0.99476105,0.0005501868,c
test_4179.jpg,6.604398e-05,1.47364035e-05,0.9998104,0.000108888125,c
test_4180.jpg,0.00070950424,5.4711094e-05,0.9990564,0.00017939077,c
test_4181.jpg,1.0676973e-06,1.0676973e-06,0.9999937,4.2228244e-06,c
test_4182.jpg,0.00015827698,0.00029570036,0.9988367,0.00070934824,c
test_4183.jpg,3.7265324e-06,2.7535558e-05,1.1365282e-06,0.9999676,d
test_4184.jpg,1.0571687e-07,0.9999987,4.4508462e-07,7.3382057e-07,b
test_4185.jpg,1.8553871e-07,0.9999976,7.338198e-07,1.3709558e-06,b
test_4186.jpg,7.3382057e-07,4.7379015e-07,1.5381715e-07,0.9999987,d
test_4187.jpg,5.1350384e-05,0.9981635,8.466246e-05,0.0017004913,b
test_4188.jpg,0.067532,0.00014772564,0.9322505,6.978066e-05,c
test_4189.jpg,0.0004252708,0.98729694,0.01096788,0.0013099263,b
test_4190.jpg,1.9750527e-07,9.329488e-08,0.9999994,2.6995767e-07,c
test_4191.jpg,1.1476936e-05,1.2096602e-06,0.99982893,0.00015843422,c
test_4192.jpg,0.9999912,4.7850754e-06,2.5612662e-06,1.5534865e-06,a
test_4193.jpg,3.466322e-07,0.99999833,7.338203e-07,6.4759416e-07,b
test_4194.jpg,5.04347e-07,6.475944e-07,2.2380263e-07,0.9999987,d
test_4195.jpg,1.5534746e-06,1.9947008e-06,0.99998343,1.3007082e-05,c
test_4196.jpg,0.006592033,0.01231554,0.97834444,0.0027479683,c
test_4197.jpg,1.7603228e-06,0.99998665,3.7266034e-06,7.889219e-06,b
test_4198.jpg,0.99999845,5.3687444e-07,5.7149987e-07,4.4508454e-07,a
test_4199.jpg,1.2098591e-06,1.2098591e-06,0.9999933,4.222823e-06,c
test_4200.jpg,0.9998896,3.5353598e-05,1.6699858e-05,5.8288228e-05,a
test_4201.jpg,0.99778664,0.00080295186,0.0003792876,0.0010310106,a
test_4202.jpg,0.0072543565,0.95013326,0.041745942,0.0008664094,b
test_4203.jpg,6.144049e-06,1.1478594e-05,8.939539e-06,0.9999734,d
test_4204.jpg,0.00026112937,7.481483e-05,0.99950564,0.00015838299,c
test_4205.jpg,0.9999156,1.1477931e-05,6.961717e-06,6.605093e-05,a
test_4206.jpg,0.00015640819,0.012425043,0.00037520376,0.9870433,d
test_4207.jpg,6.9600505e-06,0.9996762,0.00015841001,0.00015841001,b
test_4208.jpg,4.4508363e-07,2.5612796e-06,6.475929e-07,0.9999964,d
test_4209.jpg,1.1478192e-05,1.0129469e-05,0.99993837,4.0062823e-05,c
test_4210.jpg,0.994005,0.0005497686,0.00022917766,0.0052160597,a
test_4211.jpg,6.1441033e-06,3.726587e-06,7.889184e-06,0.99998224,d
test_4212.jpg,8.456967e-05,0.0028005631,0.99706954,4.5266886e-05,c
test_4213.jpg,5.7149975e-07,2.873681e-07,0.9999982,9.422438e-07,c
test_4214.jpg,8.3152554e-07,1.9947263e-06,0.9999962,9.422419e-07,c
test_4215.jpg,2.26031e-06,4.7850767e-06,0.9999914,1.553487e-06,c
test_4216.jpg,0.00069866196,0.98378927,0.0014790674,0.014033,b
test_4217.jpg,2.7534856e-05,1.1478235e-05,0.99994206,1.892441e-05,c
test_4218.jpg,0.99999166,2.5612674e-06,4.222816e-06,1.5534873e-06,a
test_4219.jpg,0.00020284017,0.0028001221,0.9969125,8.4556355e-05,c
test_4220.jpg,1.3574325e-07,2.1024326e-07,1.8553904e-07,0.9999994,d
test_4221.jpg,6.604839e-05,2.1442776e-05,0.9998772,3.535316e-05,c
test_4222.jpg,0.000526497,0.00015084392,0.04739375,0.9519289,d
test_4223.jpg,1.975047e-07,0.99999654,1.209863e-06,1.994727e-06,b
test_4224.jpg,3.2563102e-07,3.6898828e-07,2.3823674e-07,0.99999905,d
test_4225.jpg,0.0004876354,7.478131e-05,0.9990578,0.00037977082,c
test_4226.jpg,9.422311e-07,0.99998474,1.0129938e-05,4.2227866e-06,b
test_4227.jpg,8.939546e-06,7.889122e-06,8.939546e-06,0.99997425,d
test_4228.jpg,0.0011601745,0.0051995413,0.9908572,0.002783114,c
test_4229.jpg,0.0011693209,6.596857e-05,0.9986688,9.5983705e-05,c
test_4230.jpg,7.337617e-07,0.99991846,1.4737997e-05,6.605112e-05,b
test_4231.jpg,1.9750513e-07,3.0590192e-07,0.9999987,7.3382057e-07,c
test_4232.jpg,4.2227935e-06,6.962209e-06,2.5612537e-06,0.9999863,d
test_4233.jpg,8.315185e-07,0.9999877,2.5612574e-06,8.939666e-06,b
test_4234.jpg,9.608335e-05,4.0053495e-05,0.9997055,0.00015841465,c
test_4235.jpg,2.3823668e-07,3.927859e-07,0.9999988,5.0434704e-07,c
test_4236.jpg,8.939589e-06,7.889159e-06,4.2227625e-06,0.999979,d
test_4237.jpg,0.005208656,0.000704915,0.9925942,0.001492305,c
test_4238.jpg,1.3005118e-05,1.4736728e-05,0.0001398182,0.9998324,d
test_4239.jpg,2.1024198e-07,0.9999933,1.1365574e-06,5.422212e-06,b
test_4240.jpg,1.3709512e-06,4.2228266e-06,3.0590053e-07,0.99999416,d
test_4241.jpg,0.0008024184,0.22248839,0.7765607,0.00014843247,c
test_4242.jpg,0.9995658,0.00023045974,0.00017948223,2.4290279e-05,a
test_4243.jpg,3.2882272e-06,0.999838,3.5351775e-05,0.00012338981,b
test_4244.jpg,0.99428576,0.00029435309,0.0002023057,0.0052175326,a
test_4245.jpg,0.9997056,4.00535e-05,7.4829804e-05,0.00017950735,a
test_4246.jpg,1.3708915e-06,7.888935e-06,0.99995065,4.0063318e-05,c
test_4247.jpg,1.7603314e-06,5.3687074e-07,0.99999154,6.1441606e-06,c
test_4248.jpg,1.3709551e-06,2.1024279e-07,0.99999714,1.2098637e-06,c
test_4249.jpg,4.7850513e-06,1.2098504e-06,0.9999862,7.889215e-06,c
test_4250.jpg,1.6700575e-05,5.4218826e-06,0.9999325,4.5396868e-05,c
test_4251.jpg,3.120053e-05,4.222532e-06,0.9999244,4.0062267e-05,c
test_4252.jpg,0.9999887,1.7603264e-06,4.7850635e-06,4.7850635e-06,a
test_4253.jpg,0.9882946,0.0045767124,0.003564347,0.003564347,a
test_4254.jpg,0.9999894,4.7850667e-06,4.222806e-06,1.6536749e-06,a
test_4255.jpg,0.0052134213,0.00048492374,0.00079950405,0.9935022,d
test_4256.jpg,0.9970578,0.00033447563,0.0016986076,0.000909199,a
test_4257.jpg,1.6700746e-05,0.9999428,2.7534876e-05,1.3006554e-05,b
test_4258.jpg,0.0009034333,0.0075643538,0.0007972771,0.99073493,d
test_4259.jpg,1.0129854e-05,3.2886824e-06,0.9999764,1.0129854e-05,c
test_4260.jpg,6.825586e-08,0.9999974,1.0677012e-06,1.3709555e-06,b
test_4261.jpg,0.00023045874,8.478103e-05,0.99956137,0.00012335567,c
test_4262.jpg,0.99830127,0.00013960409,5.8195637e-05,0.0015008852,a
test_4263.jpg,0.014050579,0.98502165,0.00031041776,0.00061733933,b
test_4264.jpg,1.9946865e-06,0.9999763,6.9621397e-06,1.4738849e-05,b
test_4265.jpg,5.1351344e-05,0.9981822,0.0017005231,6.593642e-05,b
test_4266.jpg,0.00091060635,0.00010875642,0.99860114,0.00037959722,c
test_4267.jpg,2.4057122e-06,0.9998355,9.609584e-05,6.604564e-05,b
test_4268.jpg,0.99999845,7.338204e-07,4.4508454e-07,3.4663222e-07,a
test_4269.jpg,6.9619396e-06,0.99994755,1.0129562e-05,3.5355646e-05,b
test_4270.jpg,1.0128703e-05,0.00012339288,3.7261418e-06,0.9998628,d
test_4271.jpg,0.99911517,1.4726157e-05,0.00080402097,6.599806e-05,a
test_4272.jpg,1.0129076e-05,0.9998996,5.421704e-06,8.480972e-05,b
test_4273.jpg,0.9999844,7.889202e-06,4.785043e-06,2.9022754e-06,a
test_4274.jpg,1.0030051e-06,0.99999,4.222809e-06,4.78507e-06,b
test_4275.jpg,1.7603297e-06,2.9022933e-06,0.9999906,4.7850726e-06,c
test_4276.jpg,4.5391684e-05,0.9998184,8.480283e-05,5.1435516e-05,b
test_4277.jpg,1.2751896e-07,1.6373757e-07,0.99999917,5.0434727e-07,c
test_4278.jpg,2.2603208e-06,9.422419e-07,5.714986e-07,0.9999962,d
test_4279.jpg,2.2603151e-06,2.5612726e-06,1.5534905e-06,0.9999937,d
test_4280.jpg,1.3006941e-05,2.902241e-06,0.9999726,1.1478585e-05,c
test_4281.jpg,0.9998234,0.000123388,4.5391913e-05,7.887931e-06,a
test_4282.jpg,1.9750378e-07,0.9999919,6.1441624e-06,1.760332e-06,b
test_4283.jpg,0.00015840745,0.00012336785,5.8274843e-05,0.99966,d
test_4284.jpg,3.256294e-07,0.99999404,1.994722e-06,3.726631e-06,b
test_4285.jpg,1.4737554e-05,0.9998884,4.5394867e-05,5.143912e-05,b
test_4286.jpg,0.99998987,4.2228085e-06,3.7266154e-06,2.2603065e-06,a
test_4287.jpg,0.999998,6.4759394e-07,4.450843e-07,9.4224356e-07,a
test_4288.jpg,0.9999924,2.5612692e-06,3.288735e-06,1.7603329e-06,a
test_4289.jpg,0.99610436,0.0011663182,0.0024690959,0.00026024078,a
test_4290.jpg,6.9621838e-06,1.5534732e-06,0.9999826,8.939621e-06,c
test_4291.jpg,2.1024286e-07,0.9999975,7.338197e-07,1.5534964e-06,b
test_4292.jpg,0.99762267,0.001499865,7.467389e-05,0.0008028199,a
test_4293.jpg,3.7266052e-06,3.7266052e-06,5.422178e-06,0.9999871,d
test_4294.jpg,1.0676615e-06,0.9999602,3.288629e-06,3.5356094e-05,b
test_4295.jpg,2.5612733e-06,2.2603158e-06,1.2098598e-06,0.9999939,d
test_4296.jpg,0.99450976,0.004605494,0.00070627534,0.00017857437,a
test_4297.jpg,0.90190756,0.095060356,0.0025332728,0.000498831,a
test_4298.jpg,5.368736e-07,0.9999968,1.2098633e-06,1.3709547e-06,b
test_4299.jpg,7.338198e-07,1.7429747e-07,0.9999976,1.5534965e-06,c
test_4300.jpg,1.209863e-06,6.893591e-07,1.5534949e-06,0.99999654,d
test_4301.jpg,1.0676931e-06,6.9622333e-06,2.2603062e-06,0.99998975,d
test_4302.jpg,0.010973407,0.9877945,0.00033136815,0.000900752,b
test_4303.jpg,0.37377277,0.47993374,0.008790293,0.13750331,b
test_4304.jpg,6.599863e-05,0.00037979594,0.00043036515,0.9991239,d
test_4305.jpg,1.6701235e-05,6.9621105e-06,4.2227334e-06,0.9999721,d
test_4306.jpg,5.0434636e-07,3.9278532e-07,0.9999974,1.7603417e-06,c
test_4307.jpg,1.1478558e-05,1.4738759e-05,3.5007624e-06,0.9999702,d
test_4308.jpg,3.7265768e-06,1.4738896e-05,1.9946929e-06,0.9999795,d
test_4309.jpg,3.9669335e-06,8.939623e-06,4.222779e-06,0.99998283,d
test_4310.jpg,0.22010039,0.7682258,0.008534218,0.0031395634,b
test_4311.jpg,2.1444517e-05,5.4220227e-06,1.4738585e-05,0.9999584,d
test_4312.jpg,1.0129624e-05,3.535586e-05,7.8111276e-07,0.9999536,d
test_4313.jpg,0.9719507,0.004501025,0.0006902545,0.02285809,a
test_4314.jpg,3.1201595e-05,2.260236e-06,0.99995863,7.888998e-06,c
test_4315.jpg,0.0019253382,0.000429601,0.0002952602,0.99734986,d
test_4316.jpg,0.00013979535,5.1427833e-05,0.00013979535,0.99966896,d
test_4317.jpg,0.0007032483,0.9902473,0.0075606313,0.0014887766,b
test_4318.jpg,0.9999975,1.0030126e-06,7.8114704e-07,6.475936e-07,a
test_4319.jpg,9.4224157e-07,6.475925e-07,0.9999958,2.561278e-06,c
test_4320.jpg,0.99987864,2.753311e-05,8.4807936e-05,8.938691e-06,a
test_4321.jpg,0.73460585,0.0020633568,0.09941809,0.16391273,a
test_4322.jpg,0.004604196,0.001027335,0.00013903467,0.99422944,d
test_4323.jpg,0.644449,0.3449487,0.0014097265,0.009192571,a
test_4324.jpg,1.0128784e-05,0.9998708,1.0128784e-05,0.0001088947,b
test_4325.jpg,1.9947277e-06,7.3381926e-07,4.181176e-07,0.9999969,d
test_4326.jpg,0.00022939796,0.000202443,0.004607582,0.99496055,d
test_4327.jpg,1.9947202e-06,5.0434426e-07,0.9999932,4.2228226e-06,c
test_4328.jpg,7.483138e-05,0.9997267,0.00017951113,1.8920335e-05,b
test_4329.jpg,0.9999794,8.939592e-06,6.962161e-06,4.785019e-06,a
test_4330.jpg,6.4759456e-07,3.0590198e-07,0.9999989,1.6373754e-07,c
test_4331.jpg,0.9995327,0.00033530584,6.6025634e-05,6.6025634e-05,a
test_4332.jpg,1.0676969e-06,3.2887378e-06,0.9999933,2.2603144e-06,c
test_4333.jpg,0.0006248789,0.9970517,0.0016985972,0.0006248789,b
test_4334.jpg,0.67870605,0.00048199965,0.32059807,0.00021388606,a
test_4335.jpg,1.275189e-07,5.715001e-07,5.0434704e-07,0.9999988,d
test_4336.jpg,0.9994267,0.00010884634,0.00020335172,0.00026110877,a
test_4337.jpg,1.892424e-05,3.1200798e-05,0.9999331,1.6700584e-05,c
test_4338.jpg,3.726608e-06,2.260302e-06,0.99998784,6.144138e-06,c
test_4339.jpg,8.31521e-07,5.714955e-07,0.9999907,7.889251e-06,c
test_4340.jpg,3.7266288e-06,2.2603147e-06,5.3687177e-07,0.99999344,d
test_4341.jpg,0.5811668,0.3994297,0.003915871,0.01548757,a
test_4342.jpg,0.9998103,5.8283604e-05,9.609342e-05,3.5350793e-05,a
test_4343.jpg,0.002790502,0.00013893092,0.9934875,0.0035830755,c
test_4344.jpg,0.95427793,0.0072860015,0.0014346988,0.03700137,a
test_4345.jpg,6.9620883e-06,2.1444741e-05,2.726393e-06,0.9999689,d
test_4346.jpg,8.9395635e-06,6.9621387e-06,0.99997616,7.889136e-06,c
test_4347.jpg,2.5612721e-06,3.726629e-06,2.2380149e-07,0.99999356,d
test_4348.jpg,0.00020338512,6.6029475e-05,0.00013978442,0.9995908,d
test_4349.jpg,0.7976561,0.20167905,0.0005664749,9.8438584e-05,a
test_4350.jpg,0.9852305,0.014053558,0.0002916723,0.00042438068,a
test_4351.jpg,4.450843e-07,1.2098646e-06,0.999998,3.4663205e-07,c
test_4352.jpg,3.2563037e-07,0.999997,8.315262e-07,1.7603411e-06,b
test_4353.jpg,1.8924764e-05,0.9999608,1.01296955e-05,1.01296955e-05,b
test_4354.jpg,0.0001584237,5.143265e-05,0.9997626,2.7529913e-05,c
test_4355.jpg,0.00037577553,9.501093e-05,0.98854744,0.010981771,c
test_4356.jpg,2.9022915e-06,2.9022915e-06,0.99999,4.222809e-06,c
test_4357.jpg,8.233224e-08,0.999997,1.0677009e-06,1.7603411e-06,b
test_4358.jpg,1.1478685e-05,5.422147e-06,1.8738439e-06,0.9999813,d
test_4359.jpg,0.99999607,9.422418e-07,1.7603394e-06,1.2098624e-06,a
test_4360.jpg,0.0021307836,0.59080726,0.001006511,0.4060555,b
test_4361.jpg,3.119069e-05,2.4291332e-05,0.9996092,0.0003353315,c
test_4362.jpg,0.00048737793,0.00043010947,0.99853027,0.0005522715,c
test_4363.jpg,2.3823614e-07,1.209863e-06,1.994727e-06,0.99999654,d
test_4364.jpg,1.2098603e-06,0.9999944,2.5612744e-06,1.7603364e-06,b
test_4365.jpg,0.99987495,7.484248e-05,3.1198986e-05,1.892314e-05,a
test_4366.jpg,0.99999344,1.7603347e-06,2.2603147e-06,2.561272e-06,a
test_4367.jpg,1.3709499e-06,4.1811612e-07,0.9999933,4.785086e-06,c
test_4368.jpg,6.144121e-06,5.4221673e-06,0.9999851,3.2887108e-06,c
test_4369.jpg,0.0045862324,0.87398124,0.11828049,0.0031520685,b
test_4370.jpg,6.4759394e-07,9.4224356e-07,3.6898788e-07,0.999998,d
test_4371.jpg,0.9999976,4.181179e-07,1.2098643e-06,7.338198e-07,a
test_4372.jpg,2.102423e-07,0.9999949,3.726634e-06,1.2098609e-06,b
test_4373.jpg,0.99436426,0.00037798667,0.0027929647,0.0024647827,a
test_4374.jpg,1.0129692e-05,2.7535361e-05,1.8738048e-06,0.9999604,d
test_4375.jpg,0.6214985,0.0011997744,0.00034374112,0.37695792,a
test_4376.jpg,0.000552643,0.0001794169,6.600379e-05,0.99920195,d
test_4377.jpg,1.4738425e-05,1.0129562e-05,2.7535007e-05,0.99994755,d
test_4378.jpg,0.9985348,0.0010317836,0.00023022204,0.00020317025,a
test_4379.jpg,0.9999548,1.4738533e-05,1.8924651e-05,1.1478382e-05,a
test_4380.jpg,5.1430074e-05,5.42069e-06,0.9997125,0.00023049359,c
test_4381.jpg,1.0129641e-05,2.7535223e-05,0.9999554,6.961994e-06,c
test_4382.jpg,0.9997719,2.4295286e-05,0.00015842517,4.5389574e-05,a
test_4383.jpg,0.9999862,2.5612533e-06,3.2887144e-06,7.889215e-06,a
test_4384.jpg,0.0008022055,0.00015796363,0.9968592,0.0021806206,c
test_4385.jpg,0.9999672,2.7535549e-05,1.8738175e-06,3.2886521e-06,a
test_4386.jpg,2.1444552e-05,1.473861e-05,3.7265042e-06,0.99996006,d
test_4387.jpg,0.99997413,7.889121e-06,1.0129831e-05,7.889121e-06,a
test_4388.jpg,0.99988866,4.0060833e-05,5.8288173e-05,1.300585e-05,a
test_4389.jpg,1.7603359e-06,5.0434465e-07,0.99999404,3.726631e-06,c
test_4390.jpg,1.3006913e-05,1.8738235e-06,0.99997044,1.4738763e-05,c
test_4391.jpg,0.00279542,0.00080090115,0.9952383,0.0011653042,c
test_4392.jpg,0.9989208,0.0008038645,0.00017936641,9.600793e-05,a
test_4393.jpg,2.3823605e-07,0.9999962,1.3709539e-06,2.2603208e-06,b
test_4394.jpg,2.2380223e-07,0.9999969,1.0677007e-06,1.7603409e-06,b
test_4395.jpg,1.5381708e-07,0.9999982,8.3152725e-07,8.3152725e-07,b
test_4396.jpg,0.99933404,0.00023040632,0.0001397485,0.0002958476,a
test_4397.jpg,0.9999938,2.2603153e-06,1.3709506e-06,2.5612728e-06,a
test_4398.jpg,0.9999888,6.1441438e-06,1.2878825e-06,3.7266113e-06,a
test_4399.jpg,0.9994597,0.0004305098,9.6059724e-05,1.3838715e-05,a
test_4400.jpg,0.9999429,1.4738357e-05,1.4738357e-05,2.753488e-05,a
test_4401.jpg,0.00020340308,6.60353e-05,0.9996791,5.1428353e-05,c
test_4402.jpg,1.9750487e-07,0.9999974,1.7603417e-06,7.338196e-07,b
test_4403.jpg,0.000430042,0.00070901937,0.9983736,0.00048730147,c
test_4404.jpg,0.00093355885,0.09522559,0.0003655869,0.9034753,d
test_4405.jpg,0.9948002,0.0003337183,0.004065521,0.0008005486,a
test_4406.jpg,7.484366e-05,0.9998907,1.3005876e-05,2.1443064e-05,b
test_4407.jpg,1.994722e-06,2.260316e-06,1.7603359e-06,0.99999404,d
test_4408.jpg,0.00071777485,0.10652723,0.8919416,0.0008133454,c
test_4409.jpg,1.4593171e-06,0.99995804,1.3006752e-05,2.7535296e-05,b
test_4410.jpg,0.9998555,2.429732e-05,3.5352394e-05,8.480598e-05,a
test_4411.jpg,6.962141e-06,3.5007845e-06,1.3006992e-05,0.9999765,d
test_4412.jpg,0.999972,3.2886678e-06,2.1444808e-05,3.2886678e-06,a
test_4413.jpg,0.021746749,0.05216774,0.001390223,0.92469525,d
test_4414.jpg,0.00048740502,0.00012323528,0.9985858,0.00080359494,c
test_4415.jpg,4.538016e-05,1.0125681e-05,0.99956447,0.00037996343,c
test_4416.jpg,4.4508383e-07,1.197927e-07,0.9999969,2.5612808e-06,c
test_4417.jpg,2.1024326e-07,1.1253511e-07,0.9999994,2.536018e-07,c
test_4418.jpg,1.2098592e-06,5.71497e-07,0.99999344,4.7850863e-06,c
test_4419.jpg,3.2885732e-06,5.1441944e-05,1.9946206e-06,0.99994326,d
test_4420.jpg,1.4738921e-05,2.5612405e-06,1.5534711e-06,0.99998116,d
test_4421.jpg,0.0008873103,0.025931008,0.9730539,0.00012782917,c
test_4422.jpg,4.5396035e-05,2.1443568e-05,1.8923882e-05,0.99991417,d
test_4423.jpg,3.059021e-07,2.6995764e-07,1.1979299e-07,0.9999993,d
test_4424.jpg,4.450846e-07,6.4759433e-07,3.9278578e-07,0.99999857,d
test_4425.jpg,0.14450583,0.0043636984,0.01955674,0.8315737,d
test_4426.jpg,2.4299805e-05,1.6700997e-05,1.2098161e-06,0.9999578,d
test_4427.jpg,0.022918534,0.0024155958,0.0001450678,0.9745208,d
test_4428.jpg,2.5360126e-07,0.99999726,7.3381955e-07,1.7603415e-06,b
test_4429.jpg,2.9021867e-06,7.888961e-06,3.535587e-05,0.99995387,d
test_4430.jpg,7.811475e-07,7.338201e-07,4.4508437e-07,0.9999981,d
test_4431.jpg,1.0571685e-07,0.99999845,5.043469e-07,9.42244e-07,b
test_4432.jpg,0.0066883937,0.9926456,0.00033299552,0.00033299552,b
test_4433.jpg,0.006124232,0.90891665,0.084542416,0.00041675923,b
test_4434.jpg,1.067702e-06,2.3823651e-07,0.9999981,6.47594e-07,c
test_4435.jpg,4.006197e-05,2.144363e-05,2.144363e-05,0.99991703,d
test_4436.jpg,0.004725654,0.61893857,0.0009305365,0.37540522,b
test_4437.jpg,8.3152537e-07,6.475926e-07,0.99999595,2.5612783e-06,c
test_4438.jpg,0.9980835,0.0011686356,0.00048715982,0.00026075784,a
test_4439.jpg,6.475864e-07,0.9999863,2.9022808e-06,1.0129954e-05,b
test_4440.jpg,0.9802833,0.017954515,0.0011477937,0.0006143697,a
test_4441.jpg,5.422141e-06,2.902263e-06,0.9999802,1.1478673e-05,c
test_4442.jpg,0.008570431,0.99060714,0.0006208399,0.00020155722,b
test_4443.jpg,1.3005845e-05,2.5610027e-06,0.9998883,9.610092e-05,c
test_4444.jpg,0.075715505,0.0015714252,0.92240363,0.00030943195,c
test_4445.jpg,8.3152497e-07,1.9947247e-06,0.99999547,1.7603384e-06,c
test_4446.jpg,0.9940042,0.00090641447,0.0010271021,0.004062268,a
test_4447.jpg,7.467655e-05,0.99765825,0.0021823687,8.461961e-05,b
test_4448.jpg,6.144126e-06,2.5612528e-06,5.422172e-06,0.99998593,d
test_4449.jpg,0.99998045,7.88917e-06,6.9621688e-06,4.785024e-06,a
test_4450.jpg,4.538016e-05,1.0125681e-05,0.99956447,0.00037996343,c
test_4451.jpg,0.9852691,0.0010180762,0.0027674185,0.010945352,a
test_4452.jpg,1.2098616e-06,8.851536e-07,2.561277e-06,0.99999535,d
test_4453.jpg,0.002775787,0.008550025,0.00042568066,0.98824847,d
test_4454.jpg,0.99967206,8.4790416e-05,0.00015840936,8.4790416e-05,a
test_4455.jpg,0.054594066,0.7536478,0.00120614,0.19055201,b
test_4456.jpg,0.00048773305,9.604033e-05,0.00015834373,0.99925786,d
test_4457.jpg,0.001465436,0.022923276,0.00088883186,0.9747225,d
test_4458.jpg,0.7235491,0.18294187,0.086415626,0.0070934263,a
test_4459.jpg,0.99998116,6.144097e-06,8.939608e-06,3.726583e-06,a
test_4460.jpg,0.010604623,0.025439166,0.95459765,0.009358547,c
test_4461.jpg,1.0676997e-06,1.9947256e-06,9.422417e-07,0.99999595,d
test_4462.jpg,5.7149987e-07,5.7149987e-07,3.4663222e-07,0.99999845,d
test_4463.jpg,5.4221855e-06,1.9947108e-06,0.99998844,4.2228025e-06,c
test_4464.jpg,0.99450713,0.0001785739,9.5583724e-05,0.0052186945,a
test_4465.jpg,0.00033529152,5.141862e-05,0.9994899,0.00012334685,c
test_4466.jpg,0.0001584006,0.0002033904,2.143719e-05,0.99961674,d
test_4467.jpg,3.0590178e-07,3.2563077e-07,1.0677021e-06,0.9999982,d
test_4468.jpg,6.4759394e-07,7.3382006e-07,6.4759394e-07,0.999998,d
test_4469.jpg,0.9999927,1.3709491e-06,4.7378734e-07,5.4222087e-06,a
test_4470.jpg,0.99996567,1.4738693e-05,1.4738693e-05,4.7849535e-06,a
test_4471.jpg,0.00047000102,0.3770884,0.62171364,0.0007279518,c
test_4472.jpg,5.143834e-05,0.99987316,3.5353016e-05,4.006021e-05,b
test_4473.jpg,1.760335e-06,1.760335e-06,2.902302e-06,0.99999356,d
test_4474.jpg,6.69696e-05,0.047417123,0.000117535295,0.9523984,d
test_4475.jpg,0.00023045488,0.00017947845,0.9995447,4.537926e-05,c
test_4476.jpg,0.00020277253,4.5244666e-05,0.99658006,0.003171896,c
test_4477.jpg,3.1200416e-05,7.8887e-06,0.99992085,4.006212e-05,c
test_4478.jpg,0.000704915,0.9925942,0.001492305,0.005208656,b
test_4479.jpg,0.99972457,0.00012337581,1.221586e-05,0.00013980312,a
test_4480.jpg,4.5394634e-05,4.006062e-05,0.9998833,3.1199244e-05,c
test_4481.jpg,0.002759467,0.0123670725,0.002435221,0.98243827,d
test_4482.jpg,2.9023001e-06,8.3152287e-07,0.99999297,3.2887367e-06,c
test_4483.jpg,4.2226243e-06,4.2226243e-06,0.99994624,4.539749e-05,c
test_4484.jpg,0.99926025,4.8292226e-05,0.0004304239,0.0002610653,a
test_4485.jpg,0.006687964,0.0006220775,0.000108100874,0.99258184,d
test_4486.jpg,5.8267513e-05,0.0003799519,0.99953425,2.7523625e-05,c
test_4487.jpg,0.99998355,3.2887058e-06,4.2227816e-06,8.939629e-06,a
test_4488.jpg,0.99999106,3.2887306e-06,4.2228135e-06,1.4593653e-06,a
test_4489.jpg,1.473772e-05,4.539538e-05,4.0061277e-05,0.99989974,d
test_4490.jpg,0.0073431074,0.7490173,0.029042551,0.21459706,b
test_4491.jpg,8.3152577e-07,9.4224214e-07,0.9999964,1.7603401e-06,c
test_4492.jpg,3.535148e-05,1.1476945e-05,0.99982965,0.00012338879,c
test_4493.jpg,8.851364e-07,0.9999759,1.3006985e-05,1.0129849e-05,b
test_4494.jpg,2.2603158e-06,9.4223975e-07,0.9999939,2.9023029e-06,c
test_4495.jpg,0.00037963782,0.00070925674,0.00020320546,0.9987079,d
test_4496.jpg,0.99997294,1.4738799e-05,5.4221014e-06,6.9621165e-06,a
test_4497.jpg,0.99599934,0.0009082338,0.0027975573,0.00029486037,a
test_4498.jpg,2.429952e-05,1.30065955e-05,0.999946,1.6700798e-05,c
test_4499.jpg,0.7167233,0.019100029,0.232686,0.031490628,a
test_4500.jpg,0.9999776,1.0129866e-05,5.422127e-06,6.9621487e-06,a
test_4501.jpg,9.422393e-07,0.99999344,8.3152327e-07,4.7850863e-06,b
test_4502.jpg,1.2751862e-07,0.99999654,8.315258e-07,2.5612799e-06,b
test_4503.jpg,0.9999919,3.2887333e-06,2.561268e-06,2.260311e-06,a
test_4504.jpg,1.5381693e-07,0.99999726,1.0677011e-06,1.5534961e-06,b
test_4505.jpg,8.939509e-06,1.4738757e-05,6.1440287e-06,0.9999701,d
test_4506.jpg,4.7850594e-06,6.96222e-06,5.0434153e-07,0.99998784,d
test_4507.jpg,0.9996797,6.603535e-05,7.482786e-05,0.00017950268,a
test_4508.jpg,3.7266109e-06,6.893537e-07,0.9999887,6.962226e-06,c
test_4509.jpg,0.9984084,0.00010873543,0.0013246686,0.0001582091,a
test_4510.jpg,1.3709248e-06,0.99997497,1.8925033e-05,4.784998e-06,b
test_4511.jpg,0.99993205,8.939169e-06,4.0062572e-05,1.892422e-05,a
test_4512.jpg,0.9962447,0.0014977934,0.0019232049,0.0003342029,a
test_4513.jpg,4.784999e-06,1.6701286e-05,3.2886783e-06,0.9999752,d
test_4514.jpg,0.99999595,9.422417e-07,1.0676997e-06,1.9947256e-06,a
test_4515.jpg,2.4297573e-05,0.9998659,5.8286845e-05,5.1437964e-05,b
test_4516.jpg,1.1365465e-06,0.99998367,8.93963e-06,6.144112e-06,b
test_4517.jpg,1.0676988e-06,3.2887438e-06,4.4508303e-07,0.9999951,d
test_4518.jpg,0.00015802507,0.0024719283,0.00012307004,0.997247,d
test_4519.jpg,0.99493223,0.00062355056,0.0040660608,0.00037820256,a
test_4520.jpg,0.0007093335,0.00033506544,0.998816,0.00013967606,c
test_4521.jpg,7.8892235e-06,3.288718e-06,1.5534805e-06,0.99998724,d
test_4522.jpg,4.7847457e-06,0.9999223,2.1443742e-05,5.1440864e-05,b
test_4523.jpg,0.98425055,0.012389886,0.00022692866,0.003132654,a
test_4524.jpg,0.9798749,0.0040045246,0.013977164,0.0021434675,a
test_4525.jpg,0.10555986,0.0019333963,0.8838419,0.008664882,c
test_4526.jpg,5.816105e-05,5.1326948e-05,0.0021824774,0.99770796,d
test_4527.jpg,9.609187e-05,5.8282665e-05,5.1434272e-05,0.9997942,d
test_4528.jpg,3.2887203e-06,1.7603252e-06,0.99998796,6.962221e-06,c
test_4529.jpg,0.006690414,0.0003330961,3.0982766e-05,0.9929455,d
test_4530.jpg,0.0040266784,0.0096595,0.9852958,0.0010181038,c
test_4531.jpg,0.9998895,1.6699854e-05,7.484356e-05,1.8923414e-05,a
test_4532.jpg,9.4224356e-07,1.8553878e-07,0.999998,9.4224356e-07,c
test_4533.jpg,1.3709468e-06,1.3709468e-06,0.99999106,6.1441574e-06,c
test_4534.jpg,0.00071677315,0.10637857,0.0022078168,0.8906969,d
test_4535.jpg,0.9994349,0.0002033534,0.0002033534,0.00015837178,a
test_4536.jpg,4.7849376e-06,0.99996233,1.1478468e-05,2.14446e-05,b
test_4537.jpg,1.2098633e-06,1.0677006e-06,8.8515486e-07,0.9999968,d
test_4538.jpg,0.00023048765,3.1193114e-05,5.142875e-05,0.99968684,d
test_4539.jpg,0.21494924,0.45504752,0.115054026,0.21494924,b
test_4540.jpg,0.0019263283,0.0002030335,7.872463e-06,0.99786276,d
test_4541.jpg,1.7429716e-07,0.9999958,1.7603389e-06,2.2603201e-06,b
test_4542.jpg,2.753431e-05,1.0129305e-05,4.006218e-05,0.9999223,d
test_4543.jpg,0.0027977459,0.0003341431,0.9960665,0.00080156757,c
test_4544.jpg,0.99999726,1.0677011e-06,1.0677011e-06,6.475935e-07,a
test_4545.jpg,0.08708123,0.00066487334,0.34441295,0.56784093,d
test_4546.jpg,0.0021780839,0.9956995,0.0008012723,0.0013210746,b
test_4547.jpg,1.0129028e-05,0.99989486,1.0129028e-05,8.480931e-05,b
test_4548.jpg,0.9999975,1.5534964e-06,2.3823637e-07,7.338197e-07,a
test_4549.jpg,0.00079794053,7.9006815e-05,0.4683795,0.5307435,d
test_4550.jpg,1.147816e-05,1.3006459e-05,0.9999355,4.006271e-05,c
test_4551.jpg,7.889201e-06,1.7603186e-06,0.99998426,6.1441156e-06,c
test_4552.jpg,4.2228166e-06,1.9947174e-06,1.9947174e-06,0.9999918,d
test_4553.jpg,0.37897238,0.295144,0.12303431,0.2028493,a
test_4554.jpg,0.003558029,0.00022745717,0.9865428,0.009671726,c
test_4555.jpg,0.99999404,1.994722e-06,1.0676977e-06,2.9023033e-06,a
test_4556.jpg,0.99998534,4.2227894e-06,7.889209e-06,2.5612512e-06,a
test_4557.jpg,0.015344962,0.0012595911,0.14558893,0.8378065,d
test_4558.jpg,0.99753666,0.00020296716,0.00033463628,0.0019256988,a
test_4559.jpg,0.0030619737,0.7492403,0.2432427,0.0044551454,b
test_4560.jpg,2.9022892e-06,1.0676924e-06,0.99998915,6.9622292e-06,c
test_4561.jpg,4.222805e-06,0.99998903,2.5612605e-06,4.222805e-06,b
test_4562.jpg,0.9999976,7.338198e-07,2.6995718e-07,1.4593749e-06,a
test_4563.jpg,1.0676999e-06,4.4508351e-07,0.9999962,2.2603208e-06,c
test_4564.jpg,0.999995,1.5534926e-06,1.9947238e-06,1.3709523e-06,a
test_4565.jpg,2.1024319e-07,6.475946e-07,1.357432e-07,0.99999905,d
test_4566.jpg,0.9999951,1.3709524e-06,1.5534927e-06,1.994724e-06,a
test_4567.jpg,0.9999752,1.3006975e-05,8.939554e-06,2.9022488e-06,a
test_4568.jpg,0.00010884994,0.0003352814,9.605973e-05,0.9994598,d
test_4569.jpg,2.2602867e-06,0.99998105,1.8738434e-06,1.4738919e-05,b
test_4570.jpg,9.422409e-07,1.0676988e-06,0.9999951,2.9023065e-06,c
test_4571.jpg,0.00013932574,0.0031710393,0.9963109,0.00037872663,c
test_4572.jpg,8.851487e-07,1.3709453e-06,0.99998987,7.889244e-06,c
test_4573.jpg,0.0024718174,0.00012306453,0.9972023,0.00020289911,c
test_4574.jpg,8.481059e-05,4.2224706e-06,1.1364626e-06,0.9999099,d
test_4575.jpg,6.4759377e-07,3.256306e-07,0.99999774,1.370956e-06,c
test_4576.jpg,0.9998952,2.7533566e-05,5.8288555e-05,1.8923523e-05,a
test_4577.jpg,2.536014e-07,0.99999785,8.3152696e-07,1.0677018e-06,b
test_4578.jpg,0.99999475,2.5612753e-06,1.0030099e-06,1.7603371e-06,a
test_4579.jpg,0.00037877707,0.0007076487,0.99644357,0.0024699369,c
test_4580.jpg,6.962196e-06,2.5612487e-06,0.9999844,6.1441165e-06,c
test_4581.jpg,0.00029562667,0.0010318385,8.4698455e-05,0.99858785,d
test_4582.jpg,5.1391955e-05,0.0009109442,0.9989716,6.598857e-05,c
test_4583.jpg,0.00020326003,1.66846e-05,0.9989761,0.00080390903,c
test_4584.jpg,3.9278547e-07,1.370956e-06,3.9278547e-07,0.99999774,d
test_4585.jpg,7.8875255e-06,0.999772,0.00020342198,1.6697893e-05,b
test_4586.jpg,6.1418023e-06,0.00037997984,6.1418023e-06,0.99960774,d
test_4587.jpg,3.0590195e-07,2.3823668e-07,0.9999988,6.4759445e-07,c
test_4588.jpg,0.2225805,0.00037919258,0.7768823,0.00015807098,c
test_4589.jpg,0.028686868,0.0016184024,0.019716175,0.94997853,d
test_4590.jpg,0.9996697,0.00017950089,2.7527354e-05,0.00012336904,a
test_4591.jpg,0.00033446724,0.0019247261,0.99703276,0.00070806715,c
test_4592.jpg,0.9946977,0.0011646713,0.00055015174,0.0035874401,a
test_4593.jpg,0.0031695988,0.0004860737,0.0004860737,0.99585825,d
test_4594.jpg,0.9999088,5.8289348e-05,2.1443453e-05,1.1477853e-05,a
test_4595.jpg,0.999729,6.603861e-05,0.000108879256,9.6085605e-05,a
test_4596.jpg,3.9278243e-07,0.99999,1.7603287e-06,7.889245e-06,b
test_4597.jpg,0.0006236955,0.99516344,0.0006236955,0.00358912,b
test_4598.jpg,1.30059925e-05,2.5610316e-06,0.9998996,8.480972e-05,c
test_4599.jpg,1.0030121e-06,1.5534956e-06,4.7378936e-07,0.999997,d
test_4600.jpg,0.99990666,4.5395693e-05,1.6700142e-05,3.1199972e-05,a
test_4601.jpg,3.2563102e-07,4.181185e-07,1.6373755e-07,0.99999905,d
test_4602.jpg,0.00026118234,2.4293744e-05,6.1424207e-06,0.99970835,d
test_4603.jpg,0.00020339437,0.000108869164,5.1426152e-05,0.9996363,d
test_4604.jpg,0.9999864,2.9022813e-06,6.96221e-06,3.7266025e-06,a
test_4605.jpg,0.011511787,0.18007466,0.8070386,0.0013748871,c
test_4606.jpg,0.23994598,0.44827807,0.100024365,0.21175158,b
test_4607.jpg,6.475936e-07,9.4224316e-07,0.9999975,9.4224316e-07,c
test_4608.jpg,1.1979286e-07,3.0590178e-07,0.9999982,1.3709566e-06,c
test_4609.jpg,1.7603379e-06,1.3709525e-06,0.99999523,1.5534929e-06,c
test_4610.jpg,5.04347e-07,3.6898814e-07,4.4508462e-07,0.9999987,d
test_4611.jpg,0.0008232672,0.0011978467,0.09515675,0.90282214,d
test_4612.jpg,7.7344104e-08,0.99999857,3.9278578e-07,9.422441e-07,b
test_4613.jpg,0.99850047,6.595745e-05,0.0013247909,0.00010874546,a
test_4614.jpg,0.4588087,0.017789943,0.51989836,0.0035030476,c
test_4615.jpg,0.99964094,4.538363e-05,1.7772487e-05,0.00029593846,a
test_4616.jpg,0.9993007,0.00037986317,0.00026107585,5.82539e-05,a
test_4617.jpg,1.357432e-07,2.2380272e-07,0.99999905,5.715002e-07,c
test_4618.jpg,0.9997501,5.1432005e-05,0.00015842172,4.005528e-05,a
test_4619.jpg,5.714968e-07,9.4223896e-07,5.422211e-06,0.9999931,d
test_4620.jpg,3.9278584e-07,3.9278584e-07,0.9999987,5.04347e-07,c
test_4621.jpg,3.7266304e-06,1.9947217e-06,3.2562934e-07,0.9999939,d
test_4622.jpg,0.9997863,0.00012338343,6.604239e-05,2.4295638e-05,a
test_4623.jpg,2.56126e-06,8.315194e-07,0.9999888,7.889236e-06,c
test_4624.jpg,0.9632898,0.0021071879,0.032961965,0.0016410798,a
test_4625.jpg,6.8935935e-07,2.2603224e-06,1.5381687e-07,0.9999969,d
test_4626.jpg,0.99996066,1.8924762e-05,3.7265065e-06,1.6701044e-05,a
test_4627.jpg,0.99052244,0.0014891903,0.006674088,0.0013142058,a
test_4628.jpg,4.737882e-07,0.9999945,8.315242e-07,4.222828e-06,b
test_4629.jpg,0.00042961058,0.0010305821,0.99737203,0.0011678026,c
test_4630.jpg,1.3574294e-07,0.999997,5.714991e-07,2.2603226e-06,b
test_4631.jpg,0.99999774,8.3152685e-07,5.7149947e-07,8.3152685e-07,a
test_4632.jpg,1.8553904e-07,2.1024326e-07,1.19793e-07,0.9999994,d
test_4633.jpg,4.2225784e-06,0.9999354,2.1232458e-06,5.8290898e-05,b
test_4634.jpg,1.3574261e-07,0.99999464,5.0434494e-07,4.785092e-06,b
test_4635.jpg,0.0001794673,0.99948263,0.0001794673,0.00015837935,b
test_4636.jpg,0.09489464,0.9003353,0.0041693803,0.0006006561,b
test_4637.jpg,2.3823588e-07,0.99999547,1.7603384e-06,2.5612771e-06,b
test_4638.jpg,0.0052734953,0.10592099,0.8868656,0.0019400107,c
test_4639.jpg,0.000324871,0.75421154,0.24485664,0.00060693896,b
test_4640.jpg,0.9998889,4.539489e-05,7.4105114e-06,5.8288188e-05,a
test_4641.jpg,0.9999975,1.1365622e-06,3.0590155e-07,1.0677013e-06,a
test_4642.jpg,0.9998995,1.3005991e-05,6.604987e-05,2.1443253e-05,a
test_4643.jpg,0.9999807,4.22277e-06,8.9396035e-06,6.1440937e-06,a
test_4644.jpg,0.98629993,0.0001295693,0.012415684,0.0011548385,a
test_4645.jpg,1.9947229e-06,1.2098606e-06,0.9999945,2.260317e-06,c
test_4646.jpg,0.69661933,0.29039416,0.011259803,0.0017267468,a
test_4647.jpg,1.14782715e-05,0.9999453,2.4299501e-05,1.8924471e-05,b
test_4648.jpg,0.9998375,3.5351757e-05,3.7260477e-06,0.00012338975,a
test_4649.jpg,4.7845674e-06,0.99988496,7.484323e-05,3.5353434e-05,b
test_4650.jpg,3.1200987e-05,2.429935e-05,5.421918e-06,0.9999391,d
test_4651.jpg,0.9806527,0.0003727745,0.0010133061,0.01796128,a
test_4652.jpg,0.7432475,0.003441919,0.012013477,0.24129714,a
test_4653.jpg,9.4223884e-07,0.99999297,3.2887367e-06,2.9023001e-06,b
test_4654.jpg,0.9999982,7.8114755e-07,2.6995735e-07,7.8114755e-07,a
test_4655.jpg,5.1393938e-05,0.9990101,0.0009109793,2.7509193e-05,b
test_4656.jpg,0.0018910714,0.013973232,0.97959924,0.004536445,c
test_4657.jpg,0.99959844,0.00015839768,0.00015839768,8.478417e-05,a
test_4658.jpg,1.1478636e-05,5.4221236e-06,6.144071e-06,0.999977,d
test_4659.jpg,3.1200216e-05,8.939011e-06,4.5396046e-05,0.9999144,d
test_4660.jpg,1.01296955e-05,1.01296955e-05,0.9999608,1.8924764e-05,c
test_4661.jpg,1.1478556e-05,3.7265418e-06,0.9999701,1.4738757e-05,c
test_4662.jpg,0.000910882,0.00015828756,0.9989034,2.7506254e-05,c
test_4663.jpg,0.0014737366,0.0003288351,0.98024356,0.017953789,c
test_4664.jpg,4.532891e-05,0.9984357,0.00048733174,0.0010316812,b
test_4665.jpg,6.144131e-06,0.99998677,2.9022822e-06,4.2227953e-06,b
test_4666.jpg,0.0005493513,0.0002940466,0.9932505,0.0059060827,c
test_4667.jpg,0.017969508,0.9811018,0.0004498578,0.00047887117,b
test_4668.jpg,1.0129219e-05,1.0129219e-05,0.9999137,6.605081e-05,c
test_4669.jpg,0.99996865,2.7535587e-05,2.1233163e-06,1.6536405e-06,a
test_4670.jpg,1.9947095e-06,0.99998784,4.7850594e-06,5.4221823e-06,b
test_4671.jpg,7.4698204e-05,0.9979475,5.1339273e-05,0.001926492,b
test_4672.jpg,3.7264608e-06,0.9999484,7.888917e-06,4.0063227e-05,b
test_4673.jpg,1.3005432e-05,6.9613066e-06,0.9998566,0.0001233921,c
test_4674.jpg,0.99903643,0.00070949004,0.00017938718,7.477971e-05,a
test_4675.jpg,0.0007906127,0.0058418815,0.98245347,0.010914072,c
test_4676.jpg,0.99869615,0.00033502522,5.8218655e-05,0.00091069296,a
test_4677.jpg,0.9989786,0.00010879753,0.000709449,0.00020326054,a
test_4678.jpg,3.1194315e-05,0.00023049653,1.3003724e-05,0.9997253,d
test_4679.jpg,1.3006138e-05,0.99991083,1.012919e-05,6.605062e-05,b
test_4680.jpg,1.3709438e-06,8.315194e-07,0.9999888,8.939676e-06,c
test_4681.jpg,4.222805e-06,1.994712e-06,0.99998903,4.7850654e-06,c
test_4682.jpg,0.9999974,7.338196e-07,3.6898766e-07,1.5534962e-06,a
test_4683.jpg,0.0021690067,0.0016892244,0.99154997,0.0045917877,c
test_4684.jpg,0.9997162,4.538705e-05,0.00023049444,7.887086e-06,a
test_4685.jpg,6.475925e-07,2.2603201e-06,0.9999958,1.3709534e-06,c
test_4686.jpg,0.032909784,0.0018566431,0.96176493,0.003468666,c
test_4687.jpg,0.99997056,1.892495e-05,8.9395135e-06,1.5534546e-06,a
test_4688.jpg,7.3382057e-07,4.4508462e-07,1.5381715e-07,0.9999987,d
test_4689.jpg,2.1442658e-05,0.99987173,1.0782045e-05,9.609933e-05,b
test_4690.jpg,0.9983058,0.0009103371,0.0006256649,0.00015819285,a
test_4691.jpg,2.428716e-05,0.9994374,0.00015837218,0.00037991512,b
test_4692.jpg,8.393714e-06,0.9994727,3.118643e-05,0.00048783788,b
test_4693.jpg,2.6995636e-07,0.9999945,1.5534918e-06,3.7266327e-06,b
test_4694.jpg,0.94496983,0.053311553,0.0002977959,0.0014207046,a
test_4695.jpg,0.9998191,7.4838295e-05,3.119724e-05,7.4838295e-05,a
test_4696.jpg,1.5381652e-07,0.9999945,4.222828e-06,1.0676982e-06,b
test_4697.jpg,0.00089412974,0.98053235,0.017959077,0.00061452575,b
test_4698.jpg,0.9985562,0.00062582176,0.000108751534,0.00070914906,a
test_4699.jpg,1.14778395e-05,6.143645e-06,0.9999076,7.4844924e-05,c
test_4700.jpg,0.9999753,1.9946847e-06,1.8925039e-05,3.7265613e-06,a
test_4701.jpg,0.99980503,8.480169e-05,3.5350608e-05,7.483724e-05,a
test_4702.jpg,1.5534927e-06,7.8114516e-07,0.9999951,2.5612762e-06,c
test_4703.jpg,4.004582e-05,6.6024404e-05,0.999514,0.00037994422,c
test_4704.jpg,9.422403e-07,0.9999945,1.2098606e-06,3.288742e-06,b
test_4705.jpg,5.315783e-08,2.699577e-07,1.4449796e-07,0.9999995,d
test_4706.jpg,1.0676983e-06,0.99999464,2.9023051e-06,1.3709517e-06,b
test_4707.jpg,0.9967102,0.002799554,0.00026039904,0.00022980136,a
test_4708.jpg,0.009670366,0.98640406,0.0011549604,0.0027706062,b
test_4709.jpg,0.99778134,0.0016998402,0.0003792856,0.00013953137,a
test_4710.jpg,1.3709506e-06,1.0676974e-06,0.9999938,3.72663e-06,c
test_4711.jpg,1.3004766e-05,0.9998054,0.00012338578,5.8283316e-05,b
test_4712.jpg,2.1233552e-06,1.9947076e-06,8.939659e-06,0.9999869,d
test_4713.jpg,0.9568671,0.04204181,0.00077002257,0.00032099316,a
test_4714.jpg,0.008548748,0.0024492573,0.9881009,0.00090103137,c
test_4715.jpg,0.0003352598,6.601657e-05,0.00020334535,0.9993954,d
test_4716.jpg,0.000115681476,0.99783224,0.0015001801,0.0005518854,b
test_4717.jpg,0.9944588,0.004064126,0.0013194284,0.00015758326,a
test_4718.jpg,8.939611e-06,5.422148e-06,4.222773e-06,0.9999815,d
test_4719.jpg,7.889212e-06,3.7266e-06,2.7264387e-06,0.9999857,d
test_4720.jpg,0.99642557,0.0016975305,0.0014980652,0.00037877023,a
test_4721.jpg,3.4662892e-07,5.368693e-07,1.0129981e-05,0.9999889,d
test_4722.jpg,2.9022694e-06,3.288702e-06,0.99998236,1.1478697e-05,c
test_4723.jpg,0.9998091,7.4837546e-05,8.4802035e-05,3.1196927e-05,a
test_4724.jpg,0.9999957,1.0676995e-06,2.902308e-06,3.2562994e-07,a
test_4725.jpg,3.2887176e-06,0.9999871,1.7603237e-06,7.889223e-06,b
test_4726.jpg,0.097213596,0.2332033,0.55942565,0.11015744,c
test_4727.jpg,1.01296955e-05,2.753537e-05,1.5534393e-06,0.9999608,d
test_4728.jpg,0.99998105,4.222771e-06,1.1478683e-05,3.2886976e-06,a
test_4729.jpg,4.539601e-05,0.9999136,1.6700258e-05,2.429873e-05,b
test_4730.jpg,0.9999982,4.7378992e-07,1.0677021e-06,2.6995735e-07,a
test_4731.jpg,9.4224e-07,2.9023035e-06,0.99999416,1.9947222e-06,c
test_4732.jpg,3.927859e-07,1.275189e-07,0.9999988,6.4759445e-07,c
test_4733.jpg,2.9023065e-06,8.315247e-07,1.2098612e-06,0.9999951,d
test_4734.jpg,0.010960023,0.0019045664,0.9865898,0.00054566737,c
test_4735.jpg,6.475925e-07,0.9999958,1.2098621e-06,2.2603201e-06,b
test_4736.jpg,1.8924473e-05,0.9999454,1.670079e-05,1.8924473e-05,b
test_4737.jpg,1.3709558e-06,6.475937e-07,4.181179e-07,0.9999976,d
test_4738.jpg,0.3467836,0.0009740437,0.004365361,0.64787704,d
test_4739.jpg,2.5609602e-06,0.99987173,1.6699558e-05,0.000108894805,b
test_4740.jpg,8.764224e-08,0.99999726,8.3152645e-07,1.7603415e-06,b
test_4741.jpg,1.1365566e-06,5.4222082e-06,9.422385e-07,0.9999926,d
test_4742.jpg,1.7429778e-07,2.3823682e-07,2.3823682e-07,0.9999994,d
test_4743.jpg,0.99984753,2.7532253e-05,8.48053e-05,4.0059185e-05,a
test_4744.jpg,1.0129718e-05,2.1444615e-05,5.4220477e-06,0.99996305,d
test_4745.jpg,0.00013923275,0.0035908602,0.0006239979,0.99564594,d
test_4746.jpg,0.003583454,0.99359244,0.0019180847,0.00090603903,b
test_4747.jpg,2.5612578e-06,6.962221e-06,0.99998796,2.5612578e-06,c
test_4748.jpg,0.00013974344,0.00048775252,0.99929774,7.4799274e-05,c
test_4749.jpg,2.7534028e-05,5.1440336e-05,8.93899e-06,0.999912,d
test_4750.jpg,1.7603339e-06,1.5534894e-06,3.726627e-06,0.99999297,d
test_4751.jpg,2.1024319e-07,7.2658096e-08,0.99999905,6.475946e-07,c
test_4752.jpg,0.9999516,1.3006668e-05,2.7535118e-05,7.8889425e-06,a
test_4753.jpg,1.6685539e-05,0.9990324,4.0026523e-05,0.0009109996,b
test_4754.jpg,5.828227e-05,5.828227e-05,9.6091215e-05,0.9997874,d
test_4755.jpg,0.99984837,1.1477159e-05,1.6699169e-05,0.00012339109,a
test_4756.jpg,1.8553907e-07,2.3823685e-07,6.023571e-08,0.9999995,d
test_4757.jpg,0.9994338,0.00020335318,2.752086e-05,0.0003352727,a
test_4758.jpg,0.020378277,0.10348943,0.009626017,0.86650634,d
test_4759.jpg,0.00015824602,0.0011692888,0.9986413,3.1160493e-05,c
test_4760.jpg,0.99993813,5.144168e-05,6.1438323e-06,4.22259e-06,a
test_4761.jpg,2.429823e-05,1.6699913e-05,0.99989295,6.604943e-05,c
test_4762.jpg,1.2098595e-06,2.873668e-07,0.9999937,4.7850876e-06,c
test_4763.jpg,0.99994516,3.1201176e-05,1.6700786e-05,6.9619227e-06,a
test_4764.jpg,0.99995303,1.1478361e-05,3.120142e-05,4.222653e-06,a
test_4765.jpg,5.7149913e-07,2.6995707e-07,0.99999714,1.994728e-06,c
test_4766.jpg,1.300629e-05,0.9999225,5.1440875e-05,1.300629e-05,b
test_4767.jpg,0.9999795,1.0129886e-05,6.962162e-06,3.500795e-06,a
test_4768.jpg,3.966883e-06,0.9999701,4.495067e-06,2.1444766e-05,b
test_4769.jpg,1.2098603e-06,4.2228276e-06,2.102422e-07,0.9999944,d
test_4770.jpg,9.602929e-05,0.00070956576,0.999143,5.1400773e-05,c
test_4771.jpg,2.7521504e-05,0.9994572,0.00043050872,8.477219e-05,b
test_4772.jpg,1.1478431e-05,1.4738595e-05,0.9999591,1.4738595e-05,c
test_4773.jpg,1.8923982e-05,0.9999194,1.0129276e-05,5.144072e-05,b
test_4774.jpg,4.2227935e-06,2.5612537e-06,0.9999863,6.962209e-06,c
test_4775.jpg,0.00037944,0.00010871138,0.9981875,0.0013243756,c
test_4776.jpg,0.9999187,3.120035e-05,1.8923967e-05,3.120035e-05,a
test_4777.jpg,2.4298064e-05,3.1199335e-05,5.8288028e-05,0.99988616,d
test_4778.jpg,1.2098507e-06,5.4221746e-06,0.9999864,6.96221e-06,c
test_4779.jpg,0.0030887134,0.01078067,0.97044486,0.01568578,c
test_4780.jpg,0.00029562766,0.0006258437,0.0004874076,0.9985911,d
test_4781.jpg,2.2602947e-06,4.222786e-06,0.9999846,8.939639e-06,c
test_4782.jpg,0.40018708,0.35316387,0.0039232965,0.24272574,a
test_4783.jpg,0.9999981,6.47594e-07,5.714997e-07,6.47594e-07,a
test_4784.jpg,0.001168703,0.00020309014,0.99814105,0.00048718794,c
test_4785.jpg,1.1253498e-07,0.9999982,5.7149975e-07,1.0677021e-06,b
test_4786.jpg,0.99871373,0.00015825749,0.0010319685,9.598803e-05,a
test_4787.jpg,6.9619477e-06,0.99994874,1.6700844e-05,2.753504e-05,b
test_4788.jpg,1.0129641e-05,0.9999554,1.0129641e-05,2.4299747e-05,b
test_4789.jpg,0.9975835,0.00026062722,0.0019257893,0.00023000271,a
test_4790.jpg,2.6729431e-08,0.9999994,1.8553904e-07,3.9278612e-07,b
test_4791.jpg,1.0676998e-06,1.7603394e-06,1.0676998e-06,0.99999607,d
test_4792.jpg,0.99994266,4.0062998e-05,1.14782415e-05,5.771622e-06,a
test_4793.jpg,1.8924884e-05,6.9620755e-06,0.9999671,6.9620755e-06,c
test_4794.jpg,0.98878396,0.010984398,5.4148546e-05,0.00017754624,a
test_4795.jpg,7.469645e-05,0.9979241,0.0019264468,7.469645e-05,b
test_4796.jpg,1.2751842e-07,0.999995,1.9947238e-06,2.902306e-06,b
test_4797.jpg,9.422401e-07,2.5612742e-06,0.9999943,2.2603165e-06,c
test_4798.jpg,0.119186275,0.000102099,3.756012e-05,0.88067406,d
test_4799.jpg,6.961786e-06,0.9999255,4.006231e-05,2.75344e-05,b
test_4800.jpg,0.0002611643,0.9996393,2.9301824e-05,7.0291426e-05,b
test_4801.jpg,6.9612474e-06,0.9998481,0.00012339106,2.1442153e-05,b
test_4802.jpg,5.4220827e-06,0.9999695,6.144025e-06,1.8924928e-05,b
test_4803.jpg,4.4508343e-07,0.99999595,1.3709536e-06,2.2603203e-06,b
test_4804.jpg,2.260249e-06,0.99996436,1.6701106e-05,1.6701106e-05,b
test_4805.jpg,0.00010883661,0.00012332803,0.00043045712,0.9993374,d
test_4806.jpg,1.0129871e-05,4.7850126e-06,0.99997807,6.962152e-06,c
test_4807.jpg,0.000678213,0.0023671961,0.041959558,0.9549951,d
test_4808.jpg,0.99996746,6.9620783e-06,1.6701157e-05,8.939485e-06,a
test_4809.jpg,4.2218944e-06,0.99977344,1.8921219e-05,0.00020342227,b
test_4810.jpg,5.7701577e-06,0.999689,7.482855e-05,0.00023048815,b
test_4811.jpg,1.4737336e-05,2.7261333e-06,0.99987364,0.000108895016,c
test_4812.jpg,2.8736767e-07,0.9999968,9.422425e-07,1.9947274e-06,b
test_4813.jpg,1.30070575e-05,2.902267e-06,2.5612414e-06,0.9999815,d
test_4814.jpg,0.9999292,3.5355e-05,7.888766e-06,2.7534501e-05,a
test_4815.jpg,0.0021759872,0.0021759872,0.99474096,0.00090708636,c
test_4816.jpg,0.9999908,2.5612653e-06,2.902294e-06,3.726619e-06,a
test_4817.jpg,4.7850053e-06,0.9999765,1.994687e-06,1.6701308e-05,b
test_4818.jpg,0.00855362,0.00033165983,0.9886641,0.0024506534,c
test_4819.jpg,0.99785197,0.0015002097,0.0005518963,9.59052e-05,a
test_4820.jpg,5.4215343e-06,0.9998683,5.1438084e-05,7.484198e-05,b
test_4821.jpg,0.99992895,4.5396704e-05,1.6700515e-05,8.9391415e-06,a
test_4822.jpg,5.7149975e-07,5.0434676e-07,7.3382023e-07,0.9999982,d
test_4823.jpg,4.4508383e-07,0.9999969,1.0677007e-06,1.5534955e-06,b
test_4824.jpg,2.7525213e-05,0.9995919,8.478361e-05,0.00029592394,b
test_4825.jpg,0.07104529,0.043091144,0.020354817,0.8655088,d
test_4826.jpg,6.597405e-05,0.0011694179,1.299106e-05,0.99875164,d
test_4827.jpg,0.99905735,0.00015831194,7.4781274e-05,0.00070950494,a
test_4828.jpg,0.0011399619,0.9735945,0.0074334852,0.017832005,b
test_4829.jpg,0.99999833,5.714998e-07,1.8553884e-07,8.3152736e-07,a
test_4830.jpg,1.8923278e-05,9.610033e-05,2.7261567e-06,0.9998822,d
test_4831.jpg,0.99999595,1.7603392e-06,1.0676997e-06,1.2098623e-06,a
test_4832.jpg,8.939259e-06,4.0062972e-05,0.99994206,8.939259e-06,c
test_4833.jpg,0.00037979783,0.9991289,0.00026103095,0.00023035902,b
test_4834.jpg,9.4224293e-07,1.2098639e-06,6.475935e-07,0.99999726,d
test_4835.jpg,0.00043031166,0.99899966,0.00043031166,0.00013970175,b
test_4836.jpg,0.00062609336,0.00026099454,0.0001232851,0.9989895,d
test_4837.jpg,1.8921744e-05,0.00013981384,4.005733e-05,0.9998012,d
test_4838.jpg,4.006265e-05,0.99993396,1.3006439e-05,1.3006439e-05,b
test_4839.jpg,1.3709508e-06,2.5612733e-06,2.2603158e-06,0.9999939,d
test_4840.jpg,4.7850467e-06,1.0676882e-06,0.9999852,8.939644e-06,c
test_4841.jpg,0.9999505,3.1201344e-05,1.4738469e-05,3.5006935e-06,a
test_4842.jpg,3.466303e-07,0.99999285,1.9947195e-06,4.7850835e-06,b
test_4843.jpg,0.0018875597,0.9777801,0.0045280205,0.015804343,b
test_4844.jpg,0.042849995,0.007446213,0.27941707,0.6702867,d
test_4845.jpg,5.71499e-07,2.3823623e-07,0.9999969,2.2603224e-06,c
test_4846.jpg,2.1442427e-05,2.1442427e-05,0.999861,9.6098294e-05,c
test_4847.jpg,1.4734774e-05,0.0002611801,0.99969983,2.4293535e-05,c
test_4848.jpg,9.422428e-07,1.3709551e-06,0.99999714,5.7149913e-07,c
test_4849.jpg,0.99999225,3.7266243e-06,1.9947183e-06,1.9947183e-06,a
test_4850.jpg,8.315258e-07,1.209863e-06,0.99999654,1.3709544e-06,c
test_4851.jpg,3.5353012e-05,0.99987304,1.669958e-05,7.484233e-05,b
test_4852.jpg,0.9999242,4.0062256e-05,2.4298988e-05,1.147803e-05,a
test_4853.jpg,0.99496174,0.0031667452,0.0011649803,0.00070659636,a
test_4854.jpg,1.4738344e-05,0.99994206,1.892441e-05,2.4299423e-05,b
test_4855.jpg,1.5534929e-06,1.2098614e-06,1.9947242e-06,0.99999523,d
test_4856.jpg,2.902285e-06,1.5534812e-06,0.9999877,7.889227e-06,c
test_4857.jpg,2.7534643e-05,3.1200838e-05,6.9618472e-06,0.9999343,d
test_4858.jpg,0.9999423,1.6700737e-05,2.4299428e-05,1.6700737e-05,a
test_4859.jpg,0.99999857,5.368745e-07,4.450846e-07,4.450846e-07,a
test_4860.jpg,0.99995387,3.1201445e-05,1.1478371e-05,3.5007054e-06,a
test_4861.jpg,4.4508235e-07,0.99999356,2.260315e-06,3.726629e-06,b
test_4862.jpg,2.9022822e-06,8.939658e-06,1.3709409e-06,0.99998677,d
test_4863.jpg,2.4300127e-05,2.9022365e-06,1.7602953e-06,0.99997103,d
test_4864.jpg,5.421984e-06,3.5355777e-05,7.88894e-06,0.99995124,d
test_4865.jpg,7.889104e-06,3.2886683e-06,0.9999721,1.6701235e-05,c
test_4866.jpg,3.288734e-06,4.222818e-06,3.9278325e-07,0.99999213,d
test_4867.jpg,0.022962864,0.9764058,0.00047657907,0.00015472255,b
test_4868.jpg,3.9278532e-07,9.4224305e-07,0.9999974,1.3709555e-06,c
test_4869.jpg,9.601797e-05,7.477887e-05,0.0008039486,0.9990252,d
test_4870.jpg,0.0002591356,0.0075730523,0.00029363914,0.99187416,d
test_4871.jpg,9.605406e-05,0.00037990118,0.99940073,0.00012333585,c
test_4872.jpg,0.99997747,1.892508e-05,1.7603066e-06,1.7603066e-06,a
test_4873.jpg,1.760323e-06,1.3709409e-06,0.99998677,1.0129959e-05,c
test_4874.jpg,1.05716786e-07,0.99999785,9.4224345e-07,1.0677018e-06,b
test_4875.jpg,0.99998045,6.1440924e-06,1.0129895e-05,3.2886956e-06,a
test_4876.jpg,0.00012302403,0.9968741,0.0028000143,0.00020283235,b
test_4877.jpg,1.2098644e-06,2.699572e-07,0.99999774,8.3152685e-07,c
test_4878.jpg,5.1437117e-05,2.4297173e-05,7.4840566e-05,0.99984944,d
test_4879.jpg,2.6995758e-07,3.4663242e-07,0.99999905,3.4663242e-07,c
test_4880.jpg,1.2098617e-06,1.0676991e-06,0.99999547,2.2603192e-06,c
test_4881.jpg,0.99994636,2.1444259e-05,7.888902e-06,2.4299527e-05,a
test_4882.jpg,1.8921792e-05,0.00015843021,0.9998037,1.8921792e-05,c
test_4883.jpg,0.9961939,8.4495405e-05,0.003170667,0.0005509793,a
test_4884.jpg,6.0835777e-07,1.9947283e-06,8.2332264e-08,0.99999726,d
test_4885.jpg,0.9999976,5.043465e-07,3.2563057e-07,1.5534965e-06,a
test_4886.jpg,3.5293135e-05,0.99817955,8.466382e-05,0.0017005185,b
test_4887.jpg,2.2603008e-06,6.1441347e-06,4.222798e-06,0.99998736,d
test_4888.jpg,9.422382e-07,1.3709486e-06,0.99999225,5.4222064e-06,c
test_4889.jpg,2.14445e-05,7.888991e-06,0.9999577,1.3006747e-05,c
test_4890.jpg,1.209864e-06,6.4759354e-07,0.9999974,8.3152656e-07,c
test_4891.jpg,0.00013951394,2.1395155e-05,0.9976567,0.0021823652,c
test_4892.jpg,2.1442673e-05,7.484229e-05,0.99987245,3.1198906e-05,c
test_4893.jpg,0.0013232136,0.0010305198,0.9973117,0.00033456078,c
test_4894.jpg,2.5612726e-06,2.9023022e-06,9.422395e-07,0.9999937,d
test_4895.jpg,1.4738648e-05,3.726514e-06,1.89248e-05,0.9999627,d
test_4896.jpg,5.368721e-07,0.99999404,2.5612735e-06,2.9023033e-06,b
test_4897.jpg,0.29396638,0.00034419927,0.00050080696,0.7051887,d
test_4898.jpg,1.3709557e-06,3.6898768e-07,0.9999975,7.338197e-07,c
test_4899.jpg,0.9976604,0.00037923962,0.0002606473,0.0016996341,a
test_4900.jpg,9.42242e-07,2.102426e-07,0.9999963,2.5612792e-06,c
test_4901.jpg,6.9619305e-06,0.99994624,3.5355602e-05,1.1478282e-05,b
test_4902.jpg,0.029275516,0.96947193,0.00036852437,0.000884044,b
test_4903.jpg,0.00017944023,5.825572e-05,0.9993319,0.00043045476,c
test_4904.jpg,0.00023028336,5.8224756e-05,0.0009107884,0.99880075,d
test_4905.jpg,2.2602758e-06,2.561228e-06,1.8925057e-05,0.9999763,d
test_4906.jpg,0.041906584,0.0026789985,0.0016248948,0.9537895,d
test_4907.jpg,9.329478e-08,0.99999833,6.4759416e-07,9.422439e-07,b
test_4908.jpg,2.4295632e-05,0.9997861,3.119621e-05,0.00015842741,b
test_4909.jpg,5.421823e-06,0.99992156,1.4738042e-05,5.829009e-05,b
test_4910.jpg,1.05716545e-07,0.9999956,2.2603194e-06,1.994725e-06,b
test_4911.jpg,0.43599755,0.0033288822,0.5598319,0.00084167323,c
test_4912.jpg,2.260258e-06,7.889075e-06,2.1444732e-05,0.9999684,d
test_4913.jpg,0.9999987,5.368746e-07,3.6898814e-07,3.9278584e-07,a
test_4914.jpg,5.421823e-06,0.99992156,5.829009e-05,1.4738042e-05,b
test_4915.jpg,8.3152736e-07,5.368744e-07,2.536015e-07,0.99999833,d
test_4916.jpg,7.8114573e-07,2.561278e-06,9.4224157e-07,0.9999958,d
test_4917.jpg,1.9946842e-06,1.3709251e-06,0.9999752,2.1444877e-05,c
test_4918.jpg,2.1441054e-05,0.00012338474,0.9997969,5.8282825e-05,c
test_4919.jpg,7.477264e-05,0.99894196,0.00017937021,0.00080388156,b
test_4920.jpg,0.001016024,0.0016751406,0.014025779,0.98328304,d
test_4921.jpg,1.1477631e-05,2.902e-06,0.9998895,9.610103e-05,c
test_4922.jpg,6.1433893e-06,0.999866,0.000108894186,1.892297e-05,b
test_4923.jpg,0.9999914,3.7266211e-06,3.7266211e-06,1.2098568e-06,a
test_4924.jpg,5.368717e-07,6.475909e-07,0.9999933,5.422212e-06,c
test_4925.jpg,0.0019264511,9.591235e-05,5.1338186e-05,0.99792635,d
test_4926.jpg,2.7535247e-05,1.1478398e-05,4.7849085e-06,0.99995625,d
test_4927.jpg,0.9999933,1.7603346e-06,3.2887378e-06,1.5534899e-06,a
test_4928.jpg,0.99997795,4.222758e-06,1.3007011e-05,4.785012e-06,a
test_4929.jpg,7.480455e-05,0.0002610935,0.00029585772,0.99936825,d
test_4930.jpg,1.0571687e-07,0.9999987,4.4508462e-07,7.3382057e-07,b
test_4931.jpg,8.464532e-05,0.9979614,2.7480315e-05,0.0019265187,b
test_4932.jpg,7.889174e-06,7.889174e-06,3.2886971e-06,0.9999809,d
test_4933.jpg,8.93965e-06,3.7266002e-06,1.5534782e-06,0.9999858,d
test_4934.jpg,0.00012182933,0.9871933,0.01242693,0.00025791267,b
test_4935.jpg,5.6586195e-08,0.99999917,1.7429774e-07,6.475947e-07,b
test_4936.jpg,0.995243,0.00090754416,0.00026001575,0.0035894068,a
test_4937.jpg,0.99997914,3.2886912e-06,2.9022601e-06,1.4738891e-05,a
test_4938.jpg,5.141632e-05,0.00048782447,1.5681091e-05,0.99944514,d
test_4939.jpg,0.99995947,3.120162e-05,3.9668407e-06,5.4220286e-06,a
test_4940.jpg,0.0010321009,7.476514e-05,5.138528e-05,0.9988418,d
test_4941.jpg,5.422153e-06,1.1478699e-05,6.475839e-07,0.9999825,d
test_4942.jpg,0.0034179646,0.04163933,0.9477068,0.0072358306,c
test_4943.jpg,9.537214e-05,2.265287e-05,0.9923057,0.007576347,c
test_4944.jpg,0.010786348,0.00047391906,0.9709561,0.01778368,c
test_4945.jpg,1.5534836e-06,2.260305e-06,0.9999893,6.96223e-06,c
test_4946.jpg,0.87646043,0.11861602,0.002461797,0.002461797,a
test_4947.jpg,0.007806798,0.04492502,0.04492502,0.90234315,d
test_4948.jpg,0.0002594066,0.006690185,0.9929115,0.00013885037,c
test_4949.jpg,4.784855e-06,0.99994504,4.0063092e-05,1.0129536e-05,b
test_4950.jpg,3.5354333e-05,1.8923809e-05,3.5354333e-05,0.99991035,d
test_4951.jpg,0.000108872424,0.9996662,0.00017950026,4.5384775e-05,b
test_4952.jpg,1.0129857e-05,6.962143e-06,6.1440696e-06,0.99997675,d
test_4953.jpg,3.288745e-06,8.3152497e-07,3.9278456e-07,0.99999547,d
test_4954.jpg,0.00020341543,0.9997398,3.53483e-05,2.143983e-05,b
test_4955.jpg,1.9947238e-06,2.561276e-06,5.368726e-07,0.999995,d
test_4956.jpg,1.1979259e-07,0.99999595,6.475926e-07,3.2887465e-06,b
test_4957.jpg,0.94399685,0.0023399342,0.0004066196,0.05325666,a
test_4958.jpg,0.0002955993,4.000501e-05,0.99849534,0.0011691177,c
test_4959.jpg,0.99989617,8.480943e-05,8.938849e-06,1.0129042e-05,a
test_4960.jpg,1.1478609e-05,6.962128e-06,6.962128e-06,0.9999746,d
test_4961.jpg,0.4064443,0.0012936231,0.0008890933,0.59137297,d
test_4962.jpg,2.9022763e-06,2.2602949e-06,0.99998474,1.0129938e-05,c
test_4963.jpg,3.0590093e-07,5.043454e-07,3.7266364e-06,0.99999547,d
test_4964.jpg,0.95510346,0.04196432,0.0026826893,0.00024952894,a
test_4965.jpg,0.00037924453,2.1395512e-05,0.99767333,0.0019259626,c
test_4966.jpg,3.2887085e-06,1.1478721e-05,8.851439e-07,0.9999844,d
test_4967.jpg,1.473829e-05,1.1478192e-05,0.99993837,3.5355322e-05,c
test_4968.jpg,9.4224225e-07,1.5534949e-06,9.4224225e-07,0.99999654,d
test_4969.jpg,1.370948e-06,4.7378694e-07,0.9999919,6.1441624e-06,c
test_4970.jpg,0.00079590135,0.009696064,0.9890253,0.00048273857,c
test_4971.jpg,1.9947165e-06,1.2878857e-06,0.9999913,5.422201e-06,c
test_4972.jpg,3.288663e-06,1.8738237e-06,2.4300116e-05,0.99997056,d
test_4973.jpg,0.956671,0.0023713505,0.025494419,0.015463146,a
test_4974.jpg,5.714935e-07,0.99998724,3.288718e-06,8.939663e-06,b
test_4975.jpg,0.012382044,0.0628812,0.24870002,0.6760367,d
test_4976.jpg,7.889178e-06,3.7265838e-06,0.9999814,6.962175e-06,c
test_4977.jpg,0.007045515,0.06684599,0.9227804,0.0033280659,c
test_4978.jpg,1.2098541e-06,0.99998915,4.2228053e-06,5.4221896e-06,b
test_4979.jpg,6.4759354e-07,2.5360129e-07,0.9999974,1.7603417e-06,c
test_4980.jpg,0.9999795,1.0129886e-05,6.962162e-06,3.500795e-06,a
test_4981.jpg,4.784956e-06,2.7535521e-05,1.3709129e-06,0.99996626,d
test_4982.jpg,5.828152e-05,0.9997745,0.00010888422,5.828152e-05,b
test_4983.jpg,1.1477335e-05,0.9998636,4.005983e-05,8.480666e-05,b
test_4984.jpg,0.9536496,0.002363861,0.0020861002,0.04190044,a
test_4985.jpg,6.9616226e-06,6.1436103e-06,8.480992e-05,0.999902,d
test_4986.jpg,1.3709555e-06,5.714993e-07,6.4759354e-07,0.9999974,d
test_4987.jpg,4.7850544e-06,2.2602994e-06,0.99998677,6.144131e-06,c
test_4988.jpg,1.0677012e-06,4.7378953e-07,0.9999974,1.0677012e-06,c
test_4989.jpg,0.0010314588,0.00048722673,0.00026079363,0.9982205,d
test_4990.jpg,2.6995608e-07,0.99999344,2.9023015e-06,3.2887383e-06,b
test_4991.jpg,0.00012338968,3.11978e-05,8.3967725e-06,0.9998369,d
test_4992.jpg,1.9750527e-07,4.9937153e-08,0.9999994,2.536018e-07,c
test_4993.jpg,1.47359115e-05,4.784051e-06,0.999777,0.000203423,c
test_4994.jpg,0.01568578,0.0016532693,0.97044486,0.012216099,c
test_4995.jpg,0.033046126,0.9657493,0.0003239728,0.00088064943,b
test_4996.jpg,5.0434244e-07,0.9999896,2.9022906e-06,6.9622324e-06,b
test_4997.jpg,0.9972324,0.002471892,0.00022992176,6.587368e-05,a
test_4998.jpg,0.017647648,0.0016414871,0.13039948,0.85031134,d
test_4999.jpg,0.999907,5.1440078e-05,6.1436413e-06,3.5354213e-05,a
test_5000.jpg,1.6701211e-05,8.939514e-06,3.7265438e-06,0.9999707,d
test_5001.jpg,0.00010882238,0.00062622945,5.8248417e-05,0.9992067,d
test_5002.jpg,4.5395904e-05,2.4298675e-05,0.9999113,1.8923827e-05,c
test_5003.jpg,0.9999844,5.4221637e-06,4.785043e-06,5.4221637e-06,a
test_5004.jpg,2.1024321e-07,2.699576e-07,0.99999917,3.0590206e-07,c
test_5005.jpg,0.99999774,1.5534968e-06,3.0590164e-07,3.0590164e-07,a
test_5006.jpg,9.4223884e-07,0.99999297,3.2887367e-06,2.9023001e-06,b
test_5007.jpg,2.9023054e-06,1.2098608e-06,1.2098608e-06,0.99999475,d
test_5008.jpg,1.1477161e-05,0.9998485,1.669917e-05,0.0001233911,b
test_5009.jpg,8.937003e-06,0.9996898,4.0052866e-05,0.00026117748,b
test_5010.jpg,7.471337e-05,0.9981501,7.471337e-05,0.0017004684,b
test_5011.jpg,0.9999994,1.9750527e-07,2.1024326e-07,1.7429778e-07,a
test_5012.jpg,0.0025413807,0.4273945,0.021278718,0.5487854,d
test_5013.jpg,0.00020309664,0.998173,0.00012318433,0.0015006923,b
test_5014.jpg,8.4792606e-05,0.0002034069,1.3842014e-05,0.9996979,d
test_5015.jpg,0.00020340047,8.478993e-05,4.5384782e-05,0.99966633,d
test_5016.jpg,4.005871e-05,0.9998356,6.604565e-05,5.828508e-05,b
test_5017.jpg,6.962176e-06,5.422148e-06,6.1440987e-06,0.9999815,d
test_5018.jpg,4.783875e-06,0.9997403,5.1431503e-05,0.00020341553,b
test_5019.jpg,0.00013981877,2.2599597e-06,0.99983644,2.1441901e-05,c
test_5020.jpg,0.9941968,0.0021747968,0.0024643675,0.0011640848,a
test_5021.jpg,0.022189533,0.14469393,0.00046052906,0.8326561,d
test_5022.jpg,6.6032146e-05,0.00017949397,0.00012336428,0.99963117,d
test_5023.jpg,0.0016753407,0.0008967452,0.9834005,0.014027455,c
test_5024.jpg,1.5534935e-06,1.7603386e-06,1.0676994e-06,0.9999956,d
test_5025.jpg,3.288682e-06,1.1478628e-05,8.939564e-06,0.9999763,d
test_5026.jpg,0.00023049065,4.5386303e-05,0.99969983,2.4293535e-05,c
test_5027.jpg,0.00042539407,0.010971058,0.0010204673,0.9875831,d
test_5028.jpg,0.0004303058,0.99898607,9.6014206e-05,0.0004876004,b
test_5029.jpg,0.00076980813,0.00059952715,0.0420301,0.95660067,d
test_5030.jpg,1.1253465e-07,0.99999535,1.9947245e-06,2.561277e-06,b
test_5031.jpg,0.000108879256,0.999729,6.603861e-05,9.6085605e-05,b
test_5032.jpg,0.00026102088,0.9990903,9.602422e-05,0.0005525812,b
test_5033.jpg,0.99978083,7.483543e-05,0.0001088849,3.5349753e-05,a
test_5034.jpg,3.25631e-07,4.4508474e-07,2.2380269e-07,0.9999989,d
test_5035.jpg,7.889104e-06,0.9999721,6.9621105e-06,1.3006935e-05,b
test_5036.jpg,0.015861524,0.9813177,0.0016717925,0.0011490049,b
test_5037.jpg,4.0039256e-05,0.99935013,0.00017944351,0.00043046262,b
test_5038.jpg,0.9998056,4.0057505e-05,9.609297e-05,5.828333e-05,a
test_5039.jpg,0.99549955,0.00020255268,0.00022952224,0.0040683793,a
test_5040.jpg,9.6065465e-05,0.0001233505,0.99951947,0.00026113298,c
test_5041.jpg,0.9764088,0.022962933,0.0005400364,8.815853e-05,a
test_5042.jpg,0.16995949,0.35980424,0.0625246,0.40771163,d
test_5043.jpg,0.40575552,0.5903708,0.0027339594,0.0011396838,b
test_5044.jpg,8.475407e-05,4.536559e-05,0.9992436,0.0006262526,c
test_5045.jpg,0.00026116084,1.6695456e-05,0.99962604,9.607571e-05,c
test_5046.jpg,0.00017891343,0.0006244692,0.996398,0.0027986772,c
test_5047.jpg,4.1811452e-07,0.9999895,2.2603058e-06,7.889242e-06,b
test_5048.jpg,0.9833348,0.0002911111,0.015894126,0.00047996108,a
test_5049.jpg,5.7149975e-07,5.0434676e-07,0.9999982,7.3382023e-07,c
test_5050.jpg,1.6373698e-07,0.9999956,5.714983e-07,3.7266368e-06,b
test_5051.jpg,0.4531506,0.35291404,0.18890128,0.005034049,a
test_5052.jpg,5.7149884e-07,7.338191e-07,0.99999666,1.9947272e-06,c
test_5053.jpg,2.699576e-07,1.4449792e-07,0.99999917,4.4508485e-07,c
test_5054.jpg,0.99784434,0.0013239203,0.0007086435,0.00012314378,a
test_5055.jpg,6.6037835e-05,0.9997173,5.8278183e-05,0.00015841653,b
test_5056.jpg,0.0089963935,0.18069738,0.8098295,0.00047679135,c
test_5057.jpg,2.873664e-07,0.99999225,3.7266243e-06,3.7266243e-06,b
test_5058.jpg,2.1444357e-05,2.1444357e-05,6.1439114e-06,0.999951,d
test_5059.jpg,0.001169063,0.0002031527,0.9984485,0.00017928162,c
test_5060.jpg,0.00020307301,0.9980568,0.0007087944,0.0010312898,b
test_5061.jpg,0.976353,0.0027423748,0.0051234304,0.015781276,a
test_5062.jpg,7.811469e-07,1.3709555e-06,3.6898766e-07,0.9999974,d
test_5063.jpg,0.00054480473,0.9850301,0.00037443847,0.0140507,b
test_5064.jpg,3.5332505e-05,0.99929297,0.0006262836,4.5367833e-05,b
test_5065.jpg,1.1478231e-05,1.1478231e-05,0.9999417,3.535544e-05,c
test_5066.jpg,2.561278e-06,8.3152526e-07,7.8114573e-07,0.9999958,d
test_5067.jpg,3.5353216e-05,5.82876e-05,0.99987876,2.7533113e-05,c
test_5068.jpg,3.5337875e-05,0.00037991797,0.00013976402,0.9994449,d
test_5069.jpg,6.4759394e-07,5.7149964e-07,0.999998,8.31527e-07,c
test_5070.jpg,1.6700116e-05,7.4844735e-05,3.288448e-06,0.9999051,d
test_5071.jpg,1.2878658e-06,2.144489e-05,1.459343e-06,0.9999758,d
test_5072.jpg,7.3381585e-07,0.99999225,3.2887344e-06,3.7266243e-06,b
test_5073.jpg,1.85539e-07,1.1979297e-07,0.99999917,5.0434727e-07,c
test_5074.jpg,0.9999844,3.726595e-06,8.939637e-06,2.9022754e-06,a
