id,p_a,p_b,p_c,p_d,answer
test_0001.jpg,0.001168503,0.00080309954,5.8176334e-05,0.99797016,d
test_0002.jpg,0.058174312,0.9099994,0.0006879383,0.031138465,b
test_0003.jpg,0.00023019215,4.0001396e-05,0.99840516,0.0013246643,c
test_0004.jpg,0.9986172,0.00062586,0.00062586,0.0001311874,a
test_0005.jpg,0.0035734444,0.99081707,0.0031535537,0.00245599,b
test_0006.jpg,0.00450966,0.9738153,0.020210892,0.0014640721,b
test_0007.jpg,0.99983406,4.831996e-05,5.1436327e-05,6.604555e-05,a
test_0008.jpg,0.00023025206,0.998665,0.000552346,0.000552346,b
test_0009.jpg,0.00689872,0.039699387,0.33239892,0.6210029,d
test_0010.jpg,0.00037956686,0.99852127,0.00029560697,0.000803543,b
test_0011.jpg,0.06739721,0.0020352195,0.00017783548,0.93038976,d
test_0012.jpg,8.936533e-06,0.99963725,0.00012336504,0.00023047623,b
test_0013.jpg,0.99933136,9.6047384e-05,8.4761516e-05,0.0004877689,a
test_0014.jpg,0.02231765,0.02528921,0.9489706,0.0034225225,c
test_0015.jpg,0.0063320096,0.0010336722,0.82932967,0.16330469,c
test_0016.jpg,0.002723913,0.025843766,0.0016521368,0.96978015,d
test_0017.jpg,0.99687564,0.0004865703,0.0021806567,0.00045709047,a
test_0018.jpg,0.0014954937,0.99471515,0.0006234145,0.0031659605,b
test_0019.jpg,0.0009913512,0.7953749,0.20110226,0.002531504,b
test_0020.jpg,4.828556e-05,0.9991223,0.00020328979,0.0006261766,b
test_0021.jpg,1.0777497e-05,0.9994499,0.000108848864,0.0004305056,b
test_0022.jpg,0.0014864575,0.003146831,0.98870486,0.0066618407,c
test_0023.jpg,7.96425e-05,0.99953747,0.00017947714,0.00020337425,b
test_0024.jpg,0.9952296,0.00066396454,0.0035893584,0.0005170961,a
test_0025.jpg,0.003532048,0.01582954,0.0012993679,0.97933906,d
test_0026.jpg,0.0005525122,0.00037973572,0.000102204474,0.9989655,d
test_0027.jpg,9.608698e-05,2.9304872e-05,0.00013133534,0.9997433,d
test_0028.jpg,0.49834716,0.49834716,0.0024566457,0.0008489942,a
test_0029.jpg,0.00012335894,5.827064e-05,0.99958795,0.00023046485,c
test_0030.jpg,4.004835e-05,0.9995771,0.00017948427,0.00020338233,b
test_0031.jpg,0.99468464,0.0019201931,0.00022933434,0.0031658632,a
test_0032.jpg,0.00062571885,0.9983919,0.0004300499,0.00055219495,b
test_0033.jpg,0.051728282,0.3822232,0.49078432,0.075264215,c
test_0034.jpg,0.000625585,0.0007088807,0.00048720613,0.99817836,d
test_0035.jpg,0.00029544136,4.256236e-05,0.0017001478,0.9979619,d
test_0036.jpg,0.00013977606,3.319972e-05,0.99953115,0.00029590595,c
test_0037.jpg,0.00471445,0.03708202,0.11422066,0.8439829,d
test_0038.jpg,0.9973013,0.0019252443,0.00062503526,0.0001484589,a
test_0039.jpg,2.7524127e-05,0.9995524,8.478027e-05,0.00033531248,b
test_0040.jpg,0.99960274,0.00029592714,6.603026e-05,3.5343455e-05,a
test_0041.jpg,0.9996582,0.00014880976,2.4292525e-05,0.00016862355,a
test_0042.jpg,0.99713194,0.0019249176,0.0005870667,0.00035607393,a
test_0043.jpg,7.957813e-05,2.1418165e-05,0.99872965,0.0011693921,c
test_0044.jpg,0.9997079,9.026217e-05,0.00013980079,6.203622e-05,a
test_0045.jpg,0.9903432,0.0045861993,0.0010233193,0.0040473063,a
test_0046.jpg,0.998733,0.00037964733,0.0003350376,0.0005523836,a
test_0047.jpg,8.480499e-05,2.5864063e-05,0.99984384,4.539284e-05,c
test_0048.jpg,8.469235e-05,0.9985159,0.00023021769,0.0011691418,b
test_0049.jpg,0.0010885163,0.0019104057,0.06734413,0.929657,d
test_0050.jpg,0.38180783,0.0048062513,0.23157816,0.38180783,a
test_0051.jpg,4.5394703e-05,4.5394703e-05,2.4298033e-05,0.99988484,d
test_0052.jpg,7.966942e-05,1.5687841e-05,2.9308743e-05,0.9998753,d
test_0053.jpg,0.97099644,0.002124046,0.0010033282,0.025876177,a
test_0054.jpg,0.08403048,0.9034128,0.007816052,0.0047406754,b
test_0055.jpg,3.53503e-05,0.99979633,6.604305e-05,0.00010228948,b
test_0056.jpg,0.0020892706,0.544199,0.22685589,0.22685589,b
test_0057.jpg,0.004297551,0.7227369,0.26588008,0.007085464,b
test_0058.jpg,0.009495172,0.0018697102,0.020101277,0.9685338,d
test_0059.jpg,1.0782648e-05,1.012936e-05,0.99992764,5.144114e-05,c
test_0060.jpg,0.99985385,3.3210443e-05,4.2643052e-05,7.0306516e-05,a
test_0061.jpg,0.99986255,1.6699405e-05,6.6047425e-05,5.475524e-05,a
test_0062.jpg,0.0002303373,0.0006261217,0.00010880365,0.99903476,d
test_0063.jpg,4.5396693e-05,1.5688678e-05,1.0129371e-05,0.9999287,d
test_0064.jpg,0.9999577,1.22187075e-05,1.22187075e-05,1.7778117e-05,a
test_0065.jpg,0.7735537,0.0719517,0.0021727534,0.15232176,a
test_0066.jpg,0.00048741203,0.9986002,0.00010875632,0.0008036065,b
test_0067.jpg,3.5337634e-05,0.9994381,9.605765e-05,0.0004305005,b
test_0068.jpg,0.00015767953,0.00016784901,0.9950664,0.004608072,c
test_0069.jpg,8.479358e-05,1.4734914e-05,0.9997093,0.00019108527,c
test_0070.jpg,0.00023012437,0.9981111,0.000158162,0.0015005993,b
test_0071.jpg,0.0001398132,3.763021e-05,2.586284e-05,0.9997967,d
test_0072.jpg,0.99113715,0.0011605022,0.006678229,0.0010241396,a
test_0073.jpg,0.00015837522,0.00013976565,0.9994566,0.00024529634,c
test_0074.jpg,4.8279187e-05,0.9989905,0.00062609394,0.00033512397,b
test_0075.jpg,0.99960405,9.025279e-05,0.0002033878,0.000102269805,a
test_0076.jpg,0.9745651,0.013901424,0.003101827,0.00843164,a
test_0077.jpg,0.032978773,0.9637811,0.002707063,0.00053305225,b
test_0078.jpg,0.00011588984,9.6076044e-05,0.9996295,0.00015840262,c
test_0079.jpg,0.029207263,0.003078423,0.00050253875,0.9672117,d
test_0080.jpg,3.1193576e-05,0.99970156,0.00010887627,0.00015841403,b
test_0081.jpg,0.004606413,0.00022933978,0.00045609663,0.9947082,d
test_0082.jpg,0.0046002883,0.9933856,0.0011631349,0.0008509677,b
test_0083.jpg,0.99945015,9.02389e-05,0.00037991995,7.9635545e-05,a
test_0084.jpg,4.0052764e-05,1.147531e-05,0.9996873,0.00026117684,c
test_0085.jpg,0.0008490372,0.93108237,0.00062116893,0.06744739,b
test_0086.jpg,7.964423e-05,2.58567e-05,0.9995592,0.00033531478,c
test_0087.jpg,5.4732853e-05,0.9994537,0.0002611158,0.00023043391,b
test_0088.jpg,0.01574593,0.001659609,0.9741663,0.00842819,c
test_0089.jpg,3.3204436e-05,0.9996731,9.025903e-05,0.00020340185,b
test_0090.jpg,1.4738439e-05,3.5006865e-06,0.9999485,3.3213586e-05,c
test_0091.jpg,0.0016900875,0.005898984,0.00035426154,0.99205667,d
test_0092.jpg,3.5345107e-05,0.9996494,8.4788495e-05,0.00023047903,b
test_0093.jpg,0.0013247866,0.00014863693,2.9268349e-05,0.99849725,d
test_0094.jpg,8.939059e-06,0.9999198,4.006208e-05,3.1200383e-05,b
test_0095.jpg,0.22000319,0.7678866,0.009666266,0.0024440147,b
test_0096.jpg,0.0031659605,0.99471515,0.0014954937,0.0006234145,b
test_0097.jpg,0.0001158879,5.4741566e-05,0.99961287,0.00021650708,c
test_0098.jpg,0.99859303,0.0002956282,7.9567246e-05,0.0010318438,a
test_0099.jpg,6.6045955e-05,4.539268e-05,0.99984026,4.8320257e-05,c
test_0100.jpg,0.99857175,0.00080358365,0.00037958607,0.0002450792,a
test_0101.jpg,3.1187603e-05,0.99951017,0.00012334935,0.0003352983,b
test_0102.jpg,2.5855363e-05,0.99950755,0.00013130436,0.00033529743,b
test_0103.jpg,0.5720312,0.015244114,0.39315093,0.01957383,a
test_0104.jpg,0.00055248785,0.9989215,0.00019093469,0.00033510083,b
test_0105.jpg,0.0024647827,0.000706172,0.0024647827,0.99436426,d
test_0106.jpg,0.5542349,0.003975254,0.010151167,0.4316386,a
test_0107.jpg,0.0002945691,0.0040664007,0.99501544,0.0006236027,c
test_0108.jpg,0.00016852874,0.00070953247,2.584472e-05,0.99909616,d
test_0109.jpg,0.99979824,6.6043176e-05,4.539077e-05,9.0270325e-05,a
test_0110.jpg,0.0007089887,0.00033490255,0.00062568026,0.9983304,d
test_0111.jpg,0.0002033337,0.00012332812,0.9993381,0.0003352406,c
test_0112.jpg,2.9303452e-05,0.9996948,4.5386074e-05,0.00023048949,b
test_0113.jpg,0.007750759,0.09442357,0.0019596987,0.8958659,d
test_0114.jpg,0.0051049287,0.020190386,0.85851705,0.11618765,c
test_0115.jpg,0.00037996416,2.9299687e-05,2.4290293e-05,0.9995664,d
test_0116.jpg,0.010903143,0.98146963,0.00661309,0.0010141502,b
test_0117.jpg,0.9150308,0.008970647,0.0751103,0.0008882142,a
test_0118.jpg,2.5864123e-05,0.9998462,3.7632075e-05,9.027466e-05,b
test_0119.jpg,0.02294453,0.00088965596,0.0005396036,0.97562623,d
test_0120.jpg,9.025029e-05,3.7621914e-05,0.9995763,0.0002959193,c
test_0121.jpg,0.013654522,0.0001829707,0.028906625,0.95725596,d
test_0122.jpg,0.9934056,0.00042790206,0.0059070056,0.0002595357,a
test_0123.jpg,0.9999032,2.4298479e-05,1.7777149e-05,5.4757467e-05,a
test_0124.jpg,0.00012338831,1.078155e-05,4.0058316e-05,0.9998259,d
test_0125.jpg,3.7606962e-05,0.99917895,0.00029580167,0.00048769455,b
test_0126.jpg,0.99961686,9.607483e-05,0.00019106761,9.607483e-05,a
test_0127.jpg,8.479421e-05,4.0053943e-05,0.9997167,0.00015841643,c
test_0128.jpg,2.4293133e-05,0.99968326,6.2034684e-05,0.00023048682,b
test_0129.jpg,0.00019049694,0.9966313,0.0024704023,0.00070778205,b
test_0130.jpg,0.00012338774,3.7631133e-05,1.7775692e-05,0.99982125,d
test_0131.jpg,0.9991462,0.00021640603,0.0005526122,8.4745814e-05,a
test_0132.jpg,0.00029593077,3.7623373e-05,5.1425053e-05,0.99961495,d
test_0133.jpg,0.00033531737,7.481942e-05,2.2818635e-05,0.999567,d
test_0134.jpg,0.0007066654,0.00016784774,0.995059,0.0040665786,c
test_0135.jpg,0.0029622843,0.0055342754,0.26665637,0.7248471,d
test_0136.jpg,0.870601,0.009671504,0.001904432,0.117823035,a
test_0137.jpg,0.9725697,0.0030954762,0.0014621994,0.022872647,a
test_0138.jpg,0.9974904,0.00014848706,0.00017910957,0.0021820015,a
test_0139.jpg,0.025857061,0.9702791,0.0014587556,0.0024050814,b
test_0140.jpg,0.9262236,0.0033404839,0.0033404839,0.067095414,a
test_0141.jpg,2.1440386e-05,0.9997658,3.3207518e-05,0.00017951815,b
test_0142.jpg,0.00080337166,0.00017925644,0.9983083,0.000708973,c
test_0143.jpg,1.5681882e-05,0.9994955,0.000108853834,0.0003799372,b
test_0144.jpg,0.00012332556,0.9993174,0.00017943763,0.00037986948,b
test_0145.jpg,0.99381953,0.00025964383,0.005215086,0.0007057852,a
test_0146.jpg,6.579968e-05,0.99611205,0.00022966345,0.003592541,b
test_0147.jpg,0.9996001,6.2029525e-05,0.00015839795,0.00017948839,a
test_0148.jpg,4.5393645e-05,2.2825358e-05,0.9998615,7.030705e-05,c
test_0149.jpg,3.320761e-05,0.99976856,7.483451e-05,0.00012338124,b
test_0150.jpg,7.965702e-05,8.4794454e-05,0.9997197,0.00011590029,c
test_0151.jpg,0.9926064,0.0027880273,0.0010256579,0.0035798978,a
test_0152.jpg,0.0021638137,0.0058818553,0.989176,0.002778392,c
test_0153.jpg,0.00029437174,0.00013905136,0.9943488,0.0052178637,c
test_0154.jpg,5.475805e-05,1.6700262e-05,1.4737928e-05,0.9999138,d
test_0155.jpg,0.9992162,0.000168549,0.00051916746,9.6036325e-05,a
test_0156.jpg,0.00010886796,3.5344252e-05,0.9996252,0.00023047345,c
test_0157.jpg,0.011411546,0.80001116,0.17850661,0.010070655,b
test_0158.jpg,9.026392e-05,4.2637654e-05,0.9997273,0.00013980351,c
test_0159.jpg,0.9999684,7.889075e-06,8.9394935e-06,1.4738733e-05,a
test_0160.jpg,5.4738623e-05,0.9995591,9.024874e-05,0.00029591421,b
test_0161.jpg,3.1199335e-05,3.1199335e-05,0.99988616,5.1439005e-05,c
test_0162.jpg,3.7633497e-05,1.2217808e-05,0.999884,6.6048844e-05,c
test_0163.jpg,0.0044349506,0.39922157,0.58086395,0.0154794995,c
test_0164.jpg,0.9972096,0.00037906825,0.0021813873,0.0002299165,a
test_0165.jpg,5.8274378e-05,0.999652,0.00013132335,0.00015840618,b
test_0166.jpg,0.0014821173,0.98581797,0.0075268126,0.005173098,b
test_0167.jpg,0.0005482516,0.9912622,0.00756838,0.0006212505,b
test_0168.jpg,0.000108808694,0.00037977964,0.999081,0.0004303467,c
test_0169.jpg,0.99734133,0.0016990906,0.0006250604,0.00033457074,a
test_0170.jpg,0.0008040612,1.7764027e-05,1.2996438e-05,0.9991652,d
test_0171.jpg,0.0003799452,7.02828e-05,3.319924e-05,0.9995166,d
test_0172.jpg,0.00033519088,0.9991899,0.00013972835,0.00033519088,b
test_0173.jpg,0.97855455,0.001382062,0.0021405795,0.017922852,a
test_0174.jpg,0.5793091,0.008263401,0.06105873,0.35136876,a
test_0175.jpg,0.0009108529,0.00010878588,0.00010878588,0.9988715,d
test_0176.jpg,0.0011645476,0.00017858917,0.99459213,0.0040646708,c
test_0177.jpg,0.99929345,0.0003798604,0.00020332461,0.0001233226,a
test_0178.jpg,0.09502807,0.90160125,0.0009917069,0.0023789813,b
test_0179.jpg,0.00027705648,0.996218,0.0003341939,0.0031707438,b
test_0180.jpg,0.9993192,0.00021644348,0.00016856636,0.0002958432,a
test_0181.jpg,0.93298167,0.040992353,0.024863118,0.0011628637,a
test_0182.jpg,0.00015839277,0.00015839277,0.99956733,0.00011588263,c
test_0183.jpg,0.00021644747,6.6012755e-05,0.0003798772,0.9993376,d
test_0184.jpg,0.0027639656,0.0035490019,0.009647188,0.98403984,d
test_0185.jpg,0.9992944,0.00033522592,0.00017943351,0.00019100597,a
test_0186.jpg,0.9999157,3.5354522e-05,1.777737e-05,3.1200256e-05,a
test_0187.jpg,0.018411418,0.0009757695,0.093500905,0.8871119,d
test_0188.jpg,0.00062612933,6.599355e-05,0.00026100953,0.99904686,d
test_0189.jpg,7.484241e-05,1.7776632e-05,3.3211116e-05,0.9998741,d
test_0190.jpg,7.481241e-05,2.1434113e-05,0.9994733,0.00043051565,c
test_0191.jpg,0.99988985,2.4298155e-05,2.7533419e-05,5.8288242e-05,a
test_0192.jpg,5.138176e-05,5.764873e-06,0.9987734,0.0011694434,c
test_0193.jpg,0.7935997,0.08364479,0.12170247,0.0010529326,a
test_0194.jpg,0.00030760176,0.022955341,0.00065119285,0.9760859,d
test_0195.jpg,0.00043033532,8.473804e-05,0.9990546,0.00043033532,c
test_0196.jpg,0.025860094,0.001873299,0.21652392,0.7557427,d
test_0197.jpg,0.00048765758,0.9991033,0.00013125126,0.0002778589,b
test_0198.jpg,0.52985626,0.0012338086,0.46759653,0.0013133825,a
test_0199.jpg,0.99496895,0.00037821653,4.517152e-05,0.0046076206,a
test_0200.jpg,4.263035e-05,6.6027176e-05,0.999556,0.0003353137,c
test_0201.jpg,0.99733573,0.0001682318,0.00031429838,0.0021816632,a
test_0202.jpg,0.0004304475,0.00012332527,0.999315,0.00013127907,c
test_0203.jpg,0.13093811,0.8538237,0.005753019,0.009485126,b
test_0204.jpg,0.0009554886,0.0013902276,0.43679652,0.56085783,d
test_0205.jpg,0.0009159617,0.88644516,0.10587078,0.006768092,b
test_0206.jpg,0.00017948274,2.1436157e-05,0.00023046041,0.99956864,d
test_0207.jpg,5.4725653e-05,0.9993223,7.026913e-05,0.0005527095,b
test_0208.jpg,0.0024631636,0.0006629515,0.9937111,0.0031627647,c
test_0209.jpg,0.0033921862,0.9405592,0.046827685,0.009220919,b
test_0210.jpg,0.9998919,2.014392e-05,3.3211705e-05,5.475685e-05,a
test_0211.jpg,0.0010206031,0.010972518,0.0002924077,0.9877145,d
test_0212.jpg,0.99984205,2.9307768e-05,7.030569e-05,5.8285455e-05,a
test_0213.jpg,0.9994394,0.0001487772,0.0001158678,0.0002958788,a
test_0214.jpg,0.9287289,0.010317246,0.0015822011,0.05937165,a
test_0215.jpg,3.7612015e-05,2.2812841e-05,0.99931324,0.0006262962,c
test_0216.jpg,0.00013131641,6.6030036e-05,0.9995993,0.00020338684,c
test_0217.jpg,6.6030996e-05,2.4291445e-05,0.9996138,0.0002959304,c
test_0218.jpg,0.9997004,0.00011589805,7.482941e-05,0.00010887614,a
test_0219.jpg,0.99959546,0.00013978506,0.00014880042,0.00011588589,a
test_0220.jpg,0.01086495,0.8631099,0.070848376,0.055176765,b
test_0221.jpg,0.0031463653,0.0007473272,0.007547737,0.98855853,d
test_0222.jpg,0.002074822,0.9484939,0.0022086364,0.04722273,b
test_0223.jpg,0.00031482193,6.1992105e-05,0.99899703,0.0006260981,c
test_0224.jpg,0.9997323,7.029797e-05,0.0001313339,6.6038825e-05,a
test_0225.jpg,0.998601,0.0003795972,0.000108756416,0.00091060624,a
test_0226.jpg,0.9995732,4.004819e-05,0.00033531943,5.1422903e-05,a
test_0227.jpg,0.00010888775,5.8283407e-05,2.5863106e-05,0.99980694,d
test_0228.jpg,0.0011684543,0.00062542845,0.00027753224,0.9979286,d
test_0229.jpg,0.00033514126,0.0005525545,7.024943e-05,0.999042,d
test_0230.jpg,0.0010251127,0.005205952,0.99207884,0.0016901253,c
test_0231.jpg,0.002797779,0.00021574151,0.9960782,0.00090830575,c
test_0232.jpg,1.7772263e-05,0.9996284,0.00012336395,0.0002304742,b
test_0233.jpg,0.00014879435,3.5341756e-05,0.9995547,0.0002611422,c
test_0234.jpg,9.025955e-05,2.7527607e-05,0.99967885,0.00020340302,c
test_0235.jpg,0.9655797,0.00044274057,0.03304032,0.0009372817,a
test_0236.jpg,7.029831e-05,9.026482e-05,0.00010228343,0.9997372,d
test_0237.jpg,0.025855625,0.00083112775,0.9702252,0.0030880144,c
test_0238.jpg,0.0027926355,0.0027926355,0.00016771078,0.99424696,d
test_0239.jpg,0.0011684333,0.00029542626,0.00062541733,0.9979108,d
test_0240.jpg,0.008864057,0.9041584,0.002877738,0.08409983,b
test_0241.jpg,0.00013134576,2.0142525e-05,2.5863514e-05,0.9998227,d
test_0242.jpg,7.4842654e-05,4.2644053e-05,5.093106e-06,0.99987733,d
test_0243.jpg,1.1477529e-05,0.99988055,1.7776747e-05,9.027776e-05,b
test_0244.jpg,0.0031690272,0.00024436915,0.9956787,0.00090794143,c
test_0245.jpg,0.0031702607,0.0006242613,0.00013929153,0.9960663,d
test_0246.jpg,0.008639794,0.6056964,0.018290445,0.3673734,b
test_0247.jpg,0.027727112,0.05180107,0.91819584,0.00227598,c
test_0248.jpg,0.99949384,0.00013130257,0.00021648132,0.00015838111,a
test_0249.jpg,0.99987876,2.9308845e-05,2.5864965e-05,6.6048495e-05,a
test_0250.jpg,4.26382e-05,1.3842598e-05,0.99974006,0.00020341549,c
test_0251.jpg,2.7534794e-05,5.0934245e-06,0.9999398,2.7534794e-05,c
test_0252.jpg,5.8279977e-05,0.99974805,7.029907e-05,0.0001233787,b
test_0253.jpg,0.87189645,0.10413318,0.018095633,0.005874792,a
test_0254.jpg,0.999907,5.8289243e-05,1.8923747e-05,1.5688338e-05,a
test_0255.jpg,0.99873143,9.0174006e-05,0.0005523827,0.0006259316,a
test_0256.jpg,1.1477273e-05,0.99985826,4.5393495e-05,8.480621e-05,b
test_0257.jpg,0.004601725,0.9936958,0.00085123343,0.00085123343,b
test_0258.jpg,3.1197997e-05,0.99984324,3.535196e-05,9.027439e-05,b
test_0259.jpg,0.0010302205,0.0013228294,0.00062486035,0.9970221,d
test_0260.jpg,2.7527276e-05,0.9996668,0.00010227623,0.00020340057,b
test_0261.jpg,0.9998186,4.831921e-05,4.831921e-05,8.480284e-05,a
test_0262.jpg,0.02020241,0.0039780904,0.9734066,0.002412834,c
test_0263.jpg,0.99987555,2.144274e-05,4.8321963e-05,5.4755954e-05,a
test_0264.jpg,5.4758486e-05,9.515598e-06,1.3845114e-05,0.9999218,d
test_0265.jpg,0.00020329376,0.9991418,0.00010222252,0.00055260974,b
test_0266.jpg,0.47033292,0.009761448,0.47033292,0.049572725,a
test_0267.jpg,0.0030593032,0.8482599,0.0012753073,0.14740546,b
test_0268.jpg,2.282779e-05,3.726534e-06,5.422075e-06,0.99996805,d
test_0269.jpg,0.00043042487,0.00015834445,0.00014875086,0.9992625,d
test_0270.jpg,0.9959864,0.0003786033,0.0011661801,0.0024688037,a
test_0271.jpg,0.84676135,0.005705433,0.0003882596,0.14714505,a
test_0272.jpg,0.00021606228,4.2545187e-05,0.9975592,0.002182152,c
test_0273.jpg,0.9984295,0.00010873773,0.0010316748,0.00043006605,a
test_0274.jpg,0.9999237,4.2646032e-05,1.8924062e-05,1.4738074e-05,a
test_0275.jpg,0.00023036209,0.99914217,7.4787626e-05,0.0005526099,b
test_0276.jpg,0.0066740084,0.99051064,0.0019121354,0.0009032288,b
test_0277.jpg,0.0011691337,0.00019085582,0.00013117318,0.9985089,d
test_0278.jpg,0.0035857274,0.9942228,0.0010273281,0.0011641153,b
test_0279.jpg,0.0031707173,0.00051760534,0.00010192254,0.99620974,d
test_0280.jpg,0.0013285507,0.9406665,0.0049361647,0.053068776,b
test_0281.jpg,0.98856354,0.00037578164,7.8768106e-05,0.010981949,a
test_0282.jpg,0.00011574627,0.00016840981,0.9983911,0.0013246458,c
test_0283.jpg,0.0013240385,0.9979334,0.00055194134,0.00019074582,b
test_0284.jpg,2.5866522e-05,3.96676e-06,0.99993896,3.1200983e-05,c
test_0285.jpg,0.000549171,0.99292445,0.005904144,0.0006222922,b
test_0286.jpg,0.00035642245,0.9981079,0.00091015664,0.00062554085,b
test_0287.jpg,0.00023024411,0.9986305,0.00043015264,0.0007092018,b
test_0288.jpg,0.961181,0.00072663045,0.00082338013,0.03726903,a
test_0289.jpg,0.00033519918,0.99921465,7.0261565e-05,0.00037983045,b
test_0290.jpg,7.030864e-05,2.2825874e-05,2.2825874e-05,0.9998841,d
test_0291.jpg,5.828983e-05,6.961727e-06,1.7777395e-05,0.99991703,d
test_0292.jpg,0.046800844,0.34581408,0.44403407,0.16335101,c
test_0293.jpg,5.828591e-05,1.221739e-05,0.9998498,7.9667385e-05,c
test_0294.jpg,0.0047303606,0.25826898,0.70204777,0.034952898,c
test_0295.jpg,0.00010228187,9.608493e-05,0.99972194,7.96572e-05,c
test_0296.jpg,0.0005519171,5.8171638e-05,0.9978896,0.0015002663,c
test_0297.jpg,0.047286175,0.0018334842,0.0011120642,0.9497683,d
test_0298.jpg,0.00043046082,7.480288e-05,0.99934596,0.00014876328,c
test_0299.jpg,0.0021694375,0.9917468,0.004592699,0.001491031,b
test_0300.jpg,0.00013976602,0.9994593,0.00026111727,0.00013976602,b
test_0301.jpg,0.9999224,7.888712e-06,1.147801e-05,5.829014e-05,a
test_0302.jpg,0.00070399616,0.00042699525,0.9913004,0.0075686714,c
test_0303.jpg,0.004544917,0.98142874,0.012354365,0.0016719815,b
test_0304.jpg,0.0035454817,0.98306376,0.0010157975,0.012374947,b
test_0305.jpg,8.452069e-05,0.99649197,0.0006245281,0.002798941,b
test_0306.jpg,0.011881906,0.06837565,0.34724018,0.57250226,d
test_0307.jpg,0.0075629195,0.990547,0.00040082008,0.0014892272,b
test_0308.jpg,0.0021771614,0.99527776,0.0019213381,0.0006237671,b
test_0309.jpg,0.0010316239,0.00015820464,0.0004300448,0.9983802,d
test_0310.jpg,0.00033477318,0.9979448,0.0011684732,0.0005519476,b
test_0311.jpg,0.006678515,0.0019134267,0.00022852622,0.9911795,d
test_0312.jpg,0.993129,0.00191719,0.00035464446,0.0045991,a
test_0313.jpg,0.99991894,2.429886e-05,2.144367e-05,3.5354635e-05,a
test_0314.jpg,0.94619083,0.00033788293,9.093996e-05,0.053380437,a
test_0315.jpg,4.534992e-05,0.9988984,0.00043026803,0.00062603626,b
test_0316.jpg,0.00062545814,0.0011685097,0.00023009321,0.997976,d
test_0317.jpg,4.8321086e-05,9.514985e-06,0.9998574,8.480614e-05,c
test_0318.jpg,0.0048529995,0.066993594,0.92481804,0.0033354147,c
test_0319.jpg,0.00037951133,0.00033491757,0.00091040035,0.9983752,d
test_0320.jpg,0.9994566,7.027858e-05,0.00043050846,4.2626107e-05,a
test_0321.jpg,2.7524871e-05,0.00037996913,1.3001828e-05,0.9995795,d
test_0322.jpg,0.00010888041,4.2638178e-05,0.00010888041,0.9997396,d
test_0323.jpg,4.539601e-05,2.429873e-05,1.6700258e-05,0.9999136,d
test_0324.jpg,0.9898273,0.009703926,0.00015684933,0.00031193218,a
test_0325.jpg,0.004949119,0.94313514,0.010477286,0.041438468,b
test_0326.jpg,0.9998741,2.9308709e-05,4.8321894e-05,4.8321894e-05,a
test_0327.jpg,7.4842384e-05,3.1198946e-05,2.0143554e-05,0.99987376,d
test_0328.jpg,0.00023033569,0.9990277,0.00011582007,0.0006261173,b
test_0329.jpg,0.99941754,0.00033526722,0.00011586526,0.00013129255,a
test_0330.jpg,0.98534226,0.012403629,0.00035186386,0.0019021581,a
test_0331.jpg,7.958859e-05,0.99886096,0.00014869108,0.0009108433,b
test_0332.jpg,0.0005526897,0.00012332175,3.7611007e-05,0.9992865,d
test_0333.jpg,0.9997496,5.8280068e-05,9.6087584e-05,9.6087584e-05,a
test_0334.jpg,0.99100506,0.008573874,0.00017794507,0.0002432221,a
test_0335.jpg,0.00016863442,4.2637457e-05,6.6038185e-05,0.99972266,d
test_0336.jpg,0.001031473,0.00062561996,0.000108716464,0.99823415,d
test_0337.jpg,0.0009106614,4.826329e-05,0.9986615,0.00037962018,c
test_0338.jpg,2.7528198e-05,0.9997003,0.00014881602,0.00012337281,b
test_0339.jpg,0.99653554,0.00020276346,8.997574e-05,0.0031717543,a
test_0340.jpg,0.0004878211,6.60194e-05,7.8848925e-06,0.9994382,d
test_0341.jpg,0.05225414,0.019223223,0.0022958866,0.9262268,d
test_0342.jpg,4.2644835e-05,1.0129036e-05,0.9998957,5.1439496e-05,c
test_0343.jpg,0.0066755083,0.0009034318,0.99073327,0.001687833,c
test_0344.jpg,0.99960643,2.2819533e-05,3.5343586e-05,0.00033533058,a
test_0345.jpg,0.012395371,0.001017474,0.98468626,0.0019008917,c
test_0346.jpg,0.013190831,0.0029432725,0.92474866,0.0591172,c
test_0347.jpg,0.90395993,0.0032601885,0.06548264,0.027297225,a
test_0348.jpg,0.00013940856,0.996903,0.0024710756,0.00048658365,b
test_0349.jpg,0.99935275,0.00016857202,0.00043046376,4.8296697e-05,a
test_0350.jpg,8.397142e-06,0.9998809,2.5865022e-05,8.480813e-05,b
test_0351.jpg,0.9991922,0.00040431827,0.0001583333,0.00024523147,a
test_0352.jpg,0.99922884,7.961791e-05,0.00026105705,0.00043041038,a
test_0353.jpg,2.2827015e-05,1.3845283e-05,2.9310466e-05,0.9999341,d
test_0354.jpg,0.99965215,0.00010227473,6.603353e-05,0.00017949774,a
test_0355.jpg,0.99809927,0.00011571243,0.0017003817,8.465701e-05,a
test_0356.jpg,2.4299618e-05,1.6700866e-05,8.93933e-06,0.99995005,d
test_0357.jpg,0.99603456,0.00055089116,0.0031701599,0.0002444565,a
test_0358.jpg,4.8314083e-05,0.00014881784,9.026259e-05,0.9997125,d
test_0359.jpg,0.8347224,0.16436657,0.00028001817,0.0006310307,a
test_0360.jpg,0.00035619023,0.00026059433,0.9974577,0.0019255463,c
test_0361.jpg,0.00013119463,0.99867225,0.0007092314,0.0004874472,b
test_0362.jpg,0.00011583693,8.47481e-05,0.9991731,0.00062620844,c
test_0363.jpg,0.0016658892,0.020294681,0.00018690755,0.9778526,d
test_0364.jpg,0.99769884,0.0011681853,0.0010309198,0.00010207489,a
test_0365.jpg,2.58596e-05,0.99967134,0.00012336925,0.00017950118,b
test_0366.jpg,0.13138823,0.0010678598,0.010785002,0.85675883,d
test_0367.jpg,0.00055005326,0.0024651678,0.0024651678,0.99451965,d
test_0368.jpg,0.0016542373,0.004496683,0.022836039,0.97101307,d
test_0369.jpg,0.9990933,0.0001232979,0.00048765272,0.00029577632,a
test_0370.jpg,0.0001313357,3.762831e-05,8.47967e-05,0.99974614,d
test_0371.jpg,0.99868995,6.5969965e-05,0.0011693457,7.475378e-05,a
test_0372.jpg,0.0002451974,0.00055256084,0.00014871973,0.9990534,d
test_0373.jpg,0.9395858,0.00027815945,7.032972e-05,0.06006571,a
test_0374.jpg,0.00033516707,0.00048766527,5.8243306e-05,0.999119,d
test_0375.jpg,0.036941417,0.008242744,0.002084092,0.95273167,d
test_0376.jpg,0.00020339052,0.99961734,7.028988e-05,0.000108867105,b
test_0377.jpg,0.9891178,0.0007024461,0.00969697,0.0004827837,a
test_0378.jpg,0.10570441,0.0067574563,0.0024859298,0.8850522,d
test_0379.jpg,0.99732023,0.0002952514,0.00020292313,0.0021816292,a
test_0380.jpg,0.0016986907,0.9971066,0.000486683,0.0007081196,b
test_0381.jpg,0.0019261179,9.0085734e-05,0.9977538,0.00023004197,c
test_0382.jpg,0.00062605477,0.00013122823,0.9989279,0.00031480013,c
test_0383.jpg,0.00017945924,0.00017945924,0.99943775,0.00020335398,c
test_0384.jpg,0.9999262,3.1200583e-05,1.670047e-05,2.5866193e-05,a
test_0385.jpg,0.0001792221,0.9981171,0.00037941322,0.0013242821,b
test_0386.jpg,0.9992299,0.000148746,0.00019099364,0.00043041082,a
test_0387.jpg,0.00015832935,4.828773e-05,0.0006262047,0.9991672,d
test_0388.jpg,4.2638974e-05,7.887417e-06,0.9997583,0.00019109463,c
test_0389.jpg,0.000108503446,2.0071118e-05,0.0035931405,0.9962782,d
test_0390.jpg,0.99823403,0.00023015271,0.0006256199,0.00091027166,a
test_0391.jpg,0.00013980769,5.4749475e-05,4.8316244e-05,0.99975723,d
test_0392.jpg,1.7777495e-05,2.429895e-05,0.99992263,3.5354766e-05,c
test_0393.jpg,0.99936837,0.00033525072,0.00023041423,6.601478e-05,a
test_0394.jpg,0.9996797,6.603535e-05,0.00017950268,7.482786e-05,a
test_0395.jpg,0.9035944,0.00082397147,0.09523814,0.00034348242,a
test_0396.jpg,0.9999411,1.38453815e-05,1.5688873e-05,2.9310671e-05,a
test_0397.jpg,0.00020339532,2.4292105e-05,0.99964094,0.0001313219,c
test_0398.jpg,0.00010228821,1.147642e-05,0.99978393,0.00010228821,c
test_0399.jpg,2.0141057e-05,0.99974984,9.026596e-05,0.00013980665,b
test_0400.jpg,0.99974996,0.00013980667,3.534866e-05,7.483312e-05,a
test_0401.jpg,0.9977366,0.00031442472,0.00062530814,0.0013237774,a
test_0402.jpg,0.00012338928,2.2824723e-05,2.0142747e-05,0.9998337,d
test_0403.jpg,0.005827801,0.007483044,0.98008543,0.0066037634,c
test_0404.jpg,0.99998,7.4111867e-06,4.2227666e-06,8.397974e-06,a
test_0405.jpg,0.00020341454,1.5685646e-05,4.538792e-05,0.9997354,d
test_0406.jpg,0.745466,0.012049335,0.054001376,0.18848331,a
test_0407.jpg,6.604899e-05,3.7633577e-05,1.012894e-05,0.99988616,d
test_0408.jpg,0.00090206374,0.00016686502,0.989233,0.009698099,c
test_0409.jpg,0.00013968156,0.99885535,0.00070936145,0.0002957059,b
test_0410.jpg,0.9982205,0.00048722673,0.00026079363,0.0010314588,a
test_0411.jpg,0.0003790341,0.9971198,0.0016987132,0.0008024152,b
test_0412.jpg,5.8263562e-05,0.9994665,0.0001794644,0.0002958868,b
test_0413.jpg,0.9997135,4.5386925e-05,0.00020341008,3.762708e-05,a
test_0414.jpg,0.00015838668,5.142063e-05,0.0002611355,0.999529,d
test_0415.jpg,5.8289374e-05,9.515479e-06,2.2826449e-05,0.9999093,d
test_0416.jpg,0.00010879823,0.000102206475,0.998985,0.00080391625,c
test_0417.jpg,0.08286528,0.8908858,0.020951625,0.0052974,b
test_0418.jpg,0.99985325,5.1437313e-05,6.6046814e-05,2.9308098e-05,a
test_0419.jpg,0.0007069217,0.99541986,0.002177472,0.0016958171,b
test_0420.jpg,0.010490945,0.735472,0.23877281,0.0152642345,b
test_0421.jpg,0.0009071107,0.004065388,0.00025989153,0.99476767,d
test_0422.jpg,0.7576634,0.009537576,0.21707422,0.015724802,a
test_0423.jpg,0.002794758,0.9950027,0.0007066254,0.0014959261,b
test_0424.jpg,0.99910563,0.0001793996,0.0003351626,0.000379789,a
test_0425.jpg,0.9862861,0.01241551,0.0003990959,0.0008993765,a
test_0426.jpg,0.00013981033,2.9305837e-05,5.475051e-05,0.9997762,d
test_0427.jpg,0.002794722,0.00029456156,0.99498993,0.0019207825,c
test_0428.jpg,0.020220203,0.0024149593,0.974264,0.003100869,c
test_0429.jpg,0.00020327808,0.00017939226,0.99906474,0.0005525671,c
test_0430.jpg,0.0321406,0.011823866,0.12711854,0.828917,d
test_0431.jpg,0.99977595,4.8317146e-05,9.6090116e-05,7.96615e-05,a
test_0432.jpg,7.030865e-05,3.321145e-05,1.2217811e-05,0.99988425,d
test_0433.jpg,0.0006262555,9.022067e-05,3.5330922e-05,0.9992482,d
test_0434.jpg,0.1477142,0.0018594475,0.00038976135,0.85003656,d
test_0435.jpg,0.0035860653,0.11875416,0.00017853967,0.8774812,d
test_0436.jpg,0.9999552,1.3845576e-05,9.515916e-06,2.1444448e-05,a
test_0437.jpg,5.475506e-05,1.5687589e-05,7.0306894e-05,0.9998592,d
test_0438.jpg,2.7525499e-05,0.99960226,0.00013978602,0.00023046815,b
test_0439.jpg,0.9868377,0.0014836504,0.0031408882,0.008537819,a
test_0440.jpg,0.0031656588,0.00029445213,0.11879046,0.8777494,d
test_0441.jpg,0.15024118,0.5942154,0.1929135,0.06262984,b
test_0442.jpg,0.00011591368,3.320982e-05,1.568721e-05,0.99983513,d
test_0443.jpg,0.99881554,0.00055242924,0.00055242924,7.958498e-05,a
test_0444.jpg,0.99981564,4.0057905e-05,4.8319067e-05,9.609393e-05,a
test_0445.jpg,3.1201445e-05,1.0782931e-05,4.2226566e-06,0.99995387,d
test_0446.jpg,0.0052173156,0.00029434083,0.00024401712,0.9942444,d
test_0447.jpg,0.00033529435,7.0281516e-05,9.606344e-05,0.99949837,d
test_0448.jpg,0.9993523,0.00033524534,0.00021645064,9.60494e-05,a
test_0449.jpg,0.0019201536,0.0014954171,0.0019201536,0.9946642,d
test_0450.jpg,0.0011679261,0.9974776,0.00080270314,0.00055168924,b
test_0451.jpg,9.0228845e-05,0.9993388,0.00019101445,0.00037987763,b
test_0452.jpg,7.965629e-05,0.9997105,5.142997e-05,0.00015841545,b
test_0453.jpg,6.6049e-05,2.753332e-05,2.0143807e-05,0.9998863,d
test_0454.jpg,7.950366e-05,0.997795,0.0006253447,0.001500124,b
test_0455.jpg,4.2638636e-05,2.7529575e-05,0.9997503,0.00017951537,c
test_0456.jpg,0.00020337374,5.8267553e-05,0.99953496,0.00020337374,c
test_0457.jpg,1.7778306e-05,6.5402724e-06,7.4111e-06,0.9999683,d
test_0458.jpg,0.6995812,0.2916288,0.0034486465,0.005341368,a
test_0459.jpg,0.08123324,0.7707195,0.13393097,0.014116221,b
test_0460.jpg,0.007419584,0.9717738,0.005099401,0.01570726,b
test_0461.jpg,0.9998172,7.030393e-05,3.763098e-05,7.483815e-05,a
test_0462.jpg,9.023296e-05,3.7614693e-05,0.9993844,0.0004877948,c
test_0463.jpg,0.99829537,0.00016839366,3.529723e-05,0.0015008763,a
test_0464.jpg,0.0002436357,0.99269027,0.00037735034,0.0066886945,b
test_0465.jpg,0.009529437,0.972029,0.015711384,0.0027302294,b
test_0466.jpg,0.121662386,0.0023720388,0.33071265,0.545253,d
test_0467.jpg,0.01798256,0.00015557962,4.7449106e-05,0.98181444,d
test_0468.jpg,9.027623e-05,1.0781958e-05,3.535268e-05,0.9998636,d
test_0469.jpg,0.00037980377,4.536109e-05,0.99914443,0.00043037403,c
test_0470.jpg,0.0044556465,0.0004696217,0.9621517,0.03292302,c
test_0471.jpg,0.27629617,0.006497863,0.6628,0.05440594,c
test_0472.jpg,0.4987672,0.0020383475,0.00042726085,0.4987672,a
test_0473.jpg,1.7771266e-05,0.99957234,0.00017948341,0.00023046126,b
test_0474.jpg,0.0004338226,5.8711503e-05,0.05337703,0.9461304,d
test_0475.jpg,0.99939454,8.476688e-05,0.00043048174,9.023388e-05,a
test_0476.jpg,0.005981834,0.023658613,0.8877829,0.08257667,c
test_0477.jpg,0.00035457776,0.9929422,0.0014928281,0.0052104825,b
test_0478.jpg,0.0002032399,0.9988771,0.000115802606,0.0008038294,b
test_0479.jpg,0.001308823,0.06712981,0.0048628673,0.92669845,d
test_0480.jpg,1.1476302e-05,0.9997737,3.5349498e-05,0.00017951956,b
test_0481.jpg,0.00023028196,0.9987947,0.00048750697,0.00048750697,b
test_0482.jpg,0.00023001884,0.0001906923,0.0019259242,0.9976534,d
test_0483.jpg,0.99947566,0.0002958895,0.00014878258,7.9637575e-05,a
test_0484.jpg,0.00013978942,0.00010227212,0.99962664,0.00013132002,c
test_0485.jpg,0.0015000079,0.99771774,0.0004869813,0.0002953691,b
test_0486.jpg,9.025103e-05,2.9300218e-05,0.00029592172,0.9995845,d
test_0487.jpg,0.11903928,0.87958795,0.00070783345,0.00066494796,b
test_0488.jpg,0.9978917,0.00031447358,0.00062540534,0.001168411,a
test_0489.jpg,0.008167406,0.00080868264,0.047000173,0.9440237,d
test_0490.jpg,0.00042990607,0.998058,0.00070879527,0.00080317026,b
test_0491.jpg,3.1200045e-05,5.093267e-06,0.9999089,5.475778e-05,c
test_0492.jpg,0.0003795519,0.00033495337,0.9984819,0.00080351136,c
test_0493.jpg,0.99987555,5.828741e-05,1.1477471e-05,5.4755954e-05,a
test_0494.jpg,3.119858e-05,4.4945814e-06,0.99986196,0.000102296195,c
test_0495.jpg,0.0001396846,0.00017935857,0.9988771,0.0008038294,c
test_0496.jpg,0.998992,0.00019094817,0.00019094817,0.00062609493,a
test_0497.jpg,0.00014882209,0.00010228382,7.887282e-06,0.999741,d
test_0498.jpg,0.00020328954,0.9991211,0.0003797949,0.00029578456,b
test_0499.jpg,1.3843548e-05,0.9998087,3.7630663e-05,0.00013981489,b
test_0500.jpg,0.0009082339,0.0002948604,0.99599946,0.0027975575,c
test_0501.jpg,6.203437e-05,2.9302963e-05,0.99967813,0.00023048565,c
test_0502.jpg,0.00026098287,8.472873e-05,0.9989448,0.000709425,c
test_0503.jpg,0.0039718607,0.0012894743,0.9718822,0.02285648,c
test_0504.jpg,0.0035359745,0.005144812,0.9804277,0.010891569,c
test_0505.jpg,0.035528008,0.045618866,0.0025736406,0.91627944,d
test_0506.jpg,0.9991375,0.00048767432,0.00021640414,0.00015832465,a
test_0507.jpg,0.9980394,0.00015815064,0.0017002799,0.00010210973,a
test_0508.jpg,0.009496192,0.5184745,0.356342,0.1156873,b
test_0509.jpg,7.966998e-05,2.0143727e-05,1.7776778e-05,0.99988234,d
test_0510.jpg,0.18298419,0.01702018,0.076279156,0.7237165,d
test_0511.jpg,5.1426978e-05,0.9996524,7.9651654e-05,0.00021651565,b
test_0512.jpg,0.9995987,7.482179e-05,0.00023046733,9.607308e-05,a
test_0513.jpg,0.00037996922,2.013763e-05,2.013763e-05,0.9995797,d
test_0514.jpg,0.0004303236,5.4709504e-05,0.00048762053,0.9990274,d
test_0515.jpg,0.00013128786,0.9993819,0.0001910227,0.00029586177,b
test_0516.jpg,0.001922387,0.00033406078,0.9958211,0.001922387,c
test_0517.jpg,2.0145504e-05,5.093581e-06,4.222727e-06,0.99997056,d
test_0518.jpg,0.00010889245,2.4297187e-05,1.6699196e-05,0.99985003,d
test_0519.jpg,0.017833237,0.9736617,0.007433999,0.001070969,b
test_0520.jpg,0.00012335114,1.6693763e-05,0.9995247,0.0003353032,c
test_0521.jpg,0.00037912335,8.459384e-05,0.0021817042,0.9973545,d
test_0522.jpg,0.0054421015,0.48988235,0.48988235,0.014793165,b
test_0523.jpg,8.4746076e-05,0.9991493,0.00062619353,0.00013972267,b
test_0524.jpg,0.8914117,0.0008652874,0.0012589858,0.106463954,a
test_0525.jpg,0.0004271937,0.0058972267,0.9917611,0.0019145494,c
test_0526.jpg,0.9978149,0.0013238813,0.00045752112,0.000403761,a
test_0527.jpg,0.014054257,0.00029168683,0.0003745333,0.98527956,d
test_0528.jpg,0.9988972,9.6005664e-05,0.0009108764,9.6005664e-05,a
test_0529.jpg,0.9995715,0.00010226648,4.830727e-05,0.0002779891,a
test_0530.jpg,0.0007079135,0.99681646,0.0019243085,0.0005513236,b
test_0531.jpg,9.606913e-05,0.99955755,0.00023045785,0.00011588149,b
test_0532.jpg,0.0013232374,0.72966194,0.00058718305,0.26842764,b
test_0533.jpg,0.0009100897,0.00062549487,0.99803454,0.00042989594,c
test_0534.jpg,0.00079982437,8.430087e-05,0.0052155103,0.9939003,d
test_0535.jpg,0.0005999402,0.9572598,0.0050232382,0.03711699,b
test_0536.jpg,0.0031684604,0.0007069791,0.9955006,0.0006239068,c
test_0537.jpg,4.832407e-05,1.5688529e-05,1.670035e-05,0.9999192,d
test_0538.jpg,0.009688648,0.001021176,0.001021176,0.988269,d
test_0539.jpg,0.08477466,0.9114135,0.0015527023,0.0022591683,b
test_0540.jpg,0.0011660584,0.0010290429,0.9958824,0.0019225053,c
test_0541.jpg,8.477073e-05,0.9994399,0.00029587894,0.00017945963,b
test_0542.jpg,0.00069330615,9.988022e-05,0.9762477,0.022959147,c
test_0543.jpg,0.021210367,0.002870511,0.07403145,0.9018877,d
test_0544.jpg,6.599894e-05,0.9991285,0.00017940371,0.0006261805,b
test_0545.jpg,0.00015819378,2.9262908e-05,0.99831164,0.0015009008,c
test_0546.jpg,3.11994e-05,1.0128962e-05,0.9998883,7.030894e-05,c
test_0547.jpg,0.012326887,0.00095054734,0.9792459,0.0074766343,c
test_0548.jpg,0.9993968,0.00016857946,0.0003798997,5.4729735e-05,a
test_0549.jpg,9.027875e-05,1.0782259e-05,7.410531e-06,0.9998915,d
test_0550.jpg,2.5866673e-05,6.5401186e-06,0.9999448,2.2827258e-05,c
test_0551.jpg,0.999574,0.0001158834,7.964541e-05,0.00023046165,a
test_0552.jpg,2.0145093e-05,5.421978e-06,0.9999502,2.429962e-05,c
test_0553.jpg,0.0002449515,0.00037938825,0.9980514,0.0013241951,c
test_0554.jpg,0.08502848,0.0007356405,9.352619e-05,0.9141424,d
test_0555.jpg,0.9987587,0.00091075,0.00013966805,0.00019090356,a
test_0556.jpg,0.0014986027,0.996783,0.00055130513,0.0011671128,b
test_0557.jpg,0.0006248808,0.00013942976,0.9970547,0.0021810483,c
test_0558.jpg,0.0755232,0.004260727,0.00015519698,0.9200609,d
test_0559.jpg,0.00048504816,0.9937571,0.002173835,0.0035840478,b
test_0560.jpg,4.2633787e-05,0.99963665,9.025574e-05,0.00023047609,b
test_0561.jpg,0.0005087177,0.8640564,0.0029274686,0.13250735,b
test_0562.jpg,0.022641227,0.010694958,0.003934455,0.9627294,d
test_0563.jpg,3.321019e-05,1.14771365e-05,0.99984634,0.00010889204,c
test_0564.jpg,0.00066255656,0.00031296955,0.005905302,0.9931191,d
test_0565.jpg,0.99454236,0.0011644894,0.00358688,0.0007062985,a
test_0566.jpg,0.0009091988,0.00010858831,0.99705756,0.0019247739,c
test_0567.jpg,0.8485268,0.14745183,0.001638042,0.0023833374,a
test_0568.jpg,0.6621865,0.015573135,0.31279477,0.009445583,a
test_0569.jpg,4.2617547e-05,0.99925584,0.00014874987,0.0005526728,b
test_0570.jpg,0.00010887829,3.119415e-05,0.99972004,0.00013980249,c
test_0571.jpg,0.0016998681,0.00012313802,0.0003792918,0.9977977,d
test_0572.jpg,0.00016857444,0.00016857444,0.00029585738,0.99936706,d
test_0573.jpg,2.5867152e-05,5.093544e-06,5.771741e-06,0.9999633,d
test_0574.jpg,0.0060574496,0.011316806,0.08362051,0.89900523,d
test_0575.jpg,0.9971148,0.000909251,0.0016987047,0.0002773059,a
test_0576.jpg,2.1440153e-05,2.014116e-05,0.99975497,0.00020341852,c
test_0577.jpg,0.000115030685,0.0024594644,0.99221873,0.005206686,c
test_0578.jpg,0.027445493,0.031099819,0.13937971,0.8020749,d
test_0579.jpg,0.00019084921,0.00070909085,0.9984743,0.0006257705,c
test_0580.jpg,5.82845e-05,8.480344e-05,3.1197444e-05,0.99982566,d
test_0581.jpg,0.9970893,6.1873725e-05,0.0028006188,4.8187307e-05,a
test_0582.jpg,0.00014749065,0.008572072,0.9907968,0.00048360325,c
test_0583.jpg,0.00026104972,0.99920076,0.00015833467,0.00037982516,b
test_0584.jpg,2.4283618e-05,0.99929166,0.00013127601,0.0005526926,b
test_0585.jpg,2.9310433e-05,4.4949006e-06,0.999933,3.321307e-05,c
test_0586.jpg,9.026844e-05,6.2040526e-05,7.030113e-05,0.9997774,d
test_0587.jpg,0.9974947,0.0008027169,0.0013234564,0.00037917664,a
test_0588.jpg,0.00044896122,8.304947e-05,0.9791464,0.020321535,c
test_0589.jpg,0.9993625,0.00010883935,0.00014876574,0.00037988665,a
test_0590.jpg,0.99972254,9.026349e-05,8.47947e-05,0.000102281934,a
test_0591.jpg,0.00015842306,3.7628775e-05,4.538897e-05,0.99975854,d
test_0592.jpg,0.00013978318,7.482055e-05,0.999582,0.00020338332,c
test_0593.jpg,0.00017947941,0.00023045612,4.0047267e-05,0.99955004,d
test_0594.jpg,0.9773284,0.00028933294,0.006585187,0.015797041,a
test_0595.jpg,0.008566196,0.0011593085,0.00015689534,0.9901176,d
test_0596.jpg,0.0011683109,0.00011567845,0.99780613,0.00090988143,c
test_0597.jpg,0.99928766,0.0001158502,0.00048774757,0.00010883119,a
test_0598.jpg,0.99911195,0.0002778613,0.00023035512,0.0003797914,a
test_0599.jpg,0.99980026,2.0142073e-05,0.00013134282,4.831832e-05,a
test_0600.jpg,9.025382e-05,3.3202523e-05,0.99961543,0.00026115807,c
test_0601.jpg,0.99962664,0.00010227212,0.00013132002,0.00013978942,a
test_0602.jpg,3.7621463e-05,0.99956423,0.00010226574,0.00029591573,b
test_0603.jpg,0.03299208,0.0021091131,0.9641699,0.00072889,c
test_0604.jpg,0.00013980902,1.3842967e-05,7.966077e-05,0.99976677,d
test_0605.jpg,7.4822485e-05,2.1436997e-05,0.99960786,0.00029592865,c
test_0606.jpg,0.99982184,3.3209377e-05,5.475301e-05,9.027246e-05,a
test_0607.jpg,0.99945027,0.00013976476,0.0001487788,0.0002611149,a
test_0608.jpg,0.0029737703,0.0005167638,0.118786834,0.87772256,d
test_0609.jpg,0.004529025,0.0016661353,0.977997,0.015807848,c
test_0610.jpg,4.262451e-05,0.9994191,0.00015836926,0.00037990813,b
test_0611.jpg,0.0025284113,0.0041686455,0.2922446,0.7010584,d
test_0612.jpg,0.040679127,0.031680934,0.001787316,0.9258526,d
test_0613.jpg,7.0303766e-05,7.96646e-05,3.5350953e-05,0.9998148,d
test_0614.jpg,0.00062061765,0.9902525,0.0024545905,0.0066722687,b
test_0615.jpg,0.989499,0.0058837757,0.0021645203,0.0024527228,a
test_0616.jpg,0.0024001838,0.9683032,0.025804406,0.0034922466,b
test_0617.jpg,0.0016964744,0.0016964744,0.9958056,0.0008013577,c
test_0618.jpg,0.9997193,1.8920195e-05,5.8278303e-05,0.00020341127,a
test_0619.jpg,1.5682974e-05,0.99956506,0.00012335613,0.000295916,b
test_0620.jpg,0.00039434878,0.022919327,0.97455454,0.0021318295,c
test_0621.jpg,0.00015840218,6.6031855e-05,0.99962676,0.00014880508,c
test_0622.jpg,1.8921823e-05,0.9998054,9.609295e-05,7.966385e-05,b
test_0623.jpg,0.00023050031,1.3003938e-05,1.4735392e-05,0.99974173,d
test_0624.jpg,0.0010251781,0.00014769091,0.9921421,0.006685001,c
test_0625.jpg,0.006680922,0.0006214225,0.99153674,0.0011609701,c
test_0626.jpg,7.4826065e-05,0.9996557,6.603376e-05,0.00020339832,b
test_0627.jpg,0.013370294,0.93733007,0.046666913,0.0026327674,b
test_0628.jpg,0.0001397696,4.0044655e-05,0.00033528983,0.9994849,d
test_0629.jpg,0.0026627197,0.032438565,0.12829702,0.8366016,d
test_0630.jpg,0.0005225035,0.8337023,0.16416572,0.0016094241,b
test_0631.jpg,0.00029589253,0.99948585,0.00010225772,0.00011587318,b
test_0632.jpg,0.0027939542,0.000313473,0.0021759337,0.9947166,d
test_0633.jpg,0.82745236,0.0015005798,0.008112058,0.16293502,a
test_0634.jpg,0.9958478,0.0035915882,0.00048606863,7.4541036e-05,a
test_0635.jpg,0.0021570858,0.052261412,0.019225897,0.92635566,d
test_0636.jpg,3.7617945e-05,0.9994708,0.00023043784,0.00026112027,b
test_0637.jpg,0.9996586,0.00013979389,7.029278e-05,0.00013132421,a
test_0638.jpg,0.0066638915,0.0021634488,0.9890092,0.0021634488,c
test_0639.jpg,0.99852175,0.0010317701,0.00023021903,0.00021627075,a
test_0640.jpg,0.00033517362,9.602885e-05,0.00043037147,0.9991385,d
test_0641.jpg,0.9995136,0.0002033694,0.0002033694,7.96406e-05,a
test_0642.jpg,0.00037971706,0.00021635623,0.00048756637,0.9989164,d
test_0643.jpg,0.0004304697,0.00012333163,0.9993666,7.962888e-05,c
test_0644.jpg,0.98546946,0.0045636296,0.007524152,0.0024427348,a
test_0645.jpg,8.477417e-05,0.99948055,5.473432e-05,0.0003799315,b
test_0646.jpg,0.00026074535,0.9980357,0.0015004859,0.0002030687,b
test_0647.jpg,8.432741e-05,0.9942133,0.0052171526,0.0004852708,b
test_0648.jpg,0.0002032935,0.9991405,0.00016853622,0.00048767577,b
test_0649.jpg,3.3212695e-05,1.3845112e-05,0.9999217,3.120044e-05,c
test_0650.jpg,0.9994825,0.00023044055,9.606192e-05,0.00019104192,a
test_0651.jpg,7.9672194e-05,4.7846875e-06,5.4217608e-06,0.9999101,d
test_0652.jpg,0.0021729327,0.99334466,0.0027901009,0.0016922818,b
test_0653.jpg,7.467389e-05,0.99762267,0.0008028199,0.001499865,b
test_0654.jpg,0.9994842,9.024197e-05,0.0003352896,9.024197e-05,a
test_0655.jpg,5.1431623e-05,0.9997427,6.603951e-05,0.00013980565,b
test_0656.jpg,0.00016728567,0.9917269,0.0040529612,0.0040529612,b
test_0657.jpg,0.0021794157,0.99630827,0.0001904352,0.0013218824,b
test_0658.jpg,0.004842521,0.9228212,0.0054872953,0.06684895,b
test_0659.jpg,0.00023048543,3.7625712e-05,5.4745087e-05,0.9996772,d
test_0660.jpg,1.4734168e-05,0.9996587,9.607885e-05,0.00023048116,b
test_0661.jpg,0.9860562,0.0010188896,0.012412616,0.00051232986,a
test_0662.jpg,0.9991955,0.00024523228,0.00017941574,0.00037982315,a
test_0663.jpg,0.00483468,0.558813,0.001148337,0.435204,b
test_0664.jpg,2.9297613e-05,0.9994956,0.0001397711,0.00033529344,b
test_0665.jpg,0.00055174134,0.99757177,0.0011680364,0.0007084499,b
test_0666.jpg,0.9996587,0.00014880984,0.0001022754,9.025773e-05,a
test_0667.jpg,0.99963534,0.000115890514,4.5383375e-05,0.00020339417,a
test_0668.jpg,7.472758e-05,0.9983399,0.00026082483,0.0013245778,b
test_0669.jpg,9.021987e-05,0.99923944,0.00033520747,0.00033520747,b
test_0670.jpg,9.6100666e-05,7.410488e-06,1.0782196e-05,0.9998857,d
test_0671.jpg,5.4722765e-05,0.99926955,0.0002958285,0.0003798513,b
test_0672.jpg,0.00026114564,6.202753e-05,0.00010886172,0.9995679,d
test_0673.jpg,0.002740505,0.0058016484,0.97568727,0.015770515,c
test_0674.jpg,0.0015010394,6.1955296e-05,3.316228e-05,0.99840385,d
test_0675.jpg,0.059926633,0.8272616,0.059926633,0.052885063,b
test_0676.jpg,0.0005334728,0.00034443595,0.8512049,0.14791721,c
test_0677.jpg,0.0018350089,0.0473255,0.00028140773,0.9505581,d
test_0678.jpg,2.013931e-05,0.9996631,0.00015840793,0.00015840793,b
test_0679.jpg,0.0003348591,0.9982009,0.00029551215,0.001168773,b
test_0680.jpg,0.00013953376,0.0010310228,0.9977984,0.0010310228,c
test_0681.jpg,0.9987398,0.00035664806,0.00062593684,0.0002777578,a
test_0682.jpg,7.4799005e-05,0.99929416,0.00029583578,0.00033522584,b
test_0683.jpg,2.2818245e-05,0.9995499,0.00013130993,0.0002959115,b
test_0684.jpg,0.00058328384,0.00013854206,0.008571293,0.99070686,d
test_0685.jpg,0.0022623106,0.0661144,0.9126812,0.018942093,c
test_0686.jpg,0.9996841,9.026002e-05,0.000102278,0.00012337082,a
test_0687.jpg,0.00013972893,4.0033003e-05,0.9991941,0.0006262216,c
test_0688.jpg,0.99817324,9.593608e-05,0.0015006927,0.00023013868,a
test_0689.jpg,0.99964285,0.00016862096,0.00010886988,7.96509e-05,a
test_0690.jpg,0.7020476,0.0653006,0.0047303597,0.22792149,a
test_0691.jpg,0.00011581129,0.9989519,0.0005525047,0.00037973057,b
test_0692.jpg,0.0001312885,0.00043047842,5.1413317e-05,0.9993868,d
test_0693.jpg,0.10591087,0.0013332211,0.0059750825,0.88678086,d
test_0694.jpg,0.00055860064,0.047237094,0.003421844,0.94878244,d
test_0695.jpg,0.00020330284,0.00023037229,0.0003798197,0.99918646,d
test_0696.jpg,0.0007688492,0.95540905,0.0018443734,0.041977745,b
test_0697.jpg,5.8290236e-05,5.4218367e-06,1.2218297e-05,0.99992406,d
test_0698.jpg,0.00043032778,0.00010221181,0.99903715,0.00043032778,c
test_0699.jpg,4.0062347e-05,1.7777562e-05,1.5688644e-05,0.99992645,d
test_0700.jpg,6.5711516e-05,0.9947773,0.004606733,0.0005501958,b
test_0701.jpg,0.99992764,2.586623e-05,1.8924136e-05,2.753446e-05,a
test_0702.jpg,9.024819e-05,2.1435824e-05,0.999553,0.00033531268,c
test_0703.jpg,0.053170685,0.0026472125,0.0017091687,0.9424729,d
test_0704.jpg,0.7631055,0.06263951,0.07097986,0.1032751,a
test_0705.jpg,0.0064608944,0.005701719,0.95888174,0.02895572,c
test_0706.jpg,0.00013955976,0.9979843,0.001324106,0.0005519695,b
test_0707.jpg,0.0019255873,0.0001086342,0.00048686474,0.9974789,d
test_0708.jpg,0.002472337,9.005487e-05,2.5801151e-05,0.9974119,d
test_0709.jpg,2.282295e-05,1.7774533e-05,0.99975604,0.00020341873,c
test_0710.jpg,0.9978757,0.0019263533,0.00010209298,9.590748e-05,a
test_0711.jpg,0.00010886753,9.0254354e-05,0.9996213,0.0001794922,c
test_0712.jpg,0.00086266577,0.0009183029,0.6501948,0.34802422,c
test_0713.jpg,0.0027662052,0.26506537,0.7205223,0.011646158,c
test_0714.jpg,0.00048638394,0.0013221286,0.9964939,0.0016976468,c
test_0715.jpg,0.75358915,0.19053718,0.05458982,0.0012838296,a
test_0716.jpg,0.999801,2.4295994e-05,0.00014883101,2.5862952e-05,a
test_0717.jpg,0.0030113084,0.69219977,0.050142787,0.2546461,b
test_0718.jpg,3.119674e-05,0.9998031,2.5863008e-05,0.0001398141,b
test_0719.jpg,0.02146639,0.71086913,0.0061502233,0.2615142,b
test_0720.jpg,0.044931073,0.22817883,0.02404987,0.70284027,d
test_0721.jpg,2.1444393e-05,6.961975e-06,1.8924611e-05,0.9999527,d
test_0722.jpg,0.00588697,0.99003613,0.0021656954,0.0019112194,b
test_0723.jpg,0.00013977528,0.00013130673,0.99952555,0.00020337183,c
test_0724.jpg,7.9658814e-05,2.9304842e-05,0.00014882226,0.9997422,d
test_0725.jpg,2.2824997e-05,3.5352048e-05,0.99984574,9.609683e-05,c
test_0726.jpg,0.99848926,0.00011575765,7.021056e-05,0.001324776,a
test_0727.jpg,0.0024676349,9.568059e-05,0.9955149,0.0019217959,c
test_0728.jpg,0.00062552484,0.9980824,0.00026075754,0.0010313161,b
test_0729.jpg,0.00033509335,0.0001396877,0.9988992,0.0006260368,c
test_0730.jpg,0.00017951422,3.1194893e-05,4.5388304e-05,0.9997439,d
test_0731.jpg,7.029576e-05,7.029576e-05,0.999701,0.00015841394,c
test_0732.jpg,0.98626626,0.00070042105,0.0006181194,0.01241526,a
test_0733.jpg,0.0016817458,0.92735124,0.0037898726,0.0671771,b
test_0734.jpg,0.9997259,7.0297516e-05,0.00015841788,4.5387485e-05,a
test_0735.jpg,6.604501e-05,3.7631315e-05,0.999826,7.030455e-05,c
test_0736.jpg,0.99961984,7.482338e-05,0.00023047221,7.482338e-05,a
test_0737.jpg,9.609538e-05,3.320967e-05,4.005851e-05,0.9998306,d
test_0738.jpg,0.066927575,0.92390656,0.0029405924,0.0062252334,b
test_0739.jpg,0.0651724,0.018672204,0.89967716,0.016478162,c
test_0740.jpg,7.9639605e-05,0.9995011,0.00029589704,0.00012334823,b
test_0741.jpg,2.4299487e-05,5.093449e-06,0.9999447,2.586667e-05,c
test_0742.jpg,0.9955238,0.00017875645,0.0035904194,0.0007069955,a
test_0743.jpg,0.9991653,0.00029579762,0.00027787616,0.00026104046,a
test_0744.jpg,0.0025913932,0.5595851,0.43580532,0.002018179,b
test_0745.jpg,0.00037634102,0.9900351,0.0010230009,0.008565482,b
test_0746.jpg,0.00020337143,4.2628963e-05,0.9995235,0.00023045001,c
test_0747.jpg,3.1198128e-05,1.8922621e-05,0.99984753,0.00010229472,c
test_0748.jpg,0.00033335146,5.1121107e-05,0.99370676,0.005908796,c
test_0749.jpg,0.92082906,0.0029307972,0.0006539492,0.07558625,a
test_0750.jpg,0.0007800893,0.9693765,0.029272635,0.0005707255,b
test_0751.jpg,0.0072453325,0.652204,0.30807936,0.032471325,b
test_0752.jpg,0.0005510716,0.0021795304,0.0009085635,0.99636084,d
test_0753.jpg,0.0001398037,9.608558e-05,3.534791e-05,0.99972874,d
test_0754.jpg,0.9995683,0.000115882736,5.4739125e-05,0.00026114576,a
test_0755.jpg,0.00011583647,0.99916923,0.00037981317,0.00033518393,b
test_0756.jpg,1.2217763e-05,0.9998803,4.53945e-05,6.2046915e-05,b
test_0757.jpg,0.99989796,5.475718e-05,2.144322e-05,2.5865462e-05,a
test_0758.jpg,0.99930096,0.00011585175,0.00020332614,0.00037986325,a
test_0759.jpg,0.99896,0.00019094205,0.00070943584,0.0001396962,a
test_0760.jpg,0.00011928413,0.033074185,0.00023722484,0.96656936,d
test_0761.jpg,5.828143e-05,4.5389625e-05,0.99977297,0.00012338179,c
test_0762.jpg,2.0144063e-05,1.473771e-05,0.999899,6.604983e-05,c
test_0763.jpg,0.3761233,0.6201225,0.0010564531,0.0026977472,b
test_0764.jpg,0.9975293,0.00080274476,0.00016826445,0.0014997246,a
test_0765.jpg,0.002181681,0.00017908328,0.99734396,0.00029525842,c
test_0766.jpg,0.004005536,0.11705891,0.8649548,0.013980693,c
test_0767.jpg,0.9994905,0.00011587372,5.8264963e-05,0.00033529173,a
test_0768.jpg,0.9953507,0.0005505129,0.002177321,0.001921479,a
test_0769.jpg,0.99981433,7.9664555e-05,7.483794e-05,3.119709e-05,a
test_0770.jpg,0.00043052877,5.8265734e-05,7.407657e-06,0.99950373,d
test_0771.jpg,0.0016928812,0.9936965,0.0035838292,0.0010267842,b
test_0772.jpg,0.8334198,0.16411008,0.0008611707,0.0016088787,a
test_0773.jpg,8.478703e-05,7.9650046e-05,0.9996321,0.00020339352,c
test_0774.jpg,0.0035861605,0.0011642558,0.9943429,0.0009067234,c
test_0775.jpg,4.8319354e-05,8.48031e-05,0.9998216,4.539183e-05,c
test_0776.jpg,0.00021540583,3.743192e-05,0.99452835,0.0052188057,c
test_0777.jpg,0.00033499315,0.0002608929,0.99860054,0.0008036068,c
test_0778.jpg,0.9985,0.00010215685,0.00091051415,0.0004873631,a
test_0779.jpg,0.022919873,0.0021318803,0.00037046525,0.9745778,d
test_0780.jpg,0.0007082937,0.99735177,0.0010305612,0.0009094671,b
test_0781.jpg,0.9976477,0.00029534835,0.00013106003,0.0019259132,a
test_0782.jpg,0.998365,0.0011689651,0.00013115427,0.00033491413,a
test_0783.jpg,0.99888605,0.00013122273,0.00055246823,0.0004302627,a
test_0784.jpg,0.9996412,2.2820328e-05,0.00029593852,4.0050916e-05,a
test_0785.jpg,0.007249678,0.24007638,0.10007872,0.65259516,d
test_0786.jpg,0.511489,0.028856233,0.4513874,0.008267449,a
test_0787.jpg,0.6826471,0.02999342,0.0027898229,0.28456965,a
test_0788.jpg,0.99948263,9.024183e-05,0.0002958916,0.0001313011,a
test_0789.jpg,8.4791456e-05,0.99968433,5.1428622e-05,0.00017950352,b
test_0790.jpg,0.011972007,9.730267e-05,0.9510543,0.036876377,c
test_0791.jpg,4.8325062e-05,6.961885e-06,5.0934236e-06,0.9999397,d
test_0792.jpg,0.002796836,0.9957425,0.00029478435,0.0011658946,b
test_0793.jpg,0.0009097197,0.99762875,0.0009097197,0.0005517728,b
test_0794.jpg,0.00048560515,0.99489826,0.0005502627,0.004065922,b
test_0795.jpg,6.603095e-05,0.9996132,9.025362e-05,0.00023047069,b
test_0796.jpg,0.9891566,0.00037600708,0.0019095215,0.008557881,a
test_0797.jpg,0.00015840912,3.119261e-05,0.9996706,0.00013979558,c
test_0798.jpg,0.9895998,0.0031496794,0.006667871,0.0005826321,a
test_0799.jpg,1.6701239e-05,4.7849853e-06,6.1440423e-06,0.99997234,d
test_0800.jpg,0.000583145,0.00037650674,0.008569254,0.990471,d
test_0801.jpg,0.9991559,0.00029579486,0.00016853881,0.0003798081,a
test_0802.jpg,0.0015005217,0.00026075155,0.00017921175,0.99805945,d
test_0803.jpg,0.0007092376,0.9986809,0.00037962754,0.00023025573,b
test_0804.jpg,0.287313,0.0026460614,0.020812884,0.68922806,d
test_0805.jpg,0.9996766,7.482763e-05,0.00013979641,0.00010887355,a
test_0806.jpg,0.010885661,0.00074077846,0.97989583,0.0084777605,c
test_0807.jpg,0.00015842202,2.752962e-05,0.999752,6.2038955e-05,c
test_0808.jpg,0.0014731295,0.000740736,0.97983974,0.017946392,c
test_0809.jpg,0.7533055,0.001132549,0.24456248,0.0009994709,a
test_0810.jpg,0.9990683,0.00014872194,0.00055256905,0.00023034505,a
test_0811.jpg,0.00048764888,0.00013124892,0.9990854,0.000295774,c
test_0812.jpg,7.027229e-05,7.480447e-05,0.9993672,0.0004877864,c
test_0813.jpg,5.4735447e-05,0.000108854445,0.9995011,0.00033529528,c
test_0814.jpg,0.99647325,0.00021582708,0.00013934846,0.0031715562,a
test_0815.jpg,0.0002959085,6.2025785e-05,0.99953985,0.000102263235,c
test_0816.jpg,0.0017538914,0.9671339,0.02274481,0.0083673475,b
test_0817.jpg,0.99960536,0.00023046887,0.00011588704,4.8308902e-05,a
test_0818.jpg,0.0009066252,0.0016937989,0.9942352,0.003164433,c
test_0819.jpg,6.1921535e-05,0.9978598,0.0011683736,0.0009099303,b
test_0820.jpg,0.0041557327,0.0036674216,0.7919425,0.20023441,c
test_0821.jpg,9.026947e-05,1.2216643e-05,0.9997887,0.00010888576,c
test_0822.jpg,0.00022818347,0.989693,0.00037621098,0.009702609,b
test_0823.jpg,0.00016861319,0.9995968,3.1190302e-05,0.00020338633,b
test_0824.jpg,0.0014898026,0.9909298,0.000903611,0.006676832,b
test_0825.jpg,0.02262937,0.0044559874,0.9622253,0.010689358,c
test_0826.jpg,0.9995921,0.00012335947,0.0001686124,0.0001158855,a
test_0827.jpg,0.0141309975,0.020560479,0.6008653,0.3644432,c
test_0828.jpg,0.029188626,0.9665945,0.00073072297,0.0034860843,b
test_0829.jpg,0.991642,0.0011610934,0.0005152321,0.0066816313,a
test_0830.jpg,0.983564,0.0045548053,0.00095473893,0.01092641,a
test_0831.jpg,0.9999691,6.540278e-06,6.540278e-06,1.777832e-05,a
test_0832.jpg,0.03254153,0.9510029,0.008227787,0.008227787,b
test_0833.jpg,4.263104e-05,0.00016860904,0.9995722,0.00021649829,c
test_0834.jpg,0.0035886313,0.00035532258,0.99502796,0.00102816,c
test_0835.jpg,0.00048776262,3.5333404e-05,0.00015835333,0.9993185,d
test_0836.jpg,0.01588743,0.0010156494,0.0001764934,0.98292047,d
test_0837.jpg,0.0027930108,0.0009067578,0.99438065,0.0019196062,c
test_0838.jpg,0.0002779895,0.00012335708,2.585705e-05,0.9995728,d
test_0839.jpg,0.000102275044,5.1427127e-05,0.99965525,0.00019107494,c
test_0840.jpg,0.5158667,0.0032652891,0.40175736,0.07911072,a
test_0841.jpg,0.00011589786,0.00012337262,6.203565e-05,0.99969876,d
test_0842.jpg,8.937178e-06,0.9997093,0.00015841526,0.00012337393,b
test_0843.jpg,0.0071456037,0.032024372,0.9358894,0.024940608,c
test_0844.jpg,0.00013981272,3.763008e-05,2.9306337e-05,0.99979323,d
test_0845.jpg,0.00011591474,1.3844041e-05,2.5864074e-05,0.9998443,d
test_0846.jpg,0.00011583297,0.99913895,0.00031486666,0.00043037167,b
test_0847.jpg,0.7249691,0.0035737983,0.235363,0.036094084,a
test_0848.jpg,0.01082826,0.0005391073,0.9747288,0.013903759,c
test_0849.jpg,5.8290076e-05,3.72636e-06,1.6700387e-05,0.9999213,d
test_0850.jpg,5.4687072e-05,0.99861777,0.00015824228,0.0011692612,b
test_0851.jpg,0.004556409,0.004021017,0.0075122477,0.9839103,d
test_0852.jpg,0.055997733,0.87595195,0.0045965738,0.06345375,b
test_0853.jpg,0.0010310822,0.00020303213,0.99785596,0.0009099269,c
test_0854.jpg,5.143785e-05,2.2825408e-05,6.204589e-05,0.99986374,d
test_0855.jpg,0.00080252613,0.99725765,0.00090938126,0.001030464,b
test_0856.jpg,0.001169222,0.9985844,0.0001232351,0.0001232351,b
test_0857.jpg,4.0049377e-05,0.99960274,9.607347e-05,0.00026115475,b
test_0858.jpg,4.5395955e-05,2.7534039e-05,1.4737907e-05,0.9999124,d
test_0859.jpg,4.006316e-05,6.143886e-06,6.9619346e-06,0.99994683,d
test_0860.jpg,0.0006250332,0.0011677158,0.99729794,0.000909418,c
test_0861.jpg,9.6082345e-05,2.9303459e-05,0.00017950544,0.99969506,d
test_0862.jpg,0.9996221,0.00010227166,9.607534e-05,0.00017949234,a
test_0863.jpg,0.99885035,0.0002609582,0.00070935796,0.00017935377,a
test_0864.jpg,0.9998398,4.2642452e-05,5.1436622e-05,6.6045926e-05,a
test_0865.jpg,0.00010888664,8.4800995e-05,9.514409e-06,0.9997968,d
test_0866.jpg,0.00091026956,5.4665936e-05,0.9982318,0.0008033101,c
test_0867.jpg,0.00033504414,0.9987525,0.0007092884,0.00020321454,b
test_0868.jpg,6.142865e-06,0.9997807,5.475076e-05,0.00015842657,b
test_0869.jpg,0.009668433,0.9862069,0.0016801218,0.0024445627,b
test_0870.jpg,0.0019111714,0.046303444,0.56409144,0.387694,c
test_0871.jpg,9.026922e-05,2.1440817e-05,0.00010228842,0.99978596,d
test_0872.jpg,0.0008035574,0.00037957364,0.000277702,0.9985391,d
test_0873.jpg,5.1434155e-05,3.3208384e-05,0.00012338412,0.9997919,d
test_0874.jpg,0.000102292564,5.8284546e-05,1.300504e-05,0.9998265,d
test_0875.jpg,0.0008034708,0.00043006692,0.00033493646,0.9984315,d
test_0876.jpg,0.99696964,0.0024712407,0.000102000275,0.00045713354,a
test_0877.jpg,0.99982977,2.9307408e-05,7.4839096e-05,6.6045264e-05,a
test_0878.jpg,0.0006258795,0.99864835,0.00043016032,0.0002956446,b
test_0879.jpg,0.9871294,0.0024468494,0.009677477,0.00074624683,a
test_0880.jpg,7.482965e-05,9.026178e-05,0.9997036,0.00013133012,c
test_0881.jpg,0.0001685306,1.4726039e-05,0.9991072,0.0007095403,c
test_0882.jpg,0.99962664,9.0254835e-05,0.00020339241,7.964961e-05,a
test_0883.jpg,0.9998771,3.5353158e-05,2.1442773e-05,6.6048386e-05,a
test_0884.jpg,0.0016874472,0.007562612,0.00024309981,0.99050677,d
test_0885.jpg,0.008563451,0.00054744305,0.0010887205,0.9898003,d
test_0886.jpg,0.005344836,0.0010524606,0.09473949,0.89886326,d
test_0887.jpg,0.000115827876,0.9990951,7.960725e-05,0.0007095317,b
test_0888.jpg,2.753441e-05,3.9667075e-06,0.99992585,4.2646123e-05,c
test_0889.jpg,0.00062478345,0.0005513695,0.9968995,0.0019244688,c
test_0890.jpg,0.00029574466,0.9989863,0.0004876005,0.00023032614,b
test_0891.jpg,0.007568025,0.00031236972,0.9912157,0.0009038717,c
test_0892.jpg,0.009706389,0.00017777871,3.7264443e-05,0.99007857,d
test_0893.jpg,0.00089586375,0.98243386,0.015879564,0.000790597,b
test_0894.jpg,4.2574073e-05,0.99823654,0.00055210904,0.0011688148,b
test_0895.jpg,0.0010309402,0.9977186,0.0006252968,0.0006252968,b
test_0896.jpg,0.04029608,0.9171346,0.04029608,0.0022733493,b
test_0897.jpg,4.0062045e-05,2.429886e-05,1.6700347e-05,0.99991894,d
test_0898.jpg,0.95855457,0.00082113023,0.03716719,0.0034570876,a
test_0899.jpg,0.00010228116,2.4293906e-05,0.99971503,0.00015841617,c
test_0900.jpg,0.999255,0.00017942642,0.0003352127,0.0002303881,a
test_0901.jpg,0.10070239,0.0022248055,0.84317076,0.0539021,c
test_0902.jpg,2.9306151e-05,0.9997869,7.483589e-05,0.000108885564,b
test_0903.jpg,0.89238316,0.0007181302,0.00031866832,0.106579974,a
test_0904.jpg,0.99894136,0.00015829357,0.0007094226,0.00019093849,a
test_0905.jpg,0.97587603,0.0022723977,0.009567153,0.012284467,a
test_0906.jpg,0.9993364,0.00015835617,0.0004304567,7.480217e-05,a
test_0907.jpg,4.2601845e-05,0.9988877,3.7595997e-05,0.0010321483,b
test_0908.jpg,0.000115914394,3.1197935e-05,1.1477079e-05,0.99984133,d
test_0909.jpg,0.00970076,0.98950446,0.00031183043,0.00048297245,b
test_0910.jpg,0.00015827689,0.9988361,0.00037968653,0.0006259972,b
test_0911.jpg,0.0014979277,0.00024453,0.0019233773,0.9963341,d
test_0912.jpg,0.0013166928,0.9923969,0.00459571,0.0016906671,b
test_0913.jpg,0.00043051058,7.481153e-05,3.3197408e-05,0.9994615,d
test_0914.jpg,0.0003797001,0.0004875446,0.99887174,0.00026096377,c
test_0915.jpg,0.26254585,0.71367353,0.016783994,0.0069966097,b
test_0916.jpg,0.0027440265,0.97694105,0.015790781,0.004524135,b
test_0917.jpg,0.0049219625,0.04669828,0.010419795,0.93796,d
test_0918.jpg,0.00019369111,0.9519471,0.047394652,0.00046464088,b
test_0919.jpg,0.99992335,2.5866118e-05,2.1443764e-05,2.9310151e-05,a
test_0920.jpg,0.005880161,0.0027775918,0.9888911,0.002451216,c
test_0921.jpg,0.15628898,0.005347914,0.13792452,0.70043856,d
test_0922.jpg,0.00060966454,0.025923599,0.0006908405,0.9727759,d
test_0923.jpg,0.9577271,0.032771617,0.0030482356,0.0064531146,a
test_0924.jpg,0.0019259177,0.9976501,0.00017913825,0.00024485297,b
test_0925.jpg,3.3206736e-05,0.9997423,6.603949e-05,0.00015842049,b
test_0926.jpg,3.1197407e-05,0.000131346,1.3005014e-05,0.99982446,d
test_0927.jpg,7.9671176e-05,1.0782322e-05,1.2217971e-05,0.99989736,d
test_0928.jpg,0.23590203,0.3432354,0.03192587,0.38893667,d
test_0929.jpg,2.5856823e-05,0.999564,7.48192e-05,0.00033531638,b
test_0930.jpg,0.99973303,4.0054598e-05,0.00016863618,5.82791e-05,a
test_0931.jpg,0.9998548,4.539334e-05,5.1437393e-05,4.832096e-05,a
test_0932.jpg,0.00023029634,0.0008038132,0.00010878429,0.998857,d
test_0933.jpg,0.90453875,0.084135205,0.010048518,0.0012775257,a
test_0934.jpg,0.99938655,0.000102247555,0.00013128847,0.0003798958,a
test_0935.jpg,0.00015822037,3.758063e-05,0.9984794,0.0013247629,c
test_0936.jpg,0.7833073,0.005980625,0.012660983,0.19805111,a
test_0937.jpg,4.5396624e-05,1.0782643e-05,1.6700484e-05,0.99992716,d
test_0938.jpg,0.0027860075,0.9918873,0.0021697446,0.00315696,b
test_0939.jpg,0.9995547,0.00014879435,6.602709e-05,0.0002304572,a
test_0940.jpg,0.99650806,0.0007076945,0.00031403755,0.0024700966,a
test_0941.jpg,0.10688845,0.021047585,0.5428244,0.32923964,c
test_0942.jpg,0.00048764053,0.000108807304,0.00033515008,0.9990683,d
test_0943.jpg,7.023527e-05,0.99884075,0.0003796883,0.0007093511,b
test_0944.jpg,0.9752051,0.015762722,0.004516096,0.004516096,a
test_0945.jpg,0.9990343,0.00021638177,0.00012329062,0.0006261214,a
test_0946.jpg,0.27774742,0.022798898,0.66628146,0.033172198,c
test_0947.jpg,5.4757278e-05,3.5353958e-05,1.0129077e-05,0.99989974,d
test_0948.jpg,0.00013060283,0.9941673,0.0052169114,0.00048524837,b
test_0949.jpg,0.9880427,0.0075437985,0.00037558365,0.0040379046,a
test_0950.jpg,0.0052065635,0.00013875023,0.99219537,0.0024594066,c
test_0951.jpg,0.9843052,0.0009554584,0.0006990283,0.014040358,a
test_0952.jpg,0.9997727,5.4750322e-05,0.000102287064,7.030081e-05,a
test_0953.jpg,0.0014990867,0.0004866823,0.00090924214,0.99710506,d
test_0954.jpg,0.00010887394,0.00013132703,7.9653866e-05,0.99968016,d
test_0955.jpg,0.00017920553,0.9980248,0.00029546,0.0015004695,b
test_0956.jpg,0.99675685,0.0011670822,0.00075352495,0.0013224775,a
test_0957.jpg,0.0008039212,0.00010879891,9.601469e-05,0.9989912,d
test_0958.jpg,0.0009094162,0.9972959,0.00029524422,0.0014993737,b
test_0959.jpg,0.99933726,0.00048777182,9.022871e-05,8.476202e-05,a
test_0960.jpg,0.0028899463,0.9079941,0.031069849,0.05804612,b
test_0961.jpg,0.00070919126,0.9986156,0.00037960274,0.0002956349,b
test_0962.jpg,0.000202359,3.103276e-05,0.99454767,0.0052189073,c
test_0963.jpg,0.00016849067,0.99887043,0.0003350837,0.00062601874,b
test_0964.jpg,0.00037963782,0.00010876805,0.0008036932,0.9987079,d
test_0965.jpg,3.5326804e-05,0.99913186,0.00012330266,0.00070955785,b
test_0966.jpg,0.00013971812,0.9991167,0.000190972,0.0005525958,b
test_0967.jpg,0.00020330821,9.6036005e-05,0.99921286,0.00048771108,c
test_0968.jpg,0.999699,0.00014881583,9.026136e-05,6.2035666e-05,a
test_0969.jpg,0.0007075791,0.00014831664,0.9963456,0.0027985298,c
test_0970.jpg,0.00017952327,9.514385e-06,1.6698265e-05,0.9997943,d
test_0971.jpg,0.0005488739,0.9923873,0.00037723515,0.006686653,b
test_0972.jpg,7.0306785e-05,2.9308227e-05,4.2643216e-05,0.99985766,d
test_0973.jpg,0.13093586,0.85380906,0.013800537,0.0014545661,b
test_0974.jpg,0.057056896,0.3283398,0.54134077,0.073262505,c
test_0975.jpg,3.7618567e-05,0.9994873,0.00013976994,0.00033529062,b
test_0976.jpg,2.5866559e-05,1.473832e-05,1.8924378e-05,0.9999404,d
test_0977.jpg,0.00021561445,0.99549156,0.001496661,0.002796131,b
test_0978.jpg,0.0003798356,9.6037475e-05,0.99922824,0.00029581628,c
test_0979.jpg,0.99994504,1.3006583e-05,6.5401205e-06,3.535556e-05,a
test_0980.jpg,0.9996458,0.00010227408,3.534498e-05,0.00021651424,a
test_0981.jpg,0.0009075232,0.99522,0.002177035,0.0016954767,b
test_0982.jpg,0.99906236,9.602153e-05,3.760257e-05,0.0008039785,a
test_0983.jpg,0.000910688,0.00016846033,0.00023025798,0.99869066,d
test_0984.jpg,0.0006251589,0.99749845,0.0007083979,0.0011679506,b
test_0985.jpg,0.042118788,0.7465733,0.1887633,0.022544563,b
test_0986.jpg,0.9986891,0.00024510798,0.0007092434,0.00035663,a
test_0987.jpg,0.0010257486,0.0003773518,0.005902775,0.99269414,d
test_0988.jpg,8.4808606e-05,1.4737526e-05,1.3844625e-05,0.9998865,d
test_0989.jpg,0.9994531,0.00014877923,0.00029588284,0.000102254366,a
test_0990.jpg,0.04759518,0.8436447,0.08891949,0.019840622,b
test_0991.jpg,0.99992955,3.3212957e-05,1.3006381e-05,2.429912e-05,a
test_0992.jpg,0.0010236062,0.9306022,0.000961589,0.0674126,b
test_0993.jpg,0.9994481,0.00043050482,9.023872e-05,3.1185667e-05,a
test_0994.jpg,6.605016e-05,1.7777162e-05,1.2218051e-05,0.9999039,d
test_0995.jpg,0.0006263421,0.9388366,0.0005192558,0.060017813,b
test_0996.jpg,0.00017950995,1.0127258e-05,0.99972016,9.026328e-05,c
test_0997.jpg,0.9991725,0.00012330769,0.00021641172,0.0004876914,a
test_0998.jpg,0.00020335501,0.9994429,0.00012334104,0.00023043141,b
test_0999.jpg,0.010640025,0.00127077,0.24216586,0.7459234,d
test_1000.jpg,2.9309285e-05,1.0782283e-05,0.9998938,6.604949e-05,c
test_1001.jpg,9.609658e-05,3.3210086e-05,2.753213e-05,0.9998431,d
test_1002.jpg,0.003146508,0.0007020808,0.0075480794,0.98860335,d
test_1003.jpg,0.9992829,0.00019100375,0.00019100375,0.00033522205,a
test_1004.jpg,0.0008022055,0.0021806206,0.00015796363,0.9968592,d
test_1005.jpg,0.14362402,0.02828125,0.0015955189,0.8264993,d
test_1006.jpg,0.0011602963,0.99096125,0.00031228954,0.0075660823,b
test_1007.jpg,0.00017932963,0.9987159,0.0005523741,0.0005523741,b
test_1008.jpg,0.0031473807,0.9888776,0.0013120234,0.006663005,b
test_1009.jpg,0.99852645,0.00033496832,0.0008035472,0.00033496832,a
test_1010.jpg,0.00020230588,0.9942866,0.00090667204,0.0046044607,b
test_1011.jpg,7.481542e-05,0.9995135,0.000115876384,0.0002959007,b
test_1012.jpg,0.013512734,0.12820525,0.022278732,0.83600324,d
test_1013.jpg,0.0013241627,0.0002449455,0.00040384682,0.998027,d
test_1014.jpg,9.023059e-05,0.9993581,0.00033524728,0.00021645191,b
test_1015.jpg,0.03522968,0.22972637,0.70760703,0.027436903,c
test_1016.jpg,0.99879056,0.0006259687,0.00017934303,0.00040415575,a
test_1017.jpg,5.475833e-05,1.4738003e-05,1.147797e-05,0.99991894,d
test_1018.jpg,7.966713e-05,1.8922603e-05,5.4754368e-05,0.9998466,d
test_1019.jpg,0.08416483,0.008870908,0.0021070251,0.9048572,d
test_1020.jpg,0.00037904351,0.9971445,0.0005515051,0.0019249418,b
test_1021.jpg,0.99948007,0.00031497414,0.000108852146,9.606168e-05,a
test_1022.jpg,4.8322952e-05,1.3005945e-05,4.264485e-05,0.99989605,d
test_1023.jpg,4.2612715e-05,1.0774183e-05,0.9991425,0.000804043,c
test_1024.jpg,0.9999056,3.321216e-05,2.5865658e-05,3.535416e-05,a
test_1025.jpg,2.585848e-05,0.99962807,8.478668e-05,0.00026116136,b
test_1026.jpg,3.3210297e-05,3.76322e-05,0.99984944,7.9667356e-05,c
test_1027.jpg,0.0010321167,3.1167227e-05,7.958829e-05,0.99885714,d
test_1028.jpg,1.147446e-05,0.9996132,4.0049796e-05,0.00033533288,b
test_1029.jpg,0.7718809,0.0066780783,0.00029341428,0.2211476,a
test_1030.jpg,0.99985695,6.204547e-05,1.89228e-05,6.204547e-05,a
test_1031.jpg,0.021531574,0.7130278,0.085159026,0.18028165,b
test_1032.jpg,6.604012e-05,6.604012e-05,0.999752,0.00011590403,c
test_1033.jpg,0.0014874266,0.98934937,0.0045815967,0.0045815967,b
test_1034.jpg,0.059976522,0.001244773,0.9381907,0.0005879891,c
test_1035.jpg,0.16927001,0.46012354,0.012261877,0.35834458,b
test_1036.jpg,3.120133e-05,1.4738463e-05,3.9668034e-06,0.99995005,d
test_1037.jpg,0.0035753865,0.0019137665,0.0031552676,0.9913556,d
test_1038.jpg,1.892471e-05,8.397788e-06,0.9999579,1.4738578e-05,c
test_1039.jpg,0.0010313798,0.000115717616,0.99814403,0.0007088563,c
test_1040.jpg,0.0002165081,4.263297e-05,0.0001233626,0.99961746,d
test_1041.jpg,0.46628425,0.0051799505,0.00016650924,0.5283693,d
test_1042.jpg,0.004064829,0.0010277496,0.9946308,0.0002766151,c
test_1043.jpg,0.22698921,0.065033495,0.008801327,0.699176,d
test_1044.jpg,1.1477388e-05,0.9998683,3.5352845e-05,8.480706e-05,b
test_1045.jpg,0.0014865049,8.386287e-05,0.98873633,0.0096932305,c
test_1046.jpg,7.479926e-05,0.0005526959,7.479926e-05,0.9992976,d
test_1047.jpg,0.01587543,0.0002731519,0.98217815,0.0016732584,c
test_1048.jpg,0.0035863735,0.0005166661,0.994402,0.0014950229,c
test_1049.jpg,0.9879924,0.0009009325,0.007543415,0.0035632572,a
test_1050.jpg,0.047352668,0.0012619059,0.0002815693,0.9511038,d
test_1051.jpg,0.00017944885,0.9993799,0.00017944885,0.00026109655,b
test_1052.jpg,0.00013979964,0.00010227959,5.8277157e-05,0.9996997,d
test_1053.jpg,4.264595e-05,1.777748e-05,1.777748e-05,0.9999218,d
test_1054.jpg,2.0142917e-05,0.99984217,3.535192e-05,0.00010229417,b
test_1055.jpg,0.9998845,2.7533271e-05,2.5865113e-05,6.204718e-05,a
test_1056.jpg,9.027628e-05,2.2825418e-05,2.2825418e-05,0.9998641,d
test_1057.jpg,6.604968e-05,1.3005953e-05,2.4298319e-05,0.99989665,d
test_1058.jpg,7.963845e-05,0.99948657,0.0002304415,0.0002033639,b
test_1059.jpg,2.0133519e-05,0.99937564,5.1412742e-05,0.000552739,b
test_1060.jpg,0.00010888987,3.5351364e-05,2.930731e-05,0.9998265,d
test_1061.jpg,0.0014989052,0.0010301815,0.9969843,0.00048662332,c
test_1062.jpg,0.9998287,5.828468e-05,5.828468e-05,5.475339e-05,a
test_1063.jpg,0.9641217,0.006496201,0.00026813024,0.029113954,a
test_1064.jpg,0.99896955,7.9597245e-05,0.0009109423,4.002401e-05,a
test_1065.jpg,0.00037960193,0.00080361724,0.00020318627,0.9986135,d
test_1066.jpg,0.9998957,3.3211832e-05,2.2826138e-05,4.8322934e-05,a
test_1067.jpg,0.000102282356,3.119436e-05,0.9997267,0.00013980342,c
test_1068.jpg,0.967266,0.0012055956,0.025776766,0.005751574,a
test_1069.jpg,1.4723849e-05,0.9989586,0.00011581206,0.0009109323,b
test_1070.jpg,0.97824347,0.020302795,0.0011454053,0.00030828168,a
test_1071.jpg,0.23587587,0.0014025692,0.036172736,0.72654885,d
test_1072.jpg,0.00026084165,0.00070904114,0.9984043,0.0006257266,c
test_1073.jpg,0.00023037907,0.0004304048,0.99921584,0.00012331303,c
test_1074.jpg,0.00020341873,1.7774533e-05,2.282295e-05,0.99975604,d
test_1075.jpg,0.008945348,0.17967209,0.0061480408,0.80523443,d
test_1076.jpg,0.0158066,0.0027467753,0.9779197,0.0035269293,c
test_1077.jpg,1.892316e-05,0.999876,2.01436e-05,8.480772e-05,b
test_1078.jpg,7.029822e-05,3.5348163e-05,0.9997359,0.00015841947,c
test_1079.jpg,0.99991095,3.1200107e-05,1.7777287e-05,4.0061725e-05,a
test_1080.jpg,0.0031701447,0.99602985,0.00031388685,0.00048615746,b
test_1081.jpg,0.9999362,1.3845313e-05,1.6700635e-05,3.321318e-05,a
test_1082.jpg,9.0269335e-05,2.0141812e-05,0.000102288555,0.9997873,d
test_1083.jpg,0.99979585,9.609203e-05,3.3208515e-05,7.483656e-05,a
test_1084.jpg,0.9997315,8.479546e-05,7.483174e-05,0.00010887953,a
test_1085.jpg,0.0015005629,0.00037940175,3.315175e-05,0.9980869,d
test_1086.jpg,0.2019373,0.018783096,0.6220107,0.15726894,c
test_1087.jpg,4.2634427e-05,0.9996517,0.00010227468,0.0002033975,b
test_1088.jpg,0.009695128,0.0010218588,0.00035314495,0.9889298,d
test_1089.jpg,0.95963985,0.037209272,0.0023787094,0.00077225384,a
test_1090.jpg,4.539525e-05,1.2217965e-05,4.539525e-05,0.9998969,d
test_1091.jpg,0.0023093005,0.87519324,0.11844452,0.004052949,b
test_1092.jpg,0.000108780165,4.0017978e-05,0.0010320774,0.99881905,d
test_1093.jpg,0.9994797,7.9637895e-05,0.0002611226,0.00017946678,a
test_1094.jpg,5.143881e-05,1.4737464e-05,0.99988234,5.143881e-05,c
test_1095.jpg,0.0031654001,0.00080033846,0.9945391,0.001495229,c
test_1096.jpg,0.996792,0.0027997838,0.00013094764,0.00027721614,a
test_1097.jpg,0.00026117114,3.3204185e-05,4.005189e-05,0.9996655,d
test_1098.jpg,0.9996196,7.964905e-05,0.00023047216,7.029004e-05,a
test_1099.jpg,9.023879e-05,0.99944896,0.00023043281,0.00023043281,b
test_1100.jpg,0.0019226397,0.00020264473,0.0019226397,0.995952,d
test_1101.jpg,0.999485,0.0002958923,0.00014878398,7.028058e-05,a
test_1102.jpg,0.9967879,0.00037890795,0.0019242533,0.0009089529,a
test_1103.jpg,0.00087227894,0.04202875,0.95656997,0.0005290639,c
test_1104.jpg,0.00014867565,6.197723e-05,0.99875736,0.0010320136,c
test_1105.jpg,0.00048658517,0.0016983491,0.9969061,0.0009090607,c
test_1106.jpg,0.00021641335,0.00011583773,0.99918,0.00048769507,c
test_1107.jpg,0.00013133136,0.00013133136,2.4293857e-05,0.999713,d
test_1108.jpg,4.5372584e-05,0.99939764,0.00029586643,0.00026110117,b
test_1109.jpg,0.9962004,0.00037868464,0.0019231192,0.0014977267,a
test_1110.jpg,0.00014880062,0.00017948782,7.482166e-05,0.9995969,d
test_1111.jpg,0.00042984387,0.0010311418,0.99791366,0.0006254191,c
test_1112.jpg,0.00017918146,0.000429834,0.001500268,0.9978908,d
test_1113.jpg,0.0057664895,0.0016521271,0.022806909,0.9697744,d
test_1114.jpg,0.99948883,7.481358e-05,0.00019104313,0.00024530428,a
test_1115.jpg,1.7777864e-05,1.3006561e-05,0.9999434,2.5866637e-05,c
test_1116.jpg,0.0045788037,0.0007956767,0.9887462,0.0058792997,c
test_1117.jpg,0.99990237,4.0061383e-05,3.3212054e-05,2.4298459e-05,a
test_1118.jpg,0.1122861,0.6461619,0.0038422192,0.23770972,b
test_1119.jpg,0.00020336837,8.477654e-05,0.9995085,0.00020336837,c
test_1120.jpg,0.7093199,0.10877773,0.17934416,0.0025582071,a
test_1121.jpg,0.0009083357,0.9961111,0.0021789842,0.0008016035,b
test_1122.jpg,0.9998109,4.8318834e-05,6.604401e-05,7.483768e-05,a
test_1123.jpg,0.00023040992,4.003924e-05,0.99934965,0.00037988176,c
test_1124.jpg,3.3203578e-05,0.99964726,5.82741e-05,0.0002611664,b
test_1125.jpg,0.0016939394,0.0035860697,0.00040234585,0.9943177,d
test_1126.jpg,0.00080307835,0.001168472,8.464383e-05,0.9979438,d
test_1127.jpg,0.0007088622,0.0007088622,0.9981523,0.00042994667,c
test_1128.jpg,0.009690437,0.98845136,0.000546697,0.0013114578,b
test_1129.jpg,0.00090894545,0.000130946,0.99677974,0.0021804469,c
test_1130.jpg,0.77067727,0.029882401,0.19485773,0.0045826146,a
test_1131.jpg,0.0005174257,0.118939,0.87884694,0.0016965737,c
test_1132.jpg,0.000879483,7.219236e-05,0.851142,0.14790629,c
test_1133.jpg,0.0017002133,0.00013110637,0.0001683439,0.9980003,d
test_1134.jpg,0.29868338,0.08557422,0.43458176,0.18116061,c
test_1135.jpg,0.99877506,0.00023027744,0.0001909067,0.0008037473,a
test_1136.jpg,0.012397001,0.0014806105,0.9848157,0.0013066342,c
test_1137.jpg,0.999959,8.93941e-06,6.1439605e-06,2.586704e-05,a
test_1138.jpg,0.0001157246,0.0015007394,0.99820423,0.00017923776,c
test_1139.jpg,0.000625846,7.021798e-05,0.9985948,0.0007091765,c
test_1140.jpg,0.00020335434,9.605779e-05,0.00026111212,0.99943954,d
test_1141.jpg,0.4777388,0.4777388,0.034607284,0.009915153,a
test_1142.jpg,0.0075091375,0.98350304,0.001478637,0.0075091375,b
test_1143.jpg,5.1369614e-05,0.9985373,0.0010317862,0.00037957294,b
test_1144.jpg,0.0035889794,0.00048571557,0.9951245,0.00080080953,c
test_1145.jpg,7.9633624e-05,6.5367262e-06,0.9994261,0.00048781515,c
test_1146.jpg,0.00079087587,0.98278046,0.0005435605,0.015885167,b
test_1147.jpg,0.008967039,0.8071871,0.0037380182,0.18010779,b
test_1148.jpg,0.021698268,0.09724489,0.8142215,0.066835366,c
test_1149.jpg,0.23902763,0.087933354,0.5733975,0.09964153,c
test_1150.jpg,0.0009107769,0.00021632847,8.4715444e-05,0.9987882,d
test_1151.jpg,0.00055121945,0.9966281,0.0013223067,0.0014983697,b
test_1152.jpg,0.9907464,0.008571636,0.0005147667,0.00016712029,a
test_1153.jpg,0.00014837868,0.9967623,0.00090892956,0.0021804087,b
test_1154.jpg,0.00015842573,5.1433304e-05,1.4735887e-05,0.99977535,d
test_1155.jpg,0.99364763,0.00016760969,0.00027634166,0.0059084445,a
test_1156.jpg,0.00020338083,5.826958e-05,0.00016860862,0.9995697,d
test_1157.jpg,0.001851447,0.900966,0.05759683,0.039585683,b
test_1158.jpg,0.00011555091,0.99670607,0.00037887684,0.0027995424,b
test_1159.jpg,3.3212957e-05,7.888769e-06,2.9310333e-05,0.99992955,d
test_1160.jpg,0.99888915,0.00015828529,0.00080383907,0.00014869527,a
test_1161.jpg,0.98518467,0.000511877,0.012401645,0.0019018538,a
test_1162.jpg,0.3881153,0.0062732995,0.56470436,0.04090705,c
test_1163.jpg,0.000709272,0.00013120213,0.00043019518,0.9987293,d
test_1164.jpg,0.0014921796,9.539186e-05,0.0059016845,0.9925108,d
test_1165.jpg,7.030918e-05,1.7776945e-05,2.0143916e-05,0.99989176,d
test_1166.jpg,0.00037642624,0.9902593,0.008567422,0.0007968943,b
test_1167.jpg,0.00026112475,0.00010225792,0.0001487844,0.9994879,d
test_1168.jpg,2.2826236e-05,1.8923613e-05,0.9999,5.8288835e-05,c
test_1169.jpg,0.009942608,0.044559672,0.05049273,0.895005,d
test_1170.jpg,0.99988985,2.9309169e-05,5.1439198e-05,2.9309169e-05,a
test_1171.jpg,0.00026111287,0.00023043131,6.6019675e-05,0.9994424,d
test_1172.jpg,0.0003789714,0.0014988609,0.9969548,0.001167314,c
test_1173.jpg,9.023812e-05,3.7616846e-05,0.000430502,0.99944156,d
test_1174.jpg,0.00033463753,0.9975405,0.0006251852,0.0014997413,b
test_1175.jpg,0.99644214,0.0003558276,0.002798801,0.0004032055,a
test_1176.jpg,0.00026110656,9.023602e-05,0.99941826,0.00023042574,c
test_1177.jpg,7.960306e-05,0.99904245,0.00016851969,0.0007094944,b
test_1178.jpg,0.5615588,0.43734244,0.0006999241,0.00039880467,a
test_1179.jpg,0.0075631063,0.9905715,0.0016875573,0.00017786722,b
test_1180.jpg,5.142626e-05,0.99963844,7.965055e-05,0.00023047651,b
test_1181.jpg,0.000131246,0.00070950907,0.9990632,9.602161e-05,c
test_1182.jpg,0.0009098336,0.00016830229,0.9977537,0.0011682494,c
test_1183.jpg,0.8968436,0.09452662,0.00087056006,0.0077592176,a
test_1184.jpg,0.0003545463,0.000101579215,0.99285406,0.006689798,c
test_1185.jpg,0.98292714,0.0085039865,0.0040169987,0.0045518563,a
test_1186.jpg,0.99980634,3.7630572e-05,0.000115910334,4.0057534e-05,a
test_1187.jpg,0.00014877782,0.9994437,0.00021647045,0.0001910345,b
test_1188.jpg,0.99764794,0.0005183526,0.0010308672,0.0008028402,a
test_1189.jpg,0.9986683,0.0011693203,3.1161333e-05,0.00013119412,a
test_1190.jpg,3.118832e-05,0.9995332,0.00013977636,0.00029590653,b
test_1191.jpg,0.00016820924,0.99720204,0.00015801795,0.0024718167,b
test_1192.jpg,0.00054139795,0.02031581,0.000272232,0.9788705,d
test_1193.jpg,0.9995906,0.00017948668,9.0251575e-05,0.00013978437,a
test_1194.jpg,0.0014299586,0.951125,0.041789517,0.005655596,b
test_1195.jpg,8.478998e-05,1.7772947e-05,0.9996669,0.00023048307,c
test_1196.jpg,0.9989084,0.00043027234,0.00010878989,0.00055248063,a
test_1197.jpg,0.0003440428,0.0003231983,0.37728876,0.622044,d
test_1198.jpg,0.00010885954,0.00013977842,0.9995479,0.00020337639,c
test_1199.jpg,0.00023041797,0.00024527867,0.00013975558,0.9993845,d
test_1200.jpg,0.0045625437,0.001678466,0.985235,0.008523953,c
test_1201.jpg,1.30070275e-05,3.5007943e-06,4.2227634e-06,0.99997926,d
test_1202.jpg,6.2011335e-05,0.9993069,0.00029583956,0.0003352301,b
test_1203.jpg,0.9783983,0.0007873494,0.020306008,0.00050835096,a
test_1204.jpg,0.000108591346,0.9970854,0.0021811156,0.0006249,b
test_1205.jpg,0.9971095,0.00037903019,3.9949482e-05,0.0024715874,a
test_1206.jpg,0.0008038815,0.00015829364,9.600995e-05,0.99894184,d
test_1207.jpg,0.99804986,0.00045762886,0.00016835224,0.001324193,a
test_1208.jpg,0.0016816368,0.0045711626,0.9870962,0.006651002,c
test_1209.jpg,0.00062612386,4.002676e-05,0.9990382,0.00029576,c
test_1210.jpg,0.0024248208,0.863296,0.0018884523,0.13239072,b
test_1211.jpg,0.99926764,0.0006262677,5.4722663e-05,5.1407187e-05,a
test_1212.jpg,0.0006248789,0.0006248789,0.9970517,0.0016985972,c
test_1213.jpg,0.005797189,0.0108305765,0.9749374,0.008434861,c
test_1214.jpg,0.0024217702,0.97701186,0.020277234,0.00028923922,b
test_1215.jpg,0.85133976,0.14794065,0.0003040118,0.00041553492,a
test_1216.jpg,0.00055250054,0.99894446,0.00012327953,0.00037972772,b
test_1217.jpg,3.32133e-05,1.3006516e-05,1.3845364e-05,0.9999399,d
test_1218.jpg,0.004435611,0.00060029456,0.037138913,0.9578252,d
test_1219.jpg,0.002175754,0.0016944789,0.9946344,0.0014953723,c
test_1220.jpg,0.0021581375,0.87065476,0.103984885,0.023202162,b
test_1221.jpg,0.0031683552,0.99546754,0.00045644483,0.00090774894,b
test_1222.jpg,0.0024703236,0.9965996,0.00037883638,0.0005512037,b
test_1223.jpg,0.01795944,0.0013009774,0.00018742356,0.98055214,d
test_1224.jpg,0.002177396,0.00026005285,0.9953851,0.002177396,c
test_1225.jpg,0.0019255878,0.99747914,0.00037917073,0.00021604494,b
test_1226.jpg,5.1394898e-05,0.9990288,0.00011582019,0.00080395147,b
test_1227.jpg,0.00033516623,0.00016853218,0.9991165,0.0003797931,c
test_1228.jpg,0.00033524176,6.201348e-05,0.0002610865,0.99934155,d
test_1229.jpg,0.00015835576,0.00048777013,2.0132677e-05,0.9993338,d
test_1230.jpg,0.98639023,0.012416821,0.00079378084,0.00039913805,a
test_1231.jpg,4.831922e-05,9.514618e-06,0.99981886,0.00012338745,c
test_1232.jpg,0.59777105,0.13338074,0.15114018,0.11770809,a
test_1233.jpg,4.2633787e-05,0.99963665,9.025574e-05,0.00023047609,b
test_1234.jpg,0.0150425965,0.34236792,0.63962746,0.002962063,c
test_1235.jpg,0.00029557472,0.00012321386,0.99841225,0.0011690205,c
test_1236.jpg,0.0013089876,0.0075327028,0.98658943,0.0045688157,c
test_1237.jpg,0.999905,2.282635e-05,5.8289126e-05,1.3844881e-05,a
test_1238.jpg,3.5351124e-05,4.2641594e-05,0.9998197,0.000102291866,c
test_1239.jpg,0.0014918264,0.005206986,0.9922759,0.0010253163,c
test_1240.jpg,0.00043050692,5.8262776e-05,5.8262776e-05,0.999453,d
test_1241.jpg,0.00015840918,5.474475e-05,0.999671,0.00011589464,c
test_1242.jpg,0.009609929,0.98023933,0.0016699553,0.008480732,b
test_1243.jpg,0.99684525,0.00080219423,0.0010300378,0.0013225947,a
test_1244.jpg,0.00080176455,0.99631125,0.002179422,0.00070755475,b
test_1245.jpg,0.00012335979,5.1424013e-05,0.00023046642,0.99959475,d
test_1246.jpg,0.0003794535,0.00048722792,0.998223,0.0009102616,c
test_1247.jpg,0.1044273,0.8743591,0.0051991288,0.016014446,b
test_1248.jpg,0.0010304145,0.00026052954,0.0014992441,0.9972097,d
test_1249.jpg,0.9992224,0.0001312669,2.0130432e-05,0.00062623934,a
test_1250.jpg,0.0010869484,0.06724712,0.0033480371,0.92831784,d
test_1251.jpg,0.0009989213,0.9667314,0.02919276,0.0030768944,b
test_1252.jpg,0.00043046498,0.0001685725,4.5370674e-05,0.9993556,d
test_1253.jpg,1.7773584e-05,0.99970263,0.00013980006,0.00013980006,b
test_1254.jpg,0.00026111025,0.00026111025,4.5374163e-05,0.9994324,d
test_1255.jpg,7.0279864e-05,2.428807e-05,0.00043051637,0.99947494,d
test_1256.jpg,0.00048765636,0.00029577853,0.00011582854,0.9991008,d
test_1257.jpg,0.00037989908,4.5372475e-05,0.99939525,0.00017945161,c
test_1258.jpg,0.8794899,0.01421563,0.07219293,0.034101523,a
test_1259.jpg,0.7907106,0.014482371,0.07354754,0.121259406,a
test_1260.jpg,0.022962576,0.00050730933,0.00013654048,0.9763935,d
test_1261.jpg,0.00010889525,5.0930985e-06,1.0128835e-05,0.9998758,d
test_1262.jpg,0.00013981844,1.2217198e-05,1.3843899e-05,0.99983406,d
test_1263.jpg,1.0781818e-05,0.99985063,4.832076e-05,9.027506e-05,b
test_1264.jpg,3.3213175e-05,2.282706e-05,7.888821e-06,0.9999361,d
test_1265.jpg,0.0035875596,0.00051683694,0.00116471,0.99473083,d
test_1266.jpg,0.00017946059,4.004307e-05,0.99944526,0.00033527653,c
test_1267.jpg,0.021714441,0.03580106,0.019162927,0.92332155,d
test_1268.jpg,0.00020341761,2.9305085e-05,1.6697535e-05,0.99975055,d
test_1269.jpg,0.0005525043,6.5987224e-05,0.0004302908,0.9989512,d
test_1270.jpg,2.4299756e-05,1.3845584e-05,6.1439405e-06,0.9999558,d
test_1271.jpg,0.00013131155,4.5380057e-05,0.9995622,0.00026114416,c
test_1272.jpg,0.0012966312,0.9772764,0.020282723,0.001144273,b
test_1273.jpg,0.001435089,0.0020880422,0.04193945,0.95453745,d
test_1274.jpg,0.019840622,0.8436447,0.08891949,0.04759518,b
test_1275.jpg,0.98541903,0.012404595,0.0002740532,0.0019023062,a
test_1276.jpg,0.00015356958,5.307223e-05,0.754759,0.24503437,c
test_1277.jpg,0.00055224757,0.00033495508,0.998487,0.00062577846,c
test_1278.jpg,0.16430062,0.0011070489,0.00020478349,0.8343875,d
test_1279.jpg,0.0007514577,0.9940223,0.004062342,0.0011638805,b
test_1280.jpg,0.00029568552,0.000487503,0.9987866,0.0004302199,c
test_1281.jpg,0.022676624,0.45547217,0.5161176,0.005733549,c
test_1282.jpg,4.264575e-05,8.939036e-06,0.99991715,3.12003e-05,c
test_1283.jpg,0.0013235214,0.000102059006,0.99754363,0.0010307595,c
test_1284.jpg,0.999613,0.000108866625,0.00020338962,7.482286e-05,a
test_1285.jpg,0.0001313415,5.8282436e-05,2.0141872e-05,0.99979025,d
test_1286.jpg,0.999642,0.00010227369,0.000115891286,0.00013979158,a
test_1287.jpg,0.051081225,0.0397821,0.90543634,0.0037003115,c
test_1288.jpg,0.009688251,0.00039988183,0.9882284,0.0016835656,c
test_1289.jpg,0.9902687,0.0019116683,0.00025871617,0.0075607947,a
test_1290.jpg,0.00048763058,8.473748e-05,0.99904794,0.00037976707,c
test_1291.jpg,0.00011588987,7.482412e-05,0.99962974,0.00017949371,c
test_1292.jpg,1.6692698e-05,0.999461,0.0002611177,0.0002611177,b
test_1293.jpg,0.95936894,0.0328278,0.002098611,0.005704616,a
test_1294.jpg,0.00079681014,0.9901546,0.0075599235,0.0014886373,b
test_1295.jpg,0.9992416,6.60064e-05,0.00055266486,0.00013973558,a
test_1296.jpg,0.00023048765,5.142875e-05,3.1193114e-05,0.99968684,d
test_1297.jpg,0.0004293493,0.00033437758,0.0024707348,0.9967655,d
test_1298.jpg,0.38660014,0.09774782,0.4964044,0.019247686,c
test_1299.jpg,0.9960724,0.00037863597,0.0031702803,0.00037863597,a
test_1300.jpg,8.39297e-06,0.99938405,5.4729036e-05,0.0005527437,b
test_1301.jpg,1.8920262e-05,0.9997229,5.4747594e-05,0.000203412,b
test_1302.jpg,0.99274385,0.0035803935,9.541425e-05,0.0035803935,a
test_1303.jpg,0.0003349429,4.532959e-05,0.99845064,0.0011690655,c
test_1304.jpg,0.0035912138,0.000178796,0.00048601796,0.99574405,d
test_1305.jpg,0.00625785,0.076236226,0.8196167,0.09788926,c
test_1306.jpg,0.00012318135,2.7485477e-05,0.9981489,0.0017004664,c
test_1307.jpg,0.9988739,0.00015828288,0.0003797009,0.00058809225,a
test_1308.jpg,0.00033483098,0.9981171,0.00037941322,0.0011686749,b
test_1309.jpg,0.99922264,0.00048771585,0.00013126693,0.00015833814,a
test_1310.jpg,0.0010314115,0.99817467,0.00062558264,0.0001683733,b
test_1311.jpg,1.0782207e-05,0.99988675,2.2825934e-05,7.967033e-05,b
test_1312.jpg,0.00010887102,0.00017949795,5.8274454e-05,0.99965334,d
test_1313.jpg,0.020318294,0.00061355927,7.800531e-05,0.97899026,d
test_1314.jpg,0.99872977,0.000230267,0.0005523818,0.00048747528,a
test_1315.jpg,0.0010291807,0.0024688763,0.9960157,0.0004861506,c
test_1316.jpg,0.999686,0.00013979772,5.8276357e-05,0.000115896386,a
test_1317.jpg,0.032283578,0.0020638204,0.9434645,0.022188159,c
test_1318.jpg,0.07519436,0.005447061,0.0033038096,0.91605484,d
test_1319.jpg,0.00013131145,0.00014879536,0.9995615,0.00015839183,c
test_1320.jpg,0.00035362775,0.9902818,0.00079691247,0.008567616,b
test_1321.jpg,3.762737e-05,3.762737e-05,0.9997212,0.00020341165,c
test_1322.jpg,0.80580443,0.08493116,0.08493116,0.024333186,a
test_1323.jpg,0.99881375,9.599764e-05,5.822551e-05,0.0010320719,a
test_1324.jpg,0.9997131,0.0002165288,1.8920076e-05,5.1430106e-05,a
test_1325.jpg,0.004556517,0.0005792961,0.9839336,0.010930516,c
test_1326.jpg,2.0140471e-05,0.99972075,7.9657104e-05,0.00017951007,b
test_1327.jpg,0.0009091595,0.0011673839,0.9970144,0.0009091595,c
test_1328.jpg,0.00048756276,0.0001158063,0.00048756276,0.998909,d
test_1329.jpg,0.0024705937,0.00033435845,0.9967085,0.00048648872,c
test_1330.jpg,0.0002301248,0.99811304,0.00062554405,0.0010313478,b
test_1331.jpg,0.0018741367,0.97082686,0.017781314,0.009517652,b
test_1332.jpg,0.00011588495,5.1423634e-05,0.99958736,0.00024532844,c
test_1333.jpg,0.00019547198,0.9606996,0.037250366,0.0018545865,b
test_1334.jpg,0.998664,0.00010217363,0.00043016707,0.0008036579,a
test_1335.jpg,5.8283942e-05,0.000108888744,1.6698628e-05,0.9998161,d
test_1336.jpg,0.99646807,0.0006245131,0.00010852412,0.002798874,a
test_1337.jpg,0.009670756,0.0031396346,0.00074572855,0.9864439,d
test_1338.jpg,0.004592564,0.0027855309,0.9917176,0.0009043294,c
test_1339.jpg,3.3209377e-05,0.99982184,9.027246e-05,5.475301e-05,b
test_1340.jpg,0.0024619314,0.001162934,0.0031611826,0.993214,d
test_1341.jpg,0.0047552995,0.9061997,0.0047552995,0.0842897,b
test_1342.jpg,0.96000814,0.00444572,0.032849673,0.0026964655,a
test_1343.jpg,0.04189752,0.0018408486,0.9535831,0.002678419,c
test_1344.jpg,0.00013976176,5.1415478e-05,0.00037991186,0.9994288,d
test_1345.jpg,0.0013244112,0.00024499148,0.00021620418,0.99821436,d
test_1346.jpg,0.00014879783,4.2631287e-05,0.00023046258,0.99957806,d
test_1347.jpg,0.0031267088,0.67518103,0.31893295,0.0027593106,b
test_1348.jpg,0.020246819,0.97554636,0.0014666746,0.002740109,b
test_1349.jpg,8.480694e-05,1.3005566e-05,3.5352794e-05,0.99986684,d
test_1350.jpg,0.9998988,2.7533664e-05,1.892359e-05,5.4757227e-05,a
test_1351.jpg,0.0030025395,0.05322129,0.00040634954,0.94336987,d
test_1352.jpg,9.026437e-05,3.762779e-05,0.9997323,0.00013980421,c
test_1353.jpg,4.006231e-05,1.0129338e-05,2.429902e-05,0.9999255,d
test_1354.jpg,0.00012338802,3.535126e-05,1.7775732e-05,0.9998235,d
test_1355.jpg,0.99908435,0.00037978092,4.8283724e-05,0.00048764836,a
test_1356.jpg,0.000487753,9.022523e-05,0.00012332326,0.9992987,d
test_1357.jpg,0.99982834,8.480367e-05,3.5351433e-05,5.1436033e-05,a
test_1358.jpg,0.001607333,0.94348097,0.013458032,0.04145366,b
test_1359.jpg,1.1473272e-05,0.9995097,4.8304282e-05,0.00043053133,b
test_1360.jpg,0.88616395,0.026759833,0.0046501616,0.082426086,a
test_1361.jpg,5.8279926e-05,0.9997472,5.4748925e-05,0.00013980629,b
test_1362.jpg,9.610017e-05,9.515205e-06,1.3844543e-05,0.99988055,d
test_1363.jpg,3.3212866e-05,1.5688649e-05,2.4299052e-05,0.9999268,d
test_1364.jpg,0.9970293,0.0024713888,0.0004034431,9.582614e-05,a
test_1365.jpg,0.000552331,0.0004301558,0.99863786,0.00037961119,c
test_1366.jpg,0.0716117,0.41209692,0.10419442,0.41209692,b
test_1367.jpg,3.7622765e-05,0.9995989,0.00010226928,0.00026115373,b
test_1368.jpg,9.5831216e-05,0.9970822,0.0014990524,0.0013229091,b
test_1369.jpg,0.99988055,1.5687923e-05,4.539451e-05,5.82877e-05,a
test_1370.jpg,0.9994497,0.00029588182,0.00015837411,9.605876e-05,a
test_1371.jpg,0.0021809519,0.00042945487,0.9970106,0.0003789926,c
test_1372.jpg,0.0009100376,0.99797744,0.00048710807,0.00062545907,b
test_1373.jpg,0.00020331542,0.0001685544,0.9992482,0.0003798432,c
test_1374.jpg,0.7746729,0.22194752,0.002793907,0.0005856347,a
test_1375.jpg,0.14725353,0.0003221158,0.0050387387,0.8473856,d
test_1376.jpg,0.0053323368,0.014494794,0.8967612,0.08341178,c
test_1377.jpg,0.0003564054,0.0005520115,0.99806017,0.0010312932,c
test_1378.jpg,0.99948573,4.8303125e-05,3.533932e-05,0.00043052103,a
test_1379.jpg,0.010951662,0.0013079895,0.0019031136,0.9858372,d
test_1380.jpg,0.0011686356,0.00048715982,0.9980835,0.00026075784,c
test_1381.jpg,8.478345e-05,2.9300378e-05,0.99959,0.00029592335,c
test_1382.jpg,0.00035614884,0.0008025939,0.0014994427,0.9973418,d
test_1383.jpg,5.1434316e-05,3.7630147e-05,0.999795,0.000115909024,c
test_1384.jpg,0.00048781637,4.830036e-05,3.53373e-05,0.9994286,d
test_1385.jpg,0.00043053104,3.1187566e-05,2.9298004e-05,0.999509,d
test_1386.jpg,0.9995388,0.00015838823,0.00012335287,0.00017947739,a
test_1387.jpg,0.9926824,0.002171484,0.0005490371,0.004597032,a
test_1388.jpg,2.7526532e-05,0.99963975,0.000102273465,0.0002304768,b
test_1389.jpg,0.00080371666,7.957872e-05,0.99873704,0.00037964887,c
test_1390.jpg,0.00218015,0.00055122824,0.0006246234,0.996644,d
test_1391.jpg,0.99972683,0.00014881998,5.827874e-05,6.603846e-05,a
test_1392.jpg,0.00012338701,4.8319052e-05,1.3004897e-05,0.9998154,d
test_1393.jpg,1.221739e-05,0.9998498,5.828591e-05,7.9667385e-05,b
test_1394.jpg,0.99869746,0.0010319516,0.00016846148,0.00010217705,a
test_1395.jpg,0.99962723,0.0002165102,9.025489e-05,6.6031884e-05,a
test_1396.jpg,0.00048732554,0.0009104439,0.00017927703,0.998423,d
test_1397.jpg,0.99848133,0.00070909585,0.00043008837,0.00037955167,a
test_1398.jpg,2.4295598e-05,1.1476428e-05,0.99978465,0.00017952154,c
test_1399.jpg,0.9998909,2.2826029e-05,6.539766e-06,7.9670666e-05,a
test_1400.jpg,0.00784189,0.08430826,0.0014506038,0.90639925,d
test_1401.jpg,0.0013208464,0.002796232,0.99552745,0.00035550096,c
test_1402.jpg,0.05660999,0.0012506776,0.05660999,0.8855293,d
test_1403.jpg,5.140036e-05,0.99913496,0.0005526059,0.00026103252,b
test_1404.jpg,0.0013188143,0.0040622344,0.9939959,0.00062296377,c
test_1405.jpg,0.00042748207,0.9924306,0.006686945,0.0004550523,b
test_1406.jpg,4.0050898e-05,0.9996407,0.00013979139,0.00017949569,b
test_1407.jpg,0.98595876,0.0124113895,0.00054531835,0.001084495,a
test_1408.jpg,0.9998431,1.6699081e-05,3.1197993e-05,0.00010889169,a
test_1409.jpg,6.140397e-06,0.99937904,6.201581e-05,0.00055274094,b
test_1410.jpg,0.0013083912,0.00013790344,0.012413671,0.98614,d
test_1411.jpg,0.19793257,0.41902325,0.056708626,0.32633564,b
test_1412.jpg,0.007572036,0.00035414883,0.00033269206,0.99174106,d
test_1413.jpg,0.043101612,0.5949994,0.0010136528,0.36088535,b
test_1414.jpg,0.9119764,0.008940702,0.07485958,0.004223289,a
test_1415.jpg,0.19904268,0.78722906,0.0077177226,0.006010568,b
test_1416.jpg,0.0009098768,0.997801,0.00037929308,0.0009098768,b
test_1417.jpg,0.9985245,0.00010874808,0.00033496763,0.0010317729,a
test_1418.jpg,0.99973506,0.00013980459,0.000102283215,2.282247e-05,a
test_1419.jpg,0.9991756,0.00014873792,0.00043038744,0.0002452274,a
test_1420.jpg,3.1198746e-05,3.5352812e-05,0.9998673,6.6047745e-05,c
test_1421.jpg,0.0002033911,0.0001488041,2.7525994e-05,0.9996202,d
test_1422.jpg,0.0027920837,0.0012389796,0.87724656,0.11872241,c
test_1423.jpg,0.0004876423,0.00026101607,0.99907196,0.00017939357,c
test_1424.jpg,1.669946e-05,4.264356e-05,0.9998658,7.484179e-05,c
test_1425.jpg,0.9998605,1.6699372e-05,0.00010889359,1.3844266e-05,a
test_1426.jpg,0.9867099,0.0013091473,0.0109613575,0.001019565,a
test_1427.jpg,0.9938788,0.00035491222,0.004602572,0.0011637124,a
test_1428.jpg,0.00010888879,2.9307017e-05,4.5391596e-05,0.9998165,d
test_1429.jpg,0.00014861293,0.998336,0.00019082277,0.0013245726,b
test_1430.jpg,0.98818886,0.00021403276,0.010977788,0.00061932433,a
test_1431.jpg,0.9968816,0.00013940556,0.00017900026,0.0028000353,a
test_1432.jpg,9.001851e-05,0.9970092,0.0024713387,0.00042945426,b
test_1433.jpg,0.00018916864,0.989682,0.00042629815,0.009702502,b
test_1434.jpg,6.2035084e-05,1.7773353e-05,0.00023048831,0.9996897,d
test_1435.jpg,0.9967914,0.0027997822,0.00014838301,0.00026042026,a
test_1436.jpg,0.00040066912,0.06738219,0.9301824,0.0020347657,c
test_1437.jpg,0.99920326,0.00043039935,3.1178024e-05,0.00033519533,a
test_1438.jpg,0.00090611645,0.00020218191,0.00521434,0.9936773,d
test_1439.jpg,0.0014991054,0.9971174,0.00021596659,0.0011675043,b
test_1440.jpg,0.0003341748,0.0003341748,0.0031705627,0.9961611,d
test_1441.jpg,0.00013123806,6.199247e-05,0.9990029,0.00080393057,c
test_1442.jpg,7.027826e-05,0.99945205,0.00021647225,0.00026111538,b
test_1443.jpg,0.0004877822,0.000102244696,5.1411866e-05,0.9993586,d
test_1444.jpg,0.9942339,0.00033352833,0.00021534205,0.0052172607,a
test_1445.jpg,0.029007828,0.0030574023,0.45375875,0.514176,d
test_1446.jpg,0.99724185,0.0019251297,0.0004035291,0.0004295545,a
test_1447.jpg,0.0013247868,0.00012322437,5.468048e-05,0.99849737,d
test_1448.jpg,5.475675e-05,2.9309176e-05,2.5865258e-05,0.9998901,d
test_1449.jpg,0.9998534,2.2825172e-05,2.1442265e-05,0.00010229532,a
test_1450.jpg,0.9999559,1.7778086e-05,7.411008e-06,1.8924671e-05,a
test_1451.jpg,0.00012330424,0.9991447,0.00017940662,0.0005526113,b
test_1452.jpg,3.32e-05,0.9995396,0.00013130858,0.00029590845,b
test_1453.jpg,2.9278643e-05,0.99884844,9.018457e-05,0.0010321077,b
test_1454.jpg,0.00019075649,0.9979892,0.0009100483,0.0009100483,b
test_1455.jpg,4.0060637e-05,2.1442916e-05,0.9998838,5.4756405e-05,c
test_1456.jpg,0.0002958556,0.9993611,0.00013975229,0.00020333838,b
test_1457.jpg,0.00029594405,1.669602e-05,2.7527085e-05,0.9996599,d
test_1458.jpg,0.97106713,0.025878062,0.0024070349,0.00064784463,a
test_1459.jpg,0.99982363,7.0304384e-05,5.475311e-05,5.143579e-05,a
test_1460.jpg,0.0010246923,0.0066818334,0.0006215073,0.991672,d
test_1461.jpg,0.00027758087,0.0009101526,0.0007088276,0.9981035,d
test_1462.jpg,0.0005526729,5.140659e-05,0.0001397376,0.9992561,d
test_1463.jpg,0.99863786,0.000552331,0.00037961119,0.0004301558,a
test_1464.jpg,6.204544e-05,4.8321042e-05,3.321053e-05,0.9998565,d
test_1465.jpg,5.8290592e-05,7.888773e-06,3.7263928e-06,0.99993014,d
test_1466.jpg,0.0002609369,0.99876887,0.0002609369,0.0007093001,b
test_1467.jpg,5.475098e-05,5.8282116e-05,0.99978477,0.00010228829,c
test_1468.jpg,0.017240888,0.94132054,0.032210216,0.009228382,b
test_1469.jpg,7.0183065e-05,0.9980983,0.00013111923,0.0017003802,b
test_1470.jpg,7.966523e-05,2.2824473e-05,0.9998228,7.483857e-05,c
test_1471.jpg,0.067157306,0.004864859,0.00089990837,0.927078,d
test_1472.jpg,2.7533251e-05,1.3844588e-05,0.9998838,7.4843134e-05,c
test_1473.jpg,7.478638e-05,0.99912554,9.020959e-05,0.00070955337,b
test_1474.jpg,0.99995923,1.2218727e-05,1.3845632e-05,1.4738597e-05,a
test_1475.jpg,2.282647e-05,2.9309767e-05,0.99991024,3.7634483e-05,c
test_1476.jpg,0.00019073547,0.00042982903,0.99787927,0.0015002508,c
test_1477.jpg,0.0005509388,0.00015784662,0.99612075,0.0031704342,c
test_1478.jpg,0.07966159,0.21654268,0.45842084,0.245375,c
test_1479.jpg,2.4287845e-05,0.99946564,7.9636775e-05,0.00043051236,b
test_1480.jpg,0.9927522,0.0031597128,0.0019164626,0.0021716366,a
test_1481.jpg,0.99053395,0.000620794,0.0002754757,0.0085697975,a
test_1482.jpg,0.004069601,6.1793624e-05,7.002136e-05,0.9957985,d
test_1483.jpg,0.017908668,0.0024236746,0.9777801,0.0018875597,c
test_1484.jpg,5.4753335e-05,5.1436004e-05,0.99982774,6.6045126e-05,c
test_1485.jpg,4.8319467e-05,1.8922174e-05,0.999824,0.0001088896,c
test_1486.jpg,0.00010886411,4.004886e-05,0.99958986,0.00026115138,c
test_1487.jpg,0.00020311621,0.9982692,0.00020311621,0.001324484,b
test_1488.jpg,0.059625,0.93269193,0.0033638123,0.004319221,b
test_1489.jpg,0.00020253152,0.0040679546,0.00033391803,0.9953956,d
test_1490.jpg,0.0016876298,0.0010235992,0.99061406,0.006674705,c
test_1491.jpg,0.131872,0.0031013319,0.85991335,0.0051132315,c
test_1492.jpg,0.9998976,6.204799e-05,1.8923569e-05,2.1443213e-05,a
test_1493.jpg,0.0008314562,0.017777318,0.01078249,0.9706087,d
test_1494.jpg,0.99643385,0.00021581855,0.00017891986,0.0031714307,a
test_1495.jpg,0.00013978954,0.9996275,2.9301478e-05,0.00020339257,b
test_1496.jpg,0.00015834661,0.00023039295,0.9992761,0.00033521978,c
test_1497.jpg,0.00062552595,0.00048716017,0.0008031913,0.9980842,d
test_1498.jpg,0.013109106,0.0012979774,0.06657354,0.91901934,d
test_1499.jpg,4.5387904e-05,0.99973506,4.0054678e-05,0.00017951263,b
test_1500.jpg,0.0013215544,0.0001482743,0.002468989,0.99606115,d
test_1501.jpg,0.9992362,0.00016855236,0.0004043361,0.00019099485,a
test_1502.jpg,0.00023021511,0.99850476,9.596794e-05,0.0011691288,b
test_1503.jpg,0.00035020168,0.13272163,0.8654538,0.0014744044,c
test_1504.jpg,0.00014858489,0.0015006542,0.00020309146,0.9981476,d
test_1505.jpg,0.00017951471,4.263848e-05,3.119498e-05,0.9997466,d
test_1506.jpg,0.017643826,0.96332026,0.010701522,0.008334353,b
test_1507.jpg,0.0015007765,0.00019080231,7.953824e-05,0.99822897,d
test_1508.jpg,0.00014865486,0.99861765,0.0008036206,0.0004301471,b
test_1509.jpg,0.011102274,0.105335444,0.0015994342,0.88196284,d
test_1510.jpg,0.0006910201,0.00021074922,0.0850223,0.9140759,d
test_1511.jpg,0.003183754,0.17382707,0.77903885,0.043950368,c
test_1512.jpg,0.00019099287,0.0003798347,0.00020331086,0.99922585,d
test_1513.jpg,0.00062523154,0.00026063528,0.9976144,0.0014998525,c
test_1514.jpg,1.6700873e-05,5.4219795e-06,0.9999504,2.7535085e-05,c
test_1515.jpg,0.00089524925,0.98175997,0.015868673,0.0014760164,b
test_1516.jpg,0.999483,9.024187e-05,0.00027796451,0.00014878367,a
test_1517.jpg,0.9981108,0.0013242739,0.00023012428,0.00033482886,a
test_1518.jpg,0.00070806715,0.99703276,0.00033446724,0.0019247261,b
test_1519.jpg,0.0010310828,0.99785656,0.00062538334,0.00048704908,b
test_1520.jpg,0.00080133515,0.00062408036,0.9957776,0.0027969347,c
test_1521.jpg,0.00048755735,6.198596e-05,0.0005524748,0.9988979,d
test_1522.jpg,0.0024715126,0.00037901875,7.011142e-05,0.9970794,d
test_1523.jpg,0.9997911,6.204138e-05,8.480051e-05,6.204138e-05,a
test_1524.jpg,0.07161171,0.10419443,0.41209698,0.41209698,c
test_1525.jpg,0.1524574,0.0635537,0.7742426,0.009746276,c
test_1526.jpg,0.0002955878,0.0010317027,0.00021625662,0.9984565,d
test_1527.jpg,0.00027776614,0.00080374297,0.0001486775,0.9987697,d
test_1528.jpg,0.99980444,5.4752058e-05,6.604358e-05,7.48372e-05,a
test_1529.jpg,0.0019119054,0.006673205,0.9903915,0.0010233691,c
test_1530.jpg,4.0045077e-05,0.9994954,0.0002611267,0.00020336571,b
test_1531.jpg,0.9997701,9.0267786e-05,8.479873e-05,5.4750177e-05,a
test_1532.jpg,5.1438503e-05,1.3844485e-05,5.8287456e-05,0.9998764,d
test_1533.jpg,0.9983101,0.00062566757,0.0008033731,0.00026081703,a
test_1534.jpg,0.6239134,0.03519879,0.33395678,0.006931052,a
test_1535.jpg,0.014017167,0.002760144,0.98267925,0.00054350455,c
test_1536.jpg,0.0002609449,0.0007093218,0.99879944,0.00023028307,c
test_1537.jpg,0.95673245,0.00041210535,0.04203589,0.00081956934,a
test_1538.jpg,0.0016975349,0.9964282,0.0011666974,0.00070763775,b
test_1539.jpg,0.004063411,0.0003335451,0.0013191964,0.99428385,d
test_1540.jpg,2.4288245e-05,0.9994821,0.00015837925,0.00033528887,b
test_1541.jpg,0.00019109901,1.3004452e-05,1.4735973e-05,0.9997812,d
test_1542.jpg,0.0001312702,0.99924743,0.00019099699,0.00043041835,b
test_1543.jpg,0.0008034167,0.00012320794,0.99836427,0.00070901273,c
test_1544.jpg,0.9998876,2.2825952e-05,2.7533355e-05,6.2047366e-05,a
test_1545.jpg,9.609748e-05,3.1198284e-05,2.0143127e-05,0.99985254,d
test_1546.jpg,0.0051817335,0.00070127135,0.9874636,0.0066534774,c
test_1547.jpg,0.041989177,0.00049654156,0.0018448757,0.9556693,d
test_1548.jpg,0.99910295,0.00013125122,0.00013971618,0.00062616443,a
test_1549.jpg,0.99915886,0.00014873542,0.0005526191,0.00013972401,a
test_1550.jpg,0.0066392114,0.0021554364,0.9853463,0.005859083,c
test_1551.jpg,4.0055907e-05,1.4735745e-05,0.9997657,0.00017951813,c
test_1552.jpg,0.015833374,0.0031177762,0.9795761,0.0014727331,c
test_1553.jpg,0.00012338726,4.539164e-05,1.3843668e-05,0.99981743,d
test_1554.jpg,0.012115974,0.002877796,0.40122595,0.58378035,d
test_1555.jpg,0.9992549,0.00026106386,0.00014874972,0.00033521268,a
test_1556.jpg,0.00023044797,0.9995147,5.1419895e-05,0.00020336962,b
test_1557.jpg,0.76222247,0.0014714355,0.21838039,0.017925754,a
test_1558.jpg,0.00031411278,0.0027996567,0.0001393867,0.9967468,d
test_1559.jpg,3.120118e-05,7.8888925e-06,1.5688938e-05,0.9999453,d
test_1560.jpg,0.99983287,4.5392346e-05,7.030504e-05,5.1436265e-05,a
test_1561.jpg,0.9998272,8.480357e-05,6.204362e-05,2.586363e-05,a
test_1562.jpg,0.0004303593,7.9608464e-05,0.9991103,0.00037979076,c
test_1563.jpg,0.99700004,0.0010301978,0.001167367,0.00080231886,a
test_1564.jpg,0.00023039666,0.00021643762,0.99929214,0.0002610736,c
test_1565.jpg,0.99956065,7.964435e-05,0.00016860709,0.00019105685,a
test_1566.jpg,0.00011583491,0.99915576,0.000102223945,0.00062619755,b
test_1567.jpg,0.007150735,0.93656147,0.015138106,0.041149642,b
test_1568.jpg,0.044458415,0.7880442,0.13694154,0.03055579,b
test_1569.jpg,0.00032663182,0.9736757,0.02289866,0.0030989966,b
test_1570.jpg,0.38825312,0.09816576,0.015054207,0.49852687,d
test_1571.jpg,0.0044209594,0.037016235,0.9546613,0.0039014826,c
test_1572.jpg,0.94484776,0.0043755136,0.041513715,0.009262962,a
test_1573.jpg,0.95090455,0.0038861297,0.04177983,0.0034294974,a
test_1574.jpg,0.9998492,4.2642852e-05,3.3210286e-05,7.484055e-05,a
test_1575.jpg,0.097185396,0.0033255015,0.8137233,0.08576581,c
test_1576.jpg,0.0008024289,0.0010303392,0.99713683,0.0010303392,c
test_1577.jpg,0.9995284,0.00027797712,7.0283626e-05,0.0001233516,a
test_1578.jpg,0.0007084362,0.0007084362,0.99755245,0.0010307686,c
test_1579.jpg,0.00013978562,0.00010226934,0.9995995,0.00015839786,c
test_1580.jpg,0.965886,0.00028594548,0.0330508,0.00077728037,a
test_1581.jpg,1.8917448e-05,0.99957424,0.00020338174,0.00020338174,b
test_1582.jpg,0.9575689,0.0018485428,0.037128974,0.0034535327,a
test_1583.jpg,0.9998185,2.429642e-05,2.5863406e-05,0.00013134521,a
test_1584.jpg,0.004836927,0.18150437,0.00021251975,0.81344616,d
test_1585.jpg,6.204558e-05,1.3005462e-05,0.99985886,6.6047185e-05,c
test_1586.jpg,0.0066908565,0.00013045095,0.00016750232,0.9930112,d
test_1587.jpg,0.0012937199,0.9750821,0.0006924783,0.022931734,b
test_1588.jpg,0.99990714,5.1440085e-05,1.384491e-05,2.7533893e-05,a
test_1589.jpg,0.0001795133,1.5685699e-05,6.603925e-05,0.99973875,d
test_1590.jpg,0.99994874,9.515855e-06,1.8924537e-05,2.282735e-05,a
test_1591.jpg,0.00020324027,0.00043025965,0.9988789,0.00048754807,c
test_1592.jpg,0.00011562514,6.588121e-05,0.9973463,0.0024721744,c
test_1593.jpg,0.00020320334,0.00029565912,0.99869746,0.0008036848,c
test_1594.jpg,0.68189156,0.1953652,0.018171795,0.10457146,a
test_1595.jpg,7.483988e-05,0.99984026,2.2824874e-05,6.204443e-05,b
test_1596.jpg,2.0144738e-05,2.5866357e-05,2.1443962e-05,0.9999325,d
test_1597.jpg,9.026376e-05,2.5861002e-05,0.9997255,0.00015841782,c
test_1598.jpg,0.0017004105,7.471082e-05,0.0001087036,0.99811614,d
test_1599.jpg,0.007546795,0.98843515,0.0004532203,0.003564854,b
test_1600.jpg,7.026748e-05,0.9992987,0.00029583712,0.00033522738,b
test_1601.jpg,4.8314938e-05,9.0264184e-05,0.99973017,0.00013133361,c
test_1602.jpg,0.9998796,5.8287646e-05,1.3844529e-05,4.832216e-05,a
test_1603.jpg,9.026237e-05,2.0140258e-05,0.99971014,0.00017950816,c
test_1604.jpg,6.2049694e-05,3.5006044e-06,9.515628e-06,0.999925,d
test_1605.jpg,0.00033499172,0.99859625,0.00015823888,0.0009106019,b
test_1606.jpg,4.539318e-05,1.3005363e-05,0.9998512,9.027511e-05,c
test_1607.jpg,0.0031503297,0.98980415,0.00037625324,0.006669248,b
test_1608.jpg,0.00017944706,2.0133402e-05,0.00043047112,0.9993699,d
test_1609.jpg,5.8286256e-05,4.8321006e-05,3.7632435e-05,0.99985576,d
test_1610.jpg,0.0006245776,0.99657094,0.00217999,0.0006245776,b
test_1611.jpg,9.0265836e-05,2.1440015e-05,0.9997485,0.00013980646,c
test_1612.jpg,0.00062606146,0.0001396932,0.9989386,0.00029573054,c
test_1613.jpg,0.99930346,0.00015835094,0.00015835094,0.0003798642,a
test_1614.jpg,0.00033531527,2.4290157e-05,7.964436e-05,0.9995608,d
test_1615.jpg,0.00019083856,6.5952045e-05,0.99841857,0.0013246823,c
test_1616.jpg,1.7774564e-05,0.9997578,6.6040506e-05,0.00015842295,b
test_1617.jpg,0.9987275,0.00043019443,0.00021631533,0.00062592915,a
test_1618.jpg,0.00080133637,0.001922306,0.99577916,0.0014970934,c
test_1619.jpg,0.00033524423,5.4727116e-05,0.99934894,0.00026108845,c
test_1620.jpg,1.473855e-05,1.7778088e-05,1.1478395e-05,0.999956,d
test_1621.jpg,0.00070420175,0.99158996,0.0066812807,0.0010246076,b
test_1622.jpg,7.027674e-05,0.9994305,0.00029587615,0.0002033525,b
test_1623.jpg,7.888201e-06,0.99985766,5.4754975e-05,7.966801e-05,b
test_1624.jpg,0.00033502062,0.00043017502,0.99868244,0.00055235566,c
test_1625.jpg,0.31970578,0.6768171,0.0015760175,0.0019010401,b
test_1626.jpg,6.203068e-05,0.99961865,0.00013978832,0.00017949173,b
test_1627.jpg,0.9981285,0.00080322695,0.00015816475,0.0009101754,a
test_1628.jpg,0.9897655,0.0001777225,0.00970332,0.00035344338,a
test_1629.jpg,0.9996815,0.00023048642,1.7773207e-05,7.029439e-05,a
test_1630.jpg,0.10487012,0.7748912,0.0014052604,0.11883342,b
test_1631.jpg,0.037205197,0.0026951355,0.95953465,0.0005649311,c
test_1632.jpg,0.00091056625,0.99855715,0.000102162696,0.00043012106,b
test_1633.jpg,7.484069e-05,1.5687461e-05,5.8285987e-05,0.9998511,d
test_1634.jpg,0.039623536,0.0078023374,0.15671411,0.79586,d
test_1635.jpg,0.0010319983,0.00010218167,0.99874264,0.00012325463,c
test_1636.jpg,4.5396304e-05,1.777745e-05,1.6700367e-05,0.9999201,d
test_1637.jpg,0.7070476,0.095688485,0.13922592,0.058038004,a
test_1638.jpg,0.998524,0.00014864092,0.0010317725,0.00029560778,a
test_1639.jpg,0.0005522015,0.00033492717,0.99840385,0.00070904085,c
test_1640.jpg,0.99856645,9.597387e-05,0.001169201,0.00016843938,a
test_1641.jpg,0.99832207,0.000230173,0.00012320273,0.0013245542,a
test_1642.jpg,3.1200427e-05,1.2218262e-05,0.9999212,3.5354715e-05,c
test_1643.jpg,0.00013977924,4.537967e-05,0.99955374,0.00026114195,c
test_1644.jpg,0.0014656755,0.017855585,0.9748819,0.0057968595,c
test_1645.jpg,0.0006137038,0.67300797,0.31790647,0.00847192,b
test_1646.jpg,0.00042994964,0.00037942923,0.9981592,0.0010313955,c
test_1647.jpg,0.00048698919,7.949879e-05,0.99773383,0.0016997593,c
test_1648.jpg,2.2827544e-05,3.089372e-06,1.6700988e-05,0.9999573,d
test_1649.jpg,0.017959744,0.000894163,0.000577315,0.98056877,d
test_1650.jpg,6.6029475e-05,0.00020338512,0.9995908,0.00013978442,c
test_1651.jpg,5.475828e-05,1.568851e-05,1.1477959e-05,0.999918,d
test_1652.jpg,0.00037894776,0.0010300868,0.99689263,0.0016983261,c
test_1653.jpg,0.0010226949,0.9897389,0.0040448364,0.005193673,b
test_1654.jpg,0.011766149,0.05273222,0.9347009,0.00080069643,c
test_1655.jpg,0.1291123,0.028808849,0.0001609249,0.841918,d
test_1656.jpg,0.00012333163,0.9993666,7.962888e-05,0.0004304697,b
test_1657.jpg,0.00048770313,5.471877e-05,0.00026104864,0.9991966,d
test_1658.jpg,0.029257094,0.96886194,0.0009404677,0.0009404677,b
test_1659.jpg,0.0010306342,0.99742234,0.0011678614,0.00037914913,b
test_1660.jpg,1.7776929e-05,0.9998908,2.9309198e-05,6.204757e-05,b
test_1661.jpg,4.002892e-05,0.9990922,0.00015831747,0.0007095297,b
test_1662.jpg,0.996872,0.0021806487,0.00042939518,0.00051794946,a
test_1663.jpg,0.99955314,7.481839e-05,0.00020337745,0.00016860582,a
test_1664.jpg,0.0011630163,0.004059326,0.99328434,0.0014933426,c
test_1665.jpg,0.99047905,0.0011597318,0.0016873999,0.0066737956,a
test_1666.jpg,0.0009107936,7.958426e-05,0.00020322553,0.9988065,d
test_1667.jpg,9.608999e-05,3.320781e-05,0.99977463,9.608999e-05,c
test_1668.jpg,0.9984707,0.0006257682,0.000277683,0.0006257682,a
test_1669.jpg,0.00015832667,0.00043037653,0.00026103653,0.9991503,d
test_1670.jpg,0.0057162503,0.9613255,0.0039287177,0.029029515,b
test_1671.jpg,0.96974564,0.0074040988,0.002723816,0.020126428,a
test_1672.jpg,0.0002611229,2.7522156e-05,0.9994809,0.00023044017,c
test_1673.jpg,0.00012338968,1.3843939e-05,2.5863883e-05,0.9998369,d
test_1674.jpg,0.16217856,0.8236107,0.011748176,0.0024625517,b
test_1675.jpg,0.00020320546,0.9987079,0.00037963782,0.00070925674,b
test_1676.jpg,7.9566205e-05,1.5667516e-05,0.99858,0.0013248964,c
test_1677.jpg,6.604256e-05,2.9306208e-05,0.9997888,0.000115908304,c
test_1678.jpg,8.4771644e-05,0.99945074,0.00020335661,0.00026111503,b
test_1679.jpg,0.00033480724,0.0009101004,0.9980463,0.0007087869,c
test_1680.jpg,0.9977186,0.0010309402,0.0006252968,0.0006252968,a
test_1681.jpg,0.99918526,0.0004303916,0.00012330926,0.00026104567,a
test_1682.jpg,0.999859,5.1437608e-05,2.7532567e-05,6.204559e-05,a
test_1683.jpg,0.00037994716,4.0046132e-05,5.826678e-05,0.99952173,d
test_1684.jpg,0.00010887975,1.7774131e-05,0.9997335,0.00013980437,c
test_1685.jpg,8.476086e-05,0.9993236,0.0002958445,0.0002958445,b
test_1686.jpg,0.00070950843,0.00014872104,0.99906224,7.960463e-05,c
test_1687.jpg,0.0027904506,0.00015742643,0.0035830091,0.9934691,d
test_1688.jpg,0.99987257,4.264385e-05,2.282561e-05,6.2046434e-05,a
test_1689.jpg,0.0009109775,6.199279e-05,1.8906734e-05,0.9990081,d
test_1690.jpg,0.9998616,2.753264e-05,7.966833e-05,3.1198568e-05,a
test_1691.jpg,0.9992798,0.000102236634,0.00026107038,0.0003568409,a
test_1692.jpg,0.0003759169,0.9889193,0.0040414874,0.006663286,b
test_1693.jpg,0.9981232,0.0015006176,0.0002449691,0.0001311225,a
test_1694.jpg,5.827721e-05,0.99970067,3.7626596e-05,0.00020340746,b
test_1695.jpg,0.00041823945,0.97097313,0.0228351,0.005773617,b
test_1696.jpg,0.00013132591,4.8312104e-05,0.00014881174,0.9996716,d
test_1697.jpg,2.428715e-05,0.99943703,0.00033527377,0.00020335383,b
test_1698.jpg,2.9293662e-05,0.99936086,0.00017944543,0.00043046722,b
test_1699.jpg,3.532917e-05,0.99919873,0.0006262245,0.00013972959,b
test_1700.jpg,0.0027977442,0.00042904794,0.0007073805,0.9960659,d
test_1701.jpg,0.008551792,0.0016839479,0.98845273,0.0013114597,c
test_1702.jpg,0.0002601093,7.0007474e-05,0.99560106,0.004068794,c
test_1703.jpg,5.4696502e-05,0.99878997,0.00012326047,0.0010320473,b
test_1704.jpg,0.00015842885,1.8921628e-05,2.7530808e-05,0.99979514,d
test_1705.jpg,0.9992131,0.00017941892,0.00055264914,5.4719676e-05,a
test_1706.jpg,0.9878683,0.005874079,0.004574738,0.0016829522,a
test_1707.jpg,0.0099176485,0.003024712,0.19920129,0.7878564,d
test_1708.jpg,5.8246642e-05,0.9991762,0.00033518628,0.0004303877,b
test_1709.jpg,7.965963e-05,0.00015842209,9.513987e-06,0.99975246,d
test_1710.jpg,0.00048586866,0.99543816,0.0009077221,0.0031682616,b
test_1711.jpg,0.9991375,0.00015832465,0.00021640414,0.00048767432,a
test_1712.jpg,0.0019254353,0.00024479165,0.00042962268,0.99740016,d
test_1713.jpg,0.00010888596,2.586268e-05,7.483615e-05,0.9997905,d
test_1714.jpg,0.98957705,0.008561519,0.0007027723,0.0011586755,a
test_1715.jpg,7.0227026e-05,0.99872345,0.00029566683,0.00091071794,b
test_1716.jpg,4.260187e-05,0.9988883,0.00015828515,0.0009108682,b
test_1717.jpg,0.0031656187,0.0013196262,0.9946078,0.00090696494,c
test_1718.jpg,0.07554274,0.920299,0.00083920406,0.0033191163,b
test_1719.jpg,0.00037996654,2.5857047e-05,2.1436244e-05,0.9995727,d
test_1720.jpg,0.00048759737,0.00043030313,0.00010220595,0.99897987,d
test_1721.jpg,0.9998814,4.5394547e-05,4.0060542e-05,3.3211356e-05,a
test_1722.jpg,0.0001397021,0.0007094657,0.99900216,0.00014871209,c
test_1723.jpg,0.0046063843,0.00031346836,0.00037811502,0.9947019,d
test_1724.jpg,0.01106875,0.10501738,0.8792997,0.0046141413,c
test_1725.jpg,0.00019097514,0.0005526049,0.99913317,0.00012330283,c
test_1726.jpg,0.0024721255,0.00013946777,6.1888444e-05,0.9973265,d
test_1727.jpg,6.197979e-05,0.9987985,0.0007093211,0.00043022502,b
test_1728.jpg,0.001499181,0.99716777,0.0006249516,0.000708163,b
test_1729.jpg,0.999658,0.00017949879,2.2820712e-05,0.0001397938,a
test_1730.jpg,7.03084e-05,3.1199164e-05,1.7776749e-05,0.9998807,d
test_1731.jpg,0.025839912,0.0021210692,0.96963555,0.0024034863,c
test_1732.jpg,0.00037899366,0.99701333,0.0016985318,0.0009091585,b
test_1733.jpg,1.6698448e-05,0.9998053,0.00011591021,6.204226e-05,b
test_1734.jpg,0.058701966,0.38278493,0.0015643545,0.5569488,d
test_1735.jpg,4.0061823e-05,3.966658e-06,0.99991333,4.2645588e-05,c
test_1736.jpg,0.045429826,0.91248244,0.040091682,0.0019960473,b
test_1737.jpg,0.00037499957,0.98650616,0.012418279,0.00070059136,b
test_1738.jpg,0.99969447,6.203538e-05,7.482897e-05,0.00016862966,a
test_1739.jpg,0.00016848296,0.9988248,9.59987e-05,0.0009108103,b
test_1740.jpg,0.00042997353,0.0005520969,0.9982147,0.00080329634,c
test_1741.jpg,0.000316996,0.9449518,0.053310532,0.0014206775,b
test_1742.jpg,0.041513715,0.94484776,0.009262962,0.0043755136,b
test_1743.jpg,0.020541659,0.7708201,0.10431915,0.10431915,b
test_1744.jpg,0.00014812249,0.99504143,0.00020245946,0.0046079564,b
test_1745.jpg,0.0024045454,0.45822522,0.020133011,0.5192372,d
test_1746.jpg,0.99961567,7.482307e-05,0.00026115813,4.8309405e-05,a
test_1747.jpg,0.00017946151,0.9994504,0.00013976477,0.00023043314,b
test_1748.jpg,0.92349535,0.00054371275,0.07580511,0.0001557763,a
test_1749.jpg,0.9992163,0.00019099105,0.00055265095,4.0033894e-05,a
test_1750.jpg,0.00010225055,0.9994159,5.1414812e-05,0.00043049094,b
test_1751.jpg,0.118604235,0.004058414,0.00096395775,0.87637335,d
test_1752.jpg,9.5979594e-05,0.998626,0.0011692707,0.00010875913,b
test_1753.jpg,4.8302503e-05,0.0004305155,4.8302503e-05,0.9994729,d
test_1754.jpg,0.00070337136,0.9904206,0.0013140707,0.007561954,b
test_1755.jpg,0.029824043,0.5286438,0.41170818,0.029824043,b
test_1756.jpg,3.1201635e-05,5.093527e-06,3.726504e-06,0.99995995,d
test_1757.jpg,0.9997719,4.0056155e-05,4.8316953e-05,0.00013980974,a
test_1758.jpg,0.9960089,0.00048614724,0.0027975843,0.00070734,a
test_1759.jpg,0.23201755,0.18069544,0.38253227,0.20475477,c
test_1760.jpg,0.00010226361,1.8916868e-05,0.9995435,0.00033530948,c
test_1761.jpg,0.060927607,0.0093435515,0.84107965,0.08864914,c
test_1762.jpg,0.00010227015,2.9300889e-05,0.9996074,0.00026115595,c
test_1763.jpg,7.4834395e-05,6.2039886e-05,0.999767,9.608926e-05,c
test_1764.jpg,0.99738544,0.00026057547,0.0013233115,0.001030596,a
test_1765.jpg,0.99985147,7.966752e-05,3.7632275e-05,3.119825e-05,a
test_1766.jpg,0.0035233218,0.9769195,0.0016642995,0.017892905,b
test_1767.jpg,2.4296678e-05,0.99982905,3.763143e-05,0.00010889016,b
test_1768.jpg,0.0037327493,0.06616457,0.91337365,0.016729021,c
test_1769.jpg,0.98532224,0.001481372,0.00079292135,0.012403376,a
test_1770.jpg,0.00014783278,6.560039e-05,0.0066914223,0.9930951,d
test_1771.jpg,0.0028513994,0.09442537,0.895883,0.006840151,c
test_1772.jpg,0.00054621627,0.9875822,0.00090055837,0.010971048,b
test_1773.jpg,0.0007094728,0.00021637698,6.199304e-05,0.9990121,d
test_1774.jpg,0.00055249396,0.00043028276,8.472769e-05,0.99893254,d
test_1775.jpg,6.6029264e-05,0.9995876,0.00011588498,0.00023046478,b
test_1776.jpg,0.99915075,0.00024522128,0.0005526147,5.1401174e-05,a
test_1777.jpg,0.9989405,0.00013969348,0.00011580996,0.0008038804,a
test_1778.jpg,0.00029575225,0.999012,0.00013970348,0.0005525379,b
test_1779.jpg,0.99923265,0.0002452414,0.00026105807,0.00026105807,a
test_1780.jpg,0.00023019503,2.7492877e-05,0.001324681,0.9984176,d
test_1781.jpg,0.99975914,0.00012338007,6.604059e-05,5.143247e-05,a
test_1782.jpg,0.0011660547,0.00048608397,0.9958793,0.002468538,c
test_1783.jpg,0.002773605,0.98747176,0.004572902,0.0051817764,b
test_1784.jpg,0.9998097,4.2641168e-05,4.539129e-05,0.00010229085,a
test_1785.jpg,0.99936634,0.00015836091,0.00017944642,0.00029585714,a
test_1786.jpg,0.0027992746,0.00029504136,0.00029504136,0.9966107,d
test_1787.jpg,0.0003550739,9.5566844e-05,0.9943315,0.005217773,c
test_1788.jpg,0.9976259,0.0003792265,0.0002953419,0.0016995753,a
test_1789.jpg,0.99962926,5.142579e-05,0.00017949364,0.00013978979,a
test_1790.jpg,0.000108868684,7.9650024e-05,0.9996319,0.0001794941,c
test_1791.jpg,3.3205233e-05,0.9996971,9.0261194e-05,0.0001795058,b
test_1792.jpg,2.5855568e-05,0.99951553,0.00012335001,0.0003353001,b
test_1793.jpg,0.00070958625,7.025855e-05,4.828795e-05,0.99917185,d
test_1794.jpg,0.99992645,3.120059e-05,1.4738114e-05,2.7534426e-05,a
test_1795.jpg,0.6366563,0.0033408655,0.34077758,0.019225353,a
test_1796.jpg,0.00651502,0.40307,0.5864634,0.0039515593,c
test_1797.jpg,0.00043028122,0.99892896,0.00026097873,0.00037972184,b
test_1798.jpg,0.0002304481,7.481556e-05,0.9995153,0.00017947317,c
test_1799.jpg,0.00033504414,0.00020321454,0.9987525,0.0007092884,c
test_1800.jpg,0.095241256,0.9036239,0.00060285005,0.0005320133,b
test_1801.jpg,0.9996666,0.00012336865,7.029335e-05,0.00013979501,a
test_1802.jpg,0.0019234394,0.99636626,0.00080180884,0.00090856844,b
test_1803.jpg,0.00033392594,0.00017873768,0.99541926,0.004068051,c
test_1804.jpg,0.011774699,0.50067294,0.14344521,0.34410715,b
test_1805.jpg,0.00015843417,7.887972e-06,5.092858e-06,0.9998286,d
test_1806.jpg,0.5279818,0.36287627,0.10396578,0.005176152,a
test_1807.jpg,0.0007079136,0.0002951023,0.9968166,0.0021805274,c
test_1808.jpg,0.9944488,0.00080026576,0.0035865423,0.0011643798,a
test_1809.jpg,0.9999298,3.763522e-05,1.4738163e-05,1.7777622e-05,a
test_1810.jpg,0.9998165,5.1435418e-05,6.6044384e-05,6.6044384e-05,a
test_1811.jpg,0.006439822,0.015448328,0.5796942,0.39841765,c
test_1812.jpg,0.00017945158,9.023393e-05,0.99939513,0.0003352597,c
test_1813.jpg,0.002470058,0.0005511444,0.99649245,0.00048638327,c
test_1814.jpg,0.00026083936,1.889514e-05,0.9983955,0.0013246516,c
test_1815.jpg,3.3213484e-05,1.3006587e-05,8.397684e-06,0.9999454,d
test_1816.jpg,0.000102107544,0.998018,0.00037937556,0.0015004594,b
test_1817.jpg,0.0035426498,0.009629921,0.9822786,0.004548853,c
test_1818.jpg,0.00033423034,0.9963266,0.00016806158,0.0031710893,b
test_1819.jpg,9.608549e-05,1.7774031e-05,0.9997278,0.00015841819,c
test_1820.jpg,6.594631e-05,0.99833184,0.00027764434,0.0013245671,b
test_1821.jpg,7.029642e-05,0.00013980112,7.965627e-05,0.99971026,d
test_1822.jpg,0.9990951,5.824191e-05,4.261069e-05,0.0008040048,a
test_1823.jpg,0.001324882,5.468441e-05,5.137125e-05,0.99856913,d
test_1824.jpg,0.99482226,0.00035524913,0.0002154695,0.0046069412,a
test_1825.jpg,0.0014996165,0.00033460968,0.99745744,0.0007083687,c
test_1826.jpg,0.49498934,0.009066046,0.43682656,0.059118047,a
test_1827.jpg,0.00056741165,0.03297764,0.0027069699,0.963748,d
test_1828.jpg,0.008206048,0.009298671,0.14545567,0.83703965,d
test_1829.jpg,7.483744e-05,9.6093165e-05,2.1441283e-05,0.99980766,d
test_1830.jpg,0.00037908976,0.9972662,0.00042956497,0.0019251766,b
test_1831.jpg,0.00026109852,0.00026109852,9.023325e-05,0.9993875,d
test_1832.jpg,0.00070936006,0.00033507796,0.000102193,0.9988533,d
test_1833.jpg,0.28106725,0.46340156,0.24804099,0.0074901883,b
test_1834.jpg,0.000108865075,3.1190368e-05,0.9995988,0.0002611537,c
test_1835.jpg,0.9997749,4.2639684e-05,4.2639684e-05,0.00013981014,a
test_1836.jpg,0.0010080567,0.022943266,0.97557247,0.0004761723,c
test_1837.jpg,0.9896862,0.0040446213,0.0045831567,0.0016860492,a
test_1838.jpg,0.000108876666,2.7528333e-05,0.99970514,0.0001584146,c
test_1839.jpg,0.00016846698,0.00019089809,0.0009107239,0.99873,d
test_1840.jpg,0.9997563,4.5388864e-05,0.00010228538,9.608823e-05,a
test_1841.jpg,0.0002611494,3.320142e-05,0.99958223,0.00012335824,c
test_1842.jpg,0.9975994,0.0004297085,0.00080280117,0.0011680687,a
test_1843.jpg,0.00044285195,0.033048633,0.0006859025,0.96582264,d
test_1844.jpg,0.99952996,0.00024531435,0.00010885758,0.00011587829,a
test_1845.jpg,7.961199e-05,0.99915457,0.00013972342,0.0006261968,b
test_1846.jpg,2.4299348e-05,7.4108825e-06,0.99993896,2.9310608e-05,c
test_1847.jpg,0.9994825,0.00029589154,0.00013130109,9.0241825e-05,a
test_1848.jpg,0.029204352,0.0023972392,0.9671153,0.0012831496,c
test_1849.jpg,0.9972096,0.00037906825,0.0002299165,0.0021813873,a
test_1850.jpg,0.0015001205,0.9977926,0.0002774944,0.00042979172,b
test_1851.jpg,9.608165e-05,8.479175e-05,0.00013132804,0.9996878,d
test_1852.jpg,0.0005513374,0.99684143,0.00090900174,0.0016982389,b
test_1853.jpg,0.00033533332,2.4291463e-05,2.585813e-05,0.9996145,d
test_1854.jpg,0.9998518,3.3210374e-05,7.484075e-05,4.0059356e-05,a
test_1855.jpg,0.76703364,0.009655529,0.21975882,0.0035520706,a
test_1856.jpg,7.030327e-05,9.609318e-05,2.5863128e-05,0.9998078,d
test_1857.jpg,0.0002939537,7.911655e-05,0.9929367,0.0066903546,c
test_1858.jpg,6.602898e-05,5.4739947e-05,0.9995833,0.00029592137,c
test_1859.jpg,0.9986928,0.00033502412,0.0001684607,0.0008036811,a
test_1860.jpg,0.004060587,0.0004279827,0.7738109,0.22170055,c
test_1861.jpg,0.00029547658,0.00012317295,0.99808085,0.0015005538,c
test_1862.jpg,0.13048662,0.85087967,0.012137146,0.006496546,b
test_1863.jpg,0.0035892238,0.0010283298,0.00019022188,0.9951923,d
test_1864.jpg,0.004039058,0.9883249,0.0024498126,0.0051862528,b
test_1865.jpg,0.008571739,0.00029330878,0.9907583,0.00037661594,c
test_1866.jpg,2.4295286e-05,2.4295286e-05,0.00017951924,0.9997719,d
test_1867.jpg,0.00022285842,0.00010527087,0.9665968,0.03307512,c
test_1868.jpg,0.0031593512,0.00062211306,0.0035800138,0.9926386,d
test_1869.jpg,4.8309405e-05,0.99961567,7.482307e-05,0.00026115813,b
test_1870.jpg,0.001500889,0.00011573614,0.9983038,7.95442e-05,c
test_1871.jpg,0.003557924,0.001393303,0.008535015,0.9865137,d
test_1872.jpg,0.00012305802,0.9971495,0.0008024391,0.0019249514,b
test_1873.jpg,6.202472e-05,3.5340625e-05,0.9995227,0.00037994754,c
test_1874.jpg,0.9998411,8.480476e-05,1.5687305e-05,5.82854e-05,a
test_1875.jpg,0.00017952117,1.8921392e-05,1.8921392e-05,0.9997826,d
test_1876.jpg,0.0065718614,0.9753507,0.005799647,0.012277854,b
test_1877.jpg,7.966788e-05,4.0059524e-05,2.4297331e-05,0.999856,d
test_1878.jpg,0.966146,0.0073766154,0.00073038385,0.02574692,a
test_1879.jpg,0.2886121,0.018450355,0.00059308566,0.6923444,d
test_1880.jpg,0.0002959165,2.1436119e-05,0.99956685,0.000115882576,c
test_1881.jpg,3.119693e-05,0.9998092,8.480205e-05,7.483755e-05,b
test_1882.jpg,0.003926629,0.032877263,0.9608145,0.0023816212,c
test_1883.jpg,0.93126327,0.00042700567,0.067460485,0.00084920216,a
test_1884.jpg,0.00011584115,4.8289774e-05,0.9992095,0.00062623125,c
test_1885.jpg,0.00080365315,0.00020319533,0.00033501245,0.99865806,d
test_1886.jpg,0.0003352169,0.9992675,6.200889e-05,0.0003352169,b
test_1887.jpg,4.831832e-05,2.0142073e-05,0.99980026,0.00013134282,c
test_1888.jpg,0.0009499514,0.9193396,0.06659674,0.013113675,b
test_1889.jpg,0.9977176,0.00048698124,0.0015000077,0.00029536904,a
test_1890.jpg,0.00014880857,0.0001794974,2.1437907e-05,0.99965024,d
test_1891.jpg,8.480705e-05,1.3844371e-05,3.3210916e-05,0.99986815,d
test_1892.jpg,0.00042987542,0.9979869,0.00055197097,0.0010312175,b
test_1893.jpg,9.60715e-05,2.5857295e-05,0.99958223,0.00029592105,c
test_1894.jpg,0.010947596,0.0019024068,0.9854711,0.0016788682,c
test_1895.jpg,0.0004304921,2.7520442e-05,0.00012333805,0.9994186,d
test_1896.jpg,0.00011581882,0.9990169,0.00037975528,0.00048761544,b
test_1897.jpg,0.9976361,0.0016995927,0.0004036886,0.00026064095,a
test_1898.jpg,4.8309244e-05,0.9996124,0.00010886656,0.00023047048,b
test_1899.jpg,0.0034148523,0.032399215,0.9468439,0.017342051,c
test_1900.jpg,0.003913828,0.037133366,0.0012706339,0.95768213,d
test_1901.jpg,0.9997429,0.00015842059,1.3842637e-05,8.4796426e-05,a
test_1902.jpg,0.00013953443,0.99780315,0.00013108047,0.0019262133,b
test_1903.jpg,0.0045913486,0.0031555847,0.0007978567,0.9914552,d
test_1904.jpg,0.1236336,0.7114623,0.1587487,0.006155355,b
test_1905.jpg,0.0011497611,0.98196363,0.015871964,0.0010146607,b
test_1906.jpg,0.020118715,0.969374,0.0021204972,0.008386728,b
test_1907.jpg,0.0004303916,0.00012330926,0.99918526,0.00026104567,c
test_1908.jpg,0.0002611331,7.028302e-05,0.00014878916,0.9995198,d
test_1909.jpg,0.9998178,7.483819e-05,4.539166e-05,6.204304e-05,a
test_1910.jpg,0.00042874189,0.0040677898,0.00014816923,0.99535537,d
test_1911.jpg,0.03719923,0.0026947034,0.00072526955,0.9593808,d
test_1912.jpg,0.00043050523,2.4287443e-05,9.6058706e-05,0.9994491,d
test_1913.jpg,9.02789e-05,9.515326e-06,6.961561e-06,0.9998932,d
test_1914.jpg,4.8307727e-05,0.99958104,7.482048e-05,0.0002959207,b
test_1915.jpg,0.81040686,0.0025793475,0.18082622,0.006187532,a
test_1916.jpg,0.00062589813,0.00062589813,7.022383e-05,0.998678,d
test_1917.jpg,2.930218e-05,0.99965143,0.00013979289,0.00017949761,b
test_1918.jpg,0.56512094,0.0055402513,0.3884016,0.040937226,a
test_1919.jpg,0.93149966,0.0006214473,0.06747761,0.00040123652,a
test_1920.jpg,0.9991021,0.000108810986,7.960781e-05,0.0007095367,a
test_1921.jpg,0.00079712307,8.943473e-05,0.99054354,0.00856988,c
test_1922.jpg,0.0035469925,0.3192901,0.6759371,0.0012258077,c
test_1923.jpg,0.004217082,0.9106361,0.0004444772,0.08470235,b
test_1924.jpg,0.999723,7.029731e-05,0.00015841743,4.8314592e-05,a
test_1925.jpg,0.99570185,0.001165847,0.0006642796,0.0024680982,a
test_1926.jpg,0.0004875686,0.99892104,0.0002957253,0.0002957253,b
test_1927.jpg,0.0045889607,0.9909395,0.0027833453,0.0016881843,b
test_1928.jpg,7.484252e-05,9.515158e-06,4.006031e-05,0.99987555,d
test_1929.jpg,0.00012335686,0.999571,0.00010226643,0.00020338109,b
test_1930.jpg,0.0001908312,0.0006257114,0.99838006,0.0008034294,c
test_1931.jpg,0.8234505,0.0464559,0.12628023,0.0038133326,a
test_1932.jpg,2.9310751e-05,7.888882e-06,1.8924444e-05,0.99994385,d
test_1933.jpg,0.9995981,0.0001233602,0.00021650389,6.20294e-05,a
test_1934.jpg,3.1201173e-05,1.4738388e-05,8.939285e-06,0.99994504,d
test_1935.jpg,0.28327537,0.003349863,0.6795423,0.03383242,c
test_1936.jpg,7.480822e-05,2.0134357e-05,0.00048781084,0.9994173,d
test_1937.jpg,0.00013115704,0.00015820557,0.998386,0.001324639,c
test_1938.jpg,0.73576397,0.013475987,0.23886758,0.011892516,a
test_1939.jpg,0.03289089,0.9612127,0.004451298,0.0014451249,b
test_1940.jpg,0.68904155,0.056559972,0.25348425,0.0009142068,a
test_1941.jpg,0.22232677,0.6848147,0.07217894,0.020679612,b
test_1942.jpg,0.0018943392,0.0009525335,0.981292,0.015861107,c
test_1943.jpg,0.00048781923,3.7616577e-05,4.0042632e-05,0.9994344,d
test_1944.jpg,0.00012334867,0.9995047,0.00016859766,0.00020336758,b
test_1945.jpg,0.9975363,0.00027742313,0.00048689276,0.0016994227,a
test_1946.jpg,4.8321577e-05,1.3844363e-05,0.99986756,7.030748e-05,c
test_1947.jpg,0.4915097,0.002138237,0.4915097,0.014842307,a
test_1948.jpg,0.075776115,0.00079079473,0.9231421,0.00029091715,c
test_1949.jpg,0.0001686121,3.7622445e-05,0.99959034,0.00020338502,c
test_1950.jpg,0.04533404,0.01146224,0.13963866,0.8035651,d
test_1951.jpg,4.264431e-05,3.1199248e-05,4.264431e-05,0.9998834,d
test_1952.jpg,0.013987277,0.11711403,0.86536217,0.0035365375,c
test_1953.jpg,0.028842159,0.00059859984,0.9551211,0.015438095,c
test_1954.jpg,0.99826103,0.0006256368,0.0009102962,0.00020311454,a
test_1955.jpg,0.00068223395,0.62024677,0.37619868,0.0028723127,b
test_1956.jpg,0.00055261655,0.00019097916,0.000102223785,0.9991542,d
test_1957.jpg,0.0009100868,0.0009100868,0.00014856757,0.9980313,d
test_1958.jpg,0.0040651807,0.00019013102,0.99471694,0.0010278387,c
test_1959.jpg,0.00080064323,0.00021549019,0.004066002,0.99491787,d
test_1960.jpg,0.00020333799,0.000102244754,0.00033524766,0.9993592,d
test_1961.jpg,3.3192242e-05,0.99930596,0.00023039985,0.0004304436,b
test_1962.jpg,0.68833995,0.056502383,0.13554215,0.11961553,a
test_1963.jpg,0.0003351183,0.9989736,0.00026099037,0.00043030042,b
test_1964.jpg,0.0003132605,0.99404234,0.0052162553,0.0004281763,b
test_1965.jpg,0.053629737,0.50882477,0.16519122,0.2723543,b
test_1966.jpg,0.0004305192,4.262717e-05,4.537639e-05,0.9994815,d
test_1967.jpg,3.12016e-05,4.4950166e-06,5.4220254e-06,0.9999589,d
test_1968.jpg,0.0025823184,0.9193689,0.075466394,0.0025823184,b
test_1969.jpg,5.14241e-05,0.9995964,0.00014880055,0.00020338625,b
test_1970.jpg,1.3006899e-05,1.1478548e-05,6.144024e-06,0.99996936,d
test_1971.jpg,0.99989045,3.5353627e-05,2.2826018e-05,5.1439227e-05,a
test_1972.jpg,0.7931545,0.06510609,0.13782957,0.003909924,a
test_1973.jpg,0.0001088943,1.38443565e-05,1.0128747e-05,0.9998671,d
test_1974.jpg,0.99977046,9.608959e-05,3.1195723e-05,0.00010228683,a
test_1975.jpg,0.9991678,0.00011583631,9.0213405e-05,0.00062620506,a
test_1976.jpg,0.99871373,0.00062592054,0.0004301885,0.0002302633,a
test_1977.jpg,4.8321184e-05,7.4102936e-06,0.99985945,8.4806314e-05,c
test_1978.jpg,0.0012753771,0.00019558541,0.9612571,0.03727198,c
test_1979.jpg,0.99969864,0.00010887595,0.00010227948,9.026133e-05,a
test_1980.jpg,0.46356514,0.0017797038,0.07109002,0.46356514,a
test_1981.jpg,0.00015841315,7.965513e-05,6.6036424e-05,0.999696,d
test_1982.jpg,0.00012335397,3.3200267e-05,0.99954754,0.0002959108,c
test_1983.jpg,0.0011692067,0.00023023046,2.9270519e-05,0.9985713,d
test_1984.jpg,0.00091070513,0.00010217828,0.00027774938,0.99870944,d
test_1985.jpg,0.00017943763,0.00012332556,0.9993174,0.00037986948,c
test_1986.jpg,0.00033524728,9.023059e-05,0.9993581,0.00021645191,c
test_1987.jpg,2.143904e-05,0.999703,9.608311e-05,0.00017950687,b
test_1988.jpg,0.0001795205,2.1440666e-05,2.0141642e-05,0.9997789,d
test_1989.jpg,6.600042e-05,0.999151,0.00023036411,0.0005526148,b
test_1990.jpg,0.92828244,0.009100561,0.02183111,0.040785883,a
test_1991.jpg,0.998958,0.00010220371,0.00023031962,0.0007094344,a
test_1992.jpg,0.2748586,0.042150933,0.5818756,0.10111482,c
test_1993.jpg,0.0001794981,9.607842e-05,7.029247e-05,0.9996542,d
test_1994.jpg,0.00010887851,2.0140498e-05,0.99972206,0.00014881926,c
test_1995.jpg,0.0002450562,0.9984781,0.0002450562,0.0010317251,b
test_1996.jpg,3.5354726e-05,2.9310095e-05,1.3845109e-05,0.99992144,d
test_1997.jpg,0.0010287006,0.9955511,0.0006239384,0.0027962984,b
test_1998.jpg,0.00029527576,0.9974025,0.001499534,0.0008026427,b
test_1999.jpg,0.9984493,0.001169064,0.00019084444,0.00019084444,a
test_2000.jpg,0.0005527343,4.262229e-05,3.761404e-05,0.99936706,d
test_2001.jpg,0.99991417,5.1440446e-05,1.01292235e-05,2.4298744e-05,a
test_2002.jpg,0.0059029865,0.9927297,0.00070501125,0.0006622968,b
test_2003.jpg,0.031336594,0.031336594,0.9157895,0.021537306,c
test_2004.jpg,0.0013247699,0.00011575711,7.473841e-05,0.9984847,d
test_2005.jpg,0.0008028775,0.9976942,0.0011681798,0.00033468913,b
test_2006.jpg,0.99802977,0.0003145171,0.0011685727,0.00048713363,a
test_2007.jpg,0.99984896,9.027491e-05,2.7532293e-05,3.321028e-05,a
test_2008.jpg,0.026530003,0.87855303,0.0925988,0.002318166,b
test_2009.jpg,0.00023046478,6.6029264e-05,0.00011588498,0.9995876,d
test_2010.jpg,0.44943073,0.004406064,0.50927174,0.036891524,c
test_2011.jpg,0.00036736735,0.0001351469,0.033069354,0.96642816,d
test_2012.jpg,0.017947285,0.0002725151,0.9798885,0.0018916299,c
test_2013.jpg,5.1430725e-05,0.99972516,5.4747718e-05,0.00016863484,b
test_2014.jpg,0.0018762351,0.9719139,0.008408703,0.017801223,b
test_2015.jpg,4.2646265e-05,1.6700518e-05,1.1478087e-05,0.9999292,d
test_2016.jpg,0.00013970882,0.00043033343,0.9990502,0.00037976794,c
test_2017.jpg,0.00043002598,0.0008033943,0.00043002598,0.9983365,d
test_2018.jpg,0.9982449,0.00013113848,0.0001231932,0.0015008004,a
test_2019.jpg,0.00051232986,0.9860562,0.0010188896,0.012412616,b
test_2020.jpg,0.0004851776,0.00027644585,0.9940223,0.0052161505,c
test_2021.jpg,0.00043022147,7.023173e-05,0.9987903,0.0007093153,c
test_2022.jpg,0.99878293,0.00035666348,0.0004302183,0.0004302183,a
test_2023.jpg,0.00016860009,0.0001088564,0.00020337052,0.9995191,d
test_2024.jpg,0.0034574214,0.0007247149,0.95864713,0.037170783,c
test_2025.jpg,0.99903935,0.0006261246,0.00013124286,0.00020327291,a
test_2026.jpg,0.00012338274,5.828188e-05,3.762961e-05,0.9997807,d
test_2027.jpg,0.010555715,0.010555715,0.028693408,0.9501952,d
test_2028.jpg,0.00013814493,0.9878669,0.010974211,0.0010207605,b
test_2029.jpg,0.99994063,3.3213324e-05,1.2218499e-05,1.3845374e-05,a
test_2030.jpg,1.7773207e-05,0.9996815,7.029439e-05,0.00023048642,b
test_2031.jpg,0.00521227,0.00079932756,0.0007054041,0.9932829,d
test_2032.jpg,0.0018448757,0.00049654156,0.041989177,0.9556693,d
test_2033.jpg,0.00016849428,0.9988919,0.00023030437,0.0007093874,b
test_2034.jpg,0.047345173,0.0009826177,0.9509533,0.00071889855,c
test_2035.jpg,0.006688097,0.9926016,0.00033298074,0.0003773166,b
test_2036.jpg,1.0779494e-05,0.9996351,5.8273392e-05,0.0002959367,b
test_2037.jpg,0.99880767,0.00023028496,0.0008037735,0.00015827238,a
test_2038.jpg,5.8285805e-05,3.5352128e-05,5.8285805e-05,0.999848,d
test_2039.jpg,0.00033440936,0.99686027,0.0006247589,0.0021806231,b
test_2040.jpg,0.000486064,0.9958384,0.0014971824,0.0021783877,b
test_2041.jpg,0.9997274,0.00011590119,3.3206245e-05,0.00012337617,a
test_2042.jpg,9.609085e-05,6.204091e-05,5.8282047e-05,0.9997836,d
test_2043.jpg,0.00033521414,7.026471e-05,0.9992593,0.00033521414,c
test_2044.jpg,0.0013230123,0.00048670906,0.99715996,0.001030363,c
test_2045.jpg,0.0016830887,0.9879484,0.005184278,0.005184278,b
test_2046.jpg,0.99929285,0.00012332253,9.604369e-05,0.00048775013,a
test_2047.jpg,0.01581894,0.97868323,0.00274892,0.00274892,b
test_2048.jpg,0.047215104,0.9483408,0.0030183608,0.0014257727,b
test_2049.jpg,0.03718173,0.0011952049,0.0026934359,0.95892954,d
test_2050.jpg,7.030794e-05,1.0128818e-05,0.9998741,4.5394216e-05,c
test_2051.jpg,0.0005520379,0.00091015664,0.00042992755,0.9981079,d
test_2052.jpg,0.0007089822,0.0007089822,0.00026081994,0.99832124,d
test_2053.jpg,0.00011586236,0.0002304198,0.9993925,0.00026109983,c
test_2054.jpg,0.0062017343,0.00029005896,0.81226695,0.18124126,c
test_2055.jpg,2.5865305e-05,7.4105337e-06,0.9998919,7.4843745e-05,c
test_2056.jpg,5.825866e-05,0.9993824,0.0001794493,0.0003798942,b
test_2057.jpg,0.99982685,5.8284568e-05,7.483887e-05,4.0058356e-05,a
test_2058.jpg,0.002155321,0.98529357,0.0040266695,0.00852446,b
test_2059.jpg,0.0036790823,0.094884776,0.0011944231,0.90024173,d
test_2060.jpg,0.00055140996,0.99697256,0.00055140996,0.0019246099,b
test_2061.jpg,6.6023655e-05,5.1419276e-05,0.99950266,0.0003799399,c
test_2062.jpg,0.0001487054,9.0194386e-05,0.99895716,0.00080389384,c
test_2063.jpg,0.00062593824,0.0005523886,7.957912e-05,0.99874204,d
test_2064.jpg,0.00026802454,0.62223834,8.701483e-05,0.37740663,b
test_2065.jpg,0.2101968,0.05314607,0.7336589,0.0029982962,c
test_2066.jpg,0.99747026,0.00080269726,0.0013234239,0.0004036215,a
test_2067.jpg,7.966035e-05,0.00013133773,2.7529884e-05,0.9997615,d
test_2068.jpg,7.4834745e-05,3.762927e-05,0.99977165,0.00011590631,c
test_2069.jpg,0.0015004408,9.010848e-05,0.00040383817,0.9980057,d
test_2070.jpg,0.00116576,0.0021779265,0.0010287795,0.9956275,d
test_2071.jpg,0.99841833,0.0009104397,0.00031463956,0.00035653327,a
test_2072.jpg,0.00042914858,0.99629956,0.0008017551,0.0024695797,b
test_2073.jpg,0.0011648131,0.99481887,0.0004285108,0.0035878771,b
test_2074.jpg,0.9999201,2.429889e-05,2.429889e-05,3.1200394e-05,a
test_2075.jpg,0.88320065,0.10548328,0.009811474,0.0015046382,a
test_2076.jpg,0.00010888897,3.7631016e-05,3.535107e-05,0.99981815,d
test_2077.jpg,0.99900776,0.0007094697,0.00024518618,3.7600515e-05,a
test_2078.jpg,0.0006248909,0.002181084,0.00012304833,0.9970709,d
test_2079.jpg,0.00017939354,0.99907184,0.00048764225,0.00026101604,b
test_2080.jpg,9.021483e-05,0.9991836,0.00029580307,0.00043039088,b
test_2081.jpg,0.9999461,2.1444253e-05,1.5688951e-05,1.67008e-05,a
test_2082.jpg,0.00070315093,0.0006205285,0.008566132,0.9901102,d
test_2083.jpg,0.014322628,0.781989,0.0059705595,0.19771779,b
test_2084.jpg,4.8290545e-05,0.9992255,0.00029581547,0.00043040892,b
test_2085.jpg,0.00062515895,0.00070839794,0.9974986,0.0011679507,c
test_2086.jpg,0.00016862966,7.482897e-05,6.203538e-05,0.99969447,d
test_2087.jpg,0.00013133501,7.96587e-05,4.831545e-05,0.9997408,d
test_2088.jpg,0.022868196,0.0016565666,0.9723804,0.0030948739,c
test_2089.jpg,4.539281e-05,4.539281e-05,6.6046145e-05,0.9998431,d
test_2090.jpg,0.00043020837,0.99875987,0.00043020837,0.00037965755,b
test_2091.jpg,0.0019250041,9.584031e-05,0.00080246106,0.99717677,d
test_2092.jpg,4.539485e-05,3.1199394e-05,0.99988806,3.5353543e-05,c
test_2093.jpg,0.01982729,0.01982729,0.95533234,0.005013124,c
test_2094.jpg,0.0001795235,1.4736185e-05,1.0128022e-05,0.9997956,d
test_2095.jpg,0.99933124,9.022816e-05,2.58508e-05,0.00055271445,a
test_2096.jpg,0.00013133994,2.4295443e-05,0.99977833,6.604186e-05,c
test_2097.jpg,0.99965334,0.000115892595,6.203283e-05,0.00016862273,a
test_2098.jpg,0.99976534,2.5862031e-05,2.9305518e-05,0.00017951806,a
test_2099.jpg,0.0011424687,0.07524063,0.0069984677,0.91661847,d
test_2100.jpg,0.00043005988,0.00012321421,0.9984151,0.00103166,c
test_2101.jpg,3.76291e-05,1.5686142e-05,0.00017951838,0.9997671,d
test_2102.jpg,0.99975985,6.203944e-05,0.00012338016,5.4749617e-05,a
test_2103.jpg,0.99638546,0.00029497468,0.0031712765,0.00014832258,a
test_2104.jpg,0.001698761,0.0010303505,0.00012305782,0.99714786,d
test_2105.jpg,0.067054205,0.001786934,0.005504144,0.9256547,d
test_2106.jpg,1.8925019e-05,3.0894244e-06,3.7265572e-06,0.99997425,d
test_2107.jpg,0.00048783008,3.7617414e-05,1.776921e-05,0.9994567,d
test_2108.jpg,8.477876e-05,0.9995346,8.477876e-05,0.00029590697,b
test_2109.jpg,0.00035048655,0.00018760192,0.98148537,0.017976532,c
test_2110.jpg,0.99531156,0.0014963903,0.0014963903,0.0016956326,a
test_2111.jpg,0.99953103,7.481673e-05,0.00024531462,0.00014879082,a
test_2112.jpg,0.001146808,0.017939098,0.0014725308,0.9794415,d
test_2113.jpg,0.0044883895,0.02279392,0.9692221,0.003495561,c
test_2114.jpg,0.004796324,0.7118376,0.021495633,0.26187044,b
test_2115.jpg,0.999816,3.3209184e-05,5.475269e-05,9.6093965e-05,a
test_2116.jpg,4.005986e-05,1.0781966e-05,0.99986434,8.480673e-05,c
test_2117.jpg,0.999821,4.2641648e-05,2.7531521e-05,0.000108889275,a
test_2118.jpg,0.008504733,0.3616305,0.03363688,0.5962279,d
test_2119.jpg,0.025919328,0.0011388158,0.9726156,0.00032627617,c
test_2120.jpg,1.3002725e-05,0.99964845,4.2634292e-05,0.00029594067,b
test_2121.jpg,0.9996556,0.00021651635,3.76249e-05,9.025745e-05,a
test_2122.jpg,0.0006349949,0.047387652,0.00017090655,0.9518064,d
test_2123.jpg,0.0016984557,0.0006248268,0.9969687,0.00070802163,c
test_2124.jpg,0.00048709306,6.592087e-05,0.9979467,0.001500352,c
test_2125.jpg,3.7630485e-05,9.514477e-06,0.99980396,0.00014883144,c
test_2126.jpg,9.019097e-05,7.959325e-05,0.99891937,0.0009108965,c
test_2127.jpg,0.0001683797,0.9982126,0.00091025204,0.000708905,b
test_2128.jpg,0.000244355,0.0040688757,6.576725e-05,0.995621,d
test_2129.jpg,8.476182e-05,2.7518136e-05,0.9993349,0.0005527165,c
test_2130.jpg,0.00070954475,7.478547e-05,0.00010221961,0.9991134,d
test_2131.jpg,0.0002611678,2.01391e-05,6.603356e-05,0.9996526,d
test_2132.jpg,7.028788e-05,0.9995889,7.96466e-05,0.00026115114,b
test_2133.jpg,2.9310955e-05,1.3845515e-05,6.14391e-06,0.99995077,d
test_2134.jpg,6.201349e-05,0.99934167,0.00026108653,0.00033524178,b
test_2135.jpg,0.00033520552,9.603799e-05,0.9992336,0.00033520552,c
test_2136.jpg,0.00010229555,3.1198382e-05,1.0781872e-05,0.99985564,d
test_2137.jpg,0.999684,5.827624e-05,0.00014881359,0.00010887435,a
test_2138.jpg,0.9993167,0.00035685409,0.00023040232,9.604598e-05,a
test_2139.jpg,0.00012333726,0.00026110496,0.00020334877,0.9994122,d
test_2140.jpg,0.00033410237,0.0031698751,0.0005508417,0.99594516,d
test_2141.jpg,0.002380162,0.037231997,0.00016197206,0.9602259,d
test_2142.jpg,0.00012337412,7.409192e-06,0.99971086,0.00015841551,c
test_2143.jpg,3.1182222e-05,0.99933773,0.0002958487,0.00033524047,b
test_2144.jpg,0.000552247,0.0001582214,0.998486,0.0008035146,c
test_2145.jpg,2.585717e-05,1.6694643e-05,0.99957746,0.00037996835,c
test_2146.jpg,0.0016994539,0.0007084377,3.7545822e-05,0.9975546,d
test_2147.jpg,0.00019083463,0.998398,0.00037952,0.0010316423,b
test_2148.jpg,0.9989944,6.1991945e-05,0.000139701,0.00080392376,a
test_2149.jpg,3.5355602e-05,6.9619305e-06,1.1478282e-05,0.99994624,d
test_2150.jpg,0.028055169,0.3016215,0.03179067,0.6385327,d
test_2151.jpg,0.005727895,0.96328384,0.008334038,0.022654265,b
test_2152.jpg,0.008532304,0.0007003742,0.98620033,0.004567014,c
test_2153.jpg,3.5353707e-05,5.7713337e-06,0.9998927,6.604942e-05,c
test_2154.jpg,0.00013959008,0.99820113,0.00033485919,0.0013243938,b
test_2155.jpg,3.966194e-06,0.99979645,2.0141995e-05,0.00017952365,b
test_2156.jpg,0.00048782022,4.8300742e-05,2.7520933e-05,0.99943644,d
test_2157.jpg,8.4792424e-05,0.00012337226,9.608241e-05,0.9996958,d
test_2158.jpg,0.004360616,0.64717287,0.3464067,0.0020598094,b
test_2159.jpg,0.1511253,0.1333676,0.6772966,0.03821046,c
test_2160.jpg,0.15020387,0.0065994975,0.080398336,0.76279825,d
test_2161.jpg,0.9831928,0.001304481,0.014024491,0.0014781706,a
test_2162.jpg,0.03264722,0.008254509,0.005006613,0.9540916,d
test_2163.jpg,6.604847e-05,1.01288615e-05,0.9998784,4.5394412e-05,c
test_2164.jpg,0.0016724733,0.015867984,0.0007421555,0.98171735,d
test_2165.jpg,3.763421e-05,7.888559e-06,0.99990296,5.143987e-05,c
test_2166.jpg,0.0019138394,0.00079780695,0.9913933,0.00589504,c
test_2167.jpg,0.0066575306,0.0007016986,0.0045756497,0.9880652,d
test_2168.jpg,0.020239646,0.0039854227,0.0005741546,0.9752008,d
test_2169.jpg,0.000295902,9.0245005e-05,9.6065305e-05,0.9995178,d
test_2170.jpg,0.9916009,0.0031560482,0.0024579328,0.0027852028,a
test_2171.jpg,0.0098084295,0.0018143768,0.8829266,0.10545055,c
test_2172.jpg,0.0018488908,0.7007042,0.29209697,0.0053499425,b
test_2173.jpg,8.479927e-05,2.2823415e-05,0.9997764,0.00011590686,c
test_2174.jpg,0.94400734,0.0020650078,0.053257253,0.0006704098,a
test_2175.jpg,7.481253e-05,7.0279864e-05,0.00037992938,0.99947494,d
test_2176.jpg,0.00013125232,0.00013125232,0.0006261697,0.99911135,d
test_2177.jpg,0.009675478,0.0031411676,0.0002578427,0.9869255,d
test_2178.jpg,0.9992931,0.00037986026,6.600981e-05,0.00026107384,a
test_2179.jpg,0.008986854,0.0020052383,0.4330109,0.555997,d
test_2180.jpg,0.9998567,2.2825248e-05,6.204545e-05,5.828631e-05,a
test_2181.jpg,0.0008029703,0.0003563159,0.0010310343,0.9978096,d
test_2182.jpg,0.0010307009,0.99748695,0.0011679371,0.00031434605,b
test_2183.jpg,0.00020340552,7.965474e-05,2.586011e-05,0.9996911,d
test_2184.jpg,0.0003350081,0.00021629749,0.9986451,0.0008036427,c
test_2185.jpg,0.9997832,6.604219e-05,5.4750897e-05,9.6090815e-05,a
test_2186.jpg,6.1431306e-06,0.999824,7.9665326e-05,9.0272646e-05,b
test_2187.jpg,0.00012329128,3.3183398e-05,0.9990396,0.0008039602,c
test_2188.jpg,0.9996835,0.00019108033,2.9303119e-05,9.608123e-05,a
test_2189.jpg,0.0007092475,0.99869484,0.0003350248,0.00026091756,b
test_2190.jpg,0.0073342766,0.0030573816,0.029007629,0.96060073,d
test_2191.jpg,0.99990106,2.5865542e-05,3.7634138e-05,3.5354e-05,a
test_2192.jpg,0.014827442,0.06645199,0.91734135,0.001379167,c
test_2193.jpg,0.0006708063,0.3474863,0.64918983,0.0026530905,c
test_2194.jpg,0.0019205221,5.799474e-05,0.99485505,0.0031664057,c
test_2195.jpg,0.0007079594,0.00048657297,0.9968811,0.0019244333,c
test_2196.jpg,7.965997e-05,5.4749446e-05,0.99975675,0.00010888228,c
test_2197.jpg,0.0004875933,0.9989716,0.0002451773,0.0002957403,b
test_2198.jpg,0.9974227,0.00016824646,0.0009095318,0.0014995643,a
test_2199.jpg,0.000102283615,3.5348272e-05,0.999739,0.0001233776,c
test_2200.jpg,0.00033523038,9.604511e-05,0.99930763,0.00026107766,c
test_2201.jpg,0.015868673,0.00089524937,0.0014760166,0.9817601,d
test_2202.jpg,0.0001655924,0.017980253,0.0001655924,0.98168856,d
test_2203.jpg,0.025565162,0.9593256,0.009404898,0.005704358,b
test_2204.jpg,0.0003353049,1.8916608e-05,0.000115878276,0.99952984,d
test_2205.jpg,0.01792749,0.9788078,0.002426222,0.00083847984,b
test_2206.jpg,0.999064,0.00033514862,0.00055256666,4.828274e-05,a
test_2207.jpg,0.00023048512,5.8275768e-05,3.5346042e-05,0.99967587,d
test_2208.jpg,0.9993735,7.480494e-05,0.00033525244,0.00021645524,a
test_2209.jpg,0.00043039324,0.00029580467,8.474945e-05,0.9991891,d
test_2210.jpg,0.11942088,0.3246196,0.5352072,0.020752236,c
test_2211.jpg,1.3841414e-05,0.99965465,7.02925e-05,0.00026116832,b
test_2212.jpg,0.9930807,0.00021509228,0.005211209,0.0014930364,a
test_2213.jpg,0.0010211952,0.9882876,0.0075456686,0.0031455029,b
test_2214.jpg,5.1422023e-05,0.999556,0.00013131074,0.00026114256,b
test_2215.jpg,0.0044586943,0.8496768,0.13030216,0.015562373,b
test_2216.jpg,0.9938917,0.004602632,0.00070583646,0.0007998175,a
test_2217.jpg,0.00020341702,1.7774382e-05,3.119501e-05,0.9997476,d
test_2218.jpg,0.7013884,0.0053551663,0.00087420695,0.29238218,a
test_2219.jpg,0.0007047749,0.0016906674,0.992397,0.0052076215,c
test_2220.jpg,3.532373e-05,0.99904484,0.000115822055,0.0008039644,b
test_2221.jpg,0.94987935,0.019714117,0.028683873,0.0017226003,a
test_2222.jpg,9.026059e-05,7.965468e-05,0.9996904,0.00013979834,c
test_2223.jpg,0.99986804,3.5352838e-05,4.83216e-05,4.83216e-05,a
test_2224.jpg,0.9991591,6.600096e-05,0.00062619965,0.00014873546,a
test_2225.jpg,0.00013976905,0.00014878338,0.999481,0.0002304402,c
test_2226.jpg,6.603881e-05,6.203772e-05,0.00013980416,0.9997321,d
test_2227.jpg,0.998645,0.00033500808,0.00021629746,0.0008036426,a
test_2228.jpg,0.00023039167,0.9992705,0.00020331994,0.00029582877,b
test_2229.jpg,9.0134454e-05,0.00011573493,0.99829334,0.0015008732,c
test_2230.jpg,0.00011571872,0.9981535,0.0015006631,0.00023013414,b
test_2231.jpg,0.00011591325,3.1197626e-05,2.1441794e-05,0.99983144,d
test_2232.jpg,0.015781956,0.0334104,0.27974185,0.6710658,d
test_2233.jpg,0.00026114378,0.0001233556,5.4738717e-05,0.9995608,d
test_2234.jpg,0.00022990492,0.99715936,0.00042951896,0.0021812771,b
test_2235.jpg,0.0015010753,5.8203008e-05,1.2986847e-05,0.99842775,d
test_2236.jpg,0.08461288,0.0039573973,0.1086451,0.8027847,d
test_2237.jpg,0.007892438,0.55330265,0.007892438,0.43091252,b
test_2238.jpg,0.9992692,8.475625e-05,0.00048773858,0.00015834552,a
test_2239.jpg,0.99948585,0.00014878411,0.00014878411,0.00021647959,a
test_2240.jpg,0.0035929237,0.00015786204,3.108488e-05,0.99621814,d
test_2241.jpg,0.105592474,0.007649093,0.0026434558,0.8841149,d
test_2242.jpg,0.99976367,0.00013980859,4.8316553e-05,4.8316553e-05,a
test_2243.jpg,8.47195e-05,0.998836,0.00016848485,0.0009108205,b
test_2244.jpg,0.0011643798,0.9944488,0.0035865423,0.00080026576,b
test_2245.jpg,0.03555257,0.001884217,0.9169128,0.0456504,c
test_2246.jpg,1.1478206e-05,1.7777795e-05,0.99993956,3.1201e-05,c
test_2247.jpg,0.9930241,0.0010260894,0.0031605782,0.0027892005,a
test_2248.jpg,0.029042564,0.0073431097,0.96175766,0.001856629,c
test_2249.jpg,0.0013234927,0.00024482157,0.99752206,0.0009096224,c
test_2250.jpg,0.0006261007,0.00033512755,3.7600268e-05,0.9990012,d
test_2251.jpg,0.000115878334,0.9995303,0.00012335184,0.00023045157,b
test_2252.jpg,0.99982774,5.1436004e-05,5.4753335e-05,6.6045126e-05,a
test_2253.jpg,0.00013979877,3.5346664e-05,0.9996935,0.0001313288,c
test_2254.jpg,0.0007090563,6.195664e-05,0.9984256,0.000803466,c
test_2255.jpg,0.04223882,0.019952206,0.08941958,0.8483894,d
test_2256.jpg,0.00020318358,0.9986003,0.0007091804,0.0004874121,b
test_2257.jpg,0.99985945,2.0143267e-05,2.4297417e-05,9.609815e-05,a
test_2258.jpg,0.0003799047,7.02753e-05,0.99941003,0.00013975913,c
test_2259.jpg,3.535103e-05,4.539162e-05,0.00010229159,0.99981695,d
test_2260.jpg,0.88168997,0.05636455,0.005580846,0.05636455,a
test_2261.jpg,0.8897061,0.10626024,0.0018283083,0.002205361,a
test_2262.jpg,6.604269e-05,5.828247e-05,0.99979085,8.480049e-05,c
test_2263.jpg,0.97133654,0.005775778,0.020159446,0.0027282846,a
test_2264.jpg,0.00012333806,2.7520444e-05,0.99941874,0.00043049216,c
test_2265.jpg,0.00017898566,0.0016981689,0.0013225351,0.9968003,d
test_2266.jpg,0.01781193,0.0022645327,0.007425117,0.9724984,d
test_2267.jpg,3.535502e-05,2.5866286e-05,8.939149e-06,0.9999298,d
test_2268.jpg,0.99520713,0.00040270577,0.00080087606,0.0035892774,a
test_2269.jpg,0.0002611813,1.7773613e-05,1.6696762e-05,0.9997043,d
test_2270.jpg,0.041805558,0.005657767,0.0010465817,0.9514901,d
test_2271.jpg,0.86579484,0.13277394,0.00047885758,0.000952322,a
test_2272.jpg,0.0021537049,0.012393717,0.0008977978,0.9845548,d
test_2273.jpg,0.019903366,0.9589979,0.019903366,0.0011952901,b
test_2274.jpg,0.9992243,0.0002610559,0.00017942092,0.0003352024,a
test_2275.jpg,0.00010227656,2.4292813e-05,0.99967,0.00020340123,c
test_2276.jpg,2.7528018e-05,0.99969375,4.8313173e-05,0.00023048924,b
test_2277.jpg,0.9982141,0.0008032959,0.0008032959,0.00017923952,a
test_2278.jpg,1.568846e-05,1.4737942e-05,0.99991477,5.47581e-05,c
test_2279.jpg,0.9999411,2.9310671e-05,1.38453815e-05,1.5688873e-05,a
test_2280.jpg,0.73441315,0.041432757,0.16386972,0.0602843,a
test_2281.jpg,0.9993356,0.00016856914,0.000115855764,0.0003798764,a
test_2282.jpg,0.009690837,0.0010214067,0.98849225,0.00079547236,c
test_2283.jpg,0.008462995,0.0016664626,0.31757158,0.67229897,d
test_2284.jpg,1.7775108e-05,0.99978846,3.535002e-05,0.00015842779,b
test_2285.jpg,0.0007748409,0.0005002749,0.37705928,0.6216656,d
test_2286.jpg,0.0002301773,0.0006256868,0.9983407,0.00080339774,c
test_2287.jpg,0.91271794,0.058348104,0.027561694,0.0013722159,a
test_2288.jpg,0.019315893,0.9306919,0.02810446,0.021887776,b
test_2289.jpg,0.00055248424,0.00010219931,0.99891496,0.00043027516,c
test_2290.jpg,0.99828404,0.00029553677,9.594673e-05,0.0013245038,a
test_2291.jpg,4.5328135e-05,0.99841857,0.0009104399,0.00062573556,b
test_2292.jpg,0.0001795019,2.9302882e-05,0.9996754,0.000115895156,c
test_2293.jpg,4.53956e-05,4.494773e-06,0.99990463,4.53956e-05,c
test_2294.jpg,6.604422e-05,1.7775563e-05,0.999814,0.000102291284,c
test_2295.jpg,0.035863686,0.035863686,0.9249367,0.0033358426,c
test_2296.jpg,0.005893176,0.00024324046,0.99107987,0.0027837395,c
test_2297.jpg,0.551432,0.06585917,0.37899333,0.0037155198,a
test_2298.jpg,0.98376507,0.014032654,0.0008970776,0.0013052402,a
test_2299.jpg,7.966816e-05,3.3210632e-05,2.7532584e-05,0.9998596,d
test_2300.jpg,2.5863628e-05,0.000115912735,0.9998271,3.119749e-05,c
test_2301.jpg,0.004590675,0.99130964,0.0027843849,0.0013152502,b
test_2302.jpg,0.9958396,0.0014971842,0.0011660082,0.0014971842,a
test_2303.jpg,0.015262624,0.036613133,0.0038589959,0.9442651,d
test_2304.jpg,2.014014e-05,0.9997043,9.608323e-05,0.00017950711,b
test_2305.jpg,0.001307676,0.9856009,0.008527119,0.0045642382,b
test_2306.jpg,0.54104376,0.08297175,0.37185362,0.00413092,a
test_2307.jpg,0.99918276,0.00033518847,0.00010222671,0.00037981832,a
test_2308.jpg,0.0004857434,0.9951815,0.0031674448,0.0011652377,b
test_2309.jpg,0.16021588,0.0015707014,0.024569904,0.81364346,d
test_2310.jpg,0.19152258,0.7574865,0.048424494,0.0025664042,b
test_2311.jpg,6.199545e-05,0.9990509,0.00026101057,0.00062613183,b
test_2312.jpg,0.99968505,0.00010887447,0.00013132769,7.482826e-05,a
test_2313.jpg,0.99489,0.0006235241,0.0013200005,0.003166517,a
test_2314.jpg,0.000108875756,4.538617e-05,0.99969685,0.00014881551,c
test_2315.jpg,0.99813807,0.00023013058,0.0015006398,0.00013112446,a
test_2316.jpg,0.0014988609,0.0003789714,0.9969548,0.001167314,c
test_2317.jpg,7.966492e-05,7.030405e-05,3.1197233e-05,0.99981886,d
test_2318.jpg,0.0017655262,0.43201,0.011512676,0.5547118,d
test_2319.jpg,0.0041168532,0.0007154018,0.10617504,0.8889927,d
test_2320.jpg,2.2825014e-05,7.410197e-06,0.99984646,0.00012339086,c
test_2321.jpg,0.00024345428,0.931852,0.0004013883,0.06750313,b
test_2322.jpg,0.00033372,0.0031662474,0.0016947702,0.9948053,d
test_2323.jpg,0.0037437135,0.43271446,0.5556164,0.0079254415,c
test_2324.jpg,0.99819714,0.0011687686,0.0002776069,0.0003564543,a
test_2325.jpg,0.0011682233,0.0001907072,0.0009098132,0.9977314,d
test_2326.jpg,0.046662044,0.30427474,0.34478846,0.30427474,c
test_2327.jpg,7.030916e-05,2.753346e-05,1.0782258e-05,0.9998914,d
test_2328.jpg,0.28102162,0.40888405,0.21885987,0.09123436,b
test_2329.jpg,0.00013981941,8.938356e-06,1.0128483e-05,0.9998411,d
test_2330.jpg,0.043092605,0.36080995,0.001222443,0.59487504,d
test_2331.jpg,0.0052138916,0.0010266762,0.00016760027,0.99359185,d
test_2332.jpg,0.0014986625,0.00035596354,0.99682283,0.001322565,c
test_2333.jpg,0.003577679,0.9919912,0.0003770846,0.0040540416,b
test_2334.jpg,0.00013975061,0.00013128355,0.99934906,0.00037988153,c
test_2335.jpg,0.00033498503,0.9985763,0.0003795878,0.0007091633,b
test_2336.jpg,0.00010870953,0.9981705,0.0005520725,0.0011687374,b
test_2337.jpg,0.7667524,0.19386537,0.029730218,0.009651989,a
test_2338.jpg,0.9994849,9.606215e-05,0.00035691416,6.202238e-05,a
test_2339.jpg,0.003655294,0.61472595,0.37285015,0.008768594,b
test_2340.jpg,0.00024448623,0.9961558,0.0027979969,0.00080163946,b
test_2341.jpg,0.01795185,0.0016697822,0.00024055493,0.98013777,d
test_2342.jpg,5.8287158e-05,1.5687778e-05,0.99987125,5.4755717e-05,c
test_2343.jpg,6.204817e-05,2.4298415e-05,1.3006004e-05,0.9999006,d
test_2344.jpg,0.0018210969,0.0016071125,0.9433515,0.053220253,c
test_2345.jpg,0.99963856,4.263387e-05,0.00021651265,0.00010227334,a
test_2346.jpg,0.99985516,4.005949e-05,4.2643107e-05,6.204536e-05,a
test_2347.jpg,0.015794821,0.977191,0.0018864224,0.0051278276,b
test_2348.jpg,0.0011520472,0.014034808,0.983916,0.0008972153,c
test_2349.jpg,0.0011684969,0.00048710205,0.00037935545,0.9979651,d
test_2350.jpg,0.00017950767,2.282184e-05,0.9997074,9.0262125e-05,c
test_2351.jpg,0.00033528396,6.6021326e-05,0.99946743,0.0001312991,c
test_2352.jpg,0.013239271,0.052362338,0.9281446,0.006253789,c
test_2353.jpg,0.015805302,0.0005408277,0.97783947,0.0058144457,c
test_2354.jpg,0.33065116,0.61773765,0.04474877,0.0068624457,b
test_2355.jpg,0.0005523141,0.0001311861,0.99860734,0.0007091853,c
test_2356.jpg,0.0020730074,0.036744934,0.013517705,0.9476643,d
test_2357.jpg,0.0003798851,0.00023041196,3.118287e-05,0.9993585,d
test_2358.jpg,0.0011690796,0.00012322007,0.9984627,0.00024505242,c
test_2359.jpg,0.0046083652,0.00012280876,0.00013916056,0.9951297,d
test_2360.jpg,3.1201584e-05,5.0935187e-06,5.4220222e-06,0.9999583,d
test_2361.jpg,0.00048776006,9.022654e-05,0.00010883398,0.99931324,d
test_2362.jpg,0.9994295,0.0001233394,9.023704e-05,0.0003568944,a
test_2363.jpg,9.511923e-06,0.9995357,7.481708e-05,0.00037995246,b
test_2364.jpg,0.9960324,0.00013084784,0.00024445597,0.003592254,a
test_2365.jpg,0.0009108001,8.4717605e-05,0.9988136,0.00019091407,c
test_2366.jpg,0.99991465,1.5688458e-05,4.5396057e-05,2.4298757e-05,a
test_2367.jpg,0.9769696,0.017893823,0.0011439138,0.0039926516,a
test_2368.jpg,0.33882824,0.016869264,0.5586333,0.0856692,c
test_2369.jpg,0.0016973019,0.0016973019,0.00031396927,0.9962914,d
test_2370.jpg,0.0007429114,0.00065561704,0.015884146,0.98271734,d
test_2371.jpg,0.0062538735,0.0062538735,0.92815715,0.059335098,c
test_2372.jpg,2.2826078e-05,2.5865334e-05,0.99989307,5.828843e-05,c
test_2373.jpg,0.012303082,0.1167284,0.008455778,0.8625127,d
test_2374.jpg,2.4299863e-05,8.939421e-06,6.540219e-06,0.9999602,d
test_2375.jpg,0.0027354443,0.00047534893,0.97388554,0.022903593,c
test_2376.jpg,2.1437252e-05,0.9996196,0.0001794919,0.0001794919,b
test_2377.jpg,0.0001088936,1.568761e-05,1.4737145e-05,0.99986064,d
test_2378.jpg,3.5354133e-05,1.1477807e-05,0.99990475,4.8323374e-05,c
test_2379.jpg,0.0016968126,0.00080151745,0.0014974317,0.99600416,d
test_2380.jpg,0.9189397,0.0029247836,0.06656777,0.0115677435,a
test_2381.jpg,7.966681e-05,6.204457e-05,1.5687327e-05,0.9998425,d
test_2382.jpg,0.005111598,0.0005735054,0.97409815,0.020216761,c
test_2383.jpg,0.00013980301,6.6038265e-05,0.99972385,7.029737e-05,c
test_2384.jpg,0.9571738,0.00020731517,0.042055283,0.0005635411,a
test_2385.jpg,5.4738925e-05,0.00029591584,0.9995646,8.47813e-05,c
test_2386.jpg,0.28668633,0.00205626,0.023532646,0.68772477,d
test_2387.jpg,0.0021769074,0.9951617,0.0014961651,0.0011652145,b
test_2388.jpg,0.48381495,0.0007742988,0.13861531,0.37679547,a
test_2389.jpg,0.0006030898,0.00013456751,0.09527913,0.90398324,d
test_2390.jpg,0.002798323,0.00037871185,0.99627197,0.0005510225,c
test_2391.jpg,0.00042952492,0.00021597868,0.9971732,0.0021813076,c
test_2392.jpg,0.9997316,2.2822393e-05,0.000179512,6.6038774e-05,a
test_2393.jpg,0.98587984,0.0003989315,0.0109521365,0.0027691338,a
test_2394.jpg,0.00012336977,4.263545e-05,0.99967563,0.00015840992,c
test_2395.jpg,0.00024492212,0.99793184,0.00012315458,0.0017000965,b
test_2396.jpg,0.012423055,0.00029216227,0.00039933846,0.98688555,d
test_2397.jpg,0.00453401,0.0139657315,0.0024268804,0.9790734,d
test_2398.jpg,0.9821684,0.0021484848,0.0016732417,0.014009879,a
test_2399.jpg,0.9999703,1.0129792e-05,7.411115e-06,1.2218862e-05,a
test_2400.jpg,0.017206257,0.3049882,0.64566004,0.03214552,c
test_2401.jpg,0.00019082482,0.00091037434,0.0005521699,0.9983467,d
test_2402.jpg,5.8178743e-05,0.99801147,0.00042988601,0.0015004496,b
test_2403.jpg,0.29127687,0.0087958,0.6987369,0.0011903822,c
test_2404.jpg,0.5737115,0.07764341,0.30708563,0.04155952,a
test_2405.jpg,0.999757,9.02666e-05,2.1440197e-05,0.00013133713,a
test_2406.jpg,7.9529396e-05,0.0017004138,0.99811804,0.000102117774,c
test_2407.jpg,0.00023049468,2.9304112e-05,2.2822065e-05,0.9997173,d
test_2408.jpg,0.001025994,0.9929317,0.0024612318,0.003581071,b
test_2409.jpg,5.1418847e-05,0.9994943,0.00029589504,0.0001583812,b
test_2410.jpg,0.0002452732,0.00013128528,0.9993623,0.00026109192,c
test_2411.jpg,1.7776929e-05,0.9998908,2.9309198e-05,6.204757e-05,b
test_2412.jpg,0.9882311,0.008549875,0.0013111657,0.0019077349,a
test_2413.jpg,9.022933e-05,0.99934417,0.00023040865,0.00033524263,b
test_2414.jpg,0.008015786,0.052269492,0.9264989,0.013215796,c
test_2415.jpg,0.000963027,0.49886033,0.0013163019,0.49886033,b
test_2416.jpg,0.9945537,0.00048543696,0.004605698,0.00035515323,a
test_2417.jpg,0.9995938,6.202913e-05,0.0002959245,4.8308346e-05,a
test_2418.jpg,0.00013971505,0.00033515898,0.99909484,0.00043035264,c
test_2419.jpg,0.0006417513,0.00012636832,0.9619337,0.037298214,c
test_2420.jpg,0.9983204,0.00013114841,0.001168913,0.00037949052,a
test_2421.jpg,0.9983096,0.0008033727,0.00033489557,0.00055214943,a
test_2422.jpg,3.7616486e-05,0.999432,4.2625063e-05,0.00048781806,b
test_2423.jpg,0.7873652,0.009911465,0.1990771,0.0036462247,a
test_2424.jpg,0.999485,7.028058e-05,0.0002958923,0.00014878398,a
test_2425.jpg,0.00015842917,2.4295901e-05,2.014201e-05,0.99979717,d
test_2426.jpg,5.8255642e-05,0.00048776856,0.99933064,0.00012332719,c
test_2427.jpg,0.00010229235,3.3209464e-05,4.0058258e-05,0.99982446,d
test_2428.jpg,0.001160445,0.00035391576,0.06744441,0.93104124,d
test_2429.jpg,0.0027599442,0.014016151,0.0006158267,0.98260814,d
test_2430.jpg,0.010941684,0.0024414198,0.984939,0.0016779617,c
test_2431.jpg,0.99917966,5.4717846e-05,0.00033518745,0.0004303892,a
test_2432.jpg,0.013779514,0.9660185,0.009470512,0.010731497,b
test_2433.jpg,0.004567668,0.0024448964,0.98634154,0.006645917,c
test_2434.jpg,0.0004873297,0.9984315,0.0008034708,0.00027767208,b
test_2435.jpg,0.0027765455,0.98851854,0.0011574362,0.0075474316,b
test_2436.jpg,0.3749059,0.0016309703,0.0053477455,0.61811537,d
test_2437.jpg,0.0005886022,0.00020341547,0.06003906,0.93916893,d
test_2438.jpg,0.9998155,3.7630918e-05,8.480258e-05,6.204289e-05,a
test_2439.jpg,0.00029567242,0.00015826203,0.00080372096,0.9987424,d
test_2440.jpg,0.0006252975,0.00048698223,0.9977196,0.0011682095,c
test_2441.jpg,4.537629e-05,0.99947935,0.0001794667,0.0002958906,b
test_2442.jpg,0.0028549028,0.84263825,0.10063879,0.05386806,b
test_2443.jpg,0.0024438112,0.9859037,0.010952402,0.00070016354,b
test_2444.jpg,0.9792077,0.00039623166,7.3295494e-05,0.020322807,a
test_2445.jpg,0.00017945963,0.00029587894,8.477073e-05,0.9994399,d
test_2446.jpg,0.9736171,0.012256031,0.013887902,0.00023895457,a
test_2447.jpg,0.82357734,0.0071253404,0.16217199,0.0071253404,a
test_2448.jpg,0.0024355242,0.9825606,0.007501942,0.007501942,b
test_2449.jpg,0.0032956414,0.07500845,0.0079058325,0.91379005,d
test_2450.jpg,0.0016565128,8.247291e-05,0.9723488,0.025912218,c
test_2451.jpg,3.535426e-05,7.888601e-06,0.9999083,4.8323545e-05,c
test_2452.jpg,0.17883405,0.3785917,0.33410597,0.10846833,b
test_2453.jpg,0.008267449,0.511489,0.028856233,0.4513874,b
test_2454.jpg,0.0001794993,7.482645e-05,8.478946e-05,0.99966085,d
test_2455.jpg,0.0002034167,4.2638454e-05,7.887321e-06,0.999746,d
test_2456.jpg,0.0001233899,2.0142848e-05,1.7776003e-05,0.9998387,d
test_2457.jpg,0.00010229017,7.0302944e-05,2.4296047e-05,0.9998031,d
test_2458.jpg,0.080825105,0.0713279,0.6767403,0.17110674,c
test_2459.jpg,0.10130354,0.032888442,0.017603913,0.84820414,d
test_2460.jpg,0.9953584,0.0040678023,0.00031367526,0.0002600459,a
test_2461.jpg,2.9304561e-05,0.9997327,7.965806e-05,0.00015841896,b
test_2462.jpg,0.9982419,0.00014859892,0.001500796,0.0001087173,a
test_2463.jpg,0.9998876,2.1442998e-05,4.264449e-05,4.8322545e-05,a
test_2464.jpg,0.99651104,0.0016976761,0.00062454,0.0011667944,a
test_2465.jpg,0.9719962,0.005100568,0.0027301374,0.020173136,a
test_2466.jpg,0.99954283,0.00014879258,0.0001397777,0.00016860408,a
test_2467.jpg,0.0016813533,0.00042511264,0.9869298,0.0109638,c
test_2468.jpg,0.0021783877,0.000486064,0.9958384,0.0014971824,c
test_2469.jpg,0.9999316,2.144394e-05,3.120075e-05,1.5688724e-05,a
test_2470.jpg,0.00062466384,0.9967085,0.00048648872,0.002180291,b
test_2471.jpg,0.9981035,0.00016836131,0.00040387776,0.0013242642,a
test_2472.jpg,0.05182716,0.9186583,0.027741078,0.0017734277,b
test_2473.jpg,0.041303582,0.0014133309,0.9400652,0.017217895,c
test_2474.jpg,0.00049096957,0.0012537347,0.05331016,0.94494516,d
test_2475.jpg,0.0010301349,0.9969392,0.0007080007,0.0013227194,b
test_2476.jpg,0.00020142621,0.00013005054,0.98996323,0.0097052585,c
test_2477.jpg,0.0027913686,0.993796,0.0019184776,0.0014941118,b
test_2478.jpg,0.9855226,0.001678956,0.009661725,0.0031367026,a
test_2479.jpg,0.008573525,0.00042685063,3.5038036e-05,0.99096465,d
test_2480.jpg,0.9999223,3.120046e-05,2.753431e-05,1.8924035e-05,a
test_2481.jpg,0.012645714,0.22415063,0.07277106,0.69043255,d
test_2482.jpg,9.609999e-05,1.2217743e-05,1.300572e-05,0.99987864,d
test_2483.jpg,0.0011684963,0.00015813879,0.9979646,0.0007087289,c
test_2484.jpg,0.999579,0.00013978276,0.00019106036,9.0250534e-05,a
test_2485.jpg,0.00015836091,0.99936634,0.00017944642,0.00029585714,b
test_2486.jpg,0.99855465,0.0010318041,0.0001684374,0.000245075,a
test_2487.jpg,0.9981517,0.00017922833,0.00016836944,0.0015006604,a
test_2488.jpg,0.0021819526,5.4624114e-05,0.9974681,0.00029529518,c
test_2489.jpg,0.00043044283,0.9993042,6.201117e-05,0.0002033268,b
test_2490.jpg,0.0021748748,0.0008000917,0.9942325,0.0027925947,c
test_2491.jpg,6.6037646e-05,0.99971443,4.0053852e-05,0.00017950893,b
test_2492.jpg,0.00012323506,0.99858403,0.0002608886,0.0010318345,b
test_2493.jpg,0.0002606677,7.468255e-05,0.9977385,0.0019260884,c
test_2494.jpg,0.9999094,2.5865758e-05,2.9309742e-05,3.53543e-05,a
test_2495.jpg,0.43303993,0.024430443,0.43303993,0.10948964,a
test_2496.jpg,0.005898145,0.0011614136,0.9919155,0.001024944,c
test_2497.jpg,0.00055259187,0.00015832022,0.99910957,0.00017940032,c
test_2498.jpg,0.00013020607,0.008575103,0.9911472,0.0001475428,c
test_2499.jpg,0.0024663822,0.99500954,0.001028141,0.0014959363,b
test_2500.jpg,0.00048758325,0.00013123125,0.99895096,0.00043029067,c
test_2501.jpg,0.00037981197,0.0002957979,0.00015832917,0.99916613,d
test_2502.jpg,4.0061863e-05,5.4217844e-06,0.9999144,4.0061863e-05,c
test_2503.jpg,0.0013242497,9.592833e-05,0.9980926,0.00048716427,c
test_2504.jpg,3.5338035e-05,0.99944943,8.4771535e-05,0.0004305054,b
test_2505.jpg,0.0025812243,0.0054644514,0.18095778,0.8109965,d
test_2506.jpg,0.029216874,0.96753,0.003079436,0.00017372989,b
test_2507.jpg,0.99991274,1.4737912e-05,1.7777318e-05,5.475799e-05,a
test_2508.jpg,9.025765e-05,2.143807e-05,0.99965787,0.00023048098,c
test_2509.jpg,0.0004305279,5.8265618e-05,9.5116e-06,0.9995017,d
test_2510.jpg,0.33620113,0.33620113,0.2039163,0.12368149,a
test_2511.jpg,9.0268724e-05,3.3208005e-05,0.9997805,9.609055e-05,c
test_2512.jpg,0.001302809,0.9819326,0.0027580468,0.014006516,b
test_2513.jpg,8.939651e-06,2.4060741e-06,2.7264393e-06,0.99998593,d
test_2514.jpg,0.9998728,7.030785e-05,2.753295e-05,2.930867e-05,a
test_2515.jpg,0.053146258,0.0033975265,0.9420399,0.0014162996,c
test_2516.jpg,0.00048724818,7.954107e-05,0.9982645,0.0011688474,c
test_2517.jpg,0.99974793,0.00013133594,6.603986e-05,5.4748965e-05,a
test_2518.jpg,0.591303,0.4063962,0.0014656937,0.000835127,a
test_2519.jpg,7.474967e-05,0.998635,0.0003796101,0.00091063726,b
test_2520.jpg,0.00013976048,0.9994197,0.000179456,0.0002611069,b
test_2521.jpg,0.00037982527,0.9992011,0.00012331121,0.00029580825,b
test_2522.jpg,0.00016862698,0.00013979668,1.3003117e-05,0.9996786,d
test_2523.jpg,0.0009074432,0.0011651801,0.002795122,0.99513227,d
test_2524.jpg,0.00070926046,9.0172354e-05,0.99871314,0.00048746716,c
test_2525.jpg,0.0007065558,0.0035881863,0.0008006326,0.99490464,d
test_2526.jpg,0.9967264,0.00017897239,0.00029507562,0.0027995997,a
test_2527.jpg,0.0068700067,0.00025023994,0.7007597,0.2921201,c
test_2528.jpg,8.938297e-06,0.9998344,3.3209795e-05,0.00012338937,b
test_2529.jpg,0.015570481,0.0034742441,0.9633116,0.017643668,c
test_2530.jpg,0.0010319251,0.00026091153,3.531054e-05,0.99867177,d
test_2531.jpg,0.0001310137,0.00010203356,0.0024720472,0.99729496,d
test_2532.jpg,5.475476e-05,1.6699258e-05,0.99985373,7.4840886e-05,c
test_2533.jpg,0.0064327605,0.0018430167,0.9547063,0.03701798,c
test_2534.jpg,0.00015837816,3.1186508e-05,0.00033528655,0.9994752,d
test_2535.jpg,0.9973871,0.0005516392,0.0010305977,0.0010305977,a
test_2536.jpg,0.0009094179,0.9972978,0.0006250331,0.0011677156,b
test_2537.jpg,0.5666564,0.34369448,0.06767746,0.021971652,a
test_2538.jpg,4.004811e-05,0.99957114,0.00015839336,0.00023046098,b
test_2539.jpg,0.002180416,0.9967656,0.00042934937,0.0006246996,b
test_2540.jpg,6.1984734e-05,2.7505563e-05,0.9988783,0.0010321386,c
test_2541.jpg,4.5395078e-05,2.1443115e-05,4.0061008e-05,0.99989307,d
test_2542.jpg,3.5333094e-05,0.99930966,0.00010223969,0.0005527025,b
test_2543.jpg,3.3213204e-05,9.515743e-06,0.99993706,2.014483e-05,c
test_2544.jpg,0.0024560834,0.0051995288,0.99085474,0.0014896898,c
test_2545.jpg,0.9972115,0.0014992468,0.000802489,0.00048673424,a
test_2546.jpg,2.282747e-05,3.0893618e-06,2.014517e-05,0.999954,d
test_2547.jpg,4.0041814e-05,0.99941397,5.82605e-05,0.00048780924,b
test_2548.jpg,0.0075643538,0.0007972771,0.99073493,0.0009034333,c
test_2549.jpg,0.9966454,0.0003343373,0.001697905,0.0013223296,a
test_2550.jpg,3.7625792e-05,0.00020340312,0.9996793,7.96538e-05,c
test_2551.jpg,0.03803567,0.033566356,0.06271021,0.8656878,d
test_2552.jpg,5.143884e-05,1.0782166e-05,0.99988294,5.4756358e-05,c
test_2553.jpg,5.825803e-05,0.9993716,0.00013975376,0.00043047185,b
test_2554.jpg,0.99927074,5.472283e-05,4.829273e-05,0.0006262696,a
test_2555.jpg,0.00091023155,0.00019079489,0.9981901,0.00070888904,c
test_2556.jpg,0.008570109,0.0003121662,0.99056983,0.00054786867,c
test_2557.jpg,0.9909738,0.0019130295,0.0019130295,0.005200153,a
test_2558.jpg,0.011487166,0.0010684729,0.91253865,0.07490573,c
test_2559.jpg,0.00026099235,4.827874e-05,0.9989812,0.00070945086,c
test_2560.jpg,0.005216694,0.99412584,0.0004282123,0.00022920551,b
test_2561.jpg,4.831808e-05,1.669828e-05,0.99979526,0.000139813,c
test_2562.jpg,0.48313472,0.027256597,0.006474009,0.48313472,a
test_2563.jpg,0.0027981696,0.0002770563,0.9962173,0.00070748804,c
test_2564.jpg,0.0021821156,0.00019067113,8.46098e-05,0.9975426,d
test_2565.jpg,0.9861259,0.0004813234,0.0058637187,0.0075291637,a
test_2566.jpg,0.9879824,0.0024489637,0.008547722,0.0010208798,a
test_2567.jpg,0.99988186,2.9308934e-05,2.2825823e-05,6.6048706e-05,a
test_2568.jpg,0.003574875,0.99121374,0.004050864,0.001160592,b
test_2569.jpg,0.011523626,0.040221404,0.80786854,0.14038649,c
test_2570.jpg,0.00043046032,0.00011585683,0.00010883741,0.99934477,d
test_2571.jpg,0.0060885698,0.7974453,0.122292206,0.074173965,b
test_2572.jpg,2.1439757e-05,0.9997365,0.00013980479,0.00010228336,b
test_2573.jpg,0.99829346,0.00029553953,0.0010315343,0.00037948028,a
test_2574.jpg,0.98987097,0.0075577577,0.0019109005,0.00066038955,a
test_2575.jpg,0.9997702,2.7530123e-05,0.00017951895,2.2823273e-05,a
test_2576.jpg,0.9994493,8.477153e-05,3.533803e-05,0.00043050534,a
test_2577.jpg,0.00033463613,0.00042968133,0.9975363,0.0016994227,c
test_2578.jpg,0.5395986,0.10625326,0.026865032,0.3272831,a
test_2579.jpg,0.0006236208,0.0031670083,0.0011650771,0.99504435,d
test_2580.jpg,0.0007076214,0.9964051,0.0007076214,0.0021796273,b
test_2581.jpg,0.07288463,0.018428119,0.37013867,0.5385486,d
test_2582.jpg,0.9948219,0.00460694,0.0002945118,0.00027666823,a
test_2583.jpg,5.4719676e-05,0.9992131,0.00017941892,0.00055264914,b
test_2584.jpg,0.1252032,0.43700212,0.0007925006,0.43700212,b
test_2585.jpg,0.00033496806,0.00043010752,0.9985258,0.0007091274,c
test_2586.jpg,1.8924518e-05,7.410948e-06,0.9999478,2.5866751e-05,c
test_2587.jpg,0.006688232,0.0003128128,0.99262166,0.00037732426,c
test_2588.jpg,0.00020222247,0.99387664,0.005215386,0.00070582575,b
test_2589.jpg,0.17892604,0.018858666,0.00032448125,0.80189085,d
test_2590.jpg,0.0040122503,0.19332103,0.7645995,0.03806717,c
test_2591.jpg,0.00023048317,6.20337e-05,4.0051968e-05,0.9996674,d
test_2592.jpg,0.0006262917,5.8254205e-05,9.5097375e-06,0.99930596,d
test_2593.jpg,6.2022904e-05,0.99949336,0.00014878521,0.00029589477,b
test_2594.jpg,8.479904e-05,4.5389657e-05,9.60899e-05,0.9997737,d
test_2595.jpg,0.0018417478,0.6557076,0.06911107,0.27333957,b
test_2596.jpg,0.014191144,0.0029746254,0.104859166,0.87797505,d
test_2597.jpg,0.0014946846,0.994177,0.0031642476,0.0011640616,b
test_2598.jpg,0.0007087357,0.00014855908,0.9979742,0.0011685076,c
test_2599.jpg,7.4636206e-05,0.9971193,0.0021811896,0.00062492123,b
test_2600.jpg,0.99602735,0.00055088714,0.0006242369,0.002797636,a
test_2601.jpg,0.0007995977,0.0027908704,0.9936186,0.0027908704,c
test_2602.jpg,0.0002958675,0.0001794527,0.00012333592,0.99940133,d
test_2603.jpg,0.016743539,0.7119534,0.040165663,0.23113742,b
test_2604.jpg,0.00015843067,2.2824102e-05,1.2216861e-05,0.9998066,d
test_2605.jpg,0.00048775444,0.0001794348,3.1181098e-05,0.9993017,d
test_2606.jpg,0.00031477827,2.2802462e-05,0.9988586,0.00080381444,c
test_2607.jpg,0.99693334,0.00055138825,0.0021807828,0.0003344339,a
test_2608.jpg,0.003169502,0.99582785,0.00037854302,0.00062411185,b
test_2609.jpg,2.0144449e-05,1.0129264e-05,0.9999182,5.1440657e-05,c
test_2610.jpg,0.99971324,7.483037e-05,9.608409e-05,0.000115899544,a
test_2611.jpg,0.007837719,0.08426342,0.90591717,0.0019816859,c
test_2612.jpg,0.00023048859,4.5385896e-05,3.320503e-05,0.9996909,d
test_2613.jpg,0.00026107652,0.00013974421,0.99930334,0.00029583852,c
test_2614.jpg,0.9994246,0.00014877497,0.00027794825,0.00014877497,a
test_2615.jpg,0.0003352437,0.9993474,0.00016857112,0.00014876349,b
test_2616.jpg,0.0034952194,0.0015509942,0.02582637,0.9691274,d
test_2617.jpg,0.9924285,0.00017820066,0.0014920558,0.005901195,a
test_2618.jpg,0.0002959125,0.00012335468,2.752415e-05,0.99955326,d
test_2619.jpg,0.0018378794,0.8401769,0.011984479,0.14600083,b
test_2620.jpg,7.966864e-05,4.0059906e-05,1.4737217e-05,0.99986553,d
test_2621.jpg,0.0009058077,0.00217292,0.003582539,0.99333876,d
test_2622.jpg,0.00010881784,0.99916506,0.00029579757,0.00043038288,b
test_2623.jpg,0.9999069,4.5395704e-05,2.0144222e-05,2.7533888e-05,a
test_2624.jpg,0.002605422,0.92759436,0.067194715,0.002605422,b
test_2625.jpg,0.010405249,0.046633087,0.9366506,0.006311102,c
test_2626.jpg,0.80763614,0.18020798,0.007917786,0.0042380854,a
test_2627.jpg,0.017978007,0.0001997176,0.00025644246,0.98156583,d
test_2628.jpg,0.00083344657,0.00030660786,0.025927762,0.9729321,d
test_2629.jpg,0.00020341073,1.7773833e-05,0.9997167,6.2036765e-05,c
test_2630.jpg,4.006308e-05,6.143873e-06,8.939283e-06,0.9999448,d
test_2631.jpg,5.1441337e-05,6.9618277e-06,1.0129399e-05,0.99993145,d
test_2632.jpg,0.00015834782,0.99928373,7.0266426e-05,0.00048774565,b
test_2633.jpg,0.69026196,0.287744,0.01432593,0.0076681185,a
test_2634.jpg,0.0002605026,0.9971065,0.0007081195,0.0019248683,b
test_2635.jpg,0.17465499,0.038970795,0.78274935,0.0036248488,c
test_2636.jpg,0.9790814,0.00030854574,0.00028985192,0.020320186,a
test_2637.jpg,0.00033526134,0.9994,0.00014877132,0.00011586323,b
test_2638.jpg,0.0008035836,0.00024507917,0.99857163,0.000379586,c
test_2639.jpg,0.99955314,0.00016860582,7.481839e-05,0.00020337745,a
test_2640.jpg,0.00017941614,0.99919766,7.026037e-05,0.0005526406,b
test_2641.jpg,2.014447e-05,3.120037e-05,0.9999193,2.9310033e-05,c
test_2642.jpg,9.605406e-05,0.00012333585,0.00037990118,0.99940073,d
test_2643.jpg,0.99927753,0.00029583086,0.00014875308,0.00027790735,a
test_2644.jpg,0.9113816,0.024287498,0.040043313,0.024287498,a
test_2645.jpg,0.002140192,0.0033147947,0.9191007,0.07544438,c
test_2646.jpg,0.00026079532,0.99822694,0.0007089152,0.0008033062,b
test_2647.jpg,0.9990971,0.00037978575,0.00024520812,0.00027785718,a
test_2648.jpg,0.99947065,0.000102256156,0.00029588802,0.00013129952,a
test_2649.jpg,3.5355195e-05,2.144401e-05,8.397595e-06,0.9999348,d
test_2650.jpg,0.10140525,0.047900446,0.74928904,0.10140525,c
test_2651.jpg,2.7525732e-05,0.9996107,0.00013131792,0.0002304701,b
test_2652.jpg,5.82456e-05,0.9991584,0.0002957956,0.00048768448,b
test_2653.jpg,0.9999683,1.0129772e-05,1.0129772e-05,1.1478536e-05,a
test_2654.jpg,0.0004304196,5.8250956e-05,0.99925023,0.00026106267,c
test_2655.jpg,4.2631345e-05,0.99957937,4.2631345e-05,0.00033532153,b
test_2656.jpg,8.480824e-05,2.7533208e-05,5.42161e-06,0.9998822,d
test_2657.jpg,0.0006254853,0.0005519889,0.0008031391,0.99801934,d
test_2658.jpg,0.9979208,0.00080305984,0.0002449194,0.0010311492,a
test_2659.jpg,0.0006262587,2.4282686e-05,9.603989e-05,0.99925333,d
test_2660.jpg,0.07534052,0.9178354,0.004816358,0.0020077568,b
test_2661.jpg,7.0310714e-05,5.42178e-06,1.0782496e-05,0.9999136,d
test_2662.jpg,0.4301189,0.01146228,0.5522836,0.0061353166,c
test_2663.jpg,0.9996549,6.203293e-05,0.00020339816,7.965186e-05,a
test_2664.jpg,0.9999324,1.8924227e-05,2.2826976e-05,2.5866353e-05,a
test_2665.jpg,0.5270332,0.0012272348,0.006634369,0.46510518,a
test_2666.jpg,0.0002033245,0.99929285,0.00016856192,0.0003352254,b
test_2667.jpg,0.9984565,0.0010317027,0.00021625662,0.0002955878,a
test_2668.jpg,5.8273392e-05,0.9996351,4.5383364e-05,0.00026116322,b
test_2669.jpg,0.9577178,0.000111030895,9.204784e-05,0.042079184,a
test_2670.jpg,5.8268422e-05,0.00029591148,9.606838e-05,0.9995498,d
test_2671.jpg,0.0018792383,0.4058025,0.5904391,0.0018792383,c
test_2672.jpg,0.00010224578,0.00014876673,0.9993692,0.00037988918,c
test_2673.jpg,0.99572265,0.00017879216,2.9187018e-05,0.004069291,a
test_2674.jpg,7.468684e-05,0.9977957,0.00042979306,0.0016998646,b
test_2675.jpg,0.00062439626,0.9962817,0.0024695355,0.00062439626,b
test_2676.jpg,0.00080342835,0.00010873221,0.99837875,0.00070902304,c
test_2677.jpg,0.0007072424,0.0006241392,0.9958715,0.0027971982,c
test_2678.jpg,0.00013980166,2.2821992e-05,0.00012337451,0.9997141,d
test_2679.jpg,0.9999201,2.429889e-05,2.429889e-05,3.1200394e-05,a
test_2680.jpg,0.00043009882,0.0008035304,0.9985056,0.0002608681,c
test_2681.jpg,2.7518041e-05,0.9993315,0.0002610839,0.00037987484,b
test_2682.jpg,0.9942027,0.005217097,0.00037792523,0.00020228881,a
test_2683.jpg,0.014057926,0.00031058007,9.472157e-05,0.98553675,d
test_2684.jpg,0.00043018372,0.99870265,0.00048746206,0.0003796358,b
test_2685.jpg,0.00048769507,0.00011583773,0.00021641335,0.99918,d
test_2686.jpg,0.16800882,0.5175036,0.03748784,0.27699974,b
test_2687.jpg,0.03456754,0.0237579,0.78675354,0.15492095,c
test_2688.jpg,0.9942352,0.0016937989,0.003164433,0.0009066252,a
test_2689.jpg,0.9997217,8.479463e-05,6.203708e-05,0.0001313325,a
test_2690.jpg,0.0011690418,0.00013962215,0.0002608485,0.99843043,d
test_2691.jpg,0.17148612,0.004293071,0.055673394,0.7685475,d
test_2692.jpg,0.9977992,0.00070861145,0.00016830998,0.0013238605,a
test_2693.jpg,9.60966e-05,3.763197e-05,2.2824943e-05,0.99984336,d
test_2694.jpg,2.753524e-05,6.9619987e-06,9.515924e-06,0.999956,d
test_2695.jpg,4.26451e-05,2.0144122e-05,3.5354034e-05,0.9999019,d
test_2696.jpg,0.002181467,0.0002773424,0.997246,0.00029522943,c
test_2697.jpg,0.0001795032,5.8276157e-05,7.9654055e-05,0.99968255,d
test_2698.jpg,0.39655334,0.12874202,0.4493538,0.02535081,c
test_2699.jpg,0.98374486,0.0007436882,0.0014790006,0.014032367,a
test_2700.jpg,0.00013980884,4.0055897e-05,5.4749922e-05,0.99976546,d
test_2701.jpg,0.9995946,0.00026115263,3.5343168e-05,0.000108864624,a
test_2702.jpg,9.6059564e-05,0.999458,6.60207e-05,0.00037992295,b
test_2703.jpg,0.0021812103,0.00042950577,0.9971288,0.00026050842,c
test_2704.jpg,0.00055010576,0.99461454,0.00022931819,0.0046059797,b
test_2705.jpg,0.91198105,0.0021236136,0.00106782,0.08482745,a
test_2706.jpg,7.4785596e-05,0.99911505,0.00043036137,0.0003797926,b
test_2707.jpg,0.00016840576,0.99836713,0.0011689677,0.00029556133,b
test_2708.jpg,0.00013123099,0.998949,0.00011581094,0.0008038872,b
test_2709.jpg,0.0019256736,0.00033463188,0.00021605457,0.9975236,d
test_2710.jpg,0.006618208,0.010911581,0.00024106822,0.9822291,d
test_2711.jpg,2.7530366e-05,0.99977905,6.204063e-05,0.00013134003,b
test_2712.jpg,3.763577e-05,8.397676e-06,9.515814e-06,0.99994445,d
test_2713.jpg,0.99930656,0.00013974466,0.00048775683,6.6010696e-05,a
test_2714.jpg,0.0021792667,0.99624026,0.0010294127,0.0005510049,b
test_2715.jpg,0.0008017117,0.0019232065,0.99624556,0.0010294182,c
test_2716.jpg,9.609729e-05,2.5864234e-05,2.7532335e-05,0.9998505,d
test_2717.jpg,0.9999263,1.0129346e-05,3.763509e-05,2.5866195e-05,a
test_2718.jpg,0.0011666566,0.00026031627,0.9963934,0.0021796017,c
test_2719.jpg,0.000102292724,4.5392124e-05,2.429665e-05,0.999828,d
test_2720.jpg,0.9994844,5.4734533e-05,0.000230441,0.000230441,a
test_2721.jpg,0.98243827,0.002435221,0.0123670725,0.002759467,a
test_2722.jpg,0.00033468704,5.1325926e-05,0.99768806,0.001925991,c
test_2723.jpg,0.0009108309,0.000102192396,0.00013968046,0.99884737,d
test_2724.jpg,0.117186524,0.09126496,0.117186524,0.67436194,d
test_2725.jpg,0.00029586226,9.023289e-05,0.99938357,0.00023041775,c
test_2726.jpg,7.962863e-05,0.9993635,0.00026109224,0.0002958563,b
test_2727.jpg,0.006293863,0.00808148,0.34363326,0.64199144,d
test_2728.jpg,0.00033528768,9.606153e-05,9.024146e-05,0.9994785,d
test_2729.jpg,0.00012338598,2.429614e-05,4.5391163e-05,0.99980694,d
test_2730.jpg,0.00037993395,8.4774714e-05,4.830318e-05,0.9994869,d
test_2731.jpg,0.9965318,0.0021799044,0.000801942,0.00048640245,a
test_2732.jpg,1.7771848e-05,0.9996051,0.00011588701,0.00026115536,b
test_2733.jpg,0.0011657382,0.995609,0.00042885114,0.0027964609,b
test_2734.jpg,0.5219702,0.46063706,0.012275563,0.005117216,a
test_2735.jpg,0.51726085,0.048112754,0.24433674,0.19028965,a
test_2736.jpg,0.00020848443,0.6214833,0.3769487,0.0013594893,b
test_2737.jpg,7.967109e-05,8.397271e-06,1.568817e-05,0.9998963,d
test_2738.jpg,0.0005523054,0.9985916,0.000625844,0.00023023515,b
test_2739.jpg,0.0013153482,0.00062132644,0.99138343,0.0066798893,c
test_2740.jpg,0.999481,0.0002304402,0.00013976905,0.00014878338,a
test_2741.jpg,0.00090819824,0.00033410746,0.9959603,0.0027974476,c
test_2742.jpg,0.4489794,0.013558003,0.50876033,0.028702294,c
test_2743.jpg,0.00092622853,0.022440465,0.9541929,0.022440465,c
test_2744.jpg,8.4792424e-05,0.9996958,7.965511e-05,0.00013979909,b
test_2745.jpg,0.047280587,0.949656,0.0011119328,0.001951503,b
test_2746.jpg,0.99954176,0.0001583887,0.00013130886,0.0001686039,a
test_2747.jpg,0.06821479,0.09925193,0.0015070608,0.8310262,d
test_2748.jpg,0.9988716,0.000108785884,0.00091085304,0.000108785884,a
test_2749.jpg,8.472703e-05,7.959367e-05,0.9989247,0.0009109014,c
test_2750.jpg,9.6094285e-05,3.3209293e-05,0.99981934,5.1435567e-05,c
test_2751.jpg,0.008123724,0.0010994266,0.34542954,0.64534736,d
test_2752.jpg,1.7771732e-05,0.99959856,4.8308575e-05,0.00033532796,b
test_2753.jpg,0.9997578,5.1432402e-05,7.483371e-05,0.00011590471,a
test_2754.jpg,0.09525702,0.000499863,0.00046957785,0.90377355,d
test_2755.jpg,0.00048743293,6.5966866e-05,0.998643,0.000803641,c
test_2756.jpg,0.00072526955,0.9593808,0.03719923,0.0026947034,b
test_2757.jpg,0.00020341665,2.9304947e-05,2.1439957e-05,0.9997458,d
test_2758.jpg,0.00048783136,4.5375386e-05,7.4073278e-06,0.9994593,d
test_2759.jpg,0.00042798294,0.9935934,0.0019180865,0.0040605892,b
test_2760.jpg,0.045876276,0.63330245,0.29915088,0.021670416,b
test_2761.jpg,0.004525594,0.015795873,0.9772561,0.0024223758,c
test_2762.jpg,0.00847814,0.0006959281,0.9799398,0.010886149,c
test_2763.jpg,2.9307716e-05,6.961193e-06,0.99984026,0.0001233901,c
test_2764.jpg,0.0005526665,0.00012331655,7.961915e-05,0.99924445,d
test_2765.jpg,5.8285914e-05,6.96126e-06,0.9998499,8.4805506e-05,c
test_2766.jpg,0.00012339004,1.8922477e-05,1.7776023e-05,0.9998399,d
test_2767.jpg,0.9997248,0.00019108824,5.8278623e-05,2.5860983e-05,a
test_2768.jpg,0.00033530063,2.4289095e-05,0.9995171,0.00012335021,c
test_2769.jpg,0.008447272,0.0035213467,0.6710499,0.31698152,c
test_2770.jpg,0.05709572,0.8931274,0.044466194,0.0053107296,b
test_2771.jpg,0.0109020155,0.0018944861,0.9813681,0.005835428,c
test_2772.jpg,0.000102296406,7.888251e-06,2.5864583e-05,0.999864,d
test_2773.jpg,0.004593868,0.22134496,0.77256984,0.0014914107,c
test_2774.jpg,0.99593437,0.00017883017,0.0035919002,0.00029484116,a
test_2775.jpg,0.97375566,0.0014639824,0.022900539,0.0018797907,a
test_2776.jpg,0.01577185,0.9757698,0.0018836788,0.006574685,b
test_2777.jpg,0.0020497188,0.93701804,0.059901558,0.0010306633,b
test_2778.jpg,0.0008754488,0.9600462,0.0018533252,0.03722503,b
test_2779.jpg,0.000709173,0.00014865074,0.99858993,0.0005523045,c
test_2780.jpg,0.99864846,4.259164e-05,0.00013965263,0.001169297,a
test_2781.jpg,0.86147255,0.0058045564,0.00061179575,0.1321111,a
test_2782.jpg,0.00080340897,0.9983546,0.00062569545,0.00021623456,b
test_2783.jpg,0.9935868,0.0009060339,0.0009060339,0.00460122,a
test_2784.jpg,9.0244524e-05,0.99951243,6.202409e-05,0.00033529906,b
test_2785.jpg,0.00023045679,5.82686e-05,0.00015839048,0.9995529,d
test_2786.jpg,0.00056608126,0.96148825,0.0050454275,0.03290032,b
test_2787.jpg,4.264384e-05,1.892309e-05,0.9998723,6.604807e-05,c
test_2788.jpg,0.02277986,0.5184672,0.0012072882,0.4575457,b
test_2789.jpg,0.0008014602,0.0031698365,9.572077e-05,0.995933,d
test_2790.jpg,7.0306494e-05,7.0306494e-05,5.771108e-06,0.9998536,d
test_2791.jpg,0.9984773,7.473786e-05,0.0013247601,0.00012322188,a
test_2792.jpg,0.999181,5.4717915e-05,5.4717915e-05,0.0007095927,a
test_2793.jpg,0.9827405,0.006621653,0.006621653,0.004016236,a
test_2794.jpg,0.94977385,0.028680686,0.019711927,0.001833495,a
test_2795.jpg,0.00037890952,2.9218365e-05,0.996792,0.0027997838,c
test_2796.jpg,0.0014960525,0.0019209696,0.99508685,0.0014960525,c
test_2797.jpg,0.00029591928,4.830749e-05,7.964558e-05,0.99957615,d
test_2798.jpg,0.0075647784,0.0010237815,0.00062095484,0.9907905,d
test_2799.jpg,2.931113e-05,1.0782962e-05,3.2886176e-06,0.9999567,d
test_2800.jpg,0.9489328,0.0416932,0.004394431,0.0049795425,a
test_2801.jpg,0.964409,0.00072907074,0.03300026,0.0018617474,a
test_2802.jpg,7.0303286e-05,7.0303286e-05,0.999808,5.1434985e-05,c
test_2803.jpg,0.81908125,0.046209402,0.12561017,0.009099171,a
test_2804.jpg,0.011581071,0.06664446,0.9199984,0.0017760148,c
test_2805.jpg,0.00017939908,0.9991027,0.00023035298,0.0004876573,b
test_2806.jpg,0.0024543842,0.0058877612,0.9901693,0.0014886592,c
test_2807.jpg,0.00070928794,0.00010877283,0.99875176,0.00043020488,c
test_2808.jpg,0.00023048335,3.5345765e-05,0.9996681,6.603458e-05,c
test_2809.jpg,0.0031436593,0.0045739976,0.0045739976,0.98770833,d
test_2810.jpg,5.1438547e-05,3.1199055e-05,0.9998772,4.0060375e-05,c
test_2811.jpg,0.0035852778,0.00062302785,0.0016935655,0.9940982,d
test_2812.jpg,0.00016859281,2.013554e-05,0.999476,0.00033528684,c
test_2813.jpg,0.9997131,9.6084084e-05,0.00011589953,7.4830365e-05,a
test_2814.jpg,0.0014632012,0.9732361,0.02288832,0.0024124112,b
test_2815.jpg,0.99985886,3.321061e-05,3.763255e-05,7.0306865e-05,a
test_2816.jpg,0.039156165,0.47701976,0.006804321,0.47701976,b
test_2817.jpg,0.00054973643,0.9939468,0.0019187687,0.003584732,b
test_2818.jpg,0.00020329862,0.00033518276,0.9991658,0.00029579777,c
test_2819.jpg,0.00029565956,0.99869883,0.00037963438,0.00062591117,b
test_2820.jpg,0.99806637,0.00019077123,4.2566815e-05,0.0017003258,a
test_2821.jpg,0.00037991384,5.4731776e-05,0.99943405,0.00013129471,c
test_2822.jpg,0.0034678087,0.9615272,0.032901652,0.0021033324,b
test_2823.jpg,6.604969e-05,2.9309373e-05,7.8885105e-06,0.99989676,d
test_2824.jpg,0.00010226128,0.99952066,0.000115877214,0.0002611333,b
test_2825.jpg,0.00028890252,0.5918978,0.0010083689,0.406805,b
test_2826.jpg,0.020303879,0.97829574,0.0005082977,0.00089209026,b
test_2827.jpg,0.00026100842,7.0249465e-05,0.9990426,0.00062612665,c
test_2828.jpg,0.9994267,7.9633675e-05,0.0003352703,0.00015837047,a
test_2829.jpg,0.9994555,9.023938e-05,0.00015837504,0.00029588354,a
test_2830.jpg,4.829809e-05,0.99938154,0.00013975515,0.00043047615,b
test_2831.jpg,0.43011096,0.002898065,0.5522734,0.014717588,c
test_2832.jpg,0.0006965126,0.9807628,0.0005774292,0.017963298,b
test_2833.jpg,0.9868841,0.0005458302,0.0001469082,0.0124230385,a
test_2834.jpg,0.97973937,0.003533492,0.013975231,0.0027518864,a
test_2835.jpg,0.0008030342,0.00013954642,0.997889,0.0011684078,c
test_2836.jpg,0.00048681884,0.00020293627,0.99738485,0.0019254057,c
test_2837.jpg,0.00013053206,0.9936287,0.0010267142,0.005214085,b
test_2838.jpg,0.0013704065,0.014733257,0.80440855,0.17948781,c
test_2839.jpg,7.483542e-05,4.831738e-05,0.9997807,9.6090575e-05,c
test_2840.jpg,0.9999443,1.777788e-05,1.8924453e-05,1.8924453e-05,a
test_2841.jpg,0.0001397174,0.9991116,0.00026102643,0.00048766166,b
test_2842.jpg,7.024118e-05,0.9989247,0.0002957264,0.00070941076,b
test_2843.jpg,0.9988306,0.0009108156,9.018296e-05,0.00016848395,a
test_2844.jpg,0.0041041663,0.8862531,0.016232291,0.09341039,b
test_2845.jpg,0.024514714,0.63224286,0.3384152,0.0048272335,b
test_2846.jpg,0.00020335158,7.480887e-05,0.999426,0.0002958748,c
test_2847.jpg,0.0010252073,0.0009047423,0.9921704,0.0058996603,c
test_2848.jpg,0.99378854,0.0031630113,0.0005850982,0.0024633557,a
test_2849.jpg,0.00017948591,5.474011e-05,0.00017948591,0.9995863,d
test_2850.jpg,1.6699954e-05,1.3005938e-05,0.99989545,7.4844014e-05,c
test_2851.jpg,0.53067195,0.0066801743,0.41328773,0.04936018,a
test_2852.jpg,0.99980026,0.00010228988,4.2640764e-05,5.475183e-05,a
test_2853.jpg,0.0009108717,0.00014869572,4.8274433e-05,0.9988921,d
test_2854.jpg,0.69394845,0.030489968,0.050269462,0.22529209,a
test_2855.jpg,5.4758435e-05,1.1477991e-05,1.3006268e-05,0.99992085,d
test_2856.jpg,0.0059046624,0.99301153,0.00090550934,0.00017830534,b
test_2857.jpg,0.0021707234,0.99233466,0.0035789178,0.0019156566,b
test_2858.jpg,0.9997116,7.029651e-05,0.000102280814,0.000115899355,a
test_2859.jpg,1.6700924e-05,3.966817e-06,0.9999535,2.5866899e-05,c
test_2860.jpg,3.120075e-05,7.888784e-06,0.9999316,2.9310391e-05,c
test_2861.jpg,0.00013134499,2.429638e-05,2.7531407e-05,0.99981683,d
test_2862.jpg,0.004602865,0.0010270379,0.0004281331,0.99394196,d
test_2863.jpg,0.0010308621,0.00015808782,0.0011681197,0.99764293,d
test_2864.jpg,0.0058997255,0.9921813,0.0014916842,0.00042737467,b
test_2865.jpg,0.00023010779,0.00023010779,0.9980393,0.0015004913,c
test_2866.jpg,3.3173164e-05,0.99873155,0.0010319869,0.00020321028,b
test_2867.jpg,0.78098655,0.05657448,0.13571511,0.02672389,a
test_2868.jpg,2.4299414e-05,1.384539e-05,2.0144922e-05,0.9999417,d
test_2869.jpg,0.99991786,3.763477e-05,2.4298835e-05,2.0144442e-05,a
test_2870.jpg,0.00021617228,0.9980671,0.0015005331,0.00021617228,b
test_2871.jpg,7.965153e-05,0.99965084,6.603344e-05,0.00020339733,b
test_2872.jpg,0.0016998989,0.0004298017,5.464315e-05,0.9978157,d
test_2873.jpg,0.002788686,0.0003128819,0.004057514,0.9928409,d
test_2874.jpg,0.00070718845,0.9957955,0.0024683303,0.0010289531,b
test_2875.jpg,0.9981987,0.00091023935,0.00048721605,0.00040391626,a
test_2876.jpg,0.04736647,0.0008675472,0.00038497173,0.951381,d
test_2877.jpg,0.9987878,0.0007093135,0.00012326021,0.00037966817,a
test_2878.jpg,0.08501122,0.00088717166,0.0001448268,0.91395676,d
test_2879.jpg,0.00017951682,5.4749537e-05,7.4095447e-06,0.9997584,d
test_2880.jpg,6.204927e-05,1.0782546e-05,8.939045e-06,0.9999182,d
test_2881.jpg,0.00048751952,0.00013967667,0.99882036,0.0005524319,c
test_2882.jpg,0.99979895,5.143452e-05,7.483679e-05,7.483679e-05,a
test_2883.jpg,0.9998826,2.9308956e-05,1.7776782e-05,7.030853e-05,a
test_2884.jpg,0.00048737874,0.99853194,7.021356e-05,0.0009105433,b
test_2885.jpg,0.00011103657,4.0848066e-05,0.042081337,0.9577668,d
test_2886.jpg,1.5682263e-05,0.9995198,0.00020337067,0.0002611331,b
test_2887.jpg,0.5499647,0.13905285,0.016607495,0.2943749,a
test_2888.jpg,6.539232e-06,0.9998092,2.5863164e-05,0.00015843108,b
test_2889.jpg,0.33846858,0.4346023,0.20529158,0.021637572,b
test_2890.jpg,0.012380791,0.983528,0.003547156,0.000543974,b
test_2891.jpg,0.00020305382,0.9979626,0.0010311924,0.0008030934,b
test_2892.jpg,0.00029588368,7.9636004e-05,0.00016858944,0.999456,d
test_2893.jpg,2.7527929e-05,0.99969053,5.142894e-05,0.0002304885,b
test_2894.jpg,5.1250652e-05,0.9962249,0.00013087313,0.003592948,b
test_2895.jpg,8.47446e-05,0.99913186,0.00029578773,0.00048767152,b
test_2896.jpg,0.00037983,0.00020330834,0.99921346,0.00020330834,c
test_2897.jpg,0.9997253,0.00011590094,1.8920307e-05,0.00013980322,a
test_2898.jpg,0.99989235,1.6699903e-05,4.8322774e-05,4.2644693e-05,a
test_2899.jpg,0.000490757,0.8335501,0.16413574,0.0018233835,b
test_2900.jpg,4.2614054e-05,0.99917394,0.00029580022,0.0004876921,b
test_2901.jpg,0.00043045165,0.9993247,9.6046744e-05,0.00014876011,b
test_2902.jpg,2.4298113e-05,2.1443011e-05,6.604912e-05,0.9998882,d
test_2903.jpg,0.008502847,0.9827954,0.005157237,0.0035445138,b
test_2904.jpg,0.39791468,0.08878676,0.51093256,0.0023660872,c
test_2905.jpg,1.221655e-05,0.9997811,4.8317397e-05,0.00015842663,b
test_2906.jpg,0.00029580825,0.00012331121,0.9992011,0.00037982527,c
test_2907.jpg,0.09634319,0.2311153,0.33627078,0.33627078,c
test_2908.jpg,0.00037993988,5.1419272e-05,6.602365e-05,0.99950254,d
test_2909.jpg,4.005953e-05,1.8922783e-05,8.480603e-05,0.9998561,d
test_2910.jpg,0.00023046612,1.7771641e-05,0.0001583969,0.99959344,d
test_2911.jpg,0.99094754,0.0024563135,0.0058923895,0.0007037456,a
test_2912.jpg,0.00029584492,0.99932504,0.00014876015,0.00023040424,b
test_2913.jpg,0.0034510898,0.24194005,0.7452278,0.009381034,c
test_2914.jpg,5.4757278e-05,1.0129077e-05,3.5353958e-05,0.99989974,d
test_2915.jpg,5.1426876e-05,0.00013979274,0.99965036,0.00015840592,c
test_2916.jpg,0.00019093344,0.00080385985,9.019057e-05,0.99891496,d
test_2917.jpg,0.0011670224,0.0016980077,0.9967057,0.00042932355,c
test_2918.jpg,0.00010225913,0.9994997,0.00010225913,0.00029589664,b
test_2919.jpg,0.0019245433,0.9969381,0.0007079999,0.00042942364,b
test_2920.jpg,0.9997737,6.20403e-05,0.00011590655,4.8317037e-05,a
test_2921.jpg,0.006415718,0.0072699613,0.14602105,0.8402932,d
test_2922.jpg,6.604625e-05,1.8922567e-05,0.9998447,7.030587e-05,c
test_2923.jpg,0.9997936,9.609181e-05,4.0057024e-05,7.0302274e-05,a
test_2924.jpg,3.5349793e-05,0.00015842677,2.4295534e-05,0.999782,d
test_2925.jpg,0.00014871222,0.00029574957,0.999003,0.0005525329,c
test_2926.jpg,0.0045979624,0.001025944,0.9928833,0.0014927397,c
test_2927.jpg,0.00017948604,8.47832e-05,0.999587,0.00014879915,c
test_2928.jpg,0.013203483,0.16085134,0.0090746125,0.81687057,d
test_2929.jpg,0.00016817955,0.997026,0.0021809856,0.0006248628,b
test_2930.jpg,0.9967918,0.0008021513,0.0016981544,0.000707896,a
test_2931.jpg,0.0007092376,0.9986809,0.00023025573,0.00037962754,b
test_2932.jpg,4.2562307e-05,0.9979607,7.017339e-05,0.0019265173,b
test_2933.jpg,0.9963062,5.807933e-05,0.003593241,4.2491745e-05,a
test_2934.jpg,2.4285391e-05,0.9993647,0.0001233314,0.00048778518,b
test_2935.jpg,4.830189e-05,0.99946016,0.0002304354,0.0002611175,b
test_2936.jpg,0.00023043956,7.4812786e-05,0.9994783,0.00021647793,c
test_2937.jpg,0.13880494,0.7987674,0.03509539,0.027332317,b
test_2938.jpg,0.0004872665,0.0010315431,0.998302,0.00017925531,c
test_2939.jpg,0.0003795299,0.00070905517,0.99842405,0.00048732606,c
test_2940.jpg,0.00022858137,0.9914187,0.005895191,0.0024574813,b
test_2941.jpg,0.0021761362,0.0016947768,0.0013198933,0.99480915,d
test_2942.jpg,0.0066262498,0.00030991383,0.009641137,0.98342264,d
test_2943.jpg,0.00630237,0.9353547,0.011774378,0.04656857,b
test_2944.jpg,0.9997844,0.000115907795,3.7629747e-05,6.204096e-05,a
test_2945.jpg,0.99823403,0.00023015271,0.0006256199,0.00091027166,a
test_2946.jpg,0.0005838319,0.00037695022,0.9315575,0.0674818,c
test_2947.jpg,0.00017945531,0.00010884515,0.9994159,0.0002958718,c
test_2948.jpg,0.0007094004,8.47258e-05,0.9989102,0.0002957221,c
test_2949.jpg,2.7486538e-05,0.99818736,8.466449e-05,0.0017005319,b
test_2950.jpg,0.032967377,0.0027061275,0.96344805,0.00087855087,c
test_2951.jpg,0.006281904,0.059601042,0.9323172,0.0017997957,c
test_2952.jpg,0.03727891,0.00068278704,0.00060255744,0.9614358,d
test_2953.jpg,0.9997036,9.026178e-05,9.026178e-05,0.00011589842,a
test_2954.jpg,0.00048707364,0.0008030486,0.9979069,0.0008030486,c
test_2955.jpg,0.9997296,7.965781e-05,7.4831594e-05,0.000115901435,a
test_2956.jpg,5.827721e-05,3.7626596e-05,0.99970067,0.00020340746,c
test_2957.jpg,0.94223386,0.0038506945,0.0531572,0.0007582467,a
test_2958.jpg,0.99052244,0.0013142058,0.006674088,0.0014891903,a
test_2959.jpg,0.90241313,0.09511364,0.0004991106,0.0019740209,a
test_2960.jpg,0.994121,0.00012268427,0.0040627457,0.0016936044,a
test_2961.jpg,0.0047762613,0.00036830571,0.08466125,0.9101943,d
test_2962.jpg,4.0047256e-05,0.9995498,7.481814e-05,0.0003353116,b
test_2963.jpg,0.0003352984,5.8266123e-05,9.60646e-05,0.9995104,d
test_2964.jpg,5.819467e-05,0.99828464,0.0006256516,0.0010315252,b
test_2965.jpg,0.06383867,0.88126564,0.034170374,0.020725382,b
test_2966.jpg,0.0021822078,0.00013105177,0.00010206321,0.9975847,d
test_2967.jpg,0.00017930692,0.99858946,6.196681e-05,0.001169228,b
test_2968.jpg,0.009524443,0.9715196,0.013857982,0.0050980668,b
test_2969.jpg,0.79277843,0.20044577,0.00072292035,0.0060529374,a
test_2970.jpg,0.00023045066,0.00015838626,8.477806e-05,0.9995264,d
test_2971.jpg,0.99680245,0.0007079036,0.001322538,0.0011671357,a
test_2972.jpg,7.474488e-05,2.9270512e-05,0.0013248845,0.99857104,d
test_2973.jpg,0.00023668358,0.7055438,0.000105027706,0.29411444,b
test_2974.jpg,5.144116e-05,8.397537e-06,1.2218346e-05,0.999928,d
test_2975.jpg,0.99938405,0.0002958624,7.4805735e-05,0.00024527856,a
test_2976.jpg,0.0005113367,0.9841448,0.014038071,0.001305744,b
test_2977.jpg,0.0035846434,0.99392223,0.0016932657,0.000799842,b
test_2978.jpg,0.018398697,0.88649887,0.08245724,0.012645227,b
test_2979.jpg,0.00021628491,0.00048740566,0.99858713,0.000709171,c
test_2980.jpg,0.99979156,3.535013e-05,3.3208373e-05,0.00013981249,a
test_2981.jpg,0.00054038543,0.9770398,0.0045245923,0.01789511,b
test_2982.jpg,0.18088858,0.00047729583,0.81068635,0.00794769,c
test_2983.jpg,4.2645435e-05,1.2218123e-05,3.535431e-05,0.99990976,d
test_2984.jpg,0.015686557,0.079662904,0.14882989,0.75582063,d
test_2985.jpg,0.99684674,0.00055134034,0.0024709362,0.00013095482,a
test_2986.jpg,0.02274528,0.96715385,0.0073843105,0.0027165364,b
test_2987.jpg,0.04414996,0.011162858,0.2540655,0.6906216,d
test_2988.jpg,0.000102277736,8.479122e-05,0.9996816,0.00013132722,c
test_2989.jpg,5.465407e-05,0.99801505,0.001500455,0.00042988753,b
test_2990.jpg,3.32132e-05,2.1444057e-05,8.397613e-06,0.99993694,d
test_2991.jpg,0.00033525474,0.00011586094,0.00016857666,0.99938023,d
test_2992.jpg,0.9948944,0.0031665307,0.0016949219,0.00024417666,a
test_2993.jpg,0.99911064,0.00043035948,0.0004042853,5.4714066e-05,a
test_2994.jpg,4.0060044e-05,6.1434075e-06,0.999869,8.480712e-05,c
test_2995.jpg,0.0052080285,0.0004016,0.9924745,0.0019159266,c
test_2996.jpg,0.9998178,0.000108888926,3.3209242e-05,4.0057992e-05,a
test_2997.jpg,0.0040585194,0.9930869,0.0016918427,0.0011627852,b
test_2998.jpg,2.0141693e-05,0.9997814,4.0056537e-05,0.00015842669,b
test_2999.jpg,0.00013917305,3.305649e-05,0.99521893,0.0046087783,c
test_3000.jpg,0.08489631,0.0022624102,0.00011990335,0.9127214,d
test_3001.jpg,0.99892104,0.0004875686,0.0002957253,0.0002957253,a
test_3002.jpg,0.8119868,0.12452222,0.011582369,0.05190858,a
test_3003.jpg,0.0018595327,0.00034397893,0.8500755,0.14772096,c
test_3004.jpg,0.00055258314,0.00023035092,0.00012329796,0.9990938,d
test_3005.jpg,0.0005524053,0.00029568127,0.9987722,0.00037966226,c
test_3006.jpg,4.0023104e-05,0.99894696,0.00010220258,0.0009109217,b
test_3007.jpg,0.9998847,6.204719e-05,3.5353427e-05,1.777682e-05,a
test_3008.jpg,4.8324193e-05,1.7777478e-05,1.2218268e-05,0.9999217,d
test_3009.jpg,0.00020333665,0.00033524545,0.00010883827,0.99935263,d
test_3010.jpg,0.0013232483,0.00090945436,0.0004295958,0.99733776,d
test_3011.jpg,2.9303092e-05,0.99968255,8.47913e-05,0.00020340378,b
test_3012.jpg,0.017796779,0.97167116,0.008406603,0.0021255221,b
test_3013.jpg,9.6098905e-05,1.2217604e-05,2.4297608e-05,0.9998673,d
test_3014.jpg,0.006581227,0.00089067215,0.015787542,0.97674066,d
test_3015.jpg,0.0013767494,0.010172877,0.80813175,0.18031858,c
test_3016.jpg,4.006287e-05,1.1478206e-05,8.939236e-06,0.99993956,d
test_3017.jpg,0.28178483,0.10366283,0.5965385,0.0180139,c
test_3018.jpg,6.204858e-05,6.539872e-06,2.4298573e-05,0.99990714,d
test_3019.jpg,0.0006244576,0.001497996,0.99637955,0.001497996,c
test_3020.jpg,0.00020341514,3.5348254e-05,2.2822547e-05,0.9997384,d
test_3021.jpg,7.888549e-06,0.99990165,2.0144116e-05,7.030988e-05,b
test_3022.jpg,0.003025327,0.8929398,0.009919666,0.09411516,b
test_3023.jpg,0.9996238,0.00013131964,9.60755e-05,0.00014880464,a
test_3024.jpg,0.00035598958,0.0024710577,0.00027724498,0.9968958,d
test_3025.jpg,0.07617212,0.26586685,0.16125637,0.49670464,d
test_3026.jpg,0.00037990624,9.023564e-05,0.00011586486,0.9994141,d
test_3027.jpg,0.0002033483,5.1414503e-05,0.00033526466,0.9994099,d
test_3028.jpg,2.0140234e-05,0.99970895,0.000102280545,0.00016863212,b
test_3029.jpg,1.3842559e-05,0.9997373,4.5388006e-05,0.00020341492,b
test_3030.jpg,0.0007096069,3.1177955e-05,5.8248086e-05,0.999201,d
test_3031.jpg,0.9995759,0.00012335746,0.00023046209,7.028697e-05,a
test_3032.jpg,0.00015840353,0.000115890514,9.025562e-05,0.99963534,d
test_3033.jpg,0.0008628784,0.34811002,0.6503551,0.0006720104,c
test_3034.jpg,1.2218484e-05,1.3006508e-05,0.9999393,3.5355355e-05,c
test_3035.jpg,0.99938834,0.000115861876,0.000115861876,0.00037989646,a
test_3036.jpg,0.010931661,0.98403674,0.0018996377,0.0031319733,b
test_3037.jpg,5.8272657e-05,0.99962246,0.00013978884,0.00017949242,b
test_3038.jpg,0.00010887644,8.395649e-06,0.9997031,0.0001795069,c
test_3039.jpg,0.0017003221,0.00013957093,9.59256e-05,0.9980642,d
test_3040.jpg,9.0222355e-05,1.6689457e-05,0.9992669,0.0006262672,c
test_3041.jpg,7.966184e-05,0.99978024,3.119603e-05,0.00010888484,b
test_3042.jpg,5.4750406e-05,0.00010888419,6.204034e-05,0.9997743,d
test_3043.jpg,0.0002956175,0.9985568,0.00011576547,0.0010318063,b
test_3044.jpg,0.002164259,0.0009021974,0.9893796,0.007554006,c
test_3045.jpg,0.00010877834,0.9988023,0.0003796737,0.0007093238,b
test_3046.jpg,0.99839765,0.0011690034,0.00023019043,0.00020314235,a
test_3047.jpg,2.14436e-05,2.01444e-05,0.9999157,4.264569e-05,c
test_3048.jpg,0.0005517978,7.4677715e-05,0.9976738,0.0016996571,c
test_3049.jpg,0.9995227,0.00013130635,0.00026113383,8.477775e-05,a
test_3050.jpg,2.4299023e-05,1.4738102e-05,0.9999256,3.535487e-05,c
test_3051.jpg,0.92358047,0.052104846,0.0025941476,0.02172053,a
test_3052.jpg,8.480416e-05,5.828499e-05,2.2824732e-05,0.99983406,d
test_3053.jpg,0.0027176323,0.025784176,0.0039541316,0.9675441,d
test_3054.jpg,0.99842775,0.001031673,0.00024504383,0.0002955793,a
test_3055.jpg,0.99734396,0.0005516153,0.0019253268,0.00017908328,a
test_3056.jpg,0.012329007,0.9794143,0.0031172612,0.0051394943,b
test_3057.jpg,0.0001684427,0.0009105926,0.99858606,0.0003349883,c
test_3058.jpg,0.9998609,5.8286554e-05,2.930832e-05,5.1437706e-05,a
test_3059.jpg,0.00020333838,0.00013975229,0.9993611,0.0002958556,c
test_3060.jpg,0.0007039969,0.9913015,0.0066793365,0.0013152394,b
test_3061.jpg,0.0024717322,0.00011560445,0.00024473463,0.9971679,d
test_3062.jpg,0.9987478,0.0005523918,0.00029567405,0.0004041385,a
test_3063.jpg,0.5193816,0.01777226,0.004493531,0.45835263,a
test_3064.jpg,0.95224583,0.047409527,0.00019375191,0.00015089414,a
test_3065.jpg,4.8311504e-05,0.9996592,6.203319e-05,0.00023048128,b
test_3066.jpg,0.0018875597,0.0024236746,0.017908668,0.9777801,d
test_3067.jpg,0.9652623,0.0016444401,0.025723368,0.007369868,a
test_3068.jpg,0.9954444,0.0019216598,0.0004564342,0.0021775258,a
test_3069.jpg,0.0006261874,0.00021640457,1.7763572e-05,0.99913955,d
test_3070.jpg,5.4708715e-05,0.99901295,0.00037975376,0.00055253843,b
test_3071.jpg,0.010978624,0.00042568744,0.00033152572,0.9882642,d
test_3072.jpg,0.99709153,0.00037902337,0.0010302924,0.0014990665,a
test_3073.jpg,0.95464545,0.03701562,0.0072888075,0.0010500523,a
test_3074.jpg,0.06464419,0.6949905,0.06464419,0.17572112,b
test_3075.jpg,0.0021503875,0.9830383,0.0123746265,0.0024367084,b
test_3076.jpg,0.0010183736,0.0010183736,0.9855569,0.012406331,c
test_3077.jpg,0.0043589007,0.001415128,0.16356653,0.83065945,d
test_3078.jpg,4.5380417e-05,0.9995702,0.00026114626,0.00012335676,b
test_3079.jpg,9.0259826e-05,4.8312606e-05,0.99968195,0.00017950308,c
test_3080.jpg,4.263487e-05,0.99966204,0.00011589361,0.00017949952,b
test_3081.jpg,0.97560865,0.022944117,0.00083573937,0.00061143993,a
test_3082.jpg,0.093272254,0.00097338326,0.8849425,0.020811854,c
test_3083.jpg,0.00033456043,0.99731064,0.0019252624,0.00042958412,b
test_3084.jpg,8.476192e-05,0.99933606,0.0001487618,0.00043045657,b
test_3085.jpg,4.5380824e-05,0.99957913,7.964582e-05,0.00029592015,b
test_3086.jpg,0.0018819685,0.02292707,0.00030722292,0.9748838,d
test_3087.jpg,0.00043008788,0.0001792873,0.99848014,0.00091049605,c
test_3088.jpg,0.0119014755,0.0011070096,0.94545126,0.04154023,c
test_3089.jpg,0.99843997,0.0009104594,0.00033493928,0.00031464637,a
test_3090.jpg,0.00406787,0.00037837087,0.00017872972,0.995375,d
test_3091.jpg,0.000551862,0.0001581111,0.99778986,0.0015001163,c
test_3092.jpg,0.00017947545,6.202506e-05,0.00023045104,0.99952805,d
test_3093.jpg,2.1440204e-05,1.7774555e-05,0.99975735,0.000203419,c
test_3094.jpg,0.0011688634,0.0004872548,6.594276e-05,0.998278,d
test_3095.jpg,0.9835909,0.00048008608,0.0018987771,0.01403017,a
test_3096.jpg,3.3179578e-05,0.9989247,0.0001312278,0.0009109014,b
test_3097.jpg,0.99993706,2.2827082e-05,8.939213e-06,3.120092e-05,a
test_3098.jpg,3.5338173e-05,0.99945337,0.00013129725,0.00037992117,b
test_3099.jpg,0.00020335795,0.00010884967,0.9994573,0.00023043473,c
test_3100.jpg,6.604813e-05,2.7532958e-05,0.99987316,3.3211083e-05,c
test_3101.jpg,0.00017951918,2.1440508e-05,2.7530159e-05,0.99977154,d
test_3102.jpg,0.0003989494,0.3200827,0.0019032813,0.67761505,d
test_3103.jpg,0.0003799281,5.826386e-05,9.0240836e-05,0.9994716,d
test_3104.jpg,0.9996675,0.00010887256,7.482695e-05,0.00014881114,a
test_3105.jpg,0.95352817,0.0018407424,0.012003149,0.03262794,a
test_3106.jpg,0.9992842,0.00062627805,6.200992e-05,2.751674e-05,a
test_3107.jpg,0.0075032944,0.7653568,0.1935125,0.03362743,b
test_3108.jpg,0.00023037476,8.4750136e-05,0.9991972,0.00048770342,c
test_3109.jpg,0.72301024,0.0019077479,0.26598063,0.009101356,a
test_3110.jpg,0.00029591113,0.00013977851,1.5682715e-05,0.9995486,d
test_3111.jpg,0.9997353,4.005469e-05,0.00013980462,8.479578e-05,a
test_3112.jpg,0.0007908218,0.00025674226,0.075778715,0.9231737,d
test_3113.jpg,0.99905473,0.00023034192,0.00037976966,0.0003351455,a
test_3114.jpg,0.0065976996,0.7625904,0.21848582,0.012326126,b
test_3115.jpg,9.027781e-05,1.3844551e-05,1.4737447e-05,0.99988115,d
test_3116.jpg,8.472284e-05,0.9988753,0.00055246236,0.00048754632,b
test_3117.jpg,0.027992543,0.004292796,0.04072891,0.92698574,d
test_3118.jpg,0.99715996,0.00048670906,0.0013230123,0.001030363,a
test_3119.jpg,3.119257e-05,0.9996693,9.607987e-05,0.00020340108,b
test_3120.jpg,0.9815671,0.015865555,0.0016722173,0.00089507335,a
test_3121.jpg,0.93877333,0.00085605046,0.060013767,0.00035685493,a
test_3122.jpg,0.9995906,0.00013978437,0.00017948668,9.0251575e-05,a
test_3123.jpg,0.0007801163,0.9694101,0.00053616555,0.029273648,b
test_3124.jpg,0.00023020936,0.0009104957,0.9984798,0.0003795511,c
test_3125.jpg,0.8816263,0.0021853333,0.03418436,0.08200402,a
test_3126.jpg,5.143708e-05,2.014305e-05,0.9998487,7.9667305e-05,c
test_3127.jpg,0.025158957,0.017291483,0.013466619,0.9440829,d
test_3128.jpg,1.7772121e-05,0.99962044,0.0001313192,0.00023047236,b
test_3129.jpg,0.0005520234,0.00033481914,0.9980818,0.0010313155,c
test_3130.jpg,0.9986559,0.00023024998,0.0002031949,0.00091065635,a
test_3131.jpg,0.00020339264,0.00012336388,4.5383036e-05,0.9996278,d
test_3132.jpg,0.00020319983,8.470629e-05,0.9986802,0.0010319338,c
test_3133.jpg,4.5386583e-05,0.999706,0.00010887675,0.00013980053,b
test_3134.jpg,0.0027968413,0.0005507307,0.0009080014,0.9957444,d
test_3135.jpg,0.00014870646,0.9989643,0.00026098796,0.0006260776,b
test_3136.jpg,0.000993519,0.00022168405,0.037281524,0.9615032,d
test_3137.jpg,5.4744996e-05,0.9996755,9.0259244e-05,0.00017950193,b
test_3138.jpg,0.00061452575,0.017959077,0.98053235,0.00089412974,c
test_3139.jpg,0.0013242138,0.99806553,0.00012317106,0.00048715106,b
test_3140.jpg,0.00020287743,0.9970957,0.00022989024,0.0024715532,b
test_3141.jpg,0.7052145,0.2939771,0.00036641158,0.0004419767,a
test_3142.jpg,0.009443332,0.025669636,0.963246,0.0016410052,c
test_3143.jpg,0.9974381,0.0019255085,0.00017910019,0.00045734836,a
test_3144.jpg,0.13222873,0.0031097217,0.0024218538,0.86223966,d
test_3145.jpg,2.7524406e-05,0.99956256,0.000230459,0.00017948165,b
test_3146.jpg,7.484312e-05,3.321143e-05,8.3971645e-06,0.99988353,d
test_3147.jpg,0.00037668317,0.008573269,0.00011488188,0.99093515,d
test_3148.jpg,2.4283849e-05,0.9993012,4.8294205e-05,0.0006262887,b
test_3149.jpg,7.4797674e-05,0.99927646,9.604211e-05,0.0005526842,b
test_3150.jpg,0.00020333457,0.00015835711,0.9993424,0.00029585007,c
test_3151.jpg,0.0002301773,0.9983407,0.00080339774,0.0006256868,b
test_3152.jpg,0.00020281249,0.9967765,0.0013225036,0.0016981284,b
test_3153.jpg,9.025879e-05,2.2820997e-05,0.9996705,0.00021651958,c
test_3154.jpg,0.0002959245,4.8308346e-05,6.202913e-05,0.9995938,d
test_3155.jpg,0.8453153,0.14689375,0.0020953272,0.0056956895,a
test_3156.jpg,1.2218072e-05,0.9999056,2.7533852e-05,5.47576e-05,b
test_3157.jpg,7.028967e-05,0.00023047095,0.99961436,8.4785526e-05,c
test_3158.jpg,0.0007045499,0.99208015,0.0013162725,0.005899124,b
test_3159.jpg,0.9997477,0.00013980635,7.483295e-05,3.7628368e-05,a
test_3160.jpg,0.00062528247,0.00017914643,0.9976956,0.0014999748,c
test_3161.jpg,0.6321702,0.066630244,0.0025835352,0.29861605,a
test_3162.jpg,6.597055e-05,0.9986987,6.597055e-05,0.0011693559,b
test_3163.jpg,0.0046150847,0.87947947,0.08180433,0.03410112,b
test_3164.jpg,0.13274774,0.00061474397,0.865624,0.0010135415,c
test_3165.jpg,0.98896307,0.0016848171,0.008556207,0.0007958512,a
test_3166.jpg,0.0007079998,0.0019245431,0.00042942358,0.996938,d
test_3167.jpg,0.00010225884,0.00013977128,0.9994968,0.00026112708,c
test_3168.jpg,0.005216666,0.0006230419,3.982973e-05,0.99412054,d
test_3169.jpg,0.99975115,7.483321e-05,0.00013133638,4.2638672e-05,a
test_3170.jpg,7.963516e-05,0.9994454,0.00013976407,0.00033527656,b
test_3171.jpg,0.0007094697,7.960029e-05,0.00020326648,0.99900776,d
test_3172.jpg,0.99515826,0.002795195,0.0014961599,0.00055040646,a
test_3173.jpg,0.914055,0.085020356,0.00050554954,0.00041911527,a
test_3174.jpg,0.9986432,0.00027773096,0.00016845234,0.00091064477,a
test_3175.jpg,0.8893382,0.106216304,0.003634522,0.0008109715,a
test_3176.jpg,0.9955433,0.0006641738,0.0031685962,0.0006239335,a
test_3177.jpg,0.0009334583,0.7972283,0.00026744028,0.20157087,b
test_3178.jpg,0.012403571,0.0016786408,0.0005801227,0.9853377,d
test_3179.jpg,5.474443e-05,1.8919169e-05,0.00026117105,0.99966514,d
test_3180.jpg,0.9986401,0.00017931602,0.0001486582,0.0010318925,a
test_3181.jpg,0.79134035,0.00173105,0.0068464354,0.20008217,a
test_3182.jpg,0.7859219,0.012703244,0.19871217,0.0026627446,a
test_3183.jpg,0.8630391,0.003996664,0.0006129083,0.13235134,a
test_3184.jpg,0.9999244,1.7777525e-05,2.0144575e-05,3.7635018e-05,a
test_3185.jpg,0.00012331207,0.99920815,0.0005526464,0.00011584099,b
test_3186.jpg,0.00037986948,0.00012332556,0.9993174,0.00017943763,c
test_3187.jpg,0.9996933,0.0001910822,7.029522e-05,4.5386005e-05,a
test_3188.jpg,0.9958715,0.0007072424,0.0006241392,0.0027971982,a
test_3189.jpg,0.0044933013,0.0024050907,0.022818865,0.9702828,d
test_3190.jpg,7.484039e-05,3.5352095e-05,4.264276e-05,0.99984705,d
test_3191.jpg,0.0011637756,0.9939328,0.0035846815,0.0013187305,b
test_3192.jpg,0.99990296,2.0144142e-05,1.4737769e-05,6.204832e-05,a
test_3193.jpg,0.2167526,0.7565409,0.006545361,0.020161131,b
test_3194.jpg,0.004726626,0.08378145,0.29242602,0.6190659,d
test_3195.jpg,0.00014877575,0.00019103184,0.99942976,0.0002304284,c
test_3196.jpg,0.051323388,0.02424345,0.014704396,0.90972877,d
test_3197.jpg,0.00042920813,0.9964378,0.0027987887,0.00033426762,b
test_3198.jpg,0.7013134,0.0011223839,0.2579988,0.039565396,a
test_3199.jpg,0.0011679116,0.00045736076,0.99746513,0.0009095705,c
test_3200.jpg,0.00029557513,0.00080345647,0.9984137,0.000487321,c
test_3201.jpg,5.4756103e-05,2.4297873e-05,4.2644093e-05,0.9998783,d
test_3202.jpg,1.777797e-05,5.4219736e-06,0.99994934,2.7535056e-05,c
test_3203.jpg,0.00023038535,9.603891e-05,0.99924314,0.00043041652,c
test_3204.jpg,6.204894e-05,6.143677e-06,1.8923856e-05,0.99991286,d
test_3205.jpg,0.9996748,7.9653444e-05,6.603502e-05,0.0001795018,a
test_3206.jpg,4.8320035e-05,9.02737e-05,2.586385e-05,0.9998356,d
test_3207.jpg,0.99934226,6.601306e-05,0.00029585004,0.00029585004,a
test_3208.jpg,0.0009999166,0.75364137,0.24467152,0.000687232,b
test_3209.jpg,5.828136e-05,1.147628e-05,0.9997718,0.00015842516,c
test_3210.jpg,0.00020339136,1.669538e-05,0.9996215,0.00015840135,c
test_3211.jpg,0.0017003941,6.1936844e-05,0.00013112031,0.9981065,d
test_3212.jpg,0.2272242,0.06510082,0.6998998,0.007775185,c
test_3213.jpg,0.99817264,0.00091021566,0.00048720336,0.00042995543,a
test_3214.jpg,0.0035927317,0.0001578536,8.4492945e-05,0.9961649,d
test_3215.jpg,0.9991233,0.0004303649,0.00016853331,0.00027786446,a
test_3216.jpg,0.00070958224,6.600143e-05,0.99916625,5.824606e-05,c
test_3217.jpg,0.0030531879,0.03719544,0.00046822152,0.95928305,d
test_3218.jpg,0.00062611,6.199328e-05,0.00029575345,0.99901605,d
test_3219.jpg,0.014313112,0.030300861,0.5370956,0.41829047,c
test_3220.jpg,0.7765386,0.00066520926,0.22248204,0.0003142226,a
test_3221.jpg,3.7627837e-05,0.9997336,7.029806e-05,0.0001584191,b
test_3222.jpg,0.99906105,0.0001793916,0.00037977204,0.00037977204,a
test_3223.jpg,0.00055236096,0.00055236096,0.9986921,0.00020320225,c
test_3224.jpg,0.998672,0.00027773896,0.00013965592,0.00091067096,a
test_3225.jpg,1.8919238e-05,0.99966884,0.00010887271,0.00020340098,b
test_3226.jpg,0.0016979089,0.00062462565,0.99664766,0.0010298337,c
test_3227.jpg,0.38035822,0.058329817,0.5534179,0.007894082,c
test_3228.jpg,1.3002105e-05,0.9996008,9.02525e-05,0.00029592655,b
test_3229.jpg,0.0008028366,0.00023001654,0.9976434,0.0013236537,c
test_3230.jpg,0.09455105,0.8970754,0.00470742,0.0036661422,b
test_3231.jpg,0.009440717,0.5840765,0.005053252,0.40142953,b
test_3232.jpg,0.49916092,0.0011623322,0.49916092,0.0005157818,a
test_3233.jpg,0.00048652475,0.9967823,0.0002604179,0.0024707764,b
test_3234.jpg,0.99990404,5.8289068e-05,8.397336e-06,2.9309585e-05,a
test_3235.jpg,0.99862504,0.00062586495,0.00012324011,0.00062586495,a
test_3236.jpg,0.00020341121,6.603795e-05,1.1475676e-05,0.9997191,d
test_3237.jpg,0.9990502,0.00013970882,0.00043033343,0.00037976794,a
test_3238.jpg,0.99449474,0.00027657722,0.0046054246,0.0006232764,a
test_3239.jpg,0.00029468545,0.0007069136,0.0035900036,0.9954085,d
test_3240.jpg,0.001902338,0.012404802,0.00025745342,0.9854354,d
test_3241.jpg,0.00033512645,0.00017938025,0.99899787,0.00048760613,c
test_3242.jpg,0.032799046,0.9585287,0.0013537784,0.0073184567,b
test_3243.jpg,0.99994695,1.3845462e-05,1.7777927e-05,2.1444272e-05,a
test_3244.jpg,0.0003795263,0.9984145,0.0002955754,0.0009104362,b
test_3245.jpg,0.9906385,0.007563618,0.0013143597,0.00048352598,a
test_3246.jpg,0.0058513507,0.46483034,0.5267218,0.002596521,c
test_3247.jpg,6.597688e-05,0.99879456,0.00043022333,0.0007093183,b
test_3248.jpg,0.004473858,0.00026867603,0.96608424,0.029173216,c
test_3249.jpg,0.000910706,0.00023026252,0.00014866867,0.9987104,d
test_3250.jpg,0.00026117655,3.1193096e-05,2.143868e-05,0.99968624,d
test_3251.jpg,0.077952355,0.036822084,0.14563416,0.73959136,d
test_3252.jpg,0.99993706,1.2218456e-05,2.9310553e-05,2.1444059e-05,a
test_3253.jpg,0.00029581354,5.4720003e-05,0.99921906,0.00043040616,c
test_3254.jpg,0.0007043614,0.000798146,0.006682795,0.9918147,d
test_3255.jpg,0.00026107085,0.0001794312,0.0002779085,0.9992816,d
test_3256.jpg,0.00031474902,0.00011578969,0.9987657,0.0008037397,c
test_3257.jpg,0.8414554,0.14622302,0.010592361,0.0017291553,a
test_3258.jpg,0.9997032,0.000102279955,5.4746517e-05,0.00013980013,a
test_3259.jpg,0.36286542,0.4111804,0.22008902,0.005865173,b
test_3260.jpg,6.200336e-05,0.99917835,0.00037981666,0.00037981666,b
test_3261.jpg,0.9995733,0.00017948358,0.000131313,0.00011588332,a
test_3262.jpg,0.97943455,0.005139601,0.0058239303,0.009602039,a
test_3263.jpg,0.19773395,0.0018210667,0.018392123,0.78205293,d
test_3264.jpg,0.0004304998,4.8300742e-05,8.4770436e-05,0.99943644,d
test_3265.jpg,0.110160396,0.009042517,0.81398135,0.06681566,c
test_3266.jpg,7.483277e-05,4.005509e-05,0.9997453,0.00013980603,c
test_3267.jpg,0.065718606,0.0028874741,0.9072174,0.024176523,c
test_3268.jpg,0.9997204,0.00011590037,0.000108878325,5.4747456e-05,a
test_3269.jpg,8.480251e-05,1.5686888e-05,8.480251e-05,0.9998147,d
test_3270.jpg,6.1982915e-05,0.9988489,0.0007093569,0.00037969142,b
test_3271.jpg,0.9999149,9.515532e-06,9.515532e-06,6.605088e-05,a
test_3272.jpg,0.00033379064,4.2436717e-05,0.9950159,0.004607838,c
test_3273.jpg,0.99897194,0.00055251573,0.0002451774,0.00023032282,a
test_3274.jpg,0.0016874537,0.99051064,0.0019121354,0.0058897915,b
test_3275.jpg,0.14753252,0.84899116,0.0027021528,0.0007741797,b
test_3276.jpg,0.120223545,0.05678958,0.783956,0.03903087,c
test_3277.jpg,0.07115299,0.40945718,0.055414006,0.4639758,d
test_3278.jpg,5.4744665e-05,1.4734326e-05,0.99966943,0.00026117216,c
test_3279.jpg,0.9972337,0.00015802296,0.0016989072,0.0009093594,a
test_3280.jpg,9.607846e-05,5.827453e-05,0.99965465,0.00019107483,c
test_3281.jpg,0.98520494,0.008523692,0.0031356914,0.0031356914,a
test_3282.jpg,0.9990903,0.00026102088,0.0005525812,9.602422e-05,a
test_3283.jpg,4.0059593e-05,6.143338e-06,0.99985766,9.6097974e-05,c
test_3284.jpg,0.00012332443,1.5678943e-05,0.00055270176,0.9993082,d
test_3285.jpg,0.0003791334,5.8141984e-05,0.9973809,0.002181762,c
test_3286.jpg,8.397304e-06,0.9999001,3.3211978e-05,5.828884e-05,b
test_3287.jpg,0.00011588093,0.99955267,7.0285336e-05,0.0002611417,b
test_3288.jpg,0.0021808813,0.00021593648,0.00062483293,0.9969784,d
test_3289.jpg,0.998793,6.5976776e-05,0.0009107814,0.00023028158,a
test_3290.jpg,0.00019068093,3.3135377e-05,0.99759394,0.002182228,c
test_3291.jpg,0.7553586,0.022809852,0.21641386,0.0054178145,a
test_3292.jpg,0.041722447,0.00046349454,0.008215637,0.9495985,d
test_3293.jpg,0.9995833,0.00015839528,1.3001877e-05,0.00024532745,a
test_3294.jpg,0.00042869154,0.003167626,0.0011653043,0.9952384,d
test_3295.jpg,9.027837e-05,1.2217849e-05,1.01289515e-05,0.99988735,d
test_3296.jpg,0.00010227474,0.00017949776,6.6033535e-05,0.99965227,d
test_3297.jpg,0.0011667517,0.0021797793,0.00017892718,0.99647456,d
test_3298.jpg,0.00022948188,0.0003783517,0.9953245,0.004067664,c
test_3299.jpg,0.9992454,0.00015834175,0.0002610614,0.00033520948,a
test_3300.jpg,0.00027788855,0.00021641981,0.00029581084,0.9992099,d
test_3301.jpg,5.1421586e-05,0.99954754,0.00013977836,0.00026114035,b
test_3302.jpg,1.7778433e-05,1.994685e-06,4.7850003e-06,0.99997544,d
test_3303.jpg,0.9997944,8.480079e-05,5.475151e-05,6.604292e-05,a
test_3304.jpg,0.00017943808,7.0268965e-05,0.9993199,0.00043044958,c
test_3305.jpg,0.00020333663,0.000108838256,0.9993525,0.00033524542,c
test_3306.jpg,0.99996126,1.0783011e-05,1.2218752e-05,1.568919e-05,a
test_3307.jpg,0.00019091505,0.0009108048,7.958523e-05,0.9988187,d
test_3308.jpg,0.0052013225,0.99119663,0.0019134596,0.0016886223,b
test_3309.jpg,0.00014879699,4.8307313e-05,0.99957246,0.00023046129,c
test_3310.jpg,0.06146027,0.0006827619,0.089424156,0.84843284,d
test_3311.jpg,0.0049318913,0.82941663,0.16332181,0.0023296608,b
test_3312.jpg,0.010945149,0.0019019817,0.98525083,0.0019019817,c
test_3313.jpg,0.9998789,4.006044e-05,2.2825754e-05,5.8287602e-05,a
test_3314.jpg,0.00017945963,4.53745e-05,0.00033527473,0.9994399,d
test_3315.jpg,8.47958e-05,0.00013133432,0.99973553,4.8315196e-05,c
test_3316.jpg,0.0021973895,0.8327804,0.0010379733,0.16398418,b
test_3317.jpg,0.06673854,0.009032079,0.9212971,0.0029322868,c
test_3318.jpg,0.99984884,7.030616e-05,3.5352157e-05,4.539307e-05,a
test_3319.jpg,0.00016863858,2.930499e-05,5.4748933e-05,0.99974734,d
test_3320.jpg,0.07289273,0.030386211,0.8880153,0.008705796,c
test_3321.jpg,0.06582171,0.624499,0.29499245,0.01468681,b
test_3322.jpg,0.0031630034,0.0002596351,0.9937861,0.0027913407,c
test_3323.jpg,0.49726996,0.49726996,0.004302228,0.001157929,a
test_3324.jpg,0.00017941145,2.2809607e-05,0.9991716,0.00062620745,c
test_3325.jpg,0.00017935103,7.476464e-05,0.99883515,0.00091081974,c
test_3326.jpg,8.478994e-05,0.99966645,0.000139795,0.000108872446,b
test_3327.jpg,0.061568946,0.849933,0.079056084,0.009441904,b
test_3328.jpg,0.09368415,0.69223744,0.17502503,0.039053366,b
test_3329.jpg,0.0024656483,0.0003552103,0.9947135,0.0024656483,c
test_3330.jpg,5.4756947e-05,8.938826e-06,0.99989367,4.264475e-05,c
test_3331.jpg,0.00033527034,0.00015837049,7.963368e-05,0.99942684,d
test_3332.jpg,0.96383923,0.0022443691,0.0009355922,0.032980762,a
test_3333.jpg,5.475371e-05,2.5863821e-05,0.99983454,8.48042e-05,c
test_3334.jpg,0.00016862787,9.608127e-05,5.1428597e-05,0.99968386,d
test_3335.jpg,2.4274012e-05,0.99889636,0.00016849504,0.0009108756,b
test_3336.jpg,0.0010013958,0.029265076,0.96912616,0.0006073772,c
test_3337.jpg,0.041634947,0.83626026,0.06864443,0.05346033,b
test_3338.jpg,0.00037982516,0.00015833467,0.99920076,0.00026104972,c
test_3339.jpg,0.9956086,0.00051729305,0.002177885,0.0016961388,a
test_3340.jpg,0.001478637,0.0075091375,0.98350304,0.0075091375,c
test_3341.jpg,0.99935347,0.00043046405,0.00013128412,8.476339e-05,a
test_3342.jpg,0.0011559759,0.98727137,0.0040347525,0.00753791,b
test_3343.jpg,0.0004868057,0.9973579,0.0019253538,0.0002299507,b
test_3344.jpg,0.99981505,8.4802545e-05,4.5391535e-05,5.475264e-05,a
test_3345.jpg,0.005207899,0.001316763,0.9924499,0.001025496,c
test_3346.jpg,0.00033523867,0.00021644634,0.00011585539,0.99933237,d
test_3347.jpg,5.475571e-05,4.832175e-05,2.5864769e-05,0.99987113,d
test_3348.jpg,0.00037996547,3.1189466e-05,1.8917364e-05,0.99956983,d
test_3349.jpg,0.001319453,0.00013906934,0.99447733,0.0040642014,c
test_3350.jpg,0.012275477,0.9751619,0.0074454527,0.0051171803,b
test_3351.jpg,0.0003796899,6.598021e-05,0.998845,0.0007093541,c
test_3352.jpg,0.9997087,3.3205622e-05,5.474682e-05,0.0002034091,a
test_3353.jpg,9.019623e-05,0.99897754,0.0003797403,0.0005525188,b
test_3354.jpg,0.99545646,0.0035901766,0.0005505714,0.00040280665,a
test_3355.jpg,0.015414947,0.7427338,0.0007209666,0.24113034,b
test_3356.jpg,0.00017951096,5.474775e-05,4.0054307e-05,0.99972576,d
test_3357.jpg,0.99989104,2.4298184e-05,3.3211676e-05,5.1439256e-05,a
test_3358.jpg,0.036958836,0.0064224824,0.9531809,0.0034377072,c
test_3359.jpg,0.9996257,0.00029593395,2.0138557e-05,5.8272843e-05,a
test_3360.jpg,0.020543749,0.87354237,0.10432976,0.0015841636,b
test_3361.jpg,8.473318e-05,0.0004303106,0.9989973,0.00048760584,c
test_3362.jpg,7.410122e-06,0.9998363,6.604569e-05,9.027377e-05,b
test_3363.jpg,0.99988115,2.9308914e-05,3.119918e-05,5.8287736e-05,a
test_3364.jpg,1.7773331e-05,0.9996885,9.0260415e-05,0.00020340498,b
test_3365.jpg,0.0004294332,0.9969602,0.0004294332,0.0021808418,b
test_3366.jpg,0.15771855,0.12283132,0.62378895,0.09566114,c
test_3367.jpg,0.000115912175,2.4296509e-05,3.763117e-05,0.9998222,d
test_3368.jpg,0.00048685772,0.0001230969,0.0019255596,0.99746454,d
test_3369.jpg,0.00014863454,4.5330977e-05,0.0013247653,0.9984812,d
test_3370.jpg,2.4299441e-05,1.1478243e-05,2.144418e-05,0.9999428,d
test_3371.jpg,0.9962113,0.00051760615,0.0008016841,0.002469361,a
test_3372.jpg,0.00015831193,0.99905723,0.00015831193,0.0006261358,b
test_3373.jpg,0.00026100356,0.99902403,0.00033513524,0.00037975798,b
test_3374.jpg,0.99980885,4.264113e-05,5.828352e-05,9.0271285e-05,a
test_3375.jpg,6.60514e-05,4.7847475e-06,6.5399736e-06,0.99992263,d
test_3376.jpg,0.001698603,0.00021595311,0.9970552,0.0010302548,c
test_3377.jpg,0.0004269552,0.9912074,0.0075679612,0.0007976573,b
test_3378.jpg,0.0004303446,0.9990761,0.00015831493,0.0003351527,b
test_3379.jpg,3.7624694e-05,0.9996501,0.00010887067,0.00020339718,b
test_3380.jpg,0.00033520104,0.00014874457,0.99922025,0.00029581392,c
test_3381.jpg,0.9996966,5.4746153e-05,0.00015841324,9.026115e-05,a
test_3382.jpg,5.8282658e-05,2.4295827e-05,0.99979407,0.00012338438,c
test_3383.jpg,0.9995989,0.00011588629,5.47408e-05,0.00023046738,a
test_3384.jpg,0.037942484,0.09101928,0.007471318,0.86356694,d
test_3385.jpg,0.0002033132,0.0003798391,0.00017942327,0.9992374,d
test_3386.jpg,0.0016954975,0.00027678235,0.9952323,0.002795403,c
test_3387.jpg,0.00080194307,0.99653304,0.0014982268,0.0011668202,b
test_3388.jpg,0.99880874,0.0006259801,0.00023028521,0.000335063,a
test_3389.jpg,3.7633625e-05,1.669982e-05,0.99988735,5.8288097e-05,c
test_3390.jpg,0.99955446,7.481849e-05,0.00029591285,7.481849e-05,a
test_3391.jpg,0.93122345,0.0002285499,0.0010903506,0.0674576,a
test_3392.jpg,0.0076535195,0.0162025,0.6889478,0.28719616,c
test_3393.jpg,2.4289697e-05,0.9995419,0.00020337515,0.00023045423,b
test_3394.jpg,7.9497615e-05,1.888234e-05,0.9977191,0.0021825018,c
test_3395.jpg,2.753201e-05,0.9998387,3.7631795e-05,9.6096155e-05,b
test_3396.jpg,0.00013980202,0.000115899944,2.7528651e-05,0.9997167,d
test_3397.jpg,0.0007081965,0.9972149,0.0011676187,0.0009093423,b
test_3398.jpg,0.00015826369,0.99875283,0.0003796549,0.0007092887,b
test_3399.jpg,0.00033507205,0.00020323148,0.99883574,0.00062599697,c
test_3400.jpg,0.015206844,0.041336488,0.9408141,0.0026425533,c
test_3401.jpg,0.00029566634,0.9987218,0.00055237743,0.00043019195,b
test_3402.jpg,1.0781014e-05,0.99977607,5.4750504e-05,0.00015842583,b
test_3403.jpg,0.847004,0.00077236764,0.1471872,0.0050364695,a
test_3404.jpg,0.46841624,0.53078514,0.00058383157,0.00021477965,b
test_3405.jpg,3.7629678e-05,0.00013981122,4.005658e-05,0.9997825,d
test_3406.jpg,0.00015830054,0.00023032592,0.99898535,0.00062609074,c
test_3407.jpg,0.00023036098,7.9610625e-05,0.0005526073,0.9991374,d
test_3408.jpg,3.1200547e-05,6.1437518e-06,0.999925,3.763504e-05,c
test_3409.jpg,0.0037574826,0.010213898,0.91942567,0.066602975,c
test_3410.jpg,0.00023035295,0.00017939905,0.00048765723,0.9991026,d
test_3411.jpg,0.99890876,0.0009108869,9.019002e-05,9.019002e-05,a
test_3412.jpg,9.607896e-05,2.7527085e-05,0.9996599,0.00021651728,c
test_3413.jpg,0.00010208241,0.9977724,0.00062533055,0.0015000901,b
test_3414.jpg,0.00061941386,0.010979375,6.949632e-05,0.98833174,d
test_3415.jpg,0.0010301148,0.00055138074,0.99691975,0.0014988082,c
test_3416.jpg,0.9985916,0.000625844,0.00023023515,0.0005523054,a
test_3417.jpg,0.99976546,4.0055897e-05,5.4749922e-05,0.00013980884,a
test_3418.jpg,0.00015839255,9.606994e-05,0.999566,0.00017948227,c
test_3419.jpg,0.00048145858,0.010957947,0.9864029,0.0021577477,c
test_3420.jpg,0.00014881662,6.203599e-05,0.9997043,8.479315e-05,c
test_3421.jpg,0.00020342266,1.6697948e-05,4.4941917e-06,0.99977535,d
test_3422.jpg,0.9991466,9.602963e-05,0.0006261918,0.00013125695,a
test_3423.jpg,0.00019037114,0.0035920402,0.99597317,0.0002444414,c
test_3424.jpg,0.99987996,3.5353256e-05,3.321131e-05,5.143869e-05,a
test_3425.jpg,0.00011551344,0.99638283,0.0021795786,0.0013219813,b
test_3426.jpg,2.0141837e-05,0.9997886,5.1433984e-05,0.00013981207,b
test_3427.jpg,0.025036562,0.025036562,0.93949,0.010436793,c
test_3428.jpg,7.4836025e-05,6.604256e-05,7.030194e-05,0.9997888,d
test_3429.jpg,0.99946076,0.00020335865,4.0043687e-05,0.0002958851,a
test_3430.jpg,0.99955827,4.2630447e-05,0.0001686067,0.00023045803,a
test_3431.jpg,5.473871e-05,0.99956065,0.00012335558,0.00026114375,b
test_3432.jpg,0.0002958717,2.7520357e-05,0.9994155,0.00026110583,c
test_3433.jpg,0.99645954,0.0031715124,0.00026033356,0.000108523185,a
test_3434.jpg,0.00017946446,0.99946684,0.000123344,0.00023043693,b
test_3435.jpg,3.5346868e-05,6.203568e-05,0.99969923,0.00020340717,c
test_3436.jpg,6.604669e-05,2.4297218e-05,0.99985135,5.8285998e-05,c
test_3437.jpg,0.03500468,0.7030878,0.25865158,0.0032559426,b
test_3438.jpg,0.98678046,0.010962142,0.00035237742,0.0019049345,a
test_3439.jpg,6.1982275e-05,0.9988386,0.0008037984,0.0002957009,b
test_3440.jpg,0.999673,9.608022e-05,0.00020340184,2.7527447e-05,a
test_3441.jpg,0.004031737,0.00089960214,0.9865335,0.008535188,c
test_3442.jpg,0.48368657,0.021251705,0.48368657,0.011375218,a
test_3443.jpg,3.119459e-05,0.9997341,6.603894e-05,0.00016863635,b
test_3444.jpg,2.7527525e-05,0.99967587,3.5346042e-05,0.00026117385,b
test_3445.jpg,0.9874356,9.490407e-05,3.9561895e-05,0.01242998,a
test_3446.jpg,3.3213535e-05,8.397697e-06,1.14782915e-05,0.99994695,d
test_3447.jpg,8.474612e-05,0.9991498,0.00027787185,0.0004876803,b
test_3448.jpg,0.00042995543,0.99817264,0.00091021566,0.00048720336,b
test_3449.jpg,0.99957114,0.0001487968,0.00013131273,0.0001487968,a
test_3450.jpg,9.0275564e-05,4.2643154e-05,1.0781879e-05,0.99985623,d
test_3451.jpg,5.143647e-05,2.1441909e-05,0.9998368,9.027381e-05,c
test_3452.jpg,0.9986854,0.00013119636,0.00080367515,0.00037962926,a
test_3453.jpg,0.9983773,0.00015820419,0.00029556436,0.0011689797,a
test_3454.jpg,4.535849e-05,0.9990872,0.00048764976,0.000379782,b
test_3455.jpg,0.999613,0.00023047063,3.320244e-05,0.00012336204,a
test_3456.jpg,0.0013210244,0.9956617,0.0013210244,0.0016962291,b
test_3457.jpg,0.00021642345,0.9992267,0.00029581581,0.0002610565,b
test_3458.jpg,0.9990067,0.00031482495,0.00019095096,0.00048761044,a
test_3459.jpg,3.535404e-05,3.3212047e-05,2.9309529e-05,0.9999021,d
test_3460.jpg,1.1477436e-05,0.99987245,3.1198906e-05,8.480741e-05,b
test_3461.jpg,0.03238595,0.019643072,0.0015147112,0.9464562,d
test_3462.jpg,5.8255857e-05,0.9993343,5.472631e-05,0.0005527162,b
test_3463.jpg,0.22086208,0.0066694566,0.7708844,0.0015841348,c
test_3464.jpg,0.006517258,0.022747466,0.003488437,0.9672469,d
test_3465.jpg,0.00029569934,0.99883324,0.00024514337,0.0006259954,b
test_3466.jpg,0.007326542,0.017575461,0.9595877,0.01551029,c
test_3467.jpg,0.9995309,0.00015838699,0.00017947597,0.00013130743,a
test_3468.jpg,0.9704699,0.025862146,0.0009420286,0.0027258503,a
test_3469.jpg,7.030483e-05,9.514723e-06,0.9998299,9.0273184e-05,c
test_3470.jpg,0.9997465,8.479673e-05,0.00012337852,4.5388424e-05,a
test_3471.jpg,2.014227e-05,0.99981004,9.027139e-05,7.966421e-05,b
test_3472.jpg,4.5397177e-05,6.9618823e-06,8.397633e-06,0.9999393,d
test_3473.jpg,2.2821085e-05,0.9996743,0.00012336961,0.00017950172,b
test_3474.jpg,8.480771e-05,1.7776663e-05,0.9998759,2.1442747e-05,c
test_3475.jpg,0.0021340197,0.4905403,0.4905403,0.016785366,b
test_3476.jpg,0.0018993089,0.00020018569,0.9838664,0.0140341,c
test_3477.jpg,0.00090911647,0.0014988796,0.99696726,0.00062482595,c
test_3478.jpg,0.00017952082,2.7530412e-05,1.2216546e-05,0.9997807,d
test_3479.jpg,0.997664,0.0005517923,0.0016996402,8.462009e-05,a
test_3480.jpg,0.9989637,0.00070943846,0.0001685064,0.00015829712,a
test_3481.jpg,4.005903e-05,7.410176e-06,0.9998436,0.00010889174,c
test_3482.jpg,0.0004876955,0.00026104457,7.02592e-05,0.999181,d
test_3483.jpg,0.00023049013,2.9303532e-05,4.2636384e-05,0.99969757,d
test_3484.jpg,0.0009107716,0.99878234,0.00014867938,0.00015826836,b
test_3485.jpg,0.0010320025,0.0001312044,9.017538e-05,0.99874663,d
test_3486.jpg,0.0015000412,0.00040373064,0.9977399,0.000356291,c
test_3487.jpg,0.002354231,0.04728599,0.9497645,0.0005952427,c
test_3488.jpg,0.86223966,0.13222873,0.0031097217,0.0024218538,a
test_3489.jpg,0.99965394,7.029246e-05,0.00019107468,8.478888e-05,a
test_3490.jpg,0.00043039385,0.9991905,0.00014874013,0.00023037322,b
test_3491.jpg,0.9999044,3.1199903e-05,2.4298508e-05,4.0061463e-05,a
test_3492.jpg,0.0011691514,0.00014864092,0.00015822743,0.998524,d
test_3493.jpg,0.000552199,0.9983993,0.0008034449,0.00024503688,b
test_3494.jpg,0.9996474,4.0051167e-05,9.607776e-05,0.00021651457,a
test_3495.jpg,0.9962347,0.00026027483,0.003170797,0.00033419952,a
test_3496.jpg,2.014503e-05,5.421961e-06,0.99994695,2.753499e-05,c
test_3497.jpg,0.00055247097,0.0002957164,0.00026096878,0.99889094,d
test_3498.jpg,0.0013232483,0.00090945436,0.0004295958,0.99733776,d
test_3499.jpg,0.00070476276,0.00022880296,0.9923799,0.006686603,c
test_3500.jpg,2.0137395e-05,0.99956805,0.00011588271,0.00029591686,b
test_3501.jpg,0.999912,2.282651e-05,2.7534028e-05,3.7634552e-05,a
test_3502.jpg,0.00055272493,6.601358e-05,3.1182608e-05,0.99935013,d
test_3503.jpg,0.025909886,0.97226125,0.0011384009,0.00069047505,b
test_3504.jpg,9.5746705e-05,0.9962029,0.00010849523,0.0035928686,b
test_3505.jpg,0.0071226675,0.00035461676,0.9328854,0.059637364,c
test_3506.jpg,5.828683e-05,1.7776481e-05,0.99986565,5.828683e-05,c
test_3507.jpg,0.0002304592,0.00013131171,0.9995634,7.481916e-05,c
test_3508.jpg,0.9989459,0.00021636262,0.00037972827,0.0004580397,a
test_3509.jpg,0.99918085,0.00043038971,0.000230371,0.00015833152,a
test_3510.jpg,0.22867721,0.027311597,0.62160903,0.12240207,c
test_3511.jpg,0.0005523544,0.00070923707,5.8217724e-05,0.9986802,d
test_3512.jpg,0.030685352,0.08341143,0.79138565,0.09451754,c
test_3513.jpg,0.00048641625,0.99656004,0.0010297431,0.0019238135,b
test_3514.jpg,0.7026878,0.29292384,0.002534288,0.0018541246,a
test_3515.jpg,0.00013976262,4.5374276e-05,0.9994349,0.00037991416,c
test_3516.jpg,6.602376e-05,0.9995042,0.00016859757,0.000261129,b
test_3517.jpg,0.00026104486,0.0002958026,0.99918205,0.00026104486,c
test_3518.jpg,0.0001794846,6.202822e-05,0.999579,0.0001794846,c
test_3519.jpg,0.9995408,4.0046896e-05,0.00012335312,0.0002959088,a
test_3520.jpg,0.9997949,7.4836484e-05,4.0057075e-05,9.027003e-05,a
test_3521.jpg,0.009642632,0.0040196464,0.9835751,0.0027626602,c
test_3522.jpg,0.9978669,0.00023006805,0.0016999859,0.00020303435,a
test_3523.jpg,0.0011674912,0.99710613,0.00040347417,0.0013229409,b
test_3524.jpg,0.9986424,0.00070921023,0.0005523335,9.598117e-05,a
test_3525.jpg,6.603751e-05,0.00013133128,0.9997124,9.026258e-05,c
test_3526.jpg,0.00010228733,0.00010228733,2.0141571e-05,0.99977535,d
test_3527.jpg,0.007559323,0.00045397264,0.11824771,0.873739,d
test_3528.jpg,0.0012871557,0.9701347,0.025853213,0.0027249088,b
test_3529.jpg,0.0013248404,0.00010216072,3.5305802e-05,0.9985378,d
test_3530.jpg,0.99934,0.0001487624,0.0003798781,0.00013128236,a
test_3531.jpg,2.7534363e-05,1.892407e-05,0.9999242,2.9310175e-05,c
test_3532.jpg,2.429572e-05,0.99978966,5.4751246e-05,0.00013134143,b
test_3533.jpg,0.99588805,0.0009667018,0.0021784962,0.0009667018,a
test_3534.jpg,0.00017946489,9.024062e-05,0.9994692,0.00026111986,c
test_3535.jpg,0.0040612733,0.00048504994,0.99376076,0.0016929907,c
test_3536.jpg,0.9620584,0.008323437,0.029051648,0.00056641694,a
test_3537.jpg,0.93274754,0.003811926,0.059628554,0.003811926,a
test_3538.jpg,0.008010949,0.34063423,0.6363885,0.014966423,c
test_3539.jpg,3.118584e-05,0.9994536,8.4771884e-05,0.00043050718,b
test_3540.jpg,3.3211196e-05,0.9998765,2.429783e-05,6.604835e-05,b
test_3541.jpg,0.00037755616,0.9932318,0.005905972,0.00048479173,b
test_3542.jpg,0.00021593648,0.9969784,0.000334449,0.0024712624,b
test_3543.jpg,0.0040650237,0.000456083,0.9946785,0.0008004506,c
test_3544.jpg,0.001169195,9.0158646e-05,0.9985613,0.00017930187,c
test_3545.jpg,3.3212786e-05,2.9310182e-05,1.30063145e-05,0.9999244,d
test_3546.jpg,0.0030848004,0.96921545,0.025828715,0.001871026,b
test_3547.jpg,0.95546377,0.0010509525,0.006437864,0.037047353,a
test_3548.jpg,0.9939115,0.0019187005,0.0005851706,0.0035846047,a
test_3549.jpg,0.14619254,0.0005272526,0.012000214,0.84128,d
test_3550.jpg,0.9982767,0.0010315169,0.00013960064,0.0005521312,a
test_3551.jpg,0.97989535,0.0011473395,0.0031187923,0.015838534,a
test_3552.jpg,6.2044026e-05,1.38438945e-05,0.9998337,9.0273534e-05,c
test_3553.jpg,0.87502134,0.0058958475,0.0006614957,0.11842126,a
test_3554.jpg,7.960029e-05,0.99900776,0.00020326648,0.0007094697,b
test_3555.jpg,6.6045955e-05,3.5351855e-05,5.8285354e-05,0.99984026,d
test_3556.jpg,0.99984956,9.027496e-05,2.0143067e-05,4.0059265e-05,a
test_3557.jpg,0.00029587632,4.2625023e-05,0.00023042869,0.9994311,d
test_3558.jpg,0.2522389,0.018272122,0.68565637,0.043832544,c
test_3559.jpg,2.2820384e-05,0.9996437,3.7624453e-05,0.00029593927,b
test_3560.jpg,0.21753313,0.7592652,0.0074435747,0.015758047,b
test_3561.jpg,7.4819494e-05,9.607013e-05,0.9995679,0.00026114564,c
test_3562.jpg,0.0004878486,1.01249725e-05,7.4075892e-06,0.99949455,d
test_3563.jpg,3.319708e-05,0.9994516,8.477172e-05,0.0004305063,b
test_3564.jpg,0.0012979023,0.00016500977,0.020302609,0.97823447,d
test_3565.jpg,0.0013188145,0.004062235,0.0006229638,0.993996,d
test_3566.jpg,0.00015795739,0.99681985,0.0005513255,0.0024708696,b
test_3567.jpg,2.9311077e-05,7.411001e-06,8.397764e-06,0.99995494,d
test_3568.jpg,0.99879396,0.0010320514,5.822436e-05,0.00011579297,a
test_3569.jpg,7.481e-05,0.9994411,0.00014877744,0.00033527514,b
test_3570.jpg,3.7634534e-05,2.1443511e-05,2.9309806e-05,0.99991155,d
test_3571.jpg,7.013252e-05,0.9973794,0.00062508427,0.0019253952,b
test_3572.jpg,0.0075464,0.9883835,0.00216208,0.001908029,b
test_3573.jpg,4.539628e-05,1.0782561e-05,2.4298875e-05,0.99991953,d
test_3574.jpg,0.0037163997,0.014698645,0.80251884,0.17906615,c
test_3575.jpg,0.0016959308,0.99548656,0.0013207921,0.0014966535,b
test_3576.jpg,0.022789413,0.006529276,0.0016508596,0.96903044,d
test_3577.jpg,0.0005923946,0.94522005,0.05332567,0.00086192915,b
test_3578.jpg,0.99663216,0.0010298176,0.002180124,0.00015792764,a
test_3579.jpg,0.9956274,0.00062398624,0.003590793,0.00015776843,a
test_3580.jpg,0.0013018197,0.010900004,0.981187,0.0066111856,c
test_3581.jpg,0.00062597194,2.583695e-05,0.99879575,0.0005524183,c
test_3582.jpg,0.0007079492,0.0021806373,0.00024466074,0.99686676,d
test_3583.jpg,4.5394117e-05,2.429772e-05,5.82872e-05,0.99987197,d
test_3584.jpg,0.9926064,0.00018972761,0.006688129,0.00051573315,a
test_3585.jpg,0.00045567044,0.99377865,0.0046021086,0.0011635951,b
test_3586.jpg,0.022953335,0.000651136,0.00039493392,0.9760006,d
test_3587.jpg,0.00037871575,0.9962823,0.00016805409,0.0031709482,b
test_3588.jpg,0.0002959033,6.602494e-05,0.9995222,0.000115877396,c
test_3589.jpg,0.0015362925,0.09504704,0.0016353746,0.90178126,d
test_3590.jpg,0.99855286,7.474352e-05,0.00020317393,0.0011691852,a
test_3591.jpg,0.00017935144,0.9988374,0.00017935144,0.00080379745,b
test_3592.jpg,7.966217e-05,4.005665e-05,0.9997843,9.609092e-05,c
test_3593.jpg,0.006676832,0.9909298,0.000903611,0.0014898026,b
test_3594.jpg,5.141543e-05,0.99942786,9.023689e-05,0.00043049612,b
test_3595.jpg,2.7524406e-05,0.99956256,0.00017948165,0.000230459,b
test_3596.jpg,0.00012334464,0.99947196,0.000108851265,0.00029588843,b
test_3597.jpg,0.000115874886,4.830384e-05,0.9995005,0.00033529507,c
test_3598.jpg,0.00070919096,0.00012323892,0.99861526,0.00055231847,c
test_3599.jpg,0.0024549998,0.00045412927,0.006673381,0.99041754,d
test_3600.jpg,7.482717e-05,0.9996705,0.00012336914,0.00013132577,b
test_3601.jpg,0.00024508993,0.00043014617,0.9986155,0.00070919114,c
test_3602.jpg,0.0027978027,0.00031390478,0.00080158387,0.9960867,d
test_3603.jpg,0.99928504,0.0004877463,9.604293e-05,0.00013127513,a
test_3604.jpg,0.00012338799,3.3209424e-05,2.0142536e-05,0.9998233,d
test_3605.jpg,4.539601e-05,1.6700258e-05,2.429873e-05,0.9999136,d
test_3606.jpg,0.042060643,0.0003418485,0.0003016803,0.95729584,d
test_3607.jpg,7.479377e-05,0.9992242,7.479377e-05,0.00062624045,b
test_3608.jpg,4.005348e-05,2.4293666e-05,0.99970514,0.00023049189,c
test_3609.jpg,0.00010885123,0.9994716,0.00015837759,0.0002611205,b
test_3610.jpg,0.9997271,0.00015841807,9.02639e-05,2.4294199e-05,a
test_3611.jpg,3.5341414e-05,0.99954504,0.00015838923,0.00026113968,b
test_3612.jpg,3.119955e-05,2.4298233e-05,5.143936e-05,0.99989307,d
test_3613.jpg,0.0027826882,0.00589095,0.0006209016,0.99070555,d
test_3614.jpg,0.015817529,0.8636078,0.091023594,0.029551035,b
test_3615.jpg,0.00020336692,0.00017947066,0.00011587498,0.99950135,d
test_3616.jpg,0.03688065,0.65372515,0.06890212,0.24049206,b
test_3617.jpg,2.9302375e-05,0.9996581,9.6078795e-05,0.00021651688,b
test_3618.jpg,0.9945299,0.0040644165,0.0010276454,0.00037804962,a
test_3619.jpg,0.9998336,8.4804116e-05,3.320977e-05,4.8319936e-05,a
test_3620.jpg,0.00043052674,6.202325e-05,8.393935e-06,0.99949896,d
test_3621.jpg,0.0015908614,0.9338123,0.0049001975,0.059696622,b
test_3622.jpg,2.429942e-05,7.888866e-06,0.99994195,2.5866599e-05,c
test_3623.jpg,0.22121139,0.77210355,0.004887196,0.0017978988,b
test_3624.jpg,0.35834458,0.16927001,0.012261877,0.46012354,d
test_3625.jpg,0.00022966522,5.8068465e-05,0.99611974,0.0035925687,c
test_3626.jpg,0.0020492831,0.9368189,0.059888825,0.001242953,b
test_3627.jpg,0.00062477466,0.0011672328,0.99688536,0.001322648,c
test_3628.jpg,0.00037986645,0.0001794362,0.9993094,0.00013127834,c
test_3629.jpg,0.0001087276,0.9983365,0.00023017632,0.0013245733,b
test_3630.jpg,0.9943429,0.0011642558,0.0009067234,0.0035861605,a
test_3631.jpg,0.0035797174,0.9925564,0.0031590895,0.0007048881,b
test_3632.jpg,0.999747,5.474891e-05,7.48329e-05,0.00012337857,a
test_3633.jpg,0.0028004744,9.582696e-05,6.586084e-05,0.9970379,d
test_3634.jpg,0.99968004,0.00010887393,0.00010227758,0.00010887393,a
test_3635.jpg,0.0014570691,0.000119603515,0.029266015,0.96915734,d
test_3636.jpg,0.00015837098,0.00011586669,0.9994299,0.00029587597,c
test_3637.jpg,0.36606082,0.0097551895,0.60353225,0.020651737,c
test_3638.jpg,2.2823475e-05,0.99977905,7.48353e-05,0.00012338253,b
test_3639.jpg,0.015845716,0.0013845832,0.0024300192,0.9803397,d
test_3640.jpg,0.0016983465,0.0011672552,0.99690455,0.00022984618,c
test_3641.jpg,0.9979771,0.00024493324,0.0015003978,0.00027754568,a
test_3642.jpg,7.965084e-05,7.482505e-05,0.99964213,0.00020339555,c
test_3643.jpg,0.985926,0.010952649,0.0027692632,0.00035207227,a
test_3644.jpg,0.99921584,0.00048771253,6.600471e-05,0.00023037907,a
test_3645.jpg,0.9998109,5.475241e-05,5.475241e-05,7.9664285e-05,a
test_3646.jpg,0.00026116407,9.02559e-05,1.012643e-05,0.99963844,d
test_3647.jpg,0.1066561,0.00026437404,5.8989815e-05,0.8930205,d
test_3648.jpg,0.0001233389,0.00011586618,0.99942553,0.0003352699,c
test_3649.jpg,0.005123964,0.0010089683,0.13214879,0.8617183,d
test_3650.jpg,0.00062535325,0.0015001446,6.591175e-05,0.99780864,d
test_3651.jpg,0.9928058,0.0016913638,0.0045976033,0.0009053217,a
test_3652.jpg,0.99830544,0.00029554308,0.00023016917,0.0011688955,a
test_3653.jpg,4.0062474e-05,2.014468e-05,1.0129381e-05,0.99992967,d
test_3654.jpg,0.00012336204,3.320244e-05,0.999613,0.00023047063,c
test_3655.jpg,0.0021547945,0.0031352076,0.9850529,0.009657119,c
test_3656.jpg,0.00017947955,2.4289917e-05,0.9995509,0.0002453195,c
test_3657.jpg,0.00020328614,0.9991043,0.00013971639,0.000552589,b
test_3658.jpg,5.8289686e-05,1.4737941e-05,1.2218182e-05,0.99991465,d
test_3659.jpg,0.99908566,9.6023774e-05,0.000709525,0.000108809196,a
test_3660.jpg,0.00017946142,7.481066e-05,0.9994499,0.0002958819,c
test_3661.jpg,0.2615142,0.021466391,0.006150224,0.71086925,d
test_3662.jpg,2.4292154e-05,0.99964297,0.00010227379,0.00023047754,b
test_3663.jpg,0.003581775,0.00013046614,0.99312687,0.0031609053,c
test_3664.jpg,0.9987318,0.0010319871,4.5342353e-05,0.00019089843,a
test_3665.jpg,0.9954085,0.0019215904,0.00020253414,0.002467371,a
test_3666.jpg,0.9997434,0.00010888083,4.5388282e-05,0.000102284066,a
test_3667.jpg,0.00023009321,0.0011685097,0.00062545814,0.997976,d
test_3668.jpg,0.001889753,0.009596959,0.9789163,0.009596959,c
test_3669.jpg,7.955631e-05,0.99845576,0.00029558758,0.0011690714,b
test_3670.jpg,0.99966145,0.00019107612,9.6079115e-05,5.1427443e-05,a
test_3671.jpg,0.0002610935,7.480455e-05,0.00029585772,0.99936825,d
test_3672.jpg,0.99831414,0.00013960588,4.532339e-05,0.0015009046,a
test_3673.jpg,0.00013979139,0.00017949569,4.0050898e-05,0.9996407,d
test_3674.jpg,0.5292659,0.4670755,0.002956455,0.0007022196,a
test_3675.jpg,0.00010886287,0.99957854,5.142318e-05,0.00026114844,b
test_3676.jpg,9.609283e-05,9.514479e-06,0.9998042,9.027086e-05,c
test_3677.jpg,0.6134616,0.37208328,0.0032191512,0.011235942,a
test_3678.jpg,0.00020333135,0.00037987297,0.9993266,9.022774e-05,c
test_3679.jpg,0.012703639,0.093867905,0.8905939,0.0028345652,c
test_3680.jpg,0.5331472,0.4152155,0.049590416,0.0020468412,a
test_3681.jpg,0.9792787,0.015828565,0.0021421635,0.0027505925,a
test_3682.jpg,0.00011580403,0.9988894,0.00019092855,0.00080383924,b
test_3683.jpg,0.0027988986,0.00029500172,0.9964768,0.00042922495,c
test_3684.jpg,8.479801e-05,3.762889e-05,0.99976164,0.00011590515,c
test_3685.jpg,3.534055e-05,0.99952054,0.000108856555,0.00033530177,b
test_3686.jpg,0.00011566587,0.99769765,0.0016996977,0.00048697152,b
test_3687.jpg,0.00020341844,1.0780783e-05,3.1195228e-05,0.9997546,d
test_3688.jpg,0.9998783,3.1199088e-05,2.0143645e-05,7.030823e-05,a
test_3689.jpg,0.00080222037,0.002180661,0.000139405,0.9968777,d
test_3690.jpg,0.9998888,2.5865224e-05,4.264454e-05,4.264454e-05,a
test_3691.jpg,6.600491e-05,0.99921894,0.0003352006,0.00037983208,b
test_3692.jpg,0.99893314,0.00080387446,0.00012327814,0.00013969245,a
test_3693.jpg,0.05321032,0.0014180068,0.002196252,0.94317544,d
test_3694.jpg,0.0004873358,0.00015821475,0.998444,0.0009104631,c
test_3695.jpg,0.0066872803,0.00037727054,0.00045507515,0.9924804,d
test_3696.jpg,0.9934696,0.003583011,0.002462565,0.00048490783,a
test_3697.jpg,0.24244611,0.11452343,0.5132584,0.12977205,c
test_3698.jpg,0.99584633,0.00070722454,0.0002769531,0.0031695606,a
test_3699.jpg,0.00080165145,0.00022967698,0.0027980388,0.9961707,d
test_3700.jpg,0.0007966997,0.0006204703,0.9900175,0.008565329,c
test_3701.jpg,0.0096631255,0.9856655,0.0019027821,0.002768532,b
test_3702.jpg,0.00062588905,8.470488e-05,0.99866354,0.00062588905,c
test_3703.jpg,0.00014757733,0.99137914,0.00090402074,0.0075692725,b
test_3704.jpg,0.0015003018,0.0003563529,0.00023007873,0.9979132,d
test_3705.jpg,0.00048736608,0.0002031644,0.99850607,0.0008035308,c
test_3706.jpg,0.06643979,0.01482472,0.91717297,0.0015625142,c
test_3707.jpg,0.0019236597,0.0011667585,0.9964804,0.0004292265,c
test_3708.jpg,0.04141048,0.0026472835,0.9424982,0.013444014,c
test_3709.jpg,0.3790505,0.22990575,0.29520482,0.09583897,a
test_3710.jpg,0.69858664,0.009964802,0.0002343497,0.29121423,a
test_3711.jpg,0.06641032,0.0020054178,0.9167661,0.014818144,c
test_3712.jpg,1.2216328e-05,0.99976295,4.538917e-05,0.00017951764,b
test_3713.jpg,0.99933845,0.00012332817,0.00015835649,0.0003798775,a
test_3714.jpg,0.00055230217,5.8212223e-05,0.9985858,0.00080359494,c
test_3715.jpg,2.9294246e-05,0.9993807,0.00010224696,0.000487793,b
test_3716.jpg,0.00019102219,0.9993793,0.00026109637,0.0001685765,b
test_3717.jpg,0.00013974906,0.999338,0.00026108557,0.00026108557,b
test_3718.jpg,0.9954183,0.0014965509,0.0021774687,0.000907704,a
test_3719.jpg,7.966242e-05,9.026936e-05,4.2640222e-05,0.9997875,d
test_3720.jpg,5.8287493e-05,2.9308792e-05,3.535315e-05,0.999877,d
test_3721.jpg,0.00062604336,0.9989097,0.00029572198,0.0001684973,b
test_3722.jpg,0.9997608,8.4797946e-05,9.608866e-05,5.828072e-05,a
test_3723.jpg,0.00015824604,0.0010318938,0.00016845204,0.99864143,d
test_3724.jpg,0.006528315,0.010763373,0.013820443,0.96888787,d
test_3725.jpg,0.00070406264,0.00033257564,0.991394,0.007569386,c
test_3726.jpg,0.89059377,0.002834565,0.02373352,0.082838126,a
test_3727.jpg,0.00080332765,0.00080332765,0.00013959743,0.99825364,d
test_3728.jpg,0.9991691,0.0003798131,0.000115836454,0.0003351839,a
test_3729.jpg,0.9997874,5.828227e-05,9.6091215e-05,5.828227e-05,a
test_3730.jpg,7.965363e-05,0.9996772,8.479085e-05,0.00015841017,b
test_3731.jpg,0.005900999,0.0009049476,0.0007986134,0.9923955,d
test_3732.jpg,0.000229805,0.9967259,0.00024462616,0.0027995983,b
test_3733.jpg,0.9999151,2.930991e-05,2.4298768e-05,3.1200238e-05,a
test_3734.jpg,0.9982835,0.00013114356,0.00026081008,0.001324503,a
test_3735.jpg,7.029777e-05,0.00014882037,5.1430943e-05,0.99972945,d
test_3736.jpg,0.9997223,9.6084965e-05,5.8278474e-05,0.00012337553,a
test_3737.jpg,0.0006259855,0.9988174,0.00026094957,0.00029569466,b
test_3738.jpg,0.9998914,3.11995e-05,5.1439274e-05,2.5865293e-05,a
test_3739.jpg,0.017945493,0.001891441,0.0003724468,0.9797906,d
test_3740.jpg,0.9854952,0.012405554,0.001481632,0.00061763613,a
test_3741.jpg,0.002749453,0.00044883584,0.978873,0.017928686,c
test_3742.jpg,0.0011691604,9.5970536e-05,0.9985317,0.00020316962,c
test_3743.jpg,0.9982803,0.00037947524,0.0004300018,0.0009103138,a
test_3744.jpg,7.027045e-05,0.99934095,0.00043045866,0.0001583569,b
test_3745.jpg,0.020614073,0.28456852,0.09238587,0.60243154,d
test_3746.jpg,3.119733e-05,0.99982196,6.204329e-05,8.480313e-05,b
test_3747.jpg,0.99786854,0.0004037827,0.0004037827,0.0013239525,a
test_3748.jpg,0.0018913954,0.01794506,0.00039645802,0.9797671,d
test_3749.jpg,0.9981021,0.00037940752,0.00048716893,0.0010313365,a
test_3750.jpg,2.7531101e-05,0.00013134354,0.99980575,3.5350633e-05,c
test_3751.jpg,0.00016863324,7.0296795e-05,4.538702e-05,0.9997156,d
test_3752.jpg,0.9997962,9.027014e-05,5.1434377e-05,6.20417e-05,a
test_3753.jpg,0.00058827724,0.9386504,0.06000591,0.00075536297,b
test_3754.jpg,0.9993413,0.00010883704,6.201347e-05,0.00048777377,a
test_3755.jpg,8.480357e-05,7.966558e-05,8.396691e-06,0.9998272,d
test_3756.jpg,7.966833e-05,3.1198568e-05,2.753264e-05,0.9998616,d
test_3757.jpg,0.9995753,8.478221e-05,0.00014879742,0.00019105966,a
test_3758.jpg,0.0014553716,0.001284361,0.9680283,0.029231923,c
test_3759.jpg,0.00033624397,0.053121507,0.0049410695,0.94160116,d
test_3760.jpg,3.763515e-05,1.300636e-05,2.1443862e-05,0.9999279,d
test_3761.jpg,0.00037975973,0.0002957572,0.9990287,0.0002957572,c
test_3762.jpg,0.9996389,0.00010227338,9.025594e-05,0.0001686203,a
test_3763.jpg,0.0007091151,0.0005522594,0.9985084,0.00023021596,c
test_3764.jpg,0.01222405,0.97107655,0.0010034111,0.015695991,b
test_3765.jpg,0.9996486,0.0001088705,5.142678e-05,0.00019107366,a
test_3766.jpg,0.9986811,9.59849e-05,0.0010319349,0.00019088875,a
test_3767.jpg,0.9998565,3.5352426e-05,3.321053e-05,7.48411e-05,a
test_3768.jpg,0.00022973453,0.9964204,0.0027987398,0.00055110455,b
test_3769.jpg,0.99991894,1.8923973e-05,1.0782554e-05,5.1440693e-05,a
test_3770.jpg,0.0031531719,0.00025882808,0.99069715,0.0058909003,c
test_3771.jpg,0.99191815,0.0066834916,0.0008497106,0.0005486144,a
test_3772.jpg,7.955646e-05,0.9984577,0.00091047556,0.00055223133,b
test_3773.jpg,0.00026081217,0.00012319894,0.99829143,0.0013245136,c
test_3774.jpg,7.470713e-05,0.99806684,0.00015815499,0.0017003266,b
test_3775.jpg,0.00013127865,0.9993118,0.00029584102,0.00026107873,b
test_3776.jpg,0.9401772,0.0033908086,0.0033908086,0.05304117,a
test_3777.jpg,0.00020279746,0.9967026,0.00029506857,0.0027995326,b
test_3778.jpg,0.0003796585,0.0001486764,0.99876237,0.00070929545,c
test_3779.jpg,0.9958396,0.00096665474,0.0014971842,0.0016965321,a
test_3780.jpg,0.00055272813,6.201438e-05,2.929352e-05,0.999356,d
test_3781.jpg,0.000551474,0.00017903738,0.0021811218,0.9970884,d
test_3782.jpg,5.4746542e-05,0.9997037,6.203596e-05,0.000179507,b
test_3783.jpg,3.3204135e-05,0.99966395,0.00017949985,0.00012336833,b
test_3784.jpg,0.0024711913,0.00024468108,0.99694973,0.00033443936,c
test_3785.jpg,0.99965215,0.00017949774,6.603353e-05,0.00010227473,a
test_3786.jpg,0.15149952,0.0631544,0.7693781,0.015967933,c
test_3787.jpg,0.0021414016,0.86390305,0.0014717624,0.13248383,b
test_3788.jpg,0.9573819,0.042064425,8.644062e-05,0.00046729358,a
test_3789.jpg,0.003158882,0.0002938218,0.9924912,0.004056085,c
test_3790.jpg,0.028359035,0.93912226,0.02208604,0.010432706,b
test_3791.jpg,0.008267454,0.0034463876,0.032698415,0.95558774,d
test_3792.jpg,0.0013236246,0.9976215,0.00062523596,0.00042971803,b
test_3793.jpg,0.000102297476,1.47373485e-05,8.397088e-06,0.9998745,d
test_3794.jpg,0.002344159,0.9457012,0.036668815,0.0152858365,b
test_3795.jpg,0.00013129838,0.99946195,0.0002033589,0.0002033589,b
test_3796.jpg,0.9986386,0.00033500593,0.0009106405,0.00011577496,a
test_3797.jpg,0.9999032,2.2826309e-05,3.7262926e-06,7.030999e-05,a
test_3798.jpg,5.1436535e-05,2.0142836e-05,0.9998381,9.027393e-05,c
test_3799.jpg,0.0003798454,7.026434e-05,0.99925405,0.0002958239,c
test_3800.jpg,0.0002779648,7.9638245e-05,0.00015837957,0.99948406,d
test_3801.jpg,0.119121544,0.00055164215,0.88019574,0.0001310265,c
test_3802.jpg,0.0005845675,0.49925497,0.49925497,0.0009053958,b
test_3803.jpg,0.0030078583,0.945041,0.032337524,0.0196137,b
test_3804.jpg,0.09279575,0.7769693,0.11915211,0.011082871,b
test_3805.jpg,0.00024461458,0.0002771846,0.9966787,0.0027994656,c
test_3806.jpg,0.9998142,5.14353e-05,5.4752592e-05,7.966455e-05,a
test_3807.jpg,4.264685e-05,6.5401064e-06,7.888874e-06,0.9999429,d
test_3808.jpg,0.00022756154,0.9869955,0.0003524542,0.01242444,b
test_3809.jpg,6.2005434e-05,0.9992118,0.00029581142,0.00043040304,b
test_3810.jpg,0.0001907536,0.00033478302,0.9979741,0.0015003934,c
test_3811.jpg,7.9666715e-05,5.1436702e-05,2.7532082e-05,0.99984133,d
test_3812.jpg,0.00011585478,0.00029584556,0.9993272,0.00026108275,c
test_3813.jpg,7.942917e-05,0.99686015,0.00026043822,0.0027999752,b
test_3814.jpg,0.002180089,0.0009087963,0.000295043,0.9966162,d
test_3815.jpg,7.025676e-05,0.99914634,0.00029579204,0.00048767863,b
test_3816.jpg,0.00015834381,0.0003798471,0.99925846,0.0002033175,c
test_3817.jpg,7.030616e-05,3.5352157e-05,4.539307e-05,0.99984884,d
test_3818.jpg,9.6091826e-05,3.5350207e-05,7.48364e-05,0.9997937,d
test_3819.jpg,0.07367636,0.37415946,0.5443988,0.007765431,c
test_3820.jpg,0.0008038067,0.00010219255,0.0002451472,0.9988489,d
test_3821.jpg,0.0004297085,0.0011680687,0.9975994,0.00080280117,c
test_3822.jpg,0.005863658,0.005863658,0.0021571193,0.9861157,d
test_3823.jpg,0.9367438,0.0020491187,0.059884023,0.0013230105,a
test_3824.jpg,0.00033532255,6.202843e-05,2.0137686e-05,0.99958247,d
test_3825.jpg,0.99874216,7.957913e-05,0.0006259383,0.00055238866,a
test_3826.jpg,0.00013981352,5.4751756e-05,6.5391646e-06,0.99979895,d
test_3827.jpg,0.0001794425,0.0003798798,9.604866e-05,0.9993445,d
test_3828.jpg,0.0007083693,0.9974583,0.0008026876,0.0010306713,b
test_3829.jpg,0.00080379524,0.00020323126,0.00015827666,0.99883467,d
test_3830.jpg,4.2638225e-05,5.8279544e-05,0.00015842023,0.99974066,d
test_3831.jpg,0.9998105,0.00014883242,1.4736405e-05,2.5863199e-05,a
test_3832.jpg,6.603904e-05,0.00010228327,0.99973565,9.6086245e-05,c
test_3833.jpg,0.00015841033,0.99967825,4.00524e-05,0.00012337009,b
test_3834.jpg,0.00013888151,3.5114746e-05,0.99313426,0.0066916863,c
test_3835.jpg,2.1443357e-05,5.1439936e-05,2.2826334e-05,0.9999043,d
test_3836.jpg,0.0032073571,0.07299911,0.88931125,0.034482338,c
test_3837.jpg,0.0015005356,9.5926036e-05,0.99806875,0.00033481474,c
test_3838.jpg,0.00016860987,7.482018e-05,0.00017948427,0.9995771,d
test_3839.jpg,0.99925,0.0002958227,0.0002958227,0.00015834247,a
test_3840.jpg,0.0021810287,0.00014842085,0.9970457,0.00062487513,c
test_3841.jpg,0.00033516306,7.025399e-05,0.99910694,0.0004876594,c
test_3842.jpg,0.9997571,5.1432366e-05,0.00014882447,4.2638927e-05,a
test_3843.jpg,0.005881141,0.0045802374,0.0004827535,0.9890559,d
test_3844.jpg,0.9997744,7.483495e-05,5.4750413e-05,9.608997e-05,a
test_3845.jpg,0.0049286303,0.16321382,0.8288682,0.0029893655,c
test_3846.jpg,0.00010885654,3.5340545e-05,0.00033530174,0.9995204,d
test_3847.jpg,0.11329297,0.8371281,0.0023513208,0.04722754,b
test_3848.jpg,0.0031442975,0.00039975255,0.9879089,0.008547086,c
test_3849.jpg,0.0031591032,0.002787899,0.9925607,0.0014922547,c
test_3850.jpg,0.99681586,0.0021805258,0.00037891857,0.00062473107,a
test_3851.jpg,0.0035911147,0.0003785007,0.0003137881,0.9957165,d
test_3852.jpg,7.4110744e-06,1.873813e-06,0.99996483,2.5867192e-05,c
test_3853.jpg,7.0298775e-05,0.00015842072,2.7529395e-05,0.99974376,d
test_3854.jpg,9.609572e-05,4.5392404e-05,2.4296802e-05,0.9998342,d
test_3855.jpg,0.00027762438,0.99825996,0.00055212196,0.00091029523,b
test_3856.jpg,2.4290992e-05,0.9995951,8.478389e-05,0.00029592487,b
test_3857.jpg,0.00033519766,7.479271e-05,0.00037982874,0.9992101,d
test_3858.jpg,4.5392124e-05,2.429665e-05,0.999828,0.000102292724,c
test_3859.jpg,0.00080391066,0.00010220577,0.00011581432,0.99897814,d
test_3860.jpg,0.00970411,0.00029303873,0.00015685231,0.9898461,d
test_3861.jpg,0.002463991,0.002463991,0.99404496,0.0010271443,c
test_3862.jpg,0.9991841,0.00017941369,0.00014873917,0.00048769702,a
test_3863.jpg,0.99944156,4.830099e-05,0.000430502,7.963486e-05,a
test_3864.jpg,0.814766,0.18179886,0.00084189576,0.0025932216,a
test_3865.jpg,0.37427446,0.29148525,0.10723143,0.22700894,a
test_3866.jpg,0.017976219,0.0003292459,0.00022628719,0.98146826,d
test_3867.jpg,3.5337875e-05,0.9994449,0.00013976402,0.00037991797,b
test_3868.jpg,0.00011590806,3.534996e-05,6.20411e-05,0.9997867,d
test_3869.jpg,0.0003783898,0.003168219,0.9954248,0.0010285701,c
test_3870.jpg,0.00080112205,9.568038e-05,0.0035903798,0.9955128,d
test_3871.jpg,8.470831e-05,0.00017932749,0.99870396,0.0010319584,c
test_3872.jpg,0.00021615184,0.00048710575,0.99797267,0.0013240906,c
test_3873.jpg,8.480416e-05,2.2824732e-05,5.828499e-05,0.99983406,d
test_3874.jpg,0.087767415,0.832714,0.07745447,0.0020640919,b
test_3875.jpg,0.00010885284,0.00029589268,0.9994863,0.00010885284,c
test_3876.jpg,0.0004301877,0.0001486689,0.99871194,0.00070925965,c
test_3877.jpg,0.0014976426,0.0001788679,0.002179057,0.9961444,d
test_3878.jpg,0.00023048116,3.1192238e-05,0.9996587,7.9652156e-05,c
test_3879.jpg,0.001500832,0.0001021329,0.00013114125,0.9982659,d
test_3880.jpg,3.320382e-05,0.99965453,0.00010887115,0.00020339809,b
test_3881.jpg,0.9998814,1.8923261e-05,2.9308922e-05,7.030845e-05,a
test_3882.jpg,0.00011587037,4.262632e-05,0.0003799243,0.9994616,d
test_3883.jpg,0.0002033175,0.00015834381,0.99925846,0.0003798471,c
test_3884.jpg,0.012339733,0.9802664,0.006604983,0.00078885275,b
test_3885.jpg,0.00033514775,0.000115823976,0.9990614,0.00048763715,c
test_3886.jpg,0.00012333655,0.99940646,9.023496e-05,0.00037990336,b
test_3887.jpg,0.999912,3.535439e-05,2.1443522e-05,3.120014e-05,a
test_3888.jpg,0.93027544,0.01171044,0.00553162,0.052482553,a
test_3889.jpg,5.1433984e-05,2.0141837e-05,0.9997886,0.00013981207,c
test_3890.jpg,0.88336843,0.043980323,0.00866024,0.063990995,a
test_3891.jpg,3.7635727e-05,6.9619095e-06,1.2218532e-05,0.99994326,d
test_3892.jpg,0.00055203354,0.9981001,0.00017921905,0.001168655,b
test_3893.jpg,0.004067399,0.00042870067,0.0002442663,0.9952597,d
test_3894.jpg,0.99876934,0.00029568042,0.0008037427,0.00013120739,a
test_3895.jpg,5.1436175e-05,6.604535e-05,5.1436175e-05,0.9998311,d
test_3896.jpg,0.00012335645,1.3001674e-05,0.9995677,0.00029591678,c
test_3897.jpg,0.99657696,0.0021800033,0.0009087606,0.00033431433,a
test_3898.jpg,3.9943374e-05,0.99695694,0.0002028492,0.002800247,b
test_3899.jpg,0.0027964017,0.0002947386,0.99558794,0.0013209266,c
test_3900.jpg,0.00013952491,0.99773514,0.0006253072,0.0015000341,b
test_3901.jpg,0.95073795,0.047334455,0.0011131996,0.00081443426,a
test_3902.jpg,0.99965525,9.607852e-05,0.00013979342,0.00010887123,a
test_3903.jpg,0.00080400583,3.760385e-05,6.199827e-05,0.9990964,d
test_3904.jpg,9.6053394e-05,0.00043048145,0.9993938,7.9631056e-05,c
test_3905.jpg,0.00033533192,4.538224e-05,8.936293e-06,0.99961036,d
test_3906.jpg,0.0008037037,0.00043019155,4.5341858e-05,0.9987208,d
test_3907.jpg,2.5864063e-05,0.99984384,9.027444e-05,4.0059036e-05,b
test_3908.jpg,0.00017931644,0.9986425,0.00055233354,0.0006258759,b
test_3909.jpg,0.00021633125,0.998801,0.0004302261,0.0005524212,b
test_3910.jpg,0.99956924,0.00020338072,0.00013131247,9.607025e-05,a
test_3911.jpg,9.6086995e-05,5.8279704e-05,0.9997434,0.000102284066,c
test_3912.jpg,0.0005523801,0.00016846642,0.99872667,0.0005523801,c
test_3913.jpg,0.000108874745,0.00014881413,0.99968755,5.4745655e-05,c
test_3914.jpg,2.2827224e-05,1.3845411e-05,2.0144955e-05,0.99994326,d
test_3915.jpg,0.013148973,0.2641042,0.7179096,0.0048372364,c
test_3916.jpg,0.022769714,0.00508061,0.9681929,0.003956783,c
test_3917.jpg,2.7519805e-05,2.428614e-05,0.9993955,0.00055275,c
test_3918.jpg,0.89522237,0.0026766665,0.09435574,0.0077451915,a
test_3919.jpg,0.029205311,0.0030782172,0.96714705,0.0005694129,c
test_3920.jpg,0.0014973234,0.00010189413,0.002468669,0.99593216,d
test_3921.jpg,0.0006232764,0.00027657722,0.0046054246,0.99449474,d
test_3922.jpg,0.00020338174,0.00020338174,1.8917448e-05,0.99957424,d
test_3923.jpg,0.0016992381,0.00080266315,7.013593e-05,0.9974279,d
test_3924.jpg,0.99935037,0.00031493328,0.0002033362,0.00013128371,a
test_3925.jpg,0.99983037,3.320966e-05,2.753178e-05,0.0001088903,a
test_3926.jpg,6.203775e-05,2.5861184e-05,0.99973255,0.00017951218,c
test_3927.jpg,0.009409112,0.00046845205,0.74745834,0.24266419,c
test_3928.jpg,0.00033260314,0.0006213845,0.991476,0.0075700125,c
test_3929.jpg,0.9984456,0.0002450482,0.0010316914,0.00027767598,a
test_3930.jpg,0.0016986742,0.0009092347,0.9970969,0.00029518528,c
test_3931.jpg,0.00010885514,4.8304177e-05,0.00033529743,0.99950755,d
test_3932.jpg,0.0027700076,0.9861909,0.005175055,0.005864105,b
test_3933.jpg,0.99404234,0.0003132605,0.0004281763,0.0052162553,a
test_3934.jpg,0.018829519,0.7065725,0.014664443,0.25993353,b
test_3935.jpg,0.000108855755,4.262852e-05,0.99951315,0.0003352993,c
test_3936.jpg,0.021016361,0.25603172,0.026985543,0.6959663,d
test_3937.jpg,0.9984339,0.00048733086,0.00091045385,0.00016841703,a
test_3938.jpg,0.0011678014,0.00090948475,0.9973711,0.00055163034,c
test_3939.jpg,3.763433e-05,1.0782417e-05,0.9999062,4.539567e-05,c
test_3940.jpg,0.0009101904,0.998145,0.0004576725,0.00048718986,b
test_3941.jpg,0.002766137,0.0014806063,0.9848129,0.0109402845,c
test_3942.jpg,0.9951931,0.00010838526,8.985453e-05,0.0046086586,a
test_3943.jpg,5.828285e-05,4.8318183e-05,9.609218e-05,0.9997974,d
test_3944.jpg,0.3741825,0.42400432,0.09460815,0.10720508,b
test_3945.jpg,0.00011591292,2.4296665e-05,3.119754e-05,0.9998286,d
test_3946.jpg,0.00023044462,6.602349e-05,0.99950016,0.00020336667,c
test_3947.jpg,0.9852078,0.000617456,0.0001215843,0.014053234,a
test_3948.jpg,0.0019236113,0.00012297234,0.9964553,0.0014981099,c
test_3949.jpg,0.00062606257,0.9989404,0.00020325277,0.00023031556,b
test_3950.jpg,0.15947567,0.80988437,0.02445639,0.006183543,b
test_3951.jpg,0.0030842456,0.9690411,0.022789663,0.005085061,b
test_3952.jpg,0.0010298997,0.9967116,0.0003343595,0.001924106,b
test_3953.jpg,2.1434302e-05,0.9994821,6.6022294e-05,0.00043051943,b
test_3954.jpg,0.0016990906,0.99734133,0.00033457074,0.0006250604,b
test_3955.jpg,0.067439765,0.93097717,0.0009619765,0.00062109873,b
test_3956.jpg,0.0002611448,0.00011588231,5.826928e-05,0.9995646,d
test_3957.jpg,0.9907622,0.0003537993,0.0003122268,0.008571773,a
test_3958.jpg,0.006674888,0.0024555542,0.0002284021,0.9906412,d
test_3959.jpg,0.00043039786,0.00010882162,0.9991998,0.00026104948,c
test_3960.jpg,0.00012338521,2.7530963e-05,4.8318347e-05,0.99980074,d
test_3961.jpg,0.00055248063,0.00010878989,0.9989084,0.00043027234,c
test_3962.jpg,0.006477601,0.24307017,0.0017434225,0.74870884,d
test_3963.jpg,0.0006257911,0.9985072,0.00048736666,0.00037956153,b
test_3964.jpg,0.009701229,0.9895522,0.00029295174,0.00045373247,b
test_3965.jpg,0.99632686,0.0024696474,0.00029495734,0.00090853253,a
test_3966.jpg,7.410171e-06,0.9998429,7.484008e-05,7.484008e-05,b
test_3967.jpg,0.32199615,0.32199615,0.2841606,0.07184706,a
test_3968.jpg,6.203323e-05,0.00020339915,7.482637e-05,0.9996598,d
test_3969.jpg,0.0024599847,0.0005156408,0.9924286,0.0045958566,c
test_3970.jpg,0.0010317521,0.0001684289,0.00029560193,0.9985043,d
test_3971.jpg,0.99935013,7.962757e-05,0.00013975076,0.00043046262,a
test_3972.jpg,0.00026108473,2.4284665e-05,0.0003798761,0.99933475,d
test_3973.jpg,0.99955136,0.00010226442,0.00023045643,0.00011588078,a
test_3974.jpg,0.99971706,8.4794236e-05,5.827817e-05,0.00013980207,a
test_3975.jpg,2.5864836e-05,4.2223182e-06,0.99987376,9.6099524e-05,c
test_3976.jpg,0.0037944256,0.00048240708,0.06725781,0.9284653,d
test_3977.jpg,2.7515965e-05,0.9992561,0.0006262604,9.022138e-05,b
test_3978.jpg,0.99706465,0.0005514609,0.0021810702,0.00020287112,a
test_3979.jpg,0.04205412,0.00056352554,0.00023491241,0.95714736,d
test_3980.jpg,0.00015749178,5.11301e-05,0.9938816,0.0059098355,c
test_3981.jpg,0.0002303522,0.9990994,0.0003351605,0.0003351605,b
test_3982.jpg,0.9993455,0.00033524306,0.0002033352,0.00011585691,a
test_3983.jpg,0.01538732,0.002511911,0.24069819,0.7414026,d
test_3984.jpg,0.00091086637,7.9590616e-05,0.00012327236,0.9988863,d
test_3985.jpg,0.0019242483,0.00026041866,0.9967853,0.0010299758,c
test_3986.jpg,0.0035873707,0.0007063952,0.0010277989,0.9946785,d
test_3987.jpg,0.0001794241,2.5848494e-05,0.99924207,0.00055266515,c
test_3988.jpg,0.9818875,0.0016727633,0.014005873,0.002433856,a
test_3989.jpg,0.999703,6.603689e-05,5.1429583e-05,0.00017950687,a
test_3990.jpg,0.02912672,0.004466728,0.0018620089,0.96454453,d
test_3991.jpg,0.0002606713,0.99775237,0.00150006,0.0004869982,b
test_3992.jpg,7.964296e-05,0.9995433,0.00011587984,0.0002611392,b
test_3993.jpg,0.9346046,0.0013199892,0.05974727,0.004328078,a
test_3994.jpg,6.20337e-05,0.9996674,4.0051968e-05,0.00023048317,b
test_3995.jpg,0.0015289865,0.041976295,0.0011186303,0.9553761,d
test_3996.jpg,0.009560861,0.0012939217,0.97523427,0.013910969,c
test_3997.jpg,7.48126e-05,1.8915585e-05,0.9994758,0.00043051672,c
test_3998.jpg,0.023724565,0.003210771,0.8902578,0.08280687,c
test_3999.jpg,0.0006089417,0.9716225,0.025892863,0.0018756727,b
test_4000.jpg,5.8280628e-05,4.2639018e-05,0.99975926,0.00013980796,c
test_4001.jpg,0.0046023047,0.0005496669,0.9938211,0.0010269129,c
test_4002.jpg,0.00015720804,0.004594293,0.99209094,0.003157608,c
test_4003.jpg,0.00087660796,0.0005316896,0.03727432,0.96131736,d
test_4004.jpg,3.3200256e-05,0.9995472,0.00015838956,0.00026114023,b
test_4005.jpg,0.005356825,0.065259494,0.22777802,0.7016057,d
test_4006.jpg,0.0001398076,7.029968e-05,3.3207212e-05,0.99975663,d
test_4007.jpg,0.95632017,0.025485069,0.00067915407,0.017515615,a
test_4008.jpg,0.00013976236,0.00013129458,0.9994331,0.00029587693,c
test_4009.jpg,0.0005510225,0.99627197,0.002798323,0.00037871185,b
test_4010.jpg,0.009704504,0.00037628444,3.2879365e-05,0.9898863,d
test_4011.jpg,0.0006261616,9.6024996e-05,0.00017939831,0.9990984,d
test_4012.jpg,0.9998473,3.119812e-05,3.119812e-05,9.0274756e-05,a
test_4013.jpg,0.00020340644,9.026106e-05,1.0780146e-05,0.99969566,d
test_4014.jpg,0.9998926,3.3211727e-05,2.2826067e-05,5.1439336e-05,a
test_4015.jpg,0.9412655,0.0026438213,0.046862848,0.009227843,a
test_4016.jpg,0.9990502,0.00013970882,0.00037976794,0.00043033343,a
test_4017.jpg,0.00014876845,4.0040482e-05,0.9993807,0.0004304758,c
test_4018.jpg,0.000707876,0.9967636,0.0014985735,0.0010299535,b
test_4019.jpg,0.02910941,0.96397126,0.005058457,0.0018609023,b
test_4020.jpg,0.9961457,0.001029315,0.00035572174,0.0024691985,a
test_4021.jpg,0.00026058825,0.002181879,0.00012309318,0.99743444,d
test_4022.jpg,0.010827484,0.00061084476,0.013902763,0.97465897,d
test_4023.jpg,0.0002031644,0.00048736608,0.0008035308,0.99850607,d
test_4024.jpg,7.4803764e-05,0.0004877818,0.99935776,7.962818e-05,c
test_4025.jpg,0.9981791,0.00023014002,9.012414e-05,0.0015007015,a
test_4026.jpg,0.0002611294,0.000158383,7.4814845e-05,0.99950576,d
test_4027.jpg,0.00010886583,2.4291248e-05,0.9996057,0.0002611555,c
test_4028.jpg,0.00011590108,1.7774008e-05,0.9997265,0.0001398034,c
test_4029.jpg,4.5393183e-05,9.027513e-05,1.3005364e-05,0.99985135,d
test_4030.jpg,0.00062538736,0.00070865673,0.997863,0.0008030133,c
test_4031.jpg,0.0013247665,0.00013116965,6.1960156e-05,0.99848217,d
test_4032.jpg,0.00033527182,8.476999e-05,0.9994312,0.00014877597,c
test_4033.jpg,0.0011591343,0.98996884,0.007558505,0.0013134712,b
test_4034.jpg,0.0012898414,0.0005051091,0.08494629,0.9132587,d
test_4035.jpg,0.00080327835,0.0002955096,0.0007088907,0.99819237,d
test_4036.jpg,0.0013184947,0.993755,0.0024632725,0.0024632725,b
test_4037.jpg,0.005648258,0.032503482,0.011957363,0.949891,d
test_4038.jpg,0.9997143,6.203662e-05,7.483045e-05,0.00014881812,a
test_4039.jpg,9.0276524e-05,2.1442553e-05,2.1442553e-05,0.99986684,d
test_4040.jpg,0.00010886971,7.029157e-05,0.0001794958,0.9996413,d
test_4041.jpg,0.0004303434,6.59953e-05,0.9990734,0.0004303434,c
test_4042.jpg,0.99996686,9.516027e-06,1.147852e-05,1.221882e-05,a
test_4043.jpg,4.8316164e-05,1.6697619e-05,0.99975556,0.00017951631,c
test_4044.jpg,1.3845305e-05,7.888817e-06,0.9999356,4.2646538e-05,c
test_4045.jpg,4.5397297e-05,4.78484e-06,7.888866e-06,0.99994195,d
test_4046.jpg,0.010945149,0.98525083,0.0019019817,0.0019019817,b
test_4047.jpg,6.201155e-05,0.9993105,0.00013974521,0.00048775872,b
test_4048.jpg,0.00010226529,0.9995598,0.00017948117,0.00015839157,b
test_4049.jpg,0.19967592,0.0077422764,0.7897336,0.0028482242,c
test_4050.jpg,0.011913709,0.9464231,0.0049663726,0.036696807,b
test_4051.jpg,0.009631282,0.00045046103,0.9824174,0.007500849,c
test_4052.jpg,0.006676539,0.9908862,0.0016880935,0.0007490869,b
test_4053.jpg,0.9969374,0.00031417285,0.00027725653,0.0024711608,a
test_4054.jpg,0.00012335039,2.2817527e-05,0.9995185,0.0003353011,c
test_4055.jpg,0.99804556,0.0010977898,0.0007544992,0.00010211036,a
test_4056.jpg,0.99914,0.00026103386,0.00016853615,0.00043037214,a
test_4057.jpg,7.965818e-05,0.00013133415,5.4748212e-05,0.9997342,d
test_4058.jpg,0.00011590523,5.1432635e-05,7.030008e-05,0.99976236,d
test_4059.jpg,0.9908627,0.00054803066,0.001912815,0.0066763805,a
test_4060.jpg,0.002688762,0.022512728,0.95726556,0.01753293,c
test_4061.jpg,7.030663e-05,4.8320995e-05,2.5864365e-05,0.9998555,d
test_4062.jpg,0.0011683183,0.0008029727,0.00021611716,0.9978125,d
test_4063.jpg,0.00026092402,0.00010876932,0.9987196,0.0009107143,c
test_4064.jpg,0.06689523,0.0025938097,0.9234602,0.007050705,c
test_4065.jpg,0.9848433,0.00045157337,0.014048035,0.0006570354,a
test_4066.jpg,0.9995012,0.00017947065,0.00020336689,0.000115874966,a
test_4067.jpg,0.99977833,3.3207933e-05,7.966169e-05,0.00010888463,a
test_4068.jpg,0.9992724,0.0005526819,0.00010882953,6.600844e-05,a
test_4069.jpg,7.484387e-05,2.0143952e-05,1.14776785e-05,0.99989355,d
test_4070.jpg,0.000115861796,6.601606e-05,0.9993876,0.00043047877,c
test_4071.jpg,7.964541e-05,0.999574,0.0001158834,0.00023046165,b
test_4072.jpg,0.0003780953,0.99465007,0.0009070035,0.0040649073,b
test_4073.jpg,0.00033519638,0.99920636,0.00033519638,0.00012331185,b
test_4074.jpg,0.033034246,0.96540225,0.0010618841,0.0005015986,b
test_4075.jpg,0.0021737462,0.99371666,0.0013184438,0.0027911456,b
test_4076.jpg,0.039982308,0.018886305,0.031138252,0.9099932,d
test_4077.jpg,0.99787545,0.0002449083,0.0015002451,0.00037932137,a
test_4078.jpg,2.753543e-05,5.4220473e-06,4.2226948e-06,0.9999629,d
test_4079.jpg,0.9984983,0.00029560018,0.00029560018,0.00091051264,a
test_4080.jpg,0.0035156335,0.020231074,0.9747877,0.0014655341,c
test_4081.jpg,0.0007062752,0.0046054935,0.00017857435,0.99450964,d
test_4082.jpg,0.017876068,0.97600025,0.00398869,0.002134992,b
test_4083.jpg,0.00013130892,9.6067655e-05,0.00023045432,0.99954224,d
test_4084.jpg,0.99918455,0.000314881,0.0004303913,7.025945e-05,a
test_4085.jpg,4.0062772e-05,1.1478178e-05,1.1478178e-05,0.99993706,d
test_4086.jpg,0.008544783,0.0019065987,0.8715915,0.11795708,c
test_4087.jpg,0.0051798946,0.00017724624,0.5283636,0.46627924,c
test_4088.jpg,5.1422707e-05,0.99956936,0.00014879653,0.00023046057,b
test_4089.jpg,0.0010611597,0.029132733,0.00506251,0.9647436,d
test_4090.jpg,2.4294508e-05,0.9997398,9.6086645e-05,0.00013980526,b
test_4091.jpg,0.20068453,0.79372275,0.0047196476,0.00087304704,b
test_4092.jpg,0.99976546,9.0267364e-05,0.00010888323,3.5349207e-05,a
test_4093.jpg,0.007057225,0.052146226,0.8157043,0.1250923,c
test_4094.jpg,0.0010300349,0.0004293824,0.9968424,0.0016982405,c
test_4095.jpg,0.99994457,5.771633e-06,9.515815e-06,4.0063074e-05,a
test_4096.jpg,0.00017940205,0.9991192,0.00014872952,0.0005525972,b
test_4097.jpg,0.99812025,0.0010313554,0.00013957877,0.00070883945,a
test_4098.jpg,0.99954885,0.00031499582,4.004722e-05,9.6068296e-05,a
test_4099.jpg,0.0052059605,0.9920805,0.0019151659,0.0007983599,b
test_4100.jpg,0.006669543,0.0031504692,0.00033205698,0.98984796,d
test_4101.jpg,0.0035896462,0.00055049005,0.9953094,0.00055049005,c
test_4102.jpg,0.02005891,0.9664924,0.012166344,0.0012823232,b
test_4103.jpg,0.000102294514,2.930787e-05,2.2824992e-05,0.9998455,d
test_4104.jpg,1.3841253e-05,0.99964297,0.00013979171,0.00020339573,b
test_4105.jpg,0.9967494,0.00019051951,0.0002604093,0.0027996642,a
test_4106.jpg,0.008556996,0.0009019007,0.0014869828,0.9890542,d
test_4107.jpg,0.0021681117,0.0014901198,0.9911408,0.0052010296,c
test_4108.jpg,0.6138479,0.07331368,0.13696799,0.17587037,a
test_4109.jpg,0.00022593349,0.97993416,0.001891718,0.01794812,b
test_4110.jpg,9.608492e-05,0.00014881924,3.3206055e-05,0.9997218,d
test_4111.jpg,0.9982906,0.0007089604,9.013421e-05,0.00091032323,a
test_4112.jpg,0.0010234923,0.0009032288,0.99051064,0.0075626415,c
test_4113.jpg,0.00011591018,5.1434832e-05,2.7531081e-05,0.99980503,d
test_4114.jpg,0.99925786,9.604033e-05,0.00015834373,0.00048773305,a
test_4115.jpg,0.05974727,0.0013199892,0.004328078,0.9346046,d
test_4116.jpg,0.9981858,0.00029550766,0.0010314231,0.0004872098,a
test_4117.jpg,0.028646614,0.94864553,0.003019331,0.01968851,b
test_4118.jpg,0.99963915,0.00021651278,4.831054e-05,9.6076976e-05,a
test_4119.jpg,0.00037968263,0.0006259908,0.99882585,0.00016848315,c
test_4120.jpg,0.00091083255,0.00013121788,0.00010878344,0.99884915,d
test_4121.jpg,3.1190873e-05,0.99961495,0.00012336229,0.0002304711,b
test_4122.jpg,0.9994665,0.00010225573,9.606037e-05,0.00033528364,a
test_4123.jpg,0.00013975558,0.00023041797,0.00024527867,0.9993845,d
test_4124.jpg,0.00062620017,4.536179e-05,0.99915993,0.0001685395,c
test_4125.jpg,0.00029566276,0.9987097,0.00019089419,0.00080369465,b
test_4126.jpg,0.00012336181,0.00020338925,6.2030216e-05,0.9996112,d
test_4127.jpg,0.9988944,0.0004302663,0.0004302663,0.00024515836,a
test_4128.jpg,0.00048743954,0.00023025011,0.9986565,0.0006258847,c
test_4129.jpg,0.0006229239,0.0052156784,0.0002291609,0.9939323,d
test_4130.jpg,0.00013977791,0.0002611395,5.4737815e-05,0.9995443,d
test_4131.jpg,0.00020323302,0.00091082725,4.2599953e-05,0.9988433,d
test_4132.jpg,5.4756598e-05,6.539743e-06,0.99988735,5.1439067e-05,c
test_4133.jpg,0.0027498084,0.0024266972,0.9789995,0.015824053,c
test_4134.jpg,7.474688e-05,0.9985978,0.00029562964,0.0010318487,b
test_4135.jpg,0.9998355,5.8285073e-05,5.14364e-05,5.475376e-05,a
test_4136.jpg,0.00012321494,0.99842095,0.00013116162,0.0013246854,b
test_4137.jpg,0.9994598,5.141707e-05,0.00037992361,0.00010884994,a
test_4138.jpg,0.0010318743,8.4701394e-05,0.99862254,0.00026089867,c
test_4139.jpg,0.0005492779,0.9931177,0.00042777805,0.0059052934,b
test_4140.jpg,0.0004303366,0.00029576576,0.00021638682,0.9990576,d
test_4141.jpg,0.00013953443,0.99780315,0.00013108047,0.0019262133,b
test_4142.jpg,0.999806,6.6043685e-05,3.763056e-05,9.027102e-05,a
test_4143.jpg,0.99625766,0.0003557617,0.0031708698,0.00021578038,a
test_4144.jpg,0.0026761775,0.041862458,0.95278513,0.0026761775,c
test_4145.jpg,7.030905e-05,1.2217879e-05,2.7533419e-05,0.99988985,d
test_4146.jpg,0.9963044,0.0003342229,0.0031710186,0.00019043445,a
test_4147.jpg,0.0003758612,0.9887728,0.0011577338,0.009693588,b
test_4148.jpg,4.2645468e-05,3.5354336e-05,1.1477872e-05,0.9999105,d
test_4149.jpg,0.2666539,0.007106085,0.56450623,0.16173375,c
test_4150.jpg,0.0016966262,0.9958948,0.00048609154,0.0019225292,b
test_4151.jpg,0.0036110012,0.60727704,0.36833215,0.020779878,b
test_4152.jpg,0.10838985,0.70679057,0.17870463,0.0061149364,b
test_4153.jpg,0.9991646,0.00020329839,7.9612786e-05,0.0005526223,a
test_4154.jpg,0.9861557,0.0045668073,0.008531919,0.00074551074,a
test_4155.jpg,0.3846453,0.43586025,0.16034403,0.019150363,b
test_4156.jpg,0.0001312197,0.9988631,0.00062601414,0.0003796968,b
test_4157.jpg,0.00037977417,0.99906665,6.599485e-05,0.0004876397,b
test_4158.jpg,5.827589e-05,3.32046e-05,0.999678,0.00023048562,c
test_4159.jpg,0.05500638,0.004515199,0.08003382,0.8604446,d
test_4160.jpg,0.9999479,2.7535016e-05,1.3845475e-05,1.0782866e-05,a
test_4161.jpg,0.00033504106,0.00062593905,0.99874336,0.0002956727,c
test_4162.jpg,0.050360918,0.32839444,0.6135216,0.0077230968,c
test_4163.jpg,0.000625798,0.00023021824,0.9985183,0.000625798,c
test_4164.jpg,0.0066290777,0.001016602,0.9838424,0.008511905,c
test_4165.jpg,0.0013039336,0.9827802,0.014018606,0.0018972121,b
test_4166.jpg,0.0013247714,0.00015822139,3.115564e-05,0.99848586,d
test_4167.jpg,0.000430279,0.0001582908,0.00048757,0.99892384,d
test_4168.jpg,0.873819,0.0020347505,0.005887746,0.118258536,a
test_4169.jpg,0.00017944642,0.99936634,0.00015836091,0.00029585714,b
test_4170.jpg,2.753457e-05,9.515692e-06,0.9999317,3.1200754e-05,c
test_4171.jpg,0.9678408,0.02922626,0.0016488328,0.0012841122,a
test_4172.jpg,0.72861534,0.16257606,0.07679549,0.032013122,a
test_4173.jpg,0.016456265,0.8984816,0.07375186,0.011310214,b
test_4174.jpg,0.9996716,4.0052135e-05,0.000108873006,0.00017950122,a
test_4175.jpg,8.399759e-05,0.99032474,0.008567988,0.0010233002,b
test_4176.jpg,0.00031422585,0.000108593544,0.0024715776,0.99710554,d
test_4177.jpg,0.99863786,0.000625873,0.00035661168,0.00037961119,a
test_4178.jpg,0.003528713,0.009592037,0.9784143,0.008464942,c
test_4179.jpg,0.0016990887,0.00015803985,0.99734026,0.00080259267,c
test_4180.jpg,0.029109,0.0012014719,0.9639576,0.005731901,c
test_4181.jpg,3.3206623e-05,4.8315356e-05,0.9997389,0.00017951331,c
test_4182.jpg,0.00090476783,0.001690329,0.9921984,0.0052065793,c
test_4183.jpg,0.00011587192,0.00037992938,2.9297007e-05,0.99947494,d
test_4184.jpg,1.0781885e-05,0.9998568,7.030673e-05,6.204546e-05,b
test_4185.jpg,2.7530477e-05,0.9997831,6.604218e-05,0.00012338303,b
test_4186.jpg,8.480991e-05,7.8885505e-06,5.421716e-06,0.9999019,d
test_4187.jpg,9.5150324e-05,0.9899978,0.00020143324,0.009705598,b
test_4188.jpg,0.32020319,0.0013085972,0.6778701,0.00061813754,c
test_4189.jpg,0.0043375297,0.8265868,0.16276458,0.006311068,b
test_4190.jpg,3.12013e-05,4.784875e-06,0.9999492,1.473845e-05,c
test_4191.jpg,0.0013242575,9.011685e-05,0.99809843,0.00048716713,c
test_4192.jpg,0.9998342,5.8284997e-05,6.2044055e-05,4.5392404e-05,a
test_4193.jpg,0.0001233505,0.99951947,9.6065465e-05,0.00026113298,b
test_4194.jpg,4.5397133e-05,8.397625e-06,7.888838e-06,0.99993837,d
test_4195.jpg,8.4775624e-05,3.7618956e-05,0.99949765,0.00037993802,c
test_4196.jpg,0.028311739,0.032081403,0.937556,0.0020508955,c
test_4197.jpg,0.00024482454,0.99753416,0.00029531476,0.0019256939,b
test_4198.jpg,0.9999083,2.7533926e-05,2.1443442e-05,4.2645373e-05,a
test_4199.jpg,7.963889e-05,4.8303435e-05,0.99949217,0.00037993593,c
test_4200.jpg,0.998838,0.000430242,0.00017935155,0.0005524417,a
test_4201.jpg,0.9957775,0.0016964264,0.0010289345,0.0014970909,a
test_4202.jpg,0.0033434816,0.92705476,0.06715562,0.0024461434,b
test_4203.jpg,0.00024529634,0.00013976565,0.00015837522,0.9994566,d
test_4204.jpg,0.004601754,0.00037773492,0.99370205,0.0013184244,c
test_4205.jpg,0.9994048,6.201741e-05,4.5372908e-05,0.00048780476,a
test_4206.jpg,0.00083292776,0.022866929,0.0039736764,0.9723265,d
test_4207.jpg,0.00062322227,0.9944084,0.0021752596,0.0027930888,b
test_4208.jpg,5.1430816e-05,0.00013133319,9.026389e-05,0.99972695,d
test_4209.jpg,0.009719319,0.071816586,0.87490517,0.043558963,c
test_4210.jpg,0.6766315,0.001152723,0.002597701,0.3196181,a
test_4211.jpg,0.000803794,0.000102190934,0.00026095368,0.9988331,d
test_4212.jpg,0.00042786132,0.005906443,0.99331105,0.00035470948,c
test_4213.jpg,6.204468e-05,1.3844041e-05,0.9998443,7.966695e-05,c
test_4214.jpg,9.026714e-05,6.203963e-05,0.99976295,8.479813e-05,c
test_4215.jpg,0.00010884744,0.00015837207,0.9994368,0.000295878,c
test_4216.jpg,0.0015018067,0.93839294,0.007164718,0.05294051,b
test_4217.jpg,0.0010307994,0.0003562347,0.9975822,0.0010307994,c
test_4218.jpg,0.99948335,0.00016859405,0.00016859405,0.00017946743,a
test_4219.jpg,0.0006223678,0.0059048613,0.99304503,0.00042774674,c
test_4220.jpg,1.0129898e-05,2.902265e-06,6.1440946e-06,0.9999808,d
test_4221.jpg,0.0016991573,0.00029526924,0.99738044,0.0006250849,c
test_4222.jpg,0.0037696601,0.000578096,0.18163238,0.81401986,d
test_4223.jpg,2.1435499e-05,0.99953794,0.00017947723,0.00026113781,b
test_4224.jpg,2.7535341e-05,6.143965e-06,6.5402164e-06,0.9999597,d
test_4225.jpg,0.009671194,0.00070057885,0.9864885,0.0031397769,c
test_4226.jpg,0.00010213413,0.9982779,0.0013244955,0.00029553493,b
test_4227.jpg,0.00033521667,0.0001022353,0.0002958277,0.9992668,d
test_4228.jpg,0.0019009669,0.00585539,0.9847252,0.0075184694,c
test_4229.jpg,0.0052120746,0.0005160653,0.99324566,0.0010263184,c
test_4230.jpg,0.00012331549,0.99923575,0.00037983846,0.00026105886,b
test_4231.jpg,9.026514e-05,3.7628106e-05,0.9997408,0.00013133501,c
test_4232.jpg,0.00033532458,5.4740234e-05,2.1436585e-05,0.99958855,d
test_4233.jpg,7.479711e-05,0.99926895,0.00016855789,0.00048773846,b
test_4234.jpg,0.0075551705,0.0007480632,0.9895321,0.0021645927,c
test_4235.jpg,1.5688334e-05,1.147783e-05,0.9999068,6.605035e-05,c
test_4236.jpg,0.00043044487,0.00010223962,0.00015835182,0.99930894,d
test_4237.jpg,0.059062127,0.0090574715,0.92388713,0.00799319,c
test_4238.jpg,0.00016803168,8.994088e-05,0.0035926758,0.9961494,d
test_4239.jpg,3.7606926e-05,0.999178,7.479031e-05,0.0007095906,b
test_4240.jpg,7.4836025e-05,0.00012338374,1.3004551e-05,0.9997888,d
test_4241.jpg,0.00070782047,0.0016979732,0.99668545,0.0009088595,c
test_4242.jpg,0.9984352,0.0005522189,0.00091045507,0.000102150225,a
test_4243.jpg,0.00013106459,0.99768233,0.00048696404,0.0016996716,b
test_4244.jpg,0.9917915,0.00062158215,0.00090439676,0.0066826385,a
test_4245.jpg,0.99839145,0.00017927137,0.0008034386,0.00062571856,a
test_4246.jpg,1.890774e-05,0.00011582396,0.9990613,0.0008039776,c
test_4247.jpg,0.0002304711,3.1190873e-05,0.99961495,0.00012336229,c
test_4248.jpg,0.00014881155,1.2215196e-05,0.99967027,0.00016862559,c
test_4249.jpg,0.00010228243,2.1439564e-05,0.9997274,0.00014882007,c
test_4250.jpg,0.00062492676,6.586679e-05,0.99712807,0.002181209,c
test_4251.jpg,0.00070876395,0.00010869248,0.998014,0.0011685542,c
test_4252.jpg,0.99922407,5.4720276e-05,0.00016855032,0.0005526552,a
test_4253.jpg,0.84154665,0.069078356,0.041898143,0.047476817,a
test_4254.jpg,0.9998802,4.832219e-05,5.475621e-05,1.66997e-05,a
test_4255.jpg,0.07096656,0.01583478,0.1502362,0.76296246,d
test_4256.jpg,0.9941478,8.432186e-05,0.004603818,0.0011640274,a
test_4257.jpg,0.0031695745,0.9958507,0.00055078947,0.00042895525,b
test_4258.jpg,0.004888862,0.26692286,0.0026168192,0.72557145,d
test_4259.jpg,0.0009106928,0.0001157816,0.9986959,0.0002777456,c
test_4260.jpg,6.5382387e-06,0.9996574,7.482619e-05,0.000261169,b
test_4261.jpg,0.0045998194,0.0006225178,0.99328434,0.0014933426,c
test_4262.jpg,0.99695694,0.0001681679,7.4624055e-05,0.002800247,a
test_4263.jpg,0.11694715,0.86412907,0.0065977066,0.012326139,b
test_4264.jpg,0.00021641595,0.99919206,0.00029580557,0.00029580557,b
test_4265.jpg,0.00042490897,0.98645693,0.012417661,0.00070055644,b
test_4266.jpg,0.009672027,0.0013089664,0.9865736,0.0024454715,c
test_4267.jpg,0.00021587468,0.996693,0.0011670075,0.0019240702,b
test_4268.jpg,0.999944,2.0144967e-05,1.5688918e-05,2.0144967e-05,a
test_4269.jpg,0.00013968862,0.9989058,0.00024516118,0.0007093973,b
test_4270.jpg,4.2642e-05,0.00010229284,2.5863683e-05,0.9998292,d
test_4271.jpg,0.99378127,6.564572e-05,0.005909239,0.00024390346,a
test_4272.jpg,0.000709063,0.9984351,0.00023019906,0.00062574586,b
test_4273.jpg,0.99966097,0.0002033994,9.0257934e-05,4.538454e-05,a
test_4274.jpg,7.0285176e-05,0.9995504,0.00014879371,0.00023045621,b
test_4275.jpg,0.00013977484,0.00015838562,0.9995223,0.00017947443,c
test_4276.jpg,0.0013224534,0.99673873,0.0009089081,0.0010299277,b
test_4277.jpg,1.0782822e-05,5.421943e-06,0.99994373,4.0063038e-05,c
test_4278.jpg,0.00055269845,7.479961e-05,7.026773e-05,0.99930227,d
test_4279.jpg,0.00013980527,7.483237e-05,4.5388126e-05,0.99973994,d
test_4280.jpg,0.0011685819,0.00016835019,0.99803764,0.0006254968,c
test_4281.jpg,0.99854976,0.0013248563,9.0157606e-05,3.5306224e-05,a
test_4282.jpg,1.3841306e-05,0.9996468,0.00023047843,0.00010887031,b
test_4283.jpg,0.012295151,0.0035226198,0.007457386,0.9767248,d
test_4284.jpg,3.321067e-05,0.99986064,4.005971e-05,6.60473e-05,b
test_4285.jpg,0.0016896481,0.99179876,0.004053255,0.0024584234,b
test_4286.jpg,0.9997911,6.204138e-05,8.480051e-05,6.204138e-05,a
test_4287.jpg,0.9999161,3.1200267e-05,3.1200267e-05,2.144361e-05,a
test_4288.jpg,0.9997874,5.828227e-05,9.6091215e-05,5.828227e-05,a
test_4289.jpg,0.95923316,0.0023777015,0.037193503,0.0011955834,a
test_4290.jpg,0.00023042776,2.7520675e-05,0.9994271,0.00031495743,c
test_4291.jpg,1.4734993e-05,0.9997147,4.0053863e-05,0.00023049409,b
test_4292.jpg,0.99738544,0.001030596,0.00026057547,0.0013233115,a
test_4293.jpg,0.00017948837,6.202952e-05,0.00015839793,0.9996,d
test_4294.jpg,8.473363e-05,0.9990025,0.00010880014,0.0008039303,b
test_4295.jpg,0.00080397463,9.020345e-05,4.8282433e-05,0.9990576,d
test_4296.jpg,0.99831545,0.0006256709,0.0009103459,0.00014860988,a
test_4297.jpg,0.9112251,0.084757134,0.002559444,0.0014583272,a
test_4298.jpg,0.00016859766,0.9995047,0.00012334867,0.00020336758,b
test_4299.jpg,6.204249e-05,1.3004813e-05,0.99980897,0.00011591064,c
test_4300.jpg,0.00014882625,2.0141444e-05,6.204001e-05,0.99976903,d
test_4301.jpg,8.480203e-05,8.480203e-05,2.1441312e-05,0.99980897,d
test_4302.jpg,0.020151937,0.97097474,0.0014598015,0.007413483,b
test_4303.jpg,0.66452646,0.24446565,0.029197255,0.061810587,a
test_4304.jpg,0.003085479,0.0016515378,0.025834396,0.9694286,d
test_4305.jpg,0.0001795179,3.320747e-05,2.282314e-05,0.9997644,d
test_4306.jpg,7.029968e-05,3.3207212e-05,0.99975663,0.0001398076,c
test_4307.jpg,0.0002453225,0.0001487956,4.2630654e-05,0.99956316,d
test_4308.jpg,0.00080106413,0.0035901205,0.00016791216,0.99544084,d
test_4309.jpg,0.0031311815,0.010928897,0.0021520273,0.9837879,d
test_4310.jpg,0.084362194,0.9069791,0.006111177,0.002547518,b
test_4311.jpg,0.00033529956,2.7523065e-05,0.0001233498,0.99951386,d
test_4312.jpg,0.0016927535,0.004601381,8.427722e-05,0.9936215,d
test_4313.jpg,0.7216864,0.0116649745,0.0011549889,0.26549363,a
test_4314.jpg,0.0010317458,4.0005125e-05,0.9984982,0.00043009565,c
test_4315.jpg,0.0027986642,0.000378758,0.000429189,0.9963934,d
test_4316.jpg,0.0237859,0.00063387275,0.08302095,0.8925593,d
test_4317.jpg,0.00033417612,0.99616504,0.0021791023,0.0013216923,b
test_4318.jpg,0.9998727,4.8321825e-05,2.7532946e-05,5.1438314e-05,a
test_4319.jpg,9.608133e-05,4.005265e-05,0.99968445,0.00017950354,c
test_4320.jpg,0.9995278,0.00011587804,0.00021648867,0.0001397756,a
test_4321.jpg,0.36066854,0.002753738,0.31828886,0.31828886,a
test_4322.jpg,0.022767195,0.0073914253,0.0017556174,0.9680857,d
test_4323.jpg,0.6254834,0.108692706,0.0050836266,0.26074028,a
test_4324.jpg,0.00023024378,0.9986291,0.000108759465,0.0010318811,b
test_4325.jpg,7.0310125e-05,1.3006065e-05,1.1477812e-05,0.9999052,d
test_4326.jpg,0.054845728,0.0074225627,0.07980007,0.8579316,d
test_4327.jpg,0.00026113968,3.5341414e-05,0.99954504,0.00015838923,c
test_4328.jpg,0.0031698719,0.9959441,0.000707294,0.00017883192,b
test_4329.jpg,0.99807775,0.0010313113,0.00048715703,0.00040386734,a
test_4330.jpg,3.7635273e-05,1.2218385e-05,0.9999312,1.8924204e-05,c
test_4331.jpg,0.99613357,0.0027979342,0.0005509459,0.00051756576,a
test_4332.jpg,9.025348e-05,0.00013978733,0.9996117,0.00015839978,c
test_4333.jpg,0.0030123529,0.9464531,0.047121126,0.003413443,b
test_4334.jpg,0.32051656,0.0006187425,0.6785335,0.000331189,c
test_4335.jpg,2.4298772e-05,2.2826584e-05,3.7634672e-05,0.99991524,d
test_4336.jpg,0.9966846,0.00029506325,0.0016979718,0.0013223817,a
test_4337.jpg,3.535055e-05,0.00011590999,0.99980336,4.5391003e-05,c
test_4338.jpg,0.00020336539,0.00012334734,0.99949384,0.00017946932,c
test_4339.jpg,0.00014878139,4.830225e-05,0.9994677,0.00033528404,c
test_4340.jpg,0.00010889434,1.6699487e-05,6.961382e-06,0.99986744,d
test_4341.jpg,0.52805924,0.28264976,0.071465045,0.11782595,a
test_4342.jpg,0.9939328,0.0035846815,0.0013187305,0.0011637756,a
test_4343.jpg,0.07456035,0.00047194582,0.90833104,0.016636664,c
test_4344.jpg,0.9957009,0.0014969758,0.00033402044,0.0024680959,a
test_4345.jpg,0.0004875421,0.0004875421,0.00015828173,0.9988667,d
test_4346.jpg,0.00037917073,0.00021604494,0.99747914,0.0019255878,c
test_4347.jpg,0.00014881596,0.00013979967,1.1475456e-05,0.99969995,d
test_4348.jpg,0.010929674,0.00065637793,0.004556166,0.9838578,d
test_4349.jpg,0.10662203,0.8927353,0.00036124102,0.00028133483,b
test_4350.jpg,0.9991493,0.00055261387,0.00013972267,0.00015832653,a
test_4351.jpg,4.5391902e-05,9.6094656e-05,0.99982315,3.5351248e-05,c
test_4352.jpg,2.7528828e-05,0.99972314,5.8278525e-05,0.00019108792,b
test_4353.jpg,0.0019234252,0.99635893,0.00055107055,0.0011666163,b
test_4354.jpg,0.0024697168,0.0006244421,0.9963548,0.0005510683,c
test_4355.jpg,0.00026838866,8.1853905e-05,0.85165435,0.14799532,c
test_4356.jpg,0.00029578063,0.000108811604,0.9991078,0.0004876598,c
test_4357.jpg,8.936872e-06,0.99967515,5.4744978e-05,0.00026117367,b
test_4358.jpg,0.00048782103,4.8300823e-05,2.5853566e-05,0.9994381,d
test_4359.jpg,0.99982363,6.20434e-05,4.8319453e-05,6.604486e-05,a
test_4360.jpg,0.009028554,0.92093754,0.0033214192,0.06671249,b
test_4361.jpg,0.00062461325,0.00027717047,0.99662787,0.0024703937,c
test_4362.jpg,0.00035642617,0.0011686764,0.9981184,0.00035642617,c
test_4363.jpg,5.8271686e-05,4.00495e-05,0.00029592804,0.99960583,d
test_4364.jpg,0.00013976348,0.9994411,0.00012334083,0.0002958793,b
test_4365.jpg,0.9994246,0.00037991023,0.000115866074,7.96335e-05,a
test_4366.jpg,0.99986184,2.1442445e-05,5.4755204e-05,6.204577e-05,a
test_4367.jpg,0.00048767152,4.5360517e-05,0.99913186,0.00033517138,c
test_4368.jpg,0.0011670256,0.0013224133,0.9967085,0.0008020843,c
test_4369.jpg,0.019000283,0.91548485,0.05852499,0.006989813,b
test_4370.jpg,0.00011591354,2.5863807e-05,2.4296796e-05,0.99983394,d
test_4371.jpg,0.99993336,6.143803e-06,3.7635356e-05,2.2826998e-05,a
test_4372.jpg,1.8917613e-05,0.99958295,0.0002959213,0.00010226765,b
test_4373.jpg,0.92236125,0.0017805761,0.06681563,0.009042512,a
test_4374.jpg,0.0005520204,0.0011686272,0.00020307697,0.9980763,d
test_4375.jpg,0.059890978,0.0026314263,0.0006250185,0.9368526,d
test_4376.jpg,0.02282166,0.006538515,0.0002381654,0.97040164,d
test_4377.jpg,0.0009091707,0.00013942584,0.0019247144,0.99702674,d
test_4378.jpg,0.9987299,0.00023026702,0.00048747534,0.0005523819,a
test_4379.jpg,0.99932694,0.00017943935,0.00033523684,0.00015835467,a
test_4380.jpg,0.0027982164,0.00026027462,0.996234,0.00070749986,c
test_4381.jpg,0.00015838085,0.00015838085,0.99949217,0.00019104377,c
test_4382.jpg,0.9986148,8.470074e-05,0.0011692577,0.00013118709,a
test_4383.jpg,0.99954516,6.602646e-05,0.000230455,0.00015838924,a
test_4384.jpg,0.0027540326,0.00089410343,0.98050344,0.015848363,c
test_4385.jpg,0.9996716,0.00013132591,4.8312104e-05,0.00014881174,a
test_4386.jpg,0.0008038368,0.00023030308,7.9590616e-05,0.9988863,d
test_4387.jpg,0.99970573,7.482981e-05,9.608337e-05,0.0001233735,a
test_4388.jpg,0.9995189,0.00013977435,0.00024531165,9.606541e-05,a
test_4389.jpg,0.00012336683,2.1437942e-05,0.9996518,0.00020339752,c
test_4390.jpg,0.0015002878,0.00010868049,0.99790394,0.0004870722,c
test_4391.jpg,0.020098196,0.0057582296,0.96838534,0.0057582296,c
test_4392.jpg,0.9981294,0.0015006268,0.00017922431,0.00019078329,a
test_4393.jpg,7.482084e-05,0.9995859,0.00010886368,0.00023046439,b
test_4394.jpg,1.8921488e-05,0.99978775,6.2041174e-05,0.00013134118,b
test_4395.jpg,1.6698603e-05,0.99981457,4.5391513e-05,0.00012338691,b
test_4396.jpg,0.9987978,0.00031475912,0.00033505933,0.00055241946,a
test_4397.jpg,0.9998883,3.3211585e-05,2.0143847e-05,5.828815e-05,a
test_4398.jpg,0.9997788,0.0001233825,2.753036e-05,7.0301234e-05,a
test_4399.jpg,0.9971238,0.0021811994,0.0006249241,7.011455e-05,a
test_4400.jpg,0.99783903,0.00021612289,0.00024489936,0.0016999384,a
test_4401.jpg,0.0031669538,0.0004856681,0.99502724,0.0013201827,c
test_4402.jpg,5.4732427e-05,0.999446,0.00029588075,0.00020335565,b
test_4403.jpg,0.012216471,0.012216471,0.97047454,0.005092583,c
test_4404.jpg,0.007938255,0.18067384,0.0016639484,0.8097239,d
test_4405.jpg,0.51931286,0.0022591904,0.458292,0.020135945,a
test_4406.jpg,0.002798779,0.9964342,0.00021581863,0.00055111217,b
test_4407.jpg,0.00020340207,3.76256e-05,8.47906e-05,0.9996742,d
test_4408.jpg,0.0065928968,0.5237387,0.46219775,0.0074707307,b
test_4409.jpg,9.014834e-05,0.99844724,0.00055222557,0.000910466,b
test_4410.jpg,0.99696404,0.0007080183,0.0004034167,0.0019245934,a
test_4411.jpg,0.0026512356,0.00019205485,0.05325149,0.9439052,d
test_4412.jpg,0.9981457,0.00010870682,0.0015006514,0.00024497462,a
test_4413.jpg,0.006286537,0.052636534,0.008072074,0.9330048,d
test_4414.jpg,0.0010296138,0.00035582497,0.9964348,0.0021796923,c
test_4415.jpg,0.00022999263,4.8209076e-05,0.99753976,0.0021821093,c
test_4416.jpg,2.2825698e-05,4.784526e-06,0.9998764,9.609977e-05,c
test_4417.jpg,2.9310997e-05,8.939349e-06,0.9999522,9.5158875e-06,c
test_4418.jpg,5.474618e-05,1.7773484e-05,0.9996971,0.00023049001,c
test_4419.jpg,0.00012334842,0.00027797,9.606385e-05,0.99950266,d
test_4420.jpg,0.0006262702,6.2009145e-05,4.0036113e-05,0.9992717,d
test_4421.jpg,0.0014738194,0.017954797,0.9802987,0.0002726292,c
test_4422.jpg,0.0059043723,0.0004277113,0.00070517673,0.9929628,d
test_4423.jpg,7.484463e-05,1.3006046e-05,8.397335e-06,0.9999038,d
test_4424.jpg,7.966547e-05,2.4296596e-05,7.030454e-05,0.9998258,d
test_4425.jpg,0.47131532,0.026589794,0.13503411,0.36706075,a
test_4426.jpg,0.001500956,0.00012320597,2.749097e-05,0.99834836,d
test_4427.jpg,0.6934412,0.016308174,0.0011813602,0.2890693,a
test_4428.jpg,3.1187836e-05,0.9995177,0.00011587687,0.00033530084,b
test_4429.jpg,0.00014837868,0.00090892956,0.0021804087,0.9967623,d
test_4430.jpg,0.00033528457,7.963706e-05,0.00011587125,0.9994692,d
test_4431.jpg,7.8885605e-06,0.9999032,2.2826309e-05,6.605011e-05,b
test_4432.jpg,0.059906073,0.93708867,0.0014088558,0.001596443,b
test_4433.jpg,0.036830626,0.6528384,0.30837905,0.0019519515,b
test_4434.jpg,0.00010229264,1.2217113e-05,0.9998272,5.828459e-05,c
test_4435.jpg,0.00116771,0.00021600464,0.0013231889,0.99729306,d
test_4436.jpg,0.0014804142,0.43695134,0.00051161746,0.5610566,d
test_4437.jpg,0.00012332763,5.4726304e-05,0.99933416,0.0004877703,c
test_4438.jpg,0.9941678,0.0046039107,0.0008000397,0.00042823036,a
test_4439.jpg,7.476085e-05,0.9987845,0.000108776396,0.0010320416,b
test_4440.jpg,0.97523427,0.013910969,0.00843743,0.0024173642,a
test_4441.jpg,0.0002452074,0.000230351,0.9990941,0.00043035235,c
test_4442.jpg,0.0014984926,0.9967098,0.0011670272,0.00062466465,b
test_4443.jpg,0.0005520601,0.00013112577,0.9981481,0.0011687112,c
test_4444.jpg,0.10347647,0.029646505,0.86639786,0.0004791911,c
test_4445.jpg,0.00010886474,0.000115885916,0.9995957,0.0001794876,c
test_4446.jpg,0.98651195,0.00517674,0.0024453187,0.0058660144,a
test_4447.jpg,0.000542508,0.98087746,0.017965397,0.00061474205,b
test_4448.jpg,0.00062556996,5.1349914e-05,0.0011687186,0.99815434,d
test_4449.jpg,0.9996675,0.00014881114,7.482695e-05,0.00010887256,a
test_4450.jpg,0.00079516735,0.00011455472,0.9881132,0.010976947,c
test_4451.jpg,0.5061648,0.011903855,0.21100086,0.2709305,a
test_4452.jpg,5.4757023e-05,1.0129031e-05,4.006109e-05,0.9998951,d
test_4453.jpg,0.02873638,0.017429497,0.0022159116,0.95161825,d
test_4454.jpg,0.99740183,0.0001906442,0.0016991936,0.0007083292,a
test_4455.jpg,0.012306872,0.46181196,0.0025796604,0.5233015,d
test_4456.jpg,0.0021806858,0.00037894637,0.0005513637,0.99688894,d
test_4457.jpg,0.0036096757,0.105490185,0.0076416833,0.8832585,d
test_4458.jpg,0.5884168,0.2779484,0.115866125,0.017768648,a
test_4459.jpg,0.99945647,0.00010884958,0.00037992236,5.4733002e-05,a
test_4460.jpg,0.034386564,0.2540843,0.69067264,0.020856507,c
test_4461.jpg,0.0005526412,0.00015833437,9.021621e-05,0.99919885,d
test_4462.jpg,7.9667356e-05,3.76322e-05,3.3210297e-05,0.99984944,d
test_4463.jpg,0.00037988217,6.6013614e-05,0.9993507,0.00020333627,c
test_4464.jpg,0.95200413,0.00049463724,0.0001036816,0.04739749,a
test_4465.jpg,0.00521152,0.0010262091,0.9931399,0.00062242727,c
test_4466.jpg,0.012402614,0.0016785114,0.00065731443,0.9852616,d
test_4467.jpg,4.006201e-05,1.0782544e-05,3.120033e-05,0.999918,d
test_4468.jpg,0.00010229239,2.144165e-05,5.1435847e-05,0.9998248,d
test_4469.jpg,0.9886819,0.00029269408,4.2166575e-05,0.010983264,a
test_4470.jpg,0.99880147,0.00040416018,0.0006259755,0.00016847903,a
test_4471.jpg,0.0025220427,0.6171235,0.37430432,0.006050066,b
test_4472.jpg,0.0009099618,0.99789435,0.0004870675,0.00070867897,b
test_4473.jpg,0.00011590449,6.2039195e-05,6.604038e-05,0.9997559,d
test_4474.jpg,0.0010832893,0.31973803,0.0022933232,0.67688537,d
test_4475.jpg,0.005186274,0.004576871,0.98832893,0.0019079237,c
test_4476.jpg,0.0033203152,0.00047833676,0.92063135,0.075570025,c
test_4477.jpg,0.00019089729,5.1379313e-05,0.99872583,0.0010319811,c
test_4478.jpg,0.0015733539,0.9235357,0.00799015,0.06690071,b
test_4479.jpg,0.9982876,0.00040395226,0.00013960217,0.0011688746,a
test_4480.jpg,0.0005520657,0.00091020257,0.9981583,0.00037942888,c
test_4481.jpg,0.0049683037,0.028590614,0.019650022,0.9467911,d
test_4482.jpg,0.00013979789,3.3204906e-05,0.9996872,0.00013979789,c
test_4483.jpg,9.017322e-05,1.7756161e-05,0.99872273,0.0011693841,c
test_4484.jpg,0.9892251,0.00031174242,0.0058821472,0.004581021,a
test_4485.jpg,0.11832432,0.004587932,0.0027827213,0.874305,d
test_4486.jpg,0.00033299552,0.0066883937,0.9926456,0.00033299552,c
test_4487.jpg,0.99960536,5.4741155e-05,0.00014880189,0.0001910654,a
test_4488.jpg,0.99975353,4.538874e-05,0.00015842226,4.2638774e-05,a
test_4489.jpg,0.002466637,0.00024423015,0.0021767993,0.99511236,d
test_4490.jpg,0.005999178,0.54002875,0.082816094,0.37115598,b
test_4491.jpg,2.5865036e-05,1.7776763e-05,0.9998815,7.484297e-05,c
test_4492.jpg,0.00055233785,0.00024509846,0.99865025,0.00055233785,c
test_4493.jpg,3.3183704e-05,0.9990489,0.00048763104,0.00043033288,b
test_4494.jpg,0.0011690151,0.00010873535,0.99840766,0.00031463619,c
test_4495.jpg,0.002457524,0.0009040725,0.005202578,0.9914358,d
test_4496.jpg,0.9998171,3.320922e-05,7.483814e-05,7.483814e-05,a
test_4497.jpg,0.9950034,0.0014959271,0.003166878,0.00033378645,a
test_4498.jpg,0.00080139394,0.00055078947,0.9958507,0.0027971398,c
test_4499.jpg,0.26116958,0.15840736,0.55289596,0.02752707,c
test_4500.jpg,0.99961674,0.00024533566,5.8272322e-05,7.964882e-05,a
test_4501.jpg,0.00011589238,0.99965143,2.930218e-05,0.00020339745,b
test_4502.jpg,2.4286493e-05,0.99941003,0.00023042383,0.00033526472,b
test_4503.jpg,0.99953604,0.000115879,0.00017947689,0.00016860294,a
test_4504.jpg,2.0130223e-05,0.999212,5.824873e-05,0.0007096148,b
test_4505.jpg,0.00055233354,0.0006258759,0.00017931644,0.9986425,d
test_4506.jpg,0.0031681266,0.0013206715,0.000115399,0.9953957,d
test_4507.jpg,0.99726117,0.0011676728,0.00040353692,0.0011676728,a
test_4508.jpg,0.00091075705,6.197779e-05,0.9987664,0.00026093624,c
test_4509.jpg,0.95532733,0.001349257,0.041974153,0.001349257,a
test_4510.jpg,0.000167484,0.9929026,0.005904014,0.0010259639,b
test_4511.jpg,0.99979717,3.320856e-05,8.4801024e-05,8.4801024e-05,a
test_4512.jpg,0.96263176,0.017631216,0.017631216,0.0021057485,a
test_4513.jpg,7.483794e-05,7.9664555e-05,3.119709e-05,0.99981433,d
test_4514.jpg,0.9997942,3.320846e-05,7.030232e-05,0.00010228926,a
test_4515.jpg,0.00062372716,0.995214,0.0016954665,0.0024668889,b
test_4516.jpg,0.00033520773,0.99924016,0.00024524322,0.00017942376,b
test_4517.jpg,9.6077936e-05,0.00023047897,2.4292305e-05,0.99964917,d
test_4518.jpg,0.002158365,0.00967312,0.001483421,0.9866851,d
test_4519.jpg,0.99855596,0.00026088126,0.00080357096,0.00037958004,a
test_4520.jpg,0.01091764,0.0051571275,0.98277456,0.0011507106,c
test_4521.jpg,0.0009109186,7.959517e-05,6.5986715e-05,0.9989435,d
test_4522.jpg,0.00013119636,0.9986854,0.00037962926,0.00080367515,b
test_4523.jpg,0.99302214,0.0040582544,0.00013045238,0.002789195,a
test_4524.jpg,0.95933473,0.025565404,0.010657247,0.0044426015,a
test_4525.jpg,0.19149224,0.008413582,0.7573665,0.042727698,c
test_4526.jpg,0.00020277064,5.4574975e-05,0.0031718665,0.9965708,d
test_4527.jpg,0.0024650802,0.00058550783,0.0024650802,0.99448425,d
test_4528.jpg,0.00010881289,6.199971e-05,0.9991196,0.0007095491,c
test_4529.jpg,0.009701963,0.0005141851,0.00015681761,0.989627,d
test_4530.jpg,0.027727112,0.05180107,0.91819584,0.00227598,c
test_4531.jpg,0.9982077,0.00016837887,0.0015007445,0.00012318861,a
test_4532.jpg,0.00011590142,1.4735211e-05,0.99972945,0.0001398038,c
test_4533.jpg,4.830974e-05,3.320276e-05,0.9996226,0.00029593302,c
test_4534.jpg,0.0018261992,0.23918489,0.02224766,0.7367413,d
test_4535.jpg,0.9968747,0.0016982957,0.000802218,0.00062476797,a
test_4536.jpg,0.00015829873,0.99897397,0.00015829873,0.0007094457,b
test_4537.jpg,6.604646e-05,1.568741e-05,7.0306094e-05,0.9998479,d
test_4538.jpg,0.0643158,0.003628449,0.044203557,0.8878522,d
test_4539.jpg,0.011717345,0.3021943,0.6397453,0.046343,c
test_4540.jpg,0.22177677,0.0040619834,8.430378e-05,0.774077,d
test_4541.jpg,3.533656e-05,0.99940777,0.00026110382,0.00029586942,b
test_4542.jpg,0.0013236977,9.007876e-05,0.0009097633,0.99767655,d
test_4543.jpg,0.029094957,0.003474897,0.96349263,0.003937574,c
test_4544.jpg,0.9998627,3.11986e-05,6.604743e-05,4.0059793e-05,a
test_4545.jpg,0.989643,0.001313039,0.001487868,0.007556017,a
test_4546.jpg,0.2278254,0.70175165,0.030832816,0.03959012,b
test_4547.jpg,0.00017898408,0.9967914,0.0002298201,0.0027997822,b
test_4548.jpg,0.999856,3.1198393e-05,1.6699296e-05,9.6097814e-05,a
test_4549.jpg,0.0025370738,0.00012631346,0.6208015,0.37653515,c
test_4550.jpg,0.0001486834,0.00013121264,0.99880934,0.0009107962,c
test_4551.jpg,0.00048767903,0.00014873368,0.9991472,0.00021640623,c
test_4552.jpg,0.00037987175,5.141005e-05,0.00024526365,0.99932337,d
test_4553.jpg,0.19265418,0.52368826,0.09100337,0.19265418,b
test_4554.jpg,0.101562284,0.0057297517,0.8503706,0.042337455,c
test_4555.jpg,0.99995697,8.397781e-06,5.422015e-06,2.9311137e-05,a
test_4556.jpg,0.99958354,5.473996e-05,0.00023046385,0.00013131434,a
test_4557.jpg,0.011662196,0.0013928508,0.2654304,0.7215145,d
test_4558.jpg,0.9481876,0.0019484854,0.00820343,0.041660454,a
test_4559.jpg,0.0039072977,0.45162225,0.51175505,0.032715406,c
test_4560.jpg,0.000102274214,2.0138988e-05,0.99964714,0.0002304785,c
test_4561.jpg,0.0006261238,0.9990381,7.477983e-05,0.00026100723,b
test_4562.jpg,0.9999486,8.397711e-06,5.4219695e-06,3.7635928e-05,a
test_4563.jpg,5.4751665e-05,1.6698315e-05,0.9997973,0.00013134243,c
test_4564.jpg,0.9998242,5.1435818e-05,5.8284415e-05,6.604489e-05,a
test_4565.jpg,2.586682e-05,1.6700875e-05,6.9619605e-06,0.9999505,d
test_4566.jpg,0.9997092,5.1429903e-05,0.00011589908,0.00012337392,a
test_4567.jpg,0.9998241,7.030442e-05,7.030442e-05,3.535128e-05,a
test_4568.jpg,0.0009101679,0.00070883945,0.00026076744,0.99812025,d
test_4569.jpg,0.00013975555,0.9993844,4.5371984e-05,0.00043047738,b
test_4570.jpg,0.00048753462,0.00010878367,0.9988513,0.000552449,c
test_4571.jpg,0.0010168672,0.3194902,0.6763607,0.003132172,c
test_4572.jpg,0.0001158429,3.3189543e-05,0.99922466,0.00062624074,c
test_4573.jpg,0.9003068,0.0036793484,0.09489164,0.0011221379,a
test_4574.jpg,0.0028006157,6.5864166e-05,4.5267738e-05,0.99708825,d
test_4575.jpg,4.5393917e-05,1.6699489e-05,0.99986756,7.030748e-05,c
test_4576.jpg,0.999534,0.00013130784,0.00013130784,0.00020337355,a
test_4577.jpg,1.0125248e-05,0.99952173,3.7619862e-05,0.00043053651,b
test_4578.jpg,0.99975115,9.0266076e-05,4.2638672e-05,0.00011590394,a
test_4579.jpg,0.0006230087,0.00070596137,0.99406767,0.004603447,c
test_4580.jpg,0.0005524651,7.9590136e-05,0.9988803,0.00048754876,c
test_4581.jpg,0.0016909308,0.005208433,0.00054896483,0.9925517,d
test_4582.jpg,0.0005565358,0.1642642,0.8342025,0.0009767507,c
test_4583.jpg,0.008525424,0.0008985731,0.985405,0.005170931,c
test_4584.jpg,6.2045794e-05,5.1437775e-05,2.4297482e-05,0.9998622,d
test_4585.jpg,0.0001573087,0.9927262,0.0066889366,0.00042760943,b
test_4586.jpg,6.601822e-05,0.00048781236,2.5853107e-05,0.9994204,d
test_4587.jpg,4.0059767e-05,1.3005504e-05,0.9998621,8.480653e-05,c
test_4588.jpg,0.1477126,0.0012005366,0.85002744,0.0010594699,c
test_4589.jpg,0.050528273,0.0034384923,0.15563802,0.7903952,d
test_4590.jpg,0.9992624,0.00045818483,0.00013973849,0.00013973849,a
test_4591.jpg,0.013560175,0.3962864,0.5765933,0.013560175,c
test_4592.jpg,0.9912333,0.0024570217,0.0031548783,0.0031548783,a
test_4593.jpg,0.10469794,0.0026210616,0.016055949,0.8766251,d
test_4594.jpg,0.9996965,7.029545e-05,0.00015841323,7.482911e-05,a
test_4595.jpg,0.9987871,0.00023028022,0.0005524135,0.0004302201,a
test_4596.jpg,4.0023104e-05,0.99894696,0.00010220258,0.0009109217,b
test_4597.jpg,0.002601933,0.9860969,0.0027697433,0.00853141,b
test_4598.jpg,0.003115313,0.00015510229,0.9788022,0.017927388,c
test_4599.jpg,0.000115909505,6.604324e-05,1.8921706e-05,0.9997992,d
test_4600.jpg,0.9980459,0.00021616771,3.7564318e-05,0.001700291,a
test_4601.jpg,3.3213786e-05,5.771691e-06,6.5401828e-06,0.9999546,d
test_4602.jpg,0.012423173,0.0005810395,0.000100969526,0.98689485,d
test_4603.jpg,0.007532261,0.001904454,0.004031729,0.98653156,d
test_4604.jpg,0.9998708,3.7633e-05,5.1438215e-05,4.0060117e-05,a
test_4605.jpg,0.02221244,0.23880622,0.73557496,0.0034063882,c
test_4606.jpg,0.1868882,0.39564234,0.27192074,0.14554869,b
test_4607.jpg,5.8284066e-05,3.3209257e-05,0.99981827,9.027213e-05,c
test_4608.jpg,1.1475662e-05,9.5136575e-06,0.9997179,0.00026118485,c
test_4609.jpg,0.0019255617,0.00017910512,0.9974656,0.00042965089,c
test_4610.jpg,7.030989e-05,1.3006022e-05,1.4737752e-05,0.9999019,d
test_4611.jpg,0.0031455013,0.0066590263,0.22051667,0.7696788,d
test_4612.jpg,1.3005724e-05,0.999879,3.763331e-05,7.0308284e-05,b
test_4613.jpg,0.9960961,9.573644e-05,0.0035924835,0.00021574539,a
test_4614.jpg,0.32098913,0.015981108,0.5292216,0.13380818,c
test_4615.jpg,0.9986174,0.00012323918,9.016371e-05,0.0011692607,a
test_4616.jpg,0.99814975,0.00091019477,0.00062556705,0.0003145549,a
test_4617.jpg,1.568854e-05,1.892399e-05,0.9999199,4.5396293e-05,c
test_4618.jpg,0.99796176,0.00037935417,0.0013240761,0.00033477886,a
test_4619.jpg,4.8313952e-05,1.14755685e-05,0.00023049295,0.9997098,d
test_4620.jpg,0.00020336252,0.00015837888,0.99947983,0.00015837888,c
test_4621.jpg,0.0004878237,5.47323e-05,1.3838492e-05,0.9994436,d
test_4622.jpg,0.9990945,0.00062615913,0.000139715,0.000139715,a
test_4623.jpg,0.00011589713,3.320508e-05,0.99969244,0.00015841259,c
test_4624.jpg,0.9547716,0.001435441,0.041949738,0.0018431428,a
test_4625.jpg,0.00015843064,2.9306724e-05,5.7708357e-06,0.99980646,d
test_4626.jpg,0.99976045,9.026691e-05,2.5861904e-05,0.00012338023,a
test_4627.jpg,0.9882841,0.0012317924,0.009688797,0.0007953049,a
test_4628.jpg,1.2217466e-05,0.999856,2.2825232e-05,0.000108893095,b
test_4629.jpg,0.0039039268,0.2415274,0.74395674,0.010611973,c
test_4630.jpg,7.476992e-05,0.99890566,0.000108789594,0.00091088406,b
test_4631.jpg,0.99991333,2.7534064e-05,2.144355e-05,3.76346e-05,a
test_4632.jpg,3.1201314e-05,6.1439027e-06,1.3006642e-05,0.9999496,d
test_4633.jpg,9.019551e-05,0.9989697,2.9282195e-05,0.00091094244,b
test_4634.jpg,2.9253964e-05,0.9980065,3.7562833e-05,0.0019266058,b
test_4635.jpg,0.0024645508,0.9942707,0.0024645508,0.00080012245,b
test_4636.jpg,0.12965277,0.84544224,0.022530273,0.0023746735,b
test_4637.jpg,1.1474963e-05,0.99965703,7.029267e-05,0.00026116893,b
test_4638.jpg,0.03692751,0.50976855,0.44986916,0.0034347936,b
test_4639.jpg,0.001131431,0.7525618,0.24432105,0.0019857232,b
test_4640.jpg,0.9994294,0.00011586664,7.4809126e-05,0.0003799121,a
test_4641.jpg,0.9999229,2.1443755e-05,1.30062945e-05,4.2645996e-05,a
test_4642.jpg,0.99890196,0.00015828732,0.0002303067,0.0007093946,a
test_4643.jpg,0.99980944,4.0057657e-05,4.8318765e-05,0.00010229082,a
test_4644.jpg,0.98054886,0.00047860126,0.017959379,0.0010131988,a
test_4645.jpg,0.00012337916,4.5388653e-05,0.9997516,7.965956e-05,c
test_4646.jpg,0.78249854,0.1978466,0.018402603,0.0012523128,a
test_4647.jpg,0.00043024807,0.998852,0.00023029519,0.00048753494,b
test_4648.jpg,0.9958431,0.00048606633,7.934814e-05,0.0035915712,a
test_4649.jpg,0.00027760398,0.99818665,0.0009102284,0.0006255902,b
test_4650.jpg,0.00015842517,4.5389574e-05,2.4295286e-05,0.9997719,d
test_4651.jpg,0.99912363,0.00015832245,0.00023035781,0.0004876675,a
test_4652.jpg,0.987143,0.0010200125,0.0021593666,0.00967761,a
test_4653.jpg,6.202561e-05,0.999537,0.00013977688,0.00026113755,b
test_4654.jpg,0.9999596,1.4738603e-05,7.889005e-06,1.7778151e-05,a
test_4655.jpg,0.000101105004,0.988219,0.010978122,0.00070180785,b
test_4656.jpg,0.068272516,0.34671646,0.34671646,0.23829451,b
test_4657.jpg,0.99562895,0.00022955207,0.0035907987,0.0005506668,a
test_4658.jpg,0.00048776413,7.480106e-05,0.000115854134,0.9993216,d
test_4659.jpg,0.0011687556,0.00015817386,0.00048720985,0.99818593,d
test_4660.jpg,0.00037968688,0.00048752764,0.99883705,0.00029570045,c
test_4661.jpg,0.00016856454,3.5333047e-05,0.99930835,0.00048775767,c
test_4662.jpg,0.0016850466,0.008557372,0.9890977,0.0006598737,c
test_4663.jpg,0.006120269,0.0010635433,0.9083285,0.08448771,c
test_4664.jpg,0.0038659296,0.9459617,0.013493419,0.036678918,b
test_4665.jpg,0.00012335721,0.9995739,0.00012335721,0.00017948369,b
test_4666.jpg,0.008568488,0.36434138,0.6006974,0.0263928,c
test_4667.jpg,0.004599006,0.99310863,0.0014930784,0.00079918734,b
test_4668.jpg,9.605857e-05,2.5853813e-05,0.99944764,0.00043050462,c
test_4669.jpg,0.9997011,0.00016863078,4.0053317e-05,9.026156e-05,a
test_4670.jpg,0.0004871438,0.9980507,0.0009101044,0.00055200624,b
test_4671.jpg,0.00090388884,0.9912344,0.00029344976,0.007568168,b
test_4672.jpg,0.00014873748,0.9991726,0.0001909827,0.00048769146,b
test_4673.jpg,0.0002949919,8.996745e-05,0.9964437,0.0031714619,c
test_4674.jpg,0.99920076,0.00026104972,0.00037982516,0.00015833467,a
test_4675.jpg,0.010834349,0.14956357,0.7595465,0.08005561,c
test_4676.jpg,0.9979626,0.0008030934,0.00020305382,0.0010311924,a
test_4677.jpg,0.9979651,0.00037935545,0.0011684969,0.00048710205,a
test_4678.jpg,0.0004867329,0.0021813854,0.00012306534,0.9972088,d
test_4679.jpg,0.0003344575,0.99700373,0.00019056813,0.0024713252,b
test_4680.jpg,7.963571e-05,3.761725e-05,0.9994523,0.00043050662,c
test_4681.jpg,0.0005524939,0.00015829215,0.9989324,0.00035671686,c
test_4682.jpg,0.9998995,3.321196e-05,1.8923605e-05,4.832312e-05,a
test_4683.jpg,0.01058042,0.0082400385,0.9524189,0.02876056,c
test_4684.jpg,0.9966486,0.0011669555,0.0019239845,0.00026038295,a
test_4685.jpg,4.5387427e-05,9.0263675e-05,0.99972457,0.00013980312,c
test_4686.jpg,0.38829896,0.024823122,0.5649716,0.021906327,c
test_4687.jpg,0.9993999,0.00048780238,8.476733e-05,2.7519927e-05,a
test_4688.jpg,0.00010229753,1.3844465e-05,8.9386585e-06,0.99987495,d
test_4689.jpg,0.00031467233,0.99852234,0.00013117494,0.0010317707,b
test_4690.jpg,0.99515826,0.0014961599,0.002795195,0.00055040646,a
test_4691.jpg,0.00062084064,0.99060833,0.0035726915,0.0051982356,b
test_4692.jpg,9.6024996e-05,0.9990984,0.00017939831,0.0006261616,b
test_4693.jpg,5.1426152e-05,0.9996363,0.000108869164,0.00020339437,b
test_4694.jpg,0.041998673,0.95588535,0.0006788453,0.0014371155,b
test_4695.jpg,0.9974583,0.0007083693,0.0011679035,0.0006654514,a
test_4696.jpg,3.7605478e-05,0.99913955,0.0004876753,0.00033517397,b
test_4697.jpg,0.0031597144,0.87610126,0.11856741,0.002171638,b
test_4698.jpg,0.99609333,0.0014975658,0.00048618845,0.0019229125,a
test_4699.jpg,0.0014969091,0.0003784779,0.9956566,0.002467986,c
test_4700.jpg,0.99981457,2.2824286e-05,0.0001398157,2.2824286e-05,a
test_4701.jpg,0.99800295,0.0011685413,0.00020306204,0.0006254751,a
test_4702.jpg,9.026693e-05,2.5861907e-05,0.99976057,0.00012338025,c
test_4703.jpg,0.0019178031,0.002462508,0.9934465,0.0021731555,c
test_4704.jpg,0.00020339846,0.99965644,3.1192165e-05,0.000108871354,b
test_4705.jpg,1.5688996e-05,1.384549e-05,2.1444313e-05,0.999949,d
test_4706.jpg,0.00033468113,0.99767035,0.0016996511,0.00029535507,b
test_4707.jpg,0.52515477,0.46344745,0.001779252,0.009618545,a
test_4708.jpg,0.03194564,0.9335884,0.019376008,0.01509005,b
test_4709.jpg,0.9916978,0.0075717056,0.0004547163,0.00027579936,a
test_4710.jpg,0.00013131155,4.5380057e-05,0.9995622,0.00026114416,c
test_4711.jpg,6.193905e-05,0.998142,0.0015006458,0.00029549468,b
test_4712.jpg,0.00023038889,0.00013127165,0.0003798471,0.99925846,d
test_4713.jpg,0.8146823,0.1817802,0.0021496355,0.001387909,a
test_4714.jpg,0.06550732,0.024098797,0.9043007,0.00609313,c
test_4715.jpg,0.005887776,0.0011593718,0.0027811888,0.99017173,d
test_4716.jpg,0.003348988,0.92858154,0.04623135,0.021838145,b
test_4717.jpg,0.9759364,0.020254914,0.0035197765,0.00028892086,a
test_4718.jpg,0.00029591756,9.607037e-05,3.7621696e-05,0.9995704,d
test_4719.jpg,0.0010320506,0.00010877734,6.597678e-05,0.9987931,d
test_4720.jpg,0.9871029,0.0008455858,0.010965724,0.0010857536,a
test_4721.jpg,2.7531672e-05,6.143146e-06,0.00013981736,0.9998265,d
test_4722.jpg,0.00037977204,0.0001793916,0.99906105,0.00037977204,c
test_4723.jpg,0.9982906,0.0007089604,0.00091032323,9.013421e-05,a
test_4724.jpg,0.9996469,7.482541e-05,0.00020339653,7.482541e-05,a
test_4725.jpg,0.0010319714,0.9987166,4.8265953e-05,0.00020320724,b
test_4726.jpg,0.1015648,0.45518184,0.3128416,0.13041179,b
test_4727.jpg,0.0002957614,0.00062612677,3.5323657e-05,0.9990428,d
test_4728.jpg,0.99895406,0.00015829559,0.00033511175,0.0005525059,a
test_4729.jpg,0.001699067,0.99732745,0.0004867908,0.0004867908,b
test_4730.jpg,0.99991953,2.2826682e-05,4.539628e-05,1.2218242e-05,a
test_4731.jpg,9.607698e-05,0.000115890965,0.9996393,0.00014880694,c
test_4732.jpg,2.429779e-05,4.7845188e-06,0.99987483,9.6099626e-05,c
test_4733.jpg,0.00020341558,3.3206677e-05,2.2822596e-05,0.99974054,d
test_4734.jpg,0.1487271,0.090207554,0.75529855,0.0057667755,c
test_4735.jpg,3.3207893e-05,0.99977714,5.8281672e-05,0.00013133978,b
test_4736.jpg,0.004060803,0.99364567,0.0014938858,0.0007996195,b
test_4737.jpg,0.00013981662,2.0142494e-05,1.8922121e-05,0.9998211,d
test_4738.jpg,0.08277149,0.0036367255,0.023714429,0.8898774,d
test_4739.jpg,0.000703734,0.9909313,0.0016881704,0.0066768425,b
test_4740.jpg,5.826316e-05,0.99945956,0.00010225503,0.00037992353,b
test_4741.jpg,7.9663296e-05,9.6092284e-05,2.5862888e-05,0.9997985,d
test_4742.jpg,4.2645945e-05,1.8924024e-05,1.6700393e-05,0.9999217,d
test_4743.jpg,0.99433607,0.00080017507,0.0040636244,0.00080017507,a
test_4744.jpg,0.0010315543,0.00048727178,0.00016839661,0.99831283,d
test_4745.jpg,0.0009870622,0.29133618,0.008797591,0.6988791,d
test_4746.jpg,0.03709954,0.9568098,0.003045316,0.003045316,b
test_4747.jpg,0.00019099623,0.00033520884,0.9992435,0.00023038544,c
test_4748.jpg,0.001913565,0.004051017,0.9912512,0.0027842207,c
test_4749.jpg,0.0006248691,0.0021810075,0.00015799166,0.9970361,d
test_4750.jpg,0.00026111671,0.00010225478,0.00017946273,0.9994572,d
test_4751.jpg,2.586618e-05,5.7715242e-06,0.99992573,4.2646116e-05,c
test_4752.jpg,0.99816895,0.00019079084,0.0015006863,0.00013958558,a
test_4753.jpg,0.0005152393,0.9315745,0.0004271484,0.06748304,b
test_4754.jpg,0.0005520054,0.0002301101,0.0011685955,0.99804926,d
test_4755.jpg,0.99902046,7.9601305e-05,9.601751e-05,0.0008039448,a
test_4756.jpg,4.2647134e-05,5.421975e-06,2.4059866e-06,0.9999496,d
test_4757.jpg,0.99767727,0.0011681599,0.00024485964,0.0009097639,a
test_4758.jpg,0.0034661016,0.019946037,0.015533989,0.9610539,d
test_4759.jpg,0.0009104218,0.0004300528,0.9983987,0.0002608402,c
test_4760.jpg,0.9852846,0.01405433,0.00033052618,0.00033052618,a
test_4761.jpg,0.00029567792,0.00013966837,0.99876094,0.0008037359,c
test_4762.jpg,9.026686e-05,1.012766e-05,0.99975985,0.00013980805,c
test_4763.jpg,0.9993411,0.00043045872,0.00014876256,7.962685e-05,a
test_4764.jpg,0.9974648,0.00031433906,0.0019255601,0.00029529422,a
test_4765.jpg,2.586507e-05,6.5397135e-06,0.9998828,8.480829e-05,c
test_4766.jpg,0.0024650025,0.9944529,0.002175357,0.00090682367,b
test_4767.jpg,0.99799335,0.000115700146,0.0017002013,0.00019075727,a
test_4768.jpg,0.00017942779,0.99926263,7.026494e-05,0.00048773538,b
test_4769.jpg,0.0005527384,6.2015526e-05,1.0776683e-05,0.99937445,d
test_4770.jpg,0.000108699656,0.0013242329,0.9980799,0.00048715807,c
test_4771.jpg,5.472737e-05,0.9993536,0.0002958534,0.0002958534,b
test_4772.jpg,0.0010305222,0.0010305222,0.9973139,0.00062504323,c
test_4773.jpg,0.00023031101,0.9989207,0.0001396907,0.00070940785,b
test_4774.jpg,7.964458e-05,2.1436052e-05,0.99956363,0.00033531623,c
test_4775.jpg,0.0051999884,0.0007037419,0.9909424,0.0031539525,c
test_4776.jpg,0.99801934,0.0008031391,0.0005519889,0.0006254853,a
test_4777.jpg,0.0002958667,0.000102248785,0.000203346,0.9993986,d
test_4778.jpg,9.023584e-05,0.00015836881,0.99941623,0.00033526678,c
test_4779.jpg,0.01357964,0.7414232,0.21242131,0.03257586,b
test_4780.jpg,0.0010298563,0.001498432,0.0008020529,0.9966696,d
test_4781.jpg,0.00023036927,0.00033518532,0.99917334,0.0002610426,c
test_4782.jpg,0.7235518,0.11096027,0.0040417276,0.16144624,a
test_4783.jpg,0.9996573,2.7527014e-05,0.00023048084,8.4789164e-05,a
test_4784.jpg,0.041865673,0.0034365437,0.95285827,0.0018394493,c
test_4785.jpg,3.53434e-05,0.9996012,0.000102269514,0.00026115435,b
test_4786.jpg,0.9982008,0.0002955121,0.0013243933,0.00017923713,a
test_4787.jpg,0.0005514942,0.99712485,0.0006249247,0.0016987218,b
test_4788.jpg,0.0009103023,0.99826765,0.0003348815,0.00048724975,b
test_4789.jpg,0.9882069,0.0006193356,0.00968804,0.001485709,a
test_4790.jpg,1.2217421e-05,0.9998523,3.3210392e-05,0.000102295206,b
test_4791.jpg,0.00012338148,3.1195726e-05,7.4834665e-05,0.9997706,d
test_4792.jpg,0.9992138,0.00014874361,0.00055264955,8.475155e-05,a
test_4793.jpg,0.0007091796,0.00035659788,0.99859923,0.0003349927,c
test_4794.jpg,0.052379742,0.9284531,0.00216197,0.017005213,b
test_4795.jpg,0.00026034715,0.9965115,0.002798996,0.0004292399,b
test_4796.jpg,3.7618567e-05,0.9994873,0.00013976994,0.00033529062,b
test_4797.jpg,0.00020331994,0.0001910014,0.9992705,0.0003352179,c
test_4798.jpg,0.075842105,0.00018799378,2.3900728e-05,0.92394596,d
test_4799.jpg,0.000108756416,0.998601,0.00091060624,0.0003795972,b
test_4800.jpg,0.005892122,0.9909026,0.0007490993,0.0024562022,b
test_4801.jpg,0.00016807544,0.99640876,0.0027987075,0.00062447594,b
test_4802.jpg,0.0002956724,0.9987423,0.00015826202,0.00080372085,b
test_4803.jpg,0.0002957356,0.9989557,0.00026098572,0.00048758558,b
test_4804.jpg,0.00013970831,0.9990466,0.00026100947,0.00055255706,b
test_4805.jpg,0.0016877052,0.005198498,0.0024555966,0.9906583,d
test_4806.jpg,0.00029583284,8.4757514e-05,0.9992842,0.0003352225,c
test_4807.jpg,0.0017000398,0.008110438,0.8272871,0.16290247,c
test_4808.jpg,0.99818134,0.00035644864,0.0009102236,0.0005520785,a
test_4809.jpg,0.0002569134,0.98336846,0.0004799775,0.01589467,b
test_4810.jpg,0.0002608362,0.9983835,0.0008034322,0.0005521903,b
test_4811.jpg,0.00090894545,0.000130946,0.99677974,0.0021804469,c
test_4812.jpg,2.7521195e-05,0.999446,9.605841e-05,0.0004305039,b
test_4813.jpg,0.0009109649,4.0025e-05,5.4707692e-05,0.9989943,d
test_4814.jpg,0.9995944,0.00020338583,2.2819258e-05,0.00017948737,a
test_4815.jpg,0.035942804,0.027992284,0.9269771,0.009087765,c
test_4816.jpg,0.999711,5.8277816e-05,6.203641e-05,0.00016863245,a
test_4817.jpg,0.00070922537,0.99866366,7.4751806e-05,0.00055234524,b
test_4818.jpg,0.03268735,0.001436182,0.95526445,0.0106120305,c
test_4819.jpg,0.99784577,0.0015002004,0.0005518929,0.000102089914,a
test_4820.jpg,0.0003339753,0.9955663,0.0019218952,0.0021777926,b
test_4821.jpg,0.999534,0.0002611368,9.606686e-05,0.000108858025,a
test_4822.jpg,7.9665144e-05,1.8922132e-05,7.9665144e-05,0.9998217,d
test_4823.jpg,7.9609286e-05,0.99912065,9.020915e-05,0.0007095499,b
test_4824.jpg,0.00016833573,0.9979519,0.00037935041,0.00150036,b
test_4825.jpg,0.27084985,0.0323484,0.04706665,0.6497351,d
test_4826.jpg,0.0010289068,0.0031692563,5.1226256e-05,0.99575067,d
test_4827.jpg,0.9985139,0.00031466965,0.00026087026,0.0009105268,a
test_4828.jpg,0.007885156,0.91140014,0.03533882,0.04537594,b
test_4829.jpg,0.99996006,1.6701033e-05,6.5402187e-06,1.6701033e-05,a
test_4830.jpg,0.001324027,0.00070870057,4.2560776e-05,0.9979247,d
test_4831.jpg,0.99982375,5.4753113e-05,3.1197385e-05,9.027263e-05,a
test_4832.jpg,0.0003791407,0.0019254353,0.99740016,0.00029527507,c
test_4833.jpg,0.007432611,0.97348005,0.009543663,0.009543663,b
test_4834.jpg,0.00012339019,1.8922497e-05,1.6699045e-05,0.999841,d
test_4835.jpg,0.009646442,0.9839638,0.005163368,0.0012264075,b
test_4836.jpg,0.008557008,0.000702402,0.0016849749,0.98905563,d
test_4837.jpg,0.00082517735,0.14772362,0.0013604875,0.85009074,d
test_4838.jpg,0.0010316883,0.9984426,0.00023020078,0.00029558368,b
test_4839.jpg,0.00033500078,0.0001311882,0.00091062655,0.99862325,d
test_4840.jpg,0.00020330929,2.5847876e-05,0.9992181,0.00055265194,c
test_4841.jpg,0.9991462,0.00070956803,0.000108815795,3.5327314e-05,a
test_4842.jpg,3.533904e-05,0.9994778,0.00019104102,0.00029589015,b
test_4843.jpg,0.0069941483,0.9160527,0.0313456,0.045607578,b
test_4844.jpg,0.017357446,0.0049729915,0.23961215,0.7380574,d
test_4845.jpg,5.1422077e-05,1.1473816e-05,0.9995571,0.0003799606,c
test_4846.jpg,0.001322112,0.0010296619,0.9964814,0.0011667598,c
test_4847.jpg,0.00020292313,0.0021816292,0.99732023,0.0002952514,c
test_4848.jpg,0.00012337878,7.965932e-05,0.99974865,4.831583e-05,c
test_4849.jpg,0.99987197,5.4755757e-05,3.3211043e-05,4.0060164e-05,a
test_4850.jpg,6.6038e-05,4.5387216e-05,0.9997199,0.00016863397,c
test_4851.jpg,0.00070923555,0.998678,0.00033501917,0.00027774065,b
test_4852.jpg,0.9995565,0.00020337813,0.0001313108,0.00010886048,a
test_4853.jpg,0.73176736,0.18501976,0.04678032,0.036432553,a
test_4854.jpg,0.00055260444,0.99913234,8.4744635e-05,0.0002303598,b
test_4855.jpg,7.9667814e-05,2.7532464e-05,3.7632413e-05,0.99985516,d
test_4856.jpg,0.00021637612,6.599099e-05,0.99900824,0.00070947,c
test_4857.jpg,0.00033529123,9.606255e-05,7.9638645e-05,0.99948907,d
test_4858.jpg,0.9994974,4.830369e-05,0.00029589597,0.00015838168,a
test_4859.jpg,0.99990773,2.9309693e-05,3.535424e-05,2.753391e-05,a
test_4860.jpg,0.99775994,0.00024487995,0.0016998037,0.0002953816,a
test_4861.jpg,3.762027e-05,0.9995326,0.00016860236,0.00026113642,b
test_4862.jpg,0.0010312193,0.0009100478,7.017535e-05,0.9979886,d
test_4863.jpg,0.0011694023,5.4693675e-05,3.7590376e-05,0.99873835,d
test_4864.jpg,0.00023044314,0.00023044314,4.5376946e-05,0.9994937,d
test_4865.jpg,0.00033476172,5.4648346e-05,0.99791056,0.0017000604,c
test_4866.jpg,0.0017005097,9.5936186e-05,2.9258883e-05,0.9981743,d
test_4867.jpg,0.09516933,0.90294147,0.0013575176,0.0005316115,b
test_4868.jpg,6.603417e-05,0.00012336807,0.9996618,0.00014881029,c
test_4869.jpg,0.0006220268,0.00018970745,0.0066874186,0.99250096,d
test_4870.jpg,0.0011064338,0.16420932,0.0007604401,0.8339238,d
test_4871.jpg,0.0016853471,0.0075532002,0.9892741,0.0014873134,c
test_4872.jpg,0.999569,7.964501e-05,9.024963e-05,0.00026114593,a
test_4873.jpg,0.00013974406,7.026773e-05,0.99930227,0.00048775473,c
test_4874.jpg,2.9287194e-05,0.99914014,0.00027786917,0.0005526088,b
test_4875.jpg,0.9998393,3.320996e-05,8.4804604e-05,4.264243e-05,a
test_4876.jpg,0.00061557424,0.98220533,0.01587587,0.0013031708,b
test_4877.jpg,8.4794396e-05,1.6697008e-05,0.99971896,0.00017950973,c
test_4878.jpg,0.000910384,0.00024502655,0.00048729347,0.99835724,d
test_4879.jpg,1.7777831e-05,7.410902e-06,0.9999416,3.3213357e-05,c
test_4880.jpg,8.479636e-05,3.320673e-05,0.9997421,0.00013980558,c
test_4881.jpg,0.9993218,0.00031492425,0.000102240934,0.00026108135,a
test_4882.jpg,0.00020315697,0.0010317162,0.99846953,0.00029559166,c
test_4883.jpg,0.989669,0.00022817796,0.009702374,0.0004004648,a
test_4884.jpg,0.0001795176,5.143266e-05,6.1427554e-06,0.99976283,d
test_4885.jpg,0.9999242,1.147803e-05,9.515621e-06,5.4758617e-05,a
test_4886.jpg,0.00018757781,0.9813592,0.00047899678,0.01797422,b
test_4887.jpg,0.00010228798,3.1196072e-05,8.4799714e-05,0.99978167,d
test_4888.jpg,2.7532065e-05,2.2824885e-05,0.99984074,0.00010889143,c
test_4889.jpg,0.00033516932,0.00010881355,0.99912566,0.0004303659,c
test_4890.jpg,0.00016862426,2.0139296e-05,0.9996624,0.00014881037,c
test_4891.jpg,0.001269063,0.00020716882,0.9564981,0.042025596,c
test_4892.jpg,0.00048615065,0.0024688765,0.99601585,0.0010291808,c
test_4893.jpg,0.012325087,0.005821958,0.9791029,0.0027500987,c
test_4894.jpg,0.0004877896,9.0231995e-05,4.829771e-05,0.99937373,d
test_4895.jpg,0.00023048562,1.6696322e-05,7.482773e-05,0.999678,d
test_4896.jpg,4.830714e-05,0.9995689,0.00020338065,0.00017948278,b
test_4897.jpg,0.865435,0.0009519262,0.000894252,0.13271876,a
test_4898.jpg,0.0001488215,2.930469e-05,0.9997371,8.479593e-05,c
test_4899.jpg,0.99115014,0.0006612429,0.0006211802,0.007567524,a
test_4900.jpg,7.4830336e-05,8.937209e-06,0.99971277,0.00020340993,c
test_4901.jpg,0.0004876526,0.99909306,0.00026102157,0.0001583176,b
test_4902.jpg,0.041865673,0.95285827,0.0018394493,0.0034365437,b
test_4903.jpg,0.001030446,0.0002299236,0.9972403,0.0014992901,c
test_4904.jpg,0.013921492,0.0016626853,0.008443812,0.975972,d
test_4905.jpg,0.00070861145,0.00016830998,0.0013238605,0.9977992,d
test_4906.jpg,0.21136326,0.009286653,0.041619893,0.7377302,d
test_4907.jpg,1.4736405e-05,0.9998105,5.1435112e-05,0.00012338642,b
test_4908.jpg,0.00037847593,0.9956514,0.0008012336,0.0031689403,b
test_4909.jpg,0.00021612193,0.9978346,0.00062536955,0.0013239074,b
test_4910.jpg,1.2214947e-05,0.9996499,0.00015840583,0.00017949734,b
test_4911.jpg,0.669275,0.013890359,0.31614313,0.0006915602,a
test_4912.jpg,0.00013132529,6.2033665e-05,0.00013979504,0.9996668,d
test_4913.jpg,0.9999615,1.6701057e-05,9.515976e-06,1.2218755e-05,a
test_4914.jpg,7.956163e-05,0.9985226,0.0009105347,0.00048737414,b
test_4915.jpg,7.484446e-05,1.3006015e-05,1.0782365e-05,0.9999014,d
test_4916.jpg,4.006032e-05,5.4755972e-05,2.930876e-05,0.9998759,d
test_4917.jpg,7.029431e-05,1.8919454e-05,0.9996803,0.00023048614,c
test_4918.jpg,0.0004296695,0.0010307236,0.9975089,0.0010307236,c
test_4919.jpg,0.0010187138,0.9858861,0.004565559,0.008529586,b
test_4920.jpg,0.00079627085,0.0011585671,0.008560718,0.9894845,d
test_4921.jpg,0.00070838735,0.00010863472,0.9974837,0.0016993331,c
test_4922.jpg,0.00034326382,0.9612592,0.037272062,0.0011255187,b
test_4923.jpg,0.99961984,0.00013131912,0.00020339103,4.5382672e-05,a
test_4924.jpg,7.963181e-05,2.9294908e-05,0.99940336,0.00048780406,c
test_4925.jpg,0.0021820317,0.00019066379,0.00012310181,0.9975043,d
test_4926.jpg,0.00014881107,0.00014881107,3.534573e-05,0.99966705,d
test_4927.jpg,0.9991923,5.8247577e-05,0.0006262204,0.00012331012,a
test_4928.jpg,0.9994772,5.8264184e-05,0.00026112195,0.000203362,a
test_4929.jpg,0.0007044366,0.0021698175,0.005205122,0.9919206,d
test_4930.jpg,1.3842819e-05,0.99975604,9.026652e-05,0.00013980753,b
test_4931.jpg,0.002667044,0.9495334,0.00052517204,0.04727448,b
test_4932.jpg,0.0002610869,0.00017944224,0.00021644867,0.9993431,d
test_4933.jpg,0.00029592615,4.2632197e-05,6.202948e-05,0.9995994,d
test_4934.jpg,0.0013541012,0.6190202,0.37545475,0.0041709254,b
test_4935.jpg,1.07821215e-05,0.99987876,4.0060437e-05,7.030826e-05,b
test_4936.jpg,0.9133972,0.0013732371,0.00027040645,0.08495917,a
test_4937.jpg,0.9994417,7.481004e-05,0.00016858702,0.00031496206,a
test_4938.jpg,0.0011653346,0.0031677082,0.00040272888,0.9952643,d
test_4939.jpg,0.99981374,9.609375e-05,3.5350913e-05,5.4752567e-05,a
test_4940.jpg,0.003592637,0.00017886686,8.993991e-05,0.99613863,d
test_4941.jpg,0.0004304211,0.00029582382,2.0131063e-05,0.9992537,d
test_4942.jpg,0.0069159437,0.074353404,0.90580994,0.012920684,c
test_4943.jpg,0.0011593488,0.00012219445,0.99015194,0.008566493,c
test_4944.jpg,0.038878504,0.003616264,0.88487065,0.0726346,c
test_4945.jpg,0.00048770494,0.000108821674,0.9992003,0.00020330565,c
test_4946.jpg,0.8381975,0.12854175,0.013548201,0.019712517,a
test_4947.jpg,0.007888786,0.23054409,0.05144134,0.7101258,d
test_4948.jpg,0.0037669067,0.4353952,0.5590585,0.0017793607,c
test_4949.jpg,0.00012322594,0.99851006,0.0010317581,0.00033496282,b
test_4950.jpg,0.0019222639,0.0006240676,0.001696392,0.9957573,d
test_4951.jpg,0.0015001406,0.997806,0.00037929497,0.00031444657,b
test_4952.jpg,0.0002958556,0.00020333838,0.00013975229,0.9993611,d
test_4953.jpg,0.0002305001,1.3003926e-05,1.568573e-05,0.9997408,d
test_4954.jpg,0.0014999312,0.9976667,0.0004297375,0.000403701,b
test_4955.jpg,0.00048781643,6.2018895e-05,2.1433158e-05,0.9994287,d
test_4956.jpg,2.142381e-05,0.99899286,7.477645e-05,0.0009109636,b
test_4957.jpg,0.97161025,0.009525333,0.0010687126,0.017795663,a
test_4958.jpg,0.0074912426,0.0004498841,0.9811592,0.010899695,c
test_4959.jpg,0.9973375,0.0024721527,7.465255e-05,0.00011562412,a
test_4960.jpg,0.0006259972,0.00015827689,0.00037968653,0.9988361,d
test_4961.jpg,0.67803496,0.0013089154,0.00037501054,0.32028106,a
test_4962.jpg,0.00020329127,0.00017940391,0.9991296,0.00048767042,c
test_4963.jpg,1.0782053e-05,7.888319e-06,0.000108894885,0.99987245,d
test_4964.jpg,0.44966352,0.5095355,0.03691063,0.0038903514,b
test_4965.jpg,0.00027781216,2.5840556e-05,0.7308366,0.26885977,c
test_4966.jpg,0.0002034133,5.8278885e-05,8.937357e-06,0.99972934,d
test_4967.jpg,0.015875526,0.00079039595,0.98218405,0.0011500192,c
test_4968.jpg,8.480419e-05,3.5351648e-05,4.5392415e-05,0.9998344,d
test_4969.jpg,0.00013978092,3.320088e-05,0.9995659,0.00026114512,c
test_4970.jpg,0.012114792,0.1302463,0.84931254,0.0083263675,c
test_4971.jpg,0.00037971014,9.600575e-05,0.99889815,0.00062603614,c
test_4972.jpg,9.607513e-05,2.2819844e-05,0.00026115926,0.99961996,d
test_4973.jpg,0.9210457,0.0042652884,0.007968606,0.06672033,a
test_4974.jpg,3.319721e-05,0.9994555,0.00013129754,0.00037992198,b
test_4975.jpg,0.012075646,0.21404594,0.6593079,0.11457053,c
test_4976.jpg,0.00013974754,4.5369383e-05,0.9993272,0.00048776687,c
test_4977.jpg,0.01234414,0.21880512,0.7637049,0.005145803,c
test_4978.jpg,9.021987e-05,0.99923944,0.00033520747,0.00033520747,b
test_4979.jpg,4.2632248e-05,2.1436843e-05,0.9996006,0.00033532863,c
test_4980.jpg,0.99943835,0.00029587848,0.00019103348,7.4809795e-05,a
test_4981.jpg,0.00037955117,0.0010317271,0.00010874323,0.99848,d
test_4982.jpg,0.0065069306,0.9657141,0.0050676027,0.02271142,b
test_4983.jpg,0.00033266813,0.9916698,0.0013157281,0.0066818185,b
test_4984.jpg,0.65798455,0.0056926818,0.02551283,0.3108099,a
test_4985.jpg,5.1419578e-05,9.511665e-06,0.00043053084,0.9995085,d
test_4986.jpg,0.00029594213,2.1437974e-05,2.9302237e-05,0.99965334,d
test_4987.jpg,0.00017946101,3.7617072e-05,0.99944764,0.00033527732,c
test_4988.jpg,5.4756572e-05,1.0128947e-05,0.9998869,4.832251e-05,c
test_4989.jpg,0.03697973,0.008251294,0.0010490342,0.95371985,d
test_4990.jpg,3.5333407e-05,0.9993186,0.00015835334,0.00048776268,b
test_4991.jpg,0.0031718554,0.00020276992,5.8094553e-05,0.99656725,d
test_4992.jpg,4.832313e-05,6.539824e-06,0.99989974,4.539538e-05,c
test_4993.jpg,0.00011550002,2.4210118e-05,0.99626714,0.0035931002,c
test_4994.jpg,0.21435007,0.010671862,0.6602447,0.11473332,c
test_4995.jpg,0.24326314,0.7493032,0.002384868,0.005048766,b
test_4996.jpg,4.827418e-05,0.9988869,0.00026096773,0.00080383726,b
test_4997.jpg,0.98587984,0.0109521365,0.0027691338,0.0003989315,a
test_4998.jpg,0.022455247,0.0072901505,0.01543325,0.95482135,d
test_4999.jpg,0.99882084,0.000709337,9.018208e-05,0.00037968074,a
test_5000.jpg,0.017957907,0.0013008664,0.0002726764,0.9804685,d
test_5001.jpg,0.06285366,0.8676679,0.0066247256,0.06285366,b
test_5002.jpg,0.0007090318,0.0001908333,0.9983911,0.0007090318,c
test_5003.jpg,0.99981374,3.5350913e-05,8.480243e-05,6.60442e-05,a
test_5004.jpg,3.5354195e-05,3.5354195e-05,0.9999064,2.2826383e-05,c
test_5005.jpg,0.9999522,3.1201394e-05,5.0934877e-06,1.1478352e-05,a
test_5006.jpg,0.00035657632,0.99853885,0.0005522762,0.0005522762,b
test_5007.jpg,0.00017951918,1.5686212e-05,3.3207707e-05,0.99977154,d
test_5008.jpg,0.0003797129,0.9989054,0.0003797129,0.00033509545,b
test_5009.jpg,0.00021403276,0.98818886,0.00061932433,0.010977788,b
test_5010.jpg,0.0007069262,0.99542624,0.00027683628,0.0035900676,b
test_5011.jpg,0.99997056,1.1478562e-05,7.889093e-06,1.0129795e-05,a
test_5012.jpg,0.008433893,0.46047497,0.070616126,0.46047497,b
test_5013.jpg,0.0027970227,0.99580896,0.00048604966,0.00090806023,b
test_5014.jpg,0.002180548,0.0009089876,8.4549014e-05,0.99682593,d
test_5015.jpg,0.21171743,0.04724054,0.0020756049,0.7389664,d
test_5016.jpg,0.00023015663,0.998251,0.00048724163,0.0010314904,b
test_5017.jpg,0.0003711782,0.00021149094,0.022963982,0.9764533,d
test_5018.jpg,0.0002775843,0.9981159,0.0008032168,0.0008032168,b
test_5019.jpg,0.0027994378,4.5248697e-05,0.9966689,0.00048646936,c
test_5020.jpg,0.9946753,0.001164645,0.0024655536,0.0016945486,a
test_5021.jpg,0.012201258,0.017752726,0.0007800003,0.96926594,d
test_5022.jpg,0.00090599107,0.0014937267,0.0040603704,0.99353987,d
test_5023.jpg,0.005541905,0.0015877824,0.7258463,0.26702395,c
test_5024.jpg,0.00037992213,0.00010225465,6.2020576e-05,0.99945587,d
test_5025.jpg,0.00029568552,0.0004302199,0.000487503,0.9987866,d
test_5026.jpg,0.012405538,0.0007930595,0.9854939,0.001307534,c
test_5027.jpg,0.0014769208,0.014012634,0.0021489072,0.9823615,d
test_5028.jpg,0.0009093805,0.9972568,0.0003345424,0.0014993149,b
test_5029.jpg,0.00070326804,0.000454064,0.008567559,0.99027514,d
test_5030.jpg,9.512334e-06,0.9995788,0.00011588395,0.00029592004,b
test_5031.jpg,0.00055160193,0.99731976,0.00042958805,0.0016990538,b
test_5032.jpg,0.0031539523,0.9909423,0.0013147629,0.0045889737,b
test_5033.jpg,0.9989724,0.000552516,0.00029574052,0.00017937568,a
test_5034.jpg,2.5865942e-05,2.4298803e-05,3.3212524e-05,0.99991655,d
test_5035.jpg,0.000230338,0.99903774,0.00017938741,0.0005525521,b
test_5036.jpg,0.005210044,0.99285865,0.0009053699,0.0010259185,b
test_5037.jpg,0.00013964156,0.99856925,0.00048739696,0.0008035817,b
test_5038.jpg,0.9977049,0.00021609385,0.00169971,0.00037925653,a
test_5039.jpg,0.9037007,0.0007272378,0.0003227098,0.09524935,a
test_5040.jpg,0.0043259836,0.0018033382,0.93415225,0.059718356,c
test_5041.jpg,0.8656249,0.13274787,0.0011484942,0.0004787636,a
test_5042.jpg,0.15574312,0.47972262,0.29096648,0.073567845,b
test_5043.jpg,0.16238107,0.82463914,0.009160914,0.0038188372,b
test_5044.jpg,0.0034855593,0.0008812874,0.96644896,0.029184232,c
test_5045.jpg,0.03296191,0.0006841026,0.9632881,0.003065935,c
test_5046.jpg,0.000398038,0.0018989332,0.9836717,0.014031324,c
test_5047.jpg,2.1436997e-05,0.99960786,7.4822485e-05,0.00029592865,b
test_5048.jpg,0.3431994,0.0023124593,0.6411809,0.013307285,c
test_5049.jpg,7.966147e-05,2.1440595e-05,0.9997756,0.00012338211,c
test_5050.jpg,0.0001584075,0.9996604,2.2820766e-05,0.0001584075,b
test_5051.jpg,0.47506937,0.17476828,0.3265101,0.023652311,a
test_5052.jpg,3.119757e-05,1.5687125e-05,0.99982965,0.00012338879,c
test_5053.jpg,4.2645872e-05,1.1477982e-05,0.99992,2.5866033e-05,c
test_5054.jpg,0.98987097,0.0075577577,0.0019109005,0.00066038955,a
test_5055.jpg,0.0019183988,0.9937551,0.0011635675,0.0031629049,b
test_5056.jpg,0.03553876,0.045632668,0.91655666,0.002271917,c
test_5057.jpg,1.4733204e-05,0.9995933,9.607257e-05,0.00029592434,b
test_5058.jpg,0.020242218,0.00044720888,0.0039859293,0.97532475,d
test_5059.jpg,0.009682234,0.0010205,0.98761475,0.0016825201,c
test_5060.jpg,0.0005408277,0.97783947,0.015805302,0.0058144457,b
test_5061.jpg,0.653827,0.01197526,0.025351625,0.30884603,a
test_5062.jpg,2.586681e-05,1.892456e-05,5.093477e-06,0.99995005,d
test_5063.jpg,0.0011417719,0.9751404,0.0007847276,0.022933103,b
test_5064.jpg,0.00073501497,0.913365,0.08495618,0.00094377785,b
test_5065.jpg,0.00218015,0.00055122824,0.996644,0.0006246234,c
test_5066.jpg,0.00026117582,2.0139718e-05,3.5346307e-05,0.9996834,d
test_5067.jpg,0.0016937989,0.0035857721,0.9942352,0.00048528152,c
test_5068.jpg,0.0013063767,0.010938159,0.003133835,0.98462164,d
test_5069.jpg,7.029545e-05,7.482911e-05,0.9996965,0.00015841323,c
test_5070.jpg,0.00037980478,0.0004303752,4.261291e-05,0.9991472,d
test_5071.jpg,9.607267e-05,0.00026115257,4.8308375e-05,0.9995944,d
test_5072.jpg,0.00012328754,0.99900925,0.00048761172,0.00037975237,b
test_5073.jpg,1.6700673e-05,4.7848234e-06,0.9999385,4.006283e-05,c
test_5074.jpg,0.99855894,0.00012323196,0.0011691923,0.00014864611,a
