id,p_a,p_b,p_c,p_d,answer
test_0001.jpg,7.96667e-05,7.4839954e-05,4.222181e-06,0.9998412,d
test_0002.jpg,0.0008016921,0.9962212,0.00017888167,0.0027981806,b
test_0003.jpg,1.6699523e-05,4.7844937e-06,0.9998696,0.00010889457,c
test_0004.jpg,0.9998301,6.6045286e-05,8.4803825e-05,1.8922292e-05,a
test_0005.jpg,0.00043020298,0.99874735,0.00033504242,0.00048748386,b
test_0006.jpg,0.000260646,0.9976554,0.001925928,0.0001580898,b
test_0007.jpg,0.9999778,6.144076e-06,6.5403347e-06,9.516131e-06,a
test_0008.jpg,1.3006066e-05,0.99990535,4.8323403e-05,3.3212153e-05,b
test_0009.jpg,0.0031640013,0.08686346,0.34355164,0.56642085,d
test_0010.jpg,2.4297624e-05,0.99986804,2.2825507e-05,8.480704e-05,b
test_0011.jpg,0.004069092,0.00022956246,2.7417327e-05,0.99567395,d
test_0012.jpg,6.893381e-07,0.999966,8.9394725e-06,2.4300005e-05,b
test_0013.jpg,0.9998908,1.5688083e-05,1.3844685e-05,7.967065e-05,a
test_0014.jpg,0.005406278,0.08456842,0.9091962,0.00082907965,c
test_0015.jpg,0.0011500024,0.00045034738,0.92266285,0.075736776,c
test_0016.jpg,0.00021621841,0.0013244984,0.00017925136,0.99828005,d
test_0017.jpg,0.9996748,6.603502e-05,0.0002165205,4.2635413e-05,a
test_0018.jpg,0.00015827468,0.99882215,0.0001087805,0.0009108079,b
test_0019.jpg,0.00026870775,0.9661983,0.033061486,0.0004715968,b
test_0020.jpg,3.5007004e-06,0.99995244,1.07829155e-05,3.3213717e-05,b
test_0021.jpg,1.7602101e-06,0.99992263,9.5156065e-06,6.60514e-05,b
test_0022.jpg,0.0001792651,0.00013961182,0.9983565,0.0013246,c
test_0023.jpg,2.406061e-06,0.99998045,6.9621688e-06,1.0129895e-05,b
test_0024.jpg,0.9995784,5.827009e-05,0.00031500513,4.8307604e-05,a
test_0025.jpg,0.000747813,0.009697787,0.00035324186,0.9892012,d
test_0026.jpg,3.5354406e-05,4.0061783e-05,1.2218155e-05,0.9999124,d
test_0027.jpg,1.0129681e-05,6.1439628e-06,2.4299843e-05,0.99995935,d
test_0028.jpg,0.49970347,0.49970347,0.00037776417,0.00021524353,a
test_0029.jpg,6.5402724e-06,8.397876e-06,0.9999683,1.6701171e-05,c
test_0030.jpg,1.873828e-06,0.9999728,9.516084e-06,1.5689371e-05,b
test_0031.jpg,0.9991412,0.00020329365,2.9287225e-05,0.00062618847,a
test_0032.jpg,2.9308543e-05,0.9998685,4.0060026e-05,6.204619e-05,b
test_0033.jpg,0.014364255,0.5390147,0.41978505,0.026835961,b
test_0034.jpg,5.8279245e-05,9.0264664e-05,0.00011590213,0.99973553,d
test_0035.jpg,1.4738485e-05,2.5611648e-06,3.1201376e-05,0.9999516,d
test_0036.jpg,7.889127e-06,3.2886776e-06,0.99997497,1.384585e-05,c
test_0037.jpg,0.0018750168,0.009522121,0.13144884,0.857154,d
test_0038.jpg,0.9997701,0.00013133886,7.966103e-05,1.8921155e-05,a
test_0039.jpg,2.1232931e-06,0.9999577,6.96201e-06,3.321389e-05,b
test_0040.jpg,0.9999665,1.8924871e-05,9.516024e-06,5.0935605e-06,a
test_0041.jpg,0.9998838,6.604883e-05,1.4737486e-05,3.5353394e-05,a
test_0042.jpg,0.9994635,0.00043051146,6.6021064e-05,4.0043797e-05,a
test_0043.jpg,1.1476667e-05,3.5001858e-06,0.9998055,0.00017952528,c
test_0044.jpg,0.9999387,2.282712e-05,2.282712e-05,1.5688836e-05,a
test_0045.jpg,0.99908173,0.0005882146,8.474035e-05,0.00024520434,a
test_0046.jpg,0.9998909,3.3211672e-05,3.3211672e-05,4.264463e-05,a
test_0047.jpg,1.0783229e-05,3.9669285e-06,0.9999815,3.7265843e-06,c
test_0048.jpg,3.9666784e-06,0.99991846,1.1477964e-05,6.605112e-05,b
test_0049.jpg,4.806303e-05,0.00021540353,0.0052187503,0.99451774,d
test_0050.jpg,0.0027604757,0.00042333265,0.9827974,0.014018851,c
test_0051.jpg,1.760335e-06,2.902302e-06,1.8738668e-06,0.99999356,d
test_0052.jpg,7.4112218e-06,3.2887096e-06,4.495133e-06,0.99998474,d
test_0053.jpg,0.99323833,0.00042783,0.00042783,0.005906011,a
test_0054.jpg,0.56132174,0.43715784,0.0013070782,0.00021337466,a
test_0055.jpg,1.2098477e-06,0.9999839,4.785041e-06,1.012993e-05,b
test_0056.jpg,0.00014711428,0.9882685,0.0040388275,0.007545523,b
test_0057.jpg,0.0008433531,0.9844966,0.014043089,0.0006170103,b
test_0058.jpg,0.00013128466,0.00013128466,0.00037988473,0.9993575,d
test_0059.jpg,1.2878882e-06,1.7603344e-06,0.9999932,3.726628e-06,c
test_0060.jpg,0.99997425,6.144054e-06,6.5403115e-06,1.3006963e-05,a
test_0061.jpg,0.999985,2.902277e-06,5.0936546e-06,6.9622e-06,a
test_0062.jpg,2.0143612e-05,9.0277405e-05,1.3005693e-05,0.9998766,d
test_0063.jpg,2.902302e-06,2.4060926e-06,1.2098593e-06,0.99999356,d
test_0064.jpg,0.99999106,2.7264534e-06,2.7264534e-06,3.5008354e-06,a
test_0065.jpg,0.9741967,0.015746422,0.00050616794,0.009550689,a
test_0066.jpg,1.0129695e-05,0.99996066,3.2886305e-06,2.5867084e-05,b
test_0067.jpg,3.0893245e-06,0.99994195,9.51579e-06,4.5397297e-05,b
test_0068.jpg,1.1474228e-05,1.568341e-05,0.99959296,0.00037997423,c
test_0069.jpg,6.540309e-06,1.7603004e-06,0.9999739,1.7778406e-05,c
test_0070.jpg,1.0782403e-05,0.9999049,9.515437e-06,7.484471e-05,b
test_0071.jpg,1.0783221e-05,6.540354e-06,1.873843e-06,0.9999808,d
test_0072.jpg,0.99827385,0.00012319678,0.001500844,0.000102133716,a
test_0073.jpg,1.38456335e-05,1.0129681e-05,0.99995935,1.6701022e-05,c
test_0074.jpg,3.2885678e-06,0.9999416,2.7534843e-05,2.7534843e-05,b
test_0075.jpg,0.9999589,1.0129676e-05,2.1444526e-05,9.515951e-06,a
test_0076.jpg,0.7015241,0.29243875,0.0006809647,0.005356202,a
test_0077.jpg,0.0027993345,0.99663204,0.0004292918,0.00013937065,b
test_0078.jpg,1.3006743e-05,1.6700988e-05,0.9999573,1.3006743e-05,c
test_0079.jpg,0.0004877728,0.00013974925,3.319335e-05,0.9993393,d
test_0080.jpg,1.3709273e-06,0.99997675,6.1440696e-06,1.5689431e-05,b
test_0081.jpg,0.00033532153,4.2631345e-05,4.2631345e-05,0.99957937,d
test_0082.jpg,0.00020339095,0.9996195,0.00010227139,7.482336e-05,b
test_0083.jpg,0.9999765,6.540326e-06,9.516119e-06,7.411161e-06,a
test_0084.jpg,3.7265652e-06,2.123333e-06,0.9999764,1.777845e-05,c
test_0085.jpg,3.307697e-05,0.9958354,6.1795916e-05,0.004069752,b
test_0086.jpg,5.093541e-06,2.9022124e-06,0.9999627,2.9311304e-05,c
test_0087.jpg,3.966827e-06,0.999956,1.5689107e-05,2.4299761e-05,b
test_0088.jpg,0.0019246545,0.00027727277,0.9969957,0.00080231536,c
test_0089.jpg,2.9022012e-06,0.9999589,8.939409e-06,2.9311192e-05,b
test_0090.jpg,1.4593714e-06,5.7149805e-07,0.99999523,2.7264648e-06,c
test_0091.jpg,9.607902e-05,0.00023048159,1.3002881e-05,0.9996605,d
test_0092.jpg,5.771675e-06,0.99995184,1.3006671e-05,2.9310986e-05,b
test_0093.jpg,0.00026118118,2.7528296e-05,7.40914e-06,0.9997038,d
test_0094.jpg,7.8114385e-07,0.99999344,2.7264598e-06,3.0894837e-06,b
test_0095.jpg,0.01794996,0.9800346,0.0014734224,0.0005420418,b
test_0096.jpg,0.00037990478,0.9994103,0.00015836787,5.141452e-05,b
test_0097.jpg,1.14785225e-05,4.7849603e-06,0.9999671,1.6701151e-05,c
test_0098.jpg,0.9998037,4.831849e-05,1.6698423e-05,0.00013134327,a
test_0099.jpg,4.49515e-06,3.288722e-06,0.99998844,3.72661e-06,c
test_0100.jpg,0.99975854,0.0001159048,9.0266745e-05,3.5348963e-05,a
test_0101.jpg,1.7602645e-06,0.9999535,1.1478366e-05,3.3213753e-05,b
test_0102.jpg,2.1233052e-06,0.9999634,1.0129722e-05,2.4299941e-05,b
test_0103.jpg,0.9293934,0.0017941514,0.06732503,0.0014874038,a
test_0104.jpg,0.00020340242,0.99967587,5.4745018e-05,6.603509e-05,b
test_0105.jpg,9.0276306e-05,1.777646e-05,2.7532718e-05,0.99986446,d
test_0106.jpg,0.64964867,0.0011067544,0.0015127538,0.3477319,a
test_0107.jpg,5.472208e-05,0.00062626106,0.999257,6.200824e-05,c
test_0108.jpg,8.939252e-06,4.8325142e-05,1.4592928e-06,0.99994135,d
test_0109.jpg,0.9999771,7.4111654e-06,5.422124e-06,1.0129861e-05,a
test_0110.jpg,5.143938e-05,2.7533517e-05,2.7533517e-05,0.9998934,d
test_0111.jpg,1.0129739e-05,6.9620614e-06,0.9999651,1.777825e-05,c
test_0112.jpg,2.406016e-06,0.99996173,6.5402296e-06,2.9311275e-05,b
test_0113.jpg,0.0012806719,0.033028964,0.00044258838,0.96524787,d
test_0114.jpg,0.00120728,0.0073954854,0.9686175,0.0227797,c
test_0115.jpg,4.539738e-05,6.5401123e-06,4.2226143e-06,0.99994385,d
test_0116.jpg,0.0031712325,0.9963716,0.00033424544,0.00012296202,b
test_0117.jpg,0.96525127,0.0014511966,0.033029083,0.0002684444,a
test_0118.jpg,1.6536765e-06,0.99999034,2.2603076e-06,5.771897e-06,b
test_0119.jpg,0.015899824,0.00025699672,0.00015587639,0.98368734,d
test_0120.jpg,6.144044e-06,2.2602674e-06,0.9999726,1.8924988e-05,c
test_0121.jpg,0.0013180168,7.435742e-05,0.0052128574,0.9933948,d
test_0122.jpg,0.99909294,4.828414e-05,0.0008040031,5.4713095e-05,a
test_0123.jpg,0.9999857,4.4951375e-06,2.902279e-06,6.962205e-06,a
test_0124.jpg,1.8925e-05,2.4060437e-06,5.4221036e-06,0.9999733,d
test_0125.jpg,3.7264329e-06,0.9999409,1.7777818e-05,3.7635637e-05,b
test_0126.jpg,0.99996305,1.078303e-05,1.6701084e-05,9.51599e-06,a
test_0127.jpg,8.397944e-06,4.4950957e-06,0.9999764,1.0783174e-05,c
test_0128.jpg,2.7263925e-06,0.99996877,5.771773e-06,2.2827806e-05,b
test_0129.jpg,1.7774604e-05,0.9997601,0.00017951713,4.263905e-05,b
test_0130.jpg,9.516178e-06,5.4221546e-06,2.4060664e-06,0.9999827,d
test_0131.jpg,0.999938,2.4299325e-05,2.931058e-05,8.397622e-06,a
test_0132.jpg,2.1444685e-05,6.540259e-06,5.7717584e-06,0.99996626,d
test_0133.jpg,1.0129898e-05,7.4111927e-06,1.6536607e-06,0.9999808,d
test_0134.jpg,4.5386158e-05,2.7528096e-05,0.9996966,0.00023048991,c
test_0135.jpg,0.00029926922,0.0010445522,0.10654723,0.892109,d
test_0136.jpg,0.8800806,0.0005181521,0.00029523415,0.11910596,a
test_0137.jpg,0.9995566,0.0001686064,5.8268815e-05,0.00021649491,a
test_0138.jpg,0.9997173,2.2822065e-05,2.9304112e-05,0.00023049468,a
test_0139.jpg,0.009704595,0.9898956,0.00015686016,0.0002429498,b
test_0140.jpg,0.9984565,0.0002955878,0.00021625662,0.0010317027,a
test_0141.jpg,1.4593528e-06,0.9999825,3.726588e-06,1.2219011e-05,b
test_0142.jpg,2.5865942e-05,1.22182055e-05,0.99991655,4.5396144e-05,c
test_0143.jpg,1.2878509e-06,0.99996424,6.9620555e-06,2.7535467e-05,b
test_0144.jpg,7.888833e-06,0.9999378,1.892433e-05,3.53553e-05,b
test_0145.jpg,0.9996126,5.1424933e-05,0.00029593005,4.0049774e-05,a
test_0146.jpg,3.2878522e-06,0.999724,1.1475731e-05,0.00026118642,b
test_0147.jpg,0.99997807,6.962152e-06,6.5403365e-06,8.397958e-06,a
test_0148.jpg,3.2887096e-06,3.5008134e-06,0.99998474,8.398014e-06,c
test_0149.jpg,1.7603201e-06,0.9999851,4.2227884e-06,8.9396435e-06,b
test_0150.jpg,6.9621688e-06,6.1440924e-06,0.99998045,6.540352e-06,c
test_0151.jpg,0.99938476,0.0002610978,0.00010884177,0.00024527873,a
test_0152.jpg,0.000556305,0.053306673,0.94488335,0.0012536527,c
test_0153.jpg,1.5685655e-05,1.7774177e-05,0.999736,0.000230499,c
test_0154.jpg,7.889213e-06,3.9669453e-06,2.406074e-06,0.9999858,d
test_0155.jpg,0.9998815,2.5865036e-05,7.966992e-05,1.3005757e-05,a
test_0156.jpg,1.1478384e-05,4.2226616e-06,0.99995506,2.931108e-05,c
test_0157.jpg,0.0007603867,0.9448931,0.053307224,0.0010393254,b
test_0158.jpg,7.889104e-06,6.144041e-06,0.9999721,1.384581e-05,c
test_0159.jpg,0.999995,1.5534926e-06,1.3709523e-06,1.9947238e-06,a
test_0160.jpg,3.9668603e-06,0.99996436,5.7717475e-06,2.5867179e-05,b
test_0161.jpg,3.7266025e-06,4.4951407e-06,0.9999864,5.4221746e-06,c
test_0162.jpg,2.726457e-06,9.4223833e-07,0.9999924,3.9669712e-06,c
test_0163.jpg,0.0008233385,0.37638485,0.62055373,0.0022380662,c
test_0164.jpg,0.9997793,3.5349698e-05,0.00016864396,1.6698013e-05,a
test_0165.jpg,2.561232e-06,0.9999778,5.7718253e-06,1.3845889e-05,b
test_0166.jpg,0.00013106296,0.9976699,0.0010308899,0.0011681513,b
test_0167.jpg,1.7776309e-05,0.9998559,7.484105e-05,5.1437448e-05,b
test_0168.jpg,6.9619555e-06,2.4299612e-05,0.9999498,1.8924557e-05,c
test_0169.jpg,0.9997867,0.00011590806,4.2640186e-05,5.4751086e-05,a
test_0170.jpg,6.605188e-05,2.4059393e-06,1.6535764e-06,0.9999299,d
test_0171.jpg,1.4738671e-05,1.7778233e-05,3.2886423e-06,0.99996424,d
test_0172.jpg,2.0144853e-05,0.99993825,1.221847e-05,2.9310588e-05,b
test_0173.jpg,0.998533,0.0001396365,0.00029561046,0.0010317818,a
test_0174.jpg,0.97429764,0.001292679,0.0065647657,0.017844884,a
test_0175.jpg,5.4758406e-05,1.4738025e-05,1.0129286e-05,0.99992037,d
test_0176.jpg,0.00048762775,4.0026916e-05,0.9990421,0.00043032994,c
test_0177.jpg,0.999959,1.5689153e-05,1.3845629e-05,1.1478429e-05,a
test_0178.jpg,0.678655,0.32057396,0.00025797644,0.0005130474,a
test_0179.jpg,2.1433934e-05,0.9994649,2.585426e-05,0.0004878341,b
test_0180.jpg,0.99992275,2.5866104e-05,2.0144542e-05,3.1200474e-05,a
test_0181.jpg,0.97610646,0.0058041406,0.017878013,0.00021141581,a
test_0182.jpg,1.3845733e-05,9.516024e-06,0.9999665,1.0129754e-05,c
test_0183.jpg,2.1444312e-05,9.515856e-06,2.0145068e-05,0.99994886,d
test_0184.jpg,0.0003348114,0.00080317084,0.00080317084,0.99805874,d
test_0185.jpg,0.9999329,4.0062605e-05,1.2218405e-05,1.4738209e-05,a
test_0186.jpg,0.99998355,6.96219e-06,2.5612467e-06,6.96219e-06,a
test_0187.jpg,0.004297831,0.00039976052,0.06722939,0.92807305,d
test_0188.jpg,4.2645905e-05,1.0782574e-05,2.5866051e-05,0.9999207,d
test_0189.jpg,6.9622192e-06,2.4060785e-06,2.902285e-06,0.9999877,d
test_0190.jpg,5.0935523e-06,2.4060237e-06,0.99996495,2.7535485e-05,c
test_0191.jpg,0.99997735,5.4221255e-06,5.7718225e-06,1.147864e-05,a
test_0192.jpg,4.22237e-06,9.421381e-07,0.99988604,0.00010889636,c
test_0193.jpg,0.6330895,0.3388684,0.02781601,0.00022607505,a
test_0194.jpg,4.4756136e-05,0.014061959,7.37904e-05,0.98581946,d
test_0195.jpg,3.321256e-05,1.1477954e-05,0.9999176,3.7634763e-05,c
test_0196.jpg,0.00055089925,0.00022964897,0.0031702064,0.9960492,d
test_0197.jpg,4.0061095e-05,0.9998952,2.9309327e-05,3.5353798e-05,b
test_0198.jpg,0.8929283,0.00023328514,0.106645085,0.00019340018,a
test_0199.jpg,0.9996625,3.3204087e-05,8.395308e-06,0.00029594483,a
test_0200.jpg,4.4950407e-06,6.9620555e-06,0.99996424,2.4299961e-05,c
test_0201.jpg,0.9993761,4.0040297e-05,9.6051685e-05,0.00048779076,a
test_0202.jpg,1.4738691e-05,1.0129744e-05,0.99996555,9.516015e-06,c
test_0203.jpg,0.01404515,0.984641,0.0006569004,0.0006569004,b
test_0204.jpg,0.00015428176,0.00013615318,0.91463524,0.08507433,c
test_0205.jpg,0.0003875954,0.6184441,0.37510532,0.006063013,b
test_0206.jpg,2.2827368e-05,4.784876e-06,2.2827368e-05,0.9999496,d
test_0207.jpg,6.5400072e-06,0.99992776,7.4107998e-06,5.8290454e-05,b
test_0208.jpg,0.00023044174,5.1418505e-05,0.99948764,0.00023044174,c
test_0209.jpg,0.00014793115,0.99375594,0.0046020034,0.0014940517,b
test_0210.jpg,0.9999875,2.5612567e-06,2.5612567e-06,7.411242e-06,a
test_0211.jpg,6.595106e-05,0.0015010393,2.9265606e-05,0.9984037,d
test_0212.jpg,0.9999826,4.2227775e-06,5.7718526e-06,7.411206e-06,a
test_0213.jpg,0.99992967,2.014468e-05,1.8924175e-05,3.1200692e-05,a
test_0214.jpg,0.99257565,0.000662194,7.4296106e-05,0.006687922,a
test_0215.jpg,6.14391e-06,5.4219813e-06,0.99995077,3.763601e-05,c
test_0216.jpg,1.5689111e-05,7.88898e-06,0.99995625,2.0145215e-05,c
test_0217.jpg,3.726579e-06,2.40606e-06,0.9999801,1.3845921e-05,c
test_0218.jpg,0.99997306,1.012982e-05,7.889112e-06,8.939535e-06,a
test_0219.jpg,0.99994516,1.8924467e-05,1.5688936e-05,2.0144993e-05,a
test_0220.jpg,0.0010126801,0.9800468,0.012336969,0.0066035036,b
test_0221.jpg,0.0016967232,0.00042899876,0.001922639,0.99595165,d
test_0222.jpg,0.00020178185,0.99171114,0.000515268,0.0075718076,b
test_0223.jpg,4.0060488e-05,1.3844536e-05,0.9998801,6.604858e-05,c
test_0224.jpg,0.9999671,9.516029e-06,1.3845741e-05,9.516029e-06,a
test_0225.jpg,0.99980265,4.8318438e-05,1.777536e-05,0.00013134313,a
test_0226.jpg,0.9999722,5.0935896e-06,1.892498e-05,3.7265497e-06,a
test_0227.jpg,1.3006843e-05,1.568925e-05,6.143998e-06,0.9999651,d
test_0228.jpg,5.828522e-05,6.60458e-05,3.7631766e-05,0.999838,d
test_0229.jpg,1.1478433e-05,2.586705e-05,3.2886262e-06,0.99995935,d
test_0230.jpg,0.00010861805,0.0021816518,0.99733055,0.00037911424,c
test_0231.jpg,0.00033531457,3.1189113e-05,0.9995586,7.48188e-05,c
test_0232.jpg,1.6536234e-06,0.9999583,1.0782978e-05,2.9311175e-05,b
test_0233.jpg,1.0783093e-05,3.7265372e-06,0.9999689,1.670118e-05,c
test_0234.jpg,4.7850167e-06,3.2886906e-06,0.9999789,1.3007023e-05,c
test_0235.jpg,0.99921715,3.3189295e-05,0.00070961844,4.003393e-05,a
test_0236.jpg,3.0894528e-06,6.5403715e-06,6.962189e-06,0.99998343,d
test_0237.jpg,0.00015842346,2.586192e-05,0.99976104,5.4749682e-05,c
test_0238.jpg,7.0296956e-05,0.00020341098,8.395773e-06,0.9997179,d
test_0239.jpg,0.0001584204,5.1431576e-05,4.8315494e-05,0.99974173,d
test_0240.jpg,0.0018951783,0.98172665,0.0005100803,0.015868133,b
test_0241.jpg,1.3006963e-05,6.9621256e-06,5.7718044e-06,0.99997425,d
test_0242.jpg,3.966968e-06,3.966968e-06,5.3687074e-07,0.99999154,d
test_0243.jpg,1.4593567e-06,0.9999851,1.994704e-06,1.1478729e-05,b
test_0244.jpg,0.000102288286,2.2823602e-05,0.99978465,9.02691e-05,c
test_0245.jpg,0.00012338652,5.8283666e-05,6.960991e-06,0.99981135,d
test_0246.jpg,0.0002713436,0.07523605,0.0079298215,0.9165628,d
test_0247.jpg,0.005462508,0.0754076,0.91865265,0.00047730867,c
test_0248.jpg,0.9999608,1.473862e-05,1.2218746e-05,1.2218746e-05,a
test_0249.jpg,0.9999912,2.2603094e-06,1.9947163e-06,4.495162e-06,a
test_0250.jpg,5.0936346e-06,2.4060623e-06,0.99998105,1.1478683e-05,c
test_0251.jpg,2.726462e-06,6.0835595e-07,0.9999943,2.4060942e-06,c
test_0252.jpg,3.2886956e-06,0.99998045,3.2886956e-06,1.3007043e-05,b
test_0253.jpg,0.99328303,0.004059321,0.002172798,0.00048481676,a
test_0254.jpg,0.9999851,8.398017e-06,3.5008147e-06,3.089458e-06,a
test_0255.jpg,0.99987054,1.0782032e-05,7.030769e-05,4.832172e-05,a
test_0256.jpg,1.0676863e-06,0.99998343,4.7850385e-06,1.078325e-05,b
test_0257.jpg,0.0004877405,0.9992731,0.00011584852,0.0001233201,b
test_0258.jpg,2.902277e-06,0.999985,3.7265972e-06,8.398016e-06,b
test_0259.jpg,0.00023026837,0.0008037156,0.00023026837,0.9987357,d
test_0260.jpg,1.2878667e-06,0.9999765,7.411161e-06,1.4738852e-05,b
test_0261.jpg,0.99997544,5.771811e-06,6.540319e-06,1.2218925e-05,a
test_0262.jpg,0.0016993922,0.000486884,0.9975184,0.00029531008,c
test_0263.jpg,0.9999877,3.2887194e-06,2.902285e-06,6.144137e-06,a
test_0264.jpg,3.5008434e-06,1.6536814e-06,1.4593686e-06,0.9999933,d
test_0265.jpg,1.777678e-05,0.99988246,9.515224e-06,9.0277936e-05,b
test_0266.jpg,0.9819233,0.0009531463,0.009626438,0.0074970764,a
test_0267.jpg,0.0007760558,0.14789005,0.00028549496,0.85104847,d
test_0268.jpg,1.9947272e-06,6.0835737e-07,7.338191e-07,0.99999666,d
test_0269.jpg,3.5354362e-05,2.5865804e-05,2.7534006e-05,0.9999112,d
test_0270.jpg,0.9995401,7.4817406e-05,0.00021649132,0.00016860363,a
test_0271.jpg,0.96656835,0.0003046024,5.293196e-05,0.033074148,a
test_0272.jpg,1.7776532e-05,4.7844887e-06,0.9998685,0.000108894455,c
test_0273.jpg,0.99986434,1.3844318e-05,7.030725e-05,5.1437884e-05,a
test_0274.jpg,0.99999166,3.9669685e-06,2.2603106e-06,2.1233652e-06,a
test_0275.jpg,1.0782635e-05,0.99992645,4.494871e-06,5.8290374e-05,b
test_0276.jpg,0.00080372737,0.9987503,0.0003147442,0.0001312049,b
test_0277.jpg,0.00023049093,4.2636533e-05,2.5860367e-05,0.999701,d
test_0278.jpg,0.00026114564,0.9995679,6.202753e-05,0.00010886172,b
test_0279.jpg,7.966905e-05,4.264377e-05,6.9614043e-06,0.99987066,d
test_0280.jpg,0.0001282603,0.9763357,0.00057482277,0.022961216,b
test_0281.jpg,0.99909854,7.478436e-05,2.2807939e-05,0.0008040076,a
test_0282.jpg,8.939017e-06,1.7777358e-05,0.999915,5.828971e-05,c
test_0283.jpg,1.8924258e-05,0.9999341,3.120083e-05,1.5688762e-05,b
test_0284.jpg,2.5612735e-06,5.7149737e-07,0.99999404,2.9023033e-06,c
test_0285.jpg,3.7615602e-05,0.9994086,0.00048780662,6.601744e-05,b
test_0286.jpg,1.473762e-05,0.99989295,3.7633836e-05,5.4756907e-05,b
test_0287.jpg,8.397545e-06,0.99992883,2.0144664e-05,4.264625e-05,b
test_0288.jpg,0.9992237,8.475239e-05,0.0002610557,0.00043040817,a
test_0289.jpg,1.5688825e-05,0.99993813,6.1438323e-06,4.0062816e-05,b
test_0290.jpg,7.889211e-06,3.5008163e-06,3.0894594e-06,0.9999856,d
test_0291.jpg,8.939666e-06,1.4593604e-06,1.8738559e-06,0.9999877,d
test_0292.jpg,0.005165749,0.008516882,0.86874545,0.11757191,c
test_0293.jpg,8.939584e-06,2.4060564e-06,0.99997854,1.0129876e-05,c
test_0294.jpg,0.00045485978,0.05957487,0.9319078,0.008062582,c
test_0295.jpg,4.4951366e-06,5.0936574e-06,0.9999856,4.7850485e-06,c
test_0296.jpg,6.60463e-05,8.938394e-06,0.9998454,7.9667036e-05,c
test_0297.jpg,0.0059085432,0.00025960326,0.00016761248,0.99366426,d
test_0298.jpg,3.535553e-05,8.939278e-06,0.9999442,1.147826e-05,c
test_0299.jpg,4.8318085e-05,0.9997954,9.027007e-05,6.604299e-05,b
test_0300.jpg,1.07829555e-05,0.99995613,2.0145213e-05,1.3006727e-05,b
test_0301.jpg,0.9999912,1.2878855e-06,1.3709471e-06,6.1441583e-06,a
test_0302.jpg,2.282302e-05,1.4735649e-05,0.99975914,0.00020341936,c
test_0303.jpg,0.00013128265,0.99934226,0.00043045924,9.604844e-05,b
test_0304.jpg,0.00027766946,0.99842215,0.00013116178,0.0011690321,b
test_0305.jpg,9.512432e-06,0.99958915,6.6029366e-05,0.0003353248,b
test_0306.jpg,0.0026639455,0.04167112,0.44800675,0.5076582,d
test_0307.jpg,0.00013980841,0.9997625,2.2823097e-05,7.483405e-05,b
test_0308.jpg,8.477356e-05,0.9994733,0.00037992874,6.202166e-05,b
test_0309.jpg,0.00020339299,5.8273064e-05,0.00010886842,0.9996295,d
test_0310.jpg,1.0782088e-05,0.99987566,6.204663e-05,5.1438466e-05,b
test_0311.jpg,0.0024686526,0.0014973134,0.00010846503,0.99592555,d
test_0312.jpg,0.9988097,0.00080377515,5.1383628e-05,0.00033506332,a
test_0313.jpg,0.9999907,2.7264525e-06,2.4060857e-06,4.222812e-06,a
test_0314.jpg,0.99823254,4.25739e-05,2.4257879e-05,0.0017006089,a
test_0315.jpg,3.2885694e-06,0.99994206,2.1444166e-05,3.321337e-05,b
test_0316.jpg,4.005921e-05,9.609706e-05,1.5687414e-05,0.9998481,d
test_0317.jpg,1.1478634e-05,2.7264148e-06,0.9999769,8.93957e-06,c
test_0318.jpg,0.0003339296,0.0040680952,0.9954301,0.00016791034,c
test_0319.jpg,2.5865515e-05,2.5865515e-05,4.832314e-05,0.9999,d
test_0320.jpg,0.99994075,1.078279e-05,4.2646756e-05,5.771611e-06,a
test_0321.jpg,3.7264738e-06,4.264723e-05,1.7602615e-06,0.99995184,d
test_0322.jpg,1.1478434e-05,1.0129683e-05,1.8924738e-05,0.99995947,d
test_0323.jpg,2.9023e-06,2.9023e-06,1.3709493e-06,0.99999285,d
test_0324.jpg,0.998541,0.0013248447,5.4682867e-05,7.95631e-05,a
test_0325.jpg,0.0008467306,0.9884393,0.0021622023,0.008551676,b
test_0326.jpg,0.9999794,4.495109e-06,6.5403447e-06,9.516146e-06,a
test_0327.jpg,5.09368e-06,3.726616e-06,1.209855e-06,0.99999,d
test_0328.jpg,2.429902e-05,0.9999255,1.0129338e-05,4.006231e-05,b
test_0329.jpg,0.9999466,2.9310831e-05,8.397694e-06,1.5688958e-05,a
test_0330.jpg,0.99951255,0.00037994367,2.281739e-05,8.477689e-05,a
test_0331.jpg,5.4216835e-06,0.9998958,1.3844754e-05,8.48094e-05,b
test_0332.jpg,3.7635953e-05,8.9393225e-06,4.2226366e-06,0.9999492,d
test_0333.jpg,0.9999634,8.939449e-06,1.384569e-05,1.384569e-05,a
test_0334.jpg,0.9996898,0.00026117748,2.1438756e-05,2.7527909e-05,a
test_0335.jpg,1.473881e-05,6.1440505e-06,5.4221055e-06,0.99997365,d
test_0336.jpg,0.00012338023,9.608863e-05,2.0141271e-05,0.99976045,d
test_0337.jpg,4.2646006e-05,8.3974965e-06,0.9999231,2.5866113e-05,c
test_0338.jpg,2.406048e-06,0.9999751,9.516105e-06,1.3006974e-05,b
test_0339.jpg,0.99966204,2.4292618e-05,1.7772862e-05,0.0002959447,a
test_0340.jpg,2.282768e-05,1.2218777e-05,1.5534432e-06,0.9999633,d
test_0341.jpg,0.0024677007,0.0016960244,0.00029472483,0.9955415,d
test_0342.jpg,3.5008338e-06,1.4593646e-06,0.9999906,4.4951594e-06,c
test_0343.jpg,0.00026113298,9.6065465e-05,0.99951947,0.0001233505,c
test_0344.jpg,0.9999752,2.7264102e-06,3.0894273e-06,1.8925037e-05,a
test_0345.jpg,0.00026115405,4.263223e-05,0.9996001,9.6073214e-05,c
test_0346.jpg,0.0013212501,0.0003785445,0.9958318,0.0024684202,c
test_0347.jpg,0.8453018,0.0013528233,0.14689142,0.006453959,a
test_0348.jpg,8.936177e-06,0.9995975,0.00033532758,5.82712e-05,b
test_0349.jpg,0.99992263,1.5688584e-05,5.475853e-05,6.9617663e-06,a
test_0350.jpg,8.31519e-07,0.9999883,2.5612587e-06,8.398044e-06,b
test_0351.jpg,0.99992263,3.7634953e-05,1.3845125e-05,2.58661e-05,a
test_0352.jpg,0.9999379,1.22184665e-05,1.6700664e-05,3.3213233e-05,a
test_0353.jpg,1.3709516e-06,2.260317e-06,1.8738687e-06,0.9999945,d
test_0354.jpg,0.9999639,1.1478485e-05,6.9620532e-06,1.7778228e-05,a
test_0355.jpg,0.9998116,1.777552e-05,0.00015843146,1.2216922e-05,a
test_0356.jpg,2.1233711e-06,2.5612744e-06,1.0030095e-06,0.9999944,d
test_0357.jpg,0.9997036,4.005342e-05,0.00023049153,2.5860434e-05,a
test_0358.jpg,4.222704e-06,2.2827722e-05,7.889049e-06,0.9999651,d
test_0359.jpg,0.9967338,0.0031723853,4.2509982e-05,5.127683e-05,a
test_0360.jpg,1.3005951e-05,1.5688172e-05,0.9998964,7.484408e-05,c
test_0361.jpg,8.938859e-06,0.99989736,4.539527e-05,4.8323018e-05,b
test_0362.jpg,5.7716497e-06,1.1478297e-05,0.9999474,3.5355642e-05,c
test_0363.jpg,0.00012315325,0.001926441,2.9251461e-05,0.99792117,d
test_0364.jpg,0.999014,0.000552539,0.0004042462,2.9283497e-05,a
test_0365.jpg,1.6536416e-06,0.99996924,1.0129781e-05,1.8924924e-05,b
test_0366.jpg,0.0040692617,0.0001308062,8.445483e-05,0.99571544,d
test_0367.jpg,3.1181273e-05,0.00055270124,0.00010883333,0.9993073,d
test_0368.jpg,6.2027415e-05,0.000168608,0.00020338007,0.999566,d
test_0369.jpg,0.99988294,1.7776789e-05,6.604877e-05,3.3211407e-05,a
test_0370.jpg,1.3006986e-05,5.093609e-06,5.771815e-06,0.99997604,d
test_0371.jpg,0.99995005,5.7716647e-06,3.7635982e-05,6.540153e-06,a
test_0372.jpg,3.1198833e-05,8.480721e-05,1.38443975e-05,0.99987006,d
test_0373.jpg,0.9967296,5.810402e-05,3.9934264e-05,0.003172372,a
test_0374.jpg,2.1444044e-05,3.7635466e-05,4.4949156e-06,0.99993634,d
test_0375.jpg,0.0021791735,0.0011664275,0.00045677958,0.99619764,d
test_0376.jpg,8.9395535e-06,0.9999751,4.49509e-06,1.1478614e-05,b
test_0377.jpg,0.998762,7.475917e-05,0.0010320185,0.00013120643,a
test_0378.jpg,0.002799094,0.0004864096,0.00016809865,0.99654645,d
test_0379.jpg,0.9994815,4.537639e-05,4.262717e-05,0.0004305192,a
test_0380.jpg,0.0002959037,0.99952364,9.0245536e-05,9.0245536e-05,b
test_0381.jpg,5.1439612e-05,5.0932113e-06,0.99989796,4.53953e-05,c
test_0382.jpg,8.480603e-05,1.8922783e-05,0.9998561,4.005953e-05,c
test_0383.jpg,2.5866208e-05,2.5866208e-05,0.9999268,2.1443839e-05,c
test_0384.jpg,0.9999888,4.785064e-06,2.7264473e-06,3.7266113e-06,a
test_0385.jpg,1.0128608e-05,0.9998534,2.7532415e-05,0.00010889281,b
test_0386.jpg,0.9999013,2.2826265e-05,3.3212018e-05,4.2645075e-05,a
test_0387.jpg,4.2227675e-06,3.2886949e-06,1.2218983e-05,0.9999802,d
test_0388.jpg,7.889087e-06,1.9946738e-06,0.99996996,2.0145491e-05,c
test_0389.jpg,7.410068e-06,5.0928606e-06,0.00015843424,0.99982905,d
test_0390.jpg,0.99979395,3.1196458e-05,5.143426e-05,0.00012338436,a
test_0391.jpg,1.22189e-05,8.939539e-06,5.422104e-06,0.9999734,d
test_0392.jpg,1.2098611e-06,1.8738695e-06,0.999995,1.9947238e-06,c
test_0393.jpg,0.9999291,3.321294e-05,2.9310318e-05,8.3975465e-06,a
test_0394.jpg,0.9999703,7.411115e-06,1.1478559e-05,1.0783108e-05,a
test_0395.jpg,0.9976955,7.949574e-05,0.0021824501,4.2551e-05,a
test_0396.jpg,0.9999914,2.5612667e-06,2.7264543e-06,3.2887317e-06,a
test_0397.jpg,1.7778282e-05,4.4950534e-06,0.999967,1.0783072e-05,c
test_0398.jpg,7.889184e-06,1.5534727e-06,0.99998224,8.397993e-06,c
test_0399.jpg,1.7602863e-06,0.9999659,9.516018e-06,2.282774e-05,b
test_0400.jpg,0.999954,2.1444423e-05,7.888962e-06,1.6700933e-05,a
test_0401.jpg,0.9997491,8.479695e-05,4.2638585e-05,0.00012337884,a
test_0402.jpg,2.0145491e-05,6.144028e-06,3.7265413e-06,0.99996996,d
test_0403.jpg,0.00040328674,0.0010298288,0.99664295,0.0019239734,c
test_0404.jpg,0.99999654,1.3709544e-06,6.893591e-07,1.3709544e-06,a
test_0405.jpg,2.5867192e-05,4.2227025e-06,5.093552e-06,0.99996483,d
test_0406.jpg,0.9589476,0.0014417194,0.02895771,0.010652946,a
test_0407.jpg,2.1233723e-06,2.406096e-06,4.7378842e-07,0.999995,d
test_0408.jpg,7.956574e-05,2.1414831e-05,0.99857414,0.0013248887,c
test_0409.jpg,6.5399295e-06,0.99991584,4.832391e-05,2.9309931e-05,b
test_0410.jpg,0.9997925,5.8282567e-05,3.3208402e-05,0.00011590873,a
test_0411.jpg,3.320918e-05,0.9998159,6.604434e-05,8.480261e-05,b
test_0412.jpg,2.26024e-06,0.9999604,1.3006783e-05,2.4299869e-05,b
test_0413.jpg,0.99997926,4.7850185e-06,1.1478662e-05,4.4951084e-06,a
test_0414.jpg,1.2218631e-05,8.939342e-06,2.7535112e-05,0.99995136,d
test_0415.jpg,4.222818e-06,1.4593669e-06,2.2603117e-06,0.99999213,d
test_0416.jpg,7.8887715e-06,1.0782673e-05,0.9999299,5.1441257e-05,c
test_0417.jpg,0.017848155,0.9744762,0.0057944474,0.0018811817,b
test_0418.jpg,0.9999896,4.2228075e-06,3.5008304e-06,2.7264496e-06,a
test_0419.jpg,1.8920047e-05,0.9997116,6.603746e-05,0.00020340968,b
test_0420.jpg,0.0026045186,0.92727274,0.06717142,0.002951306,b
test_0421.jpg,4.005663e-05,0.00015842706,1.7775026e-05,0.9997838,d
test_0422.jpg,0.8912127,0.0014262992,0.10644018,0.0009208879,a
test_0423.jpg,0.0001397547,0.9993783,5.141288e-05,0.00043047476,b
test_0424.jpg,0.99986935,3.3210956e-05,4.2643715e-05,5.4755616e-05,a
test_0425.jpg,0.9992694,0.0005526803,6.200901e-05,0.00011584809,a
test_0426.jpg,2.2827631e-05,9.515972e-06,6.5402255e-06,0.99996114,d
test_0427.jpg,0.00015841916,2.2822447e-05,0.999734,8.479567e-05,c
test_0428.jpg,0.0013246255,0.00013115568,0.9983758,0.00016840723,c
test_0429.jpg,3.321171e-05,2.9309233e-05,0.999892,4.5395027e-05,c
test_0430.jpg,0.009522053,0.0035029675,0.015699212,0.9712758,d
test_0431.jpg,0.9999753,6.5403183e-06,7.411152e-06,1.0783162e-05,a
test_0432.jpg,6.1441297e-06,5.422175e-06,1.994707e-06,0.9999865,d
test_0433.jpg,6.2049374e-05,1.3845088e-05,4.222513e-06,0.9999199,d
test_0434.jpg,0.0052181487,0.00029438784,8.434352e-05,0.9944031,d
test_0435.jpg,0.00029419654,0.005909095,3.9815168e-05,0.993757,d
test_0436.jpg,0.9999933,1.9947204e-06,1.3709499e-06,3.2887378e-06,a
test_0437.jpg,2.5612612e-06,1.9947124e-06,6.1441465e-06,0.9999893,d
test_0438.jpg,3.288664e-06,0.9999708,1.0129797e-05,1.5689338e-05,b
test_0439.jpg,0.9984491,0.00026085335,0.00037953944,0.00091046776,a
test_0440.jpg,0.00024349021,8.4147956e-05,0.0075747576,0.9920975,d
test_0441.jpg,0.14498205,0.8343142,0.013485433,0.0072182324,b
test_0442.jpg,6.144134e-06,4.7850567e-06,1.873855e-06,0.99998724,d
test_0443.jpg,0.99976104,5.143257e-05,0.0001686409,1.8920984e-05,a
test_0444.jpg,0.9999794,5.093626e-06,6.5403447e-06,8.939592e-06,a
test_0445.jpg,3.0894869e-06,1.7603367e-06,6.0835606e-07,0.9999945,d
test_0446.jpg,0.0003353247,5.1423714e-05,2.429084e-05,0.9995889,d
test_0447.jpg,2.7535083e-05,1.147833e-05,1.0782893e-05,0.9999503,d
test_0448.jpg,0.99993885,2.7534767e-05,2.1444097e-05,1.2218477e-05,a
test_0449.jpg,0.00010228675,6.6041284e-05,6.2040046e-05,0.9997696,d
test_0450.jpg,6.203259e-05,0.9996494,0.00014880845,0.00013979261,b
test_0451.jpg,8.939067e-06,0.9999206,1.8924004e-05,5.1440777e-05,b
test_0452.jpg,4.7850062e-06,0.99997675,5.4221223e-06,1.3006996e-05,b
test_0453.jpg,5.422184e-06,4.222801e-06,2.2603028e-06,0.9999882,d
test_0454.jpg,5.0927615e-06,0.9998097,4.539129e-05,0.00013981502,b
test_0455.jpg,2.5612505e-06,3.9669426e-06,0.9999851,8.398017e-06,c
test_0456.jpg,2.0145102e-05,1.1478333e-05,0.99995065,1.7777993e-05,c
test_0457.jpg,1.8738722e-06,1.0030114e-06,7.338189e-07,0.9999964,d
test_0458.jpg,0.95158476,0.047376614,0.00031922112,0.0007193759,a
test_0459.jpg,0.017427005,0.95148224,0.028732274,0.0023584887,b
test_0460.jpg,0.00042986887,0.9979717,0.00042986887,0.0011685047,b
test_0461.jpg,0.99997926,8.397968e-06,3.5007943e-06,8.939591e-06,a
test_0462.jpg,7.888943e-06,5.093485e-06,0.9999517,3.5355795e-05,c
test_0463.jpg,0.99974793,2.9305009e-05,6.1426636e-06,0.00021653634,a
test_0464.jpg,1.776527e-05,0.99923503,3.7609072e-05,0.00070963113,b
test_0465.jpg,0.0009097665,0.9976801,0.0010309005,0.0003792471,b
test_0466.jpg,0.0064606224,0.00032165548,0.8461746,0.1470431,c
test_0467.jpg,0.0019266775,2.278386e-05,6.948684e-06,0.99804366,d
test_0468.jpg,6.9622174e-06,1.9947088e-06,3.500823e-06,0.9999875,d
test_0469.jpg,3.535493e-05,6.143766e-06,0.9999273,3.1200616e-05,c
test_0470.jpg,0.00026083004,5.467295e-05,0.99835986,0.0013246044,c
test_0471.jpg,0.3442698,0.0033751023,0.64318067,0.009174479,c
test_0472.jpg,0.09527742,0.000603079,0.00015248224,0.903967,d
test_0473.jpg,2.123297e-06,0.99995947,1.568916e-05,2.2827593e-05,b
test_0474.jpg,0.00011569188,3.5284032e-05,0.22266652,0.7771825,d
test_0475.jpg,0.99994385,1.01295245e-05,3.1201133e-05,1.4738371e-05,a
test_0476.jpg,0.0021257594,0.013861692,0.97177964,0.012232901,c
test_0477.jpg,2.1435291e-05,0.9995283,7.028362e-05,0.00037994966,b
test_0478.jpg,1.3845408e-05,0.999943,5.4219395e-06,3.763572e-05,b
test_0479.jpg,0.00020042634,0.01405097,0.0006995566,0.98504907,d
test_0480.jpg,1.2878667e-06,0.9999765,3.2886826e-06,1.8925062e-05,b
test_0481.jpg,1.2218251e-05,0.99992025,2.7534255e-05,4.00621e-05,b
test_0482.jpg,7.888476e-06,1.4737614e-05,8.4809115e-05,0.9998925,d
test_0483.jpg,0.99994934,2.9310913e-05,1.3006638e-05,8.397717e-06,a
test_0484.jpg,9.516102e-06,7.889125e-06,0.9999747,7.889125e-06,c
test_0485.jpg,0.00012338653,0.9998115,3.7630765e-05,2.753126e-05,b
test_0486.jpg,1.14784425e-05,6.9620273e-06,2.1444555e-05,0.9999602,d
test_0487.jpg,0.5619398,0.43763915,0.00027428014,0.00014681157,a
test_0488.jpg,0.9998851,3.11993e-05,3.5353438e-05,4.8322425e-05,a
test_0489.jpg,0.004004254,0.0003498878,0.015837131,0.9798086,d
test_0490.jpg,3.1198146e-05,0.999848,5.4754444e-05,6.6046465e-05,b
test_0491.jpg,3.089476e-06,8.3152116e-07,0.99999094,5.093685e-06,c
test_0492.jpg,2.429824e-05,2.014395e-05,0.9998934,6.204773e-05,c
test_0493.jpg,0.99998295,7.88919e-06,2.1233468e-06,6.962186e-06,a
test_0494.jpg,3.2887144e-06,9.422325e-07,0.9999862,9.51621e-06,c
test_0495.jpg,6.9619305e-06,1.1478282e-05,0.99994624,3.5355602e-05,c
test_0496.jpg,0.9998042,5.143479e-05,4.8318514e-05,9.609283e-05,a
test_0497.jpg,5.422188e-06,5.0936746e-06,5.368693e-07,0.9999889,d
test_0498.jpg,3.1199244e-05,0.9998833,4.006062e-05,4.5394634e-05,b
test_0499.jpg,1.5534679e-06,0.99997914,4.495108e-06,1.4738891e-05,b
test_0500.jpg,0.0002958591,7.027269e-05,0.9993729,0.00026109468,c
test_0501.jpg,6.9621187e-06,5.093595e-06,0.9999733,1.4738805e-05,c
test_0502.jpg,1.4738209e-05,6.9618377e-06,0.9999329,4.5396886e-05,c
test_0503.jpg,0.0001232177,0.000108739245,0.9984434,0.0013247152,c
test_0504.jpg,0.00023007345,0.00037932702,0.9978903,0.0015002673,c
test_0505.jpg,0.010875545,0.009597635,0.00054146146,0.9789853,d
test_0506.jpg,0.99991703,4.2645745e-05,2.0144425e-05,2.0144425e-05,a
test_0507.jpg,0.9996635,2.5859395e-05,0.00029594512,1.4734238e-05,a
test_0508.jpg,0.0021276383,0.52061594,0.45944193,0.017814497,b
test_0509.jpg,7.411236e-06,3.288716e-06,2.5612546e-06,0.99998665,d
test_0510.jpg,0.41389462,0.011029918,0.043624174,0.5314512,d
test_0511.jpg,2.5612364e-06,0.9999796,3.9669208e-06,1.38459145e-05,b
test_0512.jpg,0.9999684,6.9620846e-06,1.3845759e-05,1.0783087e-05,a
test_0513.jpg,3.3213986e-05,3.28863e-06,2.902206e-06,0.99996054,d
test_0514.jpg,0.000102278835,2.5860141e-05,0.00017950495,0.9996923,d
test_0515.jpg,8.939346e-06,0.99995184,1.7778013e-05,2.1444375e-05,b
test_0516.jpg,5.828573e-05,2.0143008e-05,0.9998467,7.484036e-05,c
test_0517.jpg,2.2603203e-06,1.0676997e-06,6.893587e-07,0.99999595,d
test_0518.jpg,1.0129946e-05,2.2602965e-06,2.123352e-06,0.99998546,d
test_0519.jpg,0.0031706,0.99617285,0.00058650196,7.0047674e-05,b
test_0520.jpg,1.4738413e-05,3.0893393e-06,0.9999467,3.5355617e-05,c
test_0521.jpg,2.4294257e-05,1.5685553e-05,0.00023049749,0.99972945,d
test_0522.jpg,0.0014914105,0.22134495,0.7725698,0.0045938673,c
test_0523.jpg,2.9022144e-06,0.9999634,2.5867155e-05,7.889036e-06,b
test_0524.jpg,0.9765395,0.00018665657,0.0003077447,0.022966009,a
test_0525.jpg,4.831527e-05,0.00013980488,0.9997371,7.4832154e-05,c
test_0526.jpg,0.9995709,0.00024532442,0.00010886204,7.481972e-05,a
test_0527.jpg,0.0005527645,1.4730675e-05,1.0777192e-05,0.9994217,d
test_0528.jpg,0.9999552,1.22186775e-05,2.7535216e-05,5.0935028e-06,a
test_0529.jpg,0.9999536,1.4738515e-05,7.410991e-06,2.4299705e-05,a
test_0530.jpg,5.82823e-05,0.999788,0.00010228863,5.1433955e-05,b
test_0531.jpg,5.0935464e-06,0.99996376,1.892482e-05,1.2218782e-05,b
test_0532.jpg,3.9646907e-06,0.9994174,2.585303e-05,0.0005527621,b
test_0533.jpg,0.00010888411,6.6041546e-05,0.99977356,5.1433213e-05,c
test_0534.jpg,0.0002446682,5.811378e-05,0.002800079,0.9968971,d
test_0535.jpg,8.994843e-05,0.99623305,0.0014977758,0.002179251,b
test_0536.jpg,0.00037994774,5.142034e-05,0.9995233,4.537829e-05,c
test_0537.jpg,2.4060946e-06,1.7603364e-06,1.3709514e-06,0.9999944,d
test_0538.jpg,0.000709528,0.00011582727,8.4741034e-05,0.99908984,d
test_0539.jpg,0.012425038,0.987043,0.00020083203,0.00033111603,b
test_0540.jpg,0.00023037034,0.0002958014,0.999178,0.0002958014,c
test_0541.jpg,5.422013e-06,0.9999566,1.7778098e-05,2.0145222e-05,b
test_0542.jpg,0.00012315367,2.5814414e-05,0.99792457,0.0019264477,c
test_0543.jpg,0.00045610892,0.0002023971,0.004606537,0.994735,d
test_0544.jpg,2.902185e-06,0.99995327,8.39775e-06,3.535585e-05,b
test_0545.jpg,9.515667e-06,3.0892847e-06,0.9999291,5.829053e-05,c
test_0546.jpg,2.5612676e-06,1.2098571e-06,0.9999918,4.495165e-06,c
test_0547.jpg,0.004066385,0.00021551049,0.99501157,0.0007066317,c
test_0548.jpg,0.99992335,1.5688594e-05,5.144092e-05,9.515613e-06,a
test_0549.jpg,1.892505e-05,3.2886808e-06,1.8738338e-06,0.9999759,d
test_0550.jpg,2.4060957e-06,8.3152446e-07,0.9999949,1.8738693e-06,c
test_0551.jpg,0.99995553,1.4738543e-05,9.515919e-06,2.0145202e-05,a
test_0552.jpg,1.6536849e-06,6.475923e-07,0.99999547,2.2603192e-06,c
test_0553.jpg,1.4736592e-05,6.604482e-05,0.99982315,9.6094656e-05,c
test_0554.jpg,0.042074446,0.0002663193,4.9264116e-05,0.95761,d
test_0555.jpg,0.99991095,4.539589e-05,1.7777287e-05,2.5865798e-05,a
test_0556.jpg,6.60444e-05,0.9998167,3.7630965e-05,7.966475e-05,b
test_0557.jpg,2.1441061e-05,2.2823891e-05,0.9997973,0.00015842919,c
test_0558.jpg,0.0021823447,0.00015808851,1.2190478e-05,0.99764735,d
test_0559.jpg,1.7773946e-05,0.999723,7.9657286e-05,0.00017951046,b
test_0560.jpg,4.784951e-06,0.9999652,1.2218799e-05,1.7778251e-05,b
test_0561.jpg,6.845629e-05,0.97354114,0.00044639106,0.025943993,b
test_0562.jpg,0.008548369,0.0027752493,0.00061924173,0.98805714,d
test_0563.jpg,1.994714e-06,9.4223617e-07,0.9999901,6.962236e-06,c
test_0564.jpg,4.829273e-05,5.472283e-05,0.0006262696,0.99927074,d
test_0565.jpg,0.99967086,9.025883e-05,0.00016862569,7.0293645e-05,a
test_0566.jpg,7.966208e-05,1.3843195e-05,0.9997832,0.00012338304,c
test_0567.jpg,0.37721598,0.621924,0.00038977637,0.00047016007,b
test_0568.jpg,0.9746936,0.0010071486,0.022922598,0.001376609,a
test_0569.jpg,2.5611178e-06,0.99993324,9.5157075e-06,5.475911e-05,b
test_0570.jpg,1.300697e-05,3.7265595e-06,0.99997485,8.397931e-06,c
test_0571.jpg,7.4843934e-05,1.3005924e-05,1.7776993e-05,0.9998944,d
test_0572.jpg,1.2218702e-05,1.6700986e-05,1.38456035e-05,0.9999572,d
test_0573.jpg,4.4951666e-06,1.7603327e-06,1.4593671e-06,0.99999225,d
test_0574.jpg,0.0003336786,0.00037810742,0.004606291,0.9946819,d
test_0575.jpg,0.99986017,3.7632602e-05,6.204567e-05,4.005969e-05,a
test_0576.jpg,2.561236e-06,2.4060585e-06,0.9999794,1.5689473e-05,c
test_0577.jpg,2.2791031e-05,0.0009103845,0.99835783,0.0007090082,c
test_0578.jpg,0.006560911,0.017834404,0.116294935,0.8593098,d
test_0579.jpg,1.3005715e-05,6.6048466e-05,0.9998783,4.2644093e-05,c
test_0580.jpg,3.2886928e-06,1.4738898e-05,2.2602833e-06,0.9999796,d
test_0581.jpg,0.9997209,8.937282e-06,0.0002611856,8.937282e-06,a
test_0582.jpg,8.392582e-06,0.0006263117,0.99933785,2.751822e-05,c
test_0583.jpg,9.516006e-06,0.9999646,6.9620583e-06,1.8924837e-05,b
test_0584.jpg,1.7602379e-06,0.99993837,8.397625e-06,5.1441693e-05,b
test_0585.jpg,3.500843e-06,6.4759087e-07,0.9999932,2.7264593e-06,c
test_0586.jpg,5.0936537e-06,6.5403806e-06,3.5008138e-06,0.99998486,d
test_0587.jpg,0.9996624,0.00016862426,0.0001313247,3.7625156e-05,a
test_0588.jpg,5.1373143e-05,1.7754084e-05,0.9986059,0.0013249307,c
test_0589.jpg,0.99994695,1.0782856e-05,1.3006607e-05,2.9310842e-05,a
test_0590.jpg,0.99996984,1.0783103e-05,7.889086e-06,1.14785535e-05,a
test_0591.jpg,9.516171e-06,4.7850317e-06,3.726586e-06,0.999982,d
test_0592.jpg,2.01448e-05,2.1444028e-05,0.9999356,2.282705e-05,c
test_0593.jpg,1.0783049e-05,2.1444654e-05,2.9022185e-06,0.99996483,d
test_0594.jpg,0.9987167,3.758956e-05,0.00033503212,0.00091071177,a
test_0595.jpg,0.001169323,0.00014866273,1.146364e-05,0.9986706,d
test_0596.jpg,9.0258414e-05,1.30029575e-05,0.99966633,0.00023048292,c
test_0597.jpg,0.9999523,1.4738495e-05,2.2827431e-05,1.012961e-05,a
test_0598.jpg,0.99994695,1.7777927e-05,1.3845462e-05,2.1444272e-05,a
test_0599.jpg,0.99998486,2.4060716e-06,6.962199e-06,5.7718657e-06,a
test_0600.jpg,5.422126e-06,3.2886858e-06,0.99997747,1.38458845e-05,c
test_0601.jpg,0.9999012,2.5865545e-05,2.753373e-05,4.5395445e-05,a
test_0602.jpg,1.7602846e-06,0.99996495,7.4110753e-06,2.5867195e-05,b
test_0603.jpg,0.0006262124,0.0001397269,0.9991794,5.471783e-05,c
test_0604.jpg,1.3845888e-05,2.260279e-06,6.1440755e-06,0.9999777,d
test_0605.jpg,4.222789e-06,1.6536679e-06,0.9999852,8.939644e-06,c
test_0606.jpg,0.99997544,5.771811e-06,6.540319e-06,1.2218925e-05,a
test_0607.jpg,0.99993396,2.4299226e-05,1.8924256e-05,2.2827011e-05,a
test_0608.jpg,0.00029175836,0.00012946698,0.014057703,0.98552114,d
test_0609.jpg,0.00037946532,0.00033487694,0.9982541,0.0010314937,c
test_0610.jpg,1.7602657e-06,0.9999542,1.0782935e-05,3.3213775e-05,b
test_0611.jpg,0.0002763755,0.002791294,0.0031629503,0.99376935,d
test_0612.jpg,0.003166149,0.0019203663,0.00013911088,0.9947744,d
test_0613.jpg,5.0936446e-06,8.398e-06,3.5008075e-06,0.9999831,d
test_0614.jpg,3.7602993e-05,0.9990735,0.00017939384,0.0007095164,b
test_0615.jpg,0.99920756,0.0003351968,0.00027788788,0.0001794179,a
test_0616.jpg,0.0002604575,0.99693394,0.0024711522,0.00033443407,b
test_0617.jpg,0.00023039963,0.0003798648,0.999305,8.475928e-05,c
test_0618.jpg,0.9999769,3.96691e-06,6.9621437e-06,1.2218942e-05,a
test_0619.jpg,1.5534399e-06,0.99996114,1.1478454e-05,2.5867095e-05,b
test_0620.jpg,4.822731e-05,0.0017000713,0.997917,0.00033476384,c
test_0621.jpg,1.4738646e-05,7.889029e-06,0.99996257,1.4738646e-05,c
test_0622.jpg,1.7603086e-06,0.99997854,9.516138e-06,1.0129876e-05,b
test_0623.jpg,1.4738917e-05,2.2602862e-06,2.1233425e-06,0.9999809,d
test_0624.jpg,8.478695e-05,2.2820099e-05,0.99963117,0.00026116217,c
test_0625.jpg,0.00033530986,3.53414e-05,0.99954456,8.4779604e-05,c
test_0626.jpg,4.222746e-06,0.9999751,3.966903e-06,1.6701284e-05,b
test_0627.jpg,0.00042886724,0.9956463,0.0035908613,0.00033400214,b
test_0628.jpg,6.540319e-06,4.2227475e-06,1.3845856e-05,0.99997544,d
test_0629.jpg,0.0003481403,0.010830329,0.0139064165,0.9749151,d
test_0630.jpg,2.5758987e-05,0.9957819,0.004069533,0.00012288925,b
test_0631.jpg,8.397981e-06,0.9999808,5.0936333e-06,5.771842e-06,b
test_0632.jpg,9.6082345e-05,2.9303459e-05,0.00017950544,0.99969506,d
test_0633.jpg,0.99141777,0.0002147321,0.0007978266,0.0075695678,a
test_0634.jpg,0.9997825,0.00015842685,4.8317466e-05,1.0781083e-05,a
test_0635.jpg,0.0003971955,0.014001624,0.0040115323,0.9815896,d
test_0636.jpg,1.9946522e-06,0.9999591,1.3006766e-05,2.5867044e-05,b
test_0637.jpg,0.9999391,2.9310611e-05,1.1478201e-05,2.014487e-05,a
test_0638.jpg,0.000910549,0.00033497225,0.99853826,0.00021627433,c
test_0639.jpg,0.9998111,0.00013134425,2.429624e-05,3.320902e-05,a
test_0640.jpg,5.1439227e-05,2.2826018e-05,3.5353627e-05,0.99989045,d
test_0641.jpg,0.99994195,2.5866599e-05,2.1444164e-05,1.0782803e-05,a
test_0642.jpg,3.7634403e-05,1.8923767e-05,3.5354253e-05,0.9999081,d
test_0643.jpg,2.1444537e-05,1.3006769e-05,0.99995935,6.1439628e-06,c
test_0644.jpg,0.9989864,0.00029574468,0.00048760057,0.00023032617,a
test_0645.jpg,3.0894153e-06,0.9999713,2.9022372e-06,2.2827862e-05,b
test_0646.jpg,1.8923049e-05,0.9998702,9.6099175e-05,1.4737285e-05,b
test_0647.jpg,1.22083375e-05,0.99910897,0.000804016,7.4785145e-05,b
test_0648.jpg,1.3006554e-05,0.9999428,1.3006554e-05,3.12011e-05,b
test_0649.jpg,3.7266225e-06,2.4060882e-06,0.9999918,2.1233654e-06,c
test_0650.jpg,0.9999306,3.120072e-05,1.6700542e-05,2.144392e-05,a
test_0651.jpg,4.7850876e-06,8.8515213e-07,6.4759115e-07,0.9999937,d
test_0652.jpg,0.00023036129,0.9991387,0.0003351737,0.00029578977,b
test_0653.jpg,4.7846625e-06,0.9999049,2.4298519e-05,6.605022e-05,b
test_0654.jpg,0.9999733,6.540305e-06,1.22188985e-05,7.8891135e-06,a
test_0655.jpg,3.5007863e-06,0.999977,6.540329e-06,1.3006998e-05,b
test_0656.jpg,2.4268867e-05,0.9986847,0.0008036746,0.00048745328,b
test_0657.jpg,9.6089614e-05,0.9997707,2.429526e-05,0.0001088838,b
test_0658.jpg,0.0011555676,0.9869227,0.0009579992,0.010963721,b
test_0659.jpg,7.889208e-06,3.966943e-06,2.9022776e-06,0.9999852,d
test_0660.jpg,1.5534462e-06,0.9999652,7.411077e-06,2.58672e-05,b
test_0661.jpg,0.9993624,7.0271955e-05,0.00048778407,7.962855e-05,a
test_0662.jpg,0.9998995,2.0144073e-05,3.763408e-05,4.2645e-05,a
test_0663.jpg,0.00035245912,0.012424612,0.00021377725,0.9870092,d
test_0664.jpg,1.0676716e-06,0.9999696,7.889084e-06,2.1444757e-05,b
test_0665.jpg,4.0059807e-05,0.999863,4.5393714e-05,5.1437815e-05,b
test_0666.jpg,0.9999536,2.0145162e-05,1.4738515e-05,1.1478368e-05,a
test_0667.jpg,0.9999527,1.5689055e-05,5.7716798e-06,2.5866877e-05,a
test_0668.jpg,3.966619e-06,0.99990344,1.7777153e-05,7.484461e-05,b
test_0669.jpg,5.7716234e-06,0.9999429,2.0144947e-05,3.1201103e-05,b
test_0670.jpg,1.1478727e-05,1.9947038e-06,1.553477e-06,0.999985,d
test_0671.jpg,4.494906e-06,0.9999342,2.5866399e-05,3.5355173e-05,b
test_0672.jpg,1.8924904e-05,7.8890735e-06,5.0935687e-06,0.9999682,d
test_0673.jpg,0.00029545013,0.00080311665,0.99799144,0.0009100504,c
test_0674.jpg,3.763612e-05,5.4219977e-06,3.2886078e-06,0.99995375,d
test_0675.jpg,0.0009083615,0.99613935,0.0010293084,0.0019230014,b
test_0676.jpg,0.00012958275,0.00012173173,0.5620352,0.43771344,c
test_0677.jpg,2.9301413e-05,0.0003353369,1.0126297e-05,0.9996252,d
test_0678.jpg,1.13654e-06,0.99997795,7.889151e-06,1.3007011e-05,b
test_0679.jpg,2.0143661e-05,0.9998791,2.5864974e-05,7.484279e-05,b
test_0680.jpg,1.300338e-05,8.4792686e-05,0.9996989,0.0002034071,c
test_0681.jpg,0.9998266,5.4753273e-05,7.0304595e-05,4.8319594e-05,a
test_0682.jpg,2.7263468e-06,0.99995196,1.7778015e-05,2.7535129e-05,b
test_0683.jpg,1.0676794e-06,0.9999769,5.4221227e-06,1.6701315e-05,b
test_0684.jpg,8.473966e-05,3.7602997e-05,0.00080398755,0.9990736,d
test_0685.jpg,0.00016705504,0.007561488,0.99035954,0.0019118438,c
test_0686.jpg,0.99997056,8.9395135e-06,5.771783e-06,1.4738765e-05,a
test_0687.jpg,1.3845384e-05,4.784837e-06,0.99994135,4.0062943e-05,c
test_0688.jpg,0.9998627,1.7776429e-05,9.0276146e-05,2.9308372e-05,a
test_0689.jpg,0.99993885,2.0144866e-05,2.4299345e-05,1.670068e-05,a
test_0690.jpg,0.89890844,0.03485446,0.0011203949,0.06511671,a
test_0691.jpg,8.939153e-06,0.99993026,2.753453e-05,3.321298e-05,b
test_0692.jpg,1.14780805e-05,5.1441188e-05,8.397543e-06,0.9999286,d
test_0693.jpg,0.0015006397,6.5933506e-05,0.0002954935,0.99813795,d
test_0694.jpg,7.443849e-05,0.0052185403,0.00022928666,0.99447775,d
test_0695.jpg,1.2218736e-05,1.8924748e-05,8.939418e-06,0.99995995,d
test_0696.jpg,3.3146815e-05,0.9979382,0.00010209938,0.001926474,b
test_0697.jpg,8.398045e-06,1.287882e-06,1.8738572e-06,0.99998844,d
test_0698.jpg,4.0061917e-05,1.6700293e-05,0.9999157,2.753413e-05,c
test_0699.jpg,2.7264596e-06,2.2603144e-06,1.6536814e-06,0.9999933,d
test_0700.jpg,3.7257494e-06,0.99975747,0.00020341903,3.5348927e-05,b
test_0701.jpg,0.9999856,5.0936574e-06,3.9669444e-06,5.42217e-06,a
test_0702.jpg,8.93951e-06,3.0894118e-06,0.9999702,1.777834e-05,c
test_0703.jpg,0.0024718703,0.00022991974,7.464402e-05,0.9972236,d
test_0704.jpg,0.9713364,0.0050971056,0.017790647,0.005775777,a
test_0705.jpg,0.00010880453,0.0002957614,0.9990428,0.00055255496,c
test_0706.jpg,6.5399595e-06,0.9999205,3.535469e-05,3.763487e-05,b
test_0707.jpg,0.00017951972,1.6697935e-05,2.9305787e-05,0.9997745,d
test_0708.jpg,0.0001584329,1.6698705e-05,4.2220936e-06,0.99982065,d
test_0709.jpg,3.2886776e-06,3.9669026e-06,0.99997497,1.7778424e-05,c
test_0710.jpg,0.9998944,7.030936e-05,1.3844734e-05,2.1443144e-05,a
test_0711.jpg,6.5403115e-06,1.0783151e-05,0.99997425,8.397926e-06,c
test_0712.jpg,0.00016625531,0.0001561824,0.98561853,0.014059093,c
test_0713.jpg,0.00020204163,0.005904522,0.99298793,0.0009054878,c
test_0714.jpg,2.4297447e-05,4.0059716e-05,0.99986076,7.484142e-05,c
test_0715.jpg,0.82994175,0.1634252,0.006336683,0.00029637062,a
test_0716.jpg,0.99998176,3.2886999e-06,1.1478691e-05,3.500803e-06,a
test_0717.jpg,0.00027473902,0.98788506,0.005183945,0.006656317,b
test_0718.jpg,2.726411e-06,0.99997544,2.9022494e-06,1.8925042e-05,b
test_0719.jpg,0.008875928,0.9053692,0.0015424051,0.08421245,b
test_0720.jpg,0.005654439,0.14582989,0.009322594,0.8391931,d
test_0721.jpg,2.4060926e-06,1.459369e-06,2.5612721e-06,0.99999356,d
test_0722.jpg,0.0010313113,0.99807775,0.00048715703,0.00040386734,b
test_0723.jpg,1.0783049e-05,1.2218796e-05,0.99996483,1.2218796e-05,c
test_0724.jpg,6.5402714e-06,5.0935687e-06,2.0145455e-05,0.9999682,d
test_0725.jpg,3.7265893e-06,3.9669335e-06,0.99998283,9.516179e-06,c
test_0726.jpg,0.9998379,1.7775988e-05,1.3005189e-05,0.00013134777,a
test_0727.jpg,6.204539e-05,7.4102654e-06,0.99985564,7.484103e-05,c
test_0728.jpg,7.030098e-05,0.9997751,3.119587e-05,0.00012338205,b
test_0729.jpg,2.144379e-05,2.2826796e-05,0.99992454,3.1200532e-05,c
test_0730.jpg,1.5689377e-05,5.4221027e-06,5.7717984e-06,0.9999732,d
test_0731.jpg,1.1478404e-05,8.939391e-06,0.99995685,2.2827533e-05,c
test_0732.jpg,0.9987501,0.00011578789,0.00010218244,0.0010320061,a
test_0733.jpg,0.00016760013,0.99359107,0.00033331267,0.005908108,b
test_0734.jpg,0.99997866,8.939585e-06,7.889156e-06,4.4951057e-06,a
test_0735.jpg,7.4111945e-06,5.7718435e-06,0.99998105,5.7718435e-06,c
test_0736.jpg,0.99997544,6.9621337e-06,1.0129844e-05,7.411153e-06,a
test_0737.jpg,6.962173e-06,6.962173e-06,5.0936346e-06,0.99998105,d
test_0738.jpg,0.7302451,0.2686422,0.00062555267,0.0004871809,a
test_0739.jpg,0.0066494853,0.004033117,0.9868711,0.002446209,c
test_0740.jpg,4.222713e-06,0.9999672,1.7778288e-05,1.0783075e-05,b
test_0741.jpg,2.2603183e-06,7.3381796e-07,0.9999951,1.8738697e-06,c
test_0742.jpg,0.9994555,2.9296438e-05,0.000430508,8.477205e-05,a
test_0743.jpg,0.9999536,1.892463e-05,1.0782928e-05,1.6700926e-05,a
test_0744.jpg,0.00026474003,0.9519314,0.047393873,0.00041003735,b
test_0745.jpg,2.5853209e-05,0.99942434,6.201862e-05,0.00048781428,b
test_0746.jpg,5.422153e-06,1.9946988e-06,0.9999825,1.0129916e-05,c
test_0747.jpg,3.089458e-06,2.2602958e-06,0.9999851,9.5162e-06,c
test_0748.jpg,2.5858657e-05,3.9655533e-06,0.99963486,0.00033534013,c
test_0749.jpg,0.99684393,0.000260434,9.580832e-05,0.0027999296,a
test_0750.jpg,1.777258e-05,0.9996462,0.00029594,4.0051116e-05,b
test_0751.jpg,0.0013350039,0.94523555,0.047060505,0.0063689467,b
test_0752.jpg,2.5862635e-05,0.00012338372,6.204123e-05,0.9997887,d
test_0753.jpg,9.516132e-06,8.397957e-06,4.222758e-06,0.99997795,d
test_0754.jpg,0.9999136,4.83238e-05,6.961703e-06,3.120019e-05,a
test_0755.jpg,5.093494e-06,0.9999535,1.0129622e-05,3.1201434e-05,b
test_0756.jpg,1.003004e-06,0.9999889,3.500828e-06,6.5404074e-06,b
test_0757.jpg,0.99998665,6.962212e-06,2.406076e-06,3.966949e-06,a
test_0758.jpg,0.999925,1.4738093e-05,2.0144587e-05,4.006229e-05,a
test_0759.jpg,0.99994886,1.6700846e-05,2.4299588e-05,1.0129575e-05,a
test_0760.jpg,6.951688e-06,0.0015011466,1.6676233e-05,0.99847513,d
test_0761.jpg,1.14784925e-05,7.4110717e-06,0.9999645,1.6701108e-05,c
test_0762.jpg,1.4593683e-06,1.5534896e-06,0.9999931,3.9669744e-06,c
test_0763.jpg,0.14795886,0.85144454,0.00025206569,0.00034453292,b
test_0764.jpg,0.99939895,0.00023042128,7.480685e-05,0.0002958668,a
test_0765.jpg,4.8324393e-05,1.0129342e-05,0.99992585,1.5688633e-05,c
test_0766.jpg,0.001463616,0.022894809,0.973512,0.002129549,c
test_0767.jpg,0.9999559,1.8924671e-05,6.1439414e-06,1.8924671e-05,a
test_0768.jpg,0.9994056,7.9631995e-05,0.00033526323,0.00017945348,a
test_0769.jpg,0.9999764,8.939565e-06,8.939565e-06,5.7718166e-06,a
test_0770.jpg,8.398014e-06,6.1441187e-06,6.4758535e-07,0.99998474,d
test_0771.jpg,5.473987e-05,0.9995819,0.0002611493,0.000102267535,b
test_0772.jpg,0.99908435,0.00080399617,2.1425773e-05,9.0205875e-05,a
test_0773.jpg,6.144078e-06,4.2227584e-06,0.99997807,1.1478648e-05,c
test_0774.jpg,0.00043042272,0.0002033173,0.9992575,0.00010882791,c
test_0775.jpg,3.726599e-06,7.88921e-06,0.99998546,2.9022783e-06,c
test_0776.jpg,7.4103455e-06,2.7261137e-06,0.9998665,0.00012339333,c
test_0777.jpg,1.8923516e-05,2.014398e-05,0.99989486,6.6049564e-05,c
test_0778.jpg,0.99986756,1.2217607e-05,8.4807e-05,3.535282e-05,a
test_0779.jpg,0.00062626245,9.022167e-05,2.4282832e-05,0.9992593,d
test_0780.jpg,8.4781546e-05,0.99956745,0.00021649725,0.00013131223,b
test_0781.jpg,0.9998698,1.7776556e-05,1.0128774e-05,0.000102297,a
test_0782.jpg,0.9998708,7.4842166e-05,1.8923061e-05,3.5352932e-05,a
test_0783.jpg,0.99991584,1.5688476e-05,2.5865924e-05,4.2645694e-05,a
test_0784.jpg,0.99997616,2.9022515e-06,1.4738847e-05,6.144066e-06,a
test_0785.jpg,0.0016349587,0.7474127,0.008303005,0.24264938,b
test_0786.jpg,0.95393395,0.0030361628,0.041912932,0.0011169418,a
test_0787.jpg,0.64714867,0.0055989334,0.00085862423,0.34639376,a
test_0788.jpg,0.9999473,9.515841e-06,2.7535e-05,1.5688971e-05,a
test_0789.jpg,2.726428e-06,0.99998176,3.2886999e-06,1.2219002e-05,b
test_0790.jpg,0.00070811337,1.2969548e-05,0.99709785,0.0021811428,c
test_0791.jpg,5.771903e-06,1.760331e-06,1.1365552e-06,0.9999913,d
test_0792.jpg,0.00010887228,0.9996649,2.2820868e-05,0.00020340018,b
test_0793.jpg,4.539426e-05,0.99987507,4.832194e-05,3.119899e-05,b
test_0794.jpg,4.830811e-05,0.9995889,2.7525131e-05,0.0003353247,b
test_0795.jpg,6.1439737e-06,0.99996114,8.397816e-06,2.4299887e-05,b
test_0796.jpg,0.9994116,4.5373217e-05,8.476832e-05,0.00045825323,a
test_0797.jpg,1.8924831e-05,4.4950416e-06,0.99996436,1.2218789e-05,c
test_0798.jpg,0.99916995,0.00016854118,0.0006262064,3.532815e-05,a
test_0799.jpg,1.9947258e-06,1.0676998e-06,8.8515424e-07,0.99999607,d
test_0800.jpg,4.2615597e-05,3.7608133e-05,0.00070961344,0.9992101,d
test_0801.jpg,0.99983466,6.6045584e-05,3.3209806e-05,6.6045584e-05,a
test_0802.jpg,4.8324375e-05,1.7777546e-05,8.3975165e-06,0.9999255,d
test_0803.jpg,4.8321894e-05,0.9998741,5.4755874e-05,2.2825645e-05,b
test_0804.jpg,0.11752649,0.0016764253,0.0123872,0.8684098,d
test_0805.jpg,0.99996984,7.889086e-06,1.14785535e-05,1.0783103e-05,a
test_0806.jpg,0.00091000646,0.00011569434,0.9979432,0.0010311723,c
test_0807.jpg,1.7778364e-05,4.2227307e-06,0.9999715,6.5402933e-06,c
test_0808.jpg,4.2628617e-05,6.202427e-05,0.9995154,0.00037994477,c
test_0809.jpg,0.9794382,0.00014579979,0.02032759,8.843205e-05,a
test_0810.jpg,0.99981874,2.4296425e-05,5.475284e-05,0.00010229177,a
test_0811.jpg,5.4756456e-05,1.2217816e-05,0.9998847,4.8322407e-05,c
test_0812.jpg,6.961898e-06,1.147823e-05,0.9999416,4.0062954e-05,c
test_0813.jpg,4.222734e-06,3.5007695e-06,0.9999722,2.0145537e-05,c
test_0814.jpg,0.99978095,4.831739e-05,1.2216548e-05,0.00015842661,a
test_0815.jpg,6.962198e-06,3.7265959e-06,0.9999846,4.785044e-06,c
test_0816.jpg,0.00013106172,0.9976605,0.0014999219,0.00070851296,b
test_0817.jpg,0.9999474,3.1201245e-05,1.3006614e-05,8.397701e-06,a
test_0818.jpg,5.826885e-05,0.00012335516,0.9995572,0.00026114285,c
test_0819.jpg,6.9603375e-06,0.9997174,9.608449e-05,0.00017950946,b
test_0820.jpg,0.00012312476,0.0002606551,0.9976903,0.0019259955,c
test_0821.jpg,6.962184e-06,1.4593531e-06,0.9999827,8.939622e-06,c
test_0822.jpg,1.14691575e-05,0.99915123,3.3187105e-05,0.00080405,b
test_0823.jpg,6.1440455e-06,0.9999728,2.1233252e-06,1.8924991e-05,b
test_0824.jpg,9.0207664e-05,0.9991042,9.602556e-05,0.00070953823,b
test_0825.jpg,0.0011687545,0.00021619785,0.9981851,0.00042996078,c
test_0826.jpg,0.9999374,1.7777757e-05,2.5866482e-05,1.8924322e-05,a
test_0827.jpg,0.0020953272,0.0056956895,0.8453153,0.14689375,c
test_0828.jpg,0.0021820918,0.99753165,7.014323e-05,0.00021605632,b
test_0829.jpg,0.99993813,2.4299328e-05,1.4738286e-05,2.2827107e-05,a
test_0830.jpg,0.99944764,0.00026111424,7.4810494e-05,0.00021647131,a
test_0831.jpg,0.9999945,1.3709516e-06,1.0676982e-06,3.0894869e-06,a
test_0832.jpg,0.002773182,0.98732114,0.004034956,0.0058708256,b
test_0833.jpg,4.494961e-06,2.7534978e-05,0.9999465,2.144426e-05,c
test_0834.jpg,0.0002033596,3.53386e-05,0.9994654,0.00029588648,c
test_0835.jpg,3.7635786e-05,3.7264474e-06,1.38454325e-05,0.9999448,d
test_0836.jpg,0.0052195643,7.445309e-05,3.3038355e-05,0.99467295,d
test_0837.jpg,0.0002958718,0.00010884515,0.9994159,0.00017945531,c
test_0838.jpg,7.411176e-06,1.2218963e-05,1.7603086e-06,0.99997854,d
test_0839.jpg,6.144089e-06,3.7265786e-06,0.99998,1.012989e-05,c
test_0840.jpg,0.84815377,0.00053156057,0.14738701,0.0039277314,a
test_0841.jpg,3.288705e-06,1.0129924e-05,3.288705e-06,0.9999833,d
test_0842.jpg,8.8513576e-07,0.9999752,1.0129842e-05,1.3845854e-05,b
test_0843.jpg,0.0013225946,0.0010300376,0.9968451,0.0008021942,c
test_0844.jpg,1.2218947e-05,6.540331e-06,3.966911e-06,0.99997723,d
test_0845.jpg,8.939645e-06,3.2887117e-06,2.4060728e-06,0.99998534,d
test_0846.jpg,6.1438896e-06,0.9999474,1.8924511e-05,2.7535003e-05,b
test_0847.jpg,0.9228022,0.0013033202,0.06684757,0.009046835,a
test_0848.jpg,0.0013235576,7.467002e-05,0.99757093,0.0010307877,c
test_0849.jpg,6.5404242e-06,6.475898e-07,1.3709475e-06,0.99999154,d
test_0850.jpg,4.494679e-06,0.9998838,1.5687974e-05,9.6100484e-05,b
test_0851.jpg,0.0019188145,0.0013187806,0.0027918587,0.9939705,d
test_0852.jpg,0.0045136805,0.9746835,0.00057385006,0.020228911,b
test_0853.jpg,5.8289068e-05,8.397336e-06,0.99990404,2.9309585e-05,c
test_0854.jpg,2.5612653e-06,2.406086e-06,4.2228125e-06,0.9999908,d
test_0855.jpg,3.535004e-05,0.99978894,7.966254e-05,9.609137e-05,b
test_0856.jpg,0.00017951863,0.99976844,2.930561e-05,2.2823233e-05,b
test_0857.jpg,2.9022053e-06,0.9999603,7.4110408e-06,2.9311233e-05,b
test_0858.jpg,2.9022947e-06,4.4951616e-06,1.5534864e-06,0.99999106,d
test_0859.jpg,3.2887415e-06,1.4593702e-06,9.422402e-07,0.9999944,d
test_0860.jpg,0.0002302346,0.0010318399,0.9985892,0.00014865062,c
test_0861.jpg,1.30066965e-05,8.9393625e-06,2.4299707e-05,0.99995375,d
test_0862.jpg,0.99997854,7.889155e-06,5.7718294e-06,7.889155e-06,a
test_0863.jpg,0.99992704,2.2826853e-05,2.4299057e-05,2.5866215e-05,a
test_0864.jpg,0.9999753,7.411152e-06,8.397935e-06,8.939555e-06,a
test_0865.jpg,6.1441115e-06,9.516186e-06,7.811361e-07,0.99998355,d
test_0866.jpg,7.9667254e-05,1.0128555e-05,0.9998481,6.204492e-05,c
test_0867.jpg,2.9309449e-05,0.9998994,4.5395365e-05,2.5865498e-05,b
test_0868.jpg,5.714885e-07,0.99997854,5.093622e-06,1.568946e-05,b
test_0869.jpg,0.0010316394,0.99839514,0.00027766198,0.00029556965,b
test_0870.jpg,0.00013726353,0.0024330544,0.9815641,0.015865507,c
test_0871.jpg,7.889164e-06,3.5007959e-06,8.939595e-06,0.99997973,d
test_0872.jpg,3.5354315e-05,4.0061685e-05,1.47378705e-05,0.9999099,d
test_0873.jpg,3.9669403e-06,4.2227857e-06,7.41122e-06,0.9999845,d
test_0874.jpg,1.2218956e-05,7.889151e-06,1.99469e-06,0.99997795,d
test_0875.jpg,4.539599e-05,2.753406e-05,1.3844995e-05,0.9999132,d
test_0876.jpg,0.9998301,0.00010889028,9.514726e-06,5.1436124e-05,a
test_0877.jpg,0.9999783,4.22276e-06,9.516136e-06,7.8891535e-06,a
test_0878.jpg,4.8322003e-05,0.9998764,3.763321e-05,3.763321e-05,b
test_0879.jpg,0.99755764,0.0001580743,0.0021821486,0.00010206044,a
test_0880.jpg,6.144074e-06,7.411168e-06,0.99997747,8.939575e-06,c
test_0881.jpg,2.9309085e-05,3.9665533e-06,0.999887,7.967035e-05,c
test_0882.jpg,0.99995756,1.14784125e-05,2.1444499e-05,9.5159385e-06,a
test_0883.jpg,0.9999815,6.1440987e-06,3.2886992e-06,8.939611e-06,a
test_0884.jpg,7.027638e-05,0.00048781474,1.6692102e-05,0.9994253,d
test_0885.jpg,0.0008039577,8.473651e-05,7.477972e-05,0.99903655,d
test_0886.jpg,0.00042680258,0.00014749903,0.008572559,0.99085313,d
test_0887.jpg,5.4219704e-06,0.99994874,5.771657e-06,4.0063238e-05,b
test_0888.jpg,3.2887317e-06,7.8114226e-07,0.9999914,4.495163e-06,c
test_0889.jpg,4.5388828e-05,9.026646e-05,0.99975544,0.00010888214,c
test_0890.jpg,1.2218508e-05,0.99994135,2.7534836e-05,1.8924396e-05,b
test_0891.jpg,0.0004305117,2.5854239e-05,0.9994641,7.963665e-05,c
test_0892.jpg,0.00062632083,1.5679638e-05,5.4187376e-06,0.9993525,d
test_0893.jpg,9.594477e-05,0.99826366,0.0015008287,0.00013959882,b
test_0894.jpg,4.4946096e-06,0.9998683,3.1198775e-05,9.609899e-05,b
test_0895.jpg,2.5865009e-05,0.99988043,4.83222e-05,4.5394503e-05,b
test_0896.jpg,0.07577273,0.9231009,0.0006158441,0.00051055267,b
test_0897.jpg,2.9023e-06,2.5612703e-06,1.7603337e-06,0.99999285,d
test_0898.jpg,0.9991285,6.599894e-05,0.00070955546,9.602789e-05,a
test_0899.jpg,7.889134e-06,2.40605e-06,0.9999759,1.3845863e-05,c
test_0900.jpg,0.9999119,2.1443519e-05,3.5354387e-05,3.1200136e-05,a
test_0901.jpg,0.005172179,0.00065756874,0.98564285,0.008527481,c
test_0902.jpg,1.9946995e-06,0.99998283,5.0936437e-06,1.0129919e-05,b
test_0903.jpg,0.9981779,5.1351122e-05,7.018866e-05,0.0017005157,a
test_0904.jpg,0.9999157,2.5865922e-05,4.264569e-05,1.5688474e-05,a
test_0905.jpg,0.9947633,0.0005856721,0.0005856721,0.00406537,a
test_0906.jpg,0.99996066,1.4738618e-05,1.6701044e-05,7.889014e-06,a
test_0907.jpg,2.4058907e-06,0.99990964,3.0892247e-06,8.481057e-05,b
test_0908.jpg,1.3845898e-05,5.7718285e-06,1.9946908e-06,0.9999784,d
test_0909.jpg,0.00080402597,0.99912137,2.9286643e-05,4.536004e-05,b
test_0910.jpg,9.515418e-06,0.99990284,2.930955e-05,5.8289e-05,b
test_0911.jpg,9.025217e-05,5.1424136e-05,0.00026115327,0.99959713,d
test_0912.jpg,0.00016846642,0.99872667,0.0005523801,0.0005523801,b
test_0913.jpg,2.753539e-05,7.889021e-06,3.089385e-06,0.9999615,d
test_0914.jpg,2.7533199e-05,7.4842996e-05,0.99988186,1.5687943e-05,c
test_0915.jpg,0.0015000599,0.99775225,0.00048699815,0.00026067128,b
test_0916.jpg,9.5922005e-05,0.9980268,0.0011685692,0.0007087731,b
test_0917.jpg,0.00024490233,0.0015002084,0.00040377563,0.99785113,d
test_0918.jpg,1.297815e-05,0.9977591,0.0021825894,4.5298195e-05,b
test_0919.jpg,0.99999225,2.4060894e-06,1.9947183e-06,3.2887344e-06,a
test_0920.jpg,0.000335226,0.00023039724,0.99929464,0.000139743,c
test_0921.jpg,0.09148087,0.0024378828,0.038134903,0.8679464,d
test_0922.jpg,0.00010866764,0.0019261801,0.00017916264,0.9977859,d
test_0923.jpg,0.998546,0.0007091418,0.00031467978,0.00043011623,a
test_0924.jpg,6.604826e-05,0.9998752,3.1198993e-05,2.7533015e-05,b
test_0925.jpg,3.966894e-06,0.9999728,5.422101e-06,1.7778386e-05,b
test_0926.jpg,2.726445e-06,7.88923e-06,1.4593608e-06,0.99998796,d
test_0927.jpg,8.39804e-06,1.9947095e-06,1.760325e-06,0.99998784,d
test_0928.jpg,0.06396659,0.049817227,0.0031847088,0.8830314,d
test_0929.jpg,2.12329e-06,0.99995625,8.397775e-06,3.3213844e-05,b
test_0930.jpg,0.99997294,5.0935932e-06,1.3006946e-05,8.939534e-06,a
test_0931.jpg,0.999984,6.144114e-06,5.422162e-06,4.49513e-06,a
test_0932.jpg,1.0782706e-05,4.832474e-05,7.888796e-06,0.999933,d
test_0933.jpg,0.9927448,0.0052094464,0.0016912598,0.00035450727,a
test_0934.jpg,0.99997306,6.144047e-06,6.9621174e-06,1.3845824e-05,a
test_0935.jpg,1.0782845e-05,3.2885819e-06,0.9999459,4.0063125e-05,c
test_0936.jpg,0.9971623,0.0002773191,0.0003790503,0.0021812837,a
test_0937.jpg,4.4951644e-06,1.8738632e-06,1.9947172e-06,0.99999166,d
test_0938.jpg,0.00013975563,0.999385,0.00017944978,0.00029586267,b
test_0939.jpg,0.9999238,2.282678e-05,1.5688602e-05,3.7634996e-05,a
test_0940.jpg,0.99953544,9.6067e-05,3.3199864e-05,0.00033530677,a
test_0941.jpg,0.05039089,0.006018333,0.89319986,0.05039089,c
test_0942.jpg,1.4738631e-05,1.0783013e-05,1.30067965e-05,0.9999615,d
test_0943.jpg,3.9666725e-06,0.99991703,2.7534166e-05,5.1440595e-05,b
test_0944.jpg,0.99707127,0.0019248005,0.0003790157,0.00062489114,a
test_0945.jpg,0.9999397,1.8924364e-05,1.0129482e-05,3.1201005e-05,a
test_0946.jpg,0.010908478,0.005838887,0.98194987,0.0013028318,c
test_0947.jpg,3.0894803e-06,3.5008402e-06,1.0676958e-06,0.9999924,d
test_0948.jpg,7.885586e-06,0.99952614,0.00043053844,3.5340745e-05,b
test_0949.jpg,0.9993073,0.00033523023,7.962416e-05,0.00027791565,a
test_0950.jpg,0.00017949862,1.4734143e-05,0.99965703,0.00014880959,c
test_0951.jpg,0.9987931,6.597678e-05,0.00010877734,0.0010320506,a
test_0952.jpg,0.99997246,8.397911e-06,8.397911e-06,1.0783132e-05,a
test_0953.jpg,6.204091e-05,5.8282047e-05,9.609085e-05,0.9997836,d
test_0954.jpg,5.7717957e-06,1.7778384e-05,3.7265515e-06,0.9999727,d
test_0955.jpg,8.938149e-06,0.999818,3.320925e-05,0.00013981618,b
test_0956.jpg,0.99959666,9.607289e-05,0.0001488006,0.00015839741,a
test_0957.jpg,5.4758657e-05,1.3845157e-05,6.5399886e-06,0.9999249,d
test_0958.jpg,3.119871e-05,0.9998661,1.777649e-05,8.480688e-05,b
test_0959.jpg,0.99994993,3.3213633e-05,7.88893e-06,8.939329e-06,a
test_0960.jpg,0.0006439843,0.96528083,0.008351316,0.025723863,b
test_0961.jpg,6.204536e-05,0.99985516,4.005949e-05,4.2643107e-05,b
test_0962.jpg,1.7771732e-05,3.725157e-06,0.99959856,0.00037997638,c
test_0963.jpg,1.4735708e-05,0.9997632,4.2639185e-05,0.00017951768,b
test_0964.jpg,2.4298632e-05,1.1477861e-05,5.4757813e-05,0.9999095,d
test_0965.jpg,2.7262508e-06,0.9999168,1.012925e-05,7.031094e-05,b
test_0966.jpg,5.093002e-06,0.9998568,1.4737088e-05,0.00012339214,b
test_0967.jpg,1.2218791e-05,6.5402473e-06,0.9999645,1.6701108e-05,c
test_0968.jpg,0.99997413,1.0129831e-05,7.889121e-06,7.889121e-06,a
test_0969.jpg,3.1197036e-05,7.4099453e-06,0.99981254,0.00014883273,c
test_0970.jpg,1.5689484e-05,2.1233407e-06,2.1233407e-06,0.9999801,d
test_0971.jpg,2.2816106e-05,0.9994562,3.3197233e-05,0.00048782985,b
test_0972.jpg,1.473864e-05,1.0129709e-05,1.3006805e-05,0.9999621,d
test_0973.jpg,0.009688704,0.9882747,0.0016836445,0.000352911,b
test_0974.jpg,0.009101193,0.8192633,0.16132249,0.010313003,b
test_0975.jpg,1.873825e-06,0.9999713,7.889098e-06,1.8924962e-05,b
test_0976.jpg,1.4593704e-06,2.5612746e-06,1.5534918e-06,0.9999945,d
test_0977.jpg,2.5849944e-05,0.9992981,0.00012332319,0.0005526962,b
test_0978.jpg,2.5866517e-05,6.143836e-06,0.9999387,2.9310602e-05,c
test_0979.jpg,0.9999937,1.6536819e-06,1.0030087e-06,3.7266295e-06,a
test_0980.jpg,0.99993765,2.0144842e-05,8.939219e-06,3.3213226e-05,a
test_0981.jpg,3.762005e-05,0.99952674,0.00029590464,0.00013977545,b
test_0982.jpg,0.9999479,1.2218588e-05,4.4949675e-06,3.535566e-05,a
test_0983.jpg,4.5393557e-05,7.484133e-05,2.0143269e-05,0.9998596,d
test_0984.jpg,5.474775e-05,0.99972576,4.0054307e-05,0.00017951096,b
test_0985.jpg,0.011920664,0.9469757,0.03671823,0.004385368,b
test_0986.jpg,0.9996345,6.6032364e-05,0.00020339401,9.6076525e-05,a
test_0987.jpg,2.0143298e-05,2.2825347e-05,9.6098294e-05,0.999861,d
test_0988.jpg,8.398025e-06,3.500818e-06,2.1233534e-06,0.99998605,d
test_0989.jpg,0.9999038,1.777716e-05,5.8289057e-05,2.014416e-05,a
test_0990.jpg,0.003149296,0.98947936,0.0058836592,0.001487622,b
test_0991.jpg,0.9999857,5.4221705e-06,2.7264387e-06,6.1441247e-06,a
test_0992.jpg,8.973175e-05,0.9938332,0.00016764097,0.0059095477,b
test_0993.jpg,0.9999523,3.1201398e-05,1.2218642e-05,4.2226497e-06,a
test_0994.jpg,3.7266261e-06,2.4060905e-06,1.1365568e-06,0.9999927,d
test_0995.jpg,3.2989992e-05,0.9932168,5.789924e-05,0.0066922423,b
test_0996.jpg,5.7718835e-06,9.422341e-07,0.99998796,5.4221828e-06,c
test_0997.jpg,0.999907,1.38449095e-05,2.4298572e-05,5.4757675e-05,a
test_0998.jpg,1.892401e-05,0.99992096,1.4738033e-05,4.5396344e-05,b
test_0999.jpg,0.0017238449,0.0003846418,0.047325876,0.9505657,d
test_1000.jpg,2.9022942e-06,1.4593652e-06,0.99999094,4.7850745e-06,c
test_1001.jpg,5.422166e-06,6.144119e-06,3.5008138e-06,0.99998486,d
test_1002.jpg,0.000115845454,8.4754334e-05,0.0005526677,0.9992467,d
test_1003.jpg,0.99991417,2.4298744e-05,2.1443568e-05,4.0061856e-05,a
test_1004.jpg,0.000108882676,0.00012338022,7.4095587e-06,0.9997603,d
test_1005.jpg,0.014044761,0.0012272176,0.00011414902,0.9846138,d
test_1006.jpg,3.1183805e-05,0.99938846,2.7519613e-05,0.0005527461,b
test_1007.jpg,1.5687803e-05,0.9998729,4.539416e-05,6.604811e-05,b
test_1008.jpg,0.00043021035,0.9987645,0.00017933836,0.0006259523,b
test_1009.jpg,0.9998097,4.539129e-05,0.00010229085,4.2641168e-05,a
test_1010.jpg,1.3001213e-05,0.9995322,7.4816824e-05,0.00037995115,b
test_1011.jpg,4.4950357e-06,0.99996305,6.5402382e-06,2.5867144e-05,b
test_1012.jpg,0.002382873,0.025618298,0.010679296,0.96131957,d
test_1013.jpg,0.00012338783,3.320938e-05,2.144159e-05,0.99982196,d
test_1014.jpg,5.0935296e-06,0.9999604,1.670104e-05,1.7778166e-05,b
test_1015.jpg,0.007982003,0.06683249,0.9225941,0.002591377,c
test_1016.jpg,0.99967706,0.00024535047,2.9302932e-05,4.831237e-05,a
test_1017.jpg,3.2887394e-06,1.7603354e-06,1.136558e-06,0.9999938,d
test_1018.jpg,7.889204e-06,3.0894569e-06,4.2227866e-06,0.99998474,d
test_1019.jpg,0.032933228,0.0039333133,0.0006835073,0.96244997,d
test_1020.jpg,1.5687436e-05,0.99984944,2.5864207e-05,0.00010889238,b
test_1021.jpg,0.9999323,3.3213048e-05,1.7777666e-05,1.670057e-05,a
test_1022.jpg,3.9669653e-06,2.1233634e-06,3.0894755e-06,0.9999908,d
test_1023.jpg,2.4060287e-06,1.3709139e-06,0.999967,2.931143e-05,c
test_1024.jpg,0.9999708,1.0129797e-05,6.9621015e-06,1.22188685e-05,a
test_1025.jpg,2.260247e-06,0.9999635,8.397836e-06,2.5867157e-05,b
test_1026.jpg,4.2227507e-06,8.9395635e-06,0.99997616,1.0783171e-05,c
test_1027.jpg,4.5397166e-05,6.5400814e-06,8.9392315e-06,0.9999391,d
test_1028.jpg,1.2878228e-06,0.9999424,4.784842e-06,5.14419e-05,b
test_1029.jpg,0.9227527,0.0013032502,0.00019985987,0.07574415,a
test_1030.jpg,0.99997735,1.147864e-05,3.2886853e-06,7.889146e-06,a
test_1031.jpg,0.0022851494,0.9218951,0.009037942,0.066781856,b
test_1032.jpg,6.144088e-06,6.144088e-06,0.99997973,7.889164e-06,c
test_1033.jpg,0.00014865484,0.99861753,0.00043014705,0.0008036205,b
test_1034.jpg,0.001324794,0.000102157144,0.99850285,7.0211514e-05,c
test_1035.jpg,0.022190934,0.94358253,0.0019390221,0.032287616,b
test_1036.jpg,1.4593732e-06,1.7603401e-06,3.466315e-07,0.9999964,d
test_1037.jpg,0.00024487995,0.0002953816,0.0016998037,0.99775994,d
test_1038.jpg,1.6536854e-06,1.3709534e-06,0.9999958,1.1365603e-06,c
test_1039.jpg,4.5396213e-05,8.939044e-06,0.9999181,2.7534195e-05,c
test_1040.jpg,7.411114e-06,5.771781e-06,1.6701202e-05,0.9999702,d
test_1041.jpg,0.04207215,0.00034194204,2.8068313e-05,0.95755774,d
test_1042.jpg,0.0006261817,0.00020329146,0.99913055,4.0030456e-05,c
test_1043.jpg,0.014024993,0.0024371785,0.00030985248,0.98322797,d
test_1044.jpg,1.287879e-06,0.99998605,3.726601e-06,8.939652e-06,b
test_1045.jpg,0.00010221668,8.9315945e-06,0.99908483,0.0008039966,c
test_1046.jpg,5.7716456e-06,4.0063158e-05,7.4109403e-06,0.9999467,d
test_1047.jpg,0.0017002859,6.5927234e-05,0.99804294,0.00019076676,c
test_1048.jpg,0.00033528797,6.202203e-05,0.99947935,0.00012334554,c
test_1049.jpg,0.99900395,0.00013970234,0.0006261024,0.0002303302,a
test_1050.jpg,0.0015009203,0.00012320303,5.135867e-05,0.9983246,d
test_1051.jpg,1.7777364e-05,0.99991524,2.9309913e-05,3.7634672e-05,b
test_1052.jpg,1.221885e-05,1.3006899e-05,5.4220823e-06,0.99996936,d
test_1053.jpg,5.7718844e-06,2.902286e-06,3.2887208e-06,0.9999881,d
test_1054.jpg,1.553474e-06,0.9999831,3.0894516e-06,1.2219019e-05,b
test_1055.jpg,0.99998534,3.9669435e-06,3.7265986e-06,6.962203e-06,a
test_1056.jpg,6.1441383e-06,3.966954e-06,1.9947097e-06,0.99998796,d
test_1057.jpg,6.1441524e-06,1.9947142e-06,1.6536762e-06,0.9999902,d
test_1058.jpg,4.4950207e-06,0.9999597,1.5689164e-05,2.0145286e-05,b
test_1059.jpg,1.9945874e-06,0.99992657,5.42185e-06,6.605165e-05,b
test_1060.jpg,5.7718876e-06,3.9669567e-06,1.6536736e-06,0.9999887,d
test_1061.jpg,4.0060317e-05,5.8287424e-05,0.9998758,2.5864889e-05,c
test_1062.jpg,0.9999784,8.397961e-06,7.411175e-06,5.7718285e-06,a
test_1063.jpg,0.9988784,0.00014869368,6.198474e-05,0.0009108592,a
test_1064.jpg,0.9999138,8.939006e-06,7.031073e-05,6.961705e-06,a
test_1065.jpg,2.144353e-05,5.475797e-05,1.1477894e-05,0.9999124,d
test_1066.jpg,0.99998724,4.7850567e-06,2.9022835e-06,5.093666e-06,a
test_1067.jpg,3.32125e-05,1.5688474e-05,0.9999157,3.5354522e-05,c
test_1068.jpg,0.9948891,0.00019016392,0.004607251,0.00031352733,a
test_1069.jpg,7.3378646e-07,0.9999522,6.961972e-06,4.006338e-05,b
test_1070.jpg,0.9989761,0.00091094826,9.0196096e-05,2.2805145e-05,a
test_1071.jpg,0.83418685,0.00029788652,0.0012541491,0.16426112,a
test_1072.jpg,2.1442784e-05,5.8287525e-05,0.9998776,4.2644064e-05,c
test_1073.jpg,1.8924537e-05,2.282735e-05,0.99994874,9.515855e-06,c
test_1074.jpg,2.2827817e-05,3.96688e-06,3.96688e-06,0.99996924,d
test_1075.jpg,0.00080149155,0.0027974804,0.00042900752,0.995972,d
test_1076.jpg,0.0040659616,0.0006235353,0.9949079,0.00040258467,c
test_1077.jpg,1.4593656e-06,0.9999913,1.5534868e-06,5.771903e-06,b
test_1078.jpg,5.7718266e-06,5.422129e-06,0.99997807,1.0783192e-05,c
test_1079.jpg,0.99998903,4.4951526e-06,2.2603047e-06,4.222805e-06,a
test_1080.jpg,0.00013980603,0.9997453,4.005509e-05,7.483277e-05,b
test_1081.jpg,0.9999949,1.4593709e-06,1.3709521e-06,2.2603178e-06,a
test_1082.jpg,5.7718607e-06,2.726434e-06,7.4112168e-06,0.999984,d
test_1083.jpg,0.9999583,2.1444514e-05,1.012967e-05,1.012967e-05,a
test_1084.jpg,0.999984,7.889198e-06,3.2887074e-06,4.7850413e-06,a
test_1085.jpg,4.2646294e-05,2.4299128e-05,3.0892875e-06,0.9999299,d
test_1086.jpg,0.47421816,0.012637486,0.47421816,0.038926195,a
test_1087.jpg,2.2602455e-06,0.9999629,8.939445e-06,2.5867143e-05,b
test_1088.jpg,0.00020339995,4.263494e-05,9.025818e-05,0.9996637,d
test_1089.jpg,0.99545336,0.0040681907,0.0003554745,0.00012284871,a
test_1090.jpg,3.966961e-06,2.406083e-06,3.966961e-06,0.9999896,d
test_1091.jpg,0.00044407736,0.24487393,0.7542648,0.00041717206,c
test_1092.jpg,3.96667e-06,4.784718e-06,7.484558e-05,0.99991643,d
test_1093.jpg,0.99995303,1.0782922e-05,2.14444e-05,1.4738506e-05,a
test_1094.jpg,3.7266195e-06,1.3709467e-06,0.99999094,3.966966e-06,c
test_1095.jpg,0.00020339628,6.6033106e-05,0.9996457,8.478818e-05,c
test_1096.jpg,0.9998653,9.609871e-05,7.410337e-06,3.1198684e-05,a
test_1097.jpg,2.0145462e-05,6.144019e-06,5.0935705e-06,0.9999685,d
test_1098.jpg,0.999956,1.0782954e-05,2.4299761e-05,8.939383e-06,a
test_1099.jpg,1.5688474e-05,0.9999157,3.5354522e-05,3.32125e-05,b
test_1100.jpg,0.00012334305,3.7617505e-05,0.00037992335,0.9994591,d
test_1101.jpg,0.99996746,1.6701157e-05,1.0783077e-05,5.093565e-06,a
test_1102.jpg,0.9996327,4.0050578e-05,0.00026116258,6.603225e-05,a
test_1103.jpg,0.00015721782,0.0075751785,0.99215263,0.000115023024,c
test_1104.jpg,1.3845274e-05,7.410841e-06,0.99993336,4.5396904e-05,c
test_1105.jpg,2.5862084e-05,0.00015842446,0.99976736,4.8316735e-05,c
test_1106.jpg,4.5393368e-05,2.4297316e-05,0.9998554,7.484102e-05,c
test_1107.jpg,8.939609e-06,7.889177e-06,1.8738439e-06,0.9999813,d
test_1108.jpg,3.9668143e-06,0.9999528,1.8924613e-05,2.4299683e-05,b
test_1109.jpg,0.99929583,0.000108832086,0.00040436024,0.00019100624,a
test_1110.jpg,4.222763e-06,1.0129882e-05,6.5403433e-06,0.99997914,d
test_1111.jpg,7.0301234e-05,9.609039e-05,0.9997788,5.4750653e-05,c
test_1112.jpg,1.0129356e-05,2.9310266e-05,3.321288e-05,0.9999273,d
test_1113.jpg,0.0014904722,0.00045456836,0.006679833,0.99137515,d
test_1114.jpg,0.9999449,7.88889e-06,2.4299492e-05,2.2827262e-05,a
test_1115.jpg,1.6536814e-06,1.8738664e-06,0.9999933,3.0894832e-06,c
test_1116.jpg,0.0004874121,0.00020318358,0.9986003,0.0007091804,c
test_1117.jpg,0.9999846,6.540379e-06,5.093653e-06,3.7265959e-06,a
test_1118.jpg,0.020190557,0.97283554,0.00041904164,0.006554914,b
test_1119.jpg,1.7777787e-05,1.3845353e-05,0.9999391,2.9310611e-05,c
test_1120.jpg,0.72201455,0.011670277,0.26561433,0.00070085464,a
test_1121.jpg,5.474478e-05,0.9996716,0.00020340155,7.0293696e-05,b
test_1122.jpg,0.9999747,7.889125e-06,6.5403146e-06,1.0783156e-05,a
test_1123.jpg,1.6701086e-05,4.495036e-06,0.99996316,1.5689218e-05,c
test_1124.jpg,2.9022262e-06,0.99996746,3.726532e-06,2.5867259e-05,b
test_1125.jpg,0.00033508718,0.00070937956,7.476806e-05,0.9988808,d
test_1126.jpg,3.3211894e-05,6.604974e-05,3.0891877e-06,0.9998976,d
test_1127.jpg,6.204567e-05,4.005969e-05,0.99986017,3.7632602e-05,c
test_1128.jpg,0.00070950424,0.9990564,5.4711094e-05,0.00017939077,b
test_1129.jpg,5.474618e-05,1.7773484e-05,0.9996971,0.00023049001,c
test_1130.jpg,0.94493055,0.0072146337,0.04704532,0.0008094595,a
test_1131.jpg,6.251292e-05,0.05338971,0.9463552,0.00019255336,c
test_1132.jpg,0.00010141729,5.099582e-05,0.008576178,0.9912714,d
test_1133.jpg,0.000108893015,2.0143181e-05,1.5687527e-05,0.9998553,d
test_1134.jpg,0.42182723,0.023797864,0.5416369,0.012738079,c
test_1135.jpg,0.9996965,7.029545e-05,7.482911e-05,0.00015841323,a
test_1136.jpg,0.0024714724,0.0003344774,0.9970631,0.00013098324,c
test_1137.jpg,0.9999927,1.7603335e-06,1.2878876e-06,4.2228203e-06,a
test_1138.jpg,1.2217351e-05,0.00012339087,0.9998466,1.7776143e-05,c
test_1139.jpg,6.6048866e-05,9.515242e-06,0.99988437,4.0060662e-05,c
test_1140.jpg,1.0783028e-05,1.4738652e-05,1.1478474e-05,0.9999629,d
test_1141.jpg,0.6499473,0.30701336,0.03666752,0.006371859,a
test_1142.jpg,6.2036306e-05,0.9997093,7.029635e-05,0.00015841526,b
test_1143.jpg,2.5611223e-06,0.99993503,3.120086e-05,3.120086e-05,b
test_1144.jpg,0.00029590362,8.47778e-05,0.9995233,9.6065836e-05,c
test_1145.jpg,9.515997e-06,9.422112e-07,0.99996364,2.586716e-05,c
test_1146.jpg,0.00010849646,0.9962141,8.449712e-05,0.003592909,b
test_1147.jpg,0.00065806037,0.9863797,0.0005455512,0.012416688,b
test_1148.jpg,0.0050391336,0.02258383,0.9602888,0.012088253,c
test_1149.jpg,0.052686505,0.0071303425,0.93389064,0.0062925057,c
test_1150.jpg,2.753477e-05,2.9310608e-05,4.2225934e-06,0.99993896,d
test_1151.jpg,3.7627702e-05,0.99973005,0.00012337649,0.00010887938,b
test_1152.jpg,0.99966323,0.00029594504,2.9302526e-05,1.1475035e-05,a
test_1153.jpg,7.410494e-06,0.9998865,4.0060746e-05,6.604901e-05,b
test_1154.jpg,1.3006961e-05,9.516096e-06,3.2886749e-06,0.99997413,d
test_1155.jpg,0.9998271,1.5687083e-05,2.5863628e-05,0.00013134634,a
test_1156.jpg,1.221891e-05,5.0936e-06,8.397926e-06,0.99997425,d
test_1157.jpg,9.5752985e-05,0.9962682,0.002469502,0.00116651,b
test_1158.jpg,5.7703724e-06,0.9997261,3.7627557e-05,0.00023049672,b
test_1159.jpg,1.4593721e-06,8.851539e-07,1.9947252e-06,0.9999957,d
test_1160.jpg,0.99992335,2.2826769e-05,4.5396453e-05,8.397498e-06,a
test_1161.jpg,0.9935328,0.00015743652,0.005907762,0.00040202824,a
test_1162.jpg,0.6173065,0.0022263548,0.3744153,0.0060518603,a
test_1163.jpg,5.1439336e-05,2.2826067e-05,3.3211727e-05,0.9998926,d
test_1164.jpg,0.00020297781,2.5805733e-05,0.002182217,0.997589,d
test_1165.jpg,5.422192e-06,2.5612621e-06,2.406083e-06,0.9999896,d
test_1166.jpg,1.4735476e-05,0.99974746,0.00017951486,5.827994e-05,b
test_1167.jpg,0.00019107721,6.203369e-05,7.965283e-05,0.99966717,d
test_1168.jpg,1.5534864e-06,2.2603092e-06,0.99999106,5.0936856e-06,c
test_1169.jpg,0.0003936202,0.003975423,0.022876982,0.97275394,d
test_1170.jpg,0.9999815,6.1440987e-06,6.5403588e-06,5.771846e-06,a
test_1171.jpg,1.5689158e-05,2.0145279e-05,4.784923e-06,0.99995935,d
test_1172.jpg,3.3208038e-05,0.00013981109,0.99978155,4.5390014e-05,c
test_1173.jpg,4.7850062e-06,3.7265665e-06,1.47388555e-05,0.99997675,d
test_1174.jpg,2.1440577e-05,0.99977475,4.5389705e-05,0.00015842562,b
test_1175.jpg,0.9999392,1.6700686e-05,3.3213277e-05,1.0782773e-05,a
test_1176.jpg,3.1200787e-05,1.0129412e-05,0.99993277,2.5866362e-05,c
test_1177.jpg,3.726389e-06,0.9999291,8.939142e-06,5.829053e-05,b
test_1178.jpg,0.7979104,0.20174333,0.0001839661,0.00016234952,a
test_1179.jpg,8.480352e-05,0.9998266,7.4838856e-05,1.3843795e-05,b
test_1180.jpg,2.9022458e-06,0.99997425,5.0936e-06,1.7778411e-05,b
test_1181.jpg,9.515355e-06,8.480943e-05,0.99989617,9.515355e-06,c
test_1182.jpg,0.00010888876,2.0142394e-05,0.99981624,5.47527e-05,c
test_1183.jpg,0.95109826,0.047352396,0.00020599927,0.0013432842,a
test_1184.jpg,2.1434296e-05,8.935144e-06,0.99948186,0.00048784236,c
test_1185.jpg,0.9974849,0.00090958853,0.0008027091,0.0008027091,a
test_1186.jpg,0.9999906,2.4060853e-06,3.7266182e-06,3.288729e-06,a
test_1187.jpg,1.3006603e-05,0.9999466,2.1444263e-05,1.8924495e-05,b
test_1188.jpg,0.9997986,5.828292e-05,8.480115e-05,5.828292e-05,a
test_1189.jpg,0.9999114,7.031056e-05,3.5005567e-06,1.4737893e-05,a
test_1190.jpg,2.7263272e-06,0.9999448,1.4738385e-05,3.7635786e-05,b
test_1191.jpg,9.514428e-06,0.99979883,1.2216767e-05,0.00017952408,b
test_1192.jpg,4.0010087e-05,0.0013249522,1.2989374e-05,0.99862206,d
test_1193.jpg,0.99995494,1.8924653e-05,1.2218675e-05,1.38455725e-05,a
test_1194.jpg,6.174939e-05,0.9950858,0.0046081617,0.00024422363,b
test_1195.jpg,8.93952e-06,3.0894153e-06,0.9999713,1.670122e-05,c
test_1196.jpg,0.9999374,2.7534728e-05,1.0782754e-05,2.429931e-05,a
test_1197.jpg,7.8566816e-05,6.9334965e-05,0.81745356,0.18239856,c
test_1198.jpg,1.01296e-05,2.282741e-05,0.99995136,1.5689033e-05,c
test_1199.jpg,1.7777853e-05,2.931072e-05,1.0129514e-05,0.9999428,d
test_1200.jpg,0.00026041787,0.0004865247,0.9967822,0.0024707762,c
test_1201.jpg,1.3709554e-06,7.811468e-07,5.368738e-07,0.99999726,d
test_1202.jpg,4.2226443e-06,0.999951,1.8924578e-05,2.5866833e-05,b
test_1203.jpg,0.99951196,4.5377772e-05,0.00043053232,1.22132615e-05,a
test_1204.jpg,1.0128398e-05,0.99983263,0.00010889055,4.831989e-05,b
test_1205.jpg,0.9996357,5.827343e-05,1.0126402e-05,0.0002959369,a
test_1206.jpg,3.1201325e-05,1.3845503e-05,5.093476e-06,0.99994993,d
test_1207.jpg,0.9999039,3.3212105e-05,2.2826325e-05,4.0061444e-05,a
test_1208.jpg,0.00020304536,0.0005519345,0.99792105,0.0013240221,c
test_1209.jpg,3.321329e-05,2.7263134e-06,0.9999397,2.4299365e-05,c
test_1210.jpg,0.00061999285,0.98925555,0.00042611445,0.00969832,b
test_1211.jpg,0.99992406,6.204963e-05,6.961776e-06,6.961776e-06,a
test_1212.jpg,5.8278838e-05,5.47479e-05,0.9997285,0.0001584183,c
test_1213.jpg,0.0008032962,0.00042997347,0.9982146,0.00055209687,c
test_1214.jpg,0.00037522457,0.98709804,0.012425731,0.00010099031,b
test_1215.jpg,0.98184997,0.01798321,8.86498e-05,7.823317e-05,a
test_1216.jpg,3.3212385e-05,0.9999124,8.938993e-06,4.5395955e-05,b
test_1217.jpg,1.8738706e-06,1.3709531e-06,1.1365601e-06,0.9999956,d
test_1218.jpg,0.001907572,0.00025816177,0.009687451,0.9881467,d
test_1219.jpg,0.00017946788,0.00020336376,0.99948585,0.00013130152,c
test_1220.jpg,0.0002740532,0.98541903,0.012404595,0.0019023062,b
test_1221.jpg,0.00015841091,0.99968195,8.479125e-05,7.482803e-05,b
test_1222.jpg,4.5395158e-05,0.99989486,2.4298275e-05,3.5353783e-05,b
test_1223.jpg,0.00026117451,5.1428317e-05,8.9369005e-06,0.9996784,d
test_1224.jpg,0.00023046255,3.320128e-05,0.99957794,0.00015839444,c
test_1225.jpg,8.4807645e-05,0.9998752,2.4297799e-05,1.568784e-05,b
test_1226.jpg,6.143415e-06,0.9998702,1.4737285e-05,0.00010889464,b
test_1227.jpg,3.535468e-05,2.0144487e-05,0.9999201,2.429889e-05,c
test_1228.jpg,3.3213157e-05,1.2218438e-05,1.8924287e-05,0.9999356,d
test_1229.jpg,1.4737317e-05,0.00010889487,3.966495e-06,0.9998723,d
test_1230.jpg,0.99962974,0.0002611618,9.025512e-05,1.89185e-05,a
test_1231.jpg,4.2227994e-06,1.5534812e-06,0.9999877,6.540399e-06,c
test_1232.jpg,0.6042524,0.038628563,0.22229207,0.13482694,a
test_1233.jpg,2.5612069e-06,0.99996805,7.889073e-06,2.1444723e-05,b
test_1234.jpg,0.0044664447,0.24385962,0.75114053,0.00053344073,c
test_1235.jpg,2.5865742e-05,1.3844934e-05,0.9999088,5.1440173e-05,c
test_1236.jpg,5.1418505e-05,0.00023044174,0.99948764,0.00023044174,c
test_1237.jpg,0.9999902,3.0894737e-06,5.422195e-06,1.3709457e-06,a
test_1238.jpg,4.7850253e-06,6.1440937e-06,0.9999807,8.39798e-06,c
test_1239.jpg,8.476306e-05,0.00033524443,0.99934953,0.00023040989,c
test_1240.jpg,3.3213753e-05,7.888958e-06,5.4219963e-06,0.9999535,d
test_1241.jpg,1.0129867e-05,4.785011e-06,0.9999777,7.41117e-06,c
test_1242.jpg,0.00017944792,0.9993747,6.60152e-05,0.00037989125,b
test_1243.jpg,0.99973303,6.2037776e-05,9.6086e-05,0.0001088797,a
test_1244.jpg,1.3006398e-05,0.99993086,2.282694e-05,3.3213e-05,b
test_1245.jpg,7.4109284e-06,4.7848553e-06,4.2646945e-05,0.99994516,d
test_1246.jpg,0.00010887446,9.0260095e-05,0.99968493,0.000115896255,c
test_1247.jpg,0.053306673,0.94488335,0.000556305,0.0012536527,b
test_1248.jpg,9.6088974e-05,3.7628983e-05,0.000102286176,0.999764,d
test_1249.jpg,0.99990106,2.0144103e-05,3.9666093e-06,7.484443e-05,a
test_1250.jpg,0.00010079901,0.0140535245,0.00061746873,0.9852282,d
test_1251.jpg,5.1387706e-05,0.998889,0.00091086887,0.00014869525,b
test_1252.jpg,7.0309296e-05,2.9309274e-05,6.961563e-06,0.9998934,d
test_1253.jpg,2.2602503e-06,0.99996495,1.3845711e-05,1.8924842e-05,b
test_1254.jpg,1.8924593e-05,2.5866852e-05,3.5006979e-06,0.9999517,d
test_1255.jpg,6.5402273e-06,4.495028e-06,2.7535387e-05,0.9999614,d
test_1256.jpg,3.1200794e-05,2.282699e-05,1.3006426e-05,0.999933,d
test_1257.jpg,5.1440657e-05,1.0129264e-05,0.9999182,2.0144449e-05,c
test_1258.jpg,0.963568,0.010704274,0.022660948,0.003066826,a
test_1259.jpg,0.97849953,0.0009498229,0.006593078,0.013957546,a
test_1260.jpg,0.00091099896,4.2607986e-05,1.4724926e-05,0.99903166,d
test_1261.jpg,1.4738929e-05,1.553472e-06,1.9946974e-06,0.99998176,d
test_1262.jpg,1.670132e-05,3.7265684e-06,2.4060532e-06,0.99997723,d
test_1263.jpg,1.0030045e-06,0.9999895,2.1233607e-06,7.4112572e-06,b
test_1264.jpg,2.4060937e-06,2.7264616e-06,7.811443e-07,0.99999404,d
test_1265.jpg,0.00013129732,7.9635836e-05,0.00033527942,0.99945384,d
test_1266.jpg,1.4738687e-05,4.222705e-06,0.9999653,1.5689253e-05,c
test_1267.jpg,0.00020312108,0.001168881,0.00033489004,0.9982931,d
test_1268.jpg,7.4112404e-06,3.5008222e-06,1.873855e-06,0.99998724,d
test_1269.jpg,1.3845724e-05,4.4950484e-06,1.5689262e-05,0.9999659,d
test_1270.jpg,1.9947233e-06,2.5612753e-06,7.3381767e-07,0.99999475,d
test_1271.jpg,6.540305e-06,4.4950816e-06,0.9999733,1.5689378e-05,c
test_1272.jpg,0.00010857251,0.99691236,0.002800122,0.00017900579,b
test_1273.jpg,0.00017791698,0.0004009421,0.008572521,0.99084866,d
test_1274.jpg,0.00058384944,0.99166757,0.0031562606,0.004592332,b
test_1275.jpg,0.9988423,0.00080380135,5.8227175e-05,0.00029570202,a
test_1276.jpg,2.3400617e-05,1.8224418e-05,0.90461284,0.09534549,c
test_1277.jpg,7.483679e-05,5.143452e-05,0.99979895,7.483679e-05,c
test_1278.jpg,0.04207732,0.00019485665,5.2444953e-05,0.9576754,d
test_1279.jpg,5.4731314e-05,0.99942565,0.00037991063,0.00013976131,b
test_1280.jpg,1.8923929e-05,3.3212527e-05,0.9999167,3.1200285e-05,c
test_1281.jpg,0.024580719,0.6339451,0.33932638,0.0021478392,b
test_1282.jpg,4.785077e-06,1.459366e-06,0.99999154,2.2603103e-06,c
test_1283.jpg,0.000102291684,9.514609e-06,0.9998179,7.0303984e-05,c
test_1284.jpg,0.99997866,7.889156e-06,6.962156e-06,6.54034e-06,a
test_1285.jpg,7.889178e-06,7.411197e-06,3.2886987e-06,0.9999814,d
test_1286.jpg,0.99996257,1.2218768e-05,1.3006811e-05,1.2218768e-05,a
test_1287.jpg,0.059717637,0.0049019223,0.93414104,0.0012394,c
test_1288.jpg,0.00048777883,2.9293395e-05,0.9993517,0.00013128389,c
test_1289.jpg,0.9991208,0.00019097277,6.199978e-05,0.0006261756,a
test_1290.jpg,1.4738622e-05,5.4220363e-06,0.9999609,1.8924766e-05,c
test_1291.jpg,7.4111804e-06,4.495108e-06,0.99997914,8.93959e-06,c
test_1292.jpg,1.3708811e-06,0.99994314,2.0144951e-05,3.535549e-05,b
test_1293.jpg,0.99720675,0.002181381,0.00027733148,0.0003345256,a
test_1294.jpg,6.601986e-05,0.99944514,0.00037991806,0.00010884835,b
test_1295.jpg,0.9999496,8.397718e-06,3.1201314e-05,1.0782885e-05,a
test_1296.jpg,1.7778339e-05,7.889088e-06,4.222725e-06,0.9999701,d
test_1297.jpg,7.0262555e-05,7.47941e-05,0.0006262433,0.9992287,d
test_1298.jpg,0.9817308,0.0013865479,0.0158682,0.0010144201,a
test_1299.jpg,0.9993375,5.141078e-05,0.00055271795,5.8256042e-05,a
test_1300.jpg,8.8512076e-07,0.9999583,5.4220222e-06,3.5356028e-05,b
test_1301.jpg,9.422209e-07,0.9999739,3.7265559e-06,2.1444848e-05,b
test_1302.jpg,0.9988368,0.0003350724,2.4272564e-05,0.000803797,a
test_1303.jpg,5.828236e-05,1.3004552e-05,0.99978894,0.00013981212,c
test_1304.jpg,0.00015842877,2.2823828e-05,2.4295838e-05,0.99979454,d
test_1305.jpg,0.00084264047,0.00964351,0.9836647,0.005849084,c
test_1306.jpg,1.0782093e-05,4.2223282e-06,0.99987614,0.000108895285,c
test_1307.jpg,0.9998857,2.0143794e-05,4.264441e-05,5.1438983e-05,a
test_1308.jpg,1.7775068e-05,0.9997862,3.7629816e-05,0.00015842744,b
test_1309.jpg,0.99996674,1.0129756e-05,1.0129756e-05,1.3006865e-05,a
test_1310.jpg,5.475596e-05,0.99987566,5.475596e-05,1.4737366e-05,b
test_1311.jpg,1.0676908e-06,0.9999876,2.4060782e-06,8.939665e-06,b
test_1312.jpg,1.38456835e-05,1.7778211e-05,5.4220473e-06,0.9999629,d
test_1313.jpg,0.0011693096,0.00014866104,2.2797909e-05,0.99865913,d
test_1314.jpg,0.9998124,3.3209064e-05,9.609362e-05,5.8283727e-05,a
test_1315.jpg,6.60378e-05,0.00017950936,0.9997168,3.7627204e-05,c
test_1316.jpg,0.99995923,1.5689156e-05,8.3978e-06,1.670102e-05,a
test_1317.jpg,0.0019227358,0.00037860914,0.9960018,0.0016968085,c
test_1318.jpg,0.118828356,0.0021764175,0.0009657793,0.8780294,d
test_1319.jpg,9.516076e-06,9.516076e-06,0.999972,8.939526e-06,c
test_1320.jpg,1.8908828e-05,0.99911875,5.824329e-05,0.0008040239,b
test_1321.jpg,3.2886826e-06,3.5007845e-06,0.9999765,1.6701308e-05,c
test_1322.jpg,0.96423364,0.007362014,0.025695955,0.002708334,a
test_1323.jpg,0.9999248,9.5156265e-06,7.4107775e-06,5.829028e-05,a
test_1324.jpg,0.9999763,1.5689424e-05,1.8738344e-06,6.1440664e-06,a
test_1325.jpg,0.00048762793,9.020209e-05,0.99904245,0.000379765,c
test_1326.jpg,1.4593516e-06,0.99998164,5.4221487e-06,1.1478689e-05,b
test_1327.jpg,6.602337e-05,0.0001397715,0.99949837,0.00029589626,c
test_1328.jpg,3.763476e-05,1.8923945e-05,2.5865967e-05,0.9999175,d
test_1329.jpg,0.000108888125,2.9306839e-05,0.9998104,5.1435105e-05,c
test_1330.jpg,2.1442269e-05,0.9998536,4.005943e-05,8.480582e-05,b
test_1331.jpg,0.00016845317,0.9986482,0.0008036452,0.0003796151,b
test_1332.jpg,7.889065e-06,6.14401e-06,0.9999671,1.8924884e-05,c
test_1333.jpg,1.0761366e-05,0.997954,0.0019265045,0.00010868595,b
test_1334.jpg,0.99985147,1.4737009e-05,3.7632275e-05,9.609738e-05,a
test_1335.jpg,5.4221223e-06,1.5689431e-05,2.1233336e-06,0.99997675,d
test_1336.jpg,0.99964106,7.029155e-05,2.7526567e-05,0.00026116477,a
test_1337.jpg,0.0007095047,0.00013124518,0.00010221384,0.999057,d
test_1338.jpg,0.0013244593,0.00033487575,0.99825054,9.013059e-05,c
test_1339.jpg,4.7850317e-06,0.999982,6.962179e-06,6.144102e-06,b
test_1340.jpg,0.00016861674,9.025404e-05,0.00012336264,0.9996178,d
test_1341.jpg,0.00017864454,0.9949005,0.00031353094,0.0046073035,b
test_1342.jpg,0.9950761,0.0004286216,0.004066649,0.0004286216,a
test_1343.jpg,0.0124225,0.00042507457,0.98684144,0.00031099122,c
test_1344.jpg,5.4220523e-06,7.88904e-06,2.2827695e-05,0.9999639,d
test_1345.jpg,7.965806e-05,0.00015841896,2.9304561e-05,0.9997327,d
test_1346.jpg,1.38456835e-05,6.5402373e-06,1.6701082e-05,0.9999629,d
test_1347.jpg,2.7513672e-05,0.99917275,0.0007095869,9.0213856e-05,b
test_1348.jpg,0.0002958496,0.99934083,0.00026108633,0.00010224288,b
test_1349.jpg,4.222813e-06,2.1233636e-06,2.726453e-06,0.99999094,d
test_1350.jpg,0.9999913,2.5612665e-06,1.2878857e-06,4.785076e-06,a
test_1351.jpg,0.00037668823,0.008573384,0.000101384256,0.9909485,d
test_1352.jpg,6.9621638e-06,2.561237e-06,0.99997973,1.078321e-05,c
test_1353.jpg,3.2887324e-06,2.1233652e-06,2.9022963e-06,0.99999166,d
test_1354.jpg,5.771875e-06,5.771875e-06,2.123354e-06,0.9999864,d
test_1355.jpg,0.9998814,4.0060542e-05,3.7262112e-06,7.484296e-05,a
test_1356.jpg,1.2218923e-05,7.411152e-06,5.0936055e-06,0.9999753,d
test_1357.jpg,0.9999826,6.9621838e-06,3.9669326e-06,6.540366e-06,a
test_1358.jpg,0.00015734269,0.99294066,0.0016915936,0.0052104746,b
test_1359.jpg,7.811202e-07,0.99996316,4.784941e-06,3.1201736e-05,b
test_1360.jpg,0.97768927,0.0058135525,0.00069432985,0.015802875,a
test_1361.jpg,3.9669258e-06,0.9999808,4.4951153e-06,1.0783221e-05,b
test_1362.jpg,8.398046e-06,1.5534825e-06,1.5534825e-06,0.99998856,d
test_1363.jpg,2.4060892e-06,3.0894796e-06,2.4060892e-06,0.99999213,d
test_1364.jpg,0.9998274,0.00011591278,4.8319635e-05,8.3966925e-06,a
test_1365.jpg,4.26446e-05,4.8322665e-05,0.9998901,1.8923427e-05,c
test_1366.jpg,0.0058495374,0.117491096,0.008511027,0.8681483,d
test_1367.jpg,2.123325e-06,0.9999727,7.4111326e-06,1.7778384e-05,b
test_1368.jpg,4.49382e-06,0.9996927,0.00017950502,0.00012337188,b
test_1369.jpg,0.9999734,4.7849903e-06,9.516089e-06,1.22189e-05,a
test_1370.jpg,0.9999454,2.586669e-05,1.568894e-05,1.3006587e-05,a
test_1371.jpg,0.0004878086,6.20179e-05,0.99941266,3.7615755e-05,c
test_1372.jpg,0.00013979616,0.9996748,6.203416e-05,0.00012336967,b
test_1373.jpg,2.2827055e-05,1.3845309e-05,0.99993587,2.7534685e-05,c
test_1374.jpg,0.09532294,0.90439886,0.00022196636,5.6121877e-05,b
test_1375.jpg,0.29386815,0.00011891233,0.001059854,0.7049531,d
test_1376.jpg,0.0013072912,0.0058588726,0.9853109,0.007522941,c
test_1377.jpg,2.930693e-05,0.00010888846,0.9998135,4.831896e-05,c
test_1378.jpg,0.9999515,6.961967e-06,6.143914e-06,3.5355784e-05,a
test_1379.jpg,0.0010318363,0.00017930624,0.0002031806,0.9985857,d
test_1380.jpg,8.480499e-05,4.0059036e-05,0.99984384,3.1198015e-05,c
test_1381.jpg,4.22276e-06,1.8738382e-06,0.9999783,1.5689457e-05,c
test_1382.jpg,2.144024e-05,4.005564e-05,0.00017951692,0.999759,d
test_1383.jpg,6.1440724e-06,5.7718216e-06,0.99997723,1.0783183e-05,c
test_1384.jpg,1.0783238e-05,4.2227766e-06,2.7264296e-06,0.99998236,d
test_1385.jpg,1.4738878e-05,4.22276e-06,2.7264186e-06,0.9999783,d
test_1386.jpg,0.99996555,1.0783057e-05,8.939468e-06,1.4738691e-05,a
test_1387.jpg,0.9990657,0.0006261411,0.00013971097,0.0001685236,a
test_1388.jpg,2.726388e-06,0.9999671,7.4110912e-06,2.2827768e-05,b
test_1389.jpg,2.4299701e-05,6.5401755e-06,0.9999535,1.5689067e-05,c
test_1390.jpg,0.00020339893,7.9652156e-05,5.8274767e-05,0.9996587,d
test_1391.jpg,0.99997795,1.3007011e-05,5.0936187e-06,3.9669144e-06,a
test_1392.jpg,8.397994e-06,7.411204e-06,1.8738458e-06,0.99998236,d
test_1393.jpg,7.338146e-07,0.9999906,3.288729e-06,5.4221973e-06,b
test_1394.jpg,0.99994147,3.763566e-05,1.4738335e-05,6.1438527e-06,a
test_1395.jpg,0.9999697,1.8924933e-05,7.889085e-06,3.5007608e-06,a
test_1396.jpg,1.1477551e-05,6.604874e-05,4.0060586e-05,0.99988246,d
test_1397.jpg,0.99992144,3.1200434e-05,2.1443724e-05,2.586607e-05,a
test_1398.jpg,2.1233516e-06,1.8738511e-06,0.9999852,1.0783269e-05,c
test_1399.jpg,0.99998975,3.0894723e-06,1.0676931e-06,6.144149e-06,a
test_1400.jpg,0.0006193158,0.010977636,0.00022783356,0.9881753,d
test_1401.jpg,0.00015837124,0.00033527194,0.99943155,7.4809286e-05,c
test_1402.jpg,0.012252361,0.0005383311,0.0138837425,0.97332555,d
test_1403.jpg,3.500695e-06,0.9999509,2.2827398e-05,2.2827398e-05,b
test_1404.jpg,7.482961e-05,0.00017950687,0.999703,4.2636617e-05,c
test_1405.jpg,1.3842851e-05,0.9997584,0.00017951682,4.8316302e-05,b
test_1406.jpg,2.7264057e-06,0.99997354,8.93954e-06,1.4738808e-05,b
test_1407.jpg,0.99842775,0.0011690386,0.00015821218,0.00024504383,a
test_1408.jpg,0.9999813,2.5612408e-06,3.9669276e-06,1.2218997e-05,a
test_1409.jpg,7.81097e-07,0.9999335,7.410842e-06,5.8290785e-05,b
test_1410.jpg,9.597276e-05,2.4265713e-05,0.001324863,0.9985549,d
test_1411.jpg,0.93910986,0.046755522,0.004927996,0.009206709,a
test_1412.jpg,0.00023049611,2.5860949e-05,2.0140527e-05,0.9997235,d
test_1413.jpg,0.0005484411,0.9916047,0.0002757735,0.007570995,b
test_1414.jpg,0.9901045,0.00090285845,0.008566082,0.00042648014,a
test_1415.jpg,0.0046041342,0.99421614,0.00051656953,0.0006632884,b
test_1416.jpg,7.965598e-05,0.9997067,9.026207e-05,0.00012337361,b
test_1417.jpg,0.99972636,2.7528917e-05,4.2637614e-05,0.0002034127,a
test_1418.jpg,0.99997795,1.3007011e-05,6.144077e-06,2.9022567e-06,a
test_1419.jpg,0.99988806,2.2825963e-05,5.1439103e-05,3.763365e-05,a
test_1420.jpg,4.4951307e-06,4.222785e-06,0.99998426,6.962195e-06,c
test_1421.jpg,1.078305e-05,1.7778246e-05,6.5402505e-06,0.99996495,d
test_1422.jpg,8.461876e-05,8.461876e-05,0.9976483,0.0021823468,c
test_1423.jpg,1.0782946e-05,1.3845577e-05,0.9999553,2.0145197e-05,c
test_1424.jpg,2.7264432e-06,3.726606e-06,0.99998736,6.1441347e-06,c
test_1425.jpg,0.9999889,1.7603268e-06,7.4112527e-06,1.9947117e-06,a
test_1426.jpg,0.99834096,0.00024502256,0.0011689371,0.00024502256,a
test_1427.jpg,0.99860233,7.0218506e-05,0.001169243,0.00015823984,a
test_1428.jpg,1.4738775e-05,6.540292e-06,7.411122e-06,0.9999713,d
test_1429.jpg,9.514938e-06,0.9998524,1.4737024e-05,0.0001233916,b
test_1430.jpg,0.99900335,2.7509006e-05,0.0009109731,5.823656e-05,a
test_1431.jpg,0.9998154,1.8922012e-05,2.5863324e-05,0.00013981582,a
test_1432.jpg,3.7262112e-06,0.9998814,7.484296e-05,4.0060542e-05,b
test_1433.jpg,6.5370978e-06,0.99948287,2.2816714e-05,0.0004878429,b
test_1434.jpg,5.7718808e-06,2.5612567e-06,4.2227985e-06,0.9999875,d
test_1435.jpg,0.9997497,0.00017951526,3.5348654e-05,3.5348654e-05,a
test_1436.jpg,6.162767e-05,0.006691618,0.9931242,0.00012256125,c
test_1437.jpg,0.9998945,4.832288e-05,5.771344e-06,5.1439434e-05,a
test_1438.jpg,6.204453e-05,2.586401e-05,7.0305665e-05,0.9998418,d
test_1439.jpg,4.8317313e-05,0.9997794,1.38431415e-05,0.00015842637,b
test_1440.jpg,2.2816921e-05,5.4734945e-05,0.0004305237,0.99949193,d
test_1441.jpg,1.3844967e-05,8.938982e-06,0.9999112,6.605064e-05,c
test_1442.jpg,4.2226534e-06,0.99995315,1.6700918e-05,2.586689e-05,b
test_1443.jpg,4.83245e-05,1.5688667e-05,7.888756e-06,0.999928,d
test_1444.jpg,0.99943155,5.4731638e-05,2.5853396e-05,0.00048781783,a
test_1445.jpg,0.004304706,0.0005825786,0.49755636,0.49755636,c
test_1446.jpg,0.99970394,0.00017950704,5.8277405e-05,5.8277405e-05,a
test_1447.jpg,3.535557e-05,1.3845441e-05,5.421952e-06,0.9999454,d
test_1448.jpg,4.22281e-06,3.7266168e-06,1.8738606e-06,0.9999902,d
test_1449.jpg,0.999987,3.5008213e-06,2.5612555e-06,6.9622142e-06,a
test_1450.jpg,0.99999166,3.5008377e-06,1.5534873e-06,3.2887324e-06,a
test_1451.jpg,8.939182e-06,0.9999336,1.473822e-05,4.2646454e-05,b
test_1452.jpg,3.0893661e-06,0.9999554,1.221868e-05,2.9311092e-05,b
test_1453.jpg,2.5610118e-06,0.9998919,9.515314e-06,9.610126e-05,b
test_1454.jpg,8.3972245e-06,0.9998907,4.2644624e-05,5.8288293e-05,b
test_1455.jpg,3.966951e-06,3.0894646e-06,0.99998724,5.7718794e-06,c
test_1456.jpg,8.397851e-06,0.9999653,1.1478502e-05,1.4738687e-05,b
test_1457.jpg,2.7535485e-05,3.2886446e-06,4.2227034e-06,0.99996495,d
test_1458.jpg,0.9983078,0.0015008951,0.00014860874,4.2577114e-05,a
test_1459.jpg,0.99998546,5.4221696e-06,3.726599e-06,5.4221696e-06,a
test_1460.jpg,0.00020309816,0.0015007036,0.00011572184,0.9981805,d
test_1461.jpg,4.8310652e-05,0.00023047722,7.9650796e-05,0.99964154,d
test_1462.jpg,3.535577e-05,6.1439114e-06,7.410972e-06,0.999951,d
test_1463.jpg,0.9998122,7.483778e-05,5.8283713e-05,5.475248e-05,a
test_1464.jpg,3.5008313e-06,3.9669617e-06,2.72645e-06,0.99998987,d
test_1465.jpg,4.4951726e-06,1.3709503e-06,5.043444e-07,0.99999356,d
test_1466.jpg,1.5688018e-05,0.99988663,2.282593e-05,7.484335e-05,b
test_1467.jpg,5.422133e-06,5.7718307e-06,0.9999788,1.0129878e-05,c
test_1468.jpg,0.0010293084,0.99613935,0.0019230014,0.0009083615,b
test_1469.jpg,7.4100312e-06,0.9998241,1.0128311e-05,0.00015843344,b
test_1470.jpg,1.0783111e-05,3.966885e-06,0.99997056,1.4738765e-05,c
test_1471.jpg,0.0017004288,0.00013957969,3.3153075e-05,0.9981268,d
test_1472.jpg,3.288727e-06,1.5534847e-06,0.99999,5.09368e-06,c
test_1473.jpg,3.7264786e-06,0.99995315,5.421994e-06,3.76361e-05,b
test_1474.jpg,0.9999895,3.2887253e-06,3.726614e-06,3.50083e-06,a
test_1475.jpg,1.7603304e-06,3.966966e-06,0.99999094,3.28873e-06,c
test_1476.jpg,8.397022e-06,7.030741e-05,0.9998666,5.4755463e-05,c
test_1477.jpg,2.429596e-05,1.7775306e-05,0.99979955,0.00015842955,c
test_1478.jpg,0.46394798,0.40943265,0.10352079,0.023098608,a
test_1479.jpg,1.9946424e-06,0.9999542,8.3977575e-06,3.5355883e-05,b
test_1480.jpg,0.99914277,0.00037980312,0.00021640527,0.00026103458,a
test_1481.jpg,0.99860734,0.00014865331,7.474759e-05,0.001169249,a
test_1482.jpg,0.00020342365,6.1428623e-06,1.01278665e-05,0.99978024,d
test_1483.jpg,0.0010318083,0.00023022755,0.9985587,0.0001793014,c
test_1484.jpg,4.785034e-06,6.962183e-06,0.9999825,5.771852e-06,c
test_1485.jpg,3.9669444e-06,2.1233523e-06,0.9999856,8.398021e-06,c
test_1486.jpg,7.8891035e-06,3.5007688e-06,0.999972,1.6701233e-05,c
test_1487.jpg,1.4736971e-05,0.99984884,1.3005332e-05,0.00012339115,b
test_1488.jpg,0.0002777718,0.9987901,0.00037966904,0.00055241515,b
test_1489.jpg,1.7771168e-05,0.00037996433,3.5342186e-05,0.99956685,d
test_1490.jpg,0.0002028135,0.00021589384,0.99678147,0.0027997543,c
test_1491.jpg,0.0021811202,0.0002447149,0.99708754,0.0004866737,c
test_1492.jpg,0.99998784,6.5404e-06,2.7264446e-06,2.9022854e-06,a
test_1493.jpg,6.583084e-05,0.0027991987,0.0005511949,0.9965837,d
test_1494.jpg,0.99974316,2.7529379e-05,2.5861458e-05,0.00020341612,a
test_1495.jpg,4.495106e-06,0.9999788,1.9946915e-06,1.47388855e-05,b
test_1496.jpg,5.7717143e-06,1.670101e-05,0.99995863,1.8924724e-05,c
test_1497.jpg,2.4297236e-05,9.6097436e-05,2.7532378e-05,0.99985206,d
test_1498.jpg,0.0019096805,0.000292859,0.008558594,0.989239,d
test_1499.jpg,5.0936023e-06,0.9999747,4.495088e-06,1.56894e-05,b
test_1500.jpg,9.608297e-05,2.2821707e-05,0.00017950662,0.99970156,d
test_1501.jpg,0.9998952,1.8923523e-05,5.8288555e-05,2.7533566e-05,a
test_1502.jpg,1.3841171e-05,0.999637,1.3841171e-05,0.00033534085,b
test_1503.jpg,5.7456724e-05,0.014059196,0.9856258,0.00025750315,c
test_1504.jpg,7.888165e-06,0.00012339167,1.568749e-05,0.999853,d
test_1505.jpg,2.1444695e-05,8.397863e-06,3.5007504e-06,0.99996674,d
test_1506.jpg,0.0031632478,0.99386287,0.0021740661,0.0007997943,b
test_1507.jpg,8.480831e-05,2.1442898e-05,1.0782166e-05,0.99988294,d
test_1508.jpg,1.2217903e-05,0.99989176,5.8288355e-05,3.763379e-05,b
test_1509.jpg,0.0012080292,0.029267868,0.00030543763,0.9692187,d
test_1510.jpg,0.00011977036,6.4108455e-05,0.029306842,0.97050935,d
test_1511.jpg,0.0002605397,0.001167658,0.9972486,0.00132313,c
test_1512.jpg,1.0782866e-05,3.120126e-05,1.0129565e-05,0.9999479,d
test_1513.jpg,6.2033505e-05,7.029318e-05,0.9996642,0.00020340004,c
test_1514.jpg,2.1233723e-06,8.8515327e-07,0.999995,1.9947238e-06,c
test_1515.jpg,4.8301325e-05,0.9994485,0.00037991934,0.00012334174,b
test_1516.jpg,0.9999591,8.939411e-06,1.3006766e-05,1.8924733e-05,a
test_1517.jpg,0.9998004,0.00011590964,3.5350444e-05,4.831833e-05,a
test_1518.jpg,8.480224e-05,0.9998115,1.8921937e-05,8.480224e-05,b
test_1519.jpg,1.2218416e-05,0.9999337,2.2827006e-05,3.120082e-05,b
test_1520.jpg,3.1195552e-05,2.429512e-05,0.999765,0.000179518,c
test_1521.jpg,2.93105e-05,9.515727e-06,2.5866428e-05,0.99993527,d
test_1522.jpg,0.0001584303,3.1196774e-05,6.143009e-06,0.9998042,d
test_1523.jpg,0.9999794,6.5403447e-06,5.093626e-06,8.939592e-06,a
test_1524.jpg,0.011377247,0.10794432,0.5481865,0.33249193,c
test_1525.jpg,0.008562849,0.0011588556,0.98973083,0.00054740463,c
test_1526.jpg,1.4738023e-05,4.8324124e-05,1.6700369e-05,0.99992025,d
test_1527.jpg,1.3005914e-05,8.480922e-05,8.397249e-06,0.99989367,d
test_1528.jpg,0.9999713,1.0129802e-05,7.889098e-06,1.0783118e-05,a
test_1529.jpg,0.00010222814,0.0006262233,0.9991968,7.4791715e-05,c
test_1530.jpg,1.9946583e-06,0.9999622,1.5689204e-05,2.0145335e-05,b
test_1531.jpg,0.9999801,8.397975e-06,5.4221405e-06,6.14409e-06,a
test_1532.jpg,5.0936496e-06,2.5612478e-06,8.3980085e-06,0.999984,d
test_1533.jpg,0.99983895,3.5351808e-05,0.00010889124,1.669901e-05,a
test_1534.jpg,0.9895382,0.00245282,0.0075552166,0.00045372607,a
test_1535.jpg,0.0019253772,0.0006250784,0.99737,7.94698e-05,c
test_1536.jpg,2.7532644e-05,8.48065e-05,0.9998617,2.5864525e-05,c
test_1537.jpg,0.9976897,6.191098e-05,0.0021824373,6.590389e-05,a
test_1538.jpg,0.00017950426,0.9996885,6.603593e-05,6.603593e-05,b
test_1539.jpg,0.00043047886,5.825898e-05,0.00012333426,0.99938786,d
test_1540.jpg,2.2602098e-06,0.9999471,1.3006609e-05,3.763587e-05,b
test_1541.jpg,1.3845943e-05,2.406064e-06,2.123344e-06,0.99998164,d
test_1542.jpg,7.4108543e-06,0.99993515,1.47382425e-05,4.264652e-05,b
test_1543.jpg,5.475695e-05,1.3844726e-05,0.9998938,3.7633865e-05,c
test_1544.jpg,0.9999809,3.726582e-06,4.4951157e-06,1.0783223e-05,a
test_1545.jpg,6.144145e-06,3.5008284e-06,1.3709441e-06,0.99998903,d
test_1546.jpg,0.00026111992,6.602146e-05,0.99946946,0.00020336043,c
test_1547.jpg,0.0028003736,7.462742e-05,0.00012303982,0.99700195,d
test_1548.jpg,0.99987125,1.5687778e-05,5.8287158e-05,5.4755717e-05,a
test_1549.jpg,0.99992406,2.0144567e-05,4.0062252e-05,1.5688605e-05,a
test_1550.jpg,0.00033519077,0.00017941468,0.99918956,0.0002958048,c
test_1551.jpg,6.1440614e-06,2.726411e-06,0.99997544,1.5689411e-05,c
test_1552.jpg,0.0010314318,0.00062559504,0.9981944,0.00014859185,c
test_1553.jpg,1.0783226e-05,6.144097e-06,1.8738436e-06,0.99998116,d
test_1554.jpg,0.0012244009,0.00054332457,0.015878271,0.9823539,d
test_1555.jpg,0.99992836,3.1200652e-05,2.1443871e-05,1.8924151e-05,a
test_1556.jpg,8.93945e-06,0.9999635,4.784943e-06,2.2827686e-05,b
test_1557.jpg,0.020302812,0.00015501388,0.97824425,0.0012979154,c
test_1558.jpg,1.0782924e-05,3.1201424e-05,4.7848935e-06,0.99995315,d
test_1559.jpg,2.1233716e-06,1.4593705e-06,1.7603369e-06,0.99999464,d
test_1560.jpg,0.9999839,6.1441137e-06,5.093649e-06,4.785041e-06,a
test_1561.jpg,0.9999778,1.1478645e-05,6.9621506e-06,3.7265706e-06,a
test_1562.jpg,3.1200936e-05,5.4219095e-06,0.99993753,2.5866486e-05,c
test_1563.jpg,0.9995109,0.00015838382,0.00019104734,0.00013977324,a
test_1564.jpg,1.4738533e-05,1.5689087e-05,0.9999548,1.4738533e-05,c
test_1565.jpg,0.9999751,5.7718094e-06,6.9621315e-06,1.221892e-05,a
test_1566.jpg,6.143717e-06,0.9999194,8.3974655e-06,6.605118e-05,b
test_1567.jpg,0.00066286424,0.99358034,0.0021734482,0.0035834103,b
test_1568.jpg,0.0066215587,0.98272645,0.00850225,0.0021497053,b
test_1569.jpg,1.5674454e-05,0.9990221,0.0008039461,0.00015830637,b
test_1570.jpg,0.69387364,0.0645403,0.016318344,0.22526778,a
test_1571.jpg,0.0009350228,0.14771955,0.85006744,0.0012780246,c
test_1572.jpg,0.998125,0.0004871801,0.0010313602,0.00035642853,a
test_1573.jpg,0.9997267,8.479505e-05,7.965758e-05,0.000108879016,a
test_1574.jpg,0.9999881,3.9669544e-06,2.5612583e-06,5.4221837e-06,a
test_1575.jpg,0.006664272,0.00022803884,0.98906565,0.0040420853,c
test_1576.jpg,6.204161e-05,8.480082e-05,0.9997948,5.8282698e-05,c
test_1577.jpg,0.9999515,2.2827411e-05,8.9393425e-06,1.6700891e-05,a
test_1578.jpg,7.029834e-05,9.608643e-05,0.99973756,9.608643e-05,c
test_1579.jpg,6.5403215e-06,5.422117e-06,0.9999758,1.2218929e-05,c
test_1580.jpg,0.99935573,3.3193897e-05,0.000552728,5.8257105e-05,a
test_1581.jpg,2.7263613e-06,0.9999573,1.5689127e-05,2.4299794e-05,b
test_1582.jpg,0.9966629,0.00027718022,0.0027994213,0.0002603867,a
test_1583.jpg,0.99997807,3.7265715e-06,3.50079e-06,1.47388755e-05,a
test_1584.jpg,0.00047926884,0.13288797,9.437363e-05,0.8665384,d
test_1585.jpg,3.9669635e-06,9.422364e-07,0.99999034,4.7850713e-06,c
test_1586.jpg,0.00070963136,2.7515396e-05,2.7515396e-05,0.9992354,d
test_1587.jpg,7.475462e-05,0.9987012,5.4691645e-05,0.0011693588,b
test_1588.jpg,0.9999809,9.51616e-06,3.5008e-06,6.144095e-06,a
test_1589.jpg,2.1444646e-05,4.495042e-06,9.516004e-06,0.9999645,d
test_1590.jpg,0.9999926,1.994719e-06,2.2603128e-06,3.0894812e-06,a
test_1591.jpg,1.2218423e-05,2.7534643e-05,0.9999343,2.5866402e-05,c
test_1592.jpg,9.51424e-06,7.887582e-06,0.99977916,0.00020342343,c
test_1593.jpg,1.568831e-05,2.4298528e-05,0.9999052,5.475758e-05,c
test_1594.jpg,0.9384012,0.028337263,0.004924278,0.028337263,a
test_1595.jpg,3.966947e-06,0.9999863,1.8738532e-06,7.889216e-06,b
test_1596.jpg,5.422167e-06,6.5403815e-06,3.0894576e-06,0.999985,d
test_1597.jpg,6.144102e-06,2.2602887e-06,0.999982,9.516171e-06,c
test_1598.jpg,0.0002611784,2.2821516e-05,2.2821516e-05,0.9996933,d
test_1599.jpg,0.00015838498,0.9995183,2.7523185e-05,0.00029590214,b
test_1600.jpg,6.14383e-06,0.9999378,2.2827098e-05,3.321323e-05,b
test_1601.jpg,6.9621237e-06,8.939544e-06,0.999974,1.012983e-05,c
test_1602.jpg,0.9999845,8.398012e-06,1.6536668e-06,5.422164e-06,a
test_1603.jpg,6.14411e-06,2.561246e-06,0.9999833,7.889193e-06,c
test_1604.jpg,4.7850863e-06,6.47591e-07,1.1365576e-06,0.99999344,d
test_1605.jpg,4.0057566e-05,0.9998072,1.3004789e-05,0.00013981467,b
test_1606.jpg,4.785043e-06,1.8738497e-06,0.9999844,8.939637e-06,c
test_1607.jpg,0.00012330143,0.99912184,4.5360062e-05,0.00070955075,b
test_1608.jpg,5.093632e-06,2.1233418e-06,1.2218988e-05,0.99998057,d
test_1609.jpg,2.7264473e-06,6.1441438e-06,2.2603042e-06,0.9999888,d
test_1610.jpg,0.00023042332,0.99940777,0.00029586942,6.601738e-05,b
test_1611.jpg,6.9621788e-06,2.2602885e-06,0.9999819,8.939614e-06,c
test_1612.jpg,5.1439467e-05,2.7533562e-05,0.9998951,2.5865387e-05,c
test_1613.jpg,0.99991536,3.1200245e-05,2.5865911e-05,2.753412e-05,a
test_1614.jpg,1.6701288e-05,3.5007804e-06,4.4950907e-06,0.9999753,d
test_1615.jpg,1.6699238e-05,7.4102422e-06,0.99985254,0.00012339161,c
test_1616.jpg,1.8738353e-06,0.99997675,6.540328e-06,1.47388555e-05,b
test_1617.jpg,0.99994564,1.7777904e-05,1.0782843e-05,2.5866695e-05,a
test_1618.jpg,0.00011585691,0.00033524306,0.9993455,0.0002033352,c
test_1619.jpg,3.535496e-05,8.939133e-06,0.9999281,2.7534472e-05,c
test_1620.jpg,9.422402e-07,3.0894867e-06,1.5534915e-06,0.9999944,d
test_1621.jpg,1.8919689e-05,0.9996927,0.00017950502,0.000108875305,b
test_1622.jpg,2.9022417e-06,0.9999728,1.4738798e-05,9.516084e-06,b
test_1623.jpg,7.338077e-07,0.99998116,5.7718444e-06,1.2218995e-05,b
test_1624.jpg,1.6700698e-05,2.4299374e-05,0.99994004,1.8924371e-05,c
test_1625.jpg,0.067504674,0.9318732,0.00016732734,0.0004548429,b
test_1626.jpg,3.9668835e-06,0.9999702,1.0129791e-05,1.568933e-05,b
test_1627.jpg,0.99982375,0.00011591235,1.7775736e-05,4.2641765e-05,a
test_1628.jpg,0.99944633,2.5853778e-05,0.00048782505,4.0043113e-05,a
test_1629.jpg,0.9999845,9.516195e-06,1.2098484e-06,4.7850435e-06,a
test_1630.jpg,0.025704931,0.96457046,0.00026825504,0.009456317,b
test_1631.jpg,0.005217062,0.00048526237,0.99419594,0.000101716505,c
test_1632.jpg,8.480582e-05,0.9998536,1.01286105e-05,5.143733e-05,b
test_1633.jpg,8.398011e-06,2.7264352e-06,4.4951316e-06,0.9999844,d
test_1634.jpg,0.0037166663,0.002254272,0.08459093,0.9094382,d
test_1635.jpg,6.60502e-05,1.4737791e-05,0.9999045,1.4737791e-05,c
test_1636.jpg,3.0894778e-06,3.5008372e-06,1.873863e-06,0.99999154,d
test_1637.jpg,0.95548296,0.015443943,0.015443943,0.013629232,a
test_1638.jpg,0.99992275,1.2218281e-05,4.8324244e-05,1.6700411e-05,a
test_1639.jpg,1.8924202e-05,1.670055e-05,0.9999311,3.3213008e-05,c
test_1640.jpg,0.9999114,1.07824735e-05,6.204885e-05,1.5688407e-05,a
test_1641.jpg,0.99984705,3.5352095e-05,2.1442129e-05,9.6096956e-05,a
test_1642.jpg,2.1233711e-06,1.4593702e-06,0.9999944,1.9947227e-06,c
test_1643.jpg,1.5689187e-05,7.411047e-06,0.99996114,1.5689187e-05,c
test_1644.jpg,7.951106e-05,0.0013239782,0.9978879,0.00070867443,c
test_1645.jpg,9.0201014e-05,0.9385024,0.059996445,0.0014109812,b
test_1646.jpg,3.53443e-05,0.00017949316,0.99962664,0.00015840217,c
test_1647.jpg,2.1443026e-05,4.784586e-06,0.9998889,8.480881e-05,c
test_1648.jpg,1.4593735e-06,4.7378919e-07,1.3709546e-06,0.99999666,d
test_1649.jpg,0.001500991,8.468012e-05,4.2579835e-05,0.99837166,d
test_1650.jpg,8.939249e-06,3.5355417e-05,0.999941,1.4738329e-05,c
test_1651.jpg,2.561272e-06,2.561272e-06,1.4593688e-06,0.99999344,d
test_1652.jpg,4.261405e-05,0.00048769204,0.9991738,0.00029580016,c
test_1653.jpg,5.1401912e-05,0.9991652,0.0002957976,0.0004876878,b
test_1654.jpg,0.0007080547,0.0021809621,0.99701524,9.5824784e-05,c
test_1655.jpg,0.13217877,0.0058075297,9.992407e-05,0.8619138,d
test_1656.jpg,8.397688e-06,0.999946,7.888899e-06,3.763583e-05,b
test_1657.jpg,1.3006906e-05,5.771779e-06,1.14785535e-05,0.99996984,d
test_1658.jpg,0.003592393,0.996071,0.00017885471,0.00015783872,b
test_1659.jpg,1.8923856e-05,0.99991286,4.5395976e-05,2.2826529e-05,b
test_1660.jpg,2.123356e-06,0.99998724,3.288718e-06,7.4112404e-06,b
test_1661.jpg,4.222395e-06,0.999892,1.8923462e-05,8.480907e-05,b
test_1662.jpg,0.9997106,0.0001686324,6.603739e-05,5.474692e-05,a
test_1663.jpg,0.99993885,1.2218477e-05,2.1444097e-05,2.7534767e-05,a
test_1664.jpg,0.000108849476,0.00029588354,0.9994555,0.0001397655,c
test_1665.jpg,0.99876285,0.00020321665,0.00023027461,0.00080373744,a
test_1666.jpg,4.5396744e-05,1.0129382e-05,1.4738163e-05,0.9999298,d
test_1667.jpg,7.889154e-06,4.2227603e-06,0.9999784,9.516137e-06,c
test_1668.jpg,0.9999076,5.144011e-05,1.6700158e-05,2.4298586e-05,a
test_1669.jpg,1.4737452e-05,4.539455e-05,5.8287755e-05,0.9998815,d
test_1670.jpg,0.0005508871,0.99602723,0.0006242368,0.0027976357,b
test_1671.jpg,0.9980076,0.0006658179,0.0002954549,0.0010312388,a
test_1672.jpg,2.2827591e-05,3.0893784e-06,0.99995935,1.4738599e-05,c
test_1673.jpg,1.0783272e-05,1.5534777e-06,2.2602965e-06,0.99998546,d
test_1674.jpg,0.22189371,0.7744851,0.0031651438,0.00045598217,b
test_1675.jpg,2.7531187e-05,0.99980885,5.4752298e-05,0.00010888795,b
test_1676.jpg,1.994657e-06,1.0676629e-06,0.9999615,3.535614e-05,c
test_1677.jpg,4.785034e-06,3.2887024e-06,0.9999825,9.516176e-06,c
test_1678.jpg,1.4737749e-05,0.99990165,3.5354024e-05,4.8323225e-05,b
test_1679.jpg,1.38450605e-05,4.539621e-05,0.999918,2.2826647e-05,c
test_1680.jpg,0.99992967,3.321296e-05,2.14439e-05,1.5688693e-05,a
test_1681.jpg,0.99990237,6.605006e-05,1.0129104e-05,2.1443315e-05,a
test_1682.jpg,0.999979,7.4111795e-06,5.093624e-06,8.397966e-06,a
test_1683.jpg,2.014554e-05,4.2227343e-06,3.288669e-06,0.99997234,d
test_1684.jpg,1.30069275e-05,3.2886662e-06,0.9999715,1.2218877e-05,c
test_1685.jpg,1.3845275e-05,0.9999335,2.1443982e-05,3.1200812e-05,b
test_1686.jpg,3.535562e-05,1.3845461e-05,0.99994683,3.9667907e-06,c
test_1687.jpg,4.539244e-05,1.07816495e-05,0.00010889081,0.999835,d
test_1688.jpg,0.9999851,5.093655e-06,2.406072e-06,7.4112245e-06,a
test_1689.jpg,2.0145582e-05,4.2227434e-06,1.2098363e-06,0.9999745,d
test_1690.jpg,0.9999863,3.5008188e-06,5.093661e-06,5.093661e-06,a
test_1691.jpg,0.9999399,1.2218491e-05,1.6700697e-05,3.1201012e-05,a
test_1692.jpg,3.7598595e-05,0.9989567,0.00037973237,0.0006260728,b
test_1693.jpg,0.99988663,8.480862e-05,1.7776854e-05,1.0782206e-05,a
test_1694.jpg,6.5402605e-06,0.9999665,4.22271e-06,2.2827755e-05,b
test_1695.jpg,4.2493913e-05,0.996357,0.0027985622,0.0008018014,b
test_1696.jpg,6.1440287e-06,1.2218859e-05,1.1478556e-05,0.9999701,d
test_1697.jpg,3.089305e-06,0.9999356,3.5355224e-05,2.5866437e-05,b
test_1698.jpg,1.3709086e-06,0.99996316,7.889033e-06,2.7535436e-05,b
test_1699.jpg,2.5611846e-06,0.99995935,2.586705e-05,1.2218728e-05,b
test_1700.jpg,0.00037992132,9.605915e-05,7.027838e-05,0.9994537,d
test_1701.jpg,0.0004304055,0.00020330916,0.9992175,0.00014874416,c
test_1702.jpg,2.7526079e-05,1.38409805e-05,0.9996233,0.00033533626,c
test_1703.jpg,3.726198e-06,0.9998778,9.51518e-06,0.00010889547,b
test_1704.jpg,1.4738831e-05,5.093604e-06,5.093604e-06,0.9999751,d
test_1705.jpg,0.99990416,2.5865622e-05,6.20484e-05,7.888569e-06,a
test_1706.jpg,0.9988273,0.00031476843,0.00070934155,0.00014868607,a
test_1707.jpg,0.0017412554,0.0011967461,0.09506932,0.9019926,d
test_1708.jpg,3.0893489e-06,0.9999498,1.7777977e-05,2.9310926e-05,b
test_1709.jpg,6.540256e-06,2.5867215e-05,1.7602861e-06,0.9999658,d
test_1710.jpg,3.3192835e-05,0.99932384,9.022749e-05,0.0005527104,b
test_1711.jpg,0.9998952,1.669995e-05,1.7777007e-05,7.030942e-05,a
test_1712.jpg,5.828947e-05,1.7777287e-05,1.300614e-05,0.99991095,d
test_1713.jpg,1.3007003e-05,5.0936155e-06,4.4951e-06,0.99997735,d
test_1714.jpg,0.9991466,0.0006261918,9.602963e-05,0.00013125695,a
test_1715.jpg,6.961544e-06,0.9998907,2.753344e-05,7.484366e-05,b
test_1716.jpg,4.7846083e-06,0.99989355,1.14776785e-05,9.027893e-05,b
test_1717.jpg,0.00012335088,0.0002959034,0.99952257,5.826683e-05,c
test_1718.jpg,0.0015009792,0.9983638,3.3160948e-05,0.00010214292,b
test_1719.jpg,3.535599e-05,4.222671e-06,3.089372e-06,0.9999573,d
test_1720.jpg,1.2218002e-05,5.4757285e-05,3.321197e-05,0.99989986,d
test_1721.jpg,0.99998295,7.4112086e-06,4.495125e-06,5.093644e-06,a
test_1722.jpg,9.515646e-06,5.1441097e-05,0.9999268,1.2218331e-05,c
test_1723.jpg,0.000139813,4.831808e-05,1.669828e-05,0.99979526,d
test_1724.jpg,0.0009578277,0.3203495,0.6781799,0.0005126882,c
test_1725.jpg,2.4297746e-05,8.480746e-05,0.99987304,1.7776612e-05,c
test_1726.jpg,5.1441668e-05,7.410875e-06,3.2885557e-06,0.9999379,d
test_1727.jpg,7.410667e-06,0.9999099,4.2645443e-05,4.0061685e-05,b
test_1728.jpg,3.763011e-05,0.99979407,0.00010228925,6.60429e-05,b
test_1729.jpg,0.99995935,2.1444537e-05,3.5007245e-06,1.5689158e-05,a
test_1730.jpg,4.785073e-06,3.2887294e-06,1.2098559e-06,0.9999907,d
test_1731.jpg,0.0010315339,0.0005521403,0.9982931,0.00012319915,c
test_1732.jpg,6.601954e-05,0.9994404,0.0003352749,0.00015837264,b
test_1733.jpg,1.3709356e-06,0.99998283,7.4112077e-06,8.397998e-06,b
test_1734.jpg,0.021321548,0.42825475,0.0005337745,0.54989,d
test_1735.jpg,2.9023008e-06,4.7378757e-07,0.9999932,3.500843e-06,c
test_1736.jpg,0.0003796968,0.9988631,0.00062601414,0.0001312197,b
test_1737.jpg,1.47328265e-05,0.9995677,0.00037996465,3.762159e-05,b
test_1738.jpg,0.99995816,7.411025e-06,1.0129669e-05,2.4299814e-05,a
test_1739.jpg,1.3006587e-05,0.9999454,6.143877e-06,3.535557e-05,b
test_1740.jpg,5.1435407e-05,7.030387e-05,0.99981624,6.204294e-05,c
test_1741.jpg,2.1422771e-05,0.99894446,0.00091091945,0.00012327953,b
test_1742.jpg,0.002797729,0.99606043,0.00062425766,0.0005175278,b
test_1743.jpg,0.00067269953,0.8898416,0.00320927,0.10627643,b
test_1744.jpg,6.9603134e-06,0.99971396,1.7773784e-05,0.0002611838,b
test_1745.jpg,0.00010774252,0.9892915,0.00090211706,0.009698673,b
test_1746.jpg,0.99993455,1.3845291e-05,4.539696e-05,6.1438104e-06,a
test_1747.jpg,7.889057e-06,0.99996614,1.3006857e-05,1.3006857e-05,b
test_1748.jpg,0.99014294,0.00010783526,0.009707021,4.222889e-05,a
test_1749.jpg,0.99990773,3.535424e-05,5.1440114e-05,5.421748e-06,a
test_1750.jpg,6.9619023e-06,0.9999422,5.421935e-06,4.5397308e-05,b
test_1751.jpg,0.053367734,0.00055694225,0.000109668435,0.9459657,d
test_1752.jpg,6.5394474e-06,0.99984217,0.00013981956,1.1477088e-05,b
test_1753.jpg,4.4950543e-06,2.4300034e-05,3.9668716e-06,0.9999672,d
test_1754.jpg,5.822895e-05,0.9988727,0.0001582827,0.000910854,b
test_1755.jpg,0.004576874,0.87219775,0.11803913,0.0051862774,b
test_1756.jpg,5.093691e-06,1.7603325e-06,1.0030072e-06,0.99999213,d
test_1757.jpg,0.9999844,4.2227853e-06,3.5008122e-06,7.889202e-06,a
test_1758.jpg,0.9992054,7.961604e-05,0.0003798269,0.00033519606,a
test_1759.jpg,0.9848395,0.009655028,0.0014806463,0.0040248143,a
test_1760.jpg,8.939522e-06,2.9022378e-06,0.9999715,1.6701224e-05,c
test_1761.jpg,0.004547909,0.0010147756,0.9820748,0.012362498,c
test_1762.jpg,6.54034e-06,3.2886896e-06,0.99997866,1.1478655e-05,c
test_1763.jpg,7.411084e-06,1.5689266e-05,0.99996614,1.0783064e-05,c
test_1764.jpg,0.9995982,4.0049195e-05,0.00023046722,0.00013131628,a
test_1765.jpg,0.999979,9.516142e-06,5.4221346e-06,6.1440837e-06,a
test_1766.jpg,0.00019046402,0.99645907,0.00017892438,0.003171511,b
test_1767.jpg,3.0894405e-06,0.9999795,5.0936264e-06,1.2218975e-05,b
test_1768.jpg,0.0008454318,0.06716097,0.92712855,0.004865124,c
test_1769.jpg,0.9993838,8.476597e-05,0.00021645748,0.0003149438,a
test_1770.jpg,6.1420656e-06,7.886568e-06,0.00033534542,0.9996506,d
test_1771.jpg,0.0002949314,0.0031708116,0.9962393,0.0002949314,c
test_1772.jpg,2.2810884e-05,0.9992275,4.0034345e-05,0.0007096258,b
test_1773.jpg,6.604977e-05,2.5865462e-05,1.012906e-05,0.99989796,d
test_1774.jpg,2.9310155e-05,3.763498e-05,9.515614e-06,0.99992347,d
test_1775.jpg,5.4219986e-06,0.999954,1.3006699e-05,2.7535183e-05,b
test_1776.jpg,0.9999167,2.4298806e-05,4.832395e-05,1.078253e-05,a
test_1777.jpg,0.9998172,2.2824344e-05,2.0142414e-05,0.00013981607,a
test_1778.jpg,2.2826389e-05,0.99990666,1.22180845e-05,5.828922e-05,b
test_1779.jpg,0.99992025,2.7534255e-05,1.8923996e-05,3.3212647e-05,a
test_1780.jpg,4.5372188e-05,1.299935e-05,0.0005527464,0.99938893,d
test_1781.jpg,0.9999876,5.7718817e-06,4.222799e-06,2.4060782e-06,a
test_1782.jpg,6.204133e-05,4.5390407e-05,0.99979025,0.000102288854,c
test_1783.jpg,0.00020323948,0.9988751,0.0002957117,0.00062602165,b
test_1784.jpg,0.9999751,6.144059e-06,5.7718094e-06,1.3006974e-05,a
test_1785.jpg,0.9999521,1.3006675e-05,1.4738492e-05,2.0145131e-05,a
test_1786.jpg,0.00026116418,5.4742988e-05,4.5383535e-05,0.9996388,d
test_1787.jpg,4.8268503e-05,1.29912905e-05,0.99876934,0.0011694387,c
test_1788.jpg,0.9996749,5.142814e-05,7.029393e-05,0.00020340222,a
test_1789.jpg,0.9999572,7.888987e-06,2.0145235e-05,1.4738567e-05,a
test_1790.jpg,1.3845574e-05,1.2218676e-05,0.99995506,1.8924655e-05,c
test_1791.jpg,2.561203e-06,0.9999665,9.516024e-06,2.144469e-05,b
test_1792.jpg,2.260213e-06,0.9999485,1.3845483e-05,3.5355682e-05,b
test_1793.jpg,2.2827757e-05,5.7717602e-06,4.784958e-06,0.9999666,d
test_1794.jpg,0.9999889,4.7850644e-06,1.9947117e-06,4.2228044e-06,a
test_1795.jpg,0.95622104,0.00049682823,0.04201342,0.0012686953,a
test_1796.jpg,0.0020781762,0.047299072,0.9500273,0.00059540744,c
test_1797.jpg,3.3211767e-05,0.9998938,2.7533526e-05,4.539511e-05,b
test_1798.jpg,1.5689075e-05,1.0129627e-05,0.999954,2.014517e-05,c
test_1799.jpg,2.4297358e-05,4.832107e-05,0.99985707,7.030674e-05,c
test_1800.jpg,0.0011692639,0.99862003,0.00013118777,7.95694e-05,b
test_1801.jpg,0.99993145,2.4299165e-05,1.3006406e-05,3.1200747e-05,a
test_1802.jpg,0.00012337828,0.9997446,6.603963e-05,6.603963e-05,b
test_1803.jpg,6.600279e-05,3.7607257e-05,0.9991868,0.0007095969,c
test_1804.jpg,0.0009952586,0.2592382,0.035084073,0.7046824,d
test_1805.jpg,1.3845977e-05,1.2878764e-06,7.338099e-07,0.99998415,d
test_1806.jpg,0.61302084,0.32812643,0.05701982,0.0018328992,a
test_1807.jpg,0.00013978902,3.3202796e-05,0.99962366,0.0002033918,c
test_1808.jpg,0.99934405,0.00010224321,0.00043046,0.00012332885,a
test_1809.jpg,0.9999901,4.7850704e-06,2.4060841e-06,2.7264507e-06,a
test_1810.jpg,0.99997103,8.397899e-06,8.397899e-06,1.2218871e-05,a
test_1811.jpg,0.002582438,0.0054670214,0.43429926,0.5576513,d
test_1812.jpg,9.515979e-06,1.0783017e-05,0.99996185,1.7778191e-05,c
test_1813.jpg,0.0002958974,0.00013977203,0.9995023,6.202346e-05,c
test_1814.jpg,1.8923845e-05,2.7262386e-06,0.99991226,6.6050714e-05,c
test_1815.jpg,3.5008384e-06,2.9022972e-06,1.760332e-06,0.9999919,d
test_1816.jpg,3.288408e-06,0.99989295,1.892348e-05,8.480915e-05,b
test_1817.jpg,0.00055160426,0.0014994158,0.9973239,0.00062504946,c
test_1818.jpg,1.8922936e-05,0.9998642,7.888253e-06,0.00010889399,b
test_1819.jpg,4.49515e-06,1.6536733e-06,0.99998844,5.4221855e-06,c
test_1820.jpg,4.7846615e-06,0.99990463,1.56883e-05,7.48447e-05,b
test_1821.jpg,3.966926e-06,8.939606e-06,6.144095e-06,0.9999809,d
test_1822.jpg,0.99991953,1.0782561e-05,1.1477977e-05,5.8289974e-05,a
test_1823.jpg,0.00017952206,2.2823671e-05,1.0127941e-05,0.9997876,d
test_1824.jpg,0.99892956,7.477171e-05,8.472744e-05,0.0009109059,a
test_1825.jpg,0.00015842049,3.3206736e-05,0.9997423,6.603949e-05,c
test_1826.jpg,0.5825145,0.0050397385,0.40035602,0.012089703,a
test_1827.jpg,9.533091e-05,0.007573072,0.00045479834,0.9918767,d
test_1828.jpg,0.00033371247,0.00027665737,0.004606759,0.99478287,d
test_1829.jpg,6.962194e-06,6.962194e-06,1.9947022e-06,0.99998415,d
test_1830.jpg,1.300361e-05,0.99971646,4.0053936e-05,0.0002304945,b
test_1831.jpg,8.93951e-06,1.568933e-05,5.093579e-06,0.9999702,d
test_1832.jpg,0.00017949907,0.00012336779,3.762505e-05,0.99965954,d
test_1833.jpg,0.054619987,0.19064248,0.7540056,0.00073190813,c
test_1834.jpg,9.516061e-06,3.2886626e-06,0.99997044,1.6701208e-05,c
test_1835.jpg,0.99997854,4.2227607e-06,4.2227607e-06,1.3007018e-05,a
test_1836.jpg,7.481153e-05,0.00043051058,0.9994615,3.3197408e-05,c
test_1837.jpg,0.9989693,0.0004042281,0.00045805046,0.00016850735,a
test_1838.jpg,4.222779e-06,2.2602906e-06,0.99998283,1.0783243e-05,c
test_1839.jpg,2.01444e-05,2.14436e-05,4.264569e-05,0.9999157,d
test_1840.jpg,0.99998295,3.966934e-06,5.771855e-06,7.4112086e-06,a
test_1841.jpg,1.6701117e-05,3.5007445e-06,0.9999651,1.4738684e-05,c
test_1842.jpg,0.9994399,8.477073e-05,0.00029587894,0.00017945963,a
test_1843.jpg,5.0390605e-05,0.020329019,0.000113556984,0.979507,d
test_1844.jpg,0.99993825,3.1200958e-05,1.38453415e-05,1.670067e-05,a
test_1845.jpg,6.143812e-06,0.9999348,1.0782725e-05,4.8324826e-05,b
test_1846.jpg,2.2603178e-06,1.0676986e-06,0.9999949,1.7603373e-06,c
test_1847.jpg,0.9999505,2.4299628e-05,1.3006655e-05,1.221862e-05,a
test_1848.jpg,0.015896266,0.00042362115,0.98346716,0.00021301008,c
test_1849.jpg,0.999887,3.119936e-05,1.5688023e-05,6.604904e-05,a
test_1850.jpg,7.0304835e-05,0.99983,6.204379e-05,3.7631467e-05,b
test_1851.jpg,8.939515e-06,1.0783114e-05,9.516064e-06,0.9999708,d
test_1852.jpg,4.536787e-05,0.9992938,0.00043043835,0.00023039704,b
test_1853.jpg,1.568948e-05,2.5612371e-06,1.9946935e-06,0.99997985,d
test_1854.jpg,0.999984,4.222784e-06,6.9621933e-06,4.7850413e-06,a
test_1855.jpg,0.9216737,0.0020161532,0.07565559,0.0006545491,a
test_1856.jpg,3.966917e-06,1.4738884e-05,2.5612342e-06,0.99997866,d
test_1857.jpg,3.757928e-05,1.7751197e-05,0.99844354,0.0015010991,c
test_1858.jpg,6.9620914e-06,4.784971e-06,0.99996936,1.8924926e-05,c
test_1859.jpg,0.9999175,2.5865967e-05,1.8923945e-05,3.763476e-05,a
test_1860.jpg,0.0005365341,9.323565e-05,0.97007644,0.02929377,c
test_1861.jpg,1.3005419e-05,3.5352394e-05,0.9998555,9.609777e-05,c
test_1862.jpg,0.02027217,0.97676784,0.0016640412,0.0012959564,b
test_1863.jpg,0.00029593578,5.8273206e-05,1.38411e-05,0.9996319,d
test_1864.jpg,0.00037982882,0.99921036,0.00017941842,0.0002303778,b
test_1865.jpg,0.0017004751,7.953226e-05,0.998154,6.593457e-05,c
test_1866.jpg,1.9946822e-06,3.7265568e-06,2.0145577e-05,0.99997413,d
test_1867.jpg,1.8896491e-05,1.2987357e-05,0.9984669,0.0015011342,c
test_1868.jpg,0.00012336273,5.474188e-05,0.00020339077,0.99961853,d
test_1869.jpg,2.4060507e-06,0.99997616,3.7265643e-06,1.7778446e-05,b
test_1870.jpg,0.0004305432,2.2817954e-05,0.9995372,9.5119385e-06,c
test_1871.jpg,0.0014926778,0.00045524104,0.0052099577,0.9928422,d
test_1872.jpg,7.888187e-06,0.99985576,5.1437444e-05,8.4806e-05,b
test_1873.jpg,2.4060641e-06,1.9946974e-06,0.99998176,1.3845944e-05,c
test_1874.jpg,0.99998164,9.516168e-06,1.8738444e-06,6.962177e-06,a
test_1875.jpg,2.0145497e-05,5.093579e-06,4.4950675e-06,0.9999702,d
test_1876.jpg,0.00048734207,0.99845684,0.00043007784,0.00062575954,b
test_1877.jpg,8.939627e-06,5.4221578e-06,2.4060678e-06,0.9999833,d
test_1878.jpg,0.99808073,0.0010313145,8.465544e-05,0.00080318854,a
test_1879.jpg,0.009704297,0.00037627647,5.420776e-05,0.98986524,d
test_1880.jpg,1.5689448e-05,1.4593459e-06,0.9999777,5.0936173e-06,c
test_1881.jpg,1.9947113e-06,0.9999887,3.9669567e-06,5.422187e-06,b
test_1882.jpg,0.00013969447,0.00080388616,0.9989477,0.000108794164,c
test_1883.jpg,0.99703276,5.812169e-05,0.00280046,0.00010858562,a
test_1884.jpg,1.7776116e-05,1.3844051e-05,0.999845,0.00012339068,c
test_1885.jpg,4.0061725e-05,1.56884e-05,3.3212338e-05,0.99991095,d
test_1886.jpg,1.2218642e-05,0.9999523,4.2226497e-06,3.1201398e-05,b
test_1887.jpg,2.561256e-06,1.3709416e-06,0.99998724,8.939663e-06,c
test_1888.jpg,8.952488e-05,0.991542,0.0075705163,0.0007979266,b
test_1889.jpg,0.9997689,5.475011e-05,0.00014882624,2.7530088e-05,a
test_1890.jpg,9.516037e-06,2.0145451e-05,2.406031e-06,0.99996793,d
test_1891.jpg,1.0783251e-05,2.4060685e-06,3.2887058e-06,0.99998355,d
test_1892.jpg,2.586391e-05,0.999838,4.0058803e-05,9.609608e-05,b
test_1893.jpg,9.515972e-06,3.5007308e-06,0.99996114,2.5867095e-05,c
test_1894.jpg,0.00062606146,0.0001396932,0.9989386,0.00029573054,c
test_1895.jpg,4.8324473e-05,7.410798e-06,1.6700491e-05,0.9999275,d
test_1896.jpg,6.539981e-06,0.9999237,2.4298977e-05,4.5396468e-05,b
test_1897.jpg,0.9998062,0.0001313436,3.119684e-05,3.119684e-05,a
test_1898.jpg,3.726519e-06,0.999964,9.515999e-06,2.2827697e-05,b
test_1899.jpg,0.00010868462,0.0013240497,0.9979418,0.0006254367,c
test_1900.jpg,0.00017906801,0.0024719578,9.004106e-05,0.9972589,d
test_1901.jpg,0.9999764,1.300699e-05,1.6536534e-06,8.939565e-06,a
test_1902.jpg,1.221641e-05,0.9997696,1.4735803e-05,0.0002034215,b
test_1903.jpg,0.0001398034,9.6085365e-05,3.7627568e-05,0.9997265,d
test_1904.jpg,0.08969725,0.662778,0.24382244,0.003702248,b
test_1905.jpg,0.000115711795,0.9980938,0.0017003726,9.011644e-05,b
test_1906.jpg,0.0021778124,0.9955754,0.0005506372,0.0016960822,b
test_1907.jpg,3.3213266e-05,8.93923e-06,0.99993885,1.892435e-05,c
test_1908.jpg,1.5689251e-05,1.0783053e-05,8.39785e-06,0.9999652,d
test_1909.jpg,0.9999728,1.0783136e-05,6.9621155e-06,9.516084e-06,a
test_1910.jpg,6.200475e-05,0.00070960686,2.7514445e-05,0.9992009,d
test_1911.jpg,0.0031715531,0.0002603369,9.57726e-05,0.99647236,d
test_1912.jpg,3.7635862e-05,4.7848634e-06,1.07828555e-05,0.99994683,d
test_1913.jpg,8.398039e-06,2.5612574e-06,1.3709423e-06,0.9999877,d
test_1914.jpg,2.9022383e-06,0.9999716,6.540294e-06,1.892497e-05,b
test_1915.jpg,0.9886275,0.00014716771,0.01098266,0.00024263856,a
test_1916.jpg,0.00019105217,0.00024531587,2.7523678e-05,0.99953616,d
test_1917.jpg,3.9668294e-06,0.9999566,1.6700977e-05,2.2827528e-05,b
test_1918.jpg,0.8698473,0.0027685333,0.11772103,0.009663131,a
test_1919.jpg,0.99626786,8.450168e-05,0.0035931028,5.4558383e-05,a
test_1920.jpg,0.9998858,1.777684e-05,1.6699794e-05,7.967026e-05,a
test_1921.jpg,5.8262158e-05,1.14725e-05,0.9994424,0.00048782313,c
test_1922.jpg,0.00024349263,0.0075748325,0.99210733,7.426106e-05,c
test_1923.jpg,0.0008100833,0.9456588,0.00018075401,0.05335042,b
test_1924.jpg,0.99996674,9.516026e-06,1.4738708e-05,8.939479e-06,a
test_1925.jpg,0.9997949,9.609194e-05,2.9306386e-05,7.966301e-05,a
test_1926.jpg,2.9310235e-05,0.9999262,2.0144611e-05,2.4299037e-05,b
test_1927.jpg,0.00029585714,0.99936634,0.00017944642,0.00015836091,b
test_1928.jpg,8.398021e-06,1.760321e-06,4.2227903e-06,0.9999856,d
test_1929.jpg,7.411129e-06,0.9999722,6.5402983e-06,1.3845812e-05,b
test_1930.jpg,3.31967e-05,0.0004305014,0.99944013,9.605785e-05,c
test_1931.jpg,0.91383123,0.010151749,0.075011835,0.0010051591,a
test_1932.jpg,4.2228103e-06,2.1233625e-06,3.288728e-06,0.99999034,d
test_1933.jpg,0.999946,1.6700798e-05,2.5866704e-05,1.147828e-05,a
test_1934.jpg,2.1233725e-06,1.8738697e-06,8.315247e-07,0.9999951,d
test_1935.jpg,0.16236438,0.0013196191,0.8245544,0.011761636,c
test_1936.jpg,3.966851e-06,2.7263743e-06,3.1201704e-05,0.9999621,d
test_1937.jpg,0.0001677091,0.00037793833,0.99423707,0.0052172774,c
test_1938.jpg,0.99472576,0.00058565004,0.004065217,0.00062342116,a
test_1939.jpg,0.0024694344,0.99624085,0.0010294133,0.00026027643,b
test_1940.jpg,0.9357455,0.032019448,0.032019448,0.00021574534,a
test_1941.jpg,0.08252908,0.8872713,0.026793271,0.0034063824,b
test_1942.jpg,0.00016821864,0.00010202976,0.99725777,0.0024719548,c
test_1943.jpg,0.000102297134,1.5687776e-05,1.0782039e-05,0.99987113,d
test_1944.jpg,6.962032e-06,0.9999608,9.515969e-06,2.2827624e-05,b
test_1945.jpg,0.99984336,2.9307806e-05,3.1198e-05,9.60966e-05,a
test_1946.jpg,6.54038e-06,2.5612496e-06,0.99998474,6.1441187e-06,c
test_1947.jpg,0.14776194,0.0002852477,0.85031134,0.0016414871,c
test_1948.jpg,0.020325461,0.0002558598,0.9793356,8.306552e-05,c
test_1949.jpg,1.568917e-05,4.222682e-06,0.99995995,2.014529e-05,c
test_1950.jpg,0.0072860015,0.0014346988,0.03700137,0.95427793,d
test_1951.jpg,2.7264507e-06,3.7266163e-06,3.5008322e-06,0.9999901,d
test_1952.jpg,0.0010131676,0.017958825,0.9805186,0.0005094526,c
test_1953.jpg,0.0011688414,8.467058e-05,0.99825925,0.00048724562,c
test_1954.jpg,0.99986947,4.8321668e-05,6.2046245e-05,2.0143467e-05,a
test_1955.jpg,0.00021817214,0.8350814,0.16443726,0.0002631659,b
test_1956.jpg,2.1444e-05,2.282702e-05,2.1444e-05,0.9999343,d
test_1957.jpg,0.00012335247,0.0002959072,4.5378838e-05,0.99953544,d
test_1958.jpg,0.0002034095,3.762697e-05,0.9997106,4.8313992e-05,c
test_1959.jpg,7.9646605e-05,3.534297e-05,0.00029592306,0.999589,d
test_1960.jpg,1.012972e-05,8.939447e-06,1.7778215e-05,0.99996316,d
test_1961.jpg,1.9946485e-06,0.9999572,1.1478409e-05,2.9311142e-05,b
test_1962.jpg,0.9956862,0.00085293845,0.00066426914,0.0027966776,a
test_1963.jpg,2.7534068e-05,0.99991345,1.8923869e-05,4.0061826e-05,b
test_1964.jpg,1.2996149e-05,0.9991429,0.00080404326,4.0030955e-05,b
test_1965.jpg,0.0724469,0.8825839,0.018317444,0.026651725,b
test_1966.jpg,4.0063234e-05,6.143897e-06,5.0934696e-06,0.9999486,d
test_1967.jpg,3.5008484e-06,8.8515304e-07,9.4224055e-07,0.99999475,d
test_1968.jpg,0.00020294788,0.9974419,0.0019255158,0.00042964064,b
test_1969.jpg,2.1233284e-06,0.99997425,7.889122e-06,1.5689393e-05,b
test_1970.jpg,7.33819e-07,1.994727e-06,6.47593e-07,0.99999654,d
test_1971.jpg,0.99997747,7.411168e-06,3.7265693e-06,1.1478642e-05,a
test_1972.jpg,0.9162354,0.016781438,0.06637187,0.0006112638,a
test_1973.jpg,1.892505e-05,3.2886808e-06,1.7603039e-06,0.9999759,d
test_1974.jpg,0.9999796,1.1478666e-05,3.089441e-06,5.7718353e-06,a
test_1975.jpg,0.99994826,1.0129569e-05,6.1438946e-06,3.535567e-05,a
test_1976.jpg,0.9998945,5.1439434e-05,3.1199594e-05,2.282611e-05,a
test_1977.jpg,4.4951285e-06,1.0676866e-06,0.99998367,1.0783252e-05,c
test_1978.jpg,0.00010865692,2.1395816e-05,0.99768746,0.0021824325,c
test_1979.jpg,0.9999633,1.300682e-05,1.1478479e-05,1.2218777e-05,a
test_1980.jpg,0.73298556,0.00062790024,0.23796557,0.028420934,a
test_1981.jpg,1.0783189e-05,7.411171e-06,3.966914e-06,0.9999778,d
test_1982.jpg,7.889064e-06,3.7265302e-06,0.999967,2.14447e-05,c
test_1983.jpg,0.00017952372,1.892166e-05,4.7841454e-06,0.9997968,d
test_1984.jpg,0.00013134455,2.5863275e-05,2.930693e-05,0.9998135,d
test_1985.jpg,6.9620964e-06,1.2218859e-05,0.9999701,1.0783106e-05,c
test_1986.jpg,2.753506e-05,1.147832e-05,0.99994946,1.147832e-05,c
test_1987.jpg,8.851402e-07,0.9999802,5.09363e-06,1.3845923e-05,b
test_1988.jpg,8.398039e-06,2.4060785e-06,1.4593604e-06,0.9999877,d
test_1989.jpg,3.2885282e-06,0.99992955,1.568869e-05,5.144124e-05,b
test_1990.jpg,0.9990741,0.00012329554,0.00031484623,0.00048764335,a
test_1991.jpg,0.9998598,1.669936e-05,3.321064e-05,9.027589e-05,a
test_1992.jpg,0.7824629,0.009849754,0.1978376,0.009849754,a
test_1993.jpg,9.51608e-06,1.22188885e-05,5.771794e-06,0.99997246,d
test_1994.jpg,1.3006876e-05,2.7263893e-06,0.9999676,1.6701159e-05,c
test_1995.jpg,6.2039624e-05,0.99976283,3.5349116e-05,0.00013980847,b
test_1996.jpg,2.7264507e-06,5.0936806e-06,1.994714e-06,0.9999901,d
test_1997.jpg,0.00023043668,0.99946576,4.26265e-05,0.00026111896,b
test_1998.jpg,1.012894e-05,0.99988616,5.8288028e-05,4.539476e-05,b
test_1999.jpg,0.99985635,9.027558e-05,3.3210526e-05,2.0143203e-05,a
test_2000.jpg,1.7778413e-05,4.4950866e-06,3.2886755e-06,0.99997437,d
test_2001.jpg,0.9999901,5.7718958e-06,1.5534849e-06,2.5612635e-06,a
test_2002.jpg,8.479891e-05,0.99977213,8.479891e-05,5.828138e-05,b
test_2003.jpg,0.0051767128,0.0051767128,0.9865068,0.003139835,c
test_2004.jpg,0.00010229758,1.3844472e-05,8.397096e-06,0.9998754,d
test_2005.jpg,7.965551e-05,0.9997008,0.00017950647,4.0053303e-05,b
test_2006.jpg,0.9997185,6.2036874e-05,0.00012337507,9.60846e-05,a
test_2007.jpg,0.999984,8.3980085e-06,3.0894546e-06,4.49513e-06,a
test_2008.jpg,0.02024672,0.9755416,0.0039868155,0.00022492073,b
test_2009.jpg,7.889144e-06,5.422125e-06,9.516126e-06,0.99997723,d
test_2010.jpg,0.017937943,0.00025587098,0.9793785,0.0024276366,c
test_2011.jpg,2.1391374e-05,2.5802921e-05,0.0024725066,0.99748033,d
test_2012.jpg,0.001926323,4.5302775e-05,0.99786,0.00016832023,c
test_2013.jpg,3.966894e-06,0.9999728,5.422101e-06,1.7778386e-05,b
test_2014.jpg,0.00013948523,0.99745136,0.0009095579,0.0014996075,b
test_2015.jpg,5.4221896e-06,3.5008288e-06,1.9947122e-06,0.99998915,d
test_2016.jpg,7.410871e-06,2.5866482e-05,0.9999374,2.9310564e-05,c
test_2017.jpg,2.429878e-05,4.53961e-05,1.4737954e-05,0.9999156,d
test_2018.jpg,0.999705,3.1193682e-05,3.32055e-05,0.00023049186,a
test_2019.jpg,8.93739e-06,0.99973303,2.75291e-05,0.0002304983,b
test_2020.jpg,3.5344685e-05,3.1191576e-05,0.9996375,0.00029593744,c
test_2021.jpg,4.0060284e-05,1.0128826e-05,0.99987495,7.484248e-05,c
test_2022.jpg,0.99988914,2.9309149e-05,3.3211614e-05,4.8322618e-05,a
test_2023.jpg,1.6700915e-05,1.147836e-05,1.8924615e-05,0.9999529,d
test_2024.jpg,0.0007079958,0.00017900937,0.99693227,0.0021807805,c
test_2025.jpg,0.99973685,0.00014882146,4.8315258e-05,6.603912e-05,a
test_2026.jpg,8.397985e-06,6.5403574e-06,3.7265834e-06,0.9999813,d
test_2027.jpg,0.00020293627,0.00048681884,0.0019254057,0.99738485,d
test_2028.jpg,7.404832e-06,0.99912256,0.0008040269,6.5998545e-05,b
test_2029.jpg,0.9999893,6.1441465e-06,2.1233602e-06,2.406082e-06,a
test_2030.jpg,1.3709235e-06,0.999974,4.495085e-06,2.0145573e-05,b
test_2031.jpg,6.604847e-05,3.53532e-05,2.0143647e-05,0.9998784,d
test_2032.jpg,5.82605e-05,4.0041814e-05,0.00048780924,0.99941397,d
test_2033.jpg,7.888314e-06,0.99987185,4.5394114e-05,7.4842246e-05,b
test_2034.jpg,0.37744337,0.00015273064,0.6222989,0.00010497013,c
test_2035.jpg,0.0007096154,0.99921286,2.9289326e-05,4.8289938e-05,b
test_2036.jpg,6.08342e-07,0.9999714,3.7265465e-06,2.4300136e-05,b
test_2037.jpg,0.99988556,3.5353456e-05,6.6048946e-05,1.3005809e-05,a
test_2038.jpg,6.540339e-06,6.540339e-06,8.397962e-06,0.99997854,d
test_2039.jpg,1.6697755e-05,0.9997638,4.005583e-05,0.00017951778,b
test_2040.jpg,1.30047165e-05,0.9998016,6.204203e-05,0.00012338531,b
test_2041.jpg,0.99997556,8.939558e-06,2.5612262e-06,1.300698e-05,a
test_2042.jpg,1.3006853e-05,1.2218807e-05,8.939471e-06,0.9999658,d
test_2043.jpg,3.5354664e-05,9.515579e-06,0.9999198,3.5354664e-05,c
test_2044.jpg,0.00013980051,5.8277517e-05,0.99970585,9.6083386e-05,c
test_2045.jpg,0.0001793916,0.99906105,0.00037977204,0.00037977204,b
test_2046.jpg,0.9999119,3.763455e-05,7.88863e-06,4.2645526e-05,a
test_2047.jpg,0.0027981158,0.9961981,0.00051759934,0.00048623962,b
test_2048.jpg,0.0850067,0.9139082,0.0008871245,0.00019794423,b
test_2049.jpg,0.0005526452,0.00017941762,6.200507e-05,0.999206,d
test_2050.jpg,9.516181e-06,2.2602912e-06,0.9999831,5.0936446e-06,c
test_2051.jpg,3.320918e-05,8.480261e-05,6.604434e-05,0.9998159,d
test_2052.jpg,4.8322272e-05,4.5394572e-05,2.4297964e-05,0.999882,d
test_2053.jpg,1.0129627e-05,2.014517e-05,0.999954,1.5689075e-05,c
test_2054.jpg,0.00042828568,5.7962166e-05,0.99429625,0.005217588,c
test_2055.jpg,4.785051e-06,1.7603218e-06,0.99998605,7.4112318e-06,c
test_2056.jpg,2.9021694e-06,0.9999479,1.3845475e-05,3.535566e-05,b
test_2057.jpg,0.999977,8.939571e-06,8.939571e-06,5.0936137e-06,a
test_2058.jpg,0.00014849249,0.99752694,0.0006251767,0.0016994068,b
test_2059.jpg,0.00031878217,0.892702,0.00036122755,0.10661805,b
test_2060.jpg,9.024649e-05,0.99953425,7.964224e-05,0.00029590685,b
test_2061.jpg,6.1440637e-06,5.7718134e-06,0.9999758,1.2218929e-05,c
test_2062.jpg,1.0129469e-05,6.1438336e-06,0.99993837,4.5397133e-05,c
test_2063.jpg,1.7777833e-05,3.535544e-05,5.093434e-06,0.9999417,d
test_2064.jpg,2.18667e-05,0.9578676,2.4778215e-05,0.042085767,b
test_2065.jpg,0.75122917,0.004466972,0.2438884,0.0004154931,a
test_2066.jpg,0.99956185,0.00010226549,0.00029591503,4.004774e-05,a
test_2067.jpg,3.2887165e-06,7.88922e-06,2.1233548e-06,0.99998677,d
test_2068.jpg,8.397951e-06,6.540331e-06,0.99997723,7.889144e-06,c
test_2069.jpg,9.0277674e-05,1.2217754e-05,1.7776729e-05,0.9998796,d
test_2070.jpg,0.000115901144,0.00010228239,5.4747823e-05,0.9997271,d
test_2071.jpg,0.99986255,7.484155e-05,3.321073e-05,2.9308369e-05,a
test_2072.jpg,1.568655e-05,0.9997931,5.1434217e-05,0.0001398127,b
test_2073.jpg,3.3204415e-05,0.9996724,3.3204415e-05,0.00026117294,b
test_2074.jpg,0.99998474,4.495133e-06,4.2227866e-06,6.54038e-06,a
test_2075.jpg,0.83452404,0.16432752,0.0007148815,0.00043359757,a
test_2076.jpg,9.516163e-06,5.422146e-06,3.966927e-06,0.99998116,d
test_2077.jpg,0.9999144,5.144046e-05,2.930989e-05,4.784708e-06,a
test_2078.jpg,2.429796e-05,8.480821e-05,8.93872e-06,0.99988186,d
test_2079.jpg,7.410857e-06,0.9999355,2.5866433e-05,3.1200874e-05,b
test_2080.jpg,5.0934127e-06,0.99993753,1.4738278e-05,4.264662e-05,b
test_2081.jpg,0.9999895,3.0894714e-06,3.96696e-06,3.50083e-06,a
test_2082.jpg,1.8918445e-05,5.827291e-05,0.0002959343,0.9996269,d
test_2083.jpg,0.00024487425,0.9977367,0.0005183987,0.0015000365,b
test_2084.jpg,2.90212e-06,0.99993086,1.473818e-05,5.1441304e-05,b
test_2085.jpg,9.025686e-05,0.0001584057,0.99964905,0.00010227441,c
test_2086.jpg,1.2218887e-05,1.1478583e-05,3.966892e-06,0.99997234,d
test_2087.jpg,1.300682e-05,1.6701088e-05,6.962049e-06,0.9999633,d
test_2088.jpg,0.0007094075,7.477101e-05,0.9989202,0.00029572507,c
test_2089.jpg,3.2887183e-06,5.4221796e-06,3.9669517e-06,0.99998736,d
test_2090.jpg,1.5688815e-05,0.9999374,1.5688815e-05,3.1200932e-05,b
test_2091.jpg,0.00017950934,1.8920146e-05,8.479421e-05,0.9997167,d
test_2092.jpg,6.144127e-06,3.500818e-06,0.99998605,4.222792e-06,c
test_2093.jpg,0.001695958,0.002177653,0.99550253,0.00062390795,c
test_2094.jpg,1.300706e-05,3.500803e-06,1.7603143e-06,0.99998176,d
test_2095.jpg,0.99991083,1.7777285e-05,5.421765e-06,6.605062e-05,a
test_2096.jpg,1.3845876e-05,4.2227534e-06,0.9999769,5.0936133e-06,c
test_2097.jpg,0.9999627,1.2218769e-05,6.1439832e-06,1.89248e-05,a
test_2098.jpg,0.9999777,5.0936173e-06,3.2886867e-06,1.3845888e-05,a
test_2099.jpg,0.00020883241,0.9641789,0.0064965864,0.02911568,b
test_2100.jpg,6.604043e-05,1.89209e-05,0.99975663,0.00015842276,c
test_2101.jpg,3.726563e-06,2.7264118e-06,1.7778439e-05,0.9999758,d
test_2102.jpg,0.99998116,6.144097e-06,8.939608e-06,3.726583e-06,a
test_2103.jpg,0.9996598,5.4744138e-05,0.00026116965,2.4292563e-05,a
test_2104.jpg,8.478797e-05,0.00026116532,1.0779581e-05,0.9996432,d
test_2105.jpg,0.010975877,0.0004255809,0.0005817001,0.98801684,d
test_2106.jpg,2.406099e-06,7.3381875e-07,6.893589e-07,0.9999962,d
test_2107.jpg,2.5866892e-05,1.7778038e-05,3.0893596e-06,0.99995327,d
test_2108.jpg,3.5007624e-06,0.9999702,6.144029e-06,2.0145497e-05,b
test_2109.jpg,2.7506645e-05,2.2803808e-05,0.9989176,0.0010321791,c
test_2110.jpg,0.99938416,0.00017944962,0.00024527858,0.00019102312,a
test_2111.jpg,0.9999306,1.6700542e-05,3.120072e-05,2.144392e-05,a
test_2112.jpg,2.5854293e-05,0.00048783474,2.0135343e-05,0.99946624,d
test_2113.jpg,4.8303664e-05,0.00037993776,0.99949694,7.481418e-05,c
test_2114.jpg,0.00035172392,0.8165526,0.0008981585,0.18219751,b
test_2115.jpg,0.9999782,5.42213e-06,6.962153e-06,9.516135e-06,a
test_2116.jpg,3.726606e-06,1.5534806e-06,0.99998736,7.4112413e-06,c
test_2117.jpg,0.9999813,5.0936355e-06,3.5008013e-06,1.0129904e-05,a
test_2118.jpg,0.0011248463,0.9024798,0.0012746179,0.095120676,b
test_2119.jpg,0.0017004212,0.00013957908,0.9981224,3.7567195e-05,c
test_2120.jpg,8.851332e-07,0.99997234,3.966892e-06,2.2827888e-05,b
test_2121.jpg,0.9999703,1.8924944e-05,3.2886624e-06,7.411115e-06,a
test_2122.jpg,7.4574964e-05,0.0035932227,3.1087468e-05,0.99630105,d
test_2123.jpg,0.00020338269,0.000108862914,0.9995789,0.000108862914,c
test_2124.jpg,6.204362e-05,8.396691e-06,0.9998272,0.00010229264,c
test_2125.jpg,7.889099e-06,1.760296e-06,0.9999714,1.8924964e-05,c
test_2126.jpg,1.7777058e-05,2.5865465e-05,0.9998981,5.8288722e-05,c
test_2127.jpg,2.0141893e-05,0.9997913,0.000108886044,7.966273e-05,b
test_2128.jpg,3.533078e-05,0.0007096377,1.0775279e-05,0.99924433,d
test_2129.jpg,6.1439328e-06,3.966821e-06,0.99995446,3.535589e-05,c
test_2130.jpg,2.9310997e-05,8.939349e-06,9.5158875e-06,0.9999522,d
test_2131.jpg,2.5867046e-05,4.7849226e-06,1.012968e-05,0.99995923,d
test_2132.jpg,5.0935373e-06,0.999962,5.4220422e-06,2.7535403e-05,b
test_2133.jpg,1.7603392e-06,1.7603392e-06,5.3687313e-07,0.99999595,d
test_2134.jpg,6.143885e-06,0.9999467,1.7777922e-05,2.9310835e-05,b
test_2135.jpg,2.2827015e-05,1.3845283e-05,0.9999341,2.9310466e-05,c
test_2136.jpg,9.5161895e-06,5.093649e-06,1.4593548e-06,0.9999839,d
test_2137.jpg,0.99995434,1.012963e-05,1.7778058e-05,1.7778058e-05,a
test_2138.jpg,0.99996996,1.4738755e-05,7.889087e-06,7.411112e-06,a
test_2139.jpg,1.3844936e-05,5.8289355e-05,1.8923782e-05,0.9999089,d
test_2140.jpg,1.8921124e-05,0.00017951863,3.3207605e-05,0.99976844,d
test_2141.jpg,0.00020323784,0.00091084884,1.8904064e-05,0.99886703,d
test_2142.jpg,3.966964e-06,4.7378626e-07,0.99999046,5.0936824e-06,c
test_2143.jpg,2.5611905e-06,0.9999616,1.3006798e-05,2.2827642e-05,b
test_2144.jpg,2.58659e-05,1.3845018e-05,0.9999149,4.5396067e-05,c
test_2145.jpg,1.6536464e-06,1.7602974e-06,0.9999722,2.4300156e-05,c
test_2146.jpg,0.00017951804,5.1432784e-05,3.7257782e-06,0.9997652,d
test_2147.jpg,1.012898e-05,0.9998901,3.7633727e-05,6.2047526e-05,b
test_2148.jpg,0.9999131,7.888639e-06,1.3006167e-05,6.6050765e-05,a
test_2149.jpg,4.785079e-06,1.653679e-06,1.653679e-06,0.9999919,d
test_2150.jpg,0.0027255085,0.025858903,0.0010673244,0.97034824,d
test_2151.jpg,0.0008015065,0.9959906,0.0010291546,0.0021787207,b
test_2152.jpg,0.0002958591,7.027269e-05,0.9993729,0.00026109468,c
test_2153.jpg,3.5008343e-06,7.338147e-07,0.9999907,5.0936837e-06,c
test_2154.jpg,8.397155e-06,0.99988246,2.4297975e-05,8.480826e-05,b
test_2155.jpg,3.4662673e-07,0.9999826,2.26029e-06,1.4738942e-05,b
test_2156.jpg,2.2827806e-05,5.422079e-06,3.0894075e-06,0.99996877,d
test_2157.jpg,6.54016e-06,1.4738478e-05,2.7535105e-05,0.9999511,d
test_2158.jpg,0.0007040525,0.53064734,0.46829462,0.00035401984,b
test_2159.jpg,0.12097735,0.17602101,0.6961766,0.006825076,c
test_2160.jpg,0.20991044,0.004356552,0.05307367,0.7326594,d
test_2161.jpg,0.9977847,0.00015811027,0.0019261775,0.00013107804,a
test_2162.jpg,0.0013239074,0.00062536955,0.00021612193,0.9978346,d
test_2163.jpg,6.5403988e-06,1.287881e-06,0.9999876,4.4951457e-06,c
test_2164.jpg,7.482144e-05,0.00029592452,3.5343142e-05,0.9995939,d
test_2165.jpg,3.5008377e-06,1.209857e-06,0.99999166,3.726622e-06,c
test_2166.jpg,0.0002951844,0.00013943524,0.9970939,0.0024715487,c
test_2167.jpg,0.0002033957,5.142649e-05,0.00010227378,0.99964285,d
test_2168.jpg,0.012399233,0.0024415539,0.00016614982,0.9849931,d
test_2169.jpg,1.1478621e-05,8.397938e-06,4.4950925e-06,0.9999757,d
test_2170.jpg,0.99894005,0.00024516956,0.000519024,0.00029573095,a
test_2171.jpg,0.001096116,0.00045692912,0.8794291,0.11901779,c
test_2172.jpg,0.00047011007,0.70465726,0.29374486,0.0011277355,b
test_2173.jpg,1.0783158e-05,3.5007793e-06,0.99997497,1.0783158e-05,c
test_2174.jpg,0.9989599,9.601169e-05,0.00091093354,3.318075e-05,a
test_2175.jpg,7.4104773e-06,1.2217811e-05,9.610053e-05,0.99988425,d
test_2176.jpg,8.93927e-06,1.2218533e-05,3.53555e-05,0.9999434,d
test_2177.jpg,0.00055249484,0.00048757502,2.5840529e-05,0.9989341,d
test_2178.jpg,0.999925,4.2646087e-05,9.515628e-06,2.2826807e-05,a
test_2179.jpg,0.0023170572,0.00070666254,0.77494955,0.22202677,c
test_2180.jpg,0.99998975,2.1233611e-06,3.2887262e-06,4.7850685e-06,a
test_2181.jpg,6.604529e-05,3.7631475e-05,6.604529e-05,0.99983025,d
test_2182.jpg,3.1197524e-05,0.9998281,7.0304704e-05,7.0304704e-05,b
test_2183.jpg,1.5689371e-05,8.397914e-06,3.08942e-06,0.9999728,d
test_2184.jpg,9.0265574e-05,4.831568e-05,0.99974555,0.00011590329,c
test_2185.jpg,0.999974,9.516095e-06,6.9621237e-06,9.516095e-06,a
test_2186.jpg,6.475843e-07,0.9999831,6.1441083e-06,1.0129921e-05,b
test_2187.jpg,1.0782332e-05,6.1435876e-06,0.9998983,8.480961e-05,c
test_2188.jpg,0.9999536,2.282746e-05,7.888959e-06,1.568907e-05,a
test_2189.jpg,6.204624e-05,0.99986935,3.3210956e-05,3.535288e-05,b
test_2190.jpg,0.0003560866,0.0005515177,0.001924986,0.9971674,d
test_2191.jpg,0.9999764,4.785005e-06,1.1478629e-05,7.41116e-06,a
test_2192.jpg,0.0016764132,0.014036434,0.98403,0.00025708624,c
test_2193.jpg,0.0002082691,0.7971763,0.20155773,0.0010576779,b
test_2194.jpg,0.0001583936,7.885952e-06,0.9995726,0.00026114687,c
test_2195.jpg,4.537013e-05,5.82564e-05,0.9993436,0.0005527213,c
test_2196.jpg,7.411141e-06,5.7718016e-06,0.9999738,1.3006957e-05,c
test_2197.jpg,2.2826522e-05,0.9999125,2.9309833e-05,3.535441e-05,b
test_2198.jpg,0.999819,2.5863417e-05,8.480287e-05,7.030406e-05,a
test_2199.jpg,5.4221673e-06,2.5612505e-06,0.9999851,6.962201e-06,c
test_2200.jpg,3.535465e-05,1.7777435e-05,0.9999193,2.7534228e-05,c
test_2201.jpg,0.0052174646,0.00021535048,0.00029434924,0.99427277,d
test_2202.jpg,2.7466902e-05,0.0024724917,2.5802765e-05,0.99747425,d
test_2203.jpg,0.0005523843,0.9987343,0.0003566461,0.0003566461,b
test_2204.jpg,1.6701259e-05,2.4060444e-06,7.411139e-06,0.99997354,d
test_2205.jpg,0.00055260415,0.99913174,0.0002610317,5.471522e-05,b
test_2206.jpg,0.9998938,2.9309285e-05,7.0309325e-05,6.5397853e-06,a
test_2207.jpg,2.4299667e-05,1.5689046e-05,7.888946e-06,0.9999521,d
test_2208.jpg,0.99996483,6.1439964e-06,1.2218796e-05,1.6701113e-05,a
test_2209.jpg,2.9309012e-05,6.604887e-05,2.014377e-05,0.9998845,d
test_2210.jpg,0.007094533,0.059401803,0.92920053,0.0043030526,c
test_2211.jpg,7.8113027e-07,0.99997604,5.422118e-06,1.7778444e-05,b
test_2212.jpg,0.99973637,2.5861282e-05,0.00017951286,5.8279296e-05,a
test_2213.jpg,7.02463e-05,0.9989975,0.0005525299,0.0003797479,b
test_2214.jpg,4.784897e-06,0.99995387,1.01296255e-05,3.1201445e-05,b
test_2215.jpg,0.00018957573,0.99181175,0.006682775,0.0013159164,b
test_2216.jpg,0.99944943,0.00029588176,0.00013129674,0.00012334186,a
test_2217.jpg,2.0145542e-05,3.7265506e-06,3.7265506e-06,0.99997246,d
test_2218.jpg,0.00020339504,0.00010227345,5.474303e-05,0.99963963,d
test_2219.jpg,9.018948e-05,0.00020324513,0.9989028,0.00080385007,c
test_2220.jpg,2.726257e-06,0.99991906,1.2218236e-05,6.605116e-05,b
test_2221.jpg,0.99130636,0.00084918656,0.007568717,0.00027569052,a
test_2222.jpg,4.2227616e-06,4.7850162e-06,0.9999788,1.2218966e-05,c
test_2223.jpg,0.99997556,6.54032e-06,9.5161095e-06,8.397937e-06,a
test_2224.jpg,0.999923,1.0782598e-05,5.475855e-05,1.1478016e-05,a
test_2225.jpg,8.397867e-06,1.3006871e-05,0.9999672,1.1478523e-05,c
test_2226.jpg,8.939453e-06,1.1478485e-05,1.568923e-05,0.9999639,d
test_2227.jpg,0.99993014,2.7534528e-05,1.3006389e-05,2.931035e-05,a
test_2228.jpg,1.1478298e-05,0.99994755,1.6700824e-05,2.4299556e-05,b
test_2229.jpg,3.500603e-06,5.7715183e-06,0.99992466,6.605153e-05,c
test_2230.jpg,1.012851e-05,0.9998437,0.00012339052,2.2824952e-05,b
test_2231.jpg,1.8924906e-05,8.397876e-06,4.4950593e-06,0.9999683,d
test_2232.jpg,0.00251922,0.0060432944,0.094533026,0.8969044,d
test_2233.jpg,2.2827493e-05,1.670095e-05,5.4220045e-06,0.99995506,d
test_2234.jpg,9.514659e-06,0.99982315,2.753158e-05,0.0001398169,b
test_2235.jpg,4.5397537e-05,6.1438886e-06,1.1365051e-06,0.9999473,d
test_2236.jpg,0.012992848,0.0013694362,0.07476868,0.910869,d
test_2237.jpg,0.0010394449,0.34764674,0.0018242827,0.6494896,d
test_2238.jpg,0.99993265,1.0782702e-05,3.7635327e-05,1.8924231e-05,a
test_2239.jpg,0.99996495,1.3845711e-05,1.2218797e-05,8.939463e-06,a
test_2240.jpg,0.000158429,4.0057123e-05,5.4211423e-06,0.9997961,d
test_2241.jpg,0.025931664,0.0007356247,0.00025422507,0.9730785,d
test_2242.jpg,0.9999746,1.30069675e-05,6.5403137e-06,5.7718066e-06,a
test_2243.jpg,3.966775e-06,0.9999428,7.888873e-06,4.5397333e-05,b
test_2244.jpg,0.00017944022,0.9993318,0.00037987498,0.000108836,b
test_2245.jpg,0.0021672705,0.0004009047,0.9907562,0.006675663,c
test_2246.jpg,1.4593681e-06,3.089482e-06,0.99999297,2.5612708e-06,c
test_2247.jpg,0.99753124,0.00013949639,0.00040364618,0.0019256882,a
test_2248.jpg,0.041982435,0.0020901824,0.9555158,0.0004115813,c
test_2249.jpg,0.00012337975,3.5348894e-05,0.9997565,8.479758e-05,c
test_2250.jpg,1.670112e-05,1.670112e-05,1.2878522e-06,0.9999653,d
test_2251.jpg,5.4220013e-06,0.99995446,1.0782937e-05,2.9311062e-05,b
test_2252.jpg,0.99997437,6.540312e-06,8.939547e-06,1.0129834e-05,a
test_2253.jpg,8.939565e-06,4.4950957e-06,0.9999764,1.0129854e-05,c
test_2254.jpg,2.9310102e-05,8.939076e-06,0.9999217,4.0062157e-05,c
test_2255.jpg,0.0004869813,0.0002953691,0.0015000079,0.99771774,d
test_2256.jpg,1.012925e-05,0.9999168,3.535456e-05,3.763473e-05,b
test_2257.jpg,0.9999858,2.9022794e-06,2.9022794e-06,8.398023e-06,a
test_2258.jpg,1.1478636e-05,6.144071e-06,0.999977,5.4221236e-06,c
test_2259.jpg,5.093589e-06,8.939527e-06,1.384581e-05,0.9999721,d
test_2260.jpg,0.99200505,0.0045938953,0.0010911456,0.0023099552,a
test_2261.jpg,0.9836013,0.015898434,0.00022677897,0.00027354766,a
test_2262.jpg,6.540323e-06,9.516114e-06,0.99997604,7.889135e-06,c
test_2263.jpg,0.99896,0.00019094205,0.00070943584,0.0001396962,a
test_2264.jpg,7.889072e-06,2.7263902e-06,0.99996793,2.1444721e-05,c
test_2265.jpg,8.937646e-06,2.5861938e-05,0.0002034199,0.99976176,d
test_2266.jpg,0.0009105926,0.0001684427,0.0003349883,0.99858606,d
test_2267.jpg,2.2603158e-06,3.089485e-06,7.338171e-07,0.9999939,d
test_2268.jpg,0.9994165,7.027575e-05,0.00010884522,0.00040440905,a
test_2269.jpg,2.7535545e-05,3.5007515e-06,1.8738173e-06,0.9999671,d
test_2270.jpg,0.005214678,0.0007996968,0.00024389375,0.9937417,d
test_2271.jpg,0.9856265,0.0140592065,0.00010083976,0.00021347778,a
test_2272.jpg,6.603452e-05,0.00024534803,2.143827e-05,0.99966717,d
test_2273.jpg,0.0008034474,0.9984024,0.0006257254,0.00016841172,b
test_2274.jpg,0.99992967,2.4299121e-05,1.6700526e-05,2.9310337e-05,a
test_2275.jpg,1.3845692e-05,3.7265172e-06,0.9999635,1.8924815e-05,c
test_2276.jpg,1.3709346e-06,0.9999821,3.5008043e-06,1.3007065e-05,b
test_2277.jpg,0.9998925,4.539505e-05,4.539505e-05,1.6699905e-05,a
test_2278.jpg,3.0894635e-06,3.5008209e-06,0.9999869,6.5403938e-06,c
test_2279.jpg,0.999987,6.5403947e-06,2.7264423e-06,3.7266047e-06,a
test_2280.jpg,0.9503444,0.00640337,0.03684885,0.00640337,a
test_2281.jpg,0.9999387,1.22184765e-05,1.1478197e-05,3.7635557e-05,a
test_2282.jpg,0.00048775744,0.00010223951,0.9993079,0.00010223951,c
test_2283.jpg,0.0034012452,0.00046030848,0.16388115,0.8322573,d
test_2284.jpg,1.0676891e-06,0.99998605,2.7264398e-06,1.0129952e-05,b
test_2285.jpg,9.0093126e-05,0.00014853846,0.88058686,0.11917447,c
test_2286.jpg,3.5349243e-05,0.00012338097,0.9997664,7.483435e-05,c
test_2287.jpg,0.9905866,0.005198121,0.004048301,0.00016709333,a
test_2288.jpg,0.0010236106,0.99062514,0.0051983236,0.003152943,b
test_2289.jpg,3.53549e-05,1.3845178e-05,0.99992645,2.4299043e-05,c
test_2290.jpg,0.99985075,3.5352226e-05,1.7776216e-05,9.609731e-05,a
test_2291.jpg,3.5004196e-06,0.9998722,5.8287216e-05,6.6048065e-05,b
test_2292.jpg,8.397993e-06,2.4060653e-06,0.99998224,6.962181e-06,c
test_2293.jpg,5.77189e-06,1.0676923e-06,0.99998903,4.222805e-06,c
test_2294.jpg,5.77187e-06,1.760321e-06,0.9999856,6.962204e-06,c
test_2295.jpg,0.0040595527,0.0021729218,0.9933397,0.0004278737,c
test_2296.jpg,8.4799234e-05,1.5686282e-05,0.99977607,0.00012338217,c
test_2297.jpg,0.9428149,0.015239184,0.041424397,0.0005214562,a
test_2298.jpg,0.9969408,0.0024711692,0.00045712033,0.00013096718,a
test_2299.jpg,6.1441324e-06,4.7850554e-06,2.1233554e-06,0.999987,d
test_2300.jpg,3.0894553e-06,8.939635e-06,0.99998426,3.7265945e-06,c
test_2301.jpg,0.00023039966,0.9993051,0.000261077,0.00020332698,b
test_2302.jpg,0.99949896,0.00014878606,0.00014878606,0.00020336644,a
test_2303.jpg,0.00013964938,0.0011692698,6.596569e-05,0.99862516,d
test_2304.jpg,1.6536405e-06,0.99996865,9.516044e-06,2.0145466e-05,b
test_2305.jpg,0.00023015271,0.99823403,0.00091027166,0.0006256199,b
test_2306.jpg,0.9888812,0.002163169,0.008555499,0.000400146,a
test_2307.jpg,0.99993896,2.2827126e-05,8.939231e-06,2.9310608e-05,a
test_2308.jpg,3.5342175e-05,0.9995665,0.0002959164,0.00010226596,b
test_2309.jpg,0.014057267,0.000121619196,0.00033059524,0.98549056,d
test_2310.jpg,0.2679445,0.7283486,0.0033729235,0.00033396462,b
test_2311.jpg,4.4947938e-06,0.9999093,2.0144269e-05,6.605051e-05,b
test_2312.jpg,0.99993503,2.586642e-05,1.8924276e-05,2.0144787e-05,a
test_2313.jpg,0.9994649,7.0279166e-05,8.4772844e-05,0.00037992556,a
test_2314.jpg,8.939591e-06,4.7850185e-06,0.99997926,6.96216e-06,c
test_2315.jpg,0.9997601,3.7628834e-05,0.00017951713,2.2823042e-05,a
test_2316.jpg,0.00013978731,0.000108866465,0.99961156,0.00013978731,c
test_2317.jpg,4.495145e-06,5.7718803e-06,2.4060776e-06,0.99998736,d
test_2318.jpg,0.00012302554,0.9968863,0.00019054569,0.0028000488,b
test_2319.jpg,0.00026064846,0.00014851303,0.0019259463,0.9976649,d
test_2320.jpg,3.7265936e-06,1.5534755e-06,0.999984,1.0783257e-05,c
test_2321.jpg,1.2964765e-05,0.9967301,8.454089e-05,0.0031723734,b
test_2322.jpg,2.9276178e-05,0.00091075525,0.00029567894,0.9987644,d
test_2323.jpg,0.0007067617,0.7750583,0.22205792,0.0021769793,b
test_2324.jpg,0.99981505,0.00010229139,4.0057883e-05,4.2641394e-05,a
test_2325.jpg,0.000108890876,2.0142787e-05,3.535169e-05,0.9998356,d
test_2326.jpg,0.0063284226,0.7314662,0.16321218,0.09899318,b
test_2327.jpg,7.889211e-06,4.7850485e-06,1.760321e-06,0.9999856,d
test_2328.jpg,0.6909094,0.12006204,0.17468925,0.014339367,a
test_2329.jpg,7.4112627e-06,1.4593642e-06,8.8514906e-07,0.9999902,d
test_2330.jpg,0.0015485476,0.7535667,0.00023747749,0.24464728,b
test_2331.jpg,0.00062623847,0.00013973271,1.2997166e-05,0.9992211,d
test_2332.jpg,0.00023044556,6.202358e-05,0.9995042,0.0002033675,c
test_2333.jpg,0.00020323189,0.99883777,4.8271806e-05,0.0009108221,b
test_2334.jpg,7.888995e-06,4.4950143e-06,0.9999583,2.9311175e-05,c
test_2335.jpg,1.7777395e-05,0.99991703,2.7534166e-05,3.763474e-05,b
test_2336.jpg,1.078172e-05,0.9998416,4.539274e-05,0.000102294114,b
test_2337.jpg,0.96009296,0.02558561,0.012085787,0.0022356457,a
test_2338.jpg,0.9999348,1.6700611e-05,4.006268e-05,8.397595e-06,a
test_2339.jpg,0.00026004418,0.8783949,0.11887782,0.0024672307,b
test_2340.jpg,1.5686928e-05,0.9998172,0.00010888886,5.8284004e-05,b
test_2341.jpg,0.0013248709,9.0158595e-05,2.4265855e-05,0.9985607,d
test_2342.jpg,5.771882e-06,1.7603247e-06,0.9999877,4.785059e-06,c
test_2343.jpg,4.785076e-06,2.726454e-06,1.2098566e-06,0.9999913,d
test_2344.jpg,0.00011535108,0.00029455932,0.9949824,0.004607683,c
test_2345.jpg,0.9999666,6.5402614e-06,1.3845734e-05,1.3006864e-05,a
test_2346.jpg,0.999984,5.0936496e-06,3.9669385e-06,6.9621933e-06,a
test_2347.jpg,0.00033522584,0.99929416,7.4799005e-05,0.00029583578,b
test_2348.jpg,0.00017915864,0.001926137,0.99776363,0.00013107527,c
test_2349.jpg,4.0061426e-05,4.2645166e-05,1.38448595e-05,0.99990344,d
test_2350.jpg,1.1478697e-05,1.6536632e-06,0.99998236,4.4951225e-06,c
test_2351.jpg,7.4112104e-06,3.966935e-06,0.9999832,5.4221573e-06,c
test_2352.jpg,0.0035475113,0.010927104,0.98362654,0.0018988459,c
test_2353.jpg,0.003170135,9.5729774e-05,0.99602675,0.0007073527,c
test_2354.jpg,0.3606936,0.59468323,0.038016826,0.0066063344,b
test_2355.jpg,4.8322134e-05,1.7776722e-05,0.9998791,5.475615e-05,c
test_2356.jpg,0.000463221,0.10647913,0.0015188432,0.8915388,d
test_2357.jpg,2.9310952e-05,1.7777993e-05,2.2602178e-06,0.99995065,d
test_2358.jpg,5.144065e-05,1.147796e-05,0.9999181,1.8923956e-05,c
test_2359.jpg,0.00020342183,1.384303e-05,1.1476274e-05,0.9997713,d
test_2360.jpg,3.7266323e-06,1.067698e-06,7.811446e-07,0.9999944,d
test_2361.jpg,1.7777884e-05,2.7534925e-05,1.0129532e-05,0.99994457,d
test_2362.jpg,0.99991214,1.5688418e-05,1.38449805e-05,5.828954e-05,a
test_2363.jpg,1.1365048e-06,0.99994695,6.5401327e-06,4.5397523e-05,b
test_2364.jpg,0.999373,2.2814205e-05,5.1412604e-05,0.00055273756,a
test_2365.jpg,4.006208e-05,6.9617463e-06,0.9999198,3.3212633e-05,c
test_2366.jpg,0.99998486,3.28871e-06,7.4112227e-06,4.4951335e-06,a
test_2367.jpg,0.9990854,0.00048764888,0.000295774,0.00013124892,a
test_2368.jpg,0.9771639,0.0008910581,0.02028039,0.0016647159,a
test_2369.jpg,1.8924096e-05,4.5396548e-05,1.0129338e-05,0.9999255,d
test_2370.jpg,1.7769022e-05,4.8301208e-05,0.00048782493,0.9994461,d
test_2371.jpg,0.0007078616,0.0006246856,0.9967434,0.0019241674,c
test_2372.jpg,1.9947188e-06,2.5612694e-06,0.9999925,2.9022988e-06,c
test_2373.jpg,0.002097007,0.037170336,0.002097007,0.9586356,d
test_2374.jpg,1.067701e-06,1.067701e-06,6.893595e-07,0.99999714,d
test_2375.jpg,5.827304e-05,1.6695505e-05,0.999629,0.00029593494,c
test_2376.jpg,1.760289e-06,0.99996746,1.3006875e-05,1.7778291e-05,b
test_2377.jpg,8.9396635e-06,2.4060776e-06,1.3709418e-06,0.99998736,d
test_2378.jpg,4.4951507e-06,1.3709436e-06,0.9999887,5.422187e-06,c
test_2379.jpg,7.483894e-05,3.535141e-05,6.2043655e-05,0.99982774,d
test_2380.jpg,0.9949602,0.00048563536,0.0035883868,0.0009658011,a
test_2381.jpg,6.144106e-06,9.516178e-06,1.6536638e-06,0.9999827,d
test_2382.jpg,0.0008981099,0.0001560681,0.98489714,0.014048803,c
test_2383.jpg,1.14786235e-05,6.5403224e-06,0.9999759,6.1440646e-06,c
test_2384.jpg,0.99875486,2.7502165e-05,0.0011694217,4.82678e-05,a
test_2385.jpg,1.5534855e-06,4.495159e-06,0.99999046,3.5008334e-06,c
test_2386.jpg,0.3192617,0.0008424097,0.004018911,0.675877,d
test_2387.jpg,0.00029585714,0.99936634,0.00017944642,0.00015836091,b
test_2388.jpg,0.7864023,0.00036058357,0.014403461,0.19883363,a
test_2389.jpg,6.983851e-05,3.979278e-05,0.006692117,0.9931982,d
test_2390.jpg,0.0001398125,3.5350135e-05,0.9997917,3.3208376e-05,c
test_2391.jpg,4.0056093e-05,3.119572e-05,0.99977034,0.00015842493,c
test_2392.jpg,0.99997294,3.9668944e-06,1.5689373e-05,7.4111344e-06,a
test_2393.jpg,0.9991061,5.1398878e-05,0.00062616647,0.00021639734,a
test_2394.jpg,5.4221596e-06,2.561247e-06,0.99998367,8.398005e-06,c
test_2395.jpg,1.078116e-05,0.99978966,2.0141859e-05,0.00017952242,b
test_2396.jpg,0.00062627683,5.140794e-05,4.003654e-05,0.9992823,d
test_2397.jpg,0.00040290973,0.0035910953,0.00029477506,0.9957112,d
test_2398.jpg,0.99961674,9.607482e-05,9.607482e-05,0.00019106758,a
test_2399.jpg,0.9999944,1.8738684e-06,1.4593702e-06,2.2603167e-06,a
test_2400.jpg,0.001392231,0.1177316,0.8699254,0.010950745,c
test_2401.jpg,7.0286944e-05,0.0002959191,5.826992e-05,0.99957556,d
test_2402.jpg,3.288441e-06,0.99990296,1.8923669e-05,7.4844575e-05,b
test_2403.jpg,0.922801,0.0012243543,0.075748116,0.00022648279,a
test_2404.jpg,0.40179798,0.0107075535,0.5846126,0.0028818988,c
test_2405.jpg,0.9999615,1.2218755e-05,3.500732e-06,2.282764e-05,a
test_2406.jpg,3.5006005e-06,6.6051485e-05,0.99992394,6.539982e-06,c
test_2407.jpg,2.7535456e-05,5.771745e-06,2.9022158e-06,0.9999639,d
test_2408.jpg,4.830985e-05,0.99962485,0.00012336351,0.00020339205,b
test_2409.jpg,9.5153455e-06,0.9998952,6.204784e-05,3.3211814e-05,b
test_2410.jpg,2.2827278e-05,1.0129543e-05,0.99994564,2.1444243e-05,c
test_2411.jpg,1.760328e-06,0.9999896,2.9022906e-06,5.771893e-06,b
test_2412.jpg,0.9993432,0.00035686357,0.000108837245,0.0001910153,a
test_2413.jpg,7.4109976e-06,0.99995446,1.2218668e-05,2.5866922e-05,b
test_2414.jpg,0.002177321,0.001921479,0.9953507,0.0005505129,c
test_2415.jpg,0.00017304269,0.62221336,0.0002221912,0.37739146,b
test_2416.jpg,0.9977744,0.00016830579,0.0019261579,0.00013107668,a
test_2417.jpg,0.99998295,4.7850363e-06,8.9396235e-06,3.2887037e-06,a
test_2418.jpg,1.4738028e-05,3.5354693e-05,0.9999206,2.9310071e-05,c
test_2419.jpg,6.595149e-05,2.2792226e-05,0.9984102,0.001501049,c
test_2420.jpg,0.9998354,2.1441878e-05,8.480427e-05,5.8285066e-05,a
test_2421.jpg,0.99984694,5.8285743e-05,5.4754386e-05,4.0059163e-05,a
test_2422.jpg,6.9612374e-06,0.9998467,6.539477e-06,0.0001398202,b
test_2423.jpg,0.9911277,0.0009037915,0.0075673535,0.00040105506,a
test_2424.jpg,0.9999449,1.0782835e-05,2.7534934e-05,1.670078e-05,a
test_2425.jpg,4.785078e-06,2.2603108e-06,1.2098571e-06,0.9999918,d
test_2426.jpg,2.7263552e-06,3.3213804e-05,0.99995506,8.939374e-06,c
test_2427.jpg,3.2887294e-06,3.7266186e-06,2.2603085e-06,0.9999907,d
test_2428.jpg,0.00030410418,0.00011187368,0.1479856,0.85159844,d
test_2429.jpg,7.480685e-05,0.00023042128,0.0002958668,0.99939895,d
test_2430.jpg,0.00029587597,0.00015837098,0.9994299,0.00011586669,c
test_2431.jpg,0.9997913,2.0141893e-05,7.966273e-05,0.000108886044,a
test_2432.jpg,0.0024660956,0.9948939,0.0013200057,0.0013200057,b
test_2433.jpg,0.00033505933,0.00031475912,0.9987978,0.00055241946,c
test_2434.jpg,2.1443453e-05,0.9999088,4.539579e-05,2.4298615e-05,b
test_2435.jpg,7.0280184e-05,0.9994795,7.0280184e-05,0.0003799311,b
test_2436.jpg,0.98352826,0.00017660254,0.00039797995,0.015897254,a
test_2437.jpg,5.45049e-05,4.5186152e-05,0.004609113,0.99529123,d
test_2438.jpg,0.99996686,7.889063e-06,1.3845737e-05,1.147852e-05,a
test_2439.jpg,9.515909e-06,1.0129632e-05,2.5866922e-05,0.99995446,d
test_2440.jpg,9.0243855e-05,0.00010885487,0.99950504,0.0002958982,c
test_2441.jpg,2.5611312e-06,0.9999385,1.8924342e-05,4.006283e-05,b
test_2442.jpg,0.0005217069,0.94326824,0.04696256,0.009247477,b
test_2443.jpg,0.00020309955,0.99818736,0.001500714,0.00010871136,b
test_2444.jpg,0.999574,2.929991e-05,1.6694587e-05,0.00037996704,a
test_2445.jpg,1.6700356e-05,5.1440722e-05,1.2218242e-05,0.99991953,d
test_2446.jpg,0.99761236,0.0010308304,0.0013236125,3.3135988e-05,a
test_2447.jpg,0.99676764,0.00020281068,0.0027997154,0.00022981461,a
test_2448.jpg,0.00019075375,0.99797493,0.0008031034,0.0010312052,b
test_2449.jpg,0.0004274268,0.0066860802,0.0005842232,0.9923023,d
test_2450.jpg,5.1388626e-05,9.5059395e-06,0.99890685,0.001032168,c
test_2451.jpg,2.123369e-06,9.422393e-07,0.99999344,3.5008438e-06,c
test_2452.jpg,0.12497486,0.8149384,0.05209727,0.007989376,b
test_2453.jpg,0.0045360113,0.31799898,0.004261188,0.67320377,d
test_2454.jpg,1.1478623e-05,6.9621365e-06,5.7718134e-06,0.9999758,d
test_2455.jpg,5.093677e-06,4.7850667e-06,7.3381375e-07,0.9999894,d
test_2456.jpg,1.0129928e-05,3.7265927e-06,2.406069e-06,0.9999838,d
test_2457.jpg,3.2887117e-06,9.516203e-06,1.8738514e-06,0.99998534,d
test_2458.jpg,0.017146282,0.010399746,0.9361552,0.036298677,c
test_2459.jpg,0.020202491,0.0045077857,0.0018791246,0.97341055,d
test_2460.jpg,0.999585,0.0003150072,5.4740038e-05,4.538109e-05,a
test_2461.jpg,3.726533e-06,0.9999677,8.397871e-06,2.0145446e-05,b
test_2462.jpg,0.999923,1.0782598e-05,5.8290174e-05,7.888717e-06,a
test_2463.jpg,0.999987,3.0894637e-06,4.4951435e-06,5.4221778e-06,a
test_2464.jpg,0.9990945,0.0004303525,0.0001793976,0.00029577667,a
test_2465.jpg,0.9953302,0.00045638182,0.0006238,0.0035897212,a
test_2466.jpg,0.99996734,9.516031e-06,1.0129762e-05,1.3006873e-05,a
test_2467.jpg,0.00029548636,9.011825e-05,0.9981139,0.0015006035,c
test_2468.jpg,0.00017950768,4.263681e-05,0.9997075,7.029623e-05,c
test_2469.jpg,0.9999901,3.5008322e-06,3.7266163e-06,2.7264507e-06,a
test_2470.jpg,0.000102269034,0.99959654,4.0049126e-05,0.00026115312,b
test_2471.jpg,0.9998698,4.2643733e-05,2.1442616e-05,6.6047905e-05,a
test_2472.jpg,0.24475893,0.7539106,0.0011334587,0.00019696559,b
test_2473.jpg,0.005207672,0.00021494627,0.99240655,0.0021708806,c
test_2474.jpg,3.315246e-05,0.00015816155,0.0017003972,0.99810827,d
test_2475.jpg,0.00013130704,0.99952793,7.964174e-05,0.0002611352,b
test_2476.jpg,3.7562833e-05,2.9253964e-05,0.9980065,0.0019266058,c
test_2477.jpg,0.00033528157,0.9994603,0.0001022551,0.0001022551,b
test_2478.jpg,0.99670357,0.00031409916,0.0021802802,0.00080208026,a
test_2479.jpg,0.0010321694,4.827521e-05,1.1466367e-05,0.99890816,d
test_2480.jpg,0.9999906,4.4951594e-06,1.994715e-06,2.9022933e-06,a
test_2481.jpg,0.0064608604,0.21395433,0.032810956,0.74677396,d
test_2482.jpg,1.3007062e-05,2.7264284e-06,2.4060644e-06,0.9999819,d
test_2483.jpg,4.5395605e-05,1.2218061e-05,0.99990475,3.763428e-05,c
test_2484.jpg,0.9999558,1.3845584e-05,1.892467e-05,1.14783925e-05,a
test_2485.jpg,1.0129714e-05,0.99996257,9.515986e-06,1.7778204e-05,b
test_2486.jpg,0.9998795,7.030831e-05,2.4297902e-05,2.5864983e-05,a
test_2487.jpg,0.99973685,3.5348196e-05,4.8315258e-05,0.00017951295,a
test_2488.jpg,0.0001584336,5.0928397e-06,0.99982506,1.1476892e-05,c
test_2489.jpg,2.4299648e-05,0.99995136,5.4219845e-06,1.8924586e-05,b
test_2490.jpg,0.00023040731,9.604806e-05,0.9993383,0.00033524068,c
test_2491.jpg,6.1440155e-06,0.99996793,4.4950575e-06,2.1444721e-05,b
test_2492.jpg,8.938847e-06,0.99989605,2.0144003e-05,7.484406e-05,b
test_2493.jpg,2.7528142e-05,1.3003373e-05,0.9996983,0.0002611797,c
test_2494.jpg,0.9999881,3.7266088e-06,3.500825e-06,4.785061e-06,a
test_2495.jpg,0.5073849,0.009293079,0.39515176,0.08817027,a
test_2496.jpg,0.0019257893,0.00026062722,0.9975835,0.00023000271,c
test_2497.jpg,8.480539e-05,3.535215e-05,0.9998486,3.1198164e-05,c
test_2498.jpg,2.9266781e-05,0.0015010994,0.9984438,2.5827845e-05,c
test_2499.jpg,0.0001313264,0.9996753,6.203419e-05,0.0001313264,b
test_2500.jpg,2.1444148e-05,1.1478225e-05,0.99994123,2.586658e-05,c
test_2501.jpg,1.4738633e-05,1.5689195e-05,7.889022e-06,0.9999616,d
test_2502.jpg,2.406094e-06,7.811444e-07,0.99999416,2.7264618e-06,c
test_2503.jpg,8.480757e-05,1.14774575e-05,0.99987435,2.9308716e-05,c
test_2504.jpg,2.7263318e-06,0.9999465,1.0782851e-05,4.006315e-05,b
test_2505.jpg,6.5574066e-05,0.000549045,0.0066887373,0.9926966,d
test_2506.jpg,0.005217694,0.9943165,0.0004282944,3.742395e-05,b
test_2507.jpg,0.9999901,2.4060841e-06,1.994714e-06,5.4221946e-06,a
test_2508.jpg,5.422133e-06,1.9946915e-06,0.9999788,1.3845903e-05,c
test_2509.jpg,1.892498e-05,7.889105e-06,1.0029872e-06,0.9999722,d
test_2510.jpg,0.43607056,0.075777695,0.43607056,0.0520812,a
test_2511.jpg,4.7850513e-06,2.5612533e-06,0.9999862,6.540389e-06,c
test_2512.jpg,5.1380983e-05,0.9987583,0.00015826456,0.0010320146,b
test_2513.jpg,1.003013e-06,5.7149964e-07,4.450843e-07,0.999998,d
test_2514.jpg,0.99998355,7.411213e-06,4.4951275e-06,4.4951275e-06,a
test_2515.jpg,0.0015009274,7.954623e-05,0.99832934,9.01377e-05,c
test_2516.jpg,3.3211993e-05,7.8885405e-06,0.9999006,5.8288868e-05,c
test_2517.jpg,0.9999776,1.0783187e-05,6.1440746e-06,5.422127e-06,a
test_2518.jpg,0.999236,0.00062624784,7.9618476e-05,5.8250123e-05,a
test_2519.jpg,5.7713064e-06,0.99988794,2.1443006e-05,8.480873e-05,b
test_2520.jpg,5.093523e-06,0.99995923,1.670102e-05,1.8924735e-05,b
test_2521.jpg,2.9310038e-05,0.99991953,1.5688534e-05,3.5354657e-05,b
test_2522.jpg,8.939575e-06,1.2218949e-05,1.3709282e-06,0.99997747,d
test_2523.jpg,7.964351e-05,0.00013977873,0.00023045615,0.99955016,d
test_2524.jpg,0.00017951663,1.7774555e-05,0.99975735,4.5388915e-05,c
test_2525.jpg,2.9308167e-05,9.609778e-05,1.8922774e-05,0.99985564,d
test_2526.jpg,0.9996082,3.7623115e-05,5.8271824e-05,0.00029592877,a
test_2527.jpg,0.00033165287,4.216493e-05,0.98864335,0.010982836,c
test_2528.jpg,1.0676911e-06,0.99998784,2.7264446e-06,8.39804e-06,b
test_2529.jpg,0.0019182888,0.00079966174,0.9936982,0.0035838352,c
test_2530.jpg,6.204747e-05,4.2644555e-05,6.143531e-06,0.99988914,d
test_2531.jpg,8.3971745e-06,1.0782185e-05,9.610057e-05,0.9998847,d
test_2532.jpg,1.9947186e-06,1.1365564e-06,0.9999924,4.4951676e-06,c
test_2533.jpg,0.0007086562,0.00026070004,0.9978623,0.0011683765,c
test_2534.jpg,1.6700484e-05,1.0782643e-05,4.5396624e-05,0.99992716,d
test_2535.jpg,0.9981602,0.0003564411,0.0003145582,0.0011687253,a
test_2536.jpg,0.00010887044,0.999648,8.478837e-05,0.00015840554,b
test_2537.jpg,0.9641821,0.029115777,0.0050595636,0.0016425998,a
test_2538.jpg,3.7264808e-06,0.99995375,1.6700928e-05,2.5866904e-05,b
test_2539.jpg,7.9663994e-05,0.9998073,5.4752214e-05,5.828343e-05,b
test_2540.jpg,3.288667e-06,3.500768e-06,0.99997175,2.1444803e-05,c
test_2541.jpg,5.771878e-06,3.5008213e-06,3.7266047e-06,0.999987,d
test_2542.jpg,1.7602626e-06,0.99995244,5.7716784e-06,4.0063387e-05,b
test_2543.jpg,3.0894844e-06,1.6536819e-06,0.9999937,1.5534905e-06,c
test_2544.jpg,0.00020333663,0.00033524542,0.9993525,0.000108838256,c
test_2545.jpg,0.99972385,0.0001088787,0.0001088787,5.8278565e-05,a
test_2546.jpg,1.1365618e-06,3.6898757e-07,1.3709551e-06,0.99999714,d
test_2547.jpg,2.4059807e-06,0.9999471,5.0934614e-06,4.539753e-05,b
test_2548.jpg,0.00091092323,7.024286e-05,0.99894863,7.024286e-05,c
test_2549.jpg,0.9997632,3.762895e-05,0.00010888298,9.026716e-05,a
test_2550.jpg,3.288657e-06,2.1444735e-05,0.99996865,6.5402746e-06,c
test_2551.jpg,0.01062314,0.01062314,0.022489188,0.95626456,d
test_2552.jpg,5.422184e-06,1.6536728e-06,0.9999882,4.7850613e-06,c
test_2553.jpg,5.4220054e-06,0.9999552,1.0129639e-05,2.9311084e-05,b
test_2554.jpg,0.9999449,7.88889e-06,9.515818e-06,3.763579e-05,a
test_2555.jpg,7.48409e-05,2.5864321e-05,0.99985385,4.5393295e-05,c
test_2556.jpg,0.00012338664,2.4296269e-05,0.9998123,4.0057774e-05,c
test_2557.jpg,0.9990602,0.00024519907,0.00037977172,0.00031484183,a
test_2558.jpg,0.0013119273,0.00018900105,0.9888052,0.009693906,c
test_2559.jpg,3.3211476e-05,1.1477579e-05,0.99988496,7.03087e-05,c
test_2560.jpg,0.00029594134,0.9996507,3.3203694e-05,2.0139061e-05,b
test_2561.jpg,3.50081e-06,1.9947015e-06,0.9999838,1.0783254e-05,c
test_2562.jpg,0.9906418,0.0023067808,0.00037657164,0.006674892,a
test_2563.jpg,0.00023048524,3.1192787e-05,0.99967635,6.203426e-05,c
test_2564.jpg,5.1440835e-05,1.3845112e-05,1.3006279e-05,0.9999217,d
test_2565.jpg,0.9995801,3.5342655e-05,0.00026114882,0.00012335798,a
test_2566.jpg,0.9987955,0.00026094387,0.00080376375,0.0001396732,a
test_2567.jpg,0.9999802,5.09363e-06,4.4951125e-06,1.0129893e-05,a
test_2568.jpg,0.00017935857,0.9988771,0.0008038294,0.0001396846,b
test_2569.jpg,0.00219088,0.09315858,0.88386405,0.02078649,c
test_2570.jpg,4.0062387e-05,1.7777578e-05,1.4738129e-05,0.9999274,d
test_2571.jpg,0.0016121322,0.946298,0.041577432,0.010512422,b
test_2572.jpg,1.7602945e-06,0.99997056,1.3845789e-05,1.3845789e-05,b
test_2573.jpg,0.99977773,4.2639804e-05,0.00013133985,4.8317233e-05,a
test_2574.jpg,0.999511,0.0003352986,0.00010226029,5.1419705e-05,a
test_2575.jpg,0.9999541,5.0934973e-06,3.7636135e-05,3.089362e-06,a
test_2576.jpg,0.9999652,1.2218799e-05,3.7265233e-06,1.8924848e-05,a
test_2577.jpg,3.1192783e-05,6.2034254e-05,0.9996762,0.00023048521,c
test_2578.jpg,0.68796164,0.07251062,0.016179308,0.22334844,a
test_2579.jpg,2.4290586e-05,0.0003353212,6.202818e-05,0.9995784,d
test_2580.jpg,7.483176e-05,0.99973184,6.20377e-05,0.00013133383,b
test_2581.jpg,0.02875211,0.007738525,0.65439504,0.30911434,c
test_2582.jpg,0.9998746,9.6099604e-05,1.777664e-05,1.147746e-05,a
test_2583.jpg,6.143742e-06,0.99992347,1.8924058e-05,5.1440926e-05,b
test_2584.jpg,0.050730612,0.61802536,0.0004389058,0.33080515,b
test_2585.jpg,3.1199044e-05,2.5864916e-05,0.99987686,6.604837e-05,c
test_2586.jpg,2.123371e-06,1.2878895e-06,0.9999943,2.2603165e-06,c
test_2587.jpg,0.0021825202,5.4638323e-05,0.9977276,3.5277153e-05,c
test_2588.jpg,1.7770231e-05,0.9995141,0.00043053325,3.7619575e-05,b
test_2589.jpg,0.0040677707,0.00055051286,3.105781e-05,0.9953506,d
test_2590.jpg,0.00039107914,0.029184993,0.96647424,0.0039497595,c
test_2591.jpg,2.2827597e-05,1.1478436e-05,6.143964e-06,0.9999596,d
test_2592.jpg,1.0783243e-05,5.771854e-06,6.893497e-07,0.99998283,d
test_2593.jpg,2.5612123e-06,0.9999702,9.5160585e-06,1.777834e-05,b
test_2594.jpg,5.09362e-06,6.540337e-06,1.0129872e-05,0.9999782,d
test_2595.jpg,0.0002048516,0.9457995,0.017322922,0.036672626,b
test_2596.jpg,0.002406827,0.00073404075,0.025875827,0.97098327,d
test_2597.jpg,3.32079e-05,0.9997774,0.00012338233,6.60418e-05,b
test_2598.jpg,4.0060957e-05,1.6699893e-05,0.99989176,5.1439296e-05,c
test_2599.jpg,3.9663496e-06,0.9998356,0.000108890876,5.1436407e-05,b
test_2600.jpg,0.9995732,5.8269783e-05,3.320112e-05,0.00033531943,a
test_2601.jpg,6.602709e-05,0.0002304572,0.9995547,0.00014879435,c
test_2602.jpg,6.962147e-06,9.516127e-06,6.1440733e-06,0.99997735,d
test_2603.jpg,0.0013033515,0.1817149,0.002592024,0.8143897,d
test_2604.jpg,1.2219017e-05,3.2887037e-06,1.4593535e-06,0.99998295,d
test_2605.jpg,2.5866646e-05,2.5866646e-05,4.494949e-06,0.99994373,d
test_2606.jpg,2.9309731e-05,3.288461e-06,0.99990904,5.8289363e-05,c
test_2607.jpg,0.9997979,3.7630256e-05,8.480109e-05,7.9663245e-05,a
test_2608.jpg,0.00020340375,0.9996824,2.9303088e-05,8.4791296e-05,b
test_2609.jpg,1.4593676e-06,1.4593676e-06,0.9999926,4.4951685e-06,c
test_2610.jpg,0.9999795,6.962162e-06,6.5403456e-06,6.962162e-06,a
test_2611.jpg,0.0013036173,0.01588131,0.9825418,0.000273253,c
test_2612.jpg,2.7535267e-05,1.0129657e-05,5.422015e-06,0.99995697,d
test_2613.jpg,2.5866133e-05,1.8924067e-05,0.99992394,3.1200514e-05,c
test_2614.jpg,0.9999473,1.3006612e-05,2.5866739e-05,1.3845467e-05,a
test_2615.jpg,2.0145271e-05,0.999959,1.0129677e-05,1.07829865e-05,b
test_2616.jpg,0.00017915563,0.00014852523,0.11916386,0.8805085,d
test_2617.jpg,0.9981293,3.529136e-05,0.0003348351,0.0015006267,a
test_2618.jpg,1.5689195e-05,1.892478e-05,3.7265102e-06,0.9999616,d
test_2619.jpg,0.0001389495,0.99362034,0.0010267055,0.005214041,b
test_2620.jpg,1.0783201e-05,7.889158e-06,2.4060573e-06,0.9999789,d
test_2621.jpg,0.00010880453,0.00055255496,0.0002957614,0.9990428,d
test_2622.jpg,5.4219304e-06,0.99994135,1.7777827e-05,3.5355428e-05,b
test_2623.jpg,0.99997914,8.93959e-06,5.422135e-06,6.5403433e-06,a
test_2624.jpg,0.0001682057,0.99718106,0.0024717648,0.00017905403,b
test_2625.jpg,0.0039333133,0.032933228,0.96244997,0.0006835073,c
test_2626.jpg,0.99384636,0.004602422,0.0007513247,0.000799781,a
test_2627.jpg,0.00026118284,1.3842185e-05,1.4734928e-05,0.99971026,d
test_2628.jpg,0.0001479395,0.00013055616,0.0059094224,0.9938121,d
test_2629.jpg,1.0129919e-05,1.2878749e-06,0.99998283,5.771854e-06,c
test_2630.jpg,3.2887422e-06,9.4224043e-07,1.0676983e-06,0.99999464,d
test_2631.jpg,6.14415e-06,1.9947136e-06,1.9947136e-06,0.99998987,d
test_2632.jpg,1.0129702e-05,0.9999614,4.222688e-06,2.4299892e-05,b
test_2633.jpg,0.9605487,0.037244514,0.0012744372,0.00093239814,a
test_2634.jpg,3.320203e-05,0.9996007,7.028871e-05,0.00029592653,b
test_2635.jpg,0.36839703,0.023550835,0.607384,0.0006680857,c
test_2636.jpg,0.99882716,6.597903e-05,7.4764044e-05,0.0010320857,a
test_2637.jpg,2.4299427e-05,0.9999422,1.7777842e-05,1.568889e-05,b
test_2638.jpg,3.7634367e-05,2.5865698e-05,0.99990714,2.9309676e-05,c
test_2639.jpg,0.99994075,2.753482e-05,8.939247e-06,2.2827166e-05,a
test_2640.jpg,8.939235e-06,0.99993944,6.1438404e-06,4.539718e-05,b
test_2641.jpg,2.4060885e-06,3.2887333e-06,0.9999919,2.4060885e-06,c
test_2642.jpg,6.5402955e-06,1.0129808e-05,1.1478577e-05,0.99997187,d
test_2643.jpg,0.9999571,1.8924695e-05,1.0129658e-05,1.3845603e-05,a
test_2644.jpg,0.99448484,0.0016942242,0.0027933035,0.0010275989,a
test_2645.jpg,0.00035367592,0.0006607537,0.99041677,0.008568784,c
test_2646.jpg,1.8923374e-05,0.99988735,4.8322534e-05,4.5394816e-05,b
test_2647.jpg,0.99991846,2.2826658e-05,2.7534206e-05,3.1200343e-05,a
test_2648.jpg,0.9999809,5.422145e-06,5.771843e-06,7.889174e-06,a
test_2649.jpg,2.9023022e-06,2.5612726e-06,9.422395e-07,0.9999937,d
test_2650.jpg,0.0074920286,0.0027561637,0.98126215,0.008489581,c
test_2651.jpg,1.760296e-06,0.9999714,7.889099e-06,1.8924964e-05,b
test_2652.jpg,6.5397553e-06,0.99988925,2.9309153e-05,7.484355e-05,b
test_2653.jpg,0.9999956,1.4593719e-06,1.5534935e-06,1.3709531e-06,a
test_2654.jpg,1.8924495e-05,5.093459e-06,0.9999466,2.9310831e-05,c
test_2655.jpg,2.561212e-06,0.9999701,3.0894114e-06,2.4300103e-05,b
test_2656.jpg,7.411245e-06,3.9669535e-06,8.315186e-07,0.99998784,d
test_2657.jpg,5.1436782e-05,7.0305745e-05,3.5351946e-05,0.9998429,d
test_2658.jpg,0.999793,7.966286e-05,3.1196425e-05,9.609175e-05,a
test_2659.jpg,3.120165e-05,3.0893814e-06,5.422033e-06,0.9999603,d
test_2660.jpg,0.085019745,0.91404843,0.0005381508,0.00039371953,b
test_2661.jpg,6.1441606e-06,1.0030066e-06,1.3709475e-06,0.99999154,d
test_2662.jpg,0.5299681,0.0013136596,0.4676952,0.0010230792,a
test_2663.jpg,0.99996376,9.515998e-06,1.7778226e-05,8.9394525e-06,a
test_2664.jpg,0.9999925,2.40609e-06,2.40609e-06,2.7264573e-06,a
test_2665.jpg,0.99487454,8.982577e-05,0.00042853478,0.0046071834,a
test_2666.jpg,6.144044e-06,0.9999726,6.5403005e-06,1.4738795e-05,b
test_2667.jpg,0.9997894,0.00013981218,3.5350055e-05,3.5350055e-05,a
test_2668.jpg,4.2227025e-06,0.99996483,5.093552e-06,2.5867192e-05,b
test_2669.jpg,0.9987779,2.14192e-05,3.1164753e-05,0.0011694487,a
test_2670.jpg,1.4737269e-05,0.00010229693,1.3844385e-05,0.9998691,d
test_2671.jpg,0.00034357098,0.90382737,0.0952627,0.0005664527,b
test_2672.jpg,4.4950475e-06,8.397854e-06,0.99996567,2.1444672e-05,c
test_2673.jpg,0.99994457,1.3845429e-05,3.9667816e-06,3.763578e-05,a
test_2674.jpg,6.143237e-06,0.9998412,2.9307745e-05,0.00012339021,b
test_2675.jpg,5.132231e-05,0.9976178,0.0021822802,0.00014850602,b
test_2676.jpg,2.5866204e-05,7.4107916e-06,0.9999267,4.0062358e-05,c
test_2677.jpg,7.482109e-05,7.482109e-05,0.99958926,0.00026115123,c
test_2678.jpg,8.397963e-06,2.9022588e-06,1.01298765e-05,0.99997866,d
test_2679.jpg,0.9999883,3.5008259e-06,3.9669553e-06,4.222802e-06,a
test_2680.jpg,4.2643398e-05,6.604739e-05,0.99986196,2.9308352e-05,c
test_2681.jpg,2.1232236e-06,0.9999249,2.7534383e-05,4.5396522e-05,b
test_2682.jpg,0.99972516,0.00017951085,6.203729e-05,3.3206168e-05,a
test_2683.jpg,0.00062629645,4.5368768e-05,1.4729081e-05,0.9993136,d
test_2684.jpg,4.0058043e-05,0.9998191,7.4838295e-05,6.604455e-05,b
test_2685.jpg,2.5866912e-05,1.2218663e-05,7.888962e-06,0.999954,d
test_2686.jpg,0.22884136,0.48445714,0.057860155,0.22884136,b
test_2687.jpg,0.0007051145,0.0005158728,0.9928752,0.0059038517,c
test_2688.jpg,0.99954116,0.00014879233,0.00023045407,7.964279e-05,a
test_2689.jpg,0.99997973,5.771836e-06,3.7265777e-06,1.078321e-05,a
test_2690.jpg,3.1200914e-05,1.30064755e-05,1.8924311e-05,0.9999368,d
test_2691.jpg,0.092683345,0.0014073224,0.026554223,0.8793551,d
test_2692.jpg,0.9998735,5.8287293e-05,1.6699589e-05,5.1438357e-05,a
test_2693.jpg,6.5403806e-06,5.7718657e-06,2.9022767e-06,0.99998486,d
test_2694.jpg,3.7266275e-06,1.7603342e-06,1.3709497e-06,0.9999931,d
test_2695.jpg,4.7850613e-06,3.5008254e-06,3.5008254e-06,0.9999882,d
test_2696.jpg,9.609762e-05,1.6699261e-05,0.99985397,3.3210446e-05,c
test_2697.jpg,2.586676e-05,1.3845479e-05,1.2218591e-05,0.99994814,d
test_2698.jpg,0.9664774,0.0032744762,0.029185088,0.0010630667,a
test_2699.jpg,0.9956773,0.00013080119,0.00012287634,0.0040691057,a
test_2700.jpg,1.0783211e-05,5.0936283e-06,4.222766e-06,0.99997985,d
test_2701.jpg,0.9999769,1.2218942e-05,2.5612294e-06,8.397948e-06,a
test_2702.jpg,7.411099e-06,0.9999682,4.2227166e-06,2.0145455e-05,b
test_2703.jpg,0.00017951148,6.603858e-05,0.9997286,2.5861082e-05,c
test_2704.jpg,2.4287283e-05,0.9994425,4.537462e-05,0.00048782318,b
test_2705.jpg,0.9968161,0.00024464828,0.00013939639,0.0027998514,a
test_2706.jpg,7.4107556e-06,0.9999218,3.5354737e-05,3.5354737e-05,b
test_2707.jpg,2.7527742e-05,0.99968374,0.00023048694,5.8276226e-05,b
test_2708.jpg,1.3844959e-05,0.9999106,9.515492e-06,6.60506e-05,b
test_2709.jpg,6.204685e-05,2.7533126e-05,3.1199117e-05,0.99987924,d
test_2710.jpg,0.0019204715,0.0031663224,8.437963e-05,0.9948289,d
test_2711.jpg,2.726411e-06,0.99997544,6.1440614e-06,1.5689411e-05,b
test_2712.jpg,3.966973e-06,1.7603335e-06,1.553489e-06,0.9999927,d
test_2713.jpg,0.9999597,1.3006774e-05,2.1444544e-05,5.7717207e-06,a
test_2714.jpg,0.00016856914,0.9993356,0.0003798764,0.000115855764,b
test_2715.jpg,8.478818e-05,0.00020339628,0.9996457,6.6033106e-05,c
test_2716.jpg,7.411235e-06,3.966948e-06,2.1233543e-06,0.9999865,d
test_2717.jpg,0.9999858,2.5612524e-06,6.540387e-06,5.0936587e-06,a
test_2718.jpg,8.4789e-05,2.9302295e-05,0.99965537,0.00023048041,c
test_2719.jpg,6.1441237e-06,5.77187e-06,2.561252e-06,0.9999856,d
test_2720.jpg,0.99994767,7.888912e-06,2.0145042e-05,2.429956e-05,a
test_2721.jpg,0.9991678,0.00011583631,0.00062620506,9.0213405e-05,a
test_2722.jpg,1.777707e-05,3.726276e-06,0.9998988,7.967129e-05,c
test_2723.jpg,2.4299785e-05,6.5401982e-06,1.2218699e-05,0.99995697,d
test_2724.jpg,0.010711844,0.009453169,0.0155856395,0.9642494,d
test_2725.jpg,1.473862e-05,1.2218746e-05,0.9999608,1.2218746e-05,c
test_2726.jpg,6.5400814e-06,0.9999391,1.6700684e-05,3.763557e-05,b
test_2727.jpg,0.0022330724,0.003681714,0.7016105,0.29247475,c
test_2728.jpg,2.4299654e-05,1.5689038e-05,8.397736e-06,0.9999516,d
test_2729.jpg,7.889183e-06,3.9669303e-06,6.144102e-06,0.999982,d
test_2730.jpg,2.4299776e-05,1.3006733e-05,6.143946e-06,0.9999566,d
test_2731.jpg,0.99961865,0.00013978832,0.00017949173,6.203068e-05,a
test_2732.jpg,1.3709224e-06,0.9999732,6.540304e-06,1.8924999e-05,b
test_2733.jpg,0.00015840879,0.9996685,1.4734312e-05,0.00015840879,b
test_2734.jpg,0.70301133,0.29305872,0.0028730466,0.0010569347,a
test_2735.jpg,0.86664,0.023095174,0.080610074,0.02965479,a
test_2736.jpg,8.6878536e-05,0.7977184,0.2016948,0.00049995136,b
test_2737.jpg,6.1441583e-06,1.4593655e-06,1.2098565e-06,0.9999912,d
test_2738.jpg,3.535192e-05,0.99984217,8.4804844e-05,3.7631922e-05,b
test_2739.jpg,0.00012334713,0.00012334713,0.99949217,0.00026112585,c
test_2740.jpg,0.9999391,2.1444102e-05,1.6700684e-05,2.282713e-05,a
test_2741.jpg,6.202808e-05,2.5857153e-05,0.99957675,0.00033532063,c
test_2742.jpg,0.95877695,0.0026930072,0.037175816,0.001354129,a
test_2743.jpg,0.00015657446,0.0058754133,0.9880926,0.0058754133,c
test_2744.jpg,5.422096e-06,0.99997187,7.889103e-06,1.4738784e-05,b
test_2745.jpg,0.001925574,0.997472,0.00011563971,0.0004868614,b
test_2746.jpg,0.9999691,1.1478545e-05,7.889081e-06,1.1478545e-05,a
test_2747.jpg,0.00048724012,0.0011688281,9.594326e-05,0.998248,d
test_2748.jpg,0.9999002,1.4737728e-05,7.0309776e-05,1.4737728e-05,a
test_2749.jpg,8.397736e-06,1.0782906e-05,0.9999516,2.9310979e-05,c
test_2750.jpg,9.516145e-06,6.144085e-06,0.99997926,5.0936255e-06,c
test_2751.jpg,0.00055229914,0.00015823636,0.00070916617,0.99858034,d
test_2752.jpg,1.4593327e-06,0.99996865,3.9668776e-06,2.586729e-05,b
test_2753.jpg,0.9999778,6.144076e-06,6.5403347e-06,9.516131e-06,a
test_2754.jpg,0.004069634,6.57795e-05,5.805021e-05,0.9958066,d
test_2755.jpg,4.264436e-05,1.0782183e-05,0.9998845,6.204718e-05,c
test_2756.jpg,3.5297235e-05,0.9982955,0.0015008765,0.00016839369,b
test_2757.jpg,1.6701299e-05,4.7850026e-06,2.5612271e-06,0.9999759,d
test_2758.jpg,8.939638e-06,5.7718635e-06,8.315158e-07,0.9999845,d
test_2759.jpg,7.4753e-05,0.9986796,0.00033501966,0.00091067795,b
test_2760.jpg,0.03698628,0.7428893,0.21284136,0.007283031,b
test_2761.jpg,0.00014869543,0.00062603113,0.9988902,0.00033509033,c
test_2762.jpg,0.0006202051,8.393563e-05,0.9895942,0.00970164,c
test_2763.jpg,1.8738615e-06,8.8514946e-07,0.9999907,6.540419e-06,c
test_2764.jpg,4.0062943e-05,1.3845384e-05,4.784837e-06,0.99994135,d
test_2765.jpg,6.962189e-06,1.2878755e-06,0.99998343,8.398003e-06,c
test_2766.jpg,1.5689406e-05,5.7718094e-06,3.5007795e-06,0.9999751,d
test_2767.jpg,0.99997616,1.6701302e-05,4.4950943e-06,2.5612276e-06,a
test_2768.jpg,1.30069875e-05,1.3709264e-06,0.99997616,9.516116e-06,c
test_2769.jpg,9.488334e-05,0.00025791963,0.012427265,0.9872199,d
test_2770.jpg,0.0051963143,0.9902422,0.0040468937,0.0005145048,b
test_2771.jpg,0.00048765272,0.0001232979,0.9990933,0.00029577632,c
test_2772.jpg,8.93965e-06,1.8738523e-06,3.2887133e-06,0.9999858,d
test_2773.jpg,0.00027671354,0.004607694,0.99498487,0.00013071022,c
test_2774.jpg,0.99980766,1.1476692e-05,0.00016864875,1.2216875e-05,a
test_2775.jpg,0.99965703,5.4743985e-05,0.0002033986,8.478914e-05,a
test_2776.jpg,0.0027984933,0.9963325,0.00024452963,0.00062442815,b
test_2777.jpg,0.00013045955,0.9930767,0.006691298,0.00010160199,b
test_2778.jpg,9.0141286e-05,0.99836904,0.00021623768,0.0013246165,b
test_2779.jpg,5.8287707e-05,1.5687925e-05,0.9998807,4.5394514e-05,c
test_2780.jpg,0.99989617,4.222413e-06,1.4737668e-05,8.480943e-05,a
test_2781.jpg,0.9884,0.00045320418,0.0001667245,0.010980133,a
test_2782.jpg,5.8285448e-05,0.9998419,6.2044535e-05,3.7631915e-05,b
test_2783.jpg,0.9998093,5.8283546e-05,6.204251e-05,7.030338e-05,a
test_2784.jpg,5.09361e-06,0.9999763,2.9022517e-06,1.5689424e-05,b
test_2785.jpg,1.0129864e-05,5.0936155e-06,7.411167e-06,0.99997735,d
test_2786.jpg,1.3000434e-05,0.9994723,0.00017946545,0.00033528561,b
test_2787.jpg,5.093671e-06,2.9022863e-06,0.9999882,3.7266093e-06,c
test_2788.jpg,0.0013668928,0.24470176,0.00019691957,0.75373447,d
test_2789.jpg,2.5866051e-05,4.8324146e-05,5.093327e-06,0.9999207,d
test_2790.jpg,4.4951503e-06,6.144142e-06,7.338131e-07,0.99998856,d
test_2791.jpg,0.9998896,7.888454e-06,9.0278576e-05,1.2217876e-05,a
test_2792.jpg,0.9999268,1.0129352e-05,8.397527e-06,5.475876e-05,a
test_2793.jpg,0.9972475,0.0010304535,0.0007538959,0.00096802146,a
test_2794.jpg,0.9976706,0.00090975786,0.0013236898,9.588777e-05,a
test_2795.jpg,2.429717e-05,2.9018834e-06,0.9998493,0.0001233912,c
test_2796.jpg,0.00017946304,0.00020335826,0.99945885,0.00015837557,c
test_2797.jpg,2.7535083e-05,1.147833e-05,1.0782893e-05,0.9999503,d
test_2798.jpg,0.00023046971,9.025324e-05,7.02893e-05,0.99960905,d
test_2799.jpg,2.4060973e-06,1.5534935e-06,4.1811705e-07,0.9999956,d
test_2800.jpg,0.9944535,0.0046052337,0.00045597984,0.00048538804,a
test_2801.jpg,0.99915385,9.021215e-05,0.0005526164,0.00020329621,a
test_2802.jpg,7.411155e-06,1.1478621e-05,0.9999757,5.4221164e-06,c
test_2803.jpg,0.96194625,0.004454695,0.03291599,0.00068314956,a
test_2804.jpg,0.0013118943,0.009693661,0.98878026,0.00021416084,c
test_2805.jpg,8.939343e-06,0.9999516,1.6700893e-05,2.2827415e-05,b
test_2806.jpg,9.604687e-05,0.0004877663,0.999326,9.022769e-05,c
test_2807.jpg,3.5354613e-05,1.3006235e-05,0.99991834,3.3212586e-05,c
test_2808.jpg,7.889196e-06,3.50081e-06,0.9999838,4.78504e-06,c
test_2809.jpg,0.00015833954,0.00037983683,0.00023038266,0.99923146,d
test_2810.jpg,6.1441083e-06,6.540369e-06,0.9999831,4.22278e-06,c
test_2811.jpg,0.00037985013,0.00012331927,0.00023039074,0.99926645,d
test_2812.jpg,1.3006834e-05,2.5611976e-06,0.99996436,2.0145379e-05,c
test_2813.jpg,0.999972,8.939526e-06,9.516076e-06,9.516076e-06,a
test_2814.jpg,0.00010215173,0.9984499,0.0013247238,0.00012321852,b
test_2815.jpg,0.9999783,6.144079e-06,4.785014e-06,1.0783195e-05,a
test_2816.jpg,0.0075554843,0.22080362,0.00096057204,0.7706803,d
test_2817.jpg,4.004688e-05,0.99954045,0.00015838849,0.00026113846,b
test_2818.jpg,2.282685e-05,2.753444e-05,0.9999269,2.282685e-05,c
test_2819.jpg,9.51557e-06,0.9999188,2.0144462e-05,5.1440686e-05,b
test_2820.jpg,0.9998647,1.5687674e-05,3.726149e-06,0.0001159171,a
test_2821.jpg,2.4299878e-05,5.4220354e-06,0.9999608,9.515969e-06,c
test_2822.jpg,0.0006248411,0.9969914,0.00218091,0.00020285622,b
test_2823.jpg,5.0936824e-06,3.7266177e-06,6.893549e-07,0.99999046,d
test_2824.jpg,5.771779e-06,0.99996984,5.4220845e-06,1.8924935e-05,b
test_2825.jpg,5.8162845e-05,0.8805014,0.00027747944,0.1191629,b
test_2826.jpg,0.0019264275,0.99791414,7.469571e-05,8.464131e-05,b
test_2827.jpg,1.1478509e-05,3.726526e-06,0.9999659,1.892486e-05,c
test_2828.jpg,0.99992883,1.568868e-05,3.7635185e-05,1.7777604e-05,a
test_2829.jpg,0.9999523,1.012961e-05,1.4738495e-05,2.2827431e-05,a
test_2830.jpg,1.87379e-06,0.99995255,1.0129613e-05,3.5355824e-05,b
test_2831.jpg,0.6477612,0.001416972,0.34672162,0.0041001444,a
test_2832.jpg,2.4282082e-05,0.9992285,3.7608825e-05,0.0007096265,b
test_2833.jpg,0.99943644,5.141587e-05,2.4287136e-05,0.00048782022,a
test_2834.jpg,0.9979267,0.00027753168,0.0015003221,0.00029543097,a
test_2835.jpg,6.6048284e-05,1.3005679e-05,0.99987555,4.539428e-05,c
test_2836.jpg,4.5393394e-05,1.8922781e-05,0.999856,7.966788e-05,c
test_2837.jpg,5.7639754e-06,0.9986179,5.137376e-05,0.0013249466,b
test_2838.jpg,0.00017712172,0.00244509,0.98641974,0.010958134,c
test_2839.jpg,8.397915e-06,6.540303e-06,0.99997294,1.2218894e-05,c
test_2840.jpg,0.9999956,1.7603386e-06,1.0030107e-06,1.6536851e-06,a
test_2841.jpg,8.397604e-06,0.99993587,1.568879e-05,4.0062725e-05,b
test_2842.jpg,4.4948924e-06,0.9999312,1.8924204e-05,4.539681e-05,b
test_2843.jpg,0.99988973,7.967057e-05,1.3844669e-05,1.669986e-05,a
test_2844.jpg,0.00019013291,0.99472684,0.0014955113,0.0035875451,b
test_2845.jpg,0.0057247463,0.7497938,0.24342242,0.0010589716,b
test_2846.jpg,1.3845603e-05,4.784912e-06,0.9999571,2.4299788e-05,c
test_2847.jpg,9.604033e-05,0.00015834373,0.99925786,0.00048773305,c
test_2848.jpg,0.99946254,0.00017946369,6.202099e-05,0.00029588563,a
test_2849.jpg,1.3006816e-05,8.397831e-06,1.5689215e-05,0.9999629,d
test_2850.jpg,3.089469e-06,2.1233589e-06,0.9999887,6.144143e-06,c
test_2851.jpg,0.8074106,0.0022678503,0.18015766,0.0101638,a
test_2852.jpg,0.9999865,6.5403915e-06,2.726441e-06,4.2227944e-06,a
test_2853.jpg,2.429969e-05,1.568906e-05,6.9619778e-06,0.99995303,d
test_2854.jpg,0.6274589,0.0012112806,0.07493927,0.2963906,a
test_2855.jpg,2.7264618e-06,1.7603361e-06,1.2878894e-06,0.99999416,d
test_2856.jpg,0.00033531198,0.9995509,9.606849e-05,1.7770884e-05,b
test_2857.jpg,0.0001583396,0.9992318,0.00043041166,0.00017942226,b
test_2858.jpg,0.9999683,9.51604e-06,1.1478536e-05,1.07830865e-05,a
test_2859.jpg,1.7603367e-06,6.0835606e-07,0.9999945,3.0894869e-06,c
test_2860.jpg,2.561275e-06,9.4224043e-07,0.99999464,1.8738689e-06,c
test_2861.jpg,4.7850704e-06,2.7264507e-06,2.4060841e-06,0.9999901,d
test_2862.jpg,0.000123385,5.4751763e-05,2.2823931e-05,0.9997991,d
test_2863.jpg,4.2644322e-05,1.8923305e-05,5.4756398e-05,0.99988365,d
test_2864.jpg,0.0003352971,0.9995066,9.606423e-05,6.2023726e-05,b
test_2865.jpg,9.515696e-06,6.961832e-06,0.99993205,5.1441366e-05,c
test_2866.jpg,2.123264e-06,0.999944,4.006305e-05,1.3845421e-05,b
test_2867.jpg,0.46364006,0.0058363676,0.52537304,0.005150576,c
test_2868.jpg,2.40609e-06,2.9022988e-06,2.2603124e-06,0.9999925,d
test_2869.jpg,0.9999906,5.0936833e-06,2.123363e-06,2.123363e-06,a
test_2870.jpg,3.1197087e-05,0.9998142,0.00012338687,3.1197087e-05,b
test_2871.jpg,5.422101e-06,0.9999728,5.093593e-06,1.6701246e-05,b
test_2872.jpg,0.0010321343,8.472274e-05,8.929712e-06,0.9988741,d
test_2873.jpg,0.000108870125,4.263415e-05,0.00020339616,0.9996451,d
test_2874.jpg,3.1196265e-05,0.99978787,9.6091266e-05,8.480024e-05,b
test_2875.jpg,0.99929,0.00033522444,0.00021643717,0.00015834882,a
test_2876.jpg,0.0066906405,0.00021507028,0.00011511883,0.9929791,d
test_2877.jpg,0.9998864,7.03088e-05,1.5688014e-05,2.7533322e-05,a
test_2878.jpg,0.07584475,0.00013754399,3.940701e-05,0.9239782,d
test_2879.jpg,1.670124e-05,9.51608e-06,1.2878614e-06,0.99997246,d
test_2880.jpg,6.5404097e-06,2.406082e-06,1.7603275e-06,0.9999893,d
test_2881.jpg,4.832136e-05,1.38443e-05,0.999863,7.4841584e-05,c
test_2882.jpg,0.99997556,6.9621346e-06,9.5161095e-06,7.889132e-06,a
test_2883.jpg,0.9999801,4.7850226e-06,3.726579e-06,1.1478672e-05,a
test_2884.jpg,2.5865076e-05,0.99988306,6.143494e-06,8.4808315e-05,b
test_2885.jpg,1.1938219e-05,8.20501e-06,0.022976909,0.977003,d
test_2886.jpg,1.1365194e-06,0.9999598,1.4738606e-05,2.4299854e-05,b
test_2887.jpg,0.8791149,0.049596272,0.0076058344,0.06368288,a
test_2888.jpg,1.1365382e-06,0.9999764,3.5007843e-06,1.8925059e-05,b
test_2889.jpg,0.82015204,0.14252105,0.031800747,0.0055261413,a
test_2890.jpg,0.00055257115,0.9990721,0.00029577003,7.960542e-05,b
test_2891.jpg,2.0142474e-05,0.9998202,8.4802974e-05,7.4838375e-05,b
test_2892.jpg,2.1444595e-05,6.962041e-06,9.515981e-06,0.9999621,d
test_2893.jpg,1.5534588e-06,0.9999733,3.7265536e-06,2.1444836e-05,b
test_2894.jpg,2.1227272e-06,0.99969125,1.0780099e-05,0.00029595333,b
test_2895.jpg,4.222669e-06,0.99995685,1.30067365e-05,2.5866984e-05,b
test_2896.jpg,2.5866035e-05,3.1200394e-05,0.9999201,2.2826696e-05,c
test_2897.jpg,0.9999863,4.49514e-06,1.7603222e-06,7.4112336e-06,a
test_2898.jpg,0.99997973,4.4951107e-06,8.397972e-06,7.411185e-06,a
test_2899.jpg,6.10497e-05,0.9838103,0.015901811,0.00022682716,b
test_2900.jpg,2.5611714e-06,0.9999542,1.38455625e-05,2.9311055e-05,b
test_2901.jpg,1.7778164e-05,0.9999603,8.939422e-06,1.3006781e-05,b
test_2902.jpg,2.9022813e-06,4.4951407e-06,6.1441287e-06,0.9999864,d
test_2903.jpg,0.000708957,0.99828583,0.0006256524,0.00037947737,b
test_2904.jpg,0.7198733,0.04601996,0.23370863,0.00039815067,a
test_2905.jpg,7.33804e-07,0.99997604,4.22275e-06,1.8925053e-05,b
test_2906.jpg,5.1439478e-05,1.7777009e-05,0.99989533,3.53538e-05,c
test_2907.jpg,0.42693266,0.25894776,0.15705977,0.15705977,a
test_2908.jpg,1.3006981e-05,5.0936073e-06,6.144063e-06,0.9999757,d
test_2909.jpg,2.1233648e-06,2.26031e-06,4.222815e-06,0.9999914,d
test_2910.jpg,1.777828e-05,3.0894016e-06,1.221882e-05,0.99996686,d
test_2911.jpg,0.99569345,0.00090795493,0.0031690742,0.00022956695,a
test_2912.jpg,1.5688798e-05,0.99993634,1.473826e-05,3.3213182e-05,b
test_2913.jpg,0.0008391161,0.13256776,0.86445034,0.0021427583,c
test_2914.jpg,8.39801e-06,2.5612485e-06,4.785042e-06,0.99998426,d
test_2915.jpg,6.1439687e-06,1.7778164e-05,0.9999603,1.5689175e-05,c
test_2916.jpg,2.2825265e-05,0.00010889325,1.0781891e-05,0.9998574,d
test_2917.jpg,9.025639e-05,0.00023047776,0.9996439,3.534491e-05,c
test_2918.jpg,6.540209e-06,0.99995863,8.939406e-06,2.5867032e-05,b
test_2919.jpg,9.6094656e-05,0.99982315,4.5391902e-05,3.5351248e-05,b
test_2920.jpg,0.9999795,7.411183e-06,6.962162e-06,6.1440865e-06,a
test_2921.jpg,0.0011695619,0.0004875459,0.059987076,0.9383558,d
test_2922.jpg,9.516156e-06,3.0894435e-06,0.99998045,6.9621688e-06,c
test_2923.jpg,0.9999876,6.9622183e-06,2.561257e-06,2.9022847e-06,a
test_2924.jpg,2.2602956e-06,1.0783267e-05,1.9947038e-06,0.999985,d
test_2925.jpg,2.1443167e-05,3.7633927e-05,0.99989545,4.5395183e-05,c
test_2926.jpg,9.609245e-05,4.539086e-05,0.99980026,5.8283018e-05,c
test_2927.jpg,9.516105e-06,6.9621315e-06,0.9999751,8.397933e-06,c
test_2928.jpg,0.00026024293,0.0031704083,0.00045674058,0.99611264,d
test_2929.jpg,8.396775e-06,0.99983716,9.6096e-05,5.828517e-05,b
test_2930.jpg,0.9994973,0.00011587451,0.00027796847,0.00010885403,a
test_2931.jpg,2.930847e-05,0.999866,6.204603e-05,4.264357e-05,b
test_2932.jpg,1.873605e-06,0.99985385,4.494545e-06,0.0001398212,b
test_2933.jpg,0.9996531,5.769951e-06,0.00033534627,5.769951e-06,a
test_2934.jpg,1.8737962e-06,0.9999559,8.939382e-06,3.321383e-05,b
test_2935.jpg,1.760284e-06,0.9999646,1.4738676e-05,1.8924837e-05,b
test_2936.jpg,1.3006886e-05,6.5402724e-06,0.9999683,1.2218838e-05,c
test_2937.jpg,0.117116764,0.8653824,0.010893556,0.0066072755,b
test_2938.jpg,5.828297e-05,0.00012338505,0.99979943,1.892171e-05,c
test_2939.jpg,1.384497e-05,4.539591e-05,0.9999114,2.9309802e-05,c
test_2940.jpg,2.1418458e-05,0.99874336,0.0010319991,0.00020321268,b
test_2941.jpg,0.00017948964,9.025306e-05,0.0001233613,0.999607,d
test_2942.jpg,0.00070947467,8.473467e-05,0.00019095252,0.99901474,d
test_2943.jpg,0.00010219092,0.998833,0.00026095365,0.0008037939,b
test_2944.jpg,0.9999783,9.516136e-06,4.785014e-06,7.411174e-06,a
test_2945.jpg,0.99969566,3.3205186e-05,0.00013132907,0.00013979907,a
test_2946.jpg,3.1164564e-05,2.7502632e-05,0.99877185,0.0011694416,c
test_2947.jpg,2.0144962e-05,6.9619123e-06,0.9999436,2.9310744e-05,c
test_2948.jpg,1.892464e-05,3.9668203e-06,0.9999542,2.2827475e-05,c
test_2949.jpg,1.1364338e-06,0.9998845,5.421622e-06,0.000108896194,b
test_2950.jpg,0.0031715122,0.00022974354,0.9964594,0.00013934652,c
test_2951.jpg,0.0016730074,0.01587305,0.98203087,0.0004230025,c
test_2952.jpg,0.0028003275,0.0001394201,7.46262e-05,0.9969856,d
test_2953.jpg,0.9999614,1.2218753e-05,1.0783012e-05,1.5689191e-05,a
test_2954.jpg,3.7628986e-05,0.0001233807,0.99976414,7.4834184e-05,c
test_2955.jpg,0.99995625,1.3006728e-05,1.3006728e-05,1.7778091e-05,a
test_2956.jpg,5.4220964e-06,3.7265488e-06,0.999972,1.8924977e-05,c
test_2957.jpg,0.678255,0.0010854813,0.320385,0.0002744526,a
test_2958.jpg,0.9975668,0.00022999886,0.0019257569,0.0002774316,a
test_2959.jpg,0.9665392,0.03307315,0.00013516242,0.00025251662,a
test_2960.jpg,0.9994673,2.1433985e-05,0.00037992647,0.00013129908,a
test_2961.jpg,0.00017846105,3.3011973e-05,0.005909818,0.99387866,d
test_2962.jpg,2.5611891e-06,0.99996114,6.962034e-06,2.9311259e-05,b
test_2963.jpg,2.9311032e-05,8.93936e-06,8.397751e-06,0.9999534,d
test_2964.jpg,6.9609896e-06,0.9998111,7.96643e-05,0.00010229099,b
test_2965.jpg,0.025657678,0.9627973,0.009438933,0.0021061106,b
test_2966.jpg,0.00019109776,2.2823375e-05,1.1476313e-05,0.99977463,d
test_2967.jpg,8.396981e-06,0.9998617,6.539575e-06,0.00012339273,b
test_2968.jpg,0.0006255259,0.99808407,0.0004871601,0.0008031912,b
test_2969.jpg,0.99737096,0.0024722356,2.5800093e-05,0.00013102368,a
test_2970.jpg,1.892449e-05,2.586671e-05,8.939296e-06,0.99994624,d
test_2971.jpg,0.999683,8.479135e-05,0.00012337069,0.00010887425,a
test_2972.jpg,3.5007745e-06,2.726406e-06,2.0145566e-05,0.99997365,d
test_2973.jpg,3.566767e-05,0.3486224,2.9569537e-05,0.6513124,d
test_2974.jpg,3.9669753e-06,1.1365574e-06,1.4593686e-06,0.9999933,d
test_2975.jpg,0.9999734,1.7778397e-05,3.2886726e-06,5.422104e-06,a
test_2976.jpg,1.7774946e-05,0.9997793,0.00012338256,7.966177e-05,b
test_2977.jpg,0.0002611368,0.999534,0.000108858025,9.606686e-05,b
test_2978.jpg,0.0019212608,0.9952377,0.0021770736,0.00066396996,b
test_2979.jpg,2.1442092e-05,4.8320504e-05,0.9998454,8.480512e-05,c
test_2980.jpg,0.99997723,3.966911e-06,3.0894337e-06,1.568944e-05,a
test_2981.jpg,2.1408407e-05,0.99827456,0.0003794731,0.0013244911,b
test_2982.jpg,0.022963809,5.0233128e-05,0.9764459,0.00054005696,c
test_2983.jpg,1.8738657e-06,1.9947197e-06,3.089482e-06,0.99999297,d
test_2984.jpg,0.0065287873,0.09012713,0.04824158,0.8551024,d
test_2985.jpg,0.9998703,4.00601e-05,7.484213e-05,1.4737287e-05,a
test_2986.jpg,0.05329267,0.9446351,0.0017130899,0.00035908318,b
test_2987.jpg,0.0021086766,0.0009357195,0.03298525,0.96397036,d
test_2988.jpg,7.411183e-06,4.222765e-06,0.9999795,8.939593e-06,c
test_2989.jpg,3.5004082e-06,0.999869,8.480712e-05,4.2643696e-05,b
test_2990.jpg,2.4060917e-06,3.2887376e-06,1.0676968e-06,0.9999932,d
test_2991.jpg,2.4299647e-05,1.1478341e-05,1.3006664e-05,0.99995124,d
test_2992.jpg,0.99960047,0.00013978576,0.00023046775,2.9300685e-05,a
test_2993.jpg,0.9999248,5.144099e-05,1.8924082e-05,4.784758e-06,a
test_2994.jpg,5.7718353e-06,1.6536586e-06,0.9999796,1.3007032e-05,c
test_2995.jpg,0.00012338562,2.4296069e-05,0.9998041,4.8318507e-05,c
test_2996.jpg,0.9999794,1.14786635e-05,3.7265763e-06,5.4221364e-06,a
test_2997.jpg,0.00014880058,0.99959654,0.00012336,0.00013131606,b
test_2998.jpg,1.9946933e-06,0.99997973,3.5007959e-06,1.47389e-05,b
test_2999.jpg,3.5003568e-06,2.4057576e-06,0.9998543,0.00013982126,c
test_3000.jpg,0.00406922,0.00019031994,3.5205652e-05,0.9957053,d
test_3001.jpg,0.9998136,6.2042775e-05,5.8283797e-05,6.6044195e-05,a
test_3002.jpg,0.91101176,0.084737286,0.0022581725,0.00199283,a
test_3003.jpg,0.00019975587,6.485123e-05,0.9817539,0.017981451,c
test_3004.jpg,3.1201074e-05,1.6700731e-05,1.01295045e-05,0.99994195,d
test_3005.jpg,4.2640382e-05,4.2640382e-05,0.9997913,0.00012338404,c
test_3006.jpg,2.1232345e-06,0.99993,9.5156765e-06,5.8290585e-05,b
test_3007.jpg,0.999977,1.012986e-05,8.939571e-06,3.9669103e-06,a
test_3008.jpg,3.7266248e-06,2.5612692e-06,1.3709487e-06,0.9999924,d
test_3009.jpg,1.670091e-05,2.2827438e-05,7.888951e-06,0.9999527,d
test_3010.jpg,8.479839e-05,0.00011590566,3.3207525e-05,0.99976605,d
test_3011.jpg,1.9946704e-06,0.9999682,8.397875e-06,2.1444726e-05,b
test_3012.jpg,0.0052160597,0.994005,0.0005497686,0.00022917766,b
test_3013.jpg,7.889217e-06,1.9947067e-06,3.7266025e-06,0.9999864,d
test_3014.jpg,0.0005520761,0.00010212381,0.0011687451,0.99817705,d
test_3015.jpg,0.00024215384,0.0045691077,0.98665243,0.008536217,c
test_3016.jpg,4.495165e-06,2.4060882e-06,1.2878863e-06,0.9999918,d
test_3017.jpg,0.10562372,0.008670123,0.8843766,0.0013296064,c
test_3018.jpg,1.14786935e-05,1.9946979e-06,4.4951207e-06,0.999982,d
test_3019.jpg,4.005169e-05,0.0002033993,0.9996605,9.607902e-05,c
test_3020.jpg,7.88922e-06,3.7266038e-06,1.6536706e-06,0.99998677,d
test_3021.jpg,7.8114033e-07,0.9999889,2.4060814e-06,7.889237e-06,b
test_3022.jpg,0.00020236324,0.9945686,0.0006233226,0.0046057664,b
test_3023.jpg,0.9999485,1.7777955e-05,1.8924531e-05,1.4738439e-05,a
test_3024.jpg,3.7627684e-05,0.00020341335,2.930447e-05,0.9997296,d
test_3025.jpg,0.11283777,0.44628203,0.047037777,0.39384252,b
test_3026.jpg,2.0144764e-05,2.0144764e-05,2.586639e-05,0.99993384,d
test_3027.jpg,8.939561e-06,6.1440646e-06,8.939561e-06,0.9999759,d
test_3028.jpg,1.8738328e-06,0.99997544,6.9621337e-06,1.5689411e-05,b
test_3029.jpg,9.4222685e-07,0.9999802,3.0894428e-06,1.5689486e-05,b
test_3030.jpg,5.4759133e-05,6.1438045e-06,5.421888e-06,0.9999336,d
test_3031.jpg,0.9999517,1.3845528e-05,1.6700895e-05,1.7778011e-05,a
test_3032.jpg,1.670113e-05,1.0129746e-05,7.4110812e-06,0.9999658,d
test_3033.jpg,0.00025805007,0.32066545,0.67884874,0.00022772838,c
test_3034.jpg,1.3709506e-06,1.4593693e-06,0.9999938,3.2887394e-06,c
test_3035.jpg,0.99992347,1.221829e-05,9.515614e-06,5.4758577e-05,a
test_3036.jpg,0.00080367905,0.9986903,0.00024510827,0.00026091636,b
test_3037.jpg,4.7849653e-06,0.9999682,1.2218836e-05,1.4738729e-05,b
test_3038.jpg,7.411143e-06,6.475785e-07,0.99997413,1.777841e-05,c
test_3039.jpg,5.1441195e-05,1.1478081e-05,8.397544e-06,0.9999287,d
test_3040.jpg,9.5158875e-06,2.902182e-06,0.9999522,3.535581e-05,c
test_3041.jpg,4.2227675e-06,0.9999802,2.561238e-06,1.300704e-05,b
test_3042.jpg,2.561246e-06,8.398002e-06,5.7718566e-06,0.9999833,d
test_3043.jpg,2.5864942e-05,0.9998778,1.14774975e-05,8.480787e-05,b
test_3044.jpg,0.0007068538,0.0008009703,0.9953243,0.003167899,c
test_3045.jpg,9.515499e-06,0.9999114,2.7534012e-05,5.1440307e-05,b
test_3046.jpg,0.999814,0.000102291284,3.5350924e-05,4.8318983e-05,a
test_3047.jpg,1.7603314e-06,2.7264548e-06,0.99999154,3.966968e-06,c
test_3048.jpg,3.763203e-05,8.396841e-06,0.999845,0.0001088919,c
test_3049.jpg,0.99995816,1.2218714e-05,2.0145255e-05,9.515944e-06,a
test_3050.jpg,1.7603354e-06,1.5534906e-06,0.9999938,2.9023026e-06,c
test_3051.jpg,0.9951532,0.003589083,0.00022944238,0.0010282894,a
test_3052.jpg,2.5612674e-06,4.7850776e-06,1.0676952e-06,0.99999166,d
test_3053.jpg,0.00021587778,0.002799546,0.00027719256,0.9967073,d
test_3054.jpg,0.999724,0.00014881954,9.6085125e-05,3.1194275e-05,a
test_3055.jpg,0.9998872,3.7633617e-05,6.2047344e-05,1.3005831e-05,a
test_3056.jpg,0.0010311946,0.99796474,0.0002954422,0.00070872897,b
test_3057.jpg,1.0782396e-05,6.605018e-05,0.9999043,1.8923694e-05,c
test_3058.jpg,0.9999827,6.5403665e-06,4.222778e-06,6.5403665e-06,a
test_3059.jpg,2.0144787e-05,1.8924276e-05,0.99993503,2.586642e-05,c
test_3060.jpg,3.762101e-05,0.9995522,0.00033531242,7.4818316e-05,b
test_3061.jpg,0.00013981886,1.0781673e-05,1.2217236e-05,0.99983716,d
test_3062.jpg,0.9998273,8.4803585e-05,5.475331e-05,3.320956e-05,a
test_3063.jpg,0.9774725,0.0016652416,0.00057549204,0.020286793,a
test_3064.jpg,0.997741,0.0021825496,4.5297373e-05,3.1132397e-05,a
test_3065.jpg,3.9668344e-06,0.9999578,6.962011e-06,3.120157e-05,b
test_3066.jpg,4.002283e-05,0.00010879335,0.00091091555,0.99894017,d
test_3067.jpg,0.9970385,0.000295168,0.0014989866,0.0011674119,a
test_3068.jpg,0.9995198,0.00010226119,4.2628806e-05,0.00033530153,a
test_3069.jpg,2.5866402e-05,3.763539e-05,2.1232436e-06,0.9999343,d
test_3070.jpg,3.726377e-06,0.99992585,1.8924104e-05,5.144105e-05,b
test_3071.jpg,0.00015842955,1.7775306e-05,2.429596e-05,0.99979955,d
test_3072.jpg,0.9995198,7.028302e-05,0.00017947398,0.00023044915,a
test_3073.jpg,0.998431,0.0010316764,0.00045780366,7.955434e-05,a
test_3074.jpg,0.0019020811,0.9853023,0.0031360015,0.009659565,b
test_3075.jpg,0.0006239587,0.9955835,0.003168724,0.0006239587,b
test_3076.jpg,2.752741e-05,7.02937e-05,0.9996717,0.00023048416,c
test_3077.jpg,0.00085600984,0.00040435043,0.06001092,0.93872875,d
test_3078.jpg,2.2602796e-06,0.99997795,1.1478647e-05,8.397957e-06,b
test_3079.jpg,3.9669376e-06,2.7264336e-06,0.9999838,9.516188e-06,c
test_3080.jpg,2.4060569e-06,0.9999788,5.7718307e-06,1.3007022e-05,b
test_3081.jpg,0.99945384,0.00033527942,0.00014877933,6.202045e-05,a
test_3082.jpg,0.04202662,0.0001828303,0.95652145,0.001269094,c
test_3083.jpg,1.4737271e-05,0.9998692,8.480714e-05,3.1198808e-05,b
test_3084.jpg,6.1439255e-06,0.99995327,1.300669e-05,2.7535165e-05,b
test_3085.jpg,5.4219213e-06,0.9999397,1.2218488e-05,4.2646712e-05,b
test_3086.jpg,0.00076100114,0.0533503,0.00023209225,0.94565666,d
test_3087.jpg,4.8321348e-05,2.2825387e-05,0.9998628,6.604744e-05,c
test_3088.jpg,0.0011604766,0.00015705342,0.9911152,0.0075672576,c
test_3089.jpg,0.9998074,0.0001088878,3.535069e-05,4.8318667e-05,a
test_3090.jpg,0.00023049633,3.119429e-05,1.3842381e-05,0.99972445,d
test_3091.jpg,5.8285208e-05,2.4296889e-05,0.99983776,7.966643e-05,c
test_3092.jpg,8.939467e-06,7.889052e-06,1.7778255e-05,0.9999654,d
test_3093.jpg,1.7603111e-06,2.5612374e-06,0.99998,1.5689482e-05,c
test_3094.jpg,7.029484e-05,0.00023048787,1.1475316e-05,0.9996878,d
test_3095.jpg,0.9976399,0.00010865174,0.000551779,0.0016995992,a
test_3096.jpg,2.4059634e-06,0.9999399,6.143843e-06,5.144177e-05,b
test_3097.jpg,0.99998784,5.771883e-06,2.123357e-06,4.2228e-06,a
test_3098.jpg,2.561143e-06,0.99994314,8.939268e-06,4.5397348e-05,b
test_3099.jpg,1.0129847e-05,6.1440637e-06,0.9999758,7.8891335e-06,c
test_3100.jpg,7.889207e-06,3.9669426e-06,0.9999851,3.089458e-06,c
test_3101.jpg,7.8892235e-06,2.2603006e-06,2.561256e-06,0.99998724,d
test_3102.jpg,3.5282177e-05,0.2226548,0.00016832183,0.77714163,d
test_3103.jpg,3.1201336e-05,1.0129589e-05,8.397725e-06,0.9999503,d
test_3104.jpg,0.9999591,1.3006766e-05,1.0129679e-05,1.7778142e-05,a
test_3105.jpg,0.996801,0.0002446446,0.0010299921,0.0019242787,a
test_3106.jpg,0.99996674,2.1444695e-05,8.397863e-06,3.5007504e-06,a
test_3107.jpg,0.0006468346,0.9695532,0.025837716,0.003962342,b
test_3108.jpg,1.3845665e-05,7.889022e-06,0.9999616,1.670106e-05,c
test_3109.jpg,0.99578935,0.000190336,0.003591377,0.00042892882,a
test_3110.jpg,3.1200994e-05,2.753478e-05,1.9946128e-06,0.9999393,d
test_3111.jpg,0.99997365,4.7849917e-06,1.1478598e-05,1.01298265e-05,a
test_3112.jpg,5.1341605e-05,2.9253564e-05,0.0019265795,0.9979929,d
test_3113.jpg,0.999908,2.7533917e-05,3.321224e-05,3.1200016e-05,a
test_3114.jpg,0.0006071006,0.9686848,0.029251747,0.0014563587,b
test_3115.jpg,6.144149e-06,2.4060835e-06,1.7603282e-06,0.99998975,d
test_3116.jpg,4.7846684e-06,0.99990606,3.7634327e-05,5.144003e-05,b
test_3117.jpg,0.012360828,0.001149736,0.0045472947,0.9819421,d
test_3118.jpg,0.99970835,5.142986e-05,0.00013133074,0.000108877015,a
test_3119.jpg,1.3709334e-06,0.9999813,5.0936355e-06,1.2218997e-05,b
test_3120.jpg,0.99879575,0.0009107839,0.00020322335,9.017982e-05,a
test_3121.jpg,0.9970317,0.000102006634,0.002800457,6.586043e-05,a
test_3122.jpg,0.99996674,1.1478518e-05,1.22188185e-05,9.516026e-06,a
test_3123.jpg,2.9253964e-05,0.9980065,3.7562833e-05,0.0019266058,b
test_3124.jpg,2.4296083e-05,0.00013981432,0.9998047,3.1196792e-05,c
test_3125.jpg,0.9935262,0.00042795402,0.0024627054,0.003583215,a
test_3126.jpg,4.2227975e-06,1.9947083e-06,0.99998724,6.5403965e-06,c
test_3127.jpg,0.005846017,0.005159092,0.005846017,0.98314893,d
test_3128.jpg,1.994642e-06,0.999954,1.473852e-05,2.931105e-05,b
test_3129.jpg,4.0052746e-05,4.2635926e-05,0.99968684,0.00023048765,c
test_3130.jpg,0.9998634,2.753269e-05,2.4297511e-05,8.480665e-05,a
test_3131.jpg,1.3845814e-05,9.516079e-06,4.2227343e-06,0.99997234,d
test_3132.jpg,1.3845305e-05,5.093403e-06,0.9999356,4.539701e-05,c
test_3133.jpg,3.5007733e-06,0.9999733,8.397918e-06,1.4738805e-05,b
test_3134.jpg,0.00062625075,8.4753825e-05,4.8291276e-05,0.99924064,d
test_3135.jpg,1.0782459e-05,0.9999101,1.3006129e-05,6.605057e-05,b
test_3136.jpg,7.941707e-05,3.993341e-05,0.0031723042,0.9967083,d
test_3137.jpg,4.495066e-06,0.99996984,7.889086e-06,1.7778333e-05,b
test_3138.jpg,6.196269e-05,0.0013248208,0.99852306,9.015519e-05,c
test_3139.jpg,0.00015842731,0.99978536,1.0781114e-05,4.5390185e-05,b
test_3140.jpg,1.47352675e-05,0.99973327,2.1439688e-05,0.00023049836,b
test_3141.jpg,0.995764,0.00406946,5.8047728e-05,0.00010844744,a
test_3142.jpg,0.0010277668,0.004064897,0.99464744,0.00025986013,c
test_3143.jpg,0.9998989,6.6049826e-05,1.0782339e-05,2.4298375e-05,a
test_3144.jpg,0.0046079564,0.00020245946,0.00014812249,0.99504143,d
test_3145.jpg,1.6536425e-06,0.99996984,1.0783103e-05,1.7778333e-05,b
test_3146.jpg,1.2218978e-05,6.144088e-06,1.8738409e-06,0.99997973,d
test_3147.jpg,2.1436521e-05,0.00037997143,1.3001907e-05,0.99958557,d
test_3148.jpg,2.7262224e-06,0.9999063,6.1436367e-06,8.4810286e-05,b
test_3149.jpg,5.771568e-06,0.99993324,9.5157075e-06,5.1441428e-05,b
test_3150.jpg,1.078302e-05,1.1478465e-05,0.9999621,1.5689202e-05,c
test_3151.jpg,7.029823e-05,0.999736,0.00010888003,8.479584e-05,b
test_3152.jpg,7.4104746e-06,0.9998839,4.2644333e-05,6.604884e-05,b
test_3153.jpg,6.9621024e-06,3.2886642e-06,0.9999709,1.8924955e-05,c
test_3154.jpg,3.7635727e-05,9.515802e-06,9.515802e-06,0.99994326,d
test_3155.jpg,0.983272,0.015893111,0.0002910925,0.0005438324,a
test_3156.jpg,1.1365549e-06,0.99999106,2.4060864e-06,5.4221996e-06,b
test_3157.jpg,6.1439728e-06,2.5867093e-05,0.999961,6.9620332e-06,c
test_3158.jpg,4.2614014e-05,0.999173,7.478993e-05,0.00070958707,b
test_3159.jpg,0.9999839,7.411216e-06,5.093649e-06,3.5008104e-06,a
test_3160.jpg,9.606206e-05,4.004462e-05,0.99948394,0.0003799328,c
test_3161.jpg,0.8800085,0.026573954,0.00066526595,0.09275221,a
test_3162.jpg,6.9609514e-06,0.9998056,7.887791e-06,0.00017952529,b
test_3163.jpg,0.0004014957,0.9922167,0.0045948755,0.0027869327,b
test_3164.jpg,0.022971999,0.00012054598,0.9767942,0.00011324247,c
test_3165.jpg,0.9995993,8.478424e-05,0.00026115385,5.4740824e-05,a
test_3166.jpg,3.3209948e-05,0.00010889124,1.892246e-05,0.99983895,d
test_3167.jpg,8.397718e-06,2.4299605e-05,0.9999496,1.7777973e-05,c
test_3168.jpg,0.00013978852,0.0002304723,9.512728e-06,0.9996202,d
test_3169.jpg,0.9999764,8.397944e-06,1.0129854e-05,5.093611e-06,a
test_3170.jpg,5.4220054e-06,0.9999552,1.0129639e-05,2.9311084e-05,b
test_3171.jpg,6.2048966e-05,8.939001e-06,1.5688438e-05,0.99991333,d
test_3172.jpg,0.99927026,0.00033521783,0.00031490801,7.962121e-05,a
test_3173.jpg,0.9912333,0.008575848,8.949701e-05,0.00010141339,a
test_3174.jpg,0.9997366,6.603911e-05,6.603911e-05,0.00013133445,a
test_3175.jpg,0.9854612,0.014056848,0.00037460233,0.000107325366,a
test_3176.jpg,0.99959046,0.000115885305,0.00020338505,9.025157e-05,a
test_3177.jpg,0.0003228289,0.7978074,0.00015249357,0.2017173,b
test_3178.jpg,0.0031714027,0.0002949864,0.00010851944,0.9964251,d
test_3179.jpg,6.5402055e-06,4.222674e-06,3.1201576e-05,0.99995804,d
test_3180.jpg,0.9999124,2.144353e-05,1.4737907e-05,5.1440355e-05,a
test_3181.jpg,0.3481328,0.00049168547,0.0009778333,0.65039766,d
test_3182.jpg,0.94274443,0.0034000673,0.053186007,0.00066951296,a
test_3183.jpg,0.9946778,0.00040249154,0.00031346077,0.004606272,a
test_3184.jpg,0.9999902,3.2887278e-06,2.5612637e-06,3.966963e-06,a
test_3185.jpg,6.5400586e-06,0.9999356,4.0062714e-05,1.7777726e-05,b
test_3186.jpg,1.8924606e-05,1.4738497e-05,0.99995244,1.3845538e-05,c
test_3187.jpg,0.99995947,2.1444539e-05,1.0129683e-05,8.939414e-06,a
test_3188.jpg,0.9998093,4.831876e-05,4.0057654e-05,0.00010229081,a
test_3189.jpg,0.00012313612,0.00016830713,0.0019261732,0.9977824,d
test_3190.jpg,6.1441406e-06,2.5612587e-06,3.0894678e-06,0.9999883,d
test_3191.jpg,9.0241825e-05,0.9994825,0.00029589154,0.00013130109,b
test_3192.jpg,0.9999864,3.9669476e-06,2.2602987e-06,7.4112345e-06,a
test_3193.jpg,0.053176336,0.9425731,0.0012505875,0.0030000035,b
test_3194.jpg,0.0005999403,0.0050232387,0.037116993,0.9572599,d
test_3195.jpg,2.1443966e-05,2.4299197e-05,0.99993277,2.1443966e-05,c
test_3196.jpg,0.0040562656,0.0019160442,0.0014922167,0.9925355,d
test_3197.jpg,1.5687252e-05,0.99983776,0.00010889111,3.763176e-05,b
test_3198.jpg,0.98452985,0.00027380593,0.014043564,0.0011527659,a
test_3199.jpg,5.1438066e-05,2.5864685e-05,0.9998679,5.4755536e-05,c
test_3200.jpg,1.5688649e-05,3.3212866e-05,0.9999268,2.4299052e-05,c
test_3201.jpg,6.54035e-06,5.422141e-06,7.889168e-06,0.9999802,d
test_3202.jpg,1.4593737e-06,6.083575e-07,0.9999968,1.2098633e-06,c
test_3203.jpg,2.7533893e-05,1.384491e-05,0.99990714,5.1440085e-05,c
test_3204.jpg,5.093689e-06,1.2098571e-06,1.9947174e-06,0.9999918,d
test_3205.jpg,0.9999597,9.5159585e-06,1.3006774e-05,1.7778153e-05,a
test_3206.jpg,2.4060737e-06,1.0129948e-05,1.7603212e-06,0.9999857,d
test_3207.jpg,0.9999436,8.397668e-06,3.1201125e-05,1.6700758e-05,a
test_3208.jpg,0.00036005507,0.65099484,0.34845245,0.0001927236,b
test_3209.jpg,4.495123e-06,1.4593528e-06,0.9999825,1.1478699e-05,c
test_3210.jpg,1.3845805e-05,1.4593371e-06,0.99997175,1.300693e-05,c
test_3211.jpg,9.610079e-05,7.4104973e-06,9.515267e-06,0.999887,d
test_3212.jpg,0.43405125,0.0061914087,0.5573328,0.0024245903,c
test_3213.jpg,0.9999027,4.8323276e-05,2.7533773e-05,2.1443322e-05,a
test_3214.jpg,0.0006262959,5.1409508e-05,9.509802e-06,0.99931276,d
test_3215.jpg,0.9998952,3.5353798e-05,7.4105583e-06,6.204784e-05,a
test_3216.jpg,2.0145513e-05,5.0935837e-06,0.99997103,3.7265452e-06,c
test_3217.jpg,0.00017944473,0.00043046553,3.3193937e-05,0.9993569,d
test_3218.jpg,4.5396187e-05,9.515557e-06,2.7534179e-05,0.9999175,d
test_3219.jpg,0.0024376407,0.052119054,0.56033266,0.38511065,c
test_3220.jpg,0.9974233,6.189445e-05,0.0024723653,4.253939e-05,a
test_3221.jpg,2.2602592e-06,0.9999689,7.4111044e-06,2.1444741e-05,b
test_3222.jpg,0.99991405,1.892388e-05,3.763463e-05,2.9309878e-05,a
test_3223.jpg,4.0060957e-05,5.1439296e-05,0.99989176,1.6699893e-05,c
test_3224.jpg,0.9998392,3.7631813e-05,4.8320206e-05,7.48398e-05,a
test_3225.jpg,1.7602861e-06,0.9999658,6.540256e-06,2.5867215e-05,b
test_3226.jpg,0.00012337825,6.203848e-05,0.99974436,7.029881e-05,c
test_3227.jpg,0.76704675,0.012398155,0.21976258,0.0007925876,a
test_3228.jpg,1.1365335e-06,0.9999722,6.5402983e-06,2.0145537e-05,b
test_3229.jpg,4.0057774e-05,2.4296269e-05,0.9998123,0.00012338664,c
test_3230.jpg,0.06003588,0.9391192,0.00048794254,0.00035698642,b
test_3231.jpg,0.0011318151,0.24440402,0.0016467813,0.7528174,d
test_3232.jpg,0.002799567,0.0001905129,0.99671483,0.00029507218,c
test_3233.jpg,6.60296e-05,0.9995927,4.538144e-05,0.00029592417,b
test_3234.jpg,0.999985,8.939642e-06,1.8738507e-06,4.222788e-06,a
test_3235.jpg,0.99975556,0.00010228531,3.3207176e-05,0.00010888215,a
test_3236.jpg,1.3845898e-05,6.9621547e-06,7.811321e-07,0.9999784,d
test_3237.jpg,0.9998847,1.777682e-05,3.5353427e-05,6.204719e-05,a
test_3238.jpg,0.99982387,2.0142548e-05,0.000115912364,4.0058236e-05,a
test_3239.jpg,5.0931226e-06,4.8322203e-05,6.604862e-05,0.99988055,d
test_3240.jpg,5.8278547e-05,0.00020341211,1.4735123e-05,0.9997235,d
test_3241.jpg,4.5395536e-05,2.0144147e-05,0.9999032,3.1199866e-05,c
test_3242.jpg,0.001498098,0.9964474,0.00013090235,0.0019235959,b
test_3243.jpg,0.99998784,3.726608e-06,3.726608e-06,4.7850594e-06,a
test_3244.jpg,1.3006394e-05,0.9999305,1.3845234e-05,4.264632e-05,b
test_3245.jpg,0.9993154,0.00043044763,0.00017943727,7.480059e-05,a
test_3246.jpg,0.00031346836,0.0046063843,0.9947019,0.00037811502,c
test_3247.jpg,2.9020725e-06,0.9999145,2.4298753e-05,5.8289683e-05,b
test_3248.jpg,0.02926752,6.815154e-05,0.96920717,0.0014571439,c
test_3249.jpg,0.00014882785,5.4750708e-05,1.6698023e-05,0.99977976,d
test_3250.jpg,8.939646e-06,2.7264382e-06,2.9022783e-06,0.99998546,d
test_3251.jpg,0.052690506,0.002972595,0.010375376,0.9339615,d
test_3252.jpg,0.99998975,2.7264498e-06,3.2887262e-06,4.222808e-06,a
test_3253.jpg,1.2218734e-05,5.0935264e-06,0.9999598,2.2827602e-05,c
test_3254.jpg,7.0255206e-05,9.602748e-05,0.00070955243,0.9991242,d
test_3255.jpg,1.6700786e-05,2.1444233e-05,1.6700786e-05,0.99994516,d
test_3256.jpg,3.3211152e-05,1.6699616e-05,0.9998752,7.484249e-05,c
test_3257.jpg,0.9600721,0.037226036,0.0023797809,0.0003220683,a
test_3258.jpg,0.99996793,1.0129768e-05,6.1440155e-06,1.5689293e-05,a
test_3259.jpg,0.88476485,0.09325353,0.020807676,0.0011738887,a
test_3260.jpg,5.4217976e-06,0.9999169,3.7634734e-05,4.0061965e-05,b
test_3261.jpg,0.99997103,1.5689342e-05,7.889096e-06,5.4220914e-06,a
test_3262.jpg,0.99794596,0.00062543934,0.00080308004,0.00062543934,a
test_3263.jpg,0.047328398,0.00043587948,0.0016194889,0.9506163,d
test_3264.jpg,1.6701264e-05,5.0935982e-06,4.222741e-06,0.9999739,d
test_3265.jpg,0.052652393,0.0023133846,0.9332859,0.011748336,c
test_3266.jpg,6.9621387e-06,5.422119e-06,0.99997616,1.1478626e-05,c
test_3267.jpg,0.025834268,0.0007801273,0.9694238,0.0039618136,c
test_3268.jpg,0.9999602,1.4738612e-05,1.6701035e-05,8.3978075e-06,a
test_3269.jpg,5.771865e-06,2.5612496e-06,6.9621983e-06,0.99998474,d
test_3270.jpg,3.966682e-06,0.9999194,4.539627e-05,3.1200372e-05,b
test_3271.jpg,0.9999931,1.287888e-06,1.0676966e-06,4.4951707e-06,a
test_3272.jpg,1.6695763e-05,3.4996224e-06,0.9996445,0.0003353434,c
test_3273.jpg,0.99982244,0.00010229215,3.763118e-05,3.763118e-05,a
test_3274.jpg,3.7610425e-05,0.999271,0.00026106808,0.0004304285,b
test_3275.jpg,0.02296641,0.97655654,0.0003487265,0.00012828932,b
test_3276.jpg,0.020098196,0.0057582296,0.96838534,0.0057582296,c
test_3277.jpg,0.06109468,0.6568297,0.008268266,0.27380735,b
test_3278.jpg,6.962037e-06,2.2602424e-06,0.9999615,2.931127e-05,c
test_3279.jpg,0.99975914,2.1440243e-05,0.00013980795,7.966016e-05,a
test_3280.jpg,5.4221086e-06,3.7265572e-06,0.99997425,1.6701271e-05,c
test_3281.jpg,0.9983088,0.0007089733,0.00055214897,0.00043001407,a
test_3282.jpg,0.99987864,3.5353212e-05,7.0308255e-05,1.5687892e-05,a
test_3283.jpg,3.9669544e-06,6.0835214e-07,0.9999881,7.4112468e-06,c
test_3284.jpg,6.9619405e-06,2.7263352e-06,4.2647054e-05,0.99994767,d
test_3285.jpg,2.2824657e-05,6.5393733e-06,0.99983084,0.00013981799,c
test_3286.jpg,8.3152e-07,0.9999895,3.50083e-06,6.144148e-06,b
test_3287.jpg,3.5007624e-06,0.9999702,4.784975e-06,2.144477e-05,b
test_3288.jpg,0.00023048543,3.7625712e-05,5.4745087e-05,0.9996772,d
test_3289.jpg,0.9999056,9.515444e-06,6.2048486e-05,2.2826363e-05,a
test_3290.jpg,8.939076e-06,3.2885023e-06,0.9999217,6.605133e-05,c
test_3291.jpg,0.98549116,0.0031366025,0.010947818,0.00042449296,a
test_3292.jpg,0.041937564,0.00012539106,0.003442445,0.9544946,d
test_3293.jpg,0.99995613,2.0145213e-05,2.2602303e-06,2.1444468e-05,a
test_3294.jpg,2.9292853e-05,0.00055271556,8.4761676e-05,0.9993332,d
test_3295.jpg,8.398033e-06,2.9022829e-06,1.7603235e-06,0.999987,d
test_3296.jpg,1.1478455e-05,2.1444577e-05,5.7717293e-06,0.99996126,d
test_3297.jpg,7.966282e-05,0.000108886175,1.8921579e-05,0.9997925,d
test_3298.jpg,1.8919683e-05,2.7527978e-05,0.9996923,0.00026117815,c
test_3299.jpg,0.9999336,1.777769e-05,2.2827004e-05,2.5866384e-05,a
test_3300.jpg,1.0782891e-05,2.0145093e-05,1.8924564e-05,0.9999502,d
test_3301.jpg,3.2886153e-06,0.999956,9.515924e-06,3.1201515e-05,b
test_3302.jpg,2.123376e-06,5.0434596e-07,7.8114635e-07,0.99999666,d
test_3303.jpg,0.9999876,6.5403988e-06,2.7264439e-06,3.0894657e-06,a
test_3304.jpg,6.5402874e-06,6.1440314e-06,0.99997056,1.670121e-05,c
test_3305.jpg,1.0782993e-05,1.3006772e-05,0.9999596,1.6701026e-05,c
test_3306.jpg,0.9999932,1.7603344e-06,2.1233686e-06,2.9023008e-06,a
test_3307.jpg,1.8922883e-05,0.00010889368,1.0781933e-05,0.99986136,d
test_3308.jpg,0.00055268477,0.99927753,9.0223315e-05,7.962179e-05,b
test_3309.jpg,1.22188285e-05,5.4220723e-06,0.9999676,1.4738721e-05,c
test_3310.jpg,0.1917114,0.00053847785,0.5905127,0.21723749,c
test_3311.jpg,0.00039711944,0.9814016,0.017974999,0.00022627182,b
test_3312.jpg,0.00043024073,0.00062599656,0.998835,0.0001087819,c
test_3313.jpg,0.99997294,9.516085e-06,5.4221014e-06,1.2218894e-05,a
test_3314.jpg,1.3006837e-05,5.771749e-06,1.670111e-05,0.9999646,d
test_3315.jpg,7.8890935e-06,1.6701211e-05,0.9999707,4.784977e-06,c
test_3316.jpg,0.00032500422,0.75452083,0.00019712502,0.24495704,b
test_3317.jpg,0.017953789,0.0014737366,0.98024356,0.0003288351,c
test_3318.jpg,0.99998355,1.01299265e-05,2.9022729e-06,3.5008093e-06,a
test_3319.jpg,1.4738772e-05,4.784979e-06,9.516067e-06,0.99997103,d
test_3320.jpg,0.015813677,0.004530695,0.97835755,0.0012980656,c
test_3321.jpg,0.18949108,0.21472155,0.5836736,0.012113759,c
test_3322.jpg,0.00013978092,3.320088e-05,0.9995659,0.00026114512,c
test_3323.jpg,0.56142825,0.43724075,0.00095646037,0.0003745552,a
test_3324.jpg,2.1443815e-05,4.494868e-06,0.99992573,4.8324386e-05,c
test_3325.jpg,8.397781e-06,5.422015e-06,0.99995697,2.9311137e-05,c
test_3326.jpg,3.5007838e-06,0.9999763,9.516117e-06,1.0783173e-05,b
test_3327.jpg,0.01729489,0.944269,0.03661328,0.001822868,b
test_3328.jpg,0.034181986,0.77797836,0.17359045,0.014249172,b
test_3329.jpg,0.00020339088,3.762353e-05,0.9996191,0.00013978838,c
test_3330.jpg,4.222814e-06,1.3709471e-06,0.9999912,3.2887308e-06,c
test_3331.jpg,1.6701115e-05,1.3845711e-05,4.4950443e-06,0.99996495,d
test_3332.jpg,0.9989729,0.00016850795,5.470652e-05,0.00080390647,a
test_3333.jpg,6.5403824e-06,2.9022774e-06,0.9999851,5.4221673e-06,c
test_3334.jpg,1.300693e-05,1.0783124e-05,4.495075e-06,0.99997175,d
test_3335.jpg,1.2878035e-06,0.9999274,1.3006354e-05,5.8290432e-05,b
test_3336.jpg,4.5296973e-05,0.0021825302,0.99773216,3.997443e-05,c
test_3337.jpg,0.01359427,0.95303196,0.019779546,0.01359427,b
test_3338.jpg,3.535484e-05,1.5688614e-05,0.99992466,2.4299e-05,c
test_3339.jpg,0.99971217,5.1430055e-05,0.00019108583,4.5386863e-05,a
test_3340.jpg,0.00014862078,0.0009104127,0.99838877,0.0005521932,c
test_3341.jpg,0.99994814,3.3213575e-05,1.0782869e-05,7.888915e-06,a
test_3342.jpg,0.00020311454,0.99826103,0.0006256368,0.0009102962,b
test_3343.jpg,2.2825214e-05,0.99985516,9.6097734e-05,2.5864356e-05,b
test_3344.jpg,0.99998283,7.889189e-06,4.7850353e-06,4.4951244e-06,a
test_3345.jpg,0.0005525787,0.00020328235,0.9990858,0.00015831646,c
test_3346.jpg,1.473868e-05,1.300684e-05,7.4110744e-06,0.99996483,d
test_3347.jpg,5.771838e-06,1.0129891e-05,3.9669226e-06,0.9999801,d
test_3348.jpg,4.0063303e-05,6.5401546e-06,3.0893505e-06,0.9999503,d
test_3349.jpg,8.479268e-05,1.3003379e-05,0.99969876,0.00020340708,c
test_3350.jpg,0.00055232906,0.9986344,0.00026090175,0.00055232906,b
test_3351.jpg,2.0145135e-05,4.784889e-06,0.9999522,2.2827428e-05,c
test_3352.jpg,0.99995637,5.0935087e-06,7.4110117e-06,3.1201525e-05,a
test_3353.jpg,7.410619e-06,0.99990344,3.763423e-05,5.1439896e-05,b
test_3354.jpg,0.99967,0.00021651947,6.203387e-05,5.1427887e-05,a
test_3355.jpg,0.00026092405,0.9987197,0.00010876934,0.00091071444,b
test_3356.jpg,6.962198e-06,5.093653e-06,3.2887094e-06,0.9999846,d
test_3357.jpg,0.9999901,2.2603072e-06,2.5612635e-06,5.0936806e-06,a
test_3358.jpg,0.0031696137,0.00070723635,0.99586296,0.0002601777,c
test_3359.jpg,0.9999721,1.8924979e-05,1.994678e-06,6.9621105e-06,a
test_3360.jpg,0.00037838245,0.99540544,0.0040679947,0.00014817668,b
test_3361.jpg,2.1439728e-05,7.4832e-05,0.99973506,0.00016863651,c
test_3362.jpg,5.368663e-07,0.9999833,5.4221578e-06,1.0783248e-05,b
test_3363.jpg,0.9999819,4.222775e-06,6.9621788e-06,6.9621788e-06,a
test_3364.jpg,1.1365363e-06,0.9999747,7.4111476e-06,1.6701279e-05,b
test_3365.jpg,1.6698597e-05,0.9998142,2.9306952e-05,0.00013981565,b
test_3366.jpg,0.020817306,0.049938124,0.88517433,0.044070236,c
test_3367.jpg,6.96222e-06,2.5612576e-06,2.7264446e-06,0.99998784,d
test_3368.jpg,1.3845617e-05,7.888994e-06,2.0145255e-05,0.99995816,d
test_3369.jpg,7.411062e-06,5.093543e-06,2.4299936e-05,0.99996316,d
test_3370.jpg,1.8738677e-06,1.8738677e-06,2.1233702e-06,0.99999404,d
test_3371.jpg,0.99975723,4.5388908e-05,6.604047e-05,0.00013133716,a
test_3372.jpg,1.7776749e-05,0.9998807,1.6699707e-05,8.480811e-05,b
test_3373.jpg,2.9309183e-05,0.9998903,3.7633734e-05,4.2644606e-05,b
test_3374.jpg,0.9999683,8.939493e-06,8.939493e-06,1.3845757e-05,a
test_3375.jpg,6.5404242e-06,1.0030066e-06,1.0030066e-06,0.99999154,d
test_3376.jpg,7.0306625e-05,1.2217459e-05,0.9998554,6.204537e-05,c
test_3377.jpg,1.7772994e-05,0.99966955,0.00026117222,5.142786e-05,b
test_3378.jpg,2.4298553e-05,0.9999063,2.9309651e-05,4.006154e-05,b
test_3379.jpg,4.784961e-06,0.99996734,1.0129762e-05,1.777829e-05,b
test_3380.jpg,2.4299452e-05,1.2218532e-05,0.99994326,2.0144955e-05,c
test_3381.jpg,0.9999629,7.889032e-06,1.7778211e-05,1.1478474e-05,a
test_3382.jpg,3.7265972e-06,1.7603198e-06,0.999985,9.5161995e-06,c
test_3383.jpg,0.9999589,1.3845627e-05,8.397797e-06,1.8924728e-05,a
test_3384.jpg,0.00040417197,0.0004875245,0.00027778308,0.9988306,d
test_3385.jpg,1.300629e-05,5.1440875e-05,1.300629e-05,0.9999225,d
test_3386.jpg,0.00010884018,3.3194374e-05,0.99937016,0.00048778785,c
test_3387.jpg,8.4786276e-05,0.9996232,0.00016861764,0.00012336331,b
test_3388.jpg,0.99987257,7.030783e-05,3.119891e-05,2.5864805e-05,a
test_3389.jpg,4.7850544e-06,2.7264416e-06,0.99998677,5.7718767e-06,c
test_3390.jpg,0.99992406,1.3845145e-05,4.8324306e-05,1.3845145e-05,a
test_3391.jpg,0.9991794,2.5846875e-05,0.00016854279,0.0006262124,a
test_3392.jpg,0.0012169587,0.002135829,0.976383,0.020264182,c
test_3393.jpg,2.4059982e-06,0.99995434,1.568908e-05,2.7535194e-05,b
test_3394.jpg,3.966547e-06,1.873664e-06,0.9998853,0.00010889629,c
test_3395.jpg,3.2886765e-06,0.9999746,5.4221105e-06,1.6701277e-05,b
test_3396.jpg,1.2218781e-05,2.0145364e-05,3.9668575e-06,0.99996364,d
test_3397.jpg,3.53525e-05,0.9998585,4.0059625e-05,6.604716e-05,b
test_3398.jpg,1.2218268e-05,0.9999217,1.7777478e-05,4.8324193e-05,b
test_3399.jpg,2.7534259e-05,1.670037e-05,0.99992037,3.5354686e-05,c
test_3400.jpg,0.000902979,0.008567226,0.9902367,0.0002931544,c
test_3401.jpg,2.5865125e-05,0.99988496,3.7633534e-05,5.1438943e-05,b
test_3402.jpg,1.3709224e-06,0.9999732,6.540304e-06,1.8924999e-05,b
test_3403.jpg,0.97642434,0.00016470443,0.0229633,0.00044771307,a
test_3404.jpg,0.9817059,0.01798057,0.0001997461,0.0001138119,a
test_3405.jpg,3.500775e-06,1.892501e-05,3.7265554e-06,0.9999738,d
test_3406.jpg,1.8923629e-05,3.763413e-05,0.9999008,4.2645053e-05,c
test_3407.jpg,4.495127e-06,4.222781e-06,7.8891935e-06,0.99998343,d
test_3408.jpg,2.9023047e-06,7.811447e-07,0.9999945,1.8738687e-06,c
test_3409.jpg,0.000543974,0.0018986558,0.983528,0.014029274,c
test_3410.jpg,1.0782961e-05,8.3977775e-06,2.4299776e-05,0.9999566,d
test_3411.jpg,0.9999082,5.144014e-05,2.144344e-05,1.8923769e-05,a
test_3412.jpg,8.397875e-06,3.2886553e-06,0.9999682,2.0145455e-05,c
test_3413.jpg,5.42137e-06,0.999838,3.3209915e-05,0.00012338981,b
test_3414.jpg,0.000108685614,0.0019264986,1.3817825e-05,0.997951,d
test_3415.jpg,4.8319067e-05,4.0057905e-05,0.99981564,9.609393e-05,c
test_3416.jpg,0.9996165,0.0002959312,2.9301158e-05,5.8272308e-05,a
test_3417.jpg,0.9999685,5.7717716e-06,7.889076e-06,1.777831e-05,a
test_3418.jpg,9.5160685e-06,6.9621046e-06,0.9999713,1.2218874e-05,c
test_3419.jpg,0.00011544669,0.003591441,0.99580705,0.00048604872,c
test_3420.jpg,1.0129847e-05,5.093608e-06,0.9999758,8.93956e-06,c
test_3421.jpg,1.5689471e-05,4.2227634e-06,8.315115e-07,0.99997926,d
test_3422.jpg,0.9999355,1.3006459e-05,4.006271e-05,1.147816e-05,a
test_3423.jpg,2.7527643e-05,0.00026117498,0.99968016,3.1192907e-05,c
test_3424.jpg,0.99998343,4.7850385e-06,3.9669358e-06,7.8891935e-06,a
test_3425.jpg,4.7843305e-06,0.9998355,8.4804284e-05,7.4839525e-05,b
test_3426.jpg,1.994698e-06,0.9999821,4.495121e-06,1.1478694e-05,b
test_3427.jpg,0.0031486729,0.00666574,0.98928356,0.00090210984,c
test_3428.jpg,4.7850376e-06,5.7718566e-06,6.14411e-06,0.9999833,d
test_3429.jpg,0.9999281,3.1200645e-05,9.515658e-06,3.1200645e-05,a
test_3430.jpg,0.999859,2.4297404e-05,5.4755044e-05,6.204559e-05,a
test_3431.jpg,3.5007236e-06,0.9999591,1.1478431e-05,2.5867044e-05,b
test_3432.jpg,4.5396155e-05,6.5399354e-06,0.9999168,3.120029e-05,c
test_3433.jpg,0.9997297,0.00020341338,4.538766e-05,2.1439611e-05,a
test_3434.jpg,7.888945e-06,0.99995196,1.078291e-05,2.931099e-05,b
test_3435.jpg,5.421949e-06,1.2218551e-05,0.9999448,3.7635786e-05,c
test_3436.jpg,9.516121e-06,5.771819e-06,0.99997675,7.889141e-06,c
test_3437.jpg,0.0031646143,0.7743556,0.2218566,0.0006231495,b
test_3438.jpg,0.99931645,0.0004304481,6.2011924e-05,0.00019101017,a
test_3439.jpg,2.7263522e-06,0.999954,2.4299712e-05,1.8924635e-05,b
test_3440.jpg,0.9999621,1.2218762e-05,2.1444595e-05,4.222691e-06,a
test_3441.jpg,0.0011678884,0.00035618583,0.99744534,0.0010306579,c
test_3442.jpg,0.98312426,0.0018978763,0.0140235135,0.0009543121,a
test_3443.jpg,2.4060507e-06,0.99997616,4.7850035e-06,1.6701302e-05,b
test_3444.jpg,2.2602464e-06,0.9999633,5.093544e-06,2.931132e-05,b
test_3445.jpg,0.9992481,2.7515747e-05,1.4728116e-05,0.0007096404,a
test_3446.jpg,3.726627e-06,1.7603339e-06,1.5534894e-06,0.99999297,d
test_3447.jpg,3.7264972e-06,0.99995816,1.3845617e-05,2.4299814e-05,b
test_3448.jpg,1.4738027e-05,0.9999205,2.9310067e-05,3.535469e-05,b
test_3449.jpg,0.9999733,1.300695e-05,8.939538e-06,4.78499e-06,a
test_3450.jpg,5.4221946e-06,3.7266163e-06,8.315205e-07,0.9999901,d
test_3451.jpg,5.093651e-06,2.260294e-06,0.99998426,8.39801e-06,c
test_3452.jpg,0.99979264,2.7530741e-05,0.00013981263,4.0056984e-05,a
test_3453.jpg,0.9998561,2.1442323e-05,3.763245e-05,8.480603e-05,a
test_3454.jpg,2.5611782e-06,0.99995685,1.7778102e-05,2.2827533e-05,b
test_3455.jpg,0.9999374,2.5866482e-05,3.5006476e-06,3.321322e-05,a
test_3456.jpg,5.143247e-05,0.99975914,6.604059e-05,0.00012338007,b
test_3457.jpg,1.0782812e-05,0.9999428,1.8924424e-05,2.7534876e-05,b
test_3458.jpg,0.9998851,3.7633537e-05,2.5865129e-05,5.143895e-05,a
test_3459.jpg,4.4951444e-06,5.093666e-06,3.0894646e-06,0.99998724,d
test_3460.jpg,1.1365538e-06,0.9999901,3.0894735e-06,5.7718958e-06,b
test_3461.jpg,0.0075584683,0.0021655376,0.00031197528,0.98996407,d
test_3462.jpg,5.4216007e-06,0.99988055,5.0931226e-06,0.000108895765,b
test_3463.jpg,0.14751518,0.0030615802,0.8488913,0.0005320228,c
test_3464.jpg,9.598286e-05,0.0011693105,7.475153e-05,0.99865997,d
test_3465.jpg,6.9618864e-06,0.9999399,1.3006516e-05,4.0062885e-05,b
test_3466.jpg,0.00031444742,0.00070861814,0.99780864,0.0011683138,c
test_3467.jpg,0.9999708,1.0129797e-05,1.0783114e-05,8.397897e-06,a
test_3468.jpg,0.99191576,0.00757337,0.0001781086,0.00033275067,a
test_3469.jpg,8.397984e-06,2.123343e-06,0.99998116,8.397984e-06,c
test_3470.jpg,0.99995863,2.4299825e-05,1.2218719e-05,4.78492e-06,a
test_3471.jpg,1.5534732e-06,0.9999826,5.7718526e-06,1.01299165e-05,b
test_3472.jpg,7.4112527e-06,1.9947117e-06,1.6536741e-06,0.9999889,d
test_3473.jpg,2.4060294e-06,0.99996734,1.0129762e-05,2.0145439e-05,b
test_3474.jpg,1.0129946e-05,2.9022783e-06,0.99998546,1.4593571e-06,c
test_3475.jpg,0.00052187196,0.64850324,0.3471188,0.0038561411,b
test_3476.jpg,0.00023022675,4.533434e-05,0.99855524,0.001169188,c
test_3477.jpg,0.0001398027,9.6084885e-05,0.99972147,4.2637406e-05,c
test_3478.jpg,2.5867155e-05,7.411064e-06,3.2886396e-06,0.9999634,d
test_3479.jpg,0.99975735,4.2638934e-05,0.00019109446,8.937607e-06,a
test_3480.jpg,0.99988306,6.204709e-05,9.51523e-06,4.5394623e-05,a
test_3481.jpg,5.0936387e-06,1.4593519e-06,0.9999819,1.1478692e-05,c
test_3482.jpg,2.7535141e-05,1.3845538e-05,6.14392e-06,0.99995244,d
test_3483.jpg,2.0145435e-05,5.42207e-06,7.4110912e-06,0.9999671,d
test_3484.jpg,3.535517e-05,0.9999341,1.67006e-05,1.3845283e-05,b
test_3485.jpg,6.604851e-05,2.7533117e-05,2.7533117e-05,0.9998789,d
test_3486.jpg,0.00062619854,0.00015832779,0.9991573,5.824554e-05,c
test_3487.jpg,0.00020283661,0.0028000732,0.9968951,0.00010199266,c
test_3488.jpg,0.9967975,0.0021804858,0.00070790004,0.00031412876,a
test_3489.jpg,0.99995685,9.515931e-06,2.1444483e-05,1.22186975e-05,a
test_3490.jpg,1.6700926e-05,0.9999536,1.3006695e-05,1.6700926e-05,b
test_3491.jpg,0.9999901,3.0894735e-06,2.902292e-06,3.9669626e-06,a
test_3492.jpg,5.475773e-05,2.93097e-05,7.888599e-06,0.999908,d
test_3493.jpg,3.7634174e-05,0.999902,3.7634174e-05,2.2826282e-05,b
test_3494.jpg,0.9999641,5.4220536e-06,1.473867e-05,1.5689235e-05,a
test_3495.jpg,0.99967825,2.9302966e-05,0.0002611745,3.1192845e-05,a
test_3496.jpg,2.2603165e-06,1.0030094e-06,0.9999943,2.4060942e-06,c
test_3497.jpg,5.1439936e-05,1.6700102e-05,2.7533815e-05,0.9999043,d
test_3498.jpg,8.4790416e-05,0.00015840936,8.4790416e-05,0.99967206,d
test_3499.jpg,0.00015823754,8.4698455e-05,0.99858785,0.0011692261,c
test_3500.jpg,1.5534453e-06,0.9999646,9.516006e-06,2.429997e-05,b
test_3501.jpg,0.9999875,3.7266066e-06,3.2887187e-06,5.4221805e-06,a
test_3502.jpg,4.5397202e-05,1.01294845e-05,4.4949315e-06,0.9999399,d
test_3503.jpg,0.00017951947,0.9997732,2.1440545e-05,2.5862235e-05,b
test_3504.jpg,1.0122622e-05,0.9992625,1.7765758e-05,0.00070965063,b
test_3505.jpg,0.0004867587,7.012424e-05,0.99726164,0.0021815011,c
test_3506.jpg,7.889196e-06,2.5612471e-06,0.9999838,5.7718594e-06,c
test_3507.jpg,2.9310417e-05,2.9310417e-05,0.9999324,8.939172e-06,c
test_3508.jpg,0.99982303,3.5351244e-05,7.966525e-05,6.204336e-05,a
test_3509.jpg,0.99991226,4.8323738e-05,2.9309826e-05,1.0129204e-05,a
test_3510.jpg,0.08650387,0.006266319,0.82072586,0.08650387,c
test_3511.jpg,4.832367e-05,3.5354347e-05,5.421765e-06,0.99991083,d
test_3512.jpg,0.003985824,0.012277203,0.975299,0.008437989,c
test_3513.jpg,4.8235335e-05,0.9980831,0.00016835786,0.0017003543,b
test_3514.jpg,0.7051386,0.2939455,0.00041515403,0.0005007714,a
test_3515.jpg,7.889045e-06,6.143995e-06,0.9999646,2.144465e-05,c
test_3516.jpg,4.4949616e-06,0.9999466,1.5688958e-05,3.321352e-05,b
test_3517.jpg,1.5688973e-05,2.0145038e-05,0.9999474,1.6700822e-05,c
test_3518.jpg,2.1444348e-05,6.540156e-06,0.9999505,2.1444348e-05,c
test_3519.jpg,0.99994314,6.143863e-06,2.144419e-05,2.9310731e-05,a
test_3520.jpg,0.9999486,1.4738441e-05,1.3845485e-05,2.2827346e-05,a
test_3521.jpg,0.0021797395,0.001029636,0.9964563,0.00033427385,c
test_3522.jpg,0.9998996,2.4298392e-05,5.8288813e-05,1.7777085e-05,a
test_3523.jpg,5.1437903e-05,0.9998647,1.7776465e-05,6.604757e-05,b
test_3524.jpg,0.99988496,4.8322418e-05,5.828796e-05,8.397176e-06,a
test_3525.jpg,1.012969e-05,1.8924753e-05,0.9999602,1.0782999e-05,c
test_3526.jpg,7.4111417e-06,1.5689388e-05,2.902245e-06,0.9999739,d
test_3527.jpg,0.0016415906,0.00022216511,0.850365,0.14777125,c
test_3528.jpg,7.4714386e-05,0.99816376,0.0015006785,0.0002607788,b
test_3529.jpg,4.0062914e-05,1.1478219e-05,7.888856e-06,0.99994063,d
test_3530.jpg,0.9999558,1.5689104e-05,1.7778084e-05,1.0782952e-05,a
test_3531.jpg,2.7264527e-06,2.7264527e-06,0.9999908,3.726619e-06,c
test_3532.jpg,3.08941e-06,0.9999696,8.397887e-06,1.8924931e-05,b
test_3533.jpg,0.99962795,0.00012336389,0.00015840237,9.025495e-05,a
test_3534.jpg,8.93949e-06,8.397873e-06,0.99996793,1.4738725e-05,c
test_3535.jpg,0.0006261142,9.020031e-05,0.9990227,0.0002610032,c
test_3536.jpg,0.994985,0.00080069725,0.0040662764,0.0001481141,a
test_3537.jpg,0.99872786,0.00023026655,0.00091072195,0.00013120194,a
test_3538.jpg,0.0007445167,0.06701926,0.9251723,0.0070637777,c
test_3539.jpg,3.0892977e-06,0.99993324,8.93918e-06,5.475911e-05,b
test_3540.jpg,3.7265968e-06,0.99998486,3.5008138e-06,7.889205e-06,b
test_3541.jpg,2.58534e-05,0.99943167,0.0004878179,5.4731645e-05,b
test_3542.jpg,8.937912e-06,0.99979144,2.0141895e-05,0.00017952274,b
test_3543.jpg,0.00012338436,4.2640495e-05,0.99979395,4.005704e-05,c
test_3544.jpg,9.6099495e-05,1.4737335e-05,0.9998735,1.5687812e-05,c
test_3545.jpg,2.561268e-06,3.9669694e-06,1.653679e-06,0.9999919,d
test_3546.jpg,0.00026082486,0.99834,0.0011689359,0.00023017713,b
test_3547.jpg,0.9941293,0.0003132879,0.0014946129,0.0040627792,a
test_3548.jpg,0.99889106,0.00070938683,8.472417e-05,0.0003147885,a
test_3549.jpg,0.008555825,7.402239e-05,0.0024512848,0.98891884,d
test_3550.jpg,0.9998735,7.03079e-05,7.888327e-06,4.8321865e-05,a
test_3551.jpg,0.9973853,0.00022995702,0.00020293637,0.0021817717,a
test_3552.jpg,8.397983e-06,2.7264261e-06,0.99998105,7.889175e-06,c
test_3553.jpg,0.95175695,0.0006759134,0.00018191962,0.04738519,a
test_3554.jpg,6.1436285e-06,0.999905,2.282635e-05,6.6050234e-05,b
test_3555.jpg,7.411216e-06,4.2227834e-06,4.4951294e-06,0.9999839,d
test_3556.jpg,0.99998,1.147867e-05,3.089442e-06,5.4221396e-06,a
test_3557.jpg,2.2827586e-05,4.2226784e-06,1.3845631e-05,0.9999591,d
test_3558.jpg,0.29071552,0.004146834,0.6973903,0.007747307,c
test_3559.jpg,1.6536475e-06,0.9999728,2.7264036e-06,2.2827899e-05,b
test_3560.jpg,0.032974005,0.9636417,0.0009957287,0.0023886291,b
test_3561.jpg,6.143988e-06,1.5689222e-05,0.9999634,1.4738659e-05,c
test_3562.jpg,7.4845855e-05,3.0892572e-06,1.8737293e-06,0.9999201,d
test_3563.jpg,2.726359e-06,0.9999565,5.4220122e-06,3.5355963e-05,b
test_3564.jpg,6.600907e-05,2.5849526e-05,0.0006262766,0.99928194,d
test_3565.jpg,3.320826e-05,0.00015842776,2.014183e-05,0.9997882,d
test_3566.jpg,1.8913583e-05,0.99937004,5.8257938e-05,0.00055273593,b
test_3567.jpg,2.123374e-06,1.2098621e-06,8.85154e-07,0.9999958,d
test_3568.jpg,0.99995184,3.53558e-05,3.2886014e-06,9.515884e-06,a
test_3569.jpg,6.540126e-06,0.9999459,1.2218564e-05,3.5355588e-05,b
test_3570.jpg,2.9022985e-06,2.9022985e-06,1.8738646e-06,0.9999924,d
test_3571.jpg,5.0924227e-06,0.99974316,4.8315564e-05,0.00020341612,b
test_3572.jpg,0.00055259373,0.9991129,0.00020328788,0.00013125253,b
test_3573.jpg,5.42219e-06,2.260305e-06,3.0894707e-06,0.9999893,d
test_3574.jpg,0.00022914186,0.0013186204,0.9938498,0.004602438,c
test_3575.jpg,0.0001910418,0.999482,0.00015837923,0.00016859382,b
test_3576.jpg,0.009689917,0.0014859968,0.0004257452,0.9883984,d
test_3577.jpg,3.7551315e-05,0.9977005,0.002182461,7.949613e-05,b
test_3578.jpg,0.9996911,5.8276655e-05,0.00023048864,2.0139874e-05,a
test_3579.jpg,0.99922526,3.7608705e-05,0.0007096242,2.7515118e-05,a
test_3580.jpg,5.8224836e-05,0.00070932374,0.9988022,0.0004302266,c
test_3581.jpg,3.3213197e-05,2.405956e-06,0.9999368,2.7534712e-05,c
test_3582.jpg,1.8923607e-05,7.484432e-05,6.539823e-06,0.9998996,d
test_3583.jpg,3.08947e-06,4.222805e-06,3.7266122e-06,0.99998903,d
test_3584.jpg,0.9997695,1.568618e-05,0.00017951881,3.5349352e-05,a
test_3585.jpg,3.3200515e-05,0.99955493,0.000295913,0.000115881194,b
test_3586.jpg,0.001032105,7.958738e-05,4.2600055e-05,0.9988457,d
test_3587.jpg,1.7773504e-05,0.99969816,2.2821629e-05,0.00026117967,b
test_3588.jpg,2.4299796e-05,7.4110194e-06,0.99995744,1.0782969e-05,c
test_3589.jpg,0.00018301388,0.04206882,0.00026628366,0.9574819,d
test_3590.jpg,0.99988794,9.515276e-06,1.7776878e-05,8.480873e-05,a
test_3591.jpg,7.888732e-06,0.9999249,1.5688618e-05,5.1441e-05,b
test_3592.jpg,4.785046e-06,3.2887106e-06,0.999985,6.9622e-06,c
test_3593.jpg,7.965851e-05,0.9997384,7.965851e-05,0.00010228356,b
test_3594.jpg,3.089372e-06,0.9999573,8.397784e-06,3.1201555e-05,b
test_3595.jpg,1.6536121e-06,0.9999515,1.1478343e-05,3.5355784e-05,b
test_3596.jpg,7.889084e-06,0.9999696,5.7717775e-06,1.6701193e-05,b
test_3597.jpg,1.2218693e-05,6.962002e-06,0.9999565,2.4299774e-05,c
test_3598.jpg,3.5353965e-05,2.9309465e-05,0.9999,3.5353965e-05,c
test_3599.jpg,0.00026076814,0.00011571517,0.001500617,0.9981229,d
test_3600.jpg,6.1440214e-06,0.9999689,1.0129777e-05,1.473874e-05,b
test_3601.jpg,2.0143545e-05,4.8321854e-05,0.9998733,5.8287278e-05,c
test_3602.jpg,0.00017951815,3.3207518e-05,2.1440386e-05,0.9997658,d
test_3603.jpg,0.9999516,2.7535118e-05,7.8889425e-06,1.3006668e-05,a
test_3604.jpg,7.4112218e-06,5.0936533e-06,2.7264362e-06,0.99998474,d
test_3605.jpg,5.771876e-06,4.4951416e-06,3.0894628e-06,0.99998665,d
test_3606.jpg,0.0019264873,7.01723e-05,5.8174875e-05,0.99794513,d
test_3607.jpg,6.5400604e-06,0.99993587,6.1438186e-06,5.1441562e-05,b
test_3608.jpg,4.2227516e-06,3.7265652e-06,0.9999764,1.5689426e-05,c
test_3609.jpg,9.51583e-06,0.99994624,1.6700802e-05,2.753497e-05,b
test_3610.jpg,0.99996066,1.7778171e-05,1.568918e-05,5.771726e-06,a
test_3611.jpg,2.9022206e-06,0.99996555,1.0129744e-05,2.144467e-05,b
test_3612.jpg,2.1233654e-06,3.7266225e-06,2.4060882e-06,0.9999918,d
test_3613.jpg,0.0009099677,0.0010311285,0.00015812866,0.9979007,d
test_3614.jpg,0.0016900352,0.9920259,0.0045939917,0.0016900352,b
test_3615.jpg,1.1478601e-05,9.516094e-06,5.0935982e-06,0.9999739,d
test_3616.jpg,0.07337748,0.29021358,0.5421904,0.094218545,c
test_3617.jpg,2.1233234e-06,0.999972,5.771791e-06,2.0145533e-05,b
test_3618.jpg,0.99964523,0.0002165141,0.00010887014,2.9301998e-05,a
test_3619.jpg,0.9999802,9.516154e-06,4.2227675e-06,6.144091e-06,a
test_3620.jpg,1.1478678e-05,6.96217e-06,8.851406e-07,0.9999807,d
test_3621.jpg,4.4667388e-05,0.98386467,0.0001880567,0.01590269,b
test_3622.jpg,2.7264612e-06,9.4223975e-07,0.9999939,2.4060935e-06,c
test_3623.jpg,0.022968857,0.97666055,0.00022517872,0.00014538631,b
test_3624.jpg,0.630011,0.18050118,0.008986624,0.18050118,a
test_3625.jpg,9.515037e-06,4.222272e-06,0.9998628,0.00012339288,c
test_3626.jpg,1.7753293e-05,0.99856144,0.0013248718,9.597339e-05,b
test_3627.jpg,5.1428335e-05,0.00017950252,0.99967873,9.0259535e-05,c
test_3628.jpg,3.3212946e-05,2.2826902e-05,0.9999292,1.4738155e-05,c
test_3629.jpg,8.3972745e-06,0.99989665,2.0144014e-05,7.48441e-05,b
test_3630.jpg,0.9991097,8.474272e-05,0.00017940033,0.0006261687,a
test_3631.jpg,0.00013972528,0.9991679,0.0005526241,0.00013972528,b
test_3632.jpg,0.99996936,7.889083e-06,8.939503e-06,1.3845773e-05,a
test_3633.jpg,0.00037996663,2.929988e-05,1.7771277e-05,0.99957293,d
test_3634.jpg,0.9999821,6.96218e-06,4.785032e-06,6.1441024e-06,a
test_3635.jpg,7.026664e-05,1.668979e-05,0.0006262797,0.99928683,d
test_3636.jpg,5.093622e-06,7.411176e-06,0.99997854,8.939584e-06,c
test_3637.jpg,0.7470658,0.002098354,0.24253674,0.008299151,a
test_3638.jpg,2.1233357e-06,0.9999777,5.4221273e-06,1.473887e-05,b
test_3639.jpg,0.0024708963,0.0004033627,0.00029510647,0.99683064,d
test_3640.jpg,0.0002033634,0.00026112376,0.99948406,5.141832e-05,c
test_3641.jpg,0.9998385,2.2824832e-05,9.609613e-05,4.2642398e-05,a
test_3642.jpg,3.0894576e-06,3.5008143e-06,0.999985,8.398016e-06,c
test_3643.jpg,0.99698585,0.0021808976,0.0006651362,0.00016817277,a
test_3644.jpg,0.9999013,6.204822e-05,1.0782364e-05,2.5865547e-05,a
test_3645.jpg,0.999985,5.422167e-06,3.5008143e-06,6.14412e-06,a
test_3646.jpg,6.9622e-06,7.4112236e-06,6.0835026e-07,0.999985,d
test_3647.jpg,0.075844936,0.00013754432,3.701955e-05,0.9239805,d
test_3648.jpg,1.0783093e-05,7.4111044e-06,0.9999689,1.3006893e-05,c
test_3649.jpg,0.0001233365,4.0041497e-05,0.00043048672,0.9994061,d
test_3650.jpg,2.7532149e-05,0.00012339052,5.421401e-06,0.9998437,d
test_3651.jpg,0.99901056,0.00014871336,0.0007094717,0.00013123908,a
test_3652.jpg,0.99993646,1.56888e-05,1.670064e-05,3.1200903e-05,a
test_3653.jpg,2.7264618e-06,2.406094e-06,7.338173e-07,0.99999416,d
test_3654.jpg,5.422155e-06,1.653664e-06,0.99998283,1.0129919e-05,c
test_3655.jpg,0.00013115944,0.00029557236,0.9984043,0.0011690112,c
test_3656.jpg,2.5866639e-05,4.784847e-06,0.9999435,2.5866639e-05,c
test_3657.jpg,1.777742e-05,0.99991846,1.2218229e-05,5.1440667e-05,b
test_3658.jpg,6.14415e-06,2.1233614e-06,1.8738599e-06,0.99998987,d
test_3659.jpg,0.99994206,8.939259e-06,3.321337e-05,1.5688887e-05,a
test_3660.jpg,1.473838e-05,9.515814e-06,0.99994445,3.1201154e-05,c
test_3661.jpg,0.5866674,0.008368361,0.0017541038,0.40321022,a
test_3662.jpg,1.6536464e-06,0.9999722,8.397909e-06,1.7778377e-05,b
test_3663.jpg,0.0015003785,4.822959e-05,0.99796426,0.00048710164,c
test_3664.jpg,0.9999391,4.5397166e-05,2.5611328e-06,1.30065055e-05,a
test_3665.jpg,0.99952614,0.0001313068,2.7523402e-05,0.00031498866,a
test_3666.jpg,0.9999746,1.2218915e-05,4.7849962e-06,8.397929e-06,a
test_3667.jpg,1.0782168e-05,6.604878e-05,4.0060608e-05,0.99988306,d
test_3668.jpg,0.0005294827,0.032757938,0.95732725,0.009385306,c
test_3669.jpg,4.7843296e-06,0.99983525,2.014278e-05,0.0001398186,b
test_3670.jpg,0.9999473,2.9310853e-05,1.3845467e-05,9.515841e-06,a
test_3671.jpg,2.7534223e-05,1.0782555e-05,4.2645832e-05,0.99991906,d
test_3672.jpg,0.99994314,1.4738361e-05,4.494946e-06,3.7635724e-05,a
test_3673.jpg,7.889116e-06,1.473881e-05,3.726555e-06,0.99997365,d
test_3674.jpg,0.6509944,0.3484522,0.00038327638,0.00017007785,a
test_3675.jpg,4.222681e-06,0.9999597,4.784925e-06,3.1201627e-05,b
test_3676.jpg,1.1478643e-05,1.994689e-06,0.9999776,8.939576e-06,c
test_3677.jpg,0.9216737,0.07565559,0.0006545491,0.0020161532,a
test_3678.jpg,2.429844e-05,5.828893e-05,0.99990165,1.5688254e-05,c
test_3679.jpg,0.005206215,0.11849292,0.87555087,0.0007500265,c
test_3680.jpg,0.7642748,0.21896839,0.015862016,0.0008948737,a
test_3681.jpg,0.9985329,0.0009105441,0.00026087524,0.00029561043,a
test_3682.jpg,5.093318e-06,0.99991894,1.3845074e-05,6.2049316e-05,b
test_3683.jpg,7.4841904e-05,4.005998e-05,0.9998673,1.777651e-05,c
test_3684.jpg,5.0936424e-06,3.2887026e-06,0.9999826,8.939621e-06,c
test_3685.jpg,2.726336e-06,0.999948,1.3845477e-05,3.5355664e-05,b
test_3686.jpg,8.396985e-06,0.9998622,9.609841e-05,3.321072e-05,b
test_3687.jpg,1.0783257e-05,1.873849e-06,3.2887074e-06,0.999984,d
test_3688.jpg,0.9999763,7.411159e-06,6.1440664e-06,1.0129853e-05,a
test_3689.jpg,7.481996e-05,0.00033531975,1.5683116e-05,0.9995741,d
test_3690.jpg,0.9999832,4.495126e-06,5.4221573e-06,6.962188e-06,a
test_3691.jpg,3.2886485e-06,0.99996614,1.3845728e-05,1.6701135e-05,b
test_3692.jpg,0.9998294,0.00013134665,2.144175e-05,1.7775837e-05,a
test_3693.jpg,0.00080385315,0.00015828806,0.00013122542,0.9989066,d
test_3694.jpg,3.7633243e-05,1.47373885e-05,0.9998772,7.030816e-05,c
test_3695.jpg,6.604971e-05,2.0144025e-05,1.6699982e-05,0.9998971,d
test_3696.jpg,0.9998652,7.030731e-05,5.1437928e-05,1.3005544e-05,a
test_3697.jpg,0.54544324,0.065143906,0.3748773,0.0145355705,a
test_3698.jpg,0.99962676,6.2031184e-05,3.3202898e-05,0.0002780045,a
test_3699.jpg,0.00010885405,5.8265374e-05,0.00033529408,0.99949753,d
test_3700.jpg,7.4809366e-05,6.2019135e-05,0.9994326,0.00043049816,c
test_3701.jpg,0.0004873358,0.998444,0.00015821475,0.0009104631,b
test_3702.jpg,4.832296e-05,1.0129042e-05,0.99989617,4.5395216e-05,c
test_3703.jpg,2.259942e-06,0.9998286,2.9307374e-05,0.00013981767,b
test_3704.jpg,0.00012338252,7.483529e-05,2.2823471e-05,0.9997789,d
test_3705.jpg,2.7533204e-05,2.4297966e-05,0.9998821,6.604872e-05,c
test_3706.jpg,0.059996143,0.0012451803,0.9384976,0.00026100397,c
test_3707.jpg,0.00017950687,7.482961e-05,0.999703,4.2636617e-05,c
test_3708.jpg,0.008554978,0.0013119484,0.988821,0.0013119484,c
test_3709.jpg,0.34854454,0.44754004,0.18656243,0.01735301,b
test_3710.jpg,0.8797074,0.0011671785,7.009452e-05,0.11905544,a
test_3711.jpg,0.009691609,0.00042581957,0.988571,0.0013116166,c
test_3712.jpg,8.851306e-07,0.99996936,5.4220823e-06,2.4300087e-05,b
test_3713.jpg,0.99994767,8.939309e-06,1.0129563e-05,3.3213557e-05,a
test_3714.jpg,4.8322072e-05,7.88836e-06,0.9998778,6.604844e-05,c
test_3715.jpg,1.5534314e-06,0.99995565,7.411006e-06,3.5355934e-05,b
test_3716.jpg,4.222723e-06,0.9999696,1.473875e-05,1.1478551e-05,b
test_3717.jpg,5.093536e-06,0.99996173,1.30068e-05,2.0145326e-05,b
test_3718.jpg,0.9993667,0.00013975307,0.00033525017,0.00015836097,a
test_3719.jpg,2.9022813e-06,8.939654e-06,1.7603224e-06,0.9999864,d
test_3720.jpg,4.222806e-06,3.0894712e-06,3.288725e-06,0.9999894,d
test_3721.jpg,3.7635156e-05,0.9999281,2.2826878e-05,1.1478075e-05,b
test_3722.jpg,0.99996316,1.2218775e-05,1.3845686e-05,1.0783031e-05,a
test_3723.jpg,3.5007404e-06,2.7535456e-05,5.093547e-06,0.9999639,d
test_3724.jpg,0.0024462093,0.0040331176,0.0066494863,0.98687124,d
test_3725.jpg,6.603509e-05,5.4745018e-05,0.99967587,0.00020340242,c
test_3726.jpg,0.17883587,0.00082817435,0.018849162,0.80148673,d
test_3727.jpg,5.4756605e-05,4.8322538e-05,9.515272e-06,0.99988747,d
test_3728.jpg,0.9999248,4.2646076e-05,1.473809e-05,1.7777533e-05,a
test_3729.jpg,0.99996364,9.515997e-06,1.3845693e-05,1.3006825e-05,a
test_3730.jpg,5.771807e-06,0.9999747,6.5403146e-06,1.3006969e-05,b
test_3731.jpg,0.0019256988,0.00033463628,0.00020296716,0.99753666,d
test_3732.jpg,3.726083e-06,0.99984694,9.514886e-06,0.00013982023,b
test_3733.jpg,0.99998355,6.96219e-06,3.7265918e-06,5.771858e-06,a
test_3734.jpg,0.9997812,2.4295514e-05,2.586244e-05,0.0001686443,a
test_3735.jpg,4.2227093e-06,2.5867232e-05,3.500749e-06,0.9999664,d
test_3736.jpg,0.99997234,8.939529e-06,6.5402987e-06,1.2218887e-05,a
test_3737.jpg,3.7634643e-05,0.9999144,1.670027e-05,3.1200216e-05,b
test_3738.jpg,0.99999213,3.0894796e-06,2.7264564e-06,1.994718e-06,a
test_3739.jpg,0.001700263,0.0001907642,7.9522346e-05,0.99802953,d
test_3740.jpg,0.9993636,0.00037988706,0.0002164531,4.0039795e-05,a
test_3741.jpg,0.000123331,2.7518867e-05,0.99936146,0.0004877836,c
test_3742.jpg,5.8288897e-05,7.410602e-06,0.99990106,3.321201e-05,c
test_3743.jpg,0.9998292,5.4753415e-05,3.1197556e-05,8.4803745e-05,a
test_3744.jpg,5.771619e-06,0.99994206,3.321337e-05,1.892441e-05,b
test_3745.jpg,0.009741806,0.25124454,0.05606023,0.6829534,d
test_3746.jpg,2.260273e-06,0.9999751,6.9621315e-06,1.5689406e-05,b
test_3747.jpg,0.99987876,2.5864965e-05,3.321127e-05,6.204682e-05,a
test_3748.jpg,0.00021574782,0.003592524,8.4488056e-05,0.9961073,d
test_3749.jpg,0.9997358,6.603905e-05,7.483206e-05,0.00012337719,a
test_3750.jpg,3.2886894e-06,1.3845899e-05,0.99997854,4.2227607e-06,c
test_3751.jpg,5.771869e-06,5.771869e-06,3.089459e-06,0.99998546,d
test_3752.jpg,0.9999819,8.939614e-06,5.7718485e-06,3.5008034e-06,a
test_3753.jpg,5.798031e-05,0.9946075,0.005219221,0.000115307615,b
test_3754.jpg,0.99995065,1.2218622e-05,7.888935e-06,2.9310952e-05,a
test_3755.jpg,9.5161295e-06,1.1478643e-05,1.4593456e-06,0.9999776,d
test_3756.jpg,4.4951607e-06,3.089476e-06,1.4593652e-06,0.99999094,d
test_3757.jpg,0.9999566,1.2218695e-05,1.2218695e-05,1.8924686e-05,a
test_3758.jpg,0.00029428658,0.00042818443,0.9940612,0.0052163545,c
test_3759.jpg,5.719768e-05,0.01797098,0.00078958966,0.98118216,d
test_3760.jpg,3.28874e-06,1.3709508e-06,1.3709508e-06,0.9999939,d
test_3761.jpg,3.3212506e-05,2.9309935e-05,0.99991596,2.1443606e-05,c
test_3762.jpg,0.9999558,1.5689104e-05,8.397771e-06,2.0145206e-05,a
test_3763.jpg,2.5865742e-05,5.1440173e-05,0.9999088,1.3844934e-05,c
test_3764.jpg,0.000108837456,0.9993451,5.825649e-05,0.00048777563,b
test_3765.jpg,0.99997604,1.2218932e-05,3.288681e-06,8.397941e-06,a
test_3766.jpg,0.99990284,1.3844851e-05,7.030996e-05,1.3006034e-05,a
test_3767.jpg,0.99997926,6.144085e-06,5.0936255e-06,9.516145e-06,a
test_3768.jpg,1.4735745e-05,0.9997657,0.00017951813,4.0055907e-05,b
test_3769.jpg,0.99998486,4.7850453e-06,2.5612499e-06,7.889205e-06,a
test_3770.jpg,0.00017944473,3.3193937e-05,0.9993569,0.00043046553,c
test_3771.jpg,0.9995515,0.00027798355,5.4738208e-05,0.00011588079,a
test_3772.jpg,6.9616194e-06,0.99990153,5.8288922e-05,3.3212025e-05,b
test_3773.jpg,4.5392295e-05,1.3843868e-05,0.9998318,0.00010889046,c
test_3774.jpg,4.2223146e-06,0.9998729,1.38444375e-05,0.000108894936,b
test_3775.jpg,7.888907e-06,0.9999471,1.5688966e-05,2.9310846e-05,b
test_3776.jpg,0.99724185,0.0004295545,0.0004035291,0.0019251297,a
test_3777.jpg,2.2814407e-05,0.9993818,4.262292e-05,0.00055274245,b
test_3778.jpg,1.7777893e-05,1.5688935e-05,0.99994504,2.144423e-05,c
test_3779.jpg,0.99870837,0.00031473095,0.0005189036,0.00045793082,a
test_3780.jpg,4.006319e-05,9.515843e-06,2.9021685e-06,0.99994755,d
test_3781.jpg,3.320685e-05,1.7774348e-05,0.00020341662,0.99974567,d
test_3782.jpg,3.0894219e-06,0.9999734,5.7718e-06,1.7778397e-05,b
test_3783.jpg,2.4060446e-06,0.99997365,1.3845832e-05,1.01298265e-05,b
test_3784.jpg,0.00012338559,2.1441201e-05,0.99980384,5.143477e-05,c
test_3785.jpg,0.9999708,1.30069175e-05,5.42209e-06,1.0783114e-05,a
test_3786.jpg,0.23170124,0.045624677,0.71369004,0.008984032,c
test_3787.jpg,0.0006149078,0.981142,0.00027286372,0.017970243,b
test_3788.jpg,0.998161,0.001700487,4.2570853e-05,9.5934905e-05,a
test_3789.jpg,0.00020337195,4.0046307e-05,0.99952614,0.0002304506,c
test_3790.jpg,0.0024590273,0.99204236,0.004594068,0.0009046255,b
test_3791.jpg,0.00022989574,0.00017904298,0.0024716123,0.99711955,d
test_3792.jpg,5.828452e-05,0.999826,4.539203e-05,7.030455e-05,b
test_3793.jpg,6.9622342e-06,2.2603065e-06,9.4223594e-07,0.99998987,d
test_3794.jpg,0.00010857049,0.9968939,0.0014987694,0.0014987694,b
test_3795.jpg,6.9619705e-06,0.99995196,1.6700898e-05,2.4299663e-05,b
test_3796.jpg,0.99974555,5.827983e-05,0.00016863829,2.7529444e-05,a
test_3797.jpg,0.9999821,5.4221514e-06,1.0029971e-06,1.1478694e-05,a
test_3798.jpg,2.2603022e-06,2.4060791e-06,0.99998796,7.411246e-06,c
test_3799.jpg,1.0129713e-05,3.089388e-06,0.99996245,2.4299918e-05,c
test_3800.jpg,2.4299521e-05,1.5688951e-05,1.3845451e-05,0.9999461,d
test_3801.jpg,0.46867627,0.00018964757,0.53107977,5.433494e-05,c
test_3802.jpg,4.177619e-05,0.020329466,0.97952855,0.000100215875,c
test_3803.jpg,0.00017809196,0.99182314,0.006682852,0.0013159316,b
test_3804.jpg,0.027285382,0.90356773,0.06545423,0.003692675,b
test_3805.jpg,1.1476097e-05,2.930524e-05,0.9997558,0.00020341869,c
test_3806.jpg,0.99998176,5.771848e-06,4.49512e-06,7.889181e-06,a
test_3807.jpg,4.2228235e-06,1.067697e-06,1.2878885e-06,0.99999344,d
test_3808.jpg,2.1383854e-05,0.99712974,4.818926e-05,0.0028007324,b
test_3809.jpg,5.4218867e-06,0.99993336,2.5866377e-05,3.5355144e-05,b
test_3810.jpg,1.3844967e-05,1.6700218e-05,0.9999112,5.8289486e-05,c
test_3811.jpg,4.7850667e-06,3.7266136e-06,2.1233604e-06,0.9999894,d
test_3812.jpg,7.4110803e-06,1.4738693e-05,0.99996567,1.2218806e-05,c
test_3813.jpg,4.7838957e-06,0.9997446,2.0140951e-05,0.00023050097,b
test_3814.jpg,0.00023045274,0.00017947677,5.4737327e-05,0.99953544,d
test_3815.jpg,4.784752e-06,0.9999236,2.0144558e-05,5.1440933e-05,b
test_3816.jpg,1.2218465e-05,3.321323e-05,0.9999378,1.6700662e-05,c
test_3817.jpg,5.4221746e-06,5.093662e-06,3.0894619e-06,0.9999864,d
test_3818.jpg,2.4299701e-05,1.1478366e-05,1.0782927e-05,0.9999535,d
test_3819.jpg,0.00066046085,0.98997784,0.008564986,0.0007966679,b
test_3820.jpg,0.00013134615,2.0142585e-05,2.2824539e-05,0.99982566,d
test_3821.jpg,3.1197644e-05,7.4839256e-05,0.9998319,6.204392e-05,c
test_3822.jpg,8.4790554e-05,0.00017950161,6.2034094e-05,0.9996737,d
test_3823.jpg,0.9969013,0.00020283788,0.0028000907,9.5813826e-05,a
test_3824.jpg,2.586716e-05,8.397837e-06,2.1233056e-06,0.99996364,d
test_3825.jpg,0.99992466,1.012933e-05,3.763503e-05,2.7534377e-05,a
test_3826.jpg,1.0129928e-05,5.4221605e-06,6.893503e-07,0.9999838,d
test_3827.jpg,1.2218578e-05,3.321354e-05,7.4109425e-06,0.9999471,d
test_3828.jpg,4.0058556e-05,0.9998318,6.204391e-05,6.6045395e-05,b
test_3829.jpg,6.6049724e-05,2.4298337e-05,1.2217971e-05,0.99989736,d
test_3830.jpg,3.7265306e-06,1.14785225e-05,1.7778284e-05,0.9999671,d
test_3831.jpg,0.9999757,1.7778437e-05,2.2602744e-06,4.2227484e-06,a
test_3832.jpg,1.2218605e-05,2.282736e-05,0.9999492,1.5689e-05,c
test_3833.jpg,4.7850303e-06,0.99998176,2.726428e-06,1.0783232e-05,b
test_3834.jpg,1.1474327e-05,6.959531e-06,0.99960166,0.00037997754,c
test_3835.jpg,3.2887237e-06,4.7850654e-06,2.9022888e-06,0.99998903,d
test_3836.jpg,0.00017899755,0.0019244051,0.9968665,0.0010300599,c
test_3837.jpg,1.2218843e-05,4.2227193e-06,0.99996877,1.4738738e-05,c
test_3838.jpg,7.4112027e-06,5.77185e-06,4.785032e-06,0.9999821,d
test_3839.jpg,0.9998022,7.030288e-05,8.480145e-05,4.2640848e-05,a
test_3840.jpg,0.0001584267,1.4735979e-05,0.99978155,4.5390014e-05,c
test_3841.jpg,1.8924484e-05,5.7716416e-06,0.999946,2.9310815e-05,c
test_3842.jpg,0.9999839,5.7718603e-06,7.889197e-06,2.4060694e-06,a
test_3843.jpg,0.0013237447,0.0009097955,5.4637465e-05,0.9977119,d
test_3844.jpg,0.9999783,7.411174e-06,5.4221305e-06,8.939583e-06,a
test_3845.jpg,0.00049973594,0.037293702,0.9618173,0.00038919473,c
test_3846.jpg,6.1440915e-06,4.4951134e-06,8.939601e-06,0.99998033,d
test_3847.jpg,0.7017049,0.039587487,0.00056468515,0.25814283,a
test_3848.jpg,0.00026090353,6.596675e-05,0.9986412,0.0010318935,c
test_3849.jpg,0.00026099454,0.00062609336,0.9989895,0.0001232851,c
test_3850.jpg,0.999617,0.00013978808,8.4785745e-05,0.00015840062,a
test_3851.jpg,0.00033531451,5.473859e-05,5.142215e-05,0.9995585,d
test_3852.jpg,9.422402e-07,4.1811657e-07,0.9999944,4.2228276e-06,c
test_3853.jpg,1.3006805e-05,2.1444595e-05,3.500734e-06,0.9999621,d
test_3854.jpg,7.4112027e-06,7.4112027e-06,3.0894487e-06,0.9999821,d
test_3855.jpg,1.8917943e-05,0.99960035,4.5381785e-05,0.00033532854,b
test_3856.jpg,1.7602699e-06,0.9999566,8.3977775e-06,3.3213855e-05,b
test_3857.jpg,9.515933e-06,1.5689122e-05,1.7778104e-05,0.99995697,d
test_3858.jpg,4.4951257e-06,2.9022715e-06,0.9999831,9.516181e-06,c
test_3859.jpg,4.8324342e-05,1.3845155e-05,1.3006319e-05,0.9999248,d
test_3860.jpg,0.00062630273,3.118178e-05,1.8912704e-05,0.9993236,d
test_3861.jpg,0.00029587615,0.0002033525,0.9994305,7.027674e-05,c
test_3862.jpg,0.99987936,2.9308861e-05,2.9308861e-05,6.2046856e-05,a
test_3863.jpg,0.999969,4.7849694e-06,1.7778319e-05,8.397882e-06,a
test_3864.jpg,0.9461051,0.0533756,0.00015959016,0.00035964197,a
test_3865.jpg,0.51706654,0.05449841,0.025743227,0.40269184,a
test_3866.jpg,0.001324835,9.015616e-05,5.136943e-05,0.9985337,d
test_3867.jpg,2.1232984e-06,0.9999602,1.012969e-05,2.7535354e-05,b
test_3868.jpg,1.3006917e-05,7.4111176e-06,8.939514e-06,0.9999707,d
test_3869.jpg,1.8922572e-05,9.609675e-05,0.9998449,4.005908e-05,c
test_3870.jpg,2.9298584e-05,1.147349e-05,0.00043053954,0.99952877,d
test_3871.jpg,9.514932e-06,4.264296e-05,0.9998517,9.60974e-05,c
test_3872.jpg,1.1477356e-05,7.4841766e-05,0.9998654,4.832147e-05,c
test_3873.jpg,6.962195e-06,3.9669394e-06,4.785042e-06,0.99998426,d
test_3874.jpg,0.67634946,0.2819444,0.038157027,0.0035491562,a
test_3875.jpg,6.962046e-06,2.0145348e-05,0.9999628,1.0129716e-05,c
test_3876.jpg,2.144391e-05,1.0782675e-05,0.99993014,3.7635233e-05,c
test_3877.jpg,0.00010228746,1.8921277e-05,0.00010228746,0.99977654,d
test_3878.jpg,1.6701262e-05,3.7265554e-06,0.9999738,5.7718016e-06,c
test_3879.jpg,9.609731e-05,1.7776216e-05,3.5352226e-05,0.99985075,d
test_3880.jpg,4.2226716e-06,0.99995744,1.0782969e-05,2.753528e-05,b
test_3881.jpg,0.99998415,3.2887078e-06,4.2227844e-06,8.398009e-06,a
test_3882.jpg,1.0129624e-05,6.961982e-06,2.9311039e-05,0.9999536,d
test_3883.jpg,1.0782937e-05,8.939369e-06,0.99995446,2.5866922e-05,c
test_3884.jpg,0.00037974239,0.99898297,0.00055252184,8.473197e-05,b
test_3885.jpg,4.006111e-05,1.892353e-05,0.9998956,4.539519e-05,c
test_3886.jpg,5.7717452e-06,0.999964,7.411068e-06,2.2827697e-05,b
test_3887.jpg,0.99998534,6.1441224e-06,3.5008154e-06,5.0936565e-06,a
test_3888.jpg,0.99715817,0.0006249456,0.0005180981,0.0016987786,a
test_3889.jpg,3.5008188e-06,1.8738532e-06,0.9999863,8.398027e-06,c
test_3890.jpg,0.96536916,0.010724283,0.0012032312,0.022703307,a
test_3891.jpg,4.4951657e-06,1.6536792e-06,1.8738639e-06,0.999992,d
test_3892.jpg,7.9661244e-05,0.9997727,2.4295308e-05,0.00012338176,b
test_3893.jpg,0.00017950252,5.1428335e-05,9.0259535e-05,0.99967873,d
test_3894.jpg,0.9998944,2.1443144e-05,7.030936e-05,1.3844734e-05,a
test_3895.jpg,2.406084e-06,4.4951566e-06,3.089473e-06,0.99999,d
test_3896.jpg,1.2218664e-05,2.4059975e-06,0.9999541,3.1201453e-05,c
test_3897.jpg,0.99960226,0.0001910648,0.0001583983,4.8308753e-05,a
test_3898.jpg,1.5533129e-06,0.99987936,1.0128871e-05,0.000108895634,b
test_3899.jpg,0.00015840773,4.0051742e-05,0.9996618,0.00013979434,c
test_3900.jpg,8.938425e-06,0.99984884,3.3210275e-05,0.000108892316,b
test_3901.jpg,0.99975795,0.00015842296,4.8316277e-05,3.534894e-05,a
test_3902.jpg,0.9999696,1.0129785e-05,1.0129785e-05,1.0129785e-05,a
test_3903.jpg,4.539731e-05,6.1438577e-06,6.1438577e-06,0.9999423,d
test_3904.jpg,8.9390205e-06,6.6050925e-05,0.9999155,9.515538e-06,c
test_3905.jpg,5.1441766e-05,7.410889e-06,1.3708766e-06,0.9999398,d
test_3906.jpg,7.0307964e-05,5.1438405e-05,3.7261855e-06,0.9998745,d
test_3907.jpg,2.406073e-06,0.99998546,8.39802e-06,3.726599e-06,b
test_3908.jpg,2.2825072e-05,0.99984896,6.604653e-05,6.204497e-05,b
test_3909.jpg,1.0782464e-05,0.9999106,3.3212327e-05,4.539587e-05,b
test_3910.jpg,0.9999548,1.8924651e-05,1.4738533e-05,1.1478382e-05,a
test_3911.jpg,6.5403606e-06,5.0936383e-06,0.99998176,6.5403606e-06,c
test_3912.jpg,4.2645243e-05,1.6700118e-05,0.9999052,3.535415e-05,c
test_3913.jpg,8.939504e-06,1.6701193e-05,0.9999696,4.784972e-06,c
test_3914.jpg,2.5612685e-06,3.5008393e-06,1.8738641e-06,0.99999213,d
test_3915.jpg,0.000115094364,0.99276805,0.0066892183,0.00042762744,b
test_3916.jpg,0.002797885,0.0007074161,0.99611604,0.00037865256,c
test_3917.jpg,2.7263675e-06,2.260238e-06,0.9999596,3.535607e-05,c
test_3918.jpg,0.9960592,0.00031389607,0.003170238,0.00045671608,a
test_3919.jpg,0.002799115,0.00055117835,0.9965539,9.5780444e-05,c
test_3920.jpg,9.609275e-05,1.5686712e-05,8.4801555e-05,0.99980336,d
test_3921.jpg,1.3005729e-05,2.2825765e-05,8.4808e-05,0.99987936,d
test_3922.jpg,2.5866673e-05,2.5866673e-05,3.5006735e-06,0.9999448,d
test_3923.jpg,4.264632e-05,2.4299143e-05,2.5611107e-06,0.9999305,d
test_3924.jpg,0.99994886,2.0145068e-05,2.1444312e-05,9.515856e-06,a
test_3925.jpg,0.99998164,4.78503e-06,5.0936374e-06,8.397988e-06,a
test_3926.jpg,6.9621115e-06,3.0894182e-06,0.9999722,1.7778377e-05,c
test_3927.jpg,0.0022851697,0.0001372351,0.9219032,0.07567442,c
test_3928.jpg,6.196233e-05,9.596914e-05,0.9985172,0.0013248131,c
test_3929.jpg,0.9998945,2.282611e-05,5.1439434e-05,3.1199594e-05,a
test_3930.jpg,0.00015841465,9.608335e-05,0.9997055,4.0053495e-05,c
test_3931.jpg,8.397644e-06,8.397644e-06,4.2646752e-05,0.99994063,d
test_3932.jpg,0.0002156351,0.9955869,0.003168735,0.0010287375,b
test_3933.jpg,0.99957174,6.202777e-05,7.0286675e-05,0.00029591797,a
test_3934.jpg,0.0011495665,0.43566993,0.0037692834,0.5594113,d
test_3935.jpg,1.3845246e-05,6.5400304e-06,0.99993134,4.832466e-05,c
test_3936.jpg,0.0056709712,0.14625625,0.0064260517,0.84164673,d
test_3937.jpg,0.99992,2.9310053e-05,3.7634854e-05,1.3006257e-05,a
test_3938.jpg,4.264449e-05,4.5394827e-05,0.9998876,2.4298099e-05,c
test_3939.jpg,3.5008368e-06,1.6536782e-06,0.9999914,3.5008368e-06,c
test_3940.jpg,0.00010228964,0.9997979,4.831821e-05,5.1434465e-05,b
test_3941.jpg,0.00043013855,0.00016844468,0.9985978,0.0008036046,c
test_3942.jpg,0.99940014,2.2814826e-05,2.4286253e-05,0.0005527526,a
test_3943.jpg,5.4221227e-06,6.1440705e-06,1.1478634e-05,0.9999769,d
test_3944.jpg,0.9249492,0.0670031,0.004023849,0.004023849,a
test_3945.jpg,6.5403965e-06,3.288718e-06,2.9022835e-06,0.99998724,d
test_3946.jpg,1.078309e-05,8.397879e-06,0.99996865,1.2218842e-05,c
test_3947.jpg,0.9963075,7.005714e-05,2.920416e-05,0.0035932458,a
test_3948.jpg,7.483737e-05,9.514503e-06,0.9998068,0.00010888773,c
test_3949.jpg,4.5396282e-05,0.99991965,1.2218244e-05,2.2826685e-05,b
test_3950.jpg,0.0031682616,0.99543816,0.00048586866,0.0009077221,b
test_3951.jpg,0.00014869223,0.99886864,0.00055245863,0.00043025523,b
test_3952.jpg,0.00020338553,0.99959284,2.4290935e-05,0.00017948709,b
test_3953.jpg,1.2878443e-06,0.9999591,4.2226784e-06,3.5356057e-05,b
test_3954.jpg,5.1437775e-05,0.9998622,2.4297482e-05,6.2045794e-05,b
test_3955.jpg,0.0013247152,0.9984434,0.000108739245,0.0001232177,b
test_3956.jpg,2.0145226e-05,1.5689118e-05,7.4110144e-06,0.9999567,d
test_3957.jpg,0.9972709,0.00010861155,0.00014845438,0.0024719876,a
test_3958.jpg,0.00015842433,6.203986e-05,1.3004261e-05,0.9997665,d
test_3959.jpg,2.0145086e-05,1.2218612e-05,0.9999498,1.7777977e-05,c
test_3960.jpg,6.5403883e-06,4.222792e-06,3.288714e-06,0.99998605,d
test_3961.jpg,3.3212527e-05,1.4737971e-05,0.9999167,3.5354555e-05,c
test_3962.jpg,0.0008109595,0.3482647,0.00028026008,0.6506441,d
test_3963.jpg,1.7777287e-05,0.99991095,3.1200107e-05,4.0061725e-05,b
test_3964.jpg,0.0004305317,0.9995105,1.8916242e-05,4.004568e-05,b
test_3965.jpg,0.9995098,0.0003149835,3.534017e-05,0.00013977308,a
test_3966.jpg,4.4507954e-07,0.99998724,6.962216e-06,5.422179e-06,b
test_3967.jpg,0.9726691,0.012244098,0.01387438,0.00121233,a
test_3968.jpg,3.966933e-06,1.0783242e-05,2.5612444e-06,0.9999827,d
test_3969.jpg,0.00020324918,7.024103e-05,0.99892265,0.0008038661,c
test_3970.jpg,7.030896e-05,1.6699842e-05,2.4298126e-05,0.99988866,d
test_3971.jpg,0.99988794,1.8923385e-05,2.2825961e-05,7.030891e-05,a
test_3972.jpg,1.5689266e-05,3.5007483e-06,1.4738699e-05,0.99996614,d
test_3973.jpg,0.9999465,1.3845455e-05,2.5866717e-05,1.3845455e-05,a
test_3974.jpg,0.9999771,1.0783182e-05,4.2227543e-06,7.8891435e-06,a
test_3975.jpg,1.8738666e-06,4.1811617e-07,0.99999344,4.2228235e-06,c
test_3976.jpg,0.00027635408,0.00012263138,0.0059087104,0.9936924,d
test_3977.jpg,1.2878504e-06,0.9999639,2.5867166e-05,8.939453e-06,b
test_3978.jpg,0.99965084,5.4743647e-05,0.00026116733,3.3203698e-05,a
test_3979.jpg,0.00015842606,4.2639793e-05,2.1440637e-05,0.9997775,d
test_3980.jpg,3.726273e-06,2.2600989e-06,0.99989796,9.6101845e-05,c
test_3981.jpg,1.7777504e-05,0.9999231,2.5866113e-05,3.3212742e-05,b
test_3982.jpg,0.9999012,4.5395445e-05,3.3212014e-05,2.0144107e-05,a
test_3983.jpg,0.0010791471,0.00032912128,0.13277699,0.86581475,d
test_3984.jpg,6.605036e-05,1.4737826e-05,1.2218087e-05,0.9999069,d
test_3985.jpg,0.00020340795,2.7528273e-05,0.999703,6.603689e-05,c
test_3986.jpg,0.00020340155,5.474478e-05,7.0293696e-05,0.9996716,d
test_3987.jpg,1.5688916e-05,2.7263247e-06,0.99994385,3.763575e-05,c
test_3988.jpg,0.99892956,0.00014870129,0.0006260558,0.00029572786,a
test_3989.jpg,0.99997663,7.4111617e-06,4.4950966e-06,1.1478632e-05,a
test_3990.jpg,0.0059053027,0.0006625566,0.0003129696,0.99311924,d
test_3991.jpg,1.473657e-05,0.9998217,0.000108889355,5.4753003e-05,b
test_3992.jpg,3.7265154e-06,0.99996305,8.939446e-06,2.4299932e-05,b
test_3993.jpg,0.99366105,0.00021521798,0.0059085246,0.00021521798,a
test_3994.jpg,3.5007934e-06,0.999979,2.7264205e-06,1.4738889e-05,b
test_3995.jpg,0.00014672881,0.014059956,0.00011427252,0.9856791,d
test_3996.jpg,0.0005485163,0.00013868664,0.9917407,0.0075720334,c
test_3997.jpg,5.093584e-06,2.2602642e-06,0.99997115,2.144479e-05,c
test_3998.jpg,0.001917917,0.0005162004,0.9935056,0.00406023,c
test_3999.jpg,7.0038535e-05,0.99604285,0.0035922914,0.00029487326,b
test_4000.jpg,3.5008147e-06,3.5008147e-06,0.9999851,7.889207e-06,c
test_4001.jpg,0.00017951007,5.1430496e-05,0.99972075,4.8314483e-05,c
test_4002.jpg,6.140023e-06,0.00037986977,0.9993181,0.00029584288,c
test_4003.jpg,7.460356e-05,7.008355e-05,0.003172224,0.99668306,d
test_4004.jpg,1.994661e-06,0.9999635,1.0129724e-05,2.4299945e-05,b
test_4005.jpg,0.00015679888,0.0027793269,0.007554993,0.98950887,d
test_4006.jpg,1.6701104e-05,1.4738671e-05,4.2227e-06,0.99996424,d
test_4007.jpg,0.99480116,0.001495623,0.00011533007,0.0035878131,a
test_4008.jpg,1.4738443e-05,1.2218598e-05,0.99994874,2.4299585e-05,c
test_4009.jpg,5.474599e-05,0.99969363,0.00020340603,4.831317e-05,b
test_4010.jpg,0.00017952416,1.6698348e-05,4.4942994e-06,0.9997993,d
test_4011.jpg,3.5354555e-05,1.4737971e-05,3.3212527e-05,0.9999167,d
test_4012.jpg,0.9999763,6.1440664e-06,5.4221196e-06,1.2218935e-05,a
test_4013.jpg,7.889205e-06,6.5403806e-06,6.4758547e-07,0.99998486,d
test_4014.jpg,0.9999864,4.7850526e-06,2.2602987e-06,6.540391e-06,a
test_4015.jpg,0.995304,0.0003338873,0.0040675797,0.0002946545,a
test_4016.jpg,0.9998586,2.2825292e-05,4.8321144e-05,7.030685e-05,a
test_4017.jpg,1.2218758e-05,4.4950298e-06,0.99996173,2.1444588e-05,c
test_4018.jpg,5.143555e-05,0.999819,5.4752854e-05,7.483828e-05,b
test_4019.jpg,0.0024706163,0.99671763,0.0005512689,0.000260401,b
test_4020.jpg,0.99902844,0.0003351367,0.000148716,0.00048762106,a
test_4021.jpg,2.0141275e-05,0.00020341968,1.5686042e-05,0.9997607,d
test_4022.jpg,0.00033481474,9.5926036e-05,0.0015005356,0.99806875,d
test_4023.jpg,1.4737831e-05,3.5354224e-05,4.264533e-05,0.99990726,d
test_4024.jpg,6.961991e-06,3.120148e-05,0.99995494,6.961991e-06,c
test_4025.jpg,0.9998568,2.5864398e-05,8.39694e-06,0.00010889318,a
test_4026.jpg,1.8924808e-05,1.1478476e-05,6.5402382e-06,0.99996305,d
test_4027.jpg,1.300668e-05,3.288604e-06,0.99995255,3.1201405e-05,c
test_4028.jpg,1.3006876e-05,2.7263893e-06,0.9999676,1.6701159e-05,c
test_4029.jpg,5.771788e-06,2.014552e-05,2.7263998e-06,0.9999714,d
test_4030.jpg,4.8321646e-05,4.0060044e-05,0.999869,4.2643696e-05,c
test_4031.jpg,4.539688e-05,1.5688742e-05,6.1437995e-06,0.99993277,d
test_4032.jpg,3.321345e-05,1.0782829e-05,0.99994445,1.1478262e-05,c
test_4033.jpg,4.538753e-05,0.99972683,0.00017951115,4.8314774e-05,b
test_4034.jpg,0.000276832,0.0002443034,0.0040680165,0.99541086,d
test_4035.jpg,5.1435076e-05,4.264117e-05,9.609337e-05,0.9998098,d
test_4036.jpg,3.5350466e-05,0.999801,5.475187e-05,0.0001088871,b
test_4037.jpg,0.001236723,0.005206798,0.0013164848,0.9922401,d
test_4038.jpg,0.99994886,1.3006633e-05,1.6700846e-05,2.1444312e-05,a
test_4039.jpg,4.2228116e-06,3.5008338e-06,1.7603297e-06,0.9999906,d
test_4040.jpg,6.9620874e-06,4.2227193e-06,2.0145468e-05,0.99996877,d
test_4041.jpg,5.4756325e-05,1.1477549e-05,0.99988234,5.143881e-05,c
test_4042.jpg,0.99999475,1.6536837e-06,1.7603371e-06,1.7603371e-06,a
test_4043.jpg,4.4951016e-06,2.1233357e-06,0.9999777,1.5689448e-05,c
test_4044.jpg,8.3152497e-07,1.0030105e-06,0.99999547,2.7264655e-06,c
test_4045.jpg,5.422205e-06,1.2878867e-06,1.2098575e-06,0.999992,d
test_4046.jpg,0.0011688595,0.9982748,0.0002608078,0.000295534,b
test_4047.jpg,2.7263204e-06,0.9999423,9.515793e-06,4.539731e-05,b
test_4048.jpg,3.7265359e-06,0.9999685,1.3006888e-05,1.47387345e-05,b
test_4049.jpg,0.022945264,0.0011423774,0.97565746,0.00025489883,c
test_4050.jpg,0.0005519231,0.99790037,0.00037933086,0.0011684211,b
test_4051.jpg,0.00080307823,8.464382e-05,0.9979437,0.0011684719,c
test_4052.jpg,0.0035927256,0.99616325,0.00014828949,9.574289e-05,b
test_4053.jpg,0.99980956,2.5863174e-05,3.320897e-05,0.00013134404,a
test_4054.jpg,2.2826021e-05,6.961543e-06,0.99989057,7.967064e-05,c
test_4055.jpg,0.99974936,0.00013980658,9.608756e-05,1.4735504e-05,a
test_4056.jpg,0.9999057,3.1199943e-05,1.4737809e-05,4.8323418e-05,a
test_4057.jpg,1.221875e-05,2.0145315e-05,6.5402255e-06,0.99996114,d
test_4058.jpg,9.516155e-06,5.4221414e-06,4.7850235e-06,0.99998033,d
test_4059.jpg,0.9987901,5.469651e-05,0.00012326048,0.0010320474,a
test_4060.jpg,0.00022905608,0.0016925085,0.9934777,0.004600715,c
test_4061.jpg,5.422188e-06,3.7266118e-06,1.9947117e-06,0.9999889,d
test_4062.jpg,0.00010229246,6.204352e-05,1.0128325e-05,0.99982554,d
test_4063.jpg,1.5688755e-05,1.3006434e-05,0.9999336,3.7635364e-05,c
test_4064.jpg,0.0046019685,0.00062280864,0.9937484,0.0010268379,c
test_4065.jpg,0.9995203,4.830479e-05,0.0003799466,5.1420182e-05,a
test_4066.jpg,0.99993217,3.120077e-05,2.2826971e-05,1.3845257e-05,a
test_4067.jpg,0.99997747,4.4951003e-06,7.889147e-06,1.0129865e-05,a
test_4068.jpg,0.9998971,7.030956e-05,1.7777042e-05,1.4737682e-05,a
test_4069.jpg,7.889229e-06,2.7264446e-06,1.5534814e-06,0.99998784,d
test_4070.jpg,5.4221164e-06,5.0936073e-06,0.9999757,1.384586e-05,c
test_4071.jpg,4.4950807e-06,0.99997306,5.7717975e-06,1.6701251e-05,b
test_4072.jpg,6.203023e-05,0.99961144,9.6074305e-05,0.00023047026,b
test_4073.jpg,2.1444004e-05,0.99993455,3.3213124e-05,1.0782723e-05,b
test_4074.jpg,0.00023046868,0.9996045,9.025283e-05,7.482223e-05,b
test_4075.jpg,0.0002610742,0.9992944,0.0001487556,0.00029583587,b
test_4076.jpg,0.009531551,0.0074231788,0.010800662,0.9722446,d
test_4077.jpg,0.99983394,2.5863807e-05,0.000108890694,3.1197706e-05,a
test_4078.jpg,3.0894885e-06,1.2878904e-06,6.47592e-07,0.999995,d
test_4079.jpg,0.9998915,3.763378e-05,3.3211694e-05,3.763378e-05,a
test_4080.jpg,0.00033447155,0.0024714293,0.9970457,0.00014842085,c
test_4081.jpg,8.478707e-05,0.00026116255,2.143753e-05,0.9996326,d
test_4082.jpg,0.012421162,0.9867351,0.00033101274,0.00051268254,b
test_4083.jpg,1.300646e-05,2.01448e-05,3.1200878e-05,0.9999356,d
test_4084.jpg,0.99988985,2.9309169e-05,6.604923e-05,1.4737575e-05,a
test_4085.jpg,4.4951635e-06,2.2603103e-06,1.6536784e-06,0.99999154,d
test_4086.jpg,0.001901724,0.00057999307,0.98511744,0.0124007985,c
test_4087.jpg,0.00020235554,4.8063655e-05,0.99453074,0.0052188183,c
test_4088.jpg,3.5007345e-06,0.9999622,1.1478466e-05,2.2827657e-05,b
test_4089.jpg,0.0002012707,0.009697766,0.0009020327,0.989199,d
test_4090.jpg,2.561224e-06,0.9999747,7.889125e-06,1.47388255e-05,b
test_4091.jpg,0.0024718335,0.9972088,0.00024474468,7.464291e-05,b
test_4092.jpg,0.99997926,1.1478662e-05,5.7718335e-06,3.5007943e-06,a
test_4093.jpg,0.0009841907,0.009939975,0.89476794,0.09430785,c
test_4094.jpg,0.00010228287,4.2637843e-05,0.9997317,0.0001233767,c
test_4095.jpg,0.9999895,1.8738592e-06,1.9947129e-06,6.540411e-06,a
test_4096.jpg,1.5688538e-05,0.9999198,1.3006254e-05,5.1440737e-05,b
test_4097.jpg,0.9997632,0.00016864126,2.2823113e-05,4.538918e-05,a
test_4098.jpg,0.9999646,2.429997e-05,2.7263811e-06,8.397845e-06,a
test_4099.jpg,0.0011689758,0.9983741,0.00027765613,0.00017926826,b
test_4100.jpg,0.00023047667,0.00010886948,2.143767e-05,0.99963915,d
test_4101.jpg,0.00023047373,8.4786545e-05,0.9996264,5.8272886e-05,c
test_4102.jpg,0.0008032431,0.99814856,0.0008032431,0.00024497532,b
test_4103.jpg,7.411212e-06,6.5403715e-06,2.5612462e-06,0.99998343,d
test_4104.jpg,1.5534464e-06,0.9999653,1.30068465e-05,2.0145399e-05,b
test_4105.jpg,0.99975175,2.586168e-05,1.8920808e-05,0.00020341786,a
test_4106.jpg,0.0019259761,0.00019069745,0.0002029964,0.9976803,d
test_4107.jpg,0.00048724975,0.0003348815,0.99826765,0.0009103023,c
test_4108.jpg,0.9307827,0.013276901,0.040895738,0.0150447,a
test_4109.jpg,2.4207357e-05,0.9961534,0.000229673,0.0035926902,b
test_4110.jpg,3.966936e-06,8.939629e-06,3.5008093e-06,0.99998355,d
test_4111.jpg,0.99977905,6.204063e-05,1.0127855e-05,0.00014882775,a
test_4112.jpg,5.1430332e-05,2.7528673e-05,0.99971753,0.0002034109,c
test_4113.jpg,1.1478648e-05,7.889152e-06,2.5612326e-06,0.99997807,d
test_4114.jpg,0.99989915,1.6700016e-05,2.5865493e-05,5.8288784e-05,a
test_4115.jpg,0.012422266,0.00024219566,0.0005127282,0.98682284,d
test_4116.jpg,0.9998715,3.321103e-05,6.204637e-05,3.321103e-05,a
test_4117.jpg,0.00023034027,0.9990476,9.6020114e-05,0.00062612974,b
test_4118.jpg,0.9999788,1.0783199e-05,3.5007924e-06,6.962157e-06,a
test_4119.jpg,2.5865089e-05,7.484312e-05,0.99988353,1.568797e-05,c
test_4120.jpg,4.006278e-05,1.4738274e-05,7.88883e-06,0.9999373,d
test_4121.jpg,2.9021946e-06,0.9999566,1.3006733e-05,2.7535256e-05,b
test_4122.jpg,0.99994695,1.3006607e-05,1.0782856e-05,2.9310842e-05,a
test_4123.jpg,7.4107916e-06,2.5866204e-05,4.0062358e-05,0.9999267,d
test_4124.jpg,3.535564e-05,4.222629e-06,0.9999473,1.3006612e-05,c
test_4125.jpg,1.7777063e-05,0.99989843,1.7777063e-05,6.60498e-05,b
test_4126.jpg,1.012968e-05,2.2827588e-05,7.8890025e-06,0.99995923,d
test_4127.jpg,0.999869,4.8321646e-05,4.0060044e-05,4.2643696e-05,a
test_4128.jpg,2.9308938e-05,1.3844563e-05,0.999882,7.4843e-05,c
test_4129.jpg,4.537462e-05,0.00048782318,2.4287283e-05,0.9994425,d
test_4130.jpg,1.47386045e-05,1.8924744e-05,6.5402164e-06,0.9999597,d
test_4131.jpg,1.2218506e-05,4.2646774e-05,3.966768e-06,0.9999411,d
test_4132.jpg,5.093677e-06,9.422355e-07,0.9999894,4.495154e-06,c
test_4133.jpg,0.0005174621,0.00037858338,0.995934,0.00316984,c
test_4134.jpg,5.7712164e-06,0.9998723,2.58648e-05,9.6099386e-05,b
test_4135.jpg,0.9999778,7.411171e-06,7.411171e-06,7.411171e-06,a
test_4136.jpg,5.77149e-06,0.9999198,8.397468e-06,6.605121e-05,b
test_4137.jpg,0.99996734,5.4220714e-06,1.777829e-05,9.516031e-06,a
test_4138.jpg,7.4844036e-05,7.888502e-06,0.9998958,2.1443175e-05,c
test_4139.jpg,3.534893e-05,0.9997576,2.7529775e-05,0.00017951668,b
test_4140.jpg,1.8924698e-05,1.3006743e-05,1.0782968e-05,0.9999573,d
test_4141.jpg,1.07812075e-05,0.99979407,1.5686566e-05,0.00017952322,b
test_4142.jpg,0.999982,9.516171e-06,3.726586e-06,4.7850317e-06,a
test_4143.jpg,0.9995901,8.478347e-05,0.00029592338,2.9300381e-05,a
test_4144.jpg,0.00026047675,0.002471335,0.99700767,0.00026047675,c
test_4145.jpg,5.4221914e-06,2.1233607e-06,2.9022901e-06,0.9999895,d
test_4146.jpg,0.99960655,3.534359e-05,0.00033533064,2.2819537e-05,a
test_4147.jpg,1.147271e-05,0.99946076,4.0043687e-05,0.00048783206,b
test_4148.jpg,4.4951485e-06,5.422184e-06,1.9947101e-06,0.9999882,d
test_4149.jpg,0.34315336,0.004319663,0.56576425,0.08676276,c
test_4150.jpg,0.000102237704,0.9992902,5.47239e-05,0.0005526918,b
test_4151.jpg,0.0007329708,0.9108248,0.084719904,0.003722333,b
test_4152.jpg,0.0039856913,0.9752666,0.020241011,0.0005067238,b
test_4153.jpg,0.99994504,1.8924466e-05,1.0129536e-05,2.586668e-05,a
test_4154.jpg,0.99697626,0.0011673392,0.0016984686,0.00015798217,a
test_4155.jpg,0.95519894,0.032685112,0.00643608,0.0056798207,a
test_4156.jpg,7.4109507e-06,0.99994814,2.0145053e-05,2.429957e-05,b
test_4157.jpg,1.5688556e-05,0.99992096,5.0933286e-06,5.8290057e-05,b
test_4158.jpg,4.784981e-06,3.7265465e-06,0.9999714,2.014552e-05,c
test_4159.jpg,0.0035616315,0.00035264925,0.00854391,0.98754174,d
test_4160.jpg,0.9999938,3.0894848e-06,1.6536821e-06,1.4593693e-06,a
test_4161.jpg,2.4298151e-05,5.475673e-05,0.99988973,3.1199444e-05,c
test_4162.jpg,0.01993855,0.13001569,0.8478087,0.0022370433,c
test_4163.jpg,3.120032e-05,1.7777407e-05,0.99991775,3.3212564e-05,c
test_4164.jpg,0.0019247031,0.00042945932,0.9970209,0.0006248596,c
test_4165.jpg,0.00013961963,0.9984125,0.0013246741,0.00012321389,b
test_4166.jpg,5.8290236e-05,1.4738079e-05,2.9021003e-06,0.99992406,d
test_4167.jpg,2.5862299e-05,4.0056308e-05,0.00015842577,0.9997757,d
test_4168.jpg,0.99760157,0.0002953347,0.00040367464,0.0016995339,a
test_4169.jpg,1.6700584e-05,0.9999331,1.47382125e-05,3.5355137e-05,b
test_4170.jpg,1.6536832e-06,1.3709514e-06,0.9999944,2.5612744e-06,c
test_4171.jpg,0.99706787,0.0024714842,0.00024471007,0.00021595586,a
test_4172.jpg,0.82816154,0.16307466,0.0071650012,0.0015987279,a
test_4173.jpg,0.00048720613,0.99817836,0.000625585,0.0007088807,b
test_4174.jpg,0.9999571,8.9393925e-06,1.3845603e-05,2.0145233e-05,a
test_4175.jpg,3.7246768e-06,0.9994697,0.0004305141,9.6060685e-05,b
test_4176.jpg,3.999452e-05,2.5822408e-05,0.0017006106,0.99823356,d
test_4177.jpg,0.9998,6.204193e-05,7.966342e-05,5.8283003e-05,a
test_4178.jpg,0.00021629731,0.00070921157,0.9986443,0.00043015857,c
test_4179.jpg,0.00026117053,2.4292644e-05,0.9996631,5.142753e-05,c
test_4180.jpg,0.16424285,0.00055646343,0.83409405,0.0011066596,c
test_4181.jpg,3.0894473e-06,5.0936374e-06,0.99998164,1.0129907e-05,c
test_4182.jpg,0.000115819574,0.0004303219,0.99902344,0.0004303219,c
test_4183.jpg,1.3006414e-05,5.1441366e-05,3.500629e-06,0.99993205,d
test_4184.jpg,8.8514787e-07,0.9999889,4.7850644e-06,5.422188e-06,b
test_4185.jpg,2.5612305e-06,0.99997723,5.422125e-06,1.4738863e-05,b
test_4186.jpg,9.516226e-06,1.653672e-06,1.1365511e-06,0.9999877,d
test_4187.jpg,5.0900053e-06,0.9992686,1.6689484e-05,0.00070965494,b
test_4188.jpg,0.32061547,0.0004528214,0.67874295,0.00018876404,c
test_4189.jpg,0.00013920038,0.9954144,0.0040680314,0.00037838586,b
test_4190.jpg,4.4951717e-06,1.0676969e-06,0.9999933,1.0676969e-06,c
test_4191.jpg,7.030016e-05,7.887458e-06,0.9997634,0.00015842383,c
test_4192.jpg,0.9999747,1.0129837e-05,8.939551e-06,6.1440574e-06,a
test_4193.jpg,1.2218654e-05,0.99995327,6.9619796e-06,2.7535165e-05,b
test_4194.jpg,5.4221946e-06,2.7264507e-06,1.7603289e-06,0.9999901,d
test_4195.jpg,8.397727e-06,5.7716675e-06,0.9999505,3.535575e-05,c
test_4196.jpg,0.0024617638,0.0040587625,0.99314636,0.00033316348,c
test_4197.jpg,5.7714074e-06,0.99990547,1.3844888e-05,7.4844764e-05,b
test_4198.jpg,0.9999808,4.4951153e-06,3.9669258e-06,1.0783221e-05,a
test_4199.jpg,6.96201e-06,4.2226725e-06,0.9999577,3.1201565e-05,c
test_4200.jpg,0.9998703,4.00601e-05,1.4737287e-05,7.484213e-05,a
test_4201.jpg,0.9995461,0.0001583894,0.00011588017,0.00017947871,a
test_4202.jpg,0.00027698258,0.99595225,0.0035919647,0.00017883339,b
test_4203.jpg,4.264416e-05,5.4756187e-05,2.2825776e-05,0.99987984,d
test_4204.jpg,0.00015841592,6.603758e-05,0.9997135,6.203657e-05,c
test_4205.jpg,0.9999156,8.939021e-06,5.0933013e-06,7.031085e-05,a
test_4206.jpg,0.00015798825,0.0024713522,0.00035603202,0.99701464,d
test_4207.jpg,0.00019100803,0.99930525,0.00033522956,0.00016856402,b
test_4208.jpg,4.2227334e-06,1.6701235e-05,6.9621105e-06,0.9999721,d
test_4209.jpg,0.005014093,0.028854113,0.955517,0.010614836,c
test_4210.jpg,0.99567753,0.00017878406,7.452829e-05,0.0040691067,a
test_4211.jpg,7.484171e-05,2.282543e-05,3.763277e-05,0.9998647,d
test_4212.jpg,2.2821656e-05,0.00026118,0.99969935,1.6696678e-05,c
test_4213.jpg,8.939609e-06,2.406063e-06,0.9999813,7.4111963e-06,c
test_4214.jpg,1.8924737e-05,1.2218728e-05,0.99995935,9.515956e-06,c
test_4215.jpg,1.0782968e-05,1.8924698e-05,0.9999573,1.3006743e-05,c
test_4216.jpg,8.462558e-05,0.99772865,0.00048698662,0.0016997504,b
test_4217.jpg,7.48391e-05,3.3209646e-05,0.9998299,6.2043786e-05,c
test_4218.jpg,0.99994516,1.6700786e-05,1.6700786e-05,2.1444233e-05,a
test_4219.jpg,6.602386e-05,0.0003799411,0.99950576,4.830409e-05,c
test_4220.jpg,1.4593734e-06,8.8515463e-07,1.209863e-06,0.99999654,d
test_4221.jpg,6.604704e-05,1.8922794e-05,0.9998567,5.828631e-05,c
test_4222.jpg,0.0011069471,0.00015947084,0.0533357,0.94539785,d
test_4223.jpg,1.9946635e-06,0.99996483,1.300684e-05,2.014539e-05,b
test_4224.jpg,3.5008443e-06,1.5534903e-06,1.3709503e-06,0.99999356,d
test_4225.jpg,0.00043044554,7.962441e-05,0.9993105,0.00017943639,c
test_4226.jpg,6.1437695e-06,0.9999279,4.0062405e-05,2.5866235e-05,b
test_4227.jpg,2.4299548e-05,1.0782859e-05,1.7777931e-05,0.9999472,d
test_4228.jpg,0.00024501883,0.00062567746,0.9983259,0.0008033858,c
test_4229.jpg,0.000295914,6.6027336e-05,0.9995584,7.964417e-05,c
test_4230.jpg,3.7263421e-06,0.99991655,2.1443619e-05,5.82898e-05,b
test_4231.jpg,2.7264368e-06,3.2887106e-06,0.999985,8.939642e-06,c
test_4232.jpg,2.7535318e-05,1.0129676e-05,3.5007229e-06,0.9999589,d
test_4233.jpg,4.4949834e-06,0.9999515,1.07829055e-05,3.3213684e-05,b
test_4234.jpg,0.0005526165,0.00010222377,0.9991541,0.00019097915,c
test_4235.jpg,1.9947163e-06,1.9947163e-06,0.9999912,4.7850754e-06,c
test_4236.jpg,5.8289286e-05,2.0144238e-05,1.3844919e-05,0.99990773,d
test_4237.jpg,0.0031701932,0.00042903898,0.99604505,0.0003556858,c
test_4238.jpg,8.936176e-06,1.3840619e-05,0.00037997586,0.99959725,d
test_4239.jpg,2.561147e-06,0.9999447,4.494953e-06,4.8325302e-05,b
test_4240.jpg,8.939473e-06,2.2827746e-05,2.123311e-06,0.99996614,d
test_4241.jpg,4.005802e-05,9.6094205e-05,0.9998185,4.539169e-05,c
test_4242.jpg,0.9998456,5.4754317e-05,8.480514e-05,1.4736924e-05,a
test_4243.jpg,5.7711322e-06,0.9998578,2.7532535e-05,0.00010889329,b
test_4244.jpg,0.99920624,0.0001022291,0.00026105114,0.00043040063,a
test_4245.jpg,0.9996117,3.1190768e-05,9.607433e-05,0.00026115708,a
test_4246.jpg,1.5533318e-06,1.0782259e-05,0.9998915,9.610123e-05,c
test_4247.jpg,1.0783193e-05,2.1233366e-06,0.9999782,8.939582e-06,c
test_4248.jpg,1.5689222e-05,1.9946608e-06,0.9999634,1.8924813e-05,c
test_4249.jpg,8.93956e-06,3.0894291e-06,0.9999758,1.2218929e-05,c
test_4250.jpg,3.7633894e-05,5.771344e-06,0.9998945,6.2047795e-05,c
test_4251.jpg,3.7630754e-05,1.1476732e-05,0.9998111,0.00013981522,c
test_4252.jpg,0.99994457,7.4109244e-06,1.4738382e-05,3.3213455e-05,a
test_4253.jpg,0.9878258,0.0035626562,0.0040370184,0.0045745415,a
test_4254.jpg,0.99999,4.78507e-06,3.288727e-06,1.8738601e-06,a
test_4255.jpg,0.024116065,0.005381021,0.06555426,0.90494865,d
test_4256.jpg,0.999416,1.1472196e-05,0.0004878102,8.47687e-05,a
test_4257.jpg,0.00015842788,0.99978894,3.11963e-05,2.1440881e-05,b
test_4258.jpg,0.0009530933,0.075713575,0.0009530933,0.9223802,d
test_4259.jpg,4.539578e-05,1.6700174e-05,0.99990857,2.9309718e-05,c
test_4260.jpg,5.714844e-07,0.9999714,6.540293e-06,2.1444795e-05,b
test_4261.jpg,0.0001794953,6.603263e-05,0.99963856,0.000115890885,c
test_4262.jpg,0.9996798,3.320466e-05,2.5859817e-05,0.0002611749,a
test_4263.jpg,0.04198784,0.9556388,0.0005285489,0.001844817,b
test_4264.jpg,1.3006547e-05,0.9999423,1.1478238e-05,3.321338e-05,b
test_4265.jpg,1.3003061e-05,0.9996743,0.00026117344,5.1428106e-05,b
test_4266.jpg,0.00070945,0.00013123507,0.99898,0.00017937705,c
test_4267.jpg,1.5686599e-05,0.9997962,4.831813e-05,0.00013981313,b
test_4268.jpg,0.9999913,3.5008363e-06,2.1233645e-06,3.089477e-06,a
test_4269.jpg,5.42186e-06,0.99992836,1.4738142e-05,5.1441177e-05,b
test_4270.jpg,2.2602992e-06,9.516215e-06,1.5534796e-06,0.99998665,d
test_4271.jpg,0.99968386,1.0126891e-05,0.00029595115,1.0126891e-05,a
test_4272.jpg,3.119572e-05,0.99977034,1.8921159e-05,0.00017951896,b
test_4273.jpg,0.99995255,2.2827437e-05,1.6700908e-05,7.88895e-06,a
test_4274.jpg,6.143935e-06,0.9999548,1.4738533e-05,2.4299732e-05,b
test_4275.jpg,5.093626e-06,6.5403447e-06,0.9999794,8.939592e-06,c
test_4276.jpg,7.965422e-05,0.9996846,0.00013979753,9.6081334e-05,b
test_4277.jpg,1.2878895e-06,1.1365586e-06,0.9999943,3.288741e-06,c
test_4278.jpg,4.0063016e-05,7.888876e-06,8.939268e-06,0.99994314,d
test_4279.jpg,5.093663e-06,5.093663e-06,3.0894628e-06,0.99998665,d
test_4280.jpg,5.4755208e-05,1.3005502e-05,0.99986196,7.0307084e-05,c
test_4281.jpg,0.9999299,5.8290578e-05,8.397554e-06,3.5006215e-06,a
test_4282.jpg,1.2098377e-06,0.9999757,1.3006981e-05,1.01298465e-05,b
test_4283.jpg,0.00013978731,0.00013978731,0.000108866465,0.99961156,d
test_4284.jpg,2.1233604e-06,0.9999894,2.2603056e-06,6.1441474e-06,b
test_4285.jpg,9.606506e-05,0.9995152,0.00023044807,0.0001583845,b
test_4286.jpg,0.9999659,1.0783061e-05,1.3845724e-05,9.516018e-06,a
test_4287.jpg,0.99999166,3.0894782e-06,2.5612674e-06,2.726455e-06,a
test_4288.jpg,0.9999802,6.54035e-06,7.889168e-06,5.422141e-06,a
test_4289.jpg,0.99445504,0.00017856454,0.005218421,0.00014803521,a
test_4290.jpg,2.4299388e-05,5.7716106e-06,0.99994063,2.9310657e-05,c
test_4291.jpg,2.5611944e-06,0.99996316,8.397833e-06,2.5867148e-05,b
test_4292.jpg,0.99939656,0.0004304826,3.3195254e-05,0.00013975725,a
test_4293.jpg,8.939503e-06,7.889083e-06,1.3845773e-05,0.99996936,d
test_4294.jpg,4.494851e-06,0.99992204,7.410757e-06,6.6051354e-05,b
test_4295.jpg,3.7635735e-05,1.3845414e-05,5.093443e-06,0.9999435,d
test_4296.jpg,0.99987245,3.321106e-05,7.966919e-05,1.4737318e-05,a
test_4297.jpg,0.9975781,0.002182193,0.00010864501,0.0001310509,a
test_4298.jpg,8.397677e-06,0.9999447,1.568893e-05,3.120116e-05,b
test_4299.jpg,7.4111867e-06,1.8738414e-06,0.99998,1.0783213e-05,c
test_4300.jpg,1.5689326e-05,4.2227243e-06,1.0129788e-05,0.99996996,d
test_4301.jpg,6.962141e-06,1.3845871e-05,2.7264136e-06,0.9999765,d
test_4302.jpg,0.0024693487,0.9962063,0.00029492163,0.0010293776,b
test_4303.jpg,0.69768924,0.25666556,0.018592788,0.027052347,a
test_4304.jpg,0.00014850608,0.00090971,0.0013236202,0.99761814,d
test_4305.jpg,1.0783215e-05,5.771839e-06,3.2886949e-06,0.9999802,d
test_4306.jpg,6.1440815e-06,2.9022588e-06,0.99997866,1.2218964e-05,c
test_4307.jpg,2.0145093e-05,2.429962e-05,5.421978e-06,0.9999502,d
test_4308.jpg,0.0002775431,0.0017001576,5.465147e-05,0.99796766,d
test_4309.jpg,9.604632e-05,0.0004877635,9.604632e-05,0.99932027,d
test_4310.jpg,0.017970596,0.9811613,0.0005776638,0.00029046764,b
test_4311.jpg,1.4738865e-05,2.902255e-06,5.0936155e-06,0.99997735,d
test_4312.jpg,1.4737977e-05,6.6051034e-05,2.123207e-06,0.99991715,d
test_4313.jpg,0.9370194,0.0028016374,0.00027739967,0.059901644,a
test_4314.jpg,7.4843985e-05,5.771348e-06,0.9998951,2.4298282e-05,c
test_4315.jpg,8.480665e-05,2.753269e-05,2.4297511e-05,0.9998634,d
test_4316.jpg,0.0005521762,5.819894e-05,0.0010316009,0.99835795,d
test_4317.jpg,1.300442e-05,0.9997788,8.479947e-05,0.0001233825,b
test_4318.jpg,0.9999865,5.0936624e-06,3.2887156e-06,5.0936624e-06,a
test_4319.jpg,6.9621487e-06,3.9669126e-06,0.9999776,1.1478643e-05,c
test_4320.jpg,0.999956,9.515924e-06,1.3006726e-05,2.1444464e-05,a
test_4321.jpg,0.6629549,0.0012022647,0.31315774,0.02268507,a
test_4322.jpg,0.010958567,0.0021578697,0.00042490973,0.9864587,d
test_4323.jpg,0.8199433,0.01701738,0.001582863,0.1614564,a
test_4324.jpg,2.5864367e-05,0.99985564,9.514969e-06,0.00010889305,b
test_4325.jpg,5.7718958e-06,2.4060841e-06,1.7603289e-06,0.9999901,d
test_4326.jpg,0.0083786445,0.0030823313,0.020099323,0.9684397,d
test_4327.jpg,1.6701064e-05,3.726511e-06,0.99996185,1.7778191e-05,c
test_4328.jpg,0.00012338372,0.9997887,6.204123e-05,2.5862635e-05,b
test_4329.jpg,0.99988055,6.604862e-05,2.7533162e-05,2.5865013e-05,a
test_4330.jpg,4.4951657e-06,1.7603322e-06,0.999992,1.6536792e-06,c
test_4331.jpg,0.99967265,0.00019107826,6.603488e-05,7.029377e-05,a
test_4332.jpg,6.540295e-06,1.2218879e-05,0.99997175,9.516073e-06,c
test_4333.jpg,0.0005824513,0.98929274,0.009698685,0.0004261305,b
test_4334.jpg,0.7055046,0.00028547904,0.29409808,0.00011179519,a
test_4335.jpg,2.2603094e-06,3.5008359e-06,3.0894766e-06,0.9999912,d
test_4336.jpg,0.99961674,4.5382534e-05,0.00017949138,0.0001584006,a
test_4337.jpg,3.2887124e-06,6.5403856e-06,0.9999856,4.4951366e-06,c
test_4338.jpg,1.2218835e-05,7.411098e-06,0.99996805,1.2218835e-05,c
test_4339.jpg,7.889107e-06,3.9668926e-06,0.99997246,1.5689364e-05,c
test_4340.jpg,6.962235e-06,2.406084e-06,6.0835333e-07,0.99999,d
test_4341.jpg,0.7303469,0.019463087,0.16296244,0.08722751,a
test_4342.jpg,0.9997464,0.00013133574,7.965915e-05,4.263847e-05,a
test_4343.jpg,0.04729174,0.0001602269,0.94988,0.0026680178,c
test_4344.jpg,0.99971133,8.479375e-05,4.5386827e-05,0.00015841558,a
test_4345.jpg,2.7532893e-05,9.027688e-05,1.1477417e-05,0.9998708,d
test_4346.jpg,1.8923514e-05,1.1477692e-05,0.99989474,7.4843956e-05,c
test_4347.jpg,1.3845769e-05,1.5689313e-05,1.2878571e-06,0.9999691,d
test_4348.jpg,0.0004301237,9.597357e-05,0.0009105719,0.99856335,d
test_4349.jpg,0.09533743,0.90453637,7.6721175e-05,4.9534916e-05,b
test_4350.jpg,0.99991,4.8323625e-05,2.2826465e-05,1.8923804e-05,a
test_4351.jpg,3.966934e-06,8.9396235e-06,0.99998295,4.2227794e-06,c
test_4352.jpg,1.4593384e-06,0.9999726,5.771795e-06,2.0145544e-05,b
test_4353.jpg,0.00029588045,0.999445,7.963514e-05,0.00017946055,b
test_4354.jpg,0.00043047938,9.0233385e-05,0.99938905,9.0233385e-05,c
test_4355.jpg,3.95647e-05,2.3997205e-05,0.98750556,0.012430861,c
test_4356.jpg,1.5688844e-05,1.3845354e-05,0.9999392,3.120099e-05,c
test_4357.jpg,7.8112885e-07,0.99997425,4.7849944e-06,2.0145579e-05,b
test_4358.jpg,4.006306e-05,1.147826e-05,4.2226156e-06,0.9999442,d
test_4359.jpg,0.9999784,5.7718285e-06,6.9621547e-06,8.9395835e-06,a
test_4360.jpg,0.0027889218,0.9929249,0.00070514984,0.0035810464,b
test_4361.jpg,3.7625286e-05,3.5345685e-05,0.99966586,0.00026117123,c
test_4362.jpg,0.00031431258,0.0021817617,0.9973808,0.00012308657,c
test_4363.jpg,5.422081e-06,6.540278e-06,1.8924922e-05,0.9999691,d
test_4364.jpg,1.6700229e-05,0.9999119,1.6700229e-05,5.4757944e-05,b
test_4365.jpg,0.99994385,3.321343e-05,1.0782823e-05,1.2218539e-05,a
test_4366.jpg,0.9999776,3.9669126e-06,8.939576e-06,9.5161295e-06,a
test_4367.jpg,1.6700842e-05,3.500687e-06,0.9999486,3.120128e-05,c
test_4368.jpg,7.0302754e-05,9.6092466e-05,0.9998004,3.3208664e-05,c
test_4369.jpg,0.0016270619,0.9550615,0.041962475,0.0013488815,b
test_4370.jpg,1.3006992e-05,6.540326e-06,3.9669085e-06,0.9999765,d
test_4371.jpg,0.9999931,8.8515156e-07,3.2887372e-06,2.726459e-06,a
test_4372.jpg,1.0029944e-06,0.9999794,1.3845911e-05,5.771834e-06,b
test_4373.jpg,0.99871564,9.598821e-05,0.0009107108,0.0002777511,a
test_4374.jpg,5.1437444e-05,8.4806e-05,7.888187e-06,0.99985576,d
test_4375.jpg,0.001925877,0.00037922768,6.589988e-05,0.997629,d
test_4376.jpg,0.00043046317,0.00020333641,1.472964e-05,0.99935144,d
test_4377.jpg,6.60185e-05,2.143307e-05,0.00048781445,0.9994247,d
test_4378.jpg,0.99980015,5.475182e-05,7.483688e-05,7.030273e-05,a
test_4379.jpg,0.9999236,2.4298974e-05,3.53548e-05,1.6700424e-05,a
test_4380.jpg,0.00015840773,2.1438156e-05,0.9996618,0.00015840773,c
test_4381.jpg,1.4738473e-05,1.6700878e-05,0.99995077,1.7777995e-05,c
test_4382.jpg,0.9999356,7.888817e-06,4.2646538e-05,1.3845305e-05,a
test_4383.jpg,0.99995077,8.939336e-06,2.0145106e-05,2.0145106e-05,a
test_4384.jpg,0.00022926526,0.00016773406,0.994385,0.0052180537,c
test_4385.jpg,0.99995196,1.473849e-05,7.410979e-06,2.5866859e-05,a
test_4386.jpg,3.1201052e-05,2.1444148e-05,6.1438514e-06,0.99994123,d
test_4387.jpg,0.9999583,1.2218715e-05,1.4738584e-05,1.4738584e-05,a
test_4388.jpg,0.9999428,1.2218526e-05,2.931072e-05,1.5688898e-05,a
test_4389.jpg,1.0129769e-05,2.9022278e-06,0.99996805,1.8924902e-05,c
test_4390.jpg,6.60489e-05,1.14775785e-05,0.99988484,3.763353e-05,c
test_4391.jpg,0.0045963153,0.0021711455,0.9925277,0.00070486777,c
test_4392.jpg,0.99987924,7.9669735e-05,2.4297897e-05,1.6699683e-05,a
test_4393.jpg,3.2886599e-06,0.9999696,6.9620933e-06,2.0145484e-05,b
test_4394.jpg,1.6536593e-06,0.99998,6.144089e-06,1.221898e-05,b
test_4395.jpg,2.2602833e-06,0.9999796,5.0936274e-06,1.3007032e-05,b
test_4396.jpg,0.9998173,5.4752763e-05,3.7630987e-05,9.027205e-05,a
test_4397.jpg,0.9999896,3.2887258e-06,2.260306e-06,4.785068e-06,a
test_4398.jpg,0.9999821,8.397992e-06,1.994698e-06,7.4112027e-06,a
test_4399.jpg,0.99982387,0.00010888959,5.8284393e-05,8.938201e-06,a
test_4400.jpg,0.999881,1.7776754e-05,2.1442858e-05,7.966987e-05,a
test_4401.jpg,0.0004304877,4.537307e-05,0.99940836,0.0001158642,c
test_4402.jpg,4.222672e-06,0.99995756,1.6700991e-05,2.1444499e-05,b
test_4403.jpg,0.0009085938,0.0021796033,0.9963941,0.00051770115,c
test_4404.jpg,0.0015757912,0.5610205,0.0004805891,0.43692318,b
test_4405.jpg,0.9883344,0.00029259123,0.00968929,0.0016837462,a
test_4406.jpg,0.00017951404,0.9997429,2.282265e-05,5.474869e-05,b
test_4407.jpg,3.1201347e-05,7.4109694e-06,1.0782896e-05,0.99995065,d
test_4408.jpg,0.0002588835,0.008573044,0.99090916,0.0002588835,c
test_4409.jpg,9.514849e-06,0.999843,5.1436786e-05,9.609656e-05,b
test_4410.jpg,0.999622,5.4742068e-05,6.2030886e-05,0.0002611598,a
test_4411.jpg,9.5158575e-06,3.7264635e-06,3.7635946e-05,0.9999491,d
test_4412.jpg,0.9999068,1.2218086e-05,6.204856e-05,1.8923742e-05,a
test_4413.jpg,0.0014977942,0.26813582,0.0014977942,0.7288686,d
test_4414.jpg,0.0002303808,0.00011584275,0.99922335,0.00043040802,c
test_4415.jpg,1.3005476e-05,3.7261314e-06,0.9998599,0.00012339251,c
test_4416.jpg,1.9947179e-06,8.8515065e-07,0.999992,5.0936906e-06,c
test_4417.jpg,5.422201e-06,2.2603097e-06,0.9999913,1.1365552e-06,c
test_4418.jpg,5.422136e-06,2.4060582e-06,0.99997926,1.30070275e-05,c
test_4419.jpg,6.961977e-06,3.1201416e-05,8.939355e-06,0.9999529,d
test_4420.jpg,9.6100324e-05,1.4737461e-05,6.961484e-06,0.9998821,d
test_4421.jpg,0.0006910774,0.08502935,0.9141517,0.00012783647,c
test_4422.jpg,0.0004303106,8.473318e-05,0.00048760584,0.9989973,d
test_4423.jpg,6.1441456e-06,3.2887242e-06,1.3709442e-06,0.99998915,d
test_4424.jpg,6.144104e-06,4.4951225e-06,6.962182e-06,0.99998236,d
test_4425.jpg,0.75051856,0.0013610607,0.004462746,0.2436577,a
test_4426.jpg,8.480803e-05,3.119913e-05,4.2223433e-06,0.9998797,d
test_4427.jpg,0.46832976,0.00090408925,7.8998426e-05,0.53068715,d
test_4428.jpg,3.5006644e-06,0.9999422,8.93926e-06,4.5397308e-05,b
test_4429.jpg,1.0781391e-05,5.475242e-05,0.00012338649,0.9998111,d
test_4430.jpg,1.5689304e-05,8.3978775e-06,7.4111017e-06,0.9999685,d
test_4431.jpg,8.315196e-07,0.99998903,2.2603047e-06,7.889238e-06,b
test_4432.jpg,0.0046078158,0.9950111,0.00020245329,0.00017866438,b
test_4433.jpg,0.004363532,0.9422605,0.053158704,0.00021724745,b
test_4434.jpg,1.3007017e-05,1.9946908e-06,0.9999784,6.5403387e-06,c
test_4435.jpg,3.762652e-05,3.3205284e-05,0.00023049038,0.99969864,d
test_4436.jpg,0.00010482546,0.96250707,6.7680405e-05,0.037320446,b
test_4437.jpg,1.5688856e-05,6.5400877e-06,0.99994004,3.7635607e-05,c
test_4438.jpg,0.9995222,0.0002959033,0.00010226143,7.9641286e-05,a
test_4439.jpg,3.2885314e-06,0.9999305,7.888776e-06,5.829061e-05,b
test_4440.jpg,0.9965063,0.0019237098,0.0011667889,0.00040323145,a
test_4441.jpg,2.7534363e-05,1.892407e-05,0.9999242,2.9310175e-05,c
test_4442.jpg,5.4751312e-05,0.99979085,9.609155e-05,5.828247e-05,b
test_4443.jpg,4.264317e-05,2.5864392e-05,0.9998566,7.4841104e-05,c
test_4444.jpg,0.0040661423,0.00090727897,0.9949522,7.4473995e-05,c
test_4445.jpg,3.5353474e-05,4.5394758e-05,0.99988604,3.3211512e-05,c
test_4446.jpg,0.9990783,0.00023034734,0.00026101773,0.00043034554,a
test_4447.jpg,4.0019524e-05,0.9988576,0.0010321172,7.023646e-05,b
test_4448.jpg,5.8286103e-05,8.938464e-06,7.9667654e-05,0.99985313,d
test_4449.jpg,0.9999597,1.7778153e-05,9.5159585e-06,1.3006774e-05,a
test_4450.jpg,5.470908e-05,1.4724748e-05,0.9990196,0.000910988,c
test_4451.jpg,0.94941485,0.002210781,0.019704476,0.028669845,a
test_4452.jpg,6.5403933e-06,1.5534797e-06,5.0936637e-06,0.99998677,d
test_4453.jpg,0.008523116,0.0058578462,0.00048084132,0.9851383,d
test_4454.jpg,0.9997907,3.1196356e-05,0.00012338397,5.475131e-05,a
test_4455.jpg,0.0021833412,0.93763095,0.0002449641,0.059940737,b
test_4456.jpg,0.00023047194,6.6031316e-05,8.478589e-05,0.99961865,d
test_4457.jpg,0.0006415183,0.09520975,0.0008237258,0.90332496,d
test_4458.jpg,0.8311845,0.11248858,0.053135846,0.0031910557,a
test_4459.jpg,0.9999795,6.1440865e-06,9.516147e-06,4.7850194e-06,a
test_4460.jpg,0.010166177,0.48983383,0.48983383,0.010166177,b
test_4461.jpg,3.535557e-05,1.3845441e-05,5.421952e-06,0.9999454,d
test_4462.jpg,5.09367e-06,4.495148e-06,2.2603024e-06,0.9999881,d
test_4463.jpg,9.516079e-06,5.09359e-06,0.99997234,1.30069375e-05,c
test_4464.jpg,0.99385273,0.00014794555,8.973352e-05,0.005909664,a
test_4465.jpg,0.00017950613,7.029562e-05,0.9996989,5.1429368e-05,c
test_4466.jpg,0.0009103991,0.00062570744,9.0141715e-05,0.99837375,d
test_4467.jpg,4.222808e-06,2.2603062e-06,3.726615e-06,0.99998975,d
test_4468.jpg,6.5403924e-06,3.0894628e-06,3.7266034e-06,0.99998665,d
test_4469.jpg,0.9996111,6.537936e-06,2.4051722e-06,0.00037998112,a
test_4470.jpg,0.9999114,3.120012e-05,4.2645508e-05,1.4737893e-05,a
test_4471.jpg,0.00035606028,0.2224817,0.77653736,0.0006249053,c
test_4472.jpg,7.030461e-05,0.99982685,5.1435953e-05,5.1435953e-05,b
test_4473.jpg,2.586658e-05,2.2827177e-05,1.0129497e-05,0.99994123,d
test_4474.jpg,3.0564985e-05,0.020330044,8.308424e-05,0.9795563,d
test_4475.jpg,0.00017946579,0.00023043863,0.9994742,0.00011587183,c
test_4476.jpg,0.00012331412,2.5848045e-05,0.99922466,0.00062624074,c
test_4477.jpg,2.2824936e-05,1.0781736e-05,0.999843,0.00012339043,c
test_4478.jpg,0.00010136688,0.9907787,0.0005479842,0.008571915,b
test_4479.jpg,0.9998085,7.9664096e-05,1.5686792e-05,9.6093245e-05,a
test_4480.jpg,4.0059844e-05,5.8286736e-05,0.999864,3.7632744e-05,c
test_4481.jpg,0.0013072912,0.007522941,0.0058588726,0.9853109,d
test_4482.jpg,1.2218932e-05,3.288681e-06,0.99997604,8.397941e-06,c
test_4483.jpg,2.9021755e-06,1.6536097e-06,0.99995005,4.5397665e-05,c
test_4484.jpg,0.99913186,4.5360517e-05,0.00048767152,0.00033517138,a
test_4485.jpg,0.0024715734,0.00033449108,9.002706e-05,0.99710387,d
test_4486.jpg,1.6698088e-05,0.00017952136,0.9997837,2.0141739e-05,c
test_4487.jpg,0.9999411,8.93925e-06,1.6700717e-05,3.321334e-05,a
test_4488.jpg,0.9999751,6.144059e-06,1.221892e-05,6.540317e-06,a
test_4489.jpg,5.8282156e-05,6.604233e-05,9.0269175e-05,0.9997855,d
test_4490.jpg,0.00053993607,0.9762273,0.007453587,0.015779244,b
test_4491.jpg,2.5612665e-06,2.2603097e-06,0.9999913,3.966967e-06,c
test_4492.jpg,4.2645e-05,2.0144073e-05,0.9998995,3.763408e-05,c
test_4493.jpg,2.5610632e-06,0.9999119,4.0061765e-05,4.5395933e-05,b
test_4494.jpg,6.6049615e-05,1.0782303e-05,0.9998957,2.7533579e-05,c
test_4495.jpg,0.00023028496,0.00015827238,0.0008037735,0.99880767,d
test_4496.jpg,0.9999807,4.22277e-06,6.1440937e-06,8.9396035e-06,a
test_4497.jpg,0.9990972,0.00055258506,0.0003148535,3.5325582e-05,a
test_4498.jpg,0.00013976856,0.00017946637,0.99947745,0.00020336204,c
test_4499.jpg,0.31281525,0.069798514,0.5844158,0.032970484,c
test_4500.jpg,0.9999504,3.3213648e-05,6.9619596e-06,9.51587e-06,a
test_4501.jpg,6.962059e-06,0.9999647,3.9668616e-06,2.4299974e-05,b
test_4502.jpg,2.123263e-06,0.9999435,1.8924437e-05,3.5355504e-05,b
test_4503.jpg,0.9999362,1.6700635e-05,1.7777737e-05,2.9310528e-05,a
test_4504.jpg,1.3708808e-06,0.9999429,4.22261e-06,5.1441926e-05,b
test_4505.jpg,4.5388995e-05,7.966016e-05,0.00011590486,0.99975914,d
test_4506.jpg,5.8289203e-05,3.119996e-05,4.2224556e-06,0.9999063,d
test_4507.jpg,0.9998078,8.4801926e-05,4.5391203e-05,6.204241e-05,a
test_4508.jpg,2.7535203e-05,3.966822e-06,0.9999547,1.3845569e-05,c
test_4509.jpg,0.9935197,0.0002595655,0.005907684,0.0003130958,a
test_4510.jpg,7.409844e-06,0.99979883,0.00010888687,8.480117e-05,b
test_4511.jpg,0.9999784,4.7850144e-06,8.397961e-06,8.397961e-06,a
test_4512.jpg,0.9968443,0.0014986946,0.0013225934,0.000334404,a
test_4513.jpg,6.1441187e-06,6.54038e-06,2.5612496e-06,0.99998474,d
test_4514.jpg,0.9999721,5.093589e-06,8.939527e-06,1.384581e-05,a
test_4515.jpg,2.0142654e-05,0.99982905,5.4753407e-05,9.6095224e-05,b
test_4516.jpg,1.8924175e-05,0.99992967,3.1200692e-05,2.014468e-05,b
test_4517.jpg,2.1443559e-05,5.8289632e-05,6.5399154e-06,0.9999137,d
test_4518.jpg,0.00012326265,0.0009107947,0.00015827238,0.99880767,d
test_4519.jpg,0.9998896,2.2826e-05,5.8288228e-05,2.9309162e-05,a
test_4520.jpg,0.000708988,0.00080338866,0.99832946,0.0001581966,c
test_4521.jpg,0.00010889361,2.0143292e-05,1.0128682e-05,0.99986076,d
test_4522.jpg,7.888364e-06,0.9998783,1.7776707e-05,9.609995e-05,b
test_4523.jpg,0.99844486,0.00070906995,4.2582957e-05,0.00080348155,a
test_4524.jpg,0.98585516,0.012410085,0.0011543176,0.0005804274,a
test_4525.jpg,0.14587885,0.0026718646,0.83947486,0.011974466,c
test_4526.jpg,1.3002665e-05,7.886514e-06,0.00033534312,0.9996438,d
test_4527.jpg,0.0005525412,0.00016851556,0.00026100196,0.99901795,d
test_4528.jpg,1.0782683e-05,6.961823e-06,0.99993086,5.1441304e-05,c
test_4529.jpg,0.0019265224,9.010465e-05,2.0105066e-05,0.9979633,d
test_4530.jpg,0.0024620546,0.0040592416,0.9932636,0.0002151319,c
test_4531.jpg,0.9999306,8.939156e-06,5.1441293e-05,8.939156e-06,a
test_4532.jpg,1.473867e-05,2.1233068e-06,0.9999641,1.8924828e-05,c
test_4533.jpg,7.411047e-06,3.9668475e-06,0.99996114,2.7535381e-05,c
test_4534.jpg,0.00026229187,0.053207677,0.0034014527,0.9431286,d
test_4535.jpg,0.9998621,6.204579e-05,4.26434e-05,3.3210716e-05,a
test_4536.jpg,1.3844845e-05,0.99990237,1.7777134e-05,6.605006e-05,b
test_4537.jpg,5.422178e-06,2.406077e-06,5.0936655e-06,0.9999871,d
test_4538.jpg,0.0040631318,0.00040230452,0.0013191057,0.99421555,d
test_4539.jpg,0.00227134,0.49047285,0.49047285,0.016783057,b
test_4540.jpg,0.042064257,0.00052951084,2.8063047e-05,0.9573781,d
test_4541.jpg,2.561141e-06,0.9999423,2.586661e-05,2.9310706e-05,b
test_4542.jpg,3.3213528e-05,6.143885e-06,1.3845459e-05,0.9999467,d
test_4543.jpg,0.022951895,0.00073778746,0.9759394,0.00037098283,c
test_4544.jpg,0.9999839,4.2227834e-06,5.7718603e-06,6.1441137e-06,a
test_4545.jpg,0.9979303,0.0001395522,0.00042985103,0.0015003275,a
test_4546.jpg,0.74696875,0.24250525,0.001123022,0.009402949,a
test_4547.jpg,2.7520933e-05,0.99943644,4.8300742e-05,0.00048782022,b
test_4548.jpg,0.9999683,6.5402724e-06,3.726535e-06,2.1444728e-05,a
test_4549.jpg,0.0002918568,4.2045962e-05,0.18236461,0.81730145,d
test_4550.jpg,1.30061035e-05,1.6700167e-05,0.9999082,6.2048646e-05,c
test_4551.jpg,5.8288522e-05,2.429827e-05,0.9998946,2.2826114e-05,c
test_4552.jpg,1.3006946e-05,5.0935932e-06,8.939534e-06,0.99997294,d
test_4553.jpg,0.06280811,0.7651594,0.09138526,0.08064721,b
test_4554.jpg,0.017867755,0.0014666746,0.97554636,0.0051191975,c
test_4555.jpg,0.99999464,1.3709517e-06,9.4224043e-07,3.0894873e-06,a
test_4556.jpg,0.9999583,1.012967e-05,1.3845619e-05,1.7778128e-05,a
test_4557.jpg,0.0022903811,0.00032996066,0.81543213,0.18194751,c
test_4558.jpg,0.99890304,0.000102198086,0.00019093115,0.00080385024,a
test_4559.jpg,0.00051524834,0.22127222,0.7723159,0.0058967043,c
test_4560.jpg,7.411156e-06,2.1233316e-06,0.9999758,1.4738842e-05,c
test_4561.jpg,1.0129751e-05,0.99996626,3.5007488e-06,2.0145417e-05,b
test_4562.jpg,0.99999404,1.7603359e-06,7.3381716e-07,3.5008459e-06,a
test_4563.jpg,4.7850363e-06,2.7264314e-06,0.99998295,9.51618e-06,c
test_4564.jpg,0.9999796,5.7718353e-06,5.7718353e-06,8.939594e-06,a
test_4565.jpg,1.8738671e-06,3.2887392e-06,1.0676973e-06,0.9999937,d
test_4566.jpg,0.99997854,5.422132e-06,6.540339e-06,9.516138e-06,a
test_4567.jpg,0.9999716,1.22188785e-05,1.0783123e-05,5.4220945e-06,a
test_4568.jpg,7.484005e-05,5.8285485e-05,2.4297005e-05,0.9998425,d
test_4569.jpg,7.888878e-06,0.9999434,3.2885737e-06,4.539736e-05,b
test_4570.jpg,3.3212127e-05,1.6700107e-05,0.99990463,4.53956e-05,c
test_4571.jpg,0.00016252679,0.7049223,0.29385534,0.0010598078,b
test_4572.jpg,5.4219554e-06,3.2885823e-06,0.999946,4.539748e-05,c
test_4573.jpg,0.9852732,0.00039868604,0.014054167,0.00027401265,a
test_4574.jpg,0.0002034234,1.1476363e-05,6.1428545e-06,0.99977905,d
test_4575.jpg,4.495147e-06,2.9022854e-06,0.99998784,4.7850594e-06,c
test_4576.jpg,0.9999658,1.2218807e-05,8.939471e-06,1.3006853e-05,a
test_4577.jpg,1.2878521e-06,0.9999652,4.2227043e-06,2.9311377e-05,b
test_4578.jpg,0.99997556,8.939558e-06,5.422116e-06,1.0129846e-05,a
test_4579.jpg,4.538502e-05,7.965318e-05,0.9996716,0.00020340155,c
test_4580.jpg,2.9310148e-05,7.410766e-06,0.9999232,4.006222e-05,c
test_4581.jpg,7.481082e-05,0.0004305065,4.2625914e-05,0.99945205,d
test_4582.jpg,0.00010807613,0.06753058,0.9322309,0.0001303647,c
test_4583.jpg,0.0002609711,3.5318604e-05,0.9988998,0.0008038477,c
test_4584.jpg,3.288727e-06,5.422194e-06,1.3709454e-06,0.99999,d
test_4585.jpg,1.1475764e-05,0.99972683,0.00023049688,3.1194362e-05,b
test_4586.jpg,3.726562e-06,1.8925044e-05,1.7603033e-06,0.99997556,d
test_4587.jpg,3.50082e-06,1.9947072e-06,0.99998665,7.889219e-06,c
test_4588.jpg,0.14799117,0.00028569016,0.8516304,9.275002e-05,c
test_4589.jpg,0.019247783,0.0011559193,0.16115971,0.81843656,d
test_4590.jpg,0.99988365,5.4756398e-05,1.8923305e-05,4.2644322e-05,a
test_4591.jpg,0.0021479991,0.18164183,0.8140622,0.0021479991,c
test_4592.jpg,0.9995883,0.000123359,0.00010886394,0.00017948628,a
test_4593.jpg,0.0013235481,0.00020297269,0.0009096605,0.99756384,d
test_4594.jpg,0.9999807,4.495115e-06,7.4111917e-06,7.4111917e-06,a
test_4595.jpg,0.9998481,3.7632148e-05,8.480535e-05,2.9307947e-05,a
test_4596.jpg,2.9021542e-06,0.99994266,6.14386e-06,4.8325204e-05,b
test_4597.jpg,0.00026064095,0.9976361,0.0004036886,0.0016995927,b
test_4598.jpg,5.14376e-05,4.7844424e-06,0.99985886,8.480626e-05,c
test_4599.jpg,9.516151e-06,7.4111867e-06,3.089442e-06,0.99998,d
test_4600.jpg,0.99965346,3.762482e-05,1.300279e-05,0.00029594215,a
test_4601.jpg,3.28874e-06,1.3709508e-06,1.3709508e-06,0.9999939,d
test_4602.jpg,0.00091098127,6.199305e-05,1.472464e-05,0.99901223,d
test_4603.jpg,0.00033522883,0.00020332658,0.00015835089,0.9993031,d
test_4604.jpg,0.999985,4.4951344e-06,5.0936546e-06,5.422167e-06,a
test_4605.jpg,0.00048550483,0.0046063415,0.99469274,0.00021544144,c
test_4606.jpg,0.5172863,0.24434875,0.215637,0.022727974,a
test_4607.jpg,5.0936483e-06,3.7265927e-06,0.9999838,7.411215e-06,c
test_4608.jpg,1.2878705e-06,1.4593485e-06,0.9999795,1.7778506e-05,c
test_4609.jpg,4.832368e-05,1.4737888e-05,0.99991107,2.58658e-05,c
test_4610.jpg,8.939647e-06,3.0894594e-06,2.4060732e-06,0.9999856,d
test_4611.jpg,0.00045674547,0.0014976109,0.118969955,0.8790757,d
test_4612.jpg,1.553475e-06,0.9999838,5.0936483e-06,9.516188e-06,b
test_4613.jpg,0.9999037,6.53985e-06,7.967168e-05,1.0129117e-05,a
test_4614.jpg,0.07744722,0.0031966288,0.34709436,0.57226187,d
test_4615.jpg,0.99991393,1.3845005e-05,6.1436835e-06,6.605082e-05,a
test_4616.jpg,0.9995778,0.0001233577,0.00026114823,3.7621972e-05,a
test_4617.jpg,2.7264455e-06,3.288721e-06,0.9999882,5.771885e-06,c
test_4618.jpg,0.99992144,1.7777473e-05,3.3212687e-05,2.7534288e-05,a
test_4619.jpg,2.9022688e-06,1.994698e-06,1.3007065e-05,0.9999821,d
test_4620.jpg,8.397933e-06,1.1478614e-05,0.9999751,5.093604e-06,c
test_4621.jpg,2.5867166e-05,7.88904e-06,2.4060212e-06,0.9999639,d
test_4622.jpg,0.9998703,7.030767e-05,4.2643755e-05,1.6699534e-05,a
test_4623.jpg,5.7718207e-06,2.406053e-06,0.9999771,1.4738861e-05,c
test_4624.jpg,0.99803704,0.00012316756,0.0017002758,0.00013956713,a
test_4625.jpg,3.2887372e-06,3.0894826e-06,5.714968e-07,0.9999931,d
test_4626.jpg,0.9999728,8.9395335e-06,3.5007718e-06,1.4738798e-05,a
test_4627.jpg,0.99769765,0.00026065702,0.0019260095,0.00011566587,a
test_4628.jpg,1.2878791e-06,0.9999862,1.760322e-06,1.0783279e-05,b
test_4629.jpg,0.0004445784,0.029279018,0.9695879,0.0006885765,c
test_4630.jpg,4.222521e-06,0.9999218,7.888708e-06,6.605134e-05,b
test_4631.jpg,0.99999046,3.5008334e-06,1.9947147e-06,3.966964e-06,a
test_4632.jpg,4.4951666e-06,1.5534882e-06,1.7603327e-06,0.99999225,d
test_4633.jpg,7.888725e-06,0.99992406,1.9945824e-06,6.605149e-05,b
test_4634.jpg,1.9942638e-06,0.9997644,3.0887759e-06,0.00023050554,b
test_4635.jpg,0.00080377504,0.9988096,0.00027777723,0.000108779124,b
test_4636.jpg,0.11822803,0.87359357,0.0075580655,0.0006204038,b
test_4637.jpg,1.0029854e-06,0.99997044,5.7717825e-06,2.2827844e-05,b
test_4638.jpg,0.008553378,0.7699505,0.22059453,0.0009015194,b
test_4639.jpg,0.00020491297,0.94608283,0.053374343,0.00033784437,b
test_4640.jpg,0.99993956,1.8924362e-05,6.143841e-06,3.5355366e-05,a
test_4641.jpg,0.99998915,3.0894705e-06,1.6536744e-06,6.1441456e-06,a
test_4642.jpg,0.9998995,1.7777083e-05,1.6700022e-05,6.604987e-05,a
test_4643.jpg,0.999979,5.771832e-06,5.093624e-06,1.012988e-05,a
test_4644.jpg,0.998338,4.5324476e-05,0.0015009404,0.000115740106,a
test_4645.jpg,1.1478609e-05,6.5403137e-06,0.9999746,7.4111467e-06,c
test_4646.jpg,0.91531897,0.07513396,0.008973472,0.0005736548,a
test_4647.jpg,5.8287722e-05,0.9998809,3.321134e-05,2.7533171e-05,b
test_4648.jpg,0.99964476,5.142659e-05,7.886522e-06,0.0002959396,a
test_4649.jpg,1.6699534e-05,0.9998703,5.8287103e-05,5.4755666e-05,b
test_4650.jpg,9.516181e-06,5.4221564e-06,1.9947e-06,0.9999831,d
test_4651.jpg,0.9998677,2.7532808e-05,4.264364e-05,6.2046136e-05,a
test_4652.jpg,0.9983884,0.00024503417,0.000334922,0.0010316323,a
test_4653.jpg,3.0893946e-06,0.9999646,1.2218792e-05,2.0145384e-05,b
test_4654.jpg,0.9999958,1.5534938e-06,1.0030109e-06,1.6536854e-06,a
test_4655.jpg,1.3831685e-05,0.9989519,0.00091092626,0.00012328046,b
test_4656.jpg,0.0008254766,0.7504745,0.24364339,0.0050566574,b
test_4657.jpg,0.999383,3.3194803e-05,0.0004877941,9.6052354e-05,a
test_4658.jpg,1.8924877e-05,7.4110885e-06,6.9620733e-06,0.99996674,d
test_4659.jpg,6.6046945e-05,3.321049e-05,4.539336e-05,0.9998553,d
test_4660.jpg,7.4838434e-05,7.4838434e-05,0.999821,2.930715e-05,c
test_4661.jpg,1.5688765e-05,4.4949065e-06,0.9999343,4.5396948e-05,c
test_4662.jpg,0.00019086136,0.0011691676,0.9985379,0.00010216073,c
test_4663.jpg,0.00090476475,0.00021490044,0.992195,0.0066853575,c
test_4664.jpg,0.00037277446,0.9806526,0.001013306,0.017961279,b
test_4665.jpg,7.889086e-06,0.99996984,6.5402824e-06,1.5689324e-05,b
test_4666.jpg,0.00081839506,0.9553616,0.04197566,0.0018442818,b
test_4667.jpg,0.00023046214,0.99957615,0.00013131338,6.202804e-05,b
test_4668.jpg,4.4951075e-06,1.7603094e-06,0.999979,1.4738889e-05,c
test_4669.jpg,0.99987614,6.604833e-05,2.0143601e-05,3.7633203e-05,a
test_4670.jpg,2.2825649e-05,0.99987423,5.1438394e-05,5.1438394e-05,b
test_4671.jpg,6.599743e-05,0.99910563,2.4279097e-05,0.00080401334,b
test_4672.jpg,8.397671e-06,0.99994385,1.01295245e-05,3.763575e-05,b
test_4673.jpg,2.9305118e-05,1.56859e-05,0.9997516,0.00020341783,c
test_4674.jpg,0.99994075,1.4738325e-05,2.4299392e-05,2.0144904e-05,a
test_4675.jpg,0.00439629,0.064603016,0.8918171,0.03918371,c
test_4676.jpg,0.9996718,9.025891e-05,2.143837e-05,0.00021651985,a
test_4677.jpg,0.9999149,2.4298763e-05,3.321247e-05,2.7534108e-05,a
test_4678.jpg,5.1430576e-05,0.00020341187,2.282218e-05,0.9997223,d
test_4679.jpg,2.930649e-05,0.9997985,1.3843406e-05,0.00015842938,b
test_4680.jpg,4.222759e-06,2.9022574e-06,0.9999782,1.4738876e-05,c
test_4681.jpg,2.7534252e-05,1.47380215e-05,0.9999201,3.7634858e-05,c
test_4682.jpg,0.9999814,5.7718457e-06,3.966928e-06,8.93961e-06,a
test_4683.jpg,0.0014925527,0.001691284,0.992759,0.004057179,c
test_4684.jpg,0.999744,0.00010888089,0.00011590311,3.1194897e-05,a
test_4685.jpg,4.784962e-06,1.4738719e-05,0.99996746,1.3006875e-05,c
test_4686.jpg,0.19966556,0.005320907,0.78969264,0.005320907,c
test_4687.jpg,0.9999585,3.120159e-05,7.888997e-06,2.4060082e-06,a
test_4688.jpg,1.0783257e-05,3.2887074e-06,1.873849e-06,0.999984,d
test_4689.jpg,5.8284055e-05,0.999818,1.4736516e-05,0.000108888955,b
test_4690.jpg,0.99958867,9.6072115e-05,0.00023046503,8.478334e-05,a
test_4691.jpg,3.5325567e-05,0.9990969,0.0001583182,0.000709533,b
test_4692.jpg,3.726478e-06,0.99995303,1.568906e-05,2.7535158e-05,b
test_4693.jpg,3.2886355e-06,0.9999622,1.30068065e-05,2.1444597e-05,b
test_4694.jpg,0.0004878011,0.9993973,4.0041145e-05,7.4806725e-05,b
test_4695.jpg,0.9998178,5.475279e-05,8.480278e-05,4.2641514e-05,a
test_4696.jpg,3.089312e-06,0.9999379,4.0062805e-05,1.8924331e-05,b
test_4697.jpg,0.00013928564,0.996024,0.0035922236,0.0002444539,b
test_4698.jpg,0.99964035,0.0001488071,6.203203e-05,0.0001488071,a
test_4699.jpg,0.00026109538,0.00010224643,0.9993755,0.00026109538,c
test_4700.jpg,0.9999825,3.5008054e-06,1.0783239e-05,3.2887024e-06,a
test_4701.jpg,0.9998584,7.0306836e-05,1.3005456e-05,5.828641e-05,a
test_4702.jpg,9.516107e-06,3.7265609e-06,0.9999752,1.1478615e-05,c
test_4703.jpg,0.00014870938,0.00048759935,0.9989839,0.00037974273,c
test_4704.jpg,1.14786235e-05,0.9999759,3.0894296e-06,9.516113e-06,b
test_4705.jpg,1.4593688e-06,2.7264598e-06,2.4060923e-06,0.99999344,d
test_4706.jpg,2.1443364e-05,0.99990463,4.2645217e-05,3.119991e-05,b
test_4707.jpg,0.99651515,0.0027990062,0.00016809338,0.00051776407,a
test_4708.jpg,0.002179763,0.9964671,0.00080189,0.0005511304,b
test_4709.jpg,0.99960274,0.00029592714,6.603026e-05,3.5343455e-05,a
test_4710.jpg,8.939489e-06,5.4220736e-06,0.9999678,1.7778297e-05,c
test_4711.jpg,8.937923e-06,0.99979264,0.00015842846,4.0056984e-05,b
test_4712.jpg,1.2218602e-05,1.3006634e-05,2.586678e-05,0.999949,d
test_4713.jpg,0.32062235,0.6787575,0.0004820362,0.00013810568,b
test_4714.jpg,0.0013035698,0.01588073,0.98250604,0.00030962497,c
test_4715.jpg,0.00080373196,0.00017933684,0.00026093354,0.99875605,d
test_4716.jpg,0.00013101948,0.99733895,0.0014994384,0.001030548,b
test_4717.jpg,0.99913126,0.00048767123,0.00035678787,2.427972e-05,a
test_4718.jpg,2.014537e-05,1.1478485e-05,4.4950393e-06,0.9999639,d
test_4719.jpg,2.4299927e-05,8.39783e-06,4.4950343e-06,0.9999628,d
test_4720.jpg,0.998626,9.5979594e-05,0.0011692707,0.00010875913,a
test_4721.jpg,1.5534836e-06,7.811406e-07,8.398052e-06,0.9999893,d
test_4722.jpg,2.0144855e-05,1.2218472e-05,0.99993837,2.9310591e-05,c
test_4723.jpg,0.99994445,2.931077e-05,2.0144978e-05,6.143871e-06,a
test_4724.jpg,0.9999231,2.0144547e-05,4.0062212e-05,1.6700416e-05,a
test_4725.jpg,2.7535076e-05,0.99995005,3.500692e-06,1.892456e-05,b
test_4726.jpg,0.04899526,0.7664148,0.15091603,0.033673916,b
test_4727.jpg,3.1199386e-05,7.484344e-05,6.1435235e-06,0.9998878,d
test_4728.jpg,0.99993014,1.1478098e-05,1.56887e-05,4.2646305e-05,a
test_4729.jpg,7.966529e-05,0.9998235,4.5391917e-05,5.143578e-05,b
test_4730.jpg,0.9999919,2.9022972e-06,4.222817e-06,1.0676954e-06,a
test_4731.jpg,1.38453615e-05,2.753479e-05,0.9999397,1.8924364e-05,c
test_4732.jpg,1.9947154e-06,6.475893e-07,0.9999908,6.5404197e-06,c
test_4733.jpg,2.4300058e-05,4.7849653e-06,2.726391e-06,0.9999682,d
test_4734.jpg,0.4299615,0.016671417,0.5520815,0.0012855616,c
test_4735.jpg,2.1233263e-06,0.9999733,7.8891135e-06,1.6701255e-05,b
test_4736.jpg,0.0016998926,0.99781203,0.00037929727,0.00010867049,b
test_4737.jpg,1.6701295e-05,4.4950925e-06,3.089429e-06,0.9999757,d
test_4738.jpg,0.022889286,0.00073577487,0.0030977281,0.9732772,d
test_4739.jpg,2.5849818e-05,0.9992932,5.4724063e-05,0.0006262837,b
test_4740.jpg,2.1233043e-06,0.9999629,7.4110603e-06,2.753543e-05,b
test_4741.jpg,3.500825e-06,6.540402e-06,1.8738566e-06,0.9999881,d
test_4742.jpg,3.5008409e-06,2.4060903e-06,1.4593676e-06,0.9999926,d
test_4743.jpg,0.99966455,4.8311766e-05,0.00019107672,9.607941e-05,a
test_4744.jpg,4.539497e-05,4.8322694e-05,1.5688081e-05,0.9998907,d
test_4745.jpg,0.0001344382,0.20151208,0.0013577779,0.79699576,d
test_4746.jpg,0.0013244214,0.99822193,0.00029551837,0.00015817957,b
test_4747.jpg,2.0143929e-05,6.60494e-05,0.99989235,2.14431e-05,c
test_4748.jpg,0.00037877707,0.002798805,0.99644357,0.00037877707,c
test_4749.jpg,9.606786e-05,0.00033530977,2.4289759e-05,0.9995443,d
test_4750.jpg,2.1444079e-05,2.2827104e-05,1.7777767e-05,0.999938,d
test_4751.jpg,3.5008363e-06,7.8114215e-07,0.9999913,4.4951626e-06,c
test_4752.jpg,0.99996006,1.0129688e-05,2.1444552e-05,8.397807e-06,a
test_4753.jpg,2.5502275e-05,0.985858,5.3988315e-05,0.014062509,b
test_4754.jpg,9.02403e-05,0.000108850574,0.00033528337,0.99946564,d
test_4755.jpg,0.9999318,8.397569e-06,1.1478117e-05,4.832468e-05,a
test_4756.jpg,4.4951726e-06,1.3709503e-06,4.7378774e-07,0.99999356,d
test_4757.jpg,0.99964285,0.00010886988,1.777252e-05,0.00023047751,a
test_4758.jpg,0.0004842562,0.002786702,0.004594495,0.9921346,d
test_4759.jpg,8.4805484e-05,4.2642874e-05,0.9998497,2.2825088e-05,c
test_4760.jpg,0.99884015,0.0010320991,7.9586935e-05,4.8271922e-05,a
test_4761.jpg,4.264441e-05,2.0143794e-05,0.9998857,5.1438983e-05,c
test_4762.jpg,4.2228053e-06,5.714946e-07,0.99998915,6.1441456e-06,c
test_4763.jpg,0.99994063,3.763563e-05,1.4738323e-05,6.9618914e-06,a
test_4764.jpg,0.99978465,3.1196167e-05,0.00014882858,3.5349887e-05,a
test_4765.jpg,2.9022892e-06,1.0676924e-06,0.99998915,6.9622292e-06,c
test_4766.jpg,9.02629e-05,0.999716,0.00012337476,7.029682e-05,b
test_4767.jpg,0.999843,1.2217307e-05,0.00012339043,2.1442042e-05,a
test_4768.jpg,1.1478332e-05,0.9999505,4.7848807e-06,3.321365e-05,b
test_4769.jpg,7.889208e-06,6.1441215e-06,6.8935134e-07,0.9999852,d
test_4770.jpg,1.7773598e-05,0.0002304915,0.99970347,4.8313646e-05,c
test_4771.jpg,3.5007058e-06,0.999954,1.6700933e-05,2.5866912e-05,b
test_4772.jpg,4.8315796e-05,0.00015842138,0.99974793,4.5388486e-05,c
test_4773.jpg,3.320954e-05,0.9998267,1.6698807e-05,0.00012338841,b
test_4774.jpg,5.4220873e-06,2.9022344e-06,0.9999703,2.1444772e-05,c
test_4775.jpg,0.0001794876,4.5381574e-05,0.9995957,0.0001794876,c
test_4776.jpg,0.9997491,9.0265894e-05,7.029915e-05,9.0265894e-05,a
test_4777.jpg,2.1444353e-05,1.4738473e-05,1.3006657e-05,0.99995077,d
test_4778.jpg,6.1439378e-06,1.5689095e-05,0.9999553,2.2827498e-05,c
test_4779.jpg,0.0009173351,0.88777435,0.106029525,0.005278899,b
test_4780.jpg,0.00012335426,0.0002033768,0.00012335426,0.9995499,d
test_4781.jpg,1.1478461e-05,1.3845666e-05,0.99996173,1.30068e-05,c
test_4782.jpg,0.9941929,0.0031642981,0.00017851748,0.002464358,a
test_4783.jpg,0.99994874,5.09347e-06,3.535569e-05,1.07828755e-05,a
test_4784.jpg,0.0849498,0.0015559101,0.91329646,0.00019781174,c
test_4785.jpg,1.8738175e-06,0.9999672,6.5402655e-06,2.4300034e-05,b
test_4786.jpg,0.99987614,2.753304e-05,7.484257e-05,2.1442753e-05,a
test_4787.jpg,5.828055e-05,0.99975795,7.483372e-05,0.000108882414,b
test_4788.jpg,7.0303766e-05,0.9998148,3.5350953e-05,7.96646e-05,b
test_4789.jpg,0.9996903,2.4293304e-05,0.0002453537,4.0052884e-05,a
test_4790.jpg,8.315203e-07,0.99998987,2.4060837e-06,6.9622342e-06,b
test_4791.jpg,1.4738733e-05,7.889075e-06,8.9394935e-06,0.9999684,d
test_4792.jpg,0.999915,3.1200234e-05,4.539607e-05,8.397428e-06,a
test_4793.jpg,2.753458e-05,1.892422e-05,0.99993205,2.1443951e-05,c
test_4794.jpg,0.7035991,0.29330373,0.0002217308,0.0028754487,a
test_4795.jpg,2.4288529e-05,0.9994937,0.00043052447,5.1418818e-05,b
test_4796.jpg,1.8737846e-06,0.9999497,1.3006644e-05,3.5355723e-05,b
test_4797.jpg,2.5866353e-05,2.2826976e-05,0.9999324,1.8924227e-05,c
test_4798.jpg,0.37748796,0.00011896078,2.0672283e-05,0.6223724,d
test_4799.jpg,1.07826345e-05,0.9999263,3.5354897e-05,2.7534423e-05,b
test_4800.jpg,0.00024525903,0.99930453,7.026789e-05,0.00037986462,b
test_4801.jpg,2.0140085e-05,0.99970156,0.00020340766,7.48295e-05,b
test_4802.jpg,1.7777005e-05,0.9998951,1.2217944e-05,7.4843985e-05,b
test_4803.jpg,8.397676e-06,0.99994445,1.3845427e-05,3.321345e-05,b
test_4804.jpg,1.012925e-05,0.9999168,3.535456e-05,3.763473e-05,b
test_4805.jpg,0.0002451773,0.0004875933,0.0002957403,0.9989716,d
test_4806.jpg,1.8924566e-05,7.8889325e-06,0.9999503,2.2827384e-05,c
test_4807.jpg,0.00015691672,0.0010232255,0.9902525,0.008567363,c
test_4808.jpg,0.9998641,2.9308414e-05,5.8286743e-05,4.832141e-05,a
test_4809.jpg,2.0110017e-05,0.9982091,7.019086e-05,0.001700569,b
test_4810.jpg,1.01277565e-05,0.9997694,6.204003e-05,0.00015842478,b
test_4811.jpg,6.203645e-05,2.2821938e-05,0.9997117,0.00020340971,c
test_4812.jpg,1.994636e-06,0.999951,6.9619637e-06,4.006333e-05,b
test_4813.jpg,8.480938e-05,1.07823025e-05,8.938843e-06,0.9998956,d
test_4814.jpg,0.9999504,1.6700873e-05,5.4219795e-06,2.7535085e-05,a
test_4815.jpg,0.0016972382,0.0014978072,0.99625397,0.0005510125,c
test_4816.jpg,0.999967,8.939481e-06,7.4110903e-06,1.670115e-05,a
test_4817.jpg,2.7533353e-05,0.99988747,5.421638e-06,7.967039e-05,b
test_4818.jpg,0.005212859,0.00022903702,0.99339503,0.001163146,c
test_4819.jpg,0.999529,0.0002959053,0.00013977577,3.5340847e-05,a
test_4820.jpg,2.4289608e-05,0.9995382,0.00010226307,0.0003353077,b
test_4821.jpg,0.999895,5.143946e-05,2.930932e-05,2.4298279e-05,a
test_4822.jpg,3.726619e-06,2.406086e-06,3.0894755e-06,0.9999908,d
test_4823.jpg,7.888776e-06,0.9999305,1.0129389e-05,5.1441286e-05,b
test_4824.jpg,1.012859e-05,0.9998516,2.9308048e-05,0.000108892615,b
test_4825.jpg,0.04191071,0.0018414282,0.0023644406,0.9538834,d
test_4826.jpg,1.3845165e-05,5.829032e-05,2.4059289e-06,0.9999255,d
test_4827.jpg,0.999514,7.4815456e-05,3.118772e-05,0.00037994422,a
test_4828.jpg,0.0018494773,0.95805293,0.007314824,0.032782767,b
test_4829.jpg,0.9999956,1.7603386e-06,8.851538e-07,1.7603386e-06,a
test_4830.jpg,4.8321333e-05,8.4806576e-05,4.222271e-06,0.99986255,d
test_4831.jpg,0.9999504,1.3006653e-05,1.0782894e-05,2.5866819e-05,a
test_4832.jpg,2.1441092e-05,0.00015842942,0.9997987,2.1441092e-05,c
test_4833.jpg,0.0006255259,0.99808407,0.0004871601,0.0008031912,b
test_4834.jpg,1.0783248e-05,3.5008084e-06,2.4060678e-06,0.9999833,d
test_4835.jpg,0.0010309819,0.99775887,0.0010309819,0.00017915778,b
test_4836.jpg,0.0003352225,8.4757514e-05,0.00029583284,0.9992842,d
test_4837.jpg,2.9300107e-05,0.00033532197,5.4739805e-05,0.9995807,d
test_4838.jpg,1.47383025e-05,0.9999392,1.6700686e-05,2.9310615e-05,b
test_4839.jpg,2.9309635e-05,1.6700125e-05,4.8323418e-05,0.9999057,d
test_4840.jpg,1.2218748e-05,2.4060143e-06,0.999961,2.4299883e-05,c
test_4841.jpg,0.9999403,4.832509e-05,7.4108925e-06,3.966765e-06,a
test_4842.jpg,2.2602226e-06,0.9999527,1.3845542e-05,3.120141e-05,b
test_4843.jpg,0.00070632534,0.99458015,0.0019199913,0.002793571,b
test_4844.jpg,0.0007850079,0.0007850079,0.022941293,0.9754886,d
test_4845.jpg,6.1440232e-06,1.7602922e-06,0.99996924,2.2827817e-05,c
test_4846.jpg,0.0001794673,0.0001794673,0.99948263,0.00015837935,c
test_4847.jpg,2.013914e-05,0.0002959425,0.99965465,2.9302275e-05,c
test_4848.jpg,1.8924651e-05,1.7778066e-05,0.9999548,8.397763e-06,c
test_4849.jpg,0.99998426,6.1441156e-06,3.5008118e-06,6.1441156e-06,a
test_4850.jpg,6.5403115e-06,6.144054e-06,0.99997425,1.3006963e-05,c
test_4851.jpg,2.9308934e-05,0.99988186,2.2825823e-05,6.6048706e-05,b
test_4852.jpg,0.99992144,2.7534288e-05,3.3212687e-05,1.7777473e-05,a
test_4853.jpg,0.7804383,0.17413932,0.034290064,0.011132354,a
test_4854.jpg,2.1444272e-05,0.99994695,1.0129555e-05,2.1444272e-05,b
test_4855.jpg,6.144109e-06,4.495126e-06,6.144109e-06,0.9999832,d
test_4856.jpg,1.0129704e-05,5.42204e-06,0.9999616,2.2827642e-05,c
test_4857.jpg,1.5689364e-05,7.411131e-06,4.495078e-06,0.99997246,d
test_4858.jpg,0.99994504,8.939285e-06,3.1201173e-05,1.4738388e-05,a
test_4859.jpg,0.9999895,3.726614e-06,3.50083e-06,3.2887253e-06,a
test_4860.jpg,0.9998858,2.2825912e-05,6.204726e-05,2.930905e-05,a
test_4861.jpg,3.500697e-06,0.9999515,1.5689036e-05,2.9310975e-05,b
test_4862.jpg,2.4299341e-05,3.1200972e-05,5.7715993e-06,0.9999387,d
test_4863.jpg,9.610076e-05,1.14775985e-05,5.7712987e-06,0.99988663,d
test_4864.jpg,8.3977075e-06,3.535567e-05,7.888916e-06,0.99994826,d
test_4865.jpg,1.892197e-05,9.514564e-06,0.99981314,0.0001584317,c
test_4866.jpg,2.586721e-05,7.41108e-06,1.136526e-06,0.99996555,d
test_4867.jpg,0.13292156,0.8667574,0.00019983946,0.00012120877,b
test_4868.jpg,3.7265875e-06,6.540364e-06,0.99998236,7.411204e-06,c
test_4869.jpg,4.8273432e-05,4.8273432e-05,0.0010321315,0.9988714,d
test_4870.jpg,0.00021490412,0.06752087,0.0001673675,0.93209684,d
test_4871.jpg,0.00013970767,0.00070949405,0.999042,0.00010880444,c
test_4872.jpg,0.9999807,6.1440937e-06,4.7850253e-06,8.39798e-06,a
test_4873.jpg,7.4111185e-06,5.0935823e-06,0.9999708,1.6701213e-05,c
test_4874.jpg,5.0929993e-06,0.99985635,4.8321035e-05,9.027558e-05,b
test_4875.jpg,0.99998426,3.288708e-06,7.4112186e-06,5.093651e-06,a
test_4876.jpg,2.5850317e-05,0.9993125,0.00055270415,0.000108833905,b
test_4877.jpg,6.9621638e-06,1.8738409e-06,0.99997973,1.1478667e-05,c
test_4878.jpg,2.7534574e-05,1.4738193e-05,2.5866337e-05,0.9999318,d
test_4879.jpg,2.726457e-06,1.7603329e-06,0.9999924,3.0894803e-06,c
test_4880.jpg,6.144084e-06,4.495108e-06,0.99997914,1.0129882e-05,c
test_4881.jpg,0.9999416,2.9310686e-05,1.0129501e-05,1.89244e-05,a
test_4882.jpg,1.8923483e-05,6.204771e-05,0.99989307,2.5865334e-05,c
test_4883.jpg,0.9989988,2.4276502e-05,0.000910969,6.599037e-05,a
test_4884.jpg,6.1441324e-06,6.1441324e-06,6.083515e-07,0.999987,d
test_4885.jpg,0.9999801,3.2886944e-06,1.8738416e-06,1.4738905e-05,a
test_4886.jpg,8.391797e-06,0.99924445,3.7609425e-05,0.00070963777,b
test_4887.jpg,1.0783155e-05,5.7718066e-06,8.939549e-06,0.9999746,d
test_4888.jpg,1.8738534e-06,2.7264407e-06,0.9999864,8.939654e-06,c
test_4889.jpg,4.8322272e-05,2.1442878e-05,0.999882,4.8322272e-05,c
test_4890.jpg,1.6701135e-05,3.2886485e-06,0.99996614,1.3845728e-05,c
test_4891.jpg,0.0004014189,0.00016733629,0.93192303,0.06750828,c
test_4892.jpg,2.1441783e-05,9.6095406e-05,0.99983096,5.1436167e-05,c
test_4893.jpg,0.0008034293,0.00062571134,0.99837995,0.00019083118,c
test_4894.jpg,3.1201398e-05,1.0782915e-05,5.771678e-06,0.9999523,d
test_4895.jpg,2.0145535e-05,2.406041e-06,5.422097e-06,0.9999721,d
test_4896.jpg,6.5401805e-06,0.9999542,1.7778057e-05,2.1444426e-05,b
test_4897.jpg,0.9972729,0.00011561663,0.00013946027,0.0024719925,a
test_4898.jpg,2.429981e-05,6.1439546e-06,0.99995804,1.1478418e-05,c
test_4899.jpg,0.9994382,7.963459e-05,0.000102252845,0.00037991544,a
test_4900.jpg,5.4221573e-06,1.370936e-06,0.9999832,1.0129923e-05,c
test_4901.jpg,2.0144844e-05,0.9999378,2.429932e-05,1.7777764e-05,b
test_4902.jpg,0.0124212345,0.9867409,0.00029211945,0.00054575095,b
test_4903.jpg,7.484005e-05,3.1197975e-05,0.9998425,5.143676e-05,c
test_4904.jpg,0.0008031691,0.0002301118,0.00091010984,0.9980566,d
test_4905.jpg,2.7532233e-05,1.6699143e-05,0.00010889209,0.9998468,d
test_4906.jpg,0.094740115,0.0022280742,0.0041625905,0.8988692,d
test_4907.jpg,1.6536628e-06,0.9999821,4.785032e-06,1.1478694e-05,b
test_4908.jpg,9.514642e-06,0.99982136,2.930716e-05,0.00013981665,b
test_4909.jpg,1.7774877e-05,0.99977547,4.8317124e-05,0.00015842574,b
test_4910.jpg,1.4593178e-06,0.9999585,1.5689146e-05,2.4299823e-05,b
test_4911.jpg,0.8335286,0.0021993634,0.16413149,0.0001406006,a
test_4912.jpg,7.88912e-06,1.2218908e-05,5.771803e-06,0.999974,d
test_4913.jpg,0.9999932,3.089483e-06,1.7603344e-06,1.8738662e-06,a
test_4914.jpg,4.2224997e-06,0.9999168,5.144058e-05,2.7534159e-05,b
test_4915.jpg,6.144151e-06,2.406084e-06,1.4593637e-06,0.99999,d
test_4916.jpg,4.7850435e-06,7.41122e-06,3.288709e-06,0.9999845,d
test_4917.jpg,6.1440805e-06,3.7265731e-06,0.99997854,1.14786535e-05,c
test_4918.jpg,3.5347966e-05,0.00017951177,0.9997303,5.4747998e-05,c
test_4919.jpg,9.0110676e-05,0.99803,0.00037938013,0.0015004774,b
test_4920.jpg,0.0001022381,0.00011585095,0.00048775072,0.99929404,d
test_4921.jpg,2.4297815e-05,9.515162e-06,0.9998759,9.027734e-05,c
test_4922.jpg,1.4721952e-05,0.9988299,0.0010320885,0.0001232654,b
test_4923.jpg,0.99997854,8.939584e-06,8.397962e-06,4.2227607e-06,a
test_4924.jpg,5.0935314e-06,2.9022067e-06,0.9999608,3.1201664e-05,c
test_4925.jpg,4.2646596e-05,1.3006477e-05,7.4108675e-06,0.99993694,d
test_4926.jpg,7.4112236e-06,5.422167e-06,2.2602956e-06,0.999985,d
test_4927.jpg,0.99983454,2.0142765e-05,0.00011591361,2.9307548e-05,a
test_4928.jpg,0.9999534,8.397751e-06,2.4299698e-05,1.3845551e-05,a
test_4929.jpg,2.4289446e-05,0.00010885775,0.00033530546,0.9995315,d
test_4930.jpg,1.209841e-06,0.9999784,7.411175e-06,1.3007017e-05,b
test_4931.jpg,4.5349978e-05,0.9988997,2.28034e-05,0.0010321607,b
test_4932.jpg,3.1200434e-05,2.586607e-05,2.1443724e-05,0.99992144,d
test_4933.jpg,3.5355693e-05,8.397713e-06,7.410956e-06,0.99994886,d
test_4934.jpg,0.00012788904,0.97350967,0.025943153,0.000419332,b
test_4935.jpg,1.3709404e-06,0.9999863,4.49514e-06,7.889216e-06,b
test_4936.jpg,0.9973016,0.00016822603,5.813736e-05,0.0024720635,a
test_4937.jpg,0.9999268,1.3006345e-05,2.0144622e-05,4.006236e-05,a
test_4938.jpg,4.2635613e-05,0.00026117478,1.6696347e-05,0.99967945,d
test_4939.jpg,0.99998033,1.0129894e-05,4.222768e-06,5.4221414e-06,a
test_4940.jpg,0.00043053005,4.2628246e-05,2.013616e-05,0.9995067,d
test_4941.jpg,1.3845724e-05,1.892486e-05,1.287853e-06,0.9999659,d
test_4942.jpg,0.0011435982,0.020270765,0.9767001,0.0018854749,c
test_4943.jpg,0.000108794906,2.5841055e-05,0.9989544,0.00091092853,c
test_4944.jpg,0.004044096,0.0005141491,0.9895577,0.005884125,c
test_4945.jpg,2.2827422e-05,1.2218638e-05,0.99995196,1.3006673e-05,c
test_4946.jpg,0.97354895,0.020205364,0.0027344988,0.003511166,a
test_4947.jpg,0.0025990447,0.26510978,0.01164811,0.72064304,d
test_4948.jpg,0.00069793884,0.07578316,0.92322797,0.0002909442,c
test_4949.jpg,5.7715106e-06,0.99992335,3.7634978e-05,3.321275e-05,b
test_4950.jpg,0.00013978437,9.0251575e-05,0.00017948668,0.9995906,d
test_4951.jpg,7.966195e-05,0.99978155,9.6090655e-05,4.2639967e-05,b
test_4952.jpg,4.0062223e-05,2.4298968e-05,1.2218288e-05,0.99992335,d
test_4953.jpg,2.2827893e-05,2.5612185e-06,2.1233247e-06,0.9999726,d
test_4954.jpg,0.0006262004,0.9991603,0.00012330618,9.021273e-05,b
test_4955.jpg,7.4112404e-06,3.7266057e-06,1.6536712e-06,0.99998724,d
test_4956.jpg,1.3708777e-06,0.99994063,6.5400914e-06,5.144181e-05,b
test_4957.jpg,0.99806637,0.0011686155,0.00013957123,0.0006255148,a
test_4958.jpg,0.00065836095,8.909947e-05,0.9868303,0.0124223605,c
test_4959.jpg,0.9999069,7.031024e-05,8.938944e-06,1.3844908e-05,a
test_4960.jpg,2.1444253e-05,1.5688951e-05,1.67008e-05,0.9999461,d
test_4961.jpg,0.9938929,9.552469e-05,0.000101685495,0.005909903,a
test_4962.jpg,1.0783018e-05,9.51598e-06,0.999962,1.7778193e-05,c
test_4963.jpg,1.0676874e-06,1.4593558e-06,1.3007096e-05,0.9999845,d
test_4964.jpg,0.8423416,0.14637701,0.010603516,0.0006778601,a
test_4965.jpg,6.555114e-05,8.333892e-06,0.9923495,0.007576681,c
test_4966.jpg,8.939582e-06,1.147865e-05,1.4593465e-06,0.9999782,d
test_4967.jpg,0.00037993738,6.202307e-05,0.999496,6.202307e-05,c
test_4968.jpg,6.540361e-06,6.144101e-06,5.42215e-06,0.9999819,d
test_4969.jpg,6.1440796e-06,2.4060562e-06,0.9999784,1.3007017e-05,c
test_4970.jpg,0.0009075216,0.0031675617,0.9952182,0.0007067785,c
test_4971.jpg,1.8924295e-05,7.4108607e-06,0.999936,3.7635455e-05,c
test_4972.jpg,6.962128e-06,3.7265586e-06,1.4738825e-05,0.9999746,d
test_4973.jpg,0.9945299,0.00037804962,0.0010276454,0.0040644165,a
test_4974.jpg,1.9946485e-06,0.9999572,9.515935e-06,3.120155e-05,b
test_4975.jpg,0.0015534792,0.1089073,0.80472213,0.08481709,c
test_4976.jpg,1.2218729e-05,5.4220286e-06,0.99995947,2.2827593e-05,c
test_4977.jpg,0.001910746,0.5297969,0.4675441,0.0007482589,b
test_4978.jpg,3.7264817e-06,0.999954,1.473852e-05,2.7535183e-05,b
test_4979.jpg,3.5007754e-06,2.561222e-06,0.9999739,2.0145571e-05,c
test_4980.jpg,0.9999567,1.77781e-05,1.8924688e-05,6.540197e-06,a
test_4981.jpg,1.0782711e-05,5.144144e-05,4.22257e-06,0.9999335,d
test_4982.jpg,0.00048688796,0.99752647,0.00048688796,0.0014997204,b
test_4983.jpg,7.4099075e-06,0.9998074,4.5391185e-05,0.0001398147,b
test_4984.jpg,0.99467504,0.0006635946,0.0014954334,0.0031658327,a
test_4985.jpg,3.96687e-06,1.7602878e-06,2.7535536e-05,0.99996674,d
test_4986.jpg,2.4300009e-05,4.7849558e-06,4.7849558e-06,0.99996614,d
test_4987.jpg,1.5688944e-05,5.4219536e-06,0.99994564,3.321349e-05,c
test_4988.jpg,4.2228135e-06,1.0030061e-06,0.99999106,3.7266198e-06,c
test_4989.jpg,0.01586789,0.0021474855,0.00027302213,0.9817116,d
test_4990.jpg,1.9946647e-06,0.9999653,8.397851e-06,2.4299989e-05,b
test_4991.jpg,6.6051005e-05,1.30062135e-05,4.2224992e-06,0.9999167,d
test_4992.jpg,5.093673e-06,8.851476e-07,0.99998856,5.4221864e-06,c
test_4993.jpg,1.012814e-05,3.0889084e-06,0.9998073,0.0001795256,c
test_4994.jpg,0.0410429,0.002973138,0.3894042,0.56657976,d
test_4995.jpg,0.033064358,0.9662822,0.00028606277,0.00036731188,b
test_4996.jpg,3.726389e-06,0.9999291,1.5688684e-05,5.1441213e-05,b
test_4997.jpg,0.99254864,0.00668774,0.00066217594,0.000101547965,a
test_4998.jpg,0.00852712,0.0006999486,0.0051719598,0.985601,d
test_4999.jpg,0.9999155,4.5396093e-05,7.888658e-06,3.120025e-05,a
test_5000.jpg,0.000102291895,6.204317e-05,1.5686972e-05,0.99981993,d
test_5001.jpg,0.0026313202,0.059888564,0.00066530186,0.9368148,d
test_5002.jpg,6.6044486e-05,3.1197207e-05,0.999818,8.480279e-05,c
test_5003.jpg,0.9999747,6.1440574e-06,1.0783156e-05,8.39793e-06,a
test_5004.jpg,5.4221687e-06,6.5403838e-06,0.99998534,2.7264377e-06,c
test_5005.jpg,0.9999893,6.5404097e-06,1.3709445e-06,2.7264484e-06,a
test_5006.jpg,3.763139e-05,0.999828,5.475335e-05,7.966565e-05,b
test_5007.jpg,1.14786835e-05,2.902266e-06,4.495117e-06,0.99998116,d
test_5008.jpg,1.4736886e-05,0.9998431,3.3210086e-05,0.00010889169,b
test_5009.jpg,2.01095e-05,0.9981834,9.593706e-05,0.0017005253,b
test_5010.jpg,2.4292589e-05,0.99966085,1.8919087e-05,0.00029594434,b
test_5011.jpg,0.9999943,2.123371e-06,1.5534914e-06,1.9947224e-06,a
test_5012.jpg,0.0024245821,0.81091166,0.04574851,0.1409153,b
test_5013.jpg,6.202787e-05,0.9995734,2.9299894e-05,0.00033531952,b
test_5014.jpg,0.00010888088,0.00013980582,7.409437e-06,0.9997439,d
test_5015.jpg,0.01583747,0.0040043397,0.0003286962,0.97982955,d
test_5016.jpg,1.0129172e-05,0.99990904,2.9309731e-05,5.1440184e-05,b
test_5017.jpg,2.586563e-05,2.4298508e-05,4.539559e-05,0.9999044,d
test_5018.jpg,1.3842807e-05,0.9997552,5.1432267e-05,0.00017951624,b
test_5019.jpg,0.0004305351,5.769173e-06,0.9995184,4.5378067e-05,c
test_5020.jpg,0.99903584,0.00020327218,0.000404255,0.0003567538,a
test_5021.jpg,0.0010295286,0.0024697108,0.00014831766,0.99635243,d
test_5022.jpg,5.8269463e-05,0.00027798806,9.60701e-05,0.9995677,d
test_5023.jpg,0.0013144076,0.00045424709,0.53026986,0.4679615,c
test_5024.jpg,2.7534912e-05,2.144421e-05,6.9619155e-06,0.9999441,d
test_5025.jpg,3.3211414e-05,4.832233e-05,3.5353372e-05,0.9998832,d
test_5026.jpg,0.00070949405,0.00010880444,0.999042,0.00013970767,c
test_5027.jpg,0.00019069496,0.001925951,0.0002160857,0.9976673,d
test_5028.jpg,0.00019106685,0.999613,3.7623297e-05,0.00015839998,b
test_5029.jpg,9.015586e-05,5.468229e-05,0.0013248306,0.9985304,d
test_5030.jpg,1.0029802e-06,0.9999652,9.516011e-06,2.4299985e-05,b
test_5031.jpg,3.7628277e-05,0.9997453,3.7628277e-05,0.00017951446,b
test_5032.jpg,0.00070940406,0.9989153,7.959292e-05,0.0002957236,b
test_5033.jpg,0.99988127,6.604866e-05,3.1199183e-05,2.1442862e-05,a
test_5034.jpg,6.962185e-06,5.771854e-06,4.4951244e-06,0.99998283,d
test_5035.jpg,1.0782673e-05,0.9999299,1.3845226e-05,4.5396748e-05,b
test_5036.jpg,0.00012337747,0.99973804,4.8315316e-05,9.026489e-05,b
test_5037.jpg,1.0781859e-05,0.99985445,2.5864336e-05,0.00010889293,b
test_5038.jpg,0.999561,4.5380002e-05,0.00033531536,5.8269074e-05,a
test_5039.jpg,0.99459547,9.5592215e-05,8.9800575e-05,0.005219158,a
test_5040.jpg,0.00020277023,0.0004292646,0.9965688,0.0027991568,c
test_5041.jpg,0.9990621,0.0007095083,0.00014872102,7.960462e-05,a
test_5042.jpg,0.024189375,0.058027297,0.90769964,0.010083633,c
test_5043.jpg,0.029260024,0.968959,0.001001223,0.00077975326,b
test_5044.jpg,0.00015823837,7.9567246e-05,0.99859303,0.0011692322,c
test_5045.jpg,0.0011693109,5.4689397e-05,0.9986602,0.00011577746,c
test_5046.jpg,2.583923e-05,0.00017935979,0.9988839,0.0009108642,c
test_5047.jpg,1.3709121e-06,0.99996567,5.4220623e-06,2.7535505e-05,b
test_5048.jpg,0.053326085,0.00019232389,0.94522744,0.0012541092,c
test_5049.jpg,7.889162e-06,3.2886921e-06,0.9999794,9.516146e-06,c
test_5050.jpg,1.012977e-05,0.9999682,3.9668753e-06,1.7778304e-05,b
test_5051.jpg,0.2051304,0.55760217,0.23244317,0.0048242044,b
test_5052.jpg,4.78497e-06,3.2886583e-06,0.9999691,2.2827815e-05,c
test_5053.jpg,3.9669744e-06,1.0676966e-06,0.9999931,1.8738659e-06,c
test_5054.jpg,0.99949133,0.00023044259,0.00020336488,7.481376e-05,a
test_5055.jpg,0.00026098543,0.99895465,0.00015829568,0.00062607153,b
test_5056.jpg,0.008540375,0.0040341876,0.98713315,0.00029223558,c
test_5057.jpg,1.0676739e-06,0.99997175,5.77179e-06,2.1444803e-05,b
test_5058.jpg,0.0016980112,9.579522e-05,0.0014984894,0.9967077,d
test_5059.jpg,0.00091063086,0.00021629377,0.998628,0.000245093,c
test_5060.jpg,1.6693082e-05,0.99948394,0.00029589198,0.00020336338,b
test_5061.jpg,0.9621617,0.00306235,0.0057212226,0.029054767,a
test_5062.jpg,1.8738699e-06,2.2603188e-06,6.475922e-07,0.99999523,d
test_5063.jpg,4.8239854e-05,0.9981766,7.4715346e-05,0.0017005135,b
test_5064.jpg,3.9992567e-05,0.99818474,0.0017005275,7.4715965e-05,b
test_5065.jpg,0.00011590443,7.02996e-05,0.99975544,5.8280406e-05,c
test_5066.jpg,1.3007062e-05,2.902268e-06,2.2602885e-06,0.9999819,d
test_5067.jpg,0.00012304184,0.0028004197,0.99701846,5.8120855e-05,c
test_5068.jpg,7.95077e-05,0.0019262953,0.00014853994,0.99784565,d
test_5069.jpg,7.411124e-06,8.939522e-06,0.9999715,1.2218877e-05,c
test_5070.jpg,1.0783064e-05,2.0145415e-05,2.9022224e-06,0.99996614,d
test_5071.jpg,4.495046e-06,2.75355e-05,2.5612003e-06,0.9999654,d
test_5072.jpg,7.410857e-06,0.9999355,2.5866433e-05,3.1200874e-05,b
test_5073.jpg,1.6536827e-06,6.4759143e-07,0.99999416,3.5008463e-06,c
test_5074.jpg,0.99988186,1.5687943e-05,7.966994e-05,2.2825823e-05,a
