id,p_a,p_b,p_c,p_d,answer
test_0001.jpg,0.001499398,0.0010305202,0.00015803539,0.99731207,d
test_0002.jpg,0.31866166,0.67460674,0.000895055,0.005836492,b
test_0003.jpg,0.0007084936,0.00033466867,0.9976332,0.0013236402,c
test_0004.jpg,0.9982141,0.0008032959,0.0008032959,0.00017923952,a
test_0005.jpg,0.0007090092,0.99835926,0.0005521769,0.00037950528,b
test_0006.jpg,0.0031539525,0.9909424,0.0051999884,0.0007037419,b
test_0007.jpg,0.99957854,0.00015839454,0.0001233578,0.0001397827,a
test_0008.jpg,0.00037956482,0.9985159,0.0005522635,0.0005522635,b
test_0009.jpg,0.002884042,0.016596515,0.07438042,0.906139,d
test_0010.jpg,0.00029571637,0.9988908,0.00026096875,0.00055247085,b
test_0011.jpg,0.0075645996,0.0013145304,0.00035380104,0.9907671,d
test_0012.jpg,4.5382534e-05,0.99961674,0.00017949138,0.0001584006,b
test_0013.jpg,0.9989641,0.00020325759,0.00012328196,0.0007094387,a
test_0014.jpg,0.01573405,0.9734312,0.008421831,0.002412895,b
test_0015.jpg,0.012178893,0.0030793066,0.13093545,0.8538063,d
test_0016.jpg,0.0003795878,0.0007091633,0.00033498503,0.9985763,d
test_0017.jpg,0.99790037,0.00037933086,0.0011684211,0.0005519231,a
test_0018.jpg,0.0035564974,0.98611814,0.00065788586,0.009667562,b
test_0019.jpg,0.00044603122,0.91381997,0.084998496,0.0007353811,b
test_0020.jpg,0.0002033303,0.99932146,0.00029584387,0.00017943836,b
test_0021.jpg,4.005599e-05,0.99976784,9.608934e-05,9.608934e-05,b
test_0022.jpg,0.0080476515,0.002305691,0.9301821,0.059464548,c
test_0023.jpg,7.483249e-05,0.9997415,0.000108880624,7.483249e-05,b
test_0024.jpg,0.98769605,0.0013104557,0.009683032,0.0013104557,a
test_0025.jpg,0.0019012217,0.31973633,0.0014806729,0.6768818,d
test_0026.jpg,0.00037976296,0.00037976296,0.00020327246,0.99903715,d
test_0027.jpg,0.00033522604,0.00010883197,0.00026107428,0.99929476,d
test_0028.jpg,0.7529782,0.24445623,0.0012827887,0.0012827887,a
test_0029.jpg,0.00090948475,0.00055163034,0.9973711,0.0011678014,c
test_0030.jpg,4.538716e-05,0.9997187,0.0001398023,9.608462e-05,b
test_0031.jpg,0.991071,0.0011604248,0.0002016516,0.0075669196,a
test_0032.jpg,0.0003797129,0.9989054,0.0003797129,0.00033509545,b
test_0033.jpg,0.0047669197,0.17887735,0.80167264,0.014683147,c
test_0034.jpg,0.00023039342,0.00023039342,0.00026106994,0.9992781,d
test_0035.jpg,0.00023044259,7.481376e-05,0.00020336488,0.99949133,d
test_0036.jpg,0.0010304739,0.00037909017,0.99726725,0.0013231547,c
test_0037.jpg,0.0029205282,0.051767603,0.027709201,0.91760266,d
test_0038.jpg,0.9986829,0.000910681,0.00020320038,0.00020320038,a
test_0039.jpg,8.478334e-05,0.99958867,9.6072115e-05,0.00023046503,b
test_0040.jpg,0.99912363,0.0004876675,0.00023035781,0.00015832245,a
test_0041.jpg,0.9995079,0.00020336824,5.8265978e-05,0.0002304464,a
test_0042.jpg,0.99662775,0.0024703934,0.00027717045,0.0006246132,a
test_0043.jpg,0.0002956871,0.00020322255,0.9987919,0.0007093164,c
test_0044.jpg,0.9993154,0.00029584207,0.00023040202,0.00015835284,a
test_0045.jpg,0.9955888,0.002796404,0.00070704165,0.0009078595,a
test_0046.jpg,0.996628,0.0013223066,0.0005512194,0.0014983696,a
test_0047.jpg,0.00048776058,0.00013974575,0.9993143,5.825469e-05,c
test_0048.jpg,8.4785635e-05,0.99961567,9.607472e-05,0.00020339018,b
test_0049.jpg,0.00037623174,0.0013131778,0.008562995,0.98974764,d
test_0050.jpg,0.1808607,0.007012731,0.1808607,0.6312659,d
test_0051.jpg,0.0001794673,0.0001794673,0.00015837935,0.99948263,d
test_0052.jpg,9.6091826e-05,3.5350207e-05,7.48364e-05,0.9997937,d
test_0053.jpg,0.99269414,0.0010257486,0.0003773518,0.005902775,a
test_0054.jpg,0.075271755,0.91699773,0.0048119626,0.002918603,b
test_0055.jpg,7.483065e-05,0.99971694,0.00012337488,8.479422e-05,b
test_0056.jpg,0.0011569867,0.9881346,0.0010210372,0.0096873315,b
test_0057.jpg,0.003539769,0.46361822,0.5253483,0.0074936906,c
test_0058.jpg,0.101744585,0.0039450657,0.85189694,0.04241345,c
test_0059.jpg,0.0001583845,0.00023044807,0.9995152,9.606506e-05,c
test_0060.jpg,0.99957186,0.00010886215,0.00017948332,0.00013978177,a
test_0061.jpg,0.99965525,0.00010887123,0.00013979342,9.607852e-05,a
test_0062.jpg,0.0006246429,0.0024705108,0.00022979328,0.99667513,d
test_0063.jpg,9.6092226e-05,6.6043154e-05,4.0057195e-05,0.9997979,d
test_0064.jpg,0.9998097,6.604393e-05,6.604393e-05,5.8283567e-05,a
test_0065.jpg,0.41753468,0.5361251,0.0023323298,0.04400783,b
test_0066.jpg,0.00048755974,0.9989028,0.00017936318,0.00043026992,b
test_0067.jpg,7.482561e-05,0.99964964,9.607798e-05,0.00017949729,b
test_0068.jpg,0.00037865518,0.0010292914,0.9961229,0.002469142,c
test_0069.jpg,0.0007092884,0.00020321454,0.9987525,0.00033504414,c
test_0070.jpg,0.00020325277,0.9989404,0.00023031556,0.00062606257,b
test_0071.jpg,0.00055259117,0.00023035427,0.000108811655,0.99910825,d
test_0072.jpg,0.91053987,0.021413846,0.051369146,0.016677119,a
test_0073.jpg,0.00080325024,0.00055206526,0.99815744,0.00048719594,c
test_0074.jpg,6.6026856e-05,0.9995511,0.00020337704,0.0001794796,b
test_0075.jpg,0.9990288,0.0003797598,0.00029575723,0.00029575723,a
test_0076.jpg,0.98649746,0.0051766634,0.00079386705,0.0075320005,a
test_0077.jpg,0.00048769783,0.99918574,0.0002033027,0.00012330932,b
test_0078.jpg,0.0004303916,0.00026104567,0.99918526,0.00012330926,c
test_0079.jpg,0.0016972676,0.0016972676,0.00033421177,0.99627125,d
test_0080.jpg,9.606792e-05,0.9995449,0.00017947849,0.00017947849,b
test_0081.jpg,0.010959447,0.0014831998,0.0010193873,0.98653793,d
test_0082.jpg,0.0014992912,0.997241,0.0005515584,0.00070821506,b
test_0083.jpg,0.99852633,0.00055226934,0.0006258031,0.00029560848,a
test_0084.jpg,0.00029577667,0.0001793976,0.9990945,0.0004303525,c
test_0085.jpg,0.0013087761,0.6779628,0.00048147183,0.32024696,b
test_0086.jpg,0.00033514565,0.00043033552,0.9990551,0.00017939052,c
test_0087.jpg,5.1427378e-05,0.99966013,0.00017949917,0.00010887176,b
test_0088.jpg,0.09255933,0.00860936,0.87817854,0.02065278,c
test_0089.jpg,4.538658e-05,0.99970585,0.00013980051,0.00010887674,b
test_0090.jpg,0.00010888536,4.005668e-05,0.999785,6.60423e-05,c
test_0091.jpg,0.00090859184,0.0024698088,0.00022972799,0.99639195,d
test_0092.jpg,0.0001397891,0.9996244,0.0001397891,9.607555e-05,b
test_0093.jpg,0.0015007766,0.00023015155,3.9994342e-05,0.9982291,d
test_0094.jpg,4.5391902e-05,0.99982315,9.6094656e-05,3.5351248e-05,b
test_0095.jpg,0.022941014,0.9754767,0.00088951964,0.0006927586,b
test_0096.jpg,0.029208755,0.96726114,0.0023976008,0.0011325463,b
test_0097.jpg,0.0006258586,0.00037960245,0.9986149,0.00037960245,c
test_0098.jpg,0.9994153,0.0003799067,9.605545e-05,0.00010884509,a
test_0099.jpg,0.00026111503,0.00020335661,0.99945074,8.4771644e-05,c
test_0100.jpg,0.99800855,0.0010312399,0.00033479455,0.00062547857,a
test_0101.jpg,7.482095e-05,0.99958736,0.0001794861,0.00015839592,b
test_0102.jpg,5.1427833e-05,0.99966896,0.00013979535,0.00013979535,b
test_0103.jpg,0.33426458,0.018857917,0.5511091,0.09576839,c
test_0104.jpg,0.00029584207,0.9993154,0.00015835284,0.00023040202,b
test_0105.jpg,0.0006260776,0.00017937423,0.00023032108,0.9989643,d
test_0106.jpg,0.242469,0.0023770826,0.008296833,0.7468571,d
test_0107.jpg,0.00055036775,0.0040666983,0.9950883,0.00029459066,c
test_0108.jpg,0.00033508558,0.0007093762,7.95898e-05,0.99887604,d
test_0109.jpg,0.9995012,0.00017947065,0.00013977189,0.00017947065,a
test_0110.jpg,0.00023041225,0.00023041225,0.00017944524,0.9993598,d
test_0111.jpg,0.0007084499,0.00055174134,0.99757177,0.0011680364,c
test_0112.jpg,7.482981e-05,0.99970573,0.0001233735,9.608337e-05,b
test_0113.jpg,0.016742846,0.06621924,0.0029094703,0.9141284,d
test_0114.jpg,0.014136391,0.02992674,0.87458754,0.081349306,c
test_0115.jpg,0.00037989634,0.00012333428,0.00010884212,0.999388,d
test_0116.jpg,0.0021796424,0.996412,0.0010295901,0.00037876505,b
test_0117.jpg,0.99194133,0.0040538376,0.0035774992,0.00042727133,a
test_0118.jpg,8.4797946e-05,0.9997608,9.608866e-05,5.828072e-05,b
test_0119.jpg,0.0059021804,0.000704915,0.0007987733,0.9925942,d
test_0120.jpg,0.0002957829,0.00015832117,0.9991155,0.00043036157,c
test_0121.jpg,0.0040502637,0.00029340014,0.0045895507,0.9910669,d
test_0122.jpg,0.9961648,0.00055096316,0.002798022,0.00048622332,a
test_0123.jpg,0.99965525,0.00010887123,9.607852e-05,0.00013979342,a
test_0124.jpg,0.00033524778,7.4803895e-05,0.0002304122,0.99935955,d
test_0125.jpg,5.142541e-05,0.99962187,0.00020339144,0.00012336313,b
test_0126.jpg,0.99918205,0.00026104486,0.00026104486,0.0002958026,a
test_0127.jpg,0.00043030243,0.00029574227,0.99897826,0.00029574227,c
test_0128.jpg,5.1430925e-05,0.9997291,9.608562e-05,0.00012337638,b
test_0129.jpg,0.00012331636,0.9992429,0.0004304164,0.00020331432,b
test_0130.jpg,0.00017948943,0.00013978653,7.482234e-05,0.99960595,d
test_0131.jpg,0.99940753,0.00026110373,0.00026110373,7.027513e-05,a
test_0132.jpg,0.00029587443,0.00013976118,0.00013976118,0.9994247,d
test_0133.jpg,0.00029587184,0.00020334954,8.47687e-05,0.999416,d
test_0134.jpg,0.0010301148,0.00055138074,0.99691975,0.0014988082,c
test_0135.jpg,0.0051754997,0.006645473,0.8703853,0.117793836,c
test_0136.jpg,0.118955635,0.0013214777,0.0007529553,0.87896985,d
test_0137.jpg,0.77291965,0.026447855,0.0052078916,0.19542469,a
test_0138.jpg,0.99357283,0.0002595794,0.0002595794,0.005908,a
test_0139.jpg,0.033052564,0.9659375,0.00032403594,0.0006859841,b
test_0140.jpg,0.9940142,0.0014944399,0.0009064236,0.003584975,a
test_0141.jpg,6.6037304e-05,0.9997093,8.479358e-05,0.00013980099,b
test_0142.jpg,0.0019232841,0.0006243989,0.9962858,0.0011665308,c
test_0143.jpg,3.5349403e-05,0.99977094,8.4798805e-05,0.000108883825,b
test_0144.jpg,0.00015838565,0.99952245,0.00013977486,0.00017947445,b
test_0145.jpg,0.9970419,0.00055144826,0.0016985805,0.0007080736,a
test_0146.jpg,0.00013965274,0.9986492,0.00017931765,0.0010319018,b
test_0147.jpg,0.998855,0.0003350785,0.00043024935,0.00037969372,a
test_0148.jpg,0.00037976084,0.00043032537,0.99903154,0.00015830786,c
test_0149.jpg,0.00012337441,0.99971324,0.00012337441,4.0053805e-05,b
test_0150.jpg,0.00043023177,0.00055242854,0.9988142,0.0002032271,c
test_0151.jpg,0.9951266,0.0019210463,0.00048571662,0.0024666723,a
test_0152.jpg,0.0035161416,0.97492856,0.015758252,0.005797137,b
test_0153.jpg,0.0005519299,0.00062541844,0.9979126,0.0009099785,c
test_0154.jpg,0.00012337924,5.8280228e-05,6.604015e-05,0.99975234,d
test_0155.jpg,0.9993273,0.00026108278,0.0002958456,0.0001158548,a
test_0156.jpg,0.001168238,0.00037927137,0.99774396,0.00070857216,c
test_0157.jpg,0.17608795,0.7891714,0.030599495,0.0041411915,b
test_0158.jpg,0.00055245636,0.00037969733,0.99886453,0.00020323733,c
test_0159.jpg,0.9997631,6.6040855e-05,7.4834104e-05,9.608888e-05,a
test_0160.jpg,0.00013975307,0.9993667,0.00015836097,0.00033525017,b
test_0161.jpg,0.00023036927,0.00033518532,0.99917334,0.0002610426,c
test_0162.jpg,0.00023045874,8.478103e-05,0.99956137,0.00012335567,c
test_0163.jpg,0.0020850163,0.1461709,0.8411555,0.010588586,c
test_0164.jpg,0.99856097,0.0006258248,0.00055228843,0.00026088257,a
test_0165.jpg,0.00013974677,0.9993217,0.00020333036,0.00033523506,b
test_0166.jpg,0.0016871535,0.99033445,0.0027816459,0.005196798,b
test_0167.jpg,0.00055178726,0.9976548,0.0011681337,0.00062525686,b
test_0168.jpg,0.0008020756,0.0016979942,0.9966978,0.0008020756,c
test_0169.jpg,0.9979298,0.0010311585,0.00048708482,0.00055193936,a
test_0170.jpg,0.0017003731,0.00013957512,6.593061e-05,0.99809414,d
test_0171.jpg,0.00055256614,0.00026101375,0.00012329417,0.9990631,d
test_0172.jpg,0.00015840144,0.9996221,9.607534e-05,0.00012336316,b
test_0173.jpg,0.9970419,0.0007080736,0.00055144826,0.0016985805,a
test_0174.jpg,0.40385202,0.015659042,0.061932713,0.51855624,d
test_0175.jpg,0.0006260047,0.00029570374,0.00023029427,0.9988481,d
test_0176.jpg,0.009623073,0.0013023412,0.9815801,0.007494456,c
test_0177.jpg,0.99741673,0.001323353,0.00070833985,0.0005516556,a
test_0178.jpg,0.00048758558,0.9989557,0.00026098572,0.0002957356,b
test_0179.jpg,0.00037920498,0.99756926,0.00055174,0.0014997848,b
test_0180.jpg,0.9990941,0.00037978461,0.000230351,0.00029577655,a
test_0181.jpg,0.9594377,0.010658392,0.02897251,0.0009313197,a
test_0182.jpg,0.00043030365,0.00043030365,0.99898106,0.00015829987,c
test_0183.jpg,0.00037967198,0.00033505933,0.00048750849,0.9987978,d
test_0184.jpg,0.0014889356,0.004586245,0.0035717709,0.99035305,d
test_0185.jpg,0.9983211,0.0007089821,0.0002608199,0.0007089821,a
test_0186.jpg,0.9995171,0.00020337012,0.0001397741,0.0001397741,a
test_0187.jpg,0.0006259801,0.00023028521,0.000335063,0.99880874,d
test_0188.jpg,0.0004874237,0.00017931314,0.00070919725,0.9986241,d
test_0189.jpg,0.00015841355,5.8277088e-05,8.479266e-05,0.9996985,d
test_0190.jpg,0.0005522991,0.00015823633,0.9985802,0.0007091661,c
test_0191.jpg,0.99949026,0.00010885326,0.00013977036,0.00026112536,a
test_0192.jpg,0.0006247186,0.00010855983,0.99679595,0.0024708102,c
test_0193.jpg,0.0719863,0.7739257,0.152395,0.0016929557,b
test_0194.jpg,0.00079756626,0.46815977,0.0005481587,0.5304945,d
test_0195.jpg,0.0010312253,0.0004871164,0.99799454,0.0004871164,c
test_0196.jpg,0.0024565167,0.0006211046,0.0058928765,0.9910295,d
test_0197.jpg,0.0017003288,0.99806815,0.00011570882,0.00011570882,b
test_0198.jpg,0.86518615,0.001892587,0.1326806,0.00024061544,a
test_0199.jpg,0.9037488,0.0008241122,0.0001727433,0.09525442,a
test_0200.jpg,0.00015839713,0.00012335982,0.999595,0.00012335982,c
test_0201.jpg,0.99633646,0.0004863071,0.00037873635,0.0027985042,a
test_0202.jpg,0.00026108875,0.00023041003,0.99935013,0.00015835834,c
test_0203.jpg,0.80631953,0.1799142,0.0022647858,0.01150153,a
test_0204.jpg,0.0018182157,0.0043616723,0.64732957,0.34649056,c
test_0205.jpg,0.0035858836,0.87743676,0.10479488,0.014182445,b
test_0206.jpg,0.0001794796,6.6026856e-05,0.00020337704,0.9995511,d
test_0207.jpg,0.00010886394,0.9995883,0.000123359,0.00017948628,b
test_0208.jpg,0.002447343,0.0016820326,0.9873285,0.0085420655,c
test_0209.jpg,0.0018918865,0.9800214,0.009607793,0.008478846,b
test_0210.jpg,0.9997193,7.483083e-05,6.603797e-05,0.00013980239,a
test_0211.jpg,0.00029584602,0.00029584602,7.962587e-05,0.99932873,d
test_0212.jpg,0.9996685,8.479011e-05,0.00012336888,0.00012336888,a
test_0213.jpg,0.99925,0.0002958227,0.00015834247,0.0002958227,a
test_0214.jpg,0.041683886,0.0072435727,0.002351644,0.9487209,d
test_0215.jpg,0.00029571875,0.00017936248,0.99889886,0.00062603655,c
test_0216.jpg,0.00037972984,0.0003351104,0.99895006,0.0003351104,c
test_0217.jpg,0.0003351502,0.0002610152,0.9990687,0.0003351502,c
test_0218.jpg,0.9994504,0.00023043314,0.00013976477,0.00017946151,a
test_0219.jpg,0.9994407,0.00026111244,0.0001583727,0.00013976343,a
test_0220.jpg,0.010866643,0.9781839,0.0051330384,0.005816494,b
test_0221.jpg,0.0002609582,0.00017935377,0.00070935796,0.99885035,d
test_0222.jpg,0.0026641334,0.9484971,0.0016158785,0.04722289,b
test_0223.jpg,0.0013233657,0.00062511367,0.99742633,0.00062511367,c
test_0224.jpg,0.999338,0.00026108557,0.00026108557,0.00013974906,a
test_0225.jpg,0.99888605,0.0007093833,0.000108787455,0.00029571497,a
test_0226.jpg,0.99943167,0.00017945816,0.00023042884,0.00015837127,a
test_0227.jpg,0.000487084,0.0013240315,0.00026071724,0.99792814,d
test_0228.jpg,0.00043029443,0.0003797335,0.00023032,0.99895966,d
test_0229.jpg,0.00020326742,0.0006261077,0.00015830481,0.99901235,d
test_0230.jpg,0.003569591,0.0051937243,0.98974866,0.0014880269,c
test_0231.jpg,0.047195993,0.0018299873,0.9479569,0.0030171392,c
test_0232.jpg,4.5386583e-05,0.999706,0.00010887675,0.00013980053,b
test_0233.jpg,0.00048754466,0.0002609638,0.99887186,0.00037970016,c
test_0234.jpg,0.00048730182,0.00033491728,0.99837434,0.0008034248,c
test_0235.jpg,0.99774134,0.00037927038,0.0015000434,0.00037927038,a
test_0236.jpg,0.00020330568,0.00026104963,0.00033519437,0.9992004,d
test_0237.jpg,0.0040646414,0.0005500894,0.994585,0.00080037536,c
test_0238.jpg,0.0021797542,0.0011667383,0.00019046478,0.9964631,d
test_0239.jpg,0.0013237505,0.00033469652,0.0006252954,0.9977163,d
test_0240.jpg,0.049491677,0.7741801,0.0035851656,0.17274295,b
test_0241.jpg,0.00020337639,0.00010885954,0.00013977842,0.9995479,d
test_0242.jpg,0.00020339208,0.00012336353,4.8309852e-05,0.99962497,d
test_0243.jpg,3.5352314e-05,0.99985325,4.539327e-05,6.6046814e-05,b
test_0244.jpg,0.0013236915,0.00037924395,0.9976718,0.0006252675,c
test_0245.jpg,0.0016987016,0.0010303145,0.00015800384,0.997113,d
test_0246.jpg,0.027113847,0.42413196,0.004158043,0.5445962,d
test_0247.jpg,0.00450966,0.020210892,0.9738153,0.0014640721,c
test_0248.jpg,0.9989736,0.00026099037,0.0003351183,0.00043030042,a
test_0249.jpg,0.9996793,8.4791034e-05,9.608083e-05,0.00013979679,a
test_0250.jpg,0.00033517758,0.00017940762,0.9991503,0.00033517758,c
test_0251.jpg,0.00023047964,5.142696e-05,0.999652,6.603352e-05,c
test_0252.jpg,0.0001794501,0.9993868,0.0002033436,0.00023041849,b
test_0253.jpg,0.8487739,0.1301637,0.013719152,0.0073433327,a
test_0254.jpg,0.999652,0.00023047964,6.603352e-05,5.142696e-05,a
test_0255.jpg,0.9975866,0.00037921156,0.000334653,0.0016995084,a
test_0256.jpg,2.9307346e-05,0.9998276,8.4803614e-05,5.8284615e-05,b
test_0257.jpg,0.0007093218,0.99879944,0.0002609449,0.00023028307,b
test_0258.jpg,7.4837895e-05,0.99981374,6.60442e-05,4.5391473e-05,b
test_0259.jpg,0.00043040817,0.0002610557,8.475239e-05,0.9992237,d
test_0260.jpg,8.478396e-05,0.99959594,0.00017948764,0.00013978513,b
test_0261.jpg,0.99961156,0.000108866465,0.00013978731,0.00013978731,a
test_0262.jpg,0.058686394,0.019052682,0.91800964,0.0042512286,c
test_0263.jpg,0.9996094,0.00010886623,0.00012336159,0.00015839942,a
test_0264.jpg,9.609342e-05,3.5350793e-05,5.8283604e-05,0.9998103,d
test_0265.jpg,0.0008035866,0.99857545,0.00019086854,0.00043012892,b
test_0266.jpg,0.94890964,0.002352112,0.01194501,0.03679322,a
test_0267.jpg,0.0043580798,0.16353571,0.0016032478,0.8305029,d
test_0268.jpg,0.000108886954,4.0057268e-05,5.1434556e-05,0.99979967,d
test_0269.jpg,0.00037980397,0.00017940668,0.00029579163,0.99914503,d
test_0270.jpg,0.99083835,0.0007973603,0.001688012,0.006676216,a
test_0271.jpg,0.20146078,0.0013574322,0.00038891082,0.79679286,d
test_0272.jpg,0.0009087963,0.0005512128,0.9966162,0.0019239219,c
test_0273.jpg,0.9979639,0.0004298655,0.0008030945,0.0008030945,a
test_0274.jpg,0.9997093,0.00013980099,6.6037304e-05,8.479358e-05,a
test_0275.jpg,0.0004875151,0.99881136,0.0001486837,0.00055242697,b
test_0276.jpg,0.0046004527,0.99342114,0.0014935483,0.00048488416,b
test_0277.jpg,0.0013239858,0.00048706715,0.00029542117,0.99789363,d
test_0278.jpg,0.0011690013,0.99839586,0.00029556986,0.00013961732,b
test_0279.jpg,0.009680919,0.0016822916,0.0011562208,0.9874806,d
test_0280.jpg,0.0010090995,0.9765817,0.0045224708,0.017886717,b
test_0281.jpg,0.9850739,0.0006173721,0.00025735897,0.014051325,a
test_0282.jpg,0.00055170147,0.001323463,0.99749964,0.00062515965,c
test_0283.jpg,0.0009105421,0.9985306,0.00037957044,0.00017929636,b
test_0284.jpg,0.00026115292,5.8271093e-05,0.9995957,8.478394e-05,c
test_0285.jpg,0.00033478686,0.9979856,0.0015004106,0.0001791985,b
test_0286.jpg,0.00048722757,0.9982223,0.00080330245,0.00048722757,b
test_0287.jpg,0.00017942175,0.99922895,0.00029581648,0.00029581648,b
test_0288.jpg,0.0466615,0.015148772,0.00096842856,0.93722135,d
test_0289.jpg,0.00037976453,0.99904126,0.00014871793,0.0004303296,b
test_0290.jpg,0.00015841091,7.482803e-05,8.479125e-05,0.99968195,d
test_0291.jpg,0.00017950458,4.538587e-05,8.479196e-05,0.9996903,d
test_0292.jpg,0.042763326,0.037738506,0.4597491,0.4597491,c
test_0293.jpg,0.00037986416,0.00015835093,0.99930334,0.00015835093,c
test_0294.jpg,0.0028346833,0.6936241,0.28914553,0.014395708,b
test_0295.jpg,0.00033490508,0.0011689336,0.998338,0.00015819796,c
test_0296.jpg,0.005874079,0.0016829522,0.9878683,0.004574738,c
test_0297.jpg,0.14755583,0.0023850182,0.0009339864,0.8491252,d
test_0298.jpg,0.0008037783,0.00020322698,0.9988136,0.00017934717,c
test_0299.jpg,0.0007086695,0.9978809,0.001031108,0.00037932344,b
test_0300.jpg,0.00026109704,0.9993818,0.00026109704,9.605224e-05,b
test_0301.jpg,0.9996929,5.827676e-05,4.5385987e-05,0.00020340589,a
test_0302.jpg,0.000801689,0.000801689,0.9962173,0.0021792166,c
test_0303.jpg,0.059645113,0.82337534,0.11143173,0.0055478592,b
test_0304.jpg,0.00080232887,0.9970125,0.0004866371,0.0016985304,b
test_0305.jpg,0.00017903738,0.9970884,0.000551474,0.0021811218,b
test_0306.jpg,0.011419802,0.0069264597,0.9071872,0.07446647,c
test_0307.jpg,0.0009105782,0.9985702,0.00013964169,0.0003795855,b
test_0308.jpg,0.0013206741,0.9953976,0.0027958672,0.00048584887,b
test_0309.jpg,0.00020337901,9.606944e-05,0.00013978021,0.9995608,d
test_0310.jpg,0.00026104425,0.9991798,0.00037981718,0.00017941292,b
test_0311.jpg,0.05925269,0.013221062,0.00065823796,0.926868,d
test_0312.jpg,0.9863127,0.0075305896,0.00029199268,0.0058648293,a
test_0313.jpg,0.99972016,0.000108878296,7.483089e-05,9.608476e-05,a
test_0314.jpg,0.90404195,0.0005000115,0.00017279934,0.09528532,a
test_0315.jpg,0.00010882335,0.9992156,0.0003798308,0.00029581253,b
test_0316.jpg,0.00023037104,0.00043038974,0.00015833153,0.999181,d
test_0317.jpg,0.0002611112,0.00012334021,0.9994361,0.00017945895,c
test_0318.jpg,0.04570785,0.14079008,0.810191,0.0033110655,c
test_0319.jpg,0.00029576747,0.00026101383,0.00037977294,0.99906343,d
test_0320.jpg,0.99957854,0.00010886287,0.00026114844,5.142318e-05,a
test_0321.jpg,8.477321e-05,0.0003799272,6.602144e-05,0.9994692,d
test_0322.jpg,0.0002303778,0.00017941842,0.00037982882,0.99921036,d
test_0323.jpg,0.00020336204,0.00013976856,0.00017946637,0.99947745,d
test_0324.jpg,0.99678147,0.0024707743,0.0001230126,0.00062470953,a
test_0325.jpg,0.0028623033,0.6180853,0.0041646264,0.3748877,b
test_0326.jpg,0.9996408,9.6077136e-05,0.00012336548,0.0001397914,a
test_0327.jpg,0.0002958855,0.0001397664,0.00010225528,0.99946207,d
test_0328.jpg,0.0006259523,0.9987645,0.00017933836,0.00043021035,b
test_0329.jpg,0.9978696,0.0015002362,0.00029541407,0.00033474795,a
test_0330.jpg,0.96694505,0.02919921,0.0007781326,0.0030775743,a
test_0331.jpg,0.00010883051,0.99928135,0.00017943115,0.00043043296,b
test_0332.jpg,0.00020337323,0.00017947625,8.477858e-05,0.99953246,d
test_0333.jpg,0.9992041,0.00023037635,0.00033519563,0.00023037635,a
test_0334.jpg,0.9971464,0.002471679,0.00017904781,0.00020288776,a
test_0335.jpg,0.00017947739,0.00012335287,0.00015838823,0.9995388,d
test_0336.jpg,0.00070904085,0.0005522015,0.00033492717,0.99840385,d
test_0337.jpg,0.0016987331,0.0002605091,0.99713147,0.00090926624,c
test_0338.jpg,5.8274454e-05,0.99965334,0.00017949795,0.00010887102,b
test_0339.jpg,0.99442637,0.0002598024,9.557596e-05,0.0052182707,a
test_0340.jpg,0.0008038453,0.00020324392,9.600563e-05,0.99889684,d
test_0341.jpg,0.029092772,0.0064914743,0.0009954999,0.9634203,d
test_0342.jpg,0.00023046733,7.482179e-05,0.9995987,9.607308e-05,c
test_0343.jpg,0.00070900924,0.00055217696,0.9983594,0.00037950533,c
test_0344.jpg,0.9995332,9.606678e-05,7.481689e-05,0.00029590653,a
test_0345.jpg,0.006667647,0.0013129375,0.98956656,0.0024528904,c
test_0346.jpg,0.047103778,0.004964702,0.7368271,0.2111045,c
test_0347.jpg,0.16340601,0.001815277,0.8298443,0.0049344343,c
test_0348.jpg,0.00015841032,0.99967813,0.00012337008,4.0052397e-05,b
test_0349.jpg,0.9992238,0.00026105577,0.00043040822,8.47524e-05,a
test_0350.jpg,3.5350207e-05,0.9997937,7.48364e-05,9.6091826e-05,b
test_0351.jpg,0.999012,0.0005525379,0.00013970348,0.00029575225,a
test_0352.jpg,0.998459,0.00029558854,0.00033494568,0.0009104767,a
test_0353.jpg,6.6040855e-05,7.4834104e-05,9.608888e-05,0.9997631,d
test_0354.jpg,0.99947995,0.00020336255,0.00015837891,0.00015837891,a
test_0355.jpg,0.9993154,0.00017943727,0.00043044763,7.480059e-05,a
test_0356.jpg,8.4800326e-05,7.483604e-05,5.1434003e-05,0.99978894,d
test_0357.jpg,0.99775547,0.00062531995,0.0013238024,0.00029538025,a
test_0358.jpg,6.6032364e-05,0.00020339401,9.6076525e-05,0.9996345,d
test_0359.jpg,0.9972365,0.0021814462,0.00020290609,0.0003790785,a
test_0360.jpg,0.0009092565,0.00080241606,0.9971208,0.0011675084,c
test_0361.jpg,0.00017943834,0.99932134,0.00029584384,0.00020333029,b
test_0362.jpg,0.000801942,0.00048640245,0.9965318,0.0021799044,c
test_0363.jpg,0.0011614575,0.0066837263,0.00020183105,0.99195296,d
test_0364.jpg,0.9928139,0.0059034866,0.00090532907,0.00037739731,a
test_0365.jpg,6.6032146e-05,0.99963117,0.00017949397,0.00012336428,b
test_0366.jpg,0.853729,0.0015482323,0.013799244,0.13092358,a
test_0367.jpg,0.00070296414,0.0027802773,0.006669538,0.98984724,d
test_0368.jpg,0.0007072968,0.0011661352,0.0021786275,0.995948,d
test_0369.jpg,0.9992943,0.00017943348,0.00023039716,0.00029583584,a
test_0370.jpg,0.00023043693,0.00017946446,0.000123344,0.99946684,d
test_0371.jpg,0.99901235,0.00020326742,0.0006261077,0.00015830481,a
test_0372.jpg,0.00015835877,0.000379883,0.0001088383,0.9993529,d
test_0373.jpg,0.95190895,0.00046462225,0.00023362675,0.047392752,a
test_0374.jpg,0.0004302693,0.00055247673,0.00011580542,0.99890137,d
test_0375.jpg,0.005889286,0.002781902,0.0009031513,0.99042565,d
test_0376.jpg,0.00015840912,0.9996706,9.6079995e-05,7.482718e-05,b
test_0377.jpg,0.9984484,0.0008034844,0.00048733794,0.00026085318,a
test_0378.jpg,0.025889914,0.001460609,0.0011375234,0.9715119,d
test_0379.jpg,0.99745375,0.0005516761,0.00029529096,0.0016992821,a
test_0380.jpg,0.0019250796,0.99721587,0.00042954332,0.00042954332,b
test_0381.jpg,0.0024705774,0.00020279734,0.996702,0.0006246597,c
test_0382.jpg,0.001924433,0.00070795935,0.996881,0.0004865729,c
test_0383.jpg,0.0009097787,0.0009097787,0.9976935,0.00048696948,c
test_0384.jpg,0.99962676,0.00017949319,0.000108868124,8.4786574e-05,a
test_0385.jpg,0.00015833153,0.999181,0.00023037104,0.00043038974,b
test_0386.jpg,0.9986052,0.00029563182,0.00029563182,0.00080361054,a
test_0387.jpg,0.000430242,0.00017935155,0.0005524417,0.998838,d
test_0388.jpg,0.00048757915,0.00013969376,0.99894255,0.00043028704,c
test_0389.jpg,0.00020333925,9.605066e-05,0.00033524973,0.9993654,d
test_0390.jpg,0.99790776,0.00037933365,0.0009099741,0.0008030493,a
test_0391.jpg,0.0001233761,7.48314e-05,7.48314e-05,0.99972695,d
test_0392.jpg,0.0002033726,0.00015838674,0.99952936,0.000108857515,c
test_0393.jpg,0.9992574,0.00043042266,0.00020331728,0.0001088279,a
test_0394.jpg,0.9994106,0.00017945436,0.00023042398,0.00017945436,a
test_0395.jpg,0.9964678,0.00080189056,0.002469997,0.00026033574,a
test_0396.jpg,0.99976104,7.966031e-05,7.966031e-05,7.966031e-05,a
test_0397.jpg,0.00043044385,0.00012332422,0.99930656,0.00013974466,c
test_0398.jpg,0.00043042272,0.00010882791,0.9992575,0.0002033173,c
test_0399.jpg,6.603732e-05,0.99970955,0.00015841529,6.603732e-05,b
test_0400.jpg,0.99935704,0.00037988456,0.00012333045,0.00013975172,a
test_0401.jpg,0.99825114,0.0004872417,0.00023015666,0.0010314905,a
test_0402.jpg,0.00015840482,0.0001233658,7.482515e-05,0.99964345,d
test_0403.jpg,0.0051465407,0.0066082887,0.980757,0.0074881716,c
test_0404.jpg,0.99982834,7.483899e-05,4.539214e-05,5.1436033e-05,a
test_0405.jpg,0.00023046936,6.6030574e-05,9.607393e-05,0.9996075,d
test_0406.jpg,0.97938305,0.0018906541,0.0007881419,0.017938027,a
test_0407.jpg,0.000108882734,8.479795e-05,4.5389075e-05,0.9997609,d
test_0408.jpg,0.00070875476,0.0004871196,0.99800104,0.0008031244,c
test_0409.jpg,0.00020323948,0.9988751,0.00062602165,0.0002957117,b
test_0410.jpg,0.9891479,0.0035674244,0.0006199253,0.006664826,a
test_0411.jpg,0.00010885955,0.999548,0.00020337642,0.00013977844,b
test_0412.jpg,8.478333e-05,0.99958855,0.00020338465,0.00012335903,b
test_0413.jpg,0.999321,0.00013974668,0.00043045005,0.00010883482,a
test_0414.jpg,0.00037975286,0.00017938254,0.00043031637,0.99901056,d
test_0415.jpg,0.00013979619,4.5385175e-05,0.00013979619,0.99967504,d
test_0416.jpg,0.0002610255,0.0003351634,0.999108,0.0002957807,c
test_0417.jpg,0.03279373,0.9583733,0.0064574685,0.0023755701,b
test_0418.jpg,0.9993358,0.00023040673,0.00023040673,0.00020333324,a
test_0419.jpg,0.0014916228,0.9921405,0.0052062753,0.001161677,b
test_0420.jpg,0.009947956,0.89548635,0.0832932,0.01127251,b
test_0421.jpg,0.00048691581,0.0016995032,0.00023000271,0.9975835,d
test_0422.jpg,0.43492985,0.0048316345,0.001777459,0.558461,d
test_0423.jpg,0.0011677992,0.99736917,0.0002952659,0.0011677992,b
test_0424.jpg,0.99903405,0.00033513858,0.00029575877,0.00033513858,a
test_0425.jpg,0.99235874,0.0066864607,0.00033289928,0.0006219377,a
test_0426.jpg,0.000108883825,7.483469e-05,4.538953e-05,0.99977094,d
test_0427.jpg,0.0008036067,0.00026089288,0.9986004,0.00033499312,c
test_0428.jpg,0.23795679,0.011847171,0.73295856,0.017237533,c
test_0429.jpg,0.0005522229,0.0006257505,0.9984425,0.0003795369,c
test_0430.jpg,0.023234468,0.014092418,0.59922487,0.36344826,c
test_0431.jpg,0.9993562,0.00020333737,0.0001794446,0.00026109035,a
test_0432.jpg,0.00010888152,9.60876e-05,4.538857e-05,0.9997497,d
test_0433.jpg,0.00017948943,0.00013978653,7.482234e-05,0.99960595,d
test_0434.jpg,0.017929502,0.0021413735,0.0010115132,0.9789176,d
test_0435.jpg,0.0011646713,0.9946977,0.00055015174,0.0035874401,b
test_0436.jpg,0.99966645,0.000139795,0.000108872446,8.478994e-05,a
test_0437.jpg,0.00012336059,9.607332e-05,0.00017948859,0.9996012,d
test_0438.jpg,7.481758e-05,0.99954236,0.00020337525,0.00017947803,b
test_0439.jpg,0.9912565,0.0009039089,0.001160642,0.0066790334,a
test_0440.jpg,0.0019761152,0.0005661664,0.37658086,0.6208769,d
test_0441.jpg,0.94025624,0.028393278,0.019514395,0.01183608,a
test_0442.jpg,0.000108879256,9.6085605e-05,6.603861e-05,0.999729,d
test_0443.jpg,0.9975432,0.001168003,0.0009096417,0.00037919506,a
test_0444.jpg,0.99953353,0.0001397764,0.00012335223,0.00020337345,a
test_0445.jpg,7.483938e-05,5.1436302e-05,4.005863e-05,0.9998336,d
test_0446.jpg,0.0015000937,0.00042978406,0.00029538598,0.9977748,d
test_0447.jpg,0.00020337901,9.606944e-05,0.00013978021,0.9995608,d
test_0448.jpg,0.9986595,0.00062588655,0.00037961942,0.00033501294,a
test_0449.jpg,0.0045805494,0.0031481623,0.0031481623,0.98912317,d
test_0450.jpg,0.00091036956,0.99834144,0.00048728575,0.00026082524,b
test_0451.jpg,0.00010884634,0.9994267,0.00020335172,0.00026110877,b
test_0452.jpg,0.00013978178,0.999572,8.4781925e-05,0.00020338128,b
test_0453.jpg,0.00013978731,0.00013978731,0.000108866465,0.99961156,d
test_0454.jpg,7.481224e-05,0.999471,0.00015837749,0.00029588814,b
test_0455.jpg,0.0008030132,0.00062538724,0.9978629,0.0007086566,c
test_0456.jpg,0.0014990396,0.0008023781,0.99707365,0.00062489265,c
test_0457.jpg,7.483953e-05,5.828508e-05,3.1197756e-05,0.9998356,d
test_0458.jpg,0.9947549,0.002465751,0.00031348507,0.002465751,a
test_0459.jpg,0.06301245,0.86986,0.049074147,0.018053368,b
test_0460.jpg,0.0045939917,0.9920259,0.0016900352,0.0016900352,b
test_0461.jpg,0.9995479,0.00020337639,0.00010885954,0.00013977842,a
test_0462.jpg,0.0010294183,0.0008017118,0.9962457,0.0019232066,c
test_0463.jpg,0.99733055,0.00037911424,0.00010861805,0.0021816518,a
test_0464.jpg,0.00012318727,0.9981969,0.00017923643,0.0015007283,b
test_0465.jpg,0.0066196644,0.9824453,0.0096315555,0.0013034892,b
test_0466.jpg,0.0061979946,0.0008929058,0.8117772,0.18113197,c
test_0467.jpg,0.0046078744,0.00025995844,0.00010836681,0.9950237,d
test_0468.jpg,0.0001233785,4.5388417e-05,8.4796724e-05,0.9997464,d
test_0469.jpg,0.0004303597,0.00012330012,0.99911124,0.00033516448,c
test_0470.jpg,0.0024619314,0.001162934,0.993214,0.0031611826,c
test_0471.jpg,0.6381459,0.008033072,0.3014388,0.052382205,a
test_0472.jpg,0.729284,0.0020484088,0.0003789175,0.2682886,a
test_0473.jpg,4.5386325e-05,0.9997003,0.00017950639,7.4829404e-05,b
test_0474.jpg,0.0012688031,0.00041192007,0.9563023,0.04201699,c
test_0475.jpg,0.99931943,0.00026108074,0.00026108074,0.00015835348,a
test_0476.jpg,0.0099450415,0.15556663,0.6972013,0.13728707,c
test_0477.jpg,0.00033490258,0.99833053,0.0006256804,0.00070898875,b
test_0478.jpg,0.00043026992,0.9989028,0.00017936318,0.00048755974,b
test_0479.jpg,0.004643192,0.36885443,0.018364182,0.60813814,d
test_0480.jpg,4.539011e-05,0.9997837,7.483565e-05,9.6090866e-05,b
test_0481.jpg,0.00015836263,0.9993772,0.00026109582,0.00020334164,b
test_0482.jpg,0.00029462654,0.00042867908,0.0040671937,0.9952095,d
test_0483.jpg,0.99820375,0.0010314416,0.00042996882,0.00033486006,a
test_0484.jpg,0.0016970097,0.0016970097,0.99611986,0.00048620137,c
test_0485.jpg,0.00029587376,0.99942243,0.00015836979,0.00012333853,b
test_0486.jpg,9.6087075e-05,7.483269e-05,8.479654e-05,0.99974424,d
test_0487.jpg,0.005906035,0.99324244,0.0006224915,0.00022900185,b
test_0488.jpg,0.9981583,0.0005520657,0.00037942888,0.00091020257,a
test_0489.jpg,0.014018615,0.0013039343,0.117376424,0.867301,d
test_0490.jpg,0.00033489554,0.9983095,0.0008033726,0.0005521494,b
test_0491.jpg,0.00026115336,4.538165e-05,0.9995974,9.607295e-05,c
test_0492.jpg,0.0014946021,0.0024641824,0.9941221,0.0019191072,c
test_0493.jpg,0.999355,0.00043046472,7.480356e-05,0.00013975144,a
test_0494.jpg,0.00026111832,9.606007e-05,0.99946326,0.00017946382,c
test_0495.jpg,0.00029570612,0.00055245176,0.9988562,0.00029570612,c
test_0496.jpg,0.9990409,0.00020327323,0.00020327323,0.0005525539,a
test_0497.jpg,0.00033525855,0.00023041961,4.2623342e-05,0.9993917,d
test_0498.jpg,0.00029573558,0.9989556,0.00048758552,0.0002609857,b
test_0499.jpg,4.005769e-05,0.9998103,7.483763e-05,7.483763e-05,b
test_0500.jpg,0.0019169388,0.0010260633,0.99299884,0.0040581594,c
test_0501.jpg,0.0009097502,0.0006252615,0.9976622,0.0008028517,c
test_0502.jpg,0.0013204919,0.00062375615,0.9952603,0.0027954816,c
test_0503.jpg,0.0027762176,0.0021621203,0.98840183,0.0066597993,c
test_0504.jpg,0.0019085137,0.0019085137,0.9886346,0.007548318,c
test_0505.jpg,0.05881087,0.124502614,0.00482749,0.811859,d
test_0506.jpg,0.99890625,0.00070939766,0.0002609728,0.00012327482,a
test_0507.jpg,0.9987778,0.00048749874,0.0006259607,0.00010877567,a
test_0508.jpg,0.0049034436,0.8246324,0.16237974,0.008084413,b
test_0509.jpg,0.00017948628,0.00010886394,0.000123359,0.9995883,d
test_0510.jpg,0.4390302,0.03603779,0.34191707,0.18301502,a
test_0511.jpg,7.482981e-05,0.99970573,0.0001233735,9.608337e-05,b
test_0512.jpg,0.999385,0.00017944978,0.00029586267,0.00013975563,a
test_0513.jpg,0.00026116165,5.8273046e-05,5.1425784e-05,0.99962914,d
test_0514.jpg,0.014041664,0.0005444544,0.0010171747,0.98439664,d
test_0515.jpg,0.0003350875,0.99888176,0.0002957137,0.00048754946,b
test_0516.jpg,0.003584975,0.0009064236,0.9940142,0.0014944399,c
test_0517.jpg,8.480419e-05,4.5392415e-05,3.5351648e-05,0.9998344,d
test_0518.jpg,0.00029589364,0.00013977026,7.481363e-05,0.99948955,d
test_0519.jpg,0.04703747,0.94477284,0.0063658296,0.0018238407,b
test_0520.jpg,0.0005526113,0.00012330424,0.9991447,0.00017940662,c
test_0521.jpg,0.00029554308,0.00023016917,0.0011688955,0.99830544,d
test_0522.jpg,0.010180529,0.058584895,0.916422,0.014812582,c
test_0523.jpg,0.00043029457,0.99896,0.00043029457,0.00017937346,b
test_0524.jpg,0.9836977,0.000791614,0.0014789297,0.014031693,a
test_0525.jpg,0.0009089552,0.0014986136,0.99679035,0.0008021501,c
test_0526.jpg,0.5967954,0.24878131,0.062901765,0.09152153,a
test_0527.jpg,0.0040677204,0.00026004063,0.00033389882,0.9953383,d
test_0528.jpg,0.9988913,0.00048755412,0.00043026498,0.00019092891,a
test_0529.jpg,0.9978669,0.00042982373,0.00020303435,0.0015002321,a
test_0530.jpg,0.0040559233,0.9924517,0.0027875928,0.0007048138,b
test_0531.jpg,0.00015839214,0.9995634,0.00020337953,7.481916e-05,b
test_0532.jpg,5.822895e-05,0.9988727,0.0001582827,0.000910854,b
test_0533.jpg,0.002177878,0.0019219706,0.9956054,0.00029474375,c
test_0534.jpg,0.0014969091,0.0003784779,0.002467986,0.9956566,d
test_0535.jpg,0.0001582988,0.99897444,0.00037973913,0.0004875947,b
test_0536.jpg,0.010947429,0.0024427015,0.98545605,0.0011538503,c
test_0537.jpg,7.483744e-05,5.1434967e-05,6.60438e-05,0.99980766,d
test_0538.jpg,0.022901135,0.0016589527,0.0016589527,0.973781,d
test_0539.jpg,0.017971082,0.98118776,0.0006149365,0.00022622252,b
test_0540.jpg,0.0010301044,0.0010301044,0.9969097,0.0010301044,c
test_0541.jpg,6.60368e-05,0.9997017,0.00012337299,0.00010887629,b
test_0542.jpg,0.00070411444,0.0002590292,0.991467,0.0075699436,c
test_0543.jpg,0.0040341318,0.0013096908,0.0075367494,0.98711944,d
test_0544.jpg,6.603765e-05,0.99971455,0.00012337457,9.608422e-05,b
test_0545.jpg,0.00080295186,0.0003792876,0.99778664,0.0010310106,c
test_0546.jpg,0.00037982882,0.0002303778,0.99921036,0.00017941842,c
test_0547.jpg,0.19728358,0.00409449,0.7802717,0.018350232,c
test_0548.jpg,0.9990539,0.0004876335,0.00033514525,0.00012329304,a
test_0549.jpg,0.00015842517,4.5389574e-05,2.4295286e-05,0.9997719,d
test_0550.jpg,0.00020339558,9.607727e-05,0.99964225,5.827381e-05,c
test_0551.jpg,0.9986004,0.00033499312,0.00026089288,0.0008036067,a
test_0552.jpg,0.00013980363,6.603855e-05,0.99972814,6.603855e-05,c
test_0553.jpg,0.0013188501,0.0014944529,0.9940229,0.003163757,c
test_0554.jpg,0.042021636,0.0012689434,0.00030140052,0.956408,d
test_0555.jpg,0.99942243,0.00029587376,0.00012333853,0.00015836979,a
test_0556.jpg,0.0008034844,0.9984484,0.00026085318,0.00048733794,b
test_0557.jpg,0.0009087963,0.0005512128,0.9966162,0.0019239219,c
test_0558.jpg,0.20100923,0.003681613,0.00030220518,0.79500693,d
test_0559.jpg,9.6014206e-05,0.99898607,0.0004303058,0.0004876004,b
test_0560.jpg,9.608379e-05,0.99971014,8.4793646e-05,0.00010887721,b
test_0561.jpg,0.0006153466,0.98184204,0.0016726857,0.015869997,b
test_0562.jpg,0.0021762806,0.0019205608,0.0010280021,0.99487513,d
test_0563.jpg,0.00020338528,0.0001088643,0.99959165,9.607241e-05,c
test_0564.jpg,0.00393209,0.000994188,0.032922987,0.9621507,d
test_0565.jpg,0.9977354,0.00090981694,0.0008029106,0.00055183185,a
test_0566.jpg,0.0024637426,0.00042813426,0.9939447,0.0031635081,c
test_0567.jpg,0.005906011,0.99323833,0.00042783,0.00042783,b
test_0568.jpg,0.9610539,0.0034661016,0.019946037,0.015533989,a
test_0569.jpg,5.1421397e-05,0.99954385,0.0001088591,0.0002959097,b
test_0570.jpg,0.00048763244,0.00023034123,0.99905175,0.00023034123,c
test_0571.jpg,0.00070919126,0.0002956349,0.00037960274,0.9986156,d
test_0572.jpg,0.00029583587,0.00017943351,0.00023039719,0.9992944,d
test_0573.jpg,8.480463e-05,3.5351834e-05,4.005887e-05,0.99983966,d
test_0574.jpg,0.0062573343,0.14241627,0.031777367,0.8195491,d
test_0575.jpg,0.99447894,0.0010275927,0.0035866513,0.0009068474,a
test_0576.jpg,0.00023031706,0.00033510936,0.99894696,0.00048758127,c
test_0577.jpg,0.00013942138,0.0011673608,0.99699473,0.0016985001,c
test_0578.jpg,0.0021671935,0.0051988265,0.22105974,0.77157426,d
test_0579.jpg,0.0004297017,0.0014998063,0.9975836,0.00048691587,c
test_0580.jpg,0.00017945263,0.00026110205,0.0001583664,0.999401,d
test_0581.jpg,0.9993375,0.00012332805,0.00048777193,5.141078e-05,a
test_0582.jpg,0.00047256082,0.029236302,0.9681733,0.0021178706,c
test_0583.jpg,0.0002957807,0.999108,0.0003351634,0.0002610255,b
test_0584.jpg,7.482055e-05,0.999582,0.00013978318,0.00020338332,b
test_0585.jpg,0.00029590656,7.4816904e-05,0.9995333,9.60668e-05,c
test_0586.jpg,0.00010887246,0.00013979501,8.478995e-05,0.9996666,d
test_0587.jpg,0.998026,0.0009100819,0.0008031445,0.00026074282,a
test_0588.jpg,0.0010189788,0.00042477355,0.9861426,0.012413703,c
test_0589.jpg,0.9984315,0.00033493646,0.00043006692,0.0008034708,a
test_0590.jpg,0.99947995,0.00020336255,0.00015837891,0.00015837891,a
test_0591.jpg,0.00015841231,6.6036075e-05,8.4792e-05,0.9996908,d
test_0592.jpg,0.0006259521,0.00037965918,0.99876416,0.00023027492,c
test_0593.jpg,0.0004874643,0.00062591647,0.00017932808,0.9987073,d
test_0594.jpg,0.9990588,0.00015831218,0.00023034285,0.0005525638,a
test_0595.jpg,0.002470636,0.00062467455,0.00017897227,0.9967257,d
test_0596.jpg,0.0045945556,0.00079841405,0.99214774,0.0024592883,c
test_0597.jpg,0.9991503,0.00033517758,0.00033517758,0.00017940762,a
test_0598.jpg,0.9984043,0.00070904114,0.00026084165,0.0006257266,a
test_0599.jpg,0.9996239,0.00010886782,0.00015840173,0.00010886782,a
test_0600.jpg,0.0008028654,0.00048696253,0.9976793,0.0010308996,c
test_0601.jpg,0.9992318,0.00043041166,0.00017942226,0.0001583396,a
test_0602.jpg,0.00010886623,0.9996094,0.00012336159,0.00015839942,b
test_0603.jpg,0.0058969106,0.0014909725,0.99170786,0.0009043205,c
test_0604.jpg,0.00013978171,5.8269685e-05,0.00023046107,0.9995715,d
test_0605.jpg,0.0008035472,0.00033496832,0.99852645,0.00033496832,c
test_0606.jpg,0.9996238,0.000108867804,0.000108867804,0.0001584017,a
test_0607.jpg,0.99876416,0.00037965918,0.00023027492,0.0006259521,a
test_0608.jpg,0.0014959363,0.001028141,0.0024663822,0.99500954,d
test_0609.jpg,0.012198588,0.003084286,0.96905386,0.015663296,c
test_0610.jpg,0.00017942797,0.9992636,0.00029582673,0.00026106613,b
test_0611.jpg,0.0019110229,0.004584306,0.003570261,0.9899344,d
test_0612.jpg,0.020260628,0.002741978,0.0007855898,0.9762117,d
test_0613.jpg,0.00013977032,0.00023044228,0.00013977032,0.99949,d
test_0614.jpg,0.00055186305,0.99779177,0.0006253427,0.0010310159,b
test_0615.jpg,0.9982216,0.0011687973,0.00037945295,0.00023014983,a
test_0616.jpg,0.00070116273,0.98731065,0.010968031,0.0010201858,b
test_0617.jpg,0.0011648131,0.0035878771,0.99481887,0.0004285108,c
test_0618.jpg,0.999353,0.00010883831,0.00015835879,0.00037988301,a
test_0619.jpg,8.477654e-05,0.9995085,0.00020336837,0.00020336837,b
test_0620.jpg,0.00037755613,0.005905971,0.99323165,0.00048479167,c
test_0621.jpg,0.0003796871,0.0005524414,0.99883753,0.00023029184,c
test_0622.jpg,0.00015838878,0.99954224,0.00020337522,9.6067655e-05,b
test_0623.jpg,0.00026116762,5.142696e-05,3.5345198e-05,0.999652,d
test_0624.jpg,0.00070900924,0.00037950533,0.9983594,0.00055217696,c
test_0625.jpg,0.022901135,0.0016589527,0.973781,0.0016589527,c
test_0626.jpg,0.00015840576,0.9996494,9.607796e-05,9.607796e-05,b
test_0627.jpg,0.0027706062,0.98640406,0.009670366,0.0011549604,b
test_0628.jpg,9.6063886e-05,0.00013977214,0.0002611287,0.999503,d
test_0629.jpg,0.003429734,0.088454,0.068888046,0.8392282,d
test_0630.jpg,0.0009822303,0.9505783,0.047326505,0.0011130127,b
test_0631.jpg,0.0002033879,0.9996045,9.607364e-05,9.607364e-05,b
test_0632.jpg,0.0006261077,0.00015830481,0.00020326742,0.99901235,d
test_0633.jpg,0.98897356,0.0013121507,0.0011579689,0.008556298,a
test_0634.jpg,0.99785656,0.0016999684,0.00033474358,0.00010867534,a
test_0635.jpg,0.00875954,0.2900761,0.3286993,0.37246507,d
test_0636.jpg,9.606506e-05,0.9995152,0.00023044807,0.0001583845,b
test_0637.jpg,0.99975914,0.00012338007,6.604059e-05,5.143247e-05,a
test_0638.jpg,0.01219358,0.015656866,0.96865606,0.0034935193,c
test_0639.jpg,0.99953234,0.00017947622,0.00020337322,8.477856e-05,a
test_0640.jpg,0.00037950528,0.0005521769,0.0007090092,0.99835926,d
test_0641.jpg,0.99922407,0.00048771655,0.00017942088,0.00010882427,a
test_0642.jpg,0.00048751992,0.00026095056,0.0004302348,0.9988212,d
test_0643.jpg,0.00048767152,0.00029578773,0.99913186,8.47446e-05,c
test_0644.jpg,0.9823615,0.014012634,0.0021489072,0.0014769208,a
test_0645.jpg,0.00010886757,0.9996216,6.603151e-05,0.00020339139,b
test_0646.jpg,0.00029582257,0.9992495,0.0003798437,7.4795666e-05,b
test_0647.jpg,0.00020310449,0.9982116,0.0013244076,0.0002607913,b
test_0648.jpg,0.00020333249,0.99933213,0.00020333249,0.00026108406,b
test_0649.jpg,0.00020338128,0.00013978178,0.999572,8.4781925e-05,c
test_0650.jpg,0.99908173,0.0003797799,0.00020328154,0.0003351546,a
test_0651.jpg,8.480504e-05,3.5352e-05,3.5352e-05,0.99984443,d
test_0652.jpg,0.0011685491,0.9980096,0.00048712376,0.00033479492,b
test_0653.jpg,0.00013972056,0.99913424,0.00029578843,0.0004303696,b
test_0654.jpg,0.9987564,0.00043020688,0.0005523965,0.00026093365,a
test_0655.jpg,8.479198e-05,0.99969053,0.00013979836,8.479198e-05,b
test_0656.jpg,0.00013946833,0.99733055,0.0014994257,0.0010305393,b
test_0657.jpg,0.00062601187,0.9988595,0.00017935541,0.00033508003,b
test_0658.jpg,0.016590992,0.5494182,0.0061034854,0.42788735,b
test_0659.jpg,0.0003351502,0.0002610152,0.0003351502,0.9990687,d
test_0660.jpg,3.5347253e-05,0.99971014,9.608379e-05,0.0001584154,b
test_0661.jpg,0.9930241,0.0027892005,0.0031605782,0.0010260894,a
test_0662.jpg,0.99819165,0.0006255933,0.00037944157,0.00080327777,a
test_0663.jpg,0.0041753184,0.7021806,0.0009316395,0.29271242,b
test_0664.jpg,9.607197e-05,0.9995871,0.0001583959,0.0001583959,b
test_0665.jpg,0.00080299645,0.9978421,0.00080299645,0.0005518909,b
test_0666.jpg,0.9995435,0.00015838898,0.00015838898,0.0001397778,a
test_0667.jpg,0.9993771,0.0002958603,6.601535e-05,0.0002610958,a
test_0668.jpg,5.825987e-05,0.9994031,0.00020334692,0.0003352624,b
test_0669.jpg,0.00026105996,0.9992399,0.00020331371,0.00029581971,b
test_0670.jpg,0.00017949795,5.8274454e-05,0.00010887102,0.99965334,d
test_0671.jpg,0.00012335289,0.9995389,0.0001794774,0.00015838825,b
test_0672.jpg,0.0004304974,9.605695e-05,4.262501e-05,0.99943084,d
test_0673.jpg,0.0013127846,0.0051921643,0.98945135,0.0040436615,c
test_0674.jpg,0.00070953905,0.00013971653,4.5359317e-05,0.9991054,d
test_0675.jpg,0.037452657,0.7522567,0.042439424,0.16785116,b
test_0676.jpg,0.0005523457,0.0004874434,0.9986645,0.00029564937,c
test_0677.jpg,0.0009092941,0.0016987852,0.00022990555,0.9971621,d
test_0678.jpg,4.263545e-05,0.99967563,0.00015840992,0.00012336977,b
test_0679.jpg,0.0004873884,0.9985518,0.0003349768,0.000625819,b
test_0680.jpg,0.0002607913,0.0013244076,0.9982116,0.00020310449,c
test_0681.jpg,0.9993687,0.0002610936,0.00023041431,0.00013975335,a
test_0682.jpg,8.477806e-05,0.9995264,0.00023045066,0.00015838626,b
test_0683.jpg,0.00013972835,0.9991899,0.00033519088,0.00033519088,b
test_0684.jpg,0.0011521685,0.0007918731,0.014036286,0.98401964,d
test_0685.jpg,0.00681755,0.07329558,0.8929229,0.026963936,c
test_0686.jpg,0.9996093,0.00012336158,0.00010886622,0.0001583994,a
test_0687.jpg,0.0008031445,0.00026074282,0.998026,0.0009100819,c
test_0688.jpg,0.9974348,0.00026058836,0.0019255021,0.00037915385,a
test_0689.jpg,0.9993687,0.0002610936,0.00023041431,0.00013975335,a
test_0690.jpg,0.33812302,0.027754826,0.0024251898,0.63169694,d
test_0691.jpg,0.00010886431,0.99959177,0.00020338531,9.6072414e-05,b
test_0692.jpg,0.0002609766,0.000709408,0.00010879125,0.9989209,d
test_0693.jpg,0.020265678,0.0021359867,0.0011433113,0.97645503,d
test_0694.jpg,0.001024944,0.005898145,0.0011614136,0.9919155,d
test_0695.jpg,0.0003351634,0.0002610255,0.0002957807,0.999108,d
test_0696.jpg,0.00026060236,0.9974884,0.00055169524,0.0016993411,b
test_0697.jpg,0.00015842353,4.005574e-05,4.005574e-05,0.9997615,d
test_0698.jpg,0.0016972712,0.00070752786,0.9962734,0.001321836,c
test_0699.jpg,9.608973e-05,6.604144e-05,6.604144e-05,0.9997719,d
test_0700.jpg,9.601715e-05,0.99901676,0.0006261105,0.00026100167,b
test_0701.jpg,0.9997435,0.00012337815,5.827971e-05,7.483264e-05,a
test_0702.jpg,0.0002611167,0.00012334279,0.99945706,0.00015837529,c
test_0703.jpg,0.49341282,0.0029339397,0.010240456,0.49341282,a
test_0704.jpg,0.3464045,0.12743509,0.022144899,0.50401556,d
test_0705.jpg,0.061877213,0.00448237,0.8541885,0.0794519,c
test_0706.jpg,0.0002610358,0.9991474,0.00029579236,0.00029579236,b
test_0707.jpg,0.00055248104,0.00020324641,0.00033509667,0.9989091,d
test_0708.jpg,0.0021817049,0.00029526165,0.00016823501,0.99735487,d
test_0709.jpg,0.00017944642,0.00015836091,0.99936634,0.00029585714,c
test_0710.jpg,0.9986228,0.001169267,8.4701416e-05,0.00012323984,a
test_0711.jpg,0.0008030945,0.0004298655,0.9979639,0.0008030945,c
test_0712.jpg,0.0010225711,0.00079637923,0.9896192,0.008561884,c
test_0713.jpg,0.0031039387,0.01083381,0.9752284,0.01083381,c
test_0714.jpg,0.0008007909,0.0021767754,0.9951014,0.0019209976,c
test_0715.jpg,0.84094524,0.14613436,0.011995439,0.00092498894,a
test_0716.jpg,0.9996457,8.478818e-05,0.00020339628,6.6033106e-05,a
test_0717.jpg,0.003606137,0.7787087,0.04393174,0.1737534,b
test_0718.jpg,5.8283316e-05,0.9998054,5.143485e-05,8.480172e-05,b
test_0719.jpg,0.016267942,0.1981841,0.0017146285,0.7838333,d
test_0720.jpg,0.032750886,0.11431182,0.0082807215,0.84465647,d
test_0721.jpg,8.480403e-05,3.1197662e-05,5.1436247e-05,0.9998325,d
test_0722.jpg,0.0059020417,0.9925708,0.0009051074,0.00062207057,b
test_0723.jpg,0.0004302663,0.00037970868,0.9988944,0.00029571741,c
test_0724.jpg,5.1435658e-05,4.2641655e-05,8.4803054e-05,0.9998211,d
test_0725.jpg,0.0002033175,0.0003798471,0.99925846,0.00015834381,c
test_0726.jpg,0.99855167,0.0003795784,0.00015823182,0.0009105613,a
test_0727.jpg,0.0013221286,0.00026034252,0.9964939,0.0019236858,c
test_0728.jpg,0.00013977745,0.99954104,0.00013977745,0.00017947778,b
test_0729.jpg,0.0013233895,0.0008026763,0.9974443,0.0004296417,c
test_0730.jpg,0.00017948887,0.000108865504,0.000108865504,0.99960274,d
test_0731.jpg,0.00055162975,0.0016991395,0.99737,0.00037912925,c
test_0732.jpg,0.094910435,0.0017383453,0.002866047,0.90048516,d
test_0733.jpg,0.0018803433,0.5907863,0.0012923398,0.4060411,b
test_0734.jpg,0.9990858,0.00043034874,0.00033515593,0.00014872455,a
test_0735.jpg,0.0002958208,0.00023038544,0.9992435,0.00023038544,c
test_0736.jpg,0.99921274,0.00029581168,0.00023037835,0.00026105286,a
test_0737.jpg,0.0002611368,9.606686e-05,0.000108858025,0.999534,d
test_0738.jpg,0.030246204,0.88392365,0.003612394,0.08221771,b
test_0739.jpg,0.9564005,0.008274485,0.0064441757,0.028880794,a
test_0740.jpg,0.00033519787,0.9992107,0.0002958111,0.00015833625,b
test_0741.jpg,0.0002611535,6.602995e-05,0.99959797,7.482174e-05,c
test_0742.jpg,0.99872154,0.00033503375,0.0008037042,0.00013966285,a
test_0743.jpg,0.9986809,0.0007092376,0.00023025573,0.00037962754,a
test_0744.jpg,0.0021307836,0.40605548,0.5908072,0.0010065109,c
test_0745.jpg,0.00022966383,0.99611366,0.00048619838,0.0031704116,b
test_0746.jpg,0.0010306468,0.0006251189,0.9974347,0.00090954266,c
test_0747.jpg,0.0005524661,0.00023030212,0.9988821,0.00033508762,c
test_0748.jpg,0.0011649692,0.00029455035,0.9949522,0.003588358,c
test_0749.jpg,0.9961003,0.00055092754,0.00055092754,0.0027978409,a
test_0750.jpg,0.00048627402,0.99626863,0.001923251,0.0013218297,b
test_0751.jpg,0.012958857,0.15787119,0.8017361,0.0274339,c
test_0752.jpg,0.00037939628,0.0011686228,0.00037939628,0.9980725,d
test_0753.jpg,0.00026110501,0.00023042438,9.605518e-05,0.9994124,d
test_0754.jpg,0.9989084,0.00043027234,0.00010878989,0.00055248063,a
test_0755.jpg,0.00023034734,0.9990783,0.00026101773,0.00043034554,b
test_0756.jpg,4.539281e-05,0.9998431,6.6046145e-05,4.539281e-05,b
test_0757.jpg,0.99974877,0.0001398065,6.603991e-05,4.5388526e-05,a
test_0758.jpg,0.9991291,0.00017940383,0.000261031,0.00043036742,a
test_0759.jpg,0.9985916,0.00023023515,0.000625844,0.0005523054,a
test_0760.jpg,0.00013921685,0.0040685125,0.00026009127,0.99553216,d
test_0761.jpg,0.00029581648,0.00029581648,0.99922895,0.00017942175,c
test_0762.jpg,0.00020337092,0.0001794742,0.999521,9.606562e-05,c
test_0763.jpg,0.5286431,0.46652588,0.0007947827,0.00403624,a
test_0764.jpg,0.9979448,0.0011684732,0.00033477318,0.0005519476,a
test_0765.jpg,0.0016992153,0.0005516544,0.99741447,0.00033459527,c
test_0766.jpg,0.0029873054,0.93858343,0.017190754,0.04123848,b
test_0767.jpg,0.9976615,0.00090974953,0.0002606476,0.0011681415,a
test_0768.jpg,0.9984242,0.00037952996,0.00048732612,0.0007090553,a
test_0769.jpg,0.9996729,0.00015840949,0.00012336943,4.538508e-05,a
test_0770.jpg,0.00048774606,0.00017943174,4.82934e-05,0.99928457,d
test_0771.jpg,0.0002610559,0.9992243,0.0003352024,0.00017942092,b
test_0772.jpg,0.9818633,0.015870342,0.0007901378,0.0014761718,a
test_0773.jpg,0.00070901663,0.00029556212,0.99836975,0.00062570494,c
test_0774.jpg,0.0027964017,0.0013209266,0.99558794,0.0002947386,c
test_0775.jpg,0.00048762508,0.00037976276,0.99903667,9.601907e-05,c
test_0776.jpg,0.00048712376,0.00033479492,0.9980096,0.0011685491,c
test_0777.jpg,0.0010300878,0.00090904935,0.99689364,0.0011672424,c
test_0778.jpg,0.99855596,0.00026088126,0.00080357096,0.00037958004,a
test_0779.jpg,0.0021807828,0.00055138825,0.0003344339,0.99693334,d
test_0780.jpg,0.00037947742,0.99828595,0.00070895714,0.00062565244,b
test_0781.jpg,0.9972541,0.00033454146,0.00022992677,0.0021814844,a
test_0782.jpg,0.9979857,0.0013241079,0.00020305853,0.00048711212,a
test_0783.jpg,0.9956241,0.00055066415,0.001028776,0.0027965035,a
test_0784.jpg,0.9996495,9.6077965e-05,0.00015840579,9.6077965e-05,a
test_0785.jpg,0.0022837252,0.16010147,0.024552358,0.8130624,d
test_0786.jpg,0.80784076,0.02764279,0.15907326,0.0054431884,a
test_0787.jpg,0.75226635,0.13072428,0.001645576,0.11536379,a
test_0788.jpg,0.9995065,0.00013977262,0.0001233489,0.00023044608,a
test_0789.jpg,8.47957e-05,0.99973434,8.47957e-05,9.608612e-05,b
test_0790.jpg,0.008121164,0.00037983182,0.8283811,0.1631179,c
test_0791.jpg,0.00013980929,5.1432962e-05,4.0056024e-05,0.9997687,d
test_0792.jpg,0.000625843,0.99859005,0.0001582379,0.000625843,b
test_0793.jpg,0.0003351546,0.99908173,0.0003797799,0.00020328154,b
test_0794.jpg,0.00055122824,0.996644,0.0003343368,0.0024704335,b
test_0795.jpg,0.00010886983,0.9996424,0.00013979162,0.00010886983,b
test_0796.jpg,0.31944695,0.0011521056,0.003131748,0.6762692,d
test_0797.jpg,0.00043039233,0.0001794142,0.99918693,0.00020330295,c
test_0798.jpg,0.99214774,0.0045945556,0.0024592883,0.00079841405,a
test_0799.jpg,5.828714e-05,3.5352936e-05,3.5352936e-05,0.9998709,d
test_0800.jpg,0.0008008552,0.0004286669,0.0035891843,0.99518126,d
test_0801.jpg,0.99892896,0.00037972184,0.00026097873,0.00043028122,a
test_0802.jpg,0.0005524245,0.00037967545,0.00026094684,0.99880695,d
test_0803.jpg,0.00091020257,0.9981583,0.0005520657,0.00037942888,b
test_0804.jpg,0.34587806,0.0016017333,0.0063349777,0.6461853,d
test_0805.jpg,0.9993868,0.0001794501,0.0002033436,0.00023041849,a
test_0806.jpg,0.006652856,0.0007945703,0.9873713,0.005181249,c
test_0807.jpg,0.0007093947,0.00023030673,0.9989021,0.00015828735,c
test_0808.jpg,0.0014959261,0.0007066254,0.9950027,0.002794758,c
test_0809.jpg,0.619381,0.0041733566,0.3756736,0.00077199336,a
test_0810.jpg,0.9987336,0.00026092769,0.00062593294,0.00037964756,a
test_0811.jpg,0.0014999487,0.00033468378,0.99767834,0.00048696206,c
test_0812.jpg,0.00043029457,0.00043029457,0.99896,0.00017937346,c
test_0813.jpg,0.0002610365,0.00015832666,0.99915016,0.00043037647,c
test_0814.jpg,0.9971162,0.0004866877,0.00021596634,0.0021811828,a
test_0815.jpg,0.0009102962,0.0006256368,0.99826103,0.00020311454,c
test_0816.jpg,0.0013036042,0.982532,0.014015066,0.0021492802,b
test_0817.jpg,0.9994055,0.00037990298,0.0001397585,7.4807336e-05,a
test_0818.jpg,0.0019230014,0.0010293084,0.99613935,0.0009083615,c
test_0819.jpg,7.482466e-05,0.9996369,0.00020339449,8.478743e-05,b
test_0820.jpg,0.0019026478,0.0058605676,0.98559594,0.006640893,c
test_0821.jpg,0.0005525638,0.00015831218,0.9990588,0.00023034285,c
test_0822.jpg,0.00026072125,0.99794346,0.00029543592,0.0015003473,b
test_0823.jpg,0.00033524618,0.9993548,7.962794e-05,0.0002304111,b
test_0824.jpg,0.00043030365,0.99898106,0.00015829987,0.00043030365,b
test_0825.jpg,0.022752542,0.0023981004,0.9674627,0.0073866686,c
test_0826.jpg,0.9993051,0.00023039966,0.00020332698,0.000261077,a
test_0827.jpg,0.11798347,0.008546694,0.67894804,0.19452187,c
test_0828.jpg,0.014040615,0.9843232,0.00033020365,0.0013059807,b
test_0829.jpg,0.9986829,0.0006259012,0.00026091444,0.00043017522,a
test_0830.jpg,0.5277705,0.004029577,0.0024440624,0.46575582,a
test_0831.jpg,0.9997831,6.604218e-05,6.604218e-05,8.479983e-05,a
test_0832.jpg,0.0051431204,0.9801052,0.009608614,0.0051431204,b
test_0833.jpg,0.00043006663,0.00070906,0.9984308,0.00043006663,c
test_0834.jpg,0.0052103763,0.00070514774,0.992922,0.0011625921,c
test_0835.jpg,0.00033525834,7.027397e-05,0.00020334448,0.9993911,d
test_0836.jpg,0.00966572,0.0040292717,0.00037478065,0.98593026,d
test_0837.jpg,0.010870566,0.006593331,0.9785371,0.0039990577,c
test_0838.jpg,0.00023040394,0.0003798719,6.601183e-05,0.9993237,d
test_0839.jpg,0.0004302276,0.0004302276,0.99880457,0.0003350616,c
test_0840.jpg,0.7786681,0.0040860754,0.15332884,0.063916974,a
test_0841.jpg,0.00020332658,0.00033522883,0.00015835089,0.9993031,d
test_0842.jpg,3.534791e-05,0.99972874,0.0001398037,9.608558e-05,b
test_0843.jpg,0.0024606294,0.003159511,0.9926887,0.0016911643,c
test_0844.jpg,0.0004876675,0.00023035781,0.00015832245,0.99912363,d
test_0845.jpg,0.00017950936,4.5387074e-05,5.8278158e-05,0.9997168,d
test_0846.jpg,0.00015837129,0.9994318,0.00023042886,0.00017945818,b
test_0847.jpg,0.14426942,0.003392892,0.022124434,0.8302133,d
test_0848.jpg,0.015639601,0.0011329289,0.96758795,0.015639601,c
test_0849.jpg,0.00010889007,2.2824599e-05,4.005841e-05,0.9998282,d
test_0850.jpg,0.00012330926,0.99918526,0.00026104567,0.0004303916,b
test_0851.jpg,0.0008028418,0.0011681279,0.0003792356,0.99764985,d
test_0852.jpg,0.05139631,0.91102135,0.0022581962,0.03532413,b
test_0853.jpg,0.0008036631,0.00023025332,0.99867046,0.00029565115,c
test_0854.jpg,5.1434272e-05,5.8282665e-05,9.609187e-05,0.9997942,d
test_0855.jpg,0.0002304377,0.9994702,0.00020336057,9.606073e-05,b
test_0856.jpg,0.0011691733,0.9985428,0.00017929854,0.00010875007,b
test_0857.jpg,0.00012335519,0.99955744,0.00017948073,0.00013977975,b
test_0858.jpg,9.6081334e-05,9.6081334e-05,0.00012337088,0.9996846,d
test_0859.jpg,0.00015841857,4.5387682e-05,6.603868e-05,0.99973017,d
test_0860.jpg,0.0016954732,0.0019212228,0.995218,0.0011652805,c
test_0861.jpg,0.0002303778,0.00017941842,0.00037982882,0.99921036,d
test_0862.jpg,0.9990994,0.0003351605,0.0002303522,0.0003351605,a
test_0863.jpg,0.9982803,0.0004300018,0.0009103138,0.00037947524,a
test_0864.jpg,0.9995499,0.0002033768,0.00012335426,0.00012335426,a
test_0865.jpg,0.00048765718,0.00033516152,7.478465e-05,0.9991025,d
test_0866.jpg,0.0016990126,0.0002029181,0.99729556,0.0008025567,c
test_0867.jpg,9.608084e-05,0.99967945,0.00015841052,6.603533e-05,b
test_0868.jpg,2.753157e-05,0.9998228,7.483857e-05,7.483857e-05,b
test_0869.jpg,0.0016996341,0.9976604,0.00037923962,0.0002606473,b
test_0870.jpg,0.002247528,0.01660711,0.9067174,0.0744279,c
test_0871.jpg,0.00026112676,8.4775456e-05,0.0001583814,0.9994956,d
test_0872.jpg,0.00033524862,0.00017944565,0.00012333108,0.99936205,d
test_0873.jpg,0.00010887042,8.4788364e-05,0.00015840551,0.99964786,d
test_0874.jpg,0.00013978948,0.00015840221,7.482392e-05,0.999627,d
test_0875.jpg,0.001030295,0.0011674772,0.00070811075,0.99709415,d
test_0876.jpg,0.9968816,0.0021806697,0.00022984088,0.00070795976,a
test_0877.jpg,0.9996408,9.6077136e-05,0.0001397914,0.00012336548,a
test_0878.jpg,0.00020333737,0.9993562,0.00026109035,0.0001794446,b
test_0879.jpg,0.9924084,0.0040557464,0.0031586185,0.00037724318,a
test_0880.jpg,0.00043024452,0.00043024452,0.9988438,0.00029570246,c
test_0881.jpg,0.0011673146,0.00017901348,0.9969553,0.001698433,c
test_0882.jpg,0.9991387,0.0003351737,0.00029578977,0.00023036129,a
test_0883.jpg,0.9997315,0.00010887953,8.479546e-05,7.483174e-05,a
test_0884.jpg,0.001316762,0.0059013176,0.00033292957,0.99244905,d
test_0885.jpg,0.005211189,0.0011627733,0.00054925523,0.9930768,d
test_0886.jpg,0.00070524344,0.00033313342,0.0059049306,0.99305665,d
test_0887.jpg,8.4776715e-05,0.9995105,0.00010885546,0.00029589984,b
test_0888.jpg,0.00026114998,5.827044e-05,0.9995845,9.6071715e-05,c
test_0889.jpg,0.002457244,0.0040513105,0.991323,0.0021685103,c
test_0890.jpg,0.001168955,0.9983563,0.00029555813,0.00017926506,b
test_0891.jpg,0.009683397,0.00090069615,0.98773324,0.001682722,c
test_0892.jpg,0.0097036185,0.00042634722,7.408805e-05,0.989796,d
test_0893.jpg,0.00048583723,0.9953738,0.0035898783,0.00055052567,b
test_0894.jpg,6.6015346e-05,0.99937695,0.00029586029,0.00026109576,b
test_0895.jpg,0.00055249006,0.9989255,0.00026097783,0.00026097783,b
test_0896.jpg,0.0079229195,0.915765,0.07517057,0.0011414048,b
test_0897.jpg,8.479983e-05,6.604218e-05,6.604218e-05,0.9997831,d
test_0898.jpg,0.9444712,0.0016090199,0.03662112,0.017298594,a
test_0899.jpg,0.00043039775,0.0001397297,0.99919957,0.00023037531,c
test_0900.jpg,0.99918693,0.00043039233,0.0001794142,0.00020330295,a
test_0901.jpg,0.026184892,0.0031273395,0.86712456,0.103563264,c
test_0902.jpg,5.1434272e-05,0.9997942,9.609187e-05,5.8282665e-05,b
test_0903.jpg,0.99552494,0.0005506093,0.00033396142,0.0035904236,a
test_0904.jpg,0.9987866,0.00029568552,0.000487503,0.0004302199,a
test_0905.jpg,0.9723408,0.002410192,0.0095324945,0.015716426,a
test_0906.jpg,0.9994222,0.00026110758,0.00015836976,0.00015836976,a
test_0907.jpg,0.0002033242,0.9992914,7.47988e-05,0.00043043733,b
test_0908.jpg,0.00013980875,6.604097e-05,2.9305505e-05,0.99976486,d
test_0909.jpg,0.00247171,0.997159,0.00022990484,0.00013944434,b
test_0910.jpg,0.0001233489,0.9995065,0.00013977262,0.00023044608,b
test_0911.jpg,0.0007077781,0.00048644832,0.00218011,0.9966258,d
test_0912.jpg,0.0010308215,0.9976037,0.0010308215,0.00033465875,b
test_0913.jpg,0.0003798775,0.00015835649,0.00012332817,0.99933845,d
test_0914.jpg,0.0010305222,0.0010305222,0.9973139,0.00062504323,c
test_0915.jpg,0.010941684,0.984939,0.0024414198,0.0016779617,b
test_0916.jpg,0.003575939,0.9915087,0.0024577046,0.0024577046,b
test_0917.jpg,0.009469356,0.04808936,0.19019711,0.7522442,d
test_0918.jpg,9.5988034e-05,0.99871385,0.0010319686,0.0001582575,b
test_0919.jpg,0.9998319,5.1436215e-05,5.8284866e-05,5.8284866e-05,a
test_0920.jpg,0.0075324513,0.0027710344,0.9865565,0.0031399932,c
test_0921.jpg,0.036834035,0.0049849446,0.008218785,0.9499623,d
test_0922.jpg,0.00032275543,0.037305452,0.00025136216,0.96212035,d
test_0923.jpg,0.96640825,0.022727743,0.0034854123,0.0073786173,a
test_0924.jpg,0.00055257406,0.9990773,0.00023034713,0.0001397126,b
test_0925.jpg,5.8281956e-05,0.999782,8.479974e-05,7.4835516e-05,b
test_0926.jpg,0.00010886923,0.00017949501,7.482466e-05,0.9996369,d
test_0927.jpg,0.00026116247,5.8273225e-05,4.8310205e-05,0.99963224,d
test_0928.jpg,0.40056512,0.5143358,0.04784068,0.03725836,b
test_0929.jpg,6.6030574e-05,0.9996075,9.607393e-05,0.00023046936,b
test_0930.jpg,0.99910897,0.00023035443,0.00043035875,0.00023035443,a
test_0931.jpg,0.9993562,0.00026109035,0.0001794446,0.00020333737,a
test_0932.jpg,0.00020334877,0.00026110496,0.00012333726,0.9994122,d
test_0933.jpg,0.95936906,0.032827802,0.0057046167,0.0020986113,a
test_0934.jpg,0.9995152,0.0001583845,9.606506e-05,0.00023044807,a
test_0935.jpg,0.0014969758,0.00033402044,0.9957009,0.0024680959,c
test_0936.jpg,0.30952388,0.0064239632,0.028790204,0.655262,d
test_0937.jpg,6.6047745e-05,3.5352812e-05,3.1198746e-05,0.9998673,d
test_0938.jpg,0.0006258586,0.9986149,0.00037960245,0.00037960245,b
test_0939.jpg,0.9994159,0.00023042518,0.00012333771,0.00023042518,a
test_0940.jpg,0.98596954,0.001308165,0.00031071645,0.012411525,a
test_0941.jpg,0.1303589,0.009443168,0.5842281,0.2759698,c
test_0942.jpg,0.00055224757,0.00033495508,0.00062577846,0.998487,d
test_0943.jpg,3.1193973e-05,0.9997143,9.60842e-05,0.00015841605,b
test_0944.jpg,0.8351867,0.017333748,0.0023458677,0.14513367,a
test_0945.jpg,0.99737,0.00055162975,0.00037912925,0.0016991395,a
test_0946.jpg,0.051266994,0.031095002,0.9087292,0.008908868,c
test_0947.jpg,0.00015839435,0.00017948431,8.478238e-05,0.99957734,d
test_0948.jpg,0.00013969015,0.99891675,0.0008038613,0.00013969015,b
test_0949.jpg,0.9873431,0.004572306,0.000546084,0.007538457,a
test_0950.jpg,0.0046000313,0.00037759353,0.99333006,0.001692257,c
test_0951.jpg,0.9944436,0.00021538747,0.00012272409,0.005218361,a
test_0952.jpg,0.9995871,0.0001583959,0.0001583959,9.607197e-05,a
test_0953.jpg,0.0013232281,0.00055160356,0.0008025784,0.9973226,d
test_0954.jpg,0.00017945816,0.00023042884,0.00015837127,0.99943167,d
test_0955.jpg,9.604866e-05,0.9993445,0.0001794425,0.0003798798,b
test_0956.jpg,0.9943328,0.002175094,0.0010274417,0.0024647047,a
test_0957.jpg,0.0007094457,0.00015829873,0.00015829873,0.99897397,d
test_0958.jpg,0.00026097993,0.9989336,0.00017936873,0.0006260583,b
test_0959.jpg,0.9989477,0.00070942705,0.00020325425,0.00013969447,a
test_0960.jpg,0.0073995497,0.58781904,0.048251126,0.35653028,b
test_0961.jpg,0.0005524661,0.9988821,0.00023030212,0.00033508762,b
test_0962.jpg,0.0008029091,0.00029537376,0.9977335,0.0011682258,c
test_0963.jpg,0.00023025573,0.9986809,0.00037962754,0.0007092376,b
test_0964.jpg,0.00026095862,0.00026095862,0.0006260072,0.998852,d
test_0965.jpg,8.4754996e-05,0.9992544,0.00023038796,0.00043042138,b
test_0966.jpg,0.00015833153,0.999181,0.00023037104,0.00043038974,b
test_0967.jpg,0.0014968859,0.001696194,0.9956411,0.0011657758,c
test_0968.jpg,0.99925846,0.0003798471,0.0002033175,0.00015834381,a
test_0969.jpg,0.002173031,0.00037761618,0.9933896,0.004059756,c
test_0970.jpg,0.00048773305,9.604033e-05,0.00015834373,0.99925786,d
test_0971.jpg,0.0026658282,0.94910055,0.0009807033,0.04725293,b
test_0972.jpg,0.0001584017,0.000108867804,0.000108867804,0.9996238,d
test_0973.jpg,0.04191775,0.9540435,0.0034408183,0.0005979245,b
test_0974.jpg,0.016265048,0.6103414,0.37019077,0.0032027778,b
test_0975.jpg,7.482357e-05,0.99962234,0.00012336319,0.00017949239,b
test_0976.jpg,0.00017945495,0.0002033491,0.0002033491,0.99941385,d
test_0977.jpg,0.00020329862,0.9991658,0.00033518276,0.00029579777,b
test_0978.jpg,0.0027962984,0.0006239384,0.9955511,0.0010287006,c
test_0979.jpg,0.9998325,6.6045446e-05,3.535158e-05,6.6045446e-05,a
test_0980.jpg,0.9993955,0.0003798992,8.476696e-05,0.0001397571,a
test_0981.jpg,0.0008029107,0.9977355,0.0005518319,0.00090981706,b
test_0982.jpg,0.99787927,0.00042982903,0.00019073547,0.0015002508,a
test_0983.jpg,0.00033516955,0.00033516955,0.00020329062,0.9991264,d
test_0984.jpg,0.0013227548,0.9969658,0.0009091152,0.0008022913,b
test_0985.jpg,0.03604524,0.92961895,0.02807206,0.006263723,b
test_0986.jpg,0.9983165,0.00048727356,0.0007089788,0.00048727356,a
test_0987.jpg,0.00067929894,0.0007697466,0.04202674,0.9565242,d
test_0988.jpg,0.00020340468,5.827641e-05,5.1428757e-05,0.99968696,d
test_0989.jpg,0.9995322,0.0001794762,0.0001794762,0.00010885783,a
test_0990.jpg,0.17954122,0.6266604,0.15844457,0.035353765,b
test_0991.jpg,0.99959177,0.00020338531,9.6072414e-05,0.00010886431,a
test_0992.jpg,0.0011661352,0.995948,0.0007072968,0.0021786275,b
test_0993.jpg,0.9990202,0.0006261126,0.00023033397,0.00012328889,a
test_0994.jpg,0.00010888916,4.005808e-05,3.1197265e-05,0.99981993,d
test_0995.jpg,0.00085570937,0.93839926,0.0007551609,0.059989855,b
test_0996.jpg,0.0005526113,0.00012330424,0.9991447,0.00017940662,c
test_0997.jpg,0.99925846,0.0002033175,0.00015834381,0.0003798471,a
test_0998.jpg,0.00015841091,0.99968195,8.479125e-05,7.482803e-05,b
test_0999.jpg,0.02315877,0.004024391,0.10379041,0.8690264,d
test_1000.jpg,0.0002958501,0.0002033346,0.9993425,0.00015835713,c
test_1001.jpg,0.00029587804,0.0001583721,0.00010884745,0.9994369,d
test_1002.jpg,0.0014974317,0.00080151745,0.0016968126,0.99600416,d
test_1003.jpg,0.9989863,0.00029574466,0.00023032614,0.0004876005,a
test_1004.jpg,0.0021716242,0.004597329,0.00048455488,0.99274653,d
test_1005.jpg,0.025874605,0.0024067133,0.0007813454,0.97093743,d
test_1006.jpg,0.0009101344,0.9980836,0.00020307844,0.0008031908,b
test_1007.jpg,0.00023032614,0.9989863,0.0004876005,0.00029574466,b
test_1008.jpg,0.008532564,0.9862303,0.0016801617,0.003556902,b
test_1009.jpg,0.9993051,0.000261077,0.00020332698,0.00023039966,a
test_1010.jpg,0.00026096555,0.99887854,0.00043025948,0.00043025948,b
test_1011.jpg,0.0001088566,0.9995209,0.00013977464,0.0002304494,b
test_1012.jpg,0.0018702578,0.025818111,0.0034941016,0.9688175,d
test_1013.jpg,0.0007090958,0.00037955164,0.00043008832,0.9984812,d
test_1014.jpg,0.00017944264,0.99934524,0.0002958509,0.00017944264,b
test_1015.jpg,0.030328628,0.6091668,0.28775004,0.0727546,b
test_1016.jpg,0.998386,0.0009104102,0.00021624136,0.0004873075,a
test_1017.jpg,0.00010887953,7.483174e-05,8.479546e-05,0.9997315,d
test_1018.jpg,0.00015838823,0.00012335287,0.00017947739,0.9995388,d
test_1019.jpg,0.0673689,0.0013981968,0.0012339044,0.92999893,d
test_1020.jpg,0.00015835713,0.9993425,0.0002033346,0.0002958501,b
test_1021.jpg,0.999281,0.00037985566,0.00023039409,0.00010883046,a
test_1022.jpg,0.00010887872,5.8278572e-05,0.00010887872,0.999724,d
test_1023.jpg,0.00090924214,0.0004866823,0.99710506,0.0014990867,c
test_1024.jpg,0.99966073,0.00015840757,9.607904e-05,8.4789455e-05,a
test_1025.jpg,0.000108866465,0.99961156,0.00013978731,0.00013978731,b
test_1026.jpg,0.00037979335,0.00037979335,0.9991171,0.00012330084,c
test_1027.jpg,0.000108872475,6.603449e-05,0.0001584085,0.9996667,d
test_1028.jpg,8.4778425e-05,0.9995307,0.00012335189,0.00026113592,b
test_1029.jpg,0.99110174,0.0024566958,0.0005481629,0.0058933063,a
test_1030.jpg,0.99957985,0.00029592036,6.6028755e-05,5.827017e-05,a
test_1031.jpg,0.0020266594,0.92647666,0.01922841,0.05226824,b
test_1032.jpg,0.0008033726,0.0005521494,0.9983095,0.00033489554,c
test_1033.jpg,0.0014959363,0.99500954,0.0024663822,0.001028141,b
test_1034.jpg,0.40541497,0.0039745485,0.5898753,0.00073521753,c
test_1035.jpg,0.06659111,0.9192618,0.0079531735,0.0061939373,b
test_1036.jpg,7.483953e-05,5.828508e-05,3.1197756e-05,0.9998356,d
test_1037.jpg,0.00090847147,0.00090847147,0.0019232341,0.9962599,d
test_1038.jpg,0.00015841179,0.00010887473,0.99968743,4.538574e-05,c
test_1039.jpg,0.0016995842,0.00033466794,0.9976311,0.00033466794,c
test_1040.jpg,0.0003797645,0.0001487179,0.00043032953,0.99904114,d
test_1041.jpg,0.24427678,0.003074991,0.00022275161,0.7524255,d
test_1042.jpg,0.004067558,0.00048580053,0.99529856,0.00014816078,c
test_1043.jpg,0.16051574,0.021723446,0.0025944957,0.8151663,d
test_1044.jpg,2.7532456e-05,0.9998549,6.604692e-05,5.14374e-05,b
test_1045.jpg,0.0027811858,0.00037639256,0.99017066,0.0066717174,c
test_1046.jpg,0.00017944022,0.00037987498,0.000108836,0.9993318,d
test_1047.jpg,0.022943413,0.00078508037,0.97557867,0.000692831,c
test_1048.jpg,0.015849467,0.0024305948,0.98057187,0.0011481316,c
test_1049.jpg,0.9907443,0.00090344186,0.003153322,0.005198949,a
test_1050.jpg,0.0052125338,0.0010264087,0.00042787084,0.99333316,d
test_1051.jpg,0.00033518276,0.9991658,0.00020329862,0.00029579777,b
test_1052.jpg,0.000123359,0.00017948628,0.00010886394,0.9995883,d
test_1053.jpg,5.8284866e-05,5.1436215e-05,5.8284866e-05,0.9998319,d
test_1054.jpg,6.604226e-05,0.9997843,7.483569e-05,7.483569e-05,b
test_1055.jpg,0.99977547,7.483503e-05,7.483503e-05,7.483503e-05,a
test_1056.jpg,0.00012336389,0.00013978961,0.000108868255,0.99962795,d
test_1057.jpg,0.00013979818,9.608179e-05,7.482858e-05,0.99968934,d
test_1058.jpg,0.00012336316,0.9996221,0.00015840144,9.607534e-05,b
test_1059.jpg,5.1425402e-05,0.99962175,0.00012336312,0.00020339142,b
test_1060.jpg,0.0003352298,0.00017943558,0.00017943558,0.99930596,d
test_1061.jpg,0.0014981352,0.0013220997,0.9964721,0.00070766895,c
test_1062.jpg,0.9994535,0.00020335718,0.00020335718,0.00013976521,a
test_1063.jpg,0.24387467,0.003941867,0.00099666,0.75118685,d
test_1064.jpg,0.99977094,0.000108883825,7.483469e-05,4.538953e-05,a
test_1065.jpg,0.00020330834,0.00037983,0.00020330834,0.99921346,d
test_1066.jpg,0.9997017,0.00012337299,6.60368e-05,0.00010887629,a
test_1067.jpg,0.00033523684,0.00017943935,0.99932694,0.00015835467,c
test_1068.jpg,0.98309016,0.0018978105,0.0075059854,0.0075059854,a
test_1069.jpg,3.5346948e-05,0.99970144,0.00012337296,0.00013979989,b
test_1070.jpg,0.90127856,0.09499406,0.0025315061,0.0011957987,a
test_1071.jpg,0.014003518,0.0011494787,0.0031246075,0.9817224,d
test_1072.jpg,0.00048724198,0.0007089328,0.99825174,0.0005521174,c
test_1073.jpg,0.0006239224,0.003590426,0.99552554,0.00026008955,c
test_1074.jpg,0.00033528515,0.00010885116,8.477336e-05,0.999471,d
test_1075.jpg,0.0047237137,0.29224584,0.001969137,0.7010613,d
test_1076.jpg,0.046850935,0.0071848235,0.9410262,0.0049380525,c
test_1077.jpg,5.8286445e-05,0.999859,5.1437608e-05,3.1198488e-05,b
test_1078.jpg,0.0005521248,0.00037946948,0.9982651,0.00080333685,c
test_1079.jpg,0.99971074,0.00017950826,5.82778e-05,5.1429983e-05,a
test_1080.jpg,0.001169035,0.99842465,0.00020314784,0.00020314784,b
test_1081.jpg,0.99980086,7.483693e-05,6.604335e-05,5.8283054e-05,a
test_1082.jpg,0.000108871514,7.4826225e-05,0.0001584071,0.99965787,d
test_1083.jpg,0.9995679,0.00026114564,7.4819494e-05,9.607013e-05,a
test_1084.jpg,0.9990043,0.0003351286,0.00023033029,0.00043031364,a
test_1085.jpg,0.00033523748,0.0002610832,7.4801595e-05,0.99932885,d
test_1086.jpg,0.0158202,0.0035299635,0.11689633,0.86375356,d
test_1087.jpg,6.603368e-05,0.9996544,0.00013979331,0.00013979331,b
test_1088.jpg,0.001031724,0.00023020875,0.0002608607,0.99847716,d
test_1089.jpg,0.87655145,0.11862834,0.0035822655,0.0012379979,a
test_1090.jpg,0.00017947618,0.000108857814,0.00017947618,0.9995321,d
test_1091.jpg,0.0023748942,0.9581006,0.037149593,0.0023748942,b
test_1092.jpg,0.00026091596,0.00013965827,0.00091068627,0.99868876,d
test_1093.jpg,0.9984686,0.00033494888,0.00070908683,0.0004873478,a
test_1094.jpg,0.00033521978,0.00023039295,0.9992761,0.00015834661,c
test_1095.jpg,0.03263247,0.0072812876,0.95366055,0.006425714,c
test_1096.jpg,0.9968166,0.0021805274,0.0002951023,0.0007079136,a
test_1097.jpg,0.00026112158,0.0001233451,0.00013976832,0.9994758,d
test_1098.jpg,0.998879,0.00043025968,0.00048754812,0.00020324028,a
test_1099.jpg,0.00023040205,0.9993155,0.0002958421,0.00015835285,b
test_1100.jpg,0.0019214477,0.00027681078,0.0024671878,0.99533457,d
test_1101.jpg,0.9989215,0.00055248785,0.00029572545,0.0002303112,a
test_1102.jpg,0.9980981,0.00029548167,0.00080320245,0.00080320245,a
test_1103.jpg,0.0009028073,0.008565597,0.9900484,0.00048323796,c
test_1104.jpg,0.00033509545,0.0003797129,0.9989054,0.0003797129,c
test_1105.jpg,0.0011676184,0.0009093422,0.99721485,0.0007081964,c
test_1106.jpg,0.00043030042,0.0003351183,0.9989736,0.00026099037,c
test_1107.jpg,0.00020337745,0.00020337745,4.004739e-05,0.99955314,d
test_1108.jpg,9.6079755e-05,0.9996681,0.00013979523,9.6079755e-05,b
test_1109.jpg,0.9842987,0.0007441069,0.004022604,0.010934572,a
test_1110.jpg,0.00020332698,0.000261077,0.00023039966,0.9993051,d
test_1111.jpg,0.0011672328,0.001322648,0.99688536,0.00062477466,c
test_1112.jpg,0.00062448444,0.0019235477,0.0010296009,0.9964224,d
test_1113.jpg,0.008270804,0.0030426586,0.032711662,0.9559749,d
test_1114.jpg,0.999255,0.0002303881,0.00017942642,0.0003352127,a
test_1115.jpg,0.00010887629,0.00012337299,0.9997017,6.60368e-05,c
test_1116.jpg,0.0035846815,0.0013187305,0.9939328,0.0011637756,c
test_1117.jpg,0.99971706,0.00013980207,8.4794236e-05,5.827817e-05,a
test_1118.jpg,0.19740517,0.7807526,0.0010358873,0.020806352,b
test_1119.jpg,0.00033524862,0.00017944565,0.99936205,0.00012333108,c
test_1120.jpg,0.819075,0.052361708,0.12560922,0.0029540458,a
test_1121.jpg,0.00015836424,0.9993874,0.0002958634,0.00015836424,b
test_1122.jpg,0.99948263,0.0001794673,0.0001794673,0.00015837935,a
test_1123.jpg,0.0008034755,0.00037953496,0.99843735,0.00037953496,c
test_1124.jpg,8.478995e-05,0.9996666,0.00010887246,0.00013979501,b
test_1125.jpg,0.00033504414,0.0007092884,0.00020321454,0.9987525,d
test_1126.jpg,0.0006249751,0.001925059,0.0002447438,0.9972052,d
test_1127.jpg,0.00080342474,0.00048730176,0.9983742,0.00033491725,c
test_1128.jpg,0.0027998576,0.9968183,0.000202821,0.00017898889,b
test_1129.jpg,0.004031737,0.00089960214,0.9865335,0.008535188,c
test_1130.jpg,0.32404864,0.056311205,0.6054025,0.014237703,c
test_1131.jpg,0.00084377185,0.5612278,0.43708465,0.00084377185,b
test_1132.jpg,0.00033461695,0.00026059995,0.0019255878,0.99747914,d
test_1133.jpg,0.0019245934,0.00062482397,0.00048661345,0.99696404,d
test_1134.jpg,0.054373637,0.006494005,0.5845717,0.35456067,c
test_1135.jpg,0.99875283,0.0003796549,0.00015826369,0.0007092887,a
test_1136.jpg,0.05291136,0.007160773,0.9378762,0.002051596,c
test_1137.jpg,0.9998215,5.8284255e-05,3.535119e-05,8.480309e-05,a
test_1138.jpg,0.00033506544,0.0007093335,0.998816,0.00013967606,c
test_1139.jpg,0.0019237445,0.0002297585,0.9965243,0.001322169,c
test_1140.jpg,0.00020337522,0.00015838878,9.6067655e-05,0.99954224,d
test_1141.jpg,0.32976276,0.47980195,0.107058294,0.08337707,b
test_1142.jpg,0.0011664338,0.996203,0.00070747786,0.0019231242,b
test_1143.jpg,5.827767e-05,0.9997085,0.00015841513,7.4830015e-05,b
test_1144.jpg,0.004061778,0.0010269783,0.99388427,0.0010269783,c
test_1145.jpg,0.0006255609,6.593363e-05,0.99813986,0.0011687016,c
test_1146.jpg,0.00026096663,0.9988827,0.00023030226,0.0006260264,b
test_1147.jpg,0.0016673992,0.97873896,0.0016673992,0.01792623,b
test_1148.jpg,0.0037425996,0.9157839,0.040236738,0.040236738,b
test_1149.jpg,0.30859262,0.03685613,0.5765269,0.078024425,c
test_1150.jpg,0.0011685692,0.00062549004,0.00017920589,0.9980268,d
test_1151.jpg,0.00062446675,0.9963941,0.00080183125,0.0021796033,b
test_1152.jpg,0.9885847,0.009691744,0.0010215022,0.00070206757,a
test_1153.jpg,0.00037881013,0.9965306,0.0011668173,0.0019237566,b
test_1154.jpg,0.00013979358,0.00015840688,4.5384335e-05,0.99965644,d
test_1155.jpg,0.99627906,0.0003342144,0.00021578502,0.003170938,a
test_1156.jpg,0.00020337639,0.00010885954,0.00013977842,0.9995479,d
test_1157.jpg,0.0010255092,0.9924625,0.0019159034,0.0045960136,b
test_1158.jpg,0.00010884967,0.9994573,0.00023043473,0.00020335795,b
test_1159.jpg,7.4834e-05,4.0055747e-05,0.0001233804,0.99976176,d
test_1160.jpg,0.99868244,0.00043017502,0.00055235566,0.00033502062,a
test_1161.jpg,0.6402995,0.0019144609,0.34272763,0.015058401,a
test_1162.jpg,0.3234355,0.016102903,0.604257,0.056204654,c
test_1163.jpg,0.00062579795,0.00023021821,0.00062579795,0.99851817,d
test_1164.jpg,0.00020327081,5.823806e-05,0.0007094848,0.99902904,d
test_1165.jpg,0.00017949729,9.607798e-05,7.482561e-05,0.99964964,d
test_1166.jpg,0.00029536668,0.99770963,0.0016997181,0.00029536668,b
test_1167.jpg,0.00015838565,0.00017947445,0.00013977486,0.99952245,d
test_1168.jpg,0.00023043405,0.00023043405,0.9994543,8.477195e-05,c
test_1169.jpg,0.006375924,0.39446446,0.025217269,0.57394236,d
test_1170.jpg,0.999658,0.00010887153,0.00015840713,7.482624e-05,a
test_1171.jpg,0.00020334727,0.00029586852,9.605445e-05,0.9994048,d
test_1172.jpg,0.0024565167,0.0058928765,0.9910295,0.0006211046,c
test_1173.jpg,0.00017943468,0.00013974388,0.00037986325,0.99930096,d
test_1174.jpg,0.00023035443,0.99910897,0.00023035443,0.00043035875,b
test_1175.jpg,0.99388427,0.0010269783,0.004061778,0.0010269783,a
test_1176.jpg,0.00070918,0.00043013942,0.9985998,0.00026089273,c
test_1177.jpg,7.482286e-05,0.999613,0.000108866625,0.00020338962,b
test_1178.jpg,0.7301572,0.26860985,0.00080312876,0.00042988386,a
test_1179.jpg,0.00037978712,0.9991007,0.00037978712,0.00013971586,b
test_1180.jpg,6.6046094e-05,0.9998424,5.1436757e-05,4.005898e-05,b
test_1181.jpg,0.00062561996,0.001031473,0.99823415,0.000108716464,c
test_1182.jpg,0.0016979107,0.00048645952,0.9966487,0.0011669557,c
test_1183.jpg,0.03974555,0.79831076,0.0047469293,0.1571967,b
test_1184.jpg,0.00069936056,0.00048066306,0.98477304,0.014047032,c
test_1185.jpg,0.9859983,0.007528189,0.0024440454,0.0040295497,a
test_1186.jpg,0.99958867,9.6072115e-05,0.00023046503,8.478334e-05,a
test_1187.jpg,0.0001088692,0.99963665,0.00015840374,9.6076736e-05,b
test_1188.jpg,0.99828655,0.00070895755,0.00070895755,0.0002955375,a
test_1189.jpg,0.99855715,0.00091056625,0.000102162696,0.00043012106,a
test_1190.jpg,0.000108868255,0.99962795,0.00013978961,0.00012336389,b
test_1191.jpg,0.00020320524,0.9987068,0.000179328,0.00091070274,b
test_1192.jpg,0.0007083205,0.0016991728,0.00020293724,0.9973896,d
test_1193.jpg,0.9981021,0.0010313365,0.00037940752,0.00048716893,a
test_1194.jpg,0.0018620089,0.96454453,0.02912672,0.004466728,b
test_1195.jpg,0.0003352127,0.00017942642,0.999255,0.0002303881,c
test_1196.jpg,0.9995067,0.00026112967,0.00012334893,0.00010885505,a
test_1197.jpg,0.000385127,0.00046455188,0.047385577,0.95176476,d
test_1198.jpg,0.00037974239,0.00055252184,0.99898297,8.473197e-05,c
test_1199.jpg,0.00029575877,0.00033513858,0.00033513858,0.99903405,d
test_1200.jpg,0.013924214,0.0014676014,0.9761628,0.008445463,c
test_1201.jpg,4.0060895e-05,2.4298162e-05,4.5394947e-05,0.9998902,d
test_1202.jpg,9.6067655e-05,0.99954224,0.00020337522,0.00015838878,b
test_1203.jpg,0.9970125,0.00080232887,0.0016985304,0.0004866371,a
test_1204.jpg,6.6017376e-05,0.99940765,0.0002958694,0.00023042329,b
test_1205.jpg,0.99683833,0.0005513357,0.0001393995,0.0024709154,a
test_1206.jpg,0.004602632,0.00070583646,0.0007998175,0.9938917,d
test_1207.jpg,0.99638087,0.0004863288,0.00033424853,0.002798629,a
test_1208.jpg,0.0014813468,0.009659596,0.9853055,0.0035535665,c
test_1209.jpg,0.0024676041,0.00033395388,0.99550253,0.001695958,c
test_1210.jpg,0.0007425095,0.92267805,0.0008413735,0.07573803,b
test_1211.jpg,0.9996666,0.00023048298,5.142771e-05,5.142771e-05,a
test_1212.jpg,0.0004302069,0.00055239664,0.9987565,0.00026093368,c
test_1213.jpg,0.007249787,0.036817458,0.9495348,0.006397915,c
test_1214.jpg,0.0009105719,0.99856335,0.0004301237,9.597357e-05,b
test_1215.jpg,0.95709705,0.042051908,0.0004122624,0.00043885104,a
test_1216.jpg,0.00070929545,0.99876237,0.0001486764,0.0003796585,b
test_1217.jpg,0.000108878296,7.483089e-05,9.608476e-05,0.99972016,d
test_1218.jpg,0.00070842623,0.00042968223,0.0013235145,0.99753845,d
test_1219.jpg,0.0031624148,0.0019181015,0.99360114,0.0013182906,c
test_1220.jpg,0.005631797,0.9471227,0.03672393,0.010521583,b
test_1221.jpg,0.0006260456,0.9989134,0.00023030934,0.00023030934,b
test_1222.jpg,0.00062606257,0.9989404,0.00023031556,0.00020325277,b
test_1223.jpg,0.002174068,0.0035844322,0.0003777964,0.9938637,d
test_1224.jpg,0.0045966962,0.0006220951,0.9926099,0.0021713255,c
test_1225.jpg,0.001168881,0.9982931,0.00033489004,0.00020312108,b
test_1226.jpg,0.00015836263,0.9993772,0.00020334164,0.00026109582,b
test_1227.jpg,0.0013240536,0.0005519476,0.9979448,0.00017919116,c
test_1228.jpg,0.0003352157,0.00013973871,0.00026106625,0.99926394,d
test_1229.jpg,0.0003348647,0.0013244154,0.00012318983,0.9982175,d
test_1230.jpg,0.99681586,0.0019243073,0.0010300075,0.00022982572,a
test_1231.jpg,0.00048760057,0.00023032617,0.9989864,0.00029574468,c
test_1232.jpg,0.23928139,0.041580874,0.1451315,0.57400626,d
test_1233.jpg,0.00015838268,0.99950373,0.00015838268,0.0001794711,b
test_1234.jpg,0.006593331,0.010870566,0.9785371,0.0039990577,c
test_1235.jpg,0.0007088622,0.00042994667,0.9981523,0.0007088622,c
test_1236.jpg,0.0016881843,0.0027833453,0.9909395,0.0045889607,c
test_1237.jpg,0.9992743,0.00037985313,0.00026106896,8.475668e-05,a
test_1238.jpg,0.00029580144,0.00029580144,0.9991781,0.00023037037,c
test_1239.jpg,0.0019152325,0.0040545473,0.99211496,0.0019152325,c
test_1240.jpg,0.00043043846,0.00017943344,9.6043805e-05,0.99929404,d
test_1241.jpg,0.00048757,0.000430279,0.99892384,0.0001582908,c
test_1242.jpg,0.0066534774,0.9874636,0.00070127135,0.0051817335,b
test_1243.jpg,0.9907885,0.0045882612,0.0024559193,0.002167341,a
test_1244.jpg,0.00029575225,0.999012,0.0005525379,0.00013970348,b
test_1245.jpg,0.0004875002,0.00017934128,0.00055241,0.9987808,d
test_1246.jpg,0.0008029627,0.0009098759,0.99780005,0.0004870215,c
test_1247.jpg,0.51691043,0.31352204,0.0017513197,0.16781624,a
test_1248.jpg,0.00080198783,0.00042927315,0.002180029,0.9965887,d
test_1249.jpg,0.9991685,0.0004303844,6.600158e-05,0.0003351837,a
test_1250.jpg,0.0012500881,0.0531551,0.003398092,0.94219667,d
test_1251.jpg,0.00048474738,0.9931409,0.005211525,0.0011628483,b
test_1252.jpg,0.0005525252,0.00033512348,0.00012328505,0.99898905,d
test_1253.jpg,4.538767e-05,0.99972993,0.00013980387,8.479533e-05,b
test_1254.jpg,0.0004303467,0.00037977964,0.000108808694,0.999081,d
test_1255.jpg,0.00029572545,0.0002303112,0.00055248785,0.9989215,d
test_1256.jpg,0.0009094162,0.0014993737,0.00029524422,0.9972959,d
test_1257.jpg,0.0007094557,0.00017937848,0.998988,0.0001232849,c
test_1258.jpg,0.9749342,0.006569055,0.0027383897,0.015758343,a
test_1259.jpg,0.953388,0.013599348,0.010591184,0.022421537,a
test_1260.jpg,0.006685771,0.0007985015,0.00025923544,0.9922564,d
test_1261.jpg,0.00023048406,4.005212e-05,5.8275495e-05,0.9996712,d
test_1262.jpg,0.00015842087,4.538834e-05,5.143173e-05,0.9997447,d
test_1263.jpg,3.1197756e-05,0.9998356,5.828508e-05,7.483953e-05,b
test_1264.jpg,6.60424e-05,9.609113e-05,5.1433875e-05,0.99978644,d
test_1265.jpg,0.10628398,0.0009788416,0.0028323722,0.88990486,d
test_1266.jpg,0.00070919126,0.0002956349,0.9986156,0.00037960274,c
test_1267.jpg,0.0035122945,0.020211859,0.0024139625,0.97386193,d
test_1268.jpg,0.00013980115,7.483017e-05,7.483017e-05,0.9997105,d
test_1269.jpg,0.0005523858,0.00015826119,0.0005523858,0.99873704,d
test_1270.jpg,0.00015839883,0.0001397865,9.607375e-05,0.9996057,d
test_1271.jpg,0.00055238354,0.00033503753,0.99873286,0.0003796473,c
test_1272.jpg,0.00055224245,0.99847776,0.00070909335,0.00026086083,b
test_1273.jpg,0.005427033,0.0069684484,0.07491788,0.91268665,d
test_1274.jpg,0.005844752,0.86743814,0.023116443,0.10360071,b
test_1275.jpg,0.99517846,0.004067067,0.00013073566,0.00062370487,a
test_1276.jpg,0.00026093365,0.0005523965,0.9987564,0.00043020688,c
test_1277.jpg,0.0008033452,0.0006256458,0.9982754,0.00029553418,c
test_1278.jpg,0.0016990906,0.0006250604,0.00033457074,0.99734133,d
test_1279.jpg,0.0010305232,0.997315,0.0011677358,0.00048678473,b
test_1280.jpg,0.00048743744,0.000430162,0.9986523,0.000430162,c
test_1281.jpg,0.06655201,0.63142794,0.29826546,0.0037546076,b
test_1282.jpg,0.00029588517,0.0001583759,0.999461,8.477252e-05,c
test_1283.jpg,0.0045970567,0.00079884863,0.9926878,0.0019163383,c
test_1284.jpg,0.9992398,0.00020331368,0.00026105993,0.0002958197,a
test_1285.jpg,0.00012336785,0.00015840745,5.8274843e-05,0.99966,d
test_1286.jpg,0.999521,0.0001794742,0.00020337092,9.606562e-05,a
test_1287.jpg,0.029089818,0.005728124,0.96332246,0.0018596498,c
test_1288.jpg,0.022894809,0.002129549,0.973512,0.001463616,c
test_1289.jpg,0.9884914,0.0014861367,0.0003316019,0.00969083,a
test_1290.jpg,0.001497268,0.00042897445,0.99589527,0.002178512,c
test_1291.jpg,0.00080338895,0.00037949407,0.9983298,0.00048728008,c
test_1292.jpg,3.1194664e-05,0.9997365,0.00012337728,0.00010888008,b
test_1293.jpg,0.9884063,0.0075465743,0.00048243644,0.0035647496,a
test_1294.jpg,0.00026087527,0.998533,0.00091054424,0.00029561046,b
test_1295.jpg,0.9977884,0.00033472074,0.0011682902,0.00070860377,a
test_1296.jpg,0.00015840914,9.608001e-05,7.482719e-05,0.99967074,d
test_1297.jpg,0.00020328154,0.0003797799,0.0003351546,0.99908173,d
test_1298.jpg,0.6337216,0.1414024,0.20573927,0.019136734,a
test_1299.jpg,0.67464334,0.0058368086,0.31867898,0.00084087206,a
test_1300.jpg,5.8271482e-05,0.9996024,0.00010886547,0.00023046818,b
test_1301.jpg,3.5349458e-05,0.9997725,9.608979e-05,9.608979e-05,b
test_1302.jpg,0.52825904,0.0051788697,0.00037515606,0.46618697,a
test_1303.jpg,0.0004299339,0.00012317812,0.99812263,0.0013242896,c
test_1304.jpg,0.0010317557,0.00023021582,0.00023021582,0.9985078,d
test_1305.jpg,0.0021515472,0.0018987337,0.9835684,0.012381299,c
test_1306.jpg,0.00043025968,0.00020324028,0.998879,0.00048754812,c
test_1307.jpg,0.9983871,0.00037951584,0.00043004777,0.00080343505,a
test_1308.jpg,0.00037978461,0.9990941,0.00029577655,0.000230351,b
test_1309.jpg,0.9993425,0.0002958501,0.00015835713,0.0002033346,a
test_1310.jpg,0.00070902304,0.99837875,0.00070902304,0.0002031385,b
test_1311.jpg,3.1199077e-05,0.9998779,4.539439e-05,4.539439e-05,b
test_1312.jpg,0.00023039966,0.000261077,0.00020332698,0.9993051,d
test_1313.jpg,0.20162623,0.0007740766,0.00015242472,0.7974472,d
test_1314.jpg,0.9987866,0.0004302199,0.000487503,0.00029568552,a
test_1315.jpg,0.0021724987,0.004058762,0.9931463,0.0006224312,c
test_1316.jpg,0.9992761,0.00033521978,0.00015834661,0.00023039295,a
test_1317.jpg,0.009492809,0.0021181318,0.9682928,0.020096276,c
test_1318.jpg,0.036391485,0.0055808146,0.019478958,0.93854874,d
test_1319.jpg,0.00048734207,0.00062575954,0.99845684,0.00043007784,c
test_1320.jpg,7.479449e-05,0.99923384,0.00026105836,0.00043041253,b
test_1321.jpg,0.00017947739,0.00012335287,0.9995388,0.00015838823,c
test_1322.jpg,0.22892897,0.17829007,0.4846426,0.10813838,c
test_1323.jpg,0.99867046,0.00029565115,0.00023025332,0.0008036631,a
test_1324.jpg,0.9988456,0.00062600314,0.00014868879,0.00037969014,a
test_1325.jpg,0.027519515,0.0029005355,0.9113211,0.05825881,c
test_1326.jpg,3.5350604e-05,0.9998049,7.483723e-05,8.4801686e-05,b
test_1327.jpg,0.0019194443,0.0024646153,0.9942967,0.0013192134,c
test_1328.jpg,0.0003351634,0.0002610255,0.0002957807,0.999108,d
test_1329.jpg,0.005902854,0.000905232,0.99270743,0.0004845358,c
test_1330.jpg,0.00012334279,0.99945706,0.00015837529,0.0002611167,b
test_1331.jpg,0.0044018705,0.9505393,0.025331013,0.019727813,b
test_1332.jpg,0.000909836,0.0006253205,0.9977563,0.00070858095,c
test_1333.jpg,0.00015819418,0.99831414,0.0013245436,0.00020312535,b
test_1334.jpg,0.9987342,0.00026092783,0.00029567,0.0007092754,a
test_1335.jpg,0.00023039406,0.0003798556,0.000108830456,0.99928087,d
test_1336.jpg,0.998423,0.00048732554,0.00017927703,0.0009104439,a
test_1337.jpg,0.0019250666,0.00048673307,0.00037906808,0.99720913,d
test_1338.jpg,0.0031646804,0.001494889,0.994313,0.0010274212,c
test_1339.jpg,6.604346e-05,0.99980253,9.609267e-05,3.535052e-05,b
test_1340.jpg,0.0008006326,0.0007065558,0.0035881863,0.99490464,d
test_1341.jpg,0.003867549,0.94635797,0.002658125,0.047116388,b
test_1342.jpg,0.9487209,0.0072435727,0.041683886,0.002351644,a
test_1343.jpg,0.01790686,0.002746106,0.9776814,0.0016655975,c
test_1344.jpg,0.00023035443,0.00023035443,0.00043035875,0.99910897,d
test_1345.jpg,0.00062591647,0.0004874643,0.00017932808,0.9987073,d
test_1346.jpg,0.00020335172,0.00010884634,0.00026110877,0.9994267,d
test_1347.jpg,0.0018754371,0.97150046,0.025889609,0.0007344317,b
test_1348.jpg,0.004603421,0.994062,0.0009064672,0.0004281848,b
test_1349.jpg,0.00017950227,5.827586e-05,8.479087e-05,0.9996774,d
test_1350.jpg,0.9996829,0.000108874236,8.479133e-05,0.00012337067,a
test_1351.jpg,0.0005497965,0.0052163242,0.00017849279,0.9940554,d
test_1352.jpg,0.00055249425,0.00017936861,0.998933,0.0003351047,c
test_1353.jpg,0.00017949397,6.6032146e-05,0.00012336428,0.99963117,d
test_1354.jpg,0.00020337522,0.00015838878,9.6067655e-05,0.99954224,d
test_1355.jpg,0.99850684,0.00062579085,0.00015822472,0.000709114,a
test_1356.jpg,0.0004875494,0.00033508745,0.00029571366,0.99888164,d
test_1357.jpg,0.99966073,0.00015840757,9.607904e-05,8.4789455e-05,a
test_1358.jpg,0.00029545013,0.99799144,0.00080311665,0.0009100504,b
test_1359.jpg,5.1422434e-05,0.999564,0.00012335599,0.00026114463,b
test_1360.jpg,0.99791723,0.00037933726,0.00037933726,0.0013240171,a
test_1361.jpg,0.000139795,0.99966645,0.000108872446,8.478994e-05,b
test_1362.jpg,0.00015842567,3.5349545e-05,3.1195865e-05,0.999775,d
test_1363.jpg,8.479474e-05,9.608503e-05,9.608503e-05,0.999723,d
test_1364.jpg,0.9968267,0.0021805498,0.0008021794,0.0001905343,a
test_1365.jpg,0.0019165769,0.003580637,0.9928114,0.0016913733,c
test_1366.jpg,0.0021067276,0.032954764,0.0018591805,0.96307933,d
test_1367.jpg,6.60368e-05,0.9997017,0.00010887629,0.00012337299,b
test_1368.jpg,7.481363e-05,0.99948955,0.00029589364,0.00013977026,b
test_1369.jpg,0.99974185,6.603945e-05,9.608684e-05,9.608684e-05,a
test_1370.jpg,0.99937767,0.0002958605,0.00023041636,9.605184e-05,a
test_1371.jpg,0.003589317,0.00048576127,0.9952181,0.00070677843,c
test_1372.jpg,0.0009094179,0.9972978,0.0006250331,0.0011677156,b
test_1373.jpg,0.0016984557,0.0006248268,0.9969687,0.00070802163,c
test_1374.jpg,0.05319019,0.94281864,0.0034003349,0.00059088954,b
test_1375.jpg,0.7213808,0.0015780141,0.011660034,0.2653812,a
test_1376.jpg,0.0073696575,0.020032806,0.45594457,0.5166529,d
test_1377.jpg,0.0011663946,0.0014976802,0.9961695,0.0011663946,c
test_1378.jpg,0.99540776,0.0006238486,0.00037838332,0.003590001,a
test_1379.jpg,0.001168773,0.00029551215,0.0003348591,0.9982009,d
test_1380.jpg,0.0014986997,0.0011671885,0.99684757,0.0004865566,c
test_1381.jpg,0.0005520054,0.0002301101,0.99804926,0.0011685955,c
test_1382.jpg,0.0018647193,0.022716932,0.009469827,0.9659485,d
test_1383.jpg,0.0003351183,0.00043030042,0.9989736,0.00026099037,c
test_1384.jpg,0.00080350245,0.00043008386,0.00029559206,0.99847084,d
test_1385.jpg,0.0006261094,0.00017938335,0.00017938335,0.9990151,d
test_1386.jpg,0.9991387,0.0003351737,0.00023036129,0.00029578977,a
test_1387.jpg,0.99364567,0.004060803,0.0007996195,0.0014938858,a
test_1388.jpg,0.00012335721,0.9995739,0.00012335721,0.00017948369,b
test_1389.jpg,0.0027985575,0.0005510686,0.9963554,0.00029496578,c
test_1390.jpg,0.0021761362,0.0016947768,0.0013198933,0.99480915,d
test_1391.jpg,0.998855,0.00043024935,0.0003350785,0.00037969372,a
test_1392.jpg,0.00015840773,0.00013979434,4.0051742e-05,0.9996618,d
test_1393.jpg,5.143497e-05,0.9998078,7.4837444e-05,6.604381e-05,b
test_1394.jpg,0.999091,0.00048765162,0.00023035028,0.00019096708,a
test_1395.jpg,0.99899465,0.00033512537,0.00033512537,0.00033512537,a
test_1396.jpg,0.0003350527,0.0006259608,0.0002609393,0.99877805,d
test_1397.jpg,0.9921828,0.006685275,0.00042737534,0.0007046228,a
test_1398.jpg,0.00020334164,0.00015836263,0.9993772,0.00026109582,c
test_1399.jpg,0.99936837,0.00023041423,6.601478e-05,0.00033525072,a
test_1400.jpg,0.0020216075,0.43654564,0.0008970829,0.5605357,d
test_1401.jpg,0.0024602015,0.004596262,0.9925161,0.0004275189,c
test_1402.jpg,0.017914178,0.00047739668,0.0035275107,0.9780809,d
test_1403.jpg,0.00010884518,0.9994161,0.00033526676,0.00013975998,b
test_1404.jpg,0.0014975658,0.0019229125,0.99609333,0.00048618845,c
test_1405.jpg,0.0035863162,0.9943861,0.001694056,0.00033357934,b
test_1406.jpg,8.4788364e-05,0.99964786,0.00015840551,0.00010887042,b
test_1407.jpg,0.9978277,0.0011683361,0.00029540167,0.0007086317,a
test_1408.jpg,0.9994325,0.00012333976,0.00010884697,0.00033527226,a
test_1409.jpg,4.004688e-05,0.99954045,0.00015838849,0.00026113846,b
test_1410.jpg,0.00013959272,0.00013959272,0.0015007631,0.99822,d
test_1411.jpg,0.064530164,0.4207895,0.09389083,0.4207895,b
test_1412.jpg,0.0013245563,0.00020312729,0.00014861109,0.9983236,d
test_1413.jpg,0.0021600558,0.98745805,0.0007012674,0.009680699,b
test_1414.jpg,0.9885161,0.0024502866,0.007547413,0.0014861738,a
test_1415.jpg,0.025852041,0.9700907,0.0024046146,0.0016526659,b
test_1416.jpg,0.00037982882,0.99921036,0.00017941842,0.0002303778,b
test_1417.jpg,0.9983773,0.00029556436,0.00015820419,0.0011689797,a
test_1418.jpg,0.99917966,0.00026104422,0.00037981715,0.0001794129,a
test_1419.jpg,0.99906343,0.00037977294,0.00026101383,0.00029576747,a
test_1420.jpg,0.00026104422,0.00037981715,0.99917966,0.0001794129,c
test_1421.jpg,0.00029581648,0.00029581648,0.00017942175,0.99922895,d
test_1422.jpg,0.0021489072,0.0014769208,0.9823615,0.014012634,c
test_1423.jpg,0.0011681337,0.00062525686,0.9976548,0.00055178726,c
test_1424.jpg,0.00017942226,0.00043041166,0.9992318,0.0001583396,c
test_1425.jpg,0.99953735,0.0001233527,0.00023045318,0.00010885839,a
test_1426.jpg,0.99776816,0.00080293696,0.0011682664,0.00026067544,a
test_1427.jpg,0.99207884,0.0010251127,0.005205952,0.0016901253,a
test_1428.jpg,0.000108881504,4.5388562e-05,9.6087584e-05,0.9997496,d
test_1429.jpg,0.00010886983,0.9996424,0.00013979162,0.00010886983,b
test_1430.jpg,0.9985348,0.00023022204,0.0010317836,0.00020317025,a
test_1431.jpg,0.999012,0.00029575225,0.00013970348,0.0005525379,a
test_1432.jpg,9.606055e-05,0.99946827,0.00029588732,0.00013976727,b
test_1433.jpg,0.00026053315,0.9972235,0.0003345312,0.0021814175,b
test_1434.jpg,0.00010888497,5.828192e-05,5.1433617e-05,0.9997814,d
test_1435.jpg,0.9983802,0.0010316239,0.00015820464,0.0004300448,a
test_1436.jpg,0.000987723,0.04199905,0.95589393,0.0011192367,c
test_1437.jpg,0.99882644,0.0008037886,0.000108780965,0.00026095193,a
test_1438.jpg,0.0005523819,0.00023026702,0.00048747534,0.9987299,d
test_1439.jpg,0.0010312898,0.9980568,0.00020307301,0.0007087944,b
test_1440.jpg,0.008299341,0.0034596801,0.028967546,0.9592734,d
test_1441.jpg,0.0003794934,0.00026082172,0.99832803,0.00103157,c
test_1442.jpg,0.00010886012,0.99955326,0.00017947999,0.00015839054,b
test_1443.jpg,0.0003798391,0.00017942327,0.0002033132,0.9992374,d
test_1444.jpg,0.9948567,0.00033373723,0.00020242187,0.004607101,a
test_1445.jpg,0.009678026,0.0012304229,0.22027084,0.76882076,d
test_1446.jpg,0.99797183,0.0011685048,0.00042986893,0.00042986893,a
test_1447.jpg,0.0010316542,0.0003795244,0.00017927462,0.99840957,d
test_1448.jpg,0.0001584017,0.000108867804,0.000108867804,0.9996238,d
test_1449.jpg,0.99954104,0.00017947778,0.00013977745,0.00013977745,a
test_1450.jpg,0.9998031,0.00010888733,4.2640888e-05,4.5390992e-05,a
test_1451.jpg,0.00012334083,0.9994411,0.00013976348,0.0002958793,b
test_1452.jpg,0.00013976521,0.9994535,0.00020335718,0.00020335718,b
test_1453.jpg,7.482654e-05,0.99966204,0.0001233681,0.00013979437,b
test_1454.jpg,0.00023030212,0.9988821,0.0005524661,0.00033508762,b
test_1455.jpg,0.0002033479,0.00023042333,0.9994079,0.00015836749,c
test_1456.jpg,0.00055249425,0.998933,0.00017936861,0.0003351047,b
test_1457.jpg,0.0003352771,0.000108848544,0.000108848544,0.9994469,d
test_1458.jpg,0.9687007,0.025814999,0.003083162,0.0024011692,a
test_1459.jpg,0.9992311,0.00033520468,0.00023038259,0.00020331192,a
test_1460.jpg,0.008386728,0.020118715,0.0021204972,0.969374,d
test_1461.jpg,0.00020318161,0.0009105968,0.0002956275,0.99859065,d
test_1462.jpg,0.00043042266,0.0001088279,0.00020331728,0.9992574,d
test_1463.jpg,0.9993994,0.0002304214,0.0002304214,0.00013975766,a
test_1464.jpg,0.00023041849,0.0002033436,0.0001794501,0.9993868,d
test_1465.jpg,9.609592e-05,4.0058738e-05,2.7531945e-05,0.9998363,d
test_1466.jpg,0.0009105363,0.99852437,0.0003349676,0.00023021964,b
test_1467.jpg,0.00043032528,0.00033513765,0.9990313,0.00020327127,c
test_1468.jpg,0.057699252,0.9025682,0.034996368,0.0047362433,b
test_1469.jpg,0.00017933227,0.9987306,0.00017933227,0.00091072446,b
test_1470.jpg,0.0005525468,0.0002610046,0.9990281,0.0001583073,c
test_1471.jpg,0.009676296,0.0021590735,0.0011556686,0.987009,d
test_1472.jpg,0.00020336204,0.00017946637,0.99947745,0.00013976856,c
test_1473.jpg,0.00013975566,0.99938524,0.00013975566,0.0003352564,b
test_1474.jpg,0.99970585,0.00013980051,9.6083386e-05,5.8277517e-05,a
test_1475.jpg,0.00013977214,0.0002611287,0.999503,9.6063886e-05,c
test_1476.jpg,0.0009069624,0.001694429,0.994605,0.0027936408,c
test_1477.jpg,0.001917554,0.00070542865,0.9933175,0.004059462,c
test_1478.jpg,0.9657141,0.02271142,0.0050676027,0.0065069306,a
test_1479.jpg,7.480887e-05,0.999426,0.00020335158,0.0002958748,b
test_1480.jpg,0.99637955,0.001497996,0.0006244576,0.001497996,a
test_1481.jpg,0.9980489,0.00048714294,0.00029546712,0.001168595,a
test_1482.jpg,0.001926197,0.00013953325,0.00013953325,0.99779475,d
test_1483.jpg,0.03273021,0.007303097,0.956517,0.003449739,c
test_1484.jpg,0.00037984387,0.00023038694,0.99925,0.00013973676,c
test_1485.jpg,0.00029587376,0.00012333853,0.99942243,0.00015836979,c
test_1486.jpg,0.0002958111,0.00015833625,0.9992107,0.00033519787,c
test_1487.jpg,0.0001583994,0.9996093,0.00012336158,0.00010886622,b
test_1488.jpg,0.012360967,0.9819532,0.001672875,0.004013018,b
test_1489.jpg,0.00022817207,0.009702124,0.00042628153,0.98964345,d
test_1490.jpg,0.0019121354,0.0016874537,0.99051064,0.0058897915,c
test_1491.jpg,0.9722254,0.0045022974,0.020177895,0.0030943805,a
test_1492.jpg,0.9997589,0.00015842312,4.0055635e-05,4.2639e-05,a
test_1493.jpg,0.0010998241,0.10538815,0.011107829,0.8824042,d
test_1494.jpg,0.99383307,0.0005496735,0.00040214974,0.0052151573,a
test_1495.jpg,0.0002958605,0.99937767,9.605184e-05,0.00023041636,b
test_1496.jpg,0.00070803735,0.0008023114,0.9969908,0.001498915,c
test_1497.jpg,0.0007084361,0.0010307685,0.0007084361,0.99755234,d
test_1498.jpg,0.00961495,0.0021453854,0.0074881297,0.9807515,d
test_1499.jpg,0.0001584139,0.9997008,7.482944e-05,6.603674e-05,b
test_1500.jpg,0.0004875686,0.0002957253,0.0002957253,0.99892104,d
test_1501.jpg,0.9991387,0.00029578977,0.0003351737,0.00023036129,a
test_1502.jpg,0.0003352212,0.9992804,0.00012332099,0.00026107053,b
test_1503.jpg,0.00043564022,0.10659764,0.8925311,0.00043564022,c
test_1504.jpg,0.00012336212,0.00013978759,0.00012336212,0.9996136,d
test_1505.jpg,0.00033526192,0.00013975796,0.00012333597,0.9994017,d
test_1506.jpg,0.0021787519,0.9960049,0.0009082389,0.0009082389,b
test_1507.jpg,0.00043035715,0.00026102478,0.00020328633,0.9991053,d
test_1508.jpg,6.604144e-05,0.9997719,9.608973e-05,6.604144e-05,b
test_1509.jpg,0.0058472767,0.00964053,0.001151397,0.98336077,d
test_1510.jpg,0.003526893,0.0006524096,0.017911041,0.9779097,d
test_1511.jpg,0.0035920166,0.28534922,0.6845172,0.026541613,c
test_1512.jpg,0.00020328154,0.0003797799,0.0003351546,0.99908173,d
test_1513.jpg,0.0013212719,0.00090809603,0.9958482,0.0019224393,c
test_1514.jpg,0.00010888132,8.4796855e-05,0.99974793,5.827997e-05,c
test_1515.jpg,0.00037935417,0.99796176,0.0013240761,0.00033477886,b
test_1516.jpg,0.9993868,0.0001794501,0.00023041849,0.0002033436,a
test_1517.jpg,0.9988514,0.0005524491,0.00026095848,0.00033507732,a
test_1518.jpg,0.0024681548,0.9957247,0.0004860085,0.001321108,b
test_1519.jpg,0.00023039342,0.9992781,0.00026106994,0.00023039342,b
test_1520.jpg,0.0019106683,0.0058852723,0.9897507,0.0024533467,c
test_1521.jpg,0.00043020688,0.00026093365,0.0005523965,0.9987564,d
test_1522.jpg,0.00091005885,0.00091005885,0.0001792012,0.9980007,d
test_1523.jpg,0.99962676,0.00017949319,0.000108868124,8.4786574e-05,a
test_1524.jpg,0.43901697,0.0116994055,0.34190676,0.20737694,a
test_1525.jpg,0.0035833395,0.0016926498,0.9935607,0.0011633399,c
test_1526.jpg,0.00037947742,0.00070895714,0.00062565244,0.99828595,d
test_1527.jpg,0.00055186177,0.0013238476,0.0003347211,0.9977895,d
test_1528.jpg,0.99958867,0.00023046503,9.6072115e-05,8.478334e-05,a
test_1529.jpg,0.0035617969,0.0075403233,0.9875875,0.0013103118,c
test_1530.jpg,6.603056e-05,0.99960726,0.00020338845,0.00012336133,b
test_1531.jpg,0.99923146,0.00023038266,0.00015833954,0.00037983683,a
test_1532.jpg,9.6083386e-05,5.8277517e-05,0.00013980051,0.99970585,d
test_1533.jpg,0.99921036,0.00037982882,0.0002303778,0.00017941842,a
test_1534.jpg,0.6976485,0.057266477,0.22649331,0.018591702,a
test_1535.jpg,0.002795195,0.0014961599,0.99515826,0.00055040646,c
test_1536.jpg,0.0007982121,0.0066833477,0.9918968,0.00062164816,c
test_1537.jpg,0.9993155,0.00023040205,0.0002958421,0.00015835285,a
test_1538.jpg,0.001499474,0.9973627,0.00070830144,0.00042960653,b
test_1539.jpg,0.00091054424,0.00029561046,0.00026087527,0.998533,d
test_1540.jpg,5.8275928e-05,0.9996786,0.00013979668,0.00012337013,b
test_1541.jpg,0.0008037373,0.00020321662,0.00023027459,0.9987627,d
test_1542.jpg,0.00013977151,0.9994985,0.00015838185,0.00020336633,b
test_1543.jpg,0.0035857274,0.0010273281,0.9942228,0.0011641153,c
test_1544.jpg,0.99964786,0.00010887042,8.4788364e-05,0.00015840551,a
test_1545.jpg,0.00026112967,0.00012334893,0.00010885505,0.9995067,d
test_1546.jpg,0.0024647047,0.0010274417,0.9943328,0.002175094,c
test_1547.jpg,0.0021813202,0.00026052154,0.00037905664,0.99717903,d
test_1548.jpg,0.9977163,0.00033469652,0.0006252954,0.0013237505,a
test_1549.jpg,0.9983089,0.000552149,0.0007089734,0.0004300141,a
test_1550.jpg,0.004048485,0.0021669979,0.9906316,0.0031529635,c
test_1551.jpg,0.0002610752,0.00017943421,0.99929833,0.0002610752,c
test_1552.jpg,0.0051959036,0.003151475,0.990164,0.0014886514,c
test_1553.jpg,0.00015841177,9.6081596e-05,5.8276433e-05,0.9996873,d
test_1554.jpg,0.0051554427,0.0027595097,0.009631636,0.98245347,d
test_1555.jpg,0.9980849,0.0006255264,0.00037940097,0.0009101356,a
test_1556.jpg,0.00037979888,0.9991316,0.0001088142,0.00037979888,b
test_1557.jpg,0.05188081,0.00074004,0.9196093,0.027769795,c
test_1558.jpg,0.00037933726,0.0013240171,0.00037933726,0.99791723,d
test_1559.jpg,7.483503e-05,7.483503e-05,7.483503e-05,0.99977547,d
test_1560.jpg,0.99957734,0.00015839435,0.00017948431,8.478238e-05,a
test_1561.jpg,0.99962497,0.00020339208,0.00012336353,4.8309852e-05,a
test_1562.jpg,0.0024673804,0.00062385143,0.9954123,0.0014965418,c
test_1563.jpg,0.9959906,0.0021787207,0.0008015065,0.0010291546,a
test_1564.jpg,0.000487367,0.00070911477,0.9985079,0.00029560304,c
test_1565.jpg,0.9991053,0.00020328633,0.00026102478,0.00043035715,a
test_1566.jpg,0.00013976348,0.9994411,0.00012334083,0.0002958793,b
test_1567.jpg,0.017185817,0.9383138,0.0081180055,0.036382373,b
test_1568.jpg,0.13153094,0.58948076,0.24573213,0.03325623,b
test_1569.jpg,0.0029869978,0.052945804,0.9384868,0.005580446,c
test_1570.jpg,0.82550377,0.05979929,0.0029772313,0.11171978,a
test_1571.jpg,0.0073342766,0.029007629,0.96060073,0.0030573816,c
test_1572.jpg,0.97926646,0.0065982454,0.009600391,0.004534904,a
test_1573.jpg,0.85678875,0.037644673,0.079693764,0.02587278,a
test_1574.jpg,0.9992944,0.00023039719,0.00017943351,0.00029583587,a
test_1575.jpg,0.1028503,0.005120615,0.13206239,0.7599667,d
test_1576.jpg,0.0024663322,0.0019207813,0.99498934,0.00062358635,c
test_1577.jpg,0.9992374,0.0003798391,0.00017942327,0.0002033132,a
test_1578.jpg,0.0024618793,0.0021726007,0.993193,0.0021726007,c
test_1579.jpg,0.0010307895,0.0004869105,0.9975726,0.00090966845,c
test_1580.jpg,0.9990476,0.0002610097,0.0002610097,0.0004303323,a
test_1581.jpg,5.8277517e-05,0.99970585,0.00013980051,9.6083386e-05,b
test_1582.jpg,0.03697723,0.0020861127,0.95365536,0.007281248,c
test_1583.jpg,0.9995634,0.00015839214,7.481916e-05,0.00020337953,a
test_1584.jpg,0.003934563,0.9627558,0.00036597138,0.032943692,b
test_1585.jpg,0.00048768983,0.00013972547,0.99916935,0.00020329935,c
test_1586.jpg,0.008570975,0.0004267237,0.00033233274,0.99066997,d
test_1587.jpg,0.00048542587,0.994531,0.00037805003,0.004605592,b
test_1588.jpg,0.99967194,0.00015840933,8.479041e-05,8.479041e-05,a
test_1589.jpg,0.00017946765,7.481325e-05,0.00026112387,0.99948454,d
test_1590.jpg,0.99961156,0.000108866465,0.00013978731,0.00013978731,a
test_1591.jpg,0.0013207741,0.0021775884,0.99547297,0.0010286198,c
test_1592.jpg,0.00048726887,0.00029554352,0.9983069,0.0009103381,c
test_1593.jpg,0.0006253725,0.0006253725,0.99783933,0.0009099117,c
test_1594.jpg,0.28887206,0.22497378,0.009884657,0.47626948,d
test_1595.jpg,0.00020337525,0.99954236,7.481758e-05,0.00017947803,b
test_1596.jpg,4.005887e-05,4.539265e-05,7.483984e-05,0.99983966,d
test_1597.jpg,0.00017948764,8.478396e-05,0.99959594,0.00013978513,c
test_1598.jpg,0.0004877288,0.00012331715,0.00013973664,0.99924916,d
test_1599.jpg,0.015875526,0.98218405,0.00079039595,0.0011500192,b
test_1600.jpg,7.481376e-05,0.99949133,0.00023044259,0.00020336488,b
test_1601.jpg,0.0005519476,0.0011684732,0.9979448,0.00033477318,c
test_1602.jpg,0.9996099,0.00023046992,7.482263e-05,8.478514e-05,a
test_1603.jpg,0.00048759452,0.00020325962,0.9989741,0.00033511847,c
test_1604.jpg,8.480403e-05,2.4296762e-05,5.8284902e-05,0.9998325,d
test_1605.jpg,0.0010309819,0.99775887,0.00017915778,0.0010309819,b
test_1606.jpg,0.00033520468,0.00023038259,0.9992311,0.00020331192,c
test_1607.jpg,0.00062530156,0.99772614,0.00014852214,0.0015000205,b
test_1608.jpg,0.00029588185,7.4810654e-05,0.0001794614,0.9994498,d
test_1609.jpg,0.00015838898,0.00015838898,0.0001397778,0.9995435,d
test_1610.jpg,0.00023041003,0.99935013,0.00026108875,0.00015835834,b
test_1611.jpg,0.0004303704,0.00023036066,0.99913603,0.00020329257,c
test_1612.jpg,0.0008032109,0.0007088311,0.9981085,0.00037940996,c
test_1613.jpg,0.99398476,0.0016933723,0.000259687,0.0040621883,a
test_1614.jpg,0.00029584763,0.00010883626,0.00026108458,0.99933416,d
test_1615.jpg,0.0013216333,0.0003786543,0.99612063,0.0021790052,c
test_1616.jpg,5.143225e-05,0.99975485,0.00010888207,8.479744e-05,b
test_1617.jpg,0.99847776,0.00055224245,0.00026086083,0.00070909335,a
test_1618.jpg,0.0018979495,0.010921946,0.98316216,0.0040179593,c
test_1619.jpg,0.00070915534,0.00029561995,0.99856514,0.00043012446,c
test_1620.jpg,6.604314e-05,8.480107e-05,5.143445e-05,0.99979764,d
test_1621.jpg,0.00037877707,0.99644357,0.002798805,0.00037877707,b
test_1622.jpg,0.00013978021,0.9995608,0.00020337901,9.606944e-05,b
test_1623.jpg,3.535127e-05,0.99982375,7.4838645e-05,6.6044864e-05,b
test_1624.jpg,0.0014989149,0.00080231135,0.9969907,0.00070803723,c
test_1625.jpg,0.0035899351,0.99538946,0.00031368504,0.0007069001,b
test_1626.jpg,7.483065e-05,0.99971694,0.00012337488,8.479422e-05,b
test_1627.jpg,0.9925426,0.001916058,0.00033296095,0.0052083856,a
test_1628.jpg,0.998085,0.00037940103,0.00091013574,0.0006255265,a
test_1629.jpg,0.998879,0.0007093783,0.00011580283,0.00029571287,a
test_1630.jpg,0.052158087,0.9245241,0.0015750378,0.021742724,b
test_1631.jpg,0.46633866,0.0045718234,0.52843094,0.00065863365,c
test_1632.jpg,0.00062623416,0.9992142,8.4751584e-05,7.479302e-05,b
test_1633.jpg,0.00012337121,6.603585e-05,0.00012337121,0.9996873,d
test_1634.jpg,0.17695223,0.006054972,0.02394788,0.79304487,d
test_1635.jpg,0.0027986767,0.00062446913,0.99639785,0.0001789134,c
test_1636.jpg,0.00017947778,0.00013977745,0.00013977745,0.99954104,d
test_1637.jpg,0.68464327,0.049595393,0.09265639,0.17310493,a
test_1638.jpg,0.99812955,0.00033483515,0.0009101763,0.0006255544,a
test_1639.jpg,0.00090939424,0.00090939424,0.99727184,0.00090939424,c
test_1640.jpg,0.9992107,0.00017941848,0.00043040258,0.00017941848,a
test_1641.jpg,0.99618053,0.0007074619,0.00031393432,0.0027980662,a
test_1642.jpg,0.00020338235,0.00012335763,0.9995772,9.607102e-05,c
test_1643.jpg,0.0006257237,0.00048731416,0.9983997,0.00048731416,c
test_1644.jpg,0.0023827206,0.032892443,0.96125805,0.003466838,c
test_1645.jpg,0.00052188704,0.94359386,0.053233925,0.002650361,b
test_1646.jpg,0.0010294807,0.0011665544,0.99630606,0.0014978856,c
test_1647.jpg,0.0016947702,0.00033372,0.9948053,0.0031662474,c
test_1648.jpg,3.5354093e-05,1.5688283e-05,4.5395554e-05,0.99990356,d
test_1649.jpg,0.005903655,0.0007050911,0.0005491255,0.9928422,d
test_1650.jpg,0.00026102088,0.0005525812,0.9990903,9.602422e-05,c
test_1651.jpg,0.00015840144,9.607534e-05,0.00012336316,0.9996221,d
test_1652.jpg,0.0024306686,0.008483867,0.98060167,0.008483867,c
test_1653.jpg,0.0007083979,0.99749845,0.0006251589,0.0011679506,b
test_1654.jpg,0.001029802,0.996617,0.0019239234,0.00042928534,b
test_1655.jpg,0.019809075,0.025435356,0.00030078494,0.9544547,d
test_1656.jpg,5.8285597e-05,0.99984443,3.1198033e-05,6.604623e-05,b
test_1657.jpg,0.00037976794,0.00013970882,0.00043033343,0.9990502,d
test_1658.jpg,0.029282637,0.9697077,0.00053633016,0.00047330977,b
test_1659.jpg,0.00062547857,0.99800855,0.0010312399,0.00033479455,b
test_1660.jpg,9.608635e-05,0.9997367,0.0001088801,5.8279315e-05,b
test_1661.jpg,7.4824646e-05,0.99963677,0.00017949498,0.000108869215,b
test_1662.jpg,0.99754214,0.0016994326,0.00037919465,0.00037919465,a
test_1663.jpg,0.99895006,0.0003351104,0.00037972984,0.0003351104,a
test_1664.jpg,0.0028698584,0.37587723,0.6197168,0.0015361244,c
test_1665.jpg,0.9962173,0.000801689,0.000801689,0.0021792166,a
test_1666.jpg,0.002798996,0.0004292399,0.00026034715,0.9965115,d
test_1667.jpg,0.00020336831,0.0001794719,0.99950826,0.00010885522,c
test_1668.jpg,0.9976615,0.0011681415,0.0002606476,0.00090974953,a
test_1669.jpg,0.00026079133,0.0013244078,0.00020310452,0.99821174,d
test_1670.jpg,0.00797925,0.92227584,0.002935402,0.06680944,b
test_1671.jpg,0.968367,0.0039574946,0.0018693882,0.025806107,a
test_1672.jpg,0.00043044204,0.0001088328,0.9993024,0.00015835078,c
test_1673.jpg,0.00029590027,9.6064745e-05,9.6064745e-05,0.99951196,d
test_1674.jpg,0.34568113,0.64581734,0.007174383,0.0013271273,b
test_1675.jpg,9.607555e-05,0.9996244,0.0001397891,0.0001397891,b
test_1676.jpg,0.00023036209,0.00013972168,0.99914217,0.0004876766,c
test_1677.jpg,0.00037983683,0.00015833954,0.99923146,0.00023038266,c
test_1678.jpg,0.00033512362,0.9989894,0.00037974483,0.00029574556,b
test_1679.jpg,0.0016971114,0.0013217116,0.9961796,0.0008016586,c
test_1680.jpg,0.99595165,0.001922639,0.00042899876,0.0016967232,a
test_1681.jpg,0.9968003,0.0016981689,0.00033438925,0.0011671331,a
test_1682.jpg,0.9992975,0.00020332544,0.00020332544,0.00029583677,a
test_1683.jpg,0.00048776006,9.022654e-05,0.00010883398,0.99931324,d
test_1684.jpg,0.0006261226,0.00015830858,0.9990362,0.00017938713,c
test_1685.jpg,8.478872e-05,0.999652,0.00012336686,0.00013979297,b
test_1686.jpg,0.0024714773,0.0003790133,0.997065,8.456929e-05,c
test_1687.jpg,0.0002611355,5.142063e-05,0.00015838668,0.999529,d
test_1688.jpg,0.9996012,0.00012336059,9.607332e-05,0.00017948859,a
test_1689.jpg,0.0009107887,0.00017934493,0.00010877821,0.9988011,d
test_1690.jpg,0.99972695,0.0001233761,7.48314e-05,7.48314e-05,a
test_1691.jpg,0.99936634,0.00017944642,0.00015836091,0.00029585714,a
test_1692.jpg,0.0006252002,0.99756444,0.001323549,0.00048690647,b
test_1693.jpg,0.99767035,0.0016996511,0.00033468113,0.00029535507,a
test_1694.jpg,9.608963e-05,0.9997708,5.8281305e-05,7.483468e-05,b
test_1695.jpg,0.00079340267,0.98592037,0.006643079,0.006643079,b
test_1696.jpg,0.00026096555,0.00043025948,0.00043025948,0.99887854,d
test_1697.jpg,0.00010884745,0.9994369,0.00029587804,0.0001583721,b
test_1698.jpg,5.8274843e-05,0.99966,0.00015840745,0.00012336785,b
test_1699.jpg,0.00010884631,0.9994265,0.00037991095,8.4769585e-05,b
test_1700.jpg,0.0008034708,0.00033493646,0.00043006692,0.9984315,d
test_1701.jpg,0.009660678,0.0027678306,0.9854159,0.0021555885,c
test_1702.jpg,0.0006200513,0.00033188958,0.9893489,0.009699236,c
test_1703.jpg,9.606981e-05,0.9995646,0.00010886136,0.00023045948,b
test_1704.jpg,0.00023044986,0.00012335092,0.00012335092,0.9995229,d
test_1705.jpg,0.99868006,0.00048745103,0.000709237,0.00012324691,a
test_1706.jpg,0.99454236,0.00358688,0.0007062985,0.0011644894,a
test_1707.jpg,0.004111799,0.0019422761,0.10604469,0.88790125,d
test_1708.jpg,0.00017942092,0.9992243,0.0002610559,0.0003352024,b
test_1709.jpg,0.00020335158,0.0002958748,7.480887e-05,0.999426,d
test_1710.jpg,0.0004298429,0.9979114,0.00033476198,0.0013240093,b
test_1711.jpg,0.9993505,0.00029585246,0.00012332965,0.0002304101,a
test_1712.jpg,0.0003352218,0.00020332228,0.00017943128,0.99928206,d
test_1713.jpg,0.00012337719,6.603905e-05,7.483206e-05,0.9997358,d
test_1714.jpg,0.9958658,0.0027971824,0.00042896176,0.0009081121,a
test_1715.jpg,6.6034765e-05,0.99967086,0.00013979561,0.00012336919,b
test_1716.jpg,0.00013966837,0.99876094,0.00029567792,0.0008037359,b
test_1717.jpg,0.0052040704,0.0019144706,0.9917203,0.0011611851,c
test_1718.jpg,0.084862694,0.91235995,0.0007815584,0.0019957793,b
test_1719.jpg,0.0004304207,0.00015834293,0.00015834293,0.99925286,d
test_1720.jpg,0.00037970016,0.00048754466,0.0002609638,0.99887186,d
test_1721.jpg,0.9995859,0.0001583957,0.00013978373,0.00011588478,a
test_1722.jpg,0.00055188127,0.0015001688,0.9978248,0.00012314136,c
test_1723.jpg,0.003590521,0.00042882655,0.00042882655,0.9955519,d
test_1724.jpg,0.008395053,0.13132073,0.85631865,0.003965542,c
test_1725.jpg,0.0005520643,0.0010313919,0.99815565,0.0002607767,c
test_1726.jpg,0.00070947217,0.00013970336,0.00013970336,0.99901116,d
test_1727.jpg,0.00023031919,0.9989561,0.000552507,0.0002609858,b
test_1728.jpg,0.000552516,0.9989724,0.00029574052,0.00017937568,b
test_1729.jpg,0.99931884,0.00033523413,8.476045e-05,0.00026108057,a
test_1730.jpg,0.00026112053,0.0001583776,0.000108851236,0.9994717,d
test_1731.jpg,0.008547704,0.002161198,0.9879802,0.0013108328,c
test_1732.jpg,0.00020325962,0.9989741,0.00048759452,0.00033511847,b
test_1733.jpg,4.539066e-05,0.99979585,0.00012338461,3.5350284e-05,b
test_1734.jpg,0.027788334,0.3385312,0.0012209341,0.6324595,d
test_1735.jpg,0.00023047673,4.538356e-05,0.9996394,8.478764e-05,c
test_1736.jpg,0.004042041,0.9890548,0.0058811344,0.001021988,b
test_1737.jpg,0.00023019043,0.99839765,0.0011690034,0.00020314235,b
test_1738.jpg,0.9992311,0.00023038259,0.00020331192,0.00033520468,a
test_1739.jpg,0.00026105117,0.99920636,0.00010222912,0.0004304007,b
test_1740.jpg,0.0010298031,0.0010298031,0.9966181,0.0013222933,c
test_1741.jpg,0.00026081686,0.9983094,0.0011689,0.00026081686,b
test_1742.jpg,0.02291401,0.9743284,0.0014648435,0.0012927199,b
test_1743.jpg,0.0030034513,0.94365627,0.01187888,0.041461363,b
test_1744.jpg,0.00015775043,0.99551374,0.00026008647,0.004068437,b
test_1745.jpg,0.0006959268,0.13262017,0.0018917251,0.8647921,d
test_1746.jpg,0.99937755,0.00029586046,0.00012333298,0.00020334171,a
test_1747.jpg,0.00023039167,0.9992705,0.00020331994,0.00029582877,b
test_1748.jpg,0.99365073,0.0009060922,0.0052142004,0.00022909597,a
test_1749.jpg,0.9981306,0.0011686907,0.0005520504,0.00014858236,a
test_1750.jpg,8.4794236e-05,0.99971706,5.827817e-05,0.00013980207,b
test_1751.jpg,0.11862953,0.00405928,0.00075089117,0.8765603,d
test_1752.jpg,0.000108837456,0.9993451,0.00048777563,5.825649e-05,b
test_1753.jpg,9.6059564e-05,0.00037992295,6.60207e-05,0.999458,d
test_1754.jpg,0.00022740978,0.98633724,0.0010191799,0.012416154,b
test_1755.jpg,0.007816052,0.9034128,0.08403048,0.0047406754,b
test_1756.jpg,0.00017951518,4.0055245e-05,3.119506e-05,0.99974924,d
test_1757.jpg,0.9994267,0.00020335172,0.00010884634,0.00026110877,a
test_1758.jpg,0.9974947,0.00037917664,0.0013234564,0.0008027169,a
test_1759.jpg,0.24278143,0.18907839,0.054171856,0.5139683,d
test_1760.jpg,0.00037975283,0.00017938252,0.99901044,0.00043031632,c
test_1761.jpg,0.021752222,0.0022926673,0.340262,0.6356931,d
test_1762.jpg,0.00048750849,0.00033505933,0.9987978,0.00037967198,c
test_1763.jpg,0.0005521494,0.0008033726,0.9983095,0.00033489554,c
test_1764.jpg,0.9984426,0.00037953694,0.0006257506,0.00055222295,a
test_1765.jpg,0.9996809,0.0001795029,8.4791165e-05,5.474529e-05,a
test_1766.jpg,0.0046617626,0.10610123,0.00086233934,0.88837475,d
test_1767.jpg,4.5388424e-05,0.9997465,8.479673e-05,0.00012337852,b
test_1768.jpg,0.0018951935,0.012358214,0.9817345,0.0040121246,c
test_1769.jpg,0.98401964,0.0007918731,0.0011521685,0.014036286,a
test_1770.jpg,0.00013974046,9.604211e-05,0.0004877421,0.99927646,d
test_1771.jpg,0.0010258342,0.9927771,0.0059032682,0.00029390643,b
test_1772.jpg,0.0006204045,0.98991245,0.0009026833,0.008564421,b
test_1773.jpg,0.00062599697,0.00033507205,0.00020323148,0.99883574,d
test_1774.jpg,0.0016935944,0.0031640506,0.0010272168,0.9941151,d
test_1775.jpg,0.00012336686,0.999652,0.00013979297,8.478872e-05,b
test_1776.jpg,0.9995552,0.00026114233,0.00010886033,7.481854e-05,a
test_1777.jpg,0.99863106,0.0003350034,0.00023024424,0.00080363144,a
test_1778.jpg,0.00023043372,0.9994529,0.00015837462,0.00015837462,b
test_1779.jpg,0.9986646,0.0002956494,0.00048744347,0.00055234577,a
test_1780.jpg,0.00029547175,0.00013957097,0.0015005292,0.99806446,d
test_1781.jpg,0.9994616,0.00017946352,0.00017946352,0.00017946352,a
test_1782.jpg,0.0019235477,0.00062448444,0.9964224,0.0010296009,c
test_1783.jpg,0.0011667944,0.99651104,0.00062454,0.0016976761,b
test_1784.jpg,0.9996958,0.00012337226,8.4792424e-05,9.608241e-05,a
test_1785.jpg,0.99938,0.00017944888,0.00017944888,0.00026109657,a
test_1786.jpg,0.003168461,0.00070697913,0.00062390685,0.99550074,d
test_1787.jpg,0.0032034186,0.0024948248,0.10608265,0.8882191,d
test_1788.jpg,0.99806553,0.00048715106,0.00012317106,0.0013242138,a
test_1789.jpg,0.9993831,0.00012333367,0.00015836357,0.0003352557,a
test_1790.jpg,0.00070925674,0.00037963782,0.9987079,0.00020320546,c
test_1791.jpg,8.478659e-05,0.9996269,0.00010886814,0.0001794932,b
test_1792.jpg,4.5389148e-05,0.9997625,9.608882e-05,9.608882e-05,b
test_1793.jpg,0.0008037784,0.00017934719,0.000203227,0.99881375,d
test_1794.jpg,0.99956447,0.00020337975,0.00012335606,0.00010886134,a
test_1795.jpg,0.86861324,0.004558064,0.055528585,0.07130012,a
test_1796.jpg,0.00029476744,0.99568546,0.0035910024,0.0004288841,b
test_1797.jpg,0.00023042333,0.9994079,0.0002033479,0.00015836749,b
test_1798.jpg,0.0021794408,0.0011665705,0.9963198,0.00033422804,c
test_1799.jpg,0.0011669302,0.0007077789,0.996627,0.001498368,c
test_1800.jpg,0.0052143433,0.9936779,0.0006227644,0.00048500948,b
test_1801.jpg,0.9996425,0.00015840467,9.025627e-05,0.00010886984,a
test_1802.jpg,0.0011686749,0.9981171,0.00037941322,0.00033483098,b
test_1803.jpg,0.0013207741,0.0010286198,0.99547297,0.0021775884,c
test_1804.jpg,0.013382929,0.73068315,0.11205389,0.14388004,b
test_1805.jpg,0.00033531943,5.1422903e-05,4.004819e-05,0.9995732,d
test_1806.jpg,0.8362335,0.1131719,0.04717707,0.0034174954,a
test_1807.jpg,0.0011659793,0.0005507696,0.99581486,0.0024683783,c
test_1808.jpg,0.99826765,0.0003348815,0.00048724975,0.0009103023,a
test_1809.jpg,0.999542,0.00029590915,9.606763e-05,6.602625e-05,a
test_1810.jpg,0.9993868,0.00023041849,0.0002033436,0.0001794501,a
test_1811.jpg,0.0021463758,0.0007896075,0.98120433,0.01585969,c
test_1812.jpg,0.0008027091,0.00090958853,0.9974849,0.0008027091,c
test_1813.jpg,0.0052100015,0.0013172947,0.99285054,0.0006222459,c
test_1814.jpg,0.0016942327,0.00022928944,0.9944898,0.0035866904,c
test_1815.jpg,7.483938e-05,5.1436302e-05,4.005863e-05,0.9998336,d
test_1816.jpg,0.0001233451,0.9994758,0.00013976832,0.00026112158,b
test_1817.jpg,0.0004874076,0.0006258437,0.9985911,0.00029562766,c
test_1818.jpg,0.0007086878,0.9979068,0.00021613757,0.0011684287,b
test_1819.jpg,0.00037982882,0.0002303778,0.99921036,0.00017941842,c
test_1820.jpg,0.00015835713,0.9993425,0.0002033346,0.0002958501,b
test_1821.jpg,0.00020332658,0.00033522883,0.00015835089,0.9993031,d
test_1822.jpg,0.99842155,0.00023019593,0.00017927677,0.0011690314,a
test_1823.jpg,0.0004877689,8.4761516e-05,9.6047384e-05,0.99933136,d
test_1824.jpg,0.99380726,0.00054965925,0.0004280751,0.005215022,a
test_1825.jpg,0.0021791894,0.0007074792,0.9962049,0.0009084213,c
test_1826.jpg,0.5705767,0.015205354,0.3460723,0.06814567,a
test_1827.jpg,0.0011521709,0.012387006,0.0024391462,0.9840217,d
test_1828.jpg,0.006169757,0.0054447916,0.18030675,0.80807877,d
test_1829.jpg,0.00012335603,0.00020337974,0.00010886133,0.99956435,d
test_1830.jpg,0.00015832022,0.99910957,0.00017940032,0.00055259187,b
test_1831.jpg,0.0009094022,0.0013231724,0.00048676797,0.9972806,d
test_1832.jpg,0.00037988788,0.00015836081,9.6050695e-05,0.99936575,d
test_1833.jpg,0.07251062,0.22334844,0.68796164,0.016179308,c
test_1834.jpg,0.000625984,0.00017934742,0.99881506,0.00037967853,c
test_1835.jpg,0.99936634,0.00015836091,0.00017944642,0.00029585714,a
test_1836.jpg,0.0011634857,0.0046016756,0.9936852,0.0005495917,c
test_1837.jpg,0.9940388,0.0031638078,0.002174451,0.0006229906,a
test_1838.jpg,0.00037983683,0.00015833954,0.99923146,0.00023038266,c
test_1839.jpg,0.00037823024,0.0005503217,0.0040663583,0.9950051,d
test_1840.jpg,0.99959844,8.478417e-05,0.00015839768,0.00015839768,a
test_1841.jpg,0.00070932036,0.00015827076,0.9987974,0.00033505922,c
test_1842.jpg,0.99823546,0.0007089213,0.0004299825,0.00062562077,a
test_1843.jpg,0.00080130063,0.0031692055,0.00029478205,0.99573475,d
test_1844.jpg,0.9994566,0.00033528032,0.00012334273,8.477214e-05,a
test_1845.jpg,0.000108857515,0.99952936,0.00015838674,0.0002033726,b
test_1846.jpg,0.00023046818,0.00010886547,0.9996024,5.8271482e-05,c
test_1847.jpg,0.99891996,0.00062604976,0.000295725,0.00015829018,a
test_1848.jpg,0.0024709178,0.0004293811,0.9968393,0.00026043277,c
test_1849.jpg,0.9941347,0.0009065335,0.0003550036,0.0046037575,a
test_1850.jpg,0.00070934824,0.9988367,0.00029570036,0.00015827698,b
test_1851.jpg,0.00026108325,0.00017943972,0.00023040517,0.9993291,d
test_1852.jpg,0.00017935292,0.9988456,0.00048753183,0.00048753183,b
test_1853.jpg,0.00013980834,5.828078e-05,4.0055755e-05,0.9997619,d
test_1854.jpg,0.99970573,9.608337e-05,7.482981e-05,0.0001233735,a
test_1855.jpg,0.6066548,0.020758586,0.36795476,0.0046318662,a
test_1856.jpg,0.00017944978,0.00029586267,0.00013975563,0.999385,d
test_1857.jpg,0.00023007355,0.00017918146,0.9978908,0.0017000266,c
test_1858.jpg,0.0003350657,0.00029569448,0.99881685,0.00055243,c
test_1859.jpg,0.9985258,0.0007091274,0.00033496806,0.00043010752,a
test_1860.jpg,0.0027533337,0.0011477601,0.9802546,0.01584434,c
test_1861.jpg,0.0008023781,0.00062489265,0.99707365,0.0014990396,c
test_1862.jpg,0.025865797,0.9706069,0.0016535453,0.0018737122,b
test_1863.jpg,0.0021816818,0.00033457173,0.00013947026,0.9973443,d
test_1864.jpg,0.0031548783,0.9912333,0.0024570217,0.0031548783,b
test_1865.jpg,0.009699942,0.0005472332,0.9894209,0.00033191373,c
test_1866.jpg,9.606055e-05,0.00013976727,0.00029588732,0.99946827,d
test_1867.jpg,0.00090911525,0.0008022914,0.99696594,0.0013227549,c
test_1868.jpg,0.004559762,0.0011528883,0.009653016,0.98463434,d
test_1869.jpg,4.5391473e-05,0.99981374,6.60442e-05,7.4837895e-05,b
test_1870.jpg,0.007571182,0.00062148046,0.99162924,0.00017805713,c
test_1871.jpg,0.0010301147,0.0005513806,0.001498808,0.99691963,d
test_1872.jpg,0.00037929308,0.997801,0.0009098768,0.0009098768,b
test_1873.jpg,0.00048733794,0.00026085318,0.9984484,0.0008034844,c
test_1874.jpg,0.9996458,0.00020339631,5.4743374e-05,9.6077616e-05,a
test_1875.jpg,0.00023045874,0.00012335567,8.478103e-05,0.99956137,d
test_1876.jpg,0.0051978286,0.9905308,0.0027821972,0.0014892027,b
test_1877.jpg,0.0001583959,0.0001583959,9.607197e-05,0.9995871,d
test_1878.jpg,0.9673638,0.003078907,0.00034544375,0.029211855,a
test_1879.jpg,0.8042639,0.10884528,0.0021221451,0.08476879,a
test_1880.jpg,0.0015005012,0.00015815166,0.9980458,0.00029546622,c
test_1881.jpg,7.4834e-05,0.99976176,0.0001233804,4.0055747e-05,b
test_1882.jpg,0.0045603695,0.008519892,0.9847655,0.0021541659,c
test_1883.jpg,0.99689937,0.00055136945,0.0019244686,0.0006247834,a
test_1884.jpg,0.00020335501,0.00023043141,0.9994429,0.00012334104,c
test_1885.jpg,0.0019245433,0.0007079999,0.00042942364,0.9969381,d
test_1886.jpg,0.0005524636,0.9988776,0.00013968468,0.00043025907,b
test_1887.jpg,0.0003351626,0.0001793996,0.99910563,0.000379789,c
test_1888.jpg,0.00048558268,0.99485224,0.0031663966,0.0014956999,b
test_1889.jpg,0.99840385,0.00070904085,0.0005522015,0.00033492717,a
test_1890.jpg,0.00029585004,0.00029585004,6.601306e-05,0.99934226,d
test_1891.jpg,8.480084e-05,4.5390625e-05,7.483649e-05,0.999795,d
test_1892.jpg,0.00015838603,0.99952483,0.00015838603,0.00015838603,b
test_1893.jpg,0.0009093434,0.00055154465,0.9972161,0.0013230868,c
test_1894.jpg,0.008550298,0.0016836538,0.9882802,0.0014858191,c
test_1895.jpg,0.0003798569,7.479826e-05,0.00026107155,0.9992843,d
test_1896.jpg,0.00013977151,0.9994985,0.00020336633,0.00015838185,b
test_1897.jpg,0.99710184,0.0019248595,0.0004866807,0.0004866807,a
test_1898.jpg,8.479257e-05,0.99969745,0.00010887582,0.00010887582,b
test_1899.jpg,0.0013219719,0.00037875128,0.99637574,0.0019234577,c
test_1900.jpg,0.0016830574,0.009685326,0.0007016026,0.98793006,d
test_1901.jpg,0.9995104,0.0002958998,8.477671e-05,0.000108855456,a
test_1902.jpg,0.000123359,0.9995883,0.00010886394,0.00017948628,b
test_1903.jpg,0.007554749,0.0027792372,0.00018912944,0.9894769,d
test_1904.jpg,0.23678908,0.7293617,0.028280422,0.005568745,b
test_1905.jpg,0.00043018843,0.9987136,0.0006259204,0.00023026326,b
test_1906.jpg,0.0006251589,0.99749845,0.0007083979,0.0011679506,b
test_1907.jpg,0.0019232065,0.0008017117,0.99624556,0.0010294182,c
test_1908.jpg,8.479461e-05,8.479461e-05,0.00010887844,0.99972147,d
test_1909.jpg,0.99946684,0.00023043693,0.000123344,0.00017946446,a
test_1910.jpg,0.00037917568,0.0019256129,0.00020295811,0.9974922,d
test_1911.jpg,0.0024706908,0.00048650787,0.00029508193,0.99674773,d
test_1912.jpg,0.00043040817,8.475239e-05,0.0002610557,0.9992237,d
test_1913.jpg,0.00012338262,4.538993e-05,5.143353e-05,0.99977976,d
test_1914.jpg,8.478059e-05,0.99955624,0.00017948053,0.00017948053,b
test_1915.jpg,0.6149901,0.003227172,0.37301037,0.008772363,a
test_1916.jpg,0.00023038266,0.00037983683,0.00015833954,0.99923146,d
test_1917.jpg,0.00013978177,0.99957186,0.00017948332,0.00010886215,b
test_1918.jpg,0.115358844,0.0065081003,0.852393,0.025740037,c
test_1919.jpg,0.9454897,0.0009769723,0.053340882,0.00019237725,a
test_1920.jpg,0.99946684,0.00017946446,0.000123344,0.00023043693,a
test_1921.jpg,0.0016891578,0.00090414094,0.9915109,0.0058957394,c
test_1922.jpg,0.0035450023,0.012373273,0.98293084,0.0011508936,c
test_1923.jpg,0.0068624443,0.61773753,0.00072329625,0.37467673,b
test_1924.jpg,0.99766207,0.00090975006,0.00080285163,0.0006252614,a
test_1925.jpg,0.99070334,0.0021671548,0.0004542603,0.0066753067,a
test_1926.jpg,0.00013979679,0.9996793,9.608083e-05,8.4791034e-05,b
test_1927.jpg,0.0011675743,0.9971771,0.0010303807,0.0006249575,b
test_1928.jpg,0.00013979695,4.0052488e-05,0.00013979695,0.9996804,d
test_1929.jpg,0.00037986587,0.9993079,0.00020332755,0.000108833396,b
test_1930.jpg,0.0013184946,0.0024632723,0.99375486,0.0024632723,c
test_1931.jpg,0.0945315,0.0068478384,0.79150254,0.10711822,c
test_1932.jpg,9.608888e-05,6.6040855e-05,7.4834104e-05,0.9997631,d
test_1933.jpg,0.9994492,0.0003799196,9.605871e-05,7.481061e-05,a
test_1934.jpg,7.483723e-05,7.483723e-05,4.5391072e-05,0.9998049,d
test_1935.jpg,0.6099849,0.00677632,0.056737427,0.32650137,a
test_1936.jpg,8.475782e-05,7.4798525e-05,0.0005526904,0.9992878,d
test_1937.jpg,0.0015633345,0.005456573,0.91765445,0.07532567,c
test_1938.jpg,0.7167233,0.031490628,0.232686,0.019100029,a
test_1939.jpg,0.55899435,0.43534523,0.0037664743,0.0018939022,a
test_1940.jpg,0.7661033,0.21949229,0.012382907,0.002021454,a
test_1941.jpg,0.10395447,0.8704001,0.020469848,0.0051755877,b
test_1942.jpg,0.003506189,0.0014615969,0.972169,0.022863224,c
test_1943.jpg,0.00062604336,0.0002609737,0.00020324653,0.9989097,d
test_1944.jpg,0.0003798322,0.9992193,0.00013973247,0.00026105458,b
test_1945.jpg,0.9963497,0.0008017955,0.0003787414,0.002469704,a
test_1946.jpg,0.00017948888,0.00010886552,0.99960285,0.00010886552,c
test_1947.jpg,0.0035628295,0.0010207677,0.98787385,0.0075425096,c
test_1948.jpg,0.52900684,0.0035644202,0.46684688,0.00058187556,a
test_1949.jpg,0.0011686228,0.00037939628,0.9980725,0.00037939628,c
test_1950.jpg,0.00957223,0.006578891,0.0074548596,0.976394,d
test_1951.jpg,0.00020339248,8.4786596e-05,8.4786596e-05,0.999627,d
test_1952.jpg,0.031315874,0.8076471,0.15903513,0.002001957,b
test_1953.jpg,0.0046037836,0.0005498435,0.9941403,0.000706013,c
test_1954.jpg,0.99924314,0.00043041652,0.00023038535,9.603891e-05,a
test_1955.jpg,0.0014284982,0.95015365,0.04730536,0.0011125155,b
test_1956.jpg,0.00043030042,0.0003351183,0.00026099037,0.9989736,d
test_1957.jpg,0.00037973913,0.0004875947,0.0001582988,0.99897444,d
test_1958.jpg,0.008555794,0.00061977963,0.9889154,0.0019090557,c
test_1959.jpg,0.0002607763,0.0002607763,0.0013243314,0.9981541,d
test_1960.jpg,0.0006260216,0.00020323947,0.00029571168,0.99887496,d
test_1961.jpg,7.480887e-05,0.999426,0.00020335158,0.0002958748,b
test_1962.jpg,0.97430533,0.0021312842,0.00065000495,0.022913465,a
test_1963.jpg,0.00017946301,0.99945873,0.00015837555,0.00020335824,b
test_1964.jpg,0.003847951,0.6471259,0.34638155,0.0026446555,b
test_1965.jpg,0.0065976996,0.7625904,0.012326126,0.21848582,b
test_1966.jpg,0.0004877208,0.00013973434,0.00013973434,0.99923277,d
test_1967.jpg,0.000108887165,3.1196694e-05,5.8283094e-05,0.9998016,d
test_1968.jpg,0.001029712,0.99653,0.0021799004,0.00026035195,b
test_1969.jpg,0.00017943834,0.99932134,0.00029584384,0.00020333029,b
test_1970.jpg,5.1437797e-05,5.828666e-05,2.753267e-05,0.9998627,d
test_1971.jpg,0.99974793,0.00010888132,8.4796855e-05,5.827997e-05,a
test_1972.jpg,0.74210805,0.060915936,0.18763429,0.0093417615,a
test_1973.jpg,0.00017950339,7.482815e-05,6.203471e-05,0.9996836,d
test_1974.jpg,0.99898106,0.00043030365,0.00015829987,0.00043030365,a
test_1975.jpg,0.9991679,0.00013972528,0.00013972528,0.0005526241,a
test_1976.jpg,0.998587,0.00080359593,0.0004301339,0.00017930647,a
test_1977.jpg,0.00026112617,6.602304e-05,0.99949336,0.00017946924,c
test_1978.jpg,0.002746106,0.0016655975,0.9776814,0.01790686,c
test_1979.jpg,0.9994504,0.00023043314,0.00013976477,0.00017946151,a
test_1980.jpg,0.37981626,0.0015522223,0.5526294,0.06600217,c
test_1981.jpg,0.0002304214,0.0002304214,0.00013975766,0.9993994,d
test_1982.jpg,0.00070918,0.00043013942,0.9985998,0.00026089273,c
test_1983.jpg,0.0004876188,0.0003797579,0.00010880246,0.9990238,d
test_1984.jpg,0.0005523649,0.0002609187,0.00048746038,0.9986992,d
test_1985.jpg,0.000909876,0.00048702155,0.9978002,0.00080296275,c
test_1986.jpg,0.0010314236,0.0005520812,0.9981863,0.0002301417,c
test_1987.jpg,5.8274843e-05,0.99966,0.00015840745,0.00012336785,b
test_1988.jpg,0.00013980674,5.1432024e-05,5.8280115e-05,0.99975044,d
test_1989.jpg,6.602214e-05,0.99947983,0.00015837888,0.00029589076,b
test_1990.jpg,0.8984816,0.016456265,0.011310214,0.07375186,a
test_1991.jpg,0.9973164,0.00037910888,0.00037910888,0.0019252737,a
test_1992.jpg,0.88129616,0.038721453,0.06384088,0.016141502,a
test_1993.jpg,0.00013978529,0.00013978529,0.00012336008,0.99959713,d
test_1994.jpg,0.00048761885,0.00010880247,0.9990239,0.00037975793,c
test_1995.jpg,0.00017949118,0.99961555,0.00010886691,9.6074706e-05,b
test_1996.jpg,0.00015835388,0.00037987126,0.00013974683,0.99932206,d
test_1997.jpg,0.0005520054,0.99804926,0.0002301101,0.0011685955,b
test_1998.jpg,0.00037945353,0.9982231,0.0009102617,0.00048722798,b
test_1999.jpg,0.9986304,0.00070920173,0.00023024408,0.00043015258,a
test_2000.jpg,0.00043042877,0.0001583459,0.00013973977,0.9992716,d
test_2001.jpg,0.9996264,0.00023047373,8.4786545e-05,5.8272886e-05,a
test_2002.jpg,0.0011690418,0.99843043,0.0002608485,0.00013962215,b
test_2003.jpg,0.012975834,0.065896735,0.90967625,0.011451134,c
test_2004.jpg,0.00048770488,0.00020330562,0.00010882167,0.99920017,d
test_2005.jpg,0.0007087869,0.9980463,0.0009101004,0.00033480724,b
test_2006.jpg,0.99700004,0.00080231886,0.0010301978,0.001167367,a
test_2007.jpg,0.9996791,0.00017950257,9.608081e-05,4.538536e-05,a
test_2008.jpg,0.0154947005,0.58143437,0.39961362,0.0034573348,b
test_2009.jpg,0.00037984885,9.604083e-05,0.00026106602,0.9992631,d
test_2010.jpg,0.11306216,0.0043838955,0.83542264,0.047131322,c
test_2011.jpg,6.59583e-05,9.596876e-05,0.0013248079,0.9985133,d
test_2012.jpg,0.007556017,0.001487868,0.989643,0.001313039,c
test_2013.jpg,8.479366e-05,0.99971026,0.00010887722,9.608381e-05,b
test_2014.jpg,0.00042723835,0.99186474,0.0010248915,0.006683132,b
test_2015.jpg,7.483679e-05,7.483679e-05,5.143452e-05,0.99979895,d
test_2016.jpg,0.00062500365,0.0014993058,0.99725074,0.00062500365,c
test_2017.jpg,0.00013973867,0.0004877359,0.000108828586,0.9992637,d
test_2018.jpg,0.9975756,0.00042969824,0.00029532702,0.0016994897,a
test_2019.jpg,0.0013597015,0.7043428,0.0006837008,0.29361376,b
test_2020.jpg,0.003509888,0.0030974655,0.97319466,0.02019801,c
test_2021.jpg,0.0010313955,0.00037942923,0.9981592,0.00042994964,c
test_2022.jpg,0.99920505,0.0002958094,0.00020330663,0.0002958094,a
test_2023.jpg,0.00017947445,0.00015838565,0.00013977486,0.99952245,d
test_2024.jpg,0.019239573,0.002603793,0.34102958,0.6371271,d
test_2025.jpg,0.9994555,0.00029588354,0.000108849476,0.0001397655,a
test_2026.jpg,0.00015839157,0.00015839157,0.00012335548,0.9995598,d
test_2027.jpg,0.0049733357,0.005635527,0.041641228,0.94775,d
test_2028.jpg,0.00015835468,0.99932706,0.00033523687,0.00017943936,b
test_2029.jpg,0.9995316,0.0003353055,7.481677e-05,5.826736e-05,a
test_2030.jpg,4.538728e-05,0.99972135,7.483098e-05,0.00015841717,b
test_2031.jpg,0.004066237,0.0008006895,0.0001576651,0.9949753,d
test_2032.jpg,0.004235602,0.00896677,0.55475444,0.43204316,c
test_2033.jpg,0.00015833153,0.999181,0.00023037104,0.00043038974,b
test_2034.jpg,0.007563733,0.0014893874,0.9906536,0.0002932778,c
test_2035.jpg,0.008571405,0.9907197,0.00037660127,0.00033234945,b
test_2036.jpg,3.119662e-05,0.9997992,8.48012e-05,8.48012e-05,b
test_2037.jpg,0.998058,0.00070879527,0.00080317026,0.00042990607,a
test_2038.jpg,0.00023044321,9.606303e-05,0.00017946935,0.9994941,d
test_2039.jpg,0.0002956446,0.99864835,0.0006258795,0.00043016032,b
test_2040.jpg,0.0002031512,0.99844116,0.0005522222,0.0008034786,b
test_2041.jpg,0.9990502,0.00037976794,0.00013970882,0.00043033343,a
test_2042.jpg,0.00026104966,0.00033519443,0.0002033057,0.9992005,d
test_2043.jpg,0.0014998515,0.0005517645,0.99761367,0.0003346621,c
test_2044.jpg,0.0021772054,0.001028439,0.99529797,0.00149637,c
test_2045.jpg,0.0004870215,0.99780005,0.0009098759,0.0008029627,b
test_2046.jpg,0.9978346,0.00062536955,0.00021612193,0.0013239074,a
test_2047.jpg,0.4656397,0.5276389,0.0021563398,0.004564971,b
test_2048.jpg,0.04725209,0.94908357,0.0018321624,0.0018321624,b
test_2049.jpg,0.004605616,0.00045601767,0.0004024342,0.99453604,d
test_2050.jpg,0.00033526676,0.00010884518,0.9994161,0.00013975998,c
test_2051.jpg,0.0003347667,0.001031154,0.0007087011,0.9979254,d
test_2052.jpg,0.0009093399,0.0014992481,0.0003790693,0.99721235,d
test_2053.jpg,0.00033511798,0.00055251614,0.99897265,0.00013969796,c
test_2054.jpg,0.005627449,0.0008629974,0.9463915,0.047118057,c
test_2055.jpg,0.00017947739,0.00012335287,0.9995388,0.00015838823,c
test_2056.jpg,6.6031054e-05,0.9996147,0.00013978776,0.00017949102,b
test_2057.jpg,0.9995679,0.00020338046,0.00015839285,7.0286405e-05,a
test_2058.jpg,0.0056940606,0.35227904,0.061216917,0.58080995,d
test_2059.jpg,0.0016720182,0.015863664,0.0010141302,0.9814502,d
test_2060.jpg,0.000123359,0.9995883,0.00017948628,0.00010886394,b
test_2061.jpg,0.00029572545,0.00055248785,0.9989215,0.0002303112,c
test_2062.jpg,0.0004302069,0.00026093368,0.9987565,0.00055239664,c
test_2063.jpg,0.00029579757,0.00043038288,0.00010881784,0.99916506,d
test_2064.jpg,0.0006188307,0.32056224,0.0001887327,0.67863023,d
test_2065.jpg,0.0921122,0.029904453,0.87393624,0.004047128,c
test_2066.jpg,0.9941947,0.001319078,0.0027924883,0.0016937299,a
test_2067.jpg,0.00012336689,0.00015840621,6.6033535e-05,0.99965227,d
test_2068.jpg,0.00023043476,0.00020335797,0.9994574,0.00010884968,c
test_2069.jpg,0.00017949498,7.4824646e-05,0.000108869215,0.99963677,d
test_2070.jpg,0.00023044608,0.00013977262,0.0001233489,0.9995065,d
test_2071.jpg,0.9992716,0.00043042877,0.0001583459,0.00013973977,a
test_2072.jpg,0.000108866465,0.99961156,0.00013978731,0.00013978731,b
test_2073.jpg,0.00033482886,0.9981108,0.00023012428,0.0013242739,b
test_2074.jpg,0.9996606,0.00015840754,8.478945e-05,9.6079035e-05,a
test_2075.jpg,0.7949424,0.20099291,0.0025301275,0.0015345998,a
test_2076.jpg,0.00029590656,9.60668e-05,7.4816904e-05,0.9995333,d
test_2077.jpg,0.998423,0.0009104439,0.00048732554,0.00017927703,a
test_2078.jpg,0.00033521443,0.0002958257,0.0001088282,0.9992601,d
test_2079.jpg,0.00080341945,0.9983677,0.00062570366,0.00020313625,b
test_2080.jpg,0.00013976118,0.9994247,0.00029587443,0.00013976118,b
test_2081.jpg,0.9997358,0.00012337719,7.483206e-05,6.603905e-05,a
test_2082.jpg,0.0018840771,0.0018840771,0.020255737,0.97597605,d
test_2083.jpg,0.4325952,0.010173664,0.0017679178,0.55546325,d
test_2084.jpg,7.481758e-05,0.99954236,0.00020337525,0.00017947803,b
test_2085.jpg,0.0010308543,0.0007084951,0.99763536,0.0006252447,c
test_2086.jpg,0.0003352218,0.00020332228,0.00017943128,0.99928206,d
test_2087.jpg,0.00029561954,0.00091057224,0.0002302287,0.9985637,d
test_2088.jpg,0.020213198,0.0018801205,0.9739265,0.003980215,c
test_2089.jpg,0.00015835802,0.00015835802,0.00033524394,0.9993481,d
test_2090.jpg,0.0003798081,0.9991559,0.000261038,0.00020329661,b
test_2091.jpg,0.0016983261,0.00037894776,0.0010300868,0.99689263,d
test_2092.jpg,0.00023041423,0.00033525072,0.99936837,6.601478e-05,c
test_2093.jpg,0.013702898,0.0199376,0.96064734,0.0057122177,c
test_2094.jpg,0.00012338329,5.1433806e-05,4.0056682e-05,0.9997851,d
test_2095.jpg,0.99920017,0.00037982492,8.475039e-05,0.00033519432,a
test_2096.jpg,0.0010315496,0.00043001387,0.9983083,0.00023016983,c
test_2097.jpg,0.99868125,0.0004301745,0.00017932341,0.0007092378,a
test_2098.jpg,0.99880767,0.00015827238,0.00023028496,0.0008037735,a
test_2099.jpg,0.0008911064,0.017898351,0.003993662,0.97721684,d
test_2100.jpg,0.0007090822,0.00020315545,0.9984621,0.0006257628,c
test_2101.jpg,0.00012335894,5.827064e-05,0.00023046485,0.99958795,d
test_2102.jpg,0.9997565,8.479758e-05,0.00012337975,3.5348894e-05,a
test_2103.jpg,0.9989016,0.00048755915,0.00048755915,0.00012327425,a
test_2104.jpg,0.0014991249,0.0011675196,0.0002028845,0.99713045,d
test_2105.jpg,0.0010312175,0.00055197097,0.00042987542,0.9979869,d
test_2106.jpg,5.828898e-05,1.7777136e-05,2.1443317e-05,0.9999025,d
test_2107.jpg,0.00043046472,0.00013975144,7.480356e-05,0.999355,d
test_2108.jpg,0.00029581104,0.9992106,0.00015833623,0.0003351978,b
test_2109.jpg,0.0014751598,0.0014751598,0.9811902,0.015859462,c
test_2110.jpg,0.99735177,0.0010305612,0.0007082937,0.0009094671,a
test_2111.jpg,0.9992847,0.00015834796,0.00026107166,0.000295833,a
test_2112.jpg,0.0006250849,0.0016991573,0.00029526924,0.99738044,d
test_2113.jpg,0.0016909288,0.004596421,0.9925505,0.0011621572,c
test_2114.jpg,0.00089554174,0.015873857,0.0011498983,0.98208076,d
test_2115.jpg,0.99953353,0.0001397764,0.00012335223,0.00020337345,a
test_2116.jpg,0.0002958922,0.00012334622,0.9994848,9.606214e-05,c
test_2117.jpg,0.99951494,0.00020336968,0.00012334994,0.00015838446,a
test_2118.jpg,0.003616264,0.038878504,0.0726346,0.88487065,d
test_2119.jpg,0.020305643,0.00089216774,0.97838074,0.0004214302,c
test_2120.jpg,3.5350073e-05,0.9997899,5.1434054e-05,0.00012338387,b
test_2121.jpg,0.9995579,0.00026114305,8.478074e-05,9.606916e-05,a
test_2122.jpg,0.0005264609,0.047390494,0.00021946154,0.9518636,d
test_2123.jpg,0.0007091633,0.0003795878,0.9985763,0.00033498503,c
test_2124.jpg,0.0009089934,0.00033439999,0.9968323,0.0019243391,c
test_2125.jpg,0.00029583677,0.00020332544,0.9992975,0.00020332544,c
test_2126.jpg,0.00062454,0.0011667944,0.99651104,0.0016976761,c
test_2127.jpg,0.0002957572,0.9990287,0.0002957572,0.00037975973,b
test_2128.jpg,0.00020327454,0.0006261296,0.00012329224,0.99904734,d
test_2129.jpg,0.00029574466,0.00023032614,0.9989863,0.0004876005,c
test_2130.jpg,0.0007093,0.00026093688,0.00026093688,0.99876875,d
test_2131.jpg,0.00017949397,6.6032146e-05,0.00012336428,0.99963117,d
test_2132.jpg,0.0003351546,0.99908173,0.00020328154,0.0003797799,b
test_2133.jpg,8.48031e-05,5.8284262e-05,3.5351193e-05,0.9998216,d
test_2134.jpg,9.606303e-05,0.9994941,0.00023044321,0.00017946935,b
test_2135.jpg,0.0014991809,0.0007081629,0.99716765,0.00062495156,c
test_2136.jpg,0.0002958888,0.00017946561,5.1417763e-05,0.9994733,d
test_2137.jpg,0.9993425,0.0002033346,0.0002958501,0.00015835713,a
test_2138.jpg,0.99927646,0.0004877421,9.604211e-05,0.00013974046,a
test_2139.jpg,0.0002948559,0.00317,0.00055086333,0.9959843,d
test_2140.jpg,0.00023012428,0.0013242739,0.00033482886,0.9981108,d
test_2141.jpg,0.0031369596,0.010949065,0.00031060106,0.98560333,d
test_2142.jpg,0.0031680507,0.00029467462,0.9953719,0.0011654606,c
test_2143.jpg,7.481174e-05,0.99946433,0.00023043636,0.00023043636,b
test_2144.jpg,0.0040605934,0.0010266788,0.99359447,0.0013182816,c
test_2145.jpg,0.00023040517,0.00017943972,0.9993291,0.00026108325,c
test_2146.jpg,0.0005520645,0.0011687205,0.00012318224,0.998156,d
test_2147.jpg,0.0004297774,0.99775934,0.00048700164,0.0013238076,b
test_2148.jpg,0.9982748,0.0002608078,0.000295534,0.0011688595,a
test_2149.jpg,9.608888e-05,6.6040855e-05,7.4834104e-05,0.9997631,d
test_2150.jpg,0.0100000985,0.79440624,0.13804708,0.057546597,b
test_2151.jpg,0.011908528,0.83485234,0.025210356,0.12802875,b
test_2152.jpg,0.00459387,0.0019150098,0.9919996,0.0014914111,c
test_2153.jpg,0.00026111832,9.606007e-05,0.99946326,0.00017946382,c
test_2154.jpg,0.00020323948,0.9988751,0.0002957117,0.00062602165,b
test_2155.jpg,2.7531443e-05,0.99981815,4.5391673e-05,0.00010888897,b
test_2156.jpg,0.00037990548,0.00012333725,8.476836e-05,0.99941206,d
test_2157.jpg,0.0002303412,0.0002303412,0.00048763238,0.99905163,d
test_2158.jpg,0.0043520215,0.8293485,0.1633084,0.0029910977,b
test_2159.jpg,0.034327745,0.064132676,0.8853242,0.01621528,c
test_2160.jpg,0.01924546,0.0022985423,0.63732207,0.34113395,c
test_2161.jpg,0.98146963,0.00661309,0.010903143,0.0010141502,a
test_2162.jpg,0.61817735,0.13793401,0.016473869,0.22741477,a
test_2163.jpg,0.00062616944,0.0001397173,0.9991109,0.00012330008,c
test_2164.jpg,0.0009062154,0.0046021417,0.00070576125,0.99378586,d
test_2165.jpg,0.00020338528,0.0001088643,0.99959165,9.607241e-05,c
test_2166.jpg,0.003167445,0.0011652379,0.9951816,0.00048574345,c
test_2167.jpg,0.00653352,0.0010019477,0.022804225,0.96966034,d
test_2168.jpg,0.022851948,0.002729276,0.002729276,0.97168946,d
test_2169.jpg,0.0004300528,0.0009104218,0.0002608402,0.9983987,d
test_2170.jpg,0.9959906,0.0021787207,0.0010291546,0.0008015065,a
test_2171.jpg,0.035033066,0.0036924582,0.9035147,0.057759758,c
test_2172.jpg,0.0029516872,0.72225404,0.26570243,0.009091836,b
test_2173.jpg,0.0003798604,0.0001233226,0.99929345,0.00020332461,c
test_2174.jpg,0.98369455,0.0031308844,0.012382887,0.0007916115,a
test_2175.jpg,0.00020327928,0.00029576963,0.00043034225,0.9990707,d
test_2176.jpg,0.000108836015,0.00017944023,0.000379875,0.9993319,d
test_2177.jpg,0.004602297,0.0013185801,0.0002596438,0.9938194,d
test_2178.jpg,0.99892384,0.00048757,0.0001582908,0.000430279,a
test_2179.jpg,0.018370569,0.0031923265,0.88514364,0.09329345,c
test_2180.jpg,0.99945885,0.00015837557,0.00017946304,0.00020335826,a
test_2181.jpg,0.0006259329,0.00026092766,0.00037964754,0.99873346,d
test_2182.jpg,0.0005524053,0.9987722,0.00029568127,0.00037966226,b
test_2183.jpg,0.00023044026,0.00017946705,0.00010885228,0.99948126,d
test_2184.jpg,0.0002957117,0.00062602165,0.9988751,0.00020323948,c
test_2185.jpg,0.99950373,0.0001794711,0.00015838268,0.00015838268,a
test_2186.jpg,4.0057195e-05,0.9997979,9.6092226e-05,6.6043154e-05,b
test_2187.jpg,0.0008029091,0.00029537376,0.9977335,0.0011682258,c
test_2188.jpg,0.99930656,0.00043044385,0.00012332422,0.00013974466,a
test_2189.jpg,0.00091051264,0.9984983,0.00029560018,0.00029560018,b
test_2190.jpg,0.0024415976,0.008522013,0.0040255142,0.9850108,d
test_2191.jpg,0.9996012,0.00013978586,0.00017948859,7.964757e-05,a
test_2192.jpg,0.008392293,0.020132065,0.9700172,0.0014583619,c
test_2193.jpg,0.00068663585,0.7529876,0.24445929,0.0018664697,b
test_2194.jpg,0.0024616546,0.00037750695,0.9931023,0.0040585822,c
test_2195.jpg,0.0013203913,0.0010283218,0.9951845,0.0024668158,c
test_2196.jpg,0.00033525773,0.00017945052,0.9993892,9.605294e-05,c
test_2197.jpg,0.00048763063,0.99904805,0.00026100985,0.00020327469,b
test_2198.jpg,0.9994407,0.0001583727,0.00013976343,0.00026111244,a
test_2199.jpg,0.0004876588,0.00020328643,0.99910575,0.00020328643,c
test_2200.jpg,0.00029579236,0.00029579236,0.9991474,0.0002610358,c
test_2201.jpg,0.004065856,0.0006235191,0.00042853804,0.9948821,d
test_2202.jpg,0.0003341748,0.0031705627,0.0003341748,0.9961611,d
test_2203.jpg,0.004587929,0.99071676,0.0027827197,0.0019125333,b
test_2204.jpg,0.00026111497,0.00010884893,0.00017946154,0.9994505,d
test_2205.jpg,0.0019248017,0.997072,0.000708095,0.00029517792,b
test_2206.jpg,0.998738,0.0004874793,0.00062593573,0.00014867277,a
test_2207.jpg,0.00029588354,0.0001397655,0.000108849476,0.9994555,d
test_2208.jpg,0.9993598,0.00017944524,0.00023041225,0.00023041225,a
test_2209.jpg,0.000625579,0.00091021205,0.0002955026,0.9981687,d
test_2210.jpg,0.16120805,0.34127742,0.386718,0.11079656,c
test_2211.jpg,5.1428677e-05,0.9996854,0.00012337098,0.00013979764,b
test_2212.jpg,0.9986344,0.00026090175,0.00055232906,0.00055232906,a
test_2213.jpg,0.0038087377,0.7258169,0.26701316,0.0033611995,b
test_2214.jpg,9.607852e-05,0.99965525,0.00013979342,0.00010887123,b
test_2215.jpg,0.0070203305,0.9194819,0.05187362,0.021624142,b
test_2216.jpg,0.9945899,0.0031655617,0.00055009214,0.0016944032,a
test_2217.jpg,0.0016957003,0.00048582628,0.0024672295,0.9953513,d
test_2218.jpg,0.75092065,0.004465137,0.00082596735,0.24378823,a
test_2219.jpg,0.0024248036,0.015811704,0.9782355,0.003528068,c
test_2220.jpg,0.00015832667,0.9991503,0.00026103653,0.00043037653,b
test_2221.jpg,0.95413977,0.028812526,0.015422233,0.0016254915,a
test_2222.jpg,0.0007087953,0.0004299061,0.99805814,0.0008031704,c
test_2223.jpg,0.99966073,0.00015840757,9.607904e-05,8.4789455e-05,a
test_2224.jpg,0.99876416,0.00023027492,0.0006259521,0.00037965918,a
test_2225.jpg,0.00090960955,0.00055170606,0.9975079,0.0010307226,c
test_2226.jpg,0.00015829559,0.0005525059,0.00033511175,0.99895406,d
test_2227.jpg,0.99474275,0.0007064408,0.00048552925,0.0040652864,a
test_2228.jpg,0.000108881504,0.9997496,9.6087584e-05,4.5388562e-05,b
test_2229.jpg,0.00037951133,0.00033491757,0.9983752,0.00091040035,c
test_2230.jpg,8.4778745e-05,0.9995345,0.00029590694,8.4778745e-05,b
test_2231.jpg,0.00012338303,6.604218e-05,2.7530477e-05,0.9997831,d
test_2232.jpg,0.0038298084,0.0063142856,0.16284758,0.8270083,d
test_2233.jpg,0.00020335168,0.00023042763,0.00013976143,0.9994265,d
test_2234.jpg,0.00012333365,0.999383,0.00015836355,0.00033525564,b
test_2235.jpg,0.0009107289,0.00029567038,5.8220947e-05,0.9987355,d
test_2236.jpg,0.05081208,0.0036808148,0.0448415,0.90066564,d
test_2237.jpg,0.00055078947,0.0031695745,0.00042895525,0.9958507,d
test_2238.jpg,0.9992318,0.00017942226,0.00043041166,0.0001583396,a
test_2239.jpg,0.99930334,0.00029583852,0.00013974421,0.00026107652,a
test_2240.jpg,0.001500352,0.00042985808,0.0001231564,0.9979467,d
test_2241.jpg,0.34329265,0.0133109,0.0020412928,0.6413551,d
test_2242.jpg,0.9994844,0.00026112385,0.00015837963,9.6062104e-05,a
test_2243.jpg,0.0002608169,0.9983095,0.0002608169,0.0011689002,b
test_2244.jpg,0.0004871438,0.9980507,0.0009101044,0.00055200624,b
test_2245.jpg,0.053164847,0.0026469221,0.8316382,0.11254999,c
test_2246.jpg,0.00017947849,0.00017947849,0.9995449,9.606792e-05,c
test_2247.jpg,0.99532604,0.00080097176,0.0016956574,0.0021772669,a
test_2248.jpg,0.025692534,0.008341145,0.9641052,0.0018611609,c
test_2249.jpg,0.004060377,0.00070558774,0.9935415,0.0016926171,c
test_2250.jpg,0.0008036629,0.00043016975,9.598384e-05,0.9986702,d
test_2251.jpg,8.479011e-05,0.9996685,0.00012336888,0.00012336888,b
test_2252.jpg,0.9995784,0.00015839451,0.00013978269,0.00012335778,a
test_2253.jpg,0.0005524491,0.00033507732,0.9988514,0.00026095848,c
test_2254.jpg,0.0009101958,0.00023013353,0.9981509,0.0007088612,c
test_2255.jpg,0.015320665,0.008200561,0.02862277,0.947856,d
test_2256.jpg,0.000108862914,0.9995789,0.00020338269,0.000108862914,b
test_2257.jpg,0.9994985,0.00015838185,0.00013977151,0.00020336633,a
test_2258.jpg,0.001499709,0.00042967382,0.9975189,0.0005517121,c
test_2259.jpg,6.604284e-05,7.4836345e-05,6.604284e-05,0.9997931,d
test_2260.jpg,0.5283034,0.055682767,0.0045707203,0.4114431,a
test_2261.jpg,0.52581125,0.4640268,0.0035428884,0.0066189873,a
test_2262.jpg,0.00023044026,0.00017946705,0.99948126,0.00010885228,c
test_2263.jpg,0.9956995,0.0016962936,0.0016962936,0.0009079604,a
test_2264.jpg,0.0005524053,0.00029568127,0.9987722,0.00037966226,c
test_2265.jpg,0.00033411733,0.00149741,0.0021787188,0.99598974,d
test_2266.jpg,0.0027913686,0.0014941118,0.0019184776,0.993796,d
test_2267.jpg,9.608888e-05,7.4834104e-05,6.6040855e-05,0.9997631,d
test_2268.jpg,0.9910749,0.0004544307,0.0009037434,0.0075669503,a
test_2269.jpg,0.00023045615,9.606842e-05,0.00012335429,0.99955016,d
test_2270.jpg,0.017910287,0.0035267447,0.00069445715,0.9778685,d
test_2271.jpg,0.9808725,0.017965307,0.00037285805,0.00078934047,a
test_2272.jpg,0.0010301815,0.0014989052,0.00048662332,0.9969843,d
test_2273.jpg,0.05948751,0.9305413,0.009122706,0.0008485438,b
test_2274.jpg,0.99905473,0.00037976966,0.00023034192,0.0003351455,a
test_2275.jpg,0.0003351455,0.00023034192,0.99905473,0.00037976966,c
test_2276.jpg,4.5391018e-05,0.9998037,6.604354e-05,8.4801584e-05,b
test_2277.jpg,0.9962824,0.0027983524,0.0006243967,0.00029494416,a
test_2278.jpg,0.00015840374,9.6076736e-05,0.99963665,0.0001088692,c
test_2279.jpg,0.99979275,0.000108886205,5.828258e-05,4.0056988e-05,a
test_2280.jpg,0.8804367,0.011083063,0.08189337,0.026586885,a
test_2281.jpg,0.9992781,0.00026106994,0.00023039342,0.00023039342,a
test_2282.jpg,0.013973074,0.005824844,0.97958815,0.000613934,c
test_2283.jpg,0.011084745,0.0031758326,0.88057035,0.10516913,c
test_2284.jpg,3.535119e-05,0.9998215,5.8284255e-05,8.480309e-05,b
test_2285.jpg,0.0016953255,0.00070671673,0.99513125,0.0024666837,c
test_2286.jpg,0.0003796027,0.00070919114,0.9986155,0.00029563488,c
test_2287.jpg,0.98540515,0.008525425,0.0051709316,0.0008985732,a
test_2288.jpg,0.00042885114,0.995609,0.0027964609,0.0011657382,b
test_2289.jpg,0.0007092376,0.00037962754,0.9986809,0.00023025573,c
test_2290.jpg,0.9941683,0.0003550156,0.00025973495,0.0052169166,a
test_2291.jpg,0.0001232141,0.99841416,0.0005522073,0.00091043586,b
test_2292.jpg,0.0008034708,0.00033493646,0.9984315,0.00043006692,c
test_2293.jpg,0.00029589553,8.4775485e-05,0.999496,0.0001233476,c
test_2294.jpg,0.0003352024,0.0002610559,0.9992243,0.00017942092,c
test_2295.jpg,0.032209326,0.022137126,0.94129455,0.004359059,c
test_2296.jpg,0.00965951,0.0004809187,0.9852968,0.0045628296,c
test_2297.jpg,0.6128713,0.05700591,0.32804638,0.0020764403,a
test_2298.jpg,0.9219804,0.075680755,0.00095268013,0.0013861414,a
test_2299.jpg,0.000108874585,0.000108874585,9.608149e-05,0.9996861,d
test_2300.jpg,0.00015831039,0.0007094979,0.99904746,8.473744e-05,c
test_2301.jpg,0.0004876526,0.99909306,0.00026102157,0.0001583176,b
test_2302.jpg,0.997964,0.0008030946,0.00042986555,0.0008030946,a
test_2303.jpg,0.001689158,0.00589574,0.00090414105,0.99151105,d
test_2304.jpg,6.603861e-05,0.999729,9.6085605e-05,0.000108879256,b
test_2305.jpg,0.00015831493,0.9990761,0.0004303446,0.0003351527,b
test_2306.jpg,0.76033956,0.042895425,0.19224395,0.004521144,a
test_2307.jpg,0.99911124,0.0004303597,0.00012330012,0.00033516448,a
test_2308.jpg,0.00026079753,0.99823546,0.0011688136,0.00033487068,b
test_2309.jpg,0.0123718865,0.00079090823,0.0040165633,0.98282063,d
test_2310.jpg,0.012300014,0.9771111,0.009579261,0.0010096466,b
test_2311.jpg,0.00013975229,0.9993611,0.0002958556,0.00020333838,b
test_2312.jpg,0.99932206,0.00037987126,0.00015835388,0.00013974683,a
test_2313.jpg,0.99869007,0.0004874559,0.0003350232,0.0004874559,a
test_2314.jpg,0.00043043296,0.00017943115,0.99928135,0.00010883051,c
test_2315.jpg,0.9989743,0.00048759463,0.00037973907,0.00015829879,a
test_2316.jpg,0.0013239502,0.0003793181,0.9978669,0.00042982373,c
test_2317.jpg,0.0002958197,0.00026105993,0.00020331368,0.9992398,d
test_2318.jpg,0.00045453268,0.93123764,0.0008491788,0.06745863,b
test_2319.jpg,0.0011635597,0.0010268379,0.0040612225,0.9937484,d
test_2320.jpg,0.00043032542,0.00015830787,0.99903166,0.00037976087,c
test_2321.jpg,0.00015789735,0.99644095,0.0002297393,0.0031714533,b
test_2322.jpg,0.000428983,0.0031697797,0.00048610146,0.9959151,d
test_2323.jpg,0.0007062184,0.0040640063,0.9944296,0.0008002503,c
test_2324.jpg,0.99824226,0.0013244483,0.00020311073,0.00023015459,a
test_2325.jpg,0.001323722,0.0004297496,0.0005518094,0.9976948,d
test_2326.jpg,0.014787134,0.4896826,0.33655363,0.15897667,b
test_2327.jpg,0.00010887246,0.00013979501,8.478995e-05,0.9996666,d
test_2328.jpg,0.039098646,0.53974015,0.3709576,0.05020365,b
test_2329.jpg,0.0003352958,9.606385e-05,6.6023655e-05,0.99950266,d
test_2330.jpg,0.0070174565,0.8111077,0.0008921695,0.18098259,b
test_2331.jpg,0.005211974,0.0013177934,0.0002437673,0.99322647,d
test_2332.jpg,0.0011679262,0.00080270326,0.9974777,0.0005516893,c
test_2333.jpg,0.0011683353,0.997827,0.00037930295,0.0006253648,b
test_2334.jpg,0.00037967545,0.0005524245,0.99880695,0.00026094684,c
test_2335.jpg,0.000430042,0.9983736,0.00048730147,0.00070901937,b
test_2336.jpg,0.000230267,0.99872977,0.00048747528,0.0005523818,b
test_2337.jpg,0.046485357,0.93368334,0.011753339,0.008077944,b
test_2338.jpg,0.99965644,0.00013979358,0.00015840688,4.5384335e-05,a
test_2339.jpg,0.02011101,0.45772445,0.5186698,0.0034947693,c
test_2340.jpg,0.0004300014,0.99827945,0.00080334843,0.0004872555,b
test_2341.jpg,0.0010318363,0.0002031806,0.00017930624,0.9985857,d
test_2342.jpg,0.00033526192,0.00012333597,0.9994017,0.00013975796,c
test_2343.jpg,0.0002033896,0.00010886661,7.4822856e-05,0.99961287,d
test_2344.jpg,0.015201495,0.002993352,0.9404832,0.04132195,c
test_2345.jpg,0.9994504,0.00013976477,0.00023043314,0.00017946151,a
test_2346.jpg,0.99959296,0.00015839681,0.00010886444,0.00013978471,a
test_2347.jpg,0.0007087011,0.9979254,0.0003347667,0.001031154,b
test_2348.jpg,0.0018224581,0.053260036,0.94405663,0.00086086825,c
test_2349.jpg,0.00055239664,0.0004302069,0.00026093368,0.9987565,d
test_2350.jpg,0.00070941384,0.00015829163,0.9989291,0.00020325047,c
test_2351.jpg,0.001499709,0.00042967382,0.9975189,0.0005517121,c
test_2352.jpg,0.0050869044,0.022797925,0.9693924,0.002722824,c
test_2353.jpg,0.00755207,0.0011581475,0.9891261,0.0021637045,c
test_2354.jpg,0.45467603,0.51521546,0.025651066,0.004457487,b
test_2355.jpg,0.0013233657,0.00062511367,0.99742633,0.00062511367,c
test_2356.jpg,0.00023007405,0.0011684124,0.000708678,0.9978929,d
test_2357.jpg,0.0008031576,0.0010312748,0.00012316821,0.99804235,d
test_2358.jpg,0.0002033726,0.00015838674,0.99952936,0.000108857515,c
test_2359.jpg,0.0031709794,0.00033421876,0.00020271393,0.9962921,d
test_2360.jpg,0.00012338301,3.534983e-05,5.828201e-05,0.999783,d
test_2361.jpg,0.00029581104,0.0003351978,0.00015833623,0.9992106,d
test_2362.jpg,0.99876416,0.00037965918,0.00023027492,0.0006259521,a
test_2363.jpg,3.119552e-05,0.9997639,0.00010888306,9.608896e-05,b
test_2364.jpg,0.99796176,0.00037935417,0.00033477886,0.0013240761,a
test_2365.jpg,0.0024703238,0.0003788364,0.99659973,0.00055120373,c
test_2366.jpg,0.99972147,8.479461e-05,8.479461e-05,0.00010887844,a
test_2367.jpg,0.9958222,0.0024683964,0.0009080723,0.000801371,a
test_2368.jpg,0.3545697,0.02266688,0.45527652,0.16748689,c
test_2369.jpg,0.00037962754,0.0007092376,0.00023025573,0.9986809,d
test_2370.jpg,0.00061799644,0.00089917955,0.012412791,0.9860701,d
test_2371.jpg,0.06771642,0.021984303,0.64247555,0.26782367,c
test_2372.jpg,0.00012335567,0.00023045874,0.99956137,8.478103e-05,c
test_2373.jpg,0.021234358,0.7968134,0.10783697,0.074115194,b
test_2374.jpg,9.609047e-05,5.8281817e-05,6.604195e-05,0.99977964,d
test_2375.jpg,0.003673428,0.0025247077,0.20056236,0.79323953,d
test_2376.jpg,5.8275684e-05,0.99967444,0.00015840973,0.00010887332,b
test_2377.jpg,0.0003352814,0.00010884994,9.605973e-05,0.9994598,d
test_2378.jpg,0.00043045712,0.00012332803,0.9993374,0.00010883661,c
test_2379.jpg,0.00048750849,0.00033505933,0.00037967198,0.9987978,d
test_2380.jpg,0.86477643,0.005826818,0.10328282,0.026113985,a
test_2381.jpg,0.0002958756,0.0001794576,9.6056734e-05,0.9994286,d
test_2382.jpg,0.0011662778,0.00029488123,0.9960698,0.0024690102,c
test_2383.jpg,0.0011687209,0.00029549896,0.99815637,0.00037942815,c
test_2384.jpg,0.99796176,0.00020305366,0.0015003748,0.00033477886,a
test_2385.jpg,0.0003794212,0.0013243101,0.99813807,0.00015816628,c
test_2386.jpg,0.94235015,0.0038511697,0.017259745,0.03653888,a
test_2387.jpg,0.0011679507,0.9974986,0.00070839794,0.00062515895,b
test_2388.jpg,0.97523427,0.0024173642,0.00843743,0.013910969,a
test_2389.jpg,0.00033271222,0.00029361754,0.0075724954,0.9918012,d
test_2390.jpg,0.02291749,0.0011409946,0.97447646,0.001465066,c
test_2391.jpg,0.0021759872,0.00090708636,0.99474096,0.0021759872,c
test_2392.jpg,0.99951506,9.606504e-05,0.00023044806,0.00015838447,a
test_2393.jpg,0.97447836,0.0007841949,0.0045127305,0.020224653,a
test_2394.jpg,0.00033523684,0.00015835467,0.99932694,0.00017943935,c
test_2395.jpg,0.00020325277,0.9989404,0.00023031556,0.00062606257,b
test_2396.jpg,0.0027990544,0.00033429934,0.00033429934,0.9965323,d
test_2397.jpg,0.0016271948,0.041965906,0.0012672605,0.9551396,d
test_2398.jpg,0.9926764,0.0007988395,0.00062213675,0.0059026694,a
test_2399.jpg,0.99981505,8.4802545e-05,4.5391535e-05,5.475264e-05,a
test_2400.jpg,0.07582713,0.63489276,0.26466265,0.024617463,b
test_2401.jpg,0.00015824662,0.00070921215,0.00048743395,0.9986451,d
test_2402.jpg,0.00012325397,0.9987373,0.00043019862,0.00070927764,b
test_2403.jpg,0.7273121,0.0043247556,0.2675632,0.00079999934,a
test_2404.jpg,0.40645805,0.40645805,0.07063181,0.11645219,a
test_2405.jpg,0.99935824,0.00029585476,8.47638e-05,0.00026109087,a
test_2406.jpg,0.0005513007,0.0024707585,0.9967751,0.00020281221,c
test_2407.jpg,0.00013980125,0.00010887733,4.0053725e-05,0.9997112,d
test_2408.jpg,0.00037976296,0.99903715,0.00020327246,0.00037976296,b
test_2409.jpg,6.60416e-05,0.9997743,8.479909e-05,7.483494e-05,b
test_2410.jpg,0.0006257506,0.00055222295,0.9984426,0.00037953694,c
test_2411.jpg,9.6091375e-05,0.99978906,7.483605e-05,4.0056842e-05,b
test_2412.jpg,0.98683757,0.008537818,0.0014836503,0.003140888,a
test_2413.jpg,6.603839e-05,0.99972576,0.00012337595,8.479497e-05,b
test_2414.jpg,0.01057421,0.032570858,0.95186,0.0049949028,c
test_2415.jpg,0.00046349803,0.892072,0.0009217759,0.10654281,b
test_2416.jpg,0.99835193,0.00070900394,0.00070900394,0.00023017988,a
test_2417.jpg,0.99918956,0.0002958048,0.00033519077,0.00017941468,a
test_2418.jpg,0.00070845516,0.00090967445,0.99757916,0.00080278487,c
test_2419.jpg,0.0064012087,0.0018339771,0.95002365,0.041741125,c
test_2420.jpg,0.99912673,0.00015832295,0.000379797,0.00033516967,a
test_2421.jpg,0.9987218,0.00055237743,0.00029566634,0.00043019195,a
test_2422.jpg,0.00017946151,0.9994504,0.00013976477,0.00023043314,b
test_2423.jpg,0.8258928,0.0071453727,0.16262792,0.0043338877,a
test_2424.jpg,0.998855,0.00037969372,0.00043024935,0.0003350785,a
test_2425.jpg,0.00026113298,7.964107e-05,0.00013977443,0.99951947,d
test_2426.jpg,0.00029451674,0.0046070167,0.99483854,0.00025991007,c
test_2427.jpg,0.00043035715,0.00026102478,0.00020328633,0.9991053,d
test_2428.jpg,0.00013975796,0.00012333597,0.00033526192,0.9994017,d
test_2429.jpg,0.0008019699,0.0019238258,0.00070773595,0.9965664,d
test_2430.jpg,0.004593504,0.0013160608,0.9919206,0.0021698175,c
test_2431.jpg,0.9987919,0.00020322255,0.0002956871,0.0007093164,a
test_2432.jpg,0.0014970909,0.9957775,0.0010289345,0.0016964264,b
test_2433.jpg,0.004050864,0.003574875,0.99121374,0.001160592,c
test_2434.jpg,0.00015836979,0.99942243,0.00029587376,0.00012333853,b
test_2435.jpg,0.00080080953,0.9951245,0.00048571557,0.0035889794,b
test_2436.jpg,0.03678037,0.0135307405,0.0011106709,0.9485782,d
test_2437.jpg,0.00045723407,0.00042953168,0.119097225,0.8800161,d
test_2438.jpg,0.99933213,0.00020333249,0.00026108406,0.00020333249,a
test_2439.jpg,0.00037964733,0.0003350376,0.0005523836,0.998733,d
test_2440.jpg,0.0019236887,0.00055114605,0.9964954,0.0010296763,c
test_2441.jpg,9.606994e-05,0.999566,0.00015839255,0.00017948227,b
test_2442.jpg,0.0065396703,0.6670645,0.048321992,0.27807385,b
test_2443.jpg,0.0006255251,0.99808276,0.0011686347,0.00012317319,b
test_2444.jpg,0.9969414,0.00042942507,0.00015797665,0.0024711709,a
test_2445.jpg,0.00033501317,0.0007092229,0.00029564812,0.9986602,d
test_2446.jpg,0.97621524,0.010844773,0.012288737,0.0006512792,a
test_2447.jpg,0.16297682,0.00811414,0.8276647,0.0012443435,c
test_2448.jpg,0.009559183,0.9750632,0.012274235,0.0031034125,b
test_2449.jpg,0.0011647466,0.0031661098,0.0009071056,0.9947621,d
test_2450.jpg,0.0022839878,0.00065437343,0.9214264,0.075635284,c
test_2451.jpg,0.00023045615,9.606842e-05,0.99955016,0.00012335429,c
test_2452.jpg,0.036443826,0.7319938,0.0874242,0.14413811,b
test_2453.jpg,0.0066400063,0.677299,0.03372073,0.28234023,b
test_2454.jpg,0.0002033491,0.0002033491,0.00017945495,0.99941385,d
test_2455.jpg,0.0003352749,0.00015837264,6.601954e-05,0.9994404,d
test_2456.jpg,0.00013980578,5.827972e-05,5.827972e-05,0.99974364,d
test_2457.jpg,0.00020335168,0.00023042763,0.00013976143,0.9994265,d
test_2458.jpg,0.052642748,0.007124421,0.49946052,0.44077235,c
test_2459.jpg,0.05087348,0.030856324,0.016516201,0.901754,d
test_2460.jpg,0.99718106,0.0024717648,0.00017905403,0.0001682057,a
test_2461.jpg,5.8281068e-05,0.99976677,0.000108883374,6.6041095e-05,b
test_2462.jpg,0.9979298,0.00055193936,0.0010311585,0.00048708482,a
test_2463.jpg,0.99969745,0.00010887582,0.00010887582,8.479257e-05,a
test_2464.jpg,0.99673295,0.0021803444,0.00037888705,0.00070785417,a
test_2465.jpg,0.99108547,0.001688433,0.0005481539,0.0066778813,a
test_2466.jpg,0.9989863,0.0004876005,0.00023032614,0.00029574466,a
test_2467.jpg,0.0039718607,0.0012894743,0.9718822,0.02285648,c
test_2468.jpg,0.041717608,0.004397004,0.94948834,0.004397004,c
test_2469.jpg,0.99981266,7.4837815e-05,7.4837815e-05,3.7630813e-05,a
test_2470.jpg,0.0004301236,0.9985631,0.00020317601,0.00080357667,b
test_2471.jpg,0.9981712,0.00042995482,0.00023013822,0.0011687384,a
test_2472.jpg,0.0841534,0.9047343,0.008869704,0.0022426122,b
test_2473.jpg,0.052894868,0.0014096004,0.93758386,0.00811169,c
test_2474.jpg,0.00070295105,0.0019108191,0.0075574354,0.98982877,d
test_2475.jpg,0.00043012423,0.99856454,0.0003795833,0.000625827,b
test_2476.jpg,0.0007077789,0.0011669302,0.996627,0.001498368,c
test_2477.jpg,0.0011681123,0.99763656,0.0007084959,0.0004869417,b
test_2478.jpg,0.98985404,0.0010228138,0.0066695837,0.0024536029,a
test_2479.jpg,0.0059080995,0.00042798131,7.437201e-05,0.99358964,d
test_2480.jpg,0.99969006,0.00015841221,0.000108875014,4.2636064e-05,a
test_2481.jpg,0.032976486,0.2150337,0.08963938,0.6623504,d
test_2482.jpg,0.00015841717,4.538728e-05,7.483098e-05,0.99972135,d
test_2483.jpg,0.0019238135,0.00048641625,0.99656004,0.0010297431,c
test_2484.jpg,0.99915946,0.00037980944,0.00023036606,0.00023036606,a
test_2485.jpg,0.00033519563,0.9992041,0.00023037635,0.00023037635,b
test_2486.jpg,0.9977451,0.0013237887,0.00037927183,0.0005518372,a
test_2487.jpg,0.99756926,0.00055174,0.00037920498,0.0014997848,a
test_2488.jpg,0.004602865,0.0004281331,0.99394196,0.0010270379,c
test_2489.jpg,0.0010318345,0.99858403,0.00012323506,0.0002608886,b
test_2490.jpg,0.0016988319,0.00062496524,0.99718946,0.00048672347,c
test_2491.jpg,5.828292e-05,0.9997986,5.828292e-05,8.480115e-05,b
test_2492.jpg,0.00015834661,0.9992761,0.00023039295,0.00033521978,b
test_2493.jpg,0.000551762,0.00013950729,0.99760914,0.0016995468,c
test_2494.jpg,0.9996408,0.0001397914,0.00012336548,9.6077136e-05,a
test_2495.jpg,0.032996193,0.0021093762,0.96429014,0.00060434634,c
test_2496.jpg,0.010959754,0.0016807327,0.98656553,0.0007939219,c
test_2497.jpg,0.00055248104,0.00033509667,0.9989091,0.00020324641,c
test_2498.jpg,0.00037450224,0.014053092,0.98519784,0.00037450224,c
test_2499.jpg,0.001168002,0.9975424,0.0004868957,0.0008027553,b
test_2500.jpg,0.0011679506,0.0007083979,0.99749845,0.0006251589,c
test_2501.jpg,0.00062577846,0.00055224757,0.00033495508,0.998487,d
test_2502.jpg,0.00026113162,8.477703e-05,0.9995142,0.0001397737,c
test_2503.jpg,0.0040625324,0.00054980395,0.99406886,0.0013189111,c
test_2504.jpg,0.00010884515,0.9994159,0.00017945531,0.0002958718,b
test_2505.jpg,0.0014615969,0.003506189,0.022863224,0.972169,d
test_2506.jpg,0.0019255449,0.99745697,0.00055167783,6.588852e-05,b
test_2507.jpg,0.99959487,0.0001233598,0.0001233598,0.00015839712,a
test_2508.jpg,0.00037974108,0.00026099195,0.9989795,0.00037974108,c
test_2509.jpg,0.00070945045,0.00023032483,7.959813e-05,0.9989806,d
test_2510.jpg,0.2047645,0.04032052,0.63071907,0.12419594,c
test_2511.jpg,0.00043028124,0.0003797219,0.9989291,0.00026097876,c
test_2512.jpg,0.0011637756,0.9939328,0.0013187305,0.0035846815,b
test_2513.jpg,4.5395645e-05,2.7533852e-05,2.1443384e-05,0.9999056,d
test_2514.jpg,0.99957746,0.00023046244,9.607104e-05,9.607104e-05,a
test_2515.jpg,0.41680068,0.04393047,0.53518265,0.00408617,c
test_2516.jpg,0.001922639,0.00042899876,0.99595165,0.0016967232,c
test_2517.jpg,0.99905163,0.00048763238,0.0002303412,0.0002303412,a
test_2518.jpg,0.9942286,0.0052172327,0.0002597507,0.00029433615,a
test_2519.jpg,0.0001233167,0.99924564,0.0002958214,0.00033520957,b
test_2520.jpg,0.00015836976,0.9994222,0.00026110758,0.00015836976,b
test_2521.jpg,0.0011689676,0.998367,0.0002608319,0.00020313611,b
test_2522.jpg,0.00029582257,0.0003798437,7.4795666e-05,0.9992495,d
test_2523.jpg,0.0011592581,0.0051954347,0.0035707667,0.9900746,d
test_2524.jpg,0.0013239855,0.00029542114,0.9978935,0.0004870671,c
test_2525.jpg,0.0005515051,0.0019249418,0.00037904351,0.9971445,d
test_2526.jpg,0.9964671,0.0005511304,0.00080189,0.002179763,a
test_2527.jpg,0.0023379566,0.0012514179,0.943199,0.053211648,c
test_2528.jpg,3.535158e-05,0.9998325,6.6045446e-05,6.6045446e-05,b
test_2529.jpg,0.0040540597,0.0024589116,0.9919957,0.0014914051,c
test_2530.jpg,0.001168913,0.00037949052,0.00013114841,0.9983204,d
test_2531.jpg,0.00013976048,0.000179456,0.0002611069,0.9994197,d
test_2532.jpg,0.00037981715,0.0001794129,0.99917966,0.00026104422,c
test_2533.jpg,0.037806526,0.010831751,0.75936437,0.19199738,c
test_2534.jpg,0.0003351184,0.0002032596,0.00048759446,0.99897397,d
test_2535.jpg,0.99445087,0.0011643822,0.0019197419,0.0024649973,a
test_2536.jpg,0.0013242739,0.9981108,0.00033482886,0.00023012428,b
test_2537.jpg,0.74812686,0.21434194,0.019936904,0.017594257,a
test_2538.jpg,7.482858e-05,0.99968934,0.00013979818,9.608179e-05,b
test_2539.jpg,0.0009105421,0.9985306,0.00037957044,0.00017929636,b
test_2540.jpg,0.00029569448,0.0003350657,0.99881685,0.00055243,c
test_2541.jpg,0.00017949118,9.6074706e-05,0.00010886691,0.99961555,d
test_2542.jpg,7.483065e-05,0.99971694,0.00012337488,8.479422e-05,b
test_2543.jpg,0.00026113424,0.0001397751,0.99952424,7.481622e-05,c
test_2544.jpg,0.0002958111,0.00033519787,0.9992107,0.00015833625,c
test_2545.jpg,0.9983083,0.0010315496,0.00043001387,0.00023016983,a
test_2546.jpg,7.4834665e-05,3.1195726e-05,0.00012338148,0.9997706,d
test_2547.jpg,5.827347e-05,0.9996364,7.4824624e-05,0.00023047604,b
test_2548.jpg,0.0052046333,0.0021696142,0.9918276,0.0007981564,c
test_2549.jpg,0.9990313,0.00043032528,0.00020327127,0.00033513765,a
test_2550.jpg,0.00017931765,0.0010319018,0.9986492,0.00013965274,c
test_2551.jpg,0.085540906,0.38336772,0.2985671,0.23252428,b
test_2552.jpg,0.00023045948,9.606981e-05,0.9995646,0.00010886136,c
test_2553.jpg,0.00010885123,0.9994716,0.00015837759,0.0002611205,b
test_2554.jpg,0.9974446,0.0003346054,0.00029528825,0.0019255211,a
test_2555.jpg,0.0011686749,0.00037941322,0.9981171,0.00033483098,c
test_2556.jpg,0.014030238,0.0016756732,0.9835956,0.0006985244,c
test_2557.jpg,0.9820978,0.002434377,0.005839767,0.009628149,a
test_2558.jpg,0.008790057,0.0018424962,0.29108673,0.69828075,d
test_2559.jpg,0.0005524696,0.0001793606,0.99888843,0.0003797064,c
test_2560.jpg,0.002181336,0.99718624,0.00042953054,0.00020289587,b
test_2561.jpg,0.0008030945,0.0004298655,0.9979639,0.0008030945,c
test_2562.jpg,0.23444793,0.031729076,0.011672474,0.72215044,d
test_2563.jpg,0.004065361,0.0006234433,0.99476105,0.0005501868,c
test_2564.jpg,0.001169063,0.00017928162,0.0002031527,0.9984485,d
test_2565.jpg,0.99635893,0.00055107055,0.0011666163,0.0019234252,a
test_2566.jpg,0.9960483,0.0013215373,0.0019228256,0.00070736796,a
test_2567.jpg,0.99965787,0.000108871514,7.4826225e-05,0.0001584071,a
test_2568.jpg,0.0013223923,0.99669266,0.0014984668,0.00048648097,b
test_2569.jpg,0.009916636,0.12080936,0.61352056,0.25575343,c
test_2570.jpg,0.00037980804,0.00026103796,0.0002032966,0.99915576,d
test_2571.jpg,0.0017024133,0.8818719,0.011101129,0.10532458,b
test_2572.jpg,4.0059793e-05,0.9998627,6.604743e-05,3.11986e-05,b
test_2573.jpg,0.9990734,0.0003351518,0.00029577044,0.00029577044,a
test_2574.jpg,0.99640524,0.0021796275,0.00070762145,0.00070762145,a
test_2575.jpg,0.99977356,6.6041546e-05,0.00010888411,5.1433213e-05,a
test_2576.jpg,0.9994105,0.00033526486,7.480771e-05,0.00017945435,a
test_2577.jpg,0.00048734207,0.00043007784,0.99845684,0.00062575954,c
test_2578.jpg,0.7175536,0.23295555,0.021668242,0.027822573,a
test_2579.jpg,0.0006243989,0.0019232841,0.0011665308,0.9962858,d
test_2580.jpg,0.0010308215,0.9976037,0.00033465875,0.0010308215,b
test_2581.jpg,0.190762,0.006527517,0.75447834,0.048232187,c
test_2582.jpg,0.99833065,0.0009103597,0.0003794944,0.0003794944,a
test_2583.jpg,0.00013973936,0.9992687,0.00029582824,0.00029582824,b
test_2584.jpg,0.0024588201,0.005205322,0.00037707228,0.99195886,d
test_2585.jpg,0.00080208416,0.0011670255,0.9967084,0.0013224132,c
test_2586.jpg,0.00015841355,8.479266e-05,0.9996985,5.8277088e-05,c
test_2587.jpg,0.13221209,0.0039924593,0.8621311,0.0016643045,c
test_2588.jpg,0.00022917766,0.994005,0.0052160597,0.0005497686,b
test_2589.jpg,0.7401378,0.047315426,0.0004937808,0.21205305,a
test_2590.jpg,0.004706913,0.17662562,0.7915811,0.027086414,c
test_2591.jpg,0.00015839214,0.00020337953,7.481916e-05,0.9995634,d
test_2592.jpg,0.00033529446,0.00012334794,4.2627908e-05,0.9994987,d
test_2593.jpg,0.00012333726,0.9994122,0.00026110496,0.00020334877,b
test_2594.jpg,0.00023036129,0.00029578977,0.0003351737,0.9991387,d
test_2595.jpg,0.0014687164,0.18070915,0.007939806,0.8098822,d
test_2596.jpg,0.008660126,0.0024811677,0.10550193,0.8833568,d
test_2597.jpg,0.00062506174,0.9973435,0.0013232558,0.00070828776,b
test_2598.jpg,0.0011671357,0.0007079036,0.99680245,0.001322538,c
test_2599.jpg,7.4787626e-05,0.99914217,0.0005526099,0.00023036209,b
test_2600.jpg,0.99681586,0.00037891857,0.00062473107,0.0021805258,a
test_2601.jpg,0.0066072755,0.117116764,0.8653824,0.010893556,c
test_2602.jpg,0.00048714428,0.0010312843,0.0004299033,0.99805164,d
test_2603.jpg,0.011672472,0.72215027,0.20689952,0.059277702,b
test_2604.jpg,0.00055255706,0.00026100947,0.00013970831,0.9990466,d
test_2605.jpg,0.00033525072,0.00023041423,6.601478e-05,0.99936837,d
test_2606.jpg,0.0010304146,0.00026052957,0.99720985,0.0014992444,c
test_2607.jpg,0.99808407,0.0004871601,0.0008031912,0.0006255259,a
test_2608.jpg,0.00043043296,0.99928135,0.00010883051,0.00017943115,b
test_2609.jpg,0.00020337639,0.00013977842,0.9995479,0.00010885954,c
test_2610.jpg,0.9989794,0.00037974102,0.0002609919,0.00037974102,a
test_2611.jpg,0.013291816,0.052570157,0.93182826,0.0023097715,c
test_2612.jpg,0.00010887786,0.00010887786,6.6037755e-05,0.9997161,d
test_2613.jpg,0.000487503,0.0004302199,0.9987866,0.00029568552,c
test_2614.jpg,0.9983248,0.0009103544,0.00043002097,0.00033490066,a
test_2615.jpg,0.00017950025,0.9996661,9.607956e-05,5.8275196e-05,b
test_2616.jpg,0.001907402,0.001485486,0.008548383,0.9880586,d
test_2617.jpg,0.9877396,0.0011565242,0.0035623454,0.0075414847,a
test_2618.jpg,0.00026114285,0.00012335516,5.826885e-05,0.9995572,d
test_2619.jpg,0.0029419279,0.3400406,0.021738067,0.6352795,d
test_2620.jpg,0.00013979887,0.00012337207,4.2636242e-05,0.9996942,d
test_2621.jpg,0.023500506,0.001502337,0.77822983,0.19676732,c
test_2622.jpg,0.000108848944,0.9994506,0.000261115,0.00017946155,b
test_2623.jpg,0.9996222,0.00026115985,5.8272642e-05,5.8272642e-05,a
test_2624.jpg,0.0014944399,0.9940142,0.003584975,0.0009064236,b
test_2625.jpg,0.0019100445,0.005883351,0.9894275,0.0027790985,c
test_2626.jpg,0.98626953,0.009669047,0.0021574558,0.0019039481,a
test_2627.jpg,0.010978688,0.00037567003,0.00037567003,0.9882699,d
test_2628.jpg,0.0033480371,0.0010869484,0.06724712,0.92831784,d
test_2629.jpg,0.0007091793,0.0001396457,0.9985989,0.00055230944,c
test_2630.jpg,0.00010888671,3.535034e-05,5.828285e-05,0.9997974,d
test_2631.jpg,8.480243e-05,3.5350913e-05,6.60442e-05,0.99981374,d
test_2632.jpg,0.00037976087,0.99903166,0.00015830787,0.00043032542,b
test_2633.jpg,0.09310065,0.8833144,0.005252379,0.018332604,b
test_2634.jpg,0.0002957174,0.9988943,0.00043026626,0.00037970865,b
test_2635.jpg,0.10226537,0.7556446,0.13131133,0.010778691,b
test_2636.jpg,0.9941553,0.00029431446,0.00033350196,0.005216848,a
test_2637.jpg,0.00037988412,0.99935585,0.00017944454,8.47636e-05,b
test_2638.jpg,0.00070875476,0.0008031244,0.99800104,0.0004871196,c
test_2639.jpg,0.99916613,0.00037981197,0.00015832917,0.0002957979,a
test_2640.jpg,0.00013978063,0.99956375,6.602769e-05,0.00023045928,b
test_2641.jpg,0.0002609728,0.00070939766,0.99890625,0.00012327482,c
test_2642.jpg,0.00020332228,0.00017943128,0.0003352218,0.99928206,d
test_2643.jpg,0.9975089,0.0010307236,0.0004296695,0.0010307236,a
test_2644.jpg,0.9745068,0.010825793,0.009553729,0.0051137423,a
test_2645.jpg,0.0037726443,0.006220039,0.9231356,0.066871725,c
test_2646.jpg,0.00012335189,0.9995307,0.00026113592,8.4778425e-05,b
test_2647.jpg,0.9988372,0.0004875277,0.0002957005,0.00037968694,a
test_2648.jpg,0.99959296,0.00015839681,0.00010886444,0.00013978471,a
test_2649.jpg,5.828666e-05,5.1437797e-05,2.753267e-05,0.9998627,d
test_2650.jpg,0.2369022,0.09875552,0.50152194,0.16282034,c
test_2651.jpg,7.482981e-05,0.99970573,9.608337e-05,0.0001233735,b
test_2652.jpg,0.00017944524,0.9993598,0.00023041225,0.00023041225,b
test_2653.jpg,0.999785,8.48e-05,8.48e-05,4.539017e-05,a
test_2654.jpg,0.0014991923,0.00029520848,0.9971752,0.0010303787,c
test_2655.jpg,4.5391684e-05,0.9998184,5.1435516e-05,8.480283e-05,b
test_2656.jpg,0.00013980191,0.00010887783,3.5347457e-05,0.99971586,d
test_2657.jpg,0.00023037835,0.00029581168,0.00026105286,0.99921274,d
test_2658.jpg,0.99909306,0.00026102157,0.0001583176,0.0004876526,a
test_2659.jpg,0.00070952275,0.00012329657,8.474041e-05,0.99908245,d
test_2660.jpg,0.00033509545,0.9989054,0.0003797129,0.0003797129,b
test_2661.jpg,0.00013980527,3.534831e-05,8.479618e-05,0.99973994,d
test_2662.jpg,0.16230787,0.007131311,0.82426745,0.0062933597,c
test_2663.jpg,0.9993772,0.00020334164,0.00026109582,0.00015836263,a
test_2664.jpg,0.9998056,5.828333e-05,9.609297e-05,4.0057505e-05,a
test_2665.jpg,0.24363628,0.0014487144,0.004462354,0.7504526,d
test_2666.jpg,0.000108874236,0.9996829,0.00012337067,8.479133e-05,b
test_2667.jpg,0.9991291,0.00043036742,0.000261031,0.00017940383,a
test_2668.jpg,0.00015838785,0.9995364,7.481713e-05,0.00023045296,b
test_2669.jpg,0.93169904,0.0005153082,0.00029361376,0.06749205,a
test_2670.jpg,0.00015827666,0.00080379524,0.00020323126,0.99883467,d
test_2671.jpg,0.0027015589,0.84880453,0.1475001,0.000993848,b
test_2672.jpg,0.0003794752,0.0009103137,0.99828017,0.00043000173,c
test_2673.jpg,0.99741805,0.00026058397,0.00013948057,0.0021818432,a
test_2674.jpg,8.476306e-05,0.99934953,0.00023040989,0.00033524443,b
test_2675.jpg,0.0010307236,0.9975089,0.0010307236,0.0004296695,b
test_2676.jpg,0.0021805258,0.00037891857,0.99681586,0.00062473107,c
test_2677.jpg,0.0013166928,0.0016906671,0.9923969,0.00459571,c
test_2678.jpg,0.00020337953,7.481916e-05,0.00015839214,0.9995634,d
test_2679.jpg,0.9996846,9.6081334e-05,0.00012337088,9.6081334e-05,a
test_2680.jpg,0.00090806023,0.0027970227,0.99580896,0.00048604966,c
test_2681.jpg,7.481146e-05,0.99946064,0.00020335862,0.00026111762,b
test_2682.jpg,0.99871945,0.00091071427,0.00023026462,0.00013966256,a
test_2683.jpg,0.0019263389,0.00013954352,6.591569e-05,0.9978682,d
test_2684.jpg,0.000108866465,0.99961156,0.00013978731,0.00013978731,b
test_2685.jpg,0.0003798391,0.00017942327,0.0002033132,0.9992374,d
test_2686.jpg,0.055559773,0.46519628,0.01404771,0.46519628,b
test_2687.jpg,0.025516663,0.042069864,0.65808344,0.27433,c
test_2688.jpg,0.99795145,0.0009100139,0.00070871954,0.00042986014,a
test_2689.jpg,0.99960595,0.00013978653,7.482234e-05,0.00017948943,a
test_2690.jpg,0.0013240171,0.00037933726,0.00037933726,0.99791723,d
test_2691.jpg,0.6441985,0.003830544,0.007156399,0.3448146,a
test_2692.jpg,0.99813277,0.0008032304,0.0002607707,0.0008032304,a
test_2693.jpg,0.00023042763,0.00020335168,0.00013976143,0.9994265,d
test_2694.jpg,9.609557e-05,4.005859e-05,3.1197666e-05,0.99983263,d
test_2695.jpg,0.00017948452,0.0001022672,0.0001397827,0.99957854,d
test_2696.jpg,0.0011683353,0.0006253648,0.997827,0.00037930295,c
test_2697.jpg,8.47975e-05,8.47975e-05,7.483354e-05,0.99975556,d
test_2698.jpg,0.4490126,0.08841582,0.4490126,0.013559006,a
test_2699.jpg,0.9964545,0.0004863647,0.00026033222,0.0027988357,a
test_2700.jpg,0.0001397804,0.00015839194,0.0001397804,0.9995621,d
test_2701.jpg,0.99907684,0.0004876447,0.00013971255,0.00029577146,a
test_2702.jpg,0.00037982516,0.99920076,0.00015833467,0.00026104972,b
test_2703.jpg,0.00246951,0.0010294449,0.9962714,0.00022970019,c
test_2704.jpg,0.00037938228,0.9980357,0.00026074535,0.0013241742,b
test_2705.jpg,0.8119706,0.005471015,0.0013832893,0.18117514,a
test_2706.jpg,0.00017944642,0.99936634,0.00029585714,0.00015836091,b
test_2707.jpg,0.00013976343,0.9994407,0.00026111244,0.0001583727,b
test_2708.jpg,0.00012333298,0.99937755,0.00020334171,0.00029586046,b
test_2709.jpg,0.00091024314,0.00033485974,0.00055209035,0.9982028,d
test_2710.jpg,0.0005519936,0.0013241639,9.592211e-05,0.99802786,d
test_2711.jpg,6.60416e-05,0.9997743,8.479909e-05,7.483494e-05,b
test_2712.jpg,9.609362e-05,4.0057777e-05,5.143521e-05,0.9998124,d
test_2713.jpg,0.9990821,0.00037978005,0.00037978005,0.00015831587,a
test_2714.jpg,0.00070913933,0.99854255,0.0004873839,0.00026087777,b
test_2715.jpg,0.00055211736,0.00070893276,0.9982516,0.00048724192,c
test_2716.jpg,0.00020337642,0.00013977844,0.00010885955,0.999548,d
test_2717.jpg,0.9997414,7.4832475e-05,0.00010888061,7.4832475e-05,a
test_2718.jpg,0.001031108,0.00037932344,0.9978809,0.0007086695,c
test_2719.jpg,0.0004303978,0.00026104946,0.00010882161,0.9991997,d
test_2720.jpg,0.9991264,0.00020329062,0.00033516955,0.00033516955,a
test_2721.jpg,0.92967063,0.0037993516,0.059431855,0.0070981225,a
test_2722.jpg,0.0007088148,0.000295478,0.9980856,0.00091013627,c
test_2723.jpg,0.00070935796,0.00017935377,0.0002609582,0.99885035,d
test_2724.jpg,0.010568825,0.009326954,0.028729042,0.9513752,d
test_2725.jpg,0.00033515174,0.0002957704,0.99907327,0.0002957704,c
test_2726.jpg,7.482654e-05,0.99966204,0.0001233681,0.00013979437,b
test_2727.jpg,0.0073437006,0.008321502,0.40095246,0.58338237,d
test_2728.jpg,0.0002033534,0.00015837178,0.0002033534,0.9994349,d
test_2729.jpg,7.483887e-05,4.0058356e-05,5.8284568e-05,0.99982685,d
test_2730.jpg,0.0005525981,0.00020328947,0.0001233013,0.9991208,d
test_2731.jpg,0.9977556,0.0013238025,0.0002953803,0.00062532,a
test_2732.jpg,7.481758e-05,0.99954236,0.00020337525,0.00017947803,b
test_2733.jpg,0.0007086316,0.9978276,0.0002954016,0.001168336,b
test_2734.jpg,0.13222873,0.86223966,0.0031097217,0.0024218538,b
test_2735.jpg,0.5199,0.01779,0.2455834,0.21672657,a
test_2736.jpg,0.0006219956,0.99245113,0.00590133,0.0010254974,b
test_2737.jpg,0.00029583852,0.00013974421,0.00026107652,0.99930334,d
test_2738.jpg,0.00015838626,0.9995264,0.00023045066,8.477806e-05,b
test_2739.jpg,0.005854701,0.0010173945,0.98460937,0.00851854,c
test_2740.jpg,0.9993031,0.00033522883,0.00020332658,0.00015835089,a
test_2741.jpg,0.0027591176,0.0040144925,0.9823139,0.010912523,c
test_2742.jpg,0.23905966,0.004961525,0.7363556,0.019623213,c
test_2743.jpg,0.001469059,0.013938044,0.9771324,0.0074604973,c
test_2744.jpg,0.00026111244,0.9994407,0.0001583727,0.00013976343,b
test_2745.jpg,0.00754276,0.9879067,0.0005132913,0.004037349,b
test_2746.jpg,0.9994715,0.00013976773,0.00015837757,0.000230438,a
test_2747.jpg,0.00981834,0.10555709,0.0008059383,0.8838187,d
test_2748.jpg,0.9992637,0.00026106616,0.00029582676,0.000179428,a
test_2749.jpg,0.0004866371,0.00080232887,0.9970125,0.0016985304,c
test_2750.jpg,0.00033523038,0.00026107766,0.99930763,9.604511e-05,c
test_2751.jpg,0.0040564397,0.00090511405,0.0024603552,0.9925781,d
test_2752.jpg,8.4773375e-05,0.9994711,0.00010885117,0.0003352852,b
test_2753.jpg,0.9997074,0.00010887691,0.00010887691,7.4829935e-05,a
test_2754.jpg,0.022949046,0.00069300114,0.0005397098,0.9758183,d
test_2755.jpg,0.0013238997,0.00029540196,0.9978288,0.0005518835,c
test_2756.jpg,0.001287932,0.97071975,0.025868805,0.0021234408,b
test_2757.jpg,0.00023043372,0.00015837462,0.00015837462,0.9994529,d
test_2758.jpg,0.00033528707,0.00013976845,4.8302685e-05,0.99947673,d
test_2759.jpg,0.0001583018,0.99899334,0.00029574672,0.0005525276,b
test_2760.jpg,0.079810016,0.7572164,0.14910473,0.013868902,b
test_2761.jpg,0.021202262,0.07400317,0.9015431,0.0032514723,c
test_2762.jpg,0.0051925373,0.00070273347,0.9895224,0.004582398,c
test_2763.jpg,0.00017946384,9.6060074e-05,0.9994634,0.00026111834,c
test_2764.jpg,0.00043040136,0.0002033072,0.0001583358,0.9992079,d
test_2765.jpg,0.00043046338,0.00010883819,0.9993519,0.00010883819,c
test_2766.jpg,0.00029584384,0.00020333029,0.00017943834,0.99932134,d
test_2767.jpg,0.99943155,0.00033527194,0.00015837124,7.4809286e-05,a
test_2768.jpg,0.0010315647,0.00015819557,0.9983229,0.0004872767,c
test_2769.jpg,0.45699778,0.0050767874,0.51784635,0.020079082,c
test_2770.jpg,0.19797927,0.7830232,0.01434157,0.0046560257,b
test_2771.jpg,0.017886765,0.003108254,0.97658426,0.0024207106,c
test_2772.jpg,0.00029589853,5.8265872e-05,0.00013977257,0.9995061,d
test_2773.jpg,0.0045716288,0.46631882,0.52840847,0.000701082,c
test_2774.jpg,0.81568694,0.0010822375,0.18200436,0.0012263358,a
test_2775.jpg,0.94635797,0.003867549,0.047116388,0.002658125,a
test_2776.jpg,0.0058904625,0.99062353,0.0007035155,0.0027824577,b
test_2777.jpg,0.004001848,0.9792199,0.015827617,0.0009505222,b
test_2778.jpg,0.008202399,0.94806844,0.0020738912,0.04165522,b
test_2779.jpg,0.0011686619,0.000295484,0.9981059,0.00042992667,c
test_2780.jpg,0.99922407,0.00010882427,0.00017942088,0.00048771655,a
test_2781.jpg,0.98558295,0.0027682998,0.0006999358,0.010948839,a
test_2782.jpg,0.00026109995,0.999393,0.00026109995,8.476675e-05,b
test_2783.jpg,0.99476105,0.0006234433,0.0010278842,0.0035876685,a
test_2784.jpg,0.00037980406,0.99914527,0.0001397221,0.0003351759,b
test_2785.jpg,0.00015839432,8.4782376e-05,0.00017948428,0.9995772,d
test_2786.jpg,0.0006035205,0.96297246,0.003473021,0.032951105,b
test_2787.jpg,0.00033524862,0.00017944565,0.99936205,0.00012333108,c
test_2788.jpg,0.005800204,0.9754444,0.0008894901,0.017865887,b
test_2789.jpg,0.0007047169,0.006686168,0.00029376973,0.9923153,d
test_2790.jpg,0.0002958786,0.00020335417,6.201951e-05,0.9994387,d
test_2791.jpg,0.99681586,0.00033439446,0.0024708596,0.00037891857,a
test_2792.jpg,0.9996136,0.00013978759,0.00012336212,0.00012336212,a
test_2793.jpg,0.9965329,0.0011668201,0.00080194295,0.0014982267,a
test_2794.jpg,0.78236806,0.19781362,0.018399533,0.0014188195,a
test_2795.jpg,0.0024606904,0.00022887984,0.9927133,0.004597175,c
test_2796.jpg,0.012148943,0.017676607,0.96511,0.0050644325,c
test_2797.jpg,0.00015839926,7.4822514e-05,0.00015839926,0.99960834,d
test_2798.jpg,0.0021804513,0.0005513044,0.00048652446,0.9967817,d
test_2799.jpg,7.484004e-05,5.1436757e-05,3.119797e-05,0.9998424,d
test_2800.jpg,0.98068273,0.012344974,0.0024308695,0.0045414623,a
test_2801.jpg,0.99811363,0.00070883473,0.0006255444,0.00055204105,a
test_2802.jpg,0.00043022746,0.00062597723,0.9988042,0.00013967442,c
test_2803.jpg,0.66101736,0.04788394,0.27555305,0.015545639,a
test_2804.jpg,0.01175153,0.052666705,0.9335396,0.0020421096,c
test_2805.jpg,0.0004299033,0.99805164,0.00048714428,0.0010312843,b
test_2806.jpg,0.0033975265,0.053146258,0.9420399,0.0014162996,c
test_2807.jpg,0.0019244589,0.00037894843,0.99689436,0.0008022338,c
test_2808.jpg,0.0011689794,0.00029556433,0.9983772,0.00015820417,c
test_2809.jpg,0.001167944,0.0009095958,0.0004296626,0.9974929,d
test_2810.jpg,0.00043035712,0.00037978883,0.99910516,8.4742336e-05,c
test_2811.jpg,0.0019223063,0.0014970936,0.0008013365,0.9957793,d
test_2812.jpg,0.0005523968,0.00020321543,0.9987569,0.00048748852,c
test_2813.jpg,0.9992975,0.00029583677,0.00020332544,0.00020332544,a
test_2814.jpg,0.0019178533,0.9934726,0.0035830215,0.0010265529,b
test_2815.jpg,0.99962795,0.00012336389,0.00013978961,0.000108868255,a
test_2816.jpg,0.008270804,0.9559749,0.0030426586,0.032711662,b
test_2817.jpg,0.00033481914,0.9980818,0.0005520234,0.0010313155,b
test_2818.jpg,0.0016977676,0.001029748,0.9965648,0.0007077348,c
test_2819.jpg,0.00013977032,0.99949,0.00023044228,0.00013977032,b
test_2820.jpg,0.99673504,0.00033436736,0.00013094014,0.0027996239,a
test_2821.jpg,0.0008036067,0.00033499312,0.9986004,0.00026089288,c
test_2822.jpg,0.006546807,0.9716323,0.020165585,0.0016552922,b
test_2823.jpg,9.6092226e-05,6.6043154e-05,4.0057195e-05,0.9997979,d
test_2824.jpg,9.6079755e-05,0.9996681,9.6079755e-05,0.00013979523,b
test_2825.jpg,0.00022436486,0.0850312,0.0005729357,0.9141715,d
test_2826.jpg,0.592046,0.4069069,0.00050716667,0.0005398761,a
test_2827.jpg,0.0024641824,0.0014946021,0.9941221,0.0019191072,c
test_2828.jpg,0.99947995,0.00020336255,0.00015837891,0.00015837891,a
test_2829.jpg,0.9994504,0.00017946151,0.00013976477,0.00023043314,a
test_2830.jpg,6.6032364e-05,0.9996345,9.6076525e-05,0.00020339401,b
test_2831.jpg,0.79753333,0.0032593366,0.17795375,0.021253543,a
test_2832.jpg,0.0008011474,0.9955444,0.0004859205,0.0031685997,b
test_2833.jpg,0.99875283,0.0003796549,0.00015826369,0.0007092887,a
test_2834.jpg,0.9176178,0.0037500944,0.07532266,0.0033094466,a
test_2835.jpg,0.0031631233,0.0005496684,0.99382377,0.002463443,c
test_2836.jpg,0.0011670256,0.0008020843,0.9967085,0.0013224133,c
test_2837.jpg,9.5953605e-05,0.99835557,0.00037950388,0.0011689542,b
test_2838.jpg,0.0074584307,0.062448677,0.5228764,0.40721652,c
test_2839.jpg,0.00048767665,0.00023036211,0.9991423,0.0001397217,c
test_2840.jpg,0.99968934,0.00013979818,9.608179e-05,7.482858e-05,a
test_2841.jpg,0.00012335519,0.99955744,0.00013977975,0.00017948073,b
test_2842.jpg,0.00010883532,0.9993255,0.00023040434,0.00033523634,b
test_2843.jpg,0.9991283,0.0005526022,0.00017940367,0.00013971973,a
test_2844.jpg,0.0043640323,0.9423685,0.011862668,0.041404784,b
test_2845.jpg,0.014818144,0.06641032,0.9167661,0.0020054178,c
test_2846.jpg,0.00037981904,0.00013972762,0.99918467,0.0002958034,c
test_2847.jpg,0.0026799617,0.0012659242,0.9541324,0.041921653,c
test_2848.jpg,0.9834005,0.0016753407,0.0008967452,0.014027455,a
test_2849.jpg,0.00020335168,0.00013976143,0.00023042763,0.9994265,d
test_2850.jpg,0.00015838878,0.00020337522,0.99954224,9.6067655e-05,c
test_2851.jpg,0.59468323,0.0066063344,0.3606936,0.038016826,a
test_2852.jpg,0.99953735,0.00023045318,0.00010885839,0.0001233527,a
test_2853.jpg,0.0007093,0.00026093688,0.00026093688,0.99876875,d
test_2854.jpg,0.15851355,0.8049982,0.008942723,0.027545525,b
test_2855.jpg,0.00015839886,9.607377e-05,0.00013978651,0.99960583,d
test_2856.jpg,0.0035903787,0.9955124,0.00070698746,0.00019028308,b
test_2857.jpg,0.0004872555,0.99827945,0.00080334843,0.0004300014,b
test_2858.jpg,0.99939203,0.00020334467,0.00029586477,0.00010884256,a
test_2859.jpg,0.0002958922,0.00012334622,0.9994848,9.606214e-05,c
test_2860.jpg,0.00017950352,8.4791456e-05,0.99968433,5.1428622e-05,c
test_2861.jpg,0.00037988456,0.00012333045,0.00013975172,0.99935704,d
test_2862.jpg,0.0031656977,0.0014953696,0.0007063626,0.9946326,d
test_2863.jpg,0.0002957037,0.00023029424,0.00062600465,0.99884796,d
test_2864.jpg,0.0013239502,0.9978669,0.0003793181,0.00042982373,b
test_2865.jpg,0.001323463,0.00062515965,0.99749964,0.00055170147,c
test_2866.jpg,0.00012327585,0.9989146,0.00080385956,0.00015828933,b
test_2867.jpg,0.901506,0.030847838,0.057631347,0.010014827,a
test_2868.jpg,9.608792e-05,8.4797284e-05,6.604019e-05,0.99975306,d
test_2869.jpg,0.9996774,0.00017950227,8.479087e-05,5.827586e-05,a
test_2870.jpg,0.00029578057,0.99910766,0.00048765974,0.00010881159,b
test_2871.jpg,0.00017948887,0.99960274,0.000108865504,0.000108865504,b
test_2872.jpg,0.0016994625,0.00062519725,0.00011564988,0.99755967,d
test_2873.jpg,0.004559062,0.0013061931,0.009651534,0.9844832,d
test_2874.jpg,0.0006252968,0.9977186,0.0010309402,0.0006252968,b
test_2875.jpg,0.9925708,0.0059020417,0.0009051074,0.00062207057,a
test_2876.jpg,0.005906801,0.00042788725,0.00029408233,0.99337125,d
test_2877.jpg,0.99882585,0.0006259908,0.00016848315,0.00037968263,a
test_2878.jpg,0.9939585,0.0014943561,0.00048514645,0.004062081,a
test_2879.jpg,0.00033527042,0.00017945732,5.8261263e-05,0.9994271,d
test_2880.jpg,0.00010888563,5.8282276e-05,4.5390283e-05,0.9997875,d
test_2881.jpg,0.0010307895,0.0004869105,0.9975726,0.00090966845,c
test_2882.jpg,0.99868244,0.00055235566,0.00033502062,0.00043017502,a
test_2883.jpg,0.9996356,0.00013979067,8.478732e-05,0.00013979067,a
test_2884.jpg,0.0006257583,0.9984549,0.00011575366,0.00080348965,b
test_2885.jpg,0.0008826612,0.00053536106,0.24473749,0.75384456,d
test_2886.jpg,4.0050152e-05,0.9996221,0.00015840144,0.00017949234,b
test_2887.jpg,0.7637292,0.03802384,0.005145967,0.19310099,a
test_2888.jpg,4.0057505e-05,0.9998056,5.828333e-05,9.609297e-05,b
test_2889.jpg,0.034484062,0.4201019,0.53942156,0.0059924326,c
test_2890.jpg,0.007565595,0.9908975,0.0011602216,0.00037666885,b
test_2891.jpg,0.00020330722,0.99920803,0.0004304014,0.00015833582,b
test_2892.jpg,0.00017948073,0.00013977975,0.00012335519,0.99955744,d
test_2893.jpg,5.8280228e-05,0.99975234,6.604015e-05,0.00012337924,b
test_2894.jpg,0.00013934652,0.9964594,0.00022974354,0.0031715122,b
test_2895.jpg,0.00010886431,0.99959177,0.00020338531,9.6072414e-05,b
test_2896.jpg,0.0014995479,0.0009095218,0.9974118,0.00017909546,c
test_2897.jpg,0.99929416,0.00029583578,7.4799005e-05,0.00033522584,a
test_2898.jpg,0.99963653,9.607672e-05,0.00010886919,0.00015840372,a
test_2899.jpg,0.0003765846,0.9906758,0.008571025,0.0003765846,b
test_2900.jpg,6.6034765e-05,0.99967086,0.00013979561,0.00012336919,b
test_2901.jpg,0.0005525863,0.9990995,0.0001685293,0.0001793985,b
test_2902.jpg,8.478535e-05,0.00012336197,0.0001794906,0.9996124,d
test_2903.jpg,0.00037977294,0.99906343,0.00029576747,0.00026101383,b
test_2904.jpg,0.31369382,0.5171937,0.1679082,0.0012043228,b
test_2905.jpg,5.8277725e-05,0.9997094,0.00010887713,0.00012337395,b
test_2906.jpg,0.0010313825,0.00033484085,0.99814653,0.0004871906,c
test_2907.jpg,0.27486354,0.6593634,0.0044427556,0.061330345,b
test_2908.jpg,0.00043043293,0.00010883049,0.00017943114,0.9992812,d
test_2909.jpg,0.00015832245,0.00023035781,0.0004876675,0.99912363,d
test_2910.jpg,0.00023041423,6.601478e-05,0.00033525072,0.99936837,d
test_2911.jpg,0.5550307,0.008971236,0.43225834,0.0037397675,a
test_2912.jpg,0.00012337012,0.9996785,7.482777e-05,0.00012337012,b
test_2913.jpg,0.005493747,0.7195389,0.2647036,0.010263671,b
test_2914.jpg,0.00012337638,5.1430925e-05,9.608562e-05,0.9997291,d
test_2915.jpg,0.0001794142,0.00043039233,0.99918693,0.00020330295,c
test_2916.jpg,0.00023031556,0.00062606257,0.00020325277,0.9989404,d
test_2917.jpg,0.0019181828,0.004060793,0.9936433,0.0003777126,c
test_2918.jpg,9.607555e-05,0.9996244,0.0001397891,0.0001397891,b
test_2919.jpg,0.005169612,0.9851537,0.008523249,0.0011534963,b
test_2920.jpg,0.99955744,0.00017948073,0.00012335519,0.00013977975,a
test_2921.jpg,0.0023013947,0.1613402,0.017005133,0.8193532,d
test_2922.jpg,0.0002958634,0.00015836424,0.9993874,0.00015836424,c
test_2923.jpg,0.9993291,0.00026108325,0.00017943972,0.00023040517,a
test_2924.jpg,0.00010887425,0.00012337069,8.479135e-05,0.999683,d
test_2925.jpg,0.00048676803,0.0009094023,0.9972807,0.0013231726,c
test_2926.jpg,0.0045928876,0.0024583954,0.9917875,0.0011612637,c
test_2927.jpg,0.001031518,0.00043000065,0.99827766,0.00026080856,c
test_2928.jpg,0.005500749,0.059138626,0.010276753,0.9250838,d
test_2929.jpg,9.605066e-05,0.9993654,0.00033524973,0.00020333925,b
test_2930.jpg,0.99627185,0.0024695112,0.00055102236,0.00070752675,a
test_2931.jpg,0.00037978461,0.9990941,0.00029577655,0.000230351,b
test_2932.jpg,5.825186e-05,0.99926573,0.00012331919,0.00055267825,b
test_2933.jpg,0.999074,0.0001583146,0.00070951675,5.8240683e-05,a
test_2934.jpg,6.60277e-05,0.9995639,0.00010886128,0.0002611446,b
test_2935.jpg,5.826895e-05,0.99955887,0.000179481,0.00020337861,b
test_2936.jpg,0.00091021205,0.000625579,0.9981687,0.0002955026,c
test_2937.jpg,0.079931304,0.8593425,0.0057902043,0.05493593,b
test_2938.jpg,0.0010289989,0.0027971093,0.99583983,0.00033406704,c
test_2939.jpg,0.0024408742,0.01093924,0.9847189,0.0019009548,c
test_2940.jpg,0.0014318662,0.9523939,0.032589126,0.013585168,b
test_2941.jpg,0.00029576162,0.0004303306,0.00023033937,0.99904364,d
test_2942.jpg,0.6208586,0.001445714,0.0011259232,0.37656978,a
test_2943.jpg,0.002772057,0.9869206,0.002772057,0.0075352313,b
test_2944.jpg,0.9991493,0.00055261387,0.00013972267,0.00015832653,a
test_2945.jpg,0.9977563,0.0006253205,0.000909836,0.00070858095,a
test_2946.jpg,0.007988481,0.11027757,0.06688673,0.8148472,d
test_2947.jpg,0.00048746043,0.000552365,0.9986993,0.00026091872,c
test_2948.jpg,0.0027942015,0.0007064847,0.99480456,0.0016947689,c
test_2949.jpg,4.5377048e-05,0.999496,0.0001233476,0.00033529356,b
test_2950.jpg,0.001499882,0.0004869404,0.99763393,0.00037922958,c
test_2951.jpg,0.0045777694,0.0058779716,0.9885229,0.0010214383,c
test_2952.jpg,0.004607639,0.0002294008,0.00019017994,0.9949728,d
test_2953.jpg,0.9992435,0.00023038544,0.00023038544,0.0002958208,a
test_2954.jpg,0.0058605676,0.006640893,0.98559594,0.0019026478,c
test_2955.jpg,0.996557,0.0024702179,0.00048641476,0.00048641476,a
test_2956.jpg,0.00026104486,0.00026104486,0.99918205,0.0002958026,c
test_2957.jpg,0.9975089,0.0010307236,0.0010307236,0.0004296695,a
test_2958.jpg,0.99700004,0.001167367,0.0010301978,0.00080231886,a
test_2959.jpg,0.9497646,0.047285996,0.00059524283,0.0023542312,a
test_2960.jpg,0.9897362,0.0007964734,0.0019106404,0.0075567286,a
test_2961.jpg,0.009937949,0.0009839901,0.789469,0.19960903,c
test_2962.jpg,9.607102e-05,0.9995772,0.00012335763,0.00020338235,b
test_2963.jpg,0.0003799067,9.605545e-05,0.00010884509,0.9994153,d
test_2964.jpg,0.00017942642,0.999255,0.0003352127,0.0002303881,b
test_2965.jpg,0.46057752,0.40645823,0.070631854,0.062332388,a
test_2966.jpg,0.0007094308,0.00017937217,0.0001582954,0.99895287,d
test_2967.jpg,0.00023020298,0.99845207,0.0001486302,0.0011690671,b
test_2968.jpg,0.012335695,0.97994566,0.0058269696,0.0018917401,b
test_2969.jpg,0.9750143,0.02293014,0.00039453484,0.0016610539,a
test_2970.jpg,0.00017946934,0.0002304432,9.606302e-05,0.99949396,d
test_2971.jpg,0.9987866,0.0004302199,0.00029568552,0.000487503,a
test_2972.jpg,8.477322e-05,6.602145e-05,0.00037992725,0.99946934,d
test_2973.jpg,0.0001397891,0.9996244,9.607555e-05,0.0001397891,b
test_2974.jpg,0.00010888632,3.1196454e-05,6.6042885e-05,0.9997938,d
test_2975.jpg,0.9986136,0.00037960196,0.00020318628,0.00080361735,a
test_2976.jpg,0.00020318161,0.99859065,0.0009105968,0.0002956275,b
test_2977.jpg,0.0005525469,0.9990282,0.00026100464,0.00015830733,b
test_2978.jpg,0.05199663,0.7177913,0.20565066,0.024561467,b
test_2979.jpg,0.0021563247,0.0045649395,0.9857524,0.007526312,c
test_2980.jpg,0.99960726,0.00012336133,6.603056e-05,0.00020338845,a
test_2981.jpg,0.00029555592,0.99834883,0.00080340425,0.00055217114,b
test_2982.jpg,0.26574528,0.001580179,0.72237045,0.010304061,c
test_2983.jpg,7.4833144e-05,5.1432016e-05,0.000123379,0.9997503,d
test_2984.jpg,0.006326206,0.73121,0.052968677,0.20949519,b
test_2985.jpg,0.99907684,0.0004876447,0.00029577146,0.00013971255,a
test_2986.jpg,0.6740103,0.31837994,0.0058313315,0.0017784557,a
test_2987.jpg,0.0051170657,0.0018824633,0.017860316,0.97514015,d
test_2988.jpg,0.00055228814,0.00055228814,0.99856037,0.00033497968,c
test_2989.jpg,0.00012324571,0.99867046,0.00091066957,0.00029565115,b
test_2990.jpg,0.000108866625,0.00020338962,7.482286e-05,0.999613,d
test_2991.jpg,0.00029574227,0.00043030243,0.00029574227,0.99897826,d
test_2992.jpg,0.64779997,0.34674236,0.0038519592,0.0016057356,a
test_2993.jpg,0.9890022,0.009695837,0.0009018533,0.00040019496,a
test_2994.jpg,0.00026111503,8.4771644e-05,0.99945074,0.00020335661,c
test_2995.jpg,0.004593863,0.00062171166,0.99199814,0.0027863188,c
test_2996.jpg,0.99936205,0.00033524862,0.00017944565,0.00012333108,a
test_2997.jpg,0.00091040035,0.9983752,0.00033491757,0.00037951133,b
test_2998.jpg,5.1434003e-05,0.99978894,7.483604e-05,8.4800326e-05,b
test_2999.jpg,0.00048610152,0.00042898307,0.99591523,0.0031697801,c
test_3000.jpg,0.010963178,0.0019051146,0.0002578292,0.9868738,d
test_3001.jpg,0.99915993,0.0004303807,0.00017940936,0.00023036617,a
test_3002.jpg,0.7397543,0.18703918,0.0043987394,0.06880786,a
test_3003.jpg,0.0027834936,0.00102399,0.9909923,0.00520025,c
test_3004.jpg,0.00012337191,0.00010887533,7.482885e-05,0.9996929,d
test_3005.jpg,0.0011673836,0.00090915937,0.9970143,0.00090915937,c
test_3006.jpg,5.8269074e-05,0.999561,8.4781e-05,0.0002959148,b
test_3007.jpg,0.99941933,0.00033526783,0.00017945594,6.601815e-05,a
test_3008.jpg,7.4837444e-05,6.604381e-05,5.143497e-05,0.9998078,d
test_3009.jpg,0.00023037835,0.00029581168,0.00026105286,0.99921274,d
test_3010.jpg,0.0008028134,0.0010308328,0.000551765,0.9976146,d
test_3011.jpg,8.4785745e-05,0.999617,0.00013978808,0.00015840062,b
test_3012.jpg,0.0040437137,0.98946404,0.004582128,0.001910115,b
test_3013.jpg,0.0002611205,0.00010885123,0.00015837759,0.9994716,d
test_3014.jpg,0.00042950577,0.00026050842,0.0021812103,0.9971288,d
test_3015.jpg,0.002877683,0.07421642,0.90414107,0.018764848,c
test_3016.jpg,0.00020337975,0.00012335606,0.00010886134,0.99956447,d
test_3017.jpg,0.12077746,0.05705123,0.7875679,0.03460332,c
test_3018.jpg,0.00013979535,5.1427833e-05,0.00013979535,0.99966896,d
test_3019.jpg,0.0031257374,0.01236253,0.9820774,0.0024343268,c
test_3020.jpg,0.00015841285,9.608225e-05,5.1429124e-05,0.9996941,d
test_3021.jpg,2.7533024e-05,0.99987555,4.539428e-05,5.143846e-05,b
test_3022.jpg,0.002008289,0.81020164,0.0070096175,0.18078043,b
test_3023.jpg,0.9993291,0.00026108325,0.00023040517,0.00017943972,a
test_3024.jpg,0.00037908976,0.0019251766,0.00042956497,0.9972662,d
test_3025.jpg,0.086606905,0.5647479,0.046357334,0.30228782,b
test_3026.jpg,0.00029583587,0.00017943351,0.00023039719,0.9992944,d
test_3027.jpg,0.0002033175,0.00015834381,0.0003798471,0.99925846,d
test_3028.jpg,6.6028246e-05,0.9995722,0.00020338134,0.00015839354,b
test_3029.jpg,5.8281817e-05,0.99977964,6.604195e-05,9.609047e-05,b
test_3030.jpg,0.0004876979,9.603341e-05,0.00023037216,0.99918586,d
test_3031.jpg,0.9983736,0.00048730147,0.00070901937,0.000430042,a
test_3032.jpg,0.00029581168,0.00026105286,0.00023037835,0.99921274,d
test_3033.jpg,0.00057481055,0.40698865,0.592165,0.0002715213,c
test_3034.jpg,0.00017946705,0.00023044026,0.99948126,0.00010885228,c
test_3035.jpg,0.9993155,0.00023040205,0.00015835285,0.0002958421,a
test_3036.jpg,0.0001583994,0.9996093,0.00012336158,0.00010886622,b
test_3037.jpg,9.607555e-05,0.9996244,0.0001397891,0.0001397891,b
test_3038.jpg,0.00062612386,7.477984e-05,0.9990382,0.00026100726,c
test_3039.jpg,0.010971403,0.0011563773,0.00025802263,0.98761415,d
test_3040.jpg,0.00048763564,0.00015831209,0.9990583,0.00029576596,c
test_3041.jpg,0.00017946934,0.99949396,9.606302e-05,0.0002304432,b
test_3042.jpg,0.00020331994,0.00029582877,0.00023039167,0.9992705,d
test_3043.jpg,0.00020337323,0.99953246,8.477858e-05,0.00017947625,b
test_3044.jpg,0.0125561785,0.016122451,0.6855441,0.28577727,c
test_3045.jpg,0.00017944459,0.9993561,0.00020333736,0.00026109032,b
test_3046.jpg,0.9985905,0.00091059675,0.0002031816,0.00029562748,a
test_3047.jpg,0.00023042438,0.00026110501,0.9994124,9.605518e-05,c
test_3048.jpg,0.0011663701,0.00021575678,0.9961487,0.0024692058,c
test_3049.jpg,0.9994106,0.00017945436,0.00023042398,0.00017945436,a
test_3050.jpg,0.00020335661,0.00026111503,0.99945074,8.4771644e-05,c
test_3051.jpg,0.9888101,0.0058796797,0.0021630134,0.003147166,a
test_3052.jpg,0.00017946932,0.00020336539,0.00012334734,0.99949384,d
test_3053.jpg,0.006360594,0.041476287,0.008167164,0.9439959,d
test_3054.jpg,0.99843746,0.0008034756,0.00037953502,0.00037953502,a
test_3055.jpg,0.9981086,0.00080321095,0.0007088312,0.00037941002,a
test_3056.jpg,0.012381084,0.9835513,0.0027625936,0.0013049566,b
test_3057.jpg,0.00037908755,0.002181498,0.99726033,0.00017906827,c
test_3058.jpg,0.99968195,0.00015841091,8.479125e-05,7.482803e-05,a
test_3059.jpg,0.0011684211,0.00037933086,0.99790037,0.0005519231,c
test_3060.jpg,0.0013099682,0.9873285,0.009679429,0.0016820326,b
test_3061.jpg,0.001324154,0.00016834728,0.00048712906,0.9980204,d
test_3062.jpg,0.99684143,0.0016982389,0.0005513374,0.00090900174,a
test_3063.jpg,0.5827321,0.013704546,0.0030578973,0.40050554,a
test_3064.jpg,0.91442096,0.0850544,0.000326538,0.00019805529,a
test_3065.jpg,7.483269e-05,0.99974424,9.6087075e-05,8.479654e-05,b
test_3066.jpg,0.0007069819,0.0024676095,0.0013208161,0.9955047,d
test_3067.jpg,0.98494524,0.0016779724,0.005856698,0.007520149,a
test_3068.jpg,0.99471104,0.0031659473,0.00042846435,0.0016946095,a
test_3069.jpg,0.0009102139,0.00080326095,0.000115720715,0.99817073,d
test_3070.jpg,5.8271573e-05,0.9996039,0.00015839856,0.00017948907,b
test_3071.jpg,0.0040652864,0.00048552925,0.0007064408,0.99474275,d
test_3072.jpg,0.9984875,0.00062577875,0.0002608634,0.00062577875,a
test_3073.jpg,0.99630487,0.0010294794,0.002179408,0.0004862917,a
test_3074.jpg,0.0050523244,0.9628026,0.0064873127,0.02565782,b
test_3075.jpg,0.004426359,0.9558274,0.03706145,0.0026847227,b
test_3076.jpg,0.0034105252,0.0038646313,0.9456441,0.047080845,c
test_3077.jpg,0.0056485822,0.0026682017,0.041737694,0.9499455,d
test_3078.jpg,7.4820346e-05,0.99957925,0.0002611486,8.478254e-05,b
test_3079.jpg,0.00070895755,0.0002955375,0.99828655,0.00070895755,c
test_3080.jpg,6.603861e-05,0.999729,0.000108879256,9.6085605e-05,b
test_3081.jpg,0.998609,0.0006258549,0.000334996,0.00043014338,a
test_3082.jpg,0.052873697,0.0018092383,0.93720865,0.008108444,c
test_3083.jpg,0.0007087953,0.99805814,0.0008031704,0.0004299061,b
test_3084.jpg,4.005729e-05,0.99980026,8.4801286e-05,7.4836884e-05,b
test_3085.jpg,8.477858e-05,0.99953246,0.00020337323,0.00017947625,b
test_3086.jpg,0.00054968696,0.0052152844,0.00037779397,0.9938573,d
test_3087.jpg,0.0014963156,0.0013204939,0.9952618,0.0019213073,c
test_3088.jpg,0.0014983697,0.00055121945,0.9966281,0.0013223067,c
test_3089.jpg,0.99119663,0.0052013225,0.0016886223,0.0019134596,a
test_3090.jpg,0.0011690374,0.00029557897,0.000108737426,0.9984267,d
test_3091.jpg,0.0011684211,0.0005519231,0.99790037,0.00037933086,c
test_3092.jpg,0.00055251614,0.00013969796,0.00033511798,0.99897265,d
test_3093.jpg,0.0001794446,0.00020333737,0.9993562,0.00026109035,c
test_3094.jpg,0.0011683742,0.0008030111,0.00016832027,0.99786025,d
test_3095.jpg,0.9867389,0.0006184156,0.0016810282,0.01096168,a
test_3096.jpg,5.8275684e-05,0.99967444,0.00010887332,0.00015840973,b
test_3097.jpg,0.999798,0.00012338487,3.3208587e-05,4.539076e-05,a
test_3098.jpg,9.6020114e-05,0.9990476,0.00023034027,0.00062612974,b
test_3099.jpg,0.00043025948,0.00043025948,0.99887854,0.00026096555,c
test_3100.jpg,0.00043041646,0.00020331434,0.999243,0.00012331638,c
test_3101.jpg,0.00037987297,9.022774e-05,0.00020333135,0.9993266,d
test_3102.jpg,0.0011987482,0.37663552,0.0011987482,0.620967,d
test_3103.jpg,0.00033527656,0.00012334136,9.605835e-05,0.9994454,d
test_3104.jpg,0.9990133,0.00029575266,0.00020326761,0.0004876137,a
test_3105.jpg,0.96385396,0.0007756451,0.002389155,0.03298127,a
test_3106.jpg,0.9992879,0.0004304358,0.00015834847,0.00012332192,a
test_3107.jpg,0.0055392417,0.9315573,0.05255487,0.010348667,b
test_3108.jpg,0.0016982405,0.0004293824,0.9968424,0.0010300349,c
test_3109.jpg,0.9411064,0.0023327696,0.04134933,0.015211567,a
test_3110.jpg,0.0008036676,0.00043017225,9.016901e-05,0.998676,d
test_3111.jpg,0.99952245,0.00013977486,0.00017947445,0.00015838565,a
test_3112.jpg,0.004169884,0.0022319783,0.7012667,0.29233146,c
test_3113.jpg,0.9981085,0.0008032109,0.00037940996,0.0007088311,a
test_3114.jpg,0.008674667,0.056565933,0.8848401,0.049919266,c
test_3115.jpg,0.00020339449,8.478743e-05,7.482466e-05,0.9996369,d
test_3116.jpg,9.606055e-05,0.99946827,0.00029588732,0.00013976727,b
test_3117.jpg,0.31666481,0.0045169806,0.008438831,0.6703794,d
test_3118.jpg,0.9982767,0.0005521312,0.0002608083,0.00091031054,a
test_3119.jpg,0.00010884338,0.99939954,0.00023042141,0.00026110167,b
test_3120.jpg,0.99619883,0.00246933,0.0006243444,0.0007074749,a
test_3121.jpg,0.998993,0.00037974617,0.00048760374,0.00013970082,a
test_3122.jpg,0.99864835,0.0006258795,0.00043016032,0.0002956446,a
test_3123.jpg,0.00032540344,0.970014,0.0003687304,0.029291883,b
test_3124.jpg,0.0008031391,0.0005519889,0.99801934,0.0006254853,c
test_3125.jpg,0.34468204,0.002181739,0.6439508,0.009185464,c
test_3126.jpg,0.00033527482,8.477075e-05,0.99944013,0.00013976335,c
test_3127.jpg,0.014019109,0.0021499002,0.0010155409,0.98281544,d
test_3128.jpg,5.143225e-05,0.99975485,0.00010888207,8.479744e-05,b
test_3129.jpg,0.0011668202,0.00080194307,0.99653304,0.0014982268,c
test_3130.jpg,0.9995084,0.00020336834,0.00017947193,0.00010885523,a
test_3131.jpg,0.00048749207,0.00048749207,0.00026093566,0.99876416,d
test_3132.jpg,0.001321493,0.0014974476,0.99601483,0.0011662134,c
test_3133.jpg,0.00020337093,0.99952114,0.00017947421,9.6065625e-05,b
test_3134.jpg,0.0009099618,0.0004870675,0.00070867897,0.99789435,d
test_3135.jpg,0.00029568127,0.9987722,0.00037966226,0.0005524053,b
test_3136.jpg,0.00042621844,0.00037613648,0.009700688,0.98949695,d
test_3137.jpg,6.604144e-05,0.9997719,9.608973e-05,6.604144e-05,b
test_3138.jpg,0.0004291674,0.0027985233,0.9963432,0.0004291674,c
test_3139.jpg,0.0010319914,0.99873596,0.0001232538,0.000108771106,b
test_3140.jpg,0.00010883051,0.99928135,0.00017943115,0.00043043296,b
test_3141.jpg,0.89227414,0.10656695,0.0006336702,0.00052533107,a
test_3142.jpg,0.0030019847,0.05321145,0.94319546,0.00059112575,c
test_3143.jpg,0.99783367,0.0015001822,0.00017917121,0.0004870379,a
test_3144.jpg,0.003591042,0.00033401893,0.00037849304,0.9956964,d
test_3145.jpg,5.8271573e-05,0.9996039,0.00017948907,0.00015839856,b
test_3146.jpg,0.00012337553,0.000108878536,4.5387325e-05,0.9997223,d
test_3147.jpg,0.00042910466,0.0031706786,0.00020269469,0.9961976,d
test_3148.jpg,8.478334e-05,0.99958867,9.6072115e-05,0.00023046503,b
test_3149.jpg,0.00015837888,0.99947983,0.00015837888,0.00020336252,b
test_3150.jpg,0.000909836,0.00070858095,0.9977563,0.0006253205,c
test_3151.jpg,0.0002957696,0.9990706,0.0004303422,0.00020327925,b
test_3152.jpg,0.00020311933,0.9982845,0.0007089561,0.0008033525,b
test_3153.jpg,0.0003352212,0.00012332099,0.9992804,0.00026107053,c
test_3154.jpg,0.00010887844,8.479461e-05,8.479461e-05,0.99972147,d
test_3155.jpg,0.88685244,0.10591943,0.0012525464,0.005975565,a
test_3156.jpg,4.005863e-05,0.9998336,7.483938e-05,5.1436302e-05,b
test_3157.jpg,0.0003351759,0.00037980406,0.99914527,0.0001397221,c
test_3158.jpg,0.001917665,0.8766504,0.002790186,0.11864173,b
test_3159.jpg,0.9993481,0.00033524394,0.00015835802,0.00015835802,a
test_3160.jpg,0.004515181,0.006569549,0.97500753,0.013907735,c
test_3161.jpg,0.08279419,0.89012146,0.0126969,0.014387473,b
test_3162.jpg,0.000123331,0.99936146,8.476407e-05,0.00043046748,b
test_3163.jpg,0.01909461,0.29868996,0.29868996,0.38352552,d
test_3164.jpg,0.0075715277,0.0003769642,0.9916745,0.0003769642,c
test_3165.jpg,0.9912881,0.00090393773,0.005894414,0.0019136362,a
test_3166.jpg,0.00048698124,0.0015000077,0.00029536904,0.9977176,d
test_3167.jpg,0.00020329934,0.00048768977,0.99916923,0.00013972545,c
test_3168.jpg,0.0006260432,0.00037971442,8.472573e-05,0.9989095,d
test_3169.jpg,0.99892896,0.00043028122,0.00037972184,0.00026097873,a
test_3170.jpg,0.00013979162,0.9996424,0.00010886983,0.00010886983,b
test_3171.jpg,0.00029585673,0.00010883961,0.00023041343,0.9993649,d
test_3172.jpg,0.99832445,0.0009103541,0.00062567653,0.00013960732,a
test_3173.jpg,0.9967495,0.0027996644,0.00019051954,0.00026040932,a
test_3174.jpg,0.99814665,0.00048719067,0.00033484088,0.0010313826,a
test_3175.jpg,0.7913537,0.20008555,0.0060420595,0.0025187056,a
test_3176.jpg,0.99873406,0.00070927537,0.0002609278,0.00029566998,a
test_3177.jpg,0.00045842116,0.9392043,0.00029597894,0.060041316,b
test_3178.jpg,0.0075629195,0.0014892272,0.00040082008,0.990547,d
test_3179.jpg,0.00023011402,0.00020307492,0.0015005319,0.99806625,d
test_3180.jpg,0.9971445,0.00042951255,0.0002447289,0.0021812448,a
test_3181.jpg,0.9516264,0.00388908,0.002672923,0.04181155,a
test_3182.jpg,0.9933327,0.0024622257,0.0035825172,0.00062254805,a
test_3183.jpg,0.64944386,0.0026541287,0.0002797431,0.34762228,a
test_3184.jpg,0.99954104,0.00013977745,0.00013977745,0.00017947778,a
test_3185.jpg,0.00043031873,0.99901605,0.00043031873,0.00012328838,b
test_3186.jpg,0.0019242517,0.00048652705,0.9967871,0.00080214744,c
test_3187.jpg,0.9991067,0.0006261668,0.00015831977,0.00010881149,a
test_3188.jpg,0.9980568,0.0007087944,0.00020307301,0.0010312898,a
test_3189.jpg,0.0023366152,0.0030002734,0.34678444,0.64787865,d
test_3190.jpg,0.00023046818,5.8271482e-05,0.00010886547,0.9996024,d
test_3191.jpg,0.00048748672,0.9987532,0.00037965502,0.00037965502,b
test_3192.jpg,0.9995772,0.00015839432,8.4782376e-05,0.00017948428,a
test_3193.jpg,0.68954,0.28744304,0.002194655,0.020822305,a
test_3194.jpg,0.001806971,0.0023201967,0.05983866,0.93603414,d
test_3195.jpg,0.0005508417,0.0031698751,0.99594516,0.00033410237,c
test_3196.jpg,0.025414672,0.017467232,0.0034395019,0.95367855,d
test_3197.jpg,0.00026097783,0.9989255,0.00055249006,0.00026097783,b
test_3198.jpg,0.9938061,0.0011636273,0.0046022357,0.00042807456,a
test_3199.jpg,0.0010307571,0.0008027544,0.9975413,0.0006251857,c
test_3200.jpg,0.0013222079,0.0013222079,0.99655366,0.00080195966,c
test_3201.jpg,0.00012336414,0.00012336414,0.00012336414,0.99963,d
test_3202.jpg,0.00017949729,9.607798e-05,0.99964964,7.482561e-05,c
test_3203.jpg,0.00062604976,0.000295725,0.99891996,0.00015829018,c
test_3204.jpg,7.483895e-05,3.1197516e-05,6.604513e-05,0.99982786,d
test_3205.jpg,0.99941075,0.000230424,0.0001794544,0.0001794544,a
test_3206.jpg,0.00012335603,0.00020337974,0.00010886133,0.99956435,d
test_3207.jpg,0.998459,0.00029558854,0.00033494568,0.0009104767,a
test_3208.jpg,0.00022921707,0.9941759,0.0052169566,0.00037791507,b
test_3209.jpg,0.00048755956,0.00023030682,0.99890244,0.00037971177,c
test_3210.jpg,0.00070938334,0.00010878747,0.99888617,0.000295715,c
test_3211.jpg,0.0006261127,0.0001232889,0.00023033399,0.99902034,d
test_3212.jpg,0.3841847,0.051993743,0.5589854,0.0048361714,c
test_3213.jpg,0.9993381,0.0003352406,0.0002033337,0.00012332812,a
test_3214.jpg,0.00055265456,0.00013973296,8.475232e-05,0.9992229,d
test_3215.jpg,0.9983407,0.00080339774,0.0002301773,0.0006256868,a
test_3216.jpg,0.0024705937,0.00048648872,0.9967085,0.00033435845,c
test_3217.jpg,0.0018948237,0.015865164,0.0006970667,0.981543,d
test_3218.jpg,0.00033526742,0.00012333799,0.00012333799,0.99941814,d
test_3219.jpg,0.023982545,0.13801001,0.5458402,0.29216722,c
test_3220.jpg,0.94528663,0.0009767625,0.053329427,0.00040717516,a
test_3221.jpg,9.608476e-05,0.99972016,0.000108878296,7.483089e-05,b
test_3222.jpg,0.9989894,0.00033512362,0.00029574556,0.00037974483,a
test_3223.jpg,0.0003797053,0.0006260281,0.99888545,0.00010878739,c
test_3224.jpg,0.99865025,0.00037961587,0.0002609059,0.0007092158,a
test_3225.jpg,7.482858e-05,0.99968934,9.608179e-05,0.00013979818,b
test_3226.jpg,0.0031674418,0.0010283177,0.9951806,0.0006237062,c
test_3227.jpg,0.43988222,0.05253644,0.49845186,0.009129465,c
test_3228.jpg,4.538106e-05,0.9995844,0.00013978351,0.00023046404,b
test_3229.jpg,0.00091039017,0.00043003785,0.99836403,0.00029556043,c
test_3230.jpg,0.008561519,0.98957705,0.0011586755,0.0007027723,b
test_3231.jpg,0.0040125106,0.3187532,0.0024337107,0.6748005,d
test_3232.jpg,0.0952231,0.0010578331,0.9034516,0.0002674621,c
test_3233.jpg,0.00042952492,0.9971732,0.00021597868,0.0021813076,b
test_3234.jpg,0.99952245,0.00029590336,5.8266825e-05,0.00012335087,a
test_3235.jpg,0.9985594,0.0005522876,8.469605e-05,0.00080357376,a
test_3236.jpg,0.00055259553,0.00026102763,7.025464e-05,0.9991161,d
test_3237.jpg,0.9992435,0.00023038544,0.00023038544,0.0002958208,a
test_3238.jpg,0.99343675,0.0007994514,0.0046005254,0.0011631949,a
test_3239.jpg,0.0005498891,0.0011641153,0.0040631616,0.9942228,d
test_3240.jpg,0.0010239803,0.0075662476,0.0004268585,0.99098295,d
test_3241.jpg,0.00055245636,0.00020323733,0.99886453,0.00037969733,c
test_3242.jpg,0.037175998,0.95878166,0.0009907068,0.003051592,b
test_3243.jpg,0.9997843,7.483569e-05,6.604226e-05,7.483569e-05,a
test_3244.jpg,0.00015839194,0.9995621,0.0001397804,0.0001397804,b
test_3245.jpg,0.99118984,0.007567827,0.0006212051,0.0006212051,a
test_3246.jpg,0.0020643931,0.16399504,0.83283556,0.0011049899,c
test_3247.jpg,0.00013973386,0.9992293,0.0002958166,0.0003352041,b
test_3248.jpg,0.02552636,0.00112155,0.9578696,0.01548252,c
test_3249.jpg,0.001168662,0.00029548403,0.00042992673,0.998106,d
test_3250.jpg,0.00029589218,9.6062126e-05,0.00012334621,0.99948466,d
test_3251.jpg,0.005883351,0.0019100445,0.0027790985,0.9894275,d
test_3252.jpg,0.9997503,0.000108881584,6.604001e-05,7.4833144e-05,a
test_3253.jpg,0.0008034708,0.00033493646,0.9984315,0.00043006692,c
test_3254.jpg,0.00026097876,0.00043028124,0.0003797219,0.9989291,d
test_3255.jpg,0.00033487467,0.0007089297,0.0007089297,0.9982474,d
test_3256.jpg,0.0006254854,0.00055198895,0.99801946,0.00080313924,c
test_3257.jpg,0.93191713,0.059575465,0.0055413814,0.002966088,a
test_3258.jpg,0.9995534,0.00015839055,8.478035e-05,0.00020337751,a
test_3259.jpg,0.9262527,0.0246838,0.046115406,0.0029480595,a
test_3260.jpg,6.602983e-05,0.9995962,0.00017948769,0.00015839732,b
test_3261.jpg,0.99921274,0.00026105286,0.00023037835,0.00029581168,a
test_3262.jpg,0.98912317,0.0031481623,0.0031481623,0.0045805494,a
test_3263.jpg,0.31068772,0.0026879753,0.028898457,0.6577259,d
test_3264.jpg,0.0005525389,0.00020326771,0.00023033249,0.9990138,d
test_3265.jpg,0.13612331,0.007679553,0.7833356,0.07286156,c
test_3266.jpg,0.00055248785,0.00029572545,0.9989215,0.0002303112,c
test_3267.jpg,0.14305562,0.0055468683,0.8232283,0.02816932,c
test_3268.jpg,0.9994684,0.00029588735,9.6060554e-05,0.00013976729,a
test_3269.jpg,8.4800326e-05,5.1434003e-05,7.483604e-05,0.99978894,d
test_3270.jpg,0.00015832673,0.99915063,0.00048768072,0.00020329555,b
test_3271.jpg,0.99975044,5.8280115e-05,5.1432024e-05,0.00013980674,a
test_3272.jpg,0.0010291804,0.00015782991,0.99601537,0.0027976024,c
test_3273.jpg,0.9990922,0.00062615774,0.0001793972,0.00010221744,a
test_3274.jpg,0.00029556043,0.99836403,0.00043003785,0.00091039017,b
test_3275.jpg,0.18192832,0.8153461,0.0015739884,0.0011515545,b
test_3276.jpg,0.24613409,0.24613409,0.31604242,0.19168943,c
test_3277.jpg,0.33490178,0.2608218,0.10872669,0.29554978,a
test_3278.jpg,0.00048760374,0.00013970082,0.998993,0.00037974617,c
test_3279.jpg,0.99448663,0.0004283677,0.003165233,0.0019198108,a
test_3280.jpg,0.000910441,0.00033493253,0.99841976,0.00033493253,c
test_3281.jpg,0.9955444,0.0031685997,0.0004859205,0.0008011474,a
test_3282.jpg,0.9991505,0.00029579326,0.00043037665,0.00012330497,a
test_3283.jpg,0.00026111762,7.481146e-05,0.99946064,0.00020335862,c
test_3284.jpg,0.00037936136,0.00013955924,0.0015004032,0.99798065,d
test_3285.jpg,0.00048702626,0.00020302273,0.9978098,0.0015001463,c
test_3286.jpg,3.5352186e-05,0.9998497,7.484059e-05,4.0059273e-05,b
test_3287.jpg,0.00012336929,0.9996717,9.60801e-05,0.00010887302,b
test_3288.jpg,0.0013238484,0.00026068118,0.00062534166,0.9977901,d
test_3289.jpg,0.9993197,0.00012332584,0.0002610808,0.00029584335,a
test_3290.jpg,0.00055122824,0.0003343368,0.996644,0.0024704335,c
test_3291.jpg,0.8089639,0.040275943,0.14057684,0.010183353,a
test_3292.jpg,0.037211508,0.0009916531,0.0020993296,0.9596975,d
test_3293.jpg,0.99917006,0.0003798135,7.025843e-05,0.0003798135,a
test_3294.jpg,0.0002031512,0.0008034786,0.0005522222,0.99844116,d
test_3295.jpg,0.00029588412,0.00012334285,0.00012334285,0.9994574,d
test_3296.jpg,0.00029586474,0.00020334465,0.00010884255,0.9993919,d
test_3297.jpg,0.0013151161,0.0066787107,0.0007976583,0.99120855,d
test_3298.jpg,0.0006245182,0.00042922472,0.99647623,0.0024700176,c
test_3299.jpg,0.99696404,0.00062482397,0.00048661345,0.0019245934,a
test_3300.jpg,0.00029581168,0.00023037835,0.00026105286,0.99921274,d
test_3301.jpg,7.48327e-05,0.99974436,8.479655e-05,9.608708e-05,b
test_3302.jpg,6.604825e-05,1.892314e-05,4.0060284e-05,0.99987495,d
test_3303.jpg,0.99903727,0.00029575973,0.00017938732,0.00048762537,a
test_3304.jpg,0.0009095958,0.0004296626,0.9974929,0.001167944,c
test_3305.jpg,0.0009095958,0.0004296626,0.9974929,0.001167944,c
test_3306.jpg,0.99979764,6.604314e-05,8.480107e-05,5.143445e-05,a
test_3307.jpg,0.00020337263,0.00015838676,0.00010885753,0.9995295,d
test_3308.jpg,0.02026471,0.9764084,0.0016634288,0.0016634288,b
test_3309.jpg,0.0008031243,0.00048711954,0.9980009,0.0007087547,c
test_3310.jpg,0.014026929,0.0013047076,0.0013047076,0.9833636,d
test_3311.jpg,0.031108525,0.9091244,0.058118377,0.0016486915,b
test_3312.jpg,0.0045979624,0.0014927397,0.9928833,0.001025944,c
test_3313.jpg,0.9997223,0.00012337553,5.8278474e-05,9.6084965e-05,a
test_3314.jpg,0.0002304171,0.00015836321,0.0002304171,0.9993808,d
test_3315.jpg,0.0004303003,0.00048759417,0.99897337,0.000108796965,c
test_3316.jpg,0.001894453,0.013998218,0.0027564128,0.9813509,d
test_3317.jpg,0.6090225,0.018390885,0.36939082,0.0031958567,a
test_3318.jpg,0.9992686,0.0002958282,0.00013973935,0.0002958282,a
test_3319.jpg,0.00029585246,0.00012332965,0.0002304101,0.9993505,d
test_3320.jpg,0.17010328,0.05522445,0.76234996,0.01232224,c
test_3321.jpg,0.026724536,0.88499504,0.08231736,0.00596305,b
test_3322.jpg,0.004048602,0.00070354156,0.99066025,0.0045876675,c
test_3323.jpg,0.43693084,0.56103027,0.0010830433,0.0009557824,b
test_3324.jpg,0.0007082797,0.00026056153,0.9973321,0.0016990749,c
test_3325.jpg,0.00090954074,0.00033460133,0.99743253,0.001323374,c
test_3326.jpg,8.479669e-05,0.999746,0.00013980611,2.9304952e-05,b
test_3327.jpg,0.07033166,0.8568151,0.06206748,0.010785711,b
test_3328.jpg,0.018885668,0.9099624,0.012979916,0.05817195,b
test_3329.jpg,0.008529609,0.002443774,0.9858888,0.003137868,c
test_3330.jpg,0.00023046936,9.607393e-05,0.9996075,6.6030574e-05,c
test_3331.jpg,0.00013977842,0.00020337639,0.00010885954,0.9995479,d
test_3332.jpg,0.94864,0.0030193133,0.0011107431,0.04723,a
test_3333.jpg,0.00029585714,0.00017944642,0.99936634,0.00015836091,c
test_3334.jpg,0.0001397804,0.00015839194,0.0001397804,0.9995621,d
test_3335.jpg,5.14236e-05,0.99958676,0.00015839584,0.00020338429,b
test_3336.jpg,0.0016432685,0.033005927,0.9645746,0.000776225,c
test_3337.jpg,0.013652307,0.95710063,0.01986399,0.009383085,b
test_3338.jpg,0.0035856047,0.0009065828,0.9941888,0.0013190702,c
test_3339.jpg,0.9959151,0.00048610146,0.0008014458,0.0027973207,a
test_3340.jpg,0.019351862,0.20805214,0.7261733,0.046422705,c
test_3341.jpg,0.99886936,0.00070937147,0.00023029919,0.00019092472,a
test_3342.jpg,0.00090461894,0.9920351,0.0011615537,0.005898856,b
test_3343.jpg,0.00029580132,0.99917775,0.00043038838,9.603263e-05,b
test_3344.jpg,0.99928206,0.0003352218,0.00017943128,0.00020332228,a
test_3345.jpg,0.01585663,0.002431693,0.98101497,0.0006966917,c
test_3346.jpg,0.00026106616,0.00029582676,0.000179428,0.9992637,d
test_3347.jpg,9.6082724e-05,0.00010887599,9.6082724e-05,0.999699,d
test_3348.jpg,0.0002611543,7.964756e-05,5.82714e-05,0.99960095,d
test_3349.jpg,0.0027886298,0.0003330543,0.9928209,0.004057432,c
test_3350.jpg,0.0011670823,0.996757,0.00090892473,0.0011670823,b
test_3351.jpg,0.0016972676,0.00033421177,0.99627125,0.0016972676,c
test_3352.jpg,0.9994715,0.00015837757,0.00013976773,0.000230438,a
test_3353.jpg,0.00013978356,0.99958473,0.00017948564,9.607174e-05,b
test_3354.jpg,0.9952087,0.003589283,0.0002946263,0.00090751285,a
test_3355.jpg,0.002785827,0.991823,0.00079815276,0.004593052,b
test_3356.jpg,0.0005525787,0.00020328235,0.00015831646,0.9990858,d
test_3357.jpg,0.99972147,8.479461e-05,8.479461e-05,0.00010887844,a
test_3358.jpg,0.0015000077,0.00048698124,0.9977176,0.00029536904,c
test_3359.jpg,0.9987079,0.00070925674,0.00020320546,0.00037963782,a
test_3360.jpg,0.0045756497,0.9880652,0.0066575306,0.0007016986,b
test_3361.jpg,0.0004869417,0.0011681123,0.99763656,0.0007084959,c
test_3362.jpg,2.4297384e-05,0.99985814,6.6047134e-05,5.1437564e-05,b
test_3363.jpg,0.9995646,9.606981e-05,0.00010886136,0.00023045948,a
test_3364.jpg,5.8273887e-05,0.99964356,0.00015840484,0.0001397918,b
test_3365.jpg,0.00037974378,0.99898666,0.00020326219,0.00043030607,b
test_3366.jpg,0.0098368535,0.011146615,0.19757849,0.78143805,d
test_3367.jpg,0.00017949549,9.607702e-05,8.4787665e-05,0.99963963,d
test_3368.jpg,0.00055224245,0.00026086083,0.00070909335,0.99847776,d
test_3369.jpg,0.000179396,0.00010880918,0.00062615355,0.99908555,d
test_3370.jpg,5.828247e-05,6.604269e-05,8.480049e-05,0.99979085,d
test_3371.jpg,0.9974776,0.00080270314,0.00055168924,0.0011679261,a
test_3372.jpg,0.00012336414,0.99963,0.00012336414,0.00012336414,b
test_3373.jpg,0.00020337093,0.99952114,0.00017947421,9.6065625e-05,b
test_3374.jpg,0.9993291,0.00017943972,0.00023040517,0.00026108325,a
test_3375.jpg,0.00015842353,4.005574e-05,4.005574e-05,0.9997615,d
test_3376.jpg,0.005854701,0.0010173945,0.98460937,0.00851854,c
test_3377.jpg,0.00012330685,0.9991658,0.00055262295,0.00015832913,b
test_3378.jpg,0.00043040258,0.9992107,0.00017941848,0.00017941848,b
test_3379.jpg,0.00012335603,0.99956435,0.00020337974,0.00010886133,b
test_3380.jpg,0.0013230123,0.001030363,0.99715996,0.00048670906,c
test_3381.jpg,0.9992781,0.00026106994,0.00023039342,0.00023039342,a
test_3382.jpg,0.00023045726,7.481853e-05,0.99955493,0.0001397794,c
test_3383.jpg,0.9988519,0.000430248,0.00023029516,0.00048753488,a
test_3384.jpg,0.004323773,0.2675024,0.0010269862,0.7271468,d
test_3385.jpg,0.0006246267,0.0019239859,0.0008020366,0.9966493,d
test_3386.jpg,0.0027863188,0.00062171166,0.99199814,0.004593863,c
test_3387.jpg,0.00062519463,0.9975555,0.0009096529,0.0009096529,b
test_3388.jpg,0.9989643,0.0006260776,0.00017937423,0.00023032108,a
test_3389.jpg,0.00048762537,0.00029575973,0.99903727,0.00017938732,c
test_3390.jpg,0.9992804,0.00026107053,0.0003352212,0.00012332099,a
test_3391.jpg,0.83417153,0.000760666,0.0008097247,0.1642581,a
test_3392.jpg,0.01003812,0.014605378,0.7974266,0.17792992,c
test_3393.jpg,4.0049308e-05,0.99960107,0.00017948856,0.00017948856,b
test_3394.jpg,0.00037941322,0.0001792221,0.9981171,0.0013242821,c
test_3395.jpg,0.00010888207,0.99975485,8.479744e-05,5.143225e-05,b
test_3396.jpg,0.00017948943,0.00013978653,7.482234e-05,0.99960595,d
test_3397.jpg,0.00020335718,0.9994535,0.00020335718,0.00013976521,b
test_3398.jpg,0.00015837129,0.9994318,0.00023042886,0.00017945818,b
test_3399.jpg,0.0014986997,0.0011671885,0.99684757,0.0004865566,c
test_3400.jpg,0.028304007,0.03207264,0.93729997,0.0023233346,c
test_3401.jpg,0.00091051264,0.9984983,0.00029560018,0.00029560018,b
test_3402.jpg,5.827997e-05,0.99974793,0.00010888132,8.4796855e-05,b
test_3403.jpg,0.9966493,0.0006246267,0.0019239859,0.0008020366,a
test_3404.jpg,0.201663,0.79759264,0.000441136,0.00030318808,b
test_3405.jpg,0.00012336024,0.00020338666,7.482178e-05,0.99959844,d
test_3406.jpg,0.00090991735,0.00090991735,0.99784553,0.0003347399,c
test_3407.jpg,0.00033499312,0.00026089288,0.0008036067,0.9986004,d
test_3408.jpg,0.00020339787,8.478884e-05,0.99965346,5.827446e-05,c
test_3409.jpg,0.005916921,0.011054263,0.8781489,0.10487993,c
test_3410.jpg,0.00023026601,0.00070926925,0.00033503506,0.9987255,d
test_3411.jpg,0.99746525,0.001925561,0.00037916543,0.00022997546,a
test_3412.jpg,0.0006260583,0.00017936873,0.9989336,0.00026097993,c
test_3413.jpg,5.826885e-05,0.9995572,0.00012335516,0.00026114285,b
test_3414.jpg,0.00042725526,0.0075732805,9.533354e-05,0.9919041,d
test_3415.jpg,0.0058846883,0.003149847,0.98965245,0.0013130516,c
test_3416.jpg,0.9986731,0.00062589505,0.00014866311,0.0005523504,a
test_3417.jpg,0.99957186,0.00013978177,0.00010886215,0.00017948332,a
test_3418.jpg,0.0005522015,0.00070904085,0.99840385,0.00033492717,c
test_3419.jpg,0.00047939192,0.01587528,0.98216873,0.0014766309,c
test_3420.jpg,0.0003352212,0.00026107053,0.9992804,0.00012332099,c
test_3421.jpg,0.0001795162,4.5388806e-05,2.014116e-05,0.99975497,d
test_3422.jpg,0.99895966,0.0003797335,0.00043029443,0.00023032,a
test_3423.jpg,0.0007068188,0.0035895223,0.995275,0.0004287073,c
test_3424.jpg,0.9995759,0.00023046209,7.028697e-05,0.00012335746,a
test_3425.jpg,0.00013973347,0.99922657,0.0004304094,0.000203311,b
test_3426.jpg,3.1198677e-05,0.99986506,5.8286798e-05,4.5393805e-05,b
test_3427.jpg,0.008526619,0.0040276893,0.98554313,0.0019025458,c
test_3428.jpg,0.0002033534,0.00015837178,0.0002033534,0.9994349,d
test_3429.jpg,0.99939954,0.00026110167,0.00010884338,0.00023042141,a
test_3430.jpg,0.9995388,0.000102263126,0.00017947739,0.00017947739,a
test_3431.jpg,5.8277725e-05,0.9997094,0.00012337395,0.00010887713,b
test_3432.jpg,0.0013241282,0.00029545298,0.99800104,0.0003793691,c
test_3433.jpg,0.998049,0.001500506,0.00033480814,0.00011570661,a
test_3434.jpg,0.00026112964,0.9995066,0.00012334892,0.00010885504,b
test_3435.jpg,0.00010886757,0.00020339139,0.9996216,6.603151e-05,c
test_3436.jpg,0.0005526022,0.00017940367,0.9991283,0.00013971973,c
test_3437.jpg,0.013378086,0.9378762,0.046694107,0.002051596,b
test_3438.jpg,0.9954852,0.002467561,0.00055058725,0.0014966513,a
test_3439.jpg,0.00026082172,0.99832803,0.00103157,0.0003794934,b
test_3440.jpg,0.99956566,0.00017948222,0.00020338,5.1422518e-05,a
test_3441.jpg,0.010717857,0.004467868,0.9647907,0.020023592,c
test_3442.jpg,0.74905366,0.022619462,0.21460748,0.013719397,a
test_3443.jpg,0.00010887722,0.99971026,8.479366e-05,9.608381e-05,b
test_3444.jpg,9.608684e-05,0.99974185,6.603945e-05,9.608684e-05,b
test_3445.jpg,0.9950504,0.00020246128,0.00013914947,0.004607998,a
test_3446.jpg,0.00013978731,0.000108866465,0.00013978731,0.99961156,d
test_3447.jpg,0.00048724198,0.99825174,0.0005521174,0.0007089328,b
test_3448.jpg,0.0002610097,0.9990476,0.0004303323,0.0002610097,b
test_3449.jpg,0.9992041,0.00023037635,0.00023037635,0.00033519563,a
test_3450.jpg,0.00020338845,0.00012336133,6.603056e-05,0.99960726,d
test_3451.jpg,0.0001794762,0.00010885783,0.9995322,0.0001794762,c
test_3452.jpg,0.99743253,0.00033460133,0.00090954074,0.001323374,a
test_3453.jpg,0.9970106,0.00042945487,0.0003789926,0.0021809519,a
test_3454.jpg,0.000139743,0.99929464,0.000335226,0.00023039724,b
test_3455.jpg,0.99873704,0.0005523858,0.00015826119,0.0005523858,a
test_3456.jpg,0.00017941842,0.99921036,0.00037982882,0.0002303778,b
test_3457.jpg,0.00026108077,0.99931955,0.00026108077,0.00015835349,b
test_3458.jpg,0.99925286,0.0004304207,0.00015834293,0.00015834293,a
test_3459.jpg,8.4801286e-05,7.4836884e-05,4.005729e-05,0.99980026,d
test_3460.jpg,4.005863e-05,0.9998336,7.483938e-05,5.1436302e-05,b
test_3461.jpg,0.0007091441,0.00062581745,0.000115764604,0.9985493,d
test_3462.jpg,6.60438e-05,0.99980766,5.1434967e-05,7.483744e-05,b
test_3463.jpg,0.067213885,0.0033463822,0.927859,0.0015807191,c
test_3464.jpg,0.00062262703,0.0052131927,0.0007055289,0.9934587,d
test_3465.jpg,0.00029581168,0.99921274,0.00026105286,0.00023037835,b
test_3466.jpg,0.036555424,0.94277686,0.01726756,0.0034001844,b
test_3467.jpg,0.99869883,0.00062591117,0.00029565956,0.00037963438,a
test_3468.jpg,0.96422213,0.022676332,0.0023900678,0.0107115405,a
test_3469.jpg,0.000379844,0.000108827124,0.99925023,0.00026106267,c
test_3470.jpg,0.99833053,0.00070898875,0.0006256804,0.00033490258,a
test_3471.jpg,6.2036976e-05,0.99972016,0.000108878296,0.000108878296,b
test_3472.jpg,0.00017950704,5.8277405e-05,5.8277405e-05,0.99970394,d
test_3473.jpg,0.00012336212,0.9996136,0.00013978759,0.00012336212,b
test_3474.jpg,0.00037991186,0.00013976176,0.9994288,5.1415478e-05,c
test_3475.jpg,0.0047855913,0.48814353,0.48814353,0.018927379,b
test_3476.jpg,0.0027793883,0.0010224797,0.9895307,0.0066674054,c
test_3477.jpg,0.0014956258,0.0027941973,0.994803,0.00090714294,c
test_3478.jpg,0.00015842081,6.603962e-05,3.1194908e-05,0.99974436,d
test_3479.jpg,0.99367297,0.0007996414,0.0052143172,0.0003131441,a
test_3480.jpg,0.9981982,0.0011687699,0.00020310176,0.00042996643,a
test_3481.jpg,0.00020336488,7.481376e-05,0.99949133,0.00023044259,c
test_3482.jpg,0.0010316756,0.00033493602,0.00020314897,0.9984302,d
test_3483.jpg,0.00017950089,8.479021e-05,6.6034685e-05,0.9996697,d
test_3484.jpg,0.0008037373,0.9987627,0.00023027459,0.00020321662,b
test_3485.jpg,0.00062599697,0.00020323148,0.00033507205,0.99883574,d
test_3486.jpg,0.0005525638,0.00023034285,0.9990588,0.00015831218,c
test_3487.jpg,0.00070785417,0.99673295,0.0021803444,0.00037888705,b
test_3488.jpg,0.62119985,0.37677675,0.0008241958,0.0011991978,a
test_3489.jpg,0.9994504,0.00017946151,0.00023043314,0.00013976477,a
test_3490.jpg,0.0003352218,0.99928206,0.00017943128,0.00020332228,b
test_3491.jpg,0.99978894,7.483604e-05,5.1434003e-05,8.4800326e-05,a
test_3492.jpg,0.0007092228,0.00033501314,0.00029564806,0.9986601,d
test_3493.jpg,0.00091027154,0.9982339,0.00062561984,0.00023015268,b
test_3494.jpg,0.99925846,0.0002033175,0.00015834381,0.0003798471,a
test_3495.jpg,0.99916935,0.00020329935,0.00048768983,0.00013972547,a
test_3496.jpg,0.00020339452,8.478745e-05,0.999637,7.482467e-05,c
test_3497.jpg,0.000261069,0.000261069,0.00020332076,0.99927455,d
test_3498.jpg,0.000379758,0.00033513526,0.0002610036,0.99902415,d
test_3499.jpg,0.0010268379,0.00062280864,0.9937484,0.0046019685,c
test_3500.jpg,9.607197e-05,0.9995871,0.0001583959,0.0001583959,b
test_3501.jpg,0.9996136,0.00012336212,0.00012336212,0.00013978759,a
test_3502.jpg,0.0006261193,0.0002032712,0.00013970611,0.99903095,d
test_3503.jpg,0.00048776856,0.99933064,0.00012332719,5.8255642e-05,b
test_3504.jpg,0.00015834373,0.99925786,9.604033e-05,0.00048773305,b
test_3505.jpg,0.0072846096,0.0016254163,0.9540956,0.0369943,c
test_3506.jpg,0.00033527226,0.00010884697,0.9994325,0.00012333976,c
test_3507.jpg,0.0009103179,0.0007089563,0.99828476,9.59468e-05,c
test_3508.jpg,0.9990128,0.0002957525,0.00026100065,0.00043031733,a
test_3509.jpg,0.9968995,0.0019244688,0.00062478345,0.0005513695,a
test_3510.jpg,0.8046488,0.045395184,0.13982698,0.010129034,a
test_3511.jpg,0.00029575708,0.00055254693,0.00012328988,0.9990283,d
test_3512.jpg,0.039914995,0.29493415,0.4862642,0.17888662,c
test_3513.jpg,0.00029508193,0.99674773,0.00048650787,0.0024706908,b
test_3514.jpg,0.017958825,0.9805186,0.0005094526,0.0010131676,b
test_3515.jpg,0.0008024289,0.0010303392,0.99713683,0.0010303392,c
test_3516.jpg,7.482531e-05,0.9996456,0.00013979207,0.00013979207,b
test_3517.jpg,0.00048744347,0.00055234577,0.9986646,0.0002956494,c
test_3518.jpg,0.000803543,0.00037956686,0.99852127,0.00029560697,c
test_3519.jpg,0.99921286,9.6036005e-05,0.00020330821,0.00048771108,a
test_3520.jpg,0.9994497,0.00029588182,9.605876e-05,0.00015837411,a
test_3521.jpg,0.15728442,0.03976773,0.7987563,0.0041914885,c
test_3522.jpg,0.9973189,0.00080257544,0.0014994083,0.0003791098,a
test_3523.jpg,0.000430279,0.99892384,0.0001582908,0.00048757,b
test_3524.jpg,0.9982431,0.0010314822,0.00042998575,0.00029552463,a
test_3525.jpg,0.00029580484,0.0003351908,0.9991897,0.0001794147,c
test_3526.jpg,0.00020334356,0.00033525683,7.480592e-05,0.99938655,d
test_3527.jpg,0.00033515276,0.00015831494,0.00043034466,0.99907625,d
test_3528.jpg,0.0005509632,0.9961649,0.0027980225,0.00048622338,b
test_3529.jpg,0.00062614743,0.00013971239,0.00015831487,0.9990758,d
test_3530.jpg,0.99957854,0.0001397827,0.00015839454,0.0001233578,a
test_3531.jpg,0.00043040482,0.0002303791,0.99921596,0.00012331305,c
test_3532.jpg,9.608672e-05,0.99974054,0.00012337779,4.00549e-05,b
test_3533.jpg,0.99615127,0.0014976528,0.0010293208,0.001321674,a
test_3534.jpg,0.00062575954,0.00048734207,0.99845684,0.00043007784,c
test_3535.jpg,0.0024673773,0.0008010401,0.995411,0.0013206918,c
test_3536.jpg,0.9850036,0.0058570453,0.008521951,0.00061732804,a
test_3537.jpg,0.9744762,0.017848155,0.0057944474,0.0018811817,a
test_3538.jpg,0.045703746,0.55678564,0.38267282,0.014837834,b
test_3539.jpg,8.47957e-05,0.99973434,8.47957e-05,9.608612e-05,b
test_3540.jpg,6.604716e-05,0.9998585,4.0059625e-05,3.53525e-05,b
test_3541.jpg,0.00017937906,0.9989912,0.0006260944,0.00020326312,b
test_3542.jpg,0.00020300405,0.997718,0.0003792615,0.0016997323,b
test_3543.jpg,0.006678229,0.0010241396,0.99113715,0.0011605022,c
test_3544.jpg,0.003170386,0.00042906508,0.9961056,0.00029489183,c
test_3545.jpg,0.00015838444,0.00020336965,0.00012334992,0.9995148,d
test_3546.jpg,0.0003795511,0.9984798,0.0009104957,0.00023020936,b
test_3547.jpg,0.25798014,0.001194685,0.03956253,0.70126265,d
test_3548.jpg,0.99649006,0.0014981622,0.00031403187,0.0016976404,a
test_3549.jpg,0.55138063,0.0025533992,0.016650252,0.42941567,a
test_3550.jpg,0.9960496,0.0009082797,0.00024446016,0.0027976984,a
test_3551.jpg,0.98157215,0.0013023308,0.0031241293,0.014001374,a
test_3552.jpg,0.00043041646,0.00012331638,0.999243,0.00020331434,c
test_3553.jpg,0.98746246,0.0045728586,0.0004253421,0.0075393682,a
test_3554.jpg,0.00010885228,0.99948126,0.00017946705,0.00023044026,b
test_3555.jpg,0.0001794673,0.0001794673,0.00015837935,0.99948263,d
test_3556.jpg,0.9992878,0.0005526904,7.4798525e-05,8.475782e-05,a
test_3557.jpg,0.00029585144,9.60489e-05,0.00026108796,0.99934703,d
test_3558.jpg,0.21185504,0.04727125,0.65255946,0.08831432,c
test_3559.jpg,4.5391018e-05,0.9998037,6.604354e-05,8.4801584e-05,b
test_3560.jpg,0.759066,0.21747604,0.013902779,0.009555231,a
test_3561.jpg,0.00023039074,0.00037985013,0.99926645,0.00012331927,c
test_3562.jpg,0.000230496,2.7528824e-05,1.8920264e-05,0.999723,d
test_3563.jpg,7.482286e-05,0.999613,0.000108866625,0.00020338962,b
test_3564.jpg,0.0006232131,0.0003779979,0.0046049575,0.9943938,d
test_3565.jpg,0.0011615537,0.005898856,0.00090461894,0.9920351,d
test_3566.jpg,0.0014789328,0.9836998,0.002438348,0.0123829525,b
test_3567.jpg,0.000108886205,4.0056988e-05,5.828258e-05,0.99979275,d
test_3568.jpg,0.99881566,0.0007093333,0.00017934754,0.00029569413,a
test_3569.jpg,7.48309e-05,0.9997203,0.00010887831,9.608477e-05,b
test_3570.jpg,9.608337e-05,7.482981e-05,0.0001233735,0.99970573,d
test_3571.jpg,0.0001582988,0.99897444,0.00037973913,0.0004875947,b
test_3572.jpg,0.0058972333,0.99176216,0.0013158506,0.0010247855,b
test_3573.jpg,0.00017950159,6.203409e-05,8.479055e-05,0.9996736,d
test_3574.jpg,0.011908528,0.025210356,0.12802875,0.83485234,d
test_3575.jpg,0.0075376867,0.9872422,0.002447129,0.0027729603,b
test_3576.jpg,0.04672394,0.011813663,0.0029869617,0.9384755,d
test_3577.jpg,0.00037700863,0.99179137,0.00757242,0.00025911396,b
test_3578.jpg,0.99897265,0.00055251614,0.00033511798,0.00013969796,a
test_3579.jpg,0.99488163,0.001495744,0.0031664902,0.00045617615,a
test_3580.jpg,0.0019025458,0.008526619,0.98554313,0.0040276893,c
test_3581.jpg,0.0014999487,0.00033468378,0.99767834,0.00048696206,c
test_3582.jpg,0.0004299416,0.0011687024,0.00026077274,0.9981406,d
test_3583.jpg,0.00012336548,0.0001397914,9.6077136e-05,0.9996408,d
test_3584.jpg,0.9955006,0.0006239068,0.0031684604,0.0007069791,a
test_3585.jpg,0.00033491757,0.9983752,0.00091040035,0.00037951133,b
test_3586.jpg,0.041980185,0.0014364828,0.0011187339,0.95546454,d
test_3587.jpg,0.00026097373,0.99890983,0.00020324656,0.0006260434,b
test_3588.jpg,0.00026112387,0.00017946765,0.99948454,7.481325e-05,c
test_3589.jpg,0.0017411426,0.7959541,0.0010560564,0.2012487,b
test_3590.jpg,0.9976407,0.0002300159,0.0004297263,0.0016996006,a
test_3591.jpg,0.00023037229,0.99918646,0.00020330284,0.0003798197,b
test_3592.jpg,0.00037976296,0.00037976296,0.99903715,0.00020327246,c
test_3593.jpg,0.0013225345,0.9967998,0.0003789125,0.001498628,b
test_3594.jpg,9.606562e-05,0.999521,0.0001794742,0.00020337092,b
test_3595.jpg,8.477409e-05,0.9994796,0.00029589067,0.00013976886,b
test_3596.jpg,8.4787665e-05,0.99963963,9.607702e-05,0.00017949549,b
test_3597.jpg,0.0003352212,0.00012332099,0.9992804,0.00026107053,c
test_3598.jpg,0.0016990538,0.00042958805,0.99731976,0.00055160193,c
test_3599.jpg,0.0004873884,0.0003349768,0.000625819,0.9985518,d
test_3600.jpg,0.00013978529,0.99959713,0.00012336008,0.00013978529,b
test_3601.jpg,0.0011670256,0.0013224133,0.9967085,0.0008020843,c
test_3602.jpg,0.0027970227,0.00048604966,0.00090806023,0.99580896,d
test_3603.jpg,0.99881727,0.00062598544,0.00026094954,0.0002956946,a
test_3604.jpg,0.00029586267,0.00017944978,0.00013975563,0.999385,d
test_3605.jpg,0.00017949319,0.000108868124,8.4786574e-05,0.99962676,d
test_3606.jpg,0.03727665,0.0008766628,0.00046924382,0.9613775,d
test_3607.jpg,9.607904e-05,0.99966073,8.4789455e-05,0.00015840757,b
test_3608.jpg,0.0003351104,0.0003351104,0.99895006,0.00037972984,c
test_3609.jpg,7.482885e-05,0.9996929,0.00012337191,0.00010887533,b
test_3610.jpg,0.9994771,0.0002304393,0.0002304393,6.202189e-05,a
test_3611.jpg,7.4823816e-05,0.9996257,0.00020339222,9.607568e-05,b
test_3612.jpg,9.607377e-05,0.00015839886,0.00013978651,0.99960583,d
test_3613.jpg,0.0009090606,0.0016983489,0.0004865851,0.996906,d
test_3614.jpg,0.0123279365,0.86425513,0.08038825,0.043028727,b
test_3615.jpg,0.00037956686,0.000803543,0.00029560697,0.99852127,d
test_3616.jpg,0.009441904,0.079056084,0.061568946,0.849933,d
test_3617.jpg,4.5387325e-05,0.9997223,0.00012337553,0.000108878536,b
test_3618.jpg,0.9800094,0.0179495,0.0013002573,0.00074086426,a
test_3619.jpg,0.99976486,0.00010888316,7.4834235e-05,5.1432766e-05,a
test_3620.jpg,0.0005525929,0.0002610264,7.478533e-05,0.9991115,d
test_3621.jpg,0.0010577793,0.37659547,0.0014458126,0.620901,d
test_3622.jpg,0.0002958985,0.00012334884,0.999506,7.481486e-05,c
test_3623.jpg,0.6198644,0.3759668,0.0025332442,0.0016355854,a
test_3624.jpg,0.64037377,0.015060147,0.0017986782,0.3427674,a
test_3625.jpg,0.0006249653,0.00048672353,0.9971896,0.001698832,c
test_3626.jpg,0.0007065167,0.9948495,0.0040657227,0.00037817113,b
test_3627.jpg,0.0058495337,0.008511022,0.9837404,0.0018990657,c
test_3628.jpg,0.000626012,0.00033508008,0.99885964,0.00017935544,c
test_3629.jpg,0.00029583587,0.9992944,0.00023039719,0.00017943351,b
test_3630.jpg,0.99636614,0.0009085683,0.0008018087,0.0019234392,a
test_3631.jpg,0.118571766,0.87613344,0.004057303,0.0012374074,b
test_3632.jpg,0.9992435,0.00023038544,0.00023038544,0.0002958208,a
test_3633.jpg,0.0016997622,0.00033470299,0.00023003777,0.9977355,d
test_3634.jpg,0.99879766,0.00048750843,0.00037967192,0.00033505927,a
test_3635.jpg,0.0005503462,0.00033380184,0.004066539,0.9950493,d
test_3636.jpg,0.00090966857,0.00048691055,0.9975727,0.0010307896,c
test_3637.jpg,0.648097,0.053199038,0.23842157,0.060282405,a
test_3638.jpg,3.1197847e-05,0.9998385,4.53926e-05,8.480453e-05,b
test_3639.jpg,0.032711662,0.0030426586,0.008270804,0.9559749,d
test_3640.jpg,0.0051598875,0.0109234825,0.98330045,0.00061626063,c
test_3641.jpg,0.99757177,0.00055174134,0.0011680364,0.0007084499,a
test_3642.jpg,0.00091024314,0.00033485974,0.9982028,0.00055209035,c
test_3643.jpg,0.9836764,0.014031389,0.0016758107,0.0006164962,a
test_3644.jpg,0.9995517,0.00023045651,0.00010885995,0.00010885995,a
test_3645.jpg,0.9986595,0.00037961942,0.00033501294,0.00062588655,a
test_3646.jpg,0.00037987484,0.00023040571,5.825569e-05,0.9993315,d
test_3647.jpg,0.97842926,0.000892212,0.0003719293,0.02030665,a
test_3648.jpg,0.00062538736,0.0008030133,0.997863,0.00070865673,c
test_3649.jpg,0.0063284016,0.0026380701,0.34551904,0.6455145,d
test_3650.jpg,0.00055006996,0.00460568,0.00029443126,0.9945498,d
test_3651.jpg,0.9917951,0.0035769718,0.0024584143,0.002169543,a
test_3652.jpg,0.99936634,0.00029585714,0.00015836091,0.00017944642,a
test_3653.jpg,0.00012337815,7.483264e-05,5.827971e-05,0.9997435,d
test_3654.jpg,0.0007089213,0.0004299825,0.99823546,0.00062562077,c
test_3655.jpg,0.0010294165,0.0010294165,0.99624395,0.0016972211,c
test_3656.jpg,0.0007092378,0.00017932341,0.99868125,0.0004301745,c
test_3657.jpg,0.00013978529,0.99959713,0.00013978529,0.00012336008,b
test_3658.jpg,0.00012337595,8.479497e-05,6.603839e-05,0.99972576,d
test_3659.jpg,0.99932206,0.00015835388,0.00037987126,0.00013974683,a
test_3660.jpg,0.00080338895,0.00048728008,0.9983298,0.00037949407,c
test_3661.jpg,0.017652603,0.13043608,0.0013612227,0.85055006,d
test_3662.jpg,6.603585e-05,0.9996873,0.00012337121,0.00012337121,b
test_3663.jpg,0.015790652,0.0006937929,0.9769331,0.006582523,c
test_3664.jpg,0.9983802,0.0010316239,0.00015820464,0.0004300448,a
test_3665.jpg,0.95772654,0.015480207,0.0012706928,0.025522547,a
test_3666.jpg,0.9992293,0.0002958166,0.00013973386,0.0003352041,a
test_3667.jpg,0.0004298164,0.0011683621,0.0005518952,0.99784994,d
test_3668.jpg,0.0014656758,0.974882,0.017855586,0.00579686,b
test_3669.jpg,0.00012324216,0.99864167,0.00020319199,0.0010318941,b
test_3670.jpg,0.9996717,0.00013979572,0.00010887302,7.96532e-05,a
test_3671.jpg,0.00037983226,0.00013973248,0.0002610546,0.9992194,d
test_3672.jpg,0.99734986,0.000429601,0.0002952602,0.0019253382,a
test_3673.jpg,0.0001794427,0.0003352431,0.00013975012,0.9993456,d
test_3674.jpg,0.43650565,0.56048435,0.0017838989,0.0012260546,b
test_3675.jpg,9.608476e-05,0.99972016,7.483089e-05,0.000108878296,b
test_3676.jpg,0.0002958748,7.480887e-05,0.999426,0.00020335158,c
test_3677.jpg,0.05977768,0.9350803,0.001320661,0.0038214594,b
test_3678.jpg,0.0010219557,0.009696046,0.98902357,0.00025839085,c
test_3679.jpg,0.005057204,0.0291022,0.9637325,0.0021081562,c
test_3680.jpg,0.67285645,0.3178349,0.008470013,0.0008386449,a
test_3681.jpg,0.9288161,0.05240022,0.0116920695,0.0070915977,a
test_3682.jpg,0.0001233451,0.9994758,0.00013976832,0.00026112158,b
test_3683.jpg,0.0031678244,0.0006237815,0.99530077,0.00090759684,c
test_3684.jpg,0.00055228843,0.0006258248,0.99856097,0.00026088257,c
test_3685.jpg,0.00010886215,0.99957186,0.00013978177,0.00017948332,b
test_3686.jpg,0.00033471987,0.9977858,0.0015001103,0.0003792873,b
test_3687.jpg,0.00023046974,5.1424755e-05,0.00010886621,0.9996092,d
test_3688.jpg,0.99967647,0.0001397964,7.4827614e-05,0.00010887354,a
test_3689.jpg,0.0003793731,0.0015004496,0.000108692206,0.99801147,d
test_3690.jpg,0.9995479,0.00013977842,0.00020337639,0.00010885954,a
test_3691.jpg,0.00013977262,0.9995065,0.00023044608,0.0001233489,b
test_3692.jpg,0.84798837,0.14735827,0.00072641554,0.0039269654,a
test_3693.jpg,0.16313794,0.0020536038,0.006325545,0.82848287,d
test_3694.jpg,0.000708787,0.00033480726,0.9980464,0.0009101005,c
test_3695.jpg,0.0015003994,0.0002607303,0.0002607303,0.99797815,d
test_3696.jpg,0.9985073,0.00048736672,0.00062579114,0.00037956156,a
test_3697.jpg,0.21318595,0.35148418,0.03704616,0.39828375,d
test_3698.jpg,0.9938852,0.0006228944,0.00027640772,0.005215431,a
test_3699.jpg,0.00023006805,0.00020303435,0.0016999859,0.9978669,d
test_3700.jpg,0.0007083693,0.0010306713,0.9974583,0.0008026876,c
test_3701.jpg,0.0024678616,0.99560636,0.00042885003,0.0014968336,b
test_3702.jpg,0.0014974688,0.000550888,0.9960289,0.0019227881,c
test_3703.jpg,0.00015821475,0.998444,0.0004873358,0.0009104631,b
test_3704.jpg,0.00080327835,0.0007088907,0.0002955096,0.99819237,d
test_3705.jpg,0.0008033483,0.00048725543,0.99827933,0.00043000138,c
test_3706.jpg,0.041394204,0.015228076,0.9421277,0.0012499966,c
test_3707.jpg,0.0009093805,0.0014993149,0.9972568,0.0003345424,c
test_3708.jpg,0.17143865,0.004568685,0.7683347,0.05565798,c
test_3709.jpg,0.64582396,0.16328986,0.14410281,0.04678333,a
test_3710.jpg,0.14761406,0.0027036462,0.00022192877,0.84946036,d
test_3711.jpg,0.12892404,0.004998927,0.8406903,0.025386648,c
test_3712.jpg,5.8275928e-05,0.9996786,0.00012337013,0.00013979668,b
test_3713.jpg,0.9988789,0.00043025965,0.00020324027,0.00048754807,a
test_3714.jpg,0.0035894068,0.00026001575,0.995243,0.00090754416,c
test_3715.jpg,5.827222e-05,0.99961495,0.00012336229,0.00020339004,b
test_3716.jpg,0.00012337137,0.9996886,0.0001397981,4.8312926e-05,b
test_3717.jpg,0.00037975798,0.99902403,0.00033513524,0.00026100356,b
test_3718.jpg,0.9975413,0.0008027544,0.0010307571,0.0006251857,a
test_3719.jpg,0.0002303881,0.0003352127,0.00017942642,0.999255,d
test_3720.jpg,0.000108879256,9.6085605e-05,6.603861e-05,0.999729,d
test_3721.jpg,0.00091056095,0.9985513,0.00033497665,0.00020317361,b
test_3722.jpg,0.9994863,0.00029589268,0.00010885284,0.00010885284,a
test_3723.jpg,0.00033490066,0.0009103544,0.00043002097,0.9983248,d
test_3724.jpg,0.0014982886,0.0014982886,0.0004292669,0.99657416,d
test_3725.jpg,0.0016930955,0.0016930955,0.99382234,0.0027914427,c
test_3726.jpg,0.99154997,0.0021690067,0.0016892244,0.0045917877,a
test_3727.jpg,0.00043024452,0.00043024452,0.00029570246,0.9988438,d
test_3728.jpg,0.9940923,0.0003778833,0.00031327625,0.0052165175,a
test_3729.jpg,0.99963653,0.00015840372,0.00010886919,9.607672e-05,a
test_3730.jpg,0.00010887123,0.99965525,0.00013979342,9.607852e-05,b
test_3731.jpg,0.0046030963,0.0010270895,0.00037784514,0.9939919,d
test_3732.jpg,0.00023026837,0.9987357,0.00023026837,0.0008037156,b
test_3733.jpg,0.9996717,0.00012336929,0.00010887302,9.60801e-05,a
test_3734.jpg,0.99457514,0.0003336428,0.00048544744,0.004605797,a
test_3735.jpg,0.000230351,0.00037978461,0.00029577655,0.9990941,d
test_3736.jpg,0.9994123,0.000261105,0.00012333727,0.00020334878,a
test_3737.jpg,0.0002611112,0.9994361,0.00017945895,0.00012334021,b
test_3738.jpg,0.99950373,0.00015838268,0.0001794711,0.00015838268,a
test_3739.jpg,0.015860086,0.002432223,0.00047893313,0.98122877,d
test_3740.jpg,0.9854233,0.012404649,0.0010182356,0.001153812,a
test_3741.jpg,0.0024589116,0.0014914051,0.9919957,0.0040540597,c
test_3742.jpg,0.0021800888,0.00029504293,0.99661607,0.0009087962,c
test_3743.jpg,0.9982748,0.0011688595,0.0002608078,0.000295534,a
test_3744.jpg,9.6064745e-05,0.99951196,0.00029590027,9.6064745e-05,b
test_3745.jpg,0.012852601,0.2278178,0.05760136,0.7017282,d
test_3746.jpg,6.60424e-05,0.99978644,9.609113e-05,5.1433875e-05,b
test_3747.jpg,0.9946078,0.0013196262,0.00090696494,0.0031656187,a
test_3748.jpg,0.0016923985,0.004600416,0.00029409473,0.99341315,d
test_3749.jpg,0.99819237,0.00080327835,0.0002955096,0.0007088907,a
test_3750.jpg,0.00012335516,0.00026114285,0.9995572,5.826885e-05,c
test_3751.jpg,0.00033518276,0.00029579777,0.00020329862,0.9991658,d
test_3752.jpg,0.9993291,0.00026108325,0.00017943972,0.00023040517,a
test_3753.jpg,0.00042160507,0.97878665,0.02031407,0.00047774115,b
test_3754.jpg,0.99883765,0.00037968712,0.00023029186,0.00055244146,a
test_3755.jpg,0.0002611158,0.00023043391,5.4732853e-05,0.9994537,d
test_3756.jpg,0.00026110758,0.00015836976,0.00015836976,0.9994222,d
test_3757.jpg,0.99902093,0.00023033413,0.00026100274,0.0004876174,a
test_3758.jpg,0.0016181532,0.0012602189,0.94983226,0.047289364,c
test_3759.jpg,0.0007765822,0.029141031,0.005063952,0.96501845,d
test_3760.jpg,0.00017948332,0.00013978177,0.00010886215,0.99957186,d
test_3761.jpg,0.001030363,0.0013230123,0.99715996,0.00048670906,c
test_3762.jpg,0.9992454,0.0002610614,0.00015834175,0.00033520948,a
test_3763.jpg,0.0019205608,0.0021762806,0.99487513,0.0010280021,c
test_3764.jpg,0.0006242368,0.99602723,0.0005508871,0.0027976357,b
test_3765.jpg,0.9991341,0.0002957884,0.00013972055,0.00043036955,a
test_3766.jpg,0.9984492,0.00026085338,0.0009104679,0.00037953947,a
test_3767.jpg,0.99974185,9.608684e-05,9.608684e-05,6.603945e-05,a
test_3768.jpg,0.00020327323,0.9990409,0.0005525539,0.00020327323,b
test_3769.jpg,0.9997706,0.00012338148,4.00561e-05,6.604135e-05,a
test_3770.jpg,0.12782024,0.0020660218,0.83349264,0.03662111,c
test_3771.jpg,0.9978289,0.0013238998,0.00029540202,0.0005518836,a
test_3772.jpg,0.00013973175,0.9992142,0.00048771172,0.0001583368,b
test_3773.jpg,0.0011667585,0.0004292265,0.9964804,0.0019236597,c
test_3774.jpg,8.476407e-05,0.99936146,0.000123331,0.00043046748,b
test_3775.jpg,0.00062600465,0.99884796,0.0002957037,0.00023029424,b
test_3776.jpg,0.31550384,0.010795946,0.005778654,0.66792154,d
test_3777.jpg,7.482515e-05,0.99964345,0.0001233658,0.00015840482,b
test_3778.jpg,0.0011674998,0.0005514879,0.99711347,0.0011674998,c
test_3779.jpg,0.99725074,0.00062500365,0.00062500365,0.0014993058,a
test_3780.jpg,0.00029592417,6.60296e-05,4.538144e-05,0.9995927,d
test_3781.jpg,0.00048635656,0.0002771176,0.0027987887,0.9964378,d
test_3782.jpg,8.478872e-05,0.999652,0.00012336686,0.00013979297,b
test_3783.jpg,6.604015e-05,0.99975234,0.00012337924,5.8280228e-05,b
test_3784.jpg,0.0031689561,0.00055068196,0.9956564,0.0006240044,c
test_3785.jpg,0.9994879,0.00023044179,0.0001233466,0.00015838018,a
test_3786.jpg,0.35735717,0.048363034,0.5891824,0.005097426,c
test_3787.jpg,0.0055900184,0.8296323,0.0014133782,0.16336428,b
test_3788.jpg,0.9833055,0.015893653,0.00025689698,0.00054385094,a
test_3789.jpg,0.0035885966,0.00090733933,0.99501836,0.00048566377,c
test_3790.jpg,0.008481121,0.9802843,0.002753417,0.008481121,b
test_3791.jpg,0.002465882,0.00055021263,0.0021761332,0.9948078,d
test_3792.jpg,0.0011686228,0.9980725,0.00037939628,0.00037939628,b
test_3793.jpg,0.00012338083,6.604099e-05,4.538927e-05,0.9997652,d
test_3794.jpg,0.00089464843,0.98110116,0.015858022,0.00214615,b
test_3795.jpg,0.00013978177,0.99957186,0.00017948332,0.00010886215,b
test_3796.jpg,0.9989095,0.00037971442,0.0005524812,0.00015828852,a
test_3797.jpg,0.99969065,0.00012337162,2.7527933e-05,0.0001584123,a
test_3798.jpg,0.00023039295,0.00033521978,0.9992761,0.00015834661,c
test_3799.jpg,0.001031133,0.00026071124,0.99790514,0.0008030472,c
test_3800.jpg,0.00029584384,0.00020333029,0.00017943834,0.99932134,d
test_3801.jpg,0.9725733,0.0011387662,0.0259182,0.00036970328,a
test_3802.jpg,0.00080051296,0.0040653404,0.994756,0.00037813556,c
test_3803.jpg,0.0010201703,0.9872957,0.003142346,0.008541781,b
test_3804.jpg,0.0503049,0.89167565,0.0503049,0.007714506,b
test_3805.jpg,0.0010275927,0.0009068474,0.99447894,0.0035866513,c
test_3806.jpg,0.99949,0.00013977032,0.00013977032,0.00023044228,a
test_3807.jpg,9.609407e-05,3.5351033e-05,5.143545e-05,0.9998171,d
test_3808.jpg,0.00010884518,0.9994161,0.00013975998,0.00033526676,b
test_3809.jpg,0.00026094684,0.99880695,0.0005524245,0.00037967545,b
test_3810.jpg,0.0007067168,0.0024666842,0.9951314,0.0016953256,c
test_3811.jpg,0.00020331994,0.00029582877,0.00023039167,0.9992705,d
test_3812.jpg,0.00026094684,0.0005524245,0.99880695,0.00037967545,c
test_3813.jpg,0.00017910512,0.9974656,0.00042965089,0.0019255617,b
test_3814.jpg,0.00037976087,0.00043032542,0.00015830787,0.99903166,d
test_3815.jpg,9.607197e-05,0.9995871,0.0001583959,0.0001583959,b
test_3816.jpg,0.00070833985,0.001323353,0.99741673,0.0005516556,c
test_3817.jpg,8.478732e-05,0.00013979067,0.00013979067,0.9996356,d
test_3818.jpg,0.00026109585,0.00015836264,0.00020334167,0.9993773,d
test_3819.jpg,0.0024434105,0.9857421,0.006641878,0.0051726997,b
test_3820.jpg,0.0002958476,0.0001397485,0.00023040632,0.99933404,d
test_3821.jpg,0.0011648769,0.0024660446,0.99487334,0.0014957315,c
test_3822.jpg,0.0013205932,0.0021772902,0.0011654194,0.9953367,d
test_3823.jpg,0.8875902,0.00320115,0.10600754,0.00320115,a
test_3824.jpg,0.0015003837,0.00042986713,0.00010210239,0.99796766,d
test_3825.jpg,0.9985998,0.00026089273,0.00043013942,0.00070918,a
test_3826.jpg,0.00070943835,0.00026098776,6.5988046e-05,0.9989636,d
test_3827.jpg,0.00017936873,0.0006260583,0.00026097993,0.9989336,d
test_3828.jpg,0.00015836718,0.999406,0.0002958689,0.00013975857,b
test_3829.jpg,0.008560717,0.00079627073,0.001158567,0.98948437,d
test_3830.jpg,0.00012331121,0.00029580825,0.00037982527,0.9992011,d
test_3831.jpg,0.99958664,0.00029592236,6.60292e-05,5.1423598e-05,a
test_3832.jpg,0.00037951133,0.00091040035,0.9983752,0.00033491757,c
test_3833.jpg,0.00020336607,0.9994972,9.6063326e-05,0.00020336607,b
test_3834.jpg,0.0003348591,0.00029551215,0.9982009,0.001168773,c
test_3835.jpg,0.0001794742,0.00020337092,9.606562e-05,0.999521,d
test_3836.jpg,0.0050397385,0.5825145,0.40035602,0.012089703,b
test_3837.jpg,0.0035898201,0.00062381715,0.9953576,0.00042874285,c
test_3838.jpg,0.00023039295,0.00015834661,0.00033521978,0.9992761,d
test_3839.jpg,0.99942565,0.00037991063,0.00013976131,5.4731314e-05,a
test_3840.jpg,0.0024694407,0.000378701,0.9962435,0.00090845645,c
test_3841.jpg,0.000709063,0.00023019906,0.9984351,0.00062574586,c
test_3842.jpg,0.99908173,0.0003351546,0.0003797799,0.00020328154,a
test_3843.jpg,0.0010315648,0.00048727676,0.00015819559,0.998323,d
test_3844.jpg,0.9993687,0.0002610936,0.00013975335,0.00023041431,a
test_3845.jpg,0.0016755172,0.014028931,0.98350406,0.0007914582,c
test_3846.jpg,0.00020328643,0.00020328643,0.0004876588,0.99910575,d
test_3847.jpg,0.03703235,0.007292102,0.0005985722,0.95507693,d
test_3848.jpg,0.0040581594,0.0010260633,0.99299884,0.0019169388,c
test_3849.jpg,0.0021362738,0.0202684,0.9765862,0.0010091042,c
test_3850.jpg,0.9964671,0.002179763,0.0005511304,0.00080189,a
test_3851.jpg,0.000430442,0.000108832784,0.00015835075,0.99930227,d
test_3852.jpg,0.00012338083,4.538927e-05,0.9997652,6.604099e-05,c
test_3853.jpg,7.483344e-05,9.6088035e-05,7.483344e-05,0.99975425,d
test_3854.jpg,8.479619e-05,0.00010888048,6.603934e-05,0.9997402,d
test_3855.jpg,0.00020326219,0.99898666,0.00037974378,0.00043030607,b
test_3856.jpg,0.00010884338,0.99939954,0.00023042141,0.00026110167,b
test_3857.jpg,0.00037978461,0.000230351,0.00029577655,0.9990941,d
test_3858.jpg,0.00033521443,0.0002958257,0.9992601,0.0001088282,c
test_3859.jpg,0.00037988788,0.00015836081,9.6050695e-05,0.99936575,d
test_3860.jpg,0.00062619976,0.00013972407,7.478891e-05,0.99915934,d
test_3861.jpg,0.0021772669,0.0016956574,0.99532604,0.00080097176,c
test_3862.jpg,0.9986994,0.00029565973,0.00029565973,0.00070925074,a
test_3863.jpg,0.9971445,0.00037904351,0.0021812448,0.0002951994,a
test_3864.jpg,0.03718415,0.9589919,0.0007717324,0.0030522612,b
test_3865.jpg,0.29186377,0.016465828,0.07379472,0.61787564,d
test_3866.jpg,0.0017000725,0.00020304469,0.0001791863,0.9979177,d
test_3867.jpg,8.477703e-05,0.9995142,0.0001397737,0.00026113162,b
test_3868.jpg,0.00033523687,0.00015835468,0.00017943936,0.99932706,d
test_3869.jpg,0.0019212228,0.0016954732,0.995218,0.0011652805,c
test_3870.jpg,0.0004297263,0.0002300159,0.0016996006,0.9976407,d
test_3871.jpg,0.00048753025,0.0003350743,0.9988424,0.0003350743,c
test_3872.jpg,0.0010277043,0.0019200045,0.99458694,0.0024653347,c
test_3873.jpg,4.0059807e-05,4.5393714e-05,5.1437815e-05,0.999863,d
test_3874.jpg,0.029016104,0.9608814,0.00942015,0.0006823934,b
test_3875.jpg,0.00043025907,0.0005524636,0.9988776,0.00013968468,c
test_3876.jpg,0.0009099618,0.0004870675,0.99789435,0.00070867897,c
test_3877.jpg,0.00037985618,0.00015834761,0.00017943134,0.9992824,d
test_3878.jpg,0.0004304358,0.00015834847,0.9992879,0.00012332192,c
test_3879.jpg,0.001168881,0.00020312108,0.00033489004,0.9982931,d
test_3880.jpg,7.4830015e-05,0.9997085,0.00015841513,5.827767e-05,b
test_3881.jpg,0.9995066,0.00012334892,0.00010885504,0.00026112964,a
test_3882.jpg,0.00012331715,0.00013973664,0.0004877288,0.99924916,d
test_3883.jpg,0.00080311653,0.0009100503,0.9979913,0.0002954501,c
test_3884.jpg,0.0031665778,0.9949091,0.0014957853,0.00042854968,b
test_3885.jpg,0.0004303807,0.00023036617,0.99915993,0.00017940936,c
test_3886.jpg,0.0002957916,0.9991449,0.00017940666,0.00037980394,b
test_3887.jpg,0.99959296,0.00015839681,0.00013978471,0.00010886444,a
test_3888.jpg,0.9838171,0.0018992138,0.0018992138,0.01238443,a
test_3889.jpg,0.00033520468,0.00020331192,0.9992311,0.00023038259,c
test_3890.jpg,0.43573165,0.23323035,0.031564295,0.2994737,a
test_3891.jpg,0.00012338083,4.538927e-05,6.604099e-05,0.9997652,d
test_3892.jpg,0.000709063,0.9984351,0.00023019906,0.00062574586,b
test_3893.jpg,0.00070942705,0.00013969447,0.00020325425,0.9989477,d
test_3894.jpg,0.9995722,0.00020338134,0.00015839354,6.6028246e-05,a
test_3895.jpg,0.0001397778,0.00015838898,0.00015838898,0.9995435,d
test_3896.jpg,0.00055251614,0.00013969796,0.99897265,0.00033511798,c
test_3897.jpg,0.99093294,0.0075658658,0.00079743646,0.00070373516,a
test_3898.jpg,8.4771644e-05,0.99945074,0.00020335661,0.00026111503,b
test_3899.jpg,0.0014990561,0.000708104,0.9970847,0.000708104,c
test_3900.jpg,0.00010884338,0.99939954,0.00023042141,0.00026110167,b
test_3901.jpg,0.9990859,0.0005525788,0.00015831647,0.00020328238,a
test_3902.jpg,0.999566,0.00017948227,0.00015839255,9.606994e-05,a
test_3903.jpg,0.000803704,0.0001793306,0.0002956662,0.9987213,d
test_3904.jpg,0.00029556986,0.0011690013,0.99839586,0.00013961732,c
test_3905.jpg,0.00070943835,0.00026098776,6.5988046e-05,0.9989636,d
test_3906.jpg,0.0019237445,0.001322169,0.0002297585,0.9965243,d
test_3907.jpg,5.8283673e-05,0.9998115,8.480224e-05,4.539137e-05,b
test_3908.jpg,0.0006253725,0.99783933,0.0009099117,0.0006253725,b
test_3909.jpg,0.00012336548,0.9996408,0.0001397914,9.6077136e-05,b
test_3910.jpg,0.9994017,0.00033526192,0.00013975796,0.00012333597,a
test_3911.jpg,0.00037976966,0.0003351455,0.99905473,0.00023034192,c
test_3912.jpg,0.0011684379,0.00042984428,0.9979146,0.0004870774,c
test_3913.jpg,0.0003797527,0.0003797527,0.9990101,0.00023033163,c
test_3914.jpg,9.604631e-05,9.604631e-05,0.00048776343,0.99932015,d
test_3915.jpg,0.0013008047,0.98042196,0.015847046,0.0024302232,b
test_3916.jpg,0.03698696,0.00642737,0.9539063,0.0026793266,c
test_3917.jpg,0.0002610229,0.00037978616,0.9990982,0.0002610229,c
test_3918.jpg,0.9262527,0.0029480595,0.046115406,0.0246838,a
test_3919.jpg,0.00755367,0.0027788403,0.9893356,0.0003318851,c
test_3920.jpg,0.0016944032,0.00055009214,0.0031655617,0.9945899,d
test_3921.jpg,0.00029546616,0.000334807,0.0013241874,0.99804556,d
test_3922.jpg,0.00017948907,0.00015839856,5.8271573e-05,0.9996039,d
test_3923.jpg,0.0006259241,0.0005523761,0.0001021793,0.99871945,d
test_3924.jpg,0.9992243,0.0003352024,0.00017942092,0.0002610559,a
test_3925.jpg,0.99944097,0.00012334081,0.00013976346,0.00029587926,a
test_3926.jpg,0.00023037835,0.00026105286,0.99921274,0.00029581168,c
test_3927.jpg,0.00649258,0.0008254389,0.029097723,0.96358424,d
test_3928.jpg,0.00070596137,0.0011639335,0.99406767,0.0040625273,c
test_3929.jpg,0.99737203,0.00042961058,0.0011678026,0.0010305821,a
test_3930.jpg,0.003576047,0.0045917355,0.9915387,0.00029353984,c
test_3931.jpg,0.0001397914,9.6077136e-05,0.00012336548,0.9996408,d
test_3932.jpg,0.0013148768,0.99102825,0.0024565135,0.0052004387,b
test_3933.jpg,0.99779177,0.0006253427,0.00055186305,0.0010310159,a
test_3934.jpg,0.011185571,0.37041524,0.007687723,0.61071146,d
test_3935.jpg,0.00062591117,0.00037963438,0.99869883,0.00029565956,c
test_3936.jpg,0.016756492,0.05161363,0.016756492,0.9148734,d
test_3937.jpg,0.99775934,0.00048700164,0.0013238076,0.0004297774,a
test_3938.jpg,0.0031643538,0.0019192775,0.99421036,0.0007060627,c
test_3939.jpg,0.00023045654,0.00010885997,0.99955183,0.00010885997,c
test_3940.jpg,0.00043044754,0.99931514,0.00015835279,9.604583e-05,b
test_3941.jpg,0.003539304,0.0027564128,0.9813509,0.012353385,c
test_3942.jpg,0.98660976,0.0005456784,0.0004249748,0.012419584,a
test_3943.jpg,0.00012336319,0.00017949239,7.482357e-05,0.99962234,d
test_3944.jpg,0.97015667,0.015681121,0.005768762,0.0083935,a
test_3945.jpg,0.00015839681,0.00010886444,0.00013978471,0.99959296,d
test_3946.jpg,0.0006259145,0.0003350279,0.9987041,0.0003350279,c
test_3947.jpg,0.98540527,0.00042445597,0.00011424078,0.01405605,a
test_3948.jpg,0.02576804,0.0007781274,0.96693856,0.006515181,c
test_3949.jpg,0.00062622945,0.9992067,0.00010882238,5.8248417e-05,b
test_3950.jpg,0.16383256,0.83201045,0.0018200155,0.0023369463,b
test_3951.jpg,0.0035671594,0.9890744,0.0045803236,0.0027781066,b
test_3952.jpg,0.000625439,0.99794537,0.00026072175,0.0011684739,b
test_3953.jpg,6.6028544e-05,0.99957675,9.607097e-05,0.00026114797,b
test_3954.jpg,0.00017950407,0.99968743,7.482844e-05,5.827644e-05,b
test_3955.jpg,0.26855955,0.73002046,0.0007543284,0.0006656925,b
test_3956.jpg,0.00015838823,0.00012335287,0.00017947739,0.9995388,d
test_3957.jpg,0.9982987,0.0003348919,0.0003348919,0.0010315396,a
test_3958.jpg,0.0015001822,0.0004870379,0.00017917121,0.99783367,d
test_3959.jpg,0.0014989149,0.00070803723,0.9969907,0.00080231135,c
test_3960.jpg,0.00020337012,0.0001397741,0.0001397741,0.9995171,d
test_3961.jpg,0.0021796033,0.00062446675,0.9963941,0.00080183125,c
test_3962.jpg,0.0007088148,0.00091013627,0.000295478,0.9980856,d
test_3963.jpg,0.0011685597,0.9980186,0.0005519885,0.0002607409,b
test_3964.jpg,0.0013244672,0.9982565,0.00015818504,0.00026080303,b
test_3965.jpg,0.9951816,0.003167445,0.00048574345,0.0011652379,a
test_3966.jpg,2.7532109e-05,0.9998423,8.480486e-05,4.539277e-05,b
test_3967.jpg,0.30677316,0.23891518,0.3939045,0.060407218,c
test_3968.jpg,0.00033503506,0.00070926925,0.00023026601,0.9987255,d
test_3969.jpg,0.0058294088,0.0014739054,0.98035586,0.0123408595,c
test_3970.jpg,0.00012337488,8.479422e-05,7.483065e-05,0.99971694,d
test_3971.jpg,0.9994715,0.00015837757,0.00013976773,0.000230438,a
test_3972.jpg,0.000123373,5.1429524e-05,0.000123373,0.9997018,d
test_3973.jpg,0.99840325,0.00033492697,0.0010316477,0.00023019171,a
test_3974.jpg,0.9992637,0.00029582676,0.000179428,0.00026106616,a
test_3975.jpg,0.0002304481,7.481556e-05,0.9995153,0.00017947317,c
test_3976.jpg,0.0018979862,0.0008965452,0.014024326,0.9831812,d
test_3977.jpg,6.602144e-05,0.9994692,0.0003799272,8.477321e-05,b
test_3978.jpg,0.9979448,0.0011684732,0.0005519476,0.00033477318,a
test_3979.jpg,0.06000592,0.0008559385,0.00048769903,0.93865055,d
test_3980.jpg,0.00070309284,0.00070309284,0.99002844,0.008565424,c
test_3981.jpg,0.00020334167,0.9993773,0.00026109585,0.00015836264,b
test_3982.jpg,0.9983752,0.00091040035,0.00037951133,0.00033491757,a
test_3983.jpg,0.002532319,0.0008751459,0.095024556,0.90156794,d
test_3984.jpg,0.0006261358,0.00015831193,0.00015831193,0.99905723,d
test_3985.jpg,0.0021807828,0.0003344339,0.99693334,0.00055138825,c
test_3986.jpg,0.0011688955,0.00029554308,0.00023016917,0.99830544,d
test_3987.jpg,0.00070905493,0.00015821154,0.9984237,0.00070905493,c
test_3988.jpg,0.9566267,0.0023712406,0.037092444,0.0039095148,a
test_3989.jpg,0.9987764,0.00033505214,0.00017934048,0.0007093054,a
test_3990.jpg,0.0750444,0.008962776,0.0017648751,0.9142279,d
test_3991.jpg,0.00013976118,0.9994247,0.00029587443,0.00013976118,b
test_3992.jpg,0.00010886782,0.9996239,0.00010886782,0.00015840173,b
test_3993.jpg,0.9744994,0.0012929467,0.020225089,0.0039825565,a
test_3994.jpg,0.00033522368,0.9992878,0.00011585021,0.00026107245,b
test_3995.jpg,0.00048644256,0.002470359,0.000429284,0.9966139,d
test_3996.jpg,0.005173999,0.0013081918,0.9859897,0.007528124,c
test_3997.jpg,0.0005514772,0.00042949087,0.99709415,0.0019248446,c
test_3998.jpg,0.009609929,0.0016699553,0.98023933,0.008480732,c
test_3999.jpg,0.00015830167,0.9989925,0.0007094589,0.00013970074,b
test_4000.jpg,0.0008028654,0.00048696253,0.9976793,0.0010308996,c
test_4001.jpg,0.01585157,0.0013011761,0.980702,0.0021452769,c
test_4002.jpg,0.0003558123,0.11900293,0.8793193,0.0013220031,c
test_4003.jpg,0.0008016035,0.0021789842,0.0009083357,0.9961111,d
test_4004.jpg,0.00010886012,0.99955326,0.00017947999,0.00015839054,b
test_4005.jpg,0.0032501384,0.044866778,0.15660043,0.79528266,d
test_4006.jpg,0.00029584114,0.00029584114,9.604556e-05,0.9993123,d
test_4007.jpg,0.96027684,0.0021005971,0.00038857138,0.037233975,a
test_4008.jpg,0.000487367,0.00070911477,0.9985079,0.00029560304,c
test_4009.jpg,0.00026108458,0.99933416,0.00029584763,0.00010883626,b
test_4010.jpg,0.075751215,0.001080533,0.00032954395,0.92283875,d
test_4011.jpg,0.0007091151,0.00023021596,0.0005522594,0.9985084,d
test_4012.jpg,0.99946684,0.000123344,0.00017946446,0.00023043693,a
test_4013.jpg,0.0004304257,0.00023039027,7.479678e-05,0.9992644,d
test_4014.jpg,0.999652,0.00012336686,8.478872e-05,0.00013979297,a
test_4015.jpg,0.93129915,0.002964121,0.02481828,0.04091843,a
test_4016.jpg,0.9985354,0.00070913427,0.00020317038,0.0005522743,a
test_4017.jpg,0.00055238354,0.00033503753,0.99873286,0.0003796473,c
test_4018.jpg,0.00023039342,0.9992781,0.00026106994,0.00023039342,b
test_4019.jpg,0.0075689317,0.9913345,0.0005482916,0.0005482916,b
test_4020.jpg,0.9983101,0.0008033731,0.00026081703,0.00062566757,a
test_4021.jpg,0.00033268446,0.007571863,0.0003769809,0.9917184,d
test_4022.jpg,0.017960964,0.0006145903,0.00078914966,0.9806354,d
test_4023.jpg,0.0001397126,0.00055257406,0.00023034713,0.9990773,d
test_4024.jpg,0.00020331432,0.0004304164,0.9992429,0.00012331636,c
test_4025.jpg,0.9986186,0.0006258609,0.0002031873,0.0005523203,a
test_4026.jpg,0.0004303704,0.00023036066,0.00020329257,0.99913603,d
test_4027.jpg,0.0007093218,0.00023028307,0.99879944,0.0002609449,c
test_4028.jpg,0.0005525787,0.00020328235,0.9990858,0.00015831646,c
test_4029.jpg,0.00012335516,0.00026114285,5.826885e-05,0.9995572,d
test_4030.jpg,0.00080307224,0.0007087087,0.99793625,0.0005519429,c
test_4031.jpg,0.00043041102,0.00023038241,0.000108824956,0.9992304,d
test_4032.jpg,0.0046051573,0.00080025627,0.994437,0.0001575798,c
test_4033.jpg,0.0005521903,0.9983835,0.0008034322,0.0002608362,b
test_4034.jpg,0.0015842996,0.001088872,0.06736613,0.92996067,d
test_4035.jpg,0.0009094023,0.00048676803,0.0013231726,0.9972807,d
test_4036.jpg,0.0005518909,0.9978421,0.00080299645,0.00080299645,b
test_4037.jpg,0.028319696,0.022055402,0.011805406,0.93781954,d
test_4038.jpg,0.9995084,0.00010885523,0.00017947193,0.00020336834,a
test_4039.jpg,0.0002958476,0.00023040632,0.0001397485,0.99933404,d
test_4040.jpg,0.000430248,0.00023029516,0.00048753488,0.9988519,d
test_4041.jpg,0.0019240462,0.0004864751,0.99668056,0.00090885506,c
test_4042.jpg,0.9998472,5.1437e-05,6.6046414e-05,3.53521e-05,a
test_4043.jpg,0.0004303405,0.00012329461,0.99906665,0.00037977417,c
test_4044.jpg,0.00013977975,0.00017948073,0.99955744,0.00012335519,c
test_4045.jpg,9.6091826e-05,3.5350207e-05,7.48364e-05,0.9997937,d
test_4046.jpg,0.0008036631,0.99867046,0.00029565115,0.00023025332,b
test_4047.jpg,6.6029475e-05,0.9995908,0.00013978442,0.00020338512,b
test_4048.jpg,0.00012336158,0.9996093,0.0001583994,0.00010886622,b
test_4049.jpg,0.83199763,0.0012508578,0.1445795,0.022171985,a
test_4050.jpg,0.045002736,0.90390414,0.006090458,0.045002736,b
test_4051.jpg,0.0014965478,0.0019216056,0.9954163,0.0011655126,c
test_4052.jpg,0.022931295,0.9750634,0.0014659485,0.00053929235,b
test_4053.jpg,0.9953577,0.0006238172,0.0004287429,0.0035898206,a
test_4054.jpg,0.00070893695,0.00023015813,0.9982576,0.00080333085,c
test_4055.jpg,0.99752384,0.001030739,0.0011679803,0.00027741966,a
test_4056.jpg,0.9980725,0.00037939628,0.00037939628,0.0011686228,a
test_4057.jpg,6.603732e-05,0.00015841529,6.603732e-05,0.99970955,d
test_4058.jpg,0.00033512362,0.00037974483,0.00029574556,0.9989894,d
test_4059.jpg,0.9954951,0.00042880207,0.000907774,0.0031684428,a
test_4060.jpg,0.001026723,0.0021735725,0.9936372,0.0031625296,c
test_4061.jpg,9.608866e-05,8.4797946e-05,5.828072e-05,0.9997608,d
test_4062.jpg,0.0013239707,0.00062539947,0.000168324,0.9978823,d
test_4063.jpg,0.001029748,0.0007077348,0.9965648,0.0016977676,c
test_4064.jpg,0.05967888,0.0038151434,0.93353474,0.0029712366,c
test_4065.jpg,0.020277983,0.0010095813,0.9770479,0.0016645183,c
test_4066.jpg,0.9994879,0.00023044179,0.0001233466,0.00015838018,a
test_4067.jpg,0.9994715,0.00013976773,0.00015837757,0.000230438,a
test_4068.jpg,0.99964976,0.00020339711,8.4788524e-05,6.203261e-05,a
test_4069.jpg,9.609193e-05,8.480082e-05,2.4295843e-05,0.9997948,d
test_4070.jpg,0.00080327777,0.00037944157,0.99819165,0.0006255933,c
test_4071.jpg,0.00037972786,0.9989448,0.00029573234,0.00037972786,b
test_4072.jpg,0.00023030212,0.9988821,0.00033508762,0.0005524661,b
test_4073.jpg,0.0010316654,0.99842036,0.0003795285,0.00016841474,b
test_4074.jpg,0.0016995484,0.9976101,0.0004297131,0.00026063414,b
test_4075.jpg,0.00055247085,0.9988908,0.00029571637,0.00026096875,b
test_4076.jpg,0.052005764,0.007038214,0.019131849,0.92182416,d
test_4077.jpg,0.99763644,0.00048694163,0.0011681122,0.00070849585,a
test_4078.jpg,9.609592e-05,4.0058738e-05,2.7531945e-05,0.9998363,d
test_4079.jpg,0.99757296,0.000551742,0.000551742,0.0013235603,a
test_4080.jpg,0.0046555256,0.105959274,0.8871861,0.0021991145,c
test_4081.jpg,0.0006257317,0.00080345554,0.00015820976,0.9984125,d
test_4082.jpg,0.010961918,0.9867604,0.0014835342,0.0007940787,b
test_4083.jpg,0.0002033491,0.00017945495,0.0002033491,0.99941385,d
test_4084.jpg,0.99936336,0.00029585627,0.0002610922,7.9628626e-05,a
test_4085.jpg,9.609187e-05,5.1434272e-05,5.8282665e-05,0.9997942,d
test_4086.jpg,0.009491542,0.005080456,0.85440135,0.1310267,c
test_4087.jpg,0.0010294794,0.0004862917,0.99630487,0.002179408,c
test_4088.jpg,6.603765e-05,0.99971455,9.608422e-05,0.00012337457,b
test_4089.jpg,0.0020421096,0.052666705,0.01175153,0.9335396,d
test_4090.jpg,0.00013977975,0.99955744,0.00017948073,0.00012335519,b
test_4091.jpg,0.118774556,0.87763184,0.00279331,0.00080029666,b
test_4092.jpg,0.9993381,0.0003352406,0.0002033337,0.00012332812,a
test_4093.jpg,0.010797594,0.042705312,0.66802347,0.27847362,c
test_4094.jpg,0.0013228961,0.00080237706,0.99707234,0.00080237706,c
test_4095.jpg,0.999841,3.535188e-05,2.7532073e-05,9.609637e-05,a
test_4096.jpg,0.00020325277,0.9989404,0.00023031556,0.00062606257,b
test_4097.jpg,0.99788827,0.00080303365,0.000277521,0.0010311155,a
test_4098.jpg,0.99904674,0.0005525571,0.00013970833,0.0002610095,a
test_4099.jpg,0.0009102436,0.9982033,0.00062560063,0.00026078912,b
test_4100.jpg,0.0007089733,0.00055214897,0.00043001407,0.9983088,d
test_4101.jpg,0.008556298,0.0011579689,0.98897356,0.0013121507,c
test_4102.jpg,0.041848898,0.9524765,0.0044108415,0.0012637271,b
test_4103.jpg,0.00020337901,0.00013978021,9.606944e-05,0.9995608,d
test_4104.jpg,7.482654e-05,0.99966204,0.00013979437,0.0001233681,b
test_4105.jpg,0.9968047,0.00029509878,0.0004293662,0.0024708319,a
test_4106.jpg,0.0002611112,0.00012334021,0.00017945895,0.9994361,d
test_4107.jpg,0.0031548783,0.0024570217,0.9912333,0.0031548783,c
test_4108.jpg,0.38145673,0.024385711,0.2970788,0.2970788,a
test_4109.jpg,0.00037618133,0.98961496,0.0024530103,0.0075558033,b
test_4110.jpg,0.00023041225,0.00017944524,0.00023041225,0.9993598,d
test_4111.jpg,0.99001545,0.0019111795,0.000514387,0.007558861,a
test_4112.jpg,0.00055183715,0.00037927178,0.99774504,0.0013237885,c
test_4113.jpg,0.0002958756,0.0001794576,9.6056734e-05,0.9994286,d
test_4114.jpg,0.9990138,0.00023033249,0.00020326771,0.0005525389,a
test_4115.jpg,0.0004876949,0.00010222639,0.00023037073,0.99917966,d
test_4116.jpg,0.9976947,0.0005518093,0.0013237218,0.00042974955,a
test_4117.jpg,0.0027722958,0.9870056,0.00054589735,0.009676263,b
test_4118.jpg,0.99919313,0.00048770144,0.0001397288,0.00017941532,a
test_4119.jpg,0.0014965427,0.00279591,0.9954129,0.00029468676,c
test_4120.jpg,0.00023046733,9.607308e-05,7.482179e-05,0.9995987,d
test_4121.jpg,6.603656e-05,0.99969816,9.6082644e-05,0.00013979942,b
test_4122.jpg,0.99927706,0.00013974053,0.00020332127,0.00037985414,a
test_4123.jpg,0.00023030682,0.00048755956,0.00037971177,0.99890244,d
test_4124.jpg,0.0011688595,0.0002608078,0.9982748,0.000295534,c
test_4125.jpg,0.00010886553,0.999603,8.478455e-05,0.00020338758,b
test_4126.jpg,0.000158358,0.0003352439,0.000158358,0.999348,d
test_4127.jpg,0.99856097,0.0006258248,0.00055228843,0.00026088257,a
test_4128.jpg,0.0016966343,0.0007072623,0.9958995,0.0016966343,c
test_4129.jpg,0.0009977464,0.03304082,0.0003670504,0.9655944,d
test_4130.jpg,0.00042995482,0.0011687384,0.00023013822,0.9981712,d
test_4131.jpg,0.00043008788,0.00091049605,0.0001792873,0.99848014,d
test_4132.jpg,0.0002304664,6.602973e-05,0.9995946,0.000108864624,c
test_4133.jpg,0.0031172265,0.0065991683,0.97940344,0.01088019,c
test_4134.jpg,0.00010884339,0.99939966,0.0002611017,0.00023042144,b
test_4135.jpg,0.9995295,0.00020337263,0.00015838676,0.00010885753,a
test_4136.jpg,0.0002957405,0.9989723,0.00017937567,0.00055251596,b
test_4137.jpg,0.99943167,0.00015837127,0.00023042884,0.00017945816,a
test_4138.jpg,0.002469349,0.0002949217,0.9962064,0.0010293777,c
test_4139.jpg,0.00015839451,0.9995784,0.00012335778,0.00013978269,b
test_4140.jpg,0.00070906,0.00043006663,0.00043006663,0.9984308,d
test_4141.jpg,0.000179328,0.9987068,0.00020320524,0.00091070274,b
test_4142.jpg,0.9991503,0.00033517758,0.00017940762,0.00033517758,a
test_4143.jpg,0.9703648,0.0016531328,0.025859347,0.0021226646,a
test_4144.jpg,0.0018780072,0.02287881,0.9728318,0.002411409,c
test_4145.jpg,0.00026114233,7.481854e-05,0.00010886033,0.9995552,d
test_4146.jpg,0.99899334,0.00029574672,0.0005525276,0.0001583018,a
test_4147.jpg,0.00054939656,0.9933323,0.00090580183,0.0052125296,b
test_4148.jpg,0.00012335429,0.00023045615,9.606842e-05,0.99955016,d
test_4149.jpg,0.32196292,0.055948764,0.0205824,0.60150594,d
test_4150.jpg,0.0009094325,0.9973138,0.00027736125,0.0014994006,b
test_4151.jpg,0.0040302775,0.76803493,0.19418964,0.0337451,b
test_4152.jpg,0.005823828,0.97941726,0.013970637,0.0007881694,b
test_4153.jpg,0.9981583,0.0005520657,0.00037942888,0.00091020257,a
test_4154.jpg,0.9936433,0.004060793,0.0019181828,0.0003777126,a
test_4155.jpg,0.8943877,0.09426776,0.006026337,0.0053182235,a
test_4156.jpg,0.00023037835,0.99921274,0.00029581168,0.00026105286,b
test_4157.jpg,0.00037970534,0.9988856,0.000108787404,0.0006260282,b
test_4158.jpg,0.0002611112,0.00012334021,0.9994361,0.00017945895,c
test_4159.jpg,0.017010042,0.008034975,0.046238087,0.92871684,d
test_4160.jpg,0.9996791,0.00017950257,9.608081e-05,4.538536e-05,a
test_4161.jpg,0.00043017528,0.0006259013,0.99868304,0.00026091447,c
test_4162.jpg,0.34668782,0.57159156,0.0773565,0.0043641552,b
test_4163.jpg,0.0010309969,0.0007085931,0.99777335,0.00048700848,c
test_4164.jpg,0.036321096,0.0049155257,0.9367334,0.02202986,c
test_4165.jpg,0.004555549,0.9837246,0.010928194,0.00079163566,b
test_4166.jpg,0.010979597,0.00054664194,0.0001219723,0.98835176,d
test_4167.jpg,0.009688744,0.00054660154,0.001485817,0.98827875,d
test_4168.jpg,0.8708361,0.0027716805,0.008537377,0.11785485,a
test_4169.jpg,9.6082724e-05,0.999699,0.00010887599,9.6082724e-05,b
test_4170.jpg,0.00043044754,0.00015835279,0.99931514,9.604583e-05,c
test_4171.jpg,0.9944707,0.0035866215,0.0006232613,0.0013194443,a
test_4172.jpg,0.5581438,0.33853135,0.027788343,0.07553655,a
test_4173.jpg,0.015595662,0.9648695,0.017672202,0.0018626363,b
test_4174.jpg,0.9994843,0.00020336345,0.00010885261,0.00020336345,a
test_4175.jpg,0.00013966256,0.99871945,0.00091071427,0.00023026462,b
test_4176.jpg,0.0007060587,0.00048526662,0.0046040816,0.9942047,d
test_4177.jpg,0.999548,0.00020337642,0.00013977844,0.00010885955,a
test_4178.jpg,0.010213898,0.066602975,0.91942567,0.0037574826,c
test_4179.jpg,0.0045965677,0.00090511783,0.9925822,0.0019161345,c
test_4180.jpg,0.015787542,0.0016639949,0.97674066,0.005807912,c
test_4181.jpg,0.00023040202,0.00015835284,0.9993154,0.00029584207,c
test_4182.jpg,0.0014932646,0.0016920906,0.9932325,0.0035821556,c
test_4183.jpg,0.0002957059,0.00070936145,0.00013968156,0.99885535,d
test_4184.jpg,5.8283673e-05,0.9998115,8.480224e-05,4.539137e-05,b
test_4185.jpg,7.482531e-05,0.9996456,0.00013979207,0.00013979207,b
test_4186.jpg,0.00012338412,5.1434155e-05,3.3208384e-05,0.9997919,d
test_4187.jpg,0.0001580082,0.9971405,0.00022990057,0.0024716642,b
test_4188.jpg,0.09519317,0.0011983052,0.90316767,0.00044083188,c
test_4189.jpg,0.00292178,0.8101286,0.18076414,0.0061854078,b
test_4190.jpg,0.0002034054,6.603606e-05,0.99969053,4.0052895e-05,c
test_4191.jpg,0.0027946124,0.00033376884,0.9949509,0.001920707,c
test_4192.jpg,0.9996147,0.00017949102,0.00013978776,6.6031054e-05,a
test_4193.jpg,0.00012337226,0.9996958,9.608241e-05,8.4792424e-05,b
test_4194.jpg,0.00013980239,7.483083e-05,6.603797e-05,0.9997193,d
test_4195.jpg,0.00055209687,0.00042997347,0.9982146,0.0008032962,c
test_4196.jpg,0.018587455,0.8955938,0.0833032,0.0025155388,b
test_4197.jpg,6.603151e-05,0.9996216,0.00010886757,0.00020339139,b
test_4198.jpg,0.9996588,0.000108871616,0.000108871616,0.0001233677,a
test_4199.jpg,0.00043019195,0.00055237743,0.9987218,0.00029566634,c
test_4200.jpg,0.9992107,0.0002958111,0.00015833625,0.00033519787,a
test_4201.jpg,0.9956182,0.0014968513,0.00070706254,0.002177906,a
test_4202.jpg,0.0050206236,0.9567615,0.037097666,0.0011202524,b
test_4203.jpg,0.00020331368,0.00026105993,0.0002958197,0.9992398,d
test_4204.jpg,0.0040631914,0.0008000898,0.99423015,0.0009066205,c
test_4205.jpg,0.99895287,0.00017937217,0.0001582954,0.0007094308,a
test_4206.jpg,0.00054815767,0.06744468,0.0009620467,0.93104506,d
test_4207.jpg,0.00029541852,0.9978847,0.0009099531,0.0009099531,b
test_4208.jpg,8.4779655e-05,0.0002611397,0.00010885924,0.99954516,d
test_4209.jpg,0.00090960955,0.00055170606,0.9975079,0.0010307226,c
test_4210.jpg,0.98060304,0.00089419424,0.0005423562,0.017960371,a
test_4211.jpg,0.00037978461,0.000230351,0.00029577655,0.9990941,d
test_4212.jpg,0.0011545551,0.012412638,0.98605794,0.0003748292,c
test_4213.jpg,0.0002611167,0.00012334279,0.99945706,0.00015837529,c
test_4214.jpg,0.00023043636,0.00023043636,0.99946433,7.481174e-05,c
test_4215.jpg,0.00033499795,0.0009106188,0.9986148,0.00013964792,c
test_4216.jpg,0.0027223595,0.8553399,0.01076714,0.13117062,b
test_4217.jpg,0.0016981544,0.0008021513,0.9967918,0.000707896,c
test_4218.jpg,0.9992435,0.0002958208,0.00023038544,0.00023038544,a
test_4219.jpg,0.0029003767,0.084761426,0.9112712,0.0010669889,c
test_4220.jpg,3.120014e-05,2.1443522e-05,3.535439e-05,0.999912,d
test_4221.jpg,0.007561954,0.0013140707,0.9904206,0.00070337136,c
test_4222.jpg,0.0024563135,0.0007037456,0.0058923895,0.99094754,d
test_4223.jpg,7.4824646e-05,0.99963677,0.00017949498,0.000108869215,b
test_4224.jpg,8.4801584e-05,4.5391018e-05,6.604354e-05,0.9998037,d
test_4225.jpg,0.022818865,0.0024050907,0.9702828,0.0044933013,c
test_4226.jpg,0.00017943134,0.9992824,0.00037985618,0.00015834761,b
test_4227.jpg,0.00055238354,0.0003796473,0.00033503753,0.99873286,d
test_4228.jpg,0.008016818,0.046133604,0.9266182,0.019231347,c
test_4229.jpg,0.00968952,0.001157248,0.98835784,0.0007953642,c
test_4230.jpg,0.00012334439,0.99946994,0.00020336051,0.00020336051,b
test_4231.jpg,0.000430248,0.00048753488,0.9988519,0.00023029516,c
test_4232.jpg,0.00037988415,0.00017944456,8.4763604e-05,0.999356,d
test_4233.jpg,0.00013976773,0.9994715,0.00015837757,0.000230438,b
test_4234.jpg,0.022892168,0.0006100556,0.97339976,0.0030981181,c
test_4235.jpg,0.00015839255,0.00017948227,0.999566,9.606994e-05,c
test_4236.jpg,0.00037985013,0.00023039074,0.00012331927,0.99926645,d
test_4237.jpg,0.05934574,0.008031573,0.9283236,0.0042989915,c
test_4238.jpg,0.00042943325,0.00042943325,0.002180842,0.99696034,d
test_4239.jpg,0.00010883482,0.999321,0.00013974668,0.00043045005,b
test_4240.jpg,0.00013977438,0.00029590234,4.5378092e-05,0.999519,d
test_4241.jpg,0.0035806354,0.22152606,0.7732019,0.0016913723,c
test_4242.jpg,0.9986934,0.00080368156,0.00037963229,0.00012324855,a
test_4243.jpg,0.00023021964,0.99852437,0.0003349676,0.0009105363,b
test_4244.jpg,0.8497092,0.0018587314,0.0007748345,0.1476573,a
test_4245.jpg,0.9984137,0.00029557513,0.000487321,0.00080345647,a
test_4246.jpg,0.00015778001,0.0035910567,0.9957004,0.00055070635,c
test_4247.jpg,0.0013237788,0.00023003825,0.99773765,0.00070856774,c
test_4248.jpg,0.00062610256,0.00010880032,0.9990042,0.00026099838,c
test_4249.jpg,0.00062585494,0.00033499603,0.9986091,0.0004301434,c
test_4250.jpg,0.0014978071,0.00055101246,0.99625385,0.001697238,c
test_4251.jpg,0.0016972676,0.00033421177,0.99627125,0.0016972676,c
test_4252.jpg,0.9989562,0.00026098583,0.0002303192,0.00055250706,a
test_4253.jpg,0.62651587,0.3353498,0.016696082,0.021438194,a
test_4254.jpg,0.9992781,0.00026106994,0.00023039342,0.00023039342,a
test_4255.jpg,0.032619946,0.0020853234,0.012000208,0.9532946,d
test_4256.jpg,0.99834883,0.00029555592,0.00080340425,0.00055217114,a
test_4257.jpg,0.00091059675,0.9985905,0.00029562748,0.0002031816,b
test_4258.jpg,0.002417292,0.017861504,0.004516096,0.9752051,d
test_4259.jpg,0.0019241672,0.00062468555,0.99674326,0.0007078615,c
test_4260.jpg,3.1196578e-05,0.9997979,9.6092226e-05,7.48367e-05,b
test_4261.jpg,0.0013230208,0.0008024527,0.99716634,0.00070816197,c
test_4262.jpg,0.9979572,0.00020305274,0.00013955597,0.0017001398,a
test_4263.jpg,0.79228383,0.20032074,0.003237883,0.004157524,a
test_4264.jpg,0.00037974483,0.9989894,0.00029574556,0.00033512362,b
test_4265.jpg,0.00033439446,0.99681586,0.0024708596,0.00037891857,b
test_4266.jpg,0.009668433,0.0016801218,0.9862069,0.0024445627,c
test_4267.jpg,0.00014865074,0.99858993,0.0005523045,0.000709173,b
test_4268.jpg,0.9997789,8.479948e-05,8.479948e-05,5.143349e-05,a
test_4269.jpg,0.00015836091,0.99936634,0.00017944642,0.00029585714,b
test_4270.jpg,0.00026090562,0.0009106502,0.00017931765,0.9986492,d
test_4271.jpg,0.9990583,0.00015831209,0.00048763564,0.00029576596,a
test_4272.jpg,0.00037976296,0.99903715,0.00020327246,0.00037976296,b
test_4273.jpg,0.99938524,0.0003352564,0.00013975566,0.00013975566,a
test_4274.jpg,0.00015840144,0.9996221,0.00012336316,9.607534e-05,b
test_4275.jpg,0.000909836,0.00070858095,0.9977563,0.0006253205,c
test_4276.jpg,0.0019244688,0.9968995,0.0005513695,0.00062478345,b
test_4277.jpg,9.6081494e-05,0.0001088746,0.99968624,0.0001088746,c
test_4278.jpg,0.00026112967,0.00012334893,0.00010885505,0.9995067,d
test_4279.jpg,9.6088035e-05,7.483344e-05,7.483344e-05,0.99975425,d
test_4280.jpg,0.0016989491,0.00033454288,0.9972583,0.00070822734,c
test_4281.jpg,0.9982175,0.0013244154,0.0003348647,0.00012318983,a
test_4282.jpg,3.53451e-05,0.9996493,0.000230479,8.478849e-05,b
test_4283.jpg,0.0011681123,0.0007084959,0.0004869417,0.99763656,d
test_4284.jpg,0.00010886242,0.99957436,0.00015839387,0.00015839387,b
test_4285.jpg,0.0002032271,0.9988142,0.00055242854,0.00043023177,b
test_4286.jpg,0.9993765,0.00033525345,0.00017944824,0.00010884086,a
test_4287.jpg,0.9997173,0.00015841653,6.6037835e-05,5.8278183e-05,a
test_4288.jpg,0.99952245,0.00017947445,0.00015838565,0.00013977486,a
test_4289.jpg,0.7815308,0.018379845,0.19760194,0.0024874413,a
test_4290.jpg,0.0006259972,0.00015827689,0.9988361,0.00037968653,c
test_4291.jpg,5.827971e-05,0.9997435,7.483264e-05,0.00012337815,b
test_4292.jpg,0.99638927,0.0016974686,0.00021580888,0.0016974686,a
test_4293.jpg,0.00020335501,0.00012334104,0.00023043141,0.9994429,d
test_4294.jpg,0.00012328196,0.9989641,0.00020325759,0.0007094387,b
test_4295.jpg,0.0007093333,0.00029569413,0.00017934754,0.99881566,d
test_4296.jpg,0.9951806,0.0031674418,0.0010283177,0.0006237062,a
test_4297.jpg,0.8318434,0.16379966,0.0026475752,0.0017094029,a
test_4298.jpg,0.000139795,0.99966645,0.000108872446,8.478994e-05,b
test_4299.jpg,0.0003798798,9.604866e-05,0.9993445,0.0001794425,c
test_4300.jpg,0.00029589218,9.6062126e-05,0.00012334621,0.99948466,d
test_4301.jpg,0.00012336159,0.00015839942,0.00010886623,0.9996094,d
test_4302.jpg,0.22205792,0.7750583,0.0007067617,0.0021769793,b
test_4303.jpg,0.45544583,0.13048741,0.01213722,0.40192953,a
test_4304.jpg,0.00062385295,0.0011655109,0.0027959154,0.99541473,d
test_4305.jpg,0.0007092884,0.00033504414,0.00020321454,0.9987525,d
test_4306.jpg,0.0005524053,0.00029568127,0.9987722,0.00037966226,c
test_4307.jpg,0.00048762548,0.00033513975,0.00013970703,0.9990375,d
test_4308.jpg,0.00023037531,0.00043039775,0.0001397297,0.99919957,d
test_4309.jpg,0.0004872497,0.00033488145,0.0009103022,0.99826753,d
test_4310.jpg,0.13177103,0.8592551,0.006560493,0.0024134708,b
test_4311.jpg,0.0009105613,0.00015823182,0.0003795784,0.99855167,d
test_4312.jpg,0.0004301808,0.00080368354,7.022509e-05,0.9986959,d
test_4313.jpg,0.72662914,0.004895989,0.0011628993,0.26731196,a
test_4314.jpg,0.0035898783,0.00055052567,0.9953738,0.00048583723,c
test_4315.jpg,0.0035881863,0.0007065558,0.0008006326,0.99490464,d
test_4316.jpg,0.0027978562,0.00029489188,0.0008015992,0.99610573,d
test_4317.jpg,0.0002956494,0.9986646,0.00055234577,0.00048744347,b
test_4318.jpg,0.9992107,0.00043040258,0.00017941848,0.00017941848,a
test_4319.jpg,0.0005525389,0.00020326771,0.9990138,0.00023033249,c
test_4320.jpg,0.99927455,0.000261069,0.000261069,0.00020332076,a
test_4321.jpg,0.13948588,0.005408454,0.22997335,0.6251323,d
test_4322.jpg,0.04138074,0.01185578,0.0049422244,0.9418213,d
test_4323.jpg,0.80815303,0.15913475,0.0013767856,0.03133549,a
test_4324.jpg,0.0010307207,0.9975061,0.00029530644,0.0011679594,b
test_4325.jpg,0.00012337924,5.8280228e-05,6.604015e-05,0.99975234,d
test_4326.jpg,0.0024615503,0.0013175729,0.003160693,0.99306023,d
test_4327.jpg,0.0014994717,0.00022995145,0.9973611,0.0009094756,c
test_4328.jpg,0.001031712,0.99846554,0.00037954567,0.00012322044,b
test_4329.jpg,0.9994061,0.00029586893,0.00015836721,0.00013975859,a
test_4330.jpg,0.00029591448,0.00010886085,0.99955994,3.5341942e-05,c
test_4331.jpg,0.995407,0.0031681622,0.00062384806,0.00080103683,a
test_4332.jpg,0.00042998002,0.00091026776,0.9982298,0.00042998002,c
test_4333.jpg,0.007314859,0.9580575,0.028930832,0.005696818,b
test_4334.jpg,0.4988312,0.0015876704,0.4988312,0.00074996235,a
test_4335.jpg,6.603151e-05,0.00010886757,0.00020339139,0.9996216,d
test_4336.jpg,0.9985998,0.00026089273,0.00043013942,0.00070918,a
test_4337.jpg,0.000379509,0.0006257045,0.99836904,0.0006257045,c
test_4338.jpg,0.0013235603,0.000551742,0.99757296,0.000551742,c
test_4339.jpg,0.00070904125,0.00026084168,0.99840444,0.00062572665,c
test_4340.jpg,0.00048778477,9.023111e-05,5.8257578e-05,0.99936384,d
test_4341.jpg,0.7123369,0.23126192,0.0047996882,0.051601514,a
test_4342.jpg,0.99763656,0.0011681123,0.0007084959,0.0004869417,a
test_4343.jpg,0.041221965,0.0010985282,0.9382076,0.019471876,c
test_4344.jpg,0.9778332,0.0031122288,0.0011449249,0.01790964,a
test_4345.jpg,0.0006255933,0.00080327777,0.00037944157,0.99819165,d
test_4346.jpg,0.00037976966,0.0003351455,0.99905473,0.00023034192,c
test_4347.jpg,0.00023044871,0.00020337028,4.830468e-05,0.9995179,d
test_4348.jpg,0.002794819,0.0004856667,0.0016951434,0.9950244,d
test_4349.jpg,0.9141018,0.08502471,0.0006491717,0.00022434775,a
test_4350.jpg,0.9946819,0.004606291,0.00037810742,0.0003336786,a
test_4351.jpg,0.00023045193,0.00017947613,0.99953187,5.826737e-05,c
test_4352.jpg,6.6034685e-05,0.9996697,8.479021e-05,0.00017950089,b
test_4353.jpg,0.0005525638,0.9990588,0.00023034285,0.00015831218,b
test_4354.jpg,0.015826648,0.0040016035,0.97916,0.0010117637,c
test_4355.jpg,0.0012927199,0.0014648435,0.9743284,0.02291401,c
test_4356.jpg,0.0013237887,0.0005518372,0.9977451,0.00037927183,c
test_4357.jpg,4.0055347e-05,0.99975175,8.4797175e-05,0.00012337917,b
test_4358.jpg,0.0002958962,0.00013977147,6.602336e-05,0.99949825,d
test_4359.jpg,0.9996094,0.00015839942,0.00012336159,0.00010886623,a
test_4360.jpg,0.0077448683,0.19974278,0.0025143905,0.789998,d
test_4361.jpg,0.0074490937,0.0011423556,0.9756388,0.015769733,c
test_4362.jpg,0.0027454859,0.01579918,0.9774606,0.003994658,c
test_4363.jpg,0.00010883051,0.00017943115,0.00043043296,0.99928135,d
test_4364.jpg,0.00017948428,0.9995772,0.00015839432,8.4782376e-05,b
test_4365.jpg,0.99876285,0.00080373744,0.00023027461,0.00020321665,a
test_4366.jpg,0.99947745,0.00013976856,0.00017946637,0.00020336204,a
test_4367.jpg,0.0013237211,0.00017914617,0.9976942,0.0008028775,c
test_4368.jpg,0.00080317026,0.00070879527,0.998058,0.00042990607,c
test_4369.jpg,0.015502361,0.8464002,0.12979968,0.008297816,b
test_4370.jpg,0.00013978961,0.00012336389,0.000108868255,0.99962795,d
test_4371.jpg,0.99970585,5.8277517e-05,0.00013980051,9.6083386e-05,a
test_4372.jpg,4.5385637e-05,0.99968517,0.00020340431,6.603571e-05,b
test_4373.jpg,0.6116156,0.0041210335,0.32737428,0.056889113,a
test_4374.jpg,0.00029583578,0.00033522584,7.4799005e-05,0.99929416,d
test_4375.jpg,0.83222514,0.0026487904,0.0012511999,0.16387483,a
test_4376.jpg,0.0024706908,0.00048650787,0.00029508193,0.99674773,d
test_4377.jpg,0.0005523554,0.00013965734,0.0006259007,0.9986821,d
test_4378.jpg,0.9991559,0.000261038,0.00020329661,0.0003798081,a
test_4379.jpg,0.99873286,0.0003796473,0.00055238354,0.00033503753,a
test_4380.jpg,0.004600958,0.0007055797,0.9935302,0.0011633042,c
test_4381.jpg,0.0007086562,0.0011683765,0.9978623,0.00026070004,c
test_4382.jpg,0.9973226,0.00055160356,0.0013232281,0.0008025784,a
test_4383.jpg,0.9992781,0.00026106994,0.00023039342,0.00023039342,a
test_4384.jpg,0.008414914,0.0011388347,0.9726318,0.017814374,c
test_4385.jpg,0.9993525,0.00033524542,0.000108838256,0.00020333663,a
test_4386.jpg,0.000552516,0.00029574052,0.00017937568,0.9989724,d
test_4387.jpg,0.9992004,0.00026104963,0.00020330568,0.00033519437,a
test_4388.jpg,0.99914217,0.0004876766,0.00023036209,0.00013972168,a
test_4389.jpg,0.0005525468,0.0001583073,0.9990281,0.0002610046,c
test_4390.jpg,0.003587501,0.00037811982,0.99471456,0.0013197678,c
test_4391.jpg,0.07359201,0.021084465,0.8965342,0.008789313,c
test_4392.jpg,0.9957208,0.003169161,0.00070713536,0.0004029136,a
test_4393.jpg,8.479665e-05,0.99974555,8.479665e-05,8.479665e-05,b
test_4394.jpg,5.1430263e-05,0.9997162,0.00012337479,0.00010887787,b
test_4395.jpg,5.1435418e-05,0.9998165,6.6044384e-05,6.6044384e-05,b
test_4396.jpg,0.99864835,0.00043016032,0.0002956446,0.0006258795,a
test_4397.jpg,0.9994123,0.00020334878,0.00012333727,0.000261105,a
test_4398.jpg,0.9993185,0.00033523398,0.00011585378,0.00023040273,a
test_4399.jpg,0.9961617,0.0024692381,0.0011663854,0.0002026874,a
test_4400.jpg,0.99897397,0.0003351184,0.0002032596,0.00048759446,a
test_4401.jpg,0.012360967,0.004013018,0.9819532,0.001672875,c
test_4402.jpg,0.00012336428,0.99963117,0.00017949397,6.6032146e-05,b
test_4403.jpg,0.005106329,0.01782284,0.97309405,0.003976813,c
test_4404.jpg,0.0014699093,0.020291472,0.0005407494,0.9776979,d
test_4405.jpg,0.97779834,0.0016657967,0.0065883533,0.013947544,a
test_4406.jpg,0.000552631,0.99918026,0.0001088195,0.00015833143,b
test_4407.jpg,0.00017948887,0.000108865504,0.000108865504,0.99960274,d
test_4408.jpg,0.0016881677,0.0058922837,0.9909298,0.0014898026,c
test_4409.jpg,0.00015834175,0.9992454,0.0002610614,0.00033520948,b
test_4410.jpg,0.9971288,0.00042950577,0.00026050842,0.0021812103,a
test_4411.jpg,0.0004303467,0.000108808694,0.00037977964,0.999081,d
test_4412.jpg,0.99888176,0.0003350875,0.00048754946,0.0002957137,a
test_4413.jpg,0.0065574064,0.017824879,0.002412335,0.9732054,d
test_4414.jpg,0.0011658937,0.00062405795,0.99574184,0.0024681974,c
test_4415.jpg,0.0021667937,0.00062079675,0.99053824,0.0066741942,c
test_4416.jpg,0.00020336488,7.481376e-05,0.99949133,0.00023044259,c
test_4417.jpg,0.0002304741,9.6075906e-05,0.99962807,4.5383047e-05,c
test_4418.jpg,0.0005525059,0.00015829559,0.99895406,0.00033511175,c
test_4419.jpg,0.00029573063,0.00043028552,0.00033510668,0.998939,d
test_4420.jpg,0.00091083645,0.0001396813,9.600146e-05,0.99885345,d
test_4421.jpg,0.0034588156,0.03718577,0.95903367,0.00032171994,c
test_4422.jpg,0.0013235812,0.00037921238,0.000708462,0.99758875,d
test_4423.jpg,0.00010888495,5.143361e-05,5.8281916e-05,0.9997813,d
test_4424.jpg,0.00012337226,8.4792424e-05,9.608241e-05,0.9996958,d
test_4425.jpg,0.3176466,0.0024252615,0.007470332,0.6724578,d
test_4426.jpg,0.0009106828,0.00029565542,0.000108765555,0.99868494,d
test_4427.jpg,0.1636231,0.0049409894,0.0004892242,0.8309467,d
test_4428.jpg,0.00010886012,0.99955326,0.00017947999,0.00015839054,b
test_4429.jpg,0.00012335289,0.00015838825,0.0001794774,0.9995389,d
test_4430.jpg,0.00048758558,0.0002957356,0.00026098572,0.9989557,d
test_4431.jpg,4.0058043e-05,0.9998191,7.4838295e-05,6.604455e-05,b
test_4432.jpg,0.59093034,0.40614012,0.00146477,0.00146477,a
test_4433.jpg,0.12505546,0.63508403,0.23363438,0.006226145,b
test_4434.jpg,0.0002959003,9.606476e-05,0.9995121,9.606476e-05,c
test_4435.jpg,0.0027972192,0.00029482474,0.0010290394,0.99587893,d
test_4436.jpg,0.004563205,0.0096603045,0.00039872836,0.9853778,d
test_4437.jpg,0.00037972786,0.00037972786,0.9989448,0.00029573234,c
test_4438.jpg,0.9943439,0.004604726,0.0006231818,0.0004283062,a
test_4439.jpg,0.00012330932,0.99918574,0.0002033027,0.00048769783,b
test_4440.jpg,0.9952685,0.0027955046,0.0010284086,0.00090756745,a
test_4441.jpg,0.0009093423,0.0007081965,0.9972149,0.0011676187,c
test_4442.jpg,0.025803179,0.9682571,0.0044839205,0.0014557157,b
test_4443.jpg,0.0016975305,0.00037877023,0.99642557,0.0014980652,c
test_4444.jpg,0.1986704,0.0143916365,0.7857567,0.0011813374,c
test_4445.jpg,0.00020335501,0.00023043141,0.9994429,0.00012334104,c
test_4446.jpg,0.99579334,0.0013211991,0.00070718693,0.0021782892,a
test_4447.jpg,0.00048514988,0.99396557,0.0052158525,0.00033343828,b
test_4448.jpg,0.0005524813,0.00015828853,0.00037971447,0.9989096,d
test_4449.jpg,0.99963343,0.00015840323,0.00012336456,8.478714e-05,a
test_4450.jpg,0.0010286159,0.00033394268,0.9954691,0.00316836,c
test_4451.jpg,0.87139773,0.0040353723,0.020493312,0.10407362,a
test_4452.jpg,0.00017946446,0.000123344,0.00023043693,0.99946684,d
test_4453.jpg,0.018405309,0.19787572,0.0011053247,0.78261364,d
test_4454.jpg,0.99862516,0.00033500142,0.00055232394,0.00048742423,a
test_4455.jpg,0.005692302,0.8448125,0.002688853,0.14680639,b
test_4456.jpg,0.0015000937,0.00042978406,0.00029538598,0.9977748,d
test_4457.jpg,0.0013981968,0.0673689,0.0012339044,0.92999893,d
test_4458.jpg,0.720096,0.23378095,0.035851467,0.010271617,a
test_4459.jpg,0.9993598,0.00017944524,0.00023041225,0.00023041225,a
test_4460.jpg,0.05089727,0.7961673,0.13835312,0.014582313,b
test_4461.jpg,0.0004876766,0.00023036209,0.00013972168,0.99914217,d
test_4462.jpg,0.00026106616,0.00029582676,0.000179428,0.9992637,d
test_4463.jpg,0.0010315701,0.00037949346,0.99832815,0.00026082175,c
test_4464.jpg,0.9896762,0.00048305627,0.00013839794,0.009702444,a
test_4465.jpg,0.008543775,0.0027737578,0.9875261,0.0011562742,c
test_4466.jpg,0.004064703,0.0009069577,0.0004284165,0.99459994,d
test_4467.jpg,0.00012338007,5.143247e-05,6.604059e-05,0.99975914,d
test_4468.jpg,0.0001088746,9.6081494e-05,0.0001088746,0.99968624,d
test_4469.jpg,0.9985556,0.00017930084,9.597283e-05,0.0011691884,a
test_4470.jpg,0.9985916,0.000625844,0.0005523054,0.00023023515,a
test_4471.jpg,0.0056184325,0.73586947,0.23890184,0.019610256,b
test_4472.jpg,0.0016984462,0.9969631,0.0004294344,0.0009091127,b
test_4473.jpg,0.0001233489,0.00023044608,0.00013977262,0.9995065,d
test_4474.jpg,0.0003780953,0.0040649073,0.0009070035,0.99465007,d
test_4475.jpg,0.005888578,0.0027815676,0.9903066,0.0010232815,c
test_4476.jpg,0.006767267,0.001037794,0.8863371,0.10585787,c
test_4477.jpg,0.00070895714,0.00037947742,0.99828595,0.00062565244,c
test_4478.jpg,0.0027625936,0.9835513,0.0013049566,0.012381084,b
test_4479.jpg,0.99839157,0.0006257186,0.00017927139,0.00080343866,a
test_4480.jpg,0.0013212501,0.0024684202,0.9958318,0.0003785445,c
test_4481.jpg,0.0059782225,0.05005505,0.056719795,0.8872469,d
test_4482.jpg,0.00037986948,0.00012332556,0.9993174,0.00017943763,c
test_4483.jpg,0.00048648877,0.0003343585,0.99670863,0.002470594,c
test_4484.jpg,0.55519915,0.0008885423,0.43238956,0.01152279,a
test_4485.jpg,0.0075303027,0.005175497,0.0010191157,0.9862751,d
test_4486.jpg,0.000797612,0.0075675314,0.99115103,0.00048377615,c
test_4487.jpg,0.9994318,0.00015837129,0.00017945818,0.00023042886,a
test_4488.jpg,0.999521,0.0001794742,0.00020337092,9.606562e-05,a
test_4489.jpg,0.0007083371,0.00037914555,0.0014995497,0.997413,d
test_4490.jpg,0.019628882,0.3070474,0.09968369,0.57364005,d
test_4491.jpg,0.00023041849,0.0001794501,0.9993868,0.0002033436,c
test_4492.jpg,0.000909876,0.00048702155,0.9978002,0.00080296275,c
test_4493.jpg,0.000108808694,0.999081,0.0004303467,0.00037977964,b
test_4494.jpg,0.0013241073,0.00026073217,0.99798524,0.0004298747,c
test_4495.jpg,0.000909199,0.0016986076,0.00033447563,0.9970578,d
test_4496.jpg,0.9995871,9.607197e-05,0.0001583959,0.0001583959,a
test_4497.jpg,0.9950812,0.0016952401,0.0027949784,0.0004286238,a
test_4498.jpg,0.00070883473,0.00055204105,0.99811363,0.0006255444,c
test_4499.jpg,0.03062755,0.789895,0.1762494,0.0032281203,b
test_4500.jpg,0.9991598,0.00043038063,0.00023036615,0.00017940934,a
test_4501.jpg,0.00023043405,0.9994543,8.477195e-05,0.00023043405,b
test_4502.jpg,9.607555e-05,0.9996244,0.0001397891,0.0001397891,b
test_4503.jpg,0.99928206,0.0003352218,0.00020332228,0.00017943128,a
test_4504.jpg,5.1429524e-05,0.9997018,0.000123373,0.000123373,b
test_4505.jpg,0.0006246996,0.00042934937,0.002180416,0.9967656,d
test_4506.jpg,0.0010319209,0.00023025266,7.02231e-05,0.9986676,d
test_4507.jpg,0.998223,0.00048722792,0.0003794535,0.0009102616,a
test_4508.jpg,0.0019245445,0.00033443567,0.9969387,0.0008022695,c
test_4509.jpg,0.9974166,0.00055165554,0.0013233528,0.00070833974,a
test_4510.jpg,0.00012334285,0.9994574,0.00029588412,0.00012334285,b
test_4511.jpg,0.9990945,0.0001793976,0.00029577667,0.0004303525,a
test_4512.jpg,0.9577271,0.032771617,0.0064531146,0.0030482356,a
test_4513.jpg,5.143427e-05,0.00012338438,3.119646e-05,0.99979407,d
test_4514.jpg,0.99957186,0.00010886215,0.00013978177,0.00017948332,a
test_4515.jpg,0.00029570246,0.9988438,0.00043024452,0.00043024452,b
test_4516.jpg,0.00043030243,0.99897826,0.00029574227,0.00029574227,b
test_4517.jpg,0.00023038796,0.00043042138,8.4754996e-05,0.9992544,d
test_4518.jpg,0.0021596255,0.009678771,0.0009002659,0.9872614,d
test_4519.jpg,0.98463434,0.004559762,0.009653016,0.0011528883,a
test_4520.jpg,0.07430054,0.01878612,0.9051659,0.0017473813,c
test_4521.jpg,0.00037988301,0.00015835879,0.00010883831,0.999353,d
test_4522.jpg,0.0001794147,0.9991897,0.0003351908,0.00029580484,b
test_4523.jpg,0.99625176,0.0027982662,0.00014830267,0.00080171664,a
test_4524.jpg,0.9924563,0.0040559424,0.0021709895,0.0013167716,a
test_4525.jpg,0.37241432,0.021010177,0.5418596,0.06471591,c
test_4526.jpg,0.00023001598,0.0002029884,0.0019259003,0.9976411,d
test_4527.jpg,0.00070886273,0.00033484303,0.00080324674,0.99815303,d
test_4528.jpg,0.0002957527,0.00020326764,0.9990134,0.00048761375,c
test_4529.jpg,0.029257301,0.0014566352,0.00041733298,0.96886873,d
test_4530.jpg,0.024541609,0.05195459,0.9209171,0.0025866667,c
test_4531.jpg,0.99833065,0.0003794944,0.0009103597,0.0003794944,a
test_4532.jpg,0.00055257406,0.0001397126,0.9990773,0.00023034713,c
test_4533.jpg,0.00033512645,0.00017938025,0.99899787,0.00048760613,c
test_4534.jpg,0.0022297823,0.08367196,0.0145400055,0.8995583,d
test_4535.jpg,0.9851332,0.010943842,0.0014810878,0.002441901,a
test_4536.jpg,0.00012336929,0.9996717,0.00010887302,9.60801e-05,b
test_4537.jpg,0.00020337639,0.00010885954,0.00013977842,0.9995479,d
test_4538.jpg,0.002796066,0.0010286152,0.00070695614,0.9954684,d
test_4539.jpg,0.049652237,0.53381187,0.09276259,0.32377326,b
test_4540.jpg,0.0019257877,0.0004297013,6.190434e-05,0.9975827,d
test_4541.jpg,6.6029475e-05,0.9995908,0.00020338512,0.00013978442,b
test_4542.jpg,0.00033506544,0.00013967606,0.0007093335,0.998816,d
test_4543.jpg,0.008526834,0.0031368472,0.98556805,0.0027682579,c
test_4544.jpg,0.999617,0.00015840062,0.00013978808,8.4785745e-05,a
test_4545.jpg,0.98693246,0.0007942171,0.0013094427,0.01096383,a
test_4546.jpg,0.0322761,0.94324595,0.0072017713,0.017276153,b
test_4547.jpg,0.00020329257,0.99913603,0.00023036066,0.0004303704,b
test_4548.jpg,0.9997459,0.0001398061,4.83157e-05,6.603972e-05,a
test_4549.jpg,0.004269312,0.0010794512,0.4354817,0.55916953,d
test_4550.jpg,0.0003349797,0.0005522882,0.9985605,0.0005522882,c
test_4551.jpg,0.0011686619,0.00042992667,0.9981059,0.000295484,c
test_4552.jpg,0.00048751992,0.00026095056,0.0004302348,0.9988212,d
test_4553.jpg,0.44827807,0.21175158,0.100024365,0.23994598,a
test_4554.jpg,0.074864276,0.0061452338,0.43081415,0.48817638,d
test_4555.jpg,0.9997851,5.1433806e-05,4.0056682e-05,0.00012338329,a
test_4556.jpg,0.99935013,0.00015835834,0.00023041003,0.00026108875,a
test_4557.jpg,0.018831741,0.0017516249,0.17867059,0.800746,d
test_4558.jpg,0.7002838,0.0017358301,0.006058642,0.2919217,a
test_4559.jpg,0.07487282,0.7103735,0.13988084,0.07487282,b
test_4560.jpg,0.00043029457,0.00017937346,0.99896,0.00043029457,c
test_4561.jpg,0.00037985566,0.999281,0.00010883046,0.00023039409,b
test_4562.jpg,0.9995141,0.00011587646,0.00010885586,0.0002611316,a
test_4563.jpg,0.0002611205,0.00010885123,0.9994716,0.00015837759,c
test_4564.jpg,0.9994197,0.0002611069,0.00013976048,0.000179456,a
test_4565.jpg,8.47984e-05,0.00010888331,4.0055926e-05,0.9997662,d
test_4566.jpg,0.9995388,0.00015838823,0.00012335287,0.00017947739,a
test_4567.jpg,0.99964964,0.00017949729,9.607798e-05,7.482561e-05,a
test_4568.jpg,0.002173835,0.0031629112,0.0009061892,0.9937571,d
test_4569.jpg,0.00037975243,0.9990094,0.00012328755,0.00048761177,b
test_4570.jpg,0.00037975973,0.0002957572,0.9990287,0.0002957572,c
test_4571.jpg,0.005085677,0.40400535,0.5878243,0.0030846188,c
test_4572.jpg,0.0007088622,0.00042994667,0.9981523,0.0007088622,c
test_4573.jpg,0.34653822,0.0033973411,0.6474186,0.0026458518,c
test_4574.jpg,0.017974127,0.0005427716,0.00012891956,0.9813541,d
test_4575.jpg,0.00033520468,0.00023038259,0.9992311,0.00020331192,c
test_4576.jpg,0.9992705,0.00029582877,0.00023039167,0.00020331994,a
test_4577.jpg,4.005509e-05,0.9997453,7.483277e-05,0.00013980603,b
test_4578.jpg,0.9995435,0.00015838898,0.00015838898,0.0001397778,a
test_4579.jpg,0.0049395976,0.01724089,0.94132066,0.03649896,c
test_4580.jpg,0.0021791072,0.0010293373,0.99616724,0.0006243246,c
test_4581.jpg,0.0016889215,0.0066798134,0.00025900445,0.9913722,d
test_4582.jpg,0.0010186981,0.012410283,0.9858709,0.00070014026,c
test_4583.jpg,0.0045959996,0.00048441478,0.9924595,0.002460061,c
test_4584.jpg,0.00020329129,0.00048767048,0.00017940393,0.9991297,d
test_4585.jpg,0.00026087396,0.998528,0.0010317767,0.0001792959,b
test_4586.jpg,0.00010876323,0.0011693148,5.8216763e-05,0.99866366,d
test_4587.jpg,0.00013978759,0.00012336212,0.9996136,0.00012336212,c
test_4588.jpg,0.29273197,0.0036849517,0.7022275,0.001355618,c
test_4589.jpg,0.022661414,0.002243784,0.66226363,0.3128312,c
test_4590.jpg,0.99844825,0.0008034843,0.00026085315,0.00048733788,a
test_4591.jpg,0.01594248,0.8704299,0.103958026,0.009669604,b
test_4592.jpg,0.96748245,0.015637897,0.0030792847,0.013800396,a
test_4593.jpg,0.11802745,0.0013111664,0.00854988,0.87211144,d
test_4594.jpg,0.99917966,0.0001794129,0.00037981715,0.00026104422,a
test_4595.jpg,0.9961932,0.00042910277,0.0009084106,0.0024693161,a
test_4596.jpg,9.6051845e-05,0.9993777,0.0002304164,0.00029586055,b
test_4597.jpg,0.0035541852,0.98547703,0.0013075116,0.009661277,b
test_4598.jpg,0.0045987642,0.00042775166,0.9930565,0.00191705,c
test_4599.jpg,0.0002958214,0.00033520957,0.0001233167,0.99924564,d
test_4600.jpg,0.9993382,0.00023040728,5.1410818e-05,0.00037987743,a
test_4601.jpg,8.480424e-05,4.0058683e-05,4.0058683e-05,0.999835,d
test_4602.jpg,0.0031709806,0.00037871962,0.00015787382,0.9962924,d
test_4603.jpg,0.00043041166,0.00017942226,0.0001583396,0.9992318,d
test_4604.jpg,0.99959487,0.0001233598,0.0001233598,0.00015839712,a
test_4605.jpg,0.013866478,0.6681243,0.3155996,0.0024096326,b
test_4606.jpg,0.16535495,0.3966659,0.27262422,0.16535495,b
test_4607.jpg,0.00029581648,0.00029581648,0.99922895,0.00017942175,c
test_4608.jpg,0.00012332479,0.00023040103,0.9993111,0.0003352315,c
test_4609.jpg,0.0007092972,0.00029567908,0.9987649,0.00023027508,c
test_4610.jpg,9.60899e-05,4.5389657e-05,8.479904e-05,0.9997737,d
test_4611.jpg,0.002901732,0.013004661,0.17952381,0.8045699,d
test_4612.jpg,3.3210752e-05,0.99986315,4.5393717e-05,5.8286685e-05,b
test_4613.jpg,0.99617815,0.00055097055,0.0024692789,0.00080165744,a
test_4614.jpg,0.26144204,0.008946054,0.7106731,0.018938795,c
test_4615.jpg,0.9893532,0.0005471958,0.00040033698,0.009699278,a
test_4616.jpg,0.9978573,0.00080300873,0.00090992806,0.00042981957,a
test_4617.jpg,0.00012336212,0.00012336212,0.9996136,0.00013978759,c
test_4618.jpg,0.99311864,0.00191717,0.004058649,0.000905607,a
test_4619.jpg,7.482284e-05,5.1424933e-05,0.0002611573,0.9996126,d
test_4620.jpg,0.00048773305,0.00015834373,0.99925786,9.604033e-05,c
test_4621.jpg,0.00062614854,0.00023034718,6.599558e-05,0.99907756,d
test_4622.jpg,0.9986155,0.00070919114,0.0003796027,0.00029563488,a
test_4623.jpg,0.00029588182,9.605876e-05,0.9994497,0.00015837411,c
test_4624.jpg,0.9702791,0.0024050814,0.025857061,0.0014587556,a
test_4625.jpg,0.00029587615,0.0002033525,7.027674e-05,0.9994305,d
test_4626.jpg,0.9993525,0.00020333663,0.000108838256,0.00033524542,a
test_4627.jpg,0.94587725,0.008183442,0.041558947,0.004380281,a
test_4628.jpg,5.1432024e-05,0.99975044,7.483316e-05,0.00012337901,b
test_4629.jpg,0.0021645203,0.0058837757,0.989499,0.0024527228,c
test_4630.jpg,0.00010887953,0.9997315,8.479546e-05,7.483174e-05,b
test_4631.jpg,0.99975306,9.608792e-05,8.4797284e-05,6.604019e-05,a
test_4632.jpg,6.6048015e-05,3.1198877e-05,3.1198877e-05,0.9998715,d
test_4633.jpg,0.0002609855,0.9989549,7.477361e-05,0.0007094322,b
test_4634.jpg,5.1422634e-05,0.9995679,8.478158e-05,0.00029591683,b
test_4635.jpg,0.037175998,0.95878166,0.003051592,0.0009907068,b
test_4636.jpg,0.16315825,0.828586,0.0063263318,0.0019294223,b
test_4637.jpg,4.004835e-05,0.9995771,0.00020338233,0.00017948427,b
test_4638.jpg,0.012550954,0.105087854,0.8798898,0.0024714295,c
test_4639.jpg,0.0003729232,0.9810439,0.017968446,0.00061484636,b
test_4640.jpg,0.99871254,0.00033503072,0.00014866899,0.0008036969,a
test_4641.jpg,0.99966204,0.00013979437,7.482654e-05,0.0001233681,a
test_4642.jpg,0.9983353,0.00043002548,0.00020312965,0.0010315775,a
test_4643.jpg,0.9995065,0.00013977262,0.0001233489,0.00023044608,a
test_4644.jpg,0.3464162,0.0029970875,0.64719063,0.0033961448,c
test_4645.jpg,0.0005525028,0.00029573345,0.9989485,0.00020325443,c
test_4646.jpg,0.49818107,0.49818107,0.0026142143,0.001023741,a
test_4647.jpg,0.00070909585,0.99848133,0.00037955167,0.00043008837,b
test_4648.jpg,0.99771667,0.0006252956,0.0001580995,0.0015000063,a
test_4649.jpg,0.00023032,0.99895966,0.00043029443,0.0003797335,b
test_4650.jpg,0.00029588182,0.00015837411,9.605876e-05,0.9994497,d
test_4651.jpg,0.9981583,0.0005520657,0.00037942888,0.00091020257,a
test_4652.jpg,0.40619624,0.029424757,0.04281277,0.5215663,d
test_4653.jpg,9.607173e-05,0.9995846,0.0001794856,0.00013978354,b
test_4654.jpg,0.9997223,0.00012337553,4.5387325e-05,0.000108878536,a
test_4655.jpg,0.00020329242,0.9991353,0.0005526061,0.0001088146,b
test_4656.jpg,0.06552172,0.22869325,0.15717843,0.5486066,d
test_4657.jpg,0.9951298,0.00090744096,0.0024666802,0.0014961171,a
test_4658.jpg,0.00026114305,8.478074e-05,9.606916e-05,0.9995579,d
test_4659.jpg,0.0008035818,0.00013964158,0.00048739702,0.99856937,d
test_4660.jpg,0.0019239859,0.0008020366,0.9966493,0.0006246267,c
test_4661.jpg,0.0006259801,0.00023028521,0.99880874,0.000335063,c
test_4662.jpg,0.004598905,0.0016918427,0.9930869,0.000622394,c
test_4663.jpg,0.008101773,0.002630261,0.9364377,0.052830204,c
test_4664.jpg,0.00033376884,0.9949509,0.001920707,0.0027946124,b
test_4665.jpg,0.00015839681,0.99959296,0.00013978471,0.00010886444,b
test_4666.jpg,0.004370427,0.032293327,0.94374937,0.019586893,c
test_4667.jpg,0.012407816,0.9856749,0.0010184955,0.0008988192,b
test_4668.jpg,0.0011663218,0.0010292755,0.9961074,0.0016969885,c
test_4669.jpg,0.9996393,0.0002304767,8.4787636e-05,4.5383553e-05,a
test_4670.jpg,0.00020329129,0.9991297,0.00048767048,0.00017940393,b
test_4671.jpg,0.00033446838,0.9970362,0.00015799167,0.0024714058,b
test_4672.jpg,0.0002957253,0.99892104,0.0002957253,0.0004875686,b
test_4673.jpg,0.00037944576,0.000708898,0.9982027,0.000708898,c
test_4674.jpg,0.9976793,0.0010308996,0.0008028654,0.00048696253,a
test_4675.jpg,0.010622804,0.0784925,0.7447161,0.16616863,c
test_4676.jpg,0.99432594,0.0027928571,0.00070614484,0.0021750792,a
test_4677.jpg,0.99694794,0.0008022769,0.0016984204,0.0005513963,a
test_4678.jpg,0.00087671104,0.0372787,0.00041412897,0.9614304,d
test_4679.jpg,0.00055140996,0.99697256,0.0002951485,0.0021808688,b
test_4680.jpg,0.0003795519,0.00033495337,0.9984819,0.00080351136,c
test_4681.jpg,0.0011685638,0.0004298906,0.9980222,0.00037937713,c
test_4682.jpg,0.9997094,0.00010887713,5.8277725e-05,0.00012337395,a
test_4683.jpg,0.002175754,0.0014953723,0.9946344,0.0016944789,c
test_4684.jpg,0.9969754,0.0013227675,0.0013227675,0.00037897925,a
test_4685.jpg,0.00023039967,0.00026107702,0.99930525,0.00020332701,c
test_4686.jpg,0.4875785,0.014723595,0.4875785,0.010119369,a
test_4687.jpg,0.99903476,0.0006261217,0.0002303373,0.00010880365,a
test_4688.jpg,0.00020339787,8.478884e-05,5.827446e-05,0.99965346,d
test_4689.jpg,0.00029572786,0.99892956,0.00014870129,0.0006260558,b
test_4690.jpg,0.9966697,0.0014984322,0.0010298564,0.000802053,a
test_4691.jpg,0.00023020915,0.99847883,0.0004873528,0.00080350885,b
test_4692.jpg,0.0014872794,0.98925143,0.00070254103,0.008558702,b
test_4693.jpg,0.00013976521,0.9994535,0.00020335718,0.00020335718,b
test_4694.jpg,0.98361963,0.012381944,0.00045101225,0.0035474864,a
test_4695.jpg,0.99859506,0.00048740953,0.00043013738,0.00048740953,a
test_4696.jpg,5.8276408e-05,0.99968684,0.00020340465,5.142875e-05,b
test_4697.jpg,0.0009025243,0.98973805,0.008562912,0.00079647487,b
test_4698.jpg,0.9983518,0.0007090039,0.00023017985,0.0007090039,a
test_4699.jpg,0.0013233528,0.00055165554,0.9974166,0.00070833974,c
test_4700.jpg,0.99954456,8.4779604e-05,0.00029590994,7.481775e-05,a
test_4701.jpg,0.99721164,0.001499247,0.0004867343,0.0008024891,a
test_4702.jpg,0.00033521978,0.00015834661,0.9992761,0.00023039295,c
test_4703.jpg,0.0031153702,0.009596015,0.97882015,0.008468454,c
test_4704.jpg,0.00020340795,0.999703,3.5347002e-05,5.827735e-05,b
test_4705.jpg,4.539214e-05,7.483899e-05,5.1436033e-05,0.99982834,d
test_4706.jpg,0.00026108458,0.99933416,0.00029584763,0.00010883626,b
test_4707.jpg,0.9747934,0.017853964,0.00078444846,0.0065681064,a
test_4708.jpg,0.006584659,0.97725004,0.006584659,0.009580623,b
test_4709.jpg,0.99922407,0.00048771655,0.00017942088,0.00010882427,a
test_4710.jpg,0.000709195,0.000335,0.99862087,0.000335,c
test_4711.jpg,0.00017935541,0.9988595,0.00062601187,0.00033508003,b
test_4712.jpg,0.0004299275,0.0005520378,0.0009101565,0.9981078,d
test_4713.jpg,0.96861535,0.02924965,0.0011341319,0.0010008679,a
test_4714.jpg,0.2874547,0.0067602866,0.689568,0.016217085,c
test_4715.jpg,0.0051747947,0.0011546527,0.007529281,0.9861413,d
test_4716.jpg,0.0020099445,0.8108695,0.18092945,0.0061910646,b
test_4717.jpg,0.58500093,0.4020649,0.009455659,0.0034785424,a
test_4718.jpg,0.0009106828,0.00029565542,0.000108765555,0.99868494,d
test_4719.jpg,0.0007093164,0.0002956871,0.00020322255,0.9987919,d
test_4720.jpg,0.99328434,0.0011630163,0.004059326,0.0014933426,a
test_4721.jpg,0.00015834373,9.604033e-05,0.00048773305,0.99925786,d
test_4722.jpg,0.0010304364,0.0007082079,0.99723095,0.0010304364,c
test_4723.jpg,0.99850345,0.0006257887,0.0006257887,0.00024506243,a
test_4724.jpg,0.99929464,0.00023039724,0.000335226,0.000139743,a
test_4725.jpg,0.00048770808,0.9992067,0.000102229154,0.00020330696,b
test_4726.jpg,0.2995145,0.021696756,0.3393944,0.3393944,c
test_4727.jpg,0.00043011198,0.0009105471,0.00012322914,0.9985361,d
test_4728.jpg,0.99954337,0.00015838897,0.00013977778,0.00015838897,a
test_4729.jpg,0.0021805926,0.9968464,0.00048655603,0.00048655603,b
test_4730.jpg,0.99974734,9.6087366e-05,0.00012337862,3.3206903e-05,a
test_4731.jpg,0.00015836979,0.00029587376,0.99942243,0.00012333853,c
test_4732.jpg,0.00023042438,9.605518e-05,0.9994124,0.00026110501,c
test_4733.jpg,0.0005526022,0.00013971973,0.00017940367,0.9991283,d
test_4734.jpg,0.12759136,0.036555536,0.83200014,0.0038529253,c
test_4735.jpg,9.6076736e-05,0.99963665,0.0001088692,0.00015840374,b
test_4736.jpg,0.001499474,0.9973627,0.00042960653,0.00070830144,b
test_4737.jpg,0.00017948628,0.00010886394,0.000123359,0.9995883,d
test_4738.jpg,0.1618996,0.0026168635,0.013289529,0.82219404,d
test_4739.jpg,0.0002951268,0.99689937,0.0006247834,0.0021807086,b
test_4740.jpg,0.00010887163,0.99965894,0.00010887163,0.00012336772,b
test_4741.jpg,0.0002033491,0.0002033491,0.00017945495,0.99941385,d
test_4742.jpg,4.539347e-05,5.1437542e-05,4.539347e-05,0.99985766,d
test_4743.jpg,0.99487513,0.0010280021,0.0021762806,0.0019205608,a
test_4744.jpg,0.0005522425,0.0007090934,0.00026086086,0.9984779,d
test_4745.jpg,0.0005479299,0.005198614,0.0035729518,0.9906805,d
test_4746.jpg,0.18025686,0.8078551,0.008974461,0.0029135807,b
test_4747.jpg,0.00090954104,0.0014995796,0.9974329,0.00015805454,c
test_4748.jpg,0.002171212,0.0035797236,0.9925581,0.0016909419,c
test_4749.jpg,0.00033507732,0.0005524491,0.00026095848,0.9988514,d
test_4750.jpg,0.00029583852,0.00013974421,0.00026107652,0.99930334,d
test_4751.jpg,0.000230455,6.602646e-05,0.99954516,0.00015838924,c
test_4752.jpg,0.9988519,0.00048753488,0.000430248,0.00023029516,a
test_4753.jpg,0.00015828043,0.99885845,0.00017935522,0.0008038144,b
test_4754.jpg,0.0010288832,0.001321112,0.0019222068,0.9957278,d
test_4755.jpg,0.9988348,0.00020323129,0.00015827667,0.00080379535,a
test_4756.jpg,0.00010888858,4.5391513e-05,3.1197098e-05,0.99981457,d
test_4757.jpg,0.9971642,0.0016987888,0.00033451134,0.000802451,a
test_4758.jpg,0.0034657524,0.8480416,0.001125165,0.14736752,b
test_4759.jpg,0.0024673701,0.0016957972,0.9954081,0.00042876464,c
test_4760.jpg,0.9972541,0.0021814844,0.00022992677,0.00033454146,a
test_4761.jpg,0.0009089081,0.0010299277,0.99673873,0.0013224534,c
test_4762.jpg,0.00033523416,8.476047e-05,0.99931896,0.0002610806,c
test_4763.jpg,0.9980952,0.00070882164,0.00070882164,0.00048716555,a
test_4764.jpg,0.99878067,0.00048750013,0.00055240997,0.00017934125,a
test_4765.jpg,0.00017947803,7.481758e-05,0.99954236,0.00020337525,c
test_4766.jpg,0.0007091611,0.9985732,0.00048739885,0.0002302309,b
test_4767.jpg,0.99890244,0.00023030682,0.00048755956,0.00037971177,a
test_4768.jpg,0.0006258248,0.99856097,0.00026088257,0.00055228843,b
test_4769.jpg,0.00048773742,0.00017942855,6.600808e-05,0.9992668,d
test_4770.jpg,0.000800427,0.0040649036,0.9946491,0.00048548353,c
test_4771.jpg,6.603245e-05,0.9996358,0.0001584036,0.0001397907,b
test_4772.jpg,0.0024595193,0.0045949873,0.9922409,0.0007046641,c
test_4773.jpg,0.00017945963,0.9994399,8.477073e-05,0.00029587894,b
test_4774.jpg,0.0005522015,0.00033492717,0.99840385,0.00070904085,c
test_4775.jpg,0.006628181,0.001151805,0.9837092,0.008510753,c
test_4776.jpg,0.99925,0.00037984387,0.00013973676,0.00023038694,a
test_4777.jpg,0.00023040517,0.00017943972,0.00026108325,0.9993291,d
test_4778.jpg,0.0003351183,0.00043030042,0.9989736,0.00026099037,c
test_4779.jpg,0.067765005,0.05277544,0.23652314,0.64293647,d
test_4780.jpg,0.0019216032,0.0021774617,0.00048585742,0.9954151,d
test_4781.jpg,0.0011677156,0.0009094179,0.9972978,0.0006250331,c
test_4782.jpg,0.3703872,0.3703872,0.0046624867,0.25456315,a
test_4783.jpg,0.9994505,0.00010884893,0.00026111497,0.00017946154,a
test_4784.jpg,0.0066787107,0.0007976583,0.99120855,0.0013151161,c
test_4785.jpg,8.478872e-05,0.999652,0.00013979297,0.00012336686,b
test_4786.jpg,0.99805164,0.00048714428,0.0010312843,0.0004299033,a
test_4787.jpg,0.001323366,0.99742645,0.0006251138,0.0006251138,b
test_4788.jpg,0.00080363144,0.99863106,0.00023024424,0.0003350034,b
test_4789.jpg,0.99863976,0.00026090315,0.0008036384,0.00029564206,a
test_4790.jpg,3.1198488e-05,0.999859,5.8286445e-05,5.1437608e-05,b
test_4791.jpg,9.607672e-05,0.00010886919,0.00015840372,0.99963653,d
test_4792.jpg,0.998961,0.00048758814,0.00033511408,0.0002163659,a
test_4793.jpg,0.0019225292,0.0016966262,0.9958948,0.00048609154,c
test_4794.jpg,0.8648951,0.13263597,0.00057701225,0.0018919504,a
test_4795.jpg,0.00010882331,0.99921525,0.00055265037,0.00012331296,b
test_4796.jpg,8.478194e-05,0.9995721,0.0002033813,0.0001397818,b
test_4797.jpg,0.0003351737,0.00029578977,0.9991387,0.00023036129,c
test_4798.jpg,0.07579261,0.0007430446,0.0001212987,0.923343,d
test_4799.jpg,0.00048743948,0.9986564,0.00062588457,0.00023025008,b
test_4800.jpg,0.04718157,0.9476672,0.0007626191,0.0043885703,b
test_4801.jpg,0.00017934754,0.99881566,0.0007093333,0.00029569413,b
test_4802.jpg,0.0002304285,0.99943024,0.000108846725,0.0002304285,b
test_4803.jpg,0.00020333324,0.9993358,0.00023040673,0.00023040673,b
test_4804.jpg,0.0003350525,0.99877745,0.0003350525,0.00055240816,b
test_4805.jpg,0.0010284086,0.00090756745,0.0027955046,0.9952685,d
test_4806.jpg,0.0010308328,0.0008028134,0.9976146,0.000551765,c
test_4807.jpg,0.0029947876,0.0092245955,0.04684636,0.9409343,d
test_4808.jpg,0.9995784,0.00015839451,0.00013978269,0.00012335778,a
test_4809.jpg,0.00012312474,0.9976902,0.00026065507,0.0019259952,b
test_4810.jpg,0.00015833623,0.9992106,0.00029581104,0.0003351978,b
test_4811.jpg,0.0035556392,0.0008990064,0.9858802,0.009665229,c
test_4812.jpg,7.482531e-05,0.9996456,0.00013979207,0.00013979207,b
test_4813.jpg,0.00062618876,0.00012330388,0.0001088153,0.9991417,d
test_4814.jpg,0.9995235,0.00020337143,4.2628963e-05,0.00023045001,a
test_4815.jpg,0.012107331,0.022619473,0.9618044,0.0034688085,c
test_4816.jpg,0.9990941,0.00029577655,0.000230351,0.00037978461,a
test_4817.jpg,0.00080355443,0.9985354,0.000108749264,0.0005522743,b
test_4818.jpg,0.21582921,0.0050758165,0.75331795,0.025777122,c
test_4819.jpg,0.9985361,0.0009105471,0.00043011198,0.00012322914,a
test_4820.jpg,0.00035479496,0.9935504,0.0014937427,0.0046010516,b
test_4821.jpg,0.99947196,0.00029588843,0.00012334464,0.000108851265,a
test_4822.jpg,0.0002033479,0.00015836749,0.00023042333,0.9994079,d
test_4823.jpg,7.483553e-05,0.99978215,8.479975e-05,5.8281963e-05,b
test_4824.jpg,0.0006250999,0.9974044,0.0008026443,0.0011678404,b
test_4825.jpg,0.72483474,0.0150434645,0.02480248,0.23531938,a
test_4826.jpg,0.00043007405,0.001031694,9.014842e-05,0.998448,d
test_4827.jpg,0.49603966,0.0070756255,0.00084506307,0.49603966,a
test_4828.jpg,0.0018702578,0.9688175,0.006527841,0.022784404,b
test_4829.jpg,0.999785,0.00010888536,4.005668e-05,6.60423e-05,a
test_4830.jpg,0.00055221526,0.00091044913,0.000108737644,0.99842864,d
test_4831.jpg,0.9991868,0.00017941419,0.00020330292,0.00043039228,a
test_4832.jpg,0.0019171461,0.0045989947,0.9931063,0.00037750846,c
test_4833.jpg,0.0014966535,0.99548656,0.0013207921,0.0016959308,b
test_4834.jpg,0.00033527106,0.00013976177,9.605677e-05,0.9994289,d
test_4835.jpg,0.041973446,0.95531124,0.0018441846,0.0008711311,b
test_4836.jpg,0.0016985794,0.00022987771,0.0010302404,0.9970413,d
test_4837.jpg,0.00033489554,0.0008033726,0.0005521494,0.9983095,d
test_4838.jpg,0.00091070274,0.9987068,0.00020320524,0.000179328,b
test_4839.jpg,0.00026104963,0.00020330568,0.00033519437,0.9992004,d
test_4840.jpg,0.0005524216,0.00015827143,0.9988017,0.0004875104,c
test_4841.jpg,0.99881566,0.0007093333,0.00029569413,0.00017934754,a
test_4842.jpg,0.00010885523,0.9995084,0.00020336834,0.00017947193,b
test_4843.jpg,0.0007063626,0.9946326,0.0014953696,0.0031656977,b
test_4844.jpg,0.36795634,0.020758677,0.32472032,0.28656468,a
test_4845.jpg,0.00037983846,0.00012331549,0.99923575,0.00026105886,c
test_4846.jpg,0.001696756,0.0011661621,0.9959709,0.0011661621,c
test_4847.jpg,0.00029538598,0.001699829,0.9977748,0.00023004682,c
test_4848.jpg,0.00033525683,0.00020334356,0.99938655,7.480592e-05,c
test_4849.jpg,0.99958867,0.00023046503,8.478334e-05,9.6072115e-05,a
test_4850.jpg,0.0002958476,0.00023040632,0.99933404,0.0001397485,c
test_4851.jpg,0.00048765723,0.9991026,0.00017939905,0.00023035295,b
test_4852.jpg,0.99940133,0.0002958675,0.0001794527,0.00012333592,a
test_4853.jpg,0.5982186,0.28257847,0.038242836,0.08096009,a
test_4854.jpg,0.0004303704,0.99913603,0.00023036066,0.00020329257,b
test_4855.jpg,0.0002610936,0.00013975335,0.00023041431,0.9993687,d
test_4856.jpg,0.0010310159,0.00055186305,0.99779177,0.0006253427,c
test_4857.jpg,0.0011685048,0.00042986893,0.00042986893,0.99797183,d
test_4858.jpg,0.9993772,0.00020334164,0.00026109582,0.00015836263,a
test_4859.jpg,0.9998242,6.604489e-05,5.1435818e-05,5.8284415e-05,a
test_4860.jpg,0.99840385,0.0005522015,0.00070904085,0.00033492717,a
test_4861.jpg,7.481758e-05,0.99954236,0.00020337525,0.00017947803,b
test_4862.jpg,0.0002957614,0.00055255496,0.00010880453,0.9990428,d
test_4863.jpg,0.0011691155,0.00017928968,0.0001582226,0.99849343,d
test_4864.jpg,0.00033508762,0.0005524661,0.00023030212,0.9988821,d
test_4865.jpg,0.0008034755,0.00037953496,0.99843735,0.00037953496,c
test_4866.jpg,0.0005526589,0.00015833942,5.8249818e-05,0.99923074,d
test_4867.jpg,0.989626,0.009701952,0.00048303176,0.00018915793,a
test_4868.jpg,0.00026103455,0.00033517502,0.99914265,0.00026103455,c
test_4869.jpg,0.0003348186,0.00026075696,0.0013242331,0.99808013,d
test_4870.jpg,0.002099981,0.037223052,0.000681764,0.9599952,d
test_4871.jpg,0.0016881677,0.0058922837,0.9909298,0.0014898026,c
test_4872.jpg,0.9987472,0.00043020293,0.00033504236,0.0004874838,a
test_4873.jpg,0.0008031351,0.00037937416,0.99801433,0.0008031351,c
test_4874.jpg,5.143247e-05,0.99975914,0.00012338007,6.604059e-05,b
test_4875.jpg,0.9995449,8.477963e-05,0.00023045494,0.000139778,a
test_4876.jpg,0.0012968055,0.97740775,0.02028545,0.0010099531,b
test_4877.jpg,0.0004877015,0.00013972881,0.99919325,0.00017941534,c
test_4878.jpg,0.0013229264,0.0005514778,0.0010302961,0.9970952,d
test_4879.jpg,0.00015840173,0.00010886782,0.9996239,0.00010886782,c
test_4880.jpg,0.00037978461,0.00029577655,0.9990941,0.000230351,c
test_4881.jpg,0.9987569,0.00048748852,0.00020321543,0.0005523968,a
test_4882.jpg,0.00090690603,0.004064471,0.9945432,0.00048543184,c
test_4883.jpg,0.9965887,0.00042927315,0.002180029,0.00080198783,a
test_4884.jpg,0.00033527042,0.00017945732,5.8261263e-05,0.9994271,d
test_4885.jpg,0.9996854,0.00013979764,5.1428677e-05,0.00012337098,a
test_4886.jpg,0.00020212671,0.99340606,0.0004848768,0.0059070084,b
test_4887.jpg,0.00017949118,9.6074706e-05,0.00010886691,0.99961555,d
test_4888.jpg,0.00026105993,0.0002958197,0.9992398,0.00020331368,c
test_4889.jpg,0.00091016357,0.00048717548,0.99811554,0.00048717548,c
test_4890.jpg,0.0006261358,0.00015831193,0.99905723,0.00015831193,c
test_4891.jpg,0.0013114578,0.000546697,0.98845136,0.009690437,c
test_4892.jpg,0.00062219513,0.0059032235,0.99276954,0.00070503954,c
test_4893.jpg,0.0058695413,0.0058695413,0.98710513,0.0011557812,c
test_4894.jpg,0.0003352096,0.00029582146,0.00012331671,0.99924576,d
test_4895.jpg,0.00015841231,6.6036075e-05,8.4792e-05,0.9996908,d
test_4896.jpg,4.538887e-05,0.9997564,0.00012337974,7.48336e-05,b
test_4897.jpg,0.49922585,0.00096373266,0.0005845334,0.49922585,a
test_4898.jpg,0.0005526483,0.00013973138,0.99921155,9.6035874e-05,c
test_4899.jpg,0.9969548,0.001167314,0.0003789714,0.0014988609,a
test_4900.jpg,0.00055243185,0.00013967666,0.99882025,0.00048751946,c
test_4901.jpg,0.00062599697,0.99883574,0.00033507205,0.00020323148,b
test_4902.jpg,0.0075642993,0.9907278,0.00054795604,0.0011600229,b
test_4903.jpg,0.0051893704,0.0013120783,0.98891896,0.0045796037,c
test_4904.jpg,0.001167314,0.0003789714,0.0014988609,0.9969548,d
test_4905.jpg,0.00043021943,0.00015826887,0.00062596553,0.99878556,d
test_4906.jpg,0.17928709,0.0042164284,0.012987513,0.803509,d
test_4907.jpg,5.1434003e-05,0.99978894,7.483604e-05,8.4800326e-05,b
test_4908.jpg,0.00037910143,0.99729687,0.0006250325,0.0016990148,b
test_4909.jpg,0.00026095848,0.9988514,0.00033507732,0.0005524491,b
test_4910.jpg,4.0051742e-05,0.9996618,0.00015840773,0.00013979434,b
test_4911.jpg,0.9367272,0.009183351,0.05284654,0.0012428313,a
test_4912.jpg,0.00015838603,0.00015838603,0.00015838603,0.99952483,d
test_4913.jpg,0.9998215,7.483847e-05,5.8284255e-05,4.5391826e-05,a
test_4914.jpg,0.00012332584,0.9993197,0.00029584335,0.0002610808,b
test_4915.jpg,0.00013979342,0.00010887123,9.607852e-05,0.99965525,d
test_4916.jpg,0.00012335189,0.00026113592,8.4778425e-05,0.9995307,d
test_4917.jpg,0.000430242,0.00017935155,0.998838,0.0005524417,c
test_4918.jpg,0.0033499312,0.49717388,0.49717388,0.002302372,b
test_4919.jpg,0.00023040517,0.9993291,0.00026108325,0.00017943972,b
test_4920.jpg,0.0023495005,0.032433853,0.01736059,0.9478561,d
test_4921.jpg,0.001029712,0.00026035195,0.99653,0.0021799004,c
test_4922.jpg,0.000203164,0.99850416,0.001031752,0.00026086773,b
test_4923.jpg,0.99906105,0.00037977204,0.00037977204,0.0001793916,a
test_4924.jpg,0.0004302663,0.00029571741,0.9988944,0.00037970868,c
test_4925.jpg,0.0009105084,0.00033495732,0.000260865,0.9984937,d
test_4926.jpg,0.0002033999,7.482665e-05,5.8275044e-05,0.9996635,d
test_4927.jpg,0.999503,9.6063886e-05,0.0002611287,0.00013977214,a
test_4928.jpg,0.9985084,0.00023021596,0.0005522594,0.0007091151,a
test_4929.jpg,0.000619631,0.0040405025,0.006661662,0.9886783,d
test_4930.jpg,5.8278474e-05,0.9997223,0.00012337553,9.6084965e-05,b
test_4931.jpg,0.0007052954,0.9931299,0.00025946368,0.005905366,b
test_4932.jpg,0.00017949885,6.6033936e-05,9.607882e-05,0.99965835,d
test_4933.jpg,0.00043046335,0.00010883818,0.00010883818,0.9993518,d
test_4934.jpg,0.0018920801,0.015842192,0.98012173,0.0021440077,c
test_4935.jpg,4.0059564e-05,0.99985695,5.1437502e-05,5.1437502e-05,b
test_4936.jpg,0.968627,0.00186989,0.00025306205,0.029250002,a
test_4937.jpg,0.9988438,0.00029570246,0.00043024452,0.00043024452,a
test_4938.jpg,0.00090013153,0.010965847,0.0010199826,0.9871141,d
test_4939.jpg,0.9989724,0.000552516,0.00017937568,0.00029574052,a
test_4940.jpg,0.0011692478,0.00013964674,8.470003e-05,0.9986064,d
test_4941.jpg,0.00043040304,0.00029581142,6.2005434e-05,0.9992118,d
test_4942.jpg,0.0049494626,0.032274548,0.9432006,0.019575503,c
test_4943.jpg,0.0024522268,0.0007025747,0.5295335,0.46731165,c
test_4944.jpg,0.040937226,0.0055402513,0.56512094,0.3884016,c
test_4945.jpg,0.0014995129,0.00048682062,0.99738854,0.00062509,c
test_4946.jpg,0.7729194,0.17246164,0.00520789,0.049411085,a
test_4947.jpg,0.009300359,0.099988274,0.05351986,0.8371915,d
test_4948.jpg,0.0031137005,0.13239792,0.8633429,0.0011454665,c
test_4949.jpg,0.00012333799,0.99941814,0.00033526742,0.00012333799,b
test_4950.jpg,0.0006254984,0.0007087826,0.0006254984,0.99804026,d
test_4951.jpg,0.0008036535,0.99865854,0.00037961904,0.00015824875,b
test_4952.jpg,0.00029571637,0.00055247085,0.00026096875,0.9988908,d
test_4953.jpg,0.00020340011,6.603434e-05,6.603434e-05,0.99966455,d
test_4954.jpg,0.001031616,0.9983726,0.0003349167,0.00026083336,b
test_4955.jpg,0.0004877288,0.00013973664,0.00012331715,0.99924916,d
test_4956.jpg,7.4810676e-05,0.99945015,0.00013976474,0.00033527816,b
test_4957.jpg,0.98488957,0.0035520666,0.00061725656,0.010941136,a
test_4958.jpg,0.06658369,0.0011456357,0.9191595,0.013111105,c
test_4959.jpg,0.99884075,0.00091082486,0.00010878252,0.00013967953,a
test_4960.jpg,0.000709195,0.000335,0.000335,0.99862087,d
test_4961.jpg,0.9724097,0.0011385747,0.0005378246,0.02591384,a
test_4962.jpg,0.00048731416,0.0006257237,0.9983997,0.00048731416,c
test_4963.jpg,5.827676e-05,4.5385987e-05,0.00020340589,0.9996929,d
test_4964.jpg,0.1457017,0.8384555,0.011959924,0.0038828196,b
test_4965.jpg,0.00084382267,0.00031042504,0.18221496,0.8166308,d
test_4966.jpg,0.00037987076,0.00020333016,9.6046366e-05,0.99932075,d
test_4967.jpg,0.0040622684,0.0010271022,0.9940043,0.0009064146,c
test_4968.jpg,0.00012336414,0.00012336414,0.00012336414,0.99963,d
test_4969.jpg,0.0010309869,0.00029538272,0.99776375,0.0009098428,c
test_4970.jpg,0.0030783669,0.02577485,0.96719414,0.003952701,c
test_4971.jpg,0.0013238745,0.00048702626,0.9978098,0.00037929643,c
test_4972.jpg,0.0002033027,0.00012330932,0.00048769783,0.99918574,d
test_4973.jpg,0.9264562,0.004861596,0.027976554,0.040705647,a
test_4974.jpg,6.602566e-05,0.99953306,0.00013977634,0.00026113653,b
test_4975.jpg,0.076202475,0.56306434,0.30138662,0.05934654,b
test_4976.jpg,0.00062600727,0.00026095865,0.99885213,0.00026095865,c
test_4977.jpg,0.017724238,0.009487102,0.9677106,0.005078079,c
test_4978.jpg,0.0001397764,0.99953353,0.00020337345,0.00012335223,b
test_4979.jpg,0.0002957979,0.00015832917,0.99916613,0.00037981197,c
test_4980.jpg,0.9991053,0.00043035715,0.00026102478,0.00020328633,a
test_4981.jpg,0.000260939,0.0008037488,0.00015826752,0.998777,d
test_4982.jpg,0.0003350785,0.998855,0.00037969372,0.00043024935,b
test_4983.jpg,0.00061133463,0.9754406,0.0010079205,0.022940166,b
test_4984.jpg,0.5207642,0.0057851677,0.013877896,0.45957276,a
test_4985.jpg,7.48153e-05,3.3199085e-05,0.00037994346,0.99951196,d
test_4986.jpg,0.00033528663,6.602185e-05,0.00012334506,0.9994754,d
test_4987.jpg,0.00033521443,0.0001088282,0.9992601,0.0002958257,c
test_4988.jpg,0.00033516967,0.000379797,0.99912673,0.00015832295,c
test_4989.jpg,0.0058818413,0.0040425267,0.0009020096,0.98917365,d
test_4990.jpg,0.00010881906,0.9991762,0.00037981584,0.00033518628,b
test_4991.jpg,0.01587384,0.0016730906,0.00037331696,0.98207974,d
test_4992.jpg,0.00026114233,7.481854e-05,0.9995552,0.00010886033,c
test_4993.jpg,0.00055117585,0.00042925618,0.99654925,0.0024701988,c
test_4994.jpg,0.1767107,0.012800878,0.48034942,0.330139,c
test_4995.jpg,0.0035874401,0.9946977,0.0011646713,0.00055015174,b
test_4996.jpg,0.00010881784,0.99916506,0.00029579757,0.00043038288,b
test_4997.jpg,0.99503326,0.004066474,0.0006236139,0.000276727,a
test_4998.jpg,0.039722253,0.035054762,0.5483488,0.37687424,c
test_4999.jpg,0.99776804,0.0015000835,0.00024488193,0.00048700586,a
test_5000.jpg,0.00037990118,0.00012333585,9.605406e-05,0.99940073,d
test_5001.jpg,0.028527118,0.9446884,0.00160939,0.025175093,b
test_5002.jpg,0.0009103138,0.0004300018,0.9982803,0.00037947524,c
test_5003.jpg,0.9994222,0.00015836976,0.00015836976,0.00026110758,a
test_5004.jpg,0.00033526676,0.00013975998,0.9994161,0.00010884518,c
test_5005.jpg,0.9996364,0.00023047604,5.827347e-05,7.4824624e-05,a
test_5006.jpg,0.00023041225,0.9993598,0.00023041225,0.00017944524,b
test_5007.jpg,9.609267e-05,3.535052e-05,6.604346e-05,0.99980253,d
test_5008.jpg,0.0002957916,0.9991449,0.00017940666,0.00037980394,b
test_5009.jpg,0.00026070036,0.9978635,0.0005519027,0.0013239457,b
test_5010.jpg,0.00026079753,0.99823546,0.00017924336,0.0013244393,b
test_5011.jpg,0.9998678,5.1438063e-05,4.539393e-05,3.5352827e-05,a
test_5012.jpg,0.0033408655,0.6366563,0.019225353,0.34077758,b
test_5013.jpg,0.0009099847,0.9979194,0.00026071497,0.0009099847,b
test_5014.jpg,0.0021785707,0.0016966728,0.00020263865,0.9959221,d
test_5015.jpg,0.0027982423,0.00062437216,0.00033420237,0.99624324,d
test_5016.jpg,0.00020328633,0.9991053,0.00043035715,0.00026102478,b
test_5017.jpg,0.00080350897,0.00023020916,0.00048735287,0.99847895,d
test_5018.jpg,0.00023029184,0.99883753,0.0003796871,0.0005524414,b
test_5019.jpg,0.0052173305,0.00015754973,0.9942472,0.00037794217,c
test_5020.jpg,0.9943488,0.0027929214,0.0011642628,0.0016939925,a
test_5021.jpg,0.052443452,0.1258053,0.0013975708,0.8203536,d
test_5022.jpg,0.0010269885,0.003584542,0.0014942595,0.99389416,d
test_5023.jpg,0.019489447,0.019489447,0.5695651,0.391456,c
test_5024.jpg,0.00023045237,0.00013977643,9.606684e-05,0.9995338,d
test_5025.jpg,0.00020329862,0.00033518276,0.00029579777,0.9991658,d
test_5026.jpg,0.008560583,0.0014876062,0.9894688,0.00048295507,c
test_5027.jpg,0.0013753807,0.13179274,0.0074352375,0.8593966,d
test_5028.jpg,0.0011679594,0.9975061,0.00029530644,0.0010307207,b
test_5029.jpg,0.0013108357,0.0010208798,0.0096858395,0.9879824,d
test_5030.jpg,4.0053725e-05,0.9997112,0.00013980125,0.00010887733,b
test_5031.jpg,0.00043028122,0.99892896,0.00026097873,0.00037972184,b
test_5032.jpg,0.0006250325,0.99729687,0.00037910143,0.0016990148,b
test_5033.jpg,0.9992878,0.00033522368,0.00026107245,0.00011585021,a
test_5034.jpg,0.00010887721,8.4793646e-05,9.608379e-05,0.99971014,d
test_5035.jpg,8.479824e-05,0.99976426,6.6040935e-05,8.479824e-05,b
test_5036.jpg,0.0052150614,0.9938148,0.0004850763,0.0004850763,b
test_5037.jpg,0.0002605832,0.99741507,0.0006251066,0.0016992162,b
test_5038.jpg,0.9988821,0.00033508762,0.0005524661,0.00023030212,a
test_5039.jpg,0.98013353,0.001300422,0.0006142758,0.017951772,a
test_5040.jpg,0.0031551013,0.0014903642,0.9913033,0.0040512304,c
test_5041.jpg,0.6214889,0.3769521,0.0010587809,0.0005001327,a
test_5042.jpg,0.21309732,0.5792585,0.12925005,0.078394115,b
test_5043.jpg,0.012410283,0.9858709,0.0010186981,0.00070014026,b
test_5044.jpg,0.0021678815,0.0009037074,0.99103546,0.0058929124,c
test_5045.jpg,0.015842553,0.0008937757,0.9801441,0.0031195837,c
test_5046.jpg,0.0016654097,0.008457648,0.9775711,0.0123058045,c
test_5047.jpg,5.1428622e-05,0.99968433,8.4791456e-05,0.00017950352,b
test_5048.jpg,0.93964666,0.0029906894,0.05301124,0.004351428,a
test_5049.jpg,0.0002611069,0.00013976048,0.9994197,0.000179456,c
test_5050.jpg,0.00020339139,0.9996216,6.603151e-05,0.00010886757,b
test_5051.jpg,0.053442273,0.022278054,0.7377478,0.18653186,c
test_5052.jpg,0.0001794711,0.00015838268,0.99950373,0.00015838268,c
test_5053.jpg,0.00023047763,7.482514e-05,0.9996433,5.1426512e-05,c
test_5054.jpg,0.99652714,0.00279904,0.00037880882,0.00029501662,a
test_5055.jpg,0.0004301434,0.9986091,0.00033499603,0.00062585494,b
test_5056.jpg,0.015711384,0.010798267,0.972029,0.0014613864,c
test_5057.jpg,7.482095e-05,0.99958736,0.00015839592,0.0001794861,b
test_5058.jpg,0.000910681,0.00020320038,0.00020320038,0.9986829,d
test_5059.jpg,0.017892905,0.0035233218,0.9769195,0.0016642995,c
test_5060.jpg,0.00020297269,0.99756384,0.0009096605,0.0013235481,b
test_5061.jpg,0.62112063,0.011376222,0.03504123,0.33246192,a
test_5062.jpg,0.000261115,0.00017946155,0.000108848944,0.9994506,d
test_5063.jpg,0.0018246069,0.64960504,0.0008618832,0.34770852,b
test_5064.jpg,0.00033478686,0.9979856,0.0015004106,0.0001791985,b
test_5065.jpg,0.005898145,0.0011614136,0.9919155,0.001024944,c
test_5066.jpg,0.00048773584,0.00010882857,0.00013973865,0.9992636,d
test_5067.jpg,0.0016973481,0.0014979042,0.99631846,0.00048629835,c
test_5068.jpg,0.0005505844,0.0031683946,0.0008010956,0.99547994,d
test_5069.jpg,0.00037984387,0.00023038694,0.99925,0.00013973676,c
test_5070.jpg,0.00043026608,0.0005524726,0.00012327329,0.9988939,d
test_5071.jpg,0.00023023668,0.0009106038,0.00026089232,0.9985983,d
test_5072.jpg,0.00012333393,0.9993851,0.0002610979,0.0002304181,b
test_5073.jpg,0.00015840757,9.607904e-05,0.99966073,8.4789455e-05,c
test_5074.jpg,0.99946326,0.00017946382,0.00026111832,9.606007e-05,a
